observation_id,company_id,company_name_at_time,fiscal_year,fiscal_quarter,period_start,period_end,calendar_quarter_bucket,publication_date,metric_name_exact,metric_category,reported_value,reported_currency,reported_units,value_local_currency,source_id,source_grade,source_url,source_page_table,reported_or_derived,derivation_formula,definition_notes,includes_finance_leases,includes_lease_principal,includes_intangibles,includes_acquisitions,superseded,conflict_flag,notes
OBS-ALPHABET-00001,alphabet,Google Inc.,FY2008,H1 (6M YTD),2008-01-01,2008-06-30,2008-Q2,2009-08-04,Purchases of property and equipment,cash_purchases_of_ppe,"(1,539,114)",USD,thousands,1539114000,SRC-IQ16-GOOGLE-0001193125-09-163845,A,https://www.sec.gov/Archives/edgar/data/1288776/000119312509163845/d10q.htm,10-Q consolidated statements of cash flows,REPORTED,,Cash paid for property and equipment as printed in the cash-flow statement (investing).,NO,NO,NO,NO,FALSE,FALSE,XBRL tag us-gaap:PaymentsToAcquirePropertyPlantAndEquipment; text check PASS.
OBS-ALPHABET-00002,alphabet,Google Inc.,FY2008,9M YTD,2008-01-01,2008-09-30,2008-Q3,2009-11-04,Purchases of property and equipment,cash_purchases_of_ppe,"(1,990,617)",USD,thousands,1990617000,SRC-IQ16-GOOGLE-0001193125-09-222384,A,https://www.sec.gov/Archives/edgar/data/1288776/000119312509222384/d10q.htm,10-Q consolidated statements of cash flows,REPORTED,,Cash paid for property and equipment as printed in the cash-flow statement (investing).,NO,NO,NO,NO,FALSE,FALSE,XBRL tag us-gaap:PaymentsToAcquirePropertyPlantAndEquipment; text check PASS.
OBS-ALPHABET-00003,alphabet,Google Inc.,FY2008,FY,2008-01-01,2008-12-31,2008-Q4,2010-02-12,Purchases of property and equipment,cash_purchases_of_ppe,"(2,358,461)",USD,thousands,2358461000,SRC-IQ16-GOOGLE-0001193125-10-030774,A,https://www.sec.gov/Archives/edgar/data/1288776/000119312510030774/d10k.htm,10-K consolidated statements of cash flows,REPORTED,,Cash paid for property and equipment as printed in the cash-flow statement (investing).,NO,NO,NO,NO,TRUE,TRUE,XBRL tag us-gaap:PaymentsToAcquirePropertyPlantAndEquipment; text check PASS. Re-presented with a different value by a later filing (see next observation and file I).
OBS-ALPHABET-00004,alphabet,Google Inc.,FY2008,FY,2008-01-01,2008-12-31,2008-Q4,2011-02-11,Purchases of property and equipment,cash_purchases_of_ppe,"(2,359)",USD,millions,2359000000,SRC-GOOG-002,A,https://www.sec.gov/Archives/edgar/data/1288776/000119312511032930/d10k.htm,10-K consolidated statements of cash flows,REPORTED,,Cash paid for property and equipment as printed in the cash-flow statement (investing).,NO,NO,NO,NO,FALSE,TRUE,XBRL tag us-gaap:PaymentsToAcquirePropertyPlantAndEquipment; text check PASS.
OBS-ALPHABET-00005,alphabet,Google Inc.,FY2009,Q1,2009-01-01,2009-03-31,2009-Q1,2010-05-05,Purchases of property and equipment,cash_purchases_of_ppe,(263),USD,millions,263000000,SRC-IQ16-GOOGLE-0001193125-10-108704,A,https://www.sec.gov/Archives/edgar/data/1288776/000119312510108704/d10q.htm,10-Q consolidated statements of cash flows,REPORTED,,Cash paid for property and equipment as printed in the cash-flow statement (investing).,NO,NO,NO,NO,FALSE,FALSE,XBRL tag us-gaap:PaymentsToAcquirePropertyPlantAndEquipment; text check PASS.
OBS-ALPHABET-00006,alphabet,Google Inc.,FY2009,H1 (6M YTD),2009-01-01,2009-06-30,2009-Q2,2009-08-04,Purchases of property and equipment,cash_purchases_of_ppe,"(402,192)",USD,thousands,402192000,SRC-IQ16-GOOGLE-0001193125-09-163845,A,https://www.sec.gov/Archives/edgar/data/1288776/000119312509163845/d10q.htm,10-Q consolidated statements of cash flows,REPORTED,,Cash paid for property and equipment as printed in the cash-flow statement (investing).,NO,NO,NO,NO,TRUE,TRUE,XBRL tag us-gaap:PaymentsToAcquirePropertyPlantAndEquipment; text check PASS. Re-presented with a different value by a later filing (see next observation and file I).
OBS-ALPHABET-00007,alphabet,Google Inc.,FY2009,H1 (6M YTD),2009-01-01,2009-06-30,2009-Q2,2010-07-30,Purchases of property and equipment,cash_purchases_of_ppe,(402),USD,millions,402000000,SRC-IQ16-GOOGLE-0001193125-10-172387,A,https://www.sec.gov/Archives/edgar/data/1288776/000119312510172387/d10q.htm,10-Q consolidated statements of cash flows,REPORTED,,Cash paid for property and equipment as printed in the cash-flow statement (investing).,NO,NO,NO,NO,FALSE,TRUE,XBRL tag us-gaap:PaymentsToAcquirePropertyPlantAndEquipment; text check PASS.
OBS-ALPHABET-00008,alphabet,Google Inc.,FY2009,9M YTD,2009-01-01,2009-09-30,2009-Q3,2009-11-04,Purchases of property and equipment,cash_purchases_of_ppe,"(588,531)",USD,thousands,588531000,SRC-IQ16-GOOGLE-0001193125-09-222384,A,https://www.sec.gov/Archives/edgar/data/1288776/000119312509222384/d10q.htm,10-Q consolidated statements of cash flows,REPORTED,,Cash paid for property and equipment as printed in the cash-flow statement (investing).,NO,NO,NO,NO,TRUE,TRUE,XBRL tag us-gaap:PaymentsToAcquirePropertyPlantAndEquipment; text check PASS. Re-presented with a different value by a later filing (see next observation and file I).
OBS-ALPHABET-00009,alphabet,Google Inc.,FY2009,9M YTD,2009-01-01,2009-09-30,2009-Q3,2010-10-29,Purchases of property and equipment,cash_purchases_of_ppe,(589),USD,millions,589000000,SRC-IQ16-GOOGLE-0001193125-10-241317,A,https://www.sec.gov/Archives/edgar/data/1288776/000119312510241317/d10q.htm,10-Q consolidated statements of cash flows,REPORTED,,Cash paid for property and equipment as printed in the cash-flow statement (investing).,NO,NO,NO,NO,FALSE,TRUE,XBRL tag us-gaap:PaymentsToAcquirePropertyPlantAndEquipment; text check PASS.
OBS-ALPHABET-00010,alphabet,Google Inc.,FY2009,FY,2009-01-01,2009-12-31,2009-Q4,2010-02-12,Purchases of property and equipment,cash_purchases_of_ppe,"(809,888)",USD,thousands,809888000,SRC-IQ16-GOOGLE-0001193125-10-030774,A,https://www.sec.gov/Archives/edgar/data/1288776/000119312510030774/d10k.htm,10-K consolidated statements of cash flows,REPORTED,,Cash paid for property and equipment as printed in the cash-flow statement (investing).,NO,NO,NO,NO,TRUE,TRUE,XBRL tag us-gaap:PaymentsToAcquirePropertyPlantAndEquipment; text check PASS. Re-presented with a different value by a later filing (see next observation and file I).
OBS-ALPHABET-00011,alphabet,Google Inc.,FY2009,FY,2009-01-01,2009-12-31,2009-Q4,2011-02-11,Purchases of property and equipment,cash_purchases_of_ppe,(810),USD,millions,810000000,SRC-GOOG-002,A,https://www.sec.gov/Archives/edgar/data/1288776/000119312511032930/d10k.htm,10-K consolidated statements of cash flows,REPORTED,,Cash paid for property and equipment as printed in the cash-flow statement (investing).,NO,NO,NO,NO,FALSE,TRUE,XBRL tag us-gaap:PaymentsToAcquirePropertyPlantAndEquipment; text check PASS. Same value also printed in 1 later filing(s).
OBS-ALPHABET-00012,alphabet,Google Inc.,FY2010,Q1,2010-01-01,2010-03-31,2010-Q1,2010-05-05,Purchases of property and equipment,cash_purchases_of_ppe,(239),USD,millions,239000000,SRC-IQ16-GOOGLE-0001193125-10-108704,A,https://www.sec.gov/Archives/edgar/data/1288776/000119312510108704/d10q.htm,10-Q consolidated statements of cash flows,REPORTED,,Cash paid for property and equipment as printed in the cash-flow statement (investing).,NO,NO,NO,NO,FALSE,FALSE,XBRL tag us-gaap:PaymentsToAcquirePropertyPlantAndEquipment; text check PASS. Same value also printed in 1 later filing(s).
OBS-ALPHABET-00013,alphabet,Google Inc.,FY2010,H1 (6M YTD),2010-01-01,2010-06-30,2010-Q2,2010-07-30,Purchases of property and equipment,cash_purchases_of_ppe,(715),USD,millions,715000000,SRC-IQ16-GOOGLE-0001193125-10-172387,A,https://www.sec.gov/Archives/edgar/data/1288776/000119312510172387/d10q.htm,10-Q consolidated statements of cash flows,REPORTED,,Cash paid for property and equipment as printed in the cash-flow statement (investing).,NO,NO,NO,NO,FALSE,FALSE,XBRL tag us-gaap:PaymentsToAcquirePropertyPlantAndEquipment; text check PASS. Same value also printed in 1 later filing(s).
OBS-ALPHABET-00014,alphabet,Google Inc.,FY2010,9M YTD,2010-01-01,2010-09-30,2010-Q3,2010-10-29,Purchases of property and equipment,cash_purchases_of_ppe,"(1,473)",USD,millions,1473000000,SRC-IQ16-GOOGLE-0001193125-10-241317,A,https://www.sec.gov/Archives/edgar/data/1288776/000119312510241317/d10q.htm,10-Q consolidated statements of cash flows,REPORTED,,Cash paid for property and equipment as printed in the cash-flow statement (investing).,NO,NO,NO,NO,FALSE,FALSE,XBRL tag us-gaap:PaymentsToAcquirePropertyPlantAndEquipment; text check PASS. Same value also printed in 1 later filing(s).
OBS-ALPHABET-00015,alphabet,Google Inc.,FY2010,FY,2010-01-01,2010-12-31,2010-Q4,2011-02-11,Purchases of property and equipment,cash_purchases_of_ppe,"(4,018)",USD,millions,4018000000,SRC-GOOG-002,A,https://www.sec.gov/Archives/edgar/data/1288776/000119312511032930/d10k.htm,10-K consolidated statements of cash flows,REPORTED,,Cash paid for property and equipment as printed in the cash-flow statement (investing).,NO,NO,NO,NO,FALSE,FALSE,XBRL tag us-gaap:PaymentsToAcquirePropertyPlantAndEquipment; text check PASS. Same value also printed in 2 later filing(s).
OBS-ALPHABET-00016,alphabet,Google Inc.,FY2011,Q1,2011-01-01,2011-03-31,2011-Q1,2011-05-10,Purchases of property and equipment,cash_purchases_of_ppe,(890),USD,millions,890000000,SRC-IQ16-GOOGLE-0001193125-11-134428,A,https://www.sec.gov/Archives/edgar/data/1288776/000119312511134428/d10q.htm,10-Q consolidated statements of cash flows,REPORTED,,Cash paid for property and equipment as printed in the cash-flow statement (investing).,NO,NO,NO,NO,FALSE,FALSE,XBRL tag us-gaap:PaymentsToAcquirePropertyPlantAndEquipment; text check PASS. Same value also printed in 1 later filing(s).
OBS-ALPHABET-00017,alphabet,Google Inc.,FY2011,H1 (6M YTD),2011-01-01,2011-06-30,2011-Q2,2011-07-27,Purchases of property and equipment,cash_purchases_of_ppe,"(1,807)",USD,millions,1807000000,SRC-IQ16-GOOGLE-0001193125-11-199078,A,https://www.sec.gov/Archives/edgar/data/1288776/000119312511199078/d10q.htm,10-Q consolidated statements of cash flows,REPORTED,,Cash paid for property and equipment as printed in the cash-flow statement (investing).,NO,NO,NO,NO,FALSE,FALSE,XBRL tag us-gaap:PaymentsToAcquirePropertyPlantAndEquipment; text check PASS. Same value also printed in 1 later filing(s).
OBS-ALPHABET-00018,alphabet,Google Inc.,FY2011,9M YTD,2011-01-01,2011-09-30,2011-Q3,2011-10-26,Purchases of property and equipment,cash_purchases_of_ppe,"(2,487)",USD,millions,2487000000,SRC-IQ16-GOOGLE-0001193125-11-282235,A,https://www.sec.gov/Archives/edgar/data/1288776/000119312511282235/d228523d10q.htm,10-Q consolidated statements of cash flows,REPORTED,,Cash paid for property and equipment as printed in the cash-flow statement (investing).,NO,NO,NO,NO,FALSE,FALSE,XBRL tag us-gaap:PaymentsToAcquirePropertyPlantAndEquipment; text check PASS. Same value also printed in 1 later filing(s).
OBS-ALPHABET-00019,alphabet,Google Inc.,FY2011,FY,2011-01-01,2011-12-31,2011-Q4,2012-01-26,Purchases of property and equipment,cash_purchases_of_ppe,"(3,438)",USD,millions,3438000000,SRC-IQ16-GOOGLE-0001193125-12-025336,A,https://www.sec.gov/Archives/edgar/data/1288776/000119312512025336/d260164d10k.htm,10-K consolidated statements of cash flows,REPORTED,,Cash paid for property and equipment as printed in the cash-flow statement (investing).,NO,NO,NO,NO,FALSE,FALSE,XBRL tag us-gaap:PaymentsToAcquirePropertyPlantAndEquipment; text check PASS. Same value also printed in 2 later filing(s).
OBS-ALPHABET-00020,alphabet,Google Inc.,FY2012,Q1,2012-01-01,2012-03-31,2012-Q1,2012-04-25,Purchases of property and equipment,cash_purchases_of_ppe,(607),USD,millions,607000000,SRC-IQ16-GOOGLE-0001193125-12-182401,A,https://www.sec.gov/Archives/edgar/data/1288776/000119312512182401/d307179d10q.htm,10-Q consolidated statements of cash flows,REPORTED,,Cash paid for property and equipment as printed in the cash-flow statement (investing).,NO,NO,NO,NO,FALSE,FALSE,XBRL tag us-gaap:PaymentsToAcquirePropertyPlantAndEquipment; text check PASS. Same value also printed in 1 later filing(s).
OBS-ALPHABET-00021,alphabet,Google Inc.,FY2012,H1 (6M YTD),2012-01-01,2012-06-30,2012-Q2,2012-07-24,Purchases of property and equipment,cash_purchases_of_ppe,"(1,381)",USD,millions,1381000000,SRC-IQ16-GOOGLE-0001193125-12-312575,A,https://www.sec.gov/Archives/edgar/data/1288776/000119312512312575/d357361d10q.htm,10-Q consolidated statements of cash flows,REPORTED,,Cash paid for property and equipment as printed in the cash-flow statement (investing).,NO,NO,NO,NO,FALSE,FALSE,XBRL tag us-gaap:PaymentsToAcquirePropertyPlantAndEquipment; text check PASS. Same value also printed in 1 later filing(s).
OBS-ALPHABET-00022,alphabet,Google Inc.,FY2012,9M YTD,2012-01-01,2012-09-30,2012-Q3,2012-10-30,Purchases of property and equipment,cash_purchases_of_ppe,"(2,253)",USD,millions,2253000000,SRC-IQ16-GOOGLE-0001193125-12-440217,A,https://www.sec.gov/Archives/edgar/data/1288776/000119312512440217/d400524d10q.htm,10-Q consolidated statements of cash flows,REPORTED,,Cash paid for property and equipment as printed in the cash-flow statement (investing).,NO,NO,NO,NO,FALSE,FALSE,XBRL tag us-gaap:PaymentsToAcquirePropertyPlantAndEquipment; text check PASS. Same value also printed in 1 later filing(s).
OBS-ALPHABET-00023,alphabet,Google Inc.,FY2012,FY,2012-01-01,2012-12-31,2012-Q4,2013-01-29,Purchases of property and equipment,cash_purchases_of_ppe,"(3,273)",USD,millions,3273000000,SRC-IQ16-GOOGLE-0001193125-13-028362,A,https://www.sec.gov/Archives/edgar/data/1288776/000119312513028362/d452134d10k.htm,10-K consolidated statements of cash flows,REPORTED,,Cash paid for property and equipment as printed in the cash-flow statement (investing).,NO,NO,NO,NO,FALSE,FALSE,XBRL tag us-gaap:PaymentsToAcquirePropertyPlantAndEquipment; text check PASS. Same value also printed in 2 later filing(s).
OBS-ALPHABET-00024,alphabet,Google Inc.,FY2013,Q1,2013-01-01,2013-03-31,2013-Q1,2013-04-25,Purchases of property and equipment,cash_purchases_of_ppe,"(1,203)",USD,millions,1203000000,SRC-IQ16-GOOGLE-0001288776-13-000030,A,https://www.sec.gov/Archives/edgar/data/1288776/000128877613000030/goog-2013331x10q.htm,10-Q consolidated statements of cash flows,REPORTED,,Cash paid for property and equipment as printed in the cash-flow statement (investing).,NO,NO,NO,NO,FALSE,FALSE,XBRL tag us-gaap:PaymentsToAcquirePropertyPlantAndEquipment; text check PASS. Same value also printed in 1 later filing(s).
OBS-ALPHABET-00025,alphabet,Google Inc.,FY2013,H1 (6M YTD),2013-01-01,2013-06-30,2013-Q2,2013-07-25,Purchases of property and equipment,cash_purchases_of_ppe,"(2,814)",USD,millions,2814000000,SRC-IQ16-GOOGLE-0001288776-13-000055,A,https://www.sec.gov/Archives/edgar/data/1288776/000128877613000055/goog10-qq22013.htm,10-Q consolidated statements of cash flows,REPORTED,,Cash paid for property and equipment as printed in the cash-flow statement (investing).,NO,NO,NO,NO,FALSE,FALSE,XBRL tag us-gaap:PaymentsToAcquirePropertyPlantAndEquipment; text check PASS. Same value also printed in 1 later filing(s).
OBS-ALPHABET-00026,alphabet,Google Inc.,FY2013,9M YTD,2013-01-01,2013-09-30,2013-Q3,2013-10-24,Purchases of property and equipment,cash_purchases_of_ppe,"(5,103)",USD,millions,5103000000,SRC-IQ16-GOOGLE-0001288776-13-000068,A,https://www.sec.gov/Archives/edgar/data/1288776/000128877613000068/goog10-qq32013.htm,10-Q consolidated statements of cash flows,REPORTED,,Cash paid for property and equipment as printed in the cash-flow statement (investing).,NO,NO,NO,NO,FALSE,FALSE,XBRL tag us-gaap:PaymentsToAcquirePropertyPlantAndEquipment; text check PASS. Same value also printed in 1 later filing(s).
OBS-ALPHABET-00027,alphabet,Google Inc.,FY2013,FY,2013-01-01,2013-12-31,2013-Q4,2014-02-12,Purchases of property and equipment,cash_purchases_of_ppe,"(7,358)",USD,millions,7358000000,SRC-IQ16-GOOGLE-0001288776-14-000020,A,https://www.sec.gov/Archives/edgar/data/1288776/000128877614000020/goog2013123110-k.htm,10-K consolidated statements of cash flows,REPORTED,,Cash paid for property and equipment as printed in the cash-flow statement (investing).,NO,NO,NO,NO,FALSE,FALSE,XBRL tag us-gaap:PaymentsToAcquirePropertyPlantAndEquipment; text check PASS. Same value also printed in 2 later filing(s).
OBS-ALPHABET-00028,alphabet,Google Inc.,FY2014,Q1,2014-01-01,2014-03-31,2014-Q1,2014-04-24,Purchases of property and equipment,cash_purchases_of_ppe,"(2,345)",USD,millions,2345000000,SRC-IQ16-GOOGLE-0001288776-14-000040,A,https://www.sec.gov/Archives/edgar/data/1288776/000128877614000040/goog10-qq12014.htm,10-Q consolidated statements of cash flows,REPORTED,,Cash paid for property and equipment as printed in the cash-flow statement (investing).,NO,NO,NO,NO,FALSE,FALSE,XBRL tag us-gaap:PaymentsToAcquirePropertyPlantAndEquipment; text check PASS. Same value also printed in 1 later filing(s).
OBS-ALPHABET-00029,alphabet,Google Inc.,FY2014,H1 (6M YTD),2014-01-01,2014-06-30,2014-Q2,2014-07-25,Purchases of property and equipment,cash_purchases_of_ppe,"(4,991)",USD,millions,4991000000,SRC-IQ16-GOOGLE-0001288776-14-000065,A,https://www.sec.gov/Archives/edgar/data/1288776/000128877614000065/goog10-qq22014.htm,10-Q consolidated statements of cash flows,REPORTED,,Cash paid for property and equipment as printed in the cash-flow statement (investing).,NO,NO,NO,NO,FALSE,FALSE,XBRL tag us-gaap:PaymentsToAcquirePropertyPlantAndEquipment; text check PASS. Same value also printed in 1 later filing(s).
OBS-ALPHABET-00030,alphabet,Google Inc.,FY2014,9M YTD,2014-01-01,2014-09-30,2014-Q3,2014-10-23,Purchases of property and equipment,cash_purchases_of_ppe,"(7,408)",USD,millions,7408000000,SRC-IQ16-GOOGLE-0001288776-14-000075,A,https://www.sec.gov/Archives/edgar/data/1288776/000128877614000075/goog10-qq32014.htm,10-Q consolidated statements of cash flows,REPORTED,,Cash paid for property and equipment as printed in the cash-flow statement (investing).,NO,NO,NO,NO,FALSE,FALSE,XBRL tag us-gaap:PaymentsToAcquirePropertyPlantAndEquipment; text check PASS. Same value also printed in 2 later filing(s).
OBS-ALPHABET-00031,alphabet,Google Inc.,FY2014,FY,2014-01-01,2014-12-31,2014-Q4,2015-02-09,Purchases of property and equipment,cash_purchases_of_ppe,"(10,959)",USD,millions,10959000000,SRC-IQ16-GOOGLE-0001288776-15-000008,A,https://www.sec.gov/Archives/edgar/data/1288776/000128877615000008/goog2014123110-k.htm,10-K consolidated statements of cash flows,REPORTED,,Cash paid for property and equipment as printed in the cash-flow statement (investing).,NO,NO,NO,NO,TRUE,TRUE,XBRL tag us-gaap:PaymentsToAcquirePropertyPlantAndEquipment; text check PASS. Same value also printed in 1 later filing(s). Re-presented with a different value by a later filing (see next observation and file I).
OBS-ALPHABET-00032,alphabet,Google Inc.,FY2014,FY,2014-01-01,2014-12-31,2014-Q4,2017-02-03,Purchases of property and equipment,cash_purchases_of_ppe,"(11,014)",USD,millions,11014000000,SRC-IQ16-ALPHABET-0001652044-17-000008,A,https://www.sec.gov/Archives/edgar/data/1652044/000165204417000008/goog10-kq42016.htm,10-K consolidated statements of cash flows,REPORTED,,Cash paid for property and equipment as printed in the cash-flow statement (investing).,NO,NO,NO,NO,FALSE,TRUE,XBRL tag us-gaap:PaymentsToAcquirePropertyPlantAndEquipment; text check PASS.
OBS-ALPHABET-00033,alphabet,Google Inc.,FY2015,Q1,2015-01-01,2015-03-31,2015-Q1,2015-04-29,Purchases of property and equipment,cash_purchases_of_ppe,"(2,927)",USD,millions,2927000000,SRC-IQ16-GOOGLE-0001288776-15-000023,A,https://www.sec.gov/Archives/edgar/data/1288776/000128877615000023/goog10-qq12015.htm,10-Q consolidated statements of cash flows,REPORTED,,Cash paid for property and equipment as printed in the cash-flow statement (investing).,NO,NO,NO,NO,FALSE,FALSE,XBRL tag us-gaap:PaymentsToAcquirePropertyPlantAndEquipment; text check PASS. Same value also printed in 1 later filing(s).
OBS-ALPHABET-00034,alphabet,Google Inc.,FY2015,H1 (6M YTD),2015-01-01,2015-06-30,2015-Q2,2015-07-23,Purchases of property and equipment,cash_purchases_of_ppe,"(5,442)",USD,millions,5442000000,SRC-IQ16-GOOGLE-0001288776-15-000035,A,https://www.sec.gov/Archives/edgar/data/1288776/000128877615000035/goog10-qq22015.htm,10-Q consolidated statements of cash flows,REPORTED,,Cash paid for property and equipment as printed in the cash-flow statement (investing).,NO,NO,NO,NO,FALSE,FALSE,XBRL tag us-gaap:PaymentsToAcquirePropertyPlantAndEquipment; text check PASS. Same value also printed in 1 later filing(s).
OBS-ALPHABET-00035,alphabet,Google Inc.,FY2015,9M YTD,2015-01-01,2015-09-30,2015-Q3,2015-10-29,Purchases of property and equipment,cash_purchases_of_ppe,"(7,815)",USD,millions,7815000000,SRC-IQ16-GOOGLE-0001288776-15-000046,A,https://www.sec.gov/Archives/edgar/data/1288776/000128877615000046/goog10-qq32015.htm,10-Q consolidated statements of cash flows,REPORTED,,Cash paid for property and equipment as printed in the cash-flow statement (investing).,NO,NO,NO,NO,TRUE,TRUE,XBRL tag us-gaap:PaymentsToAcquirePropertyPlantAndEquipment; text check PASS. Same value also printed in 1 later filing(s). Re-presented with a different value by a later filing (see next observation and file I).
OBS-ALPHABET-00036,alphabet,Google Inc.,FY2015,9M YTD,2015-01-01,2015-09-30,2015-Q3,2016-11-03,Purchases of property and equipment,cash_purchases_of_ppe,"(7,848)",USD,millions,7848000000,SRC-IQ16-ALPHABET-0001652044-16-000038,A,https://www.sec.gov/Archives/edgar/data/1652044/000165204416000038/goog10-qq32016.htm,10-Q consolidated statements of cash flows,REPORTED,,Cash paid for property and equipment as printed in the cash-flow statement (investing).,NO,NO,NO,NO,FALSE,TRUE,XBRL tag us-gaap:PaymentsToAcquirePropertyPlantAndEquipment; text check PASS.
OBS-ALPHABET-00037,alphabet,Alphabet Inc.,FY2015,FY,2015-01-01,2015-12-31,2015-Q4,2016-02-11,Purchases of property and equipment,cash_purchases_of_ppe,"(9,915)",USD,millions,9915000000,SRC-IQ16-ALPHABET-0001652044-16-000012,A,https://www.sec.gov/Archives/edgar/data/1652044/000165204416000012/goog10-k2015.htm,10-K consolidated statements of cash flows,REPORTED,,Cash paid for property and equipment as printed in the cash-flow statement (investing).,NO,NO,NO,NO,TRUE,TRUE,XBRL tag us-gaap:PaymentsToAcquirePropertyPlantAndEquipment; text check PASS. Re-presented with a different value by a later filing (see next observation and file I).
OBS-ALPHABET-00038,alphabet,Alphabet Inc.,FY2015,FY,2015-01-01,2015-12-31,2015-Q4,2017-02-03,Purchases of property and equipment,cash_purchases_of_ppe,"(9,950)",USD,millions,9950000000,SRC-IQ16-ALPHABET-0001652044-17-000008,A,https://www.sec.gov/Archives/edgar/data/1652044/000165204417000008/goog10-kq42016.htm,10-K consolidated statements of cash flows,REPORTED,,Cash paid for property and equipment as printed in the cash-flow statement (investing).,NO,NO,NO,NO,FALSE,TRUE,XBRL tag us-gaap:PaymentsToAcquirePropertyPlantAndEquipment; text check PASS. Same value also printed in 1 later filing(s).
OBS-ALPHABET-00039,alphabet,Alphabet Inc.,FY2016,Q1,2016-01-01,2016-03-31,2016-Q1,2016-05-03,Purchases of property and equipment,cash_purchases_of_ppe,"(2,428)",USD,millions,2428000000,SRC-IQ16-ALPHABET-0001652044-16-000021,A,https://www.sec.gov/Archives/edgar/data/1652044/000165204416000021/goog10-qq12016.htm,10-Q consolidated statements of cash flows,REPORTED,,Cash paid for property and equipment as printed in the cash-flow statement (investing).,NO,NO,NO,NO,TRUE,TRUE,XBRL tag us-gaap:PaymentsToAcquirePropertyPlantAndEquipment; text check PASS. Re-presented with a different value by a later filing (see next observation and file I).
OBS-ALPHABET-00040,alphabet,Alphabet Inc.,FY2016,Q1,2016-01-01,2016-03-31,2016-Q1,2017-05-02,Purchases of property and equipment,cash_purchases_of_ppe,"(2,444)",USD,millions,2444000000,SRC-IQ16-ALPHABET-0001652044-17-000014,A,https://www.sec.gov/Archives/edgar/data/1652044/000165204417000014/goog10-qq12017.htm,10-Q consolidated statements of cash flows,REPORTED,,Cash paid for property and equipment as printed in the cash-flow statement (investing).,NO,NO,NO,NO,FALSE,TRUE,XBRL tag us-gaap:PaymentsToAcquirePropertyPlantAndEquipment; text check PASS.
OBS-ALPHABET-00041,alphabet,Alphabet Inc.,FY2016,H1 (6M YTD),2016-01-01,2016-06-30,2016-Q2,2016-08-04,Purchases of property and equipment,cash_purchases_of_ppe,"(4,551)",USD,millions,4551000000,SRC-IQ16-ALPHABET-0001652044-16-000032,A,https://www.sec.gov/Archives/edgar/data/1652044/000165204416000032/goog10-qq22016.htm,10-Q consolidated statements of cash flows,REPORTED,,Cash paid for property and equipment as printed in the cash-flow statement (investing).,NO,NO,NO,NO,TRUE,TRUE,XBRL tag us-gaap:PaymentsToAcquirePropertyPlantAndEquipment; text check PASS. Re-presented with a different value by a later filing (see next observation and file I).
OBS-ALPHABET-00042,alphabet,Alphabet Inc.,FY2016,H1 (6M YTD),2016-01-01,2016-06-30,2016-Q2,2017-07-25,Purchases of property and equipment,cash_purchases_of_ppe,"(4,580)",USD,millions,4580000000,SRC-IQ16-ALPHABET-0001652044-17-000026,A,https://www.sec.gov/Archives/edgar/data/1652044/000165204417000026/goog10-qq22017.htm,10-Q consolidated statements of cash flows,REPORTED,,Cash paid for property and equipment as printed in the cash-flow statement (investing).,NO,NO,NO,NO,FALSE,TRUE,XBRL tag us-gaap:PaymentsToAcquirePropertyPlantAndEquipment; text check PASS.
OBS-ALPHABET-00043,alphabet,Alphabet Inc.,FY2016,9M YTD,2016-01-01,2016-09-30,2016-Q3,2016-11-03,Purchases of property and equipment,cash_purchases_of_ppe,"(7,134)",USD,millions,7134000000,SRC-IQ16-ALPHABET-0001652044-16-000038,A,https://www.sec.gov/Archives/edgar/data/1652044/000165204416000038/goog10-qq32016.htm,10-Q consolidated statements of cash flows,REPORTED,,Cash paid for property and equipment as printed in the cash-flow statement (investing).,NO,NO,NO,NO,FALSE,FALSE,XBRL tag us-gaap:PaymentsToAcquirePropertyPlantAndEquipment; text check PASS. Same value also printed in 1 later filing(s).
OBS-ALPHABET-00044,alphabet,Alphabet Inc.,FY2016,FY,2016-01-01,2016-12-31,2016-Q4,2017-02-03,Purchases of property and equipment,cash_purchases_of_ppe,"(10,212)",USD,millions,10212000000,SRC-IQ16-ALPHABET-0001652044-17-000008,A,https://www.sec.gov/Archives/edgar/data/1652044/000165204417000008/goog10-kq42016.htm,10-K consolidated statements of cash flows,REPORTED,,Cash paid for property and equipment as printed in the cash-flow statement (investing).,NO,NO,NO,NO,FALSE,FALSE,XBRL tag us-gaap:PaymentsToAcquirePropertyPlantAndEquipment; text check PASS. Same value also printed in 2 later filing(s).
OBS-ALPHABET-00045,alphabet,Alphabet Inc.,FY2017,Q1,2017-01-01,2017-03-31,2017-Q1,2017-05-02,Purchases of property and equipment,cash_purchases_of_ppe,"(2,508)",USD,millions,2508000000,SRC-IQ16-ALPHABET-0001652044-17-000014,A,https://www.sec.gov/Archives/edgar/data/1652044/000165204417000014/goog10-qq12017.htm,10-Q consolidated statements of cash flows,REPORTED,,Cash paid for property and equipment as printed in the cash-flow statement (investing).,NO,NO,NO,NO,FALSE,FALSE,XBRL tag us-gaap:PaymentsToAcquirePropertyPlantAndEquipment; text check PASS. Same value also printed in 1 later filing(s).
OBS-ALPHABET-00046,alphabet,Alphabet Inc.,FY2017,H1 (6M YTD),2017-01-01,2017-06-30,2017-Q2,2017-07-25,Purchases of property and equipment,cash_purchases_of_ppe,"(5,339)",USD,millions,5339000000,SRC-IQ16-ALPHABET-0001652044-17-000026,A,https://www.sec.gov/Archives/edgar/data/1652044/000165204417000026/goog10-qq22017.htm,10-Q consolidated statements of cash flows,REPORTED,,Cash paid for property and equipment as printed in the cash-flow statement (investing).,NO,NO,NO,NO,FALSE,FALSE,XBRL tag us-gaap:PaymentsToAcquirePropertyPlantAndEquipment; text check PASS. Same value also printed in 1 later filing(s).
OBS-ALPHABET-00047,alphabet,Alphabet Inc.,FY2017,9M YTD,2017-01-01,2017-09-30,2017-Q3,2017-10-27,Purchases of property and equipment,cash_purchases_of_ppe,"(8,877)",USD,millions,8877000000,SRC-IQ16-ALPHABET-0001652044-17-000042,A,https://www.sec.gov/Archives/edgar/data/1652044/000165204417000042/goog10-qq32017.htm,10-Q consolidated statements of cash flows,REPORTED,,Cash paid for property and equipment as printed in the cash-flow statement (investing).,NO,NO,NO,NO,FALSE,FALSE,XBRL tag us-gaap:PaymentsToAcquirePropertyPlantAndEquipment; text check PASS. Same value also printed in 1 later filing(s).
OBS-ALPHABET-00048,alphabet,Alphabet Inc.,FY2017,FY,2017-01-01,2017-12-31,2017-Q4,2018-02-06,Purchases of property and equipment,cash_purchases_of_ppe,"(13,184)",USD,millions,13184000000,SRC-IQ16-ALPHABET-0001652044-18-000007,A,https://www.sec.gov/Archives/edgar/data/1652044/000165204418000007/goog10-kq42017.htm,10-K consolidated statements of cash flows,REPORTED,,Cash paid for property and equipment as printed in the cash-flow statement (investing).,NO,NO,NO,NO,FALSE,FALSE,XBRL tag us-gaap:PaymentsToAcquirePropertyPlantAndEquipment; text check PASS. Same value also printed in 2 later filing(s).
OBS-ALPHABET-00049,alphabet,Alphabet Inc.,FY2018,Q1,2018-01-01,2018-03-31,2018-Q1,2018-04-24,Purchases of property and equipment,cash_purchases_of_ppe,"(7,299)",USD,millions,7299000000,SRC-IQ16-ALPHABET-0001652044-18-000016,A,https://www.sec.gov/Archives/edgar/data/1652044/000165204418000016/goog10-qq12018.htm,10-Q consolidated statements of cash flows,REPORTED,,Cash paid for property and equipment as printed in the cash-flow statement (investing).,NO,NO,NO,NO,FALSE,FALSE,XBRL tag us-gaap:PaymentsToAcquirePropertyPlantAndEquipment; text check PASS. Same value also printed in 1 later filing(s).
OBS-ALPHABET-00050,alphabet,Alphabet Inc.,FY2018,H1 (6M YTD),2018-01-01,2018-06-30,2018-Q2,2018-07-24,Purchases of property and equipment,cash_purchases_of_ppe,"(12,776)",USD,millions,12776000000,SRC-IQ16-ALPHABET-0001652044-18-000027,A,https://www.sec.gov/Archives/edgar/data/1652044/000165204418000027/goog10-qq22018.htm,10-Q consolidated statements of cash flows,REPORTED,,Cash paid for property and equipment as printed in the cash-flow statement (investing).,NO,NO,NO,NO,FALSE,FALSE,XBRL tag us-gaap:PaymentsToAcquirePropertyPlantAndEquipment; text check PASS. Same value also printed in 1 later filing(s).
OBS-ALPHABET-00051,alphabet,Alphabet Inc.,FY2018,9M YTD,2018-01-01,2018-09-30,2018-Q3,2018-10-26,Purchases of property and equipment,cash_purchases_of_ppe,"(18,058)",USD,millions,18058000000,SRC-IQ16-ALPHABET-0001652044-18-000035,A,https://www.sec.gov/Archives/edgar/data/1652044/000165204418000035/goog10-qq32018.htm,10-Q consolidated statements of cash flows,REPORTED,,Cash paid for property and equipment as printed in the cash-flow statement (investing).,NO,NO,NO,NO,FALSE,FALSE,XBRL tag us-gaap:PaymentsToAcquirePropertyPlantAndEquipment; text check PASS. Same value also printed in 1 later filing(s).
OBS-ALPHABET-00052,alphabet,Alphabet Inc.,FY2018,FY,2018-01-01,2018-12-31,2018-Q4,2019-02-05,Purchases of property and equipment,cash_purchases_of_ppe,"(25,139)",USD,millions,25139000000,SRC-IQ16-ALPHABET-0001652044-19-000004,A,https://www.sec.gov/Archives/edgar/data/1652044/000165204419000004/goog10-kq42018.htm,10-K consolidated statements of cash flows,REPORTED,,Cash paid for property and equipment as printed in the cash-flow statement (investing).,NO,NO,NO,NO,FALSE,FALSE,XBRL tag us-gaap:PaymentsToAcquirePropertyPlantAndEquipment; text check PASS. Same value also printed in 2 later filing(s).
OBS-ALPHABET-00053,alphabet,Alphabet Inc.,FY2019,Q1,2019-01-01,2019-03-31,2019-Q1,2019-04-30,Purchases of property and equipment,cash_purchases_of_ppe,"(4,638)",USD,millions,4638000000,SRC-IQ16-ALPHABET-0001652044-19-000015,A,https://www.sec.gov/Archives/edgar/data/1652044/000165204419000015/goog10-qq12019.htm,10-Q consolidated statements of cash flows,REPORTED,,Cash paid for property and equipment as printed in the cash-flow statement (investing).,NO,NO,NO,NO,FALSE,FALSE,XBRL tag us-gaap:PaymentsToAcquirePropertyPlantAndEquipment; text check PASS. Same value also printed in 1 later filing(s).
OBS-ALPHABET-00054,alphabet,Alphabet Inc.,FY2019,H1 (6M YTD),2019-01-01,2019-06-30,2019-Q2,2019-07-26,Purchases of property and equipment,cash_purchases_of_ppe,"(10,764)",USD,millions,10764000000,SRC-IQ16-ALPHABET-0001652044-19-000023,A,https://www.sec.gov/Archives/edgar/data/1652044/000165204419000023/goog10-qq22019.htm,10-Q consolidated statements of cash flows,REPORTED,,Cash paid for property and equipment as printed in the cash-flow statement (investing).,NO,NO,NO,NO,FALSE,FALSE,XBRL tag us-gaap:PaymentsToAcquirePropertyPlantAndEquipment; text check PASS. Same value also printed in 1 later filing(s).
OBS-ALPHABET-00055,alphabet,Alphabet Inc.,FY2019,9M YTD,2019-01-01,2019-09-30,2019-Q3,2019-10-29,Purchases of property and equipment,cash_purchases_of_ppe,"(17,496)",USD,millions,17496000000,SRC-IQ16-ALPHABET-0001652044-19-000032,A,https://www.sec.gov/Archives/edgar/data/1652044/000165204419000032/goog10-qq32019.htm,10-Q consolidated statements of cash flows,REPORTED,,Cash paid for property and equipment as printed in the cash-flow statement (investing).,NO,NO,NO,NO,FALSE,FALSE,XBRL tag us-gaap:PaymentsToAcquirePropertyPlantAndEquipment; text check PASS. Same value also printed in 1 later filing(s).
OBS-ALPHABET-00056,alphabet,Alphabet Inc.,FY2019,FY,2019-01-01,2019-12-31,2019-Q4,2020-02-04,Purchases of property and equipment,cash_purchases_of_ppe,"(23,548)",USD,millions,23548000000,SRC-IQ16-ALPHABET-0001652044-20-000008,A,https://www.sec.gov/Archives/edgar/data/1652044/000165204420000008/goog10-k2019.htm,10-K consolidated statements of cash flows,REPORTED,,Cash paid for property and equipment as printed in the cash-flow statement (investing).,NO,NO,NO,NO,FALSE,FALSE,XBRL tag us-gaap:PaymentsToAcquirePropertyPlantAndEquipment; text check PASS. Same value also printed in 2 later filing(s).
OBS-ALPHABET-00057,alphabet,Alphabet Inc.,FY2020,Q1,2020-01-01,2020-03-31,2020-Q1,2020-04-29,Purchases of property and equipment,cash_purchases_of_ppe,"(6,005)",USD,millions,6005000000,SRC-IQ16-ALPHABET-0001652044-20-000021,A,https://www.sec.gov/Archives/edgar/data/1652044/000165204420000021/goog-20200331.htm,10-Q consolidated statements of cash flows,REPORTED,,Cash paid for property and equipment as printed in the cash-flow statement (investing).,NO,NO,NO,NO,FALSE,FALSE,XBRL tag us-gaap:PaymentsToAcquirePropertyPlantAndEquipment; text check PASS. Same value also printed in 1 later filing(s).
OBS-ALPHABET-00058,alphabet,Alphabet Inc.,FY2020,H1 (6M YTD),2020-01-01,2020-06-30,2020-Q2,2020-07-31,Purchases of property and equipment,cash_purchases_of_ppe,"(11,396)",USD,millions,11396000000,SRC-IQ16-ALPHABET-0001652044-20-000032,A,https://www.sec.gov/Archives/edgar/data/1652044/000165204420000032/goog-20200630.htm,10-Q consolidated statements of cash flows,REPORTED,,Cash paid for property and equipment as printed in the cash-flow statement (investing).,NO,NO,NO,NO,FALSE,FALSE,XBRL tag us-gaap:PaymentsToAcquirePropertyPlantAndEquipment; text check PASS. Same value also printed in 1 later filing(s).
OBS-ALPHABET-00059,alphabet,Alphabet Inc.,FY2020,9M YTD,2020-01-01,2020-09-30,2020-Q3,2020-10-30,Purchases of property and equipment,cash_purchases_of_ppe,"(16,802)",USD,millions,16802000000,SRC-IQ16-ALPHABET-0001652044-20-000050,A,https://www.sec.gov/Archives/edgar/data/1652044/000165204420000050/goog-20200930.htm,10-Q consolidated statements of cash flows,REPORTED,,Cash paid for property and equipment as printed in the cash-flow statement (investing).,NO,NO,NO,NO,FALSE,FALSE,XBRL tag us-gaap:PaymentsToAcquirePropertyPlantAndEquipment; text check PASS. Same value also printed in 1 later filing(s).
OBS-ALPHABET-00060,alphabet,Alphabet Inc.,FY2020,FY,2020-01-01,2020-12-31,2020-Q4,2021-02-03,Purchases of property and equipment,cash_purchases_of_ppe,"(22,281)",USD,millions,22281000000,SRC-IQ16-ALPHABET-0001652044-21-000010,A,https://www.sec.gov/Archives/edgar/data/1652044/000165204421000010/goog-20201231.htm,10-K consolidated statements of cash flows,REPORTED,,Cash paid for property and equipment as printed in the cash-flow statement (investing).,NO,NO,NO,NO,FALSE,FALSE,XBRL tag us-gaap:PaymentsToAcquirePropertyPlantAndEquipment; text check PASS. Same value also printed in 2 later filing(s).
OBS-ALPHABET-00061,alphabet,Alphabet Inc.,FY2021,Q1,2021-01-01,2021-03-31,2021-Q1,2021-04-28,Purchases of property and equipment,cash_purchases_of_ppe,"(5,942)",USD,millions,5942000000,SRC-IQ16-ALPHABET-0001652044-21-000020,A,https://www.sec.gov/Archives/edgar/data/1652044/000165204421000020/goog-20210331.htm,10-Q consolidated statements of cash flows,REPORTED,,Cash paid for property and equipment as printed in the cash-flow statement (investing).,NO,NO,NO,NO,FALSE,FALSE,XBRL tag us-gaap:PaymentsToAcquirePropertyPlantAndEquipment; text check PASS. Same value also printed in 1 later filing(s).
OBS-ALPHABET-00062,alphabet,Alphabet Inc.,FY2021,H1 (6M YTD),2021-01-01,2021-06-30,2021-Q2,2021-07-28,Purchases of property and equipment,cash_purchases_of_ppe,"(11,438)",USD,millions,11438000000,SRC-IQ16-ALPHABET-0001652044-21-000047,A,https://www.sec.gov/Archives/edgar/data/1652044/000165204421000047/goog-20210630.htm,10-Q consolidated statements of cash flows,REPORTED,,Cash paid for property and equipment as printed in the cash-flow statement (investing).,NO,NO,NO,NO,FALSE,FALSE,XBRL tag us-gaap:PaymentsToAcquirePropertyPlantAndEquipment; text check PASS. Same value also printed in 1 later filing(s).
OBS-ALPHABET-00063,alphabet,Alphabet Inc.,FY2021,9M YTD,2021-01-01,2021-09-30,2021-Q3,2021-10-27,Purchases of property and equipment,cash_purchases_of_ppe,"(18,257)",USD,millions,18257000000,SRC-IQ16-ALPHABET-0001652044-21-000057,A,https://www.sec.gov/Archives/edgar/data/1652044/000165204421000057/goog-20210930.htm,10-Q consolidated statements of cash flows,REPORTED,,Cash paid for property and equipment as printed in the cash-flow statement (investing).,NO,NO,NO,NO,FALSE,FALSE,XBRL tag us-gaap:PaymentsToAcquirePropertyPlantAndEquipment; text check PASS. Same value also printed in 1 later filing(s).
OBS-ALPHABET-00064,alphabet,Alphabet Inc.,FY2021,FY,2021-01-01,2021-12-31,2021-Q4,2022-02-02,Purchases of property and equipment,cash_purchases_of_ppe,"(24,640)",USD,millions,24640000000,SRC-IQ16-ALPHABET-0001652044-22-000019,A,https://www.sec.gov/Archives/edgar/data/1652044/000165204422000019/goog-20211231.htm,10-K consolidated statements of cash flows,REPORTED,,Cash paid for property and equipment as printed in the cash-flow statement (investing).,NO,NO,NO,NO,FALSE,FALSE,XBRL tag us-gaap:PaymentsToAcquirePropertyPlantAndEquipment; text check PASS. Same value also printed in 2 later filing(s).
OBS-ALPHABET-00065,alphabet,Alphabet Inc.,FY2022,Q1,2022-01-01,2022-03-31,2022-Q1,2022-04-27,Purchases of property and equipment,cash_purchases_of_ppe,"(9,786)",USD,millions,9786000000,SRC-IQ16-ALPHABET-0001652044-22-000029,A,https://www.sec.gov/Archives/edgar/data/1652044/000165204422000029/goog-20220331.htm,10-Q consolidated statements of cash flows,REPORTED,,Cash paid for property and equipment as printed in the cash-flow statement (investing).,NO,NO,NO,NO,FALSE,FALSE,XBRL tag us-gaap:PaymentsToAcquirePropertyPlantAndEquipment; text check PASS. Same value also printed in 1 later filing(s).
OBS-ALPHABET-00066,alphabet,Alphabet Inc.,FY2022,H1 (6M YTD),2022-01-01,2022-06-30,2022-Q2,2022-07-27,Purchases of property and equipment,cash_purchases_of_ppe,"(16,614)",USD,millions,16614000000,SRC-IQ16-ALPHABET-0001652044-22-000071,A,https://www.sec.gov/Archives/edgar/data/1652044/000165204422000071/goog-20220630.htm,10-Q consolidated statements of cash flows,REPORTED,,Cash paid for property and equipment as printed in the cash-flow statement (investing).,NO,NO,NO,NO,FALSE,FALSE,XBRL tag us-gaap:PaymentsToAcquirePropertyPlantAndEquipment; text check PASS. Same value also printed in 1 later filing(s).
OBS-ALPHABET-00067,alphabet,Alphabet Inc.,FY2022,9M YTD,2022-01-01,2022-09-30,2022-Q3,2022-10-26,Purchases of property and equipment,cash_purchases_of_ppe,"(23,890)",USD,millions,23890000000,SRC-IQ16-ALPHABET-0001652044-22-000090,A,https://www.sec.gov/Archives/edgar/data/1652044/000165204422000090/goog-20220930.htm,10-Q consolidated statements of cash flows,REPORTED,,Cash paid for property and equipment as printed in the cash-flow statement (investing).,NO,NO,NO,NO,FALSE,FALSE,XBRL tag us-gaap:PaymentsToAcquirePropertyPlantAndEquipment; text check PASS. Same value also printed in 1 later filing(s).
OBS-ALPHABET-00068,alphabet,Alphabet Inc.,FY2022,FY,2022-01-01,2022-12-31,2022-Q4,2023-02-03,Purchases of property and equipment,cash_purchases_of_ppe,"(31,485)",USD,millions,31485000000,SRC-IQ16-ALPHABET-0001652044-23-000016,A,https://www.sec.gov/Archives/edgar/data/1652044/000165204423000016/goog-20221231.htm,10-K consolidated statements of cash flows,REPORTED,,Cash paid for property and equipment as printed in the cash-flow statement (investing).,NO,NO,NO,NO,FALSE,FALSE,XBRL tag us-gaap:PaymentsToAcquirePropertyPlantAndEquipment; text check PASS. Same value also printed in 2 later filing(s).
OBS-ALPHABET-00069,alphabet,Alphabet Inc.,FY2023,Q1,2023-01-01,2023-03-31,2023-Q1,2023-04-26,Purchases of property and equipment,cash_purchases_of_ppe,"(6,289)",USD,millions,6289000000,SRC-IQ16-ALPHABET-0001652044-23-000045,A,https://www.sec.gov/Archives/edgar/data/1652044/000165204423000045/goog-20230331.htm,10-Q consolidated statements of cash flows,REPORTED,,Cash paid for property and equipment as printed in the cash-flow statement (investing).,NO,NO,NO,NO,FALSE,FALSE,XBRL tag us-gaap:PaymentsToAcquirePropertyPlantAndEquipment; text check PASS. Same value also printed in 1 later filing(s).
OBS-ALPHABET-00070,alphabet,Alphabet Inc.,FY2023,H1 (6M YTD),2023-01-01,2023-06-30,2023-Q2,2023-07-26,Purchases of property and equipment,cash_purchases_of_ppe,"(13,177)",USD,millions,13177000000,SRC-IQ16-ALPHABET-0001652044-23-000070,A,https://www.sec.gov/Archives/edgar/data/1652044/000165204423000070/goog-20230630.htm,10-Q consolidated statements of cash flows,REPORTED,,Cash paid for property and equipment as printed in the cash-flow statement (investing).,NO,NO,NO,NO,FALSE,FALSE,XBRL tag us-gaap:PaymentsToAcquirePropertyPlantAndEquipment; text check PASS. Same value also printed in 1 later filing(s).
OBS-ALPHABET-00071,alphabet,Alphabet Inc.,FY2023,9M YTD,2023-01-01,2023-09-30,2023-Q3,2023-10-25,Purchases of property and equipment,cash_purchases_of_ppe,"(21,232)",USD,millions,21232000000,SRC-IQ16-ALPHABET-0001652044-23-000094,A,https://www.sec.gov/Archives/edgar/data/1652044/000165204423000094/goog-20230930.htm,10-Q consolidated statements of cash flows,REPORTED,,Cash paid for property and equipment as printed in the cash-flow statement (investing).,NO,NO,NO,NO,FALSE,FALSE,XBRL tag us-gaap:PaymentsToAcquirePropertyPlantAndEquipment; text check PASS. Same value also printed in 1 later filing(s).
OBS-ALPHABET-00072,alphabet,Alphabet Inc.,FY2023,FY,2023-01-01,2023-12-31,2023-Q4,2024-01-31,Purchases of property and equipment,cash_purchases_of_ppe,"(32,251)",USD,millions,32251000000,SRC-IQ16-ALPHABET-0001652044-24-000022,A,https://www.sec.gov/Archives/edgar/data/1652044/000165204424000022/goog-20231231.htm,10-K consolidated statements of cash flows,REPORTED,,Cash paid for property and equipment as printed in the cash-flow statement (investing).,NO,NO,NO,NO,FALSE,FALSE,XBRL tag us-gaap:PaymentsToAcquirePropertyPlantAndEquipment; text check PASS. Same value also printed in 2 later filing(s).
OBS-ALPHABET-00073,alphabet,Alphabet Inc.,FY2024,Q1,2024-01-01,2024-03-31,2024-Q1,2024-04-26,Purchases of property and equipment,cash_purchases_of_ppe,"(12,012)",USD,millions,12012000000,SRC-IQ16-ALPHABET-0001652044-24-000053,A,https://www.sec.gov/Archives/edgar/data/1652044/000165204424000053/goog-20240331.htm,10-Q consolidated statements of cash flows,REPORTED,,Cash paid for property and equipment as printed in the cash-flow statement (investing).,NO,NO,NO,NO,FALSE,FALSE,XBRL tag us-gaap:PaymentsToAcquirePropertyPlantAndEquipment; text check PASS. Same value also printed in 1 later filing(s).
OBS-ALPHABET-00074,alphabet,Alphabet Inc.,FY2024,H1 (6M YTD),2024-01-01,2024-06-30,2024-Q2,2024-07-24,Purchases of property and equipment,cash_purchases_of_ppe,"(25,198)",USD,millions,25198000000,SRC-IQ16-ALPHABET-0001652044-24-000079,A,https://www.sec.gov/Archives/edgar/data/1652044/000165204424000079/goog-20240630.htm,10-Q consolidated statements of cash flows,REPORTED,,Cash paid for property and equipment as printed in the cash-flow statement (investing).,NO,NO,NO,NO,FALSE,FALSE,XBRL tag us-gaap:PaymentsToAcquirePropertyPlantAndEquipment; text check PASS. Same value also printed in 1 later filing(s).
OBS-ALPHABET-00075,alphabet,Alphabet Inc.,FY2024,9M YTD,2024-01-01,2024-09-30,2024-Q3,2024-10-30,Purchases of property and equipment,cash_purchases_of_ppe,"(38,259)",USD,millions,38259000000,SRC-IQ16-ALPHABET-0001652044-24-000118,A,https://www.sec.gov/Archives/edgar/data/1652044/000165204424000118/goog-20240930.htm,10-Q consolidated statements of cash flows,REPORTED,,Cash paid for property and equipment as printed in the cash-flow statement (investing).,NO,NO,NO,NO,FALSE,FALSE,XBRL tag us-gaap:PaymentsToAcquirePropertyPlantAndEquipment; text check PASS. Same value also printed in 1 later filing(s).
OBS-ALPHABET-00076,alphabet,Alphabet Inc.,FY2024,FY,2024-01-01,2024-12-31,2024-Q4,2025-02-05,Purchases of property and equipment,cash_purchases_of_ppe,"(52,535)",USD,millions,52535000000,SRC-IQ16-ALPHABET-0001652044-25-000014,A,https://www.sec.gov/Archives/edgar/data/1652044/000165204425000014/goog-20241231.htm,10-K consolidated statements of cash flows,REPORTED,,Cash paid for property and equipment as printed in the cash-flow statement (investing).,NO,NO,NO,NO,FALSE,FALSE,XBRL tag us-gaap:PaymentsToAcquirePropertyPlantAndEquipment; text check PASS. Same value also printed in 1 later filing(s).
OBS-ALPHABET-00077,alphabet,Alphabet Inc.,FY2025,Q1,2025-01-01,2025-03-31,2025-Q1,2025-04-25,Purchases of property and equipment,cash_purchases_of_ppe,"(17,197)",USD,millions,17197000000,SRC-IQ16-ALPHABET-0001652044-25-000043,A,https://www.sec.gov/Archives/edgar/data/1652044/000165204425000043/goog-20250331.htm,10-Q consolidated statements of cash flows,REPORTED,,Cash paid for property and equipment as printed in the cash-flow statement (investing).,NO,NO,NO,NO,FALSE,FALSE,XBRL tag us-gaap:PaymentsToAcquirePropertyPlantAndEquipment; text check PASS. Same value also printed in 1 later filing(s).
OBS-ALPHABET-00078,alphabet,Alphabet Inc.,FY2025,H1 (6M YTD),2025-01-01,2025-06-30,2025-Q2,2025-07-24,Purchases of property and equipment,cash_purchases_of_ppe,"(39,643)",USD,millions,39643000000,SRC-IQ16-ALPHABET-0001652044-25-000062,A,https://www.sec.gov/Archives/edgar/data/1652044/000165204425000062/goog-20250630.htm,10-Q consolidated statements of cash flows,REPORTED,,Cash paid for property and equipment as printed in the cash-flow statement (investing).,NO,NO,NO,NO,FALSE,FALSE,XBRL tag us-gaap:PaymentsToAcquirePropertyPlantAndEquipment; text check PASS. Same value also printed in 1 later filing(s).
OBS-ALPHABET-00079,alphabet,Alphabet Inc.,FY2025,9M YTD,2025-01-01,2025-09-30,2025-Q3,2025-10-30,Purchases of property and equipment,cash_purchases_of_ppe,"(63,596)",USD,millions,63596000000,SRC-IQ16-ALPHABET-0001652044-25-000091,A,https://www.sec.gov/Archives/edgar/data/1652044/000165204425000091/goog-20250930.htm,10-Q consolidated statements of cash flows,REPORTED,,Cash paid for property and equipment as printed in the cash-flow statement (investing).,NO,NO,NO,NO,FALSE,FALSE,XBRL tag us-gaap:PaymentsToAcquirePropertyPlantAndEquipment; text check PASS.
OBS-ALPHABET-00080,alphabet,Alphabet Inc.,FY2025,FY,2025-01-01,2025-12-31,2025-Q4,2026-02-05,Purchases of property and equipment,cash_purchases_of_ppe,"(91,447)",USD,millions,91447000000,SRC-GOOG-005,A,https://www.sec.gov/Archives/edgar/data/1652044/000165204426000018/goog-20251231.htm,10-K consolidated statements of cash flows,REPORTED,,Cash paid for property and equipment as printed in the cash-flow statement (investing).,NO,NO,NO,NO,FALSE,FALSE,XBRL tag us-gaap:PaymentsToAcquirePropertyPlantAndEquipment; text check PASS.
OBS-ALPHABET-00081,alphabet,Alphabet Inc.,FY2026,Q1,2026-01-01,2026-03-31,2026-Q1,2026-04-30,Purchases of property and equipment,cash_purchases_of_ppe,"(35,674)",USD,millions,35674000000,SRC-IQ16-ALPHABET-0001652044-26-000048,A,https://www.sec.gov/Archives/edgar/data/1652044/000165204426000048/goog-20260331.htm,10-Q consolidated statements of cash flows,REPORTED,,Cash paid for property and equipment as printed in the cash-flow statement (investing).,NO,NO,NO,NO,FALSE,FALSE,XBRL tag us-gaap:PaymentsToAcquirePropertyPlantAndEquipment; text check PASS.
OBS-ALPHABET-00082,alphabet,Alphabet Inc.,FY2026,H1 (6M YTD),2026-01-01,2026-06-30,2026-Q2,2026-07-23,Purchases of property and equipment,cash_purchases_of_ppe,"(80,598)",USD,millions,80598000000,SRC-IQ16-ALPHABET-0001652044-26-000071,A,https://www.sec.gov/Archives/edgar/data/1652044/000165204426000071/goog-20260630.htm,10-Q consolidated statements of cash flows,REPORTED,,Cash paid for property and equipment as printed in the cash-flow statement (investing).,NO,NO,NO,NO,FALSE,FALSE,XBRL tag us-gaap:PaymentsToAcquirePropertyPlantAndEquipment; text check PASS.
OBS-AMAZON-00083,amazon,"Amazon.com, Inc.",FY2015,FY,2015-01-01,2015-12-31,2015-Q4,2018-02-02,"Purchases of property and equipment, including internal-use software and website development",cash_purchases_of_ppe,"(5,387)",USD,millions,5387000000,SRC-IQ16-AMAZON-0001018724-18-000005,A,https://www.sec.gov/Archives/edgar/data/1018724/000101872418000005/amzn-20171231x10k.htm,10-K consolidated statements of cash flows,REPORTED,,Amazon gross purchases (presentation from the FY2017 10-K); incentives on their own line.,NO,NO,NO (internal-use software capitalised as property and equipment is included),NO,FALSE,FALSE,XBRL tag us-gaap:PaymentsForProceedsFromProductiveAssets; text check PASS.
OBS-AMAZON-00084,amazon,"Amazon.com, Inc.",FY2016,FY,2016-01-01,2016-12-31,2016-Q4,2018-02-02,"Purchases of property and equipment, including internal-use software and website development",cash_purchases_of_ppe,"(7,804)",USD,millions,7804000000,SRC-IQ16-AMAZON-0001018724-18-000005,A,https://www.sec.gov/Archives/edgar/data/1018724/000101872418000005/amzn-20171231x10k.htm,10-K consolidated statements of cash flows,REPORTED,,Amazon gross purchases (presentation from the FY2017 10-K); incentives on their own line.,NO,NO,NO (internal-use software capitalised as property and equipment is included),NO,FALSE,FALSE,XBRL tag us-gaap:PaymentsForProceedsFromProductiveAssets; text check PASS. Same value also printed in 1 later filing(s).
OBS-AMAZON-00085,amazon,"Amazon.com, Inc.",FY2017,Q1,2017-01-01,2017-03-31,2017-Q1,2018-04-27,"Purchases of property and equipment, including internal-use software and website development",cash_purchases_of_ppe,"(2,148)",USD,millions,2148000000,SRC-IQ16-AMAZON-0001018724-18-000072,A,https://www.sec.gov/Archives/edgar/data/1018724/000101872418000072/amzn-20180331x10q.htm,10-Q consolidated statements of cash flows,REPORTED,,Amazon gross purchases (presentation from the FY2017 10-K); incentives on their own line.,NO,NO,NO (internal-use software capitalised as property and equipment is included),NO,FALSE,FALSE,XBRL tag us-gaap:PaymentsForProceedsFromProductiveAssets; text check PASS.
OBS-AMAZON-00086,amazon,"Amazon.com, Inc.",FY2017,H1 (6M YTD),2017-01-01,2017-06-30,2017-Q2,2018-07-27,"Purchases of property and equipment, including internal-use software and website development",cash_purchases_of_ppe,"(5,261)",USD,millions,5261000000,SRC-IQ16-AMAZON-0001018724-18-000108,A,https://www.sec.gov/Archives/edgar/data/1018724/000101872418000108/amzn-20180630x10q.htm,10-Q consolidated statements of cash flows,REPORTED,,Amazon gross purchases (presentation from the FY2017 10-K); incentives on their own line.,NO,NO,NO (internal-use software capitalised as property and equipment is included),NO,FALSE,FALSE,XBRL tag us-gaap:PaymentsForProceedsFromProductiveAssets; text check PASS.
OBS-AMAZON-00087,amazon,"Amazon.com, Inc.",FY2017,9M YTD,2017-01-01,2017-09-30,2017-Q3,2018-10-26,"Purchases of property and equipment, including internal-use software and website development",cash_purchases_of_ppe,"(8,336)",USD,millions,8336000000,SRC-IQ16-AMAZON-0001018724-18-000159,A,https://www.sec.gov/Archives/edgar/data/1018724/000101872418000159/amzn-20180930x10q.htm,10-Q consolidated statements of cash flows,REPORTED,,Amazon gross purchases (presentation from the FY2017 10-K); incentives on their own line.,NO,NO,NO (internal-use software capitalised as property and equipment is included),NO,FALSE,FALSE,XBRL tag us-gaap:PaymentsToAcquireProductiveAssets; text check PASS.
OBS-AMAZON-00088,amazon,"Amazon.com, Inc.",FY2017,FY,2017-01-01,2017-12-31,2017-Q4,2018-02-02,"Purchases of property and equipment, including internal-use software and website development",cash_purchases_of_ppe,"(11,955)",USD,millions,11955000000,SRC-IQ16-AMAZON-0001018724-18-000005,A,https://www.sec.gov/Archives/edgar/data/1018724/000101872418000005/amzn-20171231x10k.htm,10-K consolidated statements of cash flows,REPORTED,,Amazon gross purchases (presentation from the FY2017 10-K); incentives on their own line.,NO,NO,NO (internal-use software capitalised as property and equipment is included),NO,FALSE,FALSE,XBRL tag us-gaap:PaymentsForProceedsFromProductiveAssets; text check PASS. Same value also printed in 2 later filing(s).
OBS-AMAZON-00089,amazon,"Amazon.com, Inc.",FY2017,Q2,2017-04-01,2017-06-30,2017-Q2,2018-07-27,"Purchases of property and equipment, including internal-use software and website development",cash_purchases_of_ppe,"(3,113)",USD,millions,3113000000,SRC-IQ16-AMAZON-0001018724-18-000108,A,https://www.sec.gov/Archives/edgar/data/1018724/000101872418000108/amzn-20180630x10q.htm,10-Q consolidated statements of cash flows,REPORTED,,Amazon gross purchases (presentation from the FY2017 10-K); incentives on their own line.,NO,NO,NO (internal-use software capitalised as property and equipment is included),NO,FALSE,FALSE,XBRL tag us-gaap:PaymentsForProceedsFromProductiveAssets; text check PASS.
OBS-AMAZON-00090,amazon,"Amazon.com, Inc.",FY2017,Q3,2017-07-01,2017-09-30,2017-Q3,2018-10-26,"Purchases of property and equipment, including internal-use software and website development",cash_purchases_of_ppe,"(3,074)",USD,millions,3074000000,SRC-IQ16-AMAZON-0001018724-18-000159,A,https://www.sec.gov/Archives/edgar/data/1018724/000101872418000159/amzn-20180930x10q.htm,10-Q consolidated statements of cash flows,REPORTED,,Amazon gross purchases (presentation from the FY2017 10-K); incentives on their own line.,NO,NO,NO (internal-use software capitalised as property and equipment is included),NO,FALSE,FALSE,XBRL tag us-gaap:PaymentsToAcquireProductiveAssets; text check PASS.
OBS-AMAZON-00091,amazon,"Amazon.com, Inc.",FY2018,Q1,2018-01-01,2018-03-31,2018-Q1,2018-04-27,"Purchases of property and equipment, including internal-use software and website development",cash_purchases_of_ppe,"(3,098)",USD,millions,3098000000,SRC-IQ16-AMAZON-0001018724-18-000072,A,https://www.sec.gov/Archives/edgar/data/1018724/000101872418000072/amzn-20180331x10q.htm,10-Q consolidated statements of cash flows,REPORTED,,Amazon gross purchases (presentation from the FY2017 10-K); incentives on their own line.,NO,NO,NO (internal-use software capitalised as property and equipment is included),NO,FALSE,FALSE,XBRL tag us-gaap:PaymentsForProceedsFromProductiveAssets; text check PASS. Same value also printed in 1 later filing(s).
OBS-AMAZON-00092,amazon,"Amazon.com, Inc.",FY2018,H1 (6M YTD),2018-01-01,2018-06-30,2018-Q2,2018-07-27,"Purchases of property and equipment, including internal-use software and website development",cash_purchases_of_ppe,"(6,341)",USD,millions,6341000000,SRC-IQ16-AMAZON-0001018724-18-000108,A,https://www.sec.gov/Archives/edgar/data/1018724/000101872418000108/amzn-20180630x10q.htm,10-Q consolidated statements of cash flows,REPORTED,,Amazon gross purchases (presentation from the FY2017 10-K); incentives on their own line.,NO,NO,NO (internal-use software capitalised as property and equipment is included),NO,FALSE,FALSE,XBRL tag us-gaap:PaymentsForProceedsFromProductiveAssets; text check PASS. Same value also printed in 1 later filing(s).
OBS-AMAZON-00093,amazon,"Amazon.com, Inc.",FY2018,9M YTD,2018-01-01,2018-09-30,2018-Q3,2018-10-26,"Purchases of property and equipment, including internal-use software and website development",cash_purchases_of_ppe,"(9,693)",USD,millions,9693000000,SRC-IQ16-AMAZON-0001018724-18-000159,A,https://www.sec.gov/Archives/edgar/data/1018724/000101872418000159/amzn-20180930x10q.htm,10-Q consolidated statements of cash flows,REPORTED,,Amazon gross purchases (presentation from the FY2017 10-K); incentives on their own line.,NO,NO,NO (internal-use software capitalised as property and equipment is included),NO,FALSE,FALSE,XBRL tag us-gaap:PaymentsToAcquireProductiveAssets; text check PASS. Same value also printed in 1 later filing(s).
OBS-AMAZON-00094,amazon,"Amazon.com, Inc.",FY2018,FY,2018-01-01,2018-12-31,2018-Q4,2019-02-01,Purchases of property and equipment,cash_purchases_of_ppe,"(13,427)",USD,millions,13427000000,SRC-IQ16-AMAZON-0001018724-19-000004,A,https://www.sec.gov/Archives/edgar/data/1018724/000101872419000004/amzn-20181231x10k.htm,10-K consolidated statements of cash flows,REPORTED,,Amazon gross purchases (presentation from the FY2017 10-K); incentives on their own line.,NO,NO,NO (internal-use software capitalised as property and equipment is included),NO,FALSE,FALSE,XBRL tag us-gaap:PaymentsToAcquireProductiveAssets; text check PASS. Same value also printed in 2 later filing(s).
OBS-AMAZON-00095,amazon,"Amazon.com, Inc.",FY2018,Q2,2018-04-01,2018-06-30,2018-Q2,2018-07-27,"Purchases of property and equipment, including internal-use software and website development",cash_purchases_of_ppe,"(3,243)",USD,millions,3243000000,SRC-IQ16-AMAZON-0001018724-18-000108,A,https://www.sec.gov/Archives/edgar/data/1018724/000101872418000108/amzn-20180630x10q.htm,10-Q consolidated statements of cash flows,REPORTED,,Amazon gross purchases (presentation from the FY2017 10-K); incentives on their own line.,NO,NO,NO (internal-use software capitalised as property and equipment is included),NO,FALSE,FALSE,XBRL tag us-gaap:PaymentsForProceedsFromProductiveAssets; text check PASS. Same value also printed in 1 later filing(s).
OBS-AMAZON-00096,amazon,"Amazon.com, Inc.",FY2018,Q3,2018-07-01,2018-09-30,2018-Q3,2018-10-26,"Purchases of property and equipment, including internal-use software and website development",cash_purchases_of_ppe,"(3,352)",USD,millions,3352000000,SRC-IQ16-AMAZON-0001018724-18-000159,A,https://www.sec.gov/Archives/edgar/data/1018724/000101872418000159/amzn-20180930x10q.htm,10-Q consolidated statements of cash flows,REPORTED,,Amazon gross purchases (presentation from the FY2017 10-K); incentives on their own line.,NO,NO,NO (internal-use software capitalised as property and equipment is included),NO,FALSE,FALSE,XBRL tag us-gaap:PaymentsToAcquireProductiveAssets; text check PASS. Same value also printed in 1 later filing(s).
OBS-AMAZON-00097,amazon,"Amazon.com, Inc.",FY2019,Q1,2019-01-01,2019-03-31,2019-Q1,2019-04-26,Purchases of property and equipment,cash_purchases_of_ppe,"(3,290)",USD,millions,3290000000,SRC-IQ16-AMAZON-0001018724-19-000043,A,https://www.sec.gov/Archives/edgar/data/1018724/000101872419000043/amzn-2019331x10q.htm,10-Q consolidated statements of cash flows,REPORTED,,Amazon gross purchases (presentation from the FY2017 10-K); incentives on their own line.,NO,NO,NO (internal-use software capitalised as property and equipment is included),NO,FALSE,FALSE,XBRL tag us-gaap:PaymentsToAcquireProductiveAssets; text check PASS. Same value also printed in 1 later filing(s).
OBS-AMAZON-00098,amazon,"Amazon.com, Inc.",FY2019,H1 (6M YTD),2019-01-01,2019-06-30,2019-Q2,2019-07-26,Purchases of property and equipment,cash_purchases_of_ppe,"(6,852)",USD,millions,6852000000,SRC-IQ16-AMAZON-0001018724-19-000071,A,https://www.sec.gov/Archives/edgar/data/1018724/000101872419000071/amzn-2019630x10q.htm,10-Q consolidated statements of cash flows,REPORTED,,Amazon gross purchases (presentation from the FY2017 10-K); incentives on their own line.,NO,NO,NO (internal-use software capitalised as property and equipment is included),NO,FALSE,FALSE,XBRL tag us-gaap:PaymentsToAcquireProductiveAssets; text check PASS. Same value also printed in 1 later filing(s).
OBS-AMAZON-00099,amazon,"Amazon.com, Inc.",FY2019,9M YTD,2019-01-01,2019-09-30,2019-Q3,2019-10-25,Purchases of property and equipment,cash_purchases_of_ppe,"(11,549)",USD,millions,11549000000,SRC-IQ16-AMAZON-0001018724-19-000089,A,https://www.sec.gov/Archives/edgar/data/1018724/000101872419000089/amzn-2019930x10q.htm,10-Q consolidated statements of cash flows,REPORTED,,Amazon gross purchases (presentation from the FY2017 10-K); incentives on their own line.,NO,NO,NO (internal-use software capitalised as property and equipment is included),NO,FALSE,FALSE,XBRL tag us-gaap:PaymentsToAcquireProductiveAssets; text check PASS. Same value also printed in 1 later filing(s).
OBS-AMAZON-00100,amazon,"Amazon.com, Inc.",FY2019,FY,2019-01-01,2019-12-31,2019-Q4,2020-01-31,Purchases of property and equipment,cash_purchases_of_ppe,"(16,861)",USD,millions,16861000000,SRC-IQ16-AMAZON-0001018724-20-000004,A,https://www.sec.gov/Archives/edgar/data/1018724/000101872420000004/amzn-20191231x10k.htm,10-K consolidated statements of cash flows,REPORTED,,Amazon gross purchases (presentation from the FY2017 10-K); incentives on their own line.,NO,NO,NO (internal-use software capitalised as property and equipment is included),NO,FALSE,FALSE,XBRL tag us-gaap:PaymentsToAcquireProductiveAssets; text check PASS. Same value also printed in 2 later filing(s).
OBS-AMAZON-00101,amazon,"Amazon.com, Inc.",FY2019,Q2,2019-04-01,2019-06-30,2019-Q2,2019-07-26,Purchases of property and equipment,cash_purchases_of_ppe,"(3,562)",USD,millions,3562000000,SRC-IQ16-AMAZON-0001018724-19-000071,A,https://www.sec.gov/Archives/edgar/data/1018724/000101872419000071/amzn-2019630x10q.htm,10-Q consolidated statements of cash flows,REPORTED,,Amazon gross purchases (presentation from the FY2017 10-K); incentives on their own line.,NO,NO,NO (internal-use software capitalised as property and equipment is included),NO,FALSE,FALSE,XBRL tag us-gaap:PaymentsToAcquireProductiveAssets; text check PASS. Same value also printed in 1 later filing(s).
OBS-AMAZON-00102,amazon,"Amazon.com, Inc.",FY2019,Q3,2019-07-01,2019-09-30,2019-Q3,2019-10-25,Purchases of property and equipment,cash_purchases_of_ppe,"(4,697)",USD,millions,4697000000,SRC-IQ16-AMAZON-0001018724-19-000089,A,https://www.sec.gov/Archives/edgar/data/1018724/000101872419000089/amzn-2019930x10q.htm,10-Q consolidated statements of cash flows,REPORTED,,Amazon gross purchases (presentation from the FY2017 10-K); incentives on their own line.,NO,NO,NO (internal-use software capitalised as property and equipment is included),NO,FALSE,FALSE,XBRL tag us-gaap:PaymentsToAcquireProductiveAssets; text check PASS. Same value also printed in 1 later filing(s).
OBS-AMAZON-00103,amazon,"Amazon.com, Inc.",FY2020,Q1,2020-01-01,2020-03-31,2020-Q1,2020-05-01,Purchases of property and equipment,cash_purchases_of_ppe,"(6,795)",USD,millions,6795000000,SRC-IQ16-AMAZON-0001018724-20-000010,A,https://www.sec.gov/Archives/edgar/data/1018724/000101872420000010/amzn-20200331x10q.htm,10-Q consolidated statements of cash flows,REPORTED,,Amazon gross purchases (presentation from the FY2017 10-K); incentives on their own line.,NO,NO,NO (internal-use software capitalised as property and equipment is included),NO,FALSE,FALSE,XBRL tag us-gaap:PaymentsToAcquireProductiveAssets; text check PASS. Same value also printed in 1 later filing(s).
OBS-AMAZON-00104,amazon,"Amazon.com, Inc.",FY2020,H1 (6M YTD),2020-01-01,2020-06-30,2020-Q2,2020-07-31,Purchases of property and equipment,cash_purchases_of_ppe,"(14,254)",USD,millions,14254000000,SRC-IQ16-AMAZON-0001018724-20-000021,A,https://www.sec.gov/Archives/edgar/data/1018724/000101872420000021/amzn-20200630.htm,10-Q consolidated statements of cash flows,REPORTED,,Amazon gross purchases (presentation from the FY2017 10-K); incentives on their own line.,NO,NO,NO (internal-use software capitalised as property and equipment is included),NO,FALSE,FALSE,XBRL tag us-gaap:PaymentsToAcquireProductiveAssets; text check PASS. Same value also printed in 1 later filing(s).
OBS-AMAZON-00105,amazon,"Amazon.com, Inc.",FY2020,9M YTD,2020-01-01,2020-09-30,2020-Q3,2020-10-30,Purchases of property and equipment,cash_purchases_of_ppe,"(25,317)",USD,millions,25317000000,SRC-IQ16-AMAZON-0001018724-20-000030,A,https://www.sec.gov/Archives/edgar/data/1018724/000101872420000030/amzn-20200930.htm,10-Q consolidated statements of cash flows,REPORTED,,Amazon gross purchases (presentation from the FY2017 10-K); incentives on their own line.,NO,NO,NO (internal-use software capitalised as property and equipment is included),NO,FALSE,FALSE,XBRL tag us-gaap:PaymentsToAcquireProductiveAssets; text check PASS. Same value also printed in 1 later filing(s).
OBS-AMAZON-00106,amazon,"Amazon.com, Inc.",FY2020,FY,2020-01-01,2020-12-31,2020-Q4,2021-02-03,Purchases of property and equipment,cash_purchases_of_ppe,"(40,140)",USD,millions,40140000000,SRC-IQ16-AMAZON-0001018724-21-000004,A,https://www.sec.gov/Archives/edgar/data/1018724/000101872421000004/amzn-20201231.htm,10-K consolidated statements of cash flows,REPORTED,,Amazon gross purchases (presentation from the FY2017 10-K); incentives on their own line.,NO,NO,NO (internal-use software capitalised as property and equipment is included),NO,FALSE,FALSE,XBRL tag us-gaap:PaymentsToAcquireProductiveAssets; text check PASS. Same value also printed in 2 later filing(s).
OBS-AMAZON-00107,amazon,"Amazon.com, Inc.",FY2020,Q2,2020-04-01,2020-06-30,2020-Q2,2020-07-31,Purchases of property and equipment,cash_purchases_of_ppe,"(7,459)",USD,millions,7459000000,SRC-IQ16-AMAZON-0001018724-20-000021,A,https://www.sec.gov/Archives/edgar/data/1018724/000101872420000021/amzn-20200630.htm,10-Q consolidated statements of cash flows,REPORTED,,Amazon gross purchases (presentation from the FY2017 10-K); incentives on their own line.,NO,NO,NO (internal-use software capitalised as property and equipment is included),NO,FALSE,FALSE,XBRL tag us-gaap:PaymentsToAcquireProductiveAssets; text check PASS. Same value also printed in 1 later filing(s).
OBS-AMAZON-00108,amazon,"Amazon.com, Inc.",FY2020,Q3,2020-07-01,2020-09-30,2020-Q3,2020-10-30,Purchases of property and equipment,cash_purchases_of_ppe,"(11,063)",USD,millions,11063000000,SRC-IQ16-AMAZON-0001018724-20-000030,A,https://www.sec.gov/Archives/edgar/data/1018724/000101872420000030/amzn-20200930.htm,10-Q consolidated statements of cash flows,REPORTED,,Amazon gross purchases (presentation from the FY2017 10-K); incentives on their own line.,NO,NO,NO (internal-use software capitalised as property and equipment is included),NO,FALSE,FALSE,XBRL tag us-gaap:PaymentsToAcquireProductiveAssets; text check PASS. Same value also printed in 1 later filing(s).
OBS-AMAZON-00109,amazon,"Amazon.com, Inc.",FY2021,Q1,2021-01-01,2021-03-31,2021-Q1,2021-04-30,Purchases of property and equipment,cash_purchases_of_ppe,"(12,082)",USD,millions,12082000000,SRC-IQ16-AMAZON-0001018724-21-000010,A,https://www.sec.gov/Archives/edgar/data/1018724/000101872421000010/amzn-20210331.htm,10-Q consolidated statements of cash flows,REPORTED,,Amazon gross purchases (presentation from the FY2017 10-K); incentives on their own line.,NO,NO,NO (internal-use software capitalised as property and equipment is included),NO,FALSE,FALSE,XBRL tag us-gaap:PaymentsToAcquireProductiveAssets; text check PASS. Same value also printed in 1 later filing(s).
OBS-AMAZON-00110,amazon,"Amazon.com, Inc.",FY2021,H1 (6M YTD),2021-01-01,2021-06-30,2021-Q2,2021-07-30,Purchases of property and equipment,cash_purchases_of_ppe,"(26,370)",USD,millions,26370000000,SRC-IQ16-AMAZON-0001018724-21-000020,A,https://www.sec.gov/Archives/edgar/data/1018724/000101872421000020/amzn-20210630.htm,10-Q consolidated statements of cash flows,REPORTED,,Amazon gross purchases (presentation from the FY2017 10-K); incentives on their own line.,NO,NO,NO (internal-use software capitalised as property and equipment is included),NO,FALSE,FALSE,XBRL tag us-gaap:PaymentsToAcquireProductiveAssets; text check PASS. Same value also printed in 1 later filing(s).
OBS-AMAZON-00111,amazon,"Amazon.com, Inc.",FY2021,9M YTD,2021-01-01,2021-09-30,2021-Q3,2021-10-29,Purchases of property and equipment,cash_purchases_of_ppe,"(42,118)",USD,millions,42118000000,SRC-IQ16-AMAZON-0001018724-21-000028,A,https://www.sec.gov/Archives/edgar/data/1018724/000101872421000028/amzn-20210930.htm,10-Q consolidated statements of cash flows,REPORTED,,Amazon gross purchases (presentation from the FY2017 10-K); incentives on their own line.,NO,NO,NO (internal-use software capitalised as property and equipment is included),NO,FALSE,FALSE,XBRL tag us-gaap:PaymentsToAcquireProductiveAssets; text check PASS. Same value also printed in 1 later filing(s).
OBS-AMAZON-00112,amazon,"Amazon.com, Inc.",FY2021,FY,2021-01-01,2021-12-31,2021-Q4,2022-02-04,Purchases of property and equipment,cash_purchases_of_ppe,"(61,053)",USD,millions,61053000000,SRC-IQ16-AMAZON-0001018724-22-000005,A,https://www.sec.gov/Archives/edgar/data/1018724/000101872422000005/amzn-20211231.htm,10-K consolidated statements of cash flows,REPORTED,,Amazon gross purchases (presentation from the FY2017 10-K); incentives on their own line.,NO,NO,NO (internal-use software capitalised as property and equipment is included),NO,FALSE,FALSE,XBRL tag us-gaap:PaymentsToAcquireProductiveAssets; text check PASS. Same value also printed in 2 later filing(s).
OBS-AMAZON-00113,amazon,"Amazon.com, Inc.",FY2021,Q2,2021-04-01,2021-06-30,2021-Q2,2021-07-30,Purchases of property and equipment,cash_purchases_of_ppe,"(14,288)",USD,millions,14288000000,SRC-IQ16-AMAZON-0001018724-21-000020,A,https://www.sec.gov/Archives/edgar/data/1018724/000101872421000020/amzn-20210630.htm,10-Q consolidated statements of cash flows,REPORTED,,Amazon gross purchases (presentation from the FY2017 10-K); incentives on their own line.,NO,NO,NO (internal-use software capitalised as property and equipment is included),NO,FALSE,FALSE,XBRL tag us-gaap:PaymentsToAcquireProductiveAssets; text check PASS. Same value also printed in 1 later filing(s).
OBS-AMAZON-00114,amazon,"Amazon.com, Inc.",FY2021,Q3,2021-07-01,2021-09-30,2021-Q3,2021-10-29,Purchases of property and equipment,cash_purchases_of_ppe,"(15,748)",USD,millions,15748000000,SRC-IQ16-AMAZON-0001018724-21-000028,A,https://www.sec.gov/Archives/edgar/data/1018724/000101872421000028/amzn-20210930.htm,10-Q consolidated statements of cash flows,REPORTED,,Amazon gross purchases (presentation from the FY2017 10-K); incentives on their own line.,NO,NO,NO (internal-use software capitalised as property and equipment is included),NO,FALSE,FALSE,XBRL tag us-gaap:PaymentsToAcquireProductiveAssets; text check PASS. Same value also printed in 1 later filing(s).
OBS-AMAZON-00115,amazon,"Amazon.com, Inc.",FY2022,Q1,2022-01-01,2022-03-31,2022-Q1,2022-04-29,Purchases of property and equipment,cash_purchases_of_ppe,"(14,951)",USD,millions,14951000000,SRC-IQ16-AMAZON-0001018724-22-000013,A,https://www.sec.gov/Archives/edgar/data/1018724/000101872422000013/amzn-20220331.htm,10-Q consolidated statements of cash flows,REPORTED,,Amazon gross purchases (presentation from the FY2017 10-K); incentives on their own line.,NO,NO,NO (internal-use software capitalised as property and equipment is included),NO,FALSE,FALSE,XBRL tag us-gaap:PaymentsToAcquireProductiveAssets; text check PASS. Same value also printed in 1 later filing(s).
OBS-AMAZON-00116,amazon,"Amazon.com, Inc.",FY2022,H1 (6M YTD),2022-01-01,2022-06-30,2022-Q2,2022-07-29,Purchases of property and equipment,cash_purchases_of_ppe,"(30,675)",USD,millions,30675000000,SRC-IQ16-AMAZON-0001018724-22-000019,A,https://www.sec.gov/Archives/edgar/data/1018724/000101872422000019/amzn-20220630.htm,10-Q consolidated statements of cash flows,REPORTED,,Amazon gross purchases (presentation from the FY2017 10-K); incentives on their own line.,NO,NO,NO (internal-use software capitalised as property and equipment is included),NO,FALSE,FALSE,XBRL tag us-gaap:PaymentsToAcquireProductiveAssets; text check PASS. Same value also printed in 1 later filing(s).
OBS-AMAZON-00117,amazon,"Amazon.com, Inc.",FY2022,9M YTD,2022-01-01,2022-09-30,2022-Q3,2022-10-28,Purchases of property and equipment,cash_purchases_of_ppe,"(47,053)",USD,millions,47053000000,SRC-IQ16-AMAZON-0001018724-22-000023,A,https://www.sec.gov/Archives/edgar/data/1018724/000101872422000023/amzn-20220930.htm,10-Q consolidated statements of cash flows,REPORTED,,Amazon gross purchases (presentation from the FY2017 10-K); incentives on their own line.,NO,NO,NO (internal-use software capitalised as property and equipment is included),NO,FALSE,FALSE,XBRL tag us-gaap:PaymentsToAcquireProductiveAssets; text check PASS. Same value also printed in 1 later filing(s).
OBS-AMAZON-00118,amazon,"Amazon.com, Inc.",FY2022,FY,2022-01-01,2022-12-31,2022-Q4,2023-02-03,Purchases of property and equipment,cash_purchases_of_ppe,"(63,645)",USD,millions,63645000000,SRC-IQ16-AMAZON-0001018724-23-000004,A,https://www.sec.gov/Archives/edgar/data/1018724/000101872423000004/amzn-20221231.htm,10-K consolidated statements of cash flows,REPORTED,,Amazon gross purchases (presentation from the FY2017 10-K); incentives on their own line.,NO,NO,NO (internal-use software capitalised as property and equipment is included),NO,FALSE,FALSE,XBRL tag us-gaap:PaymentsToAcquireProductiveAssets; text check PASS. Same value also printed in 2 later filing(s).
OBS-AMAZON-00119,amazon,"Amazon.com, Inc.",FY2022,Q2,2022-04-01,2022-06-30,2022-Q2,2022-07-29,Purchases of property and equipment,cash_purchases_of_ppe,"(15,724)",USD,millions,15724000000,SRC-IQ16-AMAZON-0001018724-22-000019,A,https://www.sec.gov/Archives/edgar/data/1018724/000101872422000019/amzn-20220630.htm,10-Q consolidated statements of cash flows,REPORTED,,Amazon gross purchases (presentation from the FY2017 10-K); incentives on their own line.,NO,NO,NO (internal-use software capitalised as property and equipment is included),NO,FALSE,FALSE,XBRL tag us-gaap:PaymentsToAcquireProductiveAssets; text check PASS. Same value also printed in 1 later filing(s).
OBS-AMAZON-00120,amazon,"Amazon.com, Inc.",FY2022,Q3,2022-07-01,2022-09-30,2022-Q3,2022-10-28,Purchases of property and equipment,cash_purchases_of_ppe,"(16,378)",USD,millions,16378000000,SRC-IQ16-AMAZON-0001018724-22-000023,A,https://www.sec.gov/Archives/edgar/data/1018724/000101872422000023/amzn-20220930.htm,10-Q consolidated statements of cash flows,REPORTED,,Amazon gross purchases (presentation from the FY2017 10-K); incentives on their own line.,NO,NO,NO (internal-use software capitalised as property and equipment is included),NO,FALSE,FALSE,XBRL tag us-gaap:PaymentsToAcquireProductiveAssets; text check PASS. Same value also printed in 1 later filing(s).
OBS-AMAZON-00121,amazon,"Amazon.com, Inc.",FY2023,Q1,2023-01-01,2023-03-31,2023-Q1,2023-04-28,Purchases of property and equipment,cash_purchases_of_ppe,"(14,207)",USD,millions,14207000000,SRC-IQ16-AMAZON-0001018724-23-000008,A,https://www.sec.gov/Archives/edgar/data/1018724/000101872423000008/amzn-20230331.htm,10-Q consolidated statements of cash flows,REPORTED,,Amazon gross purchases (presentation from the FY2017 10-K); incentives on their own line.,NO,NO,NO (internal-use software capitalised as property and equipment is included),NO,FALSE,FALSE,XBRL tag us-gaap:PaymentsToAcquireProductiveAssets; text check PASS. Same value also printed in 1 later filing(s).
OBS-AMAZON-00122,amazon,"Amazon.com, Inc.",FY2023,H1 (6M YTD),2023-01-01,2023-06-30,2023-Q2,2023-08-04,Purchases of property and equipment,cash_purchases_of_ppe,"(25,662)",USD,millions,25662000000,SRC-IQ16-AMAZON-0001018724-23-000012,A,https://www.sec.gov/Archives/edgar/data/1018724/000101872423000012/amzn-20230630.htm,10-Q consolidated statements of cash flows,REPORTED,,Amazon gross purchases (presentation from the FY2017 10-K); incentives on their own line.,NO,NO,NO (internal-use software capitalised as property and equipment is included),NO,FALSE,FALSE,XBRL tag us-gaap:PaymentsToAcquireProductiveAssets; text check PASS. Same value also printed in 1 later filing(s).
OBS-AMAZON-00123,amazon,"Amazon.com, Inc.",FY2023,9M YTD,2023-01-01,2023-09-30,2023-Q3,2023-10-27,Purchases of property and equipment,cash_purchases_of_ppe,"(38,141)",USD,millions,38141000000,SRC-IQ16-AMAZON-0001018724-23-000018,A,https://www.sec.gov/Archives/edgar/data/1018724/000101872423000018/amzn-20230930.htm,10-Q consolidated statements of cash flows,REPORTED,,Amazon gross purchases (presentation from the FY2017 10-K); incentives on their own line.,NO,NO,NO (internal-use software capitalised as property and equipment is included),NO,FALSE,FALSE,XBRL tag us-gaap:PaymentsToAcquireProductiveAssets; text check PASS. Same value also printed in 1 later filing(s).
OBS-AMAZON-00124,amazon,"Amazon.com, Inc.",FY2023,FY,2023-01-01,2023-12-31,2023-Q4,2024-02-02,Purchases of property and equipment,cash_purchases_of_ppe,"(52,729)",USD,millions,52729000000,SRC-IQ16-AMAZON-0001018724-24-000008,A,https://www.sec.gov/Archives/edgar/data/1018724/000101872424000008/amzn-20231231.htm,10-K consolidated statements of cash flows,REPORTED,,Amazon gross purchases (presentation from the FY2017 10-K); incentives on their own line.,NO,NO,NO (internal-use software capitalised as property and equipment is included),NO,FALSE,FALSE,XBRL tag us-gaap:PaymentsToAcquireProductiveAssets; text check PASS. Same value also printed in 2 later filing(s).
OBS-AMAZON-00125,amazon,"Amazon.com, Inc.",FY2023,Q2,2023-04-01,2023-06-30,2023-Q2,2023-08-04,Purchases of property and equipment,cash_purchases_of_ppe,"(11,455)",USD,millions,11455000000,SRC-IQ16-AMAZON-0001018724-23-000012,A,https://www.sec.gov/Archives/edgar/data/1018724/000101872423000012/amzn-20230630.htm,10-Q consolidated statements of cash flows,REPORTED,,Amazon gross purchases (presentation from the FY2017 10-K); incentives on their own line.,NO,NO,NO (internal-use software capitalised as property and equipment is included),NO,FALSE,FALSE,XBRL tag us-gaap:PaymentsToAcquireProductiveAssets; text check PASS. Same value also printed in 1 later filing(s).
OBS-AMAZON-00126,amazon,"Amazon.com, Inc.",FY2023,Q3,2023-07-01,2023-09-30,2023-Q3,2023-10-27,Purchases of property and equipment,cash_purchases_of_ppe,"(12,479)",USD,millions,12479000000,SRC-IQ16-AMAZON-0001018724-23-000018,A,https://www.sec.gov/Archives/edgar/data/1018724/000101872423000018/amzn-20230930.htm,10-Q consolidated statements of cash flows,REPORTED,,Amazon gross purchases (presentation from the FY2017 10-K); incentives on their own line.,NO,NO,NO (internal-use software capitalised as property and equipment is included),NO,FALSE,FALSE,XBRL tag us-gaap:PaymentsToAcquireProductiveAssets; text check PASS. Same value also printed in 1 later filing(s).
OBS-AMAZON-00127,amazon,"Amazon.com, Inc.",FY2024,Q1,2024-01-01,2024-03-31,2024-Q1,2024-05-01,Purchases of property and equipment,cash_purchases_of_ppe,"(14,925)",USD,millions,14925000000,SRC-IQ16-AMAZON-0001018724-24-000083,A,https://www.sec.gov/Archives/edgar/data/1018724/000101872424000083/amzn-20240331.htm,10-Q consolidated statements of cash flows,REPORTED,,Amazon gross purchases (presentation from the FY2017 10-K); incentives on their own line.,NO,NO,NO (internal-use software capitalised as property and equipment is included),NO,FALSE,FALSE,XBRL tag us-gaap:PaymentsToAcquireProductiveAssets; text check PASS. Same value also printed in 1 later filing(s).
OBS-AMAZON-00128,amazon,"Amazon.com, Inc.",FY2024,H1 (6M YTD),2024-01-01,2024-06-30,2024-Q2,2024-08-02,Purchases of property and equipment,cash_purchases_of_ppe,"(32,545)",USD,millions,32545000000,SRC-IQ16-AMAZON-0001018724-24-000130,A,https://www.sec.gov/Archives/edgar/data/1018724/000101872424000130/amzn-20240630.htm,10-Q consolidated statements of cash flows,REPORTED,,Amazon gross purchases (presentation from the FY2017 10-K); incentives on their own line.,NO,NO,NO (internal-use software capitalised as property and equipment is included),NO,FALSE,FALSE,XBRL tag us-gaap:PaymentsToAcquireProductiveAssets; text check PASS. Same value also printed in 1 later filing(s).
OBS-AMAZON-00129,amazon,"Amazon.com, Inc.",FY2024,9M YTD,2024-01-01,2024-09-30,2024-Q3,2024-11-01,Purchases of property and equipment,cash_purchases_of_ppe,"(55,165)",USD,millions,55165000000,SRC-IQ16-AMAZON-0001018724-24-000161,A,https://www.sec.gov/Archives/edgar/data/1018724/000101872424000161/amzn-20240930.htm,10-Q consolidated statements of cash flows,REPORTED,,Amazon gross purchases (presentation from the FY2017 10-K); incentives on their own line.,NO,NO,NO (internal-use software capitalised as property and equipment is included),NO,FALSE,FALSE,XBRL tag us-gaap:PaymentsToAcquireProductiveAssets; text check PASS. Same value also printed in 1 later filing(s).
OBS-AMAZON-00130,amazon,"Amazon.com, Inc.",FY2024,FY,2024-01-01,2024-12-31,2024-Q4,2025-02-07,Purchases of property and equipment,cash_purchases_of_ppe,"(82,999)",USD,millions,82999000000,SRC-IQ16-AMAZON-0001018724-25-000004,A,https://www.sec.gov/Archives/edgar/data/1018724/000101872425000004/amzn-20241231.htm,10-K consolidated statements of cash flows,REPORTED,,Amazon gross purchases (presentation from the FY2017 10-K); incentives on their own line.,NO,NO,NO (internal-use software capitalised as property and equipment is included),NO,FALSE,FALSE,XBRL tag us-gaap:PaymentsToAcquireProductiveAssets; text check PASS. Same value also printed in 1 later filing(s).
OBS-AMAZON-00131,amazon,"Amazon.com, Inc.",FY2024,Q2,2024-04-01,2024-06-30,2024-Q2,2024-08-02,Purchases of property and equipment,cash_purchases_of_ppe,"(17,620)",USD,millions,17620000000,SRC-IQ16-AMAZON-0001018724-24-000130,A,https://www.sec.gov/Archives/edgar/data/1018724/000101872424000130/amzn-20240630.htm,10-Q consolidated statements of cash flows,REPORTED,,Amazon gross purchases (presentation from the FY2017 10-K); incentives on their own line.,NO,NO,NO (internal-use software capitalised as property and equipment is included),NO,FALSE,FALSE,XBRL tag us-gaap:PaymentsToAcquireProductiveAssets; text check PASS. Same value also printed in 1 later filing(s).
OBS-AMAZON-00132,amazon,"Amazon.com, Inc.",FY2024,Q3,2024-07-01,2024-09-30,2024-Q3,2024-11-01,Purchases of property and equipment,cash_purchases_of_ppe,"(22,620)",USD,millions,22620000000,SRC-IQ16-AMAZON-0001018724-24-000161,A,https://www.sec.gov/Archives/edgar/data/1018724/000101872424000161/amzn-20240930.htm,10-Q consolidated statements of cash flows,REPORTED,,Amazon gross purchases (presentation from the FY2017 10-K); incentives on their own line.,NO,NO,NO (internal-use software capitalised as property and equipment is included),NO,FALSE,FALSE,XBRL tag us-gaap:PaymentsToAcquireProductiveAssets; text check PASS. Same value also printed in 1 later filing(s).
OBS-AMAZON-00133,amazon,"Amazon.com, Inc.",FY2025,Q1,2025-01-01,2025-03-31,2025-Q1,2025-05-02,Purchases of property and equipment,cash_purchases_of_ppe,"(25,019)",USD,millions,25019000000,SRC-IQ16-AMAZON-0001018724-25-000036,A,https://www.sec.gov/Archives/edgar/data/1018724/000101872425000036/amzn-20250331.htm,10-Q consolidated statements of cash flows,REPORTED,,Amazon gross purchases (presentation from the FY2017 10-K); incentives on their own line.,NO,NO,NO (internal-use software capitalised as property and equipment is included),NO,FALSE,FALSE,XBRL tag us-gaap:PaymentsToAcquireProductiveAssets; text check PASS. Same value also printed in 1 later filing(s).
OBS-AMAZON-00134,amazon,"Amazon.com, Inc.",FY2025,H1 (6M YTD),2025-01-01,2025-06-30,2025-Q2,2025-08-01,Purchases of property and equipment,cash_purchases_of_ppe,"(57,202)",USD,millions,57202000000,SRC-IQ16-AMAZON-0001018724-25-000086,A,https://www.sec.gov/Archives/edgar/data/1018724/000101872425000086/amzn-20250630.htm,10-Q consolidated statements of cash flows,REPORTED,,Amazon gross purchases (presentation from the FY2017 10-K); incentives on their own line.,NO,NO,NO (internal-use software capitalised as property and equipment is included),NO,FALSE,FALSE,XBRL tag us-gaap:PaymentsToAcquireProductiveAssets; text check PASS. Same value also printed in 1 later filing(s).
OBS-AMAZON-00135,amazon,"Amazon.com, Inc.",FY2025,9M YTD,2025-01-01,2025-09-30,2025-Q3,2025-10-31,Purchases of property and equipment,cash_purchases_of_ppe,"(92,297)",USD,millions,92297000000,SRC-IQ16-AMAZON-0001018724-25-000123,A,https://www.sec.gov/Archives/edgar/data/1018724/000101872425000123/amzn-20250930.htm,10-Q consolidated statements of cash flows,REPORTED,,Amazon gross purchases (presentation from the FY2017 10-K); incentives on their own line.,NO,NO,NO (internal-use software capitalised as property and equipment is included),NO,FALSE,FALSE,XBRL tag us-gaap:PaymentsToAcquireProductiveAssets; text check PASS.
OBS-AMAZON-00136,amazon,"Amazon.com, Inc.",FY2025,FY,2025-01-01,2025-12-31,2025-Q4,2026-02-06,Purchases of property and equipment,cash_purchases_of_ppe,"(131,819)",USD,millions,131819000000,SRC-AMZN-006,A,https://www.sec.gov/Archives/edgar/data/1018724/000101872426000004/amzn-20251231.htm,10-K consolidated statements of cash flows,REPORTED,,Amazon gross purchases (presentation from the FY2017 10-K); incentives on their own line.,NO,NO,NO (internal-use software capitalised as property and equipment is included),NO,FALSE,FALSE,XBRL tag us-gaap:PaymentsToAcquireProductiveAssets; text check PASS.
OBS-AMAZON-00137,amazon,"Amazon.com, Inc.",FY2025,Q2,2025-04-01,2025-06-30,2025-Q2,2025-08-01,Purchases of property and equipment,cash_purchases_of_ppe,"(32,183)",USD,millions,32183000000,SRC-IQ16-AMAZON-0001018724-25-000086,A,https://www.sec.gov/Archives/edgar/data/1018724/000101872425000086/amzn-20250630.htm,10-Q consolidated statements of cash flows,REPORTED,,Amazon gross purchases (presentation from the FY2017 10-K); incentives on their own line.,NO,NO,NO (internal-use software capitalised as property and equipment is included),NO,FALSE,FALSE,XBRL tag us-gaap:PaymentsToAcquireProductiveAssets; text check PASS. Same value also printed in 1 later filing(s).
OBS-AMAZON-00138,amazon,"Amazon.com, Inc.",FY2025,Q3,2025-07-01,2025-09-30,2025-Q3,2025-10-31,Purchases of property and equipment,cash_purchases_of_ppe,"(35,095)",USD,millions,35095000000,SRC-IQ16-AMAZON-0001018724-25-000123,A,https://www.sec.gov/Archives/edgar/data/1018724/000101872425000123/amzn-20250930.htm,10-Q consolidated statements of cash flows,REPORTED,,Amazon gross purchases (presentation from the FY2017 10-K); incentives on their own line.,NO,NO,NO (internal-use software capitalised as property and equipment is included),NO,FALSE,FALSE,XBRL tag us-gaap:PaymentsToAcquireProductiveAssets; text check PASS.
OBS-AMAZON-00139,amazon,"Amazon.com, Inc.",FY2026,Q1,2026-01-01,2026-03-31,2026-Q1,2026-04-30,Purchases of property and equipment,cash_purchases_of_ppe,"(44,203)",USD,millions,44203000000,SRC-IQ16-AMAZON-0001018724-26-000014,A,https://www.sec.gov/Archives/edgar/data/1018724/000101872426000014/amzn-20260331.htm,10-Q consolidated statements of cash flows,REPORTED,,Amazon gross purchases (presentation from the FY2017 10-K); incentives on their own line.,NO,NO,NO (internal-use software capitalised as property and equipment is included),NO,FALSE,FALSE,XBRL tag us-gaap:PaymentsToAcquireProductiveAssets; text check PASS.
OBS-AMAZON-00140,amazon,"Amazon.com, Inc.",FY2026,H1 (6M YTD),2026-01-01,2026-06-30,2026-Q2,2026-07-31,Purchases of property and equipment,cash_purchases_of_ppe,"(98,411)",USD,millions,98411000000,SRC-IQ16-AMAZON-0001018724-26-000026,A,https://www.sec.gov/Archives/edgar/data/1018724/000101872426000026/amzn-20260630.htm,10-Q consolidated statements of cash flows,REPORTED,,Amazon gross purchases (presentation from the FY2017 10-K); incentives on their own line.,NO,NO,NO (internal-use software capitalised as property and equipment is included),NO,FALSE,FALSE,XBRL tag us-gaap:PaymentsToAcquireProductiveAssets; text check PASS.
OBS-AMAZON-00141,amazon,"Amazon.com, Inc.",FY2026,Q2,2026-04-01,2026-06-30,2026-Q2,2026-07-31,Purchases of property and equipment,cash_purchases_of_ppe,"(54,208)",USD,millions,54208000000,SRC-IQ16-AMAZON-0001018724-26-000026,A,https://www.sec.gov/Archives/edgar/data/1018724/000101872426000026/amzn-20260630.htm,10-Q consolidated statements of cash flows,REPORTED,,Amazon gross purchases (presentation from the FY2017 10-K); incentives on their own line.,NO,NO,NO (internal-use software capitalised as property and equipment is included),NO,FALSE,FALSE,XBRL tag us-gaap:PaymentsToAcquireProductiveAssets; text check PASS.
OBS-AMAZON-00142,amazon,"Amazon.com, Inc.",FY2008,FY,2008-01-01,2008-12-31,2008-Q4,2010-01-29,"Purchases of fixed assets, including internal-use software and website development",cash_purchases_of_ppe_net_of_incentives,(333),USD,millions,333000000,SRC-IQ16-AMAZON-0001193125-10-016098,A,https://www.sec.gov/Archives/edgar/data/1018724/000119312510016098/d10k.htm,10-K consolidated statements of cash flows,REPORTED,,"Amazon's single purchases line before the FY2017 10-K: net of property and equipment incentives (label gained ', net' in 2016).",NO,NO,NO (internal-use software capitalised as property and equipment is included),NO,FALSE,FALSE,XBRL tag us-gaap:PaymentsToAcquirePropertyPlantAndEquipment; text check PASS. Same value also printed in 1 later filing(s).
OBS-AMAZON-00143,amazon,"Amazon.com, Inc.",FY2009,Q1,2009-01-01,2009-03-31,2009-Q1,2010-04-23,"Purchases of fixed assets, including internal-use software and website development",cash_purchases_of_ppe_net_of_incentives,(55),USD,millions,55000000,SRC-IQ16-AMAZON-0001193125-10-090367,A,https://www.sec.gov/Archives/edgar/data/1018724/000119312510090367/d10q.htm,10-Q consolidated statements of cash flows,REPORTED,,"Amazon's single purchases line before the FY2017 10-K: net of property and equipment incentives (label gained ', net' in 2016).",NO,NO,NO (internal-use software capitalised as property and equipment is included),NO,FALSE,FALSE,XBRL tag us-gaap:PaymentsToAcquirePropertyPlantAndEquipment; text check PASS.
OBS-AMAZON-00144,amazon,"Amazon.com, Inc.",FY2009,H1 (6M YTD),2009-01-01,2009-06-30,2009-Q2,2010-07-23,"Purchases of fixed assets, including internal-use software and website development",cash_purchases_of_ppe_net_of_incentives,(133),USD,millions,133000000,SRC-IQ16-AMAZON-0001193125-10-164083,A,https://www.sec.gov/Archives/edgar/data/1018724/000119312510164083/d10q.htm,10-Q consolidated statements of cash flows,REPORTED,,"Amazon's single purchases line before the FY2017 10-K: net of property and equipment incentives (label gained ', net' in 2016).",NO,NO,NO (internal-use software capitalised as property and equipment is included),NO,FALSE,FALSE,XBRL tag us-gaap:PaymentsToAcquirePropertyPlantAndEquipment; text check PASS.
OBS-AMAZON-00145,amazon,"Amazon.com, Inc.",FY2009,9M YTD,2009-01-01,2009-09-30,2009-Q3,2010-10-22,"Purchases of fixed assets, including internal-use software and website development",cash_purchases_of_ppe_net_of_incentives,(236),USD,millions,236000000,SRC-IQ16-AMAZON-0001193125-10-233883,A,https://www.sec.gov/Archives/edgar/data/1018724/000119312510233883/d10q.htm,10-Q consolidated statements of cash flows,REPORTED,,"Amazon's single purchases line before the FY2017 10-K: net of property and equipment incentives (label gained ', net' in 2016).",NO,NO,NO (internal-use software capitalised as property and equipment is included),NO,FALSE,FALSE,XBRL tag us-gaap:PaymentsToAcquirePropertyPlantAndEquipment; text check PASS.
OBS-AMAZON-00146,amazon,"Amazon.com, Inc.",FY2009,FY,2009-01-01,2009-12-31,2009-Q4,2010-01-29,"Purchases of fixed assets, including internal-use software and website development",cash_purchases_of_ppe_net_of_incentives,(373),USD,millions,373000000,SRC-IQ16-AMAZON-0001193125-10-016098,A,https://www.sec.gov/Archives/edgar/data/1018724/000119312510016098/d10k.htm,10-K consolidated statements of cash flows,REPORTED,,"Amazon's single purchases line before the FY2017 10-K: net of property and equipment incentives (label gained ', net' in 2016).",NO,NO,NO (internal-use software capitalised as property and equipment is included),NO,FALSE,FALSE,XBRL tag us-gaap:PaymentsToAcquirePropertyPlantAndEquipment; text check PASS. Same value also printed in 2 later filing(s).
OBS-AMAZON-00147,amazon,"Amazon.com, Inc.",FY2009,Q2,2009-04-01,2009-06-30,2009-Q2,2010-07-23,"Purchases of fixed assets, including internal-use software and website development",cash_purchases_of_ppe_net_of_incentives,(78),USD,millions,78000000,SRC-IQ16-AMAZON-0001193125-10-164083,A,https://www.sec.gov/Archives/edgar/data/1018724/000119312510164083/d10q.htm,10-Q consolidated statements of cash flows,REPORTED,,"Amazon's single purchases line before the FY2017 10-K: net of property and equipment incentives (label gained ', net' in 2016).",NO,NO,NO (internal-use software capitalised as property and equipment is included),NO,FALSE,FALSE,XBRL tag us-gaap:PaymentsToAcquirePropertyPlantAndEquipment; text check PASS.
OBS-AMAZON-00148,amazon,"Amazon.com, Inc.",FY2009,Q3,2009-07-01,2009-09-30,2009-Q3,2010-10-22,"Purchases of fixed assets, including internal-use software and website development",cash_purchases_of_ppe_net_of_incentives,(103),USD,millions,103000000,SRC-IQ16-AMAZON-0001193125-10-233883,A,https://www.sec.gov/Archives/edgar/data/1018724/000119312510233883/d10q.htm,10-Q consolidated statements of cash flows,REPORTED,,"Amazon's single purchases line before the FY2017 10-K: net of property and equipment incentives (label gained ', net' in 2016).",NO,NO,NO (internal-use software capitalised as property and equipment is included),NO,FALSE,FALSE,XBRL tag us-gaap:PaymentsToAcquirePropertyPlantAndEquipment; text check PASS.
OBS-AMAZON-00149,amazon,"Amazon.com, Inc.",FY2010,Q1,2010-01-01,2010-03-31,2010-Q1,2010-04-23,"Purchases of fixed assets, including internal-use software and website development",cash_purchases_of_ppe_net_of_incentives,(140),USD,millions,140000000,SRC-IQ16-AMAZON-0001193125-10-090367,A,https://www.sec.gov/Archives/edgar/data/1018724/000119312510090367/d10q.htm,10-Q consolidated statements of cash flows,REPORTED,,"Amazon's single purchases line before the FY2017 10-K: net of property and equipment incentives (label gained ', net' in 2016).",NO,NO,NO (internal-use software capitalised as property and equipment is included),NO,FALSE,FALSE,XBRL tag us-gaap:PaymentsToAcquirePropertyPlantAndEquipment; text check PASS. Same value also printed in 1 later filing(s).
OBS-AMAZON-00150,amazon,"Amazon.com, Inc.",FY2010,H1 (6M YTD),2010-01-01,2010-06-30,2010-Q2,2011-07-27,"Purchases of fixed assets, including internal-use software and website development",cash_purchases_of_ppe_net_of_incentives,(336),USD,millions,336000000,SRC-IQ16-AMAZON-0001193125-11-197823,A,https://www.sec.gov/Archives/edgar/data/1018724/000119312511197823/d10q.htm,10-Q consolidated statements of cash flows,REPORTED,,"Amazon's single purchases line before the FY2017 10-K: net of property and equipment incentives (label gained ', net' in 2016).",NO,NO,NO (internal-use software capitalised as property and equipment is included),NO,FALSE,FALSE,XBRL tag us-gaap:PaymentsToAcquirePropertyPlantAndEquipment; text check PASS.
OBS-AMAZON-00151,amazon,"Amazon.com, Inc.",FY2010,9M YTD,2010-01-01,2010-09-30,2010-Q3,2010-10-22,"Purchases of fixed assets, including internal-use software and website development",cash_purchases_of_ppe_net_of_incentives,(651),USD,millions,651000000,SRC-IQ16-AMAZON-0001193125-10-233883,A,https://www.sec.gov/Archives/edgar/data/1018724/000119312510233883/d10q.htm,10-Q consolidated statements of cash flows,REPORTED,,"Amazon's single purchases line before the FY2017 10-K: net of property and equipment incentives (label gained ', net' in 2016).",NO,NO,NO (internal-use software capitalised as property and equipment is included),NO,FALSE,FALSE,XBRL tag us-gaap:PaymentsToAcquirePropertyPlantAndEquipment; text check PASS. Same value also printed in 1 later filing(s).
OBS-AMAZON-00152,amazon,"Amazon.com, Inc.",FY2010,FY,2010-01-01,2010-12-31,2010-Q4,2011-01-28,"Purchases of fixed assets, including internal-use software and website development",cash_purchases_of_ppe_net_of_incentives,(979),USD,millions,979000000,SRC-AMZN-003,A,https://www.sec.gov/Archives/edgar/data/1018724/000119312511016253/d10k.htm,10-K consolidated statements of cash flows,REPORTED,,"Amazon's single purchases line before the FY2017 10-K: net of property and equipment incentives (label gained ', net' in 2016).",NO,NO,NO (internal-use software capitalised as property and equipment is included),NO,FALSE,FALSE,XBRL tag us-gaap:PaymentsToAcquirePropertyPlantAndEquipment; text check PASS. Same value also printed in 2 later filing(s).
OBS-AMAZON-00153,amazon,"Amazon.com, Inc.",FY2010,Q2,2010-04-01,2010-06-30,2010-Q2,2010-07-23,"Purchases of fixed assets, including internal-use software and website development",cash_purchases_of_ppe_net_of_incentives,(196),USD,millions,196000000,SRC-IQ16-AMAZON-0001193125-10-164083,A,https://www.sec.gov/Archives/edgar/data/1018724/000119312510164083/d10q.htm,10-Q consolidated statements of cash flows,REPORTED,,"Amazon's single purchases line before the FY2017 10-K: net of property and equipment incentives (label gained ', net' in 2016).",NO,NO,NO (internal-use software capitalised as property and equipment is included),NO,FALSE,FALSE,XBRL tag us-gaap:PaymentsToAcquirePropertyPlantAndEquipment; text check PASS. Same value also printed in 1 later filing(s).
OBS-AMAZON-00154,amazon,"Amazon.com, Inc.",FY2010,Q3,2010-07-01,2010-09-30,2010-Q3,2010-10-22,"Purchases of fixed assets, including internal-use software and website development",cash_purchases_of_ppe_net_of_incentives,(315),USD,millions,315000000,SRC-IQ16-AMAZON-0001193125-10-233883,A,https://www.sec.gov/Archives/edgar/data/1018724/000119312510233883/d10q.htm,10-Q consolidated statements of cash flows,REPORTED,,"Amazon's single purchases line before the FY2017 10-K: net of property and equipment incentives (label gained ', net' in 2016).",NO,NO,NO (internal-use software capitalised as property and equipment is included),NO,FALSE,FALSE,XBRL tag us-gaap:PaymentsToAcquirePropertyPlantAndEquipment; text check PASS. Same value also printed in 1 later filing(s).
OBS-AMAZON-00155,amazon,"Amazon.com, Inc.",FY2011,Q1,2011-01-01,2011-03-31,2011-Q1,2011-04-27,"Purchases of fixed assets, including internal-use software and website development",cash_purchases_of_ppe_net_of_incentives,(298),USD,millions,298000000,SRC-IQ16-AMAZON-0001193125-11-110197,A,https://www.sec.gov/Archives/edgar/data/1018724/000119312511110197/d10q.htm,10-Q consolidated statements of cash flows,REPORTED,,"Amazon's single purchases line before the FY2017 10-K: net of property and equipment incentives (label gained ', net' in 2016).",NO,NO,NO (internal-use software capitalised as property and equipment is included),NO,FALSE,FALSE,XBRL tag us-gaap:PaymentsToAcquirePropertyPlantAndEquipment; text check PASS. Same value also printed in 1 later filing(s).
OBS-AMAZON-00156,amazon,"Amazon.com, Inc.",FY2011,H1 (6M YTD),2011-01-01,2011-06-30,2011-Q2,2011-07-27,"Purchases of fixed assets, including internal-use software and website development",cash_purchases_of_ppe_net_of_incentives,(731),USD,millions,731000000,SRC-IQ16-AMAZON-0001193125-11-197823,A,https://www.sec.gov/Archives/edgar/data/1018724/000119312511197823/d10q.htm,10-Q consolidated statements of cash flows,REPORTED,,"Amazon's single purchases line before the FY2017 10-K: net of property and equipment incentives (label gained ', net' in 2016).",NO,NO,NO (internal-use software capitalised as property and equipment is included),NO,FALSE,FALSE,XBRL tag us-gaap:PaymentsToAcquirePropertyPlantAndEquipment; text check PASS. Same value also printed in 1 later filing(s).
OBS-AMAZON-00157,amazon,"Amazon.com, Inc.",FY2011,9M YTD,2011-01-01,2011-09-30,2011-Q3,2011-10-26,"Purchases of fixed assets, including internal-use software and website development",cash_purchases_of_ppe_net_of_incentives,"(1,261)",USD,millions,1261000000,SRC-IQ16-AMAZON-0001193125-11-280739,A,https://www.sec.gov/Archives/edgar/data/1018724/000119312511280739/d233845d10q.htm,10-Q consolidated statements of cash flows,REPORTED,,"Amazon's single purchases line before the FY2017 10-K: net of property and equipment incentives (label gained ', net' in 2016).",NO,NO,NO (internal-use software capitalised as property and equipment is included),NO,FALSE,FALSE,XBRL tag us-gaap:PaymentsToAcquirePropertyPlantAndEquipment; text check PASS. Same value also printed in 1 later filing(s).
OBS-AMAZON-00158,amazon,"Amazon.com, Inc.",FY2011,FY,2011-01-01,2011-12-31,2011-Q4,2012-02-01,"Purchases of fixed assets, including internal-use software and website development",cash_purchases_of_ppe_net_of_incentives,"(1,811)",USD,millions,1811000000,SRC-IQ16-AMAZON-0001193125-12-032846,A,https://www.sec.gov/Archives/edgar/data/1018724/000119312512032846/d269317d10k.htm,10-K consolidated statements of cash flows,REPORTED,,"Amazon's single purchases line before the FY2017 10-K: net of property and equipment incentives (label gained ', net' in 2016).",NO,NO,NO (internal-use software capitalised as property and equipment is included),NO,FALSE,FALSE,XBRL tag us-gaap:PaymentsToAcquirePropertyPlantAndEquipment; text check PASS. Same value also printed in 2 later filing(s).
OBS-AMAZON-00159,amazon,"Amazon.com, Inc.",FY2011,Q2,2011-04-01,2011-06-30,2011-Q2,2011-07-27,"Purchases of fixed assets, including internal-use software and website development",cash_purchases_of_ppe_net_of_incentives,(433),USD,millions,433000000,SRC-IQ16-AMAZON-0001193125-11-197823,A,https://www.sec.gov/Archives/edgar/data/1018724/000119312511197823/d10q.htm,10-Q consolidated statements of cash flows,REPORTED,,"Amazon's single purchases line before the FY2017 10-K: net of property and equipment incentives (label gained ', net' in 2016).",NO,NO,NO (internal-use software capitalised as property and equipment is included),NO,FALSE,FALSE,XBRL tag us-gaap:PaymentsToAcquirePropertyPlantAndEquipment; text check PASS. Same value also printed in 1 later filing(s).
OBS-AMAZON-00160,amazon,"Amazon.com, Inc.",FY2011,Q3,2011-07-01,2011-09-30,2011-Q3,2011-10-26,"Purchases of fixed assets, including internal-use software and website development",cash_purchases_of_ppe_net_of_incentives,(529),USD,millions,529000000,SRC-IQ16-AMAZON-0001193125-11-280739,A,https://www.sec.gov/Archives/edgar/data/1018724/000119312511280739/d233845d10q.htm,10-Q consolidated statements of cash flows,REPORTED,,"Amazon's single purchases line before the FY2017 10-K: net of property and equipment incentives (label gained ', net' in 2016).",NO,NO,NO (internal-use software capitalised as property and equipment is included),NO,FALSE,FALSE,XBRL tag us-gaap:PaymentsToAcquirePropertyPlantAndEquipment; text check PASS. Same value also printed in 1 later filing(s).
OBS-AMAZON-00161,amazon,"Amazon.com, Inc.",FY2012,Q1,2012-01-01,2012-03-31,2012-Q1,2012-04-27,"Purchases of fixed assets, including internal-use software and website development",cash_purchases_of_ppe_net_of_incentives,(386),USD,millions,386000000,SRC-IQ16-AMAZON-0001193125-12-187203,A,https://www.sec.gov/Archives/edgar/data/1018724/000119312512187203/d316991d10q.htm,10-Q consolidated statements of cash flows,REPORTED,,"Amazon's single purchases line before the FY2017 10-K: net of property and equipment incentives (label gained ', net' in 2016).",NO,NO,NO (internal-use software capitalised as property and equipment is included),NO,FALSE,FALSE,XBRL tag us-gaap:PaymentsToAcquirePropertyPlantAndEquipment; text check PASS. Same value also printed in 1 later filing(s).
OBS-AMAZON-00162,amazon,"Amazon.com, Inc.",FY2012,H1 (6M YTD),2012-01-01,2012-06-30,2012-Q2,2012-07-27,"Purchases of fixed assets, including internal-use software and website development",cash_purchases_of_ppe_net_of_incentives,"(1,043)",USD,millions,1043000000,SRC-IQ16-AMAZON-0001193125-12-317409,A,https://www.sec.gov/Archives/edgar/data/1018724/000119312512317409/d363661d10q.htm,10-Q consolidated statements of cash flows,REPORTED,,"Amazon's single purchases line before the FY2017 10-K: net of property and equipment incentives (label gained ', net' in 2016).",NO,NO,NO (internal-use software capitalised as property and equipment is included),NO,FALSE,FALSE,XBRL tag us-gaap:PaymentsToAcquirePropertyPlantAndEquipment; text check PASS. Same value also printed in 1 later filing(s).
OBS-AMAZON-00163,amazon,"Amazon.com, Inc.",FY2012,9M YTD,2012-01-01,2012-09-30,2012-Q3,2012-10-26,"Purchases of fixed assets, including internal-use software and website development",cash_purchases_of_ppe_net_of_incentives,"(1,759)",USD,millions,1759000000,SRC-IQ16-AMAZON-0001193125-12-436012,A,https://www.sec.gov/Archives/edgar/data/1018724/000119312512436012/d403488d10q.htm,10-Q consolidated statements of cash flows,REPORTED,,"Amazon's single purchases line before the FY2017 10-K: net of property and equipment incentives (label gained ', net' in 2016).",NO,NO,NO (internal-use software capitalised as property and equipment is included),NO,FALSE,FALSE,XBRL tag us-gaap:PaymentsToAcquirePropertyPlantAndEquipment; text check PASS. Same value also printed in 1 later filing(s).
OBS-AMAZON-00164,amazon,"Amazon.com, Inc.",FY2012,FY,2012-01-01,2012-12-31,2012-Q4,2013-01-30,"Purchases of property and equipment, including internal-use software and website development",cash_purchases_of_ppe_net_of_incentives,"(3,785)",USD,millions,3785000000,SRC-IQ16-AMAZON-0001193125-13-028520,A,https://www.sec.gov/Archives/edgar/data/1018724/000119312513028520/d445434d10k.htm,10-K consolidated statements of cash flows,REPORTED,,"Amazon's single purchases line before the FY2017 10-K: net of property and equipment incentives (label gained ', net' in 2016).",NO,NO,NO (internal-use software capitalised as property and equipment is included),NO,FALSE,FALSE,XBRL tag us-gaap:PaymentsToAcquirePropertyPlantAndEquipment; text check PASS. Same value also printed in 2 later filing(s).
OBS-AMAZON-00165,amazon,"Amazon.com, Inc.",FY2012,Q2,2012-04-01,2012-06-30,2012-Q2,2012-07-27,"Purchases of fixed assets, including internal-use software and website development",cash_purchases_of_ppe_net_of_incentives,(657),USD,millions,657000000,SRC-IQ16-AMAZON-0001193125-12-317409,A,https://www.sec.gov/Archives/edgar/data/1018724/000119312512317409/d363661d10q.htm,10-Q consolidated statements of cash flows,REPORTED,,"Amazon's single purchases line before the FY2017 10-K: net of property and equipment incentives (label gained ', net' in 2016).",NO,NO,NO (internal-use software capitalised as property and equipment is included),NO,FALSE,FALSE,XBRL tag us-gaap:PaymentsToAcquirePropertyPlantAndEquipment; text check PASS. Same value also printed in 1 later filing(s).
OBS-AMAZON-00166,amazon,"Amazon.com, Inc.",FY2012,Q3,2012-07-01,2012-09-30,2012-Q3,2012-10-26,"Purchases of fixed assets, including internal-use software and website development",cash_purchases_of_ppe_net_of_incentives,(716),USD,millions,716000000,SRC-IQ16-AMAZON-0001193125-12-436012,A,https://www.sec.gov/Archives/edgar/data/1018724/000119312512436012/d403488d10q.htm,10-Q consolidated statements of cash flows,REPORTED,,"Amazon's single purchases line before the FY2017 10-K: net of property and equipment incentives (label gained ', net' in 2016).",NO,NO,NO (internal-use software capitalised as property and equipment is included),NO,FALSE,FALSE,XBRL tag us-gaap:PaymentsToAcquirePropertyPlantAndEquipment; text check PASS. Same value also printed in 1 later filing(s).
OBS-AMAZON-00167,amazon,"Amazon.com, Inc.",FY2013,Q1,2013-01-01,2013-03-31,2013-Q1,2013-04-26,"Purchases of property and equipment, including internal-use software and website development",cash_purchases_of_ppe_net_of_incentives,(670),USD,millions,670000000,SRC-IQ16-AMAZON-0001193125-13-174667,A,https://www.sec.gov/Archives/edgar/data/1018724/000119312513174667/d492540d10q.htm,10-Q consolidated statements of cash flows,REPORTED,,"Amazon's single purchases line before the FY2017 10-K: net of property and equipment incentives (label gained ', net' in 2016).",NO,NO,NO (internal-use software capitalised as property and equipment is included),NO,FALSE,FALSE,XBRL tag us-gaap:PaymentsToAcquirePropertyPlantAndEquipment; text check PASS. Same value also printed in 1 later filing(s).
OBS-AMAZON-00168,amazon,"Amazon.com, Inc.",FY2013,H1 (6M YTD),2013-01-01,2013-06-30,2013-Q2,2013-07-26,"Purchases of property and equipment, including internal-use software and website development",cash_purchases_of_ppe_net_of_incentives,"(1,526)",USD,millions,1526000000,SRC-IQ16-AMAZON-0001193125-13-303204,A,https://www.sec.gov/Archives/edgar/data/1018724/000119312513303204/d542614d10q.htm,10-Q consolidated statements of cash flows,REPORTED,,"Amazon's single purchases line before the FY2017 10-K: net of property and equipment incentives (label gained ', net' in 2016).",NO,NO,NO (internal-use software capitalised as property and equipment is included),NO,FALSE,FALSE,XBRL tag us-gaap:PaymentsToAcquirePropertyPlantAndEquipment; text check PASS. Same value also printed in 1 later filing(s).
OBS-AMAZON-00169,amazon,"Amazon.com, Inc.",FY2013,9M YTD,2013-01-01,2013-09-30,2013-Q3,2013-10-25,"Purchases of property and equipment, including internal-use software and website development",cash_purchases_of_ppe_net_of_incentives,"(2,565)",USD,millions,2565000000,SRC-IQ16-AMAZON-0001445305-13-002495,A,https://www.sec.gov/Archives/edgar/data/1018724/000144530513002495/amzn-20130930x10q.htm,10-Q consolidated statements of cash flows,REPORTED,,"Amazon's single purchases line before the FY2017 10-K: net of property and equipment incentives (label gained ', net' in 2016).",NO,NO,NO (internal-use software capitalised as property and equipment is included),NO,FALSE,FALSE,XBRL tag us-gaap:PaymentsToAcquirePropertyPlantAndEquipment; text check PASS. Same value also printed in 1 later filing(s).
OBS-AMAZON-00170,amazon,"Amazon.com, Inc.",FY2013,FY,2013-01-01,2013-12-31,2013-Q4,2014-01-31,"Purchases of property and equipment, including internal-use software and website development",cash_purchases_of_ppe_net_of_incentives,"(3,444)",USD,millions,3444000000,SRC-IQ16-AMAZON-0001018724-14-000006,A,https://www.sec.gov/Archives/edgar/data/1018724/000101872414000006/amzn-20131231x10k.htm,10-K consolidated statements of cash flows,REPORTED,,"Amazon's single purchases line before the FY2017 10-K: net of property and equipment incentives (label gained ', net' in 2016).",NO,NO,NO (internal-use software capitalised as property and equipment is included),NO,FALSE,FALSE,XBRL tag us-gaap:PaymentsToAcquirePropertyPlantAndEquipment; text check PASS. Same value also printed in 2 later filing(s).
OBS-AMAZON-00171,amazon,"Amazon.com, Inc.",FY2013,Q2,2013-04-01,2013-06-30,2013-Q2,2013-07-26,"Purchases of property and equipment, including internal-use software and website development",cash_purchases_of_ppe_net_of_incentives,(855),USD,millions,855000000,SRC-IQ16-AMAZON-0001193125-13-303204,A,https://www.sec.gov/Archives/edgar/data/1018724/000119312513303204/d542614d10q.htm,10-Q consolidated statements of cash flows,REPORTED,,"Amazon's single purchases line before the FY2017 10-K: net of property and equipment incentives (label gained ', net' in 2016).",NO,NO,NO (internal-use software capitalised as property and equipment is included),NO,FALSE,FALSE,XBRL tag us-gaap:PaymentsToAcquirePropertyPlantAndEquipment; text check PASS. Same value also printed in 1 later filing(s).
OBS-AMAZON-00172,amazon,"Amazon.com, Inc.",FY2013,Q3,2013-07-01,2013-09-30,2013-Q3,2013-10-25,"Purchases of property and equipment, including internal-use software and website development",cash_purchases_of_ppe_net_of_incentives,"(1,038)",USD,millions,1038000000,SRC-IQ16-AMAZON-0001445305-13-002495,A,https://www.sec.gov/Archives/edgar/data/1018724/000144530513002495/amzn-20130930x10q.htm,10-Q consolidated statements of cash flows,REPORTED,,"Amazon's single purchases line before the FY2017 10-K: net of property and equipment incentives (label gained ', net' in 2016).",NO,NO,NO (internal-use software capitalised as property and equipment is included),NO,FALSE,FALSE,XBRL tag us-gaap:PaymentsToAcquirePropertyPlantAndEquipment; text check PASS. Same value also printed in 1 later filing(s).
OBS-AMAZON-00173,amazon,"Amazon.com, Inc.",FY2014,Q1,2014-01-01,2014-03-31,2014-Q1,2014-04-25,"Purchases of property and equipment, including internal-use software and website development",cash_purchases_of_ppe_net_of_incentives,"(1,080)",USD,millions,1080000000,SRC-IQ16-AMAZON-0001018724-14-000014,A,https://www.sec.gov/Archives/edgar/data/1018724/000101872414000014/amzn-20140331x10q.htm,10-Q consolidated statements of cash flows,REPORTED,,"Amazon's single purchases line before the FY2017 10-K: net of property and equipment incentives (label gained ', net' in 2016).",NO,NO,NO (internal-use software capitalised as property and equipment is included),NO,FALSE,FALSE,XBRL tag us-gaap:PaymentsToAcquirePropertyPlantAndEquipment; text check PASS. Same value also printed in 1 later filing(s).
OBS-AMAZON-00174,amazon,"Amazon.com, Inc.",FY2014,H1 (6M YTD),2014-01-01,2014-06-30,2014-Q2,2014-07-25,"Purchases of property and equipment, including internal-use software and website development",cash_purchases_of_ppe_net_of_incentives,"(2,370)",USD,millions,2370000000,SRC-IQ16-AMAZON-0001018724-14-000025,A,https://www.sec.gov/Archives/edgar/data/1018724/000101872414000025/amzn-20140630x10q.htm,10-Q consolidated statements of cash flows,REPORTED,,"Amazon's single purchases line before the FY2017 10-K: net of property and equipment incentives (label gained ', net' in 2016).",NO,NO,NO (internal-use software capitalised as property and equipment is included),NO,FALSE,FALSE,XBRL tag us-gaap:PaymentsToAcquirePropertyPlantAndEquipment; text check PASS. Same value also printed in 1 later filing(s).
OBS-AMAZON-00175,amazon,"Amazon.com, Inc.",FY2014,9M YTD,2014-01-01,2014-09-30,2014-Q3,2014-10-24,"Purchases of property and equipment, including internal-use software and website development",cash_purchases_of_ppe_net_of_incentives,"(3,748)",USD,millions,3748000000,SRC-IQ16-AMAZON-0001018724-14-000055,A,https://www.sec.gov/Archives/edgar/data/1018724/000101872414000055/amzn-20140930x10q.htm,10-Q consolidated statements of cash flows,REPORTED,,"Amazon's single purchases line before the FY2017 10-K: net of property and equipment incentives (label gained ', net' in 2016).",NO,NO,NO (internal-use software capitalised as property and equipment is included),NO,FALSE,FALSE,XBRL tag us-gaap:PaymentsToAcquirePropertyPlantAndEquipment; text check PASS. Same value also printed in 1 later filing(s).
OBS-AMAZON-00176,amazon,"Amazon.com, Inc.",FY2014,FY,2014-01-01,2014-12-31,2014-Q4,2015-01-30,"Purchases of property and equipment, including internal-use software and website development",cash_purchases_of_ppe_net_of_incentives,"(4,893)",USD,millions,4893000000,SRC-IQ16-AMAZON-0001018724-15-000006,A,https://www.sec.gov/Archives/edgar/data/1018724/000101872415000006/amzn-20141231x10k.htm,10-K consolidated statements of cash flows,REPORTED,,"Amazon's single purchases line before the FY2017 10-K: net of property and equipment incentives (label gained ', net' in 2016).",NO,NO,NO (internal-use software capitalised as property and equipment is included),NO,FALSE,FALSE,XBRL tag us-gaap:PaymentsToAcquirePropertyPlantAndEquipment; text check PASS. Same value also printed in 2 later filing(s).
OBS-AMAZON-00177,amazon,"Amazon.com, Inc.",FY2014,Q2,2014-04-01,2014-06-30,2014-Q2,2014-07-25,"Purchases of property and equipment, including internal-use software and website development",cash_purchases_of_ppe_net_of_incentives,"(1,290)",USD,millions,1290000000,SRC-IQ16-AMAZON-0001018724-14-000025,A,https://www.sec.gov/Archives/edgar/data/1018724/000101872414000025/amzn-20140630x10q.htm,10-Q consolidated statements of cash flows,REPORTED,,"Amazon's single purchases line before the FY2017 10-K: net of property and equipment incentives (label gained ', net' in 2016).",NO,NO,NO (internal-use software capitalised as property and equipment is included),NO,FALSE,FALSE,XBRL tag us-gaap:PaymentsToAcquirePropertyPlantAndEquipment; text check PASS. Same value also printed in 1 later filing(s).
OBS-AMAZON-00178,amazon,"Amazon.com, Inc.",FY2014,Q3,2014-07-01,2014-09-30,2014-Q3,2014-10-24,"Purchases of property and equipment, including internal-use software and website development",cash_purchases_of_ppe_net_of_incentives,"(1,378)",USD,millions,1378000000,SRC-IQ16-AMAZON-0001018724-14-000055,A,https://www.sec.gov/Archives/edgar/data/1018724/000101872414000055/amzn-20140930x10q.htm,10-Q consolidated statements of cash flows,REPORTED,,"Amazon's single purchases line before the FY2017 10-K: net of property and equipment incentives (label gained ', net' in 2016).",NO,NO,NO (internal-use software capitalised as property and equipment is included),NO,FALSE,FALSE,XBRL tag us-gaap:PaymentsToAcquirePropertyPlantAndEquipment; text check PASS. Same value also printed in 1 later filing(s).
OBS-AMAZON-00179,amazon,"Amazon.com, Inc.",FY2015,Q1,2015-01-01,2015-03-31,2015-Q1,2015-04-24,"Purchases of property and equipment, including internal-use software and website development",cash_purchases_of_ppe_net_of_incentives,(871),USD,millions,871000000,SRC-IQ16-AMAZON-0001018724-15-000038,A,https://www.sec.gov/Archives/edgar/data/1018724/000101872415000038/amzn-20150331x10q.htm,10-Q consolidated statements of cash flows,REPORTED,,"Amazon's single purchases line before the FY2017 10-K: net of property and equipment incentives (label gained ', net' in 2016).",NO,NO,NO (internal-use software capitalised as property and equipment is included),NO,FALSE,FALSE,XBRL tag us-gaap:PaymentsToAcquirePropertyPlantAndEquipment; text check PASS. Same value also printed in 1 later filing(s).
OBS-AMAZON-00180,amazon,"Amazon.com, Inc.",FY2015,H1 (6M YTD),2015-01-01,2015-06-30,2015-Q2,2015-07-24,"Purchases of property and equipment, including internal-use software and website development",cash_purchases_of_ppe_net_of_incentives,"(2,084)",USD,millions,2084000000,SRC-IQ16-AMAZON-0001018724-15-000087,A,https://www.sec.gov/Archives/edgar/data/1018724/000101872415000087/amzn-20150630x10q.htm,10-Q consolidated statements of cash flows,REPORTED,,"Amazon's single purchases line before the FY2017 10-K: net of property and equipment incentives (label gained ', net' in 2016).",NO,NO,NO (internal-use software capitalised as property and equipment is included),NO,FALSE,FALSE,XBRL tag us-gaap:PaymentsToAcquirePropertyPlantAndEquipment; text check PASS. Same value also printed in 1 later filing(s).
OBS-AMAZON-00181,amazon,"Amazon.com, Inc.",FY2015,9M YTD,2015-01-01,2015-09-30,2015-Q3,2015-10-23,"Purchases of property and equipment, including internal-use software and website development",cash_purchases_of_ppe_net_of_incentives,"(3,280)",USD,millions,3280000000,SRC-IQ16-AMAZON-0001018724-15-000126,A,https://www.sec.gov/Archives/edgar/data/1018724/000101872415000126/amzn-20150930x10q.htm,10-Q consolidated statements of cash flows,REPORTED,,"Amazon's single purchases line before the FY2017 10-K: net of property and equipment incentives (label gained ', net' in 2016).",NO,NO,NO (internal-use software capitalised as property and equipment is included),NO,FALSE,FALSE,XBRL tag us-gaap:PaymentsToAcquirePropertyPlantAndEquipment; text check PASS. Same value also printed in 1 later filing(s).
OBS-AMAZON-00182,amazon,"Amazon.com, Inc.",FY2015,FY,2015-01-01,2015-12-31,2015-Q4,2016-01-29,"Purchases of property and equipment, including internal-use software and website development, net",cash_purchases_of_ppe_net_of_incentives,"(4,589)",USD,millions,4589000000,SRC-IQ16-AMAZON-0001018724-16-000172,A,https://www.sec.gov/Archives/edgar/data/1018724/000101872416000172/amzn-20151231x10k.htm,10-K consolidated statements of cash flows,REPORTED,,"Amazon's single purchases line before the FY2017 10-K: net of property and equipment incentives (label gained ', net' in 2016).",NO,NO,NO (internal-use software capitalised as property and equipment is included),NO,FALSE,FALSE,XBRL tag us-gaap:PaymentsToAcquirePropertyPlantAndEquipment; text check PASS. Same value also printed in 1 later filing(s).
OBS-AMAZON-00183,amazon,"Amazon.com, Inc.",FY2015,Q2,2015-04-01,2015-06-30,2015-Q2,2015-07-24,"Purchases of property and equipment, including internal-use software and website development",cash_purchases_of_ppe_net_of_incentives,"(1,213)",USD,millions,1213000000,SRC-IQ16-AMAZON-0001018724-15-000087,A,https://www.sec.gov/Archives/edgar/data/1018724/000101872415000087/amzn-20150630x10q.htm,10-Q consolidated statements of cash flows,REPORTED,,"Amazon's single purchases line before the FY2017 10-K: net of property and equipment incentives (label gained ', net' in 2016).",NO,NO,NO (internal-use software capitalised as property and equipment is included),NO,FALSE,FALSE,XBRL tag us-gaap:PaymentsToAcquirePropertyPlantAndEquipment; text check PASS. Same value also printed in 1 later filing(s).
OBS-AMAZON-00184,amazon,"Amazon.com, Inc.",FY2015,Q3,2015-07-01,2015-09-30,2015-Q3,2015-10-23,"Purchases of property and equipment, including internal-use software and website development",cash_purchases_of_ppe_net_of_incentives,"(1,195)",USD,millions,1195000000,SRC-IQ16-AMAZON-0001018724-15-000126,A,https://www.sec.gov/Archives/edgar/data/1018724/000101872415000126/amzn-20150930x10q.htm,10-Q consolidated statements of cash flows,REPORTED,,"Amazon's single purchases line before the FY2017 10-K: net of property and equipment incentives (label gained ', net' in 2016).",NO,NO,NO (internal-use software capitalised as property and equipment is included),NO,FALSE,FALSE,XBRL tag us-gaap:PaymentsToAcquirePropertyPlantAndEquipment; text check PASS. Same value also printed in 1 later filing(s).
OBS-AMAZON-00185,amazon,"Amazon.com, Inc.",FY2016,Q1,2016-01-01,2016-03-31,2016-Q1,2016-04-29,"Purchases of property and equipment, including internal-use software and website development, net",cash_purchases_of_ppe_net_of_incentives,"(1,179)",USD,millions,1179000000,SRC-IQ16-AMAZON-0001018724-16-000227,A,https://www.sec.gov/Archives/edgar/data/1018724/000101872416000227/amzn-20160331x10q.htm,10-Q consolidated statements of cash flows,REPORTED,,"Amazon's single purchases line before the FY2017 10-K: net of property and equipment incentives (label gained ', net' in 2016).",NO,NO,NO (internal-use software capitalised as property and equipment is included),NO,FALSE,FALSE,XBRL tag us-gaap:PaymentsToAcquirePropertyPlantAndEquipment; text check PASS. Same value also printed in 1 later filing(s).
OBS-AMAZON-00186,amazon,"Amazon.com, Inc.",FY2016,H1 (6M YTD),2016-01-01,2016-06-30,2016-Q2,2016-07-29,"Purchases of property and equipment, including internal-use software and website development, net",cash_purchases_of_ppe_net_of_incentives,"(2,890)",USD,millions,2890000000,SRC-IQ16-AMAZON-0001018724-16-000286,A,https://www.sec.gov/Archives/edgar/data/1018724/000101872416000286/amzn-20160630x10q.htm,10-Q consolidated statements of cash flows,REPORTED,,"Amazon's single purchases line before the FY2017 10-K: net of property and equipment incentives (label gained ', net' in 2016).",NO,NO,NO (internal-use software capitalised as property and equipment is included),NO,FALSE,FALSE,XBRL tag us-gaap:PaymentsToAcquirePropertyPlantAndEquipment; text check PASS. Same value also printed in 1 later filing(s).
OBS-AMAZON-00187,amazon,"Amazon.com, Inc.",FY2016,9M YTD,2016-01-01,2016-09-30,2016-Q3,2016-10-28,"Purchases of property and equipment, including internal-use software and website development, net",cash_purchases_of_ppe_net_of_incentives,"(4,731)",USD,millions,4731000000,SRC-IQ16-AMAZON-0001018724-16-000324,A,https://www.sec.gov/Archives/edgar/data/1018724/000101872416000324/amzn-20160930x10q.htm,10-Q consolidated statements of cash flows,REPORTED,,"Amazon's single purchases line before the FY2017 10-K: net of property and equipment incentives (label gained ', net' in 2016).",NO,NO,NO (internal-use software capitalised as property and equipment is included),NO,FALSE,FALSE,XBRL tag us-gaap:PaymentsToAcquirePropertyPlantAndEquipment; text check PASS. Same value also printed in 1 later filing(s).
OBS-AMAZON-00188,amazon,"Amazon.com, Inc.",FY2016,FY,2016-01-01,2016-12-31,2016-Q4,2017-02-10,"Purchases of property and equipment, including internal-use software and website development, net",cash_purchases_of_ppe_net_of_incentives,"(6,737)",USD,millions,6737000000,SRC-IQ16-AMAZON-0001018724-17-000011,A,https://www.sec.gov/Archives/edgar/data/1018724/000101872417000011/amzn-20161231x10k.htm,10-K consolidated statements of cash flows,REPORTED,,"Amazon's single purchases line before the FY2017 10-K: net of property and equipment incentives (label gained ', net' in 2016).",NO,NO,NO (internal-use software capitalised as property and equipment is included),NO,FALSE,FALSE,XBRL tag us-gaap:PaymentsToAcquirePropertyPlantAndEquipment; text check PASS.
OBS-AMAZON-00189,amazon,"Amazon.com, Inc.",FY2016,Q2,2016-04-01,2016-06-30,2016-Q2,2016-07-29,"Purchases of property and equipment, including internal-use software and website development, net",cash_purchases_of_ppe_net_of_incentives,"(1,711)",USD,millions,1711000000,SRC-IQ16-AMAZON-0001018724-16-000286,A,https://www.sec.gov/Archives/edgar/data/1018724/000101872416000286/amzn-20160630x10q.htm,10-Q consolidated statements of cash flows,REPORTED,,"Amazon's single purchases line before the FY2017 10-K: net of property and equipment incentives (label gained ', net' in 2016).",NO,NO,NO (internal-use software capitalised as property and equipment is included),NO,FALSE,FALSE,XBRL tag us-gaap:PaymentsToAcquirePropertyPlantAndEquipment; text check PASS. Same value also printed in 1 later filing(s).
OBS-AMAZON-00190,amazon,"Amazon.com, Inc.",FY2016,Q3,2016-07-01,2016-09-30,2016-Q3,2016-10-28,"Purchases of property and equipment, including internal-use software and website development, net",cash_purchases_of_ppe_net_of_incentives,"(1,841)",USD,millions,1841000000,SRC-IQ16-AMAZON-0001018724-16-000324,A,https://www.sec.gov/Archives/edgar/data/1018724/000101872416000324/amzn-20160930x10q.htm,10-Q consolidated statements of cash flows,REPORTED,,"Amazon's single purchases line before the FY2017 10-K: net of property and equipment incentives (label gained ', net' in 2016).",NO,NO,NO (internal-use software capitalised as property and equipment is included),NO,FALSE,FALSE,XBRL tag us-gaap:PaymentsToAcquirePropertyPlantAndEquipment; text check PASS. Same value also printed in 1 later filing(s).
OBS-AMAZON-00191,amazon,"Amazon.com, Inc.",FY2017,Q1,2017-01-01,2017-03-31,2017-Q1,2017-04-28,"Purchases of property and equipment, including internal-use software and website development, net",cash_purchases_of_ppe_net_of_incentives,"(1,861)",USD,millions,1861000000,SRC-IQ16-AMAZON-0001018724-17-000051,A,https://www.sec.gov/Archives/edgar/data/1018724/000101872417000051/amzn-20170331x10q.htm,10-Q consolidated statements of cash flows,REPORTED,,"Amazon's single purchases line before the FY2017 10-K: net of property and equipment incentives (label gained ', net' in 2016).",NO,NO,NO (internal-use software capitalised as property and equipment is included),NO,FALSE,FALSE,XBRL tag us-gaap:PaymentsToAcquirePropertyPlantAndEquipment; text check PASS.
OBS-AMAZON-00192,amazon,"Amazon.com, Inc.",FY2017,H1 (6M YTD),2017-01-01,2017-06-30,2017-Q2,2017-07-28,"Purchases of property and equipment, including internal-use software and website development, net",cash_purchases_of_ppe_net_of_incentives,"(4,362)",USD,millions,4362000000,SRC-IQ16-AMAZON-0001018724-17-000100,A,https://www.sec.gov/Archives/edgar/data/1018724/000101872417000100/amzn-20170630x10q.htm,10-Q consolidated statements of cash flows,REPORTED,,"Amazon's single purchases line before the FY2017 10-K: net of property and equipment incentives (label gained ', net' in 2016).",NO,NO,NO (internal-use software capitalised as property and equipment is included),NO,FALSE,FALSE,XBRL tag us-gaap:PaymentsForProceedsFromProductiveAssets; text check PASS.
OBS-AMAZON-00193,amazon,"Amazon.com, Inc.",FY2017,9M YTD,2017-01-01,2017-09-30,2017-Q3,2017-10-27,"Purchases of property and equipment, including internal-use software and website development, net",cash_purchases_of_ppe_net_of_incentives,"(7,022)",USD,millions,7022000000,SRC-IQ16-AMAZON-0001018724-17-000135,A,https://www.sec.gov/Archives/edgar/data/1018724/000101872417000135/amzn-20170930x10q.htm,10-Q consolidated statements of cash flows,REPORTED,,"Amazon's single purchases line before the FY2017 10-K: net of property and equipment incentives (label gained ', net' in 2016).",NO,NO,NO (internal-use software capitalised as property and equipment is included),NO,FALSE,FALSE,XBRL tag us-gaap:PaymentsForProceedsFromProductiveAssets; text check PASS.
OBS-AMAZON-00194,amazon,"Amazon.com, Inc.",FY2017,Q2,2017-04-01,2017-06-30,2017-Q2,2017-07-28,"Purchases of property and equipment, including internal-use software and website development, net",cash_purchases_of_ppe_net_of_incentives,"(2,501)",USD,millions,2501000000,SRC-IQ16-AMAZON-0001018724-17-000100,A,https://www.sec.gov/Archives/edgar/data/1018724/000101872417000100/amzn-20170630x10q.htm,10-Q consolidated statements of cash flows,REPORTED,,"Amazon's single purchases line before the FY2017 10-K: net of property and equipment incentives (label gained ', net' in 2016).",NO,NO,NO (internal-use software capitalised as property and equipment is included),NO,FALSE,FALSE,XBRL tag us-gaap:PaymentsForProceedsFromProductiveAssets; text check PASS.
OBS-AMAZON-00195,amazon,"Amazon.com, Inc.",FY2017,Q3,2017-07-01,2017-09-30,2017-Q3,2017-10-27,"Purchases of property and equipment, including internal-use software and website development, net",cash_purchases_of_ppe_net_of_incentives,"(2,659)",USD,millions,2659000000,SRC-IQ16-AMAZON-0001018724-17-000135,A,https://www.sec.gov/Archives/edgar/data/1018724/000101872417000135/amzn-20170930x10q.htm,10-Q consolidated statements of cash flows,REPORTED,,"Amazon's single purchases line before the FY2017 10-K: net of property and equipment incentives (label gained ', net' in 2016).",NO,NO,NO (internal-use software capitalised as property and equipment is included),NO,FALSE,FALSE,XBRL tag us-gaap:PaymentsForProceedsFromProductiveAssets; text check PASS.
OBS-AMAZON-00196,amazon,"Amazon.com, Inc.",FY2012,FY,2012-01-01,2012-12-31,2012-Q4,2015-01-30,Principal repayments of capital lease obligations,finance_lease_principal_payments,(486),USD,millions,486000000,SRC-IQ16-AMAZON-0001018724-15-000006,A,https://www.sec.gov/Archives/edgar/data/1018724/000101872415000006/amzn-20141231x10k.htm,10-K consolidated statements of cash flows,REPORTED,,Principal repayments of finance (before 2019: capital) leases; financing activities.,NO,YES,NO (internal-use software capitalised as property and equipment is included),NO,FALSE,FALSE,XBRL tag us-gaap:RepaymentsOfLongTermCapitalLeaseObligations; text check PASS.
OBS-AMAZON-00197,amazon,"Amazon.com, Inc.",FY2013,FY,2013-01-01,2013-12-31,2013-Q4,2015-01-30,Principal repayments of capital lease obligations,finance_lease_principal_payments,(775),USD,millions,775000000,SRC-IQ16-AMAZON-0001018724-15-000006,A,https://www.sec.gov/Archives/edgar/data/1018724/000101872415000006/amzn-20141231x10k.htm,10-K consolidated statements of cash flows,REPORTED,,Principal repayments of finance (before 2019: capital) leases; financing activities.,NO,YES,NO (internal-use software capitalised as property and equipment is included),NO,FALSE,FALSE,XBRL tag us-gaap:RepaymentsOfLongTermCapitalLeaseObligations; text check PASS. Same value also printed in 1 later filing(s).
OBS-AMAZON-00198,amazon,"Amazon.com, Inc.",FY2014,Q1,2014-01-01,2014-03-31,2014-Q1,2015-04-24,Principal repayments of capital lease obligations,finance_lease_principal_payments,(249),USD,millions,249000000,SRC-IQ16-AMAZON-0001018724-15-000038,A,https://www.sec.gov/Archives/edgar/data/1018724/000101872415000038/amzn-20150331x10q.htm,10-Q consolidated statements of cash flows,REPORTED,,Principal repayments of finance (before 2019: capital) leases; financing activities.,NO,YES,NO (internal-use software capitalised as property and equipment is included),NO,FALSE,FALSE,XBRL tag us-gaap:RepaymentsOfLongTermCapitalLeaseObligations; text check PASS.
OBS-AMAZON-00199,amazon,"Amazon.com, Inc.",FY2014,H1 (6M YTD),2014-01-01,2014-06-30,2014-Q2,2015-07-24,Principal repayments of capital lease obligations,finance_lease_principal_payments,(535),USD,millions,535000000,SRC-IQ16-AMAZON-0001018724-15-000087,A,https://www.sec.gov/Archives/edgar/data/1018724/000101872415000087/amzn-20150630x10q.htm,10-Q consolidated statements of cash flows,REPORTED,,Principal repayments of finance (before 2019: capital) leases; financing activities.,NO,YES,NO (internal-use software capitalised as property and equipment is included),NO,FALSE,FALSE,XBRL tag us-gaap:RepaymentsOfLongTermCapitalLeaseObligations; text check PASS.
OBS-AMAZON-00200,amazon,"Amazon.com, Inc.",FY2014,9M YTD,2014-01-01,2014-09-30,2014-Q3,2015-10-23,Principal repayments of capital lease obligations,finance_lease_principal_payments,(878),USD,millions,878000000,SRC-IQ16-AMAZON-0001018724-15-000126,A,https://www.sec.gov/Archives/edgar/data/1018724/000101872415000126/amzn-20150930x10q.htm,10-Q consolidated statements of cash flows,REPORTED,,Principal repayments of finance (before 2019: capital) leases; financing activities.,NO,YES,NO (internal-use software capitalised as property and equipment is included),NO,FALSE,FALSE,XBRL tag us-gaap:RepaymentsOfLongTermCapitalLeaseObligations; text check PASS.
OBS-AMAZON-00201,amazon,"Amazon.com, Inc.",FY2014,FY,2014-01-01,2014-12-31,2014-Q4,2015-01-30,Principal repayments of capital lease obligations,finance_lease_principal_payments,"(1,285)",USD,millions,1285000000,SRC-IQ16-AMAZON-0001018724-15-000006,A,https://www.sec.gov/Archives/edgar/data/1018724/000101872415000006/amzn-20141231x10k.htm,10-K consolidated statements of cash flows,REPORTED,,Principal repayments of finance (before 2019: capital) leases; financing activities.,NO,YES,NO (internal-use software capitalised as property and equipment is included),NO,FALSE,FALSE,XBRL tag us-gaap:RepaymentsOfLongTermCapitalLeaseObligations; text check PASS. Same value also printed in 2 later filing(s).
OBS-AMAZON-00202,amazon,"Amazon.com, Inc.",FY2014,Q2,2014-04-01,2014-06-30,2014-Q2,2015-07-24,Principal repayments of capital lease obligations,finance_lease_principal_payments,(285),USD,millions,285000000,SRC-IQ16-AMAZON-0001018724-15-000087,A,https://www.sec.gov/Archives/edgar/data/1018724/000101872415000087/amzn-20150630x10q.htm,10-Q consolidated statements of cash flows,REPORTED,,Principal repayments of finance (before 2019: capital) leases; financing activities.,NO,YES,NO (internal-use software capitalised as property and equipment is included),NO,FALSE,FALSE,XBRL tag us-gaap:RepaymentsOfLongTermCapitalLeaseObligations; text check PASS.
OBS-AMAZON-00203,amazon,"Amazon.com, Inc.",FY2014,Q3,2014-07-01,2014-09-30,2014-Q3,2015-10-23,Principal repayments of capital lease obligations,finance_lease_principal_payments,(343),USD,millions,343000000,SRC-IQ16-AMAZON-0001018724-15-000126,A,https://www.sec.gov/Archives/edgar/data/1018724/000101872415000126/amzn-20150930x10q.htm,10-Q consolidated statements of cash flows,REPORTED,,Principal repayments of finance (before 2019: capital) leases; financing activities.,NO,YES,NO (internal-use software capitalised as property and equipment is included),NO,FALSE,FALSE,XBRL tag us-gaap:RepaymentsOfLongTermCapitalLeaseObligations; text check PASS.
OBS-AMAZON-00204,amazon,"Amazon.com, Inc.",FY2015,Q1,2015-01-01,2015-03-31,2015-Q1,2015-04-24,Principal repayments of capital lease obligations,finance_lease_principal_payments,(502),USD,millions,502000000,SRC-IQ16-AMAZON-0001018724-15-000038,A,https://www.sec.gov/Archives/edgar/data/1018724/000101872415000038/amzn-20150331x10q.htm,10-Q consolidated statements of cash flows,REPORTED,,Principal repayments of finance (before 2019: capital) leases; financing activities.,NO,YES,NO (internal-use software capitalised as property and equipment is included),NO,FALSE,FALSE,XBRL tag us-gaap:RepaymentsOfLongTermCapitalLeaseObligations; text check PASS. Same value also printed in 1 later filing(s).
OBS-AMAZON-00205,amazon,"Amazon.com, Inc.",FY2015,H1 (6M YTD),2015-01-01,2015-06-30,2015-Q2,2015-07-24,Principal repayments of capital lease obligations,finance_lease_principal_payments,"(1,082)",USD,millions,1082000000,SRC-IQ16-AMAZON-0001018724-15-000087,A,https://www.sec.gov/Archives/edgar/data/1018724/000101872415000087/amzn-20150630x10q.htm,10-Q consolidated statements of cash flows,REPORTED,,Principal repayments of finance (before 2019: capital) leases; financing activities.,NO,YES,NO (internal-use software capitalised as property and equipment is included),NO,FALSE,FALSE,XBRL tag us-gaap:RepaymentsOfLongTermCapitalLeaseObligations; text check PASS. Same value also printed in 1 later filing(s).
OBS-AMAZON-00206,amazon,"Amazon.com, Inc.",FY2015,9M YTD,2015-01-01,2015-09-30,2015-Q3,2015-10-23,Principal repayments of capital lease obligations,finance_lease_principal_payments,"(1,738)",USD,millions,1738000000,SRC-IQ16-AMAZON-0001018724-15-000126,A,https://www.sec.gov/Archives/edgar/data/1018724/000101872415000126/amzn-20150930x10q.htm,10-Q consolidated statements of cash flows,REPORTED,,Principal repayments of finance (before 2019: capital) leases; financing activities.,NO,YES,NO (internal-use software capitalised as property and equipment is included),NO,FALSE,FALSE,XBRL tag us-gaap:RepaymentsOfLongTermCapitalLeaseObligations; text check PASS. Same value also printed in 1 later filing(s).
OBS-AMAZON-00207,amazon,"Amazon.com, Inc.",FY2015,FY,2015-01-01,2015-12-31,2015-Q4,2016-01-29,Principal repayments of capital lease obligations,finance_lease_principal_payments,"(2,462)",USD,millions,2462000000,SRC-IQ16-AMAZON-0001018724-16-000172,A,https://www.sec.gov/Archives/edgar/data/1018724/000101872416000172/amzn-20151231x10k.htm,10-K consolidated statements of cash flows,REPORTED,,Principal repayments of finance (before 2019: capital) leases; financing activities.,NO,YES,NO (internal-use software capitalised as property and equipment is included),NO,FALSE,FALSE,XBRL tag us-gaap:RepaymentsOfLongTermCapitalLeaseObligations; text check PASS. Same value also printed in 2 later filing(s).
OBS-AMAZON-00208,amazon,"Amazon.com, Inc.",FY2015,Q2,2015-04-01,2015-06-30,2015-Q2,2015-07-24,Principal repayments of capital lease obligations,finance_lease_principal_payments,(580),USD,millions,580000000,SRC-IQ16-AMAZON-0001018724-15-000087,A,https://www.sec.gov/Archives/edgar/data/1018724/000101872415000087/amzn-20150630x10q.htm,10-Q consolidated statements of cash flows,REPORTED,,Principal repayments of finance (before 2019: capital) leases; financing activities.,NO,YES,NO (internal-use software capitalised as property and equipment is included),NO,FALSE,FALSE,XBRL tag us-gaap:RepaymentsOfLongTermCapitalLeaseObligations; text check PASS. Same value also printed in 1 later filing(s).
OBS-AMAZON-00209,amazon,"Amazon.com, Inc.",FY2015,Q3,2015-07-01,2015-09-30,2015-Q3,2015-10-23,Principal repayments of capital lease obligations,finance_lease_principal_payments,(656),USD,millions,656000000,SRC-IQ16-AMAZON-0001018724-15-000126,A,https://www.sec.gov/Archives/edgar/data/1018724/000101872415000126/amzn-20150930x10q.htm,10-Q consolidated statements of cash flows,REPORTED,,Principal repayments of finance (before 2019: capital) leases; financing activities.,NO,YES,NO (internal-use software capitalised as property and equipment is included),NO,FALSE,FALSE,XBRL tag us-gaap:RepaymentsOfLongTermCapitalLeaseObligations; text check PASS. Same value also printed in 1 later filing(s).
OBS-AMAZON-00210,amazon,"Amazon.com, Inc.",FY2016,Q1,2016-01-01,2016-03-31,2016-Q1,2016-04-29,Principal repayments of capital lease obligations,finance_lease_principal_payments,(801),USD,millions,801000000,SRC-IQ16-AMAZON-0001018724-16-000227,A,https://www.sec.gov/Archives/edgar/data/1018724/000101872416000227/amzn-20160331x10q.htm,10-Q consolidated statements of cash flows,REPORTED,,Principal repayments of finance (before 2019: capital) leases; financing activities.,NO,YES,NO (internal-use software capitalised as property and equipment is included),NO,FALSE,FALSE,XBRL tag us-gaap:RepaymentsOfLongTermCapitalLeaseObligations; text check PASS. Same value also printed in 1 later filing(s).
OBS-AMAZON-00211,amazon,"Amazon.com, Inc.",FY2016,H1 (6M YTD),2016-01-01,2016-06-30,2016-Q2,2016-07-29,Principal repayments of capital lease obligations,finance_lease_principal_payments,"(1,917)",USD,millions,1917000000,SRC-IQ16-AMAZON-0001018724-16-000286,A,https://www.sec.gov/Archives/edgar/data/1018724/000101872416000286/amzn-20160630x10q.htm,10-Q consolidated statements of cash flows,REPORTED,,Principal repayments of finance (before 2019: capital) leases; financing activities.,NO,YES,NO (internal-use software capitalised as property and equipment is included),NO,FALSE,FALSE,XBRL tag us-gaap:RepaymentsOfLongTermCapitalLeaseObligations; text check PASS. Same value also printed in 1 later filing(s).
OBS-AMAZON-00212,amazon,"Amazon.com, Inc.",FY2016,9M YTD,2016-01-01,2016-09-30,2016-Q3,2016-10-28,Principal repayments of capital lease obligations,finance_lease_principal_payments,"(2,855)",USD,millions,2855000000,SRC-IQ16-AMAZON-0001018724-16-000324,A,https://www.sec.gov/Archives/edgar/data/1018724/000101872416000324/amzn-20160930x10q.htm,10-Q consolidated statements of cash flows,REPORTED,,Principal repayments of finance (before 2019: capital) leases; financing activities.,NO,YES,NO (internal-use software capitalised as property and equipment is included),NO,FALSE,FALSE,XBRL tag us-gaap:RepaymentsOfLongTermCapitalLeaseObligations; text check PASS. Same value also printed in 1 later filing(s).
OBS-AMAZON-00213,amazon,"Amazon.com, Inc.",FY2016,FY,2016-01-01,2016-12-31,2016-Q4,2017-02-10,Principal repayments of capital lease obligations,finance_lease_principal_payments,"(3,860)",USD,millions,3860000000,SRC-IQ16-AMAZON-0001018724-17-000011,A,https://www.sec.gov/Archives/edgar/data/1018724/000101872417000011/amzn-20161231x10k.htm,10-K consolidated statements of cash flows,REPORTED,,Principal repayments of finance (before 2019: capital) leases; financing activities.,NO,YES,NO (internal-use software capitalised as property and equipment is included),NO,FALSE,FALSE,XBRL tag us-gaap:RepaymentsOfLongTermCapitalLeaseObligations; text check PASS. Same value also printed in 2 later filing(s).
OBS-AMAZON-00214,amazon,"Amazon.com, Inc.",FY2016,Q2,2016-04-01,2016-06-30,2016-Q2,2016-07-29,Principal repayments of capital lease obligations,finance_lease_principal_payments,"(1,116)",USD,millions,1116000000,SRC-IQ16-AMAZON-0001018724-16-000286,A,https://www.sec.gov/Archives/edgar/data/1018724/000101872416000286/amzn-20160630x10q.htm,10-Q consolidated statements of cash flows,REPORTED,,Principal repayments of finance (before 2019: capital) leases; financing activities.,NO,YES,NO (internal-use software capitalised as property and equipment is included),NO,FALSE,FALSE,XBRL tag us-gaap:RepaymentsOfLongTermCapitalLeaseObligations; text check PASS. Same value also printed in 1 later filing(s).
OBS-AMAZON-00215,amazon,"Amazon.com, Inc.",FY2016,Q3,2016-07-01,2016-09-30,2016-Q3,2016-10-28,Principal repayments of capital lease obligations,finance_lease_principal_payments,(938),USD,millions,938000000,SRC-IQ16-AMAZON-0001018724-16-000324,A,https://www.sec.gov/Archives/edgar/data/1018724/000101872416000324/amzn-20160930x10q.htm,10-Q consolidated statements of cash flows,REPORTED,,Principal repayments of finance (before 2019: capital) leases; financing activities.,NO,YES,NO (internal-use software capitalised as property and equipment is included),NO,FALSE,FALSE,XBRL tag us-gaap:RepaymentsOfLongTermCapitalLeaseObligations; text check PASS. Same value also printed in 1 later filing(s).
OBS-AMAZON-00216,amazon,"Amazon.com, Inc.",FY2017,Q1,2017-01-01,2017-03-31,2017-Q1,2017-04-28,Principal repayments of capital lease obligations,finance_lease_principal_payments,(832),USD,millions,832000000,SRC-IQ16-AMAZON-0001018724-17-000051,A,https://www.sec.gov/Archives/edgar/data/1018724/000101872417000051/amzn-20170331x10q.htm,10-Q consolidated statements of cash flows,REPORTED,,Principal repayments of finance (before 2019: capital) leases; financing activities.,NO,YES,NO (internal-use software capitalised as property and equipment is included),NO,FALSE,FALSE,XBRL tag us-gaap:RepaymentsOfLongTermCapitalLeaseObligations; text check PASS. Same value also printed in 1 later filing(s).
OBS-AMAZON-00217,amazon,"Amazon.com, Inc.",FY2017,H1 (6M YTD),2017-01-01,2017-06-30,2017-Q2,2017-07-28,Principal repayments of capital lease obligations,finance_lease_principal_payments,"(2,060)",USD,millions,2060000000,SRC-IQ16-AMAZON-0001018724-17-000100,A,https://www.sec.gov/Archives/edgar/data/1018724/000101872417000100/amzn-20170630x10q.htm,10-Q consolidated statements of cash flows,REPORTED,,Principal repayments of finance (before 2019: capital) leases; financing activities.,NO,YES,NO (internal-use software capitalised as property and equipment is included),NO,FALSE,FALSE,XBRL tag us-gaap:RepaymentsOfLongTermCapitalLeaseObligations; text check PASS. Same value also printed in 1 later filing(s).
OBS-AMAZON-00218,amazon,"Amazon.com, Inc.",FY2017,9M YTD,2017-01-01,2017-09-30,2017-Q3,2017-10-27,Principal repayments of capital lease obligations,finance_lease_principal_payments,"(3,327)",USD,millions,3327000000,SRC-IQ16-AMAZON-0001018724-17-000135,A,https://www.sec.gov/Archives/edgar/data/1018724/000101872417000135/amzn-20170930x10q.htm,10-Q consolidated statements of cash flows,REPORTED,,Principal repayments of finance (before 2019: capital) leases; financing activities.,NO,YES,NO (internal-use software capitalised as property and equipment is included),NO,FALSE,FALSE,XBRL tag us-gaap:RepaymentsOfLongTermCapitalLeaseObligations; text check PASS. Same value also printed in 1 later filing(s).
OBS-AMAZON-00219,amazon,"Amazon.com, Inc.",FY2017,FY,2017-01-01,2017-12-31,2017-Q4,2018-02-02,Principal repayments of capital lease obligations,finance_lease_principal_payments,"(4,799)",USD,millions,4799000000,SRC-IQ16-AMAZON-0001018724-18-000005,A,https://www.sec.gov/Archives/edgar/data/1018724/000101872418000005/amzn-20171231x10k.htm,10-K consolidated statements of cash flows,REPORTED,,Principal repayments of finance (before 2019: capital) leases; financing activities.,NO,YES,NO (internal-use software capitalised as property and equipment is included),NO,FALSE,FALSE,XBRL tag us-gaap:RepaymentsOfLongTermCapitalLeaseObligations; text check PASS. Same value also printed in 2 later filing(s).
OBS-AMAZON-00220,amazon,"Amazon.com, Inc.",FY2017,Q2,2017-04-01,2017-06-30,2017-Q2,2017-07-28,Principal repayments of capital lease obligations,finance_lease_principal_payments,"(1,228)",USD,millions,1228000000,SRC-IQ16-AMAZON-0001018724-17-000100,A,https://www.sec.gov/Archives/edgar/data/1018724/000101872417000100/amzn-20170630x10q.htm,10-Q consolidated statements of cash flows,REPORTED,,Principal repayments of finance (before 2019: capital) leases; financing activities.,NO,YES,NO (internal-use software capitalised as property and equipment is included),NO,FALSE,FALSE,XBRL tag us-gaap:RepaymentsOfLongTermCapitalLeaseObligations; text check PASS. Same value also printed in 1 later filing(s).
OBS-AMAZON-00221,amazon,"Amazon.com, Inc.",FY2017,Q3,2017-07-01,2017-09-30,2017-Q3,2017-10-27,Principal repayments of capital lease obligations,finance_lease_principal_payments,"(1,267)",USD,millions,1267000000,SRC-IQ16-AMAZON-0001018724-17-000135,A,https://www.sec.gov/Archives/edgar/data/1018724/000101872417000135/amzn-20170930x10q.htm,10-Q consolidated statements of cash flows,REPORTED,,Principal repayments of finance (before 2019: capital) leases; financing activities.,NO,YES,NO (internal-use software capitalised as property and equipment is included),NO,FALSE,FALSE,XBRL tag us-gaap:RepaymentsOfLongTermCapitalLeaseObligations; text check PASS. Same value also printed in 1 later filing(s).
OBS-AMAZON-00222,amazon,"Amazon.com, Inc.",FY2018,Q1,2018-01-01,2018-03-31,2018-Q1,2018-04-27,Principal repayments of capital lease obligations,finance_lease_principal_payments,"(2,015)",USD,millions,2015000000,SRC-IQ16-AMAZON-0001018724-18-000072,A,https://www.sec.gov/Archives/edgar/data/1018724/000101872418000072/amzn-20180331x10q.htm,10-Q consolidated statements of cash flows,REPORTED,,Principal repayments of finance (before 2019: capital) leases; financing activities.,NO,YES,NO (internal-use software capitalised as property and equipment is included),NO,FALSE,FALSE,XBRL tag us-gaap:RepaymentsOfLongTermCapitalLeaseObligations; text check PASS. Same value also printed in 1 later filing(s).
OBS-AMAZON-00223,amazon,"Amazon.com, Inc.",FY2018,H1 (6M YTD),2018-01-01,2018-06-30,2018-Q2,2018-07-27,Principal repayments of capital lease obligations,finance_lease_principal_payments,"(3,297)",USD,millions,3297000000,SRC-IQ16-AMAZON-0001018724-18-000108,A,https://www.sec.gov/Archives/edgar/data/1018724/000101872418000108/amzn-20180630x10q.htm,10-Q consolidated statements of cash flows,REPORTED,,Principal repayments of finance (before 2019: capital) leases; financing activities.,NO,YES,NO (internal-use software capitalised as property and equipment is included),NO,FALSE,FALSE,XBRL tag us-gaap:RepaymentsOfLongTermCapitalLeaseObligations; text check PASS. Same value also printed in 1 later filing(s).
OBS-AMAZON-00224,amazon,"Amazon.com, Inc.",FY2018,9M YTD,2018-01-01,2018-09-30,2018-Q3,2018-10-26,Principal repayments of capital lease obligations,finance_lease_principal_payments,"(5,544)",USD,millions,5544000000,SRC-IQ16-AMAZON-0001018724-18-000159,A,https://www.sec.gov/Archives/edgar/data/1018724/000101872418000159/amzn-20180930x10q.htm,10-Q consolidated statements of cash flows,REPORTED,,Principal repayments of finance (before 2019: capital) leases; financing activities.,NO,YES,NO (internal-use software capitalised as property and equipment is included),NO,FALSE,FALSE,XBRL tag us-gaap:RepaymentsOfLongTermCapitalLeaseObligations; text check PASS. Same value also printed in 1 later filing(s).
OBS-AMAZON-00225,amazon,"Amazon.com, Inc.",FY2018,FY,2018-01-01,2018-12-31,2018-Q4,2019-02-01,Principal repayments of capital lease obligations,finance_lease_principal_payments,"(7,449)",USD,millions,7449000000,SRC-IQ16-AMAZON-0001018724-19-000004,A,https://www.sec.gov/Archives/edgar/data/1018724/000101872419000004/amzn-20181231x10k.htm,10-K consolidated statements of cash flows,REPORTED,,Principal repayments of finance (before 2019: capital) leases; financing activities.,NO,YES,NO (internal-use software capitalised as property and equipment is included),NO,FALSE,FALSE,XBRL tag us-gaap:RepaymentsOfLongTermCapitalLeaseObligations; text check PASS. Same value also printed in 2 later filing(s).
OBS-AMAZON-00226,amazon,"Amazon.com, Inc.",FY2018,Q2,2018-04-01,2018-06-30,2018-Q2,2018-07-27,Principal repayments of capital lease obligations,finance_lease_principal_payments,"(1,284)",USD,millions,1284000000,SRC-IQ16-AMAZON-0001018724-18-000108,A,https://www.sec.gov/Archives/edgar/data/1018724/000101872418000108/amzn-20180630x10q.htm,10-Q consolidated statements of cash flows,REPORTED,,Principal repayments of finance (before 2019: capital) leases; financing activities.,NO,YES,NO (internal-use software capitalised as property and equipment is included),NO,FALSE,FALSE,XBRL tag us-gaap:RepaymentsOfLongTermCapitalLeaseObligations; text check PASS. Same value also printed in 1 later filing(s).
OBS-AMAZON-00227,amazon,"Amazon.com, Inc.",FY2018,Q3,2018-07-01,2018-09-30,2018-Q3,2018-10-26,Principal repayments of capital lease obligations,finance_lease_principal_payments,"(2,247)",USD,millions,2247000000,SRC-IQ16-AMAZON-0001018724-18-000159,A,https://www.sec.gov/Archives/edgar/data/1018724/000101872418000159/amzn-20180930x10q.htm,10-Q consolidated statements of cash flows,REPORTED,,Principal repayments of finance (before 2019: capital) leases; financing activities.,NO,YES,NO (internal-use software capitalised as property and equipment is included),NO,FALSE,FALSE,XBRL tag us-gaap:RepaymentsOfLongTermCapitalLeaseObligations; text check PASS. Same value also printed in 1 later filing(s).
OBS-AMAZON-00228,amazon,"Amazon.com, Inc.",FY2019,Q1,2019-01-01,2019-03-31,2019-Q1,2019-04-26,Principal repayments of finance leases,finance_lease_principal_payments,"(2,214)",USD,millions,2214000000,SRC-IQ16-AMAZON-0001018724-19-000043,A,https://www.sec.gov/Archives/edgar/data/1018724/000101872419000043/amzn-2019331x10q.htm,10-Q consolidated statements of cash flows,REPORTED,,Principal repayments of finance (before 2019: capital) leases; financing activities.,NO,YES,NO (internal-use software capitalised as property and equipment is included),NO,FALSE,FALSE,XBRL tag us-gaap:FinanceLeasePrincipalPayments; text check PASS. Same value also printed in 1 later filing(s).
OBS-AMAZON-00229,amazon,"Amazon.com, Inc.",FY2019,H1 (6M YTD),2019-01-01,2019-06-30,2019-Q2,2019-07-26,Principal repayments of finance leases,finance_lease_principal_payments,"(4,541)",USD,millions,4541000000,SRC-IQ16-AMAZON-0001018724-19-000071,A,https://www.sec.gov/Archives/edgar/data/1018724/000101872419000071/amzn-2019630x10q.htm,10-Q consolidated statements of cash flows,REPORTED,,Principal repayments of finance (before 2019: capital) leases; financing activities.,NO,YES,NO (internal-use software capitalised as property and equipment is included),NO,FALSE,FALSE,XBRL tag us-gaap:FinanceLeasePrincipalPayments; text check PASS. Same value also printed in 1 later filing(s).
OBS-AMAZON-00230,amazon,"Amazon.com, Inc.",FY2019,9M YTD,2019-01-01,2019-09-30,2019-Q3,2019-10-25,Principal repayments of finance leases,finance_lease_principal_payments,"(6,848)",USD,millions,6848000000,SRC-IQ16-AMAZON-0001018724-19-000089,A,https://www.sec.gov/Archives/edgar/data/1018724/000101872419000089/amzn-2019930x10q.htm,10-Q consolidated statements of cash flows,REPORTED,,Principal repayments of finance (before 2019: capital) leases; financing activities.,NO,YES,NO (internal-use software capitalised as property and equipment is included),NO,FALSE,FALSE,XBRL tag us-gaap:FinanceLeasePrincipalPayments; text check PASS. Same value also printed in 1 later filing(s).
OBS-AMAZON-00231,amazon,"Amazon.com, Inc.",FY2019,FY,2019-01-01,2019-12-31,2019-Q4,2020-01-31,Principal repayments of finance leases,finance_lease_principal_payments,"(9,628)",USD,millions,9628000000,SRC-IQ16-AMAZON-0001018724-20-000004,A,https://www.sec.gov/Archives/edgar/data/1018724/000101872420000004/amzn-20191231x10k.htm,10-K consolidated statements of cash flows,REPORTED,,Principal repayments of finance (before 2019: capital) leases; financing activities.,NO,YES,NO (internal-use software capitalised as property and equipment is included),NO,FALSE,FALSE,XBRL tag us-gaap:FinanceLeasePrincipalPayments; text check PASS. Same value also printed in 2 later filing(s).
OBS-AMAZON-00232,amazon,"Amazon.com, Inc.",FY2019,Q2,2019-04-01,2019-06-30,2019-Q2,2019-07-26,Principal repayments of finance leases,finance_lease_principal_payments,"(2,327)",USD,millions,2327000000,SRC-IQ16-AMAZON-0001018724-19-000071,A,https://www.sec.gov/Archives/edgar/data/1018724/000101872419000071/amzn-2019630x10q.htm,10-Q consolidated statements of cash flows,REPORTED,,Principal repayments of finance (before 2019: capital) leases; financing activities.,NO,YES,NO (internal-use software capitalised as property and equipment is included),NO,FALSE,FALSE,XBRL tag us-gaap:FinanceLeasePrincipalPayments; text check PASS. Same value also printed in 1 later filing(s).
OBS-AMAZON-00233,amazon,"Amazon.com, Inc.",FY2019,Q3,2019-07-01,2019-09-30,2019-Q3,2019-10-25,Principal repayments of finance leases,finance_lease_principal_payments,"(2,307)",USD,millions,2307000000,SRC-IQ16-AMAZON-0001018724-19-000089,A,https://www.sec.gov/Archives/edgar/data/1018724/000101872419000089/amzn-2019930x10q.htm,10-Q consolidated statements of cash flows,REPORTED,,Principal repayments of finance (before 2019: capital) leases; financing activities.,NO,YES,NO (internal-use software capitalised as property and equipment is included),NO,FALSE,FALSE,XBRL tag us-gaap:FinanceLeasePrincipalPayments; text check PASS. Same value also printed in 1 later filing(s).
OBS-AMAZON-00234,amazon,"Amazon.com, Inc.",FY2020,Q1,2020-01-01,2020-03-31,2020-Q1,2020-05-01,Principal repayments of finance leases,finance_lease_principal_payments,"(2,600)",USD,millions,2600000000,SRC-IQ16-AMAZON-0001018724-20-000010,A,https://www.sec.gov/Archives/edgar/data/1018724/000101872420000010/amzn-20200331x10q.htm,10-Q consolidated statements of cash flows,REPORTED,,Principal repayments of finance (before 2019: capital) leases; financing activities.,NO,YES,NO (internal-use software capitalised as property and equipment is included),NO,FALSE,FALSE,XBRL tag us-gaap:FinanceLeasePrincipalPayments; text check PASS. Same value also printed in 1 later filing(s).
OBS-AMAZON-00235,amazon,"Amazon.com, Inc.",FY2020,H1 (6M YTD),2020-01-01,2020-06-30,2020-Q2,2020-07-31,Principal repayments of finance leases,finance_lease_principal_payments,"(5,417)",USD,millions,5417000000,SRC-IQ16-AMAZON-0001018724-20-000021,A,https://www.sec.gov/Archives/edgar/data/1018724/000101872420000021/amzn-20200630.htm,10-Q consolidated statements of cash flows,REPORTED,,Principal repayments of finance (before 2019: capital) leases; financing activities.,NO,YES,NO (internal-use software capitalised as property and equipment is included),NO,FALSE,FALSE,XBRL tag us-gaap:FinanceLeasePrincipalPayments; text check PASS. Same value also printed in 1 later filing(s).
OBS-AMAZON-00236,amazon,"Amazon.com, Inc.",FY2020,9M YTD,2020-01-01,2020-09-30,2020-Q3,2020-10-30,Principal repayments of finance leases,finance_lease_principal_payments,"(8,274)",USD,millions,8274000000,SRC-IQ16-AMAZON-0001018724-20-000030,A,https://www.sec.gov/Archives/edgar/data/1018724/000101872420000030/amzn-20200930.htm,10-Q consolidated statements of cash flows,REPORTED,,Principal repayments of finance (before 2019: capital) leases; financing activities.,NO,YES,NO (internal-use software capitalised as property and equipment is included),NO,FALSE,FALSE,XBRL tag us-gaap:FinanceLeasePrincipalPayments; text check PASS. Same value also printed in 1 later filing(s).
OBS-AMAZON-00237,amazon,"Amazon.com, Inc.",FY2020,FY,2020-01-01,2020-12-31,2020-Q4,2021-02-03,Principal repayments of finance leases,finance_lease_principal_payments,"(10,642)",USD,millions,10642000000,SRC-IQ16-AMAZON-0001018724-21-000004,A,https://www.sec.gov/Archives/edgar/data/1018724/000101872421000004/amzn-20201231.htm,10-K consolidated statements of cash flows,REPORTED,,Principal repayments of finance (before 2019: capital) leases; financing activities.,NO,YES,NO (internal-use software capitalised as property and equipment is included),NO,FALSE,FALSE,XBRL tag us-gaap:FinanceLeasePrincipalPayments; text check PASS. Same value also printed in 2 later filing(s).
OBS-AMAZON-00238,amazon,"Amazon.com, Inc.",FY2020,Q2,2020-04-01,2020-06-30,2020-Q2,2020-07-31,Principal repayments of finance leases,finance_lease_principal_payments,"(2,817)",USD,millions,2817000000,SRC-IQ16-AMAZON-0001018724-20-000021,A,https://www.sec.gov/Archives/edgar/data/1018724/000101872420000021/amzn-20200630.htm,10-Q consolidated statements of cash flows,REPORTED,,Principal repayments of finance (before 2019: capital) leases; financing activities.,NO,YES,NO (internal-use software capitalised as property and equipment is included),NO,FALSE,FALSE,XBRL tag us-gaap:FinanceLeasePrincipalPayments; text check PASS. Same value also printed in 1 later filing(s).
OBS-AMAZON-00239,amazon,"Amazon.com, Inc.",FY2020,Q3,2020-07-01,2020-09-30,2020-Q3,2020-10-30,Principal repayments of finance leases,finance_lease_principal_payments,"(2,857)",USD,millions,2857000000,SRC-IQ16-AMAZON-0001018724-20-000030,A,https://www.sec.gov/Archives/edgar/data/1018724/000101872420000030/amzn-20200930.htm,10-Q consolidated statements of cash flows,REPORTED,,Principal repayments of finance (before 2019: capital) leases; financing activities.,NO,YES,NO (internal-use software capitalised as property and equipment is included),NO,FALSE,FALSE,XBRL tag us-gaap:FinanceLeasePrincipalPayments; text check PASS. Same value also printed in 1 later filing(s).
OBS-AMAZON-00240,amazon,"Amazon.com, Inc.",FY2021,Q1,2021-01-01,2021-03-31,2021-Q1,2021-04-30,Principal repayments of finance leases,finance_lease_principal_payments,"(3,406)",USD,millions,3406000000,SRC-IQ16-AMAZON-0001018724-21-000010,A,https://www.sec.gov/Archives/edgar/data/1018724/000101872421000010/amzn-20210331.htm,10-Q consolidated statements of cash flows,REPORTED,,Principal repayments of finance (before 2019: capital) leases; financing activities.,NO,YES,NO (internal-use software capitalised as property and equipment is included),NO,FALSE,FALSE,XBRL tag us-gaap:FinanceLeasePrincipalPayments; text check PASS. Same value also printed in 1 later filing(s).
OBS-AMAZON-00241,amazon,"Amazon.com, Inc.",FY2021,H1 (6M YTD),2021-01-01,2021-06-30,2021-Q2,2021-07-30,Principal repayments of finance leases,finance_lease_principal_payments,"(6,210)",USD,millions,6210000000,SRC-IQ16-AMAZON-0001018724-21-000020,A,https://www.sec.gov/Archives/edgar/data/1018724/000101872421000020/amzn-20210630.htm,10-Q consolidated statements of cash flows,REPORTED,,Principal repayments of finance (before 2019: capital) leases; financing activities.,NO,YES,NO (internal-use software capitalised as property and equipment is included),NO,FALSE,FALSE,XBRL tag us-gaap:FinanceLeasePrincipalPayments; text check PASS. Same value also printed in 1 later filing(s).
OBS-AMAZON-00242,amazon,"Amazon.com, Inc.",FY2021,9M YTD,2021-01-01,2021-09-30,2021-Q3,2021-10-29,Principal repayments of finance leases,finance_lease_principal_payments,"(8,903)",USD,millions,8903000000,SRC-IQ16-AMAZON-0001018724-21-000028,A,https://www.sec.gov/Archives/edgar/data/1018724/000101872421000028/amzn-20210930.htm,10-Q consolidated statements of cash flows,REPORTED,,Principal repayments of finance (before 2019: capital) leases; financing activities.,NO,YES,NO (internal-use software capitalised as property and equipment is included),NO,FALSE,FALSE,XBRL tag us-gaap:FinanceLeasePrincipalPayments; text check PASS. Same value also printed in 1 later filing(s).
OBS-AMAZON-00243,amazon,"Amazon.com, Inc.",FY2021,FY,2021-01-01,2021-12-31,2021-Q4,2022-02-04,Principal repayments of finance leases,finance_lease_principal_payments,"(11,163)",USD,millions,11163000000,SRC-IQ16-AMAZON-0001018724-22-000005,A,https://www.sec.gov/Archives/edgar/data/1018724/000101872422000005/amzn-20211231.htm,10-K consolidated statements of cash flows,REPORTED,,Principal repayments of finance (before 2019: capital) leases; financing activities.,NO,YES,NO (internal-use software capitalised as property and equipment is included),NO,FALSE,FALSE,XBRL tag us-gaap:FinanceLeasePrincipalPayments; text check PASS. Same value also printed in 2 later filing(s).
OBS-AMAZON-00244,amazon,"Amazon.com, Inc.",FY2021,Q2,2021-04-01,2021-06-30,2021-Q2,2021-07-30,Principal repayments of finance leases,finance_lease_principal_payments,"(2,804)",USD,millions,2804000000,SRC-IQ16-AMAZON-0001018724-21-000020,A,https://www.sec.gov/Archives/edgar/data/1018724/000101872421000020/amzn-20210630.htm,10-Q consolidated statements of cash flows,REPORTED,,Principal repayments of finance (before 2019: capital) leases; financing activities.,NO,YES,NO (internal-use software capitalised as property and equipment is included),NO,FALSE,FALSE,XBRL tag us-gaap:FinanceLeasePrincipalPayments; text check PASS. Same value also printed in 1 later filing(s).
OBS-AMAZON-00245,amazon,"Amazon.com, Inc.",FY2021,Q3,2021-07-01,2021-09-30,2021-Q3,2021-10-29,Principal repayments of finance leases,finance_lease_principal_payments,"(2,693)",USD,millions,2693000000,SRC-IQ16-AMAZON-0001018724-21-000028,A,https://www.sec.gov/Archives/edgar/data/1018724/000101872421000028/amzn-20210930.htm,10-Q consolidated statements of cash flows,REPORTED,,Principal repayments of finance (before 2019: capital) leases; financing activities.,NO,YES,NO (internal-use software capitalised as property and equipment is included),NO,FALSE,FALSE,XBRL tag us-gaap:FinanceLeasePrincipalPayments; text check PASS. Same value also printed in 1 later filing(s).
OBS-AMAZON-00246,amazon,"Amazon.com, Inc.",FY2022,Q1,2022-01-01,2022-03-31,2022-Q1,2022-04-29,Principal repayments of finance leases,finance_lease_principal_payments,"(2,777)",USD,millions,2777000000,SRC-IQ16-AMAZON-0001018724-22-000013,A,https://www.sec.gov/Archives/edgar/data/1018724/000101872422000013/amzn-20220331.htm,10-Q consolidated statements of cash flows,REPORTED,,Principal repayments of finance (before 2019: capital) leases; financing activities.,NO,YES,NO (internal-use software capitalised as property and equipment is included),NO,FALSE,FALSE,XBRL tag us-gaap:FinanceLeasePrincipalPayments; text check PASS. Same value also printed in 1 later filing(s).
OBS-AMAZON-00247,amazon,"Amazon.com, Inc.",FY2022,H1 (6M YTD),2022-01-01,2022-06-30,2022-Q2,2022-07-29,Principal repayments of finance leases,finance_lease_principal_payments,"(4,836)",USD,millions,4836000000,SRC-IQ16-AMAZON-0001018724-22-000019,A,https://www.sec.gov/Archives/edgar/data/1018724/000101872422000019/amzn-20220630.htm,10-Q consolidated statements of cash flows,REPORTED,,Principal repayments of finance (before 2019: capital) leases; financing activities.,NO,YES,NO (internal-use software capitalised as property and equipment is included),NO,FALSE,FALSE,XBRL tag us-gaap:FinanceLeasePrincipalPayments; text check PASS. Same value also printed in 1 later filing(s).
OBS-AMAZON-00248,amazon,"Amazon.com, Inc.",FY2022,9M YTD,2022-01-01,2022-09-30,2022-Q3,2022-10-28,Principal repayments of finance leases,finance_lease_principal_payments,"(6,301)",USD,millions,6301000000,SRC-IQ16-AMAZON-0001018724-22-000023,A,https://www.sec.gov/Archives/edgar/data/1018724/000101872422000023/amzn-20220930.htm,10-Q consolidated statements of cash flows,REPORTED,,Principal repayments of finance (before 2019: capital) leases; financing activities.,NO,YES,NO (internal-use software capitalised as property and equipment is included),NO,FALSE,FALSE,XBRL tag us-gaap:FinanceLeasePrincipalPayments; text check PASS. Same value also printed in 1 later filing(s).
OBS-AMAZON-00249,amazon,"Amazon.com, Inc.",FY2022,FY,2022-01-01,2022-12-31,2022-Q4,2023-02-03,Principal repayments of finance leases,finance_lease_principal_payments,"(7,941)",USD,millions,7941000000,SRC-IQ16-AMAZON-0001018724-23-000004,A,https://www.sec.gov/Archives/edgar/data/1018724/000101872423000004/amzn-20221231.htm,10-K consolidated statements of cash flows,REPORTED,,Principal repayments of finance (before 2019: capital) leases; financing activities.,NO,YES,NO (internal-use software capitalised as property and equipment is included),NO,FALSE,FALSE,XBRL tag us-gaap:FinanceLeasePrincipalPayments; text check PASS. Same value also printed in 2 later filing(s).
OBS-AMAZON-00250,amazon,"Amazon.com, Inc.",FY2022,Q2,2022-04-01,2022-06-30,2022-Q2,2022-07-29,Principal repayments of finance leases,finance_lease_principal_payments,"(2,059)",USD,millions,2059000000,SRC-IQ16-AMAZON-0001018724-22-000019,A,https://www.sec.gov/Archives/edgar/data/1018724/000101872422000019/amzn-20220630.htm,10-Q consolidated statements of cash flows,REPORTED,,Principal repayments of finance (before 2019: capital) leases; financing activities.,NO,YES,NO (internal-use software capitalised as property and equipment is included),NO,FALSE,FALSE,XBRL tag us-gaap:FinanceLeasePrincipalPayments; text check PASS. Same value also printed in 1 later filing(s).
OBS-AMAZON-00251,amazon,"Amazon.com, Inc.",FY2022,Q3,2022-07-01,2022-09-30,2022-Q3,2022-10-28,Principal repayments of finance leases,finance_lease_principal_payments,"(1,465)",USD,millions,1465000000,SRC-IQ16-AMAZON-0001018724-22-000023,A,https://www.sec.gov/Archives/edgar/data/1018724/000101872422000023/amzn-20220930.htm,10-Q consolidated statements of cash flows,REPORTED,,Principal repayments of finance (before 2019: capital) leases; financing activities.,NO,YES,NO (internal-use software capitalised as property and equipment is included),NO,FALSE,FALSE,XBRL tag us-gaap:FinanceLeasePrincipalPayments; text check PASS. Same value also printed in 1 later filing(s).
OBS-AMAZON-00252,amazon,"Amazon.com, Inc.",FY2023,Q1,2023-01-01,2023-03-31,2023-Q1,2023-04-28,Principal repayments of finance leases,finance_lease_principal_payments,"(1,380)",USD,millions,1380000000,SRC-IQ16-AMAZON-0001018724-23-000008,A,https://www.sec.gov/Archives/edgar/data/1018724/000101872423000008/amzn-20230331.htm,10-Q consolidated statements of cash flows,REPORTED,,Principal repayments of finance (before 2019: capital) leases; financing activities.,NO,YES,NO (internal-use software capitalised as property and equipment is included),NO,FALSE,FALSE,XBRL tag us-gaap:FinanceLeasePrincipalPayments; text check PASS. Same value also printed in 1 later filing(s).
OBS-AMAZON-00253,amazon,"Amazon.com, Inc.",FY2023,H1 (6M YTD),2023-01-01,2023-06-30,2023-Q2,2023-08-04,Principal repayments of finance leases,finance_lease_principal_payments,"(2,600)",USD,millions,2600000000,SRC-IQ16-AMAZON-0001018724-23-000012,A,https://www.sec.gov/Archives/edgar/data/1018724/000101872423000012/amzn-20230630.htm,10-Q consolidated statements of cash flows,REPORTED,,Principal repayments of finance (before 2019: capital) leases; financing activities.,NO,YES,NO (internal-use software capitalised as property and equipment is included),NO,FALSE,FALSE,XBRL tag us-gaap:FinanceLeasePrincipalPayments; text check PASS. Same value also printed in 1 later filing(s).
OBS-AMAZON-00254,amazon,"Amazon.com, Inc.",FY2023,9M YTD,2023-01-01,2023-09-30,2023-Q3,2023-10-27,Principal repayments of finance leases,finance_lease_principal_payments,"(3,605)",USD,millions,3605000000,SRC-IQ16-AMAZON-0001018724-23-000018,A,https://www.sec.gov/Archives/edgar/data/1018724/000101872423000018/amzn-20230930.htm,10-Q consolidated statements of cash flows,REPORTED,,Principal repayments of finance (before 2019: capital) leases; financing activities.,NO,YES,NO (internal-use software capitalised as property and equipment is included),NO,FALSE,FALSE,XBRL tag us-gaap:FinanceLeasePrincipalPayments; text check PASS. Same value also printed in 1 later filing(s).
OBS-AMAZON-00255,amazon,"Amazon.com, Inc.",FY2023,FY,2023-01-01,2023-12-31,2023-Q4,2024-02-02,Principal repayments of finance leases,finance_lease_principal_payments,"(4,384)",USD,millions,4384000000,SRC-IQ16-AMAZON-0001018724-24-000008,A,https://www.sec.gov/Archives/edgar/data/1018724/000101872424000008/amzn-20231231.htm,10-K consolidated statements of cash flows,REPORTED,,Principal repayments of finance (before 2019: capital) leases; financing activities.,NO,YES,NO (internal-use software capitalised as property and equipment is included),NO,FALSE,FALSE,XBRL tag us-gaap:FinanceLeasePrincipalPayments; text check PASS. Same value also printed in 2 later filing(s).
OBS-AMAZON-00256,amazon,"Amazon.com, Inc.",FY2023,Q2,2023-04-01,2023-06-30,2023-Q2,2023-08-04,Principal repayments of finance leases,finance_lease_principal_payments,"(1,220)",USD,millions,1220000000,SRC-IQ16-AMAZON-0001018724-23-000012,A,https://www.sec.gov/Archives/edgar/data/1018724/000101872423000012/amzn-20230630.htm,10-Q consolidated statements of cash flows,REPORTED,,Principal repayments of finance (before 2019: capital) leases; financing activities.,NO,YES,NO (internal-use software capitalised as property and equipment is included),NO,FALSE,FALSE,XBRL tag us-gaap:FinanceLeasePrincipalPayments; text check PASS. Same value also printed in 1 later filing(s).
OBS-AMAZON-00257,amazon,"Amazon.com, Inc.",FY2023,Q3,2023-07-01,2023-09-30,2023-Q3,2023-10-27,Principal repayments of finance leases,finance_lease_principal_payments,"(1,005)",USD,millions,1005000000,SRC-IQ16-AMAZON-0001018724-23-000018,A,https://www.sec.gov/Archives/edgar/data/1018724/000101872423000018/amzn-20230930.htm,10-Q consolidated statements of cash flows,REPORTED,,Principal repayments of finance (before 2019: capital) leases; financing activities.,NO,YES,NO (internal-use software capitalised as property and equipment is included),NO,FALSE,FALSE,XBRL tag us-gaap:FinanceLeasePrincipalPayments; text check PASS. Same value also printed in 1 later filing(s).
OBS-AMAZON-00258,amazon,"Amazon.com, Inc.",FY2024,Q1,2024-01-01,2024-03-31,2024-Q1,2024-05-01,Principal repayments of finance leases,finance_lease_principal_payments,(770),USD,millions,770000000,SRC-IQ16-AMAZON-0001018724-24-000083,A,https://www.sec.gov/Archives/edgar/data/1018724/000101872424000083/amzn-20240331.htm,10-Q consolidated statements of cash flows,REPORTED,,Principal repayments of finance (before 2019: capital) leases; financing activities.,NO,YES,NO (internal-use software capitalised as property and equipment is included),NO,FALSE,FALSE,XBRL tag us-gaap:FinanceLeasePrincipalPayments; text check PASS. Same value also printed in 1 later filing(s).
OBS-AMAZON-00259,amazon,"Amazon.com, Inc.",FY2024,H1 (6M YTD),2024-01-01,2024-06-30,2024-Q2,2024-08-02,Principal repayments of finance leases,finance_lease_principal_payments,"(1,308)",USD,millions,1308000000,SRC-IQ16-AMAZON-0001018724-24-000130,A,https://www.sec.gov/Archives/edgar/data/1018724/000101872424000130/amzn-20240630.htm,10-Q consolidated statements of cash flows,REPORTED,,Principal repayments of finance (before 2019: capital) leases; financing activities.,NO,YES,NO (internal-use software capitalised as property and equipment is included),NO,FALSE,FALSE,XBRL tag us-gaap:FinanceLeasePrincipalPayments; text check PASS. Same value also printed in 1 later filing(s).
OBS-AMAZON-00260,amazon,"Amazon.com, Inc.",FY2024,9M YTD,2024-01-01,2024-09-30,2024-Q3,2024-11-01,Principal repayments of finance leases,finance_lease_principal_payments,"(1,710)",USD,millions,1710000000,SRC-IQ16-AMAZON-0001018724-24-000161,A,https://www.sec.gov/Archives/edgar/data/1018724/000101872424000161/amzn-20240930.htm,10-Q consolidated statements of cash flows,REPORTED,,Principal repayments of finance (before 2019: capital) leases; financing activities.,NO,YES,NO (internal-use software capitalised as property and equipment is included),NO,FALSE,FALSE,XBRL tag us-gaap:FinanceLeasePrincipalPayments; text check PASS. Same value also printed in 1 later filing(s).
OBS-AMAZON-00261,amazon,"Amazon.com, Inc.",FY2024,FY,2024-01-01,2024-12-31,2024-Q4,2025-02-07,Principal repayments of finance leases,finance_lease_principal_payments,"(2,043)",USD,millions,2043000000,SRC-IQ16-AMAZON-0001018724-25-000004,A,https://www.sec.gov/Archives/edgar/data/1018724/000101872425000004/amzn-20241231.htm,10-K consolidated statements of cash flows,REPORTED,,Principal repayments of finance (before 2019: capital) leases; financing activities.,NO,YES,NO (internal-use software capitalised as property and equipment is included),NO,FALSE,FALSE,XBRL tag us-gaap:FinanceLeasePrincipalPayments; text check PASS. Same value also printed in 1 later filing(s).
OBS-AMAZON-00262,amazon,"Amazon.com, Inc.",FY2024,Q2,2024-04-01,2024-06-30,2024-Q2,2024-08-02,Principal repayments of finance leases,finance_lease_principal_payments,(538),USD,millions,538000000,SRC-IQ16-AMAZON-0001018724-24-000130,A,https://www.sec.gov/Archives/edgar/data/1018724/000101872424000130/amzn-20240630.htm,10-Q consolidated statements of cash flows,REPORTED,,Principal repayments of finance (before 2019: capital) leases; financing activities.,NO,YES,NO (internal-use software capitalised as property and equipment is included),NO,FALSE,FALSE,XBRL tag us-gaap:FinanceLeasePrincipalPayments; text check PASS. Same value also printed in 1 later filing(s).
OBS-AMAZON-00263,amazon,"Amazon.com, Inc.",FY2024,Q3,2024-07-01,2024-09-30,2024-Q3,2024-11-01,Principal repayments of finance leases,finance_lease_principal_payments,(402),USD,millions,402000000,SRC-IQ16-AMAZON-0001018724-24-000161,A,https://www.sec.gov/Archives/edgar/data/1018724/000101872424000161/amzn-20240930.htm,10-Q consolidated statements of cash flows,REPORTED,,Principal repayments of finance (before 2019: capital) leases; financing activities.,NO,YES,NO (internal-use software capitalised as property and equipment is included),NO,FALSE,FALSE,XBRL tag us-gaap:FinanceLeasePrincipalPayments; text check PASS. Same value also printed in 1 later filing(s).
OBS-AMAZON-00264,amazon,"Amazon.com, Inc.",FY2025,Q1,2025-01-01,2025-03-31,2025-Q1,2025-05-02,Principal repayments of finance leases,finance_lease_principal_payments,(410),USD,millions,410000000,SRC-IQ16-AMAZON-0001018724-25-000036,A,https://www.sec.gov/Archives/edgar/data/1018724/000101872425000036/amzn-20250331.htm,10-Q consolidated statements of cash flows,REPORTED,,Principal repayments of finance (before 2019: capital) leases; financing activities.,NO,YES,NO (internal-use software capitalised as property and equipment is included),NO,FALSE,FALSE,XBRL tag us-gaap:FinanceLeasePrincipalPayments; text check PASS. Same value also printed in 1 later filing(s).
OBS-AMAZON-00265,amazon,"Amazon.com, Inc.",FY2025,H1 (6M YTD),2025-01-01,2025-06-30,2025-Q2,2025-08-01,Principal repayments of finance leases,finance_lease_principal_payments,(821),USD,millions,821000000,SRC-IQ16-AMAZON-0001018724-25-000086,A,https://www.sec.gov/Archives/edgar/data/1018724/000101872425000086/amzn-20250630.htm,10-Q consolidated statements of cash flows,REPORTED,,Principal repayments of finance (before 2019: capital) leases; financing activities.,NO,YES,NO (internal-use software capitalised as property and equipment is included),NO,FALSE,FALSE,XBRL tag us-gaap:FinanceLeasePrincipalPayments; text check PASS. Same value also printed in 1 later filing(s).
OBS-AMAZON-00266,amazon,"Amazon.com, Inc.",FY2025,9M YTD,2025-01-01,2025-09-30,2025-Q3,2025-10-31,Principal repayments of finance leases,finance_lease_principal_payments,"(1,172)",USD,millions,1172000000,SRC-IQ16-AMAZON-0001018724-25-000123,A,https://www.sec.gov/Archives/edgar/data/1018724/000101872425000123/amzn-20250930.htm,10-Q consolidated statements of cash flows,REPORTED,,Principal repayments of finance (before 2019: capital) leases; financing activities.,NO,YES,NO (internal-use software capitalised as property and equipment is included),NO,FALSE,FALSE,XBRL tag us-gaap:FinanceLeasePrincipalPayments; text check PASS.
OBS-AMAZON-00267,amazon,"Amazon.com, Inc.",FY2025,FY,2025-01-01,2025-12-31,2025-Q4,2026-02-06,Principal repayments of finance leases,finance_lease_principal_payments,"(1,557)",USD,millions,1557000000,SRC-AMZN-006,A,https://www.sec.gov/Archives/edgar/data/1018724/000101872426000004/amzn-20251231.htm,10-K consolidated statements of cash flows,REPORTED,,Principal repayments of finance (before 2019: capital) leases; financing activities.,NO,YES,NO (internal-use software capitalised as property and equipment is included),NO,FALSE,FALSE,XBRL tag us-gaap:FinanceLeasePrincipalPayments; text check PASS.
OBS-AMAZON-00268,amazon,"Amazon.com, Inc.",FY2025,Q2,2025-04-01,2025-06-30,2025-Q2,2025-08-01,Principal repayments of finance leases,finance_lease_principal_payments,(411),USD,millions,411000000,SRC-IQ16-AMAZON-0001018724-25-000086,A,https://www.sec.gov/Archives/edgar/data/1018724/000101872425000086/amzn-20250630.htm,10-Q consolidated statements of cash flows,REPORTED,,Principal repayments of finance (before 2019: capital) leases; financing activities.,NO,YES,NO (internal-use software capitalised as property and equipment is included),NO,FALSE,FALSE,XBRL tag us-gaap:FinanceLeasePrincipalPayments; text check PASS. Same value also printed in 1 later filing(s).
OBS-AMAZON-00269,amazon,"Amazon.com, Inc.",FY2025,Q3,2025-07-01,2025-09-30,2025-Q3,2025-10-31,Principal repayments of finance leases,finance_lease_principal_payments,(351),USD,millions,351000000,SRC-IQ16-AMAZON-0001018724-25-000123,A,https://www.sec.gov/Archives/edgar/data/1018724/000101872425000123/amzn-20250930.htm,10-Q consolidated statements of cash flows,REPORTED,,Principal repayments of finance (before 2019: capital) leases; financing activities.,NO,YES,NO (internal-use software capitalised as property and equipment is included),NO,FALSE,FALSE,XBRL tag us-gaap:FinanceLeasePrincipalPayments; text check PASS.
OBS-AMAZON-00270,amazon,"Amazon.com, Inc.",FY2026,Q1,2026-01-01,2026-03-31,2026-Q1,2026-04-30,Principal repayments of finance leases,finance_lease_principal_payments,(468),USD,millions,468000000,SRC-IQ16-AMAZON-0001018724-26-000014,A,https://www.sec.gov/Archives/edgar/data/1018724/000101872426000014/amzn-20260331.htm,10-Q consolidated statements of cash flows,REPORTED,,Principal repayments of finance (before 2019: capital) leases; financing activities.,NO,YES,NO (internal-use software capitalised as property and equipment is included),NO,FALSE,FALSE,XBRL tag us-gaap:FinanceLeasePrincipalPayments; text check PASS.
OBS-AMAZON-00271,amazon,"Amazon.com, Inc.",FY2026,H1 (6M YTD),2026-01-01,2026-06-30,2026-Q2,2026-07-31,Principal repayments of finance leases,finance_lease_principal_payments,(863),USD,millions,863000000,SRC-IQ16-AMAZON-0001018724-26-000026,A,https://www.sec.gov/Archives/edgar/data/1018724/000101872426000026/amzn-20260630.htm,10-Q consolidated statements of cash flows,REPORTED,,Principal repayments of finance (before 2019: capital) leases; financing activities.,NO,YES,NO (internal-use software capitalised as property and equipment is included),NO,FALSE,FALSE,XBRL tag us-gaap:FinanceLeasePrincipalPayments; text check PASS.
OBS-AMAZON-00272,amazon,"Amazon.com, Inc.",FY2026,Q2,2026-04-01,2026-06-30,2026-Q2,2026-07-31,Principal repayments of finance leases,finance_lease_principal_payments,(395),USD,millions,395000000,SRC-IQ16-AMAZON-0001018724-26-000026,A,https://www.sec.gov/Archives/edgar/data/1018724/000101872426000026/amzn-20260630.htm,10-Q consolidated statements of cash flows,REPORTED,,Principal repayments of finance (before 2019: capital) leases; financing activities.,NO,YES,NO (internal-use software capitalised as property and equipment is included),NO,FALSE,FALSE,XBRL tag us-gaap:FinanceLeasePrincipalPayments; text check PASS.
OBS-AMAZON-00273,amazon,"Amazon.com, Inc.",FY2012,FY,2012-01-01,2012-12-31,2012-Q4,2015-01-30,Principal repayments of finance lease obligations,financing_obligation_principal_payments,(20),USD,millions,20000000,SRC-IQ16-AMAZON-0001018724-15-000006,A,https://www.sec.gov/Archives/edgar/data/1018724/000101872415000006/amzn-20141231x10k.htm,10-K consolidated statements of cash flows,REPORTED,,Amazon build-to-suit financing obligations (called 'finance lease obligations' before 2019).,NO,NO,NO (internal-use software capitalised as property and equipment is included),NO,FALSE,FALSE,"XBRL tag none (printed, untagged; period from the column of the purchases row); text check PASS_PRINTED_UNTAGGED."
OBS-AMAZON-00274,amazon,"Amazon.com, Inc.",FY2013,FY,2013-01-01,2013-12-31,2013-Q4,2015-01-30,Principal repayments of finance lease obligations,financing_obligation_principal_payments,(5),USD,millions,5000000,SRC-IQ16-AMAZON-0001018724-15-000006,A,https://www.sec.gov/Archives/edgar/data/1018724/000101872415000006/amzn-20141231x10k.htm,10-K consolidated statements of cash flows,REPORTED,,Amazon build-to-suit financing obligations (called 'finance lease obligations' before 2019).,NO,NO,NO (internal-use software capitalised as property and equipment is included),NO,FALSE,FALSE,"XBRL tag none (printed, untagged; period from the column of the purchases row); text check PASS_PRINTED_UNTAGGED. Same value also printed in 1 later filing(s)."
OBS-AMAZON-00275,amazon,"Amazon.com, Inc.",FY2014,Q1,2014-01-01,2014-03-31,2014-Q1,2015-04-24,Principal repayments of finance lease obligations,financing_obligation_principal_payments,(42),USD,millions,42000000,SRC-IQ16-AMAZON-0001018724-15-000038,A,https://www.sec.gov/Archives/edgar/data/1018724/000101872415000038/amzn-20150331x10q.htm,10-Q consolidated statements of cash flows,REPORTED,,Amazon build-to-suit financing obligations (called 'finance lease obligations' before 2019).,NO,NO,NO (internal-use software capitalised as property and equipment is included),NO,FALSE,FALSE,"XBRL tag none (printed, untagged; period from the column of the purchases row); text check PASS_PRINTED_UNTAGGED."
OBS-AMAZON-00276,amazon,"Amazon.com, Inc.",FY2014,H1 (6M YTD),2014-01-01,2014-06-30,2014-Q2,2015-07-24,Principal repayments of finance lease obligations,financing_obligation_principal_payments,(54),USD,millions,54000000,SRC-IQ16-AMAZON-0001018724-15-000087,A,https://www.sec.gov/Archives/edgar/data/1018724/000101872415000087/amzn-20150630x10q.htm,10-Q consolidated statements of cash flows,REPORTED,,Amazon build-to-suit financing obligations (called 'finance lease obligations' before 2019).,NO,NO,NO (internal-use software capitalised as property and equipment is included),NO,FALSE,FALSE,"XBRL tag none (printed, untagged; period from the column of the purchases row); text check PASS_PRINTED_UNTAGGED."
OBS-AMAZON-00277,amazon,"Amazon.com, Inc.",FY2014,9M YTD,2014-01-01,2014-09-30,2014-Q3,2015-10-23,Principal repayments of finance lease obligations,financing_obligation_principal_payments,(68),USD,millions,68000000,SRC-IQ16-AMAZON-0001018724-15-000126,A,https://www.sec.gov/Archives/edgar/data/1018724/000101872415000126/amzn-20150930x10q.htm,10-Q consolidated statements of cash flows,REPORTED,,Amazon build-to-suit financing obligations (called 'finance lease obligations' before 2019).,NO,NO,NO (internal-use software capitalised as property and equipment is included),NO,FALSE,FALSE,"XBRL tag none (printed, untagged; period from the column of the purchases row); text check PASS_PRINTED_UNTAGGED."
OBS-AMAZON-00278,amazon,"Amazon.com, Inc.",FY2014,FY,2014-01-01,2014-12-31,2014-Q4,2015-01-30,Principal repayments of finance lease obligations,financing_obligation_principal_payments,(135),USD,millions,135000000,SRC-IQ16-AMAZON-0001018724-15-000006,A,https://www.sec.gov/Archives/edgar/data/1018724/000101872415000006/amzn-20141231x10k.htm,10-K consolidated statements of cash flows,REPORTED,,Amazon build-to-suit financing obligations (called 'finance lease obligations' before 2019).,NO,NO,NO (internal-use software capitalised as property and equipment is included),NO,FALSE,FALSE,"XBRL tag none (printed, untagged; period from the column of the purchases row); text check PASS_PRINTED_UNTAGGED. Same value also printed in 2 later filing(s)."
OBS-AMAZON-00279,amazon,"Amazon.com, Inc.",FY2014,Q2,2014-04-01,2014-06-30,2014-Q2,2015-07-24,Principal repayments of finance lease obligations,financing_obligation_principal_payments,(12),USD,millions,12000000,SRC-IQ16-AMAZON-0001018724-15-000087,A,https://www.sec.gov/Archives/edgar/data/1018724/000101872415000087/amzn-20150630x10q.htm,10-Q consolidated statements of cash flows,REPORTED,,Amazon build-to-suit financing obligations (called 'finance lease obligations' before 2019).,NO,NO,NO (internal-use software capitalised as property and equipment is included),NO,FALSE,FALSE,"XBRL tag none (printed, untagged; period from the column of the purchases row); text check PASS_PRINTED_UNTAGGED."
OBS-AMAZON-00280,amazon,"Amazon.com, Inc.",FY2014,Q3,2014-07-01,2014-09-30,2014-Q3,2015-10-23,Principal repayments of finance lease obligations,financing_obligation_principal_payments,(13),USD,millions,13000000,SRC-IQ16-AMAZON-0001018724-15-000126,A,https://www.sec.gov/Archives/edgar/data/1018724/000101872415000126/amzn-20150930x10q.htm,10-Q consolidated statements of cash flows,REPORTED,,Amazon build-to-suit financing obligations (called 'finance lease obligations' before 2019).,NO,NO,NO (internal-use software capitalised as property and equipment is included),NO,FALSE,FALSE,"XBRL tag none (printed, untagged; period from the column of the purchases row); text check PASS_PRINTED_UNTAGGED."
OBS-AMAZON-00281,amazon,"Amazon.com, Inc.",FY2015,Q1,2015-01-01,2015-03-31,2015-Q1,2015-04-24,Principal repayments of finance lease obligations,financing_obligation_principal_payments,(39),USD,millions,39000000,SRC-IQ16-AMAZON-0001018724-15-000038,A,https://www.sec.gov/Archives/edgar/data/1018724/000101872415000038/amzn-20150331x10q.htm,10-Q consolidated statements of cash flows,REPORTED,,Amazon build-to-suit financing obligations (called 'finance lease obligations' before 2019).,NO,NO,NO (internal-use software capitalised as property and equipment is included),NO,FALSE,FALSE,"XBRL tag none (printed, untagged; period from the column of the purchases row); text check PASS_PRINTED_UNTAGGED. Same value also printed in 1 later filing(s)."
OBS-AMAZON-00282,amazon,"Amazon.com, Inc.",FY2015,H1 (6M YTD),2015-01-01,2015-06-30,2015-Q2,2015-07-24,Principal repayments of finance lease obligations,financing_obligation_principal_payments,(74),USD,millions,74000000,SRC-IQ16-AMAZON-0001018724-15-000087,A,https://www.sec.gov/Archives/edgar/data/1018724/000101872415000087/amzn-20150630x10q.htm,10-Q consolidated statements of cash flows,REPORTED,,Amazon build-to-suit financing obligations (called 'finance lease obligations' before 2019).,NO,NO,NO (internal-use software capitalised as property and equipment is included),NO,FALSE,FALSE,"XBRL tag none (printed, untagged; period from the column of the purchases row); text check PASS_PRINTED_UNTAGGED. Same value also printed in 1 later filing(s)."
OBS-AMAZON-00283,amazon,"Amazon.com, Inc.",FY2015,9M YTD,2015-01-01,2015-09-30,2015-Q3,2015-10-23,Principal repayments of finance lease obligations,financing_obligation_principal_payments,(95),USD,millions,95000000,SRC-IQ16-AMAZON-0001018724-15-000126,A,https://www.sec.gov/Archives/edgar/data/1018724/000101872415000126/amzn-20150930x10q.htm,10-Q consolidated statements of cash flows,REPORTED,,Amazon build-to-suit financing obligations (called 'finance lease obligations' before 2019).,NO,NO,NO (internal-use software capitalised as property and equipment is included),NO,FALSE,FALSE,"XBRL tag none (printed, untagged; period from the column of the purchases row); text check PASS_PRINTED_UNTAGGED. Same value also printed in 1 later filing(s)."
OBS-AMAZON-00284,amazon,"Amazon.com, Inc.",FY2015,FY,2015-01-01,2015-12-31,2015-Q4,2016-01-29,Principal repayments of finance lease obligations,financing_obligation_principal_payments,(121),USD,millions,121000000,SRC-IQ16-AMAZON-0001018724-16-000172,A,https://www.sec.gov/Archives/edgar/data/1018724/000101872416000172/amzn-20151231x10k.htm,10-K consolidated statements of cash flows,REPORTED,,Amazon build-to-suit financing obligations (called 'finance lease obligations' before 2019).,NO,NO,NO (internal-use software capitalised as property and equipment is included),NO,FALSE,FALSE,"XBRL tag none (printed, untagged; period from the column of the purchases row); text check PASS_PRINTED_UNTAGGED. Same value also printed in 2 later filing(s)."
OBS-AMAZON-00285,amazon,"Amazon.com, Inc.",FY2015,Q2,2015-04-01,2015-06-30,2015-Q2,2015-07-24,Principal repayments of finance lease obligations,financing_obligation_principal_payments,(35),USD,millions,35000000,SRC-IQ16-AMAZON-0001018724-15-000087,A,https://www.sec.gov/Archives/edgar/data/1018724/000101872415000087/amzn-20150630x10q.htm,10-Q consolidated statements of cash flows,REPORTED,,Amazon build-to-suit financing obligations (called 'finance lease obligations' before 2019).,NO,NO,NO (internal-use software capitalised as property and equipment is included),NO,FALSE,FALSE,"XBRL tag none (printed, untagged; period from the column of the purchases row); text check PASS_PRINTED_UNTAGGED. Same value also printed in 1 later filing(s)."
OBS-AMAZON-00286,amazon,"Amazon.com, Inc.",FY2015,Q3,2015-07-01,2015-09-30,2015-Q3,2015-10-23,Principal repayments of finance lease obligations,financing_obligation_principal_payments,(21),USD,millions,21000000,SRC-IQ16-AMAZON-0001018724-15-000126,A,https://www.sec.gov/Archives/edgar/data/1018724/000101872415000126/amzn-20150930x10q.htm,10-Q consolidated statements of cash flows,REPORTED,,Amazon build-to-suit financing obligations (called 'finance lease obligations' before 2019).,NO,NO,NO (internal-use software capitalised as property and equipment is included),NO,FALSE,FALSE,"XBRL tag none (printed, untagged; period from the column of the purchases row); text check PASS_PRINTED_UNTAGGED. Same value also printed in 1 later filing(s)."
OBS-AMAZON-00287,amazon,"Amazon.com, Inc.",FY2016,Q1,2016-01-01,2016-03-31,2016-Q1,2016-04-29,Principal repayments of finance lease obligations,financing_obligation_principal_payments,(29),USD,millions,29000000,SRC-IQ16-AMAZON-0001018724-16-000227,A,https://www.sec.gov/Archives/edgar/data/1018724/000101872416000227/amzn-20160331x10q.htm,10-Q consolidated statements of cash flows,REPORTED,,Amazon build-to-suit financing obligations (called 'finance lease obligations' before 2019).,NO,NO,NO (internal-use software capitalised as property and equipment is included),NO,FALSE,FALSE,"XBRL tag none (printed, untagged; period from the column of the purchases row); text check PASS_PRINTED_UNTAGGED. Same value also printed in 1 later filing(s)."
OBS-AMAZON-00288,amazon,"Amazon.com, Inc.",FY2016,H1 (6M YTD),2016-01-01,2016-06-30,2016-Q2,2016-07-29,Principal repayments of finance lease obligations,financing_obligation_principal_payments,(61),USD,millions,61000000,SRC-IQ16-AMAZON-0001018724-16-000286,A,https://www.sec.gov/Archives/edgar/data/1018724/000101872416000286/amzn-20160630x10q.htm,10-Q consolidated statements of cash flows,REPORTED,,Amazon build-to-suit financing obligations (called 'finance lease obligations' before 2019).,NO,NO,NO (internal-use software capitalised as property and equipment is included),NO,FALSE,FALSE,"XBRL tag none (printed, untagged; period from the column of the purchases row); text check PASS_PRINTED_UNTAGGED. Same value also printed in 1 later filing(s)."
OBS-AMAZON-00289,amazon,"Amazon.com, Inc.",FY2016,9M YTD,2016-01-01,2016-09-30,2016-Q3,2016-10-28,Principal repayments of finance lease obligations,financing_obligation_principal_payments,(105),USD,millions,105000000,SRC-IQ16-AMAZON-0001018724-16-000324,A,https://www.sec.gov/Archives/edgar/data/1018724/000101872416000324/amzn-20160930x10q.htm,10-Q consolidated statements of cash flows,REPORTED,,Amazon build-to-suit financing obligations (called 'finance lease obligations' before 2019).,NO,NO,NO (internal-use software capitalised as property and equipment is included),NO,FALSE,FALSE,"XBRL tag none (printed, untagged; period from the column of the purchases row); text check PASS_PRINTED_UNTAGGED. Same value also printed in 1 later filing(s)."
OBS-AMAZON-00290,amazon,"Amazon.com, Inc.",FY2016,FY,2016-01-01,2016-12-31,2016-Q4,2017-02-10,Principal repayments of finance lease obligations,financing_obligation_principal_payments,(147),USD,millions,147000000,SRC-IQ16-AMAZON-0001018724-17-000011,A,https://www.sec.gov/Archives/edgar/data/1018724/000101872417000011/amzn-20161231x10k.htm,10-K consolidated statements of cash flows,REPORTED,,Amazon build-to-suit financing obligations (called 'finance lease obligations' before 2019).,NO,NO,NO (internal-use software capitalised as property and equipment is included),NO,FALSE,FALSE,"XBRL tag none (printed, untagged; period from the column of the purchases row); text check PASS_PRINTED_UNTAGGED. Same value also printed in 2 later filing(s)."
OBS-AMAZON-00291,amazon,"Amazon.com, Inc.",FY2016,Q2,2016-04-01,2016-06-30,2016-Q2,2016-07-29,Principal repayments of finance lease obligations,financing_obligation_principal_payments,(32),USD,millions,32000000,SRC-IQ16-AMAZON-0001018724-16-000286,A,https://www.sec.gov/Archives/edgar/data/1018724/000101872416000286/amzn-20160630x10q.htm,10-Q consolidated statements of cash flows,REPORTED,,Amazon build-to-suit financing obligations (called 'finance lease obligations' before 2019).,NO,NO,NO (internal-use software capitalised as property and equipment is included),NO,FALSE,FALSE,"XBRL tag none (printed, untagged; period from the column of the purchases row); text check PASS_PRINTED_UNTAGGED. Same value also printed in 1 later filing(s)."
OBS-AMAZON-00292,amazon,"Amazon.com, Inc.",FY2016,Q3,2016-07-01,2016-09-30,2016-Q3,2016-10-28,Principal repayments of finance lease obligations,financing_obligation_principal_payments,(44),USD,millions,44000000,SRC-IQ16-AMAZON-0001018724-16-000324,A,https://www.sec.gov/Archives/edgar/data/1018724/000101872416000324/amzn-20160930x10q.htm,10-Q consolidated statements of cash flows,REPORTED,,Amazon build-to-suit financing obligations (called 'finance lease obligations' before 2019).,NO,NO,NO (internal-use software capitalised as property and equipment is included),NO,FALSE,FALSE,"XBRL tag none (printed, untagged; period from the column of the purchases row); text check PASS_PRINTED_UNTAGGED. Same value also printed in 1 later filing(s)."
OBS-AMAZON-00293,amazon,"Amazon.com, Inc.",FY2017,Q1,2017-01-01,2017-03-31,2017-Q1,2017-04-28,Principal repayments of finance lease obligations,financing_obligation_principal_payments,(37),USD,millions,37000000,SRC-IQ16-AMAZON-0001018724-17-000051,A,https://www.sec.gov/Archives/edgar/data/1018724/000101872417000051/amzn-20170331x10q.htm,10-Q consolidated statements of cash flows,REPORTED,,Amazon build-to-suit financing obligations (called 'finance lease obligations' before 2019).,NO,NO,NO (internal-use software capitalised as property and equipment is included),NO,FALSE,FALSE,"XBRL tag none (printed, untagged; period from the column of the purchases row); text check PASS_PRINTED_UNTAGGED. Same value also printed in 1 later filing(s)."
OBS-AMAZON-00294,amazon,"Amazon.com, Inc.",FY2017,H1 (6M YTD),2017-01-01,2017-06-30,2017-Q2,2017-07-28,Principal repayments of finance lease obligations,financing_obligation_principal_payments,(85),USD,millions,85000000,SRC-IQ16-AMAZON-0001018724-17-000100,A,https://www.sec.gov/Archives/edgar/data/1018724/000101872417000100/amzn-20170630x10q.htm,10-Q consolidated statements of cash flows,REPORTED,,Amazon build-to-suit financing obligations (called 'finance lease obligations' before 2019).,NO,NO,NO (internal-use software capitalised as property and equipment is included),NO,FALSE,FALSE,"XBRL tag none (printed, untagged; period from the column of the purchases row); text check PASS_PRINTED_UNTAGGED. Same value also printed in 1 later filing(s)."
OBS-AMAZON-00295,amazon,"Amazon.com, Inc.",FY2017,9M YTD,2017-01-01,2017-09-30,2017-Q3,2017-10-27,Principal repayments of finance lease obligations,financing_obligation_principal_payments,(134),USD,millions,134000000,SRC-IQ16-AMAZON-0001018724-17-000135,A,https://www.sec.gov/Archives/edgar/data/1018724/000101872417000135/amzn-20170930x10q.htm,10-Q consolidated statements of cash flows,REPORTED,,Amazon build-to-suit financing obligations (called 'finance lease obligations' before 2019).,NO,NO,NO (internal-use software capitalised as property and equipment is included),NO,FALSE,FALSE,"XBRL tag none (printed, untagged; period from the column of the purchases row); text check PASS_PRINTED_UNTAGGED. Same value also printed in 1 later filing(s)."
OBS-AMAZON-00296,amazon,"Amazon.com, Inc.",FY2017,FY,2017-01-01,2017-12-31,2017-Q4,2018-02-02,Principal repayments of finance lease obligations,financing_obligation_principal_payments,(200),USD,millions,200000000,SRC-IQ16-AMAZON-0001018724-18-000005,A,https://www.sec.gov/Archives/edgar/data/1018724/000101872418000005/amzn-20171231x10k.htm,10-K consolidated statements of cash flows,REPORTED,,Amazon build-to-suit financing obligations (called 'finance lease obligations' before 2019).,NO,NO,NO (internal-use software capitalised as property and equipment is included),NO,FALSE,FALSE,"XBRL tag none (printed, untagged; period from the column of the purchases row); text check PASS_PRINTED_UNTAGGED. Same value also printed in 2 later filing(s)."
OBS-AMAZON-00297,amazon,"Amazon.com, Inc.",FY2017,Q2,2017-04-01,2017-06-30,2017-Q2,2017-07-28,Principal repayments of finance lease obligations,financing_obligation_principal_payments,(47),USD,millions,47000000,SRC-IQ16-AMAZON-0001018724-17-000100,A,https://www.sec.gov/Archives/edgar/data/1018724/000101872417000100/amzn-20170630x10q.htm,10-Q consolidated statements of cash flows,REPORTED,,Amazon build-to-suit financing obligations (called 'finance lease obligations' before 2019).,NO,NO,NO (internal-use software capitalised as property and equipment is included),NO,FALSE,FALSE,"XBRL tag none (printed, untagged; period from the column of the purchases row); text check PASS_PRINTED_UNTAGGED. Same value also printed in 1 later filing(s)."
OBS-AMAZON-00298,amazon,"Amazon.com, Inc.",FY2017,Q3,2017-07-01,2017-09-30,2017-Q3,2017-10-27,Principal repayments of finance lease obligations,financing_obligation_principal_payments,(49),USD,millions,49000000,SRC-IQ16-AMAZON-0001018724-17-000135,A,https://www.sec.gov/Archives/edgar/data/1018724/000101872417000135/amzn-20170930x10q.htm,10-Q consolidated statements of cash flows,REPORTED,,Amazon build-to-suit financing obligations (called 'finance lease obligations' before 2019).,NO,NO,NO (internal-use software capitalised as property and equipment is included),NO,FALSE,FALSE,"XBRL tag none (printed, untagged; period from the column of the purchases row); text check PASS_PRINTED_UNTAGGED. Same value also printed in 1 later filing(s)."
OBS-AMAZON-00299,amazon,"Amazon.com, Inc.",FY2018,Q1,2018-01-01,2018-03-31,2018-Q1,2018-04-27,Principal repayments of finance lease obligations,financing_obligation_principal_payments,(72),USD,millions,72000000,SRC-IQ16-AMAZON-0001018724-18-000072,A,https://www.sec.gov/Archives/edgar/data/1018724/000101872418000072/amzn-20180331x10q.htm,10-Q consolidated statements of cash flows,REPORTED,,Amazon build-to-suit financing obligations (called 'finance lease obligations' before 2019).,NO,NO,NO (internal-use software capitalised as property and equipment is included),NO,FALSE,FALSE,"XBRL tag none (printed, untagged; period from the column of the purchases row); text check PASS_PRINTED_UNTAGGED. Same value also printed in 1 later filing(s)."
OBS-AMAZON-00300,amazon,"Amazon.com, Inc.",FY2018,H1 (6M YTD),2018-01-01,2018-06-30,2018-Q2,2018-07-27,Principal repayments of finance lease obligations,financing_obligation_principal_payments,(129),USD,millions,129000000,SRC-IQ16-AMAZON-0001018724-18-000108,A,https://www.sec.gov/Archives/edgar/data/1018724/000101872418000108/amzn-20180630x10q.htm,10-Q consolidated statements of cash flows,REPORTED,,Amazon build-to-suit financing obligations (called 'finance lease obligations' before 2019).,NO,NO,NO (internal-use software capitalised as property and equipment is included),NO,FALSE,FALSE,"XBRL tag none (printed, untagged; period from the column of the purchases row); text check PASS_PRINTED_UNTAGGED. Same value also printed in 1 later filing(s)."
OBS-AMAZON-00301,amazon,"Amazon.com, Inc.",FY2018,9M YTD,2018-01-01,2018-09-30,2018-Q3,2018-10-26,Principal repayments of finance lease obligations,financing_obligation_principal_payments,(211),USD,millions,211000000,SRC-IQ16-AMAZON-0001018724-18-000159,A,https://www.sec.gov/Archives/edgar/data/1018724/000101872418000159/amzn-20180930x10q.htm,10-Q consolidated statements of cash flows,REPORTED,,Amazon build-to-suit financing obligations (called 'finance lease obligations' before 2019).,NO,NO,NO (internal-use software capitalised as property and equipment is included),NO,FALSE,FALSE,"XBRL tag none (printed, untagged; period from the column of the purchases row); text check PASS_PRINTED_UNTAGGED. Same value also printed in 1 later filing(s)."
OBS-AMAZON-00302,amazon,"Amazon.com, Inc.",FY2018,FY,2018-01-01,2018-12-31,2018-Q4,2019-02-01,Principal repayments of finance lease obligations,financing_obligation_principal_payments,(337),USD,millions,337000000,SRC-IQ16-AMAZON-0001018724-19-000004,A,https://www.sec.gov/Archives/edgar/data/1018724/000101872419000004/amzn-20181231x10k.htm,10-K consolidated statements of cash flows,REPORTED,,Amazon build-to-suit financing obligations (called 'finance lease obligations' before 2019).,NO,NO,NO (internal-use software capitalised as property and equipment is included),NO,FALSE,FALSE,"XBRL tag none (printed, untagged; period from the column of the purchases row); text check PASS_PRINTED_UNTAGGED. Same value also printed in 2 later filing(s)."
OBS-AMAZON-00303,amazon,"Amazon.com, Inc.",FY2018,Q2,2018-04-01,2018-06-30,2018-Q2,2018-07-27,Principal repayments of finance lease obligations,financing_obligation_principal_payments,(57),USD,millions,57000000,SRC-IQ16-AMAZON-0001018724-18-000108,A,https://www.sec.gov/Archives/edgar/data/1018724/000101872418000108/amzn-20180630x10q.htm,10-Q consolidated statements of cash flows,REPORTED,,Amazon build-to-suit financing obligations (called 'finance lease obligations' before 2019).,NO,NO,NO (internal-use software capitalised as property and equipment is included),NO,FALSE,FALSE,"XBRL tag none (printed, untagged; period from the column of the purchases row); text check PASS_PRINTED_UNTAGGED. Same value also printed in 1 later filing(s)."
OBS-AMAZON-00304,amazon,"Amazon.com, Inc.",FY2018,Q3,2018-07-01,2018-09-30,2018-Q3,2018-10-26,Principal repayments of finance lease obligations,financing_obligation_principal_payments,(82),USD,millions,82000000,SRC-IQ16-AMAZON-0001018724-18-000159,A,https://www.sec.gov/Archives/edgar/data/1018724/000101872418000159/amzn-20180930x10q.htm,10-Q consolidated statements of cash flows,REPORTED,,Amazon build-to-suit financing obligations (called 'finance lease obligations' before 2019).,NO,NO,NO (internal-use software capitalised as property and equipment is included),NO,FALSE,FALSE,"XBRL tag none (printed, untagged; period from the column of the purchases row); text check PASS_PRINTED_UNTAGGED. Same value also printed in 1 later filing(s)."
OBS-AMAZON-00305,amazon,"Amazon.com, Inc.",FY2019,Q1,2019-01-01,2019-03-31,2019-Q1,2019-04-26,Principal repayments of financing obligations,financing_obligation_principal_payments,(2),USD,millions,2000000,SRC-IQ16-AMAZON-0001018724-19-000043,A,https://www.sec.gov/Archives/edgar/data/1018724/000101872419000043/amzn-2019331x10q.htm,10-Q consolidated statements of cash flows,REPORTED,,Amazon build-to-suit financing obligations (called 'finance lease obligations' before 2019).,NO,NO,NO (internal-use software capitalised as property and equipment is included),NO,FALSE,FALSE,"XBRL tag none (printed, untagged; period from the column of the purchases row); text check PASS_PRINTED_UNTAGGED. Same value also printed in 1 later filing(s)."
OBS-AMAZON-00306,amazon,"Amazon.com, Inc.",FY2019,H1 (6M YTD),2019-01-01,2019-06-30,2019-Q2,2019-07-26,Principal repayments of financing obligations,financing_obligation_principal_payments,(3),USD,millions,3000000,SRC-IQ16-AMAZON-0001018724-19-000071,A,https://www.sec.gov/Archives/edgar/data/1018724/000101872419000071/amzn-2019630x10q.htm,10-Q consolidated statements of cash flows,REPORTED,,Amazon build-to-suit financing obligations (called 'finance lease obligations' before 2019).,NO,NO,NO (internal-use software capitalised as property and equipment is included),NO,FALSE,FALSE,"XBRL tag none (printed, untagged; period from the column of the purchases row); text check PASS_PRINTED_UNTAGGED. Same value also printed in 1 later filing(s)."
OBS-AMAZON-00307,amazon,"Amazon.com, Inc.",FY2019,9M YTD,2019-01-01,2019-09-30,2019-Q3,2019-10-25,Principal repayments of financing obligations,financing_obligation_principal_payments,(3),USD,millions,3000000,SRC-IQ16-AMAZON-0001018724-19-000089,A,https://www.sec.gov/Archives/edgar/data/1018724/000101872419000089/amzn-2019930x10q.htm,10-Q consolidated statements of cash flows,REPORTED,,Amazon build-to-suit financing obligations (called 'finance lease obligations' before 2019).,NO,NO,NO (internal-use software capitalised as property and equipment is included),NO,FALSE,FALSE,"XBRL tag none (printed, untagged; period from the column of the purchases row); text check PASS_PRINTED_UNTAGGED. Same value also printed in 1 later filing(s)."
OBS-AMAZON-00308,amazon,"Amazon.com, Inc.",FY2019,FY,2019-01-01,2019-12-31,2019-Q4,2020-01-31,Principal repayments of financing obligations,financing_obligation_principal_payments,(27),USD,millions,27000000,SRC-IQ16-AMAZON-0001018724-20-000004,A,https://www.sec.gov/Archives/edgar/data/1018724/000101872420000004/amzn-20191231x10k.htm,10-K consolidated statements of cash flows,REPORTED,,Amazon build-to-suit financing obligations (called 'finance lease obligations' before 2019).,NO,NO,NO (internal-use software capitalised as property and equipment is included),NO,FALSE,FALSE,"XBRL tag none (printed, untagged; period from the column of the purchases row); text check PASS_PRINTED_UNTAGGED. Same value also printed in 2 later filing(s)."
OBS-AMAZON-00309,amazon,"Amazon.com, Inc.",FY2019,Q2,2019-04-01,2019-06-30,2019-Q2,2019-07-26,Principal repayments of financing obligations,financing_obligation_principal_payments,(2),USD,millions,2000000,SRC-IQ16-AMAZON-0001018724-19-000071,A,https://www.sec.gov/Archives/edgar/data/1018724/000101872419000071/amzn-2019630x10q.htm,10-Q consolidated statements of cash flows,REPORTED,,Amazon build-to-suit financing obligations (called 'finance lease obligations' before 2019).,NO,NO,NO (internal-use software capitalised as property and equipment is included),NO,FALSE,FALSE,"XBRL tag none (printed, untagged; period from the column of the purchases row); text check PASS_PRINTED_UNTAGGED. Same value also printed in 1 later filing(s)."
OBS-AMAZON-00310,amazon,"Amazon.com, Inc.",FY2019,Q3,2019-07-01,2019-09-30,2019-Q3,2019-10-25,Principal repayments of financing obligations,financing_obligation_principal_payments,0,USD,millions,0,SRC-IQ16-AMAZON-0001018724-19-000089,A,https://www.sec.gov/Archives/edgar/data/1018724/000101872419000089/amzn-2019930x10q.htm,10-Q consolidated statements of cash flows,REPORTED,,Amazon build-to-suit financing obligations (called 'finance lease obligations' before 2019).,NO,NO,NO (internal-use software capitalised as property and equipment is included),NO,FALSE,FALSE,"XBRL tag none (printed, untagged; period from the column of the purchases row); text check PASS_PRINTED_UNTAGGED. Same value also printed in 1 later filing(s)."
OBS-AMAZON-00311,amazon,"Amazon.com, Inc.",FY2020,Q1,2020-01-01,2020-03-31,2020-Q1,2020-05-01,Principal repayments of financing obligations,financing_obligation_principal_payments,(17),USD,millions,17000000,SRC-IQ16-AMAZON-0001018724-20-000010,A,https://www.sec.gov/Archives/edgar/data/1018724/000101872420000010/amzn-20200331x10q.htm,10-Q consolidated statements of cash flows,REPORTED,,Amazon build-to-suit financing obligations (called 'finance lease obligations' before 2019).,NO,NO,NO (internal-use software capitalised as property and equipment is included),NO,FALSE,FALSE,"XBRL tag none (printed, untagged; period from the column of the purchases row); text check PASS_PRINTED_UNTAGGED. Same value also printed in 1 later filing(s)."
OBS-AMAZON-00312,amazon,"Amazon.com, Inc.",FY2020,H1 (6M YTD),2020-01-01,2020-06-30,2020-Q2,2020-07-31,Principal repayments of financing obligations,financing_obligation_principal_payments,(32),USD,millions,32000000,SRC-IQ16-AMAZON-0001018724-20-000021,A,https://www.sec.gov/Archives/edgar/data/1018724/000101872420000021/amzn-20200630.htm,10-Q consolidated statements of cash flows,REPORTED,,Amazon build-to-suit financing obligations (called 'finance lease obligations' before 2019).,NO,NO,NO (internal-use software capitalised as property and equipment is included),NO,FALSE,FALSE,"XBRL tag none (printed, untagged; period from the column of the purchases row); text check PASS_PRINTED_UNTAGGED. Same value also printed in 1 later filing(s)."
OBS-AMAZON-00313,amazon,"Amazon.com, Inc.",FY2020,9M YTD,2020-01-01,2020-09-30,2020-Q3,2020-10-30,Principal repayments of financing obligations,financing_obligation_principal_payments,(44),USD,millions,44000000,SRC-IQ16-AMAZON-0001018724-20-000030,A,https://www.sec.gov/Archives/edgar/data/1018724/000101872420000030/amzn-20200930.htm,10-Q consolidated statements of cash flows,REPORTED,,Amazon build-to-suit financing obligations (called 'finance lease obligations' before 2019).,NO,NO,NO (internal-use software capitalised as property and equipment is included),NO,FALSE,FALSE,"XBRL tag none (printed, untagged; period from the column of the purchases row); text check PASS_PRINTED_UNTAGGED. Same value also printed in 1 later filing(s)."
OBS-AMAZON-00314,amazon,"Amazon.com, Inc.",FY2020,FY,2020-01-01,2020-12-31,2020-Q4,2021-02-03,Principal repayments of financing obligations,financing_obligation_principal_payments,(53),USD,millions,53000000,SRC-IQ16-AMAZON-0001018724-21-000004,A,https://www.sec.gov/Archives/edgar/data/1018724/000101872421000004/amzn-20201231.htm,10-K consolidated statements of cash flows,REPORTED,,Amazon build-to-suit financing obligations (called 'finance lease obligations' before 2019).,NO,NO,NO (internal-use software capitalised as property and equipment is included),NO,FALSE,FALSE,"XBRL tag none (printed, untagged; period from the column of the purchases row); text check PASS_PRINTED_UNTAGGED. Same value also printed in 2 later filing(s)."
OBS-AMAZON-00315,amazon,"Amazon.com, Inc.",FY2020,Q2,2020-04-01,2020-06-30,2020-Q2,2020-07-31,Principal repayments of financing obligations,financing_obligation_principal_payments,(15),USD,millions,15000000,SRC-IQ16-AMAZON-0001018724-20-000021,A,https://www.sec.gov/Archives/edgar/data/1018724/000101872420000021/amzn-20200630.htm,10-Q consolidated statements of cash flows,REPORTED,,Amazon build-to-suit financing obligations (called 'finance lease obligations' before 2019).,NO,NO,NO (internal-use software capitalised as property and equipment is included),NO,FALSE,FALSE,"XBRL tag none (printed, untagged; period from the column of the purchases row); text check PASS_PRINTED_UNTAGGED. Same value also printed in 1 later filing(s)."
OBS-AMAZON-00316,amazon,"Amazon.com, Inc.",FY2020,Q3,2020-07-01,2020-09-30,2020-Q3,2020-10-30,Principal repayments of financing obligations,financing_obligation_principal_payments,(12),USD,millions,12000000,SRC-IQ16-AMAZON-0001018724-20-000030,A,https://www.sec.gov/Archives/edgar/data/1018724/000101872420000030/amzn-20200930.htm,10-Q consolidated statements of cash flows,REPORTED,,Amazon build-to-suit financing obligations (called 'finance lease obligations' before 2019).,NO,NO,NO (internal-use software capitalised as property and equipment is included),NO,FALSE,FALSE,"XBRL tag none (printed, untagged; period from the column of the purchases row); text check PASS_PRINTED_UNTAGGED. Same value also printed in 1 later filing(s)."
OBS-AMAZON-00317,amazon,"Amazon.com, Inc.",FY2021,Q1,2021-01-01,2021-03-31,2021-Q1,2021-04-30,Principal repayments of financing obligations,financing_obligation_principal_payments,(67),USD,millions,67000000,SRC-IQ16-AMAZON-0001018724-21-000010,A,https://www.sec.gov/Archives/edgar/data/1018724/000101872421000010/amzn-20210331.htm,10-Q consolidated statements of cash flows,REPORTED,,Amazon build-to-suit financing obligations (called 'finance lease obligations' before 2019).,NO,NO,NO (internal-use software capitalised as property and equipment is included),NO,FALSE,FALSE,"XBRL tag none (printed, untagged; period from the column of the purchases row); text check PASS_PRINTED_UNTAGGED. Same value also printed in 1 later filing(s)."
OBS-AMAZON-00318,amazon,"Amazon.com, Inc.",FY2021,H1 (6M YTD),2021-01-01,2021-06-30,2021-Q2,2021-07-30,Principal repayments of financing obligations,financing_obligation_principal_payments,(95),USD,millions,95000000,SRC-IQ16-AMAZON-0001018724-21-000020,A,https://www.sec.gov/Archives/edgar/data/1018724/000101872421000020/amzn-20210630.htm,10-Q consolidated statements of cash flows,REPORTED,,Amazon build-to-suit financing obligations (called 'finance lease obligations' before 2019).,NO,NO,NO (internal-use software capitalised as property and equipment is included),NO,FALSE,FALSE,"XBRL tag none (printed, untagged; period from the column of the purchases row); text check PASS_PRINTED_UNTAGGED. Same value also printed in 1 later filing(s)."
OBS-AMAZON-00319,amazon,"Amazon.com, Inc.",FY2021,9M YTD,2021-01-01,2021-09-30,2021-Q3,2021-10-29,Principal repayments of financing obligations,financing_obligation_principal_payments,(115),USD,millions,115000000,SRC-IQ16-AMAZON-0001018724-21-000028,A,https://www.sec.gov/Archives/edgar/data/1018724/000101872421000028/amzn-20210930.htm,10-Q consolidated statements of cash flows,REPORTED,,Amazon build-to-suit financing obligations (called 'finance lease obligations' before 2019).,NO,NO,NO (internal-use software capitalised as property and equipment is included),NO,FALSE,FALSE,"XBRL tag none (printed, untagged; period from the column of the purchases row); text check PASS_PRINTED_UNTAGGED. Same value also printed in 1 later filing(s)."
OBS-AMAZON-00320,amazon,"Amazon.com, Inc.",FY2021,FY,2021-01-01,2021-12-31,2021-Q4,2022-02-04,Principal repayments of financing obligations,financing_obligation_principal_payments,(162),USD,millions,162000000,SRC-IQ16-AMAZON-0001018724-22-000005,A,https://www.sec.gov/Archives/edgar/data/1018724/000101872422000005/amzn-20211231.htm,10-K consolidated statements of cash flows,REPORTED,,Amazon build-to-suit financing obligations (called 'finance lease obligations' before 2019).,NO,NO,NO (internal-use software capitalised as property and equipment is included),NO,FALSE,FALSE,"XBRL tag none (printed, untagged; period from the column of the purchases row); text check PASS_PRINTED_UNTAGGED. Same value also printed in 2 later filing(s)."
OBS-AMAZON-00321,amazon,"Amazon.com, Inc.",FY2021,Q2,2021-04-01,2021-06-30,2021-Q2,2021-07-30,Principal repayments of financing obligations,financing_obligation_principal_payments,(28),USD,millions,28000000,SRC-IQ16-AMAZON-0001018724-21-000020,A,https://www.sec.gov/Archives/edgar/data/1018724/000101872421000020/amzn-20210630.htm,10-Q consolidated statements of cash flows,REPORTED,,Amazon build-to-suit financing obligations (called 'finance lease obligations' before 2019).,NO,NO,NO (internal-use software capitalised as property and equipment is included),NO,FALSE,FALSE,"XBRL tag none (printed, untagged; period from the column of the purchases row); text check PASS_PRINTED_UNTAGGED. Same value also printed in 1 later filing(s)."
OBS-AMAZON-00322,amazon,"Amazon.com, Inc.",FY2021,Q3,2021-07-01,2021-09-30,2021-Q3,2021-10-29,Principal repayments of financing obligations,financing_obligation_principal_payments,(20),USD,millions,20000000,SRC-IQ16-AMAZON-0001018724-21-000028,A,https://www.sec.gov/Archives/edgar/data/1018724/000101872421000028/amzn-20210930.htm,10-Q consolidated statements of cash flows,REPORTED,,Amazon build-to-suit financing obligations (called 'finance lease obligations' before 2019).,NO,NO,NO (internal-use software capitalised as property and equipment is included),NO,FALSE,FALSE,"XBRL tag none (printed, untagged; period from the column of the purchases row); text check PASS_PRINTED_UNTAGGED. Same value also printed in 1 later filing(s)."
OBS-AMAZON-00323,amazon,"Amazon.com, Inc.",FY2022,Q1,2022-01-01,2022-03-31,2022-Q1,2022-04-29,Principal repayments of financing obligations,financing_obligation_principal_payments,(79),USD,millions,79000000,SRC-IQ16-AMAZON-0001018724-22-000013,A,https://www.sec.gov/Archives/edgar/data/1018724/000101872422000013/amzn-20220331.htm,10-Q consolidated statements of cash flows,REPORTED,,Amazon build-to-suit financing obligations (called 'finance lease obligations' before 2019).,NO,NO,NO (internal-use software capitalised as property and equipment is included),NO,FALSE,FALSE,"XBRL tag none (printed, untagged; period from the column of the purchases row); text check PASS_PRINTED_UNTAGGED. Same value also printed in 1 later filing(s)."
OBS-AMAZON-00324,amazon,"Amazon.com, Inc.",FY2022,H1 (6M YTD),2022-01-01,2022-06-30,2022-Q2,2022-07-29,Principal repayments of financing obligations,financing_obligation_principal_payments,(138),USD,millions,138000000,SRC-IQ16-AMAZON-0001018724-22-000019,A,https://www.sec.gov/Archives/edgar/data/1018724/000101872422000019/amzn-20220630.htm,10-Q consolidated statements of cash flows,REPORTED,,Amazon build-to-suit financing obligations (called 'finance lease obligations' before 2019).,NO,NO,NO (internal-use software capitalised as property and equipment is included),NO,FALSE,FALSE,"XBRL tag none (printed, untagged; period from the column of the purchases row); text check PASS_PRINTED_UNTAGGED. Same value also printed in 1 later filing(s)."
OBS-AMAZON-00325,amazon,"Amazon.com, Inc.",FY2022,9M YTD,2022-01-01,2022-09-30,2022-Q3,2022-10-28,Principal repayments of financing obligations,financing_obligation_principal_payments,(186),USD,millions,186000000,SRC-IQ16-AMAZON-0001018724-22-000023,A,https://www.sec.gov/Archives/edgar/data/1018724/000101872422000023/amzn-20220930.htm,10-Q consolidated statements of cash flows,REPORTED,,Amazon build-to-suit financing obligations (called 'finance lease obligations' before 2019).,NO,NO,NO (internal-use software capitalised as property and equipment is included),NO,FALSE,FALSE,"XBRL tag none (printed, untagged; period from the column of the purchases row); text check PASS_PRINTED_UNTAGGED. Same value also printed in 1 later filing(s)."
OBS-AMAZON-00326,amazon,"Amazon.com, Inc.",FY2022,FY,2022-01-01,2022-12-31,2022-Q4,2023-02-03,Principal repayments of financing obligations,financing_obligation_principal_payments,(248),USD,millions,248000000,SRC-IQ16-AMAZON-0001018724-23-000004,A,https://www.sec.gov/Archives/edgar/data/1018724/000101872423000004/amzn-20221231.htm,10-K consolidated statements of cash flows,REPORTED,,Amazon build-to-suit financing obligations (called 'finance lease obligations' before 2019).,NO,NO,NO (internal-use software capitalised as property and equipment is included),NO,FALSE,FALSE,"XBRL tag none (printed, untagged; period from the column of the purchases row); text check PASS_PRINTED_UNTAGGED. Same value also printed in 2 later filing(s)."
OBS-AMAZON-00327,amazon,"Amazon.com, Inc.",FY2022,Q2,2022-04-01,2022-06-30,2022-Q2,2022-07-29,Principal repayments of financing obligations,financing_obligation_principal_payments,(59),USD,millions,59000000,SRC-IQ16-AMAZON-0001018724-22-000019,A,https://www.sec.gov/Archives/edgar/data/1018724/000101872422000019/amzn-20220630.htm,10-Q consolidated statements of cash flows,REPORTED,,Amazon build-to-suit financing obligations (called 'finance lease obligations' before 2019).,NO,NO,NO (internal-use software capitalised as property and equipment is included),NO,FALSE,FALSE,"XBRL tag none (printed, untagged; period from the column of the purchases row); text check PASS_PRINTED_UNTAGGED. Same value also printed in 1 later filing(s)."
OBS-AMAZON-00328,amazon,"Amazon.com, Inc.",FY2022,Q3,2022-07-01,2022-09-30,2022-Q3,2022-10-28,Principal repayments of financing obligations,financing_obligation_principal_payments,(48),USD,millions,48000000,SRC-IQ16-AMAZON-0001018724-22-000023,A,https://www.sec.gov/Archives/edgar/data/1018724/000101872422000023/amzn-20220930.htm,10-Q consolidated statements of cash flows,REPORTED,,Amazon build-to-suit financing obligations (called 'finance lease obligations' before 2019).,NO,NO,NO (internal-use software capitalised as property and equipment is included),NO,FALSE,FALSE,"XBRL tag none (printed, untagged; period from the column of the purchases row); text check PASS_PRINTED_UNTAGGED. Same value also printed in 1 later filing(s)."
OBS-AMAZON-00329,amazon,"Amazon.com, Inc.",FY2023,Q1,2023-01-01,2023-03-31,2023-Q1,2023-04-28,Principal repayments of financing obligations,financing_obligation_principal_payments,(57),USD,millions,57000000,SRC-IQ16-AMAZON-0001018724-23-000008,A,https://www.sec.gov/Archives/edgar/data/1018724/000101872423000008/amzn-20230331.htm,10-Q consolidated statements of cash flows,REPORTED,,Amazon build-to-suit financing obligations (called 'finance lease obligations' before 2019).,NO,NO,NO (internal-use software capitalised as property and equipment is included),NO,FALSE,FALSE,"XBRL tag none (printed, untagged; period from the column of the purchases row); text check PASS_PRINTED_UNTAGGED. Same value also printed in 1 later filing(s)."
OBS-AMAZON-00330,amazon,"Amazon.com, Inc.",FY2023,H1 (6M YTD),2023-01-01,2023-06-30,2023-Q2,2023-08-04,Principal repayments of financing obligations,financing_obligation_principal_payments,(134),USD,millions,134000000,SRC-IQ16-AMAZON-0001018724-23-000012,A,https://www.sec.gov/Archives/edgar/data/1018724/000101872423000012/amzn-20230630.htm,10-Q consolidated statements of cash flows,REPORTED,,Amazon build-to-suit financing obligations (called 'finance lease obligations' before 2019).,NO,NO,NO (internal-use software capitalised as property and equipment is included),NO,FALSE,FALSE,"XBRL tag none (printed, untagged; period from the column of the purchases row); text check PASS_PRINTED_UNTAGGED. Same value also printed in 1 later filing(s)."
OBS-AMAZON-00331,amazon,"Amazon.com, Inc.",FY2023,9M YTD,2023-01-01,2023-09-30,2023-Q3,2023-10-27,Principal repayments of financing obligations,financing_obligation_principal_payments,(198),USD,millions,198000000,SRC-IQ16-AMAZON-0001018724-23-000018,A,https://www.sec.gov/Archives/edgar/data/1018724/000101872423000018/amzn-20230930.htm,10-Q consolidated statements of cash flows,REPORTED,,Amazon build-to-suit financing obligations (called 'finance lease obligations' before 2019).,NO,NO,NO (internal-use software capitalised as property and equipment is included),NO,FALSE,FALSE,"XBRL tag none (printed, untagged; period from the column of the purchases row); text check PASS_PRINTED_UNTAGGED. Same value also printed in 1 later filing(s)."
OBS-AMAZON-00332,amazon,"Amazon.com, Inc.",FY2023,FY,2023-01-01,2023-12-31,2023-Q4,2024-02-02,Principal repayments of financing obligations,financing_obligation_principal_payments,(271),USD,millions,271000000,SRC-IQ16-AMAZON-0001018724-24-000008,A,https://www.sec.gov/Archives/edgar/data/1018724/000101872424000008/amzn-20231231.htm,10-K consolidated statements of cash flows,REPORTED,,Amazon build-to-suit financing obligations (called 'finance lease obligations' before 2019).,NO,NO,NO (internal-use software capitalised as property and equipment is included),NO,FALSE,FALSE,"XBRL tag none (printed, untagged; period from the column of the purchases row); text check PASS_PRINTED_UNTAGGED. Same value also printed in 2 later filing(s)."
OBS-AMAZON-00333,amazon,"Amazon.com, Inc.",FY2023,Q2,2023-04-01,2023-06-30,2023-Q2,2023-08-04,Principal repayments of financing obligations,financing_obligation_principal_payments,(77),USD,millions,77000000,SRC-IQ16-AMAZON-0001018724-23-000012,A,https://www.sec.gov/Archives/edgar/data/1018724/000101872423000012/amzn-20230630.htm,10-Q consolidated statements of cash flows,REPORTED,,Amazon build-to-suit financing obligations (called 'finance lease obligations' before 2019).,NO,NO,NO (internal-use software capitalised as property and equipment is included),NO,FALSE,FALSE,XBRL tag us-gaap:FinanceLeaseInterestPaymentOnLiability; text check PASS. Same value also printed in 1 later filing(s).
OBS-AMAZON-00334,amazon,"Amazon.com, Inc.",FY2023,Q3,2023-07-01,2023-09-30,2023-Q3,2023-10-27,Principal repayments of financing obligations,financing_obligation_principal_payments,(64),USD,millions,64000000,SRC-IQ16-AMAZON-0001018724-23-000018,A,https://www.sec.gov/Archives/edgar/data/1018724/000101872423000018/amzn-20230930.htm,10-Q consolidated statements of cash flows,REPORTED,,Amazon build-to-suit financing obligations (called 'finance lease obligations' before 2019).,NO,NO,NO (internal-use software capitalised as property and equipment is included),NO,FALSE,FALSE,"XBRL tag none (printed, untagged; period from the column of the purchases row); text check PASS_PRINTED_UNTAGGED. Same value also printed in 1 later filing(s)."
OBS-AMAZON-00335,amazon,"Amazon.com, Inc.",FY2024,Q1,2024-01-01,2024-03-31,2024-Q1,2024-05-01,Principal repayments of financing obligations,financing_obligation_principal_payments,(90),USD,millions,90000000,SRC-IQ16-AMAZON-0001018724-24-000083,A,https://www.sec.gov/Archives/edgar/data/1018724/000101872424000083/amzn-20240331.htm,10-Q consolidated statements of cash flows,REPORTED,,Amazon build-to-suit financing obligations (called 'finance lease obligations' before 2019).,NO,NO,NO (internal-use software capitalised as property and equipment is included),NO,FALSE,FALSE,"XBRL tag none (printed, untagged; period from the column of the purchases row); text check PASS_PRINTED_UNTAGGED. Same value also printed in 1 later filing(s)."
OBS-AMAZON-00336,amazon,"Amazon.com, Inc.",FY2024,H1 (6M YTD),2024-01-01,2024-06-30,2024-Q2,2024-08-02,Principal repayments of financing obligations,financing_obligation_principal_payments,(169),USD,millions,169000000,SRC-IQ16-AMAZON-0001018724-24-000130,A,https://www.sec.gov/Archives/edgar/data/1018724/000101872424000130/amzn-20240630.htm,10-Q consolidated statements of cash flows,REPORTED,,Amazon build-to-suit financing obligations (called 'finance lease obligations' before 2019).,NO,NO,NO (internal-use software capitalised as property and equipment is included),NO,FALSE,FALSE,"XBRL tag none (printed, untagged; period from the column of the purchases row); text check PASS_PRINTED_UNTAGGED. Same value also printed in 1 later filing(s)."
OBS-AMAZON-00337,amazon,"Amazon.com, Inc.",FY2024,9M YTD,2024-01-01,2024-09-30,2024-Q3,2024-11-01,Principal repayments of financing obligations,financing_obligation_principal_payments,(247),USD,millions,247000000,SRC-IQ16-AMAZON-0001018724-24-000161,A,https://www.sec.gov/Archives/edgar/data/1018724/000101872424000161/amzn-20240930.htm,10-Q consolidated statements of cash flows,REPORTED,,Amazon build-to-suit financing obligations (called 'finance lease obligations' before 2019).,NO,NO,NO (internal-use software capitalised as property and equipment is included),NO,FALSE,FALSE,"XBRL tag none (printed, untagged; period from the column of the purchases row); text check PASS_PRINTED_UNTAGGED. Same value also printed in 1 later filing(s)."
OBS-AMAZON-00338,amazon,"Amazon.com, Inc.",FY2024,FY,2024-01-01,2024-12-31,2024-Q4,2025-02-07,Principal repayments of financing obligations,financing_obligation_principal_payments,(669),USD,millions,669000000,SRC-IQ16-AMAZON-0001018724-25-000004,A,https://www.sec.gov/Archives/edgar/data/1018724/000101872425000004/amzn-20241231.htm,10-K consolidated statements of cash flows,REPORTED,,Amazon build-to-suit financing obligations (called 'finance lease obligations' before 2019).,NO,NO,NO (internal-use software capitalised as property and equipment is included),NO,FALSE,FALSE,"XBRL tag none (printed, untagged; period from the column of the purchases row); text check PASS_PRINTED_UNTAGGED. Same value also printed in 1 later filing(s)."
OBS-AMAZON-00339,amazon,"Amazon.com, Inc.",FY2024,Q2,2024-04-01,2024-06-30,2024-Q2,2024-08-02,Principal repayments of financing obligations,financing_obligation_principal_payments,(79),USD,millions,79000000,SRC-IQ16-AMAZON-0001018724-24-000130,A,https://www.sec.gov/Archives/edgar/data/1018724/000101872424000130/amzn-20240630.htm,10-Q consolidated statements of cash flows,REPORTED,,Amazon build-to-suit financing obligations (called 'finance lease obligations' before 2019).,NO,NO,NO (internal-use software capitalised as property and equipment is included),NO,FALSE,FALSE,"XBRL tag none (printed, untagged; period from the column of the purchases row); text check PASS_PRINTED_UNTAGGED. Same value also printed in 1 later filing(s)."
OBS-AMAZON-00340,amazon,"Amazon.com, Inc.",FY2024,Q3,2024-07-01,2024-09-30,2024-Q3,2024-11-01,Principal repayments of financing obligations,financing_obligation_principal_payments,(78),USD,millions,78000000,SRC-IQ16-AMAZON-0001018724-24-000161,A,https://www.sec.gov/Archives/edgar/data/1018724/000101872424000161/amzn-20240930.htm,10-Q consolidated statements of cash flows,REPORTED,,Amazon build-to-suit financing obligations (called 'finance lease obligations' before 2019).,NO,NO,NO (internal-use software capitalised as property and equipment is included),NO,FALSE,FALSE,"XBRL tag none (printed, untagged; period from the column of the purchases row); text check PASS_PRINTED_UNTAGGED. Same value also printed in 1 later filing(s)."
OBS-AMAZON-00341,amazon,"Amazon.com, Inc.",FY2025,Q1,2025-01-01,2025-03-31,2025-Q1,2025-05-02,Principal repayments of financing obligations,financing_obligation_principal_payments,(116),USD,millions,116000000,SRC-IQ16-AMAZON-0001018724-25-000036,A,https://www.sec.gov/Archives/edgar/data/1018724/000101872425000036/amzn-20250331.htm,10-Q consolidated statements of cash flows,REPORTED,,Amazon build-to-suit financing obligations (called 'finance lease obligations' before 2019).,NO,NO,NO (internal-use software capitalised as property and equipment is included),NO,FALSE,FALSE,"XBRL tag none (printed, untagged; period from the column of the purchases row); text check PASS_PRINTED_UNTAGGED. Same value also printed in 1 later filing(s)."
OBS-AMAZON-00342,amazon,"Amazon.com, Inc.",FY2025,H1 (6M YTD),2025-01-01,2025-06-30,2025-Q2,2025-08-01,Principal repayments of financing obligations,financing_obligation_principal_payments,(194),USD,millions,194000000,SRC-IQ16-AMAZON-0001018724-25-000086,A,https://www.sec.gov/Archives/edgar/data/1018724/000101872425000086/amzn-20250630.htm,10-Q consolidated statements of cash flows,REPORTED,,Amazon build-to-suit financing obligations (called 'finance lease obligations' before 2019).,NO,NO,NO (internal-use software capitalised as property and equipment is included),NO,FALSE,FALSE,"XBRL tag none (printed, untagged; period from the column of the purchases row); text check PASS_PRINTED_UNTAGGED. Same value also printed in 1 later filing(s)."
OBS-AMAZON-00343,amazon,"Amazon.com, Inc.",FY2025,9M YTD,2025-01-01,2025-09-30,2025-Q3,2025-10-31,Principal repayments of financing obligations,financing_obligation_principal_payments,(276),USD,millions,276000000,SRC-IQ16-AMAZON-0001018724-25-000123,A,https://www.sec.gov/Archives/edgar/data/1018724/000101872425000123/amzn-20250930.htm,10-Q consolidated statements of cash flows,REPORTED,,Amazon build-to-suit financing obligations (called 'finance lease obligations' before 2019).,NO,NO,NO (internal-use software capitalised as property and equipment is included),NO,FALSE,FALSE,"XBRL tag none (printed, untagged; period from the column of the purchases row); text check PASS_PRINTED_UNTAGGED."
OBS-AMAZON-00344,amazon,"Amazon.com, Inc.",FY2025,FY,2025-01-01,2025-12-31,2025-Q4,2026-02-06,Principal repayments of financing obligations,financing_obligation_principal_payments,(328),USD,millions,328000000,SRC-AMZN-006,A,https://www.sec.gov/Archives/edgar/data/1018724/000101872426000004/amzn-20251231.htm,10-K consolidated statements of cash flows,REPORTED,,Amazon build-to-suit financing obligations (called 'finance lease obligations' before 2019).,NO,NO,NO (internal-use software capitalised as property and equipment is included),NO,FALSE,FALSE,"XBRL tag none (printed, untagged; period from the column of the purchases row); text check PASS_PRINTED_UNTAGGED."
OBS-AMAZON-00345,amazon,"Amazon.com, Inc.",FY2025,Q2,2025-04-01,2025-06-30,2025-Q2,2025-08-01,Principal repayments of financing obligations,financing_obligation_principal_payments,(78),USD,millions,78000000,SRC-IQ16-AMAZON-0001018724-25-000086,A,https://www.sec.gov/Archives/edgar/data/1018724/000101872425000086/amzn-20250630.htm,10-Q consolidated statements of cash flows,REPORTED,,Amazon build-to-suit financing obligations (called 'finance lease obligations' before 2019).,NO,NO,NO (internal-use software capitalised as property and equipment is included),NO,FALSE,FALSE,"XBRL tag none (printed, untagged; period from the column of the purchases row); text check PASS_PRINTED_UNTAGGED. Same value also printed in 1 later filing(s)."
OBS-AMAZON-00346,amazon,"Amazon.com, Inc.",FY2025,Q3,2025-07-01,2025-09-30,2025-Q3,2025-10-31,Principal repayments of financing obligations,financing_obligation_principal_payments,(82),USD,millions,82000000,SRC-IQ16-AMAZON-0001018724-25-000123,A,https://www.sec.gov/Archives/edgar/data/1018724/000101872425000123/amzn-20250930.htm,10-Q consolidated statements of cash flows,REPORTED,,Amazon build-to-suit financing obligations (called 'finance lease obligations' before 2019).,NO,NO,NO (internal-use software capitalised as property and equipment is included),NO,FALSE,FALSE,"XBRL tag none (printed, untagged; period from the column of the purchases row); text check PASS_PRINTED_UNTAGGED."
OBS-AMAZON-00347,amazon,"Amazon.com, Inc.",FY2026,Q1,2026-01-01,2026-03-31,2026-Q1,2026-04-30,Principal repayments of financing obligations,financing_obligation_principal_payments,(115),USD,millions,115000000,SRC-IQ16-AMAZON-0001018724-26-000014,A,https://www.sec.gov/Archives/edgar/data/1018724/000101872426000014/amzn-20260331.htm,10-Q consolidated statements of cash flows,REPORTED,,Amazon build-to-suit financing obligations (called 'finance lease obligations' before 2019).,NO,NO,NO (internal-use software capitalised as property and equipment is included),NO,FALSE,FALSE,"XBRL tag none (printed, untagged; period from the column of the purchases row); text check PASS_PRINTED_UNTAGGED."
OBS-AMAZON-00348,amazon,"Amazon.com, Inc.",FY2026,H1 (6M YTD),2026-01-01,2026-06-30,2026-Q2,2026-07-31,Principal repayments of financing obligations,financing_obligation_principal_payments,(174),USD,millions,174000000,SRC-IQ16-AMAZON-0001018724-26-000026,A,https://www.sec.gov/Archives/edgar/data/1018724/000101872426000026/amzn-20260630.htm,10-Q consolidated statements of cash flows,REPORTED,,Amazon build-to-suit financing obligations (called 'finance lease obligations' before 2019).,NO,NO,NO (internal-use software capitalised as property and equipment is included),NO,FALSE,FALSE,"XBRL tag none (printed, untagged; period from the column of the purchases row); text check PASS_PRINTED_UNTAGGED."
OBS-AMAZON-00349,amazon,"Amazon.com, Inc.",FY2026,Q2,2026-04-01,2026-06-30,2026-Q2,2026-07-31,Principal repayments of financing obligations,financing_obligation_principal_payments,(59),USD,millions,59000000,SRC-IQ16-AMAZON-0001018724-26-000026,A,https://www.sec.gov/Archives/edgar/data/1018724/000101872426000026/amzn-20260630.htm,10-Q consolidated statements of cash flows,REPORTED,,Amazon build-to-suit financing obligations (called 'finance lease obligations' before 2019).,NO,NO,NO (internal-use software capitalised as property and equipment is included),NO,FALSE,FALSE,"XBRL tag none (printed, untagged; period from the column of the purchases row); text check PASS_PRINTED_UNTAGGED."
OBS-AMAZON-00350,amazon,"Amazon.com, Inc.",FY2008,FY,2008-01-01,2008-12-31,2008-Q4,2010-01-29,Fixed assets acquired under capital leases and other financing arrangements,ppe_acquired_under_finance_leases_noncash,148,USD,millions,148000000,SRC-IQ16-AMAZON-0001193125-10-016098,A,https://www.sec.gov/Archives/edgar/data/1018724/000119312510016098/d10k.htm,10-K consolidated statements of cash flows,REPORTED,,Non-cash: property and equipment acquired under finance (capital) leases (supplemental).,YES,NO,NO (internal-use software capitalised as property and equipment is included),NO,FALSE,FALSE,"XBRL tag none (printed, untagged; period from the column of the purchases row); text check PASS_PRINTED_UNTAGGED. Same value also printed in 1 later filing(s)."
OBS-AMAZON-00351,amazon,"Amazon.com, Inc.",FY2009,H1 (6M YTD),2009-01-01,2009-06-30,2009-Q2,2010-07-23,Fixed assets acquired under capital leases,ppe_acquired_under_finance_leases_noncash,37,USD,millions,37000000,SRC-IQ16-AMAZON-0001193125-10-164083,A,https://www.sec.gov/Archives/edgar/data/1018724/000119312510164083/d10q.htm,10-Q consolidated statements of cash flows,REPORTED,,Non-cash: property and equipment acquired under finance (capital) leases (supplemental).,YES,NO,NO (internal-use software capitalised as property and equipment is included),NO,FALSE,FALSE,"XBRL tag none (printed, untagged; period from the column of the purchases row); text check PASS_PRINTED_UNTAGGED."
OBS-AMAZON-00352,amazon,"Amazon.com, Inc.",FY2009,9M YTD,2009-01-01,2009-09-30,2009-Q3,2010-10-22,Fixed assets acquired under capital leases,ppe_acquired_under_finance_leases_noncash,97,USD,millions,97000000,SRC-IQ16-AMAZON-0001193125-10-233883,A,https://www.sec.gov/Archives/edgar/data/1018724/000119312510233883/d10q.htm,10-Q consolidated statements of cash flows,REPORTED,,Non-cash: property and equipment acquired under finance (capital) leases (supplemental).,YES,NO,NO (internal-use software capitalised as property and equipment is included),NO,FALSE,FALSE,XBRL tag us-gaap:ProceedsFromRepaymentsOfLongTermDebtAndCapitalSecurities; text check PASS.
OBS-AMAZON-00353,amazon,"Amazon.com, Inc.",FY2009,FY,2009-01-01,2009-12-31,2009-Q4,2010-01-29,Fixed assets acquired under capital leases and other financing arrangements,ppe_acquired_under_finance_leases_noncash,147,USD,millions,147000000,SRC-IQ16-AMAZON-0001193125-10-016098,A,https://www.sec.gov/Archives/edgar/data/1018724/000119312510016098/d10k.htm,10-K consolidated statements of cash flows,REPORTED,,Non-cash: property and equipment acquired under finance (capital) leases (supplemental).,YES,NO,NO (internal-use software capitalised as property and equipment is included),NO,FALSE,FALSE,"XBRL tag none (printed, untagged; period from the column of the purchases row); text check PASS_PRINTED_UNTAGGED. Same value also printed in 2 later filing(s)."
OBS-AMAZON-00354,amazon,"Amazon.com, Inc.",FY2009,Q2,2009-04-01,2009-06-30,2009-Q2,2010-07-23,Fixed assets acquired under capital leases,ppe_acquired_under_finance_leases_noncash,19,USD,millions,19000000,SRC-IQ16-AMAZON-0001193125-10-164083,A,https://www.sec.gov/Archives/edgar/data/1018724/000119312510164083/d10q.htm,10-Q consolidated statements of cash flows,REPORTED,,Non-cash: property and equipment acquired under finance (capital) leases (supplemental).,YES,NO,NO (internal-use software capitalised as property and equipment is included),NO,FALSE,FALSE,XBRL tag us-gaap:PaymentsToAcquireBusinessesAndInterestInAffiliates; text check PASS.
OBS-AMAZON-00355,amazon,"Amazon.com, Inc.",FY2009,Q3,2009-07-01,2009-09-30,2009-Q3,2010-10-22,Fixed assets acquired under capital leases,ppe_acquired_under_finance_leases_noncash,60,USD,millions,60000000,SRC-IQ16-AMAZON-0001193125-10-233883,A,https://www.sec.gov/Archives/edgar/data/1018724/000119312510233883/d10q.htm,10-Q consolidated statements of cash flows,REPORTED,,Non-cash: property and equipment acquired under finance (capital) leases (supplemental).,YES,NO,NO (internal-use software capitalised as property and equipment is included),NO,FALSE,FALSE,"XBRL tag none (printed, untagged; period from the column of the purchases row); text check PASS_PRINTED_UNTAGGED."
OBS-AMAZON-00356,amazon,"Amazon.com, Inc.",FY2010,Q1,2010-01-01,2010-03-31,2010-Q1,2011-04-27,Fixed assets acquired under capital leases,ppe_acquired_under_finance_leases_noncash,60,USD,millions,60000000,SRC-IQ16-AMAZON-0001193125-11-110197,A,https://www.sec.gov/Archives/edgar/data/1018724/000119312511110197/d10q.htm,10-Q consolidated statements of cash flows,REPORTED,,Non-cash: property and equipment acquired under finance (capital) leases (supplemental).,YES,NO,NO (internal-use software capitalised as property and equipment is included),NO,FALSE,FALSE,"XBRL tag none (printed, untagged; period from the column of the purchases row); text check PASS_PRINTED_UNTAGGED."
OBS-AMAZON-00357,amazon,"Amazon.com, Inc.",FY2010,H1 (6M YTD),2010-01-01,2010-06-30,2010-Q2,2011-07-27,Fixed assets acquired under capital leases,ppe_acquired_under_finance_leases_noncash,142,USD,millions,142000000,SRC-IQ16-AMAZON-0001193125-11-197823,A,https://www.sec.gov/Archives/edgar/data/1018724/000119312511197823/d10q.htm,10-Q consolidated statements of cash flows,REPORTED,,Non-cash: property and equipment acquired under finance (capital) leases (supplemental).,YES,NO,NO (internal-use software capitalised as property and equipment is included),NO,FALSE,FALSE,"XBRL tag none (printed, untagged; period from the column of the purchases row); text check PASS_PRINTED_UNTAGGED."
OBS-AMAZON-00358,amazon,"Amazon.com, Inc.",FY2010,9M YTD,2010-01-01,2010-09-30,2010-Q3,2010-10-22,Fixed assets acquired under capital leases,ppe_acquired_under_finance_leases_noncash,283,USD,millions,283000000,SRC-IQ16-AMAZON-0001193125-10-233883,A,https://www.sec.gov/Archives/edgar/data/1018724/000119312510233883/d10q.htm,10-Q consolidated statements of cash flows,REPORTED,,Non-cash: property and equipment acquired under finance (capital) leases (supplemental).,YES,NO,NO (internal-use software capitalised as property and equipment is included),NO,FALSE,FALSE,"XBRL tag none (printed, untagged; period from the column of the purchases row); text check PASS_PRINTED_UNTAGGED. Same value also printed in 1 later filing(s)."
OBS-AMAZON-00359,amazon,"Amazon.com, Inc.",FY2010,FY,2010-01-01,2010-12-31,2010-Q4,2011-01-28,Fixed assets acquired under capital leases,ppe_acquired_under_finance_leases_noncash,405,USD,millions,405000000,SRC-AMZN-003,A,https://www.sec.gov/Archives/edgar/data/1018724/000119312511016253/d10k.htm,10-K consolidated statements of cash flows,REPORTED,,Non-cash: property and equipment acquired under finance (capital) leases (supplemental).,YES,NO,NO (internal-use software capitalised as property and equipment is included),NO,FALSE,FALSE,"XBRL tag none (printed, untagged; period from the column of the purchases row); text check PASS_PRINTED_UNTAGGED. Same value also printed in 2 later filing(s)."
OBS-AMAZON-00360,amazon,"Amazon.com, Inc.",FY2010,Q2,2010-04-01,2010-06-30,2010-Q2,2010-07-23,Fixed assets acquired under capital leases,ppe_acquired_under_finance_leases_noncash,83,USD,millions,83000000,SRC-IQ16-AMAZON-0001193125-10-164083,A,https://www.sec.gov/Archives/edgar/data/1018724/000119312510164083/d10q.htm,10-Q consolidated statements of cash flows,REPORTED,,Non-cash: property and equipment acquired under finance (capital) leases (supplemental).,YES,NO,NO (internal-use software capitalised as property and equipment is included),NO,FALSE,FALSE,"XBRL tag none (printed, untagged; period from the column of the purchases row); text check PASS_PRINTED_UNTAGGED. Same value also printed in 1 later filing(s)."
OBS-AMAZON-00361,amazon,"Amazon.com, Inc.",FY2010,Q3,2010-07-01,2010-09-30,2010-Q3,2010-10-22,Fixed assets acquired under capital leases,ppe_acquired_under_finance_leases_noncash,141,USD,millions,141000000,SRC-IQ16-AMAZON-0001193125-10-233883,A,https://www.sec.gov/Archives/edgar/data/1018724/000119312510233883/d10q.htm,10-Q consolidated statements of cash flows,REPORTED,,Non-cash: property and equipment acquired under finance (capital) leases (supplemental).,YES,NO,NO (internal-use software capitalised as property and equipment is included),NO,FALSE,FALSE,"XBRL tag none (printed, untagged; period from the column of the purchases row); text check PASS_PRINTED_UNTAGGED. Same value also printed in 1 later filing(s)."
OBS-AMAZON-00362,amazon,"Amazon.com, Inc.",FY2011,Q1,2011-01-01,2011-03-31,2011-Q1,2011-04-27,Fixed assets acquired under capital leases,ppe_acquired_under_finance_leases_noncash,181,USD,millions,181000000,SRC-IQ16-AMAZON-0001193125-11-110197,A,https://www.sec.gov/Archives/edgar/data/1018724/000119312511110197/d10q.htm,10-Q consolidated statements of cash flows,REPORTED,,Non-cash: property and equipment acquired under finance (capital) leases (supplemental).,YES,NO,NO (internal-use software capitalised as property and equipment is included),NO,FALSE,FALSE,"XBRL tag none (printed, untagged; period from the column of the purchases row); text check PASS_PRINTED_UNTAGGED. Same value also printed in 1 later filing(s)."
OBS-AMAZON-00363,amazon,"Amazon.com, Inc.",FY2011,H1 (6M YTD),2011-01-01,2011-06-30,2011-Q2,2011-07-27,Fixed assets acquired under capital leases,ppe_acquired_under_finance_leases_noncash,411,USD,millions,411000000,SRC-IQ16-AMAZON-0001193125-11-197823,A,https://www.sec.gov/Archives/edgar/data/1018724/000119312511197823/d10q.htm,10-Q consolidated statements of cash flows,REPORTED,,Non-cash: property and equipment acquired under finance (capital) leases (supplemental).,YES,NO,NO (internal-use software capitalised as property and equipment is included),NO,FALSE,FALSE,"XBRL tag none (printed, untagged; period from the column of the purchases row); text check PASS_PRINTED_UNTAGGED. Same value also printed in 1 later filing(s)."
OBS-AMAZON-00364,amazon,"Amazon.com, Inc.",FY2011,9M YTD,2011-01-01,2011-09-30,2011-Q3,2011-10-26,Fixed assets acquired under capital leases,ppe_acquired_under_finance_leases_noncash,566,USD,millions,566000000,SRC-IQ16-AMAZON-0001193125-11-280739,A,https://www.sec.gov/Archives/edgar/data/1018724/000119312511280739/d233845d10q.htm,10-Q consolidated statements of cash flows,REPORTED,,Non-cash: property and equipment acquired under finance (capital) leases (supplemental).,YES,NO,NO (internal-use software capitalised as property and equipment is included),NO,FALSE,FALSE,"XBRL tag none (printed, untagged; period from the column of the purchases row); text check PASS_PRINTED_UNTAGGED. Same value also printed in 1 later filing(s)."
OBS-AMAZON-00365,amazon,"Amazon.com, Inc.",FY2011,FY,2011-01-01,2011-12-31,2011-Q4,2012-02-01,Fixed assets acquired under capital leases,ppe_acquired_under_finance_leases_noncash,753,USD,millions,753000000,SRC-IQ16-AMAZON-0001193125-12-032846,A,https://www.sec.gov/Archives/edgar/data/1018724/000119312512032846/d269317d10k.htm,10-K consolidated statements of cash flows,REPORTED,,Non-cash: property and equipment acquired under finance (capital) leases (supplemental).,YES,NO,NO (internal-use software capitalised as property and equipment is included),NO,FALSE,FALSE,"XBRL tag none (printed, untagged; period from the column of the purchases row); text check PASS_PRINTED_UNTAGGED. Same value also printed in 2 later filing(s)."
OBS-AMAZON-00366,amazon,"Amazon.com, Inc.",FY2011,Q2,2011-04-01,2011-06-30,2011-Q2,2011-07-27,Fixed assets acquired under capital leases,ppe_acquired_under_finance_leases_noncash,230,USD,millions,230000000,SRC-IQ16-AMAZON-0001193125-11-197823,A,https://www.sec.gov/Archives/edgar/data/1018724/000119312511197823/d10q.htm,10-Q consolidated statements of cash flows,REPORTED,,Non-cash: property and equipment acquired under finance (capital) leases (supplemental).,YES,NO,NO (internal-use software capitalised as property and equipment is included),NO,FALSE,FALSE,"XBRL tag none (printed, untagged; period from the column of the purchases row); text check PASS_PRINTED_UNTAGGED. Same value also printed in 1 later filing(s)."
OBS-AMAZON-00367,amazon,"Amazon.com, Inc.",FY2011,Q3,2011-07-01,2011-09-30,2011-Q3,2011-10-26,Fixed assets acquired under capital leases,ppe_acquired_under_finance_leases_noncash,155,USD,millions,155000000,SRC-IQ16-AMAZON-0001193125-11-280739,A,https://www.sec.gov/Archives/edgar/data/1018724/000119312511280739/d233845d10q.htm,10-Q consolidated statements of cash flows,REPORTED,,Non-cash: property and equipment acquired under finance (capital) leases (supplemental).,YES,NO,NO (internal-use software capitalised as property and equipment is included),NO,FALSE,FALSE,"XBRL tag none (printed, untagged; period from the column of the purchases row); text check PASS_PRINTED_UNTAGGED. Same value also printed in 1 later filing(s)."
OBS-AMAZON-00368,amazon,"Amazon.com, Inc.",FY2012,Q1,2012-01-01,2012-03-31,2012-Q1,2012-04-27,Fixed assets acquired under capital leases,ppe_acquired_under_finance_leases_noncash,149,USD,millions,149000000,SRC-IQ16-AMAZON-0001193125-12-187203,A,https://www.sec.gov/Archives/edgar/data/1018724/000119312512187203/d316991d10q.htm,10-Q consolidated statements of cash flows,REPORTED,,Non-cash: property and equipment acquired under finance (capital) leases (supplemental).,YES,NO,NO (internal-use software capitalised as property and equipment is included),NO,FALSE,FALSE,"XBRL tag none (printed, untagged; period from the column of the purchases row); text check PASS_PRINTED_UNTAGGED. Same value also printed in 1 later filing(s)."
OBS-AMAZON-00369,amazon,"Amazon.com, Inc.",FY2012,H1 (6M YTD),2012-01-01,2012-06-30,2012-Q2,2012-07-27,Fixed assets acquired under capital leases,ppe_acquired_under_finance_leases_noncash,356,USD,millions,356000000,SRC-IQ16-AMAZON-0001193125-12-317409,A,https://www.sec.gov/Archives/edgar/data/1018724/000119312512317409/d363661d10q.htm,10-Q consolidated statements of cash flows,REPORTED,,Non-cash: property and equipment acquired under finance (capital) leases (supplemental).,YES,NO,NO (internal-use software capitalised as property and equipment is included),NO,FALSE,FALSE,"XBRL tag none (printed, untagged; period from the column of the purchases row); text check PASS_PRINTED_UNTAGGED. Same value also printed in 1 later filing(s)."
OBS-AMAZON-00370,amazon,"Amazon.com, Inc.",FY2012,9M YTD,2012-01-01,2012-09-30,2012-Q3,2012-10-26,Fixed assets acquired under capital leases,ppe_acquired_under_finance_leases_noncash,564,USD,millions,564000000,SRC-IQ16-AMAZON-0001193125-12-436012,A,https://www.sec.gov/Archives/edgar/data/1018724/000119312512436012/d403488d10q.htm,10-Q consolidated statements of cash flows,REPORTED,,Non-cash: property and equipment acquired under finance (capital) leases (supplemental).,YES,NO,NO (internal-use software capitalised as property and equipment is included),NO,FALSE,FALSE,"XBRL tag none (printed, untagged; period from the column of the purchases row); text check PASS_PRINTED_UNTAGGED. Same value also printed in 1 later filing(s)."
OBS-AMAZON-00371,amazon,"Amazon.com, Inc.",FY2012,FY,2012-01-01,2012-12-31,2012-Q4,2013-01-30,Property and equipment acquired under capital leases,ppe_acquired_under_finance_leases_noncash,802,USD,millions,802000000,SRC-IQ16-AMAZON-0001193125-13-028520,A,https://www.sec.gov/Archives/edgar/data/1018724/000119312513028520/d445434d10k.htm,10-K consolidated statements of cash flows,REPORTED,,Non-cash: property and equipment acquired under finance (capital) leases (supplemental).,YES,NO,NO (internal-use software capitalised as property and equipment is included),NO,FALSE,FALSE,"XBRL tag none (printed, untagged; period from the column of the purchases row); text check PASS_PRINTED_UNTAGGED. Same value also printed in 2 later filing(s)."
OBS-AMAZON-00372,amazon,"Amazon.com, Inc.",FY2012,Q2,2012-04-01,2012-06-30,2012-Q2,2012-07-27,Fixed assets acquired under capital leases,ppe_acquired_under_finance_leases_noncash,207,USD,millions,207000000,SRC-IQ16-AMAZON-0001193125-12-317409,A,https://www.sec.gov/Archives/edgar/data/1018724/000119312512317409/d363661d10q.htm,10-Q consolidated statements of cash flows,REPORTED,,Non-cash: property and equipment acquired under finance (capital) leases (supplemental).,YES,NO,NO (internal-use software capitalised as property and equipment is included),NO,FALSE,FALSE,"XBRL tag none (printed, untagged; period from the column of the purchases row); text check PASS_PRINTED_UNTAGGED. Same value also printed in 1 later filing(s)."
OBS-AMAZON-00373,amazon,"Amazon.com, Inc.",FY2012,Q3,2012-07-01,2012-09-30,2012-Q3,2012-10-26,Fixed assets acquired under capital leases,ppe_acquired_under_finance_leases_noncash,207,USD,millions,207000000,SRC-IQ16-AMAZON-0001193125-12-436012,A,https://www.sec.gov/Archives/edgar/data/1018724/000119312512436012/d403488d10q.htm,10-Q consolidated statements of cash flows,REPORTED,,Non-cash: property and equipment acquired under finance (capital) leases (supplemental).,YES,NO,NO (internal-use software capitalised as property and equipment is included),NO,FALSE,FALSE,"XBRL tag none (printed, untagged; period from the column of the purchases row); text check PASS_PRINTED_UNTAGGED. Same value also printed in 1 later filing(s)."
OBS-AMAZON-00374,amazon,"Amazon.com, Inc.",FY2013,Q1,2013-01-01,2013-03-31,2013-Q1,2013-04-26,Property and equipment acquired under capital leases,ppe_acquired_under_finance_leases_noncash,340,USD,millions,340000000,SRC-IQ16-AMAZON-0001193125-13-174667,A,https://www.sec.gov/Archives/edgar/data/1018724/000119312513174667/d492540d10q.htm,10-Q consolidated statements of cash flows,REPORTED,,Non-cash: property and equipment acquired under finance (capital) leases (supplemental).,YES,NO,NO (internal-use software capitalised as property and equipment is included),NO,FALSE,FALSE,"XBRL tag none (printed, untagged; period from the column of the purchases row); text check PASS_PRINTED_UNTAGGED. Same value also printed in 1 later filing(s)."
OBS-AMAZON-00375,amazon,"Amazon.com, Inc.",FY2013,H1 (6M YTD),2013-01-01,2013-06-30,2013-Q2,2013-07-26,Property and equipment acquired under capital leases,ppe_acquired_under_finance_leases_noncash,787,USD,millions,787000000,SRC-IQ16-AMAZON-0001193125-13-303204,A,https://www.sec.gov/Archives/edgar/data/1018724/000119312513303204/d542614d10q.htm,10-Q consolidated statements of cash flows,REPORTED,,Non-cash: property and equipment acquired under finance (capital) leases (supplemental).,YES,NO,NO (internal-use software capitalised as property and equipment is included),NO,FALSE,FALSE,"XBRL tag none (printed, untagged; period from the column of the purchases row); text check PASS_PRINTED_UNTAGGED. Same value also printed in 1 later filing(s)."
OBS-AMAZON-00376,amazon,"Amazon.com, Inc.",FY2013,9M YTD,2013-01-01,2013-09-30,2013-Q3,2013-10-25,Property and equipment acquired under capital leases,ppe_acquired_under_finance_leases_noncash,"1,313",USD,millions,1313000000,SRC-IQ16-AMAZON-0001445305-13-002495,A,https://www.sec.gov/Archives/edgar/data/1018724/000144530513002495/amzn-20130930x10q.htm,10-Q consolidated statements of cash flows,REPORTED,,Non-cash: property and equipment acquired under finance (capital) leases (supplemental).,YES,NO,NO (internal-use software capitalised as property and equipment is included),NO,FALSE,FALSE,"XBRL tag none (printed, untagged; period from the column of the purchases row); text check PASS_PRINTED_UNTAGGED. Same value also printed in 1 later filing(s)."
OBS-AMAZON-00377,amazon,"Amazon.com, Inc.",FY2013,FY,2013-01-01,2013-12-31,2013-Q4,2014-01-31,Property and equipment acquired under capital leases,ppe_acquired_under_finance_leases_noncash,"1,867",USD,millions,1867000000,SRC-IQ16-AMAZON-0001018724-14-000006,A,https://www.sec.gov/Archives/edgar/data/1018724/000101872414000006/amzn-20131231x10k.htm,10-K consolidated statements of cash flows,REPORTED,,Non-cash: property and equipment acquired under finance (capital) leases (supplemental).,YES,NO,NO (internal-use software capitalised as property and equipment is included),NO,FALSE,FALSE,"XBRL tag none (printed, untagged; period from the column of the purchases row); text check PASS_PRINTED_UNTAGGED. Same value also printed in 2 later filing(s)."
OBS-AMAZON-00378,amazon,"Amazon.com, Inc.",FY2013,Q2,2013-04-01,2013-06-30,2013-Q2,2013-07-26,Property and equipment acquired under capital leases,ppe_acquired_under_finance_leases_noncash,447,USD,millions,447000000,SRC-IQ16-AMAZON-0001193125-13-303204,A,https://www.sec.gov/Archives/edgar/data/1018724/000119312513303204/d542614d10q.htm,10-Q consolidated statements of cash flows,REPORTED,,Non-cash: property and equipment acquired under finance (capital) leases (supplemental).,YES,NO,NO (internal-use software capitalised as property and equipment is included),NO,FALSE,FALSE,"XBRL tag none (printed, untagged; period from the column of the purchases row); text check PASS_PRINTED_UNTAGGED. Same value also printed in 1 later filing(s)."
OBS-AMAZON-00379,amazon,"Amazon.com, Inc.",FY2013,Q3,2013-07-01,2013-09-30,2013-Q3,2013-10-25,Property and equipment acquired under capital leases,ppe_acquired_under_finance_leases_noncash,526,USD,millions,526000000,SRC-IQ16-AMAZON-0001445305-13-002495,A,https://www.sec.gov/Archives/edgar/data/1018724/000144530513002495/amzn-20130930x10q.htm,10-Q consolidated statements of cash flows,REPORTED,,Non-cash: property and equipment acquired under finance (capital) leases (supplemental).,YES,NO,NO (internal-use software capitalised as property and equipment is included),NO,FALSE,FALSE,"XBRL tag none (printed, untagged; period from the column of the purchases row); text check PASS_PRINTED_UNTAGGED. Same value also printed in 1 later filing(s)."
OBS-AMAZON-00380,amazon,"Amazon.com, Inc.",FY2014,Q1,2014-01-01,2014-03-31,2014-Q1,2014-04-25,Property and equipment acquired under capital leases,ppe_acquired_under_finance_leases_noncash,716,USD,millions,716000000,SRC-IQ16-AMAZON-0001018724-14-000014,A,https://www.sec.gov/Archives/edgar/data/1018724/000101872414000014/amzn-20140331x10q.htm,10-Q consolidated statements of cash flows,REPORTED,,Non-cash: property and equipment acquired under finance (capital) leases (supplemental).,YES,NO,NO (internal-use software capitalised as property and equipment is included),NO,FALSE,FALSE,"XBRL tag none (printed, untagged; period from the column of the purchases row); text check PASS_PRINTED_UNTAGGED. Same value also printed in 1 later filing(s)."
OBS-AMAZON-00381,amazon,"Amazon.com, Inc.",FY2014,H1 (6M YTD),2014-01-01,2014-06-30,2014-Q2,2014-07-25,Property and equipment acquired under capital leases,ppe_acquired_under_finance_leases_noncash,"1,636",USD,millions,1636000000,SRC-IQ16-AMAZON-0001018724-14-000025,A,https://www.sec.gov/Archives/edgar/data/1018724/000101872414000025/amzn-20140630x10q.htm,10-Q consolidated statements of cash flows,REPORTED,,Non-cash: property and equipment acquired under finance (capital) leases (supplemental).,YES,NO,NO (internal-use software capitalised as property and equipment is included),NO,FALSE,FALSE,"XBRL tag none (printed, untagged; period from the column of the purchases row); text check PASS_PRINTED_UNTAGGED. Same value also printed in 1 later filing(s)."
OBS-AMAZON-00382,amazon,"Amazon.com, Inc.",FY2014,9M YTD,2014-01-01,2014-09-30,2014-Q3,2014-10-24,Property and equipment acquired under capital leases,ppe_acquired_under_finance_leases_noncash,"2,794",USD,millions,2794000000,SRC-IQ16-AMAZON-0001018724-14-000055,A,https://www.sec.gov/Archives/edgar/data/1018724/000101872414000055/amzn-20140930x10q.htm,10-Q consolidated statements of cash flows,REPORTED,,Non-cash: property and equipment acquired under finance (capital) leases (supplemental).,YES,NO,NO (internal-use software capitalised as property and equipment is included),NO,FALSE,FALSE,"XBRL tag none (printed, untagged; period from the column of the purchases row); text check PASS_PRINTED_UNTAGGED. Same value also printed in 1 later filing(s)."
OBS-AMAZON-00383,amazon,"Amazon.com, Inc.",FY2014,FY,2014-01-01,2014-12-31,2014-Q4,2015-01-30,Property and equipment acquired under capital leases,ppe_acquired_under_finance_leases_noncash,"4,008",USD,millions,4008000000,SRC-IQ16-AMAZON-0001018724-15-000006,A,https://www.sec.gov/Archives/edgar/data/1018724/000101872415000006/amzn-20141231x10k.htm,10-K consolidated statements of cash flows,REPORTED,,Non-cash: property and equipment acquired under finance (capital) leases (supplemental).,YES,NO,NO (internal-use software capitalised as property and equipment is included),NO,FALSE,FALSE,"XBRL tag none (printed, untagged; period from the column of the purchases row); text check PASS_PRINTED_UNTAGGED. Same value also printed in 2 later filing(s)."
OBS-AMAZON-00384,amazon,"Amazon.com, Inc.",FY2014,Q2,2014-04-01,2014-06-30,2014-Q2,2014-07-25,Property and equipment acquired under capital leases,ppe_acquired_under_finance_leases_noncash,920,USD,millions,920000000,SRC-IQ16-AMAZON-0001018724-14-000025,A,https://www.sec.gov/Archives/edgar/data/1018724/000101872414000025/amzn-20140630x10q.htm,10-Q consolidated statements of cash flows,REPORTED,,Non-cash: property and equipment acquired under finance (capital) leases (supplemental).,YES,NO,NO (internal-use software capitalised as property and equipment is included),NO,FALSE,FALSE,"XBRL tag none (printed, untagged; period from the column of the purchases row); text check PASS_PRINTED_UNTAGGED. Same value also printed in 1 later filing(s)."
OBS-AMAZON-00385,amazon,"Amazon.com, Inc.",FY2014,Q3,2014-07-01,2014-09-30,2014-Q3,2014-10-24,Property and equipment acquired under capital leases,ppe_acquired_under_finance_leases_noncash,"1,158",USD,millions,1158000000,SRC-IQ16-AMAZON-0001018724-14-000055,A,https://www.sec.gov/Archives/edgar/data/1018724/000101872414000055/amzn-20140930x10q.htm,10-Q consolidated statements of cash flows,REPORTED,,Non-cash: property and equipment acquired under finance (capital) leases (supplemental).,YES,NO,NO (internal-use software capitalised as property and equipment is included),NO,FALSE,FALSE,"XBRL tag none (printed, untagged; period from the column of the purchases row); text check PASS_PRINTED_UNTAGGED. Same value also printed in 1 later filing(s)."
OBS-AMAZON-00386,amazon,"Amazon.com, Inc.",FY2015,Q1,2015-01-01,2015-03-31,2015-Q1,2015-04-24,Property and equipment acquired under capital leases,ppe_acquired_under_finance_leases_noncash,954,USD,millions,954000000,SRC-IQ16-AMAZON-0001018724-15-000038,A,https://www.sec.gov/Archives/edgar/data/1018724/000101872415000038/amzn-20150331x10q.htm,10-Q consolidated statements of cash flows,REPORTED,,Non-cash: property and equipment acquired under finance (capital) leases (supplemental).,YES,NO,NO (internal-use software capitalised as property and equipment is included),NO,FALSE,FALSE,"XBRL tag none (printed, untagged; period from the column of the purchases row); text check PASS_PRINTED_UNTAGGED. Same value also printed in 1 later filing(s)."
OBS-AMAZON-00387,amazon,"Amazon.com, Inc.",FY2015,H1 (6M YTD),2015-01-01,2015-06-30,2015-Q2,2015-07-24,Property and equipment acquired under capital leases,ppe_acquired_under_finance_leases_noncash,"2,338",USD,millions,2338000000,SRC-IQ16-AMAZON-0001018724-15-000087,A,https://www.sec.gov/Archives/edgar/data/1018724/000101872415000087/amzn-20150630x10q.htm,10-Q consolidated statements of cash flows,REPORTED,,Non-cash: property and equipment acquired under finance (capital) leases (supplemental).,YES,NO,NO (internal-use software capitalised as property and equipment is included),NO,FALSE,FALSE,"XBRL tag none (printed, untagged; period from the column of the purchases row); text check PASS_PRINTED_UNTAGGED. Same value also printed in 1 later filing(s)."
OBS-AMAZON-00388,amazon,"Amazon.com, Inc.",FY2015,9M YTD,2015-01-01,2015-09-30,2015-Q3,2015-10-23,Property and equipment acquired under capital leases,ppe_acquired_under_finance_leases_noncash,"3,385",USD,millions,3385000000,SRC-IQ16-AMAZON-0001018724-15-000126,A,https://www.sec.gov/Archives/edgar/data/1018724/000101872415000126/amzn-20150930x10q.htm,10-Q consolidated statements of cash flows,REPORTED,,Non-cash: property and equipment acquired under finance (capital) leases (supplemental).,YES,NO,NO (internal-use software capitalised as property and equipment is included),NO,FALSE,FALSE,"XBRL tag none (printed, untagged; period from the column of the purchases row); text check PASS_PRINTED_UNTAGGED. Same value also printed in 1 later filing(s)."
OBS-AMAZON-00389,amazon,"Amazon.com, Inc.",FY2015,FY,2015-01-01,2015-12-31,2015-Q4,2016-01-29,Property and equipment acquired under capital leases,ppe_acquired_under_finance_leases_noncash,"4,717",USD,millions,4717000000,SRC-IQ16-AMAZON-0001018724-16-000172,A,https://www.sec.gov/Archives/edgar/data/1018724/000101872416000172/amzn-20151231x10k.htm,10-K consolidated statements of cash flows,REPORTED,,Non-cash: property and equipment acquired under finance (capital) leases (supplemental).,YES,NO,NO (internal-use software capitalised as property and equipment is included),NO,FALSE,FALSE,"XBRL tag none (printed, untagged; period from the column of the purchases row); text check PASS_PRINTED_UNTAGGED. Same value also printed in 2 later filing(s)."
OBS-AMAZON-00390,amazon,"Amazon.com, Inc.",FY2015,Q2,2015-04-01,2015-06-30,2015-Q2,2015-07-24,Property and equipment acquired under capital leases,ppe_acquired_under_finance_leases_noncash,"1,384",USD,millions,1384000000,SRC-IQ16-AMAZON-0001018724-15-000087,A,https://www.sec.gov/Archives/edgar/data/1018724/000101872415000087/amzn-20150630x10q.htm,10-Q consolidated statements of cash flows,REPORTED,,Non-cash: property and equipment acquired under finance (capital) leases (supplemental).,YES,NO,NO (internal-use software capitalised as property and equipment is included),NO,FALSE,FALSE,"XBRL tag none (printed, untagged; period from the column of the purchases row); text check PASS_PRINTED_UNTAGGED. Same value also printed in 1 later filing(s)."
OBS-AMAZON-00391,amazon,"Amazon.com, Inc.",FY2015,Q3,2015-07-01,2015-09-30,2015-Q3,2015-10-23,Property and equipment acquired under capital leases,ppe_acquired_under_finance_leases_noncash,"1,047",USD,millions,1047000000,SRC-IQ16-AMAZON-0001018724-15-000126,A,https://www.sec.gov/Archives/edgar/data/1018724/000101872415000126/amzn-20150930x10q.htm,10-Q consolidated statements of cash flows,REPORTED,,Non-cash: property and equipment acquired under finance (capital) leases (supplemental).,YES,NO,NO (internal-use software capitalised as property and equipment is included),NO,FALSE,FALSE,"XBRL tag none (printed, untagged; period from the column of the purchases row); text check PASS_PRINTED_UNTAGGED. Same value also printed in 1 later filing(s)."
OBS-AMAZON-00392,amazon,"Amazon.com, Inc.",FY2016,Q1,2016-01-01,2016-03-31,2016-Q1,2016-04-29,Property and equipment acquired under capital leases,ppe_acquired_under_finance_leases_noncash,875,USD,millions,875000000,SRC-IQ16-AMAZON-0001018724-16-000227,A,https://www.sec.gov/Archives/edgar/data/1018724/000101872416000227/amzn-20160331x10q.htm,10-Q consolidated statements of cash flows,REPORTED,,Non-cash: property and equipment acquired under finance (capital) leases (supplemental).,YES,NO,NO (internal-use software capitalised as property and equipment is included),NO,FALSE,FALSE,"XBRL tag none (printed, untagged; period from the column of the purchases row); text check PASS_PRINTED_UNTAGGED. Same value also printed in 1 later filing(s)."
OBS-AMAZON-00393,amazon,"Amazon.com, Inc.",FY2016,H1 (6M YTD),2016-01-01,2016-06-30,2016-Q2,2016-07-29,Property and equipment acquired under capital leases,ppe_acquired_under_finance_leases_noncash,"2,297",USD,millions,2297000000,SRC-IQ16-AMAZON-0001018724-16-000286,A,https://www.sec.gov/Archives/edgar/data/1018724/000101872416000286/amzn-20160630x10q.htm,10-Q consolidated statements of cash flows,REPORTED,,Non-cash: property and equipment acquired under finance (capital) leases (supplemental).,YES,NO,NO (internal-use software capitalised as property and equipment is included),NO,FALSE,FALSE,"XBRL tag none (printed, untagged; period from the column of the purchases row); text check PASS_PRINTED_UNTAGGED. Same value also printed in 1 later filing(s)."
OBS-AMAZON-00394,amazon,"Amazon.com, Inc.",FY2016,9M YTD,2016-01-01,2016-09-30,2016-Q3,2016-10-28,Property and equipment acquired under capital leases,ppe_acquired_under_finance_leases_noncash,"3,666",USD,millions,3666000000,SRC-IQ16-AMAZON-0001018724-16-000324,A,https://www.sec.gov/Archives/edgar/data/1018724/000101872416000324/amzn-20160930x10q.htm,10-Q consolidated statements of cash flows,REPORTED,,Non-cash: property and equipment acquired under finance (capital) leases (supplemental).,YES,NO,NO (internal-use software capitalised as property and equipment is included),NO,FALSE,FALSE,"XBRL tag none (printed, untagged; period from the column of the purchases row); text check PASS_PRINTED_UNTAGGED. Same value also printed in 1 later filing(s)."
OBS-AMAZON-00395,amazon,"Amazon.com, Inc.",FY2016,FY,2016-01-01,2016-12-31,2016-Q4,2017-02-10,Property and equipment acquired under capital leases,ppe_acquired_under_finance_leases_noncash,"5,704",USD,millions,5704000000,SRC-IQ16-AMAZON-0001018724-17-000011,A,https://www.sec.gov/Archives/edgar/data/1018724/000101872417000011/amzn-20161231x10k.htm,10-K consolidated statements of cash flows,REPORTED,,Non-cash: property and equipment acquired under finance (capital) leases (supplemental).,YES,NO,NO (internal-use software capitalised as property and equipment is included),NO,FALSE,FALSE,"XBRL tag none (printed, untagged; period from the column of the purchases row); text check PASS_PRINTED_UNTAGGED. Same value also printed in 2 later filing(s)."
OBS-AMAZON-00396,amazon,"Amazon.com, Inc.",FY2016,Q2,2016-04-01,2016-06-30,2016-Q2,2016-07-29,Property and equipment acquired under capital leases,ppe_acquired_under_finance_leases_noncash,"1,422",USD,millions,1422000000,SRC-IQ16-AMAZON-0001018724-16-000286,A,https://www.sec.gov/Archives/edgar/data/1018724/000101872416000286/amzn-20160630x10q.htm,10-Q consolidated statements of cash flows,REPORTED,,Non-cash: property and equipment acquired under finance (capital) leases (supplemental).,YES,NO,NO (internal-use software capitalised as property and equipment is included),NO,FALSE,FALSE,"XBRL tag none (printed, untagged; period from the column of the purchases row); text check PASS_PRINTED_UNTAGGED. Same value also printed in 1 later filing(s)."
OBS-AMAZON-00397,amazon,"Amazon.com, Inc.",FY2016,Q3,2016-07-01,2016-09-30,2016-Q3,2016-10-28,Property and equipment acquired under capital leases,ppe_acquired_under_finance_leases_noncash,"1,369",USD,millions,1369000000,SRC-IQ16-AMAZON-0001018724-16-000324,A,https://www.sec.gov/Archives/edgar/data/1018724/000101872416000324/amzn-20160930x10q.htm,10-Q consolidated statements of cash flows,REPORTED,,Non-cash: property and equipment acquired under finance (capital) leases (supplemental).,YES,NO,NO (internal-use software capitalised as property and equipment is included),NO,FALSE,FALSE,"XBRL tag none (printed, untagged; period from the column of the purchases row); text check PASS_PRINTED_UNTAGGED. Same value also printed in 1 later filing(s)."
OBS-AMAZON-00398,amazon,"Amazon.com, Inc.",FY2017,Q1,2017-01-01,2017-03-31,2017-Q1,2017-04-28,Property and equipment acquired under capital leases,ppe_acquired_under_finance_leases_noncash,"1,888",USD,millions,1888000000,SRC-IQ16-AMAZON-0001018724-17-000051,A,https://www.sec.gov/Archives/edgar/data/1018724/000101872417000051/amzn-20170331x10q.htm,10-Q consolidated statements of cash flows,REPORTED,,Non-cash: property and equipment acquired under finance (capital) leases (supplemental).,YES,NO,NO (internal-use software capitalised as property and equipment is included),NO,FALSE,FALSE,"XBRL tag none (printed, untagged; period from the column of the purchases row); text check PASS_PRINTED_UNTAGGED. Same value also printed in 1 later filing(s)."
OBS-AMAZON-00399,amazon,"Amazon.com, Inc.",FY2017,H1 (6M YTD),2017-01-01,2017-06-30,2017-Q2,2017-07-28,Property and equipment acquired under capital leases,ppe_acquired_under_finance_leases_noncash,"4,612",USD,millions,4612000000,SRC-IQ16-AMAZON-0001018724-17-000100,A,https://www.sec.gov/Archives/edgar/data/1018724/000101872417000100/amzn-20170630x10q.htm,10-Q consolidated statements of cash flows,REPORTED,,Non-cash: property and equipment acquired under finance (capital) leases (supplemental).,YES,NO,NO (internal-use software capitalised as property and equipment is included),NO,FALSE,FALSE,XBRL tag us-gaap:CapitalLeaseObligationsIncurred; text check PASS. Same value also printed in 1 later filing(s).
OBS-AMAZON-00400,amazon,"Amazon.com, Inc.",FY2017,9M YTD,2017-01-01,2017-09-30,2017-Q3,2017-10-27,Property and equipment acquired under capital leases,ppe_acquired_under_finance_leases_noncash,"6,867",USD,millions,6867000000,SRC-IQ16-AMAZON-0001018724-17-000135,A,https://www.sec.gov/Archives/edgar/data/1018724/000101872417000135/amzn-20170930x10q.htm,10-Q consolidated statements of cash flows,REPORTED,,Non-cash: property and equipment acquired under finance (capital) leases (supplemental).,YES,NO,NO (internal-use software capitalised as property and equipment is included),NO,FALSE,FALSE,XBRL tag us-gaap:CapitalLeaseObligationsIncurred; text check PASS. Same value also printed in 1 later filing(s).
OBS-AMAZON-00401,amazon,"Amazon.com, Inc.",FY2017,FY,2017-01-01,2017-12-31,2017-Q4,2018-02-02,Property and equipment acquired under capital leases,ppe_acquired_under_finance_leases_noncash,"9,637",USD,millions,9637000000,SRC-IQ16-AMAZON-0001018724-18-000005,A,https://www.sec.gov/Archives/edgar/data/1018724/000101872418000005/amzn-20171231x10k.htm,10-K consolidated statements of cash flows,REPORTED,,Non-cash: property and equipment acquired under finance (capital) leases (supplemental).,YES,NO,NO (internal-use software capitalised as property and equipment is included),NO,FALSE,FALSE,XBRL tag us-gaap:CapitalLeaseObligationsIncurred; text check PASS. Same value also printed in 2 later filing(s).
OBS-AMAZON-00402,amazon,"Amazon.com, Inc.",FY2017,Q2,2017-04-01,2017-06-30,2017-Q2,2017-07-28,Property and equipment acquired under capital leases,ppe_acquired_under_finance_leases_noncash,"2,724",USD,millions,2724000000,SRC-IQ16-AMAZON-0001018724-17-000100,A,https://www.sec.gov/Archives/edgar/data/1018724/000101872417000100/amzn-20170630x10q.htm,10-Q consolidated statements of cash flows,REPORTED,,Non-cash: property and equipment acquired under finance (capital) leases (supplemental).,YES,NO,NO (internal-use software capitalised as property and equipment is included),NO,FALSE,FALSE,XBRL tag us-gaap:CapitalLeaseObligationsIncurred; text check PASS. Same value also printed in 1 later filing(s).
OBS-AMAZON-00403,amazon,"Amazon.com, Inc.",FY2017,Q3,2017-07-01,2017-09-30,2017-Q3,2017-10-27,Property and equipment acquired under capital leases,ppe_acquired_under_finance_leases_noncash,"2,256",USD,millions,2256000000,SRC-IQ16-AMAZON-0001018724-17-000135,A,https://www.sec.gov/Archives/edgar/data/1018724/000101872417000135/amzn-20170930x10q.htm,10-Q consolidated statements of cash flows,REPORTED,,Non-cash: property and equipment acquired under finance (capital) leases (supplemental).,YES,NO,NO (internal-use software capitalised as property and equipment is included),NO,FALSE,FALSE,XBRL tag us-gaap:CapitalLeaseObligationsIncurred; text check PASS. Same value also printed in 1 later filing(s).
OBS-AMAZON-00404,amazon,"Amazon.com, Inc.",FY2018,Q1,2018-01-01,2018-03-31,2018-Q1,2018-04-27,Property and equipment acquired under capital leases,ppe_acquired_under_finance_leases_noncash,"2,270",USD,millions,2270000000,SRC-IQ16-AMAZON-0001018724-18-000072,A,https://www.sec.gov/Archives/edgar/data/1018724/000101872418000072/amzn-20180331x10q.htm,10-Q consolidated statements of cash flows,REPORTED,,Non-cash: property and equipment acquired under finance (capital) leases (supplemental).,YES,NO,NO (internal-use software capitalised as property and equipment is included),NO,FALSE,FALSE,XBRL tag us-gaap:CapitalLeaseObligationsIncurred; text check PASS. Same value also printed in 1 later filing(s).
OBS-AMAZON-00405,amazon,"Amazon.com, Inc.",FY2018,H1 (6M YTD),2018-01-01,2018-06-30,2018-Q2,2018-07-27,Property and equipment acquired under capital leases,ppe_acquired_under_finance_leases_noncash,"4,605",USD,millions,4605000000,SRC-IQ16-AMAZON-0001018724-18-000108,A,https://www.sec.gov/Archives/edgar/data/1018724/000101872418000108/amzn-20180630x10q.htm,10-Q consolidated statements of cash flows,REPORTED,,Non-cash: property and equipment acquired under finance (capital) leases (supplemental).,YES,NO,NO (internal-use software capitalised as property and equipment is included),NO,FALSE,FALSE,XBRL tag us-gaap:CapitalLeaseObligationsIncurred; text check PASS. Same value also printed in 1 later filing(s).
OBS-AMAZON-00406,amazon,"Amazon.com, Inc.",FY2018,9M YTD,2018-01-01,2018-09-30,2018-Q3,2018-10-26,Property and equipment acquired under capital leases,ppe_acquired_under_finance_leases_noncash,"6,934",USD,millions,6934000000,SRC-IQ16-AMAZON-0001018724-18-000159,A,https://www.sec.gov/Archives/edgar/data/1018724/000101872418000159/amzn-20180930x10q.htm,10-Q consolidated statements of cash flows,REPORTED,,Non-cash: property and equipment acquired under finance (capital) leases (supplemental).,YES,NO,NO (internal-use software capitalised as property and equipment is included),NO,FALSE,FALSE,XBRL tag us-gaap:CapitalLeaseObligationsIncurred; text check PASS. Same value also printed in 1 later filing(s).
OBS-AMAZON-00407,amazon,"Amazon.com, Inc.",FY2018,FY,2018-01-01,2018-12-31,2018-Q4,2019-02-01,Property and equipment acquired under capital leases,ppe_acquired_under_finance_leases_noncash,"10,615",USD,millions,10615000000,SRC-IQ16-AMAZON-0001018724-19-000004,A,https://www.sec.gov/Archives/edgar/data/1018724/000101872419000004/amzn-20181231x10k.htm,10-K consolidated statements of cash flows,REPORTED,,Non-cash: property and equipment acquired under finance (capital) leases (supplemental).,YES,NO,NO (internal-use software capitalised as property and equipment is included),NO,FALSE,FALSE,XBRL tag us-gaap:CapitalLeaseObligationsIncurred; text check PASS. Same value also printed in 1 later filing(s).
OBS-AMAZON-00408,amazon,"Amazon.com, Inc.",FY2018,Q2,2018-04-01,2018-06-30,2018-Q2,2018-07-27,Property and equipment acquired under capital leases,ppe_acquired_under_finance_leases_noncash,"2,335",USD,millions,2335000000,SRC-IQ16-AMAZON-0001018724-18-000108,A,https://www.sec.gov/Archives/edgar/data/1018724/000101872418000108/amzn-20180630x10q.htm,10-Q consolidated statements of cash flows,REPORTED,,Non-cash: property and equipment acquired under finance (capital) leases (supplemental).,YES,NO,NO (internal-use software capitalised as property and equipment is included),NO,FALSE,FALSE,XBRL tag us-gaap:CapitalLeaseObligationsIncurred; text check PASS. Same value also printed in 1 later filing(s).
OBS-AMAZON-00409,amazon,"Amazon.com, Inc.",FY2018,Q3,2018-07-01,2018-09-30,2018-Q3,2018-10-26,Property and equipment acquired under capital leases,ppe_acquired_under_finance_leases_noncash,"2,329",USD,millions,2329000000,SRC-IQ16-AMAZON-0001018724-18-000159,A,https://www.sec.gov/Archives/edgar/data/1018724/000101872418000159/amzn-20180930x10q.htm,10-Q consolidated statements of cash flows,REPORTED,,Non-cash: property and equipment acquired under finance (capital) leases (supplemental).,YES,NO,NO (internal-use software capitalised as property and equipment is included),NO,FALSE,FALSE,XBRL tag us-gaap:CapitalLeaseObligationsIncurred; text check PASS. Same value also printed in 1 later filing(s).
OBS-AMAZON-00410,amazon,"Amazon.com, Inc.",FY2019,Q1,2019-01-01,2019-03-31,2019-Q1,2019-04-26,Property and equipment acquired under finance leases,ppe_acquired_under_finance_leases_noncash,"2,628",USD,millions,2628000000,SRC-IQ16-AMAZON-0001018724-19-000043,A,https://www.sec.gov/Archives/edgar/data/1018724/000101872419000043/amzn-2019331x10q.htm,10-Q consolidated statements of cash flows,REPORTED,,Non-cash: property and equipment acquired under finance (capital) leases (supplemental).,YES,NO,NO (internal-use software capitalised as property and equipment is included),NO,FALSE,FALSE,XBRL tag us-gaap:RightOfUseAssetObtainedInExchangeForFinanceLeaseLiability; text check PASS. Same value also printed in 1 later filing(s).
OBS-AMAZON-00411,amazon,"Amazon.com, Inc.",FY2019,H1 (6M YTD),2019-01-01,2019-06-30,2019-Q2,2019-07-26,Property and equipment acquired under finance leases,ppe_acquired_under_finance_leases_noncash,"5,935",USD,millions,5935000000,SRC-IQ16-AMAZON-0001018724-19-000071,A,https://www.sec.gov/Archives/edgar/data/1018724/000101872419000071/amzn-2019630x10q.htm,10-Q consolidated statements of cash flows,REPORTED,,Non-cash: property and equipment acquired under finance (capital) leases (supplemental).,YES,NO,NO (internal-use software capitalised as property and equipment is included),NO,FALSE,FALSE,XBRL tag us-gaap:RightOfUseAssetObtainedInExchangeForFinanceLeaseLiability; text check PASS.
OBS-AMAZON-00412,amazon,"Amazon.com, Inc.",FY2019,9M YTD,2019-01-01,2019-09-30,2019-Q3,2019-10-25,Property and equipment acquired under finance leases,ppe_acquired_under_finance_leases_noncash,"9,541",USD,millions,9541000000,SRC-IQ16-AMAZON-0001018724-19-000089,A,https://www.sec.gov/Archives/edgar/data/1018724/000101872419000089/amzn-2019930x10q.htm,10-Q consolidated statements of cash flows,REPORTED,,Non-cash: property and equipment acquired under finance (capital) leases (supplemental).,YES,NO,NO (internal-use software capitalised as property and equipment is included),NO,FALSE,FALSE,XBRL tag us-gaap:RightOfUseAssetObtainedInExchangeForFinanceLeaseLiability; text check PASS.
OBS-AMAZON-00413,amazon,"Amazon.com, Inc.",FY2019,FY,2019-01-01,2019-12-31,2019-Q4,2020-01-31,Property and equipment acquired under finance leases,ppe_acquired_under_finance_leases_noncash,"13,723",USD,millions,13723000000,SRC-IQ16-AMAZON-0001018724-20-000004,A,https://www.sec.gov/Archives/edgar/data/1018724/000101872420000004/amzn-20191231x10k.htm,10-K consolidated statements of cash flows,REPORTED,,Non-cash: property and equipment acquired under finance (capital) leases (supplemental).,YES,NO,NO (internal-use software capitalised as property and equipment is included),NO,FALSE,FALSE,XBRL tag us-gaap:RightOfUseAssetObtainedInExchangeForFinanceLeaseLiability; text check PASS.
OBS-AMAZON-00414,amazon,"Amazon.com, Inc.",FY2019,Q2,2019-04-01,2019-06-30,2019-Q2,2019-07-26,Property and equipment acquired under finance leases,ppe_acquired_under_finance_leases_noncash,"3,307",USD,millions,3307000000,SRC-IQ16-AMAZON-0001018724-19-000071,A,https://www.sec.gov/Archives/edgar/data/1018724/000101872419000071/amzn-2019630x10q.htm,10-Q consolidated statements of cash flows,REPORTED,,Non-cash: property and equipment acquired under finance (capital) leases (supplemental).,YES,NO,NO (internal-use software capitalised as property and equipment is included),NO,FALSE,FALSE,XBRL tag us-gaap:RightOfUseAssetObtainedInExchangeForFinanceLeaseLiability; text check PASS.
OBS-AMAZON-00415,amazon,"Amazon.com, Inc.",FY2019,Q3,2019-07-01,2019-09-30,2019-Q3,2019-10-25,Property and equipment acquired under finance leases,ppe_acquired_under_finance_leases_noncash,"3,606",USD,millions,3606000000,SRC-IQ16-AMAZON-0001018724-19-000089,A,https://www.sec.gov/Archives/edgar/data/1018724/000101872419000089/amzn-2019930x10q.htm,10-Q consolidated statements of cash flows,REPORTED,,Non-cash: property and equipment acquired under finance (capital) leases (supplemental).,YES,NO,NO (internal-use software capitalised as property and equipment is included),NO,FALSE,FALSE,XBRL tag us-gaap:RightOfUseAssetObtainedInExchangeForFinanceLeaseLiability; text check PASS.
OBS-AMAZON-00416,amazon,"Amazon.com, Inc.",FY2020,Q1,2020-01-01,2020-03-31,2020-Q1,2020-05-01,Property and equipment acquired under finance leases,ppe_acquired_under_finance_leases_noncash,"2,166",USD,millions,2166000000,SRC-IQ16-AMAZON-0001018724-20-000010,A,https://www.sec.gov/Archives/edgar/data/1018724/000101872420000010/amzn-20200331x10q.htm,10-Q consolidated statements of cash flows,REPORTED,,Non-cash: property and equipment acquired under finance (capital) leases (supplemental).,YES,NO,NO (internal-use software capitalised as property and equipment is included),NO,FALSE,FALSE,XBRL tag us-gaap:RightOfUseAssetObtainedInExchangeForFinanceLeaseLiability; text check PASS.
OBS-AMAZON-00417,amazon,"Amazon.com, Inc.",FY2015,FY,2015-01-01,2015-12-31,2015-Q4,2018-02-02,Proceeds from property and equipment incentives,ppe_sale_proceeds_and_incentives,798,USD,millions,798000000,SRC-IQ16-AMAZON-0001018724-18-000005,A,https://www.sec.gov/Archives/edgar/data/1018724/000101872418000005/amzn-20171231x10k.htm,10-K consolidated statements of cash flows,REPORTED,,Amazon: proceeds from property and equipment sales and incentives (inflow).,NO,NO,NO (internal-use software capitalised as property and equipment is included),NO,FALSE,FALSE,"XBRL tag none (printed, untagged; period from the column of the purchases row); text check PASS_PRINTED_UNTAGGED."
OBS-AMAZON-00418,amazon,"Amazon.com, Inc.",FY2016,FY,2016-01-01,2016-12-31,2016-Q4,2018-02-02,Proceeds from property and equipment incentives,ppe_sale_proceeds_and_incentives,"1,067",USD,millions,1067000000,SRC-IQ16-AMAZON-0001018724-18-000005,A,https://www.sec.gov/Archives/edgar/data/1018724/000101872418000005/amzn-20171231x10k.htm,10-K consolidated statements of cash flows,REPORTED,,Amazon: proceeds from property and equipment sales and incentives (inflow).,NO,NO,NO (internal-use software capitalised as property and equipment is included),NO,FALSE,FALSE,"XBRL tag none (printed, untagged; period from the column of the purchases row); text check PASS_PRINTED_UNTAGGED. Same value also printed in 1 later filing(s)."
OBS-AMAZON-00419,amazon,"Amazon.com, Inc.",FY2017,Q1,2017-01-01,2017-03-31,2017-Q1,2018-04-27,Proceeds from property and equipment incentives,ppe_sale_proceeds_and_incentives,287,USD,millions,287000000,SRC-IQ16-AMAZON-0001018724-18-000072,A,https://www.sec.gov/Archives/edgar/data/1018724/000101872418000072/amzn-20180331x10q.htm,10-Q consolidated statements of cash flows,REPORTED,,Amazon: proceeds from property and equipment sales and incentives (inflow).,NO,NO,NO (internal-use software capitalised as property and equipment is included),NO,FALSE,FALSE,"XBRL tag none (printed, untagged; period from the column of the purchases row); text check PASS_PRINTED_UNTAGGED."
OBS-AMAZON-00420,amazon,"Amazon.com, Inc.",FY2017,H1 (6M YTD),2017-01-01,2017-06-30,2017-Q2,2018-07-27,Proceeds from property and equipment incentives,ppe_sale_proceeds_and_incentives,899,USD,millions,899000000,SRC-IQ16-AMAZON-0001018724-18-000108,A,https://www.sec.gov/Archives/edgar/data/1018724/000101872418000108/amzn-20180630x10q.htm,10-Q consolidated statements of cash flows,REPORTED,,Amazon: proceeds from property and equipment sales and incentives (inflow).,NO,NO,NO (internal-use software capitalised as property and equipment is included),NO,FALSE,FALSE,"XBRL tag none (printed, untagged; period from the column of the purchases row); text check PASS_PRINTED_UNTAGGED."
OBS-AMAZON-00421,amazon,"Amazon.com, Inc.",FY2017,9M YTD,2017-01-01,2017-09-30,2017-Q3,2018-10-26,Proceeds from property and equipment incentives,ppe_sale_proceeds_and_incentives,"1,314",USD,millions,1314000000,SRC-IQ16-AMAZON-0001018724-18-000159,A,https://www.sec.gov/Archives/edgar/data/1018724/000101872418000159/amzn-20180930x10q.htm,10-Q consolidated statements of cash flows,REPORTED,,Amazon: proceeds from property and equipment sales and incentives (inflow).,NO,NO,NO (internal-use software capitalised as property and equipment is included),NO,FALSE,FALSE,"XBRL tag none (printed, untagged; period from the column of the purchases row); text check PASS_PRINTED_UNTAGGED."
OBS-AMAZON-00422,amazon,"Amazon.com, Inc.",FY2017,FY,2017-01-01,2017-12-31,2017-Q4,2018-02-02,Proceeds from property and equipment incentives,ppe_sale_proceeds_and_incentives,"1,897",USD,millions,1897000000,SRC-IQ16-AMAZON-0001018724-18-000005,A,https://www.sec.gov/Archives/edgar/data/1018724/000101872418000005/amzn-20171231x10k.htm,10-K consolidated statements of cash flows,REPORTED,,Amazon: proceeds from property and equipment sales and incentives (inflow).,NO,NO,NO (internal-use software capitalised as property and equipment is included),NO,FALSE,FALSE,"XBRL tag none (printed, untagged; period from the column of the purchases row); text check PASS_PRINTED_UNTAGGED. Same value also printed in 2 later filing(s)."
OBS-AMAZON-00423,amazon,"Amazon.com, Inc.",FY2017,Q2,2017-04-01,2017-06-30,2017-Q2,2018-07-27,Proceeds from property and equipment incentives,ppe_sale_proceeds_and_incentives,612,USD,millions,612000000,SRC-IQ16-AMAZON-0001018724-18-000108,A,https://www.sec.gov/Archives/edgar/data/1018724/000101872418000108/amzn-20180630x10q.htm,10-Q consolidated statements of cash flows,REPORTED,,Amazon: proceeds from property and equipment sales and incentives (inflow).,NO,NO,NO (internal-use software capitalised as property and equipment is included),NO,FALSE,FALSE,"XBRL tag none (printed, untagged; period from the column of the purchases row); text check PASS_PRINTED_UNTAGGED."
OBS-AMAZON-00424,amazon,"Amazon.com, Inc.",FY2017,Q3,2017-07-01,2017-09-30,2017-Q3,2018-10-26,Proceeds from property and equipment incentives,ppe_sale_proceeds_and_incentives,415,USD,millions,415000000,SRC-IQ16-AMAZON-0001018724-18-000159,A,https://www.sec.gov/Archives/edgar/data/1018724/000101872418000159/amzn-20180930x10q.htm,10-Q consolidated statements of cash flows,REPORTED,,Amazon: proceeds from property and equipment sales and incentives (inflow).,NO,NO,NO (internal-use software capitalised as property and equipment is included),NO,FALSE,FALSE,"XBRL tag none (printed, untagged; period from the column of the purchases row); text check PASS_PRINTED_UNTAGGED."
OBS-AMAZON-00425,amazon,"Amazon.com, Inc.",FY2018,Q1,2018-01-01,2018-03-31,2018-Q1,2018-04-27,Proceeds from property and equipment incentives,ppe_sale_proceeds_and_incentives,371,USD,millions,371000000,SRC-IQ16-AMAZON-0001018724-18-000072,A,https://www.sec.gov/Archives/edgar/data/1018724/000101872418000072/amzn-20180331x10q.htm,10-Q consolidated statements of cash flows,REPORTED,,Amazon: proceeds from property and equipment sales and incentives (inflow).,NO,NO,NO (internal-use software capitalised as property and equipment is included),NO,FALSE,FALSE,"XBRL tag none (printed, untagged; period from the column of the purchases row); text check PASS_PRINTED_UNTAGGED. Same value also printed in 1 later filing(s)."
OBS-AMAZON-00426,amazon,"Amazon.com, Inc.",FY2018,H1 (6M YTD),2018-01-01,2018-06-30,2018-Q2,2018-07-27,Proceeds from property and equipment incentives,ppe_sale_proceeds_and_incentives,665,USD,millions,665000000,SRC-IQ16-AMAZON-0001018724-18-000108,A,https://www.sec.gov/Archives/edgar/data/1018724/000101872418000108/amzn-20180630x10q.htm,10-Q consolidated statements of cash flows,REPORTED,,Amazon: proceeds from property and equipment sales and incentives (inflow).,NO,NO,NO (internal-use software capitalised as property and equipment is included),NO,FALSE,FALSE,"XBRL tag none (printed, untagged; period from the column of the purchases row); text check PASS_PRINTED_UNTAGGED. Same value also printed in 1 later filing(s)."
OBS-AMAZON-00427,amazon,"Amazon.com, Inc.",FY2018,9M YTD,2018-01-01,2018-09-30,2018-Q3,2018-10-26,Proceeds from property and equipment incentives,ppe_sale_proceeds_and_incentives,"1,490",USD,millions,1490000000,SRC-IQ16-AMAZON-0001018724-18-000159,A,https://www.sec.gov/Archives/edgar/data/1018724/000101872418000159/amzn-20180930x10q.htm,10-Q consolidated statements of cash flows,REPORTED,,Amazon: proceeds from property and equipment sales and incentives (inflow).,NO,NO,NO (internal-use software capitalised as property and equipment is included),NO,FALSE,FALSE,"XBRL tag none (printed, untagged; period from the column of the purchases row); text check PASS_PRINTED_UNTAGGED. Same value also printed in 1 later filing(s)."
OBS-AMAZON-00428,amazon,"Amazon.com, Inc.",FY2018,FY,2018-01-01,2018-12-31,2018-Q4,2019-02-01,Proceeds from property and equipment incentives,ppe_sale_proceeds_and_incentives,"2,104",USD,millions,2104000000,SRC-IQ16-AMAZON-0001018724-19-000004,A,https://www.sec.gov/Archives/edgar/data/1018724/000101872419000004/amzn-20181231x10k.htm,10-K consolidated statements of cash flows,REPORTED,,Amazon: proceeds from property and equipment sales and incentives (inflow).,NO,NO,NO (internal-use software capitalised as property and equipment is included),NO,FALSE,FALSE,"XBRL tag none (printed, untagged; period from the column of the purchases row); text check PASS_PRINTED_UNTAGGED. Same value also printed in 2 later filing(s)."
OBS-AMAZON-00429,amazon,"Amazon.com, Inc.",FY2018,Q2,2018-04-01,2018-06-30,2018-Q2,2018-07-27,Proceeds from property and equipment incentives,ppe_sale_proceeds_and_incentives,294,USD,millions,294000000,SRC-IQ16-AMAZON-0001018724-18-000108,A,https://www.sec.gov/Archives/edgar/data/1018724/000101872418000108/amzn-20180630x10q.htm,10-Q consolidated statements of cash flows,REPORTED,,Amazon: proceeds from property and equipment sales and incentives (inflow).,NO,NO,NO (internal-use software capitalised as property and equipment is included),NO,FALSE,FALSE,"XBRL tag none (printed, untagged; period from the column of the purchases row); text check PASS_PRINTED_UNTAGGED. Same value also printed in 1 later filing(s)."
OBS-AMAZON-00430,amazon,"Amazon.com, Inc.",FY2018,Q3,2018-07-01,2018-09-30,2018-Q3,2018-10-26,Proceeds from property and equipment incentives,ppe_sale_proceeds_and_incentives,825,USD,millions,825000000,SRC-IQ16-AMAZON-0001018724-18-000159,A,https://www.sec.gov/Archives/edgar/data/1018724/000101872418000159/amzn-20180930x10q.htm,10-Q consolidated statements of cash flows,REPORTED,,Amazon: proceeds from property and equipment sales and incentives (inflow).,NO,NO,NO (internal-use software capitalised as property and equipment is included),NO,FALSE,FALSE,"XBRL tag none (printed, untagged; period from the column of the purchases row); text check PASS_PRINTED_UNTAGGED. Same value also printed in 1 later filing(s)."
OBS-AMAZON-00431,amazon,"Amazon.com, Inc.",FY2019,Q1,2019-01-01,2019-03-31,2019-Q1,2019-04-26,Proceeds from property and equipment incentives,ppe_sale_proceeds_and_incentives,569,USD,millions,569000000,SRC-IQ16-AMAZON-0001018724-19-000043,A,https://www.sec.gov/Archives/edgar/data/1018724/000101872419000043/amzn-2019331x10q.htm,10-Q consolidated statements of cash flows,REPORTED,,Amazon: proceeds from property and equipment sales and incentives (inflow).,NO,NO,NO (internal-use software capitalised as property and equipment is included),NO,FALSE,FALSE,"XBRL tag none (printed, untagged; period from the column of the purchases row); text check PASS_PRINTED_UNTAGGED. Same value also printed in 1 later filing(s)."
OBS-AMAZON-00432,amazon,"Amazon.com, Inc.",FY2019,H1 (6M YTD),2019-01-01,2019-06-30,2019-Q2,2019-07-26,Proceeds from property and equipment incentives,ppe_sale_proceeds_and_incentives,"1,488",USD,millions,1488000000,SRC-IQ16-AMAZON-0001018724-19-000071,A,https://www.sec.gov/Archives/edgar/data/1018724/000101872419000071/amzn-2019630x10q.htm,10-Q consolidated statements of cash flows,REPORTED,,Amazon: proceeds from property and equipment sales and incentives (inflow).,NO,NO,NO (internal-use software capitalised as property and equipment is included),NO,FALSE,FALSE,"XBRL tag none (printed, untagged; period from the column of the purchases row); text check PASS_PRINTED_UNTAGGED. Same value also printed in 1 later filing(s)."
OBS-AMAZON-00433,amazon,"Amazon.com, Inc.",FY2019,9M YTD,2019-01-01,2019-09-30,2019-Q3,2019-10-25,Proceeds from property and equipment sales and incentives,ppe_sale_proceeds_and_incentives,"2,800",USD,millions,2800000000,SRC-IQ16-AMAZON-0001018724-19-000089,A,https://www.sec.gov/Archives/edgar/data/1018724/000101872419000089/amzn-2019930x10q.htm,10-Q consolidated statements of cash flows,REPORTED,,Amazon: proceeds from property and equipment sales and incentives (inflow).,NO,NO,NO (internal-use software capitalised as property and equipment is included),NO,FALSE,FALSE,"XBRL tag none (printed, untagged; period from the column of the purchases row); text check PASS_PRINTED_UNTAGGED. Same value also printed in 1 later filing(s)."
OBS-AMAZON-00434,amazon,"Amazon.com, Inc.",FY2019,FY,2019-01-01,2019-12-31,2019-Q4,2020-01-31,Proceeds from property and equipment sales and incentives,ppe_sale_proceeds_and_incentives,"4,172",USD,millions,4172000000,SRC-IQ16-AMAZON-0001018724-20-000004,A,https://www.sec.gov/Archives/edgar/data/1018724/000101872420000004/amzn-20191231x10k.htm,10-K consolidated statements of cash flows,REPORTED,,Amazon: proceeds from property and equipment sales and incentives (inflow).,NO,NO,NO (internal-use software capitalised as property and equipment is included),NO,FALSE,FALSE,"XBRL tag none (printed, untagged; period from the column of the purchases row); text check PASS_PRINTED_UNTAGGED. Same value also printed in 2 later filing(s)."
OBS-AMAZON-00435,amazon,"Amazon.com, Inc.",FY2019,Q2,2019-04-01,2019-06-30,2019-Q2,2019-07-26,Proceeds from property and equipment incentives,ppe_sale_proceeds_and_incentives,919,USD,millions,919000000,SRC-IQ16-AMAZON-0001018724-19-000071,A,https://www.sec.gov/Archives/edgar/data/1018724/000101872419000071/amzn-2019630x10q.htm,10-Q consolidated statements of cash flows,REPORTED,,Amazon: proceeds from property and equipment sales and incentives (inflow).,NO,NO,NO (internal-use software capitalised as property and equipment is included),NO,FALSE,FALSE,"XBRL tag none (printed, untagged; period from the column of the purchases row); text check PASS_PRINTED_UNTAGGED. Same value also printed in 1 later filing(s)."
OBS-AMAZON-00436,amazon,"Amazon.com, Inc.",FY2019,Q3,2019-07-01,2019-09-30,2019-Q3,2019-10-25,Proceeds from property and equipment sales and incentives,ppe_sale_proceeds_and_incentives,"1,312",USD,millions,1312000000,SRC-IQ16-AMAZON-0001018724-19-000089,A,https://www.sec.gov/Archives/edgar/data/1018724/000101872419000089/amzn-2019930x10q.htm,10-Q consolidated statements of cash flows,REPORTED,,Amazon: proceeds from property and equipment sales and incentives (inflow).,NO,NO,NO (internal-use software capitalised as property and equipment is included),NO,FALSE,FALSE,"XBRL tag none (printed, untagged; period from the column of the purchases row); text check PASS_PRINTED_UNTAGGED. Same value also printed in 1 later filing(s)."
OBS-AMAZON-00437,amazon,"Amazon.com, Inc.",FY2020,Q1,2020-01-01,2020-03-31,2020-Q1,2020-05-01,Proceeds from property and equipment sales and incentives,ppe_sale_proceeds_and_incentives,"1,367",USD,millions,1367000000,SRC-IQ16-AMAZON-0001018724-20-000010,A,https://www.sec.gov/Archives/edgar/data/1018724/000101872420000010/amzn-20200331x10q.htm,10-Q consolidated statements of cash flows,REPORTED,,Amazon: proceeds from property and equipment sales and incentives (inflow).,NO,NO,NO (internal-use software capitalised as property and equipment is included),NO,FALSE,FALSE,"XBRL tag none (printed, untagged; period from the column of the purchases row); text check PASS_PRINTED_UNTAGGED. Same value also printed in 1 later filing(s)."
OBS-AMAZON-00438,amazon,"Amazon.com, Inc.",FY2020,H1 (6M YTD),2020-01-01,2020-06-30,2020-Q2,2020-07-31,Proceeds from property and equipment sales and incentives,ppe_sale_proceeds_and_incentives,"2,212",USD,millions,2212000000,SRC-IQ16-AMAZON-0001018724-20-000021,A,https://www.sec.gov/Archives/edgar/data/1018724/000101872420000021/amzn-20200630.htm,10-Q consolidated statements of cash flows,REPORTED,,Amazon: proceeds from property and equipment sales and incentives (inflow).,NO,NO,NO (internal-use software capitalised as property and equipment is included),NO,FALSE,FALSE,"XBRL tag none (printed, untagged; period from the column of the purchases row); text check PASS_PRINTED_UNTAGGED. Same value also printed in 1 later filing(s)."
OBS-AMAZON-00439,amazon,"Amazon.com, Inc.",FY2020,9M YTD,2020-01-01,2020-09-30,2020-Q3,2020-10-30,Proceeds from property and equipment sales and incentives,ppe_sale_proceeds_and_incentives,"3,467",USD,millions,3467000000,SRC-IQ16-AMAZON-0001018724-20-000030,A,https://www.sec.gov/Archives/edgar/data/1018724/000101872420000030/amzn-20200930.htm,10-Q consolidated statements of cash flows,REPORTED,,Amazon: proceeds from property and equipment sales and incentives (inflow).,NO,NO,NO (internal-use software capitalised as property and equipment is included),NO,FALSE,FALSE,"XBRL tag none (printed, untagged; period from the column of the purchases row); text check PASS_PRINTED_UNTAGGED. Same value also printed in 1 later filing(s)."
OBS-AMAZON-00440,amazon,"Amazon.com, Inc.",FY2020,FY,2020-01-01,2020-12-31,2020-Q4,2021-02-03,Proceeds from property and equipment sales and incentives,ppe_sale_proceeds_and_incentives,"5,096",USD,millions,5096000000,SRC-IQ16-AMAZON-0001018724-21-000004,A,https://www.sec.gov/Archives/edgar/data/1018724/000101872421000004/amzn-20201231.htm,10-K consolidated statements of cash flows,REPORTED,,Amazon: proceeds from property and equipment sales and incentives (inflow).,NO,NO,NO (internal-use software capitalised as property and equipment is included),NO,FALSE,FALSE,"XBRL tag none (printed, untagged; period from the column of the purchases row); text check PASS_PRINTED_UNTAGGED. Same value also printed in 2 later filing(s)."
OBS-AMAZON-00441,amazon,"Amazon.com, Inc.",FY2020,Q2,2020-04-01,2020-06-30,2020-Q2,2020-07-31,Proceeds from property and equipment sales and incentives,ppe_sale_proceeds_and_incentives,844,USD,millions,844000000,SRC-IQ16-AMAZON-0001018724-20-000021,A,https://www.sec.gov/Archives/edgar/data/1018724/000101872420000021/amzn-20200630.htm,10-Q consolidated statements of cash flows,REPORTED,,Amazon: proceeds from property and equipment sales and incentives (inflow).,NO,NO,NO (internal-use software capitalised as property and equipment is included),NO,FALSE,FALSE,"XBRL tag none (printed, untagged; period from the column of the purchases row); text check PASS_PRINTED_UNTAGGED. Same value also printed in 1 later filing(s)."
OBS-AMAZON-00442,amazon,"Amazon.com, Inc.",FY2020,Q3,2020-07-01,2020-09-30,2020-Q3,2020-10-30,Proceeds from property and equipment sales and incentives,ppe_sale_proceeds_and_incentives,"1,255",USD,millions,1255000000,SRC-IQ16-AMAZON-0001018724-20-000030,A,https://www.sec.gov/Archives/edgar/data/1018724/000101872420000030/amzn-20200930.htm,10-Q consolidated statements of cash flows,REPORTED,,Amazon: proceeds from property and equipment sales and incentives (inflow).,NO,NO,NO (internal-use software capitalised as property and equipment is included),NO,FALSE,FALSE,"XBRL tag none (printed, untagged; period from the column of the purchases row); text check PASS_PRINTED_UNTAGGED. Same value also printed in 1 later filing(s)."
OBS-AMAZON-00443,amazon,"Amazon.com, Inc.",FY2021,Q1,2021-01-01,2021-03-31,2021-Q1,2021-04-30,Proceeds from property and equipment sales and incentives,ppe_sale_proceeds_and_incentives,895,USD,millions,895000000,SRC-IQ16-AMAZON-0001018724-21-000010,A,https://www.sec.gov/Archives/edgar/data/1018724/000101872421000010/amzn-20210331.htm,10-Q consolidated statements of cash flows,REPORTED,,Amazon: proceeds from property and equipment sales and incentives (inflow).,NO,NO,NO (internal-use software capitalised as property and equipment is included),NO,FALSE,FALSE,"XBRL tag none (printed, untagged; period from the column of the purchases row); text check PASS_PRINTED_UNTAGGED. Same value also printed in 1 later filing(s)."
OBS-AMAZON-00444,amazon,"Amazon.com, Inc.",FY2021,H1 (6M YTD),2021-01-01,2021-06-30,2021-Q2,2021-07-30,Proceeds from property and equipment sales and incentives,ppe_sale_proceeds_and_incentives,"2,195",USD,millions,2195000000,SRC-IQ16-AMAZON-0001018724-21-000020,A,https://www.sec.gov/Archives/edgar/data/1018724/000101872421000020/amzn-20210630.htm,10-Q consolidated statements of cash flows,REPORTED,,Amazon: proceeds from property and equipment sales and incentives (inflow).,NO,NO,NO (internal-use software capitalised as property and equipment is included),NO,FALSE,FALSE,"XBRL tag none (printed, untagged; period from the column of the purchases row); text check PASS_PRINTED_UNTAGGED. Same value also printed in 1 later filing(s)."
OBS-AMAZON-00445,amazon,"Amazon.com, Inc.",FY2021,9M YTD,2021-01-01,2021-09-30,2021-Q3,2021-10-29,Proceeds from property and equipment sales and incentives,ppe_sale_proceeds_and_incentives,"3,192",USD,millions,3192000000,SRC-IQ16-AMAZON-0001018724-21-000028,A,https://www.sec.gov/Archives/edgar/data/1018724/000101872421000028/amzn-20210930.htm,10-Q consolidated statements of cash flows,REPORTED,,Amazon: proceeds from property and equipment sales and incentives (inflow).,NO,NO,NO (internal-use software capitalised as property and equipment is included),NO,FALSE,FALSE,"XBRL tag none (printed, untagged; period from the column of the purchases row); text check PASS_PRINTED_UNTAGGED. Same value also printed in 1 later filing(s)."
OBS-AMAZON-00446,amazon,"Amazon.com, Inc.",FY2021,FY,2021-01-01,2021-12-31,2021-Q4,2022-02-04,Proceeds from property and equipment sales and incentives,ppe_sale_proceeds_and_incentives,"5,657",USD,millions,5657000000,SRC-IQ16-AMAZON-0001018724-22-000005,A,https://www.sec.gov/Archives/edgar/data/1018724/000101872422000005/amzn-20211231.htm,10-K consolidated statements of cash flows,REPORTED,,Amazon: proceeds from property and equipment sales and incentives (inflow).,NO,NO,NO (internal-use software capitalised as property and equipment is included),NO,FALSE,FALSE,"XBRL tag none (printed, untagged; period from the column of the purchases row); text check PASS_PRINTED_UNTAGGED. Same value also printed in 2 later filing(s)."
OBS-AMAZON-00447,amazon,"Amazon.com, Inc.",FY2021,Q2,2021-04-01,2021-06-30,2021-Q2,2021-07-30,Proceeds from property and equipment sales and incentives,ppe_sale_proceeds_and_incentives,"1,300",USD,millions,1300000000,SRC-IQ16-AMAZON-0001018724-21-000020,A,https://www.sec.gov/Archives/edgar/data/1018724/000101872421000020/amzn-20210630.htm,10-Q consolidated statements of cash flows,REPORTED,,Amazon: proceeds from property and equipment sales and incentives (inflow).,NO,NO,NO (internal-use software capitalised as property and equipment is included),NO,FALSE,FALSE,"XBRL tag none (printed, untagged; period from the column of the purchases row); text check PASS_PRINTED_UNTAGGED. Same value also printed in 1 later filing(s)."
OBS-AMAZON-00448,amazon,"Amazon.com, Inc.",FY2021,Q3,2021-07-01,2021-09-30,2021-Q3,2021-10-29,Proceeds from property and equipment sales and incentives,ppe_sale_proceeds_and_incentives,997,USD,millions,997000000,SRC-IQ16-AMAZON-0001018724-21-000028,A,https://www.sec.gov/Archives/edgar/data/1018724/000101872421000028/amzn-20210930.htm,10-Q consolidated statements of cash flows,REPORTED,,Amazon: proceeds from property and equipment sales and incentives (inflow).,NO,NO,NO (internal-use software capitalised as property and equipment is included),NO,FALSE,FALSE,"XBRL tag none (printed, untagged; period from the column of the purchases row); text check PASS_PRINTED_UNTAGGED. Same value also printed in 1 later filing(s)."
OBS-AMAZON-00449,amazon,"Amazon.com, Inc.",FY2022,Q1,2022-01-01,2022-03-31,2022-Q1,2022-04-29,Proceeds from property and equipment sales and incentives,ppe_sale_proceeds_and_incentives,"1,209",USD,millions,1209000000,SRC-IQ16-AMAZON-0001018724-22-000013,A,https://www.sec.gov/Archives/edgar/data/1018724/000101872422000013/amzn-20220331.htm,10-Q consolidated statements of cash flows,REPORTED,,Amazon: proceeds from property and equipment sales and incentives (inflow).,NO,NO,NO (internal-use software capitalised as property and equipment is included),NO,FALSE,FALSE,"XBRL tag none (printed, untagged; period from the column of the purchases row); text check PASS_PRINTED_UNTAGGED. Same value also printed in 1 later filing(s)."
OBS-AMAZON-00450,amazon,"Amazon.com, Inc.",FY2022,H1 (6M YTD),2022-01-01,2022-06-30,2022-Q2,2022-07-29,Proceeds from property and equipment sales and incentives,ppe_sale_proceeds_and_incentives,"2,835",USD,millions,2835000000,SRC-IQ16-AMAZON-0001018724-22-000019,A,https://www.sec.gov/Archives/edgar/data/1018724/000101872422000019/amzn-20220630.htm,10-Q consolidated statements of cash flows,REPORTED,,Amazon: proceeds from property and equipment sales and incentives (inflow).,NO,NO,NO (internal-use software capitalised as property and equipment is included),NO,FALSE,FALSE,"XBRL tag none (printed, untagged; period from the column of the purchases row); text check PASS_PRINTED_UNTAGGED. Same value also printed in 1 later filing(s)."
OBS-AMAZON-00451,amazon,"Amazon.com, Inc.",FY2022,9M YTD,2022-01-01,2022-09-30,2022-Q3,2022-10-28,Proceeds from property and equipment sales and incentives,ppe_sale_proceeds_and_incentives,"4,172",USD,millions,4172000000,SRC-IQ16-AMAZON-0001018724-22-000023,A,https://www.sec.gov/Archives/edgar/data/1018724/000101872422000023/amzn-20220930.htm,10-Q consolidated statements of cash flows,REPORTED,,Amazon: proceeds from property and equipment sales and incentives (inflow).,NO,NO,NO (internal-use software capitalised as property and equipment is included),NO,FALSE,FALSE,"XBRL tag none (printed, untagged; period from the column of the purchases row); text check PASS_PRINTED_UNTAGGED. Same value also printed in 1 later filing(s)."
OBS-AMAZON-00452,amazon,"Amazon.com, Inc.",FY2022,FY,2022-01-01,2022-12-31,2022-Q4,2023-02-03,Proceeds from property and equipment sales and incentives,ppe_sale_proceeds_and_incentives,"5,324",USD,millions,5324000000,SRC-IQ16-AMAZON-0001018724-23-000004,A,https://www.sec.gov/Archives/edgar/data/1018724/000101872423000004/amzn-20221231.htm,10-K consolidated statements of cash flows,REPORTED,,Amazon: proceeds from property and equipment sales and incentives (inflow).,NO,NO,NO (internal-use software capitalised as property and equipment is included),NO,FALSE,FALSE,"XBRL tag none (printed, untagged; period from the column of the purchases row); text check PASS_PRINTED_UNTAGGED. Same value also printed in 2 later filing(s)."
OBS-AMAZON-00453,amazon,"Amazon.com, Inc.",FY2022,Q2,2022-04-01,2022-06-30,2022-Q2,2022-07-29,Proceeds from property and equipment sales and incentives,ppe_sale_proceeds_and_incentives,"1,626",USD,millions,1626000000,SRC-IQ16-AMAZON-0001018724-22-000019,A,https://www.sec.gov/Archives/edgar/data/1018724/000101872422000019/amzn-20220630.htm,10-Q consolidated statements of cash flows,REPORTED,,Amazon: proceeds from property and equipment sales and incentives (inflow).,NO,NO,NO (internal-use software capitalised as property and equipment is included),NO,FALSE,FALSE,"XBRL tag none (printed, untagged; period from the column of the purchases row); text check PASS_PRINTED_UNTAGGED. Same value also printed in 1 later filing(s)."
OBS-AMAZON-00454,amazon,"Amazon.com, Inc.",FY2022,Q3,2022-07-01,2022-09-30,2022-Q3,2022-10-28,Proceeds from property and equipment sales and incentives,ppe_sale_proceeds_and_incentives,"1,337",USD,millions,1337000000,SRC-IQ16-AMAZON-0001018724-22-000023,A,https://www.sec.gov/Archives/edgar/data/1018724/000101872422000023/amzn-20220930.htm,10-Q consolidated statements of cash flows,REPORTED,,Amazon: proceeds from property and equipment sales and incentives (inflow).,NO,NO,NO (internal-use software capitalised as property and equipment is included),NO,FALSE,FALSE,"XBRL tag none (printed, untagged; period from the column of the purchases row); text check PASS_PRINTED_UNTAGGED. Same value also printed in 1 later filing(s)."
OBS-AMAZON-00455,amazon,"Amazon.com, Inc.",FY2023,Q1,2023-01-01,2023-03-31,2023-Q1,2023-04-28,Proceeds from property and equipment sales and incentives,ppe_sale_proceeds_and_incentives,"1,137",USD,millions,1137000000,SRC-IQ16-AMAZON-0001018724-23-000008,A,https://www.sec.gov/Archives/edgar/data/1018724/000101872423000008/amzn-20230331.htm,10-Q consolidated statements of cash flows,REPORTED,,Amazon: proceeds from property and equipment sales and incentives (inflow).,NO,NO,NO (internal-use software capitalised as property and equipment is included),NO,FALSE,FALSE,"XBRL tag none (printed, untagged; period from the column of the purchases row); text check PASS_PRINTED_UNTAGGED. Same value also printed in 1 later filing(s)."
OBS-AMAZON-00456,amazon,"Amazon.com, Inc.",FY2023,H1 (6M YTD),2023-01-01,2023-06-30,2023-Q2,2023-08-04,Proceeds from property and equipment sales and incentives,ppe_sale_proceeds_and_incentives,"2,180",USD,millions,2180000000,SRC-IQ16-AMAZON-0001018724-23-000012,A,https://www.sec.gov/Archives/edgar/data/1018724/000101872423000012/amzn-20230630.htm,10-Q consolidated statements of cash flows,REPORTED,,Amazon: proceeds from property and equipment sales and incentives (inflow).,NO,NO,NO (internal-use software capitalised as property and equipment is included),NO,FALSE,FALSE,"XBRL tag none (printed, untagged; period from the column of the purchases row); text check PASS_PRINTED_UNTAGGED. Same value also printed in 1 later filing(s)."
OBS-AMAZON-00457,amazon,"Amazon.com, Inc.",FY2023,9M YTD,2023-01-01,2023-09-30,2023-Q3,2023-10-27,Proceeds from property and equipment sales and incentives,ppe_sale_proceeds_and_incentives,"3,361",USD,millions,3361000000,SRC-IQ16-AMAZON-0001018724-23-000018,A,https://www.sec.gov/Archives/edgar/data/1018724/000101872423000018/amzn-20230930.htm,10-Q consolidated statements of cash flows,REPORTED,,Amazon: proceeds from property and equipment sales and incentives (inflow).,NO,NO,NO (internal-use software capitalised as property and equipment is included),NO,FALSE,FALSE,"XBRL tag none (printed, untagged; period from the column of the purchases row); text check PASS_PRINTED_UNTAGGED. Same value also printed in 1 later filing(s)."
OBS-AMAZON-00458,amazon,"Amazon.com, Inc.",FY2023,FY,2023-01-01,2023-12-31,2023-Q4,2024-02-02,Proceeds from property and equipment sales and incentives,ppe_sale_proceeds_and_incentives,"4,596",USD,millions,4596000000,SRC-IQ16-AMAZON-0001018724-24-000008,A,https://www.sec.gov/Archives/edgar/data/1018724/000101872424000008/amzn-20231231.htm,10-K consolidated statements of cash flows,REPORTED,,Amazon: proceeds from property and equipment sales and incentives (inflow).,NO,NO,NO (internal-use software capitalised as property and equipment is included),NO,FALSE,FALSE,"XBRL tag none (printed, untagged; period from the column of the purchases row); text check PASS_PRINTED_UNTAGGED. Same value also printed in 2 later filing(s)."
OBS-AMAZON-00459,amazon,"Amazon.com, Inc.",FY2023,Q2,2023-04-01,2023-06-30,2023-Q2,2023-08-04,Proceeds from property and equipment sales and incentives,ppe_sale_proceeds_and_incentives,"1,043",USD,millions,1043000000,SRC-IQ16-AMAZON-0001018724-23-000012,A,https://www.sec.gov/Archives/edgar/data/1018724/000101872423000012/amzn-20230630.htm,10-Q consolidated statements of cash flows,REPORTED,,Amazon: proceeds from property and equipment sales and incentives (inflow).,NO,NO,NO (internal-use software capitalised as property and equipment is included),NO,FALSE,FALSE,"XBRL tag none (printed, untagged; period from the column of the purchases row); text check PASS_PRINTED_UNTAGGED. Same value also printed in 1 later filing(s)."
OBS-AMAZON-00460,amazon,"Amazon.com, Inc.",FY2023,Q3,2023-07-01,2023-09-30,2023-Q3,2023-10-27,Proceeds from property and equipment sales and incentives,ppe_sale_proceeds_and_incentives,"1,181",USD,millions,1181000000,SRC-IQ16-AMAZON-0001018724-23-000018,A,https://www.sec.gov/Archives/edgar/data/1018724/000101872423000018/amzn-20230930.htm,10-Q consolidated statements of cash flows,REPORTED,,Amazon: proceeds from property and equipment sales and incentives (inflow).,NO,NO,NO (internal-use software capitalised as property and equipment is included),NO,FALSE,FALSE,"XBRL tag none (printed, untagged; period from the column of the purchases row); text check PASS_PRINTED_UNTAGGED. Same value also printed in 1 later filing(s)."
OBS-AMAZON-00461,amazon,"Amazon.com, Inc.",FY2024,Q1,2024-01-01,2024-03-31,2024-Q1,2024-05-01,Proceeds from property and equipment sales and incentives,ppe_sale_proceeds_and_incentives,990,USD,millions,990000000,SRC-IQ16-AMAZON-0001018724-24-000083,A,https://www.sec.gov/Archives/edgar/data/1018724/000101872424000083/amzn-20240331.htm,10-Q consolidated statements of cash flows,REPORTED,,Amazon: proceeds from property and equipment sales and incentives (inflow).,NO,NO,NO (internal-use software capitalised as property and equipment is included),NO,FALSE,FALSE,"XBRL tag none (printed, untagged; period from the column of the purchases row); text check PASS_PRINTED_UNTAGGED. Same value also printed in 1 later filing(s)."
OBS-AMAZON-00462,amazon,"Amazon.com, Inc.",FY2024,H1 (6M YTD),2024-01-01,2024-06-30,2024-Q2,2024-08-02,Proceeds from property and equipment sales and incentives,ppe_sale_proceeds_and_incentives,"2,217",USD,millions,2217000000,SRC-IQ16-AMAZON-0001018724-24-000130,A,https://www.sec.gov/Archives/edgar/data/1018724/000101872424000130/amzn-20240630.htm,10-Q consolidated statements of cash flows,REPORTED,,Amazon: proceeds from property and equipment sales and incentives (inflow).,NO,NO,NO (internal-use software capitalised as property and equipment is included),NO,FALSE,FALSE,"XBRL tag none (printed, untagged; period from the column of the purchases row); text check PASS_PRINTED_UNTAGGED. Same value also printed in 1 later filing(s)."
OBS-AMAZON-00463,amazon,"Amazon.com, Inc.",FY2024,9M YTD,2024-01-01,2024-09-30,2024-Q3,2024-11-01,Proceeds from property and equipment sales and incentives,ppe_sale_proceeds_and_incentives,"3,559",USD,millions,3559000000,SRC-IQ16-AMAZON-0001018724-24-000161,A,https://www.sec.gov/Archives/edgar/data/1018724/000101872424000161/amzn-20240930.htm,10-Q consolidated statements of cash flows,REPORTED,,Amazon: proceeds from property and equipment sales and incentives (inflow).,NO,NO,NO (internal-use software capitalised as property and equipment is included),NO,FALSE,FALSE,"XBRL tag none (printed, untagged; period from the column of the purchases row); text check PASS_PRINTED_UNTAGGED. Same value also printed in 1 later filing(s)."
OBS-AMAZON-00464,amazon,"Amazon.com, Inc.",FY2024,FY,2024-01-01,2024-12-31,2024-Q4,2025-02-07,Proceeds from property and equipment sales and incentives,ppe_sale_proceeds_and_incentives,"5,341",USD,millions,5341000000,SRC-IQ16-AMAZON-0001018724-25-000004,A,https://www.sec.gov/Archives/edgar/data/1018724/000101872425000004/amzn-20241231.htm,10-K consolidated statements of cash flows,REPORTED,,Amazon: proceeds from property and equipment sales and incentives (inflow).,NO,NO,NO (internal-use software capitalised as property and equipment is included),NO,FALSE,FALSE,"XBRL tag none (printed, untagged; period from the column of the purchases row); text check PASS_PRINTED_UNTAGGED. Same value also printed in 1 later filing(s)."
OBS-AMAZON-00465,amazon,"Amazon.com, Inc.",FY2024,Q2,2024-04-01,2024-06-30,2024-Q2,2024-08-02,Proceeds from property and equipment sales and incentives,ppe_sale_proceeds_and_incentives,"1,227",USD,millions,1227000000,SRC-IQ16-AMAZON-0001018724-24-000130,A,https://www.sec.gov/Archives/edgar/data/1018724/000101872424000130/amzn-20240630.htm,10-Q consolidated statements of cash flows,REPORTED,,Amazon: proceeds from property and equipment sales and incentives (inflow).,NO,NO,NO (internal-use software capitalised as property and equipment is included),NO,FALSE,FALSE,"XBRL tag none (printed, untagged; period from the column of the purchases row); text check PASS_PRINTED_UNTAGGED. Same value also printed in 1 later filing(s)."
OBS-AMAZON-00466,amazon,"Amazon.com, Inc.",FY2024,Q3,2024-07-01,2024-09-30,2024-Q3,2024-11-01,Proceeds from property and equipment sales and incentives,ppe_sale_proceeds_and_incentives,"1,342",USD,millions,1342000000,SRC-IQ16-AMAZON-0001018724-24-000161,A,https://www.sec.gov/Archives/edgar/data/1018724/000101872424000161/amzn-20240930.htm,10-Q consolidated statements of cash flows,REPORTED,,Amazon: proceeds from property and equipment sales and incentives (inflow).,NO,NO,NO (internal-use software capitalised as property and equipment is included),NO,FALSE,FALSE,"XBRL tag none (printed, untagged; period from the column of the purchases row); text check PASS_PRINTED_UNTAGGED. Same value also printed in 1 later filing(s)."
OBS-AMAZON-00467,amazon,"Amazon.com, Inc.",FY2025,Q1,2025-01-01,2025-03-31,2025-Q1,2025-05-02,Proceeds from property and equipment sales and incentives,ppe_sale_proceeds_and_incentives,764,USD,millions,764000000,SRC-IQ16-AMAZON-0001018724-25-000036,A,https://www.sec.gov/Archives/edgar/data/1018724/000101872425000036/amzn-20250331.htm,10-Q consolidated statements of cash flows,REPORTED,,Amazon: proceeds from property and equipment sales and incentives (inflow).,NO,NO,NO (internal-use software capitalised as property and equipment is included),NO,FALSE,FALSE,"XBRL tag none (printed, untagged; period from the column of the purchases row); text check PASS_PRINTED_UNTAGGED. Same value also printed in 1 later filing(s)."
OBS-AMAZON-00468,amazon,"Amazon.com, Inc.",FY2025,H1 (6M YTD),2025-01-01,2025-06-30,2025-Q2,2025-08-01,Proceeds from property and equipment sales and incentives,ppe_sale_proceeds_and_incentives,"1,579",USD,millions,1579000000,SRC-IQ16-AMAZON-0001018724-25-000086,A,https://www.sec.gov/Archives/edgar/data/1018724/000101872425000086/amzn-20250630.htm,10-Q consolidated statements of cash flows,REPORTED,,Amazon: proceeds from property and equipment sales and incentives (inflow).,NO,NO,NO (internal-use software capitalised as property and equipment is included),NO,FALSE,FALSE,"XBRL tag none (printed, untagged; period from the column of the purchases row); text check PASS_PRINTED_UNTAGGED. Same value also printed in 1 later filing(s)."
OBS-AMAZON-00469,amazon,"Amazon.com, Inc.",FY2025,9M YTD,2025-01-01,2025-09-30,2025-Q3,2025-10-31,Proceeds from property and equipment sales and incentives,ppe_sale_proceeds_and_incentives,"2,446",USD,millions,2446000000,SRC-IQ16-AMAZON-0001018724-25-000123,A,https://www.sec.gov/Archives/edgar/data/1018724/000101872425000123/amzn-20250930.htm,10-Q consolidated statements of cash flows,REPORTED,,Amazon: proceeds from property and equipment sales and incentives (inflow).,NO,NO,NO (internal-use software capitalised as property and equipment is included),NO,FALSE,FALSE,"XBRL tag none (printed, untagged; period from the column of the purchases row); text check PASS_PRINTED_UNTAGGED."
OBS-AMAZON-00470,amazon,"Amazon.com, Inc.",FY2025,FY,2025-01-01,2025-12-31,2025-Q4,2026-02-06,Proceeds from property and equipment sales and incentives,ppe_sale_proceeds_and_incentives,"3,499",USD,millions,3499000000,SRC-AMZN-006,A,https://www.sec.gov/Archives/edgar/data/1018724/000101872426000004/amzn-20251231.htm,10-K consolidated statements of cash flows,REPORTED,,Amazon: proceeds from property and equipment sales and incentives (inflow).,NO,NO,NO (internal-use software capitalised as property and equipment is included),NO,FALSE,FALSE,"XBRL tag none (printed, untagged; period from the column of the purchases row); text check PASS_PRINTED_UNTAGGED."
OBS-AMAZON-00471,amazon,"Amazon.com, Inc.",FY2025,Q2,2025-04-01,2025-06-30,2025-Q2,2025-08-01,Proceeds from property and equipment sales and incentives,ppe_sale_proceeds_and_incentives,815,USD,millions,815000000,SRC-IQ16-AMAZON-0001018724-25-000086,A,https://www.sec.gov/Archives/edgar/data/1018724/000101872425000086/amzn-20250630.htm,10-Q consolidated statements of cash flows,REPORTED,,Amazon: proceeds from property and equipment sales and incentives (inflow).,NO,NO,NO (internal-use software capitalised as property and equipment is included),NO,FALSE,FALSE,"XBRL tag none (printed, untagged; period from the column of the purchases row); text check PASS_PRINTED_UNTAGGED. Same value also printed in 1 later filing(s)."
OBS-AMAZON-00472,amazon,"Amazon.com, Inc.",FY2025,Q3,2025-07-01,2025-09-30,2025-Q3,2025-10-31,Proceeds from property and equipment sales and incentives,ppe_sale_proceeds_and_incentives,867,USD,millions,867000000,SRC-IQ16-AMAZON-0001018724-25-000123,A,https://www.sec.gov/Archives/edgar/data/1018724/000101872425000123/amzn-20250930.htm,10-Q consolidated statements of cash flows,REPORTED,,Amazon: proceeds from property and equipment sales and incentives (inflow).,NO,NO,NO (internal-use software capitalised as property and equipment is included),NO,FALSE,FALSE,"XBRL tag none (printed, untagged; period from the column of the purchases row); text check PASS_PRINTED_UNTAGGED."
OBS-AMAZON-00473,amazon,"Amazon.com, Inc.",FY2026,Q1,2026-01-01,2026-03-31,2026-Q1,2026-04-30,Proceeds from property and equipment sales and incentives,ppe_sale_proceeds_and_incentives,969,USD,millions,969000000,SRC-IQ16-AMAZON-0001018724-26-000014,A,https://www.sec.gov/Archives/edgar/data/1018724/000101872426000014/amzn-20260331.htm,10-Q consolidated statements of cash flows,REPORTED,,Amazon: proceeds from property and equipment sales and incentives (inflow).,NO,NO,NO (internal-use software capitalised as property and equipment is included),NO,FALSE,FALSE,"XBRL tag none (printed, untagged; period from the column of the purchases row); text check PASS_PRINTED_UNTAGGED."
OBS-AMAZON-00474,amazon,"Amazon.com, Inc.",FY2026,H1 (6M YTD),2026-01-01,2026-06-30,2026-Q2,2026-07-31,Proceeds from property and equipment sales and incentives,ppe_sale_proceeds_and_incentives,"2,101",USD,millions,2101000000,SRC-IQ16-AMAZON-0001018724-26-000026,A,https://www.sec.gov/Archives/edgar/data/1018724/000101872426000026/amzn-20260630.htm,10-Q consolidated statements of cash flows,REPORTED,,Amazon: proceeds from property and equipment sales and incentives (inflow).,NO,NO,NO (internal-use software capitalised as property and equipment is included),NO,FALSE,FALSE,"XBRL tag none (printed, untagged; period from the column of the purchases row); text check PASS_PRINTED_UNTAGGED."
OBS-AMAZON-00475,amazon,"Amazon.com, Inc.",FY2026,Q2,2026-04-01,2026-06-30,2026-Q2,2026-07-31,Proceeds from property and equipment sales and incentives,ppe_sale_proceeds_and_incentives,"1,132",USD,millions,1132000000,SRC-IQ16-AMAZON-0001018724-26-000026,A,https://www.sec.gov/Archives/edgar/data/1018724/000101872426000026/amzn-20260630.htm,10-Q consolidated statements of cash flows,REPORTED,,Amazon: proceeds from property and equipment sales and incentives (inflow).,NO,NO,NO (internal-use software capitalised as property and equipment is included),NO,FALSE,FALSE,"XBRL tag none (printed, untagged; period from the column of the purchases row); text check PASS_PRINTED_UNTAGGED."
OBS-META-00476,meta,"Facebook, Inc.",FY2010,FY,2010-01-01,2010-12-31,2010-Q4,2013-02-01,Purchases of property and equipment,cash_purchases_of_ppe,(293),USD,millions,293000000,SRC-META-002,A,https://www.sec.gov/Archives/edgar/data/1326801/000132680113000003/fb-12312012x10k.htm,10-K consolidated statements of cash flows,REPORTED,,Cash paid for property and equipment as printed in the cash-flow statement (investing).,NO,NO,NO,NO,FALSE,FALSE,XBRL tag us-gaap:PaymentsToAcquirePropertyPlantAndEquipment; text check PASS.
OBS-META-00477,meta,"Facebook, Inc.",FY2011,H1 (6M YTD),2011-01-01,2011-06-30,2011-Q2,2012-07-31,Purchases of property and equipment,cash_purchases_of_ppe,(285),USD,millions,285000000,SRC-IQ16-META-0001193125-12-325997,A,https://www.sec.gov/Archives/edgar/data/1326801/000119312512325997/d371464d10q.htm,10-Q consolidated statements of cash flows,REPORTED,,Cash paid for property and equipment as printed in the cash-flow statement (investing).,NO,NO,NO,NO,FALSE,FALSE,XBRL tag us-gaap:PaymentsToAcquirePropertyPlantAndEquipment; text check PASS.
OBS-META-00478,meta,"Facebook, Inc.",FY2011,9M YTD,2011-01-01,2011-09-30,2011-Q3,2012-10-24,Purchases of property and equipment,cash_purchases_of_ppe,(421),USD,millions,421000000,SRC-IQ16-META-0001326801-12-000006,A,https://www.sec.gov/Archives/edgar/data/1326801/000132680112000006/fb-9302012x10q.htm,10-Q consolidated statements of cash flows,REPORTED,,Cash paid for property and equipment as printed in the cash-flow statement (investing).,NO,NO,NO,NO,FALSE,FALSE,XBRL tag us-gaap:PaymentsToAcquirePropertyPlantAndEquipment; text check PASS.
OBS-META-00479,meta,"Facebook, Inc.",FY2011,FY,2011-01-01,2011-12-31,2011-Q4,2013-02-01,Purchases of property and equipment,cash_purchases_of_ppe,(606),USD,millions,606000000,SRC-META-002,A,https://www.sec.gov/Archives/edgar/data/1326801/000132680113000003/fb-12312012x10k.htm,10-K consolidated statements of cash flows,REPORTED,,Cash paid for property and equipment as printed in the cash-flow statement (investing).,NO,NO,NO,NO,FALSE,FALSE,XBRL tag us-gaap:PaymentsToAcquirePropertyPlantAndEquipment; text check PASS. Same value also printed in 1 later filing(s).
OBS-META-00480,meta,"Facebook, Inc.",FY2012,Q1,2012-01-01,2012-03-31,2012-Q1,2013-05-02,Purchases of property and equipment,cash_purchases_of_ppe,(453),USD,millions,453000000,SRC-IQ16-META-0001326801-13-000011,A,https://www.sec.gov/Archives/edgar/data/1326801/000132680113000011/fb-3312013x10q.htm,10-Q consolidated statements of cash flows,REPORTED,,Cash paid for property and equipment as printed in the cash-flow statement (investing).,NO,NO,NO,NO,FALSE,FALSE,XBRL tag us-gaap:PaymentsToAcquirePropertyPlantAndEquipment; text check PASS.
OBS-META-00481,meta,"Facebook, Inc.",FY2012,H1 (6M YTD),2012-01-01,2012-06-30,2012-Q2,2012-07-31,Purchases of property and equipment,cash_purchases_of_ppe,(866),USD,millions,866000000,SRC-IQ16-META-0001193125-12-325997,A,https://www.sec.gov/Archives/edgar/data/1326801/000119312512325997/d371464d10q.htm,10-Q consolidated statements of cash flows,REPORTED,,Cash paid for property and equipment as printed in the cash-flow statement (investing).,NO,NO,NO,NO,FALSE,FALSE,XBRL tag us-gaap:PaymentsToAcquirePropertyPlantAndEquipment; text check PASS. Same value also printed in 1 later filing(s).
OBS-META-00482,meta,"Facebook, Inc.",FY2012,9M YTD,2012-01-01,2012-09-30,2012-Q3,2012-10-24,Purchases of property and equipment,cash_purchases_of_ppe,"(1,037)",USD,millions,1037000000,SRC-IQ16-META-0001326801-12-000006,A,https://www.sec.gov/Archives/edgar/data/1326801/000132680112000006/fb-9302012x10q.htm,10-Q consolidated statements of cash flows,REPORTED,,Cash paid for property and equipment as printed in the cash-flow statement (investing).,NO,NO,NO,NO,FALSE,FALSE,XBRL tag us-gaap:PaymentsToAcquirePropertyPlantAndEquipment; text check PASS. Same value also printed in 1 later filing(s).
OBS-META-00483,meta,"Facebook, Inc.",FY2012,FY,2012-01-01,2012-12-31,2012-Q4,2013-02-01,Purchases of property and equipment,cash_purchases_of_ppe,"(1,235)",USD,millions,1235000000,SRC-META-002,A,https://www.sec.gov/Archives/edgar/data/1326801/000132680113000003/fb-12312012x10k.htm,10-K consolidated statements of cash flows,REPORTED,,Cash paid for property and equipment as printed in the cash-flow statement (investing).,NO,NO,NO,NO,FALSE,FALSE,XBRL tag us-gaap:PaymentsToAcquirePropertyPlantAndEquipment; text check PASS. Same value also printed in 2 later filing(s).
OBS-META-00484,meta,"Facebook, Inc.",FY2013,Q1,2013-01-01,2013-03-31,2013-Q1,2013-05-02,Purchases of property and equipment,cash_purchases_of_ppe,(327),USD,millions,327000000,SRC-IQ16-META-0001326801-13-000011,A,https://www.sec.gov/Archives/edgar/data/1326801/000132680113000011/fb-3312013x10q.htm,10-Q consolidated statements of cash flows,REPORTED,,Cash paid for property and equipment as printed in the cash-flow statement (investing).,NO,NO,NO,NO,FALSE,FALSE,XBRL tag us-gaap:PaymentsToAcquirePropertyPlantAndEquipment; text check PASS. Same value also printed in 1 later filing(s).
OBS-META-00485,meta,"Facebook, Inc.",FY2013,H1 (6M YTD),2013-01-01,2013-06-30,2013-Q2,2013-07-25,Purchases of property and equipment,cash_purchases_of_ppe,(595),USD,millions,595000000,SRC-IQ16-META-0001326801-13-000019,A,https://www.sec.gov/Archives/edgar/data/1326801/000132680113000019/fb-6302013x10q.htm,10-Q consolidated statements of cash flows,REPORTED,,Cash paid for property and equipment as printed in the cash-flow statement (investing).,NO,NO,NO,NO,FALSE,FALSE,XBRL tag us-gaap:PaymentsToAcquirePropertyPlantAndEquipment; text check PASS. Same value also printed in 1 later filing(s).
OBS-META-00486,meta,"Facebook, Inc.",FY2013,9M YTD,2013-01-01,2013-09-30,2013-Q3,2013-11-01,Purchases of property and equipment,cash_purchases_of_ppe,(879),USD,millions,879000000,SRC-IQ16-META-0001326801-13-000031,A,https://www.sec.gov/Archives/edgar/data/1326801/000132680113000031/fb-9302013x10q.htm,10-Q consolidated statements of cash flows,REPORTED,,Cash paid for property and equipment as printed in the cash-flow statement (investing).,NO,NO,NO,NO,FALSE,FALSE,XBRL tag us-gaap:PaymentsToAcquirePropertyPlantAndEquipment; text check PASS. Same value also printed in 1 later filing(s).
OBS-META-00487,meta,"Facebook, Inc.",FY2013,FY,2013-01-01,2013-12-31,2013-Q4,2014-01-31,Purchases of property and equipment,cash_purchases_of_ppe,"(1,362)",USD,millions,1362000000,SRC-IQ16-META-0001326801-14-000007,A,https://www.sec.gov/Archives/edgar/data/1326801/000132680114000007/fb-12312013x10k.htm,10-K consolidated statements of cash flows,REPORTED,,Cash paid for property and equipment as printed in the cash-flow statement (investing).,NO,NO,NO,NO,FALSE,FALSE,XBRL tag us-gaap:PaymentsToAcquirePropertyPlantAndEquipment; text check PASS. Same value also printed in 2 later filing(s).
OBS-META-00488,meta,"Facebook, Inc.",FY2014,Q1,2014-01-01,2014-03-31,2014-Q1,2014-04-25,Purchases of property and equipment,cash_purchases_of_ppe,(363),USD,millions,363000000,SRC-IQ16-META-0001326801-14-000023,A,https://www.sec.gov/Archives/edgar/data/1326801/000132680114000023/fb-3312014x10q.htm,10-Q consolidated statements of cash flows,REPORTED,,Cash paid for property and equipment as printed in the cash-flow statement (investing).,NO,NO,NO,NO,FALSE,FALSE,XBRL tag us-gaap:PaymentsToAcquirePropertyPlantAndEquipment; text check PASS. Same value also printed in 1 later filing(s).
OBS-META-00489,meta,"Facebook, Inc.",FY2014,H1 (6M YTD),2014-01-01,2014-06-30,2014-Q2,2014-07-24,Purchases of property and equipment,cash_purchases_of_ppe,(832),USD,millions,832000000,SRC-IQ16-META-0001326801-14-000032,A,https://www.sec.gov/Archives/edgar/data/1326801/000132680114000032/fb-6302014x10q.htm,10-Q consolidated statements of cash flows,REPORTED,,Cash paid for property and equipment as printed in the cash-flow statement (investing).,NO,NO,NO,NO,FALSE,FALSE,XBRL tag us-gaap:PaymentsToAcquirePropertyPlantAndEquipment; text check PASS. Same value also printed in 1 later filing(s).
OBS-META-00490,meta,"Facebook, Inc.",FY2014,9M YTD,2014-01-01,2014-09-30,2014-Q3,2014-10-30,Purchases of property and equipment,cash_purchases_of_ppe,"(1,314)",USD,millions,1314000000,SRC-IQ16-META-0001326801-14-000068,A,https://www.sec.gov/Archives/edgar/data/1326801/000132680114000068/fb-9302014x10q.htm,10-Q consolidated statements of cash flows,REPORTED,,Cash paid for property and equipment as printed in the cash-flow statement (investing).,NO,NO,NO,NO,FALSE,FALSE,XBRL tag us-gaap:PaymentsToAcquirePropertyPlantAndEquipment; text check PASS. Same value also printed in 1 later filing(s).
OBS-META-00491,meta,"Facebook, Inc.",FY2014,FY,2014-01-01,2014-12-31,2014-Q4,2015-01-29,Purchases of property and equipment,cash_purchases_of_ppe,"(1,831)",USD,millions,1831000000,SRC-IQ16-META-0001326801-15-000006,A,https://www.sec.gov/Archives/edgar/data/1326801/000132680115000006/fb-12312014x10k.htm,10-K consolidated statements of cash flows,REPORTED,,Cash paid for property and equipment as printed in the cash-flow statement (investing).,NO,NO,NO,NO,FALSE,FALSE,XBRL tag us-gaap:PaymentsToAcquirePropertyPlantAndEquipment; text check PASS. Same value also printed in 2 later filing(s).
OBS-META-00492,meta,"Facebook, Inc.",FY2015,Q1,2015-01-01,2015-03-31,2015-Q1,2015-04-23,Purchases of property and equipment,cash_purchases_of_ppe,(502),USD,millions,502000000,SRC-IQ16-META-0001326801-15-000015,A,https://www.sec.gov/Archives/edgar/data/1326801/000132680115000015/fb-3312015x10q.htm,10-Q consolidated statements of cash flows,REPORTED,,Cash paid for property and equipment as printed in the cash-flow statement (investing).,NO,NO,NO,NO,FALSE,FALSE,XBRL tag us-gaap:PaymentsToAcquirePropertyPlantAndEquipment; text check PASS. Same value also printed in 1 later filing(s).
OBS-META-00493,meta,"Facebook, Inc.",FY2015,H1 (6M YTD),2015-01-01,2015-06-30,2015-Q2,2015-07-31,Purchases of property and equipment,cash_purchases_of_ppe,"(1,051)",USD,millions,1051000000,SRC-IQ16-META-0001326801-15-000028,A,https://www.sec.gov/Archives/edgar/data/1326801/000132680115000028/fb-6302015x10q.htm,10-Q consolidated statements of cash flows,REPORTED,,Cash paid for property and equipment as printed in the cash-flow statement (investing).,NO,NO,NO,NO,FALSE,FALSE,XBRL tag us-gaap:PaymentsToAcquirePropertyPlantAndEquipment; text check PASS. Same value also printed in 1 later filing(s).
OBS-META-00494,meta,"Facebook, Inc.",FY2015,9M YTD,2015-01-01,2015-09-30,2015-Q3,2015-11-05,Purchases of property and equipment,cash_purchases_of_ppe,"(1,831)",USD,millions,1831000000,SRC-IQ16-META-0001326801-15-000032,A,https://www.sec.gov/Archives/edgar/data/1326801/000132680115000032/fb-9302015x10q.htm,10-Q consolidated statements of cash flows,REPORTED,,Cash paid for property and equipment as printed in the cash-flow statement (investing).,NO,NO,NO,NO,FALSE,FALSE,XBRL tag us-gaap:PaymentsToAcquirePropertyPlantAndEquipment; text check PASS. Same value also printed in 1 later filing(s).
OBS-META-00495,meta,"Facebook, Inc.",FY2015,FY,2015-01-01,2015-12-31,2015-Q4,2016-01-28,Purchases of property and equipment,cash_purchases_of_ppe,"(2,523)",USD,millions,2523000000,SRC-IQ16-META-0001326801-16-000043,A,https://www.sec.gov/Archives/edgar/data/1326801/000132680116000043/fb-12312015x10k.htm,10-K consolidated statements of cash flows,REPORTED,,Cash paid for property and equipment as printed in the cash-flow statement (investing).,NO,NO,NO,NO,FALSE,FALSE,XBRL tag us-gaap:PaymentsToAcquirePropertyPlantAndEquipment; text check PASS. Same value also printed in 2 later filing(s).
OBS-META-00496,meta,"Facebook, Inc.",FY2016,Q1,2016-01-01,2016-03-31,2016-Q1,2016-04-28,Purchases of property and equipment,cash_purchases_of_ppe,"(1,132)",USD,millions,1132000000,SRC-IQ16-META-0001326801-16-000067,A,https://www.sec.gov/Archives/edgar/data/1326801/000132680116000067/fb-3312016x10q.htm,10-Q consolidated statements of cash flows,REPORTED,,Cash paid for property and equipment as printed in the cash-flow statement (investing).,NO,NO,NO,NO,FALSE,FALSE,XBRL tag us-gaap:PaymentsToAcquirePropertyPlantAndEquipment; text check PASS. Same value also printed in 1 later filing(s).
OBS-META-00497,meta,"Facebook, Inc.",FY2016,H1 (6M YTD),2016-01-01,2016-06-30,2016-Q2,2016-07-28,Purchases of property and equipment,cash_purchases_of_ppe,"(2,127)",USD,millions,2127000000,SRC-IQ16-META-0001326801-16-000082,A,https://www.sec.gov/Archives/edgar/data/1326801/000132680116000082/fb-6302016x10q.htm,10-Q consolidated statements of cash flows,REPORTED,,Cash paid for property and equipment as printed in the cash-flow statement (investing).,NO,NO,NO,NO,FALSE,FALSE,XBRL tag us-gaap:PaymentsToAcquirePropertyPlantAndEquipment; text check PASS. Same value also printed in 1 later filing(s).
OBS-META-00498,meta,"Facebook, Inc.",FY2016,9M YTD,2016-01-01,2016-09-30,2016-Q3,2016-11-03,Purchases of property and equipment,cash_purchases_of_ppe,"(3,222)",USD,millions,3222000000,SRC-IQ16-META-0001326801-16-000087,A,https://www.sec.gov/Archives/edgar/data/1326801/000132680116000087/fb-9302016x10q.htm,10-Q consolidated statements of cash flows,REPORTED,,Cash paid for property and equipment as printed in the cash-flow statement (investing).,NO,NO,NO,NO,FALSE,FALSE,XBRL tag us-gaap:PaymentsToAcquirePropertyPlantAndEquipment; text check PASS. Same value also printed in 1 later filing(s).
OBS-META-00499,meta,"Facebook, Inc.",FY2016,FY,2016-01-01,2016-12-31,2016-Q4,2017-02-03,Purchases of property and equipment,cash_purchases_of_ppe,"(4,491)",USD,millions,4491000000,SRC-IQ16-META-0001326801-17-000007,A,https://www.sec.gov/Archives/edgar/data/1326801/000132680117000007/fb-12312016x10k.htm,10-K consolidated statements of cash flows,REPORTED,,Cash paid for property and equipment as printed in the cash-flow statement (investing).,NO,NO,NO,NO,FALSE,FALSE,XBRL tag us-gaap:PaymentsToAcquirePropertyPlantAndEquipment; text check PASS. Same value also printed in 2 later filing(s).
OBS-META-00500,meta,"Facebook, Inc.",FY2017,Q1,2017-01-01,2017-03-31,2017-Q1,2017-05-04,Purchases of property and equipment,cash_purchases_of_ppe,"(1,271)",USD,millions,1271000000,SRC-IQ16-META-0001326801-17-000024,A,https://www.sec.gov/Archives/edgar/data/1326801/000132680117000024/fb-03312017x10q.htm,10-Q consolidated statements of cash flows,REPORTED,,Cash paid for property and equipment as printed in the cash-flow statement (investing).,NO,NO,NO,NO,FALSE,FALSE,XBRL tag us-gaap:PaymentsToAcquirePropertyPlantAndEquipment; text check PASS. Same value also printed in 1 later filing(s).
OBS-META-00501,meta,"Facebook, Inc.",FY2017,H1 (6M YTD),2017-01-01,2017-06-30,2017-Q2,2017-07-27,Purchases of property and equipment,cash_purchases_of_ppe,"(2,715)",USD,millions,2715000000,SRC-IQ16-META-0001326801-17-000038,A,https://www.sec.gov/Archives/edgar/data/1326801/000132680117000038/fb-06302017x10q.htm,10-Q consolidated statements of cash flows,REPORTED,,Cash paid for property and equipment as printed in the cash-flow statement (investing).,NO,NO,NO,NO,FALSE,FALSE,XBRL tag us-gaap:PaymentsToAcquirePropertyPlantAndEquipment; text check PASS. Same value also printed in 1 later filing(s).
OBS-META-00502,meta,"Facebook, Inc.",FY2017,9M YTD,2017-01-01,2017-09-30,2017-Q3,2017-11-02,Purchases of property and equipment,cash_purchases_of_ppe,"(4,470)",USD,millions,4470000000,SRC-IQ16-META-0001326801-17-000053,A,https://www.sec.gov/Archives/edgar/data/1326801/000132680117000053/fb-09302017x10q.htm,10-Q consolidated statements of cash flows,REPORTED,,Cash paid for property and equipment as printed in the cash-flow statement (investing).,NO,NO,NO,NO,FALSE,FALSE,XBRL tag us-gaap:PaymentsToAcquirePropertyPlantAndEquipment; text check PASS. Same value also printed in 1 later filing(s).
OBS-META-00503,meta,"Facebook, Inc.",FY2017,FY,2017-01-01,2017-12-31,2017-Q4,2018-02-01,Purchases of property and equipment,cash_purchases_of_ppe,"(6,733)",USD,millions,6733000000,SRC-IQ16-META-0001326801-18-000009,A,https://www.sec.gov/Archives/edgar/data/1326801/000132680118000009/fb-12312017x10k.htm,10-K consolidated statements of cash flows,REPORTED,,Cash paid for property and equipment as printed in the cash-flow statement (investing).,NO,NO,NO,NO,FALSE,FALSE,XBRL tag us-gaap:PaymentsToAcquirePropertyPlantAndEquipment; text check PASS. Same value also printed in 2 later filing(s).
OBS-META-00504,meta,"Facebook, Inc.",FY2018,Q1,2018-01-01,2018-03-31,2018-Q1,2018-04-26,Purchases of property and equipment,cash_purchases_of_ppe,"(2,812)",USD,millions,2812000000,SRC-IQ16-META-0001326801-18-000032,A,https://www.sec.gov/Archives/edgar/data/1326801/000132680118000032/fb-03312018x10q.htm,10-Q consolidated statements of cash flows,REPORTED,,Cash paid for property and equipment as printed in the cash-flow statement (investing).,NO,NO,NO,NO,FALSE,FALSE,XBRL tag us-gaap:PaymentsToAcquirePropertyPlantAndEquipment; text check PASS. Same value also printed in 1 later filing(s).
OBS-META-00505,meta,"Facebook, Inc.",FY2018,H1 (6M YTD),2018-01-01,2018-06-30,2018-Q2,2018-07-26,Purchases of property and equipment,cash_purchases_of_ppe,"(6,272)",USD,millions,6272000000,SRC-IQ16-META-0001326801-18-000057,A,https://www.sec.gov/Archives/edgar/data/1326801/000132680118000057/fb-06302018x10q.htm,10-Q consolidated statements of cash flows,REPORTED,,Cash paid for property and equipment as printed in the cash-flow statement (investing).,NO,NO,NO,NO,FALSE,FALSE,XBRL tag us-gaap:PaymentsToAcquirePropertyPlantAndEquipment; text check PASS. Same value also printed in 1 later filing(s).
OBS-META-00506,meta,"Facebook, Inc.",FY2018,9M YTD,2018-01-01,2018-09-30,2018-Q3,2018-10-31,Purchases of property and equipment,cash_purchases_of_ppe,"(9,614)",USD,millions,9614000000,SRC-IQ16-META-0001326801-18-000067,A,https://www.sec.gov/Archives/edgar/data/1326801/000132680118000067/fb-09302018x10q.htm,10-Q consolidated statements of cash flows,REPORTED,,Cash paid for property and equipment as printed in the cash-flow statement (investing).,NO,NO,NO,NO,FALSE,FALSE,XBRL tag us-gaap:PaymentsToAcquirePropertyPlantAndEquipment; text check PASS. Same value also printed in 1 later filing(s).
OBS-META-00507,meta,"Facebook, Inc.",FY2018,FY,2018-01-01,2018-12-31,2018-Q4,2019-01-31,"Purchases of property and equipment, net",cash_purchases_of_ppe,"(13,915)",USD,millions,13915000000,SRC-IQ16-META-0001326801-19-000009,A,https://www.sec.gov/Archives/edgar/data/1326801/000132680119000009/fb-12312018x10k.htm,10-K consolidated statements of cash flows,REPORTED,,Cash paid for property and equipment as printed in the cash-flow statement (investing).,NO,NO,NO,NO,FALSE,FALSE,XBRL tag us-gaap:PaymentsToAcquirePropertyPlantAndEquipment; text check PASS. Same value also printed in 2 later filing(s).
OBS-META-00508,meta,"Facebook, Inc.",FY2019,Q1,2019-01-01,2019-03-31,2019-Q1,2019-04-25,"Purchases of property and equipment, net",cash_purchases_of_ppe,"(3,837)",USD,millions,3837000000,SRC-IQ16-META-0001326801-19-000037,A,https://www.sec.gov/Archives/edgar/data/1326801/000132680119000037/fb-03312019x10q.htm,10-Q consolidated statements of cash flows,REPORTED,,Cash paid for property and equipment as printed in the cash-flow statement (investing).,NO,NO,NO,NO,FALSE,FALSE,XBRL tag us-gaap:PaymentsToAcquirePropertyPlantAndEquipment; text check PASS. Same value also printed in 1 later filing(s).
OBS-META-00509,meta,"Facebook, Inc.",FY2019,H1 (6M YTD),2019-01-01,2019-06-30,2019-Q2,2019-07-25,"Purchases of property and equipment, net",cash_purchases_of_ppe,"(7,470)",USD,millions,7470000000,SRC-IQ16-META-0001326801-19-000055,A,https://www.sec.gov/Archives/edgar/data/1326801/000132680119000055/fb-06302019x10q.htm,10-Q consolidated statements of cash flows,REPORTED,,Cash paid for property and equipment as printed in the cash-flow statement (investing).,NO,NO,NO,NO,FALSE,FALSE,XBRL tag us-gaap:PaymentsToAcquirePropertyPlantAndEquipment; text check PASS. Same value also printed in 1 later filing(s).
OBS-META-00510,meta,"Facebook, Inc.",FY2019,9M YTD,2019-01-01,2019-09-30,2019-Q3,2019-10-31,"Purchases of property and equipment, net",cash_purchases_of_ppe,"(11,002)",USD,millions,11002000000,SRC-IQ16-META-0001326801-19-000069,A,https://www.sec.gov/Archives/edgar/data/1326801/000132680119000069/fb-09302019x10q.htm,10-Q consolidated statements of cash flows,REPORTED,,Cash paid for property and equipment as printed in the cash-flow statement (investing).,NO,NO,NO,NO,FALSE,FALSE,XBRL tag us-gaap:PaymentsToAcquirePropertyPlantAndEquipment; text check PASS. Same value also printed in 1 later filing(s).
OBS-META-00511,meta,"Facebook, Inc.",FY2019,FY,2019-01-01,2019-12-31,2019-Q4,2020-01-30,"Purchases of property and equipment, net",cash_purchases_of_ppe,"(15,102)",USD,millions,15102000000,SRC-IQ16-META-0001326801-20-000013,A,https://www.sec.gov/Archives/edgar/data/1326801/000132680120000013/fb-12312019x10k.htm,10-K consolidated statements of cash flows,REPORTED,,Cash paid for property and equipment as printed in the cash-flow statement (investing).,NO,NO,NO,NO,FALSE,FALSE,XBRL tag us-gaap:PaymentsToAcquirePropertyPlantAndEquipment; text check PASS. Same value also printed in 2 later filing(s).
OBS-META-00512,meta,"Facebook, Inc.",FY2020,Q1,2020-01-01,2020-03-31,2020-Q1,2020-04-30,"Purchases of property and equipment, net",cash_purchases_of_ppe,"(3,558)",USD,millions,3558000000,SRC-IQ16-META-0001326801-20-000048,A,https://www.sec.gov/Archives/edgar/data/1326801/000132680120000048/fb-03312020x10q.htm,10-Q consolidated statements of cash flows,REPORTED,,Cash paid for property and equipment as printed in the cash-flow statement (investing).,NO,NO,NO,NO,FALSE,FALSE,XBRL tag us-gaap:PaymentsToAcquirePropertyPlantAndEquipment; text check PASS. Same value also printed in 1 later filing(s).
OBS-META-00513,meta,"Facebook, Inc.",FY2020,H1 (6M YTD),2020-01-01,2020-06-30,2020-Q2,2020-07-31,"Purchases of property and equipment, net",cash_purchases_of_ppe,"(6,813)",USD,millions,6813000000,SRC-IQ16-META-0001326801-20-000076,A,https://www.sec.gov/Archives/edgar/data/1326801/000132680120000076/fb-06302020x10q.htm,10-Q consolidated statements of cash flows,REPORTED,,Cash paid for property and equipment as printed in the cash-flow statement (investing).,NO,NO,NO,NO,FALSE,FALSE,XBRL tag us-gaap:PaymentsToAcquirePropertyPlantAndEquipment; text check PASS. Same value also printed in 1 later filing(s).
OBS-META-00514,meta,"Facebook, Inc.",FY2020,9M YTD,2020-01-01,2020-09-30,2020-Q3,2020-10-30,"Purchases of property and equipment, net",cash_purchases_of_ppe,"(10,502)",USD,millions,10502000000,SRC-IQ16-META-0001326801-20-000084,A,https://www.sec.gov/Archives/edgar/data/1326801/000132680120000084/fb-09302020x10q.htm,10-Q consolidated statements of cash flows,REPORTED,,Cash paid for property and equipment as printed in the cash-flow statement (investing).,NO,NO,NO,NO,FALSE,FALSE,XBRL tag us-gaap:PaymentsToAcquirePropertyPlantAndEquipment; text check PASS. Same value also printed in 1 later filing(s).
OBS-META-00515,meta,"Facebook, Inc.",FY2020,FY,2020-01-01,2020-12-31,2020-Q4,2021-01-28,Purchases of property and equipment,cash_purchases_of_ppe,"(15,115)",USD,millions,15115000000,SRC-IQ16-META-0001326801-21-000014,A,https://www.sec.gov/Archives/edgar/data/1326801/000132680121000014/fb-20201231.htm,10-K consolidated statements of cash flows,REPORTED,,Cash paid for property and equipment as printed in the cash-flow statement (investing).,NO,NO,NO,NO,TRUE,TRUE,XBRL tag us-gaap:PaymentsToAcquirePropertyPlantAndEquipment; text check PASS. Same value also printed in 1 later filing(s). Re-presented with a different value by a later filing (see next observation and file I).
OBS-META-00516,meta,"Facebook, Inc.",FY2020,FY,2020-01-01,2020-12-31,2020-Q4,2023-02-02,Purchases of property and equipment,cash_purchases_of_ppe,"(15,163)",USD,millions,15163000000,SRC-IQ16-META-0001326801-23-000013,A,https://www.sec.gov/Archives/edgar/data/1326801/000132680123000013/meta-20221231.htm,10-K consolidated statements of cash flows,REPORTED,,Cash paid for property and equipment as printed in the cash-flow statement (investing).,NO,NO,NO,NO,FALSE,TRUE,XBRL tag us-gaap:PaymentsToAcquirePropertyPlantAndEquipment; text check PASS.
OBS-META-00517,meta,"Facebook, Inc.",FY2021,Q1,2021-01-01,2021-03-31,2021-Q1,2021-04-29,Purchases of property and equipment,cash_purchases_of_ppe,"(4,272)",USD,millions,4272000000,SRC-IQ16-META-0001326801-21-000033,A,https://www.sec.gov/Archives/edgar/data/1326801/000132680121000033/fb-20210331.htm,10-Q consolidated statements of cash flows,REPORTED,,Cash paid for property and equipment as printed in the cash-flow statement (investing).,NO,NO,NO,NO,TRUE,TRUE,XBRL tag us-gaap:PaymentsToAcquirePropertyPlantAndEquipment; text check PASS. Re-presented with a different value by a later filing (see next observation and file I).
OBS-META-00518,meta,"Facebook, Inc.",FY2021,Q1,2021-01-01,2021-03-31,2021-Q1,2022-04-28,Purchases of property and equipment,cash_purchases_of_ppe,"(4,303)",USD,millions,4303000000,SRC-IQ16-META-0001326801-22-000057,A,https://www.sec.gov/Archives/edgar/data/1326801/000132680122000057/meta-20220331.htm,10-Q consolidated statements of cash flows,REPORTED,,Cash paid for property and equipment as printed in the cash-flow statement (investing).,NO,NO,NO,NO,FALSE,TRUE,XBRL tag us-gaap:PaymentsToAcquirePropertyPlantAndEquipment; text check PASS.
OBS-META-00519,meta,"Facebook, Inc.",FY2021,H1 (6M YTD),2021-01-01,2021-06-30,2021-Q2,2021-07-29,Purchases of property and equipment,cash_purchases_of_ppe,"(8,884)",USD,millions,8884000000,SRC-IQ16-META-0001326801-21-000049,A,https://www.sec.gov/Archives/edgar/data/1326801/000132680121000049/fb-20210630.htm,10-Q consolidated statements of cash flows,REPORTED,,Cash paid for property and equipment as printed in the cash-flow statement (investing).,NO,NO,NO,NO,TRUE,TRUE,XBRL tag us-gaap:PaymentsToAcquirePropertyPlantAndEquipment; text check PASS. Re-presented with a different value by a later filing (see next observation and file I).
OBS-META-00520,meta,"Facebook, Inc.",FY2021,H1 (6M YTD),2021-01-01,2021-06-30,2021-Q2,2022-07-28,Purchases of property and equipment,cash_purchases_of_ppe,"(8,944)",USD,millions,8944000000,SRC-IQ16-META-0001326801-22-000082,A,https://www.sec.gov/Archives/edgar/data/1326801/000132680122000082/meta-20220630.htm,10-Q consolidated statements of cash flows,REPORTED,,Cash paid for property and equipment as printed in the cash-flow statement (investing).,NO,NO,NO,NO,FALSE,TRUE,XBRL tag us-gaap:PaymentsToAcquirePropertyPlantAndEquipment; text check PASS.
OBS-META-00521,meta,"Facebook, Inc.",FY2021,9M YTD,2021-01-01,2021-09-30,2021-Q3,2021-10-26,Purchases of property and equipment,cash_purchases_of_ppe,"(13,198)",USD,millions,13198000000,SRC-IQ16-META-0001326801-21-000065,A,https://www.sec.gov/Archives/edgar/data/1326801/000132680121000065/fb-20210930.htm,10-Q consolidated statements of cash flows,REPORTED,,Cash paid for property and equipment as printed in the cash-flow statement (investing).,NO,NO,NO,NO,TRUE,TRUE,XBRL tag us-gaap:PaymentsToAcquirePropertyPlantAndEquipment; text check PASS. Re-presented with a different value by a later filing (see next observation and file I).
OBS-META-00522,meta,"Facebook, Inc.",FY2021,9M YTD,2021-01-01,2021-09-30,2021-Q3,2022-10-27,Purchases of property and equipment,cash_purchases_of_ppe,"(13,290)",USD,millions,13290000000,SRC-IQ16-META-0001326801-22-000108,A,https://www.sec.gov/Archives/edgar/data/1326801/000132680122000108/meta-20220930.htm,10-Q consolidated statements of cash flows,REPORTED,,Cash paid for property and equipment as printed in the cash-flow statement (investing).,NO,NO,NO,NO,FALSE,TRUE,XBRL tag us-gaap:PaymentsToAcquirePropertyPlantAndEquipment; text check PASS.
OBS-META-00523,meta,"Meta Platforms, Inc.",FY2021,FY,2021-01-01,2021-12-31,2021-Q4,2022-02-03,Purchases of property and equipment,cash_purchases_of_ppe,"(18,567)",USD,millions,18567000000,SRC-IQ16-META-0001326801-22-000018,A,https://www.sec.gov/Archives/edgar/data/1326801/000132680122000018/fb-20211231.htm,10-K consolidated statements of cash flows,REPORTED,,Cash paid for property and equipment as printed in the cash-flow statement (investing).,NO,NO,NO,NO,TRUE,TRUE,XBRL tag us-gaap:PaymentsToAcquirePropertyPlantAndEquipment; text check PASS. Re-presented with a different value by a later filing (see next observation and file I).
OBS-META-00524,meta,"Meta Platforms, Inc.",FY2021,FY,2021-01-01,2021-12-31,2021-Q4,2023-02-02,Purchases of property and equipment,cash_purchases_of_ppe,"(18,690)",USD,millions,18690000000,SRC-IQ16-META-0001326801-23-000013,A,https://www.sec.gov/Archives/edgar/data/1326801/000132680123000013/meta-20221231.htm,10-K consolidated statements of cash flows,REPORTED,,Cash paid for property and equipment as printed in the cash-flow statement (investing).,NO,NO,NO,NO,FALSE,TRUE,XBRL tag us-gaap:PaymentsToAcquirePropertyPlantAndEquipment; text check PASS. Same value also printed in 1 later filing(s).
OBS-META-00525,meta,"Meta Platforms, Inc.",FY2022,Q1,2022-01-01,2022-03-31,2022-Q1,2022-04-28,Purchases of property and equipment,cash_purchases_of_ppe,"(5,441)",USD,millions,5441000000,SRC-IQ16-META-0001326801-22-000057,A,https://www.sec.gov/Archives/edgar/data/1326801/000132680122000057/meta-20220331.htm,10-Q consolidated statements of cash flows,REPORTED,,Cash paid for property and equipment as printed in the cash-flow statement (investing).,NO,NO,NO,NO,FALSE,FALSE,XBRL tag us-gaap:PaymentsToAcquirePropertyPlantAndEquipment; text check PASS. Same value also printed in 1 later filing(s).
OBS-META-00526,meta,"Meta Platforms, Inc.",FY2022,H1 (6M YTD),2022-01-01,2022-06-30,2022-Q2,2022-07-28,Purchases of property and equipment,cash_purchases_of_ppe,"(13,013)",USD,millions,13013000000,SRC-IQ16-META-0001326801-22-000082,A,https://www.sec.gov/Archives/edgar/data/1326801/000132680122000082/meta-20220630.htm,10-Q consolidated statements of cash flows,REPORTED,,Cash paid for property and equipment as printed in the cash-flow statement (investing).,NO,NO,NO,NO,FALSE,FALSE,XBRL tag us-gaap:PaymentsToAcquirePropertyPlantAndEquipment; text check PASS. Same value also printed in 1 later filing(s).
OBS-META-00527,meta,"Meta Platforms, Inc.",FY2022,9M YTD,2022-01-01,2022-09-30,2022-Q3,2022-10-27,Purchases of property and equipment,cash_purchases_of_ppe,"(22,388)",USD,millions,22388000000,SRC-IQ16-META-0001326801-22-000108,A,https://www.sec.gov/Archives/edgar/data/1326801/000132680122000108/meta-20220930.htm,10-Q consolidated statements of cash flows,REPORTED,,Cash paid for property and equipment as printed in the cash-flow statement (investing).,NO,NO,NO,NO,FALSE,FALSE,XBRL tag us-gaap:PaymentsToAcquirePropertyPlantAndEquipment; text check PASS. Same value also printed in 1 later filing(s).
OBS-META-00528,meta,"Meta Platforms, Inc.",FY2022,FY,2022-01-01,2022-12-31,2022-Q4,2023-02-02,Purchases of property and equipment,cash_purchases_of_ppe,"(31,431)",USD,millions,31431000000,SRC-IQ16-META-0001326801-23-000013,A,https://www.sec.gov/Archives/edgar/data/1326801/000132680123000013/meta-20221231.htm,10-K consolidated statements of cash flows,REPORTED,,Cash paid for property and equipment as printed in the cash-flow statement (investing).,NO,NO,NO,NO,TRUE,TRUE,XBRL tag us-gaap:PaymentsToAcquirePropertyPlantAndEquipment; text check PASS. Same value also printed in 1 later filing(s). Re-presented with a different value by a later filing (see next observation and file I).
OBS-META-00529,meta,"Meta Platforms, Inc.",FY2022,FY,2022-01-01,2022-12-31,2022-Q4,2025-01-30,Purchases of property and equipment,cash_purchases_of_ppe,"(31,186)",USD,millions,31186000000,SRC-IQ16-META-0001326801-25-000017,A,https://www.sec.gov/Archives/edgar/data/1326801/000132680125000017/meta-20241231.htm,10-K consolidated statements of cash flows,REPORTED,,Cash paid for property and equipment as printed in the cash-flow statement (investing).,NO,NO,NO,NO,FALSE,TRUE,XBRL tag us-gaap:PaymentsToAcquirePropertyPlantAndEquipment; text check PASS.
OBS-META-00530,meta,"Meta Platforms, Inc.",FY2023,Q1,2023-01-01,2023-03-31,2023-Q1,2023-04-27,Purchases of property and equipment,cash_purchases_of_ppe,"(6,842)",USD,millions,6842000000,SRC-IQ16-META-0001326801-23-000067,A,https://www.sec.gov/Archives/edgar/data/1326801/000132680123000067/meta-20230331.htm,10-Q consolidated statements of cash flows,REPORTED,,Cash paid for property and equipment as printed in the cash-flow statement (investing).,NO,NO,NO,NO,TRUE,TRUE,XBRL tag us-gaap:PaymentsToAcquirePropertyPlantAndEquipment; text check PASS. Re-presented with a different value by a later filing (see next observation and file I).
OBS-META-00531,meta,"Meta Platforms, Inc.",FY2023,Q1,2023-01-01,2023-03-31,2023-Q1,2024-04-25,"Purchases of property and equipment, net",cash_purchases_of_ppe,"(6,823)",USD,millions,6823000000,SRC-IQ16-META-0001326801-24-000049,A,https://www.sec.gov/Archives/edgar/data/1326801/000132680124000049/meta-20240331.htm,10-Q consolidated statements of cash flows,REPORTED,,Cash paid for property and equipment as printed in the cash-flow statement (investing).,NO,NO,NO,NO,FALSE,TRUE,XBRL tag us-gaap:PaymentsToAcquirePropertyPlantAndEquipment; text check PASS.
OBS-META-00532,meta,"Meta Platforms, Inc.",FY2023,H1 (6M YTD),2023-01-01,2023-06-30,2023-Q2,2023-07-27,Purchases of property and equipment,cash_purchases_of_ppe,"(13,058)",USD,millions,13058000000,SRC-IQ16-META-0001326801-23-000093,A,https://www.sec.gov/Archives/edgar/data/1326801/000132680123000093/meta-20230630.htm,10-Q consolidated statements of cash flows,REPORTED,,Cash paid for property and equipment as printed in the cash-flow statement (investing).,NO,NO,NO,NO,TRUE,TRUE,XBRL tag us-gaap:PaymentsToAcquirePropertyPlantAndEquipment; text check PASS. Re-presented with a different value by a later filing (see next observation and file I).
OBS-META-00533,meta,"Meta Platforms, Inc.",FY2023,H1 (6M YTD),2023-01-01,2023-06-30,2023-Q2,2024-08-01,"Purchases of property and equipment, net",cash_purchases_of_ppe,"(12,957)",USD,millions,12957000000,SRC-IQ16-META-0001326801-24-000069,A,https://www.sec.gov/Archives/edgar/data/1326801/000132680124000069/meta-20240630.htm,10-Q consolidated statements of cash flows,REPORTED,,Cash paid for property and equipment as printed in the cash-flow statement (investing).,NO,NO,NO,NO,FALSE,TRUE,XBRL tag us-gaap:PaymentsToAcquirePropertyPlantAndEquipment; text check PASS.
OBS-META-00534,meta,"Meta Platforms, Inc.",FY2023,9M YTD,2023-01-01,2023-09-30,2023-Q3,2023-10-26,Purchases of property and equipment,cash_purchases_of_ppe,"(19,601)",USD,millions,19601000000,SRC-IQ16-META-0001326801-23-000103,A,https://www.sec.gov/Archives/edgar/data/1326801/000132680123000103/meta-20230930.htm,10-Q consolidated statements of cash flows,REPORTED,,Cash paid for property and equipment as printed in the cash-flow statement (investing).,NO,NO,NO,NO,TRUE,TRUE,XBRL tag us-gaap:PaymentsToAcquirePropertyPlantAndEquipment; text check PASS. Re-presented with a different value by a later filing (see next observation and file I).
OBS-META-00535,meta,"Meta Platforms, Inc.",FY2023,9M YTD,2023-01-01,2023-09-30,2023-Q3,2024-10-31,"Purchases of property and equipment, net",cash_purchases_of_ppe,"(19,453)",USD,millions,19453000000,SRC-IQ16-META-0001326801-24-000081,A,https://www.sec.gov/Archives/edgar/data/1326801/000132680124000081/meta-20240930.htm,10-Q consolidated statements of cash flows,REPORTED,,Cash paid for property and equipment as printed in the cash-flow statement (investing).,NO,NO,NO,NO,FALSE,TRUE,XBRL tag us-gaap:PaymentsToAcquirePropertyPlantAndEquipment; text check PASS.
OBS-META-00536,meta,"Meta Platforms, Inc.",FY2023,FY,2023-01-01,2023-12-31,2023-Q4,2024-02-02,Purchases of property and equipment,cash_purchases_of_ppe,"(27,266)",USD,millions,27266000000,SRC-IQ16-META-0001326801-24-000012,A,https://www.sec.gov/Archives/edgar/data/1326801/000132680124000012/meta-20231231.htm,10-K consolidated statements of cash flows,REPORTED,,Cash paid for property and equipment as printed in the cash-flow statement (investing).,NO,NO,NO,NO,TRUE,TRUE,XBRL tag us-gaap:PaymentsToAcquirePropertyPlantAndEquipment; text check PASS. Re-presented with a different value by a later filing (see next observation and file I).
OBS-META-00537,meta,"Meta Platforms, Inc.",FY2023,FY,2023-01-01,2023-12-31,2023-Q4,2025-01-30,Purchases of property and equipment,cash_purchases_of_ppe,"(27,045)",USD,millions,27045000000,SRC-IQ16-META-0001326801-25-000017,A,https://www.sec.gov/Archives/edgar/data/1326801/000132680125000017/meta-20241231.htm,10-K consolidated statements of cash flows,REPORTED,,Cash paid for property and equipment as printed in the cash-flow statement (investing).,NO,NO,NO,NO,FALSE,TRUE,XBRL tag us-gaap:PaymentsToAcquirePropertyPlantAndEquipment; text check PASS. Same value also printed in 1 later filing(s).
OBS-META-00538,meta,"Meta Platforms, Inc.",FY2024,Q1,2024-01-01,2024-03-31,2024-Q1,2024-04-25,"Purchases of property and equipment, net",cash_purchases_of_ppe,"(6,400)",USD,millions,6400000000,SRC-IQ16-META-0001326801-24-000049,A,https://www.sec.gov/Archives/edgar/data/1326801/000132680124000049/meta-20240331.htm,10-Q consolidated statements of cash flows,REPORTED,,Cash paid for property and equipment as printed in the cash-flow statement (investing).,NO,NO,NO,NO,FALSE,FALSE,XBRL tag us-gaap:PaymentsToAcquirePropertyPlantAndEquipment; text check PASS. Same value also printed in 1 later filing(s).
OBS-META-00539,meta,"Meta Platforms, Inc.",FY2024,H1 (6M YTD),2024-01-01,2024-06-30,2024-Q2,2024-08-01,"Purchases of property and equipment, net",cash_purchases_of_ppe,"(14,573)",USD,millions,14573000000,SRC-IQ16-META-0001326801-24-000069,A,https://www.sec.gov/Archives/edgar/data/1326801/000132680124000069/meta-20240630.htm,10-Q consolidated statements of cash flows,REPORTED,,Cash paid for property and equipment as printed in the cash-flow statement (investing).,NO,NO,NO,NO,FALSE,FALSE,XBRL tag us-gaap:PaymentsToAcquirePropertyPlantAndEquipment; text check PASS. Same value also printed in 1 later filing(s).
OBS-META-00540,meta,"Meta Platforms, Inc.",FY2024,9M YTD,2024-01-01,2024-09-30,2024-Q3,2024-10-31,"Purchases of property and equipment, net",cash_purchases_of_ppe,"(22,831)",USD,millions,22831000000,SRC-IQ16-META-0001326801-24-000081,A,https://www.sec.gov/Archives/edgar/data/1326801/000132680124000081/meta-20240930.htm,10-Q consolidated statements of cash flows,REPORTED,,Cash paid for property and equipment as printed in the cash-flow statement (investing).,NO,NO,NO,NO,FALSE,FALSE,XBRL tag us-gaap:PaymentsToAcquirePropertyPlantAndEquipment; text check PASS. Same value also printed in 1 later filing(s).
OBS-META-00541,meta,"Meta Platforms, Inc.",FY2024,FY,2024-01-01,2024-12-31,2024-Q4,2025-01-30,Purchases of property and equipment,cash_purchases_of_ppe,"(37,256)",USD,millions,37256000000,SRC-IQ16-META-0001326801-25-000017,A,https://www.sec.gov/Archives/edgar/data/1326801/000132680125000017/meta-20241231.htm,10-K consolidated statements of cash flows,REPORTED,,Cash paid for property and equipment as printed in the cash-flow statement (investing).,NO,NO,NO,NO,FALSE,FALSE,XBRL tag us-gaap:PaymentsToAcquirePropertyPlantAndEquipment; text check PASS. Same value also printed in 1 later filing(s).
OBS-META-00542,meta,"Meta Platforms, Inc.",FY2025,Q1,2025-01-01,2025-03-31,2025-Q1,2025-05-01,Purchases of property and equipment,cash_purchases_of_ppe,"(12,941)",USD,millions,12941000000,SRC-IQ16-META-0001326801-25-000054,A,https://www.sec.gov/Archives/edgar/data/1326801/000132680125000054/meta-20250331.htm,10-Q consolidated statements of cash flows,REPORTED,,Cash paid for property and equipment as printed in the cash-flow statement (investing).,NO,NO,NO,NO,FALSE,FALSE,XBRL tag us-gaap:PaymentsToAcquirePropertyPlantAndEquipment; text check PASS. Same value also printed in 1 later filing(s).
OBS-META-00543,meta,"Meta Platforms, Inc.",FY2025,H1 (6M YTD),2025-01-01,2025-06-30,2025-Q2,2025-07-31,Purchases of property and equipment,cash_purchases_of_ppe,"(29,479)",USD,millions,29479000000,SRC-IQ16-META-0001628280-25-036791,A,https://www.sec.gov/Archives/edgar/data/1326801/000162828025036791/meta-20250630.htm,10-Q consolidated statements of cash flows,REPORTED,,Cash paid for property and equipment as printed in the cash-flow statement (investing).,NO,NO,NO,NO,FALSE,FALSE,XBRL tag us-gaap:PaymentsToAcquirePropertyPlantAndEquipment; text check PASS. Same value also printed in 1 later filing(s).
OBS-META-00544,meta,"Meta Platforms, Inc.",FY2025,9M YTD,2025-01-01,2025-09-30,2025-Q3,2025-10-30,Purchases of property and equipment,cash_purchases_of_ppe,"(48,308)",USD,millions,48308000000,SRC-IQ16-META-0001628280-25-047240,A,https://www.sec.gov/Archives/edgar/data/1326801/000162828025047240/meta-20250930.htm,10-Q consolidated statements of cash flows,REPORTED,,Cash paid for property and equipment as printed in the cash-flow statement (investing).,NO,NO,NO,NO,FALSE,FALSE,XBRL tag us-gaap:PaymentsToAcquirePropertyPlantAndEquipment; text check PASS.
OBS-META-00545,meta,"Meta Platforms, Inc.",FY2025,FY,2025-01-01,2025-12-31,2025-Q4,2026-01-29,Purchases of property and equipment,cash_purchases_of_ppe,"(69,691)",USD,millions,69691000000,SRC-IQ16-META-0001628280-26-003942,A,https://www.sec.gov/Archives/edgar/data/1326801/000162828026003942/meta-20251231.htm,10-K consolidated statements of cash flows,REPORTED,,Cash paid for property and equipment as printed in the cash-flow statement (investing).,NO,NO,NO,NO,FALSE,FALSE,XBRL tag us-gaap:PaymentsToAcquirePropertyPlantAndEquipment; text check PASS.
OBS-META-00546,meta,"Meta Platforms, Inc.",FY2026,Q1,2026-01-01,2026-03-31,2026-Q1,2026-04-30,Purchases of property and equipment,cash_purchases_of_ppe,"(18,997)",USD,millions,18997000000,SRC-IQ16-META-0001628280-26-028526,A,https://www.sec.gov/Archives/edgar/data/1326801/000162828026028526/meta-20260331.htm,10-Q consolidated statements of cash flows,REPORTED,,Cash paid for property and equipment as printed in the cash-flow statement (investing).,NO,NO,NO,NO,FALSE,FALSE,XBRL tag us-gaap:PaymentsToAcquirePropertyPlantAndEquipment; text check PASS.
OBS-META-00547,meta,"Meta Platforms, Inc.",FY2026,H1 (6M YTD),2026-01-01,2026-06-30,2026-Q2,2026-07-30,Purchases of property and equipment,cash_purchases_of_ppe,"(49,113)",USD,millions,49113000000,SRC-META-006,A,https://www.sec.gov/Archives/edgar/data/1326801/000162828026050705/meta-20260630.htm,10-Q consolidated statements of cash flows,REPORTED,,Cash paid for property and equipment as printed in the cash-flow statement (investing).,NO,NO,NO,NO,FALSE,FALSE,XBRL tag us-gaap:PaymentsToAcquirePropertyPlantAndEquipment; text check PASS.
OBS-META-00548,meta,"Facebook, Inc.",FY2010,FY,2010-01-01,2010-12-31,2010-Q4,2013-02-01,Principal payments on capital lease obligations,finance_lease_principal_payments,(90),USD,millions,90000000,SRC-META-002,A,https://www.sec.gov/Archives/edgar/data/1326801/000132680113000003/fb-12312012x10k.htm,10-K consolidated statements of cash flows,REPORTED,,Principal repayments of finance (before 2019: capital) leases; financing activities.,NO,YES,NO,NO,FALSE,FALSE,XBRL tag us-gaap:RepaymentsOfLongTermCapitalLeaseObligations; text check PASS.
OBS-META-00549,meta,"Facebook, Inc.",FY2011,H1 (6M YTD),2011-01-01,2011-06-30,2011-Q2,2012-07-31,Principal payments on capital lease obligations,finance_lease_principal_payments,(82),USD,millions,82000000,SRC-IQ16-META-0001193125-12-325997,A,https://www.sec.gov/Archives/edgar/data/1326801/000119312512325997/d371464d10q.htm,10-Q consolidated statements of cash flows,REPORTED,,Principal repayments of finance (before 2019: capital) leases; financing activities.,NO,YES,NO,NO,FALSE,FALSE,XBRL tag us-gaap:RepaymentsOfLongTermCapitalLeaseObligations; text check PASS.
OBS-META-00550,meta,"Facebook, Inc.",FY2011,9M YTD,2011-01-01,2011-09-30,2011-Q3,2012-10-24,Principal payments on capital lease obligations,finance_lease_principal_payments,(128),USD,millions,128000000,SRC-IQ16-META-0001326801-12-000006,A,https://www.sec.gov/Archives/edgar/data/1326801/000132680112000006/fb-9302012x10q.htm,10-Q consolidated statements of cash flows,REPORTED,,Principal repayments of finance (before 2019: capital) leases; financing activities.,NO,YES,NO,NO,FALSE,FALSE,XBRL tag us-gaap:RepaymentsOfLongTermCapitalLeaseObligations; text check PASS.
OBS-META-00551,meta,"Facebook, Inc.",FY2011,FY,2011-01-01,2011-12-31,2011-Q4,2013-02-01,Principal payments on capital lease obligations,finance_lease_principal_payments,(181),USD,millions,181000000,SRC-META-002,A,https://www.sec.gov/Archives/edgar/data/1326801/000132680113000003/fb-12312012x10k.htm,10-K consolidated statements of cash flows,REPORTED,,Principal repayments of finance (before 2019: capital) leases; financing activities.,NO,YES,NO,NO,FALSE,FALSE,XBRL tag us-gaap:RepaymentsOfLongTermCapitalLeaseObligations; text check PASS. Same value also printed in 1 later filing(s).
OBS-META-00552,meta,"Facebook, Inc.",FY2012,Q1,2012-01-01,2012-03-31,2012-Q1,2013-05-02,Principal payments on capital lease obligations,finance_lease_principal_payments,(71),USD,millions,71000000,SRC-IQ16-META-0001326801-13-000011,A,https://www.sec.gov/Archives/edgar/data/1326801/000132680113000011/fb-3312013x10q.htm,10-Q consolidated statements of cash flows,REPORTED,,Principal repayments of finance (before 2019: capital) leases; financing activities.,NO,YES,NO,NO,FALSE,FALSE,XBRL tag us-gaap:RepaymentsOfLongTermCapitalLeaseObligations; text check PASS.
OBS-META-00553,meta,"Facebook, Inc.",FY2012,H1 (6M YTD),2012-01-01,2012-06-30,2012-Q2,2012-07-31,Principal payments on capital lease obligations,finance_lease_principal_payments,(143),USD,millions,143000000,SRC-IQ16-META-0001193125-12-325997,A,https://www.sec.gov/Archives/edgar/data/1326801/000119312512325997/d371464d10q.htm,10-Q consolidated statements of cash flows,REPORTED,,Principal repayments of finance (before 2019: capital) leases; financing activities.,NO,YES,NO,NO,FALSE,FALSE,XBRL tag us-gaap:RepaymentsOfLongTermCapitalLeaseObligations; text check PASS. Same value also printed in 1 later filing(s).
OBS-META-00554,meta,"Facebook, Inc.",FY2012,9M YTD,2012-01-01,2012-09-30,2012-Q3,2012-10-24,Principal payments on capital lease obligations,finance_lease_principal_payments,(231),USD,millions,231000000,SRC-IQ16-META-0001326801-12-000006,A,https://www.sec.gov/Archives/edgar/data/1326801/000132680112000006/fb-9302012x10q.htm,10-Q consolidated statements of cash flows,REPORTED,,Principal repayments of finance (before 2019: capital) leases; financing activities.,NO,YES,NO,NO,FALSE,FALSE,XBRL tag us-gaap:RepaymentsOfLongTermCapitalLeaseObligations; text check PASS. Same value also printed in 1 later filing(s).
OBS-META-00555,meta,"Facebook, Inc.",FY2012,FY,2012-01-01,2012-12-31,2012-Q4,2013-02-01,Principal payments on capital lease obligations,finance_lease_principal_payments,(366),USD,millions,366000000,SRC-META-002,A,https://www.sec.gov/Archives/edgar/data/1326801/000132680113000003/fb-12312012x10k.htm,10-K consolidated statements of cash flows,REPORTED,,Principal repayments of finance (before 2019: capital) leases; financing activities.,NO,YES,NO,NO,FALSE,FALSE,XBRL tag us-gaap:RepaymentsOfLongTermCapitalLeaseObligations; text check PASS. Same value also printed in 2 later filing(s).
OBS-META-00556,meta,"Facebook, Inc.",FY2013,Q1,2013-01-01,2013-03-31,2013-Q1,2013-05-02,Principal payments on capital lease obligations,finance_lease_principal_payments,(109),USD,millions,109000000,SRC-IQ16-META-0001326801-13-000011,A,https://www.sec.gov/Archives/edgar/data/1326801/000132680113000011/fb-3312013x10q.htm,10-Q consolidated statements of cash flows,REPORTED,,Principal repayments of finance (before 2019: capital) leases; financing activities.,NO,YES,NO,NO,FALSE,FALSE,XBRL tag us-gaap:RepaymentsOfLongTermCapitalLeaseObligations; text check PASS. Same value also printed in 1 later filing(s).
OBS-META-00557,meta,"Facebook, Inc.",FY2013,H1 (6M YTD),2013-01-01,2013-06-30,2013-Q2,2013-07-25,Principal payments on capital lease obligations,finance_lease_principal_payments,(200),USD,millions,200000000,SRC-IQ16-META-0001326801-13-000019,A,https://www.sec.gov/Archives/edgar/data/1326801/000132680113000019/fb-6302013x10q.htm,10-Q consolidated statements of cash flows,REPORTED,,Principal repayments of finance (before 2019: capital) leases; financing activities.,NO,YES,NO,NO,FALSE,FALSE,XBRL tag us-gaap:RepaymentsOfLongTermCapitalLeaseObligations; text check PASS. Same value also printed in 1 later filing(s).
OBS-META-00558,meta,"Facebook, Inc.",FY2013,9M YTD,2013-01-01,2013-09-30,2013-Q3,2013-11-01,Principal payments on capital lease obligations,finance_lease_principal_payments,(291),USD,millions,291000000,SRC-IQ16-META-0001326801-13-000031,A,https://www.sec.gov/Archives/edgar/data/1326801/000132680113000031/fb-9302013x10q.htm,10-Q consolidated statements of cash flows,REPORTED,,Principal repayments of finance (before 2019: capital) leases; financing activities.,NO,YES,NO,NO,FALSE,FALSE,XBRL tag us-gaap:RepaymentsOfLongTermCapitalLeaseObligations; text check PASS. Same value also printed in 1 later filing(s).
OBS-META-00559,meta,"Facebook, Inc.",FY2013,FY,2013-01-01,2013-12-31,2013-Q4,2014-01-31,Principal payments on capital lease obligations,finance_lease_principal_payments,(391),USD,millions,391000000,SRC-IQ16-META-0001326801-14-000007,A,https://www.sec.gov/Archives/edgar/data/1326801/000132680114000007/fb-12312013x10k.htm,10-K consolidated statements of cash flows,REPORTED,,Principal repayments of finance (before 2019: capital) leases; financing activities.,NO,YES,NO,NO,FALSE,FALSE,XBRL tag us-gaap:RepaymentsOfLongTermCapitalLeaseObligations; text check PASS. Same value also printed in 2 later filing(s).
OBS-META-00560,meta,"Facebook, Inc.",FY2014,Q1,2014-01-01,2014-03-31,2014-Q1,2014-04-25,Principal payments on capital lease obligations,finance_lease_principal_payments,(84),USD,millions,84000000,SRC-IQ16-META-0001326801-14-000023,A,https://www.sec.gov/Archives/edgar/data/1326801/000132680114000023/fb-3312014x10q.htm,10-Q consolidated statements of cash flows,REPORTED,,Principal repayments of finance (before 2019: capital) leases; financing activities.,NO,YES,NO,NO,FALSE,FALSE,XBRL tag us-gaap:RepaymentsOfLongTermCapitalLeaseObligations; text check PASS. Same value also printed in 1 later filing(s).
OBS-META-00561,meta,"Facebook, Inc.",FY2014,H1 (6M YTD),2014-01-01,2014-06-30,2014-Q2,2014-07-24,Principal payments on capital lease obligations,finance_lease_principal_payments,(150),USD,millions,150000000,SRC-IQ16-META-0001326801-14-000032,A,https://www.sec.gov/Archives/edgar/data/1326801/000132680114000032/fb-6302014x10q.htm,10-Q consolidated statements of cash flows,REPORTED,,Principal repayments of finance (before 2019: capital) leases; financing activities.,NO,YES,NO,NO,FALSE,FALSE,XBRL tag us-gaap:RepaymentsOfLongTermCapitalLeaseObligations; text check PASS. Same value also printed in 1 later filing(s).
OBS-META-00562,meta,"Facebook, Inc.",FY2014,9M YTD,2014-01-01,2014-09-30,2014-Q3,2014-10-30,Principal payments on capital lease obligations,finance_lease_principal_payments,(199),USD,millions,199000000,SRC-IQ16-META-0001326801-14-000068,A,https://www.sec.gov/Archives/edgar/data/1326801/000132680114000068/fb-9302014x10q.htm,10-Q consolidated statements of cash flows,REPORTED,,Principal repayments of finance (before 2019: capital) leases; financing activities.,NO,YES,NO,NO,FALSE,FALSE,XBRL tag us-gaap:RepaymentsOfLongTermCapitalLeaseObligations; text check PASS. Same value also printed in 1 later filing(s).
OBS-META-00563,meta,"Facebook, Inc.",FY2014,FY,2014-01-01,2014-12-31,2014-Q4,2015-01-29,Principal payments on capital lease obligations,finance_lease_principal_payments,(243),USD,millions,243000000,SRC-IQ16-META-0001326801-15-000006,A,https://www.sec.gov/Archives/edgar/data/1326801/000132680115000006/fb-12312014x10k.htm,10-K consolidated statements of cash flows,REPORTED,,Principal repayments of finance (before 2019: capital) leases; financing activities.,NO,YES,NO,NO,FALSE,FALSE,XBRL tag us-gaap:RepaymentsOfLongTermCapitalLeaseObligations; text check PASS. Same value also printed in 2 later filing(s).
OBS-META-00564,meta,"Facebook, Inc.",FY2015,Q1,2015-01-01,2015-03-31,2015-Q1,2015-04-23,Principal payments on capital lease obligations,finance_lease_principal_payments,(47),USD,millions,47000000,SRC-IQ16-META-0001326801-15-000015,A,https://www.sec.gov/Archives/edgar/data/1326801/000132680115000015/fb-3312015x10q.htm,10-Q consolidated statements of cash flows,REPORTED,,Principal repayments of finance (before 2019: capital) leases; financing activities.,NO,YES,NO,NO,FALSE,FALSE,XBRL tag us-gaap:RepaymentsOfLongTermCapitalLeaseObligations; text check PASS. Same value also printed in 1 later filing(s).
OBS-META-00565,meta,"Facebook, Inc.",FY2015,H1 (6M YTD),2015-01-01,2015-06-30,2015-Q2,2015-07-31,Principal payments on capital lease obligations,finance_lease_principal_payments,(84),USD,millions,84000000,SRC-IQ16-META-0001326801-15-000028,A,https://www.sec.gov/Archives/edgar/data/1326801/000132680115000028/fb-6302015x10q.htm,10-Q consolidated statements of cash flows,REPORTED,,Principal repayments of finance (before 2019: capital) leases; financing activities.,NO,YES,NO,NO,FALSE,FALSE,XBRL tag us-gaap:RepaymentsOfLongTermCapitalLeaseObligations; text check PASS. Same value also printed in 1 later filing(s).
OBS-META-00566,meta,"Facebook, Inc.",FY2015,9M YTD,2015-01-01,2015-09-30,2015-Q3,2015-11-05,Principal payments on capital lease obligations,finance_lease_principal_payments,(107),USD,millions,107000000,SRC-IQ16-META-0001326801-15-000032,A,https://www.sec.gov/Archives/edgar/data/1326801/000132680115000032/fb-9302015x10q.htm,10-Q consolidated statements of cash flows,REPORTED,,Principal repayments of finance (before 2019: capital) leases; financing activities.,NO,YES,NO,NO,FALSE,FALSE,XBRL tag us-gaap:CapitalExpendituresIncurredButNotYetPaid; text check PASS. Same value also printed in 1 later filing(s).
OBS-META-00567,meta,"Facebook, Inc.",FY2015,FY,2015-01-01,2015-12-31,2015-Q4,2016-01-28,Principal payments on capital lease obligations,finance_lease_principal_payments,(119),USD,millions,119000000,SRC-IQ16-META-0001326801-16-000043,A,https://www.sec.gov/Archives/edgar/data/1326801/000132680116000043/fb-12312015x10k.htm,10-K consolidated statements of cash flows,REPORTED,,Principal repayments of finance (before 2019: capital) leases; financing activities.,NO,YES,NO,NO,FALSE,FALSE,XBRL tag us-gaap:RepaymentsOfLongTermCapitalLeaseObligations; text check PASS. Same value also printed in 2 later filing(s).
OBS-META-00568,meta,"Facebook, Inc.",FY2016,Q1,2016-01-01,2016-03-31,2016-Q1,2016-04-28,Principal payments on capital lease and other financing obligations,finance_lease_principal_payments,(312),USD,millions,312000000,SRC-IQ16-META-0001326801-16-000067,A,https://www.sec.gov/Archives/edgar/data/1326801/000132680116000067/fb-3312016x10q.htm,10-Q consolidated statements of cash flows,REPORTED,,Principal repayments of finance (before 2019: capital) leases; financing activities.,NO,YES,NO,NO,FALSE,FALSE,"XBRL tag none (printed, untagged; period from the column of the purchases row); text check PASS_PRINTED_UNTAGGED. Same value also printed in 1 later filing(s)."
OBS-META-00569,meta,"Facebook, Inc.",FY2016,H1 (6M YTD),2016-01-01,2016-06-30,2016-Q2,2016-07-28,Principal payments on capital lease and other financing obligations,finance_lease_principal_payments,(312),USD,millions,312000000,SRC-IQ16-META-0001326801-16-000082,A,https://www.sec.gov/Archives/edgar/data/1326801/000132680116000082/fb-6302016x10q.htm,10-Q consolidated statements of cash flows,REPORTED,,Principal repayments of finance (before 2019: capital) leases; financing activities.,NO,YES,NO,NO,FALSE,FALSE,"XBRL tag none (printed, untagged; period from the column of the purchases row); text check PASS_PRINTED_UNTAGGED. Same value also printed in 1 later filing(s)."
OBS-META-00570,meta,"Facebook, Inc.",FY2016,9M YTD,2016-01-01,2016-09-30,2016-Q3,2016-11-03,Principal payments on capital lease and other financing obligations,finance_lease_principal_payments,(312),USD,millions,312000000,SRC-IQ16-META-0001326801-16-000087,A,https://www.sec.gov/Archives/edgar/data/1326801/000132680116000087/fb-9302016x10q.htm,10-Q consolidated statements of cash flows,REPORTED,,Principal repayments of finance (before 2019: capital) leases; financing activities.,NO,YES,NO,NO,FALSE,FALSE,"XBRL tag none (printed, untagged; period from the column of the purchases row); text check PASS_PRINTED_UNTAGGED. Same value also printed in 1 later filing(s)."
OBS-META-00571,meta,"Facebook, Inc.",FY2016,FY,2016-01-01,2016-12-31,2016-Q4,2017-02-03,Principal payments on capital lease and other financing obligations,finance_lease_principal_payments,(312),USD,millions,312000000,SRC-IQ16-META-0001326801-17-000007,A,https://www.sec.gov/Archives/edgar/data/1326801/000132680117000007/fb-12312016x10k.htm,10-K consolidated statements of cash flows,REPORTED,,Principal repayments of finance (before 2019: capital) leases; financing activities.,NO,YES,NO,NO,FALSE,FALSE,"XBRL tag none (printed, untagged; period from the column of the purchases row); text check PASS_PRINTED_UNTAGGED. Same value also printed in 2 later filing(s)."
OBS-META-00572,meta,"Facebook, Inc.",FY2017,Q1,2017-01-01,2017-03-31,2017-Q1,2017-05-04,Principal payments on capital lease and other financing obligations,finance_lease_principal_payments,0,USD,millions,0,SRC-IQ16-META-0001326801-17-000024,A,https://www.sec.gov/Archives/edgar/data/1326801/000132680117000024/fb-03312017x10q.htm,10-Q consolidated statements of cash flows,REPORTED,,Principal repayments of finance (before 2019: capital) leases; financing activities.,NO,YES,NO,NO,FALSE,FALSE,"XBRL tag none (printed, untagged; period from the column of the purchases row); text check PASS_PRINTED_UNTAGGED."
OBS-META-00573,meta,"Facebook, Inc.",FY2017,H1 (6M YTD),2017-01-01,2017-06-30,2017-Q2,2017-07-27,Principal payments on capital lease and other financing obligations,finance_lease_principal_payments,0,USD,millions,0,SRC-IQ16-META-0001326801-17-000038,A,https://www.sec.gov/Archives/edgar/data/1326801/000132680117000038/fb-06302017x10q.htm,10-Q consolidated statements of cash flows,REPORTED,,Principal repayments of finance (before 2019: capital) leases; financing activities.,NO,YES,NO,NO,FALSE,FALSE,"XBRL tag none (printed, untagged; period from the column of the purchases row); text check PASS_PRINTED_UNTAGGED."
OBS-META-00574,meta,"Facebook, Inc.",FY2017,9M YTD,2017-01-01,2017-09-30,2017-Q3,2017-11-02,Principal payments on capital lease and other financing obligations,finance_lease_principal_payments,0,USD,millions,0,SRC-IQ16-META-0001326801-17-000053,A,https://www.sec.gov/Archives/edgar/data/1326801/000132680117000053/fb-09302017x10q.htm,10-Q consolidated statements of cash flows,REPORTED,,Principal repayments of finance (before 2019: capital) leases; financing activities.,NO,YES,NO,NO,FALSE,FALSE,"XBRL tag none (printed, untagged; period from the column of the purchases row); text check PASS_PRINTED_UNTAGGED."
OBS-META-00575,meta,"Facebook, Inc.",FY2017,FY,2017-01-01,2017-12-31,2017-Q4,2018-02-01,Principal payments on capital lease and other financing obligations,finance_lease_principal_payments,0,USD,millions,0,SRC-IQ16-META-0001326801-18-000009,A,https://www.sec.gov/Archives/edgar/data/1326801/000132680118000009/fb-12312017x10k.htm,10-K consolidated statements of cash flows,REPORTED,,Principal repayments of finance (before 2019: capital) leases; financing activities.,NO,YES,NO,NO,FALSE,FALSE,"XBRL tag none (printed, untagged; period from the column of the purchases row); text check PASS_PRINTED_UNTAGGED. Same value also printed in 2 later filing(s)."
OBS-META-00576,meta,"Facebook, Inc.",FY2018,Q1,2018-01-01,2018-03-31,2018-Q1,2019-04-25,Principal payments on finance leases,finance_lease_principal_payments,0,USD,millions,0,SRC-IQ16-META-0001326801-19-000037,A,https://www.sec.gov/Archives/edgar/data/1326801/000132680119000037/fb-03312019x10q.htm,10-Q consolidated statements of cash flows,REPORTED,,Principal repayments of finance (before 2019: capital) leases; financing activities.,NO,YES,NO,NO,FALSE,FALSE,"XBRL tag none (printed, untagged; period from the column of the purchases row); text check PASS_PRINTED_UNTAGGED."
OBS-META-00577,meta,"Facebook, Inc.",FY2018,H1 (6M YTD),2018-01-01,2018-06-30,2018-Q2,2019-07-25,Principal payments on finance leases,finance_lease_principal_payments,0,USD,millions,0,SRC-IQ16-META-0001326801-19-000055,A,https://www.sec.gov/Archives/edgar/data/1326801/000132680119000055/fb-06302019x10q.htm,10-Q consolidated statements of cash flows,REPORTED,,Principal repayments of finance (before 2019: capital) leases; financing activities.,NO,YES,NO,NO,FALSE,FALSE,"XBRL tag none (printed, untagged; period from the column of the purchases row); text check PASS_PRINTED_UNTAGGED."
OBS-META-00578,meta,"Facebook, Inc.",FY2018,9M YTD,2018-01-01,2018-09-30,2018-Q3,2019-10-31,Principal payments on finance leases,finance_lease_principal_payments,0,USD,millions,0,SRC-IQ16-META-0001326801-19-000069,A,https://www.sec.gov/Archives/edgar/data/1326801/000132680119000069/fb-09302019x10q.htm,10-Q consolidated statements of cash flows,REPORTED,,Principal repayments of finance (before 2019: capital) leases; financing activities.,NO,YES,NO,NO,FALSE,FALSE,"XBRL tag none (printed, untagged; period from the column of the purchases row); text check PASS_PRINTED_UNTAGGED."
OBS-META-00579,meta,"Facebook, Inc.",FY2018,FY,2018-01-01,2018-12-31,2018-Q4,2019-01-31,Principal payments on capital lease and other financing obligations,finance_lease_principal_payments,0,USD,millions,0,SRC-IQ16-META-0001326801-19-000009,A,https://www.sec.gov/Archives/edgar/data/1326801/000132680119000009/fb-12312018x10k.htm,10-K consolidated statements of cash flows,REPORTED,,Principal repayments of finance (before 2019: capital) leases; financing activities.,NO,YES,NO,NO,FALSE,FALSE,"XBRL tag none (printed, untagged; period from the column of the purchases row); text check PASS_PRINTED_UNTAGGED. Same value also printed in 2 later filing(s)."
OBS-META-00580,meta,"Facebook, Inc.",FY2019,Q1,2019-01-01,2019-03-31,2019-Q1,2019-04-25,Principal payments on finance leases,finance_lease_principal_payments,(125),USD,millions,125000000,SRC-IQ16-META-0001326801-19-000037,A,https://www.sec.gov/Archives/edgar/data/1326801/000132680119000037/fb-03312019x10q.htm,10-Q consolidated statements of cash flows,REPORTED,,Principal repayments of finance (before 2019: capital) leases; financing activities.,NO,YES,NO,NO,FALSE,FALSE,XBRL tag us-gaap:FinanceLeasePrincipalPayments; text check PASS. Same value also printed in 1 later filing(s).
OBS-META-00581,meta,"Facebook, Inc.",FY2019,H1 (6M YTD),2019-01-01,2019-06-30,2019-Q2,2019-07-25,Principal payments on finance leases,finance_lease_principal_payments,(267),USD,millions,267000000,SRC-IQ16-META-0001326801-19-000055,A,https://www.sec.gov/Archives/edgar/data/1326801/000132680119000055/fb-06302019x10q.htm,10-Q consolidated statements of cash flows,REPORTED,,Principal repayments of finance (before 2019: capital) leases; financing activities.,NO,YES,NO,NO,FALSE,FALSE,XBRL tag us-gaap:FinanceLeasePrincipalPayments; text check PASS. Same value also printed in 1 later filing(s).
OBS-META-00582,meta,"Facebook, Inc.",FY2019,9M YTD,2019-01-01,2019-09-30,2019-Q3,2019-10-31,Principal payments on finance leases,finance_lease_principal_payments,(411),USD,millions,411000000,SRC-IQ16-META-0001326801-19-000069,A,https://www.sec.gov/Archives/edgar/data/1326801/000132680119000069/fb-09302019x10q.htm,10-Q consolidated statements of cash flows,REPORTED,,Principal repayments of finance (before 2019: capital) leases; financing activities.,NO,YES,NO,NO,FALSE,FALSE,XBRL tag us-gaap:FinanceLeasePrincipalPayments; text check PASS. Same value also printed in 1 later filing(s).
OBS-META-00583,meta,"Facebook, Inc.",FY2019,FY,2019-01-01,2019-12-31,2019-Q4,2020-01-30,Principal payments on finance leases,finance_lease_principal_payments,(552),USD,millions,552000000,SRC-IQ16-META-0001326801-20-000013,A,https://www.sec.gov/Archives/edgar/data/1326801/000132680120000013/fb-12312019x10k.htm,10-K consolidated statements of cash flows,REPORTED,,Principal repayments of finance (before 2019: capital) leases; financing activities.,NO,YES,NO,NO,FALSE,FALSE,XBRL tag us-gaap:FinanceLeasePrincipalPayments; text check PASS. Same value also printed in 2 later filing(s).
OBS-META-00584,meta,"Facebook, Inc.",FY2020,Q1,2020-01-01,2020-03-31,2020-Q1,2020-04-30,Principal payments on finance leases,finance_lease_principal_payments,(100),USD,millions,100000000,SRC-IQ16-META-0001326801-20-000048,A,https://www.sec.gov/Archives/edgar/data/1326801/000132680120000048/fb-03312020x10q.htm,10-Q consolidated statements of cash flows,REPORTED,,Principal repayments of finance (before 2019: capital) leases; financing activities.,NO,YES,NO,NO,FALSE,FALSE,XBRL tag us-gaap:FinanceLeasePrincipalPayments; text check PASS. Same value also printed in 1 later filing(s).
OBS-META-00585,meta,"Facebook, Inc.",FY2020,H1 (6M YTD),2020-01-01,2020-06-30,2020-Q2,2020-07-31,Principal payments on finance leases,finance_lease_principal_payments,(209),USD,millions,209000000,SRC-IQ16-META-0001326801-20-000076,A,https://www.sec.gov/Archives/edgar/data/1326801/000132680120000076/fb-06302020x10q.htm,10-Q consolidated statements of cash flows,REPORTED,,Principal repayments of finance (before 2019: capital) leases; financing activities.,NO,YES,NO,NO,FALSE,FALSE,XBRL tag us-gaap:FinanceLeasePrincipalPayments; text check PASS. Same value also printed in 1 later filing(s).
OBS-META-00586,meta,"Facebook, Inc.",FY2020,9M YTD,2020-01-01,2020-09-30,2020-Q3,2020-10-30,Principal payments on finance leases,finance_lease_principal_payments,(398),USD,millions,398000000,SRC-IQ16-META-0001326801-20-000084,A,https://www.sec.gov/Archives/edgar/data/1326801/000132680120000084/fb-09302020x10q.htm,10-Q consolidated statements of cash flows,REPORTED,,Principal repayments of finance (before 2019: capital) leases; financing activities.,NO,YES,NO,NO,FALSE,FALSE,XBRL tag us-gaap:FinanceLeasePrincipalPayments; text check PASS. Same value also printed in 1 later filing(s).
OBS-META-00587,meta,"Facebook, Inc.",FY2020,FY,2020-01-01,2020-12-31,2020-Q4,2021-01-28,Principal payments on finance leases,finance_lease_principal_payments,(604),USD,millions,604000000,SRC-IQ16-META-0001326801-21-000014,A,https://www.sec.gov/Archives/edgar/data/1326801/000132680121000014/fb-20201231.htm,10-K consolidated statements of cash flows,REPORTED,,Principal repayments of finance (before 2019: capital) leases; financing activities.,NO,YES,NO,NO,FALSE,FALSE,XBRL tag us-gaap:FinanceLeasePrincipalPayments; text check PASS. Same value also printed in 2 later filing(s).
OBS-META-00588,meta,"Facebook, Inc.",FY2021,Q1,2021-01-01,2021-03-31,2021-Q1,2021-04-29,Principal payments on finance leases,finance_lease_principal_payments,(151),USD,millions,151000000,SRC-IQ16-META-0001326801-21-000033,A,https://www.sec.gov/Archives/edgar/data/1326801/000132680121000033/fb-20210331.htm,10-Q consolidated statements of cash flows,REPORTED,,Principal repayments of finance (before 2019: capital) leases; financing activities.,NO,YES,NO,NO,FALSE,FALSE,XBRL tag us-gaap:FinanceLeasePrincipalPayments; text check PASS. Same value also printed in 1 later filing(s).
OBS-META-00589,meta,"Facebook, Inc.",FY2021,H1 (6M YTD),2021-01-01,2021-06-30,2021-Q2,2021-07-29,Principal payments on finance leases,finance_lease_principal_payments,(274),USD,millions,274000000,SRC-IQ16-META-0001326801-21-000049,A,https://www.sec.gov/Archives/edgar/data/1326801/000132680121000049/fb-20210630.htm,10-Q consolidated statements of cash flows,REPORTED,,Principal repayments of finance (before 2019: capital) leases; financing activities.,NO,YES,NO,NO,FALSE,FALSE,XBRL tag us-gaap:FinanceLeasePrincipalPayments; text check PASS. Same value also printed in 1 later filing(s).
OBS-META-00590,meta,"Facebook, Inc.",FY2021,9M YTD,2021-01-01,2021-09-30,2021-Q3,2021-10-26,Principal payments on finance leases,finance_lease_principal_payments,(505),USD,millions,505000000,SRC-IQ16-META-0001326801-21-000065,A,https://www.sec.gov/Archives/edgar/data/1326801/000132680121000065/fb-20210930.htm,10-Q consolidated statements of cash flows,REPORTED,,Principal repayments of finance (before 2019: capital) leases; financing activities.,NO,YES,NO,NO,FALSE,FALSE,XBRL tag us-gaap:FinanceLeasePrincipalPayments; text check PASS. Same value also printed in 1 later filing(s).
OBS-META-00591,meta,"Meta Platforms, Inc.",FY2021,FY,2021-01-01,2021-12-31,2021-Q4,2022-02-03,Principal payments on finance leases,finance_lease_principal_payments,(677),USD,millions,677000000,SRC-IQ16-META-0001326801-22-000018,A,https://www.sec.gov/Archives/edgar/data/1326801/000132680122000018/fb-20211231.htm,10-K consolidated statements of cash flows,REPORTED,,Principal repayments of finance (before 2019: capital) leases; financing activities.,NO,YES,NO,NO,FALSE,FALSE,XBRL tag us-gaap:FinanceLeasePrincipalPayments; text check PASS. Same value also printed in 2 later filing(s).
OBS-META-00592,meta,"Meta Platforms, Inc.",FY2022,Q1,2022-01-01,2022-03-31,2022-Q1,2022-04-28,Principal payments on finance leases,finance_lease_principal_payments,(233),USD,millions,233000000,SRC-IQ16-META-0001326801-22-000057,A,https://www.sec.gov/Archives/edgar/data/1326801/000132680122000057/meta-20220331.htm,10-Q consolidated statements of cash flows,REPORTED,,Principal repayments of finance (before 2019: capital) leases; financing activities.,NO,YES,NO,NO,FALSE,FALSE,XBRL tag us-gaap:FinanceLeasePrincipalPayments; text check PASS. Same value also printed in 1 later filing(s).
OBS-META-00593,meta,"Meta Platforms, Inc.",FY2022,H1 (6M YTD),2022-01-01,2022-06-30,2022-Q2,2022-07-28,Principal payments on finance leases,finance_lease_principal_payments,(452),USD,millions,452000000,SRC-IQ16-META-0001326801-22-000082,A,https://www.sec.gov/Archives/edgar/data/1326801/000132680122000082/meta-20220630.htm,10-Q consolidated statements of cash flows,REPORTED,,Principal repayments of finance (before 2019: capital) leases; financing activities.,NO,YES,NO,NO,FALSE,FALSE,XBRL tag us-gaap:FinanceLeasePrincipalPayments; text check PASS. Same value also printed in 1 later filing(s).
OBS-META-00594,meta,"Meta Platforms, Inc.",FY2022,9M YTD,2022-01-01,2022-09-30,2022-Q3,2022-10-27,Principal payments on finance leases,finance_lease_principal_payments,(615),USD,millions,615000000,SRC-IQ16-META-0001326801-22-000108,A,https://www.sec.gov/Archives/edgar/data/1326801/000132680122000108/meta-20220930.htm,10-Q consolidated statements of cash flows,REPORTED,,Principal repayments of finance (before 2019: capital) leases; financing activities.,NO,YES,NO,NO,FALSE,FALSE,XBRL tag us-gaap:FinanceLeasePrincipalPayments; text check PASS. Same value also printed in 1 later filing(s).
OBS-META-00595,meta,"Meta Platforms, Inc.",FY2022,FY,2022-01-01,2022-12-31,2022-Q4,2023-02-02,Principal payments on finance leases,finance_lease_principal_payments,(850),USD,millions,850000000,SRC-IQ16-META-0001326801-23-000013,A,https://www.sec.gov/Archives/edgar/data/1326801/000132680123000013/meta-20221231.htm,10-K consolidated statements of cash flows,REPORTED,,Principal repayments of finance (before 2019: capital) leases; financing activities.,NO,YES,NO,NO,FALSE,FALSE,XBRL tag us-gaap:FinanceLeasePrincipalPayments; text check PASS. Same value also printed in 2 later filing(s).
OBS-META-00596,meta,"Meta Platforms, Inc.",FY2023,Q1,2023-01-01,2023-03-31,2023-Q1,2023-04-27,Principal payments on finance leases,finance_lease_principal_payments,(264),USD,millions,264000000,SRC-IQ16-META-0001326801-23-000067,A,https://www.sec.gov/Archives/edgar/data/1326801/000132680123000067/meta-20230331.htm,10-Q consolidated statements of cash flows,REPORTED,,Principal repayments of finance (before 2019: capital) leases; financing activities.,NO,YES,NO,NO,FALSE,FALSE,XBRL tag us-gaap:FinanceLeasePrincipalPayments; text check PASS. Same value also printed in 1 later filing(s).
OBS-META-00597,meta,"Meta Platforms, Inc.",FY2023,H1 (6M YTD),2023-01-01,2023-06-30,2023-Q2,2023-07-27,Principal payments on finance leases,finance_lease_principal_payments,(484),USD,millions,484000000,SRC-IQ16-META-0001326801-23-000093,A,https://www.sec.gov/Archives/edgar/data/1326801/000132680123000093/meta-20230630.htm,10-Q consolidated statements of cash flows,REPORTED,,Principal repayments of finance (before 2019: capital) leases; financing activities.,NO,YES,NO,NO,FALSE,FALSE,XBRL tag us-gaap:FinanceLeasePrincipalPayments; text check PASS. Same value also printed in 1 later filing(s).
OBS-META-00598,meta,"Meta Platforms, Inc.",FY2023,9M YTD,2023-01-01,2023-09-30,2023-Q3,2023-10-26,Principal payments on finance leases,finance_lease_principal_payments,(751),USD,millions,751000000,SRC-IQ16-META-0001326801-23-000103,A,https://www.sec.gov/Archives/edgar/data/1326801/000132680123000103/meta-20230930.htm,10-Q consolidated statements of cash flows,REPORTED,,Principal repayments of finance (before 2019: capital) leases; financing activities.,NO,YES,NO,NO,FALSE,FALSE,XBRL tag us-gaap:FinanceLeasePrincipalPayments; text check PASS. Same value also printed in 1 later filing(s).
OBS-META-00599,meta,"Meta Platforms, Inc.",FY2023,FY,2023-01-01,2023-12-31,2023-Q4,2024-02-02,Principal payments on finance leases,finance_lease_principal_payments,"(1,058)",USD,millions,1058000000,SRC-IQ16-META-0001326801-24-000012,A,https://www.sec.gov/Archives/edgar/data/1326801/000132680124000012/meta-20231231.htm,10-K consolidated statements of cash flows,REPORTED,,Principal repayments of finance (before 2019: capital) leases; financing activities.,NO,YES,NO,NO,FALSE,FALSE,XBRL tag us-gaap:FinanceLeasePrincipalPayments; text check PASS. Same value also printed in 2 later filing(s).
OBS-META-00600,meta,"Meta Platforms, Inc.",FY2024,Q1,2024-01-01,2024-03-31,2024-Q1,2024-04-25,Principal payments on finance leases,finance_lease_principal_payments,(315),USD,millions,315000000,SRC-IQ16-META-0001326801-24-000049,A,https://www.sec.gov/Archives/edgar/data/1326801/000132680124000049/meta-20240331.htm,10-Q consolidated statements of cash flows,REPORTED,,Principal repayments of finance (before 2019: capital) leases; financing activities.,NO,YES,NO,NO,FALSE,FALSE,XBRL tag us-gaap:FinanceLeasePrincipalPayments; text check PASS. Same value also printed in 1 later filing(s).
OBS-META-00601,meta,"Meta Platforms, Inc.",FY2024,H1 (6M YTD),2024-01-01,2024-06-30,2024-Q2,2024-08-01,Principal payments on finance leases,finance_lease_principal_payments,(614),USD,millions,614000000,SRC-IQ16-META-0001326801-24-000069,A,https://www.sec.gov/Archives/edgar/data/1326801/000132680124000069/meta-20240630.htm,10-Q consolidated statements of cash flows,REPORTED,,Principal repayments of finance (before 2019: capital) leases; financing activities.,NO,YES,NO,NO,FALSE,FALSE,XBRL tag us-gaap:FinanceLeasePrincipalPayments; text check PASS. Same value also printed in 1 later filing(s).
OBS-META-00602,meta,"Meta Platforms, Inc.",FY2024,9M YTD,2024-01-01,2024-09-30,2024-Q3,2024-10-31,Principal payments on finance leases,finance_lease_principal_payments,"(1,558)",USD,millions,1558000000,SRC-IQ16-META-0001326801-24-000081,A,https://www.sec.gov/Archives/edgar/data/1326801/000132680124000081/meta-20240930.htm,10-Q consolidated statements of cash flows,REPORTED,,Principal repayments of finance (before 2019: capital) leases; financing activities.,NO,YES,NO,NO,FALSE,FALSE,XBRL tag us-gaap:FinanceLeasePrincipalPayments; text check PASS. Same value also printed in 1 later filing(s).
OBS-META-00603,meta,"Meta Platforms, Inc.",FY2024,FY,2024-01-01,2024-12-31,2024-Q4,2025-01-30,Principal payments on finance leases,finance_lease_principal_payments,"(1,969)",USD,millions,1969000000,SRC-IQ16-META-0001326801-25-000017,A,https://www.sec.gov/Archives/edgar/data/1326801/000132680125000017/meta-20241231.htm,10-K consolidated statements of cash flows,REPORTED,,Principal repayments of finance (before 2019: capital) leases; financing activities.,NO,YES,NO,NO,FALSE,FALSE,XBRL tag us-gaap:FinanceLeasePrincipalPayments; text check PASS. Same value also printed in 1 later filing(s).
OBS-META-00604,meta,"Meta Platforms, Inc.",FY2025,Q1,2025-01-01,2025-03-31,2025-Q1,2025-05-01,Principal payments on finance leases,finance_lease_principal_payments,(751),USD,millions,751000000,SRC-IQ16-META-0001326801-25-000054,A,https://www.sec.gov/Archives/edgar/data/1326801/000132680125000054/meta-20250331.htm,10-Q consolidated statements of cash flows,REPORTED,,Principal repayments of finance (before 2019: capital) leases; financing activities.,NO,YES,NO,NO,FALSE,FALSE,XBRL tag us-gaap:FinanceLeasePrincipalPayments; text check PASS. Same value also printed in 1 later filing(s).
OBS-META-00605,meta,"Meta Platforms, Inc.",FY2025,H1 (6M YTD),2025-01-01,2025-06-30,2025-Q2,2025-07-31,Principal payments on finance leases,finance_lease_principal_payments,"(1,225)",USD,millions,1225000000,SRC-IQ16-META-0001628280-25-036791,A,https://www.sec.gov/Archives/edgar/data/1326801/000162828025036791/meta-20250630.htm,10-Q consolidated statements of cash flows,REPORTED,,Principal repayments of finance (before 2019: capital) leases; financing activities.,NO,YES,NO,NO,FALSE,FALSE,XBRL tag us-gaap:FinanceLeasePrincipalPayments; text check PASS. Same value also printed in 1 later filing(s).
OBS-META-00606,meta,"Meta Platforms, Inc.",FY2025,9M YTD,2025-01-01,2025-09-30,2025-Q3,2025-10-30,Principal payments on finance leases,finance_lease_principal_payments,"(1,770)",USD,millions,1770000000,SRC-IQ16-META-0001628280-25-047240,A,https://www.sec.gov/Archives/edgar/data/1326801/000162828025047240/meta-20250930.htm,10-Q consolidated statements of cash flows,REPORTED,,Principal repayments of finance (before 2019: capital) leases; financing activities.,NO,YES,NO,NO,FALSE,FALSE,XBRL tag us-gaap:FinanceLeasePrincipalPayments; text check PASS.
OBS-META-00607,meta,"Meta Platforms, Inc.",FY2025,FY,2025-01-01,2025-12-31,2025-Q4,2026-01-29,Principal payments on finance leases,finance_lease_principal_payments,"(2,524)",USD,millions,2524000000,SRC-IQ16-META-0001628280-26-003942,A,https://www.sec.gov/Archives/edgar/data/1326801/000162828026003942/meta-20251231.htm,10-K consolidated statements of cash flows,REPORTED,,Principal repayments of finance (before 2019: capital) leases; financing activities.,NO,YES,NO,NO,FALSE,FALSE,XBRL tag us-gaap:FinanceLeasePrincipalPayments; text check PASS.
OBS-META-00608,meta,"Meta Platforms, Inc.",FY2026,Q1,2026-01-01,2026-03-31,2026-Q1,2026-04-30,Principal payments on finance leases,finance_lease_principal_payments,(843),USD,millions,843000000,SRC-IQ16-META-0001628280-26-028526,A,https://www.sec.gov/Archives/edgar/data/1326801/000162828026028526/meta-20260331.htm,10-Q consolidated statements of cash flows,REPORTED,,Principal repayments of finance (before 2019: capital) leases; financing activities.,NO,YES,NO,NO,FALSE,FALSE,XBRL tag us-gaap:FinanceLeasePrincipalPayments; text check PASS.
OBS-META-00609,meta,"Meta Platforms, Inc.",FY2026,H1 (6M YTD),2026-01-01,2026-06-30,2026-Q2,2026-07-30,Principal payments on finance leases,finance_lease_principal_payments,"(1,805)",USD,millions,1805000000,SRC-META-006,A,https://www.sec.gov/Archives/edgar/data/1326801/000162828026050705/meta-20260630.htm,10-Q consolidated statements of cash flows,REPORTED,,Principal repayments of finance (before 2019: capital) leases; financing activities.,NO,YES,NO,NO,FALSE,FALSE,XBRL tag us-gaap:FinanceLeasePrincipalPayments; text check PASS.
OBS-META-00610,meta,"Facebook, Inc.",FY2011,H1 (6M YTD),2011-01-01,2011-06-30,2011-Q2,2012-07-31,Property and equipment acquired under capital leases,ppe_acquired_under_finance_leases_noncash,291,USD,millions,291000000,SRC-IQ16-META-0001193125-12-325997,A,https://www.sec.gov/Archives/edgar/data/1326801/000119312512325997/d371464d10q.htm,10-Q consolidated statements of cash flows,REPORTED,,Non-cash: property and equipment acquired under finance (capital) leases (supplemental).,YES,NO,NO,NO,FALSE,FALSE,"XBRL tag none (printed, untagged; period from the column of the purchases row); text check PASS_PRINTED_UNTAGGED."
OBS-META-00611,meta,"Facebook, Inc.",FY2011,9M YTD,2011-01-01,2011-09-30,2011-Q3,2012-10-24,Property and equipment acquired under capital leases,ppe_acquired_under_finance_leases_noncash,393,USD,millions,393000000,SRC-IQ16-META-0001326801-12-000006,A,https://www.sec.gov/Archives/edgar/data/1326801/000132680112000006/fb-9302012x10q.htm,10-Q consolidated statements of cash flows,REPORTED,,Non-cash: property and equipment acquired under finance (capital) leases (supplemental).,YES,NO,NO,NO,FALSE,FALSE,"XBRL tag none (printed, untagged; period from the column of the purchases row); text check PASS_PRINTED_UNTAGGED."
OBS-META-00612,meta,"Facebook, Inc.",FY2012,H1 (6M YTD),2012-01-01,2012-06-30,2012-Q2,2012-07-31,Property and equipment acquired under capital leases,ppe_acquired_under_finance_leases_noncash,90,USD,millions,90000000,SRC-IQ16-META-0001193125-12-325997,A,https://www.sec.gov/Archives/edgar/data/1326801/000119312512325997/d371464d10q.htm,10-Q consolidated statements of cash flows,REPORTED,,Non-cash: property and equipment acquired under finance (capital) leases (supplemental).,YES,NO,NO,NO,FALSE,FALSE,"XBRL tag none (printed, untagged; period from the column of the purchases row); text check PASS_PRINTED_UNTAGGED."
OBS-META-00613,meta,"Facebook, Inc.",FY2012,9M YTD,2012-01-01,2012-09-30,2012-Q3,2012-10-24,Property and equipment acquired under capital leases,ppe_acquired_under_finance_leases_noncash,251,USD,millions,251000000,SRC-IQ16-META-0001326801-12-000006,A,https://www.sec.gov/Archives/edgar/data/1326801/000132680112000006/fb-9302012x10q.htm,10-Q consolidated statements of cash flows,REPORTED,,Non-cash: property and equipment acquired under finance (capital) leases (supplemental).,YES,NO,NO,NO,FALSE,FALSE,"XBRL tag none (printed, untagged; period from the column of the purchases row); text check PASS_PRINTED_UNTAGGED."
OBS-MICROSOFT-00614,microsoft,Microsoft Corporation,FY2008,FY,2007-07-01,2008-06-30,2008-Q2,2010-07-30,Additions to property and equipment,cash_purchases_of_ppe,"(3,182)",USD,millions,3182000000,SRC-IQ16-MICROSOFT-0001193125-10-171791,A,https://www.sec.gov/Archives/edgar/data/789019/000119312510171791/d10k.htm,10-K consolidated statements of cash flows,REPORTED,,Cash paid for property and equipment as printed in the cash-flow statement (investing).,NO,NO,NO,NO,FALSE,FALSE,XBRL tag us-gaap:PaymentsToAcquirePropertyPlantAndEquipment; text check PASS.
OBS-MICROSOFT-00615,microsoft,Microsoft Corporation,FY2009,Q1,2008-07-01,2008-09-30,2008-Q3,2009-10-23,Additions to property and equipment,cash_purchases_of_ppe,(778),USD,millions,778000000,SRC-IQ16-MICROSOFT-0001193125-09-212454,A,https://www.sec.gov/Archives/edgar/data/789019/000119312509212454/d10q.htm,10-Q consolidated statements of cash flows,REPORTED,,Cash paid for property and equipment as printed in the cash-flow statement (investing).,NO,NO,NO,NO,FALSE,FALSE,XBRL tag us-gaap:PaymentsToAcquirePropertyPlantAndEquipment; text check PASS.
OBS-MICROSOFT-00616,microsoft,Microsoft Corporation,FY2009,H1 (6M YTD),2008-07-01,2008-12-31,2008-Q4,2010-01-28,Additions to property and equipment,cash_purchases_of_ppe,"(1,620)",USD,millions,1620000000,SRC-IQ16-MICROSOFT-0001193125-10-015598,A,https://www.sec.gov/Archives/edgar/data/789019/000119312510015598/d10q.htm,10-Q consolidated statements of cash flows,REPORTED,,Cash paid for property and equipment as printed in the cash-flow statement (investing).,NO,NO,NO,NO,FALSE,FALSE,XBRL tag us-gaap:PaymentsToAcquirePropertyPlantAndEquipment; text check PASS.
OBS-MICROSOFT-00617,microsoft,Microsoft Corporation,FY2009,9M YTD,2008-07-01,2009-03-31,2009-Q1,2010-04-22,Additions to property and equipment,cash_purchases_of_ppe,"(2,252)",USD,millions,2252000000,SRC-IQ16-MICROSOFT-0001193125-10-090116,A,https://www.sec.gov/Archives/edgar/data/789019/000119312510090116/d10q.htm,10-Q consolidated statements of cash flows,REPORTED,,Cash paid for property and equipment as printed in the cash-flow statement (investing).,NO,NO,NO,NO,FALSE,FALSE,XBRL tag us-gaap:PaymentsToAcquirePropertyPlantAndEquipment; text check PASS.
OBS-MICROSOFT-00618,microsoft,Microsoft Corporation,FY2009,FY,2008-07-01,2009-06-30,2009-Q2,2010-07-30,Additions to property and equipment,cash_purchases_of_ppe,"(3,119)",USD,millions,3119000000,SRC-IQ16-MICROSOFT-0001193125-10-171791,A,https://www.sec.gov/Archives/edgar/data/789019/000119312510171791/d10k.htm,10-K consolidated statements of cash flows,REPORTED,,Cash paid for property and equipment as printed in the cash-flow statement (investing).,NO,NO,NO,NO,FALSE,FALSE,XBRL tag us-gaap:PaymentsToAcquirePropertyPlantAndEquipment; text check PASS. Same value also printed in 1 later filing(s).
OBS-MICROSOFT-00619,microsoft,Microsoft Corporation,FY2009,Q2,2008-10-01,2008-12-31,2008-Q4,2010-01-28,Additions to property and equipment,cash_purchases_of_ppe,(842),USD,millions,842000000,SRC-IQ16-MICROSOFT-0001193125-10-015598,A,https://www.sec.gov/Archives/edgar/data/789019/000119312510015598/d10q.htm,10-Q consolidated statements of cash flows,REPORTED,,Cash paid for property and equipment as printed in the cash-flow statement (investing).,NO,NO,NO,NO,FALSE,FALSE,XBRL tag us-gaap:PaymentsToAcquirePropertyPlantAndEquipment; text check PASS.
OBS-MICROSOFT-00620,microsoft,Microsoft Corporation,FY2009,Q3,2009-01-01,2009-03-31,2009-Q1,2010-04-22,Additions to property and equipment,cash_purchases_of_ppe,(632),USD,millions,632000000,SRC-IQ16-MICROSOFT-0001193125-10-090116,A,https://www.sec.gov/Archives/edgar/data/789019/000119312510090116/d10q.htm,10-Q consolidated statements of cash flows,REPORTED,,Cash paid for property and equipment as printed in the cash-flow statement (investing).,NO,NO,NO,NO,FALSE,FALSE,XBRL tag us-gaap:PaymentsToAcquirePropertyPlantAndEquipment; text check PASS.
OBS-MICROSOFT-00621,microsoft,Microsoft Corporation,FY2010,Q1,2009-07-01,2009-09-30,2009-Q3,2009-10-23,Additions to property and equipment,cash_purchases_of_ppe,(435),USD,millions,435000000,SRC-IQ16-MICROSOFT-0001193125-09-212454,A,https://www.sec.gov/Archives/edgar/data/789019/000119312509212454/d10q.htm,10-Q consolidated statements of cash flows,REPORTED,,Cash paid for property and equipment as printed in the cash-flow statement (investing).,NO,NO,NO,NO,FALSE,FALSE,XBRL tag us-gaap:PaymentsToAcquirePropertyPlantAndEquipment; text check PASS. Same value also printed in 1 later filing(s).
OBS-MICROSOFT-00622,microsoft,Microsoft Corporation,FY2010,H1 (6M YTD),2009-07-01,2009-12-31,2009-Q4,2010-01-28,Additions to property and equipment,cash_purchases_of_ppe,(811),USD,millions,811000000,SRC-IQ16-MICROSOFT-0001193125-10-015598,A,https://www.sec.gov/Archives/edgar/data/789019/000119312510015598/d10q.htm,10-Q consolidated statements of cash flows,REPORTED,,Cash paid for property and equipment as printed in the cash-flow statement (investing).,NO,NO,NO,NO,FALSE,FALSE,XBRL tag us-gaap:PaymentsToAcquirePropertyPlantAndEquipment; text check PASS. Same value also printed in 1 later filing(s).
OBS-MICROSOFT-00623,microsoft,Microsoft Corporation,FY2010,9M YTD,2009-07-01,2010-03-31,2010-Q1,2010-04-22,Additions to property and equipment,cash_purchases_of_ppe,"(1,219)",USD,millions,1219000000,SRC-IQ16-MICROSOFT-0001193125-10-090116,A,https://www.sec.gov/Archives/edgar/data/789019/000119312510090116/d10q.htm,10-Q consolidated statements of cash flows,REPORTED,,Cash paid for property and equipment as printed in the cash-flow statement (investing).,NO,NO,NO,NO,FALSE,FALSE,XBRL tag us-gaap:PaymentsToAcquirePropertyPlantAndEquipment; text check PASS. Same value also printed in 1 later filing(s).
OBS-MICROSOFT-00624,microsoft,Microsoft Corporation,FY2010,FY,2009-07-01,2010-06-30,2010-Q2,2010-07-30,Additions to property and equipment,cash_purchases_of_ppe,"(1,977)",USD,millions,1977000000,SRC-IQ16-MICROSOFT-0001193125-10-171791,A,https://www.sec.gov/Archives/edgar/data/789019/000119312510171791/d10k.htm,10-K consolidated statements of cash flows,REPORTED,,Cash paid for property and equipment as printed in the cash-flow statement (investing).,NO,NO,NO,NO,FALSE,FALSE,XBRL tag us-gaap:PaymentsToAcquirePropertyPlantAndEquipment; text check PASS. Same value also printed in 2 later filing(s).
OBS-MICROSOFT-00625,microsoft,Microsoft Corporation,FY2010,Q2,2009-10-01,2009-12-31,2009-Q4,2010-01-28,Additions to property and equipment,cash_purchases_of_ppe,(376),USD,millions,376000000,SRC-IQ16-MICROSOFT-0001193125-10-015598,A,https://www.sec.gov/Archives/edgar/data/789019/000119312510015598/d10q.htm,10-Q consolidated statements of cash flows,REPORTED,,Cash paid for property and equipment as printed in the cash-flow statement (investing).,NO,NO,NO,NO,FALSE,FALSE,XBRL tag us-gaap:PaymentsToAcquirePropertyPlantAndEquipment; text check PASS. Same value also printed in 1 later filing(s).
OBS-MICROSOFT-00626,microsoft,Microsoft Corporation,FY2010,Q3,2010-01-01,2010-03-31,2010-Q1,2010-04-22,Additions to property and equipment,cash_purchases_of_ppe,(408),USD,millions,408000000,SRC-IQ16-MICROSOFT-0001193125-10-090116,A,https://www.sec.gov/Archives/edgar/data/789019/000119312510090116/d10q.htm,10-Q consolidated statements of cash flows,REPORTED,,Cash paid for property and equipment as printed in the cash-flow statement (investing).,NO,NO,NO,NO,FALSE,FALSE,XBRL tag us-gaap:PaymentsToAcquirePropertyPlantAndEquipment; text check PASS. Same value also printed in 1 later filing(s).
OBS-MICROSOFT-00627,microsoft,Microsoft Corporation,FY2011,Q1,2010-07-01,2010-09-30,2010-Q3,2010-10-28,Additions to property and equipment,cash_purchases_of_ppe,(564),USD,millions,564000000,SRC-IQ16-MICROSOFT-0001193125-10-239825,A,https://www.sec.gov/Archives/edgar/data/789019/000119312510239825/d10q.htm,10-Q consolidated statements of cash flows,REPORTED,,Cash paid for property and equipment as printed in the cash-flow statement (investing).,NO,NO,NO,NO,FALSE,FALSE,XBRL tag us-gaap:PaymentsToAcquirePropertyPlantAndEquipment; text check PASS. Same value also printed in 1 later filing(s).
OBS-MICROSOFT-00628,microsoft,Microsoft Corporation,FY2011,H1 (6M YTD),2010-07-01,2010-12-31,2010-Q4,2011-01-27,Additions to property and equipment,cash_purchases_of_ppe,"(1,055)",USD,millions,1055000000,SRC-IQ16-MICROSOFT-0001193125-11-015947,A,https://www.sec.gov/Archives/edgar/data/789019/000119312511015947/d10q.htm,10-Q consolidated statements of cash flows,REPORTED,,Cash paid for property and equipment as printed in the cash-flow statement (investing).,NO,NO,NO,NO,FALSE,FALSE,XBRL tag us-gaap:PaymentsToAcquirePropertyPlantAndEquipment; text check PASS.
OBS-MICROSOFT-00629,microsoft,Microsoft Corporation,FY2011,9M YTD,2010-07-01,2011-03-31,2011-Q1,2011-04-28,Additions to property and equipment,cash_purchases_of_ppe,"(1,713)",USD,millions,1713000000,SRC-IQ16-MICROSOFT-0001193125-11-115186,A,https://www.sec.gov/Archives/edgar/data/789019/000119312511115186/d10q.htm,10-Q consolidated statements of cash flows,REPORTED,,Cash paid for property and equipment as printed in the cash-flow statement (investing).,NO,NO,NO,NO,FALSE,FALSE,XBRL tag us-gaap:PaymentsToAcquirePropertyPlantAndEquipment; text check PASS. Same value also printed in 1 later filing(s).
OBS-MICROSOFT-00630,microsoft,Microsoft Corporation,FY2011,FY,2010-07-01,2011-06-30,2011-Q2,2011-07-28,Additions to property and equipment,cash_purchases_of_ppe,"(2,355)",USD,millions,2355000000,SRC-IQ16-MICROSOFT-0001193125-11-200680,A,https://www.sec.gov/Archives/edgar/data/789019/000119312511200680/d10k.htm,10-K consolidated statements of cash flows,REPORTED,,Cash paid for property and equipment as printed in the cash-flow statement (investing).,NO,NO,NO,NO,FALSE,FALSE,XBRL tag us-gaap:PaymentsToAcquirePropertyPlantAndEquipment; text check PASS. Same value also printed in 2 later filing(s).
OBS-MICROSOFT-00631,microsoft,Microsoft Corporation,FY2011,Q2,2010-10-01,2010-12-31,2010-Q4,2011-01-27,Additions to property and equipment,cash_purchases_of_ppe,(491),USD,millions,491000000,SRC-IQ16-MICROSOFT-0001193125-11-015947,A,https://www.sec.gov/Archives/edgar/data/789019/000119312511015947/d10q.htm,10-Q consolidated statements of cash flows,REPORTED,,Cash paid for property and equipment as printed in the cash-flow statement (investing).,NO,NO,NO,NO,FALSE,FALSE,XBRL tag us-gaap:PaymentsToAcquirePropertyPlantAndEquipment; text check PASS.
OBS-MICROSOFT-00632,microsoft,Microsoft Corporation,FY2011,Q3,2011-01-01,2011-03-31,2011-Q1,2011-04-28,Additions to property and equipment,cash_purchases_of_ppe,(658),USD,millions,658000000,SRC-IQ16-MICROSOFT-0001193125-11-115186,A,https://www.sec.gov/Archives/edgar/data/789019/000119312511115186/d10q.htm,10-Q consolidated statements of cash flows,REPORTED,,Cash paid for property and equipment as printed in the cash-flow statement (investing).,NO,NO,NO,NO,FALSE,FALSE,XBRL tag us-gaap:PaymentsToAcquirePropertyPlantAndEquipment; text check PASS. Same value also printed in 1 later filing(s).
OBS-MICROSOFT-00633,microsoft,Microsoft Corporation,FY2012,Q1,2011-07-01,2011-09-30,2011-Q3,2011-10-20,Additions to property and equipment,cash_purchases_of_ppe,(436),USD,millions,436000000,SRC-IQ16-MICROSOFT-0001193125-11-276022,A,https://www.sec.gov/Archives/edgar/data/789019/000119312511276022/d230161d10q.htm,10-Q consolidated statements of cash flows,REPORTED,,Cash paid for property and equipment as printed in the cash-flow statement (investing).,NO,NO,NO,NO,FALSE,FALSE,XBRL tag us-gaap:PaymentsToAcquirePropertyPlantAndEquipment; text check PASS. Same value also printed in 1 later filing(s).
OBS-MICROSOFT-00634,microsoft,Microsoft Corporation,FY2012,H1 (6M YTD),2011-07-01,2011-12-31,2011-Q4,2013-01-24,Additions to property and equipment,cash_purchases_of_ppe,(934),USD,millions,934000000,SRC-IQ16-MICROSOFT-0001193125-13-022207,A,https://www.sec.gov/Archives/edgar/data/789019/000119312513022207/d453668d10q.htm,10-Q consolidated statements of cash flows,REPORTED,,Cash paid for property and equipment as printed in the cash-flow statement (investing).,NO,NO,NO,NO,FALSE,FALSE,XBRL tag us-gaap:PaymentsToAcquirePropertyPlantAndEquipment; text check PASS.
OBS-MICROSOFT-00635,microsoft,Microsoft Corporation,FY2012,9M YTD,2011-07-01,2012-03-31,2012-Q1,2012-04-19,Additions to property and equipment,cash_purchases_of_ppe,"(1,683)",USD,millions,1683000000,SRC-IQ16-MICROSOFT-0001193125-12-170665,A,https://www.sec.gov/Archives/edgar/data/789019/000119312512170665/d313493d10q.htm,10-Q consolidated statements of cash flows,REPORTED,,Cash paid for property and equipment as printed in the cash-flow statement (investing).,NO,NO,NO,NO,FALSE,FALSE,XBRL tag us-gaap:PaymentsToAcquirePropertyPlantAndEquipment; text check PASS. Same value also printed in 1 later filing(s).
OBS-MICROSOFT-00636,microsoft,Microsoft Corporation,FY2012,FY,2011-07-01,2012-06-30,2012-Q2,2012-07-26,Additions to property and equipment,cash_purchases_of_ppe,"(2,305)",USD,millions,2305000000,SRC-IQ16-MICROSOFT-0001193125-12-316848,A,https://www.sec.gov/Archives/edgar/data/789019/000119312512316848/d347676d10k.htm,10-K consolidated statements of cash flows,REPORTED,,Cash paid for property and equipment as printed in the cash-flow statement (investing).,NO,NO,NO,NO,FALSE,FALSE,XBRL tag us-gaap:PaymentsToAcquirePropertyPlantAndEquipment; text check PASS. Same value also printed in 2 later filing(s).
OBS-MICROSOFT-00637,microsoft,Microsoft Corporation,FY2012,Q2,2011-10-01,2011-12-31,2011-Q4,2013-01-24,Additions to property and equipment,cash_purchases_of_ppe,(498),USD,millions,498000000,SRC-IQ16-MICROSOFT-0001193125-13-022207,A,https://www.sec.gov/Archives/edgar/data/789019/000119312513022207/d453668d10q.htm,10-Q consolidated statements of cash flows,REPORTED,,Cash paid for property and equipment as printed in the cash-flow statement (investing).,NO,NO,NO,NO,FALSE,FALSE,XBRL tag us-gaap:PaymentsToAcquirePropertyPlantAndEquipment; text check PASS.
OBS-MICROSOFT-00638,microsoft,Microsoft Corporation,FY2012,Q3,2012-01-01,2012-03-31,2012-Q1,2012-04-19,Additions to property and equipment,cash_purchases_of_ppe,(749),USD,millions,749000000,SRC-IQ16-MICROSOFT-0001193125-12-170665,A,https://www.sec.gov/Archives/edgar/data/789019/000119312512170665/d313493d10q.htm,10-Q consolidated statements of cash flows,REPORTED,,Cash paid for property and equipment as printed in the cash-flow statement (investing).,NO,NO,NO,NO,FALSE,FALSE,XBRL tag us-gaap:PaymentsToAcquirePropertyPlantAndEquipment; text check PASS. Same value also printed in 1 later filing(s).
OBS-MICROSOFT-00639,microsoft,Microsoft Corporation,FY2013,Q1,2012-07-01,2012-09-30,2012-Q3,2012-10-18,Additions to property and equipment,cash_purchases_of_ppe,(603),USD,millions,603000000,SRC-IQ16-MICROSOFT-0001193125-12-427209,A,https://www.sec.gov/Archives/edgar/data/789019/000119312512427209/d406056d10q.htm,10-Q consolidated statements of cash flows,REPORTED,,Cash paid for property and equipment as printed in the cash-flow statement (investing).,NO,NO,NO,NO,FALSE,FALSE,XBRL tag us-gaap:PaymentsToAcquirePropertyPlantAndEquipment; text check PASS. Same value also printed in 1 later filing(s).
OBS-MICROSOFT-00640,microsoft,Microsoft Corporation,FY2013,H1 (6M YTD),2012-07-01,2012-12-31,2012-Q4,2013-01-24,Additions to property and equipment,cash_purchases_of_ppe,"(1,533)",USD,millions,1533000000,SRC-IQ16-MICROSOFT-0001193125-13-022207,A,https://www.sec.gov/Archives/edgar/data/789019/000119312513022207/d453668d10q.htm,10-Q consolidated statements of cash flows,REPORTED,,Cash paid for property and equipment as printed in the cash-flow statement (investing).,NO,NO,NO,NO,FALSE,FALSE,XBRL tag us-gaap:PaymentsToAcquirePropertyPlantAndEquipment; text check PASS. Same value also printed in 1 later filing(s).
OBS-MICROSOFT-00641,microsoft,Microsoft Corporation,FY2013,9M YTD,2012-07-01,2013-03-31,2013-Q1,2013-04-18,Additions to property and equipment,cash_purchases_of_ppe,"(2,463)",USD,millions,2463000000,SRC-IQ16-MICROSOFT-0001193125-13-160748,A,https://www.sec.gov/Archives/edgar/data/789019/000119312513160748/d497226d10q.htm,10-Q consolidated statements of cash flows,REPORTED,,Cash paid for property and equipment as printed in the cash-flow statement (investing).,NO,NO,NO,NO,FALSE,FALSE,XBRL tag us-gaap:PaymentsToAcquirePropertyPlantAndEquipment; text check PASS. Same value also printed in 1 later filing(s).
OBS-MICROSOFT-00642,microsoft,Microsoft Corporation,FY2013,FY,2012-07-01,2013-06-30,2013-Q2,2013-07-30,Additions to property and equipment,cash_purchases_of_ppe,"(4,257)",USD,millions,4257000000,SRC-IQ16-MICROSOFT-0001193125-13-310206,A,https://www.sec.gov/Archives/edgar/data/789019/000119312513310206/d527745d10k.htm,10-K consolidated statements of cash flows,REPORTED,,Cash paid for property and equipment as printed in the cash-flow statement (investing).,NO,NO,NO,NO,FALSE,FALSE,XBRL tag us-gaap:PaymentsToAcquirePropertyPlantAndEquipment; text check PASS. Same value also printed in 2 later filing(s).
OBS-MICROSOFT-00643,microsoft,Microsoft Corporation,FY2013,Q2,2012-10-01,2012-12-31,2012-Q4,2013-01-24,Additions to property and equipment,cash_purchases_of_ppe,(930),USD,millions,930000000,SRC-IQ16-MICROSOFT-0001193125-13-022207,A,https://www.sec.gov/Archives/edgar/data/789019/000119312513022207/d453668d10q.htm,10-Q consolidated statements of cash flows,REPORTED,,Cash paid for property and equipment as printed in the cash-flow statement (investing).,NO,NO,NO,NO,FALSE,FALSE,XBRL tag us-gaap:PaymentsToAcquirePropertyPlantAndEquipment; text check PASS. Same value also printed in 1 later filing(s).
OBS-MICROSOFT-00644,microsoft,Microsoft Corporation,FY2013,Q3,2013-01-01,2013-03-31,2013-Q1,2013-04-18,Additions to property and equipment,cash_purchases_of_ppe,(930),USD,millions,930000000,SRC-IQ16-MICROSOFT-0001193125-13-160748,A,https://www.sec.gov/Archives/edgar/data/789019/000119312513160748/d497226d10q.htm,10-Q consolidated statements of cash flows,REPORTED,,Cash paid for property and equipment as printed in the cash-flow statement (investing).,NO,NO,NO,NO,FALSE,FALSE,XBRL tag us-gaap:PaymentsToAcquirePropertyPlantAndEquipment; text check PASS. Same value also printed in 1 later filing(s).
OBS-MICROSOFT-00645,microsoft,Microsoft Corporation,FY2014,Q1,2013-07-01,2013-09-30,2013-Q3,2013-10-24,Additions to property and equipment,cash_purchases_of_ppe,"(1,231)",USD,millions,1231000000,SRC-IQ16-MICROSOFT-0001193125-13-409855,A,https://www.sec.gov/Archives/edgar/data/789019/000119312513409855/d594455d10q.htm,10-Q consolidated statements of cash flows,REPORTED,,Cash paid for property and equipment as printed in the cash-flow statement (investing).,NO,NO,NO,NO,FALSE,FALSE,XBRL tag us-gaap:PaymentsToAcquirePropertyPlantAndEquipment; text check PASS. Same value also printed in 1 later filing(s).
OBS-MICROSOFT-00646,microsoft,Microsoft Corporation,FY2014,H1 (6M YTD),2013-07-01,2013-12-31,2013-Q4,2014-01-23,Additions to property and equipment,cash_purchases_of_ppe,"(2,963)",USD,millions,2963000000,SRC-IQ16-MICROSOFT-0001193125-14-018634,A,https://www.sec.gov/Archives/edgar/data/789019/000119312514018634/d635047d10q.htm,10-Q consolidated statements of cash flows,REPORTED,,Cash paid for property and equipment as printed in the cash-flow statement (investing).,NO,NO,NO,NO,FALSE,FALSE,XBRL tag us-gaap:PaymentsToAcquirePropertyPlantAndEquipment; text check PASS. Same value also printed in 1 later filing(s).
OBS-MICROSOFT-00647,microsoft,Microsoft Corporation,FY2014,9M YTD,2013-07-01,2014-03-31,2014-Q1,2014-04-24,Additions to property and equipment,cash_purchases_of_ppe,"(4,155)",USD,millions,4155000000,SRC-IQ16-MICROSOFT-0001193125-14-157088,A,https://www.sec.gov/Archives/edgar/data/789019/000119312514157088/d695543d10q.htm,10-Q consolidated statements of cash flows,REPORTED,,Cash paid for property and equipment as printed in the cash-flow statement (investing).,NO,NO,NO,NO,FALSE,FALSE,XBRL tag us-gaap:PaymentsToAcquirePropertyPlantAndEquipment; text check PASS. Same value also printed in 1 later filing(s).
OBS-MICROSOFT-00648,microsoft,Microsoft Corporation,FY2014,FY,2013-07-01,2014-06-30,2014-Q2,2014-07-31,Additions to property and equipment,cash_purchases_of_ppe,"(5,485)",USD,millions,5485000000,SRC-IQ16-MICROSOFT-0001193125-14-289961,A,https://www.sec.gov/Archives/edgar/data/789019/000119312514289961/d722626d10k.htm,10-K consolidated statements of cash flows,REPORTED,,Cash paid for property and equipment as printed in the cash-flow statement (investing).,NO,NO,NO,NO,FALSE,FALSE,XBRL tag us-gaap:PaymentsToAcquirePropertyPlantAndEquipment; text check PASS. Same value also printed in 2 later filing(s).
OBS-MICROSOFT-00649,microsoft,Microsoft Corporation,FY2014,Q2,2013-10-01,2013-12-31,2013-Q4,2014-01-23,Additions to property and equipment,cash_purchases_of_ppe,"(1,732)",USD,millions,1732000000,SRC-IQ16-MICROSOFT-0001193125-14-018634,A,https://www.sec.gov/Archives/edgar/data/789019/000119312514018634/d635047d10q.htm,10-Q consolidated statements of cash flows,REPORTED,,Cash paid for property and equipment as printed in the cash-flow statement (investing).,NO,NO,NO,NO,FALSE,FALSE,XBRL tag us-gaap:PaymentsToAcquirePropertyPlantAndEquipment; text check PASS. Same value also printed in 1 later filing(s).
OBS-MICROSOFT-00650,microsoft,Microsoft Corporation,FY2014,Q3,2014-01-01,2014-03-31,2014-Q1,2014-04-24,Additions to property and equipment,cash_purchases_of_ppe,"(1,192)",USD,millions,1192000000,SRC-IQ16-MICROSOFT-0001193125-14-157088,A,https://www.sec.gov/Archives/edgar/data/789019/000119312514157088/d695543d10q.htm,10-Q consolidated statements of cash flows,REPORTED,,Cash paid for property and equipment as printed in the cash-flow statement (investing).,NO,NO,NO,NO,FALSE,FALSE,XBRL tag us-gaap:PaymentsToAcquirePropertyPlantAndEquipment; text check PASS. Same value also printed in 1 later filing(s).
OBS-MICROSOFT-00651,microsoft,Microsoft Corporation,FY2015,Q1,2014-07-01,2014-09-30,2014-Q3,2014-10-23,Additions to property and equipment,cash_purchases_of_ppe,"(1,282)",USD,millions,1282000000,SRC-IQ16-MICROSOFT-0001193125-14-380252,A,https://www.sec.gov/Archives/edgar/data/789019/000119312514380252/d770268d10q.htm,10-Q consolidated statements of cash flows,REPORTED,,Cash paid for property and equipment as printed in the cash-flow statement (investing).,NO,NO,NO,NO,FALSE,FALSE,XBRL tag us-gaap:PaymentsToAcquirePropertyPlantAndEquipment; text check PASS. Same value also printed in 1 later filing(s).
OBS-MICROSOFT-00652,microsoft,Microsoft Corporation,FY2015,H1 (6M YTD),2014-07-01,2014-12-31,2014-Q4,2015-01-26,Additions to property and equipment,cash_purchases_of_ppe,"(2,772)",USD,millions,2772000000,SRC-IQ16-MICROSOFT-0001193125-15-020351,A,https://www.sec.gov/Archives/edgar/data/789019/000119312515020351/d827041d10q.htm,10-Q consolidated statements of cash flows,REPORTED,,Cash paid for property and equipment as printed in the cash-flow statement (investing).,NO,NO,NO,NO,FALSE,FALSE,XBRL tag us-gaap:PaymentsToAcquirePropertyPlantAndEquipment; text check PASS. Same value also printed in 1 later filing(s).
OBS-MICROSOFT-00653,microsoft,Microsoft Corporation,FY2015,9M YTD,2014-07-01,2015-03-31,2015-Q1,2015-04-23,Additions to property and equipment,cash_purchases_of_ppe,"(4,163)",USD,millions,4163000000,SRC-IQ16-MICROSOFT-0001193125-15-144151,A,https://www.sec.gov/Archives/edgar/data/789019/000119312515144151/d860721d10q.htm,10-Q consolidated statements of cash flows,REPORTED,,Cash paid for property and equipment as printed in the cash-flow statement (investing).,NO,NO,NO,NO,FALSE,FALSE,XBRL tag us-gaap:PaymentsToAcquirePropertyPlantAndEquipment; text check PASS. Same value also printed in 1 later filing(s).
OBS-MICROSOFT-00654,microsoft,Microsoft Corporation,FY2015,FY,2014-07-01,2015-06-30,2015-Q2,2015-07-31,Additions to property and equipment,cash_purchases_of_ppe,"(5,944)",USD,millions,5944000000,SRC-IQ16-MICROSOFT-0001193125-15-272806,A,https://www.sec.gov/Archives/edgar/data/789019/000119312515272806/d918813d10k.htm,10-K consolidated statements of cash flows,REPORTED,,Cash paid for property and equipment as printed in the cash-flow statement (investing).,NO,NO,NO,NO,FALSE,FALSE,XBRL tag us-gaap:PaymentsToAcquirePropertyPlantAndEquipment; text check PASS. Same value also printed in 2 later filing(s).
OBS-MICROSOFT-00655,microsoft,Microsoft Corporation,FY2015,Q2,2014-10-01,2014-12-31,2014-Q4,2015-01-26,Additions to property and equipment,cash_purchases_of_ppe,"(1,490)",USD,millions,1490000000,SRC-IQ16-MICROSOFT-0001193125-15-020351,A,https://www.sec.gov/Archives/edgar/data/789019/000119312515020351/d827041d10q.htm,10-Q consolidated statements of cash flows,REPORTED,,Cash paid for property and equipment as printed in the cash-flow statement (investing).,NO,NO,NO,NO,FALSE,FALSE,XBRL tag us-gaap:PaymentsToAcquirePropertyPlantAndEquipment; text check PASS. Same value also printed in 1 later filing(s).
OBS-MICROSOFT-00656,microsoft,Microsoft Corporation,FY2015,Q3,2015-01-01,2015-03-31,2015-Q1,2015-04-23,Additions to property and equipment,cash_purchases_of_ppe,"(1,391)",USD,millions,1391000000,SRC-IQ16-MICROSOFT-0001193125-15-144151,A,https://www.sec.gov/Archives/edgar/data/789019/000119312515144151/d860721d10q.htm,10-Q consolidated statements of cash flows,REPORTED,,Cash paid for property and equipment as printed in the cash-flow statement (investing).,NO,NO,NO,NO,FALSE,FALSE,XBRL tag us-gaap:PaymentsToAcquirePropertyPlantAndEquipment; text check PASS. Same value also printed in 1 later filing(s).
OBS-MICROSOFT-00657,microsoft,Microsoft Corporation,FY2016,Q1,2015-07-01,2015-09-30,2015-Q3,2015-10-22,Additions to property and equipment,cash_purchases_of_ppe,"(1,356)",USD,millions,1356000000,SRC-IQ16-MICROSOFT-0001193125-15-350718,A,https://www.sec.gov/Archives/edgar/data/789019/000119312515350718/d83804d10q.htm,10-Q consolidated statements of cash flows,REPORTED,,Cash paid for property and equipment as printed in the cash-flow statement (investing).,NO,NO,NO,NO,FALSE,FALSE,XBRL tag us-gaap:PaymentsToAcquirePropertyPlantAndEquipment; text check PASS. Same value also printed in 1 later filing(s).
OBS-MICROSOFT-00658,microsoft,Microsoft Corporation,FY2016,H1 (6M YTD),2015-07-01,2015-12-31,2015-Q4,2016-01-28,Additions to property and equipment,cash_purchases_of_ppe,"(3,380)",USD,millions,3380000000,SRC-IQ16-MICROSOFT-0001193125-16-441821,A,https://www.sec.gov/Archives/edgar/data/789019/000119312516441821/d15167d10q.htm,10-Q consolidated statements of cash flows,REPORTED,,Cash paid for property and equipment as printed in the cash-flow statement (investing).,NO,NO,NO,NO,FALSE,FALSE,XBRL tag us-gaap:PaymentsToAcquirePropertyPlantAndEquipment; text check PASS. Same value also printed in 1 later filing(s).
OBS-MICROSOFT-00659,microsoft,Microsoft Corporation,FY2016,9M YTD,2015-07-01,2016-03-31,2016-Q1,2016-04-21,Additions to property and equipment,cash_purchases_of_ppe,"(5,688)",USD,millions,5688000000,SRC-IQ16-MICROSOFT-0001193125-16-550254,A,https://www.sec.gov/Archives/edgar/data/789019/000119312516550254/d256147d10q.htm,10-Q consolidated statements of cash flows,REPORTED,,Cash paid for property and equipment as printed in the cash-flow statement (investing).,NO,NO,NO,NO,FALSE,FALSE,XBRL tag us-gaap:PaymentsToAcquirePropertyPlantAndEquipment; text check PASS. Same value also printed in 1 later filing(s).
OBS-MICROSOFT-00660,microsoft,Microsoft Corporation,FY2016,FY,2015-07-01,2016-06-30,2016-Q2,2016-07-28,Additions to property and equipment,cash_purchases_of_ppe,"(8,343)",USD,millions,8343000000,SRC-IQ16-MICROSOFT-0001193125-16-662209,A,https://www.sec.gov/Archives/edgar/data/789019/000119312516662209/d187868d10k.htm,10-K consolidated statements of cash flows,REPORTED,,Cash paid for property and equipment as printed in the cash-flow statement (investing).,NO,NO,NO,NO,FALSE,FALSE,XBRL tag us-gaap:PaymentsToAcquirePropertyPlantAndEquipment; text check PASS. Same value also printed in 2 later filing(s).
OBS-MICROSOFT-00661,microsoft,Microsoft Corporation,FY2016,Q2,2015-10-01,2015-12-31,2015-Q4,2016-01-28,Additions to property and equipment,cash_purchases_of_ppe,"(2,024)",USD,millions,2024000000,SRC-IQ16-MICROSOFT-0001193125-16-441821,A,https://www.sec.gov/Archives/edgar/data/789019/000119312516441821/d15167d10q.htm,10-Q consolidated statements of cash flows,REPORTED,,Cash paid for property and equipment as printed in the cash-flow statement (investing).,NO,NO,NO,NO,FALSE,FALSE,XBRL tag us-gaap:PaymentsToAcquirePropertyPlantAndEquipment; text check PASS. Same value also printed in 1 later filing(s).
OBS-MICROSOFT-00662,microsoft,Microsoft Corporation,FY2016,Q3,2016-01-01,2016-03-31,2016-Q1,2016-04-21,Additions to property and equipment,cash_purchases_of_ppe,"(2,308)",USD,millions,2308000000,SRC-IQ16-MICROSOFT-0001193125-16-550254,A,https://www.sec.gov/Archives/edgar/data/789019/000119312516550254/d256147d10q.htm,10-Q consolidated statements of cash flows,REPORTED,,Cash paid for property and equipment as printed in the cash-flow statement (investing).,NO,NO,NO,NO,FALSE,FALSE,XBRL tag us-gaap:PaymentsToAcquirePropertyPlantAndEquipment; text check PASS. Same value also printed in 1 later filing(s).
OBS-MICROSOFT-00663,microsoft,Microsoft Corporation,FY2017,Q1,2016-07-01,2016-09-30,2016-Q3,2016-10-20,Additions to property and equipment,cash_purchases_of_ppe,"(2,163)",USD,millions,2163000000,SRC-IQ16-MICROSOFT-0001193125-16-742796,A,https://www.sec.gov/Archives/edgar/data/789019/000119312516742796/d245252d10q.htm,10-Q consolidated statements of cash flows,REPORTED,,Cash paid for property and equipment as printed in the cash-flow statement (investing).,NO,NO,NO,NO,FALSE,FALSE,XBRL tag us-gaap:PaymentsToAcquirePropertyPlantAndEquipment; text check PASS. Same value also printed in 1 later filing(s).
OBS-MICROSOFT-00664,microsoft,Microsoft Corporation,FY2017,H1 (6M YTD),2016-07-01,2016-12-31,2016-Q4,2017-01-26,Additions to property and equipment,cash_purchases_of_ppe,"(4,151)",USD,millions,4151000000,SRC-IQ16-MICROSOFT-0001564590-17-000654,A,https://www.sec.gov/Archives/edgar/data/789019/000156459017000654/msft-10q_20161231.htm,10-Q consolidated statements of cash flows,REPORTED,,Cash paid for property and equipment as printed in the cash-flow statement (investing).,NO,NO,NO,NO,FALSE,FALSE,XBRL tag us-gaap:PaymentsToAcquirePropertyPlantAndEquipment; text check PASS. Same value also printed in 1 later filing(s).
OBS-MICROSOFT-00665,microsoft,Microsoft Corporation,FY2017,9M YTD,2016-07-01,2017-03-31,2017-Q1,2017-04-27,Additions to property and equipment,cash_purchases_of_ppe,"(5,846)",USD,millions,5846000000,SRC-IQ16-MICROSOFT-0001564590-17-007547,A,https://www.sec.gov/Archives/edgar/data/789019/000156459017007547/msft-10q_20170331.htm,10-Q consolidated statements of cash flows,REPORTED,,Cash paid for property and equipment as printed in the cash-flow statement (investing).,NO,NO,NO,NO,FALSE,FALSE,XBRL tag us-gaap:PaymentsToAcquirePropertyPlantAndEquipment; text check PASS. Same value also printed in 1 later filing(s).
OBS-MICROSOFT-00666,microsoft,Microsoft Corporation,FY2017,FY,2016-07-01,2017-06-30,2017-Q2,2017-08-02,Additions to property and equipment,cash_purchases_of_ppe,"(8,129)",USD,millions,8129000000,SRC-IQ16-MICROSOFT-0001564590-17-014900,A,https://www.sec.gov/Archives/edgar/data/789019/000156459017014900/msft-10k_20170630.htm,10-K consolidated statements of cash flows,REPORTED,,Cash paid for property and equipment as printed in the cash-flow statement (investing).,NO,NO,NO,NO,FALSE,FALSE,XBRL tag us-gaap:PaymentsToAcquirePropertyPlantAndEquipment; text check PASS. Same value also printed in 2 later filing(s).
OBS-MICROSOFT-00667,microsoft,Microsoft Corporation,FY2017,Q2,2016-10-01,2016-12-31,2016-Q4,2017-01-26,Additions to property and equipment,cash_purchases_of_ppe,"(1,988)",USD,millions,1988000000,SRC-IQ16-MICROSOFT-0001564590-17-000654,A,https://www.sec.gov/Archives/edgar/data/789019/000156459017000654/msft-10q_20161231.htm,10-Q consolidated statements of cash flows,REPORTED,,Cash paid for property and equipment as printed in the cash-flow statement (investing).,NO,NO,NO,NO,FALSE,FALSE,XBRL tag us-gaap:PaymentsToAcquirePropertyPlantAndEquipment; text check PASS. Same value also printed in 1 later filing(s).
OBS-MICROSOFT-00668,microsoft,Microsoft Corporation,FY2017,Q3,2017-01-01,2017-03-31,2017-Q1,2017-04-27,Additions to property and equipment,cash_purchases_of_ppe,"(1,695)",USD,millions,1695000000,SRC-IQ16-MICROSOFT-0001564590-17-007547,A,https://www.sec.gov/Archives/edgar/data/789019/000156459017007547/msft-10q_20170331.htm,10-Q consolidated statements of cash flows,REPORTED,,Cash paid for property and equipment as printed in the cash-flow statement (investing).,NO,NO,NO,NO,FALSE,FALSE,XBRL tag us-gaap:PaymentsToAcquirePropertyPlantAndEquipment; text check PASS. Same value also printed in 1 later filing(s).
OBS-MICROSOFT-00669,microsoft,Microsoft Corporation,FY2018,Q1,2017-07-01,2017-09-30,2017-Q3,2017-10-26,Additions to property and equipment,cash_purchases_of_ppe,"(2,132)",USD,millions,2132000000,SRC-IQ16-MICROSOFT-0001564590-17-020171,A,https://www.sec.gov/Archives/edgar/data/789019/000156459017020171/msft-10q_20170930.htm,10-Q consolidated statements of cash flows,REPORTED,,Cash paid for property and equipment as printed in the cash-flow statement (investing).,NO,NO,NO,NO,FALSE,FALSE,XBRL tag us-gaap:PaymentsToAcquirePropertyPlantAndEquipment; text check PASS. Same value also printed in 1 later filing(s).
OBS-MICROSOFT-00670,microsoft,Microsoft Corporation,FY2018,H1 (6M YTD),2017-07-01,2017-12-31,2017-Q4,2018-01-31,Additions to property and equipment,cash_purchases_of_ppe,"(4,718)",USD,millions,4718000000,SRC-IQ16-MICROSOFT-0001564590-18-001129,A,https://www.sec.gov/Archives/edgar/data/789019/000156459018001129/msft-10q_20171231.htm,10-Q consolidated statements of cash flows,REPORTED,,Cash paid for property and equipment as printed in the cash-flow statement (investing).,NO,NO,NO,NO,FALSE,FALSE,XBRL tag us-gaap:PaymentsToAcquirePropertyPlantAndEquipment; text check PASS. Same value also printed in 1 later filing(s).
OBS-MICROSOFT-00671,microsoft,Microsoft Corporation,FY2018,9M YTD,2017-07-01,2018-03-31,2018-Q1,2018-04-26,Additions to property and equipment,cash_purchases_of_ppe,"(7,652)",USD,millions,7652000000,SRC-IQ16-MICROSOFT-0001564590-18-009307,A,https://www.sec.gov/Archives/edgar/data/789019/000156459018009307/msft-10q_20180331.htm,10-Q consolidated statements of cash flows,REPORTED,,Cash paid for property and equipment as printed in the cash-flow statement (investing).,NO,NO,NO,NO,FALSE,FALSE,XBRL tag us-gaap:PaymentsToAcquirePropertyPlantAndEquipment; text check PASS. Same value also printed in 1 later filing(s).
OBS-MICROSOFT-00672,microsoft,Microsoft Corporation,FY2018,FY,2017-07-01,2018-06-30,2018-Q2,2018-08-03,Additions to property and equipment,cash_purchases_of_ppe,"(11,632)",USD,millions,11632000000,SRC-IQ16-MICROSOFT-0001564590-18-019062,A,https://www.sec.gov/Archives/edgar/data/789019/000156459018019062/msft-10k_20180630.htm,10-K consolidated statements of cash flows,REPORTED,,Cash paid for property and equipment as printed in the cash-flow statement (investing).,NO,NO,NO,NO,FALSE,FALSE,XBRL tag us-gaap:PaymentsToAcquirePropertyPlantAndEquipment; text check PASS. Same value also printed in 2 later filing(s).
OBS-MICROSOFT-00673,microsoft,Microsoft Corporation,FY2018,Q2,2017-10-01,2017-12-31,2017-Q4,2018-01-31,Additions to property and equipment,cash_purchases_of_ppe,"(2,586)",USD,millions,2586000000,SRC-IQ16-MICROSOFT-0001564590-18-001129,A,https://www.sec.gov/Archives/edgar/data/789019/000156459018001129/msft-10q_20171231.htm,10-Q consolidated statements of cash flows,REPORTED,,Cash paid for property and equipment as printed in the cash-flow statement (investing).,NO,NO,NO,NO,FALSE,FALSE,XBRL tag us-gaap:PaymentsToAcquirePropertyPlantAndEquipment; text check PASS. Same value also printed in 1 later filing(s).
OBS-MICROSOFT-00674,microsoft,Microsoft Corporation,FY2018,Q3,2018-01-01,2018-03-31,2018-Q1,2018-04-26,Additions to property and equipment,cash_purchases_of_ppe,"(2,934)",USD,millions,2934000000,SRC-IQ16-MICROSOFT-0001564590-18-009307,A,https://www.sec.gov/Archives/edgar/data/789019/000156459018009307/msft-10q_20180331.htm,10-Q consolidated statements of cash flows,REPORTED,,Cash paid for property and equipment as printed in the cash-flow statement (investing).,NO,NO,NO,NO,FALSE,FALSE,XBRL tag us-gaap:PaymentsToAcquirePropertyPlantAndEquipment; text check PASS. Same value also printed in 1 later filing(s).
OBS-MICROSOFT-00675,microsoft,Microsoft Corporation,FY2019,Q1,2018-07-01,2018-09-30,2018-Q3,2018-10-24,Additions to property and equipment,cash_purchases_of_ppe,"(3,602)",USD,millions,3602000000,SRC-IQ16-MICROSOFT-0001564590-18-024893,A,https://www.sec.gov/Archives/edgar/data/789019/000156459018024893/msft-10q_20180930.htm,10-Q consolidated statements of cash flows,REPORTED,,Cash paid for property and equipment as printed in the cash-flow statement (investing).,NO,NO,NO,NO,FALSE,FALSE,XBRL tag us-gaap:PaymentsToAcquirePropertyPlantAndEquipment; text check PASS. Same value also printed in 1 later filing(s).
OBS-MICROSOFT-00676,microsoft,Microsoft Corporation,FY2019,H1 (6M YTD),2018-07-01,2018-12-31,2018-Q4,2019-01-30,Additions to property and equipment,cash_purchases_of_ppe,"(7,309)",USD,millions,7309000000,SRC-IQ16-MICROSOFT-0001564590-19-001392,A,https://www.sec.gov/Archives/edgar/data/789019/000156459019001392/msft-10q_20181231.htm,10-Q consolidated statements of cash flows,REPORTED,,Cash paid for property and equipment as printed in the cash-flow statement (investing).,NO,NO,NO,NO,FALSE,FALSE,XBRL tag us-gaap:PaymentsToAcquirePropertyPlantAndEquipment; text check PASS. Same value also printed in 1 later filing(s).
OBS-MICROSOFT-00677,microsoft,Microsoft Corporation,FY2019,9M YTD,2018-07-01,2019-03-31,2019-Q1,2019-04-24,Additions to property and equipment,cash_purchases_of_ppe,"(9,874)",USD,millions,9874000000,SRC-IQ16-MICROSOFT-0001564590-19-012709,A,https://www.sec.gov/Archives/edgar/data/789019/000156459019012709/msft-10q_20190331.htm,10-Q consolidated statements of cash flows,REPORTED,,Cash paid for property and equipment as printed in the cash-flow statement (investing).,NO,NO,NO,NO,FALSE,FALSE,XBRL tag us-gaap:PaymentsToAcquirePropertyPlantAndEquipment; text check PASS. Same value also printed in 1 later filing(s).
OBS-MICROSOFT-00678,microsoft,Microsoft Corporation,FY2019,FY,2018-07-01,2019-06-30,2019-Q2,2019-08-01,Additions to property and equipment,cash_purchases_of_ppe,"(13,925)",USD,millions,13925000000,SRC-IQ16-MICROSOFT-0001564590-19-027952,A,https://www.sec.gov/Archives/edgar/data/789019/000156459019027952/msft-10k_20190630.htm,10-K consolidated statements of cash flows,REPORTED,,Cash paid for property and equipment as printed in the cash-flow statement (investing).,NO,NO,NO,NO,FALSE,FALSE,XBRL tag us-gaap:PaymentsToAcquirePropertyPlantAndEquipment; text check PASS. Same value also printed in 2 later filing(s).
OBS-MICROSOFT-00679,microsoft,Microsoft Corporation,FY2019,Q2,2018-10-01,2018-12-31,2018-Q4,2019-01-30,Additions to property and equipment,cash_purchases_of_ppe,"(3,707)",USD,millions,3707000000,SRC-IQ16-MICROSOFT-0001564590-19-001392,A,https://www.sec.gov/Archives/edgar/data/789019/000156459019001392/msft-10q_20181231.htm,10-Q consolidated statements of cash flows,REPORTED,,Cash paid for property and equipment as printed in the cash-flow statement (investing).,NO,NO,NO,NO,FALSE,FALSE,XBRL tag us-gaap:PaymentsToAcquirePropertyPlantAndEquipment; text check PASS. Same value also printed in 1 later filing(s).
OBS-MICROSOFT-00680,microsoft,Microsoft Corporation,FY2019,Q3,2019-01-01,2019-03-31,2019-Q1,2019-04-24,Additions to property and equipment,cash_purchases_of_ppe,"(2,565)",USD,millions,2565000000,SRC-IQ16-MICROSOFT-0001564590-19-012709,A,https://www.sec.gov/Archives/edgar/data/789019/000156459019012709/msft-10q_20190331.htm,10-Q consolidated statements of cash flows,REPORTED,,Cash paid for property and equipment as printed in the cash-flow statement (investing).,NO,NO,NO,NO,FALSE,FALSE,XBRL tag us-gaap:PaymentsToAcquirePropertyPlantAndEquipment; text check PASS. Same value also printed in 1 later filing(s).
OBS-MICROSOFT-00681,microsoft,Microsoft Corporation,FY2020,Q1,2019-07-01,2019-09-30,2019-Q3,2019-10-23,Additions to property and equipment,cash_purchases_of_ppe,"(3,385)",USD,millions,3385000000,SRC-IQ16-MICROSOFT-0001564590-19-037549,A,https://www.sec.gov/Archives/edgar/data/789019/000156459019037549/msft-10q_20190930.htm,10-Q consolidated statements of cash flows,REPORTED,,Cash paid for property and equipment as printed in the cash-flow statement (investing).,NO,NO,NO,NO,FALSE,FALSE,XBRL tag us-gaap:PaymentsToAcquirePropertyPlantAndEquipment; text check PASS. Same value also printed in 1 later filing(s).
OBS-MICROSOFT-00682,microsoft,Microsoft Corporation,FY2020,H1 (6M YTD),2019-07-01,2019-12-31,2019-Q4,2020-01-29,Additions to property and equipment,cash_purchases_of_ppe,"(6,930)",USD,millions,6930000000,SRC-IQ16-MICROSOFT-0001564590-20-002450,A,https://www.sec.gov/Archives/edgar/data/789019/000156459020002450/msft-10q_20191231.htm,10-Q consolidated statements of cash flows,REPORTED,,Cash paid for property and equipment as printed in the cash-flow statement (investing).,NO,NO,NO,NO,FALSE,FALSE,XBRL tag us-gaap:PaymentsToAcquirePropertyPlantAndEquipment; text check PASS. Same value also printed in 1 later filing(s).
OBS-MICROSOFT-00683,microsoft,Microsoft Corporation,FY2020,9M YTD,2019-07-01,2020-03-31,2020-Q1,2020-04-29,Additions to property and equipment,cash_purchases_of_ppe,"(10,697)",USD,millions,10697000000,SRC-IQ16-MICROSOFT-0001564590-20-019706,A,https://www.sec.gov/Archives/edgar/data/789019/000156459020019706/msft-10q_20200331.htm,10-Q consolidated statements of cash flows,REPORTED,,Cash paid for property and equipment as printed in the cash-flow statement (investing).,NO,NO,NO,NO,FALSE,FALSE,XBRL tag us-gaap:PaymentsToAcquirePropertyPlantAndEquipment; text check PASS. Same value also printed in 1 later filing(s).
OBS-MICROSOFT-00684,microsoft,Microsoft Corporation,FY2020,FY,2019-07-01,2020-06-30,2020-Q2,2020-07-30,Additions to property and equipment,cash_purchases_of_ppe,"(15,441)",USD,millions,15441000000,SRC-IQ16-MICROSOFT-0001564590-20-034944,A,https://www.sec.gov/Archives/edgar/data/789019/000156459020034944/msft-10k_20200630.htm,10-K consolidated statements of cash flows,REPORTED,,Cash paid for property and equipment as printed in the cash-flow statement (investing).,NO,NO,NO,NO,FALSE,FALSE,XBRL tag us-gaap:PaymentsToAcquirePropertyPlantAndEquipment; text check PASS. Same value also printed in 2 later filing(s).
OBS-MICROSOFT-00685,microsoft,Microsoft Corporation,FY2020,Q2,2019-10-01,2019-12-31,2019-Q4,2020-01-29,Additions to property and equipment,cash_purchases_of_ppe,"(3,545)",USD,millions,3545000000,SRC-IQ16-MICROSOFT-0001564590-20-002450,A,https://www.sec.gov/Archives/edgar/data/789019/000156459020002450/msft-10q_20191231.htm,10-Q consolidated statements of cash flows,REPORTED,,Cash paid for property and equipment as printed in the cash-flow statement (investing).,NO,NO,NO,NO,FALSE,FALSE,XBRL tag us-gaap:PaymentsToAcquirePropertyPlantAndEquipment; text check PASS. Same value also printed in 1 later filing(s).
OBS-MICROSOFT-00686,microsoft,Microsoft Corporation,FY2020,Q3,2020-01-01,2020-03-31,2020-Q1,2020-04-29,Additions to property and equipment,cash_purchases_of_ppe,"(3,767)",USD,millions,3767000000,SRC-IQ16-MICROSOFT-0001564590-20-019706,A,https://www.sec.gov/Archives/edgar/data/789019/000156459020019706/msft-10q_20200331.htm,10-Q consolidated statements of cash flows,REPORTED,,Cash paid for property and equipment as printed in the cash-flow statement (investing).,NO,NO,NO,NO,FALSE,FALSE,XBRL tag us-gaap:PaymentsToAcquirePropertyPlantAndEquipment; text check PASS. Same value also printed in 1 later filing(s).
OBS-MICROSOFT-00687,microsoft,Microsoft Corporation,FY2021,Q1,2020-07-01,2020-09-30,2020-Q3,2020-10-27,Additions to property and equipment,cash_purchases_of_ppe,"(4,907)",USD,millions,4907000000,SRC-IQ16-MICROSOFT-0001564590-20-047996,A,https://www.sec.gov/Archives/edgar/data/789019/000156459020047996/msft-10q_20200930.htm,10-Q consolidated statements of cash flows,REPORTED,,Cash paid for property and equipment as printed in the cash-flow statement (investing).,NO,NO,NO,NO,FALSE,FALSE,XBRL tag us-gaap:PaymentsToAcquirePropertyPlantAndEquipment; text check PASS. Same value also printed in 1 later filing(s).
OBS-MICROSOFT-00688,microsoft,Microsoft Corporation,FY2021,H1 (6M YTD),2020-07-01,2020-12-31,2020-Q4,2021-01-26,Additions to property and equipment,cash_purchases_of_ppe,"(9,081)",USD,millions,9081000000,SRC-IQ16-MICROSOFT-0001564590-21-002316,A,https://www.sec.gov/Archives/edgar/data/789019/000156459021002316/msft-10q_20201231.htm,10-Q consolidated statements of cash flows,REPORTED,,Cash paid for property and equipment as printed in the cash-flow statement (investing).,NO,NO,NO,NO,FALSE,FALSE,XBRL tag us-gaap:PaymentsToAcquirePropertyPlantAndEquipment; text check PASS. Same value also printed in 1 later filing(s).
OBS-MICROSOFT-00689,microsoft,Microsoft Corporation,FY2021,9M YTD,2020-07-01,2021-03-31,2021-Q1,2021-04-27,Additions to property and equipment,cash_purchases_of_ppe,"(14,170)",USD,millions,14170000000,SRC-IQ16-MICROSOFT-0001564590-21-020891,A,https://www.sec.gov/Archives/edgar/data/789019/000156459021020891/msft-10q_20210331.htm,10-Q consolidated statements of cash flows,REPORTED,,Cash paid for property and equipment as printed in the cash-flow statement (investing).,NO,NO,NO,NO,FALSE,FALSE,XBRL tag us-gaap:PaymentsToAcquirePropertyPlantAndEquipment; text check PASS. Same value also printed in 1 later filing(s).
OBS-MICROSOFT-00690,microsoft,Microsoft Corporation,FY2021,FY,2020-07-01,2021-06-30,2021-Q2,2021-07-29,Additions to property and equipment,cash_purchases_of_ppe,"(20,622)",USD,millions,20622000000,SRC-IQ16-MICROSOFT-0001564590-21-039151,A,https://www.sec.gov/Archives/edgar/data/789019/000156459021039151/msft-10k_20210630.htm,10-K consolidated statements of cash flows,REPORTED,,Cash paid for property and equipment as printed in the cash-flow statement (investing).,NO,NO,NO,NO,FALSE,FALSE,XBRL tag us-gaap:PaymentsToAcquirePropertyPlantAndEquipment; text check PASS. Same value also printed in 2 later filing(s).
OBS-MICROSOFT-00691,microsoft,Microsoft Corporation,FY2021,Q2,2020-10-01,2020-12-31,2020-Q4,2021-01-26,Additions to property and equipment,cash_purchases_of_ppe,"(4,174)",USD,millions,4174000000,SRC-IQ16-MICROSOFT-0001564590-21-002316,A,https://www.sec.gov/Archives/edgar/data/789019/000156459021002316/msft-10q_20201231.htm,10-Q consolidated statements of cash flows,REPORTED,,Cash paid for property and equipment as printed in the cash-flow statement (investing).,NO,NO,NO,NO,FALSE,FALSE,XBRL tag us-gaap:PaymentsToAcquirePropertyPlantAndEquipment; text check PASS. Same value also printed in 1 later filing(s).
OBS-MICROSOFT-00692,microsoft,Microsoft Corporation,FY2021,Q3,2021-01-01,2021-03-31,2021-Q1,2021-04-27,Additions to property and equipment,cash_purchases_of_ppe,"(5,089)",USD,millions,5089000000,SRC-IQ16-MICROSOFT-0001564590-21-020891,A,https://www.sec.gov/Archives/edgar/data/789019/000156459021020891/msft-10q_20210331.htm,10-Q consolidated statements of cash flows,REPORTED,,Cash paid for property and equipment as printed in the cash-flow statement (investing).,NO,NO,NO,NO,FALSE,FALSE,XBRL tag us-gaap:PaymentsToAcquirePropertyPlantAndEquipment; text check PASS. Same value also printed in 1 later filing(s).
OBS-MICROSOFT-00693,microsoft,Microsoft Corporation,FY2022,Q1,2021-07-01,2021-09-30,2021-Q3,2021-10-26,Additions to property and equipment,cash_purchases_of_ppe,"(5,810)",USD,millions,5810000000,SRC-IQ16-MICROSOFT-0001564590-21-051992,A,https://www.sec.gov/Archives/edgar/data/789019/000156459021051992/msft-10q_20210930.htm,10-Q consolidated statements of cash flows,REPORTED,,Cash paid for property and equipment as printed in the cash-flow statement (investing).,NO,NO,NO,NO,FALSE,FALSE,XBRL tag us-gaap:PaymentsToAcquirePropertyPlantAndEquipment; text check PASS. Same value also printed in 1 later filing(s).
OBS-MICROSOFT-00694,microsoft,Microsoft Corporation,FY2022,H1 (6M YTD),2021-07-01,2021-12-31,2021-Q4,2022-01-25,Additions to property and equipment,cash_purchases_of_ppe,"(11,675)",USD,millions,11675000000,SRC-IQ16-MICROSOFT-0001564590-22-002324,A,https://www.sec.gov/Archives/edgar/data/789019/000156459022002324/msft-10q_20211231.htm,10-Q consolidated statements of cash flows,REPORTED,,Cash paid for property and equipment as printed in the cash-flow statement (investing).,NO,NO,NO,NO,FALSE,FALSE,XBRL tag us-gaap:PaymentsToAcquirePropertyPlantAndEquipment; text check PASS. Same value also printed in 1 later filing(s).
OBS-MICROSOFT-00695,microsoft,Microsoft Corporation,FY2022,9M YTD,2021-07-01,2022-03-31,2022-Q1,2022-04-26,Additions to property and equipment,cash_purchases_of_ppe,"(17,015)",USD,millions,17015000000,SRC-IQ16-MICROSOFT-0001564590-22-015675,A,https://www.sec.gov/Archives/edgar/data/789019/000156459022015675/msft-10q_20220331.htm,10-Q consolidated statements of cash flows,REPORTED,,Cash paid for property and equipment as printed in the cash-flow statement (investing).,NO,NO,NO,NO,FALSE,FALSE,XBRL tag us-gaap:PaymentsToAcquirePropertyPlantAndEquipment; text check PASS. Same value also printed in 1 later filing(s).
OBS-MICROSOFT-00696,microsoft,Microsoft Corporation,FY2022,FY,2021-07-01,2022-06-30,2022-Q2,2022-07-28,Additions to property and equipment,cash_purchases_of_ppe,"(23,886)",USD,millions,23886000000,SRC-IQ16-MICROSOFT-0001564590-22-026876,A,https://www.sec.gov/Archives/edgar/data/789019/000156459022026876/msft-10k_20220630.htm,10-K consolidated statements of cash flows,REPORTED,,Cash paid for property and equipment as printed in the cash-flow statement (investing).,NO,NO,NO,NO,FALSE,FALSE,XBRL tag us-gaap:PaymentsToAcquirePropertyPlantAndEquipment; text check PASS. Same value also printed in 2 later filing(s).
OBS-MICROSOFT-00697,microsoft,Microsoft Corporation,FY2022,Q2,2021-10-01,2021-12-31,2021-Q4,2022-01-25,Additions to property and equipment,cash_purchases_of_ppe,"(5,865)",USD,millions,5865000000,SRC-IQ16-MICROSOFT-0001564590-22-002324,A,https://www.sec.gov/Archives/edgar/data/789019/000156459022002324/msft-10q_20211231.htm,10-Q consolidated statements of cash flows,REPORTED,,Cash paid for property and equipment as printed in the cash-flow statement (investing).,NO,NO,NO,NO,FALSE,FALSE,XBRL tag us-gaap:PaymentsToAcquirePropertyPlantAndEquipment; text check PASS. Same value also printed in 1 later filing(s).
OBS-MICROSOFT-00698,microsoft,Microsoft Corporation,FY2022,Q3,2022-01-01,2022-03-31,2022-Q1,2022-04-26,Additions to property and equipment,cash_purchases_of_ppe,"(5,340)",USD,millions,5340000000,SRC-IQ16-MICROSOFT-0001564590-22-015675,A,https://www.sec.gov/Archives/edgar/data/789019/000156459022015675/msft-10q_20220331.htm,10-Q consolidated statements of cash flows,REPORTED,,Cash paid for property and equipment as printed in the cash-flow statement (investing).,NO,NO,NO,NO,FALSE,FALSE,XBRL tag us-gaap:PaymentsToAcquirePropertyPlantAndEquipment; text check PASS. Same value also printed in 1 later filing(s).
OBS-MICROSOFT-00699,microsoft,Microsoft Corporation,FY2023,Q1,2022-07-01,2022-09-30,2022-Q3,2022-10-25,Additions to property and equipment,cash_purchases_of_ppe,"(6,283)",USD,millions,6283000000,SRC-IQ16-MICROSOFT-0001564590-22-035087,A,https://www.sec.gov/Archives/edgar/data/789019/000156459022035087/msft-10q_20220930.htm,10-Q consolidated statements of cash flows,REPORTED,,Cash paid for property and equipment as printed in the cash-flow statement (investing).,NO,NO,NO,NO,FALSE,FALSE,XBRL tag us-gaap:PaymentsToAcquirePropertyPlantAndEquipment; text check PASS. Same value also printed in 1 later filing(s).
OBS-MICROSOFT-00700,microsoft,Microsoft Corporation,FY2023,H1 (6M YTD),2022-07-01,2022-12-31,2022-Q4,2023-01-24,Additions to property and equipment,cash_purchases_of_ppe,"(12,557)",USD,millions,12557000000,SRC-IQ16-MICROSOFT-0001564590-23-000733,A,https://www.sec.gov/Archives/edgar/data/789019/000156459023000733/msft-10q_20221231.htm,10-Q consolidated statements of cash flows,REPORTED,,Cash paid for property and equipment as printed in the cash-flow statement (investing).,NO,NO,NO,NO,FALSE,FALSE,XBRL tag us-gaap:PaymentsToAcquirePropertyPlantAndEquipment; text check PASS. Same value also printed in 1 later filing(s).
OBS-MICROSOFT-00701,microsoft,Microsoft Corporation,FY2023,9M YTD,2022-07-01,2023-03-31,2023-Q1,2023-04-25,Additions to property and equipment,cash_purchases_of_ppe,"(19,164)",USD,millions,19164000000,SRC-IQ16-MICROSOFT-0000950170-23-014423,A,https://www.sec.gov/Archives/edgar/data/789019/000095017023014423/msft-20230331.htm,10-Q consolidated statements of cash flows,REPORTED,,Cash paid for property and equipment as printed in the cash-flow statement (investing).,NO,NO,NO,NO,FALSE,FALSE,XBRL tag us-gaap:PaymentsToAcquirePropertyPlantAndEquipment; text check PASS. Same value also printed in 1 later filing(s).
OBS-MICROSOFT-00702,microsoft,Microsoft Corporation,FY2023,FY,2022-07-01,2023-06-30,2023-Q2,2023-07-27,Additions to property and equipment,cash_purchases_of_ppe,"(28,107)",USD,millions,28107000000,SRC-IQ16-MICROSOFT-0000950170-23-035122,A,https://www.sec.gov/Archives/edgar/data/789019/000095017023035122/msft-20230630.htm,10-K consolidated statements of cash flows,REPORTED,,Cash paid for property and equipment as printed in the cash-flow statement (investing).,NO,NO,NO,NO,FALSE,FALSE,XBRL tag us-gaap:PaymentsToAcquirePropertyPlantAndEquipment; text check PASS. Same value also printed in 2 later filing(s).
OBS-MICROSOFT-00703,microsoft,Microsoft Corporation,FY2023,Q2,2022-10-01,2022-12-31,2022-Q4,2023-01-24,Additions to property and equipment,cash_purchases_of_ppe,"(6,274)",USD,millions,6274000000,SRC-IQ16-MICROSOFT-0001564590-23-000733,A,https://www.sec.gov/Archives/edgar/data/789019/000156459023000733/msft-10q_20221231.htm,10-Q consolidated statements of cash flows,REPORTED,,Cash paid for property and equipment as printed in the cash-flow statement (investing).,NO,NO,NO,NO,FALSE,FALSE,XBRL tag us-gaap:PaymentsToAcquirePropertyPlantAndEquipment; text check PASS. Same value also printed in 1 later filing(s).
OBS-MICROSOFT-00704,microsoft,Microsoft Corporation,FY2023,Q3,2023-01-01,2023-03-31,2023-Q1,2023-04-25,Additions to property and equipment,cash_purchases_of_ppe,"(6,607)",USD,millions,6607000000,SRC-IQ16-MICROSOFT-0000950170-23-014423,A,https://www.sec.gov/Archives/edgar/data/789019/000095017023014423/msft-20230331.htm,10-Q consolidated statements of cash flows,REPORTED,,Cash paid for property and equipment as printed in the cash-flow statement (investing).,NO,NO,NO,NO,FALSE,FALSE,XBRL tag us-gaap:PaymentsToAcquirePropertyPlantAndEquipment; text check PASS. Same value also printed in 1 later filing(s).
OBS-MICROSOFT-00705,microsoft,Microsoft Corporation,FY2024,Q1,2023-07-01,2023-09-30,2023-Q3,2023-10-24,Additions to property and equipment,cash_purchases_of_ppe,"(9,917)",USD,millions,9917000000,SRC-IQ16-MICROSOFT-0000950170-23-054855,A,https://www.sec.gov/Archives/edgar/data/789019/000095017023054855/msft-20230930.htm,10-Q consolidated statements of cash flows,REPORTED,,Cash paid for property and equipment as printed in the cash-flow statement (investing).,NO,NO,NO,NO,FALSE,FALSE,XBRL tag us-gaap:PaymentsToAcquirePropertyPlantAndEquipment; text check PASS. Same value also printed in 1 later filing(s).
OBS-MICROSOFT-00706,microsoft,Microsoft Corporation,FY2024,H1 (6M YTD),2023-07-01,2023-12-31,2023-Q4,2024-01-30,Additions to property and equipment,cash_purchases_of_ppe,"(19,652)",USD,millions,19652000000,SRC-IQ16-MICROSOFT-0000950170-24-008814,A,https://www.sec.gov/Archives/edgar/data/789019/000095017024008814/msft-20231231.htm,10-Q consolidated statements of cash flows,REPORTED,,Cash paid for property and equipment as printed in the cash-flow statement (investing).,NO,NO,NO,NO,FALSE,FALSE,XBRL tag us-gaap:PaymentsToAcquirePropertyPlantAndEquipment; text check PASS. Same value also printed in 1 later filing(s).
OBS-MICROSOFT-00707,microsoft,Microsoft Corporation,FY2024,9M YTD,2023-07-01,2024-03-31,2024-Q1,2024-04-25,Additions to property and equipment,cash_purchases_of_ppe,"(30,604)",USD,millions,30604000000,SRC-IQ16-MICROSOFT-0000950170-24-048288,A,https://www.sec.gov/Archives/edgar/data/789019/000095017024048288/msft-20240331.htm,10-Q consolidated statements of cash flows,REPORTED,,Cash paid for property and equipment as printed in the cash-flow statement (investing).,NO,NO,NO,NO,FALSE,FALSE,XBRL tag us-gaap:PaymentsToAcquirePropertyPlantAndEquipment; text check PASS. Same value also printed in 1 later filing(s).
OBS-MICROSOFT-00708,microsoft,Microsoft Corporation,FY2024,FY,2023-07-01,2024-06-30,2024-Q2,2024-07-30,Additions to property and equipment,cash_purchases_of_ppe,"(44,477)",USD,millions,44477000000,SRC-IQ16-MICROSOFT-0000950170-24-087843,A,https://www.sec.gov/Archives/edgar/data/789019/000095017024087843/msft-20240630.htm,10-K consolidated statements of cash flows,REPORTED,,Cash paid for property and equipment as printed in the cash-flow statement (investing).,NO,NO,NO,NO,FALSE,FALSE,XBRL tag us-gaap:PaymentsToAcquirePropertyPlantAndEquipment; text check PASS. Same value also printed in 2 later filing(s).
OBS-MICROSOFT-00709,microsoft,Microsoft Corporation,FY2024,Q2,2023-10-01,2023-12-31,2023-Q4,2024-01-30,Additions to property and equipment,cash_purchases_of_ppe,"(9,735)",USD,millions,9735000000,SRC-IQ16-MICROSOFT-0000950170-24-008814,A,https://www.sec.gov/Archives/edgar/data/789019/000095017024008814/msft-20231231.htm,10-Q consolidated statements of cash flows,REPORTED,,Cash paid for property and equipment as printed in the cash-flow statement (investing).,NO,NO,NO,NO,FALSE,FALSE,XBRL tag us-gaap:PaymentsToAcquirePropertyPlantAndEquipment; text check PASS. Same value also printed in 1 later filing(s).
OBS-MICROSOFT-00710,microsoft,Microsoft Corporation,FY2024,Q3,2024-01-01,2024-03-31,2024-Q1,2024-04-25,Additions to property and equipment,cash_purchases_of_ppe,"(10,952)",USD,millions,10952000000,SRC-IQ16-MICROSOFT-0000950170-24-048288,A,https://www.sec.gov/Archives/edgar/data/789019/000095017024048288/msft-20240331.htm,10-Q consolidated statements of cash flows,REPORTED,,Cash paid for property and equipment as printed in the cash-flow statement (investing).,NO,NO,NO,NO,FALSE,FALSE,XBRL tag us-gaap:PaymentsToAcquirePropertyPlantAndEquipment; text check PASS. Same value also printed in 1 later filing(s).
OBS-MICROSOFT-00711,microsoft,Microsoft Corporation,FY2025,Q1,2024-07-01,2024-09-30,2024-Q3,2024-10-30,Additions to property and equipment,cash_purchases_of_ppe,"(14,923)",USD,millions,14923000000,SRC-IQ16-MICROSOFT-0000950170-24-118967,A,https://www.sec.gov/Archives/edgar/data/789019/000095017024118967/msft-20240930.htm,10-Q consolidated statements of cash flows,REPORTED,,Cash paid for property and equipment as printed in the cash-flow statement (investing).,NO,NO,NO,NO,FALSE,FALSE,XBRL tag us-gaap:PaymentsToAcquirePropertyPlantAndEquipment; text check PASS. Same value also printed in 1 later filing(s).
OBS-MICROSOFT-00712,microsoft,Microsoft Corporation,FY2025,H1 (6M YTD),2024-07-01,2024-12-31,2024-Q4,2025-01-29,Additions to property and equipment,cash_purchases_of_ppe,"(30,727)",USD,millions,30727000000,SRC-IQ16-MICROSOFT-0000950170-25-010491,A,https://www.sec.gov/Archives/edgar/data/789019/000095017025010491/msft-20241231.htm,10-Q consolidated statements of cash flows,REPORTED,,Cash paid for property and equipment as printed in the cash-flow statement (investing).,NO,NO,NO,NO,FALSE,FALSE,XBRL tag us-gaap:PaymentsToAcquirePropertyPlantAndEquipment; text check PASS. Same value also printed in 1 later filing(s).
OBS-MICROSOFT-00713,microsoft,Microsoft Corporation,FY2025,9M YTD,2024-07-01,2025-03-31,2025-Q1,2025-04-30,Additions to property and equipment,cash_purchases_of_ppe,"(47,472)",USD,millions,47472000000,SRC-IQ16-MICROSOFT-0000950170-25-061046,A,https://www.sec.gov/Archives/edgar/data/789019/000095017025061046/msft-20250331.htm,10-Q consolidated statements of cash flows,REPORTED,,Cash paid for property and equipment as printed in the cash-flow statement (investing).,NO,NO,NO,NO,FALSE,FALSE,XBRL tag us-gaap:PaymentsToAcquirePropertyPlantAndEquipment; text check PASS. Same value also printed in 1 later filing(s).
OBS-MICROSOFT-00714,microsoft,Microsoft Corporation,FY2025,FY,2024-07-01,2025-06-30,2025-Q2,2025-07-30,Additions to property and equipment,cash_purchases_of_ppe,"(64,551)",USD,millions,64551000000,SRC-IQ16-MICROSOFT-0000950170-25-100235,A,https://www.sec.gov/Archives/edgar/data/789019/000095017025100235/msft-20250630.htm,10-K consolidated statements of cash flows,REPORTED,,Cash paid for property and equipment as printed in the cash-flow statement (investing).,NO,NO,NO,NO,FALSE,FALSE,XBRL tag us-gaap:PaymentsToAcquirePropertyPlantAndEquipment; text check PASS. Same value also printed in 1 later filing(s).
OBS-MICROSOFT-00715,microsoft,Microsoft Corporation,FY2025,Q2,2024-10-01,2024-12-31,2024-Q4,2025-01-29,Additions to property and equipment,cash_purchases_of_ppe,"(15,804)",USD,millions,15804000000,SRC-IQ16-MICROSOFT-0000950170-25-010491,A,https://www.sec.gov/Archives/edgar/data/789019/000095017025010491/msft-20241231.htm,10-Q consolidated statements of cash flows,REPORTED,,Cash paid for property and equipment as printed in the cash-flow statement (investing).,NO,NO,NO,NO,FALSE,FALSE,XBRL tag us-gaap:PaymentsToAcquirePropertyPlantAndEquipment; text check PASS. Same value also printed in 1 later filing(s).
OBS-MICROSOFT-00716,microsoft,Microsoft Corporation,FY2025,Q3,2025-01-01,2025-03-31,2025-Q1,2025-04-30,Additions to property and equipment,cash_purchases_of_ppe,"(16,745)",USD,millions,16745000000,SRC-IQ16-MICROSOFT-0000950170-25-061046,A,https://www.sec.gov/Archives/edgar/data/789019/000095017025061046/msft-20250331.htm,10-Q consolidated statements of cash flows,REPORTED,,Cash paid for property and equipment as printed in the cash-flow statement (investing).,NO,NO,NO,NO,FALSE,FALSE,XBRL tag us-gaap:PaymentsToAcquirePropertyPlantAndEquipment; text check PASS. Same value also printed in 1 later filing(s).
OBS-MICROSOFT-00717,microsoft,Microsoft Corporation,FY2026,Q1,2025-07-01,2025-09-30,2025-Q3,2025-10-29,Additions to property and equipment,cash_purchases_of_ppe,"(19,394)",USD,millions,19394000000,SRC-IQ16-MICROSOFT-0001193125-25-256321,A,https://www.sec.gov/Archives/edgar/data/789019/000119312525256321/msft-20250930.htm,10-Q consolidated statements of cash flows,REPORTED,,Cash paid for property and equipment as printed in the cash-flow statement (investing).,NO,NO,NO,NO,FALSE,FALSE,XBRL tag us-gaap:PaymentsToAcquirePropertyPlantAndEquipment; text check PASS.
OBS-MICROSOFT-00718,microsoft,Microsoft Corporation,FY2026,H1 (6M YTD),2025-07-01,2025-12-31,2025-Q4,2026-01-28,Additions to property and equipment,cash_purchases_of_ppe,"(49,270)",USD,millions,49270000000,SRC-IQ16-MICROSOFT-0001193125-26-027207,A,https://www.sec.gov/Archives/edgar/data/789019/000119312526027207/msft-20251231.htm,10-Q consolidated statements of cash flows,REPORTED,,Cash paid for property and equipment as printed in the cash-flow statement (investing).,NO,NO,NO,NO,FALSE,FALSE,XBRL tag us-gaap:PaymentsToAcquirePropertyPlantAndEquipment; text check PASS.
OBS-MICROSOFT-00719,microsoft,Microsoft Corporation,FY2026,9M YTD,2025-07-01,2026-03-31,2026-Q1,2026-04-29,Additions to property and equipment,cash_purchases_of_ppe,"(80,146)",USD,millions,80146000000,SRC-IQ16-MICROSOFT-0001193125-26-191507,A,https://www.sec.gov/Archives/edgar/data/789019/000119312526191507/msft-20260331.htm,10-Q consolidated statements of cash flows,REPORTED,,Cash paid for property and equipment as printed in the cash-flow statement (investing).,NO,NO,NO,NO,FALSE,FALSE,XBRL tag us-gaap:PaymentsToAcquirePropertyPlantAndEquipment; text check PASS.
OBS-MICROSOFT-00720,microsoft,Microsoft Corporation,FY2026,FY,2025-07-01,2026-06-30,2026-Q2,2026-07-29,Additions to property and equipment,cash_purchases_of_ppe,"(115,948)",USD,millions,115948000000,SRC-MSFT-008,A,https://www.sec.gov/Archives/edgar/data/789019/000119312526323660/msft-20260630.htm,10-K consolidated statements of cash flows,REPORTED,,Cash paid for property and equipment as printed in the cash-flow statement (investing).,NO,NO,NO,NO,FALSE,FALSE,XBRL tag us-gaap:PaymentsToAcquirePropertyPlantAndEquipment; text check PASS.
OBS-MICROSOFT-00721,microsoft,Microsoft Corporation,FY2026,Q2,2025-10-01,2025-12-31,2025-Q4,2026-01-28,Additions to property and equipment,cash_purchases_of_ppe,"(29,876)",USD,millions,29876000000,SRC-IQ16-MICROSOFT-0001193125-26-027207,A,https://www.sec.gov/Archives/edgar/data/789019/000119312526027207/msft-20251231.htm,10-Q consolidated statements of cash flows,REPORTED,,Cash paid for property and equipment as printed in the cash-flow statement (investing).,NO,NO,NO,NO,FALSE,FALSE,XBRL tag us-gaap:PaymentsToAcquirePropertyPlantAndEquipment; text check PASS.
OBS-MICROSOFT-00722,microsoft,Microsoft Corporation,FY2026,Q3,2026-01-01,2026-03-31,2026-Q1,2026-04-29,Additions to property and equipment,cash_purchases_of_ppe,"(30,876)",USD,millions,30876000000,SRC-IQ16-MICROSOFT-0001193125-26-191507,A,https://www.sec.gov/Archives/edgar/data/789019/000119312526191507/msft-20260331.htm,10-Q consolidated statements of cash flows,REPORTED,,Cash paid for property and equipment as printed in the cash-flow statement (investing).,NO,NO,NO,NO,FALSE,FALSE,XBRL tag us-gaap:PaymentsToAcquirePropertyPlantAndEquipment; text check PASS.
OBS-ORACLE-00723,oracle,Oracle Corporation,FY2008,FY,2007-06-01,2008-05-31,2008-Q2,2010-07-01,Capital expenditures,cash_purchases_of_ppe,(243),USD,millions,243000000,SRC-ORCL-001,A,https://www.sec.gov/Archives/edgar/data/1341439/000119312510151896/d10k.htm,10-K consolidated statements of cash flows,REPORTED,,Cash paid for property and equipment as printed in the cash-flow statement (investing).,NO,NO,NO,NO,FALSE,FALSE,XBRL tag us-gaap:PaymentsForProceedsFromProductiveAssets; text check PASS.
OBS-ORACLE-00724,oracle,Oracle Corporation,FY2009,Q1,2008-06-01,2008-08-31,2008-Q3,2009-09-21,Capital expenditures,cash_purchases_of_ppe,(323),USD,millions,323000000,SRC-IQ16-ORACLE-0001193125-09-195193,A,https://www.sec.gov/Archives/edgar/data/1341439/000119312509195193/d10q.htm,10-Q consolidated statements of cash flows,REPORTED,,Cash paid for property and equipment as printed in the cash-flow statement (investing).,NO,NO,NO,NO,FALSE,FALSE,XBRL tag us-gaap:PaymentsForProceedsFromProductiveAssets; text check PASS.
OBS-ORACLE-00725,oracle,Oracle Corporation,FY2009,H1 (6M YTD),2008-06-01,2008-11-30,2008-Q4,2009-12-22,Capital expenditures,cash_purchases_of_ppe,(399),USD,millions,399000000,SRC-IQ16-ORACLE-0001193125-09-257212,A,https://www.sec.gov/Archives/edgar/data/1341439/000119312509257212/d10q.htm,10-Q consolidated statements of cash flows,REPORTED,,Cash paid for property and equipment as printed in the cash-flow statement (investing).,NO,NO,NO,NO,FALSE,FALSE,XBRL tag us-gaap:PaymentsForProceedsFromProductiveAssets; text check PASS.
OBS-ORACLE-00726,oracle,Oracle Corporation,FY2009,9M YTD,2008-06-01,2009-02-28,2009-Q1,2010-03-29,Capital expenditures,cash_purchases_of_ppe,(491),USD,millions,491000000,SRC-IQ16-ORACLE-0001193125-10-070192,A,https://www.sec.gov/Archives/edgar/data/1341439/000119312510070192/d10q.htm,10-Q consolidated statements of cash flows,REPORTED,,Cash paid for property and equipment as printed in the cash-flow statement (investing).,NO,NO,NO,NO,FALSE,FALSE,XBRL tag us-gaap:PaymentsForProceedsFromProductiveAssets; text check PASS.
OBS-ORACLE-00727,oracle,Oracle Corporation,FY2009,FY,2008-06-01,2009-05-31,2009-Q2,2010-07-01,Capital expenditures,cash_purchases_of_ppe,(529),USD,millions,529000000,SRC-ORCL-001,A,https://www.sec.gov/Archives/edgar/data/1341439/000119312510151896/d10k.htm,10-K consolidated statements of cash flows,REPORTED,,Cash paid for property and equipment as printed in the cash-flow statement (investing).,NO,NO,NO,NO,FALSE,FALSE,XBRL tag us-gaap:PaymentsForProceedsFromProductiveAssets; text check PASS. Same value also printed in 1 later filing(s).
OBS-ORACLE-00728,oracle,Oracle Corporation,FY2010,Q1,2009-06-01,2009-08-31,2009-Q3,2009-09-21,Capital expenditures,cash_purchases_of_ppe,(55),USD,millions,55000000,SRC-IQ16-ORACLE-0001193125-09-195193,A,https://www.sec.gov/Archives/edgar/data/1341439/000119312509195193/d10q.htm,10-Q consolidated statements of cash flows,REPORTED,,Cash paid for property and equipment as printed in the cash-flow statement (investing).,NO,NO,NO,NO,FALSE,FALSE,XBRL tag us-gaap:PaymentsForProceedsFromProductiveAssets; text check PASS.
OBS-ORACLE-00729,oracle,Oracle Corporation,FY2010,H1 (6M YTD),2009-06-01,2009-11-30,2009-Q4,2009-12-22,Capital expenditures,cash_purchases_of_ppe,(100),USD,millions,100000000,SRC-IQ16-ORACLE-0001193125-09-257212,A,https://www.sec.gov/Archives/edgar/data/1341439/000119312509257212/d10q.htm,10-Q consolidated statements of cash flows,REPORTED,,Cash paid for property and equipment as printed in the cash-flow statement (investing).,NO,NO,NO,NO,FALSE,FALSE,XBRL tag us-gaap:PaymentsForProceedsFromProductiveAssets; text check PASS. Same value also printed in 1 later filing(s).
OBS-ORACLE-00730,oracle,Oracle Corporation,FY2010,9M YTD,2009-06-01,2010-02-28,2010-Q1,2010-03-29,Capital expenditures,cash_purchases_of_ppe,(161),USD,millions,161000000,SRC-IQ16-ORACLE-0001193125-10-070192,A,https://www.sec.gov/Archives/edgar/data/1341439/000119312510070192/d10q.htm,10-Q consolidated statements of cash flows,REPORTED,,Cash paid for property and equipment as printed in the cash-flow statement (investing).,NO,NO,NO,NO,FALSE,FALSE,XBRL tag us-gaap:PaymentsForProceedsFromProductiveAssets; text check PASS. Same value also printed in 1 later filing(s).
OBS-ORACLE-00731,oracle,Oracle Corporation,FY2010,FY,2009-06-01,2010-05-31,2010-Q2,2010-07-01,Capital expenditures,cash_purchases_of_ppe,(230),USD,millions,230000000,SRC-ORCL-001,A,https://www.sec.gov/Archives/edgar/data/1341439/000119312510151896/d10k.htm,10-K consolidated statements of cash flows,REPORTED,,Cash paid for property and equipment as printed in the cash-flow statement (investing).,NO,NO,NO,NO,FALSE,FALSE,XBRL tag us-gaap:PaymentsForProceedsFromProductiveAssets; text check PASS. Same value also printed in 2 later filing(s).
OBS-ORACLE-00732,oracle,Oracle Corporation,FY2011,Q1,2010-06-01,2010-08-31,2010-Q3,2011-09-23,Capital expenditures,cash_purchases_of_ppe,(118),USD,millions,118000000,SRC-IQ16-ORACLE-0001193125-11-255436,A,https://www.sec.gov/Archives/edgar/data/1341439/000119312511255436/d234670d10q.htm,10-Q consolidated statements of cash flows,REPORTED,,Cash paid for property and equipment as printed in the cash-flow statement (investing).,NO,NO,NO,NO,FALSE,FALSE,XBRL tag us-gaap:PaymentsToAcquirePropertyPlantAndEquipment; text check PASS.
OBS-ORACLE-00733,oracle,Oracle Corporation,FY2011,H1 (6M YTD),2010-06-01,2010-11-30,2010-Q4,2010-12-21,Capital expenditures,cash_purchases_of_ppe,(239),USD,millions,239000000,SRC-IQ16-ORACLE-0001193125-10-285703,A,https://www.sec.gov/Archives/edgar/data/1341439/000119312510285703/d10q.htm,10-Q consolidated statements of cash flows,REPORTED,,Cash paid for property and equipment as printed in the cash-flow statement (investing).,NO,NO,NO,NO,FALSE,FALSE,XBRL tag us-gaap:PaymentsForProceedsFromProductiveAssets; text check PASS. Same value also printed in 1 later filing(s).
OBS-ORACLE-00734,oracle,Oracle Corporation,FY2011,9M YTD,2010-06-01,2011-02-28,2011-Q1,2011-03-29,Capital expenditures,cash_purchases_of_ppe,(372),USD,millions,372000000,SRC-IQ16-ORACLE-0001193125-11-081178,A,https://www.sec.gov/Archives/edgar/data/1341439/000119312511081178/d10q.htm,10-Q consolidated statements of cash flows,REPORTED,,Cash paid for property and equipment as printed in the cash-flow statement (investing).,NO,NO,NO,NO,FALSE,FALSE,XBRL tag us-gaap:PaymentsForProceedsFromProductiveAssets; text check PASS. Same value also printed in 1 later filing(s).
OBS-ORACLE-00735,oracle,Oracle Corporation,FY2011,FY,2010-06-01,2011-05-31,2011-Q2,2011-06-28,Capital expenditures,cash_purchases_of_ppe,(450),USD,millions,450000000,SRC-IQ16-ORACLE-0001193125-11-174819,A,https://www.sec.gov/Archives/edgar/data/1341439/000119312511174819/d10k.htm,10-K consolidated statements of cash flows,REPORTED,,Cash paid for property and equipment as printed in the cash-flow statement (investing).,NO,NO,NO,NO,FALSE,FALSE,XBRL tag us-gaap:PaymentsForProceedsFromProductiveAssets; text check PASS. Same value also printed in 2 later filing(s).
OBS-ORACLE-00736,oracle,Oracle Corporation,FY2012,Q1,2011-06-01,2011-08-31,2011-Q3,2011-09-23,Capital expenditures,cash_purchases_of_ppe,(160),USD,millions,160000000,SRC-IQ16-ORACLE-0001193125-11-255436,A,https://www.sec.gov/Archives/edgar/data/1341439/000119312511255436/d234670d10q.htm,10-Q consolidated statements of cash flows,REPORTED,,Cash paid for property and equipment as printed in the cash-flow statement (investing).,NO,NO,NO,NO,FALSE,FALSE,XBRL tag us-gaap:PaymentsToAcquirePropertyPlantAndEquipment; text check PASS. Same value also printed in 1 later filing(s).
OBS-ORACLE-00737,oracle,Oracle Corporation,FY2012,H1 (6M YTD),2011-06-01,2011-11-30,2011-Q4,2011-12-23,Capital expenditures,cash_purchases_of_ppe,(289),USD,millions,289000000,SRC-IQ16-ORACLE-0001193125-11-351954,A,https://www.sec.gov/Archives/edgar/data/1341439/000119312511351954/d263957d10q.htm,10-Q consolidated statements of cash flows,REPORTED,,Cash paid for property and equipment as printed in the cash-flow statement (investing).,NO,NO,NO,NO,FALSE,FALSE,XBRL tag us-gaap:PaymentsToAcquirePropertyPlantAndEquipment; text check PASS. Same value also printed in 1 later filing(s).
OBS-ORACLE-00738,oracle,Oracle Corporation,FY2012,9M YTD,2011-06-01,2012-02-29,2012-Q1,2012-03-23,Capital expenditures,cash_purchases_of_ppe,(431),USD,millions,431000000,SRC-IQ16-ORACLE-0001193125-12-129918,A,https://www.sec.gov/Archives/edgar/data/1341439/000119312512129918/d289615d10q.htm,10-Q consolidated statements of cash flows,REPORTED,,Cash paid for property and equipment as printed in the cash-flow statement (investing).,NO,NO,NO,NO,FALSE,FALSE,XBRL tag us-gaap:PaymentsToAcquirePropertyPlantAndEquipment; text check PASS. Same value also printed in 1 later filing(s).
OBS-ORACLE-00739,oracle,Oracle Corporation,FY2012,FY,2011-06-01,2012-05-31,2012-Q2,2012-06-26,Capital expenditures,cash_purchases_of_ppe,(648),USD,millions,648000000,SRC-IQ16-ORACLE-0001193125-12-284007,A,https://www.sec.gov/Archives/edgar/data/1341439/000119312512284007/d369484d10k.htm,10-K consolidated statements of cash flows,REPORTED,,Cash paid for property and equipment as printed in the cash-flow statement (investing).,NO,NO,NO,NO,FALSE,FALSE,XBRL tag us-gaap:PaymentsToAcquirePropertyPlantAndEquipment; text check PASS. Same value also printed in 2 later filing(s).
OBS-ORACLE-00740,oracle,Oracle Corporation,FY2013,Q1,2012-06-01,2012-08-31,2012-Q3,2012-09-24,Capital expenditures,cash_purchases_of_ppe,(139),USD,millions,139000000,SRC-IQ16-ORACLE-0001193125-12-401697,A,https://www.sec.gov/Archives/edgar/data/1341439/000119312512401697/d397317d10q.htm,10-Q consolidated statements of cash flows,REPORTED,,Cash paid for property and equipment as printed in the cash-flow statement (investing).,NO,NO,NO,NO,FALSE,FALSE,XBRL tag us-gaap:PaymentsToAcquirePropertyPlantAndEquipment; text check PASS. Same value also printed in 1 later filing(s).
OBS-ORACLE-00741,oracle,Oracle Corporation,FY2013,H1 (6M YTD),2012-06-01,2012-11-30,2012-Q4,2012-12-21,Capital expenditures,cash_purchases_of_ppe,(351),USD,millions,351000000,SRC-IQ16-ORACLE-0001193125-12-513009,A,https://www.sec.gov/Archives/edgar/data/1341439/000119312512513009/d454343d10q.htm,10-Q consolidated statements of cash flows,REPORTED,,Cash paid for property and equipment as printed in the cash-flow statement (investing).,NO,NO,NO,NO,FALSE,FALSE,XBRL tag us-gaap:PaymentsToAcquirePropertyPlantAndEquipment; text check PASS. Same value also printed in 1 later filing(s).
OBS-ORACLE-00742,oracle,Oracle Corporation,FY2013,9M YTD,2012-06-01,2013-02-28,2013-Q1,2013-03-22,Capital expenditures,cash_purchases_of_ppe,(467),USD,millions,467000000,SRC-IQ16-ORACLE-0001193125-13-122271,A,https://www.sec.gov/Archives/edgar/data/1341439/000119312513122271/d474064d10q.htm,10-Q consolidated statements of cash flows,REPORTED,,Cash paid for property and equipment as printed in the cash-flow statement (investing).,NO,NO,NO,NO,FALSE,FALSE,XBRL tag us-gaap:PaymentsToAcquirePropertyPlantAndEquipment; text check PASS. Same value also printed in 1 later filing(s).
OBS-ORACLE-00743,oracle,Oracle Corporation,FY2013,FY,2012-06-01,2013-05-31,2013-Q2,2013-06-26,Capital expenditures,cash_purchases_of_ppe,(650),USD,millions,650000000,SRC-IQ16-ORACLE-0001193125-13-272832,A,https://www.sec.gov/Archives/edgar/data/1341439/000119312513272832/d531515d10k.htm,10-K consolidated statements of cash flows,REPORTED,,Cash paid for property and equipment as printed in the cash-flow statement (investing).,NO,NO,NO,NO,FALSE,FALSE,XBRL tag us-gaap:PaymentsToAcquirePropertyPlantAndEquipment; text check PASS. Same value also printed in 2 later filing(s).
OBS-ORACLE-00744,oracle,Oracle Corporation,FY2014,Q1,2013-06-01,2013-08-31,2013-Q3,2013-09-20,Capital expenditures,cash_purchases_of_ppe,(153),USD,millions,153000000,SRC-IQ16-ORACLE-0001193125-13-373455,A,https://www.sec.gov/Archives/edgar/data/1341439/000119312513373455/d587382d10q.htm,10-Q consolidated statements of cash flows,REPORTED,,Cash paid for property and equipment as printed in the cash-flow statement (investing).,NO,NO,NO,NO,FALSE,FALSE,XBRL tag us-gaap:PaymentsToAcquirePropertyPlantAndEquipment; text check PASS. Same value also printed in 1 later filing(s).
OBS-ORACLE-00745,oracle,Oracle Corporation,FY2014,H1 (6M YTD),2013-06-01,2013-11-30,2013-Q4,2013-12-20,Capital expenditures,cash_purchases_of_ppe,(279),USD,millions,279000000,SRC-IQ16-ORACLE-0001193125-13-481081,A,https://www.sec.gov/Archives/edgar/data/1341439/000119312513481081/d626279d10q.htm,10-Q consolidated statements of cash flows,REPORTED,,Cash paid for property and equipment as printed in the cash-flow statement (investing).,NO,NO,NO,NO,FALSE,FALSE,XBRL tag us-gaap:PaymentsToAcquirePropertyPlantAndEquipment; text check PASS. Same value also printed in 1 later filing(s).
OBS-ORACLE-00746,oracle,Oracle Corporation,FY2014,9M YTD,2013-06-01,2014-02-28,2014-Q1,2014-03-20,Capital expenditures,cash_purchases_of_ppe,(426),USD,millions,426000000,SRC-IQ16-ORACLE-0001193125-14-108126,A,https://www.sec.gov/Archives/edgar/data/1341439/000119312514108126/d669179d10q.htm,10-Q consolidated statements of cash flows,REPORTED,,Cash paid for property and equipment as printed in the cash-flow statement (investing).,NO,NO,NO,NO,FALSE,FALSE,XBRL tag us-gaap:PaymentsToAcquirePropertyPlantAndEquipment; text check PASS. Same value also printed in 1 later filing(s).
OBS-ORACLE-00747,oracle,Oracle Corporation,FY2014,FY,2013-06-01,2014-05-31,2014-Q2,2014-06-26,Capital expenditures,cash_purchases_of_ppe,(580),USD,millions,580000000,SRC-IQ16-ORACLE-0001193125-14-251351,A,https://www.sec.gov/Archives/edgar/data/1341439/000119312514251351/d725622d10k.htm,10-K consolidated statements of cash flows,REPORTED,,Cash paid for property and equipment as printed in the cash-flow statement (investing).,NO,NO,NO,NO,FALSE,FALSE,XBRL tag us-gaap:PaymentsToAcquirePropertyPlantAndEquipment; text check PASS. Same value also printed in 2 later filing(s).
OBS-ORACLE-00748,oracle,Oracle Corporation,FY2015,Q1,2014-06-01,2014-08-31,2014-Q3,2014-09-23,Capital expenditures,cash_purchases_of_ppe,(201),USD,millions,201000000,SRC-IQ16-ORACLE-0001193125-14-350291,A,https://www.sec.gov/Archives/edgar/data/1341439/000119312514350291/d770194d10q.htm,10-Q consolidated statements of cash flows,REPORTED,,Cash paid for property and equipment as printed in the cash-flow statement (investing).,NO,NO,NO,NO,FALSE,FALSE,XBRL tag us-gaap:PaymentsToAcquirePropertyPlantAndEquipment; text check PASS. Same value also printed in 1 later filing(s).
OBS-ORACLE-00749,oracle,Oracle Corporation,FY2015,H1 (6M YTD),2014-06-01,2014-11-30,2014-Q4,2014-12-19,Capital expenditures,cash_purchases_of_ppe,(426),USD,millions,426000000,SRC-IQ16-ORACLE-0001193125-14-448728,A,https://www.sec.gov/Archives/edgar/data/1341439/000119312514448728/d819288d10q.htm,10-Q consolidated statements of cash flows,REPORTED,,Cash paid for property and equipment as printed in the cash-flow statement (investing).,NO,NO,NO,NO,FALSE,FALSE,XBRL tag us-gaap:PaymentsToAcquirePropertyPlantAndEquipment; text check PASS. Same value also printed in 1 later filing(s).
OBS-ORACLE-00750,oracle,Oracle Corporation,FY2015,9M YTD,2014-06-01,2015-02-28,2015-Q1,2015-03-19,Capital expenditures,cash_purchases_of_ppe,(794),USD,millions,794000000,SRC-IQ16-ORACLE-0001193125-15-098586,A,https://www.sec.gov/Archives/edgar/data/1341439/000119312515098586/d851089d10q.htm,10-Q consolidated statements of cash flows,REPORTED,,Cash paid for property and equipment as printed in the cash-flow statement (investing).,NO,NO,NO,NO,FALSE,FALSE,XBRL tag us-gaap:PaymentsToAcquirePropertyPlantAndEquipment; text check PASS. Same value also printed in 1 later filing(s).
OBS-ORACLE-00751,oracle,Oracle Corporation,FY2015,FY,2014-06-01,2015-05-31,2015-Q2,2015-06-25,Capital expenditures,cash_purchases_of_ppe,"(1,391)",USD,millions,1391000000,SRC-IQ16-ORACLE-0001193125-15-235239,A,https://www.sec.gov/Archives/edgar/data/1341439/000119312515235239/d920711d10k.htm,10-K consolidated statements of cash flows,REPORTED,,Cash paid for property and equipment as printed in the cash-flow statement (investing).,NO,NO,NO,NO,FALSE,FALSE,XBRL tag us-gaap:PaymentsToAcquirePropertyPlantAndEquipment; text check PASS. Same value also printed in 2 later filing(s).
OBS-ORACLE-00752,oracle,Oracle Corporation,FY2016,Q1,2015-06-01,2015-08-31,2015-Q3,2015-09-18,Capital expenditures,cash_purchases_of_ppe,(446),USD,millions,446000000,SRC-IQ16-ORACLE-0001193125-15-323532,A,https://www.sec.gov/Archives/edgar/data/1341439/000119312515323532/d64286d10q.htm,10-Q consolidated statements of cash flows,REPORTED,,Cash paid for property and equipment as printed in the cash-flow statement (investing).,NO,NO,NO,NO,FALSE,FALSE,XBRL tag us-gaap:PaymentsToAcquirePropertyPlantAndEquipment; text check PASS. Same value also printed in 1 later filing(s).
OBS-ORACLE-00753,oracle,Oracle Corporation,FY2016,H1 (6M YTD),2015-06-01,2015-11-30,2015-Q4,2015-12-18,Capital expenditures,cash_purchases_of_ppe,(641),USD,millions,641000000,SRC-IQ16-ORACLE-0001193125-15-407703,A,https://www.sec.gov/Archives/edgar/data/1341439/000119312515407703/d134252d10q.htm,10-Q consolidated statements of cash flows,REPORTED,,Cash paid for property and equipment as printed in the cash-flow statement (investing).,NO,NO,NO,NO,FALSE,FALSE,XBRL tag us-gaap:PaymentsToAcquirePropertyPlantAndEquipment; text check PASS. Same value also printed in 1 later filing(s).
OBS-ORACLE-00754,oracle,Oracle Corporation,FY2016,9M YTD,2015-06-01,2016-02-29,2016-Q1,2016-03-18,Capital expenditures,cash_purchases_of_ppe,"(1,009)",USD,millions,1009000000,SRC-IQ16-ORACLE-0001193125-16-510333,A,https://www.sec.gov/Archives/edgar/data/1341439/000119312516510333/d48108d10q.htm,10-Q consolidated statements of cash flows,REPORTED,,Cash paid for property and equipment as printed in the cash-flow statement (investing).,NO,NO,NO,NO,FALSE,FALSE,XBRL tag us-gaap:PaymentsToAcquirePropertyPlantAndEquipment; text check PASS. Same value also printed in 1 later filing(s).
OBS-ORACLE-00755,oracle,Oracle Corporation,FY2016,FY,2015-06-01,2016-05-31,2016-Q2,2016-06-22,Capital expenditures,cash_purchases_of_ppe,"(1,189)",USD,millions,1189000000,SRC-IQ16-ORACLE-0001193125-16-628942,A,https://www.sec.gov/Archives/edgar/data/1341439/000119312516628942/d203801d10k.htm,10-K consolidated statements of cash flows,REPORTED,,Cash paid for property and equipment as printed in the cash-flow statement (investing).,NO,NO,NO,NO,FALSE,FALSE,XBRL tag us-gaap:PaymentsToAcquirePropertyPlantAndEquipment; text check PASS. Same value also printed in 2 later filing(s).
OBS-ORACLE-00756,oracle,Oracle Corporation,FY2017,Q1,2016-06-01,2016-08-31,2016-Q3,2016-09-19,Capital expenditures,cash_purchases_of_ppe,(299),USD,millions,299000000,SRC-IQ16-ORACLE-0001193125-16-713596,A,https://www.sec.gov/Archives/edgar/data/1341439/000119312516713596/d252702d10q.htm,10-Q consolidated statements of cash flows,REPORTED,,Cash paid for property and equipment as printed in the cash-flow statement (investing).,NO,NO,NO,NO,FALSE,FALSE,XBRL tag us-gaap:PaymentsToAcquirePropertyPlantAndEquipment; text check PASS. Same value also printed in 1 later filing(s).
OBS-ORACLE-00757,oracle,Oracle Corporation,FY2017,H1 (6M YTD),2016-06-01,2016-11-30,2016-Q4,2016-12-19,Capital expenditures,cash_purchases_of_ppe,"(1,056)",USD,millions,1056000000,SRC-IQ16-ORACLE-0001193125-16-797253,A,https://www.sec.gov/Archives/edgar/data/1341439/000119312516797253/d289857d10q.htm,10-Q consolidated statements of cash flows,REPORTED,,Cash paid for property and equipment as printed in the cash-flow statement (investing).,NO,NO,NO,NO,FALSE,FALSE,XBRL tag us-gaap:PaymentsToAcquirePropertyPlantAndEquipment; text check PASS. Same value also printed in 1 later filing(s).
OBS-ORACLE-00758,oracle,Oracle Corporation,FY2017,9M YTD,2016-06-01,2017-02-28,2017-Q1,2017-03-17,Capital expenditures,cash_purchases_of_ppe,"(1,496)",USD,millions,1496000000,SRC-IQ16-ORACLE-0001193125-17-087309,A,https://www.sec.gov/Archives/edgar/data/1341439/000119312517087309/d353998d10q.htm,10-Q consolidated statements of cash flows,REPORTED,,Cash paid for property and equipment as printed in the cash-flow statement (investing).,NO,NO,NO,NO,FALSE,FALSE,XBRL tag us-gaap:PaymentsToAcquirePropertyPlantAndEquipment; text check PASS. Same value also printed in 1 later filing(s).
OBS-ORACLE-00759,oracle,Oracle Corporation,FY2017,FY,2016-06-01,2017-05-31,2017-Q2,2017-06-27,Capital expenditures,cash_purchases_of_ppe,"(2,021)",USD,millions,2021000000,SRC-IQ16-ORACLE-0001193125-17-214833,A,https://www.sec.gov/Archives/edgar/data/1341439/000119312517214833/d385998d10k.htm,10-K consolidated statements of cash flows,REPORTED,,Cash paid for property and equipment as printed in the cash-flow statement (investing).,NO,NO,NO,NO,FALSE,FALSE,XBRL tag us-gaap:PaymentsToAcquirePropertyPlantAndEquipment; text check PASS. Same value also printed in 2 later filing(s).
OBS-ORACLE-00760,oracle,Oracle Corporation,FY2018,Q1,2017-06-01,2017-08-31,2017-Q3,2017-09-18,Capital expenditures,cash_purchases_of_ppe,(473),USD,millions,473000000,SRC-IQ16-ORACLE-0001193125-17-287455,A,https://www.sec.gov/Archives/edgar/data/1341439/000119312517287455/d407367d10q.htm,10-Q consolidated statements of cash flows,REPORTED,,Cash paid for property and equipment as printed in the cash-flow statement (investing).,NO,NO,NO,NO,FALSE,FALSE,XBRL tag us-gaap:PaymentsToAcquirePropertyPlantAndEquipment; text check PASS. Same value also printed in 1 later filing(s).
OBS-ORACLE-00761,oracle,Oracle Corporation,FY2018,H1 (6M YTD),2017-06-01,2017-11-30,2017-Q4,2017-12-18,Capital expenditures,cash_purchases_of_ppe,"(1,072)",USD,millions,1072000000,SRC-IQ16-ORACLE-0001193125-17-372232,A,https://www.sec.gov/Archives/edgar/data/1341439/000119312517372232/d510241d10q.htm,10-Q consolidated statements of cash flows,REPORTED,,Cash paid for property and equipment as printed in the cash-flow statement (investing).,NO,NO,NO,NO,FALSE,FALSE,XBRL tag us-gaap:PaymentsToAcquirePropertyPlantAndEquipment; text check PASS. Same value also printed in 1 later filing(s).
OBS-ORACLE-00762,oracle,Oracle Corporation,FY2018,9M YTD,2017-06-01,2018-02-28,2018-Q1,2018-03-21,Capital expenditures,cash_purchases_of_ppe,"(1,358)",USD,millions,1358000000,SRC-IQ16-ORACLE-0001193125-18-090646,A,https://www.sec.gov/Archives/edgar/data/1341439/000119312518090646/d548579d10q.htm,10-Q consolidated statements of cash flows,REPORTED,,Cash paid for property and equipment as printed in the cash-flow statement (investing).,NO,NO,NO,NO,FALSE,FALSE,XBRL tag us-gaap:PaymentsToAcquirePropertyPlantAndEquipment; text check PASS. Same value also printed in 1 later filing(s).
OBS-ORACLE-00763,oracle,Oracle Corporation,FY2018,FY,2017-06-01,2018-05-31,2018-Q2,2018-06-22,Capital expenditures,cash_purchases_of_ppe,"(1,736)",USD,millions,1736000000,SRC-IQ16-ORACLE-0001193125-18-201034,A,https://www.sec.gov/Archives/edgar/data/1341439/000119312518201034/d568983d10k.htm,10-K consolidated statements of cash flows,REPORTED,,Cash paid for property and equipment as printed in the cash-flow statement (investing).,NO,NO,NO,NO,FALSE,FALSE,XBRL tag us-gaap:PaymentsToAcquirePropertyPlantAndEquipment; text check PASS. Same value also printed in 2 later filing(s).
OBS-ORACLE-00764,oracle,Oracle Corporation,FY2019,Q1,2018-06-01,2018-08-31,2018-Q3,2018-09-19,Capital expenditures,cash_purchases_of_ppe,(383),USD,millions,383000000,SRC-IQ16-ORACLE-0001564590-18-023315,A,https://www.sec.gov/Archives/edgar/data/1341439/000156459018023315/orcl-10q_20180831.htm,10-Q consolidated statements of cash flows,REPORTED,,Cash paid for property and equipment as printed in the cash-flow statement (investing).,NO,NO,NO,NO,FALSE,FALSE,XBRL tag us-gaap:PaymentsToAcquirePropertyPlantAndEquipment; text check PASS. Same value also printed in 1 later filing(s).
OBS-ORACLE-00765,oracle,Oracle Corporation,FY2019,H1 (6M YTD),2018-06-01,2018-11-30,2018-Q4,2018-12-19,Capital expenditures,cash_purchases_of_ppe,(804),USD,millions,804000000,SRC-IQ16-ORACLE-0001564590-18-031113,A,https://www.sec.gov/Archives/edgar/data/1341439/000156459018031113/orcl-10q_20181130.htm,10-Q consolidated statements of cash flows,REPORTED,,Cash paid for property and equipment as printed in the cash-flow statement (investing).,NO,NO,NO,NO,FALSE,FALSE,XBRL tag us-gaap:PaymentsToAcquirePropertyPlantAndEquipment; text check PASS. Same value also printed in 1 later filing(s).
OBS-ORACLE-00766,oracle,Oracle Corporation,FY2019,9M YTD,2018-06-01,2019-02-28,2019-Q1,2019-03-18,Capital expenditures,cash_purchases_of_ppe,"(1,247)",USD,millions,1247000000,SRC-IQ16-ORACLE-0001564590-19-008273,A,https://www.sec.gov/Archives/edgar/data/1341439/000156459019008273/orcl-10q_20190228.htm,10-Q consolidated statements of cash flows,REPORTED,,Cash paid for property and equipment as printed in the cash-flow statement (investing).,NO,NO,NO,NO,FALSE,FALSE,XBRL tag us-gaap:PaymentsToAcquirePropertyPlantAndEquipment; text check PASS. Same value also printed in 1 later filing(s).
OBS-ORACLE-00767,oracle,Oracle Corporation,FY2019,FY,2018-06-01,2019-05-31,2019-Q2,2019-06-21,Capital expenditures,cash_purchases_of_ppe,"(1,660)",USD,millions,1660000000,SRC-IQ16-ORACLE-0001564590-19-023119,A,https://www.sec.gov/Archives/edgar/data/1341439/000156459019023119/orcl-10k_20190531.htm,10-K consolidated statements of cash flows,REPORTED,,Cash paid for property and equipment as printed in the cash-flow statement (investing).,NO,NO,NO,NO,FALSE,FALSE,XBRL tag us-gaap:PaymentsToAcquirePropertyPlantAndEquipment; text check PASS. Same value also printed in 2 later filing(s).
OBS-ORACLE-00768,oracle,Oracle Corporation,FY2020,Q1,2019-06-01,2019-08-31,2019-Q3,2019-09-13,Capital expenditures,cash_purchases_of_ppe,(386),USD,millions,386000000,SRC-IQ16-ORACLE-0001564590-19-034717,A,https://www.sec.gov/Archives/edgar/data/1341439/000156459019034717/orcl-10q_20190831.htm,10-Q consolidated statements of cash flows,REPORTED,,Cash paid for property and equipment as printed in the cash-flow statement (investing).,NO,NO,NO,NO,FALSE,FALSE,XBRL tag us-gaap:PaymentsToAcquirePropertyPlantAndEquipment; text check PASS. Same value also printed in 1 later filing(s).
OBS-ORACLE-00769,oracle,Oracle Corporation,FY2020,H1 (6M YTD),2019-06-01,2019-11-30,2019-Q4,2019-12-13,Capital expenditures,cash_purchases_of_ppe,(735),USD,millions,735000000,SRC-IQ16-ORACLE-0001564590-19-045966,A,https://www.sec.gov/Archives/edgar/data/1341439/000156459019045966/orcl-10q_20191130.htm,10-Q consolidated statements of cash flows,REPORTED,,Cash paid for property and equipment as printed in the cash-flow statement (investing).,NO,NO,NO,NO,FALSE,FALSE,XBRL tag us-gaap:PaymentsToAcquirePropertyPlantAndEquipment; text check PASS. Same value also printed in 1 later filing(s).
OBS-ORACLE-00770,oracle,Oracle Corporation,FY2020,9M YTD,2019-06-01,2020-02-29,2020-Q1,2020-03-13,Capital expenditures,cash_purchases_of_ppe,"(1,131)",USD,millions,1131000000,SRC-IQ16-ORACLE-0001564590-20-010833,A,https://www.sec.gov/Archives/edgar/data/1341439/000156459020010833/orcl-10q_20200229.htm,10-Q consolidated statements of cash flows,REPORTED,,Cash paid for property and equipment as printed in the cash-flow statement (investing).,NO,NO,NO,NO,FALSE,FALSE,XBRL tag us-gaap:PaymentsToAcquirePropertyPlantAndEquipment; text check PASS. Same value also printed in 1 later filing(s).
OBS-ORACLE-00771,oracle,Oracle Corporation,FY2020,FY,2019-06-01,2020-05-31,2020-Q2,2020-06-22,Capital expenditures,cash_purchases_of_ppe,"(1,564)",USD,millions,1564000000,SRC-IQ16-ORACLE-0001564590-20-030125,A,https://www.sec.gov/Archives/edgar/data/1341439/000156459020030125/orcl-10k_20200531.htm,10-K consolidated statements of cash flows,REPORTED,,Cash paid for property and equipment as printed in the cash-flow statement (investing).,NO,NO,NO,NO,FALSE,FALSE,XBRL tag us-gaap:PaymentsToAcquirePropertyPlantAndEquipment; text check PASS. Same value also printed in 2 later filing(s).
OBS-ORACLE-00772,oracle,Oracle Corporation,FY2021,Q1,2020-06-01,2020-08-31,2020-Q3,2020-09-15,Capital expenditures,cash_purchases_of_ppe,(436),USD,millions,436000000,SRC-IQ16-ORACLE-0001564590-20-043448,A,https://www.sec.gov/Archives/edgar/data/1341439/000156459020043448/orcl-10q_20200831.htm,10-Q consolidated statements of cash flows,REPORTED,,Cash paid for property and equipment as printed in the cash-flow statement (investing).,NO,NO,NO,NO,FALSE,FALSE,XBRL tag us-gaap:PaymentsToAcquirePropertyPlantAndEquipment; text check PASS. Same value also printed in 1 later filing(s).
OBS-ORACLE-00773,oracle,Oracle Corporation,FY2021,H1 (6M YTD),2020-06-01,2020-11-30,2020-Q4,2020-12-11,Capital expenditures,cash_purchases_of_ppe,"(1,004)",USD,millions,1004000000,SRC-IQ16-ORACLE-0001564590-20-056896,A,https://www.sec.gov/Archives/edgar/data/1341439/000156459020056896/orcl-10q_20201130.htm,10-Q consolidated statements of cash flows,REPORTED,,Cash paid for property and equipment as printed in the cash-flow statement (investing).,NO,NO,NO,NO,FALSE,FALSE,XBRL tag us-gaap:PaymentsToAcquirePropertyPlantAndEquipment; text check PASS. Same value also printed in 1 later filing(s).
OBS-ORACLE-00774,oracle,Oracle Corporation,FY2021,9M YTD,2020-06-01,2021-02-28,2021-Q1,2021-03-11,Capital expenditures,cash_purchases_of_ppe,"(1,418)",USD,millions,1418000000,SRC-IQ16-ORACLE-0001564590-21-012539,A,https://www.sec.gov/Archives/edgar/data/1341439/000156459021012539/orcl-10q_20210228.htm,10-Q consolidated statements of cash flows,REPORTED,,Cash paid for property and equipment as printed in the cash-flow statement (investing).,NO,NO,NO,NO,FALSE,FALSE,XBRL tag us-gaap:PaymentsToAcquirePropertyPlantAndEquipment; text check PASS. Same value also printed in 1 later filing(s).
OBS-ORACLE-00775,oracle,Oracle Corporation,FY2021,FY,2020-06-01,2021-05-31,2021-Q2,2021-06-21,Capital expenditures,cash_purchases_of_ppe,"(2,135)",USD,millions,2135000000,SRC-IQ16-ORACLE-0001564590-21-033616,A,https://www.sec.gov/Archives/edgar/data/1341439/000156459021033616/orcl-10k_20210531.htm,10-K consolidated statements of cash flows,REPORTED,,Cash paid for property and equipment as printed in the cash-flow statement (investing).,NO,NO,NO,NO,FALSE,FALSE,XBRL tag us-gaap:PaymentsToAcquirePropertyPlantAndEquipment; text check PASS. Same value also printed in 2 later filing(s).
OBS-ORACLE-00776,oracle,Oracle Corporation,FY2022,Q1,2021-06-01,2021-08-31,2021-Q3,2021-09-13,Capital expenditures,cash_purchases_of_ppe,"(1,062)",USD,millions,1062000000,SRC-IQ16-ORACLE-0001564590-21-047772,A,https://www.sec.gov/Archives/edgar/data/1341439/000156459021047772/orcl-10q_20210831.htm,10-Q consolidated statements of cash flows,REPORTED,,Cash paid for property and equipment as printed in the cash-flow statement (investing).,NO,NO,NO,NO,FALSE,FALSE,XBRL tag us-gaap:PaymentsToAcquirePropertyPlantAndEquipment; text check PASS. Same value also printed in 1 later filing(s).
OBS-ORACLE-00777,oracle,Oracle Corporation,FY2022,H1 (6M YTD),2021-06-01,2021-11-30,2021-Q4,2021-12-10,Capital expenditures,cash_purchases_of_ppe,"(1,987)",USD,millions,1987000000,SRC-IQ16-ORACLE-0001564590-21-060022,A,https://www.sec.gov/Archives/edgar/data/1341439/000156459021060022/orcl-10q_20211130.htm,10-Q consolidated statements of cash flows,REPORTED,,Cash paid for property and equipment as printed in the cash-flow statement (investing).,NO,NO,NO,NO,FALSE,FALSE,XBRL tag us-gaap:PaymentsToAcquirePropertyPlantAndEquipment; text check PASS. Same value also printed in 1 later filing(s).
OBS-ORACLE-00778,oracle,Oracle Corporation,FY2022,9M YTD,2021-06-01,2022-02-28,2022-Q1,2022-03-11,Capital expenditures,cash_purchases_of_ppe,"(3,088)",USD,millions,3088000000,SRC-IQ16-ORACLE-0001564590-22-009859,A,https://www.sec.gov/Archives/edgar/data/1341439/000156459022009859/orcl-10q_20220228.htm,10-Q consolidated statements of cash flows,REPORTED,,Cash paid for property and equipment as printed in the cash-flow statement (investing).,NO,NO,NO,NO,FALSE,FALSE,XBRL tag us-gaap:PaymentsToAcquirePropertyPlantAndEquipment; text check PASS. Same value also printed in 1 later filing(s).
OBS-ORACLE-00779,oracle,Oracle Corporation,FY2022,FY,2021-06-01,2022-05-31,2022-Q2,2022-06-21,Capital expenditures,cash_purchases_of_ppe,"(4,511)",USD,millions,4511000000,SRC-IQ16-ORACLE-0001564590-22-023675,A,https://www.sec.gov/Archives/edgar/data/1341439/000156459022023675/orcl-10k_20220531.htm,10-K consolidated statements of cash flows,REPORTED,,Cash paid for property and equipment as printed in the cash-flow statement (investing).,NO,NO,NO,NO,FALSE,FALSE,XBRL tag us-gaap:PaymentsToAcquirePropertyPlantAndEquipment; text check PASS. Same value also printed in 2 later filing(s).
OBS-ORACLE-00780,oracle,Oracle Corporation,FY2023,Q1,2022-06-01,2022-08-31,2022-Q3,2022-09-13,Capital expenditures,cash_purchases_of_ppe,"(1,719)",USD,millions,1719000000,SRC-IQ16-ORACLE-0001564590-22-031545,A,https://www.sec.gov/Archives/edgar/data/1341439/000156459022031545/orcl-10q_20220831.htm,10-Q consolidated statements of cash flows,REPORTED,,Cash paid for property and equipment as printed in the cash-flow statement (investing).,NO,NO,NO,NO,FALSE,FALSE,XBRL tag us-gaap:PaymentsToAcquirePropertyPlantAndEquipment; text check PASS. Same value also printed in 1 later filing(s).
OBS-ORACLE-00781,oracle,Oracle Corporation,FY2023,H1 (6M YTD),2022-06-01,2022-11-30,2022-Q4,2022-12-13,Capital expenditures,cash_purchases_of_ppe,"(4,154)",USD,millions,4154000000,SRC-IQ16-ORACLE-0001564590-22-039278,A,https://www.sec.gov/Archives/edgar/data/1341439/000156459022039278/orcl-10q_20221130.htm,10-Q consolidated statements of cash flows,REPORTED,,Cash paid for property and equipment as printed in the cash-flow statement (investing).,NO,NO,NO,NO,FALSE,FALSE,XBRL tag us-gaap:PaymentsToAcquirePropertyPlantAndEquipment; text check PASS. Same value also printed in 1 later filing(s).
OBS-ORACLE-00782,oracle,Oracle Corporation,FY2023,9M YTD,2022-06-01,2023-02-28,2023-Q1,2023-03-10,Capital expenditures,cash_purchases_of_ppe,"(6,782)",USD,millions,6782000000,SRC-IQ16-ORACLE-0001564590-23-003413,A,https://www.sec.gov/Archives/edgar/data/1341439/000156459023003413/orcl-10q_20230228.htm,10-Q consolidated statements of cash flows,REPORTED,,Cash paid for property and equipment as printed in the cash-flow statement (investing).,NO,NO,NO,NO,FALSE,FALSE,XBRL tag us-gaap:PaymentsToAcquirePropertyPlantAndEquipment; text check PASS. Same value also printed in 1 later filing(s).
OBS-ORACLE-00783,oracle,Oracle Corporation,FY2023,FY,2022-06-01,2023-05-31,2023-Q2,2023-06-20,Capital expenditures,cash_purchases_of_ppe,"(8,695)",USD,millions,8695000000,SRC-IQ16-ORACLE-0000950170-23-028914,A,https://www.sec.gov/Archives/edgar/data/1341439/000095017023028914/orcl-20230531.htm,10-K consolidated statements of cash flows,REPORTED,,Cash paid for property and equipment as printed in the cash-flow statement (investing).,NO,NO,NO,NO,FALSE,FALSE,XBRL tag us-gaap:PaymentsToAcquirePropertyPlantAndEquipment; text check PASS. Same value also printed in 2 later filing(s).
OBS-ORACLE-00784,oracle,Oracle Corporation,FY2024,Q1,2023-06-01,2023-08-31,2023-Q3,2023-09-12,Capital expenditures,cash_purchases_of_ppe,"(1,314)",USD,millions,1314000000,SRC-IQ16-ORACLE-0000950170-23-047713,A,https://www.sec.gov/Archives/edgar/data/1341439/000095017023047713/orcl-20230831.htm,10-Q consolidated statements of cash flows,REPORTED,,Cash paid for property and equipment as printed in the cash-flow statement (investing).,NO,NO,NO,NO,FALSE,FALSE,XBRL tag us-gaap:PaymentsToAcquirePropertyPlantAndEquipment; text check PASS. Same value also printed in 1 later filing(s).
OBS-ORACLE-00785,oracle,Oracle Corporation,FY2024,H1 (6M YTD),2023-06-01,2023-11-30,2023-Q4,2023-12-12,Capital expenditures,cash_purchases_of_ppe,"(2,394)",USD,millions,2394000000,SRC-IQ16-ORACLE-0000950170-23-069682,A,https://www.sec.gov/Archives/edgar/data/1341439/000095017023069682/orcl-20231130.htm,10-Q consolidated statements of cash flows,REPORTED,,Cash paid for property and equipment as printed in the cash-flow statement (investing).,NO,NO,NO,NO,FALSE,FALSE,XBRL tag us-gaap:PaymentsToAcquirePropertyPlantAndEquipment; text check PASS. Same value also printed in 1 later filing(s).
OBS-ORACLE-00786,oracle,Oracle Corporation,FY2024,9M YTD,2023-06-01,2024-02-29,2024-Q1,2024-03-12,Capital expenditures,cash_purchases_of_ppe,"(4,068)",USD,millions,4068000000,SRC-IQ16-ORACLE-0000950170-24-029904,A,https://www.sec.gov/Archives/edgar/data/1341439/000095017024029904/orcl-20240229.htm,10-Q consolidated statements of cash flows,REPORTED,,Cash paid for property and equipment as printed in the cash-flow statement (investing).,NO,NO,NO,NO,FALSE,FALSE,XBRL tag us-gaap:PaymentsToAcquirePropertyPlantAndEquipment; text check PASS. Same value also printed in 1 later filing(s).
OBS-ORACLE-00787,oracle,Oracle Corporation,FY2024,FY,2023-06-01,2024-05-31,2024-Q2,2024-06-20,Capital expenditures,cash_purchases_of_ppe,"(6,866)",USD,millions,6866000000,SRC-IQ16-ORACLE-0000950170-24-075605,A,https://www.sec.gov/Archives/edgar/data/1341439/000095017024075605/orcl-20240531.htm,10-K consolidated statements of cash flows,REPORTED,,Cash paid for property and equipment as printed in the cash-flow statement (investing).,NO,NO,NO,NO,FALSE,FALSE,XBRL tag us-gaap:PaymentsToAcquirePropertyPlantAndEquipment; text check PASS. Same value also printed in 2 later filing(s).
OBS-ORACLE-00788,oracle,Oracle Corporation,FY2025,Q1,2024-06-01,2024-08-31,2024-Q3,2024-09-10,Capital expenditures,cash_purchases_of_ppe,"(2,303)",USD,millions,2303000000,SRC-IQ16-ORACLE-0000950170-24-104905,A,https://www.sec.gov/Archives/edgar/data/1341439/000095017024104905/orcl-20240831.htm,10-Q consolidated statements of cash flows,REPORTED,,Cash paid for property and equipment as printed in the cash-flow statement (investing).,NO,NO,NO,NO,FALSE,FALSE,XBRL tag us-gaap:PaymentsToAcquirePropertyPlantAndEquipment; text check PASS. Same value also printed in 1 later filing(s).
OBS-ORACLE-00789,oracle,Oracle Corporation,FY2025,H1 (6M YTD),2024-06-01,2024-11-30,2024-Q4,2024-12-10,Capital expenditures,cash_purchases_of_ppe,"(6,273)",USD,millions,6273000000,SRC-IQ16-ORACLE-0000950170-24-134973,A,https://www.sec.gov/Archives/edgar/data/1341439/000095017024134973/orcl-20241130.htm,10-Q consolidated statements of cash flows,REPORTED,,Cash paid for property and equipment as printed in the cash-flow statement (investing).,NO,NO,NO,NO,FALSE,FALSE,XBRL tag us-gaap:PaymentsToAcquirePropertyPlantAndEquipment; text check PASS. Same value also printed in 1 later filing(s).
OBS-ORACLE-00790,oracle,Oracle Corporation,FY2025,9M YTD,2024-06-01,2025-02-28,2025-Q1,2025-03-11,Capital expenditures,cash_purchases_of_ppe,"(12,135)",USD,millions,12135000000,SRC-IQ16-ORACLE-0000950170-25-037143,A,https://www.sec.gov/Archives/edgar/data/1341439/000095017025037143/orcl-20250228.htm,10-Q consolidated statements of cash flows,REPORTED,,Cash paid for property and equipment as printed in the cash-flow statement (investing).,NO,NO,NO,NO,FALSE,FALSE,XBRL tag us-gaap:PaymentsToAcquirePropertyPlantAndEquipment; text check PASS. Same value also printed in 1 later filing(s).
OBS-ORACLE-00791,oracle,Oracle Corporation,FY2025,FY,2024-06-01,2025-05-31,2025-Q2,2025-06-18,Capital expenditures,cash_purchases_of_ppe,"(21,215)",USD,millions,21215000000,SRC-IQ16-ORACLE-0000950170-25-087926,A,https://www.sec.gov/Archives/edgar/data/1341439/000095017025087926/orcl-20250531.htm,10-K consolidated statements of cash flows,REPORTED,,Cash paid for property and equipment as printed in the cash-flow statement (investing).,NO,NO,NO,NO,FALSE,FALSE,XBRL tag us-gaap:PaymentsToAcquirePropertyPlantAndEquipment; text check PASS. Same value also printed in 1 later filing(s).
OBS-ORACLE-00792,oracle,Oracle Corporation,FY2026,Q1,2025-06-01,2025-08-31,2025-Q3,2025-09-10,Capital expenditures,cash_purchases_of_ppe,"(8,502)",USD,millions,8502000000,SRC-IQ16-ORACLE-0001193125-25-200095,A,https://www.sec.gov/Archives/edgar/data/1341439/000119312525200095/orcl-20250831.htm,10-Q consolidated statements of cash flows,REPORTED,,Cash paid for property and equipment as printed in the cash-flow statement (investing).,NO,NO,NO,NO,FALSE,FALSE,XBRL tag us-gaap:PaymentsToAcquirePropertyPlantAndEquipment; text check PASS. Same value also printed in 1 later filing(s).
OBS-ORACLE-00793,oracle,Oracle Corporation,FY2026,H1 (6M YTD),2025-06-01,2025-11-30,2025-Q4,2025-12-11,Capital expenditures,cash_purchases_of_ppe,"(20,535)",USD,millions,20535000000,SRC-IQ16-ORACLE-0001193125-25-315925,A,https://www.sec.gov/Archives/edgar/data/1341439/000119312525315925/orcl-20251130.htm,10-Q consolidated statements of cash flows,REPORTED,,Cash paid for property and equipment as printed in the cash-flow statement (investing).,NO,NO,NO,NO,FALSE,FALSE,XBRL tag us-gaap:PaymentsToAcquirePropertyPlantAndEquipment; text check PASS.
OBS-ORACLE-00794,oracle,Oracle Corporation,FY2026,9M YTD,2025-06-01,2026-02-28,2026-Q1,2026-03-11,Capital expenditures,cash_purchases_of_ppe,"(39,170)",USD,millions,39170000000,SRC-IQ16-ORACLE-0001193125-26-101045,A,https://www.sec.gov/Archives/edgar/data/1341439/000119312526101045/orcl-20260228.htm,10-Q consolidated statements of cash flows,REPORTED,,Cash paid for property and equipment as printed in the cash-flow statement (investing).,NO,NO,NO,NO,FALSE,FALSE,XBRL tag us-gaap:PaymentsToAcquirePropertyPlantAndEquipment; text check PASS.
OBS-ORACLE-00795,oracle,Oracle Corporation,FY2026,FY,2025-06-01,2026-05-31,2026-Q2,2026-06-22,Capital expenditures,cash_purchases_of_ppe,"(55,663)",USD,millions,55663000000,SRC-ORCL-004,A,https://www.sec.gov/Archives/edgar/data/1341439/000119312526277521/orcl-20260531.htm,10-K consolidated statements of cash flows,REPORTED,,Cash paid for property and equipment as printed in the cash-flow statement (investing).,NO,NO,NO,NO,FALSE,FALSE,XBRL tag us-gaap:PaymentsToAcquirePropertyPlantAndEquipment; text check PASS.
OBS-ORACLE-00796,oracle,Oracle Corporation,FY2027,Q1,2026-06-01,2026-08-31,2026-Q3,2026-09-11,Capital expenditures,cash_purchases_of_ppe,"(28,499)",USD,millions,28499000000,SRC-IQ16-ORACLE-0001193125-26-389274,A,https://www.sec.gov/Archives/edgar/data/1341439/000119312526389274/orcl-20260831.htm,10-Q consolidated statements of cash flows,REPORTED,,Cash paid for property and equipment as printed in the cash-flow statement (investing).,NO,NO,NO,NO,FALSE,FALSE,XBRL tag us-gaap:PaymentsToAcquirePropertyPlantAndEquipment; text check PASS.
OBS-ALPHABET-00797,alphabet,Google Inc.,FY2009,Q2,2009-04-01,2009-06-30,2009-Q2,2010-05-05,Purchases of property and equipment,derived_quarter_cash_purchases_of_ppe,,USD,USD,139192000,SRC-IQ16-GOOGLE-0001193125-09-163845;SRC-IQ16-GOOGLE-0001193125-10-108704,A,https://www.sec.gov/Archives/edgar/data/1288776/000119312509163845/d10q.htm;https://www.sec.gov/Archives/edgar/data/1288776/000119312510108704/d10q.htm,Consolidated statements of cash flows (year-to-date columns),DERIVED_FROM_PRIMARY_SOURCE,six months to 2009-06-30 (402192000) minus three months to 2009-03-31 (263000000),Both inputs printed under the same line and definition.,NO,NO,NO,NO,FALSE,FALSE,Series A; inputs: 0001193125-09-163845 (2009-08-04); 0001193125-10-108704 (2010-05-05)
OBS-ALPHABET-00798,alphabet,Google Inc.,FY2009,Q3,2009-07-01,2009-09-30,2009-Q3,2009-11-04,Purchases of property and equipment,derived_quarter_cash_purchases_of_ppe,,USD,USD,186339000,SRC-IQ16-GOOGLE-0001193125-09-222384;SRC-IQ16-GOOGLE-0001193125-09-163845,A,https://www.sec.gov/Archives/edgar/data/1288776/000119312509222384/d10q.htm;https://www.sec.gov/Archives/edgar/data/1288776/000119312509163845/d10q.htm,Consolidated statements of cash flows (year-to-date columns),DERIVED_FROM_PRIMARY_SOURCE,nine months to 2009-09-30 (588531000) minus six months to 2009-06-30 (402192000),Both inputs printed under the same line and definition.,NO,NO,NO,NO,FALSE,FALSE,Series A; inputs: 0001193125-09-222384 (2009-11-04); 0001193125-09-163845 (2009-08-04)
OBS-ALPHABET-00799,alphabet,Google Inc.,FY2009,Q4,2009-10-01,2009-12-31,2009-Q4,2010-02-12,Purchases of property and equipment,derived_quarter_cash_purchases_of_ppe,,USD,USD,221357000,SRC-IQ16-GOOGLE-0001193125-10-030774;SRC-IQ16-GOOGLE-0001193125-09-222384,A,https://www.sec.gov/Archives/edgar/data/1288776/000119312510030774/d10k.htm;https://www.sec.gov/Archives/edgar/data/1288776/000119312509222384/d10q.htm,Consolidated statements of cash flows (year-to-date columns),DERIVED_FROM_PRIMARY_SOURCE,fiscal year to 2009-12-31 (809888000) minus nine months to 2009-09-30 (588531000),Both inputs printed under the same line and definition.,NO,NO,NO,NO,FALSE,FALSE,Series A; inputs: 0001193125-10-030774 (2010-02-12); 0001193125-09-222384 (2009-11-04)
OBS-ALPHABET-00800,alphabet,Google Inc.,FY2010,Q2,2010-04-01,2010-06-30,2010-Q2,2010-07-30,Purchases of property and equipment,derived_quarter_cash_purchases_of_ppe,,USD,USD,476000000,SRC-IQ16-GOOGLE-0001193125-10-172387;SRC-IQ16-GOOGLE-0001193125-10-108704,A,https://www.sec.gov/Archives/edgar/data/1288776/000119312510172387/d10q.htm;https://www.sec.gov/Archives/edgar/data/1288776/000119312510108704/d10q.htm,Consolidated statements of cash flows (year-to-date columns),DERIVED_FROM_PRIMARY_SOURCE,six months to 2010-06-30 (715000000) minus three months to 2010-03-31 (239000000),Both inputs printed under the same line and definition.,NO,NO,NO,NO,FALSE,FALSE,Series A; inputs: 0001193125-10-172387 (2010-07-30); 0001193125-10-108704 (2010-05-05)
OBS-ALPHABET-00801,alphabet,Google Inc.,FY2010,Q3,2010-07-01,2010-09-30,2010-Q3,2010-10-29,Purchases of property and equipment,derived_quarter_cash_purchases_of_ppe,,USD,USD,758000000,SRC-IQ16-GOOGLE-0001193125-10-241317;SRC-IQ16-GOOGLE-0001193125-10-172387,A,https://www.sec.gov/Archives/edgar/data/1288776/000119312510241317/d10q.htm;https://www.sec.gov/Archives/edgar/data/1288776/000119312510172387/d10q.htm,Consolidated statements of cash flows (year-to-date columns),DERIVED_FROM_PRIMARY_SOURCE,nine months to 2010-09-30 (1473000000) minus six months to 2010-06-30 (715000000),Both inputs printed under the same line and definition.,NO,NO,NO,NO,FALSE,FALSE,Series A; inputs: 0001193125-10-241317 (2010-10-29); 0001193125-10-172387 (2010-07-30)
OBS-ALPHABET-00802,alphabet,Google Inc.,FY2010,Q4,2010-10-01,2010-12-31,2010-Q4,2011-02-11,Purchases of property and equipment,derived_quarter_cash_purchases_of_ppe,,USD,USD,2545000000,SRC-GOOG-002;SRC-IQ16-GOOGLE-0001193125-10-241317,A,https://www.sec.gov/Archives/edgar/data/1288776/000119312511032930/d10k.htm;https://www.sec.gov/Archives/edgar/data/1288776/000119312510241317/d10q.htm,Consolidated statements of cash flows (year-to-date columns),DERIVED_FROM_PRIMARY_SOURCE,fiscal year to 2010-12-31 (4018000000) minus nine months to 2010-09-30 (1473000000),Both inputs printed under the same line and definition.,NO,NO,NO,NO,FALSE,FALSE,Series A; inputs: 0001193125-11-032930 (2011-02-11); 0001193125-10-241317 (2010-10-29)
OBS-ALPHABET-00803,alphabet,Google Inc.,FY2011,Q2,2011-04-01,2011-06-30,2011-Q2,2011-07-27,Purchases of property and equipment,derived_quarter_cash_purchases_of_ppe,,USD,USD,917000000,SRC-IQ16-GOOGLE-0001193125-11-199078;SRC-IQ16-GOOGLE-0001193125-11-134428,A,https://www.sec.gov/Archives/edgar/data/1288776/000119312511199078/d10q.htm;https://www.sec.gov/Archives/edgar/data/1288776/000119312511134428/d10q.htm,Consolidated statements of cash flows (year-to-date columns),DERIVED_FROM_PRIMARY_SOURCE,six months to 2011-06-30 (1807000000) minus three months to 2011-03-31 (890000000),Both inputs printed under the same line and definition.,NO,NO,NO,NO,FALSE,FALSE,Series A; inputs: 0001193125-11-199078 (2011-07-27); 0001193125-11-134428 (2011-05-10)
OBS-ALPHABET-00804,alphabet,Google Inc.,FY2011,Q3,2011-07-01,2011-09-30,2011-Q3,2011-10-26,Purchases of property and equipment,derived_quarter_cash_purchases_of_ppe,,USD,USD,680000000,SRC-IQ16-GOOGLE-0001193125-11-282235;SRC-IQ16-GOOGLE-0001193125-11-199078,A,https://www.sec.gov/Archives/edgar/data/1288776/000119312511282235/d228523d10q.htm;https://www.sec.gov/Archives/edgar/data/1288776/000119312511199078/d10q.htm,Consolidated statements of cash flows (year-to-date columns),DERIVED_FROM_PRIMARY_SOURCE,nine months to 2011-09-30 (2487000000) minus six months to 2011-06-30 (1807000000),Both inputs printed under the same line and definition.,NO,NO,NO,NO,FALSE,FALSE,Series A; inputs: 0001193125-11-282235 (2011-10-26); 0001193125-11-199078 (2011-07-27)
OBS-ALPHABET-00805,alphabet,Google Inc.,FY2011,Q4,2011-10-01,2011-12-31,2011-Q4,2012-01-26,Purchases of property and equipment,derived_quarter_cash_purchases_of_ppe,,USD,USD,951000000,SRC-IQ16-GOOGLE-0001193125-12-025336;SRC-IQ16-GOOGLE-0001193125-11-282235,A,https://www.sec.gov/Archives/edgar/data/1288776/000119312512025336/d260164d10k.htm;https://www.sec.gov/Archives/edgar/data/1288776/000119312511282235/d228523d10q.htm,Consolidated statements of cash flows (year-to-date columns),DERIVED_FROM_PRIMARY_SOURCE,fiscal year to 2011-12-31 (3438000000) minus nine months to 2011-09-30 (2487000000),Both inputs printed under the same line and definition.,NO,NO,NO,NO,FALSE,FALSE,Series A; inputs: 0001193125-12-025336 (2012-01-26); 0001193125-11-282235 (2011-10-26)
OBS-ALPHABET-00806,alphabet,Google Inc.,FY2012,Q2,2012-04-01,2012-06-30,2012-Q2,2012-07-24,Purchases of property and equipment,derived_quarter_cash_purchases_of_ppe,,USD,USD,774000000,SRC-IQ16-GOOGLE-0001193125-12-312575;SRC-IQ16-GOOGLE-0001193125-12-182401,A,https://www.sec.gov/Archives/edgar/data/1288776/000119312512312575/d357361d10q.htm;https://www.sec.gov/Archives/edgar/data/1288776/000119312512182401/d307179d10q.htm,Consolidated statements of cash flows (year-to-date columns),DERIVED_FROM_PRIMARY_SOURCE,six months to 2012-06-30 (1381000000) minus three months to 2012-03-31 (607000000),Both inputs printed under the same line and definition.,NO,NO,NO,NO,FALSE,FALSE,Series A; inputs: 0001193125-12-312575 (2012-07-24); 0001193125-12-182401 (2012-04-25)
OBS-ALPHABET-00807,alphabet,Google Inc.,FY2012,Q3,2012-07-01,2012-09-30,2012-Q3,2012-10-30,Purchases of property and equipment,derived_quarter_cash_purchases_of_ppe,,USD,USD,872000000,SRC-IQ16-GOOGLE-0001193125-12-440217;SRC-IQ16-GOOGLE-0001193125-12-312575,A,https://www.sec.gov/Archives/edgar/data/1288776/000119312512440217/d400524d10q.htm;https://www.sec.gov/Archives/edgar/data/1288776/000119312512312575/d357361d10q.htm,Consolidated statements of cash flows (year-to-date columns),DERIVED_FROM_PRIMARY_SOURCE,nine months to 2012-09-30 (2253000000) minus six months to 2012-06-30 (1381000000),Both inputs printed under the same line and definition.,NO,NO,NO,NO,FALSE,FALSE,Series A; inputs: 0001193125-12-440217 (2012-10-30); 0001193125-12-312575 (2012-07-24)
OBS-ALPHABET-00808,alphabet,Google Inc.,FY2012,Q4,2012-10-01,2012-12-31,2012-Q4,2013-01-29,Purchases of property and equipment,derived_quarter_cash_purchases_of_ppe,,USD,USD,1020000000,SRC-IQ16-GOOGLE-0001193125-13-028362;SRC-IQ16-GOOGLE-0001193125-12-440217,A,https://www.sec.gov/Archives/edgar/data/1288776/000119312513028362/d452134d10k.htm;https://www.sec.gov/Archives/edgar/data/1288776/000119312512440217/d400524d10q.htm,Consolidated statements of cash flows (year-to-date columns),DERIVED_FROM_PRIMARY_SOURCE,fiscal year to 2012-12-31 (3273000000) minus nine months to 2012-09-30 (2253000000),Both inputs printed under the same line and definition.,NO,NO,NO,NO,FALSE,FALSE,Series A; inputs: 0001193125-13-028362 (2013-01-29); 0001193125-12-440217 (2012-10-30)
OBS-ALPHABET-00809,alphabet,Google Inc.,FY2013,Q2,2013-04-01,2013-06-30,2013-Q2,2013-07-25,Purchases of property and equipment,derived_quarter_cash_purchases_of_ppe,,USD,USD,1611000000,SRC-IQ16-GOOGLE-0001288776-13-000055;SRC-IQ16-GOOGLE-0001288776-13-000030,A,https://www.sec.gov/Archives/edgar/data/1288776/000128877613000055/goog10-qq22013.htm;https://www.sec.gov/Archives/edgar/data/1288776/000128877613000030/goog-2013331x10q.htm,Consolidated statements of cash flows (year-to-date columns),DERIVED_FROM_PRIMARY_SOURCE,six months to 2013-06-30 (2814000000) minus three months to 2013-03-31 (1203000000),Both inputs printed under the same line and definition.,NO,NO,NO,NO,FALSE,FALSE,Series A; inputs: 0001288776-13-000055 (2013-07-25); 0001288776-13-000030 (2013-04-25)
OBS-ALPHABET-00810,alphabet,Google Inc.,FY2013,Q3,2013-07-01,2013-09-30,2013-Q3,2013-10-24,Purchases of property and equipment,derived_quarter_cash_purchases_of_ppe,,USD,USD,2289000000,SRC-IQ16-GOOGLE-0001288776-13-000068;SRC-IQ16-GOOGLE-0001288776-13-000055,A,https://www.sec.gov/Archives/edgar/data/1288776/000128877613000068/goog10-qq32013.htm;https://www.sec.gov/Archives/edgar/data/1288776/000128877613000055/goog10-qq22013.htm,Consolidated statements of cash flows (year-to-date columns),DERIVED_FROM_PRIMARY_SOURCE,nine months to 2013-09-30 (5103000000) minus six months to 2013-06-30 (2814000000),Both inputs printed under the same line and definition.,NO,NO,NO,NO,FALSE,FALSE,Series A; inputs: 0001288776-13-000068 (2013-10-24); 0001288776-13-000055 (2013-07-25)
OBS-ALPHABET-00811,alphabet,Google Inc.,FY2013,Q4,2013-10-01,2013-12-31,2013-Q4,2014-02-12,Purchases of property and equipment,derived_quarter_cash_purchases_of_ppe,,USD,USD,2255000000,SRC-IQ16-GOOGLE-0001288776-14-000020;SRC-IQ16-GOOGLE-0001288776-13-000068,A,https://www.sec.gov/Archives/edgar/data/1288776/000128877614000020/goog2013123110-k.htm;https://www.sec.gov/Archives/edgar/data/1288776/000128877613000068/goog10-qq32013.htm,Consolidated statements of cash flows (year-to-date columns),DERIVED_FROM_PRIMARY_SOURCE,fiscal year to 2013-12-31 (7358000000) minus nine months to 2013-09-30 (5103000000),Both inputs printed under the same line and definition.,NO,NO,NO,NO,FALSE,FALSE,Series A; inputs: 0001288776-14-000020 (2014-02-12); 0001288776-13-000068 (2013-10-24)
OBS-ALPHABET-00812,alphabet,Google Inc.,FY2014,Q2,2014-04-01,2014-06-30,2014-Q2,2014-07-25,Purchases of property and equipment,derived_quarter_cash_purchases_of_ppe,,USD,USD,2646000000,SRC-IQ16-GOOGLE-0001288776-14-000065;SRC-IQ16-GOOGLE-0001288776-14-000040,A,https://www.sec.gov/Archives/edgar/data/1288776/000128877614000065/goog10-qq22014.htm;https://www.sec.gov/Archives/edgar/data/1288776/000128877614000040/goog10-qq12014.htm,Consolidated statements of cash flows (year-to-date columns),DERIVED_FROM_PRIMARY_SOURCE,six months to 2014-06-30 (4991000000) minus three months to 2014-03-31 (2345000000),Both inputs printed under the same line and definition.,NO,NO,NO,NO,FALSE,FALSE,Series A; inputs: 0001288776-14-000065 (2014-07-25); 0001288776-14-000040 (2014-04-24)
OBS-ALPHABET-00813,alphabet,Google Inc.,FY2014,Q3,2014-07-01,2014-09-30,2014-Q3,2014-10-23,Purchases of property and equipment,derived_quarter_cash_purchases_of_ppe,,USD,USD,2417000000,SRC-IQ16-GOOGLE-0001288776-14-000075;SRC-IQ16-GOOGLE-0001288776-14-000065,A,https://www.sec.gov/Archives/edgar/data/1288776/000128877614000075/goog10-qq32014.htm;https://www.sec.gov/Archives/edgar/data/1288776/000128877614000065/goog10-qq22014.htm,Consolidated statements of cash flows (year-to-date columns),DERIVED_FROM_PRIMARY_SOURCE,nine months to 2014-09-30 (7408000000) minus six months to 2014-06-30 (4991000000),Both inputs printed under the same line and definition.,NO,NO,NO,NO,FALSE,FALSE,Series A; inputs: 0001288776-14-000075 (2014-10-23); 0001288776-14-000065 (2014-07-25)
OBS-ALPHABET-00814,alphabet,Google Inc.,FY2014,Q4,2014-10-01,2014-12-31,2014-Q4,2015-02-09,Purchases of property and equipment,derived_quarter_cash_purchases_of_ppe,,USD,USD,3551000000,SRC-IQ16-GOOGLE-0001288776-15-000008;SRC-IQ16-GOOGLE-0001288776-14-000075,A,https://www.sec.gov/Archives/edgar/data/1288776/000128877615000008/goog2014123110-k.htm;https://www.sec.gov/Archives/edgar/data/1288776/000128877614000075/goog10-qq32014.htm,Consolidated statements of cash flows (year-to-date columns),DERIVED_FROM_PRIMARY_SOURCE,fiscal year to 2014-12-31 (10959000000) minus nine months to 2014-09-30 (7408000000),Both inputs printed under the same line and definition.,NO,NO,NO,NO,FALSE,FALSE,Series A; inputs: 0001288776-15-000008 (2015-02-09); 0001288776-14-000075 (2014-10-23)
OBS-ALPHABET-00815,alphabet,Google Inc.,FY2015,Q2,2015-04-01,2015-06-30,2015-Q2,2015-07-23,Purchases of property and equipment,derived_quarter_cash_purchases_of_ppe,,USD,USD,2515000000,SRC-IQ16-GOOGLE-0001288776-15-000035;SRC-IQ16-GOOGLE-0001288776-15-000023,A,https://www.sec.gov/Archives/edgar/data/1288776/000128877615000035/goog10-qq22015.htm;https://www.sec.gov/Archives/edgar/data/1288776/000128877615000023/goog10-qq12015.htm,Consolidated statements of cash flows (year-to-date columns),DERIVED_FROM_PRIMARY_SOURCE,six months to 2015-06-30 (5442000000) minus three months to 2015-03-31 (2927000000),Both inputs printed under the same line and definition.,NO,NO,NO,NO,FALSE,FALSE,Series A; inputs: 0001288776-15-000035 (2015-07-23); 0001288776-15-000023 (2015-04-29)
OBS-ALPHABET-00816,alphabet,Google Inc.,FY2015,Q3,2015-07-01,2015-09-30,2015-Q3,2015-10-29,Purchases of property and equipment,derived_quarter_cash_purchases_of_ppe,,USD,USD,2373000000,SRC-IQ16-GOOGLE-0001288776-15-000046;SRC-IQ16-GOOGLE-0001288776-15-000035,A,https://www.sec.gov/Archives/edgar/data/1288776/000128877615000046/goog10-qq32015.htm;https://www.sec.gov/Archives/edgar/data/1288776/000128877615000035/goog10-qq22015.htm,Consolidated statements of cash flows (year-to-date columns),DERIVED_FROM_PRIMARY_SOURCE,nine months to 2015-09-30 (7815000000) minus six months to 2015-06-30 (5442000000),Both inputs printed under the same line and definition.,NO,NO,NO,NO,FALSE,FALSE,Series A; inputs: 0001288776-15-000046 (2015-10-29); 0001288776-15-000035 (2015-07-23)
OBS-ALPHABET-00817,alphabet,Alphabet Inc.,FY2015,Q4,2015-10-01,2015-12-31,2015-Q4,2016-02-11,Purchases of property and equipment,derived_quarter_cash_purchases_of_ppe,,USD,USD,2100000000,SRC-IQ16-ALPHABET-0001652044-16-000012;SRC-IQ16-GOOGLE-0001288776-15-000046,A,https://www.sec.gov/Archives/edgar/data/1652044/000165204416000012/goog10-k2015.htm;https://www.sec.gov/Archives/edgar/data/1288776/000128877615000046/goog10-qq32015.htm,Consolidated statements of cash flows (year-to-date columns),DERIVED_FROM_PRIMARY_SOURCE,fiscal year to 2015-12-31 (9915000000) minus nine months to 2015-09-30 (7815000000),Both inputs printed under the same line and definition.,NO,NO,NO,NO,FALSE,FALSE,Series A; inputs: 0001652044-16-000012 (2016-02-11); 0001288776-15-000046 (2015-10-29)
OBS-ALPHABET-00818,alphabet,Alphabet Inc.,FY2016,Q2,2016-04-01,2016-06-30,2016-Q2,2016-08-04,Purchases of property and equipment,derived_quarter_cash_purchases_of_ppe,,USD,USD,2123000000,SRC-IQ16-ALPHABET-0001652044-16-000032;SRC-IQ16-ALPHABET-0001652044-16-000021,A,https://www.sec.gov/Archives/edgar/data/1652044/000165204416000032/goog10-qq22016.htm;https://www.sec.gov/Archives/edgar/data/1652044/000165204416000021/goog10-qq12016.htm,Consolidated statements of cash flows (year-to-date columns),DERIVED_FROM_PRIMARY_SOURCE,six months to 2016-06-30 (4551000000) minus three months to 2016-03-31 (2428000000),Both inputs printed under the same line and definition.,NO,NO,NO,NO,FALSE,FALSE,Series A; inputs: 0001652044-16-000032 (2016-08-04); 0001652044-16-000021 (2016-05-03)
OBS-ALPHABET-00819,alphabet,Alphabet Inc.,FY2016,Q3,2016-07-01,2016-09-30,2016-Q3,2016-11-03,Purchases of property and equipment,derived_quarter_cash_purchases_of_ppe,,USD,USD,2583000000,SRC-IQ16-ALPHABET-0001652044-16-000038;SRC-IQ16-ALPHABET-0001652044-16-000032,A,https://www.sec.gov/Archives/edgar/data/1652044/000165204416000038/goog10-qq32016.htm;https://www.sec.gov/Archives/edgar/data/1652044/000165204416000032/goog10-qq22016.htm,Consolidated statements of cash flows (year-to-date columns),DERIVED_FROM_PRIMARY_SOURCE,nine months to 2016-09-30 (7134000000) minus six months to 2016-06-30 (4551000000),Both inputs printed under the same line and definition.,NO,NO,NO,NO,FALSE,FALSE,Series A; inputs: 0001652044-16-000038 (2016-11-03); 0001652044-16-000032 (2016-08-04)
OBS-ALPHABET-00820,alphabet,Alphabet Inc.,FY2016,Q4,2016-10-01,2016-12-31,2016-Q4,2017-02-03,Purchases of property and equipment,derived_quarter_cash_purchases_of_ppe,,USD,USD,3078000000,SRC-IQ16-ALPHABET-0001652044-17-000008;SRC-IQ16-ALPHABET-0001652044-16-000038,A,https://www.sec.gov/Archives/edgar/data/1652044/000165204417000008/goog10-kq42016.htm;https://www.sec.gov/Archives/edgar/data/1652044/000165204416000038/goog10-qq32016.htm,Consolidated statements of cash flows (year-to-date columns),DERIVED_FROM_PRIMARY_SOURCE,fiscal year to 2016-12-31 (10212000000) minus nine months to 2016-09-30 (7134000000),Both inputs printed under the same line and definition.,NO,NO,NO,NO,FALSE,FALSE,Series A; inputs: 0001652044-17-000008 (2017-02-03); 0001652044-16-000038 (2016-11-03)
OBS-ALPHABET-00821,alphabet,Alphabet Inc.,FY2017,Q2,2017-04-01,2017-06-30,2017-Q2,2017-07-25,Purchases of property and equipment,derived_quarter_cash_purchases_of_ppe,,USD,USD,2831000000,SRC-IQ16-ALPHABET-0001652044-17-000026;SRC-IQ16-ALPHABET-0001652044-17-000014,A,https://www.sec.gov/Archives/edgar/data/1652044/000165204417000026/goog10-qq22017.htm;https://www.sec.gov/Archives/edgar/data/1652044/000165204417000014/goog10-qq12017.htm,Consolidated statements of cash flows (year-to-date columns),DERIVED_FROM_PRIMARY_SOURCE,six months to 2017-06-30 (5339000000) minus three months to 2017-03-31 (2508000000),Both inputs printed under the same line and definition.,NO,NO,NO,NO,FALSE,FALSE,Series A; inputs: 0001652044-17-000026 (2017-07-25); 0001652044-17-000014 (2017-05-02)
OBS-ALPHABET-00822,alphabet,Alphabet Inc.,FY2017,Q3,2017-07-01,2017-09-30,2017-Q3,2017-10-27,Purchases of property and equipment,derived_quarter_cash_purchases_of_ppe,,USD,USD,3538000000,SRC-IQ16-ALPHABET-0001652044-17-000042;SRC-IQ16-ALPHABET-0001652044-17-000026,A,https://www.sec.gov/Archives/edgar/data/1652044/000165204417000042/goog10-qq32017.htm;https://www.sec.gov/Archives/edgar/data/1652044/000165204417000026/goog10-qq22017.htm,Consolidated statements of cash flows (year-to-date columns),DERIVED_FROM_PRIMARY_SOURCE,nine months to 2017-09-30 (8877000000) minus six months to 2017-06-30 (5339000000),Both inputs printed under the same line and definition.,NO,NO,NO,NO,FALSE,FALSE,Series A; inputs: 0001652044-17-000042 (2017-10-27); 0001652044-17-000026 (2017-07-25)
OBS-ALPHABET-00823,alphabet,Alphabet Inc.,FY2017,Q4,2017-10-01,2017-12-31,2017-Q4,2018-02-06,Purchases of property and equipment,derived_quarter_cash_purchases_of_ppe,,USD,USD,4307000000,SRC-IQ16-ALPHABET-0001652044-18-000007;SRC-IQ16-ALPHABET-0001652044-17-000042,A,https://www.sec.gov/Archives/edgar/data/1652044/000165204418000007/goog10-kq42017.htm;https://www.sec.gov/Archives/edgar/data/1652044/000165204417000042/goog10-qq32017.htm,Consolidated statements of cash flows (year-to-date columns),DERIVED_FROM_PRIMARY_SOURCE,fiscal year to 2017-12-31 (13184000000) minus nine months to 2017-09-30 (8877000000),Both inputs printed under the same line and definition.,NO,NO,NO,NO,FALSE,FALSE,Series A; inputs: 0001652044-18-000007 (2018-02-06); 0001652044-17-000042 (2017-10-27)
OBS-ALPHABET-00824,alphabet,Alphabet Inc.,FY2018,Q2,2018-04-01,2018-06-30,2018-Q2,2018-07-24,Purchases of property and equipment,derived_quarter_cash_purchases_of_ppe,,USD,USD,5477000000,SRC-IQ16-ALPHABET-0001652044-18-000027;SRC-IQ16-ALPHABET-0001652044-18-000016,A,https://www.sec.gov/Archives/edgar/data/1652044/000165204418000027/goog10-qq22018.htm;https://www.sec.gov/Archives/edgar/data/1652044/000165204418000016/goog10-qq12018.htm,Consolidated statements of cash flows (year-to-date columns),DERIVED_FROM_PRIMARY_SOURCE,six months to 2018-06-30 (12776000000) minus three months to 2018-03-31 (7299000000),Both inputs printed under the same line and definition.,NO,NO,NO,NO,FALSE,FALSE,Series A; inputs: 0001652044-18-000027 (2018-07-24); 0001652044-18-000016 (2018-04-24)
OBS-ALPHABET-00825,alphabet,Alphabet Inc.,FY2018,Q3,2018-07-01,2018-09-30,2018-Q3,2018-10-26,Purchases of property and equipment,derived_quarter_cash_purchases_of_ppe,,USD,USD,5282000000,SRC-IQ16-ALPHABET-0001652044-18-000035;SRC-IQ16-ALPHABET-0001652044-18-000027,A,https://www.sec.gov/Archives/edgar/data/1652044/000165204418000035/goog10-qq32018.htm;https://www.sec.gov/Archives/edgar/data/1652044/000165204418000027/goog10-qq22018.htm,Consolidated statements of cash flows (year-to-date columns),DERIVED_FROM_PRIMARY_SOURCE,nine months to 2018-09-30 (18058000000) minus six months to 2018-06-30 (12776000000),Both inputs printed under the same line and definition.,NO,NO,NO,NO,FALSE,FALSE,Series A; inputs: 0001652044-18-000035 (2018-10-26); 0001652044-18-000027 (2018-07-24)
OBS-ALPHABET-00826,alphabet,Alphabet Inc.,FY2018,Q4,2018-10-01,2018-12-31,2018-Q4,2019-02-05,Purchases of property and equipment,derived_quarter_cash_purchases_of_ppe,,USD,USD,7081000000,SRC-IQ16-ALPHABET-0001652044-19-000004;SRC-IQ16-ALPHABET-0001652044-18-000035,A,https://www.sec.gov/Archives/edgar/data/1652044/000165204419000004/goog10-kq42018.htm;https://www.sec.gov/Archives/edgar/data/1652044/000165204418000035/goog10-qq32018.htm,Consolidated statements of cash flows (year-to-date columns),DERIVED_FROM_PRIMARY_SOURCE,fiscal year to 2018-12-31 (25139000000) minus nine months to 2018-09-30 (18058000000),Both inputs printed under the same line and definition.,NO,NO,NO,NO,FALSE,FALSE,Series A; inputs: 0001652044-19-000004 (2019-02-05); 0001652044-18-000035 (2018-10-26)
OBS-ALPHABET-00827,alphabet,Alphabet Inc.,FY2019,Q2,2019-04-01,2019-06-30,2019-Q2,2019-07-26,Purchases of property and equipment,derived_quarter_cash_purchases_of_ppe,,USD,USD,6126000000,SRC-IQ16-ALPHABET-0001652044-19-000023;SRC-IQ16-ALPHABET-0001652044-19-000015,A,https://www.sec.gov/Archives/edgar/data/1652044/000165204419000023/goog10-qq22019.htm;https://www.sec.gov/Archives/edgar/data/1652044/000165204419000015/goog10-qq12019.htm,Consolidated statements of cash flows (year-to-date columns),DERIVED_FROM_PRIMARY_SOURCE,six months to 2019-06-30 (10764000000) minus three months to 2019-03-31 (4638000000),Both inputs printed under the same line and definition.,NO,NO,NO,NO,FALSE,FALSE,Series A; inputs: 0001652044-19-000023 (2019-07-26); 0001652044-19-000015 (2019-04-30)
OBS-ALPHABET-00828,alphabet,Alphabet Inc.,FY2019,Q3,2019-07-01,2019-09-30,2019-Q3,2019-10-29,Purchases of property and equipment,derived_quarter_cash_purchases_of_ppe,,USD,USD,6732000000,SRC-IQ16-ALPHABET-0001652044-19-000032;SRC-IQ16-ALPHABET-0001652044-19-000023,A,https://www.sec.gov/Archives/edgar/data/1652044/000165204419000032/goog10-qq32019.htm;https://www.sec.gov/Archives/edgar/data/1652044/000165204419000023/goog10-qq22019.htm,Consolidated statements of cash flows (year-to-date columns),DERIVED_FROM_PRIMARY_SOURCE,nine months to 2019-09-30 (17496000000) minus six months to 2019-06-30 (10764000000),Both inputs printed under the same line and definition.,NO,NO,NO,NO,FALSE,FALSE,Series A; inputs: 0001652044-19-000032 (2019-10-29); 0001652044-19-000023 (2019-07-26)
OBS-ALPHABET-00829,alphabet,Alphabet Inc.,FY2019,Q4,2019-10-01,2019-12-31,2019-Q4,2020-02-04,Purchases of property and equipment,derived_quarter_cash_purchases_of_ppe,,USD,USD,6052000000,SRC-IQ16-ALPHABET-0001652044-20-000008;SRC-IQ16-ALPHABET-0001652044-19-000032,A,https://www.sec.gov/Archives/edgar/data/1652044/000165204420000008/goog10-k2019.htm;https://www.sec.gov/Archives/edgar/data/1652044/000165204419000032/goog10-qq32019.htm,Consolidated statements of cash flows (year-to-date columns),DERIVED_FROM_PRIMARY_SOURCE,fiscal year to 2019-12-31 (23548000000) minus nine months to 2019-09-30 (17496000000),Both inputs printed under the same line and definition.,NO,NO,NO,NO,FALSE,FALSE,Series A; inputs: 0001652044-20-000008 (2020-02-04); 0001652044-19-000032 (2019-10-29)
OBS-ALPHABET-00830,alphabet,Alphabet Inc.,FY2020,Q2,2020-04-01,2020-06-30,2020-Q2,2020-07-31,Purchases of property and equipment,derived_quarter_cash_purchases_of_ppe,,USD,USD,5391000000,SRC-IQ16-ALPHABET-0001652044-20-000032;SRC-IQ16-ALPHABET-0001652044-20-000021,A,https://www.sec.gov/Archives/edgar/data/1652044/000165204420000032/goog-20200630.htm;https://www.sec.gov/Archives/edgar/data/1652044/000165204420000021/goog-20200331.htm,Consolidated statements of cash flows (year-to-date columns),DERIVED_FROM_PRIMARY_SOURCE,six months to 2020-06-30 (11396000000) minus three months to 2020-03-31 (6005000000),Both inputs printed under the same line and definition.,NO,NO,NO,NO,FALSE,FALSE,Series A; inputs: 0001652044-20-000032 (2020-07-31); 0001652044-20-000021 (2020-04-29)
OBS-ALPHABET-00831,alphabet,Alphabet Inc.,FY2020,Q3,2020-07-01,2020-09-30,2020-Q3,2020-10-30,Purchases of property and equipment,derived_quarter_cash_purchases_of_ppe,,USD,USD,5406000000,SRC-IQ16-ALPHABET-0001652044-20-000050;SRC-IQ16-ALPHABET-0001652044-20-000032,A,https://www.sec.gov/Archives/edgar/data/1652044/000165204420000050/goog-20200930.htm;https://www.sec.gov/Archives/edgar/data/1652044/000165204420000032/goog-20200630.htm,Consolidated statements of cash flows (year-to-date columns),DERIVED_FROM_PRIMARY_SOURCE,nine months to 2020-09-30 (16802000000) minus six months to 2020-06-30 (11396000000),Both inputs printed under the same line and definition.,NO,NO,NO,NO,FALSE,FALSE,Series A; inputs: 0001652044-20-000050 (2020-10-30); 0001652044-20-000032 (2020-07-31)
OBS-ALPHABET-00832,alphabet,Alphabet Inc.,FY2020,Q4,2020-10-01,2020-12-31,2020-Q4,2021-02-03,Purchases of property and equipment,derived_quarter_cash_purchases_of_ppe,,USD,USD,5479000000,SRC-IQ16-ALPHABET-0001652044-21-000010;SRC-IQ16-ALPHABET-0001652044-20-000050,A,https://www.sec.gov/Archives/edgar/data/1652044/000165204421000010/goog-20201231.htm;https://www.sec.gov/Archives/edgar/data/1652044/000165204420000050/goog-20200930.htm,Consolidated statements of cash flows (year-to-date columns),DERIVED_FROM_PRIMARY_SOURCE,fiscal year to 2020-12-31 (22281000000) minus nine months to 2020-09-30 (16802000000),Both inputs printed under the same line and definition.,NO,NO,NO,NO,FALSE,FALSE,Series A; inputs: 0001652044-21-000010 (2021-02-03); 0001652044-20-000050 (2020-10-30)
OBS-ALPHABET-00833,alphabet,Alphabet Inc.,FY2021,Q2,2021-04-01,2021-06-30,2021-Q2,2021-07-28,Purchases of property and equipment,derived_quarter_cash_purchases_of_ppe,,USD,USD,5496000000,SRC-IQ16-ALPHABET-0001652044-21-000047;SRC-IQ16-ALPHABET-0001652044-21-000020,A,https://www.sec.gov/Archives/edgar/data/1652044/000165204421000047/goog-20210630.htm;https://www.sec.gov/Archives/edgar/data/1652044/000165204421000020/goog-20210331.htm,Consolidated statements of cash flows (year-to-date columns),DERIVED_FROM_PRIMARY_SOURCE,six months to 2021-06-30 (11438000000) minus three months to 2021-03-31 (5942000000),Both inputs printed under the same line and definition.,NO,NO,NO,NO,FALSE,FALSE,Series A; inputs: 0001652044-21-000047 (2021-07-28); 0001652044-21-000020 (2021-04-28)
OBS-ALPHABET-00834,alphabet,Alphabet Inc.,FY2021,Q3,2021-07-01,2021-09-30,2021-Q3,2021-10-27,Purchases of property and equipment,derived_quarter_cash_purchases_of_ppe,,USD,USD,6819000000,SRC-IQ16-ALPHABET-0001652044-21-000057;SRC-IQ16-ALPHABET-0001652044-21-000047,A,https://www.sec.gov/Archives/edgar/data/1652044/000165204421000057/goog-20210930.htm;https://www.sec.gov/Archives/edgar/data/1652044/000165204421000047/goog-20210630.htm,Consolidated statements of cash flows (year-to-date columns),DERIVED_FROM_PRIMARY_SOURCE,nine months to 2021-09-30 (18257000000) minus six months to 2021-06-30 (11438000000),Both inputs printed under the same line and definition.,NO,NO,NO,NO,FALSE,FALSE,Series A; inputs: 0001652044-21-000057 (2021-10-27); 0001652044-21-000047 (2021-07-28)
OBS-ALPHABET-00835,alphabet,Alphabet Inc.,FY2021,Q4,2021-10-01,2021-12-31,2021-Q4,2022-02-02,Purchases of property and equipment,derived_quarter_cash_purchases_of_ppe,,USD,USD,6383000000,SRC-IQ16-ALPHABET-0001652044-22-000019;SRC-IQ16-ALPHABET-0001652044-21-000057,A,https://www.sec.gov/Archives/edgar/data/1652044/000165204422000019/goog-20211231.htm;https://www.sec.gov/Archives/edgar/data/1652044/000165204421000057/goog-20210930.htm,Consolidated statements of cash flows (year-to-date columns),DERIVED_FROM_PRIMARY_SOURCE,fiscal year to 2021-12-31 (24640000000) minus nine months to 2021-09-30 (18257000000),Both inputs printed under the same line and definition.,NO,NO,NO,NO,FALSE,FALSE,Series A; inputs: 0001652044-22-000019 (2022-02-02); 0001652044-21-000057 (2021-10-27)
OBS-ALPHABET-00836,alphabet,Alphabet Inc.,FY2022,Q2,2022-04-01,2022-06-30,2022-Q2,2022-07-27,Purchases of property and equipment,derived_quarter_cash_purchases_of_ppe,,USD,USD,6828000000,SRC-IQ16-ALPHABET-0001652044-22-000071;SRC-IQ16-ALPHABET-0001652044-22-000029,A,https://www.sec.gov/Archives/edgar/data/1652044/000165204422000071/goog-20220630.htm;https://www.sec.gov/Archives/edgar/data/1652044/000165204422000029/goog-20220331.htm,Consolidated statements of cash flows (year-to-date columns),DERIVED_FROM_PRIMARY_SOURCE,six months to 2022-06-30 (16614000000) minus three months to 2022-03-31 (9786000000),Both inputs printed under the same line and definition.,NO,NO,NO,NO,FALSE,FALSE,Series A; inputs: 0001652044-22-000071 (2022-07-27); 0001652044-22-000029 (2022-04-27)
OBS-ALPHABET-00837,alphabet,Alphabet Inc.,FY2022,Q3,2022-07-01,2022-09-30,2022-Q3,2022-10-26,Purchases of property and equipment,derived_quarter_cash_purchases_of_ppe,,USD,USD,7276000000,SRC-IQ16-ALPHABET-0001652044-22-000090;SRC-IQ16-ALPHABET-0001652044-22-000071,A,https://www.sec.gov/Archives/edgar/data/1652044/000165204422000090/goog-20220930.htm;https://www.sec.gov/Archives/edgar/data/1652044/000165204422000071/goog-20220630.htm,Consolidated statements of cash flows (year-to-date columns),DERIVED_FROM_PRIMARY_SOURCE,nine months to 2022-09-30 (23890000000) minus six months to 2022-06-30 (16614000000),Both inputs printed under the same line and definition.,NO,NO,NO,NO,FALSE,FALSE,Series A; inputs: 0001652044-22-000090 (2022-10-26); 0001652044-22-000071 (2022-07-27)
OBS-ALPHABET-00838,alphabet,Alphabet Inc.,FY2022,Q4,2022-10-01,2022-12-31,2022-Q4,2023-02-03,Purchases of property and equipment,derived_quarter_cash_purchases_of_ppe,,USD,USD,7595000000,SRC-IQ16-ALPHABET-0001652044-23-000016;SRC-IQ16-ALPHABET-0001652044-22-000090,A,https://www.sec.gov/Archives/edgar/data/1652044/000165204423000016/goog-20221231.htm;https://www.sec.gov/Archives/edgar/data/1652044/000165204422000090/goog-20220930.htm,Consolidated statements of cash flows (year-to-date columns),DERIVED_FROM_PRIMARY_SOURCE,fiscal year to 2022-12-31 (31485000000) minus nine months to 2022-09-30 (23890000000),Both inputs printed under the same line and definition.,NO,NO,NO,NO,FALSE,FALSE,Series A; inputs: 0001652044-23-000016 (2023-02-03); 0001652044-22-000090 (2022-10-26)
OBS-ALPHABET-00839,alphabet,Alphabet Inc.,FY2023,Q2,2023-04-01,2023-06-30,2023-Q2,2023-07-26,Purchases of property and equipment,derived_quarter_cash_purchases_of_ppe,,USD,USD,6888000000,SRC-IQ16-ALPHABET-0001652044-23-000070;SRC-IQ16-ALPHABET-0001652044-23-000045,A,https://www.sec.gov/Archives/edgar/data/1652044/000165204423000070/goog-20230630.htm;https://www.sec.gov/Archives/edgar/data/1652044/000165204423000045/goog-20230331.htm,Consolidated statements of cash flows (year-to-date columns),DERIVED_FROM_PRIMARY_SOURCE,six months to 2023-06-30 (13177000000) minus three months to 2023-03-31 (6289000000),Both inputs printed under the same line and definition.,NO,NO,NO,NO,FALSE,FALSE,Series A; inputs: 0001652044-23-000070 (2023-07-26); 0001652044-23-000045 (2023-04-26)
OBS-ALPHABET-00840,alphabet,Alphabet Inc.,FY2023,Q3,2023-07-01,2023-09-30,2023-Q3,2023-10-25,Purchases of property and equipment,derived_quarter_cash_purchases_of_ppe,,USD,USD,8055000000,SRC-IQ16-ALPHABET-0001652044-23-000094;SRC-IQ16-ALPHABET-0001652044-23-000070,A,https://www.sec.gov/Archives/edgar/data/1652044/000165204423000094/goog-20230930.htm;https://www.sec.gov/Archives/edgar/data/1652044/000165204423000070/goog-20230630.htm,Consolidated statements of cash flows (year-to-date columns),DERIVED_FROM_PRIMARY_SOURCE,nine months to 2023-09-30 (21232000000) minus six months to 2023-06-30 (13177000000),Both inputs printed under the same line and definition.,NO,NO,NO,NO,FALSE,FALSE,Series A; inputs: 0001652044-23-000094 (2023-10-25); 0001652044-23-000070 (2023-07-26)
OBS-ALPHABET-00841,alphabet,Alphabet Inc.,FY2023,Q4,2023-10-01,2023-12-31,2023-Q4,2024-01-31,Purchases of property and equipment,derived_quarter_cash_purchases_of_ppe,,USD,USD,11019000000,SRC-IQ16-ALPHABET-0001652044-24-000022;SRC-IQ16-ALPHABET-0001652044-23-000094,A,https://www.sec.gov/Archives/edgar/data/1652044/000165204424000022/goog-20231231.htm;https://www.sec.gov/Archives/edgar/data/1652044/000165204423000094/goog-20230930.htm,Consolidated statements of cash flows (year-to-date columns),DERIVED_FROM_PRIMARY_SOURCE,fiscal year to 2023-12-31 (32251000000) minus nine months to 2023-09-30 (21232000000),Both inputs printed under the same line and definition.,NO,NO,NO,NO,FALSE,FALSE,Series A; inputs: 0001652044-24-000022 (2024-01-31); 0001652044-23-000094 (2023-10-25)
OBS-ALPHABET-00842,alphabet,Alphabet Inc.,FY2024,Q2,2024-04-01,2024-06-30,2024-Q2,2024-07-24,Purchases of property and equipment,derived_quarter_cash_purchases_of_ppe,,USD,USD,13186000000,SRC-IQ16-ALPHABET-0001652044-24-000079;SRC-IQ16-ALPHABET-0001652044-24-000053,A,https://www.sec.gov/Archives/edgar/data/1652044/000165204424000079/goog-20240630.htm;https://www.sec.gov/Archives/edgar/data/1652044/000165204424000053/goog-20240331.htm,Consolidated statements of cash flows (year-to-date columns),DERIVED_FROM_PRIMARY_SOURCE,six months to 2024-06-30 (25198000000) minus three months to 2024-03-31 (12012000000),Both inputs printed under the same line and definition.,NO,NO,NO,NO,FALSE,FALSE,Series A; inputs: 0001652044-24-000079 (2024-07-24); 0001652044-24-000053 (2024-04-26)
OBS-ALPHABET-00843,alphabet,Alphabet Inc.,FY2024,Q3,2024-07-01,2024-09-30,2024-Q3,2024-10-30,Purchases of property and equipment,derived_quarter_cash_purchases_of_ppe,,USD,USD,13061000000,SRC-IQ16-ALPHABET-0001652044-24-000118;SRC-IQ16-ALPHABET-0001652044-24-000079,A,https://www.sec.gov/Archives/edgar/data/1652044/000165204424000118/goog-20240930.htm;https://www.sec.gov/Archives/edgar/data/1652044/000165204424000079/goog-20240630.htm,Consolidated statements of cash flows (year-to-date columns),DERIVED_FROM_PRIMARY_SOURCE,nine months to 2024-09-30 (38259000000) minus six months to 2024-06-30 (25198000000),Both inputs printed under the same line and definition.,NO,NO,NO,NO,FALSE,FALSE,Series A; inputs: 0001652044-24-000118 (2024-10-30); 0001652044-24-000079 (2024-07-24)
OBS-ALPHABET-00844,alphabet,Alphabet Inc.,FY2024,Q4,2024-10-01,2024-12-31,2024-Q4,2025-02-05,Purchases of property and equipment,derived_quarter_cash_purchases_of_ppe,,USD,USD,14276000000,SRC-IQ16-ALPHABET-0001652044-25-000014;SRC-IQ16-ALPHABET-0001652044-24-000118,A,https://www.sec.gov/Archives/edgar/data/1652044/000165204425000014/goog-20241231.htm;https://www.sec.gov/Archives/edgar/data/1652044/000165204424000118/goog-20240930.htm,Consolidated statements of cash flows (year-to-date columns),DERIVED_FROM_PRIMARY_SOURCE,fiscal year to 2024-12-31 (52535000000) minus nine months to 2024-09-30 (38259000000),Both inputs printed under the same line and definition.,NO,NO,NO,NO,FALSE,FALSE,Series A; inputs: 0001652044-25-000014 (2025-02-05); 0001652044-24-000118 (2024-10-30)
OBS-ALPHABET-00845,alphabet,Alphabet Inc.,FY2025,Q2,2025-04-01,2025-06-30,2025-Q2,2025-07-24,Purchases of property and equipment,derived_quarter_cash_purchases_of_ppe,,USD,USD,22446000000,SRC-IQ16-ALPHABET-0001652044-25-000062;SRC-IQ16-ALPHABET-0001652044-25-000043,A,https://www.sec.gov/Archives/edgar/data/1652044/000165204425000062/goog-20250630.htm;https://www.sec.gov/Archives/edgar/data/1652044/000165204425000043/goog-20250331.htm,Consolidated statements of cash flows (year-to-date columns),DERIVED_FROM_PRIMARY_SOURCE,six months to 2025-06-30 (39643000000) minus three months to 2025-03-31 (17197000000),Both inputs printed under the same line and definition.,NO,NO,NO,NO,FALSE,FALSE,Series A; inputs: 0001652044-25-000062 (2025-07-24); 0001652044-25-000043 (2025-04-25)
OBS-ALPHABET-00846,alphabet,Alphabet Inc.,FY2025,Q3,2025-07-01,2025-09-30,2025-Q3,2025-10-30,Purchases of property and equipment,derived_quarter_cash_purchases_of_ppe,,USD,USD,23953000000,SRC-IQ16-ALPHABET-0001652044-25-000091;SRC-IQ16-ALPHABET-0001652044-25-000062,A,https://www.sec.gov/Archives/edgar/data/1652044/000165204425000091/goog-20250930.htm;https://www.sec.gov/Archives/edgar/data/1652044/000165204425000062/goog-20250630.htm,Consolidated statements of cash flows (year-to-date columns),DERIVED_FROM_PRIMARY_SOURCE,nine months to 2025-09-30 (63596000000) minus six months to 2025-06-30 (39643000000),Both inputs printed under the same line and definition.,NO,NO,NO,NO,FALSE,FALSE,Series A; inputs: 0001652044-25-000091 (2025-10-30); 0001652044-25-000062 (2025-07-24)
OBS-ALPHABET-00847,alphabet,Alphabet Inc.,FY2025,Q4,2025-10-01,2025-12-31,2025-Q4,2026-02-05,Purchases of property and equipment,derived_quarter_cash_purchases_of_ppe,,USD,USD,27851000000,SRC-GOOG-005;SRC-IQ16-ALPHABET-0001652044-25-000091,A,https://www.sec.gov/Archives/edgar/data/1652044/000165204426000018/goog-20251231.htm;https://www.sec.gov/Archives/edgar/data/1652044/000165204425000091/goog-20250930.htm,Consolidated statements of cash flows (year-to-date columns),DERIVED_FROM_PRIMARY_SOURCE,fiscal year to 2025-12-31 (91447000000) minus nine months to 2025-09-30 (63596000000),Both inputs printed under the same line and definition.,NO,NO,NO,NO,FALSE,FALSE,Series A; inputs: 0001652044-26-000018 (2026-02-05); 0001652044-25-000091 (2025-10-30)
OBS-ALPHABET-00848,alphabet,Alphabet Inc.,FY2026,Q2,2026-04-01,2026-06-30,2026-Q2,2026-07-23,Purchases of property and equipment,derived_quarter_cash_purchases_of_ppe,,USD,USD,44924000000,SRC-IQ16-ALPHABET-0001652044-26-000071;SRC-IQ16-ALPHABET-0001652044-26-000048,A,https://www.sec.gov/Archives/edgar/data/1652044/000165204426000071/goog-20260630.htm;https://www.sec.gov/Archives/edgar/data/1652044/000165204426000048/goog-20260331.htm,Consolidated statements of cash flows (year-to-date columns),DERIVED_FROM_PRIMARY_SOURCE,six months to 2026-06-30 (80598000000) minus three months to 2026-03-31 (35674000000),Both inputs printed under the same line and definition.,NO,NO,NO,NO,FALSE,FALSE,Series A; inputs: 0001652044-26-000071 (2026-07-23); 0001652044-26-000048 (2026-04-30)
OBS-AMAZON-00849,amazon,"Amazon.com, Inc.",FY2009,Q4,2009-10-01,2009-12-31,2009-Q4,2010-10-22,"Purchases of fixed assets, including internal-use software and website development",derived_quarter_cash_purchases_of_ppe_net_of_incentives,,USD,USD,137000000,SRC-IQ16-AMAZON-0001193125-10-016098;SRC-IQ16-AMAZON-0001193125-10-233883,A,https://www.sec.gov/Archives/edgar/data/1018724/000119312510016098/d10k.htm;https://www.sec.gov/Archives/edgar/data/1018724/000119312510233883/d10q.htm,Consolidated statements of cash flows (year-to-date columns),DERIVED_FROM_PRIMARY_SOURCE,fiscal year to 2009-12-31 (373000000) minus nine months to 2009-09-30 (236000000),Both inputs printed under the same line and definition.,NO,NO,NO,NO,FALSE,FALSE,Series A; inputs: 0001193125-10-016098 (2010-01-29); 0001193125-10-233883 (2010-10-22)
OBS-AMAZON-00850,amazon,"Amazon.com, Inc.",FY2010,Q4,2010-10-01,2010-12-31,2010-Q4,2011-01-28,"Purchases of fixed assets, including internal-use software and website development",derived_quarter_cash_purchases_of_ppe_net_of_incentives,,USD,USD,328000000,SRC-AMZN-003;SRC-IQ16-AMAZON-0001193125-10-233883,A,https://www.sec.gov/Archives/edgar/data/1018724/000119312511016253/d10k.htm;https://www.sec.gov/Archives/edgar/data/1018724/000119312510233883/d10q.htm,Consolidated statements of cash flows (year-to-date columns),DERIVED_FROM_PRIMARY_SOURCE,fiscal year to 2010-12-31 (979000000) minus nine months to 2010-09-30 (651000000),Both inputs printed under the same line and definition.,NO,NO,NO,NO,FALSE,FALSE,Series A; inputs: 0001193125-11-016253 (2011-01-28); 0001193125-10-233883 (2010-10-22)
OBS-AMAZON-00851,amazon,"Amazon.com, Inc.",FY2011,Q4,2011-10-01,2011-12-31,2011-Q4,2012-02-01,"Purchases of fixed assets, including internal-use software and website development",derived_quarter_cash_purchases_of_ppe_net_of_incentives,,USD,USD,550000000,SRC-IQ16-AMAZON-0001193125-12-032846;SRC-IQ16-AMAZON-0001193125-11-280739,A,https://www.sec.gov/Archives/edgar/data/1018724/000119312512032846/d269317d10k.htm;https://www.sec.gov/Archives/edgar/data/1018724/000119312511280739/d233845d10q.htm,Consolidated statements of cash flows (year-to-date columns),DERIVED_FROM_PRIMARY_SOURCE,fiscal year to 2011-12-31 (1811000000) minus nine months to 2011-09-30 (1261000000),Both inputs printed under the same line and definition.,NO,NO,NO,NO,FALSE,FALSE,Series A; inputs: 0001193125-12-032846 (2012-02-01); 0001193125-11-280739 (2011-10-26)
OBS-AMAZON-00852,amazon,"Amazon.com, Inc.",FY2012,Q4,2012-10-01,2012-12-31,2012-Q4,2013-01-30,"Purchases of property and equipment, including internal-use software and website development",derived_quarter_cash_purchases_of_ppe_net_of_incentives,,USD,USD,2026000000,SRC-IQ16-AMAZON-0001193125-13-028520;SRC-IQ16-AMAZON-0001193125-12-436012,A,https://www.sec.gov/Archives/edgar/data/1018724/000119312513028520/d445434d10k.htm;https://www.sec.gov/Archives/edgar/data/1018724/000119312512436012/d403488d10q.htm,Consolidated statements of cash flows (year-to-date columns),DERIVED_FROM_PRIMARY_SOURCE,fiscal year to 2012-12-31 (3785000000) minus nine months to 2012-09-30 (1759000000),Both inputs printed under the same line and definition.,NO,NO,NO,NO,FALSE,FALSE,Series A; inputs: 0001193125-13-028520 (2013-01-30); 0001193125-12-436012 (2012-10-26)
OBS-AMAZON-00853,amazon,"Amazon.com, Inc.",FY2013,Q4,2013-10-01,2013-12-31,2013-Q4,2014-01-31,"Purchases of property and equipment, including internal-use software and website development",derived_quarter_cash_purchases_of_ppe_net_of_incentives,,USD,USD,879000000,SRC-IQ16-AMAZON-0001018724-14-000006;SRC-IQ16-AMAZON-0001445305-13-002495,A,https://www.sec.gov/Archives/edgar/data/1018724/000101872414000006/amzn-20131231x10k.htm;https://www.sec.gov/Archives/edgar/data/1018724/000144530513002495/amzn-20130930x10q.htm,Consolidated statements of cash flows (year-to-date columns),DERIVED_FROM_PRIMARY_SOURCE,fiscal year to 2013-12-31 (3444000000) minus nine months to 2013-09-30 (2565000000),Both inputs printed under the same line and definition.,NO,NO,NO,NO,FALSE,FALSE,Series A; inputs: 0001018724-14-000006 (2014-01-31); 0001445305-13-002495 (2013-10-25)
OBS-AMAZON-00854,amazon,"Amazon.com, Inc.",FY2014,Q4,2014-10-01,2014-12-31,2014-Q4,2015-01-30,"Purchases of property and equipment, including internal-use software and website development",derived_quarter_cash_purchases_of_ppe_net_of_incentives,,USD,USD,1145000000,SRC-IQ16-AMAZON-0001018724-15-000006;SRC-IQ16-AMAZON-0001018724-14-000055,A,https://www.sec.gov/Archives/edgar/data/1018724/000101872415000006/amzn-20141231x10k.htm;https://www.sec.gov/Archives/edgar/data/1018724/000101872414000055/amzn-20140930x10q.htm,Consolidated statements of cash flows (year-to-date columns),DERIVED_FROM_PRIMARY_SOURCE,fiscal year to 2014-12-31 (4893000000) minus nine months to 2014-09-30 (3748000000),Both inputs printed under the same line and definition.,NO,NO,NO,NO,FALSE,FALSE,Series A; inputs: 0001018724-15-000006 (2015-01-30); 0001018724-14-000055 (2014-10-24)
OBS-AMAZON-00855,amazon,"Amazon.com, Inc.",FY2015,Q4,2015-10-01,2015-12-31,2015-Q4,2016-01-29,"Purchases of property and equipment, including internal-use software and website development, net",derived_quarter_cash_purchases_of_ppe_net_of_incentives,,USD,USD,1309000000,SRC-IQ16-AMAZON-0001018724-16-000172;SRC-IQ16-AMAZON-0001018724-15-000126,A,https://www.sec.gov/Archives/edgar/data/1018724/000101872416000172/amzn-20151231x10k.htm;https://www.sec.gov/Archives/edgar/data/1018724/000101872415000126/amzn-20150930x10q.htm,Consolidated statements of cash flows (year-to-date columns),DERIVED_FROM_PRIMARY_SOURCE,fiscal year to 2015-12-31 (4589000000) minus nine months to 2015-09-30 (3280000000),Both inputs printed under the same line and definition.,NO,NO,NO,NO,FALSE,FALSE,Series A; inputs: 0001018724-16-000172 (2016-01-29); 0001018724-15-000126 (2015-10-23)
OBS-AMAZON-00856,amazon,"Amazon.com, Inc.",FY2016,Q4,2016-10-01,2016-12-31,2016-Q4,2017-02-10,"Purchases of property and equipment, including internal-use software and website development, net",derived_quarter_cash_purchases_of_ppe_net_of_incentives,,USD,USD,2006000000,SRC-IQ16-AMAZON-0001018724-17-000011;SRC-IQ16-AMAZON-0001018724-16-000324,A,https://www.sec.gov/Archives/edgar/data/1018724/000101872417000011/amzn-20161231x10k.htm;https://www.sec.gov/Archives/edgar/data/1018724/000101872416000324/amzn-20160930x10q.htm,Consolidated statements of cash flows (year-to-date columns),DERIVED_FROM_PRIMARY_SOURCE,fiscal year to 2016-12-31 (6737000000) minus nine months to 2016-09-30 (4731000000),Both inputs printed under the same line and definition.,NO,NO,NO,NO,FALSE,FALSE,Series A; inputs: 0001018724-17-000011 (2017-02-10); 0001018724-16-000324 (2016-10-28)
OBS-AMAZON-00857,amazon,"Amazon.com, Inc.",FY2017,Q4,2017-10-01,2017-12-31,2017-Q4,2018-10-26,"Purchases of property and equipment, including internal-use software and website development",derived_quarter_cash_purchases_of_ppe,,USD,USD,3036000000,SRC-IQ16-AMAZON-0001018724-18-000005;SRC-IQ16-AMAZON-0001018724-18-000159,A,https://www.sec.gov/Archives/edgar/data/1018724/000101872418000005/amzn-20171231x10k.htm;https://www.sec.gov/Archives/edgar/data/1018724/000101872418000159/amzn-20180930x10q.htm,Consolidated statements of cash flows (year-to-date columns),DERIVED_FROM_PRIMARY_SOURCE,"purchases of property and equipment (3619000000; fiscal year to 2017-12-31 (11955000000) minus nine months to 2017-09-30 (8336000000)) minus proceeds from property and equipment sales and incentives (583000000; fiscal year to 2017-12-31 (1897000000) minus nine months to 2017-09-30 (1314000000)), same quarter, same definition",Both inputs printed under the same line and definition.,NO,NO,NO,NO,FALSE,FALSE,Series A; inputs: 0001018724-18-000005 (2018-02-02); 0001018724-18-000159 (2018-10-26); 0001018724-18-000005 (2018-02-02); 0001018724-18-000159 (2018-10-26)
OBS-AMAZON-00858,amazon,"Amazon.com, Inc.",FY2018,Q1,2018-01-01,2018-03-31,2018-Q1,2018-04-27,"Purchases of property and equipment, including internal-use software and website development",derived_quarter_cash_purchases_of_ppe,,USD,USD,2727000000,SRC-IQ16-AMAZON-0001018724-18-000072,A,https://www.sec.gov/Archives/edgar/data/1018724/000101872418000072/amzn-20180331x10q.htm,Consolidated statements of cash flows (year-to-date columns),DERIVED_FROM_PRIMARY_SOURCE,"purchases of property and equipment (3098000000) minus proceeds from property and equipment sales and incentives (371000000), same quarter, same definition",Both inputs printed under the same line and definition.,NO,NO,NO,NO,FALSE,FALSE,Series A; inputs: 0001018724-18-000072 (2018-04-27); 0001018724-18-000072 (2018-04-27)
OBS-AMAZON-00859,amazon,"Amazon.com, Inc.",FY2018,Q2,2018-04-01,2018-06-30,2018-Q2,2018-07-27,"Purchases of property and equipment, including internal-use software and website development",derived_quarter_cash_purchases_of_ppe,,USD,USD,2949000000,SRC-IQ16-AMAZON-0001018724-18-000108,A,https://www.sec.gov/Archives/edgar/data/1018724/000101872418000108/amzn-20180630x10q.htm,Consolidated statements of cash flows (year-to-date columns),DERIVED_FROM_PRIMARY_SOURCE,"purchases of property and equipment (3243000000) minus proceeds from property and equipment sales and incentives (294000000), same quarter, same definition",Both inputs printed under the same line and definition.,NO,NO,NO,NO,FALSE,FALSE,Series A; inputs: 0001018724-18-000108 (2018-07-27); 0001018724-18-000108 (2018-07-27)
OBS-AMAZON-00860,amazon,"Amazon.com, Inc.",FY2018,Q3,2018-07-01,2018-09-30,2018-Q3,2018-10-26,"Purchases of property and equipment, including internal-use software and website development",derived_quarter_cash_purchases_of_ppe,,USD,USD,2527000000,SRC-IQ16-AMAZON-0001018724-18-000159,A,https://www.sec.gov/Archives/edgar/data/1018724/000101872418000159/amzn-20180930x10q.htm,Consolidated statements of cash flows (year-to-date columns),DERIVED_FROM_PRIMARY_SOURCE,"purchases of property and equipment (3352000000) minus proceeds from property and equipment sales and incentives (825000000), same quarter, same definition",Both inputs printed under the same line and definition.,NO,NO,NO,NO,FALSE,FALSE,Series A; inputs: 0001018724-18-000159 (2018-10-26); 0001018724-18-000159 (2018-10-26)
OBS-AMAZON-00861,amazon,"Amazon.com, Inc.",FY2018,Q4,2018-10-01,2018-12-31,2018-Q4,2019-02-01,Purchases of property and equipment,derived_quarter_cash_purchases_of_ppe,,USD,USD,3120000000,SRC-IQ16-AMAZON-0001018724-19-000004;SRC-IQ16-AMAZON-0001018724-18-000159,A,https://www.sec.gov/Archives/edgar/data/1018724/000101872419000004/amzn-20181231x10k.htm;https://www.sec.gov/Archives/edgar/data/1018724/000101872418000159/amzn-20180930x10q.htm,Consolidated statements of cash flows (year-to-date columns),DERIVED_FROM_PRIMARY_SOURCE,"purchases of property and equipment (3734000000; fiscal year to 2018-12-31 (13427000000) minus nine months to 2018-09-30 (9693000000)) minus proceeds from property and equipment sales and incentives (614000000; fiscal year to 2018-12-31 (2104000000) minus nine months to 2018-09-30 (1490000000)), same quarter, same definition",Both inputs printed under the same line and definition.,NO,NO,NO,NO,FALSE,FALSE,Series A; inputs: 0001018724-19-000004 (2019-02-01); 0001018724-18-000159 (2018-10-26); 0001018724-19-000004 (2019-02-01); 0001018724-18-000159 (2018-10-26)
OBS-AMAZON-00862,amazon,"Amazon.com, Inc.",FY2019,Q1,2019-01-01,2019-03-31,2019-Q1,2019-04-26,Purchases of property and equipment,derived_quarter_cash_purchases_of_ppe,,USD,USD,2721000000,SRC-IQ16-AMAZON-0001018724-19-000043,A,https://www.sec.gov/Archives/edgar/data/1018724/000101872419000043/amzn-2019331x10q.htm,Consolidated statements of cash flows (year-to-date columns),DERIVED_FROM_PRIMARY_SOURCE,"purchases of property and equipment (3290000000) minus proceeds from property and equipment sales and incentives (569000000), same quarter, same definition",Both inputs printed under the same line and definition.,NO,NO,NO,NO,FALSE,FALSE,Series A; inputs: 0001018724-19-000043 (2019-04-26); 0001018724-19-000043 (2019-04-26)
OBS-AMAZON-00863,amazon,"Amazon.com, Inc.",FY2019,Q2,2019-04-01,2019-06-30,2019-Q2,2019-07-26,Purchases of property and equipment,derived_quarter_cash_purchases_of_ppe,,USD,USD,2643000000,SRC-IQ16-AMAZON-0001018724-19-000071,A,https://www.sec.gov/Archives/edgar/data/1018724/000101872419000071/amzn-2019630x10q.htm,Consolidated statements of cash flows (year-to-date columns),DERIVED_FROM_PRIMARY_SOURCE,"purchases of property and equipment (3562000000) minus proceeds from property and equipment sales and incentives (919000000), same quarter, same definition",Both inputs printed under the same line and definition.,NO,NO,NO,NO,FALSE,FALSE,Series A; inputs: 0001018724-19-000071 (2019-07-26); 0001018724-19-000071 (2019-07-26)
OBS-AMAZON-00864,amazon,"Amazon.com, Inc.",FY2019,Q3,2019-07-01,2019-09-30,2019-Q3,2019-10-25,Purchases of property and equipment,derived_quarter_cash_purchases_of_ppe,,USD,USD,3385000000,SRC-IQ16-AMAZON-0001018724-19-000089,A,https://www.sec.gov/Archives/edgar/data/1018724/000101872419000089/amzn-2019930x10q.htm,Consolidated statements of cash flows (year-to-date columns),DERIVED_FROM_PRIMARY_SOURCE,"purchases of property and equipment (4697000000) minus proceeds from property and equipment sales and incentives (1312000000), same quarter, same definition",Both inputs printed under the same line and definition.,NO,NO,NO,NO,FALSE,FALSE,Series A; inputs: 0001018724-19-000089 (2019-10-25); 0001018724-19-000089 (2019-10-25)
OBS-AMAZON-00865,amazon,"Amazon.com, Inc.",FY2019,Q4,2019-10-01,2019-12-31,2019-Q4,2020-01-31,Purchases of property and equipment,derived_quarter_cash_purchases_of_ppe,,USD,USD,3940000000,SRC-IQ16-AMAZON-0001018724-20-000004;SRC-IQ16-AMAZON-0001018724-19-000089,A,https://www.sec.gov/Archives/edgar/data/1018724/000101872420000004/amzn-20191231x10k.htm;https://www.sec.gov/Archives/edgar/data/1018724/000101872419000089/amzn-2019930x10q.htm,Consolidated statements of cash flows (year-to-date columns),DERIVED_FROM_PRIMARY_SOURCE,"purchases of property and equipment (5312000000; fiscal year to 2019-12-31 (16861000000) minus nine months to 2019-09-30 (11549000000)) minus proceeds from property and equipment sales and incentives (1372000000; fiscal year to 2019-12-31 (4172000000) minus nine months to 2019-09-30 (2800000000)), same quarter, same definition",Both inputs printed under the same line and definition.,NO,NO,NO,NO,FALSE,FALSE,Series A; inputs: 0001018724-20-000004 (2020-01-31); 0001018724-19-000089 (2019-10-25); 0001018724-20-000004 (2020-01-31); 0001018724-19-000089 (2019-10-25)
OBS-AMAZON-00866,amazon,"Amazon.com, Inc.",FY2020,Q1,2020-01-01,2020-03-31,2020-Q1,2020-05-01,Purchases of property and equipment,derived_quarter_cash_purchases_of_ppe,,USD,USD,5428000000,SRC-IQ16-AMAZON-0001018724-20-000010,A,https://www.sec.gov/Archives/edgar/data/1018724/000101872420000010/amzn-20200331x10q.htm,Consolidated statements of cash flows (year-to-date columns),DERIVED_FROM_PRIMARY_SOURCE,"purchases of property and equipment (6795000000) minus proceeds from property and equipment sales and incentives (1367000000), same quarter, same definition",Both inputs printed under the same line and definition.,NO,NO,NO,NO,FALSE,FALSE,Series A; inputs: 0001018724-20-000010 (2020-05-01); 0001018724-20-000010 (2020-05-01)
OBS-AMAZON-00867,amazon,"Amazon.com, Inc.",FY2020,Q2,2020-04-01,2020-06-30,2020-Q2,2020-07-31,Purchases of property and equipment,derived_quarter_cash_purchases_of_ppe,,USD,USD,6615000000,SRC-IQ16-AMAZON-0001018724-20-000021,A,https://www.sec.gov/Archives/edgar/data/1018724/000101872420000021/amzn-20200630.htm,Consolidated statements of cash flows (year-to-date columns),DERIVED_FROM_PRIMARY_SOURCE,"purchases of property and equipment (7459000000) minus proceeds from property and equipment sales and incentives (844000000), same quarter, same definition",Both inputs printed under the same line and definition.,NO,NO,NO,NO,FALSE,FALSE,Series A; inputs: 0001018724-20-000021 (2020-07-31); 0001018724-20-000021 (2020-07-31)
OBS-AMAZON-00868,amazon,"Amazon.com, Inc.",FY2020,Q3,2020-07-01,2020-09-30,2020-Q3,2020-10-30,Purchases of property and equipment,derived_quarter_cash_purchases_of_ppe,,USD,USD,9808000000,SRC-IQ16-AMAZON-0001018724-20-000030,A,https://www.sec.gov/Archives/edgar/data/1018724/000101872420000030/amzn-20200930.htm,Consolidated statements of cash flows (year-to-date columns),DERIVED_FROM_PRIMARY_SOURCE,"purchases of property and equipment (11063000000) minus proceeds from property and equipment sales and incentives (1255000000), same quarter, same definition",Both inputs printed under the same line and definition.,NO,NO,NO,NO,FALSE,FALSE,Series A; inputs: 0001018724-20-000030 (2020-10-30); 0001018724-20-000030 (2020-10-30)
OBS-AMAZON-00869,amazon,"Amazon.com, Inc.",FY2020,Q4,2020-10-01,2020-12-31,2020-Q4,2021-02-03,Purchases of property and equipment,derived_quarter_cash_purchases_of_ppe,,USD,USD,13194000000,SRC-IQ16-AMAZON-0001018724-21-000004;SRC-IQ16-AMAZON-0001018724-20-000030,A,https://www.sec.gov/Archives/edgar/data/1018724/000101872421000004/amzn-20201231.htm;https://www.sec.gov/Archives/edgar/data/1018724/000101872420000030/amzn-20200930.htm,Consolidated statements of cash flows (year-to-date columns),DERIVED_FROM_PRIMARY_SOURCE,"purchases of property and equipment (14823000000; fiscal year to 2020-12-31 (40140000000) minus nine months to 2020-09-30 (25317000000)) minus proceeds from property and equipment sales and incentives (1629000000; fiscal year to 2020-12-31 (5096000000) minus nine months to 2020-09-30 (3467000000)), same quarter, same definition",Both inputs printed under the same line and definition.,NO,NO,NO,NO,FALSE,FALSE,Series A; inputs: 0001018724-21-000004 (2021-02-03); 0001018724-20-000030 (2020-10-30); 0001018724-21-000004 (2021-02-03); 0001018724-20-000030 (2020-10-30)
OBS-AMAZON-00870,amazon,"Amazon.com, Inc.",FY2021,Q1,2021-01-01,2021-03-31,2021-Q1,2021-04-30,Purchases of property and equipment,derived_quarter_cash_purchases_of_ppe,,USD,USD,11187000000,SRC-IQ16-AMAZON-0001018724-21-000010,A,https://www.sec.gov/Archives/edgar/data/1018724/000101872421000010/amzn-20210331.htm,Consolidated statements of cash flows (year-to-date columns),DERIVED_FROM_PRIMARY_SOURCE,"purchases of property and equipment (12082000000) minus proceeds from property and equipment sales and incentives (895000000), same quarter, same definition",Both inputs printed under the same line and definition.,NO,NO,NO,NO,FALSE,FALSE,Series A; inputs: 0001018724-21-000010 (2021-04-30); 0001018724-21-000010 (2021-04-30)
OBS-AMAZON-00871,amazon,"Amazon.com, Inc.",FY2021,Q2,2021-04-01,2021-06-30,2021-Q2,2021-07-30,Purchases of property and equipment,derived_quarter_cash_purchases_of_ppe,,USD,USD,12988000000,SRC-IQ16-AMAZON-0001018724-21-000020,A,https://www.sec.gov/Archives/edgar/data/1018724/000101872421000020/amzn-20210630.htm,Consolidated statements of cash flows (year-to-date columns),DERIVED_FROM_PRIMARY_SOURCE,"purchases of property and equipment (14288000000) minus proceeds from property and equipment sales and incentives (1300000000), same quarter, same definition",Both inputs printed under the same line and definition.,NO,NO,NO,NO,FALSE,FALSE,Series A; inputs: 0001018724-21-000020 (2021-07-30); 0001018724-21-000020 (2021-07-30)
OBS-AMAZON-00872,amazon,"Amazon.com, Inc.",FY2021,Q3,2021-07-01,2021-09-30,2021-Q3,2021-10-29,Purchases of property and equipment,derived_quarter_cash_purchases_of_ppe,,USD,USD,14751000000,SRC-IQ16-AMAZON-0001018724-21-000028,A,https://www.sec.gov/Archives/edgar/data/1018724/000101872421000028/amzn-20210930.htm,Consolidated statements of cash flows (year-to-date columns),DERIVED_FROM_PRIMARY_SOURCE,"purchases of property and equipment (15748000000) minus proceeds from property and equipment sales and incentives (997000000), same quarter, same definition",Both inputs printed under the same line and definition.,NO,NO,NO,NO,FALSE,FALSE,Series A; inputs: 0001018724-21-000028 (2021-10-29); 0001018724-21-000028 (2021-10-29)
OBS-AMAZON-00873,amazon,"Amazon.com, Inc.",FY2021,Q4,2021-10-01,2021-12-31,2021-Q4,2022-02-04,Purchases of property and equipment,derived_quarter_cash_purchases_of_ppe,,USD,USD,16470000000,SRC-IQ16-AMAZON-0001018724-22-000005;SRC-IQ16-AMAZON-0001018724-21-000028,A,https://www.sec.gov/Archives/edgar/data/1018724/000101872422000005/amzn-20211231.htm;https://www.sec.gov/Archives/edgar/data/1018724/000101872421000028/amzn-20210930.htm,Consolidated statements of cash flows (year-to-date columns),DERIVED_FROM_PRIMARY_SOURCE,"purchases of property and equipment (18935000000; fiscal year to 2021-12-31 (61053000000) minus nine months to 2021-09-30 (42118000000)) minus proceeds from property and equipment sales and incentives (2465000000; fiscal year to 2021-12-31 (5657000000) minus nine months to 2021-09-30 (3192000000)), same quarter, same definition",Both inputs printed under the same line and definition.,NO,NO,NO,NO,FALSE,FALSE,Series A; inputs: 0001018724-22-000005 (2022-02-04); 0001018724-21-000028 (2021-10-29); 0001018724-22-000005 (2022-02-04); 0001018724-21-000028 (2021-10-29)
OBS-AMAZON-00874,amazon,"Amazon.com, Inc.",FY2022,Q1,2022-01-01,2022-03-31,2022-Q1,2022-04-29,Purchases of property and equipment,derived_quarter_cash_purchases_of_ppe,,USD,USD,13742000000,SRC-IQ16-AMAZON-0001018724-22-000013,A,https://www.sec.gov/Archives/edgar/data/1018724/000101872422000013/amzn-20220331.htm,Consolidated statements of cash flows (year-to-date columns),DERIVED_FROM_PRIMARY_SOURCE,"purchases of property and equipment (14951000000) minus proceeds from property and equipment sales and incentives (1209000000), same quarter, same definition",Both inputs printed under the same line and definition.,NO,NO,NO,NO,FALSE,FALSE,Series A; inputs: 0001018724-22-000013 (2022-04-29); 0001018724-22-000013 (2022-04-29)
OBS-AMAZON-00875,amazon,"Amazon.com, Inc.",FY2022,Q2,2022-04-01,2022-06-30,2022-Q2,2022-07-29,Purchases of property and equipment,derived_quarter_cash_purchases_of_ppe,,USD,USD,14098000000,SRC-IQ16-AMAZON-0001018724-22-000019,A,https://www.sec.gov/Archives/edgar/data/1018724/000101872422000019/amzn-20220630.htm,Consolidated statements of cash flows (year-to-date columns),DERIVED_FROM_PRIMARY_SOURCE,"purchases of property and equipment (15724000000) minus proceeds from property and equipment sales and incentives (1626000000), same quarter, same definition",Both inputs printed under the same line and definition.,NO,NO,NO,NO,FALSE,FALSE,Series A; inputs: 0001018724-22-000019 (2022-07-29); 0001018724-22-000019 (2022-07-29)
OBS-AMAZON-00876,amazon,"Amazon.com, Inc.",FY2022,Q3,2022-07-01,2022-09-30,2022-Q3,2022-10-28,Purchases of property and equipment,derived_quarter_cash_purchases_of_ppe,,USD,USD,15041000000,SRC-IQ16-AMAZON-0001018724-22-000023,A,https://www.sec.gov/Archives/edgar/data/1018724/000101872422000023/amzn-20220930.htm,Consolidated statements of cash flows (year-to-date columns),DERIVED_FROM_PRIMARY_SOURCE,"purchases of property and equipment (16378000000) minus proceeds from property and equipment sales and incentives (1337000000), same quarter, same definition",Both inputs printed under the same line and definition.,NO,NO,NO,NO,FALSE,FALSE,Series A; inputs: 0001018724-22-000023 (2022-10-28); 0001018724-22-000023 (2022-10-28)
OBS-AMAZON-00877,amazon,"Amazon.com, Inc.",FY2022,Q4,2022-10-01,2022-12-31,2022-Q4,2023-02-03,Purchases of property and equipment,derived_quarter_cash_purchases_of_ppe,,USD,USD,15440000000,SRC-IQ16-AMAZON-0001018724-23-000004;SRC-IQ16-AMAZON-0001018724-22-000023,A,https://www.sec.gov/Archives/edgar/data/1018724/000101872423000004/amzn-20221231.htm;https://www.sec.gov/Archives/edgar/data/1018724/000101872422000023/amzn-20220930.htm,Consolidated statements of cash flows (year-to-date columns),DERIVED_FROM_PRIMARY_SOURCE,"purchases of property and equipment (16592000000; fiscal year to 2022-12-31 (63645000000) minus nine months to 2022-09-30 (47053000000)) minus proceeds from property and equipment sales and incentives (1152000000; fiscal year to 2022-12-31 (5324000000) minus nine months to 2022-09-30 (4172000000)), same quarter, same definition",Both inputs printed under the same line and definition.,NO,NO,NO,NO,FALSE,FALSE,Series A; inputs: 0001018724-23-000004 (2023-02-03); 0001018724-22-000023 (2022-10-28); 0001018724-23-000004 (2023-02-03); 0001018724-22-000023 (2022-10-28)
OBS-AMAZON-00878,amazon,"Amazon.com, Inc.",FY2023,Q1,2023-01-01,2023-03-31,2023-Q1,2023-04-28,Purchases of property and equipment,derived_quarter_cash_purchases_of_ppe,,USD,USD,13070000000,SRC-IQ16-AMAZON-0001018724-23-000008,A,https://www.sec.gov/Archives/edgar/data/1018724/000101872423000008/amzn-20230331.htm,Consolidated statements of cash flows (year-to-date columns),DERIVED_FROM_PRIMARY_SOURCE,"purchases of property and equipment (14207000000) minus proceeds from property and equipment sales and incentives (1137000000), same quarter, same definition",Both inputs printed under the same line and definition.,NO,NO,NO,NO,FALSE,FALSE,Series A; inputs: 0001018724-23-000008 (2023-04-28); 0001018724-23-000008 (2023-04-28)
OBS-AMAZON-00879,amazon,"Amazon.com, Inc.",FY2023,Q2,2023-04-01,2023-06-30,2023-Q2,2023-08-04,Purchases of property and equipment,derived_quarter_cash_purchases_of_ppe,,USD,USD,10412000000,SRC-IQ16-AMAZON-0001018724-23-000012,A,https://www.sec.gov/Archives/edgar/data/1018724/000101872423000012/amzn-20230630.htm,Consolidated statements of cash flows (year-to-date columns),DERIVED_FROM_PRIMARY_SOURCE,"purchases of property and equipment (11455000000) minus proceeds from property and equipment sales and incentives (1043000000), same quarter, same definition",Both inputs printed under the same line and definition.,NO,NO,NO,NO,FALSE,FALSE,Series A; inputs: 0001018724-23-000012 (2023-08-04); 0001018724-23-000012 (2023-08-04)
OBS-AMAZON-00880,amazon,"Amazon.com, Inc.",FY2023,Q3,2023-07-01,2023-09-30,2023-Q3,2023-10-27,Purchases of property and equipment,derived_quarter_cash_purchases_of_ppe,,USD,USD,11298000000,SRC-IQ16-AMAZON-0001018724-23-000018,A,https://www.sec.gov/Archives/edgar/data/1018724/000101872423000018/amzn-20230930.htm,Consolidated statements of cash flows (year-to-date columns),DERIVED_FROM_PRIMARY_SOURCE,"purchases of property and equipment (12479000000) minus proceeds from property and equipment sales and incentives (1181000000), same quarter, same definition",Both inputs printed under the same line and definition.,NO,NO,NO,NO,FALSE,FALSE,Series A; inputs: 0001018724-23-000018 (2023-10-27); 0001018724-23-000018 (2023-10-27)
OBS-AMAZON-00881,amazon,"Amazon.com, Inc.",FY2023,Q4,2023-10-01,2023-12-31,2023-Q4,2024-02-02,Purchases of property and equipment,derived_quarter_cash_purchases_of_ppe,,USD,USD,13353000000,SRC-IQ16-AMAZON-0001018724-24-000008;SRC-IQ16-AMAZON-0001018724-23-000018,A,https://www.sec.gov/Archives/edgar/data/1018724/000101872424000008/amzn-20231231.htm;https://www.sec.gov/Archives/edgar/data/1018724/000101872423000018/amzn-20230930.htm,Consolidated statements of cash flows (year-to-date columns),DERIVED_FROM_PRIMARY_SOURCE,"purchases of property and equipment (14588000000; fiscal year to 2023-12-31 (52729000000) minus nine months to 2023-09-30 (38141000000)) minus proceeds from property and equipment sales and incentives (1235000000; fiscal year to 2023-12-31 (4596000000) minus nine months to 2023-09-30 (3361000000)), same quarter, same definition",Both inputs printed under the same line and definition.,NO,NO,NO,NO,FALSE,FALSE,Series A; inputs: 0001018724-24-000008 (2024-02-02); 0001018724-23-000018 (2023-10-27); 0001018724-24-000008 (2024-02-02); 0001018724-23-000018 (2023-10-27)
OBS-AMAZON-00882,amazon,"Amazon.com, Inc.",FY2024,Q1,2024-01-01,2024-03-31,2024-Q1,2024-05-01,Purchases of property and equipment,derived_quarter_cash_purchases_of_ppe,,USD,USD,13935000000,SRC-IQ16-AMAZON-0001018724-24-000083,A,https://www.sec.gov/Archives/edgar/data/1018724/000101872424000083/amzn-20240331.htm,Consolidated statements of cash flows (year-to-date columns),DERIVED_FROM_PRIMARY_SOURCE,"purchases of property and equipment (14925000000) minus proceeds from property and equipment sales and incentives (990000000), same quarter, same definition",Both inputs printed under the same line and definition.,NO,NO,NO,NO,FALSE,FALSE,Series A; inputs: 0001018724-24-000083 (2024-05-01); 0001018724-24-000083 (2024-05-01)
OBS-AMAZON-00883,amazon,"Amazon.com, Inc.",FY2024,Q2,2024-04-01,2024-06-30,2024-Q2,2024-08-02,Purchases of property and equipment,derived_quarter_cash_purchases_of_ppe,,USD,USD,16393000000,SRC-IQ16-AMAZON-0001018724-24-000130,A,https://www.sec.gov/Archives/edgar/data/1018724/000101872424000130/amzn-20240630.htm,Consolidated statements of cash flows (year-to-date columns),DERIVED_FROM_PRIMARY_SOURCE,"purchases of property and equipment (17620000000) minus proceeds from property and equipment sales and incentives (1227000000), same quarter, same definition",Both inputs printed under the same line and definition.,NO,NO,NO,NO,FALSE,FALSE,Series A; inputs: 0001018724-24-000130 (2024-08-02); 0001018724-24-000130 (2024-08-02)
OBS-AMAZON-00884,amazon,"Amazon.com, Inc.",FY2024,Q3,2024-07-01,2024-09-30,2024-Q3,2024-11-01,Purchases of property and equipment,derived_quarter_cash_purchases_of_ppe,,USD,USD,21278000000,SRC-IQ16-AMAZON-0001018724-24-000161,A,https://www.sec.gov/Archives/edgar/data/1018724/000101872424000161/amzn-20240930.htm,Consolidated statements of cash flows (year-to-date columns),DERIVED_FROM_PRIMARY_SOURCE,"purchases of property and equipment (22620000000) minus proceeds from property and equipment sales and incentives (1342000000), same quarter, same definition",Both inputs printed under the same line and definition.,NO,NO,NO,NO,FALSE,FALSE,Series A; inputs: 0001018724-24-000161 (2024-11-01); 0001018724-24-000161 (2024-11-01)
OBS-AMAZON-00885,amazon,"Amazon.com, Inc.",FY2024,Q4,2024-10-01,2024-12-31,2024-Q4,2025-02-07,Purchases of property and equipment,derived_quarter_cash_purchases_of_ppe,,USD,USD,26052000000,SRC-IQ16-AMAZON-0001018724-25-000004;SRC-IQ16-AMAZON-0001018724-24-000161,A,https://www.sec.gov/Archives/edgar/data/1018724/000101872425000004/amzn-20241231.htm;https://www.sec.gov/Archives/edgar/data/1018724/000101872424000161/amzn-20240930.htm,Consolidated statements of cash flows (year-to-date columns),DERIVED_FROM_PRIMARY_SOURCE,"purchases of property and equipment (27834000000; fiscal year to 2024-12-31 (82999000000) minus nine months to 2024-09-30 (55165000000)) minus proceeds from property and equipment sales and incentives (1782000000; fiscal year to 2024-12-31 (5341000000) minus nine months to 2024-09-30 (3559000000)), same quarter, same definition",Both inputs printed under the same line and definition.,NO,NO,NO,NO,FALSE,FALSE,Series A; inputs: 0001018724-25-000004 (2025-02-07); 0001018724-24-000161 (2024-11-01); 0001018724-25-000004 (2025-02-07); 0001018724-24-000161 (2024-11-01)
OBS-AMAZON-00886,amazon,"Amazon.com, Inc.",FY2025,Q1,2025-01-01,2025-03-31,2025-Q1,2025-05-02,Purchases of property and equipment,derived_quarter_cash_purchases_of_ppe,,USD,USD,24255000000,SRC-IQ16-AMAZON-0001018724-25-000036,A,https://www.sec.gov/Archives/edgar/data/1018724/000101872425000036/amzn-20250331.htm,Consolidated statements of cash flows (year-to-date columns),DERIVED_FROM_PRIMARY_SOURCE,"purchases of property and equipment (25019000000) minus proceeds from property and equipment sales and incentives (764000000), same quarter, same definition",Both inputs printed under the same line and definition.,NO,NO,NO,NO,FALSE,FALSE,Series A; inputs: 0001018724-25-000036 (2025-05-02); 0001018724-25-000036 (2025-05-02)
OBS-AMAZON-00887,amazon,"Amazon.com, Inc.",FY2025,Q2,2025-04-01,2025-06-30,2025-Q2,2025-08-01,Purchases of property and equipment,derived_quarter_cash_purchases_of_ppe,,USD,USD,31368000000,SRC-IQ16-AMAZON-0001018724-25-000086,A,https://www.sec.gov/Archives/edgar/data/1018724/000101872425000086/amzn-20250630.htm,Consolidated statements of cash flows (year-to-date columns),DERIVED_FROM_PRIMARY_SOURCE,"purchases of property and equipment (32183000000) minus proceeds from property and equipment sales and incentives (815000000), same quarter, same definition",Both inputs printed under the same line and definition.,NO,NO,NO,NO,FALSE,FALSE,Series A; inputs: 0001018724-25-000086 (2025-08-01); 0001018724-25-000086 (2025-08-01)
OBS-AMAZON-00888,amazon,"Amazon.com, Inc.",FY2025,Q3,2025-07-01,2025-09-30,2025-Q3,2025-10-31,Purchases of property and equipment,derived_quarter_cash_purchases_of_ppe,,USD,USD,34228000000,SRC-IQ16-AMAZON-0001018724-25-000123,A,https://www.sec.gov/Archives/edgar/data/1018724/000101872425000123/amzn-20250930.htm,Consolidated statements of cash flows (year-to-date columns),DERIVED_FROM_PRIMARY_SOURCE,"purchases of property and equipment (35095000000) minus proceeds from property and equipment sales and incentives (867000000), same quarter, same definition",Both inputs printed under the same line and definition.,NO,NO,NO,NO,FALSE,FALSE,Series A; inputs: 0001018724-25-000123 (2025-10-31); 0001018724-25-000123 (2025-10-31)
OBS-AMAZON-00889,amazon,"Amazon.com, Inc.",FY2025,Q4,2025-10-01,2025-12-31,2025-Q4,2026-02-06,Purchases of property and equipment,derived_quarter_cash_purchases_of_ppe,,USD,USD,38469000000,SRC-AMZN-006;SRC-IQ16-AMAZON-0001018724-25-000123,A,https://www.sec.gov/Archives/edgar/data/1018724/000101872426000004/amzn-20251231.htm;https://www.sec.gov/Archives/edgar/data/1018724/000101872425000123/amzn-20250930.htm,Consolidated statements of cash flows (year-to-date columns),DERIVED_FROM_PRIMARY_SOURCE,"purchases of property and equipment (39522000000; fiscal year to 2025-12-31 (131819000000) minus nine months to 2025-09-30 (92297000000)) minus proceeds from property and equipment sales and incentives (1053000000; fiscal year to 2025-12-31 (3499000000) minus nine months to 2025-09-30 (2446000000)), same quarter, same definition",Both inputs printed under the same line and definition.,NO,NO,NO,NO,FALSE,FALSE,Series A; inputs: 0001018724-26-000004 (2026-02-06); 0001018724-25-000123 (2025-10-31); 0001018724-26-000004 (2026-02-06); 0001018724-25-000123 (2025-10-31)
OBS-AMAZON-00890,amazon,"Amazon.com, Inc.",FY2026,Q1,2026-01-01,2026-03-31,2026-Q1,2026-04-30,Purchases of property and equipment,derived_quarter_cash_purchases_of_ppe,,USD,USD,43234000000,SRC-IQ16-AMAZON-0001018724-26-000014,A,https://www.sec.gov/Archives/edgar/data/1018724/000101872426000014/amzn-20260331.htm,Consolidated statements of cash flows (year-to-date columns),DERIVED_FROM_PRIMARY_SOURCE,"purchases of property and equipment (44203000000) minus proceeds from property and equipment sales and incentives (969000000), same quarter, same definition",Both inputs printed under the same line and definition.,NO,NO,NO,NO,FALSE,FALSE,Series A; inputs: 0001018724-26-000014 (2026-04-30); 0001018724-26-000014 (2026-04-30)
OBS-AMAZON-00891,amazon,"Amazon.com, Inc.",FY2026,Q2,2026-04-01,2026-06-30,2026-Q2,2026-07-31,Purchases of property and equipment,derived_quarter_cash_purchases_of_ppe,,USD,USD,53076000000,SRC-IQ16-AMAZON-0001018724-26-000026,A,https://www.sec.gov/Archives/edgar/data/1018724/000101872426000026/amzn-20260630.htm,Consolidated statements of cash flows (year-to-date columns),DERIVED_FROM_PRIMARY_SOURCE,"purchases of property and equipment (54208000000) minus proceeds from property and equipment sales and incentives (1132000000), same quarter, same definition",Both inputs printed under the same line and definition.,NO,NO,NO,NO,FALSE,FALSE,Series A; inputs: 0001018724-26-000026 (2026-07-31); 0001018724-26-000026 (2026-07-31)
OBS-AMAZON-00892,amazon,"Amazon.com, Inc.",FY2017,Q4,2017-10-01,2017-12-31,2017-Q4,2018-10-26,"Purchases of property and equipment, including internal-use software and website development",derived_quarter_cash_purchases_of_ppe,,USD,USD,3619000000,SRC-IQ16-AMAZON-0001018724-18-000005;SRC-IQ16-AMAZON-0001018724-18-000159,A,https://www.sec.gov/Archives/edgar/data/1018724/000101872418000005/amzn-20171231x10k.htm;https://www.sec.gov/Archives/edgar/data/1018724/000101872418000159/amzn-20180930x10q.htm,Consolidated statements of cash flows (year-to-date columns),DERIVED_FROM_PRIMARY_SOURCE,fiscal year to 2017-12-31 (11955000000) minus nine months to 2017-09-30 (8336000000),Both inputs printed under the same line and definition.,NO,NO,NO,NO,FALSE,FALSE,Series B; inputs: 0001018724-18-000005 (2018-02-02); 0001018724-18-000159 (2018-10-26)
OBS-AMAZON-00893,amazon,"Amazon.com, Inc.",FY2018,Q4,2018-10-01,2018-12-31,2018-Q4,2019-02-01,Purchases of property and equipment,derived_quarter_cash_purchases_of_ppe,,USD,USD,3734000000,SRC-IQ16-AMAZON-0001018724-19-000004;SRC-IQ16-AMAZON-0001018724-18-000159,A,https://www.sec.gov/Archives/edgar/data/1018724/000101872419000004/amzn-20181231x10k.htm;https://www.sec.gov/Archives/edgar/data/1018724/000101872418000159/amzn-20180930x10q.htm,Consolidated statements of cash flows (year-to-date columns),DERIVED_FROM_PRIMARY_SOURCE,fiscal year to 2018-12-31 (13427000000) minus nine months to 2018-09-30 (9693000000),Both inputs printed under the same line and definition.,NO,NO,NO,NO,FALSE,FALSE,Series B; inputs: 0001018724-19-000004 (2019-02-01); 0001018724-18-000159 (2018-10-26)
OBS-AMAZON-00894,amazon,"Amazon.com, Inc.",FY2019,Q4,2019-10-01,2019-12-31,2019-Q4,2020-01-31,Purchases of property and equipment,derived_quarter_cash_purchases_of_ppe,,USD,USD,5312000000,SRC-IQ16-AMAZON-0001018724-20-000004;SRC-IQ16-AMAZON-0001018724-19-000089,A,https://www.sec.gov/Archives/edgar/data/1018724/000101872420000004/amzn-20191231x10k.htm;https://www.sec.gov/Archives/edgar/data/1018724/000101872419000089/amzn-2019930x10q.htm,Consolidated statements of cash flows (year-to-date columns),DERIVED_FROM_PRIMARY_SOURCE,fiscal year to 2019-12-31 (16861000000) minus nine months to 2019-09-30 (11549000000),Both inputs printed under the same line and definition.,NO,NO,NO,NO,FALSE,FALSE,Series B; inputs: 0001018724-20-000004 (2020-01-31); 0001018724-19-000089 (2019-10-25)
OBS-AMAZON-00895,amazon,"Amazon.com, Inc.",FY2020,Q4,2020-10-01,2020-12-31,2020-Q4,2021-02-03,Purchases of property and equipment,derived_quarter_cash_purchases_of_ppe,,USD,USD,14823000000,SRC-IQ16-AMAZON-0001018724-21-000004;SRC-IQ16-AMAZON-0001018724-20-000030,A,https://www.sec.gov/Archives/edgar/data/1018724/000101872421000004/amzn-20201231.htm;https://www.sec.gov/Archives/edgar/data/1018724/000101872420000030/amzn-20200930.htm,Consolidated statements of cash flows (year-to-date columns),DERIVED_FROM_PRIMARY_SOURCE,fiscal year to 2020-12-31 (40140000000) minus nine months to 2020-09-30 (25317000000),Both inputs printed under the same line and definition.,NO,NO,NO,NO,FALSE,FALSE,Series B; inputs: 0001018724-21-000004 (2021-02-03); 0001018724-20-000030 (2020-10-30)
OBS-AMAZON-00896,amazon,"Amazon.com, Inc.",FY2021,Q4,2021-10-01,2021-12-31,2021-Q4,2022-02-04,Purchases of property and equipment,derived_quarter_cash_purchases_of_ppe,,USD,USD,18935000000,SRC-IQ16-AMAZON-0001018724-22-000005;SRC-IQ16-AMAZON-0001018724-21-000028,A,https://www.sec.gov/Archives/edgar/data/1018724/000101872422000005/amzn-20211231.htm;https://www.sec.gov/Archives/edgar/data/1018724/000101872421000028/amzn-20210930.htm,Consolidated statements of cash flows (year-to-date columns),DERIVED_FROM_PRIMARY_SOURCE,fiscal year to 2021-12-31 (61053000000) minus nine months to 2021-09-30 (42118000000),Both inputs printed under the same line and definition.,NO,NO,NO,NO,FALSE,FALSE,Series B; inputs: 0001018724-22-000005 (2022-02-04); 0001018724-21-000028 (2021-10-29)
OBS-AMAZON-00897,amazon,"Amazon.com, Inc.",FY2022,Q4,2022-10-01,2022-12-31,2022-Q4,2023-02-03,Purchases of property and equipment,derived_quarter_cash_purchases_of_ppe,,USD,USD,16592000000,SRC-IQ16-AMAZON-0001018724-23-000004;SRC-IQ16-AMAZON-0001018724-22-000023,A,https://www.sec.gov/Archives/edgar/data/1018724/000101872423000004/amzn-20221231.htm;https://www.sec.gov/Archives/edgar/data/1018724/000101872422000023/amzn-20220930.htm,Consolidated statements of cash flows (year-to-date columns),DERIVED_FROM_PRIMARY_SOURCE,fiscal year to 2022-12-31 (63645000000) minus nine months to 2022-09-30 (47053000000),Both inputs printed under the same line and definition.,NO,NO,NO,NO,FALSE,FALSE,Series B; inputs: 0001018724-23-000004 (2023-02-03); 0001018724-22-000023 (2022-10-28)
OBS-AMAZON-00898,amazon,"Amazon.com, Inc.",FY2023,Q4,2023-10-01,2023-12-31,2023-Q4,2024-02-02,Purchases of property and equipment,derived_quarter_cash_purchases_of_ppe,,USD,USD,14588000000,SRC-IQ16-AMAZON-0001018724-24-000008;SRC-IQ16-AMAZON-0001018724-23-000018,A,https://www.sec.gov/Archives/edgar/data/1018724/000101872424000008/amzn-20231231.htm;https://www.sec.gov/Archives/edgar/data/1018724/000101872423000018/amzn-20230930.htm,Consolidated statements of cash flows (year-to-date columns),DERIVED_FROM_PRIMARY_SOURCE,fiscal year to 2023-12-31 (52729000000) minus nine months to 2023-09-30 (38141000000),Both inputs printed under the same line and definition.,NO,NO,NO,NO,FALSE,FALSE,Series B; inputs: 0001018724-24-000008 (2024-02-02); 0001018724-23-000018 (2023-10-27)
OBS-AMAZON-00899,amazon,"Amazon.com, Inc.",FY2024,Q4,2024-10-01,2024-12-31,2024-Q4,2025-02-07,Purchases of property and equipment,derived_quarter_cash_purchases_of_ppe,,USD,USD,27834000000,SRC-IQ16-AMAZON-0001018724-25-000004;SRC-IQ16-AMAZON-0001018724-24-000161,A,https://www.sec.gov/Archives/edgar/data/1018724/000101872425000004/amzn-20241231.htm;https://www.sec.gov/Archives/edgar/data/1018724/000101872424000161/amzn-20240930.htm,Consolidated statements of cash flows (year-to-date columns),DERIVED_FROM_PRIMARY_SOURCE,fiscal year to 2024-12-31 (82999000000) minus nine months to 2024-09-30 (55165000000),Both inputs printed under the same line and definition.,NO,NO,NO,NO,FALSE,FALSE,Series B; inputs: 0001018724-25-000004 (2025-02-07); 0001018724-24-000161 (2024-11-01)
OBS-AMAZON-00900,amazon,"Amazon.com, Inc.",FY2025,Q4,2025-10-01,2025-12-31,2025-Q4,2026-02-06,Purchases of property and equipment,derived_quarter_cash_purchases_of_ppe,,USD,USD,39522000000,SRC-AMZN-006;SRC-IQ16-AMAZON-0001018724-25-000123,A,https://www.sec.gov/Archives/edgar/data/1018724/000101872426000004/amzn-20251231.htm;https://www.sec.gov/Archives/edgar/data/1018724/000101872425000123/amzn-20250930.htm,Consolidated statements of cash flows (year-to-date columns),DERIVED_FROM_PRIMARY_SOURCE,fiscal year to 2025-12-31 (131819000000) minus nine months to 2025-09-30 (92297000000),Both inputs printed under the same line and definition.,NO,NO,NO,NO,FALSE,FALSE,Series B; inputs: 0001018724-26-000004 (2026-02-06); 0001018724-25-000123 (2025-10-31)
OBS-META-00901,meta,"Facebook, Inc.",FY2011,Q3,2011-07-01,2011-09-30,2011-Q3,2012-10-24,Purchases of property and equipment,derived_quarter_cash_purchases_of_ppe,,USD,USD,136000000,SRC-IQ16-META-0001326801-12-000006;SRC-IQ16-META-0001193125-12-325997,A,https://www.sec.gov/Archives/edgar/data/1326801/000132680112000006/fb-9302012x10q.htm;https://www.sec.gov/Archives/edgar/data/1326801/000119312512325997/d371464d10q.htm,Consolidated statements of cash flows (year-to-date columns),DERIVED_FROM_PRIMARY_SOURCE,nine months to 2011-09-30 (421000000) minus six months to 2011-06-30 (285000000),Both inputs printed under the same line and definition.,NO,NO,NO,NO,FALSE,FALSE,Series A; inputs: 0001326801-12-000006 (2012-10-24); 0001193125-12-325997 (2012-07-31)
OBS-META-00902,meta,"Facebook, Inc.",FY2011,Q4,2011-10-01,2011-12-31,2011-Q4,2013-02-01,Purchases of property and equipment,derived_quarter_cash_purchases_of_ppe,,USD,USD,185000000,SRC-META-002;SRC-IQ16-META-0001326801-12-000006,A,https://www.sec.gov/Archives/edgar/data/1326801/000132680113000003/fb-12312012x10k.htm;https://www.sec.gov/Archives/edgar/data/1326801/000132680112000006/fb-9302012x10q.htm,Consolidated statements of cash flows (year-to-date columns),DERIVED_FROM_PRIMARY_SOURCE,fiscal year to 2011-12-31 (606000000) minus nine months to 2011-09-30 (421000000),Both inputs printed under the same line and definition.,NO,NO,NO,NO,FALSE,FALSE,Series A; inputs: 0001326801-13-000003 (2013-02-01); 0001326801-12-000006 (2012-10-24)
OBS-META-00903,meta,"Facebook, Inc.",FY2012,Q2,2012-04-01,2012-06-30,2012-Q2,2012-07-26,Capital expenditures,company_reported_capex,$413 million,USD,USD millions,413000000,SRC-IQ16-META-0001193125-12-316895,B,https://www.sec.gov/Archives/edgar/data/1326801/000119312512316895/d385430dex991.htm,"Earnings release (8-K exhibit 99.1), first-page highlights",REPORTED,,Meta's own capex measure; equals purchases of property and equipment,NO,NO,NO,NO,FALSE,FALSE,"Verbatim: ""Capital expenditures – Capital expenditures for the quarter were $413 million, a 213% year-over-year increase."""
OBS-META-00904,meta,"Facebook, Inc.",FY2012,Q3,2012-07-01,2012-09-30,2012-Q3,2012-10-23,Capital expenditures,company_reported_capex,$171 million,USD,USD millions,171000000,SRC-IQ16-META-0001193125-12-431558,B,https://www.sec.gov/Archives/edgar/data/1326801/000119312512431558/d427739dex991.htm,"Earnings release (8-K exhibit 99.1), first-page highlights",REPORTED,,Meta's own capex measure; equals purchases of property and equipment,NO,NO,NO,NO,FALSE,FALSE,"Verbatim: ""Capital expenditures – Purchases of property and equipment for the quarter were $171 million."""
OBS-META-00905,meta,"Facebook, Inc.",FY2012,Q4,2012-10-01,2012-12-31,2012-Q4,2013-01-30,Capital expenditures,company_reported_capex,$198 million,USD,USD millions,198000000,SRC-IQ16-META-0001193125-13-029993,B,https://www.sec.gov/Archives/edgar/data/1326801/000119312513029993/d476012dex991.htm,"Earnings release (8-K exhibit 99.1), first-page highlights",REPORTED,,Meta's own capex measure; equals purchases of property and equipment,NO,NO,NO,NO,FALSE,FALSE,"Verbatim: ""Capital expenditures – Purchases of property and equipment for the fourth quarter were $198 million."""
OBS-META-00906,meta,"Facebook, Inc.",FY2013,Q1,2013-01-01,2013-03-31,2013-Q1,2013-05-01,Capital expenditures,company_reported_capex,$327 million,USD,USD millions,327000000,SRC-IQ16-META-0001193125-13-192397,B,https://www.sec.gov/Archives/edgar/data/1326801/000119312513192397/d530318dex991.htm,"Earnings release (8-K exhibit 99.1), first-page highlights",REPORTED,,Meta's own capex measure; equals purchases of property and equipment,NO,NO,NO,NO,FALSE,FALSE,"Verbatim: ""Capital expenditures – Capital expenditures for the quarter were $327 million, a 28% decrease from the first quarter of 2012."""
OBS-META-00907,meta,"Facebook, Inc.",FY2013,Q2,2013-04-01,2013-06-30,2013-Q2,2013-07-24,Capital expenditures,company_reported_capex,$268 million,USD,USD millions,268000000,SRC-IQ16-META-0001326801-13-000016,B,https://www.sec.gov/Archives/edgar/data/1326801/000132680113000016/ex991.htm,"Earnings release (8-K exhibit 99.1), first-page highlights",REPORTED,,Meta's own capex measure; equals purchases of property and equipment,NO,NO,NO,NO,FALSE,FALSE,"Verbatim: ""Capital expenditures – Capital expenditures for the second quarter of 2013 were $268 million, a 35% decrease from the second quarter of 2012."""
OBS-META-00908,meta,"Facebook, Inc.",FY2013,Q3,2013-07-01,2013-09-30,2013-Q3,2013-10-30,Capital expenditures,company_reported_capex,$284 million,USD,USD millions,284000000,SRC-IQ16-META-0001326801-13-000029,B,https://www.sec.gov/Archives/edgar/data/1326801/000132680113000029/fb-9302013xex991.htm,"Earnings release (8-K exhibit 99.1), first-page highlights",REPORTED,,Meta's own capex measure; equals purchases of property and equipment,NO,NO,NO,NO,FALSE,FALSE,"Verbatim: ""Capital expenditures – Capital expenditures for the third quarter of 2013 were $284 million ."""
OBS-META-00909,meta,"Facebook, Inc.",FY2013,Q4,2013-10-01,2013-12-31,2013-Q4,2014-01-29,Capital expenditures,company_reported_capex,$483 million,USD,USD millions,483000000,SRC-IQ16-META-0001326801-14-000003,B,https://www.sec.gov/Archives/edgar/data/1326801/000132680114000003/fb-12312013xex991.htm,"Earnings release (8-K exhibit 99.1), first-page highlights",REPORTED,,Meta's own capex measure; equals purchases of property and equipment,NO,NO,NO,NO,FALSE,FALSE,"Verbatim: ""Capital expenditures – Capital expenditures for the fourth quarter of 2013 were $483 million ."""
OBS-META-00910,meta,"Facebook, Inc.",FY2014,Q1,2014-01-01,2014-03-31,2014-Q1,2014-04-23,Capital expenditures,company_reported_capex,$ 363 million,USD,USD millions,363000000,SRC-IQ16-META-0001326801-14-000020,B,https://www.sec.gov/Archives/edgar/data/1326801/000132680114000020/fb-3312014xex991.htm,"Earnings release (8-K exhibit 99.1), first-page highlights",REPORTED,,Meta's own capex measure; equals purchases of property and equipment,NO,NO,NO,NO,FALSE,FALSE,"Verbatim: ""Capital expenditures – Capital expenditures for the first quarter of 2014 were $ 363 million ."""
OBS-META-00911,meta,"Facebook, Inc.",FY2014,Q2,2014-04-01,2014-06-30,2014-Q2,2014-07-23,Capital expenditures,company_reported_capex,$ 469 million,USD,USD millions,469000000,SRC-IQ16-META-0001326801-14-000029,B,https://www.sec.gov/Archives/edgar/data/1326801/000132680114000029/fb-6302014xex991.htm,"Earnings release (8-K exhibit 99.1), first-page highlights",REPORTED,,Meta's own capex measure; equals purchases of property and equipment,NO,NO,NO,NO,FALSE,FALSE,"Verbatim: ""Capital expenditures – Capital expenditures for the second quarter of 2014 were $ 469 million ."""
OBS-META-00912,meta,"Facebook, Inc.",FY2014,Q3,2014-07-01,2014-09-30,2014-Q3,2014-10-28,Capital expenditures,company_reported_capex,$ 482 million,USD,USD millions,482000000,SRC-IQ16-META-0001326801-14-000044,B,https://www.sec.gov/Archives/edgar/data/1326801/000132680114000044/fb-9302014xex991.htm,"Earnings release (8-K exhibit 99.1), first-page highlights",REPORTED,,Meta's own capex measure; equals purchases of property and equipment,NO,NO,NO,NO,FALSE,FALSE,"Verbatim: ""Capital expenditures – Capital expenditures for the third quarter of 2014 were $ 482 million ."""
OBS-META-00913,meta,"Facebook, Inc.",FY2014,Q4,2014-10-01,2014-12-31,2014-Q4,2015-01-28,Capital expenditures,company_reported_capex,$ 517 million,USD,USD millions,517000000,SRC-IQ16-META-0001326801-15-000003,B,https://www.sec.gov/Archives/edgar/data/1326801/000132680115000003/fb-12312014xex991.htm,"Earnings release (8-K exhibit 99.1), first-page highlights",REPORTED,,Meta's own capex measure; equals purchases of property and equipment,NO,NO,NO,NO,FALSE,FALSE,"Verbatim: ""Capital expenditures – Capital expenditures for the fourth quarter of 2014 were $ 517 million ."""
OBS-META-00914,meta,"Facebook, Inc.",FY2015,Q1,2015-01-01,2015-03-31,2015-Q1,2015-04-22,Capital expenditures,company_reported_capex,$ 502 million,USD,USD millions,502000000,SRC-IQ16-META-0001326801-15-000012,B,https://www.sec.gov/Archives/edgar/data/1326801/000132680115000012/fb-3312015xex991.htm,"Earnings release (8-K exhibit 99.1), first-page highlights",REPORTED,,Meta's own capex measure; equals purchases of property and equipment,NO,NO,NO,NO,FALSE,FALSE,"Verbatim: ""Capital expenditures – Capital expenditures for the first quarter of 2015 were $ 502 million ."""
OBS-META-00915,meta,"Facebook, Inc.",FY2015,Q2,2015-04-01,2015-06-30,2015-Q2,2015-07-29,Capital expenditures,company_reported_capex,$ 549 million,USD,USD millions,549000000,SRC-IQ16-META-0001326801-15-000026,B,https://www.sec.gov/Archives/edgar/data/1326801/000132680115000026/fb-6302015xex991.htm,"Earnings release (8-K exhibit 99.1), first-page highlights",REPORTED,,Meta's own capex measure; equals purchases of property and equipment,NO,NO,NO,NO,FALSE,FALSE,"Verbatim: ""Capital expenditures – Capital expenditures for the second quarter of 2015 were $ 549 million ."""
OBS-META-00916,meta,"Facebook, Inc.",FY2015,Q3,2015-07-01,2015-09-30,2015-Q3,2015-11-04,Capital expenditures,company_reported_capex,$ 780 million,USD,USD millions,780000000,SRC-IQ16-META-0001326801-15-000030,B,https://www.sec.gov/Archives/edgar/data/1326801/000132680115000030/fb-9302015xex991.htm,"Earnings release (8-K exhibit 99.1), first-page highlights",REPORTED,,Meta's own capex measure; equals purchases of property and equipment,NO,NO,NO,NO,FALSE,FALSE,"Verbatim: ""Capital expenditures – Capital expenditures for the third quarter of 2015 were $ 780 million ."""
OBS-META-00917,meta,"Facebook, Inc.",FY2015,Q4,2015-10-01,2015-12-31,2015-Q4,2016-01-27,Capital expenditures,company_reported_capex,$ 692 million,USD,USD millions,692000000,SRC-IQ16-META-0001326801-16-000038,B,https://www.sec.gov/Archives/edgar/data/1326801/000132680116000038/fb-12312015xex991.htm,"Earnings release (8-K exhibit 99.1), first-page highlights",REPORTED,,Meta's own capex measure; equals purchases of property and equipment,NO,NO,NO,NO,FALSE,FALSE,"Verbatim: ""Capital expenditures – Capital expenditures for the fourth quarter of 2015 were $ 692 million ."""
OBS-META-00918,meta,"Facebook, Inc.",FY2016,Q1,2016-01-01,2016-03-31,2016-Q1,2016-04-27,Capital expenditures,company_reported_capex,$ 1.13 billion,USD,"USD billions, 2 d.p.",1130000000,SRC-IQ16-META-0001326801-16-000060,B,https://www.sec.gov/Archives/edgar/data/1326801/000132680116000060/fb-3312016xex991.htm,"Earnings release (8-K exhibit 99.1), first-page highlights",REPORTED,,Meta's own capex measure; equals purchases of property and equipment,NO,NO,NO,NO,FALSE,FALSE,"Verbatim: ""Capital expenditures – Capital expenditures for the first quarter of 2016 were $ 1.13 billion ."""
OBS-META-00919,meta,"Facebook, Inc.",FY2016,Q2,2016-04-01,2016-06-30,2016-Q2,2016-07-27,Capital expenditures,company_reported_capex,$ 995 million,USD,USD millions,995000000,SRC-IQ16-META-0001326801-16-000079,B,https://www.sec.gov/Archives/edgar/data/1326801/000132680116000079/fb-6302016xex991.htm,"Earnings release (8-K exhibit 99.1), first-page highlights",REPORTED,,Meta's own capex measure; equals purchases of property and equipment,NO,NO,NO,NO,FALSE,FALSE,"Verbatim: ""Capital expenditures – Capital expenditures for the second quarter of 2016 were $ 995 million ."""
OBS-META-00920,meta,"Facebook, Inc.",FY2016,Q3,2016-07-01,2016-09-30,2016-Q3,2016-11-02,Capital expenditures,company_reported_capex,$ 1.10 billion,USD,"USD billions, 2 d.p.",1100000000,SRC-IQ16-META-0001326801-16-000084,B,https://www.sec.gov/Archives/edgar/data/1326801/000132680116000084/fb-9302016xex991.htm,"Earnings release (8-K exhibit 99.1), first-page highlights",REPORTED,,Meta's own capex measure; equals purchases of property and equipment,NO,NO,NO,NO,FALSE,FALSE,"Verbatim: ""Capital expenditures – Capital expenditures for the third quarter of 2016 were $ 1.10 billion ."""
OBS-META-00921,meta,"Facebook, Inc.",FY2016,Q4,2016-10-01,2016-12-31,2016-Q4,2017-02-03,Purchases of property and equipment,derived_quarter_cash_purchases_of_ppe,,USD,USD,1269000000,SRC-IQ16-META-0001326801-17-000007;SRC-IQ16-META-0001326801-16-000087,A,https://www.sec.gov/Archives/edgar/data/1326801/000132680117000007/fb-12312016x10k.htm;https://www.sec.gov/Archives/edgar/data/1326801/000132680116000087/fb-9302016x10q.htm,Consolidated statements of cash flows (year-to-date columns),DERIVED_FROM_PRIMARY_SOURCE,fiscal year to 2016-12-31 (4491000000) minus nine months to 2016-09-30 (3222000000),Both inputs printed under the same line and definition.,NO,NO,NO,NO,FALSE,FALSE,Series A; inputs: 0001326801-17-000007 (2017-02-03); 0001326801-16-000087 (2016-11-03)
OBS-META-00922,meta,"Facebook, Inc.",FY2017,Q1,2017-01-01,2017-03-31,2017-Q1,2017-05-03,Capital expenditures,company_reported_capex,$1.27 billion,USD,"USD billions, 2 d.p.",1270000000,SRC-IQ16-META-0001326801-17-000021,B,https://www.sec.gov/Archives/edgar/data/1326801/000132680117000021/fb-03312017xex991.htm,"Earnings release (8-K exhibit 99.1), first-page highlights",REPORTED,,Meta's own capex measure; equals purchases of property and equipment,NO,NO,NO,NO,FALSE,FALSE,"Verbatim: ""Capital expenditures – Capital expenditures for the first quarter of 2017 were $1.27 billion ."""
OBS-META-00923,meta,"Facebook, Inc.",FY2017,Q2,2017-04-01,2017-06-30,2017-Q2,2017-07-26,Capital expenditures,company_reported_capex,$1.44 billion,USD,"USD billions, 2 d.p.",1440000000,SRC-IQ16-META-0001326801-17-000035,B,https://www.sec.gov/Archives/edgar/data/1326801/000132680117000035/fb-06302017xex991.htm,"Earnings release (8-K exhibit 99.1), first-page highlights",REPORTED,,Meta's own capex measure; equals purchases of property and equipment,NO,NO,NO,NO,FALSE,FALSE,"Verbatim: ""Capital expenditures – Capital expenditures for the second quarter of 2017 were $1.44 billion ."""
OBS-META-00924,meta,"Facebook, Inc.",FY2017,Q3,2017-07-01,2017-09-30,2017-Q3,2017-11-01,Capital expenditures,company_reported_capex,$1.76 billion,USD,"USD billions, 2 d.p.",1760000000,SRC-IQ16-META-0001326801-17-000046,B,https://www.sec.gov/Archives/edgar/data/1326801/000132680117000046/fb-09302017xex991.htm,"Earnings release (8-K exhibit 99.1), first-page highlights",REPORTED,,Meta's own capex measure; equals purchases of property and equipment,NO,NO,NO,NO,FALSE,FALSE,"Verbatim: ""Capital expenditures – Capital expenditures for the third quarter of 2017 were $1.76 billion ."""
OBS-META-00925,meta,"Facebook, Inc.",FY2017,Q4,2017-10-01,2017-12-31,2017-Q4,2018-01-31,Capital expenditures,company_reported_capex,$2.26 billion,USD,"USD billions, 2 d.p.",2260000000,SRC-IQ16-META-0001326801-18-000006,B,https://www.sec.gov/Archives/edgar/data/1326801/000132680118000006/fb-12312017xex991.htm,"Earnings release (8-K exhibit 99.1), first-page highlights",REPORTED,,Meta's own capex measure; equals purchases of property and equipment,NO,NO,NO,NO,FALSE,FALSE,"Verbatim: ""Capital expenditures – Capital expenditures were $2.26 billion and $6.73 billion for the fourth quarter and full year 2017, respectively."""
OBS-META-00926,meta,"Facebook, Inc.",FY2018,Q1,2018-01-01,2018-03-31,2018-Q1,2018-04-25,Capital expenditures,company_reported_capex,$2.81 billion,USD,"USD billions, 2 d.p.",2810000000,SRC-IQ16-META-0001326801-18-000026,B,https://www.sec.gov/Archives/edgar/data/1326801/000132680118000026/fb-03312018xex991.htm,"Earnings release (8-K exhibit 99.1), first-page highlights",REPORTED,,Meta's own capex measure; equals purchases of property and equipment,NO,NO,NO,NO,FALSE,FALSE,"Verbatim: ""Capital expenditures – Capital expenditures for the first quarter of 2018 were $2.81 billion ."""
OBS-META-00927,meta,"Facebook, Inc.",FY2018,Q2,2018-04-01,2018-06-30,2018-Q2,2018-07-25,Capital expenditures,company_reported_capex,$3.46 billion,USD,"USD billions, 2 d.p.",3460000000,SRC-IQ16-META-0001326801-18-000053,B,https://www.sec.gov/Archives/edgar/data/1326801/000132680118000053/fb-06302018xex991.htm,"Earnings release (8-K exhibit 99.1), first-page highlights",REPORTED,,Meta's own capex measure; equals purchases of property and equipment,NO,NO,NO,NO,FALSE,FALSE,"Verbatim: ""Capital expenditures – Capital expenditures for the second quarter of 2018 were $3.46 billion ."""
OBS-META-00928,meta,"Facebook, Inc.",FY2018,Q3,2018-07-01,2018-09-30,2018-Q3,2018-10-30,Capital expenditures,company_reported_capex,$3.34 billion,USD,"USD billions, 2 d.p.",3340000000,SRC-IQ16-META-0001326801-18-000063,B,https://www.sec.gov/Archives/edgar/data/1326801/000132680118000063/fb-09302018xex991.htm,"Earnings release (8-K exhibit 99.1), first-page highlights",REPORTED,,Meta's own capex measure; equals purchases of property and equipment,NO,NO,NO,NO,FALSE,FALSE,"Verbatim: ""Capital expenditures – Capital expenditures for the third quarter of 2018 were $3.34 billion ."""
OBS-META-00929,meta,"Facebook, Inc.",FY2018,Q4,2018-10-01,2018-12-31,2018-Q4,2019-01-30,Capital expenditures,company_reported_capex,$4.37 billion,USD,"USD billions, 2 d.p.",4370000000,SRC-IQ16-META-0001326801-19-000003,B,https://www.sec.gov/Archives/edgar/data/1326801/000132680119000003/fb-12312018xex991.htm,"Earnings release (8-K exhibit 99.1), first-page highlights",REPORTED,,Meta's own capex measure; equals purchases of property and equipment,NO,NO,NO,NO,FALSE,FALSE,"Verbatim: ""Capital expenditures – Capital expenditures were $4.37 billion and $13.92 billion for the fourth quarter and full year 2018, respectively."""
OBS-META-00930,meta,"Facebook, Inc.",FY2019,Q1,2019-01-01,2019-03-31,2019-Q1,2019-04-24,"Capital expenditures, including principal payments on finance leases",company_reported_capex,$ 3.96 billion,USD,"USD billions, 2 d.p.",3960000000,SRC-IQ16-META-0001326801-19-000035,B,https://www.sec.gov/Archives/edgar/data/1326801/000132680119000035/fb-03312019xex991.htm,"Earnings release (8-K exhibit 99.1), first-page highlights",REPORTED,,Meta's own capex measure; includes principal payments on finance leases (from Q1 2019),PRINCIPAL PAYMENTS ONLY,YES,NO,NO,FALSE,FALSE,"Verbatim: ""Capital expenditures – Capital expenditures , including principal payments on finance leases, were $ 3.96 billion for the first quarter of 2019 ."""
OBS-META-00931,meta,"Facebook, Inc.",FY2019,Q2,2019-04-01,2019-06-30,2019-Q2,2019-07-24,"Capital expenditures, including principal payments on finance leases",company_reported_capex,$ 3.78 billion,USD,"USD billions, 2 d.p.",3780000000,SRC-IQ16-META-0001326801-19-000053,B,https://www.sec.gov/Archives/edgar/data/1326801/000132680119000053/fb-06302019xex991.htm,"Earnings release (8-K exhibit 99.1), first-page highlights",REPORTED,,Meta's own capex measure; includes principal payments on finance leases (from Q1 2019),PRINCIPAL PAYMENTS ONLY,YES,NO,NO,FALSE,FALSE,"Verbatim: ""Capital expenditures – Capital expenditures , including principal payments on finance leases, were $ 3.78 billion for the second quarter of 2019 ."""
OBS-META-00932,meta,"Facebook, Inc.",FY2019,Q3,2019-07-01,2019-09-30,2019-Q3,2019-10-30,"Capital expenditures, including principal payments on finance leases",company_reported_capex,$ 3.68 billion,USD,"USD billions, 2 d.p.",3680000000,SRC-IQ16-META-0001326801-19-000066,B,https://www.sec.gov/Archives/edgar/data/1326801/000132680119000066/fb-09302019xex991.htm,"Earnings release (8-K exhibit 99.1), first-page highlights",REPORTED,,Meta's own capex measure; includes principal payments on finance leases (from Q1 2019),PRINCIPAL PAYMENTS ONLY,YES,NO,NO,FALSE,FALSE,"Verbatim: ""Capital expenditures – Capital expenditures , including principal payments on finance leases, were $ 3.68 billion for the third quarter of 2019 ."""
OBS-META-00933,meta,"Facebook, Inc.",FY2019,Q4,2019-10-01,2019-12-31,2019-Q4,2020-01-29,"Capital expenditures, including principal payments on finance leases",company_reported_capex,$ 4.24 billion,USD,"USD billions, 2 d.p.",4240000000,SRC-IQ16-META-0001326801-20-000010,B,https://www.sec.gov/Archives/edgar/data/1326801/000132680120000010/fb-12312019xexhibit991.htm,"Earnings release (8-K exhibit 99.1), first-page highlights",REPORTED,,Meta's own capex measure; includes principal payments on finance leases (from Q1 2019),PRINCIPAL PAYMENTS ONLY,YES,NO,NO,FALSE,FALSE,"Verbatim: ""Capital expenditures – Capital expenditures, including principal payments on finance leases, were $ 4.24 billion and $15.65 billion for the fourth quarter and full year 2019 , respectively."""
OBS-META-00934,meta,"Facebook, Inc.",FY2020,Q1,2020-01-01,2020-03-31,2020-Q1,2020-04-29,"Capital expenditures, including principal payments on finance leases",company_reported_capex,$ 3.66 billion,USD,"USD billions, 2 d.p.",3660000000,SRC-IQ16-META-0001326801-20-000046,B,https://www.sec.gov/Archives/edgar/data/1326801/000132680120000046/fb-03312020xexhibit991.htm,"Earnings release (8-K exhibit 99.1), first-page highlights",REPORTED,,Meta's own capex measure; includes principal payments on finance leases (from Q1 2019),PRINCIPAL PAYMENTS ONLY,YES,NO,NO,FALSE,FALSE,"Verbatim: ""Capital expenditures – Capital expenditures, including principal payments on finance leases, were $ 3.66 billion for the first quarter of 2020 ."""
OBS-META-00935,meta,"Facebook, Inc.",FY2020,Q2,2020-04-01,2020-06-30,2020-Q2,2020-07-30,"Capital expenditures, including principal payments on finance leases",company_reported_capex,$ 3.36 billion,USD,"USD billions, 2 d.p.",3360000000,SRC-IQ16-META-0001326801-20-000073,B,https://www.sec.gov/Archives/edgar/data/1326801/000132680120000073/fb-06302020xexhibit991.htm,"Earnings release (8-K exhibit 99.1), first-page highlights",REPORTED,,Meta's own capex measure; includes principal payments on finance leases (from Q1 2019),PRINCIPAL PAYMENTS ONLY,YES,NO,NO,FALSE,FALSE,"Verbatim: ""Capital expenditures – Capital expenditures, including principal payments on finance leases, were $ 3.36 billion for the second quarter of 2020 ."""
OBS-META-00936,meta,"Facebook, Inc.",FY2020,Q3,2020-07-01,2020-09-30,2020-Q3,2020-10-29,"Capital expenditures, including principal payments on finance leases",company_reported_capex,$ 3.88 billion,USD,"USD billions, 2 d.p.",3880000000,SRC-IQ16-META-0001326801-20-000081,B,https://www.sec.gov/Archives/edgar/data/1326801/000132680120000081/fb-09302020xexhibit991.htm,"Earnings release (8-K exhibit 99.1), first-page highlights",REPORTED,,Meta's own capex measure; includes principal payments on finance leases (from Q1 2019),PRINCIPAL PAYMENTS ONLY,YES,NO,NO,FALSE,FALSE,"Verbatim: ""Capital expenditures – Capital expenditures, including principal payments on finance leases, were $ 3.88 billion for the third quarter of 2020 ."""
OBS-META-00937,meta,"Facebook, Inc.",FY2020,Q4,2020-10-01,2020-12-31,2020-Q4,2021-01-27,"Capital expenditures, including principal payments on finance leases",company_reported_capex,$4.82 billion,USD,"USD billions, 2 d.p.",4820000000,SRC-IQ16-META-0001326801-21-000011,B,https://www.sec.gov/Archives/edgar/data/1326801/000132680121000011/fb-12312020xexhibit991.htm,"Earnings release (8-K exhibit 99.1), first-page highlights",REPORTED,,Meta's own capex measure; includes principal payments on finance leases (from Q1 2019),PRINCIPAL PAYMENTS ONLY,YES,NO,NO,FALSE,FALSE,"Verbatim: ""Capital expenditures – Capital expenditures, including principal payments on finance leases, were $4.82 billion and $15.72 billion for the fourth quarter and full year of 2020, respectively."""
OBS-META-00938,meta,"Facebook, Inc.",FY2021,Q1,2021-01-01,2021-03-31,2021-Q1,2021-04-28,"Capital expenditures, including principal payments on finance leases",company_reported_capex,$4.42 billion,USD,"USD billions, 2 d.p.",4420000000,SRC-IQ16-META-0001326801-21-000031,B,https://www.sec.gov/Archives/edgar/data/1326801/000132680121000031/fb-03312021xexhibit991.htm,"Earnings release (8-K exhibit 99.1), first-page highlights",REPORTED,,Meta's own capex measure; includes principal payments on finance leases (from Q1 2019),PRINCIPAL PAYMENTS ONLY,YES,NO,NO,FALSE,FALSE,"Verbatim: ""Capital expenditures – Capital expenditures, including principal payments on finance leases, were $4.42 billion for the first quarter of 2021."""
OBS-META-00939,meta,"Facebook, Inc.",FY2021,Q2,2021-04-01,2021-06-30,2021-Q2,2021-07-28,"Capital expenditures, including principal payments on finance leases",company_reported_capex,$4.74 billion,USD,"USD billions, 2 d.p.",4740000000,SRC-IQ16-META-0001326801-21-000047,B,https://www.sec.gov/Archives/edgar/data/1326801/000132680121000047/fb-06302021xexhibit991.htm,"Earnings release (8-K exhibit 99.1), first-page highlights",REPORTED,,Meta's own capex measure; includes principal payments on finance leases (from Q1 2019),PRINCIPAL PAYMENTS ONLY,YES,NO,NO,FALSE,FALSE,"Verbatim: ""Capital expenditures – Capital expenditures, including principal payments on finance leases, were $4.74 billion for the second quarter of 2021."""
OBS-META-00940,meta,"Facebook, Inc.",FY2021,Q3,2021-07-01,2021-09-30,2021-Q3,2021-10-25,"Capital expenditures, including principal payments on finance leases",company_reported_capex,$4.54 billion,USD,"USD billions, 2 d.p.",4540000000,SRC-IQ16-META-0001326801-21-000062,B,https://www.sec.gov/Archives/edgar/data/1326801/000132680121000062/fb-09302021xexhibit991.htm,"Earnings release (8-K exhibit 99.1), first-page highlights",REPORTED,,Meta's own capex measure; includes principal payments on finance leases (from Q1 2019),PRINCIPAL PAYMENTS ONLY,YES,NO,NO,FALSE,FALSE,"Verbatim: ""Capital expenditures – Capital expenditures, including principal payments on finance leases, were $4.54 billion for the third quarter of 2021."""
OBS-META-00941,meta,"Meta Platforms, Inc.",FY2021,Q4,2021-10-01,2021-12-31,2021-Q4,2022-02-02,"Capital expenditures, including principal payments on finance leases",company_reported_capex,$5.54 billion,USD,"USD billions, 2 d.p.",5540000000,SRC-IQ16-META-0001326801-22-000015,B,https://www.sec.gov/Archives/edgar/data/1326801/000132680122000015/fb-12312021xexhibit991.htm,"Earnings release (8-K exhibit 99.1), first-page highlights",REPORTED,,Meta's own capex measure; includes principal payments on finance leases (from Q1 2019),PRINCIPAL PAYMENTS ONLY,YES,NO,NO,FALSE,FALSE,"Verbatim: ""Capital expenditures – Capital expenditures, including principal payments on finance leases, were $5.54 billion and $19.24 billion for the fourth quarter and full year 2021, respectively."""
OBS-META-00942,meta,"Meta Platforms, Inc.",FY2022,Q1,2022-01-01,2022-03-31,2022-Q1,2022-04-27,"Capital expenditures, including principal payments on finance leases",company_reported_capex,$5.55 billion,USD,"USD billions, 2 d.p.",5550000000,SRC-IQ16-META-0001326801-22-000054,B,https://www.sec.gov/Archives/edgar/data/1326801/000132680122000054/meta03312022-exhibit991.htm,"Earnings release (8-K exhibit 99.1), first-page highlights",REPORTED,,Meta's own capex measure; includes principal payments on finance leases (from Q1 2019),PRINCIPAL PAYMENTS ONLY,YES,NO,NO,FALSE,FALSE,"Verbatim: ""Capital expenditures – Capital expenditures, including principal payments on finance leases, were $5.55 billion for the first quarter of 2022."""
OBS-META-00943,meta,"Meta Platforms, Inc.",FY2022,Q2,2022-04-01,2022-06-30,2022-Q2,2022-07-27,"Capital expenditures, including principal payments on finance leases",company_reported_capex,$7.75 billion,USD,"USD billions, 2 d.p.",7750000000,SRC-IQ16-META-0001326801-22-000079,B,https://www.sec.gov/Archives/edgar/data/1326801/000132680122000079/meta06302022-exhibit991.htm,"Earnings release (8-K exhibit 99.1), first-page highlights",REPORTED,,Meta's own capex measure; includes principal payments on finance leases (from Q1 2019),PRINCIPAL PAYMENTS ONLY,YES,NO,NO,FALSE,FALSE,"Verbatim: ""Capital expenditures – Capital expenditures, including principal payments on finance leases, were $7.75 billion for the second quarter of 2022."""
OBS-META-00944,meta,"Meta Platforms, Inc.",FY2022,Q3,2022-07-01,2022-09-30,2022-Q3,2022-10-26,"Capital expenditures, including principal payments on finance leases",company_reported_capex,$9.52 billion,USD,"USD billions, 2 d.p.",9520000000,SRC-IQ16-META-0001326801-22-000105,B,https://www.sec.gov/Archives/edgar/data/1326801/000132680122000105/meta09302022-exhibit991.htm,"Earnings release (8-K exhibit 99.1), first-page highlights",REPORTED,,Meta's own capex measure; includes principal payments on finance leases (from Q1 2019),PRINCIPAL PAYMENTS ONLY,YES,NO,NO,FALSE,FALSE,"Verbatim: ""Capital expenditures – Capital expenditures, including principal payments on finance leases, were $9.52 billion for the third quarter of 2022."""
OBS-META-00945,meta,"Meta Platforms, Inc.",FY2022,Q4,2022-10-01,2022-12-31,2022-Q4,2023-02-01,"Capital expenditures, including principal payments on finance leases",company_reported_capex,$9.22 billion,USD,"USD billions, 2 d.p.",9220000000,SRC-IQ16-META-0001326801-23-000008,B,https://www.sec.gov/Archives/edgar/data/1326801/000132680123000008/meta-12312022xexhibit991.htm,"Earnings release (8-K exhibit 99.1), first-page highlights",REPORTED,,Meta's own capex measure; includes principal payments on finance leases (from Q1 2019),PRINCIPAL PAYMENTS ONLY,YES,NO,NO,FALSE,FALSE,"Verbatim: ""Capital expenditures – Capital expenditures, including principal payments on finance leases, were $9.22 billion and $32.04 billion for the fourth quarter and full year 2022, respectively."""
OBS-META-00946,meta,"Meta Platforms, Inc.",FY2023,Q1,2023-01-01,2023-03-31,2023-Q1,2023-04-26,"Capital expenditures, including principal payments on finance leases",company_reported_capex,$7.09 billion,USD,"USD billions, 2 d.p.",7090000000,SRC-IQ16-META-0001326801-23-000063,B,https://www.sec.gov/Archives/edgar/data/1326801/000132680123000063/meta03312023-exhibit991.htm,"Earnings release (8-K exhibit 99.1), first-page highlights",REPORTED,,Meta's own capex measure; includes principal payments on finance leases (from Q1 2019),PRINCIPAL PAYMENTS ONLY,YES,NO,NO,FALSE,FALSE,"Verbatim: ""Capital expenditures – Capital expenditures, including principal payments on finance leases, were $7.09 billion for the first quarter of 2023."""
OBS-META-00947,meta,"Meta Platforms, Inc.",FY2023,Q2,2023-04-01,2023-06-30,2023-Q2,2023-07-26,"Capital expenditures, including principal payments on finance leases",company_reported_capex,$6.35 billion,USD,"USD billions, 2 d.p.",6350000000,SRC-IQ16-META-0001326801-23-000089,B,https://www.sec.gov/Archives/edgar/data/1326801/000132680123000089/meta06302023-exhibit991.htm,"Earnings release (8-K exhibit 99.1), first-page highlights",REPORTED,,Meta's own capex measure; includes principal payments on finance leases (from Q1 2019),PRINCIPAL PAYMENTS ONLY,YES,NO,NO,FALSE,FALSE,"Verbatim: ""Capital expenditures – Capital expenditures, including principal payments on finance leases, were $6.35 billion for the second quarter of 2023."""
OBS-META-00948,meta,"Meta Platforms, Inc.",FY2023,Q3,2023-07-01,2023-09-30,2023-Q3,2023-10-25,"Capital expenditures, including principal payments on finance leases",company_reported_capex,$6.76 billion,USD,"USD billions, 2 d.p.",6760000000,SRC-IQ16-META-0001326801-23-000100,B,https://www.sec.gov/Archives/edgar/data/1326801/000132680123000100/meta09302023-exhibit991.htm,"Earnings release (8-K exhibit 99.1), first-page highlights",REPORTED,,Meta's own capex measure; includes principal payments on finance leases (from Q1 2019),PRINCIPAL PAYMENTS ONLY,YES,NO,NO,FALSE,FALSE,"Verbatim: ""Capital expenditures – Capital expenditures, including principal payments on finance leases, were $6.76 billion for the third quarter of 2023."""
OBS-META-00949,meta,"Meta Platforms, Inc.",FY2023,Q4,2023-10-01,2023-12-31,2023-Q4,2024-02-01,"Capital expenditures, including principal payments on finance leases",company_reported_capex,$7.90 billion,USD,"USD billions, 2 d.p.",7900000000,SRC-IQ16-META-0001326801-24-000010,B,https://www.sec.gov/Archives/edgar/data/1326801/000132680124000010/meta-12312023xexhibit991.htm,"Earnings release (8-K exhibit 99.1), first-page highlights",REPORTED,,Meta's own capex measure; includes principal payments on finance leases (from Q1 2019),PRINCIPAL PAYMENTS ONLY,YES,NO,NO,FALSE,FALSE,"Verbatim: ""Capital expenditures – Capital expenditures, including principal payments on finance leases, were $7.90 billion and $28.10 billion for the fourth quarter and full year 2023, respectively."""
OBS-META-00950,meta,"Meta Platforms, Inc.",FY2024,Q1,2024-01-01,2024-03-31,2024-Q1,2024-04-24,"Capital expenditures, including principal payments on finance leases",company_reported_capex,$6.72 billion,USD,"USD billions, 2 d.p.",6720000000,SRC-IQ16-META-0001326801-24-000044,B,https://www.sec.gov/Archives/edgar/data/1326801/000132680124000044/meta-03312024xexhibit991.htm,"Earnings release (8-K exhibit 99.1), first-page highlights",REPORTED,,Meta's own capex measure; includes principal payments on finance leases (from Q1 2019),PRINCIPAL PAYMENTS ONLY,YES,NO,NO,FALSE,FALSE,"Verbatim: ""Capital expenditures – Capital expenditures, including principal payments on finance leases, were $6.72 billion."""
OBS-META-00951,meta,"Meta Platforms, Inc.",FY2024,Q2,2024-04-01,2024-06-30,2024-Q2,2024-07-31,"Capital expenditures, including principal payments on finance leases",company_reported_capex,$8.47 billion,USD,"USD billions, 2 d.p.",8470000000,SRC-IQ16-META-0001326801-24-000065,B,https://www.sec.gov/Archives/edgar/data/1326801/000132680124000065/meta-06302024xexhibit991.htm,"Earnings release (8-K exhibit 99.1), first-page highlights",REPORTED,,Meta's own capex measure; includes principal payments on finance leases (from Q1 2019),PRINCIPAL PAYMENTS ONLY,YES,NO,NO,FALSE,FALSE,"Verbatim: ""Capital expenditures – Capital expenditures, including principal payments on finance leases, were $8.47 billion."""
OBS-META-00952,meta,"Meta Platforms, Inc.",FY2024,Q3,2024-07-01,2024-09-30,2024-Q3,2024-10-30,"Capital expenditures, including principal payments on finance leases",company_reported_capex,$9.20 billion,USD,"USD billions, 2 d.p.",9200000000,SRC-IQ16-META-0001326801-24-000077,B,https://www.sec.gov/Archives/edgar/data/1326801/000132680124000077/meta-09302024xexhibit991.htm,"Earnings release (8-K exhibit 99.1), first-page highlights",REPORTED,,Meta's own capex measure; includes principal payments on finance leases (from Q1 2019),PRINCIPAL PAYMENTS ONLY,YES,NO,NO,FALSE,FALSE,"Verbatim: ""Capital expenditures – Capital expenditures, including principal payments on finance leases, were $9.20 billion."""
OBS-META-00953,meta,"Meta Platforms, Inc.",FY2024,Q4,2024-10-01,2024-12-31,2024-Q4,2025-01-29,"Capital expenditures, including principal payments on finance leases",company_reported_capex,$14.84 billion,USD,"USD billions, 2 d.p.",14840000000,SRC-IQ16-META-0001326801-25-000014,B,https://www.sec.gov/Archives/edgar/data/1326801/000132680125000014/meta-12312024xexhibit991.htm,"Earnings release (8-K exhibit 99.1), first-page highlights",REPORTED,,Meta's own capex measure; includes principal payments on finance leases (from Q1 2019),PRINCIPAL PAYMENTS ONLY,YES,NO,NO,FALSE,FALSE,"Verbatim: ""Capital expenditures – Capital expenditures, including principal payments on finance leases, were $14.84 billion and $39.23 billion for the fourth quarter and full year 2024, respectively."""
OBS-META-00954,meta,"Meta Platforms, Inc.",FY2025,Q1,2025-01-01,2025-03-31,2025-Q1,2025-04-30,"Capital expenditures, including principal payments on finance leases",company_reported_capex,$13.69 billion,USD,"USD billions, 2 d.p.",13690000000,SRC-IQ16-META-0001326801-25-000050,B,https://www.sec.gov/Archives/edgar/data/1326801/000132680125000050/meta-03312025xexhibit991.htm,"Earnings release (8-K exhibit 99.1), first-page highlights",REPORTED,,Meta's own capex measure; includes principal payments on finance leases (from Q1 2019),PRINCIPAL PAYMENTS ONLY,YES,NO,NO,FALSE,FALSE,"Verbatim: ""Capital expenditures – Capital expenditures, including principal payments on finance leases, were $13.69 billion."""
OBS-META-00955,meta,"Meta Platforms, Inc.",FY2025,Q2,2025-04-01,2025-06-30,2025-Q2,2025-07-30,"Capital expenditures, including principal payments on finance leases",company_reported_capex,$17.01 billion,USD,"USD billions, 2 d.p.",17010000000,SRC-IQ16-META-0001628280-25-036719,B,https://www.sec.gov/Archives/edgar/data/1326801/000162828025036719/meta-06302025xexhibit991.htm,"Earnings release (8-K exhibit 99.1), first-page highlights",REPORTED,,Meta's own capex measure; includes principal payments on finance leases (from Q1 2019),PRINCIPAL PAYMENTS ONLY,YES,NO,NO,FALSE,FALSE,"Verbatim: ""Capital expenditures – Capital expenditures, including principal payments on finance leases, were $17.01 billion."""
OBS-META-00956,meta,"Meta Platforms, Inc.",FY2025,Q3,2025-07-01,2025-09-30,2025-Q3,2025-10-29,"Capital expenditures, including principal payments on finance leases",company_reported_capex,$19.37 billion,USD,"USD billions, 2 d.p.",19370000000,SRC-IQ16-META-0001628280-25-047114,B,https://www.sec.gov/Archives/edgar/data/1326801/000162828025047114/meta-09302025xexhibit991.htm,"Earnings release (8-K exhibit 99.1), first-page highlights",REPORTED,,Meta's own capex measure; includes principal payments on finance leases (from Q1 2019),PRINCIPAL PAYMENTS ONLY,YES,NO,NO,FALSE,FALSE,"Verbatim: ""Capital expenditures – Capital expenditures, including principal payments on finance leases, were $19.37 billion."""
OBS-META-00957,meta,"Meta Platforms, Inc.",FY2025,Q4,2025-10-01,2025-12-31,2025-Q4,2026-01-28,"Capital expenditures, including principal payments on finance leases",company_reported_capex,$22.14 billion,USD,"USD billions, 2 d.p.",22140000000,SRC-META-003,B,https://www.sec.gov/Archives/edgar/data/1326801/000162828026003832/meta-12312025xexhibit991.htm,"Earnings release (8-K exhibit 99.1), first-page highlights",REPORTED,,Meta's own capex measure; includes principal payments on finance leases (from Q1 2019),PRINCIPAL PAYMENTS ONLY,YES,NO,NO,FALSE,FALSE,"Verbatim: ""Capital expenditures – Capital expenditures, including principal payments on finance leases, were $22.14 billion and $72.22 billion for the fourth quarter and full year 2025, respectively."""
OBS-META-00958,meta,"Meta Platforms, Inc.",FY2026,Q1,2026-01-01,2026-03-31,2026-Q1,2026-04-29,"Capital expenditures, including principal payments on finance leases",company_reported_capex,$19.84 billion,USD,"USD billions, 2 d.p.",19840000000,SRC-IQ16-META-0001628280-26-028364,B,https://www.sec.gov/Archives/edgar/data/1326801/000162828026028364/meta-03312026xexhibit991.htm,"Earnings release (8-K exhibit 99.1), first-page highlights",REPORTED,,Meta's own capex measure; includes principal payments on finance leases (from Q1 2019),PRINCIPAL PAYMENTS ONLY,YES,NO,NO,FALSE,FALSE,"Verbatim: ""Capital expenditures – Capital expenditures, including principal payments on finance leases, were $19.84 billion."""
OBS-META-00959,meta,"Meta Platforms, Inc.",FY2026,Q2,2026-04-01,2026-06-30,2026-Q2,2026-07-29,"Capital expenditures, including principal payments on finance leases",company_reported_capex,$31.08 billion,USD,"USD billions, 2 d.p.",31080000000,SRC-IQ16-META-0001628280-26-050596,B,https://www.sec.gov/Archives/edgar/data/1326801/000162828026050596/meta-06302026xexhibit991.htm,"Earnings release (8-K exhibit 99.1), first-page highlights",REPORTED,,Meta's own capex measure; includes principal payments on finance leases (from Q1 2019),PRINCIPAL PAYMENTS ONLY,YES,NO,NO,FALSE,FALSE,"Verbatim: ""Capital expenditures – Capital expenditures, including principal payments on finance leases, were $31.08 billion."""
OBS-META-00960,meta,"Facebook, Inc.",FY2012,Q2,2012-04-01,2012-06-30,2012-Q2,2013-05-02,Purchases of property and equipment,derived_quarter_cash_purchases_of_ppe,,USD,USD,413000000,SRC-IQ16-META-0001193125-12-325997;SRC-IQ16-META-0001326801-13-000011,A,https://www.sec.gov/Archives/edgar/data/1326801/000119312512325997/d371464d10q.htm;https://www.sec.gov/Archives/edgar/data/1326801/000132680113000011/fb-3312013x10q.htm,Consolidated statements of cash flows (year-to-date columns),DERIVED_FROM_PRIMARY_SOURCE,six months to 2012-06-30 (866000000) minus three months to 2012-03-31 (453000000),Both inputs printed under the same line and definition.,NO,NO,NO,NO,FALSE,FALSE,Series B; inputs: 0001193125-12-325997 (2012-07-31); 0001326801-13-000011 (2013-05-02)
OBS-META-00961,meta,"Facebook, Inc.",FY2012,Q3,2012-07-01,2012-09-30,2012-Q3,2012-10-24,Purchases of property and equipment,derived_quarter_cash_purchases_of_ppe,,USD,USD,171000000,SRC-IQ16-META-0001326801-12-000006;SRC-IQ16-META-0001193125-12-325997,A,https://www.sec.gov/Archives/edgar/data/1326801/000132680112000006/fb-9302012x10q.htm;https://www.sec.gov/Archives/edgar/data/1326801/000119312512325997/d371464d10q.htm,Consolidated statements of cash flows (year-to-date columns),DERIVED_FROM_PRIMARY_SOURCE,nine months to 2012-09-30 (1037000000) minus six months to 2012-06-30 (866000000),Both inputs printed under the same line and definition.,NO,NO,NO,NO,FALSE,FALSE,Series B; inputs: 0001326801-12-000006 (2012-10-24); 0001193125-12-325997 (2012-07-31)
OBS-META-00962,meta,"Facebook, Inc.",FY2012,Q4,2012-10-01,2012-12-31,2012-Q4,2013-02-01,Purchases of property and equipment,derived_quarter_cash_purchases_of_ppe,,USD,USD,198000000,SRC-META-002;SRC-IQ16-META-0001326801-12-000006,A,https://www.sec.gov/Archives/edgar/data/1326801/000132680113000003/fb-12312012x10k.htm;https://www.sec.gov/Archives/edgar/data/1326801/000132680112000006/fb-9302012x10q.htm,Consolidated statements of cash flows (year-to-date columns),DERIVED_FROM_PRIMARY_SOURCE,fiscal year to 2012-12-31 (1235000000) minus nine months to 2012-09-30 (1037000000),Both inputs printed under the same line and definition.,NO,NO,NO,NO,FALSE,FALSE,Series B; inputs: 0001326801-13-000003 (2013-02-01); 0001326801-12-000006 (2012-10-24)
OBS-META-00963,meta,"Facebook, Inc.",FY2013,Q2,2013-04-01,2013-06-30,2013-Q2,2013-07-25,Purchases of property and equipment,derived_quarter_cash_purchases_of_ppe,,USD,USD,268000000,SRC-IQ16-META-0001326801-13-000019;SRC-IQ16-META-0001326801-13-000011,A,https://www.sec.gov/Archives/edgar/data/1326801/000132680113000019/fb-6302013x10q.htm;https://www.sec.gov/Archives/edgar/data/1326801/000132680113000011/fb-3312013x10q.htm,Consolidated statements of cash flows (year-to-date columns),DERIVED_FROM_PRIMARY_SOURCE,six months to 2013-06-30 (595000000) minus three months to 2013-03-31 (327000000),Both inputs printed under the same line and definition.,NO,NO,NO,NO,FALSE,FALSE,Series B; inputs: 0001326801-13-000019 (2013-07-25); 0001326801-13-000011 (2013-05-02)
OBS-META-00964,meta,"Facebook, Inc.",FY2013,Q3,2013-07-01,2013-09-30,2013-Q3,2013-11-01,Purchases of property and equipment,derived_quarter_cash_purchases_of_ppe,,USD,USD,284000000,SRC-IQ16-META-0001326801-13-000031;SRC-IQ16-META-0001326801-13-000019,A,https://www.sec.gov/Archives/edgar/data/1326801/000132680113000031/fb-9302013x10q.htm;https://www.sec.gov/Archives/edgar/data/1326801/000132680113000019/fb-6302013x10q.htm,Consolidated statements of cash flows (year-to-date columns),DERIVED_FROM_PRIMARY_SOURCE,nine months to 2013-09-30 (879000000) minus six months to 2013-06-30 (595000000),Both inputs printed under the same line and definition.,NO,NO,NO,NO,FALSE,FALSE,Series B; inputs: 0001326801-13-000031 (2013-11-01); 0001326801-13-000019 (2013-07-25)
OBS-META-00965,meta,"Facebook, Inc.",FY2013,Q4,2013-10-01,2013-12-31,2013-Q4,2014-01-31,Purchases of property and equipment,derived_quarter_cash_purchases_of_ppe,,USD,USD,483000000,SRC-IQ16-META-0001326801-14-000007;SRC-IQ16-META-0001326801-13-000031,A,https://www.sec.gov/Archives/edgar/data/1326801/000132680114000007/fb-12312013x10k.htm;https://www.sec.gov/Archives/edgar/data/1326801/000132680113000031/fb-9302013x10q.htm,Consolidated statements of cash flows (year-to-date columns),DERIVED_FROM_PRIMARY_SOURCE,fiscal year to 2013-12-31 (1362000000) minus nine months to 2013-09-30 (879000000),Both inputs printed under the same line and definition.,NO,NO,NO,NO,FALSE,FALSE,Series B; inputs: 0001326801-14-000007 (2014-01-31); 0001326801-13-000031 (2013-11-01)
OBS-META-00966,meta,"Facebook, Inc.",FY2014,Q2,2014-04-01,2014-06-30,2014-Q2,2014-07-24,Purchases of property and equipment,derived_quarter_cash_purchases_of_ppe,,USD,USD,469000000,SRC-IQ16-META-0001326801-14-000032;SRC-IQ16-META-0001326801-14-000023,A,https://www.sec.gov/Archives/edgar/data/1326801/000132680114000032/fb-6302014x10q.htm;https://www.sec.gov/Archives/edgar/data/1326801/000132680114000023/fb-3312014x10q.htm,Consolidated statements of cash flows (year-to-date columns),DERIVED_FROM_PRIMARY_SOURCE,six months to 2014-06-30 (832000000) minus three months to 2014-03-31 (363000000),Both inputs printed under the same line and definition.,NO,NO,NO,NO,FALSE,FALSE,Series B; inputs: 0001326801-14-000032 (2014-07-24); 0001326801-14-000023 (2014-04-25)
OBS-META-00967,meta,"Facebook, Inc.",FY2014,Q3,2014-07-01,2014-09-30,2014-Q3,2014-10-30,Purchases of property and equipment,derived_quarter_cash_purchases_of_ppe,,USD,USD,482000000,SRC-IQ16-META-0001326801-14-000068;SRC-IQ16-META-0001326801-14-000032,A,https://www.sec.gov/Archives/edgar/data/1326801/000132680114000068/fb-9302014x10q.htm;https://www.sec.gov/Archives/edgar/data/1326801/000132680114000032/fb-6302014x10q.htm,Consolidated statements of cash flows (year-to-date columns),DERIVED_FROM_PRIMARY_SOURCE,nine months to 2014-09-30 (1314000000) minus six months to 2014-06-30 (832000000),Both inputs printed under the same line and definition.,NO,NO,NO,NO,FALSE,FALSE,Series B; inputs: 0001326801-14-000068 (2014-10-30); 0001326801-14-000032 (2014-07-24)
OBS-META-00968,meta,"Facebook, Inc.",FY2014,Q4,2014-10-01,2014-12-31,2014-Q4,2015-01-29,Purchases of property and equipment,derived_quarter_cash_purchases_of_ppe,,USD,USD,517000000,SRC-IQ16-META-0001326801-15-000006;SRC-IQ16-META-0001326801-14-000068,A,https://www.sec.gov/Archives/edgar/data/1326801/000132680115000006/fb-12312014x10k.htm;https://www.sec.gov/Archives/edgar/data/1326801/000132680114000068/fb-9302014x10q.htm,Consolidated statements of cash flows (year-to-date columns),DERIVED_FROM_PRIMARY_SOURCE,fiscal year to 2014-12-31 (1831000000) minus nine months to 2014-09-30 (1314000000),Both inputs printed under the same line and definition.,NO,NO,NO,NO,FALSE,FALSE,Series B; inputs: 0001326801-15-000006 (2015-01-29); 0001326801-14-000068 (2014-10-30)
OBS-META-00969,meta,"Facebook, Inc.",FY2015,Q2,2015-04-01,2015-06-30,2015-Q2,2015-07-31,Purchases of property and equipment,derived_quarter_cash_purchases_of_ppe,,USD,USD,549000000,SRC-IQ16-META-0001326801-15-000028;SRC-IQ16-META-0001326801-15-000015,A,https://www.sec.gov/Archives/edgar/data/1326801/000132680115000028/fb-6302015x10q.htm;https://www.sec.gov/Archives/edgar/data/1326801/000132680115000015/fb-3312015x10q.htm,Consolidated statements of cash flows (year-to-date columns),DERIVED_FROM_PRIMARY_SOURCE,six months to 2015-06-30 (1051000000) minus three months to 2015-03-31 (502000000),Both inputs printed under the same line and definition.,NO,NO,NO,NO,FALSE,FALSE,Series B; inputs: 0001326801-15-000028 (2015-07-31); 0001326801-15-000015 (2015-04-23)
OBS-META-00970,meta,"Facebook, Inc.",FY2015,Q3,2015-07-01,2015-09-30,2015-Q3,2015-11-05,Purchases of property and equipment,derived_quarter_cash_purchases_of_ppe,,USD,USD,780000000,SRC-IQ16-META-0001326801-15-000032;SRC-IQ16-META-0001326801-15-000028,A,https://www.sec.gov/Archives/edgar/data/1326801/000132680115000032/fb-9302015x10q.htm;https://www.sec.gov/Archives/edgar/data/1326801/000132680115000028/fb-6302015x10q.htm,Consolidated statements of cash flows (year-to-date columns),DERIVED_FROM_PRIMARY_SOURCE,nine months to 2015-09-30 (1831000000) minus six months to 2015-06-30 (1051000000),Both inputs printed under the same line and definition.,NO,NO,NO,NO,FALSE,FALSE,Series B; inputs: 0001326801-15-000032 (2015-11-05); 0001326801-15-000028 (2015-07-31)
OBS-META-00971,meta,"Facebook, Inc.",FY2015,Q4,2015-10-01,2015-12-31,2015-Q4,2016-01-28,Purchases of property and equipment,derived_quarter_cash_purchases_of_ppe,,USD,USD,692000000,SRC-IQ16-META-0001326801-16-000043;SRC-IQ16-META-0001326801-15-000032,A,https://www.sec.gov/Archives/edgar/data/1326801/000132680116000043/fb-12312015x10k.htm;https://www.sec.gov/Archives/edgar/data/1326801/000132680115000032/fb-9302015x10q.htm,Consolidated statements of cash flows (year-to-date columns),DERIVED_FROM_PRIMARY_SOURCE,fiscal year to 2015-12-31 (2523000000) minus nine months to 2015-09-30 (1831000000),Both inputs printed under the same line and definition.,NO,NO,NO,NO,FALSE,FALSE,Series B; inputs: 0001326801-16-000043 (2016-01-28); 0001326801-15-000032 (2015-11-05)
OBS-META-00972,meta,"Facebook, Inc.",FY2016,Q2,2016-04-01,2016-06-30,2016-Q2,2016-07-28,Purchases of property and equipment,derived_quarter_cash_purchases_of_ppe,,USD,USD,995000000,SRC-IQ16-META-0001326801-16-000082;SRC-IQ16-META-0001326801-16-000067,A,https://www.sec.gov/Archives/edgar/data/1326801/000132680116000082/fb-6302016x10q.htm;https://www.sec.gov/Archives/edgar/data/1326801/000132680116000067/fb-3312016x10q.htm,Consolidated statements of cash flows (year-to-date columns),DERIVED_FROM_PRIMARY_SOURCE,six months to 2016-06-30 (2127000000) minus three months to 2016-03-31 (1132000000),Both inputs printed under the same line and definition.,NO,NO,NO,NO,FALSE,FALSE,Series B; inputs: 0001326801-16-000082 (2016-07-28); 0001326801-16-000067 (2016-04-28)
OBS-META-00973,meta,"Facebook, Inc.",FY2016,Q3,2016-07-01,2016-09-30,2016-Q3,2016-11-03,Purchases of property and equipment,derived_quarter_cash_purchases_of_ppe,,USD,USD,1095000000,SRC-IQ16-META-0001326801-16-000087;SRC-IQ16-META-0001326801-16-000082,A,https://www.sec.gov/Archives/edgar/data/1326801/000132680116000087/fb-9302016x10q.htm;https://www.sec.gov/Archives/edgar/data/1326801/000132680116000082/fb-6302016x10q.htm,Consolidated statements of cash flows (year-to-date columns),DERIVED_FROM_PRIMARY_SOURCE,nine months to 2016-09-30 (3222000000) minus six months to 2016-06-30 (2127000000),Both inputs printed under the same line and definition.,NO,NO,NO,NO,FALSE,FALSE,Series B; inputs: 0001326801-16-000087 (2016-11-03); 0001326801-16-000082 (2016-07-28)
OBS-META-00974,meta,"Facebook, Inc.",FY2017,Q2,2017-04-01,2017-06-30,2017-Q2,2017-07-27,Purchases of property and equipment,derived_quarter_cash_purchases_of_ppe,,USD,USD,1444000000,SRC-IQ16-META-0001326801-17-000038;SRC-IQ16-META-0001326801-17-000024,A,https://www.sec.gov/Archives/edgar/data/1326801/000132680117000038/fb-06302017x10q.htm;https://www.sec.gov/Archives/edgar/data/1326801/000132680117000024/fb-03312017x10q.htm,Consolidated statements of cash flows (year-to-date columns),DERIVED_FROM_PRIMARY_SOURCE,six months to 2017-06-30 (2715000000) minus three months to 2017-03-31 (1271000000),Both inputs printed under the same line and definition.,NO,NO,NO,NO,FALSE,FALSE,Series B; inputs: 0001326801-17-000038 (2017-07-27); 0001326801-17-000024 (2017-05-04)
OBS-META-00975,meta,"Facebook, Inc.",FY2017,Q3,2017-07-01,2017-09-30,2017-Q3,2017-11-02,Purchases of property and equipment,derived_quarter_cash_purchases_of_ppe,,USD,USD,1755000000,SRC-IQ16-META-0001326801-17-000053;SRC-IQ16-META-0001326801-17-000038,A,https://www.sec.gov/Archives/edgar/data/1326801/000132680117000053/fb-09302017x10q.htm;https://www.sec.gov/Archives/edgar/data/1326801/000132680117000038/fb-06302017x10q.htm,Consolidated statements of cash flows (year-to-date columns),DERIVED_FROM_PRIMARY_SOURCE,nine months to 2017-09-30 (4470000000) minus six months to 2017-06-30 (2715000000),Both inputs printed under the same line and definition.,NO,NO,NO,NO,FALSE,FALSE,Series B; inputs: 0001326801-17-000053 (2017-11-02); 0001326801-17-000038 (2017-07-27)
OBS-META-00976,meta,"Facebook, Inc.",FY2017,Q4,2017-10-01,2017-12-31,2017-Q4,2018-02-01,Purchases of property and equipment,derived_quarter_cash_purchases_of_ppe,,USD,USD,2263000000,SRC-IQ16-META-0001326801-18-000009;SRC-IQ16-META-0001326801-17-000053,A,https://www.sec.gov/Archives/edgar/data/1326801/000132680118000009/fb-12312017x10k.htm;https://www.sec.gov/Archives/edgar/data/1326801/000132680117000053/fb-09302017x10q.htm,Consolidated statements of cash flows (year-to-date columns),DERIVED_FROM_PRIMARY_SOURCE,fiscal year to 2017-12-31 (6733000000) minus nine months to 2017-09-30 (4470000000),Both inputs printed under the same line and definition.,NO,NO,NO,NO,FALSE,FALSE,Series B; inputs: 0001326801-18-000009 (2018-02-01); 0001326801-17-000053 (2017-11-02)
OBS-META-00977,meta,"Facebook, Inc.",FY2018,Q2,2018-04-01,2018-06-30,2018-Q2,2018-07-26,Purchases of property and equipment,derived_quarter_cash_purchases_of_ppe,,USD,USD,3460000000,SRC-IQ16-META-0001326801-18-000057;SRC-IQ16-META-0001326801-18-000032,A,https://www.sec.gov/Archives/edgar/data/1326801/000132680118000057/fb-06302018x10q.htm;https://www.sec.gov/Archives/edgar/data/1326801/000132680118000032/fb-03312018x10q.htm,Consolidated statements of cash flows (year-to-date columns),DERIVED_FROM_PRIMARY_SOURCE,six months to 2018-06-30 (6272000000) minus three months to 2018-03-31 (2812000000),Both inputs printed under the same line and definition.,NO,NO,NO,NO,FALSE,FALSE,Series B; inputs: 0001326801-18-000057 (2018-07-26); 0001326801-18-000032 (2018-04-26)
OBS-META-00978,meta,"Facebook, Inc.",FY2018,Q3,2018-07-01,2018-09-30,2018-Q3,2018-10-31,Purchases of property and equipment,derived_quarter_cash_purchases_of_ppe,,USD,USD,3342000000,SRC-IQ16-META-0001326801-18-000067;SRC-IQ16-META-0001326801-18-000057,A,https://www.sec.gov/Archives/edgar/data/1326801/000132680118000067/fb-09302018x10q.htm;https://www.sec.gov/Archives/edgar/data/1326801/000132680118000057/fb-06302018x10q.htm,Consolidated statements of cash flows (year-to-date columns),DERIVED_FROM_PRIMARY_SOURCE,nine months to 2018-09-30 (9614000000) minus six months to 2018-06-30 (6272000000),Both inputs printed under the same line and definition.,NO,NO,NO,NO,FALSE,FALSE,Series B; inputs: 0001326801-18-000067 (2018-10-31); 0001326801-18-000057 (2018-07-26)
OBS-META-00979,meta,"Facebook, Inc.",FY2018,Q4,2018-10-01,2018-12-31,2018-Q4,2019-01-31,"Purchases of property and equipment, net",derived_quarter_cash_purchases_of_ppe,,USD,USD,4301000000,SRC-IQ16-META-0001326801-19-000009;SRC-IQ16-META-0001326801-18-000067,A,https://www.sec.gov/Archives/edgar/data/1326801/000132680119000009/fb-12312018x10k.htm;https://www.sec.gov/Archives/edgar/data/1326801/000132680118000067/fb-09302018x10q.htm,Consolidated statements of cash flows (year-to-date columns),DERIVED_FROM_PRIMARY_SOURCE,fiscal year to 2018-12-31 (13915000000) minus nine months to 2018-09-30 (9614000000),Both inputs printed under the same line and definition.,NO,NO,NO,NO,FALSE,FALSE,Series B; inputs: 0001326801-19-000009 (2019-01-31); 0001326801-18-000067 (2018-10-31)
OBS-META-00980,meta,"Facebook, Inc.",FY2019,Q2,2019-04-01,2019-06-30,2019-Q2,2019-07-25,"Purchases of property and equipment, net",derived_quarter_cash_purchases_of_ppe,,USD,USD,3633000000,SRC-IQ16-META-0001326801-19-000055;SRC-IQ16-META-0001326801-19-000037,A,https://www.sec.gov/Archives/edgar/data/1326801/000132680119000055/fb-06302019x10q.htm;https://www.sec.gov/Archives/edgar/data/1326801/000132680119000037/fb-03312019x10q.htm,Consolidated statements of cash flows (year-to-date columns),DERIVED_FROM_PRIMARY_SOURCE,six months to 2019-06-30 (7470000000) minus three months to 2019-03-31 (3837000000),Both inputs printed under the same line and definition.,NO,NO,NO,NO,FALSE,FALSE,Series B; inputs: 0001326801-19-000055 (2019-07-25); 0001326801-19-000037 (2019-04-25)
OBS-META-00981,meta,"Facebook, Inc.",FY2019,Q3,2019-07-01,2019-09-30,2019-Q3,2019-10-31,"Purchases of property and equipment, net",derived_quarter_cash_purchases_of_ppe,,USD,USD,3532000000,SRC-IQ16-META-0001326801-19-000069;SRC-IQ16-META-0001326801-19-000055,A,https://www.sec.gov/Archives/edgar/data/1326801/000132680119000069/fb-09302019x10q.htm;https://www.sec.gov/Archives/edgar/data/1326801/000132680119000055/fb-06302019x10q.htm,Consolidated statements of cash flows (year-to-date columns),DERIVED_FROM_PRIMARY_SOURCE,nine months to 2019-09-30 (11002000000) minus six months to 2019-06-30 (7470000000),Both inputs printed under the same line and definition.,NO,NO,NO,NO,FALSE,FALSE,Series B; inputs: 0001326801-19-000069 (2019-10-31); 0001326801-19-000055 (2019-07-25)
OBS-META-00982,meta,"Facebook, Inc.",FY2019,Q4,2019-10-01,2019-12-31,2019-Q4,2020-01-30,"Purchases of property and equipment, net",derived_quarter_cash_purchases_of_ppe,,USD,USD,4100000000,SRC-IQ16-META-0001326801-20-000013;SRC-IQ16-META-0001326801-19-000069,A,https://www.sec.gov/Archives/edgar/data/1326801/000132680120000013/fb-12312019x10k.htm;https://www.sec.gov/Archives/edgar/data/1326801/000132680119000069/fb-09302019x10q.htm,Consolidated statements of cash flows (year-to-date columns),DERIVED_FROM_PRIMARY_SOURCE,fiscal year to 2019-12-31 (15102000000) minus nine months to 2019-09-30 (11002000000),Both inputs printed under the same line and definition.,NO,NO,NO,NO,FALSE,FALSE,Series B; inputs: 0001326801-20-000013 (2020-01-30); 0001326801-19-000069 (2019-10-31)
OBS-META-00983,meta,"Facebook, Inc.",FY2020,Q2,2020-04-01,2020-06-30,2020-Q2,2020-07-31,"Purchases of property and equipment, net",derived_quarter_cash_purchases_of_ppe,,USD,USD,3255000000,SRC-IQ16-META-0001326801-20-000076;SRC-IQ16-META-0001326801-20-000048,A,https://www.sec.gov/Archives/edgar/data/1326801/000132680120000076/fb-06302020x10q.htm;https://www.sec.gov/Archives/edgar/data/1326801/000132680120000048/fb-03312020x10q.htm,Consolidated statements of cash flows (year-to-date columns),DERIVED_FROM_PRIMARY_SOURCE,six months to 2020-06-30 (6813000000) minus three months to 2020-03-31 (3558000000),Both inputs printed under the same line and definition.,NO,NO,NO,NO,FALSE,FALSE,Series B; inputs: 0001326801-20-000076 (2020-07-31); 0001326801-20-000048 (2020-04-30)
OBS-META-00984,meta,"Facebook, Inc.",FY2020,Q3,2020-07-01,2020-09-30,2020-Q3,2020-10-30,"Purchases of property and equipment, net",derived_quarter_cash_purchases_of_ppe,,USD,USD,3689000000,SRC-IQ16-META-0001326801-20-000084;SRC-IQ16-META-0001326801-20-000076,A,https://www.sec.gov/Archives/edgar/data/1326801/000132680120000084/fb-09302020x10q.htm;https://www.sec.gov/Archives/edgar/data/1326801/000132680120000076/fb-06302020x10q.htm,Consolidated statements of cash flows (year-to-date columns),DERIVED_FROM_PRIMARY_SOURCE,nine months to 2020-09-30 (10502000000) minus six months to 2020-06-30 (6813000000),Both inputs printed under the same line and definition.,NO,NO,NO,NO,FALSE,FALSE,Series B; inputs: 0001326801-20-000084 (2020-10-30); 0001326801-20-000076 (2020-07-31)
OBS-META-00985,meta,"Facebook, Inc.",FY2020,Q4,2020-10-01,2020-12-31,2020-Q4,2021-01-28,Purchases of property and equipment,derived_quarter_cash_purchases_of_ppe,,USD,USD,4613000000,SRC-IQ16-META-0001326801-21-000014;SRC-IQ16-META-0001326801-20-000084,A,https://www.sec.gov/Archives/edgar/data/1326801/000132680121000014/fb-20201231.htm;https://www.sec.gov/Archives/edgar/data/1326801/000132680120000084/fb-09302020x10q.htm,Consolidated statements of cash flows (year-to-date columns),DERIVED_FROM_PRIMARY_SOURCE,fiscal year to 2020-12-31 (15115000000) minus nine months to 2020-09-30 (10502000000),Both inputs printed under the same line and definition.,NO,NO,NO,NO,FALSE,FALSE,Series B; inputs: 0001326801-21-000014 (2021-01-28); 0001326801-20-000084 (2020-10-30)
OBS-META-00986,meta,"Facebook, Inc.",FY2021,Q2,2021-04-01,2021-06-30,2021-Q2,2021-07-29,Purchases of property and equipment,derived_quarter_cash_purchases_of_ppe,,USD,USD,4612000000,SRC-IQ16-META-0001326801-21-000049;SRC-IQ16-META-0001326801-21-000033,A,https://www.sec.gov/Archives/edgar/data/1326801/000132680121000049/fb-20210630.htm;https://www.sec.gov/Archives/edgar/data/1326801/000132680121000033/fb-20210331.htm,Consolidated statements of cash flows (year-to-date columns),DERIVED_FROM_PRIMARY_SOURCE,six months to 2021-06-30 (8884000000) minus three months to 2021-03-31 (4272000000),Both inputs printed under the same line and definition.,NO,NO,NO,NO,FALSE,FALSE,Series B; inputs: 0001326801-21-000049 (2021-07-29); 0001326801-21-000033 (2021-04-29)
OBS-META-00987,meta,"Facebook, Inc.",FY2021,Q3,2021-07-01,2021-09-30,2021-Q3,2021-10-26,Purchases of property and equipment,derived_quarter_cash_purchases_of_ppe,,USD,USD,4314000000,SRC-IQ16-META-0001326801-21-000065;SRC-IQ16-META-0001326801-21-000049,A,https://www.sec.gov/Archives/edgar/data/1326801/000132680121000065/fb-20210930.htm;https://www.sec.gov/Archives/edgar/data/1326801/000132680121000049/fb-20210630.htm,Consolidated statements of cash flows (year-to-date columns),DERIVED_FROM_PRIMARY_SOURCE,nine months to 2021-09-30 (13198000000) minus six months to 2021-06-30 (8884000000),Both inputs printed under the same line and definition.,NO,NO,NO,NO,FALSE,FALSE,Series B; inputs: 0001326801-21-000065 (2021-10-26); 0001326801-21-000049 (2021-07-29)
OBS-META-00988,meta,"Meta Platforms, Inc.",FY2021,Q4,2021-10-01,2021-12-31,2021-Q4,2022-02-03,Purchases of property and equipment,derived_quarter_cash_purchases_of_ppe,,USD,USD,5369000000,SRC-IQ16-META-0001326801-22-000018;SRC-IQ16-META-0001326801-21-000065,A,https://www.sec.gov/Archives/edgar/data/1326801/000132680122000018/fb-20211231.htm;https://www.sec.gov/Archives/edgar/data/1326801/000132680121000065/fb-20210930.htm,Consolidated statements of cash flows (year-to-date columns),DERIVED_FROM_PRIMARY_SOURCE,fiscal year to 2021-12-31 (18567000000) minus nine months to 2021-09-30 (13198000000),Both inputs printed under the same line and definition.,NO,NO,NO,NO,FALSE,FALSE,Series B; inputs: 0001326801-22-000018 (2022-02-03); 0001326801-21-000065 (2021-10-26)
OBS-META-00989,meta,"Meta Platforms, Inc.",FY2022,Q2,2022-04-01,2022-06-30,2022-Q2,2022-07-28,Purchases of property and equipment,derived_quarter_cash_purchases_of_ppe,,USD,USD,7572000000,SRC-IQ16-META-0001326801-22-000082;SRC-IQ16-META-0001326801-22-000057,A,https://www.sec.gov/Archives/edgar/data/1326801/000132680122000082/meta-20220630.htm;https://www.sec.gov/Archives/edgar/data/1326801/000132680122000057/meta-20220331.htm,Consolidated statements of cash flows (year-to-date columns),DERIVED_FROM_PRIMARY_SOURCE,six months to 2022-06-30 (13013000000) minus three months to 2022-03-31 (5441000000),Both inputs printed under the same line and definition.,NO,NO,NO,NO,FALSE,FALSE,Series B; inputs: 0001326801-22-000082 (2022-07-28); 0001326801-22-000057 (2022-04-28)
OBS-META-00990,meta,"Meta Platforms, Inc.",FY2022,Q3,2022-07-01,2022-09-30,2022-Q3,2022-10-27,Purchases of property and equipment,derived_quarter_cash_purchases_of_ppe,,USD,USD,9375000000,SRC-IQ16-META-0001326801-22-000108;SRC-IQ16-META-0001326801-22-000082,A,https://www.sec.gov/Archives/edgar/data/1326801/000132680122000108/meta-20220930.htm;https://www.sec.gov/Archives/edgar/data/1326801/000132680122000082/meta-20220630.htm,Consolidated statements of cash flows (year-to-date columns),DERIVED_FROM_PRIMARY_SOURCE,nine months to 2022-09-30 (22388000000) minus six months to 2022-06-30 (13013000000),Both inputs printed under the same line and definition.,NO,NO,NO,NO,FALSE,FALSE,Series B; inputs: 0001326801-22-000108 (2022-10-27); 0001326801-22-000082 (2022-07-28)
OBS-META-00991,meta,"Meta Platforms, Inc.",FY2022,Q4,2022-10-01,2022-12-31,2022-Q4,2023-02-02,Purchases of property and equipment,derived_quarter_cash_purchases_of_ppe,,USD,USD,9043000000,SRC-IQ16-META-0001326801-23-000013;SRC-IQ16-META-0001326801-22-000108,A,https://www.sec.gov/Archives/edgar/data/1326801/000132680123000013/meta-20221231.htm;https://www.sec.gov/Archives/edgar/data/1326801/000132680122000108/meta-20220930.htm,Consolidated statements of cash flows (year-to-date columns),DERIVED_FROM_PRIMARY_SOURCE,fiscal year to 2022-12-31 (31431000000) minus nine months to 2022-09-30 (22388000000),Both inputs printed under the same line and definition.,NO,NO,NO,NO,FALSE,FALSE,Series B; inputs: 0001326801-23-000013 (2023-02-02); 0001326801-22-000108 (2022-10-27)
OBS-META-00992,meta,"Meta Platforms, Inc.",FY2023,Q2,2023-04-01,2023-06-30,2023-Q2,2023-07-27,Purchases of property and equipment,derived_quarter_cash_purchases_of_ppe,,USD,USD,6216000000,SRC-IQ16-META-0001326801-23-000093;SRC-IQ16-META-0001326801-23-000067,A,https://www.sec.gov/Archives/edgar/data/1326801/000132680123000093/meta-20230630.htm;https://www.sec.gov/Archives/edgar/data/1326801/000132680123000067/meta-20230331.htm,Consolidated statements of cash flows (year-to-date columns),DERIVED_FROM_PRIMARY_SOURCE,six months to 2023-06-30 (13058000000) minus three months to 2023-03-31 (6842000000),Both inputs printed under the same line and definition.,NO,NO,NO,NO,FALSE,FALSE,Series B; inputs: 0001326801-23-000093 (2023-07-27); 0001326801-23-000067 (2023-04-27)
OBS-META-00993,meta,"Meta Platforms, Inc.",FY2023,Q3,2023-07-01,2023-09-30,2023-Q3,2023-10-26,Purchases of property and equipment,derived_quarter_cash_purchases_of_ppe,,USD,USD,6543000000,SRC-IQ16-META-0001326801-23-000103;SRC-IQ16-META-0001326801-23-000093,A,https://www.sec.gov/Archives/edgar/data/1326801/000132680123000103/meta-20230930.htm;https://www.sec.gov/Archives/edgar/data/1326801/000132680123000093/meta-20230630.htm,Consolidated statements of cash flows (year-to-date columns),DERIVED_FROM_PRIMARY_SOURCE,nine months to 2023-09-30 (19601000000) minus six months to 2023-06-30 (13058000000),Both inputs printed under the same line and definition.,NO,NO,NO,NO,FALSE,FALSE,Series B; inputs: 0001326801-23-000103 (2023-10-26); 0001326801-23-000093 (2023-07-27)
OBS-META-00994,meta,"Meta Platforms, Inc.",FY2023,Q4,2023-10-01,2023-12-31,2023-Q4,2024-02-02,Purchases of property and equipment,derived_quarter_cash_purchases_of_ppe,,USD,USD,7665000000,SRC-IQ16-META-0001326801-24-000012;SRC-IQ16-META-0001326801-23-000103,A,https://www.sec.gov/Archives/edgar/data/1326801/000132680124000012/meta-20231231.htm;https://www.sec.gov/Archives/edgar/data/1326801/000132680123000103/meta-20230930.htm,Consolidated statements of cash flows (year-to-date columns),DERIVED_FROM_PRIMARY_SOURCE,fiscal year to 2023-12-31 (27266000000) minus nine months to 2023-09-30 (19601000000),Both inputs printed under the same line and definition.,NO,NO,NO,NO,FALSE,FALSE,Series B; inputs: 0001326801-24-000012 (2024-02-02); 0001326801-23-000103 (2023-10-26)
OBS-META-00995,meta,"Meta Platforms, Inc.",FY2024,Q2,2024-04-01,2024-06-30,2024-Q2,2024-08-01,"Purchases of property and equipment, net",derived_quarter_cash_purchases_of_ppe,,USD,USD,8173000000,SRC-IQ16-META-0001326801-24-000069;SRC-IQ16-META-0001326801-24-000049,A,https://www.sec.gov/Archives/edgar/data/1326801/000132680124000069/meta-20240630.htm;https://www.sec.gov/Archives/edgar/data/1326801/000132680124000049/meta-20240331.htm,Consolidated statements of cash flows (year-to-date columns),DERIVED_FROM_PRIMARY_SOURCE,six months to 2024-06-30 (14573000000) minus three months to 2024-03-31 (6400000000),Both inputs printed under the same line and definition.,NO,NO,NO,NO,FALSE,FALSE,Series B; inputs: 0001326801-24-000069 (2024-08-01); 0001326801-24-000049 (2024-04-25)
OBS-META-00996,meta,"Meta Platforms, Inc.",FY2024,Q3,2024-07-01,2024-09-30,2024-Q3,2024-10-31,"Purchases of property and equipment, net",derived_quarter_cash_purchases_of_ppe,,USD,USD,8258000000,SRC-IQ16-META-0001326801-24-000081;SRC-IQ16-META-0001326801-24-000069,A,https://www.sec.gov/Archives/edgar/data/1326801/000132680124000081/meta-20240930.htm;https://www.sec.gov/Archives/edgar/data/1326801/000132680124000069/meta-20240630.htm,Consolidated statements of cash flows (year-to-date columns),DERIVED_FROM_PRIMARY_SOURCE,nine months to 2024-09-30 (22831000000) minus six months to 2024-06-30 (14573000000),Both inputs printed under the same line and definition.,NO,NO,NO,NO,FALSE,FALSE,Series B; inputs: 0001326801-24-000081 (2024-10-31); 0001326801-24-000069 (2024-08-01)
OBS-META-00997,meta,"Meta Platforms, Inc.",FY2024,Q4,2024-10-01,2024-12-31,2024-Q4,2025-01-30,Purchases of property and equipment,derived_quarter_cash_purchases_of_ppe,,USD,USD,14425000000,SRC-IQ16-META-0001326801-25-000017;SRC-IQ16-META-0001326801-24-000081,A,https://www.sec.gov/Archives/edgar/data/1326801/000132680125000017/meta-20241231.htm;https://www.sec.gov/Archives/edgar/data/1326801/000132680124000081/meta-20240930.htm,Consolidated statements of cash flows (year-to-date columns),DERIVED_FROM_PRIMARY_SOURCE,fiscal year to 2024-12-31 (37256000000) minus nine months to 2024-09-30 (22831000000),Both inputs printed under the same line and definition.,NO,NO,NO,NO,FALSE,FALSE,Series B; inputs: 0001326801-25-000017 (2025-01-30); 0001326801-24-000081 (2024-10-31)
OBS-META-00998,meta,"Meta Platforms, Inc.",FY2025,Q2,2025-04-01,2025-06-30,2025-Q2,2025-07-31,Purchases of property and equipment,derived_quarter_cash_purchases_of_ppe,,USD,USD,16538000000,SRC-IQ16-META-0001628280-25-036791;SRC-IQ16-META-0001326801-25-000054,A,https://www.sec.gov/Archives/edgar/data/1326801/000162828025036791/meta-20250630.htm;https://www.sec.gov/Archives/edgar/data/1326801/000132680125000054/meta-20250331.htm,Consolidated statements of cash flows (year-to-date columns),DERIVED_FROM_PRIMARY_SOURCE,six months to 2025-06-30 (29479000000) minus three months to 2025-03-31 (12941000000),Both inputs printed under the same line and definition.,NO,NO,NO,NO,FALSE,FALSE,Series B; inputs: 0001628280-25-036791 (2025-07-31); 0001326801-25-000054 (2025-05-01)
OBS-META-00999,meta,"Meta Platforms, Inc.",FY2025,Q3,2025-07-01,2025-09-30,2025-Q3,2025-10-30,Purchases of property and equipment,derived_quarter_cash_purchases_of_ppe,,USD,USD,18829000000,SRC-IQ16-META-0001628280-25-047240;SRC-IQ16-META-0001628280-25-036791,A,https://www.sec.gov/Archives/edgar/data/1326801/000162828025047240/meta-20250930.htm;https://www.sec.gov/Archives/edgar/data/1326801/000162828025036791/meta-20250630.htm,Consolidated statements of cash flows (year-to-date columns),DERIVED_FROM_PRIMARY_SOURCE,nine months to 2025-09-30 (48308000000) minus six months to 2025-06-30 (29479000000),Both inputs printed under the same line and definition.,NO,NO,NO,NO,FALSE,FALSE,Series B; inputs: 0001628280-25-047240 (2025-10-30); 0001628280-25-036791 (2025-07-31)
OBS-META-01000,meta,"Meta Platforms, Inc.",FY2025,Q4,2025-10-01,2025-12-31,2025-Q4,2026-01-29,Purchases of property and equipment,derived_quarter_cash_purchases_of_ppe,,USD,USD,21383000000,SRC-IQ16-META-0001628280-26-003942;SRC-IQ16-META-0001628280-25-047240,A,https://www.sec.gov/Archives/edgar/data/1326801/000162828026003942/meta-20251231.htm;https://www.sec.gov/Archives/edgar/data/1326801/000162828025047240/meta-20250930.htm,Consolidated statements of cash flows (year-to-date columns),DERIVED_FROM_PRIMARY_SOURCE,fiscal year to 2025-12-31 (69691000000) minus nine months to 2025-09-30 (48308000000),Both inputs printed under the same line and definition.,NO,NO,NO,NO,FALSE,FALSE,Series B; inputs: 0001628280-26-003942 (2026-01-29); 0001628280-25-047240 (2025-10-30)
OBS-META-01001,meta,"Meta Platforms, Inc.",FY2026,Q2,2026-04-01,2026-06-30,2026-Q2,2026-07-30,Purchases of property and equipment,derived_quarter_cash_purchases_of_ppe,,USD,USD,30116000000,SRC-META-006;SRC-IQ16-META-0001628280-26-028526,A,https://www.sec.gov/Archives/edgar/data/1326801/000162828026050705/meta-20260630.htm;https://www.sec.gov/Archives/edgar/data/1326801/000162828026028526/meta-20260331.htm,Consolidated statements of cash flows (year-to-date columns),DERIVED_FROM_PRIMARY_SOURCE,six months to 2026-06-30 (49113000000) minus three months to 2026-03-31 (18997000000),Both inputs printed under the same line and definition.,NO,NO,NO,NO,FALSE,FALSE,Series B; inputs: 0001628280-26-050705 (2026-07-30); 0001628280-26-028526 (2026-04-30)
OBS-MICROSOFT-01002,microsoft,Microsoft Corporation,FY2009,Q4,2009-04-01,2009-06-30,2009-Q2,2010-07-30,Additions to property and equipment,derived_quarter_cash_purchases_of_ppe,,USD,USD,867000000,SRC-IQ16-MICROSOFT-0001193125-10-171791;SRC-IQ16-MICROSOFT-0001193125-10-090116,A,https://www.sec.gov/Archives/edgar/data/789019/000119312510171791/d10k.htm;https://www.sec.gov/Archives/edgar/data/789019/000119312510090116/d10q.htm,Consolidated statements of cash flows (year-to-date columns),DERIVED_FROM_PRIMARY_SOURCE,fiscal year to 2009-06-30 (3119000000) minus nine months to 2009-03-31 (2252000000),Both inputs printed under the same line and definition.,NO,NO,NO,NO,FALSE,FALSE,Series B; inputs: 0001193125-10-171791 (2010-07-30); 0001193125-10-090116 (2010-04-22)
OBS-MICROSOFT-01003,microsoft,Microsoft Corporation,FY2010,Q4,2010-04-01,2010-06-30,2010-Q2,2010-07-30,Additions to property and equipment,derived_quarter_cash_purchases_of_ppe,,USD,USD,758000000,SRC-IQ16-MICROSOFT-0001193125-10-171791;SRC-IQ16-MICROSOFT-0001193125-10-090116,A,https://www.sec.gov/Archives/edgar/data/789019/000119312510171791/d10k.htm;https://www.sec.gov/Archives/edgar/data/789019/000119312510090116/d10q.htm,Consolidated statements of cash flows (year-to-date columns),DERIVED_FROM_PRIMARY_SOURCE,fiscal year to 2010-06-30 (1977000000) minus nine months to 2010-03-31 (1219000000),Both inputs printed under the same line and definition.,NO,NO,NO,NO,FALSE,FALSE,Series B; inputs: 0001193125-10-171791 (2010-07-30); 0001193125-10-090116 (2010-04-22)
OBS-MICROSOFT-01004,microsoft,Microsoft Corporation,FY2011,Q4,2011-04-01,2011-06-30,2011-Q2,2011-07-28,Additions to property and equipment,derived_quarter_cash_purchases_of_ppe,,USD,USD,642000000,SRC-IQ16-MICROSOFT-0001193125-11-200680;SRC-IQ16-MICROSOFT-0001193125-11-115186,A,https://www.sec.gov/Archives/edgar/data/789019/000119312511200680/d10k.htm;https://www.sec.gov/Archives/edgar/data/789019/000119312511115186/d10q.htm,Consolidated statements of cash flows (year-to-date columns),DERIVED_FROM_PRIMARY_SOURCE,fiscal year to 2011-06-30 (2355000000) minus nine months to 2011-03-31 (1713000000),Both inputs printed under the same line and definition.,NO,NO,NO,NO,FALSE,FALSE,Series B; inputs: 0001193125-11-200680 (2011-07-28); 0001193125-11-115186 (2011-04-28)
OBS-MICROSOFT-01005,microsoft,Microsoft Corporation,FY2012,Q4,2012-04-01,2012-06-30,2012-Q2,2012-07-26,Additions to property and equipment,derived_quarter_cash_purchases_of_ppe,,USD,USD,622000000,SRC-IQ16-MICROSOFT-0001193125-12-316848;SRC-IQ16-MICROSOFT-0001193125-12-170665,A,https://www.sec.gov/Archives/edgar/data/789019/000119312512316848/d347676d10k.htm;https://www.sec.gov/Archives/edgar/data/789019/000119312512170665/d313493d10q.htm,Consolidated statements of cash flows (year-to-date columns),DERIVED_FROM_PRIMARY_SOURCE,fiscal year to 2012-06-30 (2305000000) minus nine months to 2012-03-31 (1683000000),Both inputs printed under the same line and definition.,NO,NO,NO,NO,FALSE,FALSE,Series B; inputs: 0001193125-12-316848 (2012-07-26); 0001193125-12-170665 (2012-04-19)
OBS-MICROSOFT-01006,microsoft,Microsoft Corporation,FY2013,Q4,2013-04-01,2013-06-30,2013-Q2,2013-07-30,Additions to property and equipment,derived_quarter_cash_purchases_of_ppe,,USD,USD,1794000000,SRC-IQ16-MICROSOFT-0001193125-13-310206;SRC-IQ16-MICROSOFT-0001193125-13-160748,A,https://www.sec.gov/Archives/edgar/data/789019/000119312513310206/d527745d10k.htm;https://www.sec.gov/Archives/edgar/data/789019/000119312513160748/d497226d10q.htm,Consolidated statements of cash flows (year-to-date columns),DERIVED_FROM_PRIMARY_SOURCE,fiscal year to 2013-06-30 (4257000000) minus nine months to 2013-03-31 (2463000000),Both inputs printed under the same line and definition.,NO,NO,NO,NO,FALSE,FALSE,Series B; inputs: 0001193125-13-310206 (2013-07-30); 0001193125-13-160748 (2013-04-18)
OBS-MICROSOFT-01007,microsoft,Microsoft Corporation,FY2014,Q4,2014-04-01,2014-06-30,2014-Q2,2014-07-31,Additions to property and equipment,derived_quarter_cash_purchases_of_ppe,,USD,USD,1330000000,SRC-IQ16-MICROSOFT-0001193125-14-289961;SRC-IQ16-MICROSOFT-0001193125-14-157088,A,https://www.sec.gov/Archives/edgar/data/789019/000119312514289961/d722626d10k.htm;https://www.sec.gov/Archives/edgar/data/789019/000119312514157088/d695543d10q.htm,Consolidated statements of cash flows (year-to-date columns),DERIVED_FROM_PRIMARY_SOURCE,fiscal year to 2014-06-30 (5485000000) minus nine months to 2014-03-31 (4155000000),Both inputs printed under the same line and definition.,NO,NO,NO,NO,FALSE,FALSE,Series B; inputs: 0001193125-14-289961 (2014-07-31); 0001193125-14-157088 (2014-04-24)
OBS-MICROSOFT-01008,microsoft,Microsoft Corporation,FY2015,Q4,2015-04-01,2015-06-30,2015-Q2,2015-07-31,Additions to property and equipment,derived_quarter_cash_purchases_of_ppe,,USD,USD,1781000000,SRC-IQ16-MICROSOFT-0001193125-15-272806;SRC-IQ16-MICROSOFT-0001193125-15-144151,A,https://www.sec.gov/Archives/edgar/data/789019/000119312515272806/d918813d10k.htm;https://www.sec.gov/Archives/edgar/data/789019/000119312515144151/d860721d10q.htm,Consolidated statements of cash flows (year-to-date columns),DERIVED_FROM_PRIMARY_SOURCE,fiscal year to 2015-06-30 (5944000000) minus nine months to 2015-03-31 (4163000000),Both inputs printed under the same line and definition.,NO,NO,NO,NO,FALSE,FALSE,Series B; inputs: 0001193125-15-272806 (2015-07-31); 0001193125-15-144151 (2015-04-23)
OBS-MICROSOFT-01009,microsoft,Microsoft Corporation,FY2016,Q4,2016-04-01,2016-06-30,2016-Q2,2016-07-28,Additions to property and equipment,derived_quarter_cash_purchases_of_ppe,,USD,USD,2655000000,SRC-IQ16-MICROSOFT-0001193125-16-662209;SRC-IQ16-MICROSOFT-0001193125-16-550254,A,https://www.sec.gov/Archives/edgar/data/789019/000119312516662209/d187868d10k.htm;https://www.sec.gov/Archives/edgar/data/789019/000119312516550254/d256147d10q.htm,Consolidated statements of cash flows (year-to-date columns),DERIVED_FROM_PRIMARY_SOURCE,fiscal year to 2016-06-30 (8343000000) minus nine months to 2016-03-31 (5688000000),Both inputs printed under the same line and definition.,NO,NO,NO,NO,FALSE,FALSE,Series B; inputs: 0001193125-16-662209 (2016-07-28); 0001193125-16-550254 (2016-04-21)
OBS-MICROSOFT-01010,microsoft,Microsoft Corporation,FY2017,Q4,2017-04-01,2017-06-30,2017-Q2,2017-08-02,Additions to property and equipment,derived_quarter_cash_purchases_of_ppe,,USD,USD,2283000000,SRC-IQ16-MICROSOFT-0001564590-17-014900;SRC-IQ16-MICROSOFT-0001564590-17-007547,A,https://www.sec.gov/Archives/edgar/data/789019/000156459017014900/msft-10k_20170630.htm;https://www.sec.gov/Archives/edgar/data/789019/000156459017007547/msft-10q_20170331.htm,Consolidated statements of cash flows (year-to-date columns),DERIVED_FROM_PRIMARY_SOURCE,fiscal year to 2017-06-30 (8129000000) minus nine months to 2017-03-31 (5846000000),Both inputs printed under the same line and definition.,NO,NO,NO,NO,FALSE,FALSE,Series B; inputs: 0001564590-17-014900 (2017-08-02); 0001564590-17-007547 (2017-04-27)
OBS-MICROSOFT-01011,microsoft,Microsoft Corporation,FY2018,Q4,2018-04-01,2018-06-30,2018-Q2,2018-08-03,Additions to property and equipment,derived_quarter_cash_purchases_of_ppe,,USD,USD,3980000000,SRC-IQ16-MICROSOFT-0001564590-18-019062;SRC-IQ16-MICROSOFT-0001564590-18-009307,A,https://www.sec.gov/Archives/edgar/data/789019/000156459018019062/msft-10k_20180630.htm;https://www.sec.gov/Archives/edgar/data/789019/000156459018009307/msft-10q_20180331.htm,Consolidated statements of cash flows (year-to-date columns),DERIVED_FROM_PRIMARY_SOURCE,fiscal year to 2018-06-30 (11632000000) minus nine months to 2018-03-31 (7652000000),Both inputs printed under the same line and definition.,NO,NO,NO,NO,FALSE,FALSE,Series B; inputs: 0001564590-18-019062 (2018-08-03); 0001564590-18-009307 (2018-04-26)
OBS-MICROSOFT-01012,microsoft,Microsoft Corporation,FY2019,Q4,2019-04-01,2019-06-30,2019-Q2,2019-08-01,Additions to property and equipment,derived_quarter_cash_purchases_of_ppe,,USD,USD,4051000000,SRC-IQ16-MICROSOFT-0001564590-19-027952;SRC-IQ16-MICROSOFT-0001564590-19-012709,A,https://www.sec.gov/Archives/edgar/data/789019/000156459019027952/msft-10k_20190630.htm;https://www.sec.gov/Archives/edgar/data/789019/000156459019012709/msft-10q_20190331.htm,Consolidated statements of cash flows (year-to-date columns),DERIVED_FROM_PRIMARY_SOURCE,fiscal year to 2019-06-30 (13925000000) minus nine months to 2019-03-31 (9874000000),Both inputs printed under the same line and definition.,NO,NO,NO,NO,FALSE,FALSE,Series B; inputs: 0001564590-19-027952 (2019-08-01); 0001564590-19-012709 (2019-04-24)
OBS-MICROSOFT-01013,microsoft,Microsoft Corporation,FY2020,Q4,2020-04-01,2020-06-30,2020-Q2,2020-07-30,Additions to property and equipment,derived_quarter_cash_purchases_of_ppe,,USD,USD,4744000000,SRC-IQ16-MICROSOFT-0001564590-20-034944;SRC-IQ16-MICROSOFT-0001564590-20-019706,A,https://www.sec.gov/Archives/edgar/data/789019/000156459020034944/msft-10k_20200630.htm;https://www.sec.gov/Archives/edgar/data/789019/000156459020019706/msft-10q_20200331.htm,Consolidated statements of cash flows (year-to-date columns),DERIVED_FROM_PRIMARY_SOURCE,fiscal year to 2020-06-30 (15441000000) minus nine months to 2020-03-31 (10697000000),Both inputs printed under the same line and definition.,NO,NO,NO,NO,FALSE,FALSE,Series B; inputs: 0001564590-20-034944 (2020-07-30); 0001564590-20-019706 (2020-04-29)
OBS-MICROSOFT-01014,microsoft,Microsoft Corporation,FY2021,Q4,2021-04-01,2021-06-30,2021-Q2,2021-07-29,Additions to property and equipment,derived_quarter_cash_purchases_of_ppe,,USD,USD,6452000000,SRC-IQ16-MICROSOFT-0001564590-21-039151;SRC-IQ16-MICROSOFT-0001564590-21-020891,A,https://www.sec.gov/Archives/edgar/data/789019/000156459021039151/msft-10k_20210630.htm;https://www.sec.gov/Archives/edgar/data/789019/000156459021020891/msft-10q_20210331.htm,Consolidated statements of cash flows (year-to-date columns),DERIVED_FROM_PRIMARY_SOURCE,fiscal year to 2021-06-30 (20622000000) minus nine months to 2021-03-31 (14170000000),Both inputs printed under the same line and definition.,NO,NO,NO,NO,FALSE,FALSE,Series B; inputs: 0001564590-21-039151 (2021-07-29); 0001564590-21-020891 (2021-04-27)
OBS-MICROSOFT-01015,microsoft,Microsoft Corporation,FY2022,Q4,2022-04-01,2022-06-30,2022-Q2,2022-07-28,Additions to property and equipment,derived_quarter_cash_purchases_of_ppe,,USD,USD,6871000000,SRC-IQ16-MICROSOFT-0001564590-22-026876;SRC-IQ16-MICROSOFT-0001564590-22-015675,A,https://www.sec.gov/Archives/edgar/data/789019/000156459022026876/msft-10k_20220630.htm;https://www.sec.gov/Archives/edgar/data/789019/000156459022015675/msft-10q_20220331.htm,Consolidated statements of cash flows (year-to-date columns),DERIVED_FROM_PRIMARY_SOURCE,fiscal year to 2022-06-30 (23886000000) minus nine months to 2022-03-31 (17015000000),Both inputs printed under the same line and definition.,NO,NO,NO,NO,FALSE,FALSE,Series B; inputs: 0001564590-22-026876 (2022-07-28); 0001564590-22-015675 (2022-04-26)
OBS-MICROSOFT-01016,microsoft,Microsoft Corporation,FY2023,Q4,2023-04-01,2023-06-30,2023-Q2,2023-07-27,Additions to property and equipment,derived_quarter_cash_purchases_of_ppe,,USD,USD,8943000000,SRC-IQ16-MICROSOFT-0000950170-23-035122;SRC-IQ16-MICROSOFT-0000950170-23-014423,A,https://www.sec.gov/Archives/edgar/data/789019/000095017023035122/msft-20230630.htm;https://www.sec.gov/Archives/edgar/data/789019/000095017023014423/msft-20230331.htm,Consolidated statements of cash flows (year-to-date columns),DERIVED_FROM_PRIMARY_SOURCE,fiscal year to 2023-06-30 (28107000000) minus nine months to 2023-03-31 (19164000000),Both inputs printed under the same line and definition.,NO,NO,NO,NO,FALSE,FALSE,Series B; inputs: 0000950170-23-035122 (2023-07-27); 0000950170-23-014423 (2023-04-25)
OBS-MICROSOFT-01017,microsoft,Microsoft Corporation,FY2024,Q4,2024-04-01,2024-06-30,2024-Q2,2024-07-30,Additions to property and equipment,derived_quarter_cash_purchases_of_ppe,,USD,USD,13873000000,SRC-IQ16-MICROSOFT-0000950170-24-087843;SRC-IQ16-MICROSOFT-0000950170-24-048288,A,https://www.sec.gov/Archives/edgar/data/789019/000095017024087843/msft-20240630.htm;https://www.sec.gov/Archives/edgar/data/789019/000095017024048288/msft-20240331.htm,Consolidated statements of cash flows (year-to-date columns),DERIVED_FROM_PRIMARY_SOURCE,fiscal year to 2024-06-30 (44477000000) minus nine months to 2024-03-31 (30604000000),Both inputs printed under the same line and definition.,NO,NO,NO,NO,FALSE,FALSE,Series B; inputs: 0000950170-24-087843 (2024-07-30); 0000950170-24-048288 (2024-04-25)
OBS-MICROSOFT-01018,microsoft,Microsoft Corporation,FY2025,Q4,2025-04-01,2025-06-30,2025-Q2,2025-07-30,Additions to property and equipment,derived_quarter_cash_purchases_of_ppe,,USD,USD,17079000000,SRC-IQ16-MICROSOFT-0000950170-25-100235;SRC-IQ16-MICROSOFT-0000950170-25-061046,A,https://www.sec.gov/Archives/edgar/data/789019/000095017025100235/msft-20250630.htm;https://www.sec.gov/Archives/edgar/data/789019/000095017025061046/msft-20250331.htm,Consolidated statements of cash flows (year-to-date columns),DERIVED_FROM_PRIMARY_SOURCE,fiscal year to 2025-06-30 (64551000000) minus nine months to 2025-03-31 (47472000000),Both inputs printed under the same line and definition.,NO,NO,NO,NO,FALSE,FALSE,Series B; inputs: 0000950170-25-100235 (2025-07-30); 0000950170-25-061046 (2025-04-30)
OBS-MICROSOFT-01019,microsoft,Microsoft Corporation,FY2026,Q4,2026-04-01,2026-06-30,2026-Q2,2026-07-29,Additions to property and equipment,derived_quarter_cash_purchases_of_ppe,,USD,USD,35802000000,SRC-MSFT-008;SRC-IQ16-MICROSOFT-0001193125-26-191507,A,https://www.sec.gov/Archives/edgar/data/789019/000119312526323660/msft-20260630.htm;https://www.sec.gov/Archives/edgar/data/789019/000119312526191507/msft-20260331.htm,Consolidated statements of cash flows (year-to-date columns),DERIVED_FROM_PRIMARY_SOURCE,fiscal year to 2026-06-30 (115948000000) minus nine months to 2026-03-31 (80146000000),Both inputs printed under the same line and definition.,NO,NO,NO,NO,FALSE,FALSE,Series B; inputs: 0001193125-26-323660 (2026-07-29); 0001193125-26-191507 (2026-04-29)
OBS-ORACLE-01020,oracle,Oracle Corporation,FY2009,Q4,2009-03-01,2009-05-31,2009-Q2,2010-07-01,Capital expenditures,derived_quarter_cash_purchases_of_ppe,,USD,USD,38000000,SRC-ORCL-001;SRC-IQ16-ORACLE-0001193125-10-070192,A,https://www.sec.gov/Archives/edgar/data/1341439/000119312510151896/d10k.htm;https://www.sec.gov/Archives/edgar/data/1341439/000119312510070192/d10q.htm,Consolidated statements of cash flows (year-to-date columns),DERIVED_FROM_PRIMARY_SOURCE,fiscal year to 2009-05-31 (529000000) minus nine months to 2009-02-28 (491000000),Both inputs printed under the same line and definition.,NO,NO,NO,NO,FALSE,FALSE,Series A; inputs: 0001193125-10-151896 (2010-07-01); 0001193125-10-070192 (2010-03-29)
OBS-ORACLE-01021,oracle,Oracle Corporation,FY2010,Q2,2009-09-01,2009-11-30,2009-Q4,2009-12-22,Capital expenditures,derived_quarter_cash_purchases_of_ppe,,USD,USD,45000000,SRC-IQ16-ORACLE-0001193125-09-257212;SRC-IQ16-ORACLE-0001193125-09-195193,A,https://www.sec.gov/Archives/edgar/data/1341439/000119312509257212/d10q.htm;https://www.sec.gov/Archives/edgar/data/1341439/000119312509195193/d10q.htm,Consolidated statements of cash flows (year-to-date columns),DERIVED_FROM_PRIMARY_SOURCE,six months to 2009-11-30 (100000000) minus three months to 2009-08-31 (55000000),Both inputs printed under the same line and definition.,NO,NO,NO,NO,FALSE,FALSE,Series A; inputs: 0001193125-09-257212 (2009-12-22); 0001193125-09-195193 (2009-09-21)
OBS-ORACLE-01022,oracle,Oracle Corporation,FY2010,Q3,2009-12-01,2010-02-28,2010-Q1,2010-03-29,Capital expenditures,derived_quarter_cash_purchases_of_ppe,,USD,USD,61000000,SRC-IQ16-ORACLE-0001193125-10-070192;SRC-IQ16-ORACLE-0001193125-09-257212,A,https://www.sec.gov/Archives/edgar/data/1341439/000119312510070192/d10q.htm;https://www.sec.gov/Archives/edgar/data/1341439/000119312509257212/d10q.htm,Consolidated statements of cash flows (year-to-date columns),DERIVED_FROM_PRIMARY_SOURCE,nine months to 2010-02-28 (161000000) minus six months to 2009-11-30 (100000000),Both inputs printed under the same line and definition.,NO,NO,NO,NO,FALSE,FALSE,Series A; inputs: 0001193125-10-070192 (2010-03-29); 0001193125-09-257212 (2009-12-22)
OBS-ORACLE-01023,oracle,Oracle Corporation,FY2010,Q4,2010-03-01,2010-05-31,2010-Q2,2010-07-01,Capital expenditures,derived_quarter_cash_purchases_of_ppe,,USD,USD,69000000,SRC-ORCL-001;SRC-IQ16-ORACLE-0001193125-10-070192,A,https://www.sec.gov/Archives/edgar/data/1341439/000119312510151896/d10k.htm;https://www.sec.gov/Archives/edgar/data/1341439/000119312510070192/d10q.htm,Consolidated statements of cash flows (year-to-date columns),DERIVED_FROM_PRIMARY_SOURCE,fiscal year to 2010-05-31 (230000000) minus nine months to 2010-02-28 (161000000),Both inputs printed under the same line and definition.,NO,NO,NO,NO,FALSE,FALSE,Series A; inputs: 0001193125-10-151896 (2010-07-01); 0001193125-10-070192 (2010-03-29)
OBS-ORACLE-01024,oracle,Oracle Corporation,FY2011,Q2,2010-09-01,2010-11-30,2010-Q4,2011-09-23,Capital expenditures,derived_quarter_cash_purchases_of_ppe,,USD,USD,121000000,SRC-IQ16-ORACLE-0001193125-10-285703;SRC-IQ16-ORACLE-0001193125-11-255436,A,https://www.sec.gov/Archives/edgar/data/1341439/000119312510285703/d10q.htm;https://www.sec.gov/Archives/edgar/data/1341439/000119312511255436/d234670d10q.htm,Consolidated statements of cash flows (year-to-date columns),DERIVED_FROM_PRIMARY_SOURCE,six months to 2010-11-30 (239000000) minus three months to 2010-08-31 (118000000),Both inputs printed under the same line and definition.,NO,NO,NO,NO,FALSE,FALSE,Series A; inputs: 0001193125-10-285703 (2010-12-21); 0001193125-11-255436 (2011-09-23)
OBS-ORACLE-01025,oracle,Oracle Corporation,FY2011,Q3,2010-12-01,2011-02-28,2011-Q1,2011-03-29,Capital expenditures,derived_quarter_cash_purchases_of_ppe,,USD,USD,133000000,SRC-IQ16-ORACLE-0001193125-11-081178;SRC-IQ16-ORACLE-0001193125-10-285703,A,https://www.sec.gov/Archives/edgar/data/1341439/000119312511081178/d10q.htm;https://www.sec.gov/Archives/edgar/data/1341439/000119312510285703/d10q.htm,Consolidated statements of cash flows (year-to-date columns),DERIVED_FROM_PRIMARY_SOURCE,nine months to 2011-02-28 (372000000) minus six months to 2010-11-30 (239000000),Both inputs printed under the same line and definition.,NO,NO,NO,NO,FALSE,FALSE,Series A; inputs: 0001193125-11-081178 (2011-03-29); 0001193125-10-285703 (2010-12-21)
OBS-ORACLE-01026,oracle,Oracle Corporation,FY2011,Q4,2011-03-01,2011-05-31,2011-Q2,2011-06-28,Capital expenditures,derived_quarter_cash_purchases_of_ppe,,USD,USD,78000000,SRC-IQ16-ORACLE-0001193125-11-174819;SRC-IQ16-ORACLE-0001193125-11-081178,A,https://www.sec.gov/Archives/edgar/data/1341439/000119312511174819/d10k.htm;https://www.sec.gov/Archives/edgar/data/1341439/000119312511081178/d10q.htm,Consolidated statements of cash flows (year-to-date columns),DERIVED_FROM_PRIMARY_SOURCE,fiscal year to 2011-05-31 (450000000) minus nine months to 2011-02-28 (372000000),Both inputs printed under the same line and definition.,NO,NO,NO,NO,FALSE,FALSE,Series A; inputs: 0001193125-11-174819 (2011-06-28); 0001193125-11-081178 (2011-03-29)
OBS-ORACLE-01027,oracle,Oracle Corporation,FY2012,Q2,2011-09-01,2011-11-30,2011-Q4,2011-12-23,Capital expenditures,derived_quarter_cash_purchases_of_ppe,,USD,USD,129000000,SRC-IQ16-ORACLE-0001193125-11-351954;SRC-IQ16-ORACLE-0001193125-11-255436,A,https://www.sec.gov/Archives/edgar/data/1341439/000119312511351954/d263957d10q.htm;https://www.sec.gov/Archives/edgar/data/1341439/000119312511255436/d234670d10q.htm,Consolidated statements of cash flows (year-to-date columns),DERIVED_FROM_PRIMARY_SOURCE,six months to 2011-11-30 (289000000) minus three months to 2011-08-31 (160000000),Both inputs printed under the same line and definition.,NO,NO,NO,NO,FALSE,FALSE,Series A; inputs: 0001193125-11-351954 (2011-12-23); 0001193125-11-255436 (2011-09-23)
OBS-ORACLE-01028,oracle,Oracle Corporation,FY2012,Q3,2011-12-01,2012-02-29,2012-Q1,2012-03-23,Capital expenditures,derived_quarter_cash_purchases_of_ppe,,USD,USD,142000000,SRC-IQ16-ORACLE-0001193125-12-129918;SRC-IQ16-ORACLE-0001193125-11-351954,A,https://www.sec.gov/Archives/edgar/data/1341439/000119312512129918/d289615d10q.htm;https://www.sec.gov/Archives/edgar/data/1341439/000119312511351954/d263957d10q.htm,Consolidated statements of cash flows (year-to-date columns),DERIVED_FROM_PRIMARY_SOURCE,nine months to 2012-02-29 (431000000) minus six months to 2011-11-30 (289000000),Both inputs printed under the same line and definition.,NO,NO,NO,NO,FALSE,FALSE,Series A; inputs: 0001193125-12-129918 (2012-03-23); 0001193125-11-351954 (2011-12-23)
OBS-ORACLE-01029,oracle,Oracle Corporation,FY2012,Q4,2012-03-01,2012-05-31,2012-Q2,2012-06-26,Capital expenditures,derived_quarter_cash_purchases_of_ppe,,USD,USD,217000000,SRC-IQ16-ORACLE-0001193125-12-284007;SRC-IQ16-ORACLE-0001193125-12-129918,A,https://www.sec.gov/Archives/edgar/data/1341439/000119312512284007/d369484d10k.htm;https://www.sec.gov/Archives/edgar/data/1341439/000119312512129918/d289615d10q.htm,Consolidated statements of cash flows (year-to-date columns),DERIVED_FROM_PRIMARY_SOURCE,fiscal year to 2012-05-31 (648000000) minus nine months to 2012-02-29 (431000000),Both inputs printed under the same line and definition.,NO,NO,NO,NO,FALSE,FALSE,Series A; inputs: 0001193125-12-284007 (2012-06-26); 0001193125-12-129918 (2012-03-23)
OBS-ORACLE-01030,oracle,Oracle Corporation,FY2013,Q2,2012-09-01,2012-11-30,2012-Q4,2012-12-21,Capital expenditures,derived_quarter_cash_purchases_of_ppe,,USD,USD,212000000,SRC-IQ16-ORACLE-0001193125-12-513009;SRC-IQ16-ORACLE-0001193125-12-401697,A,https://www.sec.gov/Archives/edgar/data/1341439/000119312512513009/d454343d10q.htm;https://www.sec.gov/Archives/edgar/data/1341439/000119312512401697/d397317d10q.htm,Consolidated statements of cash flows (year-to-date columns),DERIVED_FROM_PRIMARY_SOURCE,six months to 2012-11-30 (351000000) minus three months to 2012-08-31 (139000000),Both inputs printed under the same line and definition.,NO,NO,NO,NO,FALSE,FALSE,Series A; inputs: 0001193125-12-513009 (2012-12-21); 0001193125-12-401697 (2012-09-24)
OBS-ORACLE-01031,oracle,Oracle Corporation,FY2013,Q3,2012-12-01,2013-02-28,2013-Q1,2013-03-22,Capital expenditures,derived_quarter_cash_purchases_of_ppe,,USD,USD,116000000,SRC-IQ16-ORACLE-0001193125-13-122271;SRC-IQ16-ORACLE-0001193125-12-513009,A,https://www.sec.gov/Archives/edgar/data/1341439/000119312513122271/d474064d10q.htm;https://www.sec.gov/Archives/edgar/data/1341439/000119312512513009/d454343d10q.htm,Consolidated statements of cash flows (year-to-date columns),DERIVED_FROM_PRIMARY_SOURCE,nine months to 2013-02-28 (467000000) minus six months to 2012-11-30 (351000000),Both inputs printed under the same line and definition.,NO,NO,NO,NO,FALSE,FALSE,Series A; inputs: 0001193125-13-122271 (2013-03-22); 0001193125-12-513009 (2012-12-21)
OBS-ORACLE-01032,oracle,Oracle Corporation,FY2013,Q4,2013-03-01,2013-05-31,2013-Q2,2013-06-26,Capital expenditures,derived_quarter_cash_purchases_of_ppe,,USD,USD,183000000,SRC-IQ16-ORACLE-0001193125-13-272832;SRC-IQ16-ORACLE-0001193125-13-122271,A,https://www.sec.gov/Archives/edgar/data/1341439/000119312513272832/d531515d10k.htm;https://www.sec.gov/Archives/edgar/data/1341439/000119312513122271/d474064d10q.htm,Consolidated statements of cash flows (year-to-date columns),DERIVED_FROM_PRIMARY_SOURCE,fiscal year to 2013-05-31 (650000000) minus nine months to 2013-02-28 (467000000),Both inputs printed under the same line and definition.,NO,NO,NO,NO,FALSE,FALSE,Series A; inputs: 0001193125-13-272832 (2013-06-26); 0001193125-13-122271 (2013-03-22)
OBS-ORACLE-01033,oracle,Oracle Corporation,FY2014,Q2,2013-09-01,2013-11-30,2013-Q4,2013-12-20,Capital expenditures,derived_quarter_cash_purchases_of_ppe,,USD,USD,126000000,SRC-IQ16-ORACLE-0001193125-13-481081;SRC-IQ16-ORACLE-0001193125-13-373455,A,https://www.sec.gov/Archives/edgar/data/1341439/000119312513481081/d626279d10q.htm;https://www.sec.gov/Archives/edgar/data/1341439/000119312513373455/d587382d10q.htm,Consolidated statements of cash flows (year-to-date columns),DERIVED_FROM_PRIMARY_SOURCE,six months to 2013-11-30 (279000000) minus three months to 2013-08-31 (153000000),Both inputs printed under the same line and definition.,NO,NO,NO,NO,FALSE,FALSE,Series A; inputs: 0001193125-13-481081 (2013-12-20); 0001193125-13-373455 (2013-09-20)
OBS-ORACLE-01034,oracle,Oracle Corporation,FY2014,Q3,2013-12-01,2014-02-28,2014-Q1,2014-03-20,Capital expenditures,derived_quarter_cash_purchases_of_ppe,,USD,USD,147000000,SRC-IQ16-ORACLE-0001193125-14-108126;SRC-IQ16-ORACLE-0001193125-13-481081,A,https://www.sec.gov/Archives/edgar/data/1341439/000119312514108126/d669179d10q.htm;https://www.sec.gov/Archives/edgar/data/1341439/000119312513481081/d626279d10q.htm,Consolidated statements of cash flows (year-to-date columns),DERIVED_FROM_PRIMARY_SOURCE,nine months to 2014-02-28 (426000000) minus six months to 2013-11-30 (279000000),Both inputs printed under the same line and definition.,NO,NO,NO,NO,FALSE,FALSE,Series A; inputs: 0001193125-14-108126 (2014-03-20); 0001193125-13-481081 (2013-12-20)
OBS-ORACLE-01035,oracle,Oracle Corporation,FY2014,Q4,2014-03-01,2014-05-31,2014-Q2,2014-06-26,Capital expenditures,derived_quarter_cash_purchases_of_ppe,,USD,USD,154000000,SRC-IQ16-ORACLE-0001193125-14-251351;SRC-IQ16-ORACLE-0001193125-14-108126,A,https://www.sec.gov/Archives/edgar/data/1341439/000119312514251351/d725622d10k.htm;https://www.sec.gov/Archives/edgar/data/1341439/000119312514108126/d669179d10q.htm,Consolidated statements of cash flows (year-to-date columns),DERIVED_FROM_PRIMARY_SOURCE,fiscal year to 2014-05-31 (580000000) minus nine months to 2014-02-28 (426000000),Both inputs printed under the same line and definition.,NO,NO,NO,NO,FALSE,FALSE,Series A; inputs: 0001193125-14-251351 (2014-06-26); 0001193125-14-108126 (2014-03-20)
OBS-ORACLE-01036,oracle,Oracle Corporation,FY2015,Q2,2014-09-01,2014-11-30,2014-Q4,2014-12-19,Capital expenditures,derived_quarter_cash_purchases_of_ppe,,USD,USD,225000000,SRC-IQ16-ORACLE-0001193125-14-448728;SRC-IQ16-ORACLE-0001193125-14-350291,A,https://www.sec.gov/Archives/edgar/data/1341439/000119312514448728/d819288d10q.htm;https://www.sec.gov/Archives/edgar/data/1341439/000119312514350291/d770194d10q.htm,Consolidated statements of cash flows (year-to-date columns),DERIVED_FROM_PRIMARY_SOURCE,six months to 2014-11-30 (426000000) minus three months to 2014-08-31 (201000000),Both inputs printed under the same line and definition.,NO,NO,NO,NO,FALSE,FALSE,Series A; inputs: 0001193125-14-448728 (2014-12-19); 0001193125-14-350291 (2014-09-23)
OBS-ORACLE-01037,oracle,Oracle Corporation,FY2015,Q3,2014-12-01,2015-02-28,2015-Q1,2015-03-19,Capital expenditures,derived_quarter_cash_purchases_of_ppe,,USD,USD,368000000,SRC-IQ16-ORACLE-0001193125-15-098586;SRC-IQ16-ORACLE-0001193125-14-448728,A,https://www.sec.gov/Archives/edgar/data/1341439/000119312515098586/d851089d10q.htm;https://www.sec.gov/Archives/edgar/data/1341439/000119312514448728/d819288d10q.htm,Consolidated statements of cash flows (year-to-date columns),DERIVED_FROM_PRIMARY_SOURCE,nine months to 2015-02-28 (794000000) minus six months to 2014-11-30 (426000000),Both inputs printed under the same line and definition.,NO,NO,NO,NO,FALSE,FALSE,Series A; inputs: 0001193125-15-098586 (2015-03-19); 0001193125-14-448728 (2014-12-19)
OBS-ORACLE-01038,oracle,Oracle Corporation,FY2015,Q4,2015-03-01,2015-05-31,2015-Q2,2015-06-25,Capital expenditures,derived_quarter_cash_purchases_of_ppe,,USD,USD,597000000,SRC-IQ16-ORACLE-0001193125-15-235239;SRC-IQ16-ORACLE-0001193125-15-098586,A,https://www.sec.gov/Archives/edgar/data/1341439/000119312515235239/d920711d10k.htm;https://www.sec.gov/Archives/edgar/data/1341439/000119312515098586/d851089d10q.htm,Consolidated statements of cash flows (year-to-date columns),DERIVED_FROM_PRIMARY_SOURCE,fiscal year to 2015-05-31 (1391000000) minus nine months to 2015-02-28 (794000000),Both inputs printed under the same line and definition.,NO,NO,NO,NO,FALSE,FALSE,Series A; inputs: 0001193125-15-235239 (2015-06-25); 0001193125-15-098586 (2015-03-19)
OBS-ORACLE-01039,oracle,Oracle Corporation,FY2016,Q2,2015-09-01,2015-11-30,2015-Q4,2015-12-18,Capital expenditures,derived_quarter_cash_purchases_of_ppe,,USD,USD,195000000,SRC-IQ16-ORACLE-0001193125-15-407703;SRC-IQ16-ORACLE-0001193125-15-323532,A,https://www.sec.gov/Archives/edgar/data/1341439/000119312515407703/d134252d10q.htm;https://www.sec.gov/Archives/edgar/data/1341439/000119312515323532/d64286d10q.htm,Consolidated statements of cash flows (year-to-date columns),DERIVED_FROM_PRIMARY_SOURCE,six months to 2015-11-30 (641000000) minus three months to 2015-08-31 (446000000),Both inputs printed under the same line and definition.,NO,NO,NO,NO,FALSE,FALSE,Series A; inputs: 0001193125-15-407703 (2015-12-18); 0001193125-15-323532 (2015-09-18)
OBS-ORACLE-01040,oracle,Oracle Corporation,FY2016,Q3,2015-12-01,2016-02-29,2016-Q1,2016-03-18,Capital expenditures,derived_quarter_cash_purchases_of_ppe,,USD,USD,368000000,SRC-IQ16-ORACLE-0001193125-16-510333;SRC-IQ16-ORACLE-0001193125-15-407703,A,https://www.sec.gov/Archives/edgar/data/1341439/000119312516510333/d48108d10q.htm;https://www.sec.gov/Archives/edgar/data/1341439/000119312515407703/d134252d10q.htm,Consolidated statements of cash flows (year-to-date columns),DERIVED_FROM_PRIMARY_SOURCE,nine months to 2016-02-29 (1009000000) minus six months to 2015-11-30 (641000000),Both inputs printed under the same line and definition.,NO,NO,NO,NO,FALSE,FALSE,Series A; inputs: 0001193125-16-510333 (2016-03-18); 0001193125-15-407703 (2015-12-18)
OBS-ORACLE-01041,oracle,Oracle Corporation,FY2016,Q4,2016-03-01,2016-05-31,2016-Q2,2016-06-22,Capital expenditures,derived_quarter_cash_purchases_of_ppe,,USD,USD,180000000,SRC-IQ16-ORACLE-0001193125-16-628942;SRC-IQ16-ORACLE-0001193125-16-510333,A,https://www.sec.gov/Archives/edgar/data/1341439/000119312516628942/d203801d10k.htm;https://www.sec.gov/Archives/edgar/data/1341439/000119312516510333/d48108d10q.htm,Consolidated statements of cash flows (year-to-date columns),DERIVED_FROM_PRIMARY_SOURCE,fiscal year to 2016-05-31 (1189000000) minus nine months to 2016-02-29 (1009000000),Both inputs printed under the same line and definition.,NO,NO,NO,NO,FALSE,FALSE,Series A; inputs: 0001193125-16-628942 (2016-06-22); 0001193125-16-510333 (2016-03-18)
OBS-ORACLE-01042,oracle,Oracle Corporation,FY2017,Q2,2016-09-01,2016-11-30,2016-Q4,2016-12-19,Capital expenditures,derived_quarter_cash_purchases_of_ppe,,USD,USD,757000000,SRC-IQ16-ORACLE-0001193125-16-797253;SRC-IQ16-ORACLE-0001193125-16-713596,A,https://www.sec.gov/Archives/edgar/data/1341439/000119312516797253/d289857d10q.htm;https://www.sec.gov/Archives/edgar/data/1341439/000119312516713596/d252702d10q.htm,Consolidated statements of cash flows (year-to-date columns),DERIVED_FROM_PRIMARY_SOURCE,six months to 2016-11-30 (1056000000) minus three months to 2016-08-31 (299000000),Both inputs printed under the same line and definition.,NO,NO,NO,NO,FALSE,FALSE,Series A; inputs: 0001193125-16-797253 (2016-12-19); 0001193125-16-713596 (2016-09-19)
OBS-ORACLE-01043,oracle,Oracle Corporation,FY2017,Q3,2016-12-01,2017-02-28,2017-Q1,2017-03-17,Capital expenditures,derived_quarter_cash_purchases_of_ppe,,USD,USD,440000000,SRC-IQ16-ORACLE-0001193125-17-087309;SRC-IQ16-ORACLE-0001193125-16-797253,A,https://www.sec.gov/Archives/edgar/data/1341439/000119312517087309/d353998d10q.htm;https://www.sec.gov/Archives/edgar/data/1341439/000119312516797253/d289857d10q.htm,Consolidated statements of cash flows (year-to-date columns),DERIVED_FROM_PRIMARY_SOURCE,nine months to 2017-02-28 (1496000000) minus six months to 2016-11-30 (1056000000),Both inputs printed under the same line and definition.,NO,NO,NO,NO,FALSE,FALSE,Series A; inputs: 0001193125-17-087309 (2017-03-17); 0001193125-16-797253 (2016-12-19)
OBS-ORACLE-01044,oracle,Oracle Corporation,FY2017,Q4,2017-03-01,2017-05-31,2017-Q2,2017-06-27,Capital expenditures,derived_quarter_cash_purchases_of_ppe,,USD,USD,525000000,SRC-IQ16-ORACLE-0001193125-17-214833;SRC-IQ16-ORACLE-0001193125-17-087309,A,https://www.sec.gov/Archives/edgar/data/1341439/000119312517214833/d385998d10k.htm;https://www.sec.gov/Archives/edgar/data/1341439/000119312517087309/d353998d10q.htm,Consolidated statements of cash flows (year-to-date columns),DERIVED_FROM_PRIMARY_SOURCE,fiscal year to 2017-05-31 (2021000000) minus nine months to 2017-02-28 (1496000000),Both inputs printed under the same line and definition.,NO,NO,NO,NO,FALSE,FALSE,Series A; inputs: 0001193125-17-214833 (2017-06-27); 0001193125-17-087309 (2017-03-17)
OBS-ORACLE-01045,oracle,Oracle Corporation,FY2018,Q2,2017-09-01,2017-11-30,2017-Q4,2017-12-18,Capital expenditures,derived_quarter_cash_purchases_of_ppe,,USD,USD,599000000,SRC-IQ16-ORACLE-0001193125-17-372232;SRC-IQ16-ORACLE-0001193125-17-287455,A,https://www.sec.gov/Archives/edgar/data/1341439/000119312517372232/d510241d10q.htm;https://www.sec.gov/Archives/edgar/data/1341439/000119312517287455/d407367d10q.htm,Consolidated statements of cash flows (year-to-date columns),DERIVED_FROM_PRIMARY_SOURCE,six months to 2017-11-30 (1072000000) minus three months to 2017-08-31 (473000000),Both inputs printed under the same line and definition.,NO,NO,NO,NO,FALSE,FALSE,Series A; inputs: 0001193125-17-372232 (2017-12-18); 0001193125-17-287455 (2017-09-18)
OBS-ORACLE-01046,oracle,Oracle Corporation,FY2018,Q3,2017-12-01,2018-02-28,2018-Q1,2018-03-21,Capital expenditures,derived_quarter_cash_purchases_of_ppe,,USD,USD,286000000,SRC-IQ16-ORACLE-0001193125-18-090646;SRC-IQ16-ORACLE-0001193125-17-372232,A,https://www.sec.gov/Archives/edgar/data/1341439/000119312518090646/d548579d10q.htm;https://www.sec.gov/Archives/edgar/data/1341439/000119312517372232/d510241d10q.htm,Consolidated statements of cash flows (year-to-date columns),DERIVED_FROM_PRIMARY_SOURCE,nine months to 2018-02-28 (1358000000) minus six months to 2017-11-30 (1072000000),Both inputs printed under the same line and definition.,NO,NO,NO,NO,FALSE,FALSE,Series A; inputs: 0001193125-18-090646 (2018-03-21); 0001193125-17-372232 (2017-12-18)
OBS-ORACLE-01047,oracle,Oracle Corporation,FY2018,Q4,2018-03-01,2018-05-31,2018-Q2,2018-06-22,Capital expenditures,derived_quarter_cash_purchases_of_ppe,,USD,USD,378000000,SRC-IQ16-ORACLE-0001193125-18-201034;SRC-IQ16-ORACLE-0001193125-18-090646,A,https://www.sec.gov/Archives/edgar/data/1341439/000119312518201034/d568983d10k.htm;https://www.sec.gov/Archives/edgar/data/1341439/000119312518090646/d548579d10q.htm,Consolidated statements of cash flows (year-to-date columns),DERIVED_FROM_PRIMARY_SOURCE,fiscal year to 2018-05-31 (1736000000) minus nine months to 2018-02-28 (1358000000),Both inputs printed under the same line and definition.,NO,NO,NO,NO,FALSE,FALSE,Series A; inputs: 0001193125-18-201034 (2018-06-22); 0001193125-18-090646 (2018-03-21)
OBS-ORACLE-01048,oracle,Oracle Corporation,FY2019,Q2,2018-09-01,2018-11-30,2018-Q4,2018-12-19,Capital expenditures,derived_quarter_cash_purchases_of_ppe,,USD,USD,421000000,SRC-IQ16-ORACLE-0001564590-18-031113;SRC-IQ16-ORACLE-0001564590-18-023315,A,https://www.sec.gov/Archives/edgar/data/1341439/000156459018031113/orcl-10q_20181130.htm;https://www.sec.gov/Archives/edgar/data/1341439/000156459018023315/orcl-10q_20180831.htm,Consolidated statements of cash flows (year-to-date columns),DERIVED_FROM_PRIMARY_SOURCE,six months to 2018-11-30 (804000000) minus three months to 2018-08-31 (383000000),Both inputs printed under the same line and definition.,NO,NO,NO,NO,FALSE,FALSE,Series A; inputs: 0001564590-18-031113 (2018-12-19); 0001564590-18-023315 (2018-09-19)
OBS-ORACLE-01049,oracle,Oracle Corporation,FY2019,Q3,2018-12-01,2019-02-28,2019-Q1,2019-03-18,Capital expenditures,derived_quarter_cash_purchases_of_ppe,,USD,USD,443000000,SRC-IQ16-ORACLE-0001564590-19-008273;SRC-IQ16-ORACLE-0001564590-18-031113,A,https://www.sec.gov/Archives/edgar/data/1341439/000156459019008273/orcl-10q_20190228.htm;https://www.sec.gov/Archives/edgar/data/1341439/000156459018031113/orcl-10q_20181130.htm,Consolidated statements of cash flows (year-to-date columns),DERIVED_FROM_PRIMARY_SOURCE,nine months to 2019-02-28 (1247000000) minus six months to 2018-11-30 (804000000),Both inputs printed under the same line and definition.,NO,NO,NO,NO,FALSE,FALSE,Series A; inputs: 0001564590-19-008273 (2019-03-18); 0001564590-18-031113 (2018-12-19)
OBS-ORACLE-01050,oracle,Oracle Corporation,FY2019,Q4,2019-03-01,2019-05-31,2019-Q2,2019-06-21,Capital expenditures,derived_quarter_cash_purchases_of_ppe,,USD,USD,413000000,SRC-IQ16-ORACLE-0001564590-19-023119;SRC-IQ16-ORACLE-0001564590-19-008273,A,https://www.sec.gov/Archives/edgar/data/1341439/000156459019023119/orcl-10k_20190531.htm;https://www.sec.gov/Archives/edgar/data/1341439/000156459019008273/orcl-10q_20190228.htm,Consolidated statements of cash flows (year-to-date columns),DERIVED_FROM_PRIMARY_SOURCE,fiscal year to 2019-05-31 (1660000000) minus nine months to 2019-02-28 (1247000000),Both inputs printed under the same line and definition.,NO,NO,NO,NO,FALSE,FALSE,Series A; inputs: 0001564590-19-023119 (2019-06-21); 0001564590-19-008273 (2019-03-18)
OBS-ORACLE-01051,oracle,Oracle Corporation,FY2020,Q2,2019-09-01,2019-11-30,2019-Q4,2019-12-13,Capital expenditures,derived_quarter_cash_purchases_of_ppe,,USD,USD,349000000,SRC-IQ16-ORACLE-0001564590-19-045966;SRC-IQ16-ORACLE-0001564590-19-034717,A,https://www.sec.gov/Archives/edgar/data/1341439/000156459019045966/orcl-10q_20191130.htm;https://www.sec.gov/Archives/edgar/data/1341439/000156459019034717/orcl-10q_20190831.htm,Consolidated statements of cash flows (year-to-date columns),DERIVED_FROM_PRIMARY_SOURCE,six months to 2019-11-30 (735000000) minus three months to 2019-08-31 (386000000),Both inputs printed under the same line and definition.,NO,NO,NO,NO,FALSE,FALSE,Series A; inputs: 0001564590-19-045966 (2019-12-13); 0001564590-19-034717 (2019-09-13)
OBS-ORACLE-01052,oracle,Oracle Corporation,FY2020,Q3,2019-12-01,2020-02-29,2020-Q1,2020-03-13,Capital expenditures,derived_quarter_cash_purchases_of_ppe,,USD,USD,396000000,SRC-IQ16-ORACLE-0001564590-20-010833;SRC-IQ16-ORACLE-0001564590-19-045966,A,https://www.sec.gov/Archives/edgar/data/1341439/000156459020010833/orcl-10q_20200229.htm;https://www.sec.gov/Archives/edgar/data/1341439/000156459019045966/orcl-10q_20191130.htm,Consolidated statements of cash flows (year-to-date columns),DERIVED_FROM_PRIMARY_SOURCE,nine months to 2020-02-29 (1131000000) minus six months to 2019-11-30 (735000000),Both inputs printed under the same line and definition.,NO,NO,NO,NO,FALSE,FALSE,Series A; inputs: 0001564590-20-010833 (2020-03-13); 0001564590-19-045966 (2019-12-13)
OBS-ORACLE-01053,oracle,Oracle Corporation,FY2020,Q4,2020-03-01,2020-05-31,2020-Q2,2020-06-22,Capital expenditures,derived_quarter_cash_purchases_of_ppe,,USD,USD,433000000,SRC-IQ16-ORACLE-0001564590-20-030125;SRC-IQ16-ORACLE-0001564590-20-010833,A,https://www.sec.gov/Archives/edgar/data/1341439/000156459020030125/orcl-10k_20200531.htm;https://www.sec.gov/Archives/edgar/data/1341439/000156459020010833/orcl-10q_20200229.htm,Consolidated statements of cash flows (year-to-date columns),DERIVED_FROM_PRIMARY_SOURCE,fiscal year to 2020-05-31 (1564000000) minus nine months to 2020-02-29 (1131000000),Both inputs printed under the same line and definition.,NO,NO,NO,NO,FALSE,FALSE,Series A; inputs: 0001564590-20-030125 (2020-06-22); 0001564590-20-010833 (2020-03-13)
OBS-ORACLE-01054,oracle,Oracle Corporation,FY2021,Q2,2020-09-01,2020-11-30,2020-Q4,2020-12-11,Capital expenditures,derived_quarter_cash_purchases_of_ppe,,USD,USD,568000000,SRC-IQ16-ORACLE-0001564590-20-056896;SRC-IQ16-ORACLE-0001564590-20-043448,A,https://www.sec.gov/Archives/edgar/data/1341439/000156459020056896/orcl-10q_20201130.htm;https://www.sec.gov/Archives/edgar/data/1341439/000156459020043448/orcl-10q_20200831.htm,Consolidated statements of cash flows (year-to-date columns),DERIVED_FROM_PRIMARY_SOURCE,six months to 2020-11-30 (1004000000) minus three months to 2020-08-31 (436000000),Both inputs printed under the same line and definition.,NO,NO,NO,NO,FALSE,FALSE,Series A; inputs: 0001564590-20-056896 (2020-12-11); 0001564590-20-043448 (2020-09-15)
OBS-ORACLE-01055,oracle,Oracle Corporation,FY2021,Q3,2020-12-01,2021-02-28,2021-Q1,2021-03-11,Capital expenditures,derived_quarter_cash_purchases_of_ppe,,USD,USD,414000000,SRC-IQ16-ORACLE-0001564590-21-012539;SRC-IQ16-ORACLE-0001564590-20-056896,A,https://www.sec.gov/Archives/edgar/data/1341439/000156459021012539/orcl-10q_20210228.htm;https://www.sec.gov/Archives/edgar/data/1341439/000156459020056896/orcl-10q_20201130.htm,Consolidated statements of cash flows (year-to-date columns),DERIVED_FROM_PRIMARY_SOURCE,nine months to 2021-02-28 (1418000000) minus six months to 2020-11-30 (1004000000),Both inputs printed under the same line and definition.,NO,NO,NO,NO,FALSE,FALSE,Series A; inputs: 0001564590-21-012539 (2021-03-11); 0001564590-20-056896 (2020-12-11)
OBS-ORACLE-01056,oracle,Oracle Corporation,FY2021,Q4,2021-03-01,2021-05-31,2021-Q2,2021-06-21,Capital expenditures,derived_quarter_cash_purchases_of_ppe,,USD,USD,717000000,SRC-IQ16-ORACLE-0001564590-21-033616;SRC-IQ16-ORACLE-0001564590-21-012539,A,https://www.sec.gov/Archives/edgar/data/1341439/000156459021033616/orcl-10k_20210531.htm;https://www.sec.gov/Archives/edgar/data/1341439/000156459021012539/orcl-10q_20210228.htm,Consolidated statements of cash flows (year-to-date columns),DERIVED_FROM_PRIMARY_SOURCE,fiscal year to 2021-05-31 (2135000000) minus nine months to 2021-02-28 (1418000000),Both inputs printed under the same line and definition.,NO,NO,NO,NO,FALSE,FALSE,Series A; inputs: 0001564590-21-033616 (2021-06-21); 0001564590-21-012539 (2021-03-11)
OBS-ORACLE-01057,oracle,Oracle Corporation,FY2022,Q2,2021-09-01,2021-11-30,2021-Q4,2021-12-10,Capital expenditures,derived_quarter_cash_purchases_of_ppe,,USD,USD,925000000,SRC-IQ16-ORACLE-0001564590-21-060022;SRC-IQ16-ORACLE-0001564590-21-047772,A,https://www.sec.gov/Archives/edgar/data/1341439/000156459021060022/orcl-10q_20211130.htm;https://www.sec.gov/Archives/edgar/data/1341439/000156459021047772/orcl-10q_20210831.htm,Consolidated statements of cash flows (year-to-date columns),DERIVED_FROM_PRIMARY_SOURCE,six months to 2021-11-30 (1987000000) minus three months to 2021-08-31 (1062000000),Both inputs printed under the same line and definition.,NO,NO,NO,NO,FALSE,FALSE,Series A; inputs: 0001564590-21-060022 (2021-12-10); 0001564590-21-047772 (2021-09-13)
OBS-ORACLE-01058,oracle,Oracle Corporation,FY2022,Q3,2021-12-01,2022-02-28,2022-Q1,2022-03-11,Capital expenditures,derived_quarter_cash_purchases_of_ppe,,USD,USD,1101000000,SRC-IQ16-ORACLE-0001564590-22-009859;SRC-IQ16-ORACLE-0001564590-21-060022,A,https://www.sec.gov/Archives/edgar/data/1341439/000156459022009859/orcl-10q_20220228.htm;https://www.sec.gov/Archives/edgar/data/1341439/000156459021060022/orcl-10q_20211130.htm,Consolidated statements of cash flows (year-to-date columns),DERIVED_FROM_PRIMARY_SOURCE,nine months to 2022-02-28 (3088000000) minus six months to 2021-11-30 (1987000000),Both inputs printed under the same line and definition.,NO,NO,NO,NO,FALSE,FALSE,Series A; inputs: 0001564590-22-009859 (2022-03-11); 0001564590-21-060022 (2021-12-10)
OBS-ORACLE-01059,oracle,Oracle Corporation,FY2022,Q4,2022-03-01,2022-05-31,2022-Q2,2022-06-21,Capital expenditures,derived_quarter_cash_purchases_of_ppe,,USD,USD,1423000000,SRC-IQ16-ORACLE-0001564590-22-023675;SRC-IQ16-ORACLE-0001564590-22-009859,A,https://www.sec.gov/Archives/edgar/data/1341439/000156459022023675/orcl-10k_20220531.htm;https://www.sec.gov/Archives/edgar/data/1341439/000156459022009859/orcl-10q_20220228.htm,Consolidated statements of cash flows (year-to-date columns),DERIVED_FROM_PRIMARY_SOURCE,fiscal year to 2022-05-31 (4511000000) minus nine months to 2022-02-28 (3088000000),Both inputs printed under the same line and definition.,NO,NO,NO,NO,FALSE,FALSE,Series A; inputs: 0001564590-22-023675 (2022-06-21); 0001564590-22-009859 (2022-03-11)
OBS-ORACLE-01060,oracle,Oracle Corporation,FY2023,Q2,2022-09-01,2022-11-30,2022-Q4,2022-12-13,Capital expenditures,derived_quarter_cash_purchases_of_ppe,,USD,USD,2435000000,SRC-IQ16-ORACLE-0001564590-22-039278;SRC-IQ16-ORACLE-0001564590-22-031545,A,https://www.sec.gov/Archives/edgar/data/1341439/000156459022039278/orcl-10q_20221130.htm;https://www.sec.gov/Archives/edgar/data/1341439/000156459022031545/orcl-10q_20220831.htm,Consolidated statements of cash flows (year-to-date columns),DERIVED_FROM_PRIMARY_SOURCE,six months to 2022-11-30 (4154000000) minus three months to 2022-08-31 (1719000000),Both inputs printed under the same line and definition.,NO,NO,NO,NO,FALSE,FALSE,Series A; inputs: 0001564590-22-039278 (2022-12-13); 0001564590-22-031545 (2022-09-13)
OBS-ORACLE-01061,oracle,Oracle Corporation,FY2023,Q3,2022-12-01,2023-02-28,2023-Q1,2023-03-10,Capital expenditures,derived_quarter_cash_purchases_of_ppe,,USD,USD,2628000000,SRC-IQ16-ORACLE-0001564590-23-003413;SRC-IQ16-ORACLE-0001564590-22-039278,A,https://www.sec.gov/Archives/edgar/data/1341439/000156459023003413/orcl-10q_20230228.htm;https://www.sec.gov/Archives/edgar/data/1341439/000156459022039278/orcl-10q_20221130.htm,Consolidated statements of cash flows (year-to-date columns),DERIVED_FROM_PRIMARY_SOURCE,nine months to 2023-02-28 (6782000000) minus six months to 2022-11-30 (4154000000),Both inputs printed under the same line and definition.,NO,NO,NO,NO,FALSE,FALSE,Series A; inputs: 0001564590-23-003413 (2023-03-10); 0001564590-22-039278 (2022-12-13)
OBS-ORACLE-01062,oracle,Oracle Corporation,FY2023,Q4,2023-03-01,2023-05-31,2023-Q2,2023-06-20,Capital expenditures,derived_quarter_cash_purchases_of_ppe,,USD,USD,1913000000,SRC-IQ16-ORACLE-0000950170-23-028914;SRC-IQ16-ORACLE-0001564590-23-003413,A,https://www.sec.gov/Archives/edgar/data/1341439/000095017023028914/orcl-20230531.htm;https://www.sec.gov/Archives/edgar/data/1341439/000156459023003413/orcl-10q_20230228.htm,Consolidated statements of cash flows (year-to-date columns),DERIVED_FROM_PRIMARY_SOURCE,fiscal year to 2023-05-31 (8695000000) minus nine months to 2023-02-28 (6782000000),Both inputs printed under the same line and definition.,NO,NO,NO,NO,FALSE,FALSE,Series A; inputs: 0000950170-23-028914 (2023-06-20); 0001564590-23-003413 (2023-03-10)
OBS-ORACLE-01063,oracle,Oracle Corporation,FY2024,Q2,2023-09-01,2023-11-30,2023-Q4,2023-12-12,Capital expenditures,derived_quarter_cash_purchases_of_ppe,,USD,USD,1080000000,SRC-IQ16-ORACLE-0000950170-23-069682;SRC-IQ16-ORACLE-0000950170-23-047713,A,https://www.sec.gov/Archives/edgar/data/1341439/000095017023069682/orcl-20231130.htm;https://www.sec.gov/Archives/edgar/data/1341439/000095017023047713/orcl-20230831.htm,Consolidated statements of cash flows (year-to-date columns),DERIVED_FROM_PRIMARY_SOURCE,six months to 2023-11-30 (2394000000) minus three months to 2023-08-31 (1314000000),Both inputs printed under the same line and definition.,NO,NO,NO,NO,FALSE,FALSE,Series A; inputs: 0000950170-23-069682 (2023-12-12); 0000950170-23-047713 (2023-09-12)
OBS-ORACLE-01064,oracle,Oracle Corporation,FY2024,Q3,2023-12-01,2024-02-29,2024-Q1,2024-03-12,Capital expenditures,derived_quarter_cash_purchases_of_ppe,,USD,USD,1674000000,SRC-IQ16-ORACLE-0000950170-24-029904;SRC-IQ16-ORACLE-0000950170-23-069682,A,https://www.sec.gov/Archives/edgar/data/1341439/000095017024029904/orcl-20240229.htm;https://www.sec.gov/Archives/edgar/data/1341439/000095017023069682/orcl-20231130.htm,Consolidated statements of cash flows (year-to-date columns),DERIVED_FROM_PRIMARY_SOURCE,nine months to 2024-02-29 (4068000000) minus six months to 2023-11-30 (2394000000),Both inputs printed under the same line and definition.,NO,NO,NO,NO,FALSE,FALSE,Series A; inputs: 0000950170-24-029904 (2024-03-12); 0000950170-23-069682 (2023-12-12)
OBS-ORACLE-01065,oracle,Oracle Corporation,FY2024,Q4,2024-03-01,2024-05-31,2024-Q2,2024-06-20,Capital expenditures,derived_quarter_cash_purchases_of_ppe,,USD,USD,2798000000,SRC-IQ16-ORACLE-0000950170-24-075605;SRC-IQ16-ORACLE-0000950170-24-029904,A,https://www.sec.gov/Archives/edgar/data/1341439/000095017024075605/orcl-20240531.htm;https://www.sec.gov/Archives/edgar/data/1341439/000095017024029904/orcl-20240229.htm,Consolidated statements of cash flows (year-to-date columns),DERIVED_FROM_PRIMARY_SOURCE,fiscal year to 2024-05-31 (6866000000) minus nine months to 2024-02-29 (4068000000),Both inputs printed under the same line and definition.,NO,NO,NO,NO,FALSE,FALSE,Series A; inputs: 0000950170-24-075605 (2024-06-20); 0000950170-24-029904 (2024-03-12)
OBS-ORACLE-01066,oracle,Oracle Corporation,FY2025,Q2,2024-09-01,2024-11-30,2024-Q4,2024-12-10,Capital expenditures,derived_quarter_cash_purchases_of_ppe,,USD,USD,3970000000,SRC-IQ16-ORACLE-0000950170-24-134973;SRC-IQ16-ORACLE-0000950170-24-104905,A,https://www.sec.gov/Archives/edgar/data/1341439/000095017024134973/orcl-20241130.htm;https://www.sec.gov/Archives/edgar/data/1341439/000095017024104905/orcl-20240831.htm,Consolidated statements of cash flows (year-to-date columns),DERIVED_FROM_PRIMARY_SOURCE,six months to 2024-11-30 (6273000000) minus three months to 2024-08-31 (2303000000),Both inputs printed under the same line and definition.,NO,NO,NO,NO,FALSE,FALSE,Series A; inputs: 0000950170-24-134973 (2024-12-10); 0000950170-24-104905 (2024-09-10)
OBS-ORACLE-01067,oracle,Oracle Corporation,FY2025,Q3,2024-12-01,2025-02-28,2025-Q1,2025-03-11,Capital expenditures,derived_quarter_cash_purchases_of_ppe,,USD,USD,5862000000,SRC-IQ16-ORACLE-0000950170-25-037143;SRC-IQ16-ORACLE-0000950170-24-134973,A,https://www.sec.gov/Archives/edgar/data/1341439/000095017025037143/orcl-20250228.htm;https://www.sec.gov/Archives/edgar/data/1341439/000095017024134973/orcl-20241130.htm,Consolidated statements of cash flows (year-to-date columns),DERIVED_FROM_PRIMARY_SOURCE,nine months to 2025-02-28 (12135000000) minus six months to 2024-11-30 (6273000000),Both inputs printed under the same line and definition.,NO,NO,NO,NO,FALSE,FALSE,Series A; inputs: 0000950170-25-037143 (2025-03-11); 0000950170-24-134973 (2024-12-10)
OBS-ORACLE-01068,oracle,Oracle Corporation,FY2025,Q4,2025-03-01,2025-05-31,2025-Q2,2025-06-18,Capital expenditures,derived_quarter_cash_purchases_of_ppe,,USD,USD,9080000000,SRC-IQ16-ORACLE-0000950170-25-087926;SRC-IQ16-ORACLE-0000950170-25-037143,A,https://www.sec.gov/Archives/edgar/data/1341439/000095017025087926/orcl-20250531.htm;https://www.sec.gov/Archives/edgar/data/1341439/000095017025037143/orcl-20250228.htm,Consolidated statements of cash flows (year-to-date columns),DERIVED_FROM_PRIMARY_SOURCE,fiscal year to 2025-05-31 (21215000000) minus nine months to 2025-02-28 (12135000000),Both inputs printed under the same line and definition.,NO,NO,NO,NO,FALSE,FALSE,Series A; inputs: 0000950170-25-087926 (2025-06-18); 0000950170-25-037143 (2025-03-11)
OBS-ORACLE-01069,oracle,Oracle Corporation,FY2026,Q2,2025-09-01,2025-11-30,2025-Q4,2025-12-11,Capital expenditures,derived_quarter_cash_purchases_of_ppe,,USD,USD,12033000000,SRC-IQ16-ORACLE-0001193125-25-315925;SRC-IQ16-ORACLE-0001193125-25-200095,A,https://www.sec.gov/Archives/edgar/data/1341439/000119312525315925/orcl-20251130.htm;https://www.sec.gov/Archives/edgar/data/1341439/000119312525200095/orcl-20250831.htm,Consolidated statements of cash flows (year-to-date columns),DERIVED_FROM_PRIMARY_SOURCE,six months to 2025-11-30 (20535000000) minus three months to 2025-08-31 (8502000000),Both inputs printed under the same line and definition.,NO,NO,NO,NO,FALSE,FALSE,Series A; inputs: 0001193125-25-315925 (2025-12-11); 0001193125-25-200095 (2025-09-10)
OBS-ORACLE-01070,oracle,Oracle Corporation,FY2026,Q3,2025-12-01,2026-02-28,2026-Q1,2026-03-11,Capital expenditures,derived_quarter_cash_purchases_of_ppe,,USD,USD,18635000000,SRC-IQ16-ORACLE-0001193125-26-101045;SRC-IQ16-ORACLE-0001193125-25-315925,A,https://www.sec.gov/Archives/edgar/data/1341439/000119312526101045/orcl-20260228.htm;https://www.sec.gov/Archives/edgar/data/1341439/000119312525315925/orcl-20251130.htm,Consolidated statements of cash flows (year-to-date columns),DERIVED_FROM_PRIMARY_SOURCE,nine months to 2026-02-28 (39170000000) minus six months to 2025-11-30 (20535000000),Both inputs printed under the same line and definition.,NO,NO,NO,NO,FALSE,FALSE,Series A; inputs: 0001193125-26-101045 (2026-03-11); 0001193125-25-315925 (2025-12-11)
OBS-ORACLE-01071,oracle,Oracle Corporation,FY2026,Q4,2026-03-01,2026-05-31,2026-Q2,2026-06-22,Capital expenditures,derived_quarter_cash_purchases_of_ppe,,USD,USD,16493000000,SRC-ORCL-004;SRC-IQ16-ORACLE-0001193125-26-101045,A,https://www.sec.gov/Archives/edgar/data/1341439/000119312526277521/orcl-20260531.htm;https://www.sec.gov/Archives/edgar/data/1341439/000119312526101045/orcl-20260228.htm,Consolidated statements of cash flows (year-to-date columns),DERIVED_FROM_PRIMARY_SOURCE,fiscal year to 2026-05-31 (55663000000) minus nine months to 2026-02-28 (39170000000),Both inputs printed under the same line and definition.,NO,NO,NO,NO,FALSE,FALSE,Series A; inputs: 0001193125-26-277521 (2026-06-22); 0001193125-26-101045 (2026-03-11)
OBS-ALIBABA-01072,alibaba,Alibaba Group Holding Limited,FY2012,FY,2011-04-01,2012-03-31,2012-Q1,,Capital expenditures,company_reported_capex,"RMB2,168 million",CNY,RMB millions,2168000000,SRC-BABA-003,A,https://www.sec.gov/Archives/edgar/data/1577552/000119312514184994/d709111df1.htm,"F-1, Capital Expenditures",REPORTED,,scope=capex_ppe_incl_land_use_rights_and_cip,NOT STATED,NOT STATED,NO (land use rights included),NO,FALSE,FALSE,"Verbatim: ""nine months ended December 31, 2013, our capital expenditures totaled RMB2,168 million, RMB2,503 million (US$402 million) and RMB4,336 million"""
OBS-ALIBABA-01073,alibaba,Alibaba Group Holding Limited,FY2013,FY,2012-04-01,2013-03-31,2013-Q1,,Capital expenditures,company_reported_capex,"RMB2,503 million",CNY,RMB millions,2503000000,SRC-BABA-003,A,https://www.sec.gov/Archives/edgar/data/1577552/000119312514184994/d709111df1.htm,"F-1, Capital Expenditures",REPORTED,,scope=capex_ppe_incl_land_use_rights_and_cip,NOT STATED,NOT STATED,NO (land use rights included),NO,FALSE,FALSE,"Verbatim: ""nine months ended December 31, 2013, our capital expenditures totaled RMB2,168 million, RMB2,503 million (US$402 million) and RMB4,336 million"""
OBS-ALIBABA-01074,alibaba,Alibaba Group Holding Limited,FY2014,9M YTD,2013-04-01,2013-12-31,2013-Q4,,Capital expenditures,company_reported_capex,"RMB4,336 million",CNY,RMB millions,4336000000,SRC-BABA-003,A,https://www.sec.gov/Archives/edgar/data/1577552/000119312514184994/d709111df1.htm,"F-1, Capital Expenditures",REPORTED,,scope=capex_ppe_incl_land_use_rights_and_cip,NOT STATED,NOT STATED,NO (land use rights included),NO,FALSE,FALSE,"Verbatim: ""nine months ended December 31, 2013, our capital expenditures totaled RMB2,168 million, RMB2,503 million (US$402 million) and RMB4,336 million"""
OBS-ALIBABA-01075,alibaba,Alibaba Group Holding Limited,FY2014,FY,2013-04-01,2014-03-31,2014-Q1,2014-08-27,Capital expenditures,company_reported_capex,"RMB4,776 million",CNY,RMB millions,4776000000,SRC-BABA-011,A,https://www.sec.gov/Archives/edgar/data/1577552/000119312514322604/d709111df1a.htm,"Prospectus, Capital Expenditures",REPORTED,,scope=capex_ppe_incl_land_use_rights_and_cip,NOT STATED,NOT STATED,NO (land use rights included),NO,FALSE,FALSE,"Verbatim: ""fiscal years 2012, 2013 and 2014, our capital expenditures totaled RMB2,168 million, RMB2,503 million and RMB4,776 million"""
OBS-ALIBABA-01076,alibaba,Alibaba Group Holding Limited,FY2014,Q2,2013-07-01,2013-09-30,2013-Q3,2014-11-04,Capital expenditures,company_reported_capex,"RMB1,140 million",CNY,RMB millions,1140000000,SRC-BABA-015,B,https://data.alibabagroup.com/ecms-files/1532295521/b88a89b6-d9b8-4598-a424-118a7ad9318b.pdf,Results announcement (prior-year comparative),REPORTED,,scope=capex_ppe_incl_land_use_rights_and_cip; comparative in a later release,NOT STATED,NOT STATED,NO (land use rights included),NO,FALSE,FALSE,"Verbatim: ""Capital expenditures in the quarter ended September 30, 2014 were RMB3,396 million (US$553 million), compared to RMB1,140 million in the same quarter of 2013"""
OBS-ALIBABA-01077,alibaba,Alibaba Group Holding Limited,FY2014,Q3,2013-10-01,2013-12-31,2013-Q4,2015-01-29,Capital expenditures,company_reported_capex,"RMB1,601 million",CNY,RMB millions,1601000000,SRC-BABA-018,B,https://data.alibabagroup.com/ecms-files/1532295521/60a32f52-d4ad-4192-99e4-aedbf4823fac.pdf,Results announcement (prior-year comparative),REPORTED,,scope=capex_ppe_incl_land_use_rights_and_cip; comparative in a later release,NOT STATED,NOT STATED,NO (land use rights included),NO,FALSE,FALSE,"Verbatim: ""Capital expenditures in the quarter ended December 31, 2014 were RMB1,513 million (US$244 million), compared to RMB1,601 million in the same quarter of 2013"""
OBS-ALIBABA-01078,alibaba,Alibaba Group Holding Limited,FY2014,Q4,2014-01-01,2014-03-31,2014-Q1,2015-05-07,Capital expenditures,company_reported_capex,RMB440 million,CNY,RMB millions,440000000,SRC-BABA-019,B,https://data.alibabagroup.com/ecms-files/1532295521/d97a7c2f-7a14-4d71-a2b3-5d833db5b53a.pdf,Results announcement (prior-year comparative),REPORTED,,scope=capex_ppe_incl_land_use_rights_and_cip; comparative in a later release,NOT STATED,NOT STATED,NO (land use rights included),NO,FALSE,FALSE,"Verbatim: ""Capital expenditures in the quarter ended March 31, 2015 were RMB1,489 million (US$240 million), compared to RMB440 million in the same quarter of 2014"""
OBS-ALIBABA-01079,alibaba,Alibaba Group Holding Limited,FY2015,Q1,2014-04-01,2014-06-30,2014-Q2,2014-08-27,Capital expenditures,company_reported_capex,"RMB1,307 million",CNY,RMB millions,1307000000,SRC-BABA-011,A,https://www.sec.gov/Archives/edgar/data/1577552/000119312514322604/d709111df1a.htm,"Prospectus, Capital Expenditures",REPORTED,,scope=capex_ppe_incl_land_use_rights_and_cip,NOT STATED,NOT STATED,NO (land use rights included),NO,FALSE,FALSE,"Verbatim: ""In the three months ended June 30, 2014, our capital expenditures totaled RMB1,307 million"""
OBS-ALIBABA-01080,alibaba,Alibaba Group Holding Limited,FY2015,FY,2014-04-01,2015-03-31,2015-Q1,2015-05-07,Capital expenditures,company_reported_capex,"RMB7,705 million",CNY,RMB millions,7705000000,SRC-BABA-019,B,https://data.alibabagroup.com/ecms-files/1532295521/d97a7c2f-7a14-4d71-a2b3-5d833db5b53a.pdf,Results announcement,REPORTED,,scope=capex_ppe_incl_land_use_rights_and_cip,NOT STATED,NOT STATED,NO (land use rights included),NO,FALSE,FALSE,"Verbatim: ""Capital expenditures in fiscal year 2015 were RMB7,705 million"""
OBS-ALIBABA-01081,alibaba,Alibaba Group Holding Limited,FY2015,Q2,2014-07-01,2014-09-30,2014-Q3,2014-11-04,Capital expenditures,company_reported_capex,"RMB3,396 million",CNY,RMB millions,3396000000,SRC-BABA-015,B,https://data.alibabagroup.com/ecms-files/1532295521/b88a89b6-d9b8-4598-a424-118a7ad9318b.pdf,"Results announcement, liquidity / investing activities discussion",REPORTED,,scope=capex_ppe_incl_land_use_rights_and_cip,NOT STATED,NOT STATED,NO (land use rights included),NO,FALSE,FALSE,"Verbatim: ""Capital expenditures in the quarter ended September 30, 2014 were RMB3,396 million"""
OBS-ALIBABA-01082,alibaba,Alibaba Group Holding Limited,FY2015,Q3,2014-10-01,2014-12-31,2014-Q4,2015-01-29,Capital expenditures,company_reported_capex,"RMB1,513 million",CNY,RMB millions,1513000000,SRC-BABA-018,B,https://data.alibabagroup.com/ecms-files/1532295521/60a32f52-d4ad-4192-99e4-aedbf4823fac.pdf,"Results announcement, liquidity / investing activities discussion",REPORTED,,scope=capex_ppe_incl_land_use_rights_and_cip,NOT STATED,NOT STATED,NO (land use rights included),NO,FALSE,FALSE,"Verbatim: ""Capital expenditures in the quarter ended December 31, 2014 were RMB1,513 million"""
OBS-ALIBABA-01083,alibaba,Alibaba Group Holding Limited,FY2015,Q4,2015-01-01,2015-03-31,2015-Q1,2015-05-07,Capital expenditures,company_reported_capex,"RMB1,489 million",CNY,RMB millions,1489000000,SRC-BABA-019,B,https://data.alibabagroup.com/ecms-files/1532295521/d97a7c2f-7a14-4d71-a2b3-5d833db5b53a.pdf,"Results announcement, liquidity / investing activities discussion",REPORTED,,scope=capex_ppe_incl_land_use_rights_and_cip,NOT STATED,NOT STATED,NO (land use rights included),NO,FALSE,FALSE,"Verbatim: ""Capital expenditures in the quarter ended March 31, 2015 were RMB1,489 million"""
OBS-ALIBABA-01084,alibaba,Alibaba Group Holding Limited,FY2016,Q1,2015-04-01,2015-06-30,2015-Q2,2015-08-12,Capital expenditures,company_reported_capex,"RMB1,787 million",CNY,RMB millions,1787000000,SRC-BABA-021,B,https://data.alibabagroup.com/ecms-files/1532295521/5b899736-fe9e-4fae-9607-533c1bb30974.pdf,"Results announcement, liquidity / investing activities discussion",REPORTED,,scope=capex_ppe_incl_land_use_rights_and_cip,NOT STATED,NOT STATED,NO (land use rights included),NO,FALSE,FALSE,"Verbatim: ""Capital expenditures in the quarter ended June 30, 2015 were RMB1,787 million"""
OBS-ALIBABA-01085,alibaba,Alibaba Group Holding Limited,FY2016,FY,2015-04-01,2016-03-31,2016-Q1,2016-05-05,Capital expenditures,company_reported_capex,"RMB10,845 million",CNY,RMB millions,10845000000,SRC-BABA-024,B,https://data.alibabagroup.com/ecms-files/1532295521/fb1c435b-b39b-48d7-9817-251aea07e118.pdf,"Results announcement, fiscal-year investing activities",REPORTED,,scope=capex_ppe_incl_land_use_rights_and_cip,NOT STATED,NOT STATED,NO (land use rights included),NO,FALSE,FALSE,"Verbatim: ""cash used in investing activities of RMB42,831 million (US$6,643 million) mainly included investment and acquisition activities of RMB40,994 million (US$6,358 million) primarily in local services, med"""
OBS-ALIBABA-01086,alibaba,Alibaba Group Holding Limited,FY2016,Q2,2015-07-01,2015-09-30,2015-Q3,2015-10-27,Capital expenditures,company_reported_capex,"RMB3,177 million",CNY,RMB millions,3177000000,SRC-BABA-022,B,https://data.alibabagroup.com/ecms-files/1532295521/0015d9e5-e2b3-4982-8d52-6ba804db3729.pdf,"Results announcement, liquidity / investing activities discussion",REPORTED,,scope=capex_ppe_incl_land_use_rights_and_cip,NOT STATED,NOT STATED,NO (land use rights included),NO,FALSE,FALSE,"Verbatim: "" activities of RMB5,676 million (US$893 million) as well as capital expenditures of RMB3,177 million (US$500 million), which included cash outflow for acquisition of land use rights and construction i"""
OBS-ALIBABA-01087,alibaba,Alibaba Group Holding Limited,FY2016,Q3,2015-10-01,2015-12-31,2015-Q4,2016-01-28,Capital expenditures,company_reported_capex,"RMB4,896 million",CNY,RMB millions,4896000000,SRC-BABA-023,B,https://data.alibabagroup.com/ecms-files/1532295521/a12c2f95-680d-405d-8f11-6436679038d8.pdf,"Results announcement, liquidity / investing activities discussion",REPORTED,,scope=capex_ppe_incl_land_use_rights_and_cip,NOT STATED,NOT STATED,NO (land use rights included),NO,FALSE,FALSE,"Verbatim: ""hnologies, ecommerce, travel and local services, as well as capital expenditures of RMB4,896 million (US$756 million), which included cash outflow for acquisition of land use rights and construction i"""
OBS-ALIBABA-01088,alibaba,Alibaba Group Holding Limited,FY2016,Q4,2016-01-01,2016-03-31,2016-Q1,2016-05-05,Capital expenditures,company_reported_capex,RMB985 million,CNY,RMB millions,985000000,SRC-BABA-024,B,https://data.alibabagroup.com/ecms-files/1532295521/fb1c435b-b39b-48d7-9817-251aea07e118.pdf,"Results announcement, liquidity / investing activities discussion",REPORTED,,scope=capex_ppe_incl_land_use_rights_and_cip,NOT STATED,NOT STATED,NO (land use rights included),NO,FALSE,FALSE,"Verbatim: ""vestments in Ele.me, Cainiao Network and Koubei, as well as capital expenditures of RMB985 million (US$153 million), which included cash outflow for acquisition of land use rights and construction in """
OBS-ALIBABA-01089,alibaba,Alibaba Group Holding Limited,FY2017,Q1,2016-04-01,2016-06-30,2016-Q2,2016-08-11,Capital expenditures,company_reported_capex,"RMB3,259 million",CNY,RMB millions,3259000000,SRC-BABA-026,B,https://data.alibabagroup.com/ecms-files/1532295521/0ee2f6d6-07c9-457e-b445-e657cecb3622.pdf,"Results announcement, liquidity / investing activities discussion",REPORTED,,scope=capex_ppe_incl_land_use_rights_and_cip,NOT STATED,NOT STATED,NO (land use rights included),NO,FALSE,FALSE,"Verbatim: ""ou and Lazada and investment in Suning Commerce, as well as capital expenditures of RMB3,259 million (US$490 million), which included cash outflow for acquisition of land use rights and construction i"""
OBS-ALIBABA-01090,alibaba,Alibaba Group Holding Limited,FY2017,Q2,2016-07-01,2016-09-30,2016-Q3,2016-11-02,Capital expenditures,company_reported_capex,"RMB3,579 million",CNY,RMB millions,3579000000,SRC-BABA-027,B,https://data.alibabagroup.com/ecms-files/1532295521/caa00ede-9b64-4173-9b76-40991c47ead7.pdf,"Results announcement, liquidity / investing activities discussion",REPORTED,,scope=capex_ppe_incl_land_use_rights_and_cip,NOT STATED,NOT STATED,NO (land use rights included),NO,FALSE,FALSE,"Verbatim: ""on) for investments, mainly in Ele.me and Weibo, as well as capital expenditures of RMB3,579 million (US$537 million), which included cash outflow for acquisition of land use rights and construction i"""
OBS-ALIBABA-01091,alibaba,Alibaba Group Holding Limited,FY2017,Q3,2016-10-01,2016-12-31,2016-Q4,2017-01-24,Capital expenditures,company_reported_capex,"RMB7,301 million",CNY,RMB millions,7301000000,SRC-BABA-028,B,https://data.alibabagroup.com/ecms-files/1532295521/ee88d92f-3831-4818-9053-6bddb87b442e.pdf,"Results announcement, liquidity / investing activities discussion",REPORTED,,scope=capex_ppe_incl_land_use_rights_and_cip,NOT STATED,NOT STATED,NO (land use rights included),NO,FALSE,FALSE,"Verbatim: ""B1,961 million (US$282 million) for investments, as well as capital expenditures of RMB7,301 million (US$1,052 million), which included cash outflow for acquisition of land use rights and construction"""
OBS-ALIBABA-01092,alibaba,Alibaba Group Holding Limited,FY2019,FY,2018-04-01,2019-03-31,2019-Q1,2019-05-15,Capital expenditures,company_reported_capex,"RMB35,482 million",CNY,RMB millions,35482000000,SRC-BABA-041,B,https://data.alibabagroup.com/ecms-files/1532295521/f71f803e-c4ea-4833-a36e-f82e20e1cd73.pdf,"Results announcement, fiscal-year investing activities",REPORTED,,scope=capex_ppe_incl_land_use_rights_and_cip,NOT STATED,NOT STATED,NO (land use rights included),NO,FALSE,FALSE,"Verbatim: ""sed in investing activities of RMB151,060 million (US$22,509 million) primarily reflected (i) cash outflow of RMB119,766 million (US$17,846 million) for investment and acquisition activities, includin"""
OBS-ALIBABA-01093,alibaba,Alibaba Group Holding Limited,FY2019,Q2,2018-07-01,2018-09-30,2018-Q3,2018-11-02,Capital expenditures,company_reported_capex,"RMB12,394 million",CNY,RMB millions,12394000000,SRC-BABA-039,B,https://data.alibabagroup.com/ecms-files/1532295521/1bc4b029-4de5-4c84-8ffd-1587b1fa94c3.pdf,"Results announcement, liquidity / investing activities discussion",REPORTED,,scope=capex_ppe_incl_land_use_rights_and_cip,NOT STATED,NOT STATED,NO (land use rights included),NO,FALSE,FALSE,"Verbatim: ""cquisition of Trendyol and investments in Focus Media, (ii) capital expenditures of RMB12,394 million (US$1,805 million), which included cash outflow for acquisition of land use rights and constructio"""
OBS-ALIBABA-01094,alibaba,Alibaba Group Holding Limited,FY2019,Q3,2018-10-01,2018-12-31,2018-Q4,2019-01-30,Capital expenditures,company_reported_capex,"RMB10,100 million",CNY,RMB millions,10100000000,SRC-BABA-040,B,https://data.alibabagroup.com/ecms-files/1532295521/2826f4ed-56cc-40bf-905b-ee04045a0db1.pdf,"Results announcement, liquidity / investing activities discussion",REPORTED,,scope=capex_ppe_incl_land_use_rights_and_cip,NOT STATED,NOT STATED,NO (land use rights included),NO,FALSE,FALSE,"Verbatim: ""s, including investments in Focus Media and Tokopedia, (ii) capital expenditures of RMB10,100 million (US$1,469 million), which included cash outflow for acquisition of land use rights and constructio"""
OBS-ALIBABA-01095,alibaba,Alibaba Group Holding Limited,FY2019,Q4,2019-01-01,2019-03-31,2019-Q1,2019-05-15,Capital expenditures,company_reported_capex,"RMB6,537 million",CNY,RMB millions,6537000000,SRC-BABA-041,B,https://data.alibabagroup.com/ecms-files/1532295521/f71f803e-c4ea-4833-a36e-f82e20e1cd73.pdf,"Results announcement, liquidity / investing activities discussion",REPORTED,,scope=capex_ppe_incl_land_use_rights_and_cip,NOT STATED,NOT STATED,NO (land use rights included),NO,FALSE,FALSE,"Verbatim: ""ng those relating to STO Express and iKang Healthcare, (ii) capital expenditures of RMB6,537 million (US$973 million), which included cash outflow for acquisition of land use rights and construction i"""
OBS-ALIBABA-01096,alibaba,Alibaba Group Holding Limited,FY2020,Q1,2019-04-01,2019-06-30,2019-Q2,2019-08-15,Capital expenditures,company_reported_capex,"RMB6,382 million",CNY,RMB millions,6382000000,SRC-BABA-043,B,https://data.alibabagroup.com/ecms-files/1532295521/e50224c9-2e5e-457e-a801-509c1417619f.pdf,"Results announcement, liquidity / investing activities discussion",REPORTED,,scope=capex_ppe_incl_land_use_rights_and_cip,NOT STATED,NOT STATED,NO (land use rights included),NO,FALSE,FALSE,"Verbatim: ""se relating to Red Star Macalline and China TransInfo, (ii) capital expenditures of RMB6,382 million (US$930 million), which included cash outflow for acquisition of land use rights and construction i"""
OBS-ALIBABA-01097,alibaba,Alibaba Group Holding Limited,FY2020,FY,2019-04-01,2020-03-31,2020-Q1,2020-05-22,Capital expenditures,company_reported_capex,"RMB32,550 million",CNY,RMB millions,32550000000,SRC-BABA-050,B,https://data.alibabagroup.com/ecms-files/1532295521/09046238-b133-4c78-8578-ade171e56e72.pdf,"Results announcement, fiscal-year investing activities",REPORTED,,scope=capex_ppe_incl_land_use_rights_and_cip,NOT STATED,NOT STATED,NO (land use rights included),NO,FALSE,FALSE,"Verbatim: ""imarily reflected (i) cash outflow of RMB56,873 million (US$8,032 million) for investment and acquisition activities, including the acquisition of Kaola and investment in Meinian Onehealth Healthcare,"""
OBS-ALIBABA-01098,alibaba,Alibaba Group Holding Limited,FY2020,Q2,2019-07-01,2019-09-30,2019-Q3,2019-11-01,Capital expenditures,company_reported_capex,"RMB9,826 million",CNY,RMB millions,9826000000,SRC-BABA-044,B,https://data.alibabagroup.com/ecms-files/1532295521/513861b5-9aa2-4104-9644-aaffcb082fd8.pdf,"Results announcement, liquidity / investing activities discussion",REPORTED,,scope=capex_ppe_incl_land_use_rights_and_cip,NOT STATED,NOT STATED,NO (land use rights included),NO,FALSE,FALSE,"Verbatim: "" relating to STO Express and the acquisition of Kaola, (ii) capital expenditures of RMB9,826 million (US$1,375 million), which included cash outflow for the acquisition of land use rights and construc"""
OBS-ALIBABA-01099,alibaba,Alibaba Group Holding Limited,FY2020,Q3,2019-10-01,2019-12-31,2019-Q4,2020-02-13,Capital expenditures,company_reported_capex,"RMB6,659 million",CNY,RMB millions,6659000000,SRC-BABA-049,B,https://data.alibabagroup.com/ecms-files/1532295521/7a6bb4f9-90e6-4a26-81ac-10f3a7656fc6.pdf,"Results announcement, liquidity / investing activities discussion",REPORTED,,scope=capex_ppe_incl_land_use_rights_and_cip,NOT STATED,NOT STATED,NO (land use rights included),NO,FALSE,FALSE,"Verbatim: "" Kaola and investment in Meinian Onehealth Healthcare, (ii) capital expenditures of RMB6,659 million (US$956 million), which included cash outflow for the acquisition of land use rights and constructi"""
OBS-ALIBABA-01100,alibaba,Alibaba Group Holding Limited,FY2020,Q4,2020-01-01,2020-03-31,2020-Q1,2020-05-22,Capital expenditures,company_reported_capex,"RMB9,683 million",CNY,RMB millions,9683000000,SRC-BABA-050,B,https://data.alibabagroup.com/ecms-files/1532295521/09046238-b133-4c78-8578-ade171e56e72.pdf,"Results announcement, liquidity / investing activities discussion",REPORTED,,scope=capex_ppe_incl_land_use_rights_and_cip,NOT STATED,NOT STATED,NO (land use rights included),NO,FALSE,FALSE,"Verbatim: ""m investments by RMB26,919 million (US$3,802 million), (ii) capital expenditures of RMB9,683 million (US$1,367 million), which included cash outflow for acquisition of land use rights and construction"""
OBS-ALIBABA-01101,alibaba,Alibaba Group Holding Limited,FY2021,Q1,2020-04-01,2020-06-30,2020-Q2,2020-08-20,Capital expenditures,company_reported_capex,"RMB13,638 million",CNY,RMB millions,13638000000,SRC-BABA-052,B,https://data.alibabagroup.com/ecms-files/1532295521/0c0aaf4b-fd90-4708-a9fc-e5d9ed1199a4.pdf,"Results announcement, liquidity / investing activities discussion",REPORTED,,scope=capex_ppe_incl_land_use_rights_and_cip,NOT STATED,NOT STATED,NO (land use rights included),NO,FALSE,FALSE,"Verbatim: ""nvestments by RMB44,009 million 16 (US$6,229 million), (ii) capital expenditures of RMB13,638 million (US$1,930 million), which included cash outflow for acquisition of land use rights and constructio"""
OBS-ALIBABA-01102,alibaba,Alibaba Group Holding Limited,FY2021,FY,2020-04-01,2021-03-31,2021-Q1,2021-05-13,Capital expenditures,company_reported_capex,"RMB41,450 million",CNY,RMB millions,41450000000,SRC-BABA-059,B,https://data.alibabagroup.com/ecms-files/1532295521/69d0f33f-cc3f-48e8-b2ca-accf5801d63f.pdf,"Results announcement, fiscal-year investing activities",REPORTED,,scope=capex_ppe_incl_land_use_rights_and_cip,NOT STATED,NOT STATED,NO (land use rights included),NO,FALSE,FALSE,"Verbatim: ""se in short-term investments by RMB114,826 million (US$17,526 million), (ii) cash outflow of RMB95,312 million (US$14,547 million) for investment and acquisition activities, including the acquisition """
OBS-ALIBABA-01103,alibaba,Alibaba Group Holding Limited,FY2021,Q2,2020-07-01,2020-09-30,2020-Q3,2020-11-05,Capital expenditures,company_reported_capex,"RMB14,280 million",CNY,RMB millions,14280000000,SRC-BABA-053,B,https://data.alibabagroup.com/ecms-files/1532295521/29052aaa-739d-4725-bbd3-e1654f0afcfd.pdf,"Results announcement, liquidity / investing activities discussion",REPORTED,,scope=capex_ppe_incl_land_use_rights_and_cip,NOT STATED,NOT STATED,NO (land use rights included),NO,FALSE,FALSE,"Verbatim: "" the investments in YTO Express and Xpeng, as well as (iii) capital expenditures of RMB14,280 million (US$2,103 million), which included cash outflow for acquisition of land use rights and constructio"""
OBS-ALIBABA-01104,alibaba,Alibaba Group Holding Limited,FY2021,Q3,2020-10-01,2020-12-31,2020-Q4,2021-02-02,Capital expenditures,company_reported_capex,"RMB5,844 million",CNY,RMB millions,5844000000,SRC-BABA-057,B,https://data.alibabagroup.com/ecms-files/1532295521/925581a3-4484-48f3-b4f9-949c2d3cec5b.pdf,"Results announcement, liquidity / investing activities discussion",REPORTED,,scope=capex_ppe_incl_land_use_rights_and_cip,NOT STATED,NOT STATED,NO (land use rights included),NO,FALSE,FALSE,"Verbatim: ""s by RMB28,433 million (US$4,358 million), as well as (iii) capital expenditures of RMB5,844 million (US$895 million), which included cash outflow for acquisition of land use rights and construction i"""
OBS-ALIBABA-01105,alibaba,Alibaba Group Holding Limited,FY2021,Q4,2021-01-01,2021-03-31,2021-Q1,2021-05-13,Capital expenditures,company_reported_capex,"RMB7,688 million",CNY,RMB millions,7688000000,SRC-BABA-059,B,https://data.alibabagroup.com/ecms-files/1532295521/69d0f33f-cc3f-48e8-b2ca-accf5801d63f.pdf,"Results announcement, liquidity / investing activities discussion",REPORTED,,scope=capex_ppe_incl_land_use_rights_and_cip,NOT STATED,NOT STATED,NO (land use rights included),NO,FALSE,FALSE,"Verbatim: ""ts by RMB7,846 million (US$1,198 million), as well as (iii) capital expenditures of RMB7,688 million (US$1,173 million), which included cash outflow for acquisition of land use rights and construction"""
OBS-ALIBABA-01106,alibaba,Alibaba Group Holding Limited,FY2022,Q1,2021-04-01,2021-06-30,2021-Q2,2021-08-03,Capital expenditures,company_reported_capex,"RMB12,518 million",CNY,RMB millions,12518000000,SRC-BABA-061,B,https://data.alibabagroup.com/ecms-files/1532295521/792ccd5e-10b0-42ca-9aef-0453ffffaddc.pdf,"Results announcement, liquidity / investing activities discussion",REPORTED,,scope=capex_ppe_incl_land_use_rights_and_cip,NOT STATED,NOT STATED,NO (land use rights included),NO,FALSE,FALSE,"Verbatim: ""m investments by RMB27,832 million (US$4,311 million), (ii) capital expenditures of RMB12,518 million (US$1,939 million), which included cash outflow for acquisition of land use rights and constructio"""
OBS-ALIBABA-01107,alibaba,Alibaba Group Holding Limited,FY2022,FY,2021-04-01,2022-03-31,2022-Q1,2022-05-26,Capital expenditures,company_reported_capex,"RMB53,309 million",CNY,RMB millions,53309000000,SRC-BABA-065,B,https://data.alibabagroup.com/ecms-files/1532295521/34596e84-ff0c-4522-bbc8-82a8c49c0bba.pdf,"Results announcement, fiscal-year investing activities",REPORTED,,scope=capex_ppe_incl_land_use_rights_and_cip,NOT STATED,NOT STATED,NO (land use rights included),NO,FALSE,FALSE,"Verbatim: ""During fiscal year 2022, net cash used in investing activities of RMB198,592 million (US$31,327 million) primarily reflected (i) an increase in short-term investments by RMB106,984 million (US$16,876 """
OBS-ALIBABA-01108,alibaba,Alibaba Group Holding Limited,FY2022,Q2,2021-07-01,2021-09-30,2021-Q3,2021-11-18,Capital expenditures,company_reported_capex,"RMB15,938 million",CNY,RMB millions,15938000000,SRC-BABA-062,B,https://data.alibabagroup.com/ecms-files/1532295521/0dd0aa50-0431-4a9c-a612-dac40147bc22.pdf,"Results announcement, liquidity / investing activities discussion",REPORTED,,scope=capex_ppe_incl_land_use_rights_and_cip,NOT STATED,NOT STATED,NO (land use rights included),NO,FALSE,FALSE,"Verbatim: ""illion) for investment and acquisition activities, and (ii) capital expenditures of RMB15,938 million (US$2,474 million), which included cash outflow for acquisition of land use rights and constructio"""
OBS-ALIBABA-01109,alibaba,Alibaba Group Holding Limited,FY2022,Q3,2021-10-01,2021-12-31,2021-Q4,2022-02-24,Capital expenditures,company_reported_capex,"RMB13,351 million",CNY,RMB millions,13351000000,SRC-BABA-064,B,https://data.alibabagroup.com/ecms-files/1532295521/112489f7-3c86-4db8-9ab6-42a3357c9959.pdf,"Results announcement, liquidity / investing activities discussion",REPORTED,,scope=capex_ppe_incl_land_use_rights_and_cip,NOT STATED,NOT STATED,NO (land use rights included),NO,FALSE,FALSE,"Verbatim: ""m investments by RMB15,450 million (US$2,424 million), (ii) capital expenditures of RMB13,351 million (US$2,095 million), which included cash outflow for acquisition of land use rights and constructio"""
OBS-ALIBABA-01110,alibaba,Alibaba Group Holding Limited,FY2022,Q4,2022-01-01,2022-03-31,2022-Q1,2022-05-26,Capital expenditures,company_reported_capex,"RMB11,502 million",CNY,RMB millions,11502000000,SRC-BABA-065,B,https://data.alibabagroup.com/ecms-files/1532295521/34596e84-ff0c-4522-bbc8-82a8c49c0bba.pdf,"Results announcement, liquidity / investing activities discussion",REPORTED,,scope=capex_ppe_incl_land_use_rights_and_cip,NOT STATED,NOT STATED,NO (land use rights included),NO,FALSE,FALSE,"Verbatim: "" investments by RMB71,670 million (US$11,306 million), (ii) capital expenditures of RMB11,502 million (US$1,814 million), which included cash outflow for acquisition of land use rights and constructio"""
OBS-ALIBABA-01111,alibaba,Alibaba Group Holding Limited,FY2023,Q1,2022-04-01,2022-06-30,2022-Q2,2022-08-04,Capital expenditures,company_reported_capex,"RMB11,843 million",CNY,RMB millions,11843000000,SRC-BABA-067,B,https://data.alibabagroup.com/ecms-files/1532295521/fceda7a9-57ee-423d-a357-147f796a95e8.pdf,"Results announcement, liquidity / investing activities discussion",REPORTED,,scope=capex_ppe_incl_land_use_rights_and_cip,NOT STATED,NOT STATED,NO (land use rights included),NO,FALSE,FALSE,"Verbatim: ""m investments by RMB14,130 million (US$2,110 million), (ii) capital expenditures of RMB11,843 million (US$1,768 million), as well as (iii) cash outflow of RMB4,537 million (US$677 million) for investm"""
OBS-ALIBABA-01112,alibaba,Alibaba Group Holding Limited,FY2023,FY,2022-04-01,2023-03-31,2023-Q1,2023-05-18,Capital expenditures,company_reported_capex,"RMB34,330 million",CNY,RMB millions,34330000000,SRC-BABA-071,B,https://data.alibabagroup.com/ecms-files/1532295521/e6f712b2-580c-4adf-ae1b-77c15c1ac262/Alibaba%20Group%20Announces%20March%20Quarter%20and%20Full%20Fiscal%20Year%202023%20Results.pdf,"Results announcement, fiscal-year investing activities",REPORTED,,scope=capex_ppe_incl_land_use_rights_and_cip,NOT STATED,NOT STATED,NO (land use rights included),NO,FALSE,FALSE,"Verbatim: ""nvesting activities of RMB135,506 million (US$19,731 million) primarily reflected (i) an increase in short-term investments by RMB61,086 million (US$8,895 million), (ii) an increase in other treasury """
OBS-ALIBABA-01113,alibaba,Alibaba Group Holding Limited,FY2023,Q2,2022-07-01,2022-09-30,2022-Q3,2022-11-17,Capital expenditures,company_reported_capex,"RMB12,112 million",CNY,RMB millions,12112000000,SRC-BABA-068,B,https://data.alibabagroup.com/ecms-files/1532295521/7bfce448-276b-4f77-8f50-ad183a04b45a.pdf,"Results announcement, liquidity / investing activities discussion",REPORTED,,scope=capex_ppe_incl_land_use_rights_and_cip,NOT STATED,NOT STATED,NO (land use rights included),NO,FALSE,FALSE,"Verbatim: ""RMB8,148 million (US$1,145 million) primarily reflected (i) capital expenditures of RMB12,112 million (US$1,703 million), (ii) cash outflow of RMB6,049 million (US$850 million) for investment and acqu"""
OBS-ALIBABA-01114,alibaba,Alibaba Group Holding Limited,FY2023,Q3,2022-10-01,2022-12-31,2022-Q4,2023-02-23,Capital expenditures,company_reported_capex,"RMB6,897 million",CNY,RMB millions,6897000000,SRC-BABA-070,B,https://data.alibabagroup.com/ecms-files/1532295521/27a80f3a-8bb0-480f-9fdf-ca19569e59f5/Alibaba%20Group%20Announces%20December%20Quarter%202022%20Results.pdf,"Results announcement, liquidity / investing activities discussion",REPORTED,,scope=capex_ppe_incl_land_use_rights_and_cip,NOT STATED,NOT STATED,NO (land use rights included),NO,FALSE,FALSE,"Verbatim: "" investments by RMB19,991 million (US$2,898 million), (iii) capital expenditures of RMB6,897 million (US$1,000 million), and (iv) cash outflow of RMB5,496 million (US$797 million) for investment and a"""
OBS-ALIBABA-01115,alibaba,Alibaba Group Holding Limited,FY2023,Q4,2023-01-01,2023-03-31,2023-Q1,2023-05-18,Capital expenditures,company_reported_capex,"RMB3,478 million",CNY,RMB millions,3478000000,SRC-BABA-071,B,https://data.alibabagroup.com/ecms-files/1532295521/e6f712b2-580c-4adf-ae1b-77c15c1ac262/Alibaba%20Group%20Announces%20March%20Quarter%20and%20Full%20Fiscal%20Year%202023%20Results.pdf,"Results announcement, liquidity / investing activities discussion",REPORTED,,scope=capex_ppe_incl_land_use_rights_and_cip,NOT STATED,NOT STATED,NO (land use rights included),NO,FALSE,FALSE,"Verbatim: ""illion) for investment and acquisition activities, and (iv) capital expenditures of RMB3,478 million (US$506 million). These cash outflows were partially offset by cash inflow of RMB8,970 million (US$"""
OBS-ALIBABA-01116,alibaba,Alibaba Group Holding Limited,FY2024,Q1,2023-04-01,2023-06-30,2023-Q2,2023-08-10,Capital expenditures,company_reported_capex,"RMB6,927 million",CNY,RMB millions,6927000000,SRC-BABA-073,B,https://data.alibabagroup.com/ecms-files/1532295521/3786c801-0efd-406a-a8a8-3c6934905558/Alibaba%20Group%20Announces%20June%20Quarter%202023%20Results.pdf,"Results announcement, liquidity / investing activities discussion",REPORTED,,scope=capex_ppe_incl_land_use_rights_and_cip,NOT STATED,NOT STATED,NO (land use rights included),NO,FALSE,FALSE,"Verbatim: ""y investments by RMB32,597 million (US$4,495 million), (ii) capital expenditures of RMB6,927 million (US$955 million) and (iii) cash outflow of RMB2,707 million (US$373 million) for investment and acq"""
OBS-ALIBABA-01117,alibaba,Alibaba Group Holding Limited,FY2024,FY,2023-04-01,2024-03-31,2024-Q1,2024-05-14,Capital expenditures,company_reported_capex,"RMB32,087 million",CNY,RMB millions,32087000000,SRC-BABA-078,B,https://data.alibabagroup.com/ecms-files/1532295521/afdeaf9e-5dd7-4a18-8ff0-968a6807f09d/Alibaba%20Group%20Announces%20March%20Quarter%202024%20and%20Fiscal%20Year%202024%20Results.pdf,"Results announcement, fiscal-year investing activities",REPORTED,,scope=capex_ppe_incl_land_use_rights_and_cip,NOT STATED,NOT STATED,NO (land use rights included),NO,FALSE,FALSE,"Verbatim: ""During fiscal year 2024, net cash used in investing activities of RMB21,824 million (US$3,023 million) primarily reflected (i) an increase in other treasury investments by RMB64,392 million (US$8,918 """
OBS-ALIBABA-01118,alibaba,Alibaba Group Holding Limited,FY2024,Q2,2023-07-01,2023-09-30,2023-Q3,2023-11-16,Capital expenditure,company_reported_capex,"RMB5,150 million",CNY,RMB millions,5150000000,SRC-BABA-074,B,https://data.alibabagroup.com/ecms-files/1532295521/d838b84e-0823-43cb-a482-80e00daa6d2b/Alibaba%20Group%20Announces%20September%20Quarter%202023%20Results.pdf,"Results announcement, liquidity / investing activities discussion",REPORTED,,scope=capex_ppe_incl_land_use_rights_and_cip,NOT STATED,NOT STATED,NO (land use rights included),NO,FALSE,FALSE,"Verbatim: ""y investments by RMB9,342 million (US$1,280 million), (iii) capital expenditure of RMB5,150 million (US$706 million), and (iv) cash outflow of RMB2,776 million (US$381 million) for investment and acqu"""
OBS-ALIBABA-01119,alibaba,Alibaba Group Holding Limited,FY2024,Q3,2023-10-01,2023-12-31,2023-Q4,2024-02-07,Capital expenditure,company_reported_capex,"RMB8,857 million",CNY,RMB millions,8857000000,SRC-BABA-076,B,https://data.alibabagroup.com/ecms-files/1532295521/8d278cf5-0e7b-4374-aa60-a184ddeb571a/Alibaba%20Group%20Announces%20December%20Quarter%202023%20Results.pdf,"Results announcement, liquidity / investing activities discussion",REPORTED,,scope=capex_ppe_incl_land_use_rights_and_cip,NOT STATED,NOT STATED,NO (land use rights included),NO,FALSE,FALSE,"Verbatim: ""y investments by RMB14,559 million (US$2,051 million), (ii) capital expenditure of RMB8,857 million (US$1,247 million), (iii) an increase in short-term investments by RMB5,477 million (US$771 million)"""
OBS-ALIBABA-01120,alibaba,Alibaba Group Holding Limited,FY2024,Q4,2024-01-01,2024-03-31,2024-Q1,2024-05-14,Capital expenditures,company_reported_capex,"RMB11,153 million",CNY,RMB millions,11153000000,SRC-BABA-078,B,https://data.alibabagroup.com/ecms-files/1532295521/afdeaf9e-5dd7-4a18-8ff0-968a6807f09d/Alibaba%20Group%20Announces%20March%20Quarter%202024%20and%20Fiscal%20Year%202024%20Results.pdf,"Results announcement, liquidity / investing activities discussion",REPORTED,,scope=capex_ppe_incl_land_use_rights_and_cip,NOT STATED,NOT STATED,NO (land use rights included),NO,FALSE,FALSE,"Verbatim: ""f investments. These cash inflows were partly offset by (i) capital expenditures of RMB11,153 million (US$1,545 million), (ii) cash outflow of RMB10,653 million (US$1,475 million) for investment and a"""
OBS-ALIBABA-01121,alibaba,Alibaba Group Holding Limited,FY2025,Q1,2024-04-01,2024-06-30,2024-Q2,2024-08-15,Capital expenditure,company_reported_capex,"RMB12,094 million",CNY,RMB millions,12094000000,SRC-BABA-080,B,https://data.alibabagroup.com/ecms-files/1532295521/a28fac87-995c-4e9a-8c0d-117023fa13fb/Alibaba%20Group%20Announces%20June%20Quarter%202024%20Results.pdf,"Results announcement, liquidity / investing activities discussion",REPORTED,,scope=capex_ppe_incl_land_use_rights_and_cip,NOT STATED,NOT STATED,NO (land use rights included),NO,FALSE,FALSE,"Verbatim: ""investments by RMB112,148 million (US$15,432 million), (ii) capital expenditure of RMB12,094 million (US$1,664 million), and (iii) cash outflow of RMB1,769 million (US$243 million) for investment and """
OBS-ALIBABA-01122,alibaba,Alibaba Group Holding Limited,FY2025,FY,2024-04-01,2025-03-31,2025-Q1,2025-05-15,Capital expenditures,company_reported_capex,"RMB85,972 million",CNY,RMB millions,85972000000,SRC-BABA-087,B,https://data.alibabagroup.com/ecms-files/1532295521/83f92d1d-d36f-4ecd-a56c-2d3c59cb251a/Alibaba%20Group%20Announces%20March%20Quarter%202025%20and%20Fiscal%20Year%202025%20Results.pdf,"Results announcement, fiscal-year investing activities",REPORTED,,scope=capex_ppe_incl_land_use_rights_and_cip,NOT STATED,NOT STATED,NO (land use rights included),NO,FALSE,FALSE,"Verbatim: ""During fiscal year 2025, net cash used in investing activities of RMB185,415 million (US$25,551 million) primarily reflected an increase in other treasury investments by RMB126,041 million (US$17,369 """
OBS-ALIBABA-01123,alibaba,Alibaba Group Holding Limited,FY2025,Q2,2024-07-01,2024-09-30,2024-Q3,2024-11-15,Capital expenditures,company_reported_capex,"RMB17,491 million",CNY,RMB millions,17491000000,SRC-BABA-082,B,https://data.alibabagroup.com/ecms-files/1532295521/0cfe1fbc-94d9-4e25-a163-7e9fcab9fcb8/Alibaba%20Group%20Announces%20September%20Quarter%202024%20Results.pdf,"Results announcement, liquidity / investing activities discussion",REPORTED,,scope=capex_ppe_incl_land_use_rights_and_cip,NOT STATED,NOT STATED,NO (land use rights included),NO,FALSE,FALSE,"Verbatim: ""f investments. These cash inflows were partly offset by (i) capital expenditures of RMB17,491 million (US$2,492 million), and (ii) cash outflow of RMB4,038 million (US$575 million) for investment and """
OBS-ALIBABA-01124,alibaba,Alibaba Group Holding Limited,FY2025,Q3,2024-10-01,2024-12-31,2024-Q4,2025-02-20,Capital expenditures,company_reported_capex,"RMB31,775 million",CNY,RMB millions,31775000000,SRC-BABA-086,B,https://data.alibabagroup.com/ecms-files/1532295521/de0aaac9-4fd5-4a17-8762-526616f36ca8/Alibaba%20Group%20Announces%20December%20Quarter%202024%20Results.pdf,"Results announcement, liquidity / investing activities discussion",REPORTED,,scope=capex_ppe_incl_land_use_rights_and_cip,NOT STATED,NOT STATED,NO (land use rights included),NO,FALSE,FALSE,"Verbatim: ""rm investments by RMB79,819 million (US$10,935 million) and capital expenditures of RMB31,775 million (US$4,353 million). 15 Net cash provided by financing activities """
OBS-ALIBABA-01125,alibaba,Alibaba Group Holding Limited,FY2025,Q4,2025-01-01,2025-03-31,2025-Q1,2025-05-15,Capital expenditures,company_reported_capex,"RMB24,612 million",CNY,RMB millions,24612000000,SRC-BABA-087,B,https://data.alibabagroup.com/ecms-files/1532295521/83f92d1d-d36f-4ecd-a56c-2d3c59cb251a/Alibaba%20Group%20Announces%20March%20Quarter%202025%20and%20Fiscal%20Year%202025%20Results.pdf,"Results announcement, liquidity / investing activities discussion",REPORTED,,scope=capex_ppe_incl_land_use_rights_and_cip,NOT STATED,NOT STATED,NO (land use rights included),NO,FALSE,FALSE,"Verbatim: ""of RMB39,547 million (US$5,450 million) primarily reflected capital expenditures of RMB24,612 million (US$3,392 million) and an increase in other treasury investments by RMB15,248 million (US$2,101 mi"""
OBS-ALIBABA-01126,alibaba,Alibaba Group Holding Limited,FY2026,Q1,2025-04-01,2025-06-30,2025-Q2,2025-08-29,Capital expenditures,company_reported_capex,"RMB38,676 million",CNY,RMB millions,38676000000,SRC-BABA-090,B,https://data.alibabagroup.com/ecms-files/1532295521/d09dd487-1a87-4e17-aa5d-9eb4da7eb56b/Alibaba%20Group%20Announces%20June%20Quarter%202025%20Results.pdf,"Results announcement, liquidity / investing activities discussion",REPORTED,,scope=capex_ppe_incl_land_use_rights_and_cip,NOT STATED,NOT STATED,NO (land use rights included),NO,FALSE,FALSE,"Verbatim: ""(US$1,726 million).These cash inflows were partly offset by capital expenditures of RMB38,676 million (US$5,399 million) and cash outflow of RMB8,429 million (US$1,177 million) for investment and acqu"""
OBS-ALIBABA-01127,alibaba,Alibaba Group Holding Limited,FY2026,FY,2025-04-01,2026-03-31,2026-Q1,2026-05-13,Capital expenditures,company_reported_capex,"RMB126,063 million",CNY,RMB millions,126063000000,SRC-BABA-094,B,https://data.alibabagroup.com/ecms-files/1532295521/5b1cb883-8d00-4237-a148-6631cc12a5d2/Alibaba%20Group%20Announces%20March%20Quarter%202026%20and%20Fiscal%20Year%202026%20Results.pdf,"Results announcement, fiscal-year investing activities",REPORTED,,scope=capex_ppe_incl_land_use_rights_and_cip,NOT STATED,NOT STATED,NO (land use rights included),NO,FALSE,FALSE,"Verbatim: ""During fiscal year 2026, net cash used in investing activities of RMB67,336 million (US$9,762 million) primarily reflected capital expenditures of RMB126,063 million"""
OBS-ALIBABA-01128,alibaba,Alibaba Group Holding Limited,FY2026,Q2,2025-07-01,2025-09-30,2025-Q3,2025-11-25,Capital expenditures,company_reported_capex,"RMB31,501 million",CNY,RMB millions,31501000000,SRC-BABA-091,B,https://data.alibabagroup.com/ecms-files/1532295521/96ebbe16-9309-479f-b628-48b0ccc31b9c/Alibaba%20Group%20Announces%20September%20Quarter%202025%20Results%20and%20Interim%20Results%20for%20the%20Six%20Months%20Ended%20September%2030%2C%202025.pdf,"Results announcement, liquidity / investing activities discussion",REPORTED,,scope=capex_ppe_incl_land_use_rights_and_cip,NOT STATED,NOT STATED,NO (land use rights included),NO,FALSE,FALSE,"Verbatim: ""ury investments by RMB59,135 million (US$8,307 million) and capital expenditures of RMB31,501 million (US$4,425 million), partly offset by net cash inflow of RMB20,682 million (US$2,905 million) for i"""
OBS-ALIBABA-01129,alibaba,Alibaba Group Holding Limited,FY2026,Q3,2025-10-01,2025-12-31,2025-Q4,2026-03-19,Capital expenditures,company_reported_capex,"RMB28,999 million",CNY,RMB millions,28999000000,SRC-BABA-093,B,https://data.alibabagroup.com/ecms-files/1532295521/e48e70a1-e5c8-40ac-bdd2-951ebcb36946/Alibaba%20Group%20Announces%20December%20Quarter%202025%20Results.pdf,"Results announcement, liquidity / investing activities discussion",REPORTED,,scope=capex_ppe_incl_land_use_rights_and_cip,NOT STATED,NOT STATED,NO (land use rights included),NO,FALSE,FALSE,"Verbatim: ""of RMB25,716 million (US$3,677 million) primarily reflected capital expenditures of RMB28,999 million (US$4,147 million), and net cash outflow of RMB6,959 million (US$995 million) for investment and a"""
OBS-ALIBABA-01130,alibaba,Alibaba Group Holding Limited,FY2026,Q4,2026-01-01,2026-03-31,2026-Q1,2026-05-13,Capital expenditures,company_reported_capex,"RMB26,887 million",CNY,RMB millions,26887000000,SRC-BABA-094,B,https://data.alibabagroup.com/ecms-files/1532295521/5b1cb883-8d00-4237-a148-6631cc12a5d2/Alibaba%20Group%20Announces%20March%20Quarter%202026%20and%20Fiscal%20Year%202026%20Results.pdf,"Results announcement, liquidity / investing activities discussion",REPORTED,,scope=capex_ppe_incl_land_use_rights_and_cip,NOT STATED,NOT STATED,NO (land use rights included),NO,FALSE,FALSE,"Verbatim: ""rom investment and acquisition activities, partly offset by capital expenditures of RMB26,887 million (US$3,898 million). Net cash used in financing activities """
OBS-ALIBABA-01131,alibaba,Alibaba Group Holding Limited,FY2027,Q1,2026-04-01,2026-06-30,2026-Q2,,Capital expenditures,company_reported_capex,"RMB67,678 million",CNY,RMB millions,67678000000,SRC-BABA-006,A,https://www.sec.gov/Archives/edgar/data/1577552/000110465926099220/tm2623667d1_ex99-1.htm,"Results announcement, liquidity / investing activities discussion",REPORTED,,scope=capex_ppe_incl_land_use_rights_and_cip,NOT STATED,NOT STATED,NO (land use rights included),NO,FALSE,FALSE,"Verbatim: ""of RMB18,964 million (US$2,795 million) primarily reflected capital expenditures of RMB67,678 million (US$9,975 million), partly offset by net decrease in short-term investments and other treasury inv"""
OBS-ALIBABA-01132,alibaba,Alibaba Group Holding Limited,FY2017,FY,2016-04-01,2017-03-31,2017-Q1,2017-05-18,Capital expenditures and intangible assets,company_reported_capex_broader_scope,"RMB17,546 million",CNY,RMB millions,17546000000,SRC-BABA-029,B,https://data.alibabagroup.com/ecms-files/1532295521/26b505de-d0ab-475a-a6c2-873bd6849c8d.pdf,"Results announcement, fiscal-year investing activities",REPORTED,,scope=capex_plus_intangible_assets,NOT STATED,NOT STATED,YES,NO,FALSE,FALSE,"Verbatim: ""nvesting activities of RMB78,364 million (US$11,385 million) mainly included investment and acquisition activities of RMB77,552 million (US$11,267 million), primarily in media and entertainment, e-com"""
OBS-ALIBABA-01133,alibaba,Alibaba Group Holding Limited,FY2017,Q4,2017-01-01,2017-03-31,2017-Q1,2017-05-18,Capital expenditures and intangible assets,company_reported_capex_broader_scope,"RMB3,407 million",CNY,RMB millions,3407000000,SRC-BABA-029,B,https://data.alibabagroup.com/ecms-files/1532295521/26b505de-d0ab-475a-a6c2-873bd6849c8d.pdf,"Results announcement, liquidity / investing activities discussion",REPORTED,,scope=capex_plus_intangible_assets,NOT STATED,NOT STATED,YES,NO,FALSE,FALSE,"Verbatim: ""lion) for investment and acquisition activities, as well as capital expenditures and intangible assets of RMB3,407 million (US$495 million), which included cash outflow for acquisition of land use rig"""
OBS-ALIBABA-01134,alibaba,Alibaba Group Holding Limited,FY2018,Q1,2017-04-01,2017-06-30,2017-Q2,2017-08-17,Capital expenditures and intangible assets,company_reported_capex_broader_scope,"RMB3,589 million",CNY,RMB millions,3589000000,SRC-BABA-031,B,https://data.alibabagroup.com/ecms-files/1532295521/08cad29a-66a5-4f66-a8b5-324f2012a1b3.pdf,"Results announcement, liquidity / investing activities discussion",REPORTED,,scope=capex_plus_intangible_assets,NOT STATED,NOT STATED,YES,NO,FALSE,FALSE,"Verbatim: ""d investments in Ele.me and Lianhua Supermarket, as well as capital expenditures and intangible assets of RMB3,589 million (US$529 million), which included cash outflow for acquisition of land use rig"""
OBS-ALIBABA-01135,alibaba,Alibaba Group Holding Limited,FY2018,FY,2017-04-01,2018-03-31,2018-Q1,2018-05-04,Capital expenditures and acquisition of intangible assets,company_reported_capex_broader_scope,"RMB29,836 million",CNY,RMB millions,29836000000,SRC-BABA-036,B,https://data.alibabagroup.com/ecms-files/1532295521/8b2ea271-b368-4ea1-b9f2-204ada4327cd.pdf,"Results announcement, fiscal-year investing activities",REPORTED,,scope=capex_plus_intangible_assets,NOT STATED,NOT STATED,YES,NO,FALSE,FALSE,"Verbatim: ""sition activities of RMB66,134 million (US$10,543 million), including investments in Sun Art Retail Group Limited, Ele.me, Wanda Cinema, Easyhome, Tokopedia and Lianhua Supermarket, and privatization """
OBS-ALIBABA-01136,alibaba,Alibaba Group Holding Limited,FY2018,Q2,2017-07-01,2017-09-30,2017-Q3,2017-11-02,Capital expenditures and intangible assets,company_reported_capex_broader_scope,"RMB8,673 million",CNY,RMB millions,8673000000,SRC-BABA-032,B,https://data.alibabagroup.com/ecms-files/1532295521/6f3833fe-a1c4-4ada-b095-78ebc55c707d.pdf,"Results announcement, liquidity / investing activities discussion",REPORTED,,scope=capex_plus_intangible_assets,NOT STATED,NOT STATED,YES,NO,FALSE,FALSE,"Verbatim: ""lion (US$1,220 million) for treasury activities, as well as capital expenditures and intangible assets of RMB8,673 million (US$1,303 million), which included cash outflow for acquisition of land use r"""
OBS-ALIBABA-01137,alibaba,Alibaba Group Holding Limited,FY2018,Q3,2017-10-01,2017-12-31,2017-Q4,2018-02-01,Capital expenditures and intangible assets,company_reported_capex_broader_scope,"RMB10,422 million",CNY,RMB millions,10422000000,SRC-BABA-035,B,https://data.alibabagroup.com/ecms-files/1532295521/08f4da0b-40a5-4d8b-81e4-3519ddb6934c.pdf,"Results announcement, liquidity / investing activities discussion",REPORTED,,scope=capex_plus_intangible_assets,NOT STATED,NOT STATED,YES,NO,FALSE,FALSE,"Verbatim: ""ncluding our investment in Sun Art Retail Group, as well as capital expenditures and intangible assets of RMB10,422 million (US$1,602 million), which included cash outflow for acquisition of land use """
OBS-ALIBABA-01138,alibaba,Alibaba Group Holding Limited,FY2018,Q4,2018-01-01,2018-03-31,2018-Q1,2018-05-04,Capital expenditures and acquisition of intangible assets,company_reported_capex_broader_scope,"RMB7,152 million",CNY,RMB millions,7152000000,SRC-BABA-036,B,https://data.alibabagroup.com/ecms-files/1532295521/8b2ea271-b368-4ea1-b9f2-204ada4327cd.pdf,"Results announcement, liquidity / investing activities discussion",REPORTED,,scope=capex_plus_intangible_assets,NOT STATED,NOT STATED,YES,NO,FALSE,FALSE,"Verbatim: ""uding investments in Wanda Cinemas and Easyhome, as well as capital expenditures and acquisition of intangible assets of RMB7,152 million (US$1,141 million), which included cash outflow for acquisitio"""
OBS-ALIBABA-01139,alibaba,Alibaba Group Holding Limited,FY2019,Q1,2018-04-01,2018-06-30,2018-Q2,2018-08-23,Capital expenditures and acquisition of intangible assets and licensed copyrights,company_reported_capex_broader_scope,"RMB11,205 million",CNY,RMB millions,11205000000,SRC-BABA-038,B,https://data.alibabagroup.com/ecms-files/1532295521/a18d1065-85be-48da-9bcc-98fb5dfdb122.pdf,"Results announcement, liquidity / investing activities discussion",REPORTED,,scope=capex_plus_intangibles_and_licensed_copyrights,NOT STATED,NOT STATED,YES,NO,FALSE,FALSE,"Verbatim: ""including investments in Ele.me and ZTO Express, as well as capital expenditures and acquisition of intangible assets and licensed copyrights of RMB11,205 million (US$1,693 million), which included ca"""
OBS-BAIDU-01140,baidu,"Baidu, Inc.",FY2009,FY,2009-01-01,2009-12-31,2009-Q4,2010-02-10,Capital expenditures,company_reported_capex,RMB399.3 million,CNY,RMB millions (rounded as printed),399300000,SRC-BAIDU-015,A,https://www.sec.gov/Archives/edgar/data/1329099/000095012310010716/c95957e6vk.htm,Results release text,REPORTED,,"Full-year narrative figure, rounded as printed.",NOT STATED,NOT STATED,NO,NO,FALSE,FALSE,"Verbatim: ""Full year net operating cash inflow and capital expenditures were RMB2.279 billion ($333.9 million) and RMB399.3 million ($58.5 million), respectively."""
OBS-BAIDU-01141,baidu,"Baidu, Inc.",FY2009,Q2,2009-04-01,2009-06-30,2009-Q2,2009-07-24,Capital expenditures,company_reported_capex,RMB81.7 million,CNY,RMB millions (rounded as printed),81700000,SRC-BAIDU-010,A,https://www.sec.gov/Archives/edgar/data/1329099/000095012309025030/h03526e6vk.htm,Results release text (cash flow paragraph),REPORTED,,"Narrative figure, rounded as printed.",NOT STATED,NOT STATED,NO,NO,FALSE,FALSE,"Verbatim: ""Net operating cash inflow and capital expenditures for the second quarter of 2009 were RMB519.1 million ($76.0 million) and RMB81.7 million ($12.0 million), respectively."""
OBS-BAIDU-01142,baidu,"Baidu, Inc.",FY2009,Q3,2009-07-01,2009-09-30,2009-Q3,2009-10-27,Capital expenditures,company_reported_capex,RMB129.6 million,CNY,RMB millions (rounded as printed),129600000,SRC-BAIDU-013,A,https://www.sec.gov/Archives/edgar/data/1329099/000095012309053385/c91496e6vk.htm,Results release text (cash flow paragraph),REPORTED,,"Narrative figure, rounded as printed.",NOT STATED,NOT STATED,NO,NO,FALSE,FALSE,"Verbatim: ""Net operating cash inflow and capital expenditures for the third quarter of 2009 were RMB733.9 million ($107.5 million) and RMB129.6 million ($19.0 million), respectively."""
OBS-BAIDU-01143,baidu,"Baidu, Inc.",FY2009,Q4,2009-10-01,2009-12-31,2009-Q4,2010-02-10,Capital expenditures,company_reported_capex,RMB146.3 million,CNY,RMB millions (rounded as printed),146300000,SRC-BAIDU-015,A,https://www.sec.gov/Archives/edgar/data/1329099/000095012310010716/c95957e6vk.htm,Results release text (cash flow paragraph),REPORTED,,"Narrative figure, rounded as printed.",NOT STATED,NOT STATED,NO,NO,FALSE,FALSE,"Verbatim: ""Net operating cash inflow and capital expenditures for the fourth quarter of 2009 were RMB779.1 million ($114.1 million) and RMB146.3 million ($21.4 million), respectively."""
OBS-BAIDU-01144,baidu,"Baidu, Inc.",FY2010,Q1,2010-01-01,2010-03-31,2010-Q1,2010-04-29,Capital expenditures,company_reported_capex,RMB105.3 million,CNY,RMB millions (rounded as printed),105300000,SRC-BAIDU-018,A,https://www.sec.gov/Archives/edgar/data/1329099/000095012310039926/c99904exv99w1.htm,Results release text (cash flow paragraph),REPORTED,,"Narrative figure, rounded as printed.",NOT STATED,NOT STATED,NO,NO,FALSE,FALSE,"Verbatim: ""Net operating cash inflow and capital expenditures for the first quarter of 2010 were RMB426.2 million ($62.4 million) and RMB105.3 million ($15.4 million), respectively."""
OBS-BAIDU-01145,baidu,"Baidu, Inc.",FY2010,FY,2010-01-01,2010-12-31,2010-Q4,2011-02-01,Capital expenditures,company_reported_capex,RMB895.3 million,CNY,RMB millions (rounded as printed),895300000,SRC-BAIDU-024,A,https://www.sec.gov/Archives/edgar/data/1329099/000095012311007541/c11696exv99w1.htm,Results release text,REPORTED,,"Full-year narrative figure, rounded as printed.",NOT STATED,NOT STATED,NO,NO,FALSE,FALSE,"Verbatim: ""Full year net operating cash inflow and capital expenditures were RMB 4.700 billion ($712.2 million) and RMB895.3 million ($135.7 million), respectively."""
OBS-BAIDU-01146,baidu,"Baidu, Inc.",FY2010,Q2,2010-04-01,2010-06-30,2010-Q2,2010-07-23,Capital expenditures,company_reported_capex,RMB181.6 million,CNY,RMB millions (rounded as printed),181600000,SRC-BAIDU-020,A,https://www.sec.gov/Archives/edgar/data/1329099/000095012310067501/c03699exv99w1.htm,Results release text (cash flow paragraph),REPORTED,,"Narrative figure, rounded as printed.",NOT STATED,NOT STATED,NO,NO,FALSE,FALSE,"Verbatim: ""Net operating cash inflow and capital expenditures for the second quarter of 2010 were RMB1.240 billion ($182.8 million) and RMB181.6 million ($26.8 million), respectively."""
OBS-BAIDU-01147,baidu,"Baidu, Inc.",FY2010,Q3,2010-07-01,2010-09-30,2010-Q3,2010-10-22,Capital expenditures,company_reported_capex,RMB246.3 million,CNY,RMB millions (rounded as printed),246300000,SRC-BAIDU-022,A,https://www.sec.gov/Archives/edgar/data/1329099/000095012310095057/c07180exv99w1.htm,Results release text (cash flow paragraph),REPORTED,,"Narrative figure, rounded as printed.",NOT STATED,NOT STATED,NO,NO,FALSE,FALSE,"Verbatim: ""Net operating cash inflow and capital expenditures for the third quarter of 2010 were RMB1.265 billion ($189.0 million) and RMB246.3 million ($36.8 million), respectively."""
OBS-BAIDU-01148,baidu,"Baidu, Inc.",FY2010,Q4,2010-10-01,2010-12-31,2010-Q4,2011-02-01,Capital expenditures,company_reported_capex,RMB362.1 million,CNY,RMB millions (rounded as printed),362100000,SRC-BAIDU-024,A,https://www.sec.gov/Archives/edgar/data/1329099/000095012311007541/c11696exv99w1.htm,Results release text (cash flow paragraph),REPORTED,,"Narrative figure, rounded as printed.",NOT STATED,NOT STATED,NO,NO,FALSE,FALSE,"Verbatim: ""Net operating cash inflow and capital expenditures for the fourth quarter of 2010 were RMB1.770 billion ($268.1 million) and RMB362.1 million ($54.9 million), respectively."""
OBS-BAIDU-01149,baidu,"Baidu, Inc.",FY2011,Q1,2011-01-01,2011-03-31,2011-Q1,2011-04-29,Capital expenditures,company_reported_capex,RMB386.8 million,CNY,RMB millions (rounded as printed),386800000,SRC-BAIDU-027,A,https://www.sec.gov/Archives/edgar/data/1329099/000095012311041331/c16154exv99w1.htm,Results release text (cash flow paragraph),REPORTED,,"Narrative figure, rounded as printed.",NOT STATED,NOT STATED,NO,NO,FALSE,FALSE,"Verbatim: ""Net operating cash inflow and capital expenditures for the first quarter of 2011 were RMB977.3 million ($149.2 million) and RMB386.8 million ($59.1 million), respectively."""
OBS-BAIDU-01150,baidu,"Baidu, Inc.",FY2011,FY,2011-01-01,2011-12-31,2011-Q4,2012-02-17,Capital expenditures,company_reported_capex,RMB1.762 billion,CNY,RMB billions (rounded as printed),1762000000,SRC-BAIDU-034,A,https://www.sec.gov/Archives/edgar/data/1329099/000119312512066226/d304001dex991.htm,Results release text,REPORTED,,"Full-year narrative figure, rounded as printed.",NOT STATED,NOT STATED,NO,NO,FALSE,FALSE,"Verbatim: ""Full year net operating cash inflow and capital expenditures were RMB 8.179 billion ($1.299 billion) and RMB1.762 billion ($280.0 million), respectively."""
OBS-BAIDU-01151,baidu,"Baidu, Inc.",FY2011,Q2,2011-04-01,2011-06-30,2011-Q2,2011-07-26,Capital expenditures,company_reported_capex,RMB383.7 million,CNY,RMB millions (rounded as printed),383700000,SRC-BAIDU-029,A,https://www.sec.gov/Archives/edgar/data/1329099/000119312511196840/dex991.htm,Results release text (cash flow paragraph),REPORTED,,"Narrative figure, rounded as printed.",NOT STATED,NOT STATED,NO,NO,FALSE,FALSE,"Verbatim: ""Net operating cash inflow and capital expenditures for the second quarter of 2011 were RMB2.08 billion ($322.2 million) and RMB383.7 million ($59.4 million), respectively."""
OBS-BAIDU-01152,baidu,"Baidu, Inc.",FY2011,Q3,2011-07-01,2011-09-30,2011-Q3,2011-10-28,Capital expenditures,company_reported_capex,RMB489.9 million,CNY,RMB millions (rounded as printed),489900000,SRC-BAIDU-032,A,https://www.sec.gov/Archives/edgar/data/1329099/000119312511286188/d249084dex991.htm,Results release text (cash flow paragraph),REPORTED,,"Narrative figure, rounded as printed.",NOT STATED,NOT STATED,NO,NO,FALSE,FALSE,"Verbatim: ""Net operating cash inflow and capital expenditures for the third quarter of 2011 were RMB1.761 billion ($276.1 million) and RMB489.9 million ($76.8 million), respectively."""
OBS-BAIDU-01153,baidu,"Baidu, Inc.",FY2011,Q4,2011-10-01,2011-12-31,2011-Q4,2012-02-17,Capital expenditures,company_reported_capex,RMB501.8 million,CNY,RMB millions (rounded as printed),501800000,SRC-BAIDU-034,A,https://www.sec.gov/Archives/edgar/data/1329099/000119312512066226/d304001dex991.htm,Results release text (cash flow paragraph),REPORTED,,"Narrative figure, rounded as printed.",NOT STATED,NOT STATED,NO,NO,FALSE,FALSE,"Verbatim: ""Net operating cash inflow and capital expenditures for the fourth quarter of 2011 were RMB3.358 billion ($533.5 million) and RMB501.8 million ($79.7 million), respectively."""
OBS-BAIDU-01154,baidu,"Baidu, Inc.",FY2012,Q1,2012-01-01,2012-03-31,2012-Q1,2012-04-25,Capital expenditures,company_reported_capex,RMB298.1 million,CNY,RMB millions (rounded as printed),298100000,SRC-BAIDU-038,A,https://www.sec.gov/Archives/edgar/data/1329099/000119312512181003/d340365dex991.htm,Results release text (cash flow paragraph),REPORTED,,"Narrative figure, rounded as printed.",NOT STATED,NOT STATED,NO,NO,FALSE,FALSE,"Verbatim: ""Capital expenditures for the first quarter of 2012 were RMB298.1 million ($47.3 million)."""
OBS-BAIDU-01155,baidu,"Baidu, Inc.",FY2012,FY,2012-01-01,2012-12-31,2012-Q4,2013-02-05,Capital expenditures,company_reported_capex,RMB2.311 billion,CNY,RMB billions (rounded as printed),2311000000,SRC-BAIDU-044,A,https://www.sec.gov/Archives/edgar/data/1329099/000119312513038598/d480626dex991.htm,Results release text,REPORTED,,"Full-year narrative figure, rounded as printed.",NOT STATED,NOT STATED,NO,NO,FALSE,FALSE,"Verbatim: ""Net operating cash inflow and capital expenditures in 2012 were RMB12.583 billion ($2.020 billion) and RMB2.311 billion ($370.9 million), respectively."""
OBS-BAIDU-01156,baidu,"Baidu, Inc.",FY2012,Q2,2012-04-01,2012-06-30,2012-Q2,2012-07-24,Capital expenditures,company_reported_capex,RMB722.0 million,CNY,RMB millions (rounded as printed),722000000,SRC-BAIDU-040,A,https://www.sec.gov/Archives/edgar/data/1329099/000119312512311591/d384179dex991.htm,Results release text (cash flow paragraph),REPORTED,,"Narrative figure, rounded as printed.",NOT STATED,NOT STATED,NO,NO,FALSE,FALSE,"Verbatim: ""Capital expenditures for the second quarter of 2012 were RMB722.0 million ($113.7 million)."""
OBS-BAIDU-01157,baidu,"Baidu, Inc.",FY2012,Q3,2012-07-01,2012-09-30,2012-Q3,2012-10-31,Capital expenditures,company_reported_capex,RMB504.3 million,CNY,RMB millions (rounded as printed),504300000,SRC-BAIDU-042,A,https://www.sec.gov/Archives/edgar/data/1329099/000119312512443890/d431401dex991.htm,Results release text (cash flow paragraph),REPORTED,,"Narrative figure, rounded as printed.",NOT STATED,NOT STATED,NO,NO,FALSE,FALSE,"Verbatim: ""Capital expenditures for the third quarter of 2012 were RMB504.3 million ($80.2 million)."""
OBS-BAIDU-01158,baidu,"Baidu, Inc.",FY2012,Q4,2012-10-01,2012-12-31,2012-Q4,2013-02-05,Capital expenditures,company_reported_capex,RMB786.4 million,CNY,RMB millions (rounded as printed),786400000,SRC-BAIDU-044,A,https://www.sec.gov/Archives/edgar/data/1329099/000119312513038598/d480626dex991.htm,Results release text (cash flow paragraph),REPORTED,,"Narrative figure, rounded as printed.",NOT STATED,NOT STATED,NO,NO,FALSE,FALSE,"Verbatim: ""Net operating cash inflow and capital expenditures for the fourth quarter of 2012 were RMB3.396 billion ($545.1 million) and RMB786.4 million ($126.2 million), respectively."""
OBS-BAIDU-01159,baidu,"Baidu, Inc.",FY2013,Q1,2013-01-01,2013-03-31,2013-Q1,2013-04-26,Capital expenditures,company_reported_capex,RMB468.2 million,CNY,RMB millions (rounded as printed),468200000,SRC-BAIDU-047,A,https://www.sec.gov/Archives/edgar/data/1329099/000119312513176051/d528654dex991.htm,Results release text (cash flow paragraph),REPORTED,,"Narrative figure, rounded as printed.",NOT STATED,NOT STATED,NO,NO,FALSE,FALSE,"Verbatim: ""Capital expenditures for the first quarter of 2013 were RMB 468.2 million ($75.4 million)."""
OBS-BAIDU-01160,baidu,"Baidu, Inc.",FY2013,Q2,2013-04-01,2013-06-30,2013-Q2,2013-07-25,Capital expenditures,company_reported_capex,RMB547.8 million,CNY,RMB millions (rounded as printed),547800000,SRC-BAIDU-049,A,https://www.sec.gov/Archives/edgar/data/1329099/000119312513302413/d575952dex991.htm,Results release text (cash flow paragraph),REPORTED,,"Narrative figure, rounded as printed.",NOT STATED,NOT STATED,NO,NO,FALSE,FALSE,"Verbatim: ""Capital expenditures for the second quarter of 2013 were RMB547.8million ($89.3 million)."""
OBS-BAIDU-01161,baidu,"Baidu, Inc.",FY2013,Q3,2013-07-01,2013-09-30,2013-Q3,2013-10-30,Capital expenditures,company_reported_capex,RMB779.6 million,CNY,RMB millions (rounded as printed),779600000,SRC-BAIDU-051,A,https://www.sec.gov/Archives/edgar/data/1329099/000119312513418242/d621323dex991.htm,Results release text (cash flow paragraph),REPORTED,,"Narrative figure, rounded as printed.",NOT STATED,NOT STATED,NO,NO,FALSE,FALSE,"Verbatim: ""Capital expenditures for the third quarter of 2013 were RMB779.6 million ($127.4 million)."""
OBS-BAIDU-01162,baidu,"Baidu, Inc.",FY2013,Q4,2013-10-01,2013-12-31,2013-Q4,2014-02-27,Capital expenditures,company_reported_capex,RMB961.0 million,CNY,RMB millions (rounded as printed),961000000,SRC-BAIDU-053,A,https://www.sec.gov/Archives/edgar/data/1329099/000119312514072938/d684013dex991.htm,Results release text (cash flow paragraph),REPORTED,,"Narrative figure, rounded as printed.",NOT STATED,NOT STATED,NO,NO,FALSE,FALSE,"Verbatim: ""Capital expenditures for the fourth quarter of 2013 were RMB 961.0 million ($158.7 million)."""
OBS-BAIDU-01163,baidu,"Baidu, Inc.",FY2014,Q1,2014-01-01,2014-03-31,2014-Q1,2015-04-30,Capital expenditures,company_reported_capex,"(1,042,924)",CNY,RMB thousands,1042924000,SRC-BAIDU-065,A,https://www.sec.gov/Archives/edgar/data/1329099/000119312515159407/d919461dex991.htm,"Reconciliation from net cash provided by operating activities to free cash flow, row 'Less: Capital expenditures'",REPORTED,,Single consolidated row. Comparative column in a later release.,NOT STATED,NOT STATED,NO,NO,TRUE,TRUE,"First printed rounded as RMB1.043 billion (SRC-BAIDU-056, 2014-04-25); exact figure from a later filing used. Verbatim: ""Less: Capital expenditures | (1,042,924 | ) | -11 | % | (1,540,483 | ) | -11 | % | (1,021,341 | ) | -8 | %"""
OBS-BAIDU-01164,baidu,"Baidu, Inc.",FY2014,Q1,2014-01-01,2014-03-31,2014-Q1,2014-04-25,Capital expenditures,company_reported_capex,RMB1.043 billion,CNY,RMB billions (rounded as printed),1043000000,SRC-BAIDU-056,A,https://www.sec.gov/Archives/edgar/data/1329099/000119312514158078/d717691dex991.htm,Results release text (cash flow paragraph),REPORTED,,"Narrative figure, rounded as printed.",NOT STATED,NOT STATED,NO,NO,FALSE,TRUE,"Verbatim: ""Capital expenditures for the first quarter of 2014 were RMB1.043 billion ($167.8 million)."" Later print differs: rounding of an earlier text figure."
OBS-BAIDU-01165,baidu,"Baidu, Inc.",FY2014,FY,2014-01-01,2014-12-31,2014-Q4,2015-02-12,Capital expenditures,company_reported_capex,RMB4.827 billion,CNY,RMB billions (rounded as printed),4827000000,SRC-BAIDU-062,A,https://www.sec.gov/Archives/edgar/data/1329099/000119312515045611/d873298dex991.htm,Results release text,REPORTED,,"Full-year narrative figure, rounded as printed.",NOT STATED,NOT STATED,NO,NO,FALSE,FALSE,"Verbatim: ""Capital expenditures in 2014 were RMB4.827 billion ($778.0 million)."""
OBS-BAIDU-01166,baidu,"Baidu, Inc.",FY2014,Q2,2014-04-01,2014-06-30,2014-Q2,2015-07-28,Capital expenditures,company_reported_capex,"(863,717)",CNY,RMB thousands,863717000,SRC-BAIDU-067,A,https://www.sec.gov/Archives/edgar/data/1329099/000119312515264782/d90717dex991.htm,"Reconciliation from net cash provided by operating activities to free cash flow, row 'Less: Capital expenditures'",REPORTED,,Single consolidated row. Comparative column in a later release.,NOT STATED,NOT STATED,NO,NO,TRUE,TRUE,"First printed rounded as RMB863.7 million (SRC-BAIDU-058, 2014-07-25); exact figure from a later filing used. Verbatim: ""Less: Capital expenditures | (863,717 | ) | -7 | % | (1,021,341 | ) | -8 | % | (923,146 | ) | -6 | %"""
OBS-BAIDU-01167,baidu,"Baidu, Inc.",FY2014,Q2,2014-04-01,2014-06-30,2014-Q2,2014-07-25,Capital expenditures,company_reported_capex,RMB863.7 million,CNY,RMB millions (rounded as printed),863700000,SRC-BAIDU-058,A,https://www.sec.gov/Archives/edgar/data/1329099/000119312514279798/d762371dex991.htm,Results release text (cash flow paragraph),REPORTED,,"Narrative figure, rounded as printed.",NOT STATED,NOT STATED,NO,NO,FALSE,TRUE,"Verbatim: ""Capital expenditures for the second quarter of 2014 were RMB863.7 million ($139.2 million)."" Later print differs: rounding of an earlier text figure."
OBS-BAIDU-01168,baidu,"Baidu, Inc.",FY2014,Q3,2014-07-01,2014-09-30,2014-Q3,2015-10-30,Capital expenditures,company_reported_capex,"(1,380,039)",CNY,RMB thousands,1380039000,SRC-BAIDU-069,A,https://www.sec.gov/Archives/edgar/data/1329099/000119312515359040/d93806dex991.htm,"Reconciliation from net cash provided by operating activities to free cash flow, row 'Less: Capital expenditures'",REPORTED,,Single consolidated row. Comparative column in a later release.,NOT STATED,NOT STATED,NO,NO,TRUE,TRUE,"First printed rounded as RMB1.380 billion (SRC-BAIDU-060, 2014-10-31); exact figure from a later filing used. Verbatim: ""Less: Capital expenditures | (1,380,039 | ) | -10 | % | (923,146 | ) | -6 | % | (1,861,602 | ) | -10 | %"""
OBS-BAIDU-01169,baidu,"Baidu, Inc.",FY2014,Q3,2014-07-01,2014-09-30,2014-Q3,2014-10-31,Capital expenditures,company_reported_capex,RMB1.380 billion,CNY,RMB billions (rounded as printed),1380000000,SRC-BAIDU-060,A,https://www.sec.gov/Archives/edgar/data/1329099/000119312514390713/d813327dex991.htm,Results release text (cash flow paragraph),REPORTED,,"Narrative figure, rounded as printed.",NOT STATED,NOT STATED,NO,NO,FALSE,TRUE,"Verbatim: ""Capital expenditures for the third quarter of 2014 were RMB1.380 billion ($224.8 million)."" Later print differs: rounding of an earlier text figure."
OBS-BAIDU-01170,baidu,"Baidu, Inc.",FY2014,Q4,2014-10-01,2014-12-31,2014-Q4,2015-04-30,Capital expenditures,company_reported_capex,"(1,540,483)",CNY,RMB thousands,1540483000,SRC-BAIDU-065,A,https://www.sec.gov/Archives/edgar/data/1329099/000119312515159407/d919461dex991.htm,"Reconciliation from net cash provided by operating activities to free cash flow, row 'Less: Capital expenditures'",REPORTED,,Single consolidated row. Comparative column in a later release.,NOT STATED,NOT STATED,NO,NO,TRUE,TRUE,"First printed rounded as RMB1.540 billion (SRC-BAIDU-062, 2015-02-12); exact figure from a later filing used. Verbatim: ""Less: Capital expenditures | (1,042,924 | ) | -11 | % | (1,540,483 | ) | -11 | % | (1,021,341 | ) | -8 | %"""
OBS-BAIDU-01171,baidu,"Baidu, Inc.",FY2014,Q4,2014-10-01,2014-12-31,2014-Q4,2015-02-12,Capital expenditures,company_reported_capex,RMB1.540 billion,CNY,RMB billions (rounded as printed),1540000000,SRC-BAIDU-062,A,https://www.sec.gov/Archives/edgar/data/1329099/000119312515045611/d873298dex991.htm,Results release text (cash flow paragraph),REPORTED,,"Narrative figure, rounded as printed.",NOT STATED,NOT STATED,NO,NO,FALSE,TRUE,"Verbatim: ""Capital expenditures for the fourth quarter of 2014 were RMB1.540 billion ($248.3 million)."" Later print differs: rounding of an earlier text figure."
OBS-BAIDU-01172,baidu,"Baidu, Inc.",FY2015,Q1,2015-01-01,2015-03-31,2015-Q1,2015-04-30,Capital expenditures,company_reported_capex,"(1,021,341)",CNY,RMB thousands,1021341000,SRC-BAIDU-065,A,https://www.sec.gov/Archives/edgar/data/1329099/000119312515159407/d919461dex991.htm,"Reconciliation from net cash provided by operating activities to free cash flow, row 'Less: Capital expenditures'",REPORTED,,Single consolidated row.,NOT STATED,NOT STATED,NO,NO,FALSE,FALSE,"Verbatim: ""Less: Capital expenditures | (1,042,924 | ) | -11 | % | (1,540,483 | ) | -11 | % | (1,021,341 | ) | -8 | %"""
OBS-BAIDU-01173,baidu,"Baidu, Inc.",FY2015,FY,2015-01-01,2015-12-31,2015-Q4,2016-02-29,Capital expenditures,company_reported_capex,"(5,229,616)",CNY,RMB thousands,5229616000,SRC-BAIDU-071,A,https://www.sec.gov/Archives/edgar/data/1329099/000119312516483453/d150275dex991.htm,"Free cash flow reconciliation, twelve months",REPORTED,,Consolidated twelve-month figure.,NOT STATED,NOT STATED,NO,NO,FALSE,FALSE,"Verbatim: ""Less: Capital expenditures | (1,540,483 | ) | -11 | % | (1,861,602 | ) | -10 | % | (1,423,527 | ) | -8 | % | (4,827,163 | ) | -10 | % | (5,229,616 | ) | -8 | %"""
OBS-BAIDU-01174,baidu,"Baidu, Inc.",FY2015,Q2,2015-04-01,2015-06-30,2015-Q2,2015-07-28,Capital expenditures,company_reported_capex,"(923,146)",CNY,RMB thousands,923146000,SRC-BAIDU-067,A,https://www.sec.gov/Archives/edgar/data/1329099/000119312515264782/d90717dex991.htm,"Reconciliation from net cash provided by operating activities to free cash flow, row 'Less: Capital expenditures'",REPORTED,,Single consolidated row.,NOT STATED,NOT STATED,NO,NO,FALSE,FALSE,"Verbatim: ""Less: Capital expenditures | (863,717 | ) | -7 | % | (1,021,341 | ) | -8 | % | (923,146 | ) | -6 | %"""
OBS-BAIDU-01175,baidu,"Baidu, Inc.",FY2015,Q3,2015-07-01,2015-09-30,2015-Q3,2015-10-30,Capital expenditures,company_reported_capex,"(1,861,602)",CNY,RMB thousands,1861602000,SRC-BAIDU-069,A,https://www.sec.gov/Archives/edgar/data/1329099/000119312515359040/d93806dex991.htm,"Reconciliation from net cash provided by operating activities to free cash flow, row 'Less: Capital expenditures'",REPORTED,,Single consolidated row.,NOT STATED,NOT STATED,NO,NO,FALSE,FALSE,"Verbatim: ""Less: Capital expenditures | (1,380,039 | ) | -10 | % | (923,146 | ) | -6 | % | (1,861,602 | ) | -10 | %"""
OBS-BAIDU-01176,baidu,"Baidu, Inc.",FY2015,Q4,2015-10-01,2015-12-31,2015-Q4,2016-02-29,Capital expenditures,company_reported_capex,"(1,423,527)",CNY,RMB thousands,1423527000,SRC-BAIDU-071,A,https://www.sec.gov/Archives/edgar/data/1329099/000119312516483453/d150275dex991.htm,"Reconciliation from net cash provided by operating activities to free cash flow, row 'Less: Capital expenditures'",REPORTED,,Single consolidated row.,NOT STATED,NOT STATED,NO,NO,FALSE,FALSE,"Verbatim: ""Less: Capital expenditures | (1,540,483 | ) | -11 | % | (1,861,602 | ) | -10 | % | (1,423,527 | ) | -8 | % | (4,827,163 | ) | -10 | % | (5,229,616 | ) | -8 | %"""
OBS-BAIDU-01177,baidu,"Baidu, Inc.",FY2016,Q1,2016-01-01,2016-03-31,2016-Q1,2016-04-29,Capital expenditures,company_reported_capex,"(825,565)",CNY,RMB thousands,825565000,SRC-BAIDU-074,A,https://www.sec.gov/Archives/edgar/data/1329099/000119312516566317/d189550dex991.htm,"Reconciliation from net cash provided by operating activities to free cash flow, row 'Less: Capital expenditures'",REPORTED,,Single consolidated row.,NOT STATED,NOT STATED,NO,NO,FALSE,FALSE,"Verbatim: ""Less: Capital expenditures | (1,021,341 | ) | -8 | % | (1,423,527 | ) | -8 | % | (825,565 | ) | -5 | %"""
OBS-BAIDU-01178,baidu,"Baidu, Inc.",FY2016,FY,2016-01-01,2016-12-31,2016-Q4,2017-02-24,Capital expenditures,company_reported_capex,"(4,189,187)",CNY,RMB thousands,4189187000,SRC-BAIDU-080,A,https://www.sec.gov/Archives/edgar/data/1329099/000119312517054855/d338344dex991.htm,"Free cash flow reconciliation, twelve months",REPORTED,,Consolidated twelve-month figure.,NOT STATED,NOT STATED,NO,NO,FALSE,FALSE,"Verbatim: ""Less: Capital expenditures | (1,423,527 | ) | -8 | % | (1,182,627 | ) | -6 | % | (1,201,360 | ) | -7 | % | (5,229,616 | ) | -8 | % | (4,189,187 | ) | -6 | %"""
OBS-BAIDU-01179,baidu,"Baidu, Inc.",FY2016,Q2,2016-04-01,2016-06-30,2016-Q2,2016-07-29,Capital expenditures,company_reported_capex,"(979,635)",CNY,RMB thousands,979635000,SRC-BAIDU-076,A,https://www.sec.gov/Archives/edgar/data/1329099/000119312516663214/d234869dex991.htm,"Reconciliation from net cash provided by operating activities to free cash flow, row 'Less: Capital expenditures'",REPORTED,,Single consolidated row.,NOT STATED,NOT STATED,NO,NO,TRUE,TRUE,"Verbatim: ""Less: Capital expenditures | (923,146 | ) | -6 | % | (825,565 | ) | -5 | % | (979,635 | ) | -5 | %"""
OBS-BAIDU-01180,baidu,"Baidu, Inc.",FY2016,Q2,2016-04-01,2016-06-30,2016-Q2,2017-07-28,Capital expenditures,company_reported_capex,(980),CNY,RMB millions,980000000,SRC-BAIDU-085,A,https://www.sec.gov/Archives/edgar/data/1329099/000119312517239343/d432060dex991.htm,"Reconciliation from net cash provided by operating activities to free cash flow, row 'Less: Capital expenditures'",REPORTED,,Single consolidated row. Comparative column in a later release.,NOT STATED,NOT STATED,NO,NO,FALSE,TRUE,"Verbatim: ""Less: Capital expenditures | (980 | ) | -5 | % | (1,168 | ) | -7 | % | (1,125 | ) | -5 | %"""
OBS-BAIDU-01181,baidu,"Baidu, Inc.",FY2016,Q3,2016-07-01,2016-09-30,2016-Q3,2016-10-28,Capital expenditures,company_reported_capex,"(1,182,627)",CNY,RMB thousands,1182627000,SRC-BAIDU-078,A,https://www.sec.gov/Archives/edgar/data/1329099/000119312516750536/d280888dex991.htm,"Reconciliation from net cash provided by operating activities to free cash flow, row 'Less: Capital expenditures'",REPORTED,,Single consolidated row.,NOT STATED,NOT STATED,NO,NO,TRUE,TRUE,"Verbatim: ""Less: Capital expenditures | (1,861,602 | ) | -10 | % | (979,635 | ) | -5 | % | (1,182,627 | ) | -6 | %"""
OBS-BAIDU-01182,baidu,"Baidu, Inc.",FY2016,Q3,2016-07-01,2016-09-30,2016-Q3,2017-10-27,Capital expenditures,company_reported_capex,"(1,183)",CNY,RMB millions,1183000000,SRC-BAIDU-087,A,https://www.sec.gov/Archives/edgar/data/1329099/000119312517323053/d465640dex991.htm,"Reconciliation from net cash provided by operating activities to free cash flow, row 'Less: Capital expenditures'",REPORTED,,Single consolidated row. Comparative column in a later release.,NOT STATED,NOT STATED,NO,NO,FALSE,TRUE,"Verbatim: ""Less: Capital expenditures | (1,183 | ) | -6 | % | (1,125 | ) | -5 | % | (1,297 | ) | -6 | %"""
OBS-BAIDU-01183,baidu,"Baidu, Inc.",FY2016,Q4,2016-10-01,2016-12-31,2016-Q4,2017-02-24,Capital expenditures,company_reported_capex,"(1,201,360)",CNY,RMB thousands,1201360000,SRC-BAIDU-080,A,https://www.sec.gov/Archives/edgar/data/1329099/000119312517054855/d338344dex991.htm,"Reconciliation from net cash provided by operating activities to free cash flow, row 'Less: Capital expenditures'",REPORTED,,Single consolidated row.,NOT STATED,NOT STATED,NO,NO,TRUE,TRUE,"Verbatim: ""Less: Capital expenditures | (1,423,527 | ) | -8 | % | (1,182,627 | ) | -6 | % | (1,201,360 | ) | -7 | % | (5,229,616 | ) | -8 | % | (4,189,187 | ) | -6 | %"""
OBS-BAIDU-01184,baidu,"Baidu, Inc.",FY2016,Q4,2016-10-01,2016-12-31,2016-Q4,2018-02-14,Capital expenditures,company_reported_capex,"(1,201)",CNY,RMB millions,1201000000,SRC-BAIDU-089,A,https://www.sec.gov/Archives/edgar/data/1329099/000119312518043954/d454422dex991.htm,"Reconciliation from net cash provided by operating activities to free cash flow, row 'Less: Capital expenditures'",REPORTED,,Single consolidated row. Comparative column in a later release.,NOT STATED,NOT STATED,NO,NO,FALSE,TRUE,"Verbatim: ""Less: Capital expenditures | (1,201 | ) | -7 | % | (1,297 | ) | -6 | % | (1,188 | ) | -5 | % | (4,189 | ) | -6 | % | (4,779 | ) | -6 | %"""
OBS-BAIDU-01185,baidu,"Baidu, Inc.",FY2017,Q1,2017-01-01,2017-03-31,2017-Q1,2017-04-28,Capital expenditures,company_reported_capex,"(1,167,598)",CNY,RMB thousands,1167598000,SRC-BAIDU-083,A,https://www.sec.gov/Archives/edgar/data/1329099/000119312517145076/d388471dex991.htm,"Reconciliation from net cash provided by operating activities to free cash flow, row 'Less: Capital expenditures'",REPORTED,,Single consolidated row.,NOT STATED,NOT STATED,NO,NO,TRUE,TRUE,"Verbatim: ""Less: Capital expenditures | (825,565 | ) | -5 | % | (1,201,360 | ) | -7 | % | (1,167,598 | ) | -7 | %"""
OBS-BAIDU-01186,baidu,"Baidu, Inc.",FY2017,Q1,2017-01-01,2017-03-31,2017-Q1,2017-07-28,Capital expenditures,company_reported_capex,"(1,168)",CNY,RMB millions,1168000000,SRC-BAIDU-085,A,https://www.sec.gov/Archives/edgar/data/1329099/000119312517239343/d432060dex991.htm,"Reconciliation from net cash provided by operating activities to free cash flow, row 'Less: Capital expenditures'",REPORTED,,Single consolidated row. Comparative column in a later release.,NOT STATED,NOT STATED,NO,NO,FALSE,TRUE,"Verbatim: ""Less: Capital expenditures | (980 | ) | -5 | % | (1,168 | ) | -7 | % | (1,125 | ) | -5 | %"""
OBS-BAIDU-01187,baidu,"Baidu, Inc.",FY2017,FY,2017-01-01,2017-12-31,2017-Q4,2018-02-14,Capital expenditures,company_reported_capex,"(4,779)",CNY,RMB millions,4779000000,SRC-BAIDU-089,A,https://www.sec.gov/Archives/edgar/data/1329099/000119312518043954/d454422dex991.htm,"Free cash flow reconciliation, twelve months",REPORTED,,Consolidated twelve-month figure.,NOT STATED,NOT STATED,NO,NO,FALSE,FALSE,"Verbatim: ""Less: Capital expenditures | (1,201 | ) | -7 | % | (1,297 | ) | -6 | % | (1,188 | ) | -5 | % | (4,189 | ) | -6 | % | (4,779 | ) | -6 | %"""
OBS-BAIDU-01188,baidu,"Baidu, Inc.",FY2017,Q2,2017-04-01,2017-06-30,2017-Q2,2017-07-28,Capital expenditures,company_reported_capex,"(1,125)",CNY,RMB millions,1125000000,SRC-BAIDU-085,A,https://www.sec.gov/Archives/edgar/data/1329099/000119312517239343/d432060dex991.htm,"Reconciliation from net cash provided by operating activities to free cash flow, row 'Less: Capital expenditures'",REPORTED,,Single consolidated row.,NOT STATED,NOT STATED,NO,NO,FALSE,FALSE,"Verbatim: ""Less: Capital expenditures | (980 | ) | -5 | % | (1,168 | ) | -7 | % | (1,125 | ) | -5 | %"""
OBS-BAIDU-01189,baidu,"Baidu, Inc.",FY2017,Q3,2017-07-01,2017-09-30,2017-Q3,2017-10-27,Capital expenditures,company_reported_capex,"(1,297)",CNY,RMB millions,1297000000,SRC-BAIDU-087,A,https://www.sec.gov/Archives/edgar/data/1329099/000119312517323053/d465640dex991.htm,"Reconciliation from net cash provided by operating activities to free cash flow, row 'Less: Capital expenditures'",REPORTED,,Single consolidated row.,NOT STATED,NOT STATED,NO,NO,FALSE,FALSE,"Verbatim: ""Less: Capital expenditures | (1,183 | ) | -6 | % | (1,125 | ) | -5 | % | (1,297 | ) | -6 | %"""
OBS-BAIDU-01190,baidu,"Baidu, Inc.",FY2017,Q4,2017-10-01,2017-12-31,2017-Q4,2018-02-14,Capital expenditures,company_reported_capex,"(1,188)",CNY,RMB millions,1188000000,SRC-BAIDU-089,A,https://www.sec.gov/Archives/edgar/data/1329099/000119312518043954/d454422dex991.htm,"Reconciliation from net cash provided by operating activities to free cash flow, row 'Less: Capital expenditures'",REPORTED,,Single consolidated row.,NOT STATED,NOT STATED,NO,NO,FALSE,FALSE,"Verbatim: ""Less: Capital expenditures | (1,201 | ) | -7 | % | (1,297 | ) | -6 | % | (1,188 | ) | -5 | % | (4,189 | ) | -6 | % | (4,779 | ) | -6 | %"""
OBS-BAIDU-01191,baidu,"Baidu, Inc.",FY2018,Q1,2018-01-01,2018-03-31,2018-Q1,2019-05-21,Capital expenditures,company_reported_capex,"(1,970)",CNY,RMB millions,1970000000,SRC-BAIDU-101,A,https://www.sec.gov/Archives/edgar/data/1329099/000119312519152169/d727883dex991.htm,"Reconciliation from net cash provided by operating activities to free cash flow, row 'Less: Capital expenditures'",REPORTED,,"Consolidated 'Baidu' column (third of Baidu Core, iQIYI, Baidu). Comparative column in a later release.",NOT STATED,NOT STATED,NO,NO,TRUE,TRUE,"First printed rounded as RMB2.0 billion (SRC-BAIDU-092, 2018-04-30); exact figure from a later filing used. Verbatim: ""Less: Capital expenditures | (1,895 | ) | (75 | ) | (1,970 | ) | (2,900 | ) | (178 | ) | (3,078 | ) | (2,801 | ) | (172 | ) | (2,973 | ) | (417 | ) | (25 | ) | (442 | )"""
OBS-BAIDU-01192,baidu,"Baidu, Inc.",FY2018,Q1,2018-01-01,2018-03-31,2018-Q1,2018-04-30,Capital expenditures,company_reported_capex,RMB2.0 billion,CNY,RMB billions (rounded as printed),2000000000,SRC-BAIDU-092,A,https://www.sec.gov/Archives/edgar/data/1329099/000119312518140646/d579228dex991.htm,Results release text (cash flow paragraph),REPORTED,,"Narrative figure, rounded as printed.",NOT STATED,NOT STATED,NO,NO,FALSE,TRUE,"Verbatim: ""Net operating cash inflow was RMB 8.5 billion ($1.36 billion) and capital expenditures were RMB 2.0 billion ($314 million)."" Later print differs: rounding of an earlier text figure."
OBS-BAIDU-01193,baidu,"Baidu, Inc.",FY2018,FY,2018-01-01,2018-12-31,2018-Q4,2019-02-27,Capital expenditures,company_reported_capex,"(8,772)",CNY,RMB millions,8772000000,SRC-BAIDU-098,A,https://www.sec.gov/Archives/edgar/data/1329099/000119312519052807/d687379dex991.htm,"Free cash flow reconciliation, twelve months",REPORTED,,Consolidated twelve-month figure.,NOT STATED,NOT STATED,NO,NO,FALSE,FALSE,"Verbatim: ""Less: Capital expenditures | (1,188 | ) | (2,219 | ) | (3,078 | ) | (448 | ) | (4,779 | ) | (8,772 | ) | (1,276 | )"""
OBS-BAIDU-01194,baidu,"Baidu, Inc.",FY2018,Q2,2018-04-01,2018-06-30,2018-Q2,2018-11-02,Capital expenditures,company_reported_capex,"(1,505)",CNY,RMB millions,1505000000,SRC-BAIDU-096,A,https://www.sec.gov/Archives/edgar/data/1329099/000119312518317150/d648054dex991.htm,"Reconciliation from net cash provided by operating activities to free cash flow, row 'Less: Capital expenditures'",REPORTED,,Consolidated 'Baidu' row (Baidu Core and iQIYI shown separately). Comparative column in a later release.,NOT STATED,NOT STATED,NO,NO,TRUE,TRUE,"First printed rounded as RMB1.5 billion (SRC-BAIDU-094, 2018-08-06); exact figure from a later filing used. Verbatim: ""Less: Capital expenditures | (1,297 | ) | (1,505 | ) | (2,219 | )"""
OBS-BAIDU-01195,baidu,"Baidu, Inc.",FY2018,Q2,2018-04-01,2018-06-30,2018-Q2,2018-08-06,Capital expenditures,company_reported_capex,RMB1.5 billion,CNY,RMB billions (rounded as printed),1500000000,SRC-BAIDU-094,A,https://www.sec.gov/Archives/edgar/data/1329099/000119312518238902/d591220dex991.htm,Results release text (cash flow paragraph),REPORTED,,"Narrative figure, rounded as printed.",NOT STATED,NOT STATED,NO,NO,FALSE,TRUE,"Verbatim: ""Net cash generated from operating activities was RMB 7.1 billion ($1.08 billion) and capital expenditures were RMB 1.5 billion ($227 million)."" Later print differs: rounding of an earlier text figure."
OBS-BAIDU-01196,baidu,"Baidu, Inc.",FY2018,Q3,2018-07-01,2018-09-30,2018-Q3,2018-11-02,Capital expenditures,company_reported_capex,"(2,219)",CNY,RMB millions,2219000000,SRC-BAIDU-096,A,https://www.sec.gov/Archives/edgar/data/1329099/000119312518317150/d648054dex991.htm,"Reconciliation from net cash provided by operating activities to free cash flow, row 'Less: Capital expenditures'",REPORTED,,Consolidated 'Baidu' row (Baidu Core and iQIYI shown separately).,NOT STATED,NOT STATED,NO,NO,FALSE,FALSE,"Verbatim: ""Less: Capital expenditures | (1,297 | ) | (1,505 | ) | (2,219 | )"""
OBS-BAIDU-01197,baidu,"Baidu, Inc.",FY2018,Q4,2018-10-01,2018-12-31,2018-Q4,2019-02-27,Capital expenditures,company_reported_capex,"(3,078)",CNY,RMB millions,3078000000,SRC-BAIDU-098,A,https://www.sec.gov/Archives/edgar/data/1329099/000119312519052807/d687379dex991.htm,"Reconciliation from net cash provided by operating activities to free cash flow, row 'Less: Capital expenditures'",REPORTED,,Consolidated 'Baidu' row (Baidu Core and iQIYI shown separately).,NOT STATED,NOT STATED,NO,NO,FALSE,FALSE,"Verbatim: ""Less: Capital expenditures | (1,188 | ) | (2,219 | ) | (3,078 | ) | (448 | ) | (4,779 | ) | (8,772 | ) | (1,276 | )"""
OBS-BAIDU-01198,baidu,"Baidu, Inc.",FY2019,Q1,2019-01-01,2019-03-31,2019-Q1,2019-05-21,Capital expenditures,company_reported_capex,"(2,973)",CNY,RMB millions,2973000000,SRC-BAIDU-101,A,https://www.sec.gov/Archives/edgar/data/1329099/000119312519152169/d727883dex991.htm,"Reconciliation from net cash provided by operating activities to free cash flow, row 'Less: Capital expenditures'",REPORTED,,"Consolidated 'Baidu' column (third of Baidu Core, iQIYI, Baidu).",NOT STATED,NOT STATED,NO,NO,FALSE,FALSE,"Verbatim: ""Less: Capital expenditures | (1,895 | ) | (75 | ) | (1,970 | ) | (2,900 | ) | (178 | ) | (3,078 | ) | (2,801 | ) | (172 | ) | (2,973 | ) | (417 | ) | (25 | ) | (442 | )"""
OBS-BAIDU-01199,baidu,"Baidu, Inc.",FY2019,FY,2019-01-01,2019-12-31,2019-Q4,2020-03-04,Capital expenditures,company_reported_capex,"(6,428)",CNY,RMB millions,6428000000,SRC-BAIDU-107,A,https://www.sec.gov/Archives/edgar/data/1329099/000119312520061595/d867300dex991.htm,"Free cash flow reconciliation, twelve months",REPORTED,,Consolidated twelve-month figure.,NOT STATED,NOT STATED,NO,NO,FALSE,FALSE,"Verbatim: ""Less: Capital expenditures | (8,160 | ) | (612 | ) | (8,772 | ) | (5,688 | ) | (740 | ) | (6,428 | ) | (817 | ) | (106 | ) | (923 | )"""
OBS-BAIDU-01200,baidu,"Baidu, Inc.",FY2019,Q2,2019-04-01,2019-06-30,2019-Q2,2019-08-22,Capital expenditures,company_reported_capex,"(1,359)",CNY,RMB millions,1359000000,SRC-BAIDU-103,A,https://www.sec.gov/Archives/edgar/data/1329099/000119312519226398/d691391dex991.htm,"Reconciliation from net cash provided by operating activities to free cash flow, row 'Less: Capital expenditures'",REPORTED,,"Consolidated 'Baidu' column (third of Baidu Core, iQIYI, Baidu).",NOT STATED,NOT STATED,NO,NO,FALSE,FALSE,"Verbatim: ""Less: Capital expenditures | (1,339 | ) | (166 | ) | (1,505 | ) | (2,801 | ) | (172 | ) | (2,973 | ) | (1,204 | ) | (155 | ) | (1,359 | ) | (175 | ) | (23 | ) | (198 | )"""
OBS-BAIDU-01201,baidu,"Baidu, Inc.",FY2019,Q3,2019-07-01,2019-09-30,2019-Q3,2019-11-13,Capital expenditures,company_reported_capex,"(1,212)",CNY,RMB millions,1212000000,SRC-BAIDU-105,A,https://www.sec.gov/Archives/edgar/data/1329099/000119312519290462/d827580dex991.htm,"Reconciliation from net cash provided by operating activities to free cash flow, row 'Less: Capital expenditures'",REPORTED,,"Consolidated 'Baidu' column (third of Baidu Core, iQIYI, Baidu).",NOT STATED,NOT STATED,NO,NO,FALSE,FALSE,"Verbatim: ""Less: Capital expenditures | (2,026 | ) | (193 | ) | (2,219 | ) | (1,204 | ) | (155 | ) | (1,359 | ) | (1,031 | ) | (181 | ) | (1,212 | ) | (145 | ) | (25 | ) | (170 | )"""
OBS-BAIDU-01202,baidu,"Baidu, Inc.",FY2019,Q4,2019-10-01,2019-12-31,2019-Q4,2020-03-04,Capital expenditures,company_reported_capex,(884),CNY,RMB millions,884000000,SRC-BAIDU-107,A,https://www.sec.gov/Archives/edgar/data/1329099/000119312520061595/d867300dex991.htm,"Reconciliation from net cash provided by operating activities to free cash flow, row 'Less: Capital expenditures'",REPORTED,,"Consolidated 'Baidu' column (third of Baidu Core, iQIYI, Baidu).",NOT STATED,NOT STATED,NO,NO,FALSE,FALSE,"Verbatim: ""Less: Capital expenditures | (2,900 | ) | (178 | ) | (3,078 | ) | (1,031 | ) | (181 | ) | (1,212 | ) | (652 | ) | (232 | ) | (884 | ) | (94 | ) | (33 | ) | (127 | )"""
OBS-BAIDU-01203,baidu,"Baidu, Inc.",FY2020,Q1,2020-01-01,2020-03-31,2020-Q1,2020-05-20,Capital expenditures,company_reported_capex,(545),CNY,RMB millions,545000000,SRC-BAIDU-110,A,https://www.sec.gov/Archives/edgar/data/1329099/000119312520146636/d927979dex991.htm,"Reconciliation from net cash provided by operating activities to free cash flow, row 'Less: Capital expenditures'",REPORTED,,"Consolidated 'Baidu' column (third of Baidu Core, iQIYI, Baidu).",NOT STATED,NOT STATED,NO,NO,FALSE,FALSE,"Verbatim: ""Less: Capital expenditures | (2,801 | ) | (172 | ) | (2,973 | ) | (652 | ) | (232 | ) | (884 | ) | (478 | ) | (67 | ) | (545 | ) | (68 | ) | (9 | ) | (77 | )"""
OBS-BAIDU-01204,baidu,"Baidu, Inc.",FY2020,Q2,2020-04-01,2020-06-30,2020-Q2,2020-08-17,Capital expenditures,company_reported_capex,(854),CNY,RMB millions,854000000,SRC-BAIDU-112,A,https://www.sec.gov/Archives/edgar/data/1329099/000119312520222418/d82228dex991.htm,"Reconciliation from net cash provided by operating activities to free cash flow, row 'Less: Capital expenditures'",REPORTED,,"Consolidated 'Baidu' column (third of Baidu Core, iQIYI, Baidu).",NOT STATED,NOT STATED,NO,NO,FALSE,FALSE,"Verbatim: ""Less: Capital expenditures | (1,204 | ) | (155 | ) | (1,359 | ) | (478 | ) | (67 | ) | (545 | ) | (797 | ) | (57 | ) | (854 | ) | (113 | ) | (8 | ) | (121 | )"""
OBS-BAIDU-01205,baidu,"Baidu, Inc.",FY2020,Q3,2020-07-01,2020-09-30,2020-Q3,2020-11-17,Capital expenditures,company_reported_capex,"(1,507)",CNY,RMB millions,1507000000,SRC-BAIDU-114,A,https://www.sec.gov/Archives/edgar/data/1329099/000119312520295510/d74916dex991.htm,"Reconciliation from net cash provided by operating activities to free cash flow, row 'Less: Capital expenditures'",REPORTED,,"Consolidated 'Baidu' column (third of Baidu Core, iQIYI, Baidu).",NOT STATED,NOT STATED,NO,NO,FALSE,FALSE,"Verbatim: ""Less: Capital expenditures | (1,031 | ) | (181 | ) | (1,212 | ) | (797 | ) | (57 | ) | (854 | ) | (1,417 | ) | (90 | ) | (1,507 | ) | (209 | ) | (13 | ) | (222 | )"""
OBS-BAIDU-01206,baidu,"Baidu, Inc.",FY2020,Q4,2020-10-01,2020-12-31,2020-Q4,2021-05-20,Capital expenditures,company_reported_capex,"(2,178)",CNY,RMB millions,2178000000,SRC-BAIDU-119,A,https://www.sec.gov/Archives/edgar/data/1329099/000119312521167243/d184935dex991.htm,"Reconciliation from net cash provided by operating activities to free cash flow, row 'Less: Capital expenditures'",REPORTED,,"Consolidated 'Baidu' column (third of Baidu Core, iQIYI, Baidu). Comparative column in a later release.",NOT STATED,NOT STATED,NO,NO,FALSE,FALSE,"Verbatim: ""Less: Capital expenditures | (478 | ) | (67 | ) | (545 | ) | (2,151 | ) | (27 | ) | (2,178 | ) | (1,438 | ) | (61 | ) | (1,499 | ) | (219 | ) | (9 | ) | (228 | )"""
OBS-BAIDU-01207,baidu,"Baidu, Inc.",FY2021,Q1,2021-01-01,2021-03-31,2021-Q1,2021-05-20,Capital expenditures,company_reported_capex,"(1,499)",CNY,RMB millions,1499000000,SRC-BAIDU-119,A,https://www.sec.gov/Archives/edgar/data/1329099/000119312521167243/d184935dex991.htm,"Reconciliation from net cash provided by operating activities to free cash flow, row 'Less: Capital expenditures'",REPORTED,,"Consolidated 'Baidu' column (third of Baidu Core, iQIYI, Baidu).",NOT STATED,NOT STATED,NO,NO,FALSE,FALSE,"Verbatim: ""Less: Capital expenditures | (478 | ) | (67 | ) | (545 | ) | (2,151 | ) | (27 | ) | (2,178 | ) | (1,438 | ) | (61 | ) | (1,499 | ) | (219 | ) | (9 | ) | (228 | )"""
OBS-BAIDU-01208,baidu,"Baidu, Inc.",FY2021,FY,2021-01-01,2021-12-31,2021-Q4,2022-03-01,Capital expenditures,company_reported_capex,"(10,896)",CNY,RMB millions,10896000000,SRC-BAIDU-125,A,https://www.sec.gov/Archives/edgar/data/1329099/000119312522061674/d314882dex991.htm,"Free cash flow reconciliation, twelve months",REPORTED,,Consolidated twelve-month figure.,NOT STATED,NOT STATED,NO,NO,FALSE,FALSE,"Verbatim: ""Less: Capital expenditures | (4,843 | ) | (241 | ) | (5,084 | ) | (10,634 | ) | (262 | ) | (10,896 | ) | (1,669 | ) | (41 | ) | (1,710 | )"""
OBS-BAIDU-01209,baidu,"Baidu, Inc.",FY2021,Q2,2021-04-01,2021-06-30,2021-Q2,2021-08-13,Capital expenditures,company_reported_capex,"(2,496)",CNY,RMB millions,2496000000,SRC-BAIDU-121,A,https://www.sec.gov/Archives/edgar/data/1329099/000119312521245436/d175957dex991.htm,"Reconciliation from net cash provided by operating activities to free cash flow, row 'Less: Capital expenditures'",REPORTED,,"Consolidated 'Baidu' column (third of Baidu Core, iQIYI, Baidu).",NOT STATED,NOT STATED,NO,NO,FALSE,FALSE,"Verbatim: ""Less: Capital expenditures | (797 | ) | (57 | ) | (854 | ) | (1,438 | ) | (61 | ) | (1,499 | ) | (2,435 | ) | (61 | ) | (2,496 | ) | (377 | ) | (9 | ) | (386 | )"""
OBS-BAIDU-01210,baidu,"Baidu, Inc.",FY2021,Q3,2021-07-01,2021-09-30,2021-Q3,2021-11-18,Capital expenditures,company_reported_capex,"(2,664)",CNY,RMB millions,2664000000,SRC-BAIDU-123,A,https://www.sec.gov/Archives/edgar/data/1329099/000119312521333786/d178822dex991.htm,"Reconciliation from net cash provided by operating activities to free cash flow, row 'Less: Capital expenditures'",REPORTED,,"Consolidated 'Baidu' column (third of Baidu Core, iQIYI, Baidu).",NOT STATED,NOT STATED,NO,NO,FALSE,FALSE,"Verbatim: ""Less: Capital expenditures | (1,417 | ) | (90 | ) | (1,507 | ) | (2,435 | ) | (61 | ) | (2,496 | ) | (2,548 | ) | (116 | ) | (2,664 | ) | (395 | ) | (18 | ) | (413 | )"""
OBS-BAIDU-01211,baidu,"Baidu, Inc.",FY2021,Q4,2021-10-01,2021-12-31,2021-Q4,2022-03-01,Capital expenditures,company_reported_capex,"(4,237)",CNY,RMB millions,4237000000,SRC-BAIDU-125,A,https://www.sec.gov/Archives/edgar/data/1329099/000119312522061674/d314882dex991.htm,"Reconciliation from net cash provided by operating activities to free cash flow, row 'Less: Capital expenditures'",REPORTED,,"Consolidated 'Baidu' column (third of Baidu Core, iQIYI, Baidu).",NOT STATED,NOT STATED,NO,NO,FALSE,FALSE,"Verbatim: ""Less: Capital expenditures | (2,151 | ) | (27 | ) | (2,178 | ) | (2,548 | ) | (116 | ) | (2,664 | ) | (4,213 | ) | (24 | ) | (4,237 | ) | (661 | ) | (4 | ) | (665 | )"""
OBS-BAIDU-01212,baidu,"Baidu, Inc.",FY2022,Q1,2022-01-01,2022-03-31,2022-Q1,2022-05-27,Capital expenditures,company_reported_capex,"(1,979)",CNY,RMB millions,1979000000,SRC-BAIDU-128,A,https://www.sec.gov/Archives/edgar/data/1329099/000119312522161778/d335526dex991.htm,"Reconciliation from net cash provided by operating activities to free cash flow, row 'Less: Capital expenditures'",REPORTED,,"Consolidated 'Baidu' column (third of Baidu Core, iQIYI, Baidu).",NOT STATED,NOT STATED,NO,NO,FALSE,FALSE,"Verbatim: ""Less: Capital expenditures | (1,438 | ) | (61 | ) | (1,499 | ) | (4,213 | ) | (24 | ) | (4,237 | ) | (1,928 | ) | (51 | ) | (1,979 | ) | (304 | ) | (8 | ) | (312 | )"""
OBS-BAIDU-01213,baidu,"Baidu, Inc.",FY2022,FY,2022-01-01,2022-12-31,2022-Q4,2023-02-22,Capital expenditures,company_reported_capex,"(8,286)",CNY,RMB millions,8286000000,SRC-BAIDU-134,A,https://www.sec.gov/Archives/edgar/data/1329099/000119312523044848/d474352dex991.htm,"Free cash flow reconciliation, twelve months",REPORTED,,Consolidated twelve-month figure.,NOT STATED,NOT STATED,NO,NO,FALSE,FALSE,"Verbatim: ""Less: Capital expenditures | (10,634 | ) | (262 | ) | (10,896 | ) | (8,112 | ) | (174 | ) | (8,286 | ) | (1,176 | ) | (25 | ) | (1,201 | )"""
OBS-BAIDU-01214,baidu,"Baidu, Inc.",FY2022,Q2,2022-04-01,2022-06-30,2022-Q2,2022-08-31,Capital expenditures,company_reported_capex,"(2,190)",CNY,RMB millions,2190000000,SRC-BAIDU-130,A,https://www.sec.gov/Archives/edgar/data/1329099/000119312522234500/d393584dex991.htm,"Reconciliation from net cash provided by operating activities to free cash flow, row 'Less: Capital expenditures'",REPORTED,,"Consolidated 'Baidu' column (third of Baidu Core, iQIYI, Baidu).",NOT STATED,NOT STATED,NO,NO,FALSE,FALSE,"Verbatim: ""Less: Capital expenditures | (2,435 | ) | (61 | ) | (2,496 | ) | (1,928 | ) | (51 | ) | (1,979 | ) | (2,124 | ) | (66 | ) | (2,190 | ) | (317 | ) | (10 | ) | (327 | )"""
OBS-BAIDU-01215,baidu,"Baidu, Inc.",FY2022,Q3,2022-07-01,2022-09-30,2022-Q3,2022-11-23,Capital expenditures,company_reported_capex,"(2,188)",CNY,RMB millions,2188000000,SRC-BAIDU-132,A,https://www.sec.gov/Archives/edgar/data/1329099/000119312522291565/d313453dex991.htm,"Reconciliation from net cash provided by operating activities to free cash flow, row 'Less: Capital expenditures'",REPORTED,,"Consolidated 'Baidu' column (third of Baidu Core, iQIYI, Baidu).",NOT STATED,NOT STATED,NO,NO,FALSE,FALSE,"Verbatim: ""Less: Capital expenditures | (2,548 | ) | (116 | ) | (2,664 | ) | (2,124 | ) | (66 | ) | (2,190 | ) | (2,140 | ) | (48 | ) | (2,188 | ) | (301 | ) | (7 | ) | (308 | )"""
OBS-BAIDU-01216,baidu,"Baidu, Inc.",FY2022,Q4,2022-10-01,2022-12-31,2022-Q4,2023-02-22,Capital expenditures,company_reported_capex,"(1,929)",CNY,RMB millions,1929000000,SRC-BAIDU-134,A,https://www.sec.gov/Archives/edgar/data/1329099/000119312523044848/d474352dex991.htm,"Reconciliation from net cash provided by operating activities to free cash flow, row 'Less: Capital expenditures'",REPORTED,,"Consolidated 'Baidu' column (third of Baidu Core, iQIYI, Baidu).",NOT STATED,NOT STATED,NO,NO,FALSE,FALSE,"Verbatim: ""Less: Capital expenditures | (4,213 | ) | (24 | ) | (4,237 | ) | (2,140 | ) | (48 | ) | (2,188 | ) | (1,920 | ) | (9 | ) | (1,929 | ) | (279 | ) | (1 | ) | (280 | )"""
OBS-BAIDU-01217,baidu,"Baidu, Inc.",FY2023,Q1,2023-01-01,2023-03-31,2023-Q1,2023-05-16,Capital expenditures,company_reported_capex,"(1,295)",CNY,RMB millions,1295000000,SRC-BAIDU-137,A,https://www.sec.gov/Archives/edgar/data/1329099/000119312523145594/d472126dex991.htm,"Reconciliation from net cash provided by operating activities to free cash flow, row 'Less: Capital expenditures'",REPORTED,,"Consolidated 'Baidu' column (third of Baidu Core, iQIYI, Baidu).",NOT STATED,NOT STATED,NO,NO,FALSE,FALSE,"Verbatim: ""Less: Capital expenditures | (1,928 | ) | (51 | ) | (1,979 | ) | (1,920 | ) | (9 | ) | (1,929 | ) | (1,295 | ) | — | (1,295 | ) | (189 | ) | — | (189 | )"""
OBS-BAIDU-01218,baidu,"Baidu, Inc.",FY2023,FY,2023-01-01,2023-12-31,2023-Q4,2024-02-28,Capital expenditures,company_reported_capex,"(11,190)",CNY,RMB millions,11190000000,SRC-BAIDU-143,A,https://www.sec.gov/Archives/edgar/data/1329099/000119312524050652/d789091dex991.htm,"Free cash flow reconciliation, twelve months",REPORTED,,Consolidated twelve-month figure.,NOT STATED,NOT STATED,NO,NO,FALSE,FALSE,"Verbatim: ""Less: Capital expenditures | (8,112 | ) | (174 | ) | (8,286 | ) | (11,154 | ) | (36 | ) | (11,190 | ) | (1,571 | ) | (5 | ) | (1,576 | )"""
OBS-BAIDU-01219,baidu,"Baidu, Inc.",FY2023,Q2,2023-04-01,2023-06-30,2023-Q2,2023-08-22,Capital expenditures,company_reported_capex,"(2,706)",CNY,RMB millions,2706000000,SRC-BAIDU-139,A,https://www.sec.gov/Archives/edgar/data/1329099/000119312523217413/d502468dex991.htm,"Reconciliation from net cash provided by operating activities to free cash flow, row 'Less: Capital expenditures'",REPORTED,,"Consolidated 'Baidu' column (third of Baidu Core, iQIYI, Baidu).",NOT STATED,NOT STATED,NO,NO,FALSE,FALSE,"Verbatim: ""Less: Capital expenditures | (2,124 | ) | (66 | ) | (2,190 | ) | (1,295 | ) | — | (1,295 | ) | (2,693 | ) | (13 | ) | (2,706 | ) | (371 | ) | (2 | ) | (373 | )"""
OBS-BAIDU-01220,baidu,"Baidu, Inc.",FY2023,Q3,2023-07-01,2023-09-30,2023-Q3,2023-11-21,Capital expenditures,company_reported_capex,"(3,529)",CNY,RMB millions,3529000000,SRC-BAIDU-141,A,https://www.sec.gov/Archives/edgar/data/1329099/000119312523281151/d551070dex991.htm,"Reconciliation from net cash provided by operating activities to free cash flow, row 'Less: Capital expenditures'",REPORTED,,"Consolidated 'Baidu' column (third of Baidu Core, iQIYI, Baidu).",NOT STATED,NOT STATED,NO,NO,FALSE,FALSE,"Verbatim: ""Less: Capital expenditures | (2,140 | ) | (48 | ) | (2,188 | ) | (2,693 | ) | (13 | ) | (2,706 | ) | (3,525 | ) | (4 | ) | (3,529 | ) | (483 | ) | (1 | ) | (484 | )"""
OBS-BAIDU-01221,baidu,"Baidu, Inc.",FY2023,Q4,2023-10-01,2023-12-31,2023-Q4,2024-02-28,Capital expenditures,company_reported_capex,"(3,660)",CNY,RMB millions,3660000000,SRC-BAIDU-143,A,https://www.sec.gov/Archives/edgar/data/1329099/000119312524050652/d789091dex991.htm,"Reconciliation from net cash provided by operating activities to free cash flow, row 'Less: Capital expenditures'",REPORTED,,"Consolidated 'Baidu' column (third of Baidu Core, iQIYI, Baidu).",NOT STATED,NOT STATED,NO,NO,FALSE,FALSE,"Verbatim: ""Less: Capital expenditures | (1,920 | ) | (9 | ) | (1,929 | ) | (3,525 | ) | (4 | ) | (3,529 | ) | (3,641 | ) | (19 | ) | (3,660 | ) | (513 | ) | (3 | ) | (516 | )"""
OBS-BAIDU-01222,baidu,"Baidu, Inc.",FY2024,Q1,2024-01-01,2024-03-31,2024-Q1,2024-05-16,Capital expenditures,company_reported_capex,"(2,038)",CNY,RMB millions,2038000000,SRC-BAIDU-146,A,https://www.sec.gov/Archives/edgar/data/1329099/000119312524140513/d782149dex991.htm,"Reconciliation from net cash provided by operating activities to free cash flow, row 'Less: Capital expenditures'",REPORTED,,"Consolidated 'Baidu' column (third of Baidu Core, iQIYI, Baidu).",NOT STATED,NOT STATED,NO,NO,FALSE,FALSE,"Verbatim: ""Less: Capital expenditures | (1,295 | ) | —  | (1,295 | ) | (3,641 | ) | (19 | ) | (3,660 | ) | (2,016 | ) | (22 | ) | (2,038 | ) | (279 | ) | (3 | ) | (282 | )"""
OBS-BAIDU-01223,baidu,"Baidu, Inc.",FY2024,FY,2024-01-01,2024-12-31,2024-Q4,2025-02-18,Capital expenditures,company_reported_capex,"(8,134)",CNY,RMB millions,8134000000,SRC-BAIDU-152,A,https://www.sec.gov/Archives/edgar/data/1329099/000119312525028182/d896079dex991.htm,"Free cash flow reconciliation, twelve months",REPORTED,,Consolidated twelve-month figure.,NOT STATED,NOT STATED,NO,NO,FALSE,FALSE,"Verbatim: ""Less: Capital expenditures | (11,154 | ) | (36 | ) | (11,190 | ) | (8,055 | ) | (79 | ) | (8,134 | ) | (1,103 | ) | (11 | ) | (1,114 | )"""
OBS-BAIDU-01224,baidu,"Baidu, Inc.",FY2024,Q2,2024-04-01,2024-06-30,2024-Q2,2024-08-22,Capital expenditures,company_reported_capex,"(2,118)",CNY,RMB millions,2118000000,SRC-BAIDU-148,A,https://www.sec.gov/Archives/edgar/data/1329099/000119312524204906/d227518dex991.htm,"Reconciliation from net cash provided by operating activities to free cash flow, row 'Less: Capital expenditures'",REPORTED,,"Consolidated 'Baidu' column (third of Baidu Core, iQIYI, Baidu).",NOT STATED,NOT STATED,NO,NO,FALSE,FALSE,"Verbatim: ""Less: Capital expenditures | (2,693 | ) | (13 | ) | (2,706 | ) | (2,016 | ) | (22 | ) | (2,038 | ) | (2,090 | ) | (28 | ) | (2,118 | ) | (287 | ) | (4 | ) | (291 | )"""
OBS-BAIDU-01225,baidu,"Baidu, Inc.",FY2024,Q3,2024-07-01,2024-09-30,2024-Q3,2024-11-21,Capital expenditures,company_reported_capex,"(1,645)",CNY,RMB millions,1645000000,SRC-BAIDU-150,A,https://www.sec.gov/Archives/edgar/data/1329099/000119312524263052/d802709dex991.htm,"Reconciliation from net cash provided by operating activities to free cash flow, row 'Less: Capital expenditures'",REPORTED,,"Consolidated 'Baidu' column (third of Baidu Core, iQIYI, Baidu).",NOT STATED,NOT STATED,NO,NO,FALSE,FALSE,"Verbatim: ""Less: Capital expenditures | (3,525 | ) | (4 | ) | (3,529 | ) | (2,090 | ) | (28 | ) | (2,118 | ) | (1,637 | ) | (8 | ) | (1,645 | ) | (233 | ) | (1 | ) | (234 | )"""
OBS-BAIDU-01226,baidu,"Baidu, Inc.",FY2024,Q4,2024-10-01,2024-12-31,2024-Q4,2025-02-18,Capital expenditures,company_reported_capex,"(2,333)",CNY,RMB millions,2333000000,SRC-BAIDU-152,A,https://www.sec.gov/Archives/edgar/data/1329099/000119312525028182/d896079dex991.htm,"Reconciliation from net cash provided by operating activities to free cash flow, row 'Less: Capital expenditures'",REPORTED,,"Consolidated 'Baidu' column (third of Baidu Core, iQIYI, Baidu).",NOT STATED,NOT STATED,NO,NO,FALSE,FALSE,"Verbatim: ""Less: Capital expenditures | (3,641 | ) | (19 | ) | (3,660 | ) | (1,637 | ) | (8 | ) | (1,645 | ) | (2,312 | ) | (21 | ) | (2,333 | ) | (317 | ) | (3 | ) | (320 | )"""
OBS-BAIDU-01227,baidu,"Baidu, Inc.",FY2025,Q1,2025-01-01,2025-03-31,2025-Q1,2025-05-21,Capital expenditures,company_reported_capex,"(2,900)",CNY,RMB millions,2900000000,SRC-BAIDU-155,A,https://www.sec.gov/Archives/edgar/data/1329099/000119312525123961/d58002dex991.htm,"Reconciliation from net cash provided by operating activities to free cash flow, row 'Less: Capital expenditures'",REPORTED,,"Consolidated 'Baidu' column (third of Baidu Core, iQIYI, Baidu).",NOT STATED,NOT STATED,NO,NO,FALSE,FALSE,"Verbatim: ""Less: Capital expenditures | (2,016 | ) | (22 | ) | (2,038 | ) | (2,312 | ) | (21 | ) | (2,333 | ) | (2,869 | ) | (31 | ) | (2,900 | ) | (395 | ) | (4 | ) | (399 | )"""
OBS-BAIDU-01228,baidu,"Baidu, Inc.",FY2025,FY,2025-01-01,2025-12-31,2025-Q4,2026-02-26,Capital expenditures,company_reported_capex,"(12,073)",CNY,RMB millions,12073000000,SRC-BAIDU-161,A,https://www.sec.gov/Archives/edgar/data/1329099/000119312526076505/d117608dex991.htm,"Free cash flow reconciliation, twelve months",REPORTED,,Consolidated twelve-month figure.,NOT STATED,NOT STATED,NO,NO,FALSE,FALSE,"Verbatim: ""Less: Capital expenditures | (8,055 | ) | (79 | ) | (8,134 | ) | (11,978 | ) | (95 | ) | (12,073 | ) | (1,712 | ) | (14 | ) | (1,726 | )"""
OBS-BAIDU-01229,baidu,"Baidu, Inc.",FY2025,Q2,2025-04-01,2025-06-30,2025-Q2,,Capital expenditures,company_reported_capex,"(3,800)",CNY,RMB millions,3800000000,SRC-BAIDU-008,A,https://www.sec.gov/Archives/edgar/data/1329099/000119312526355431/d112854dex991.htm,"Reconciliation from net cash provided by operating activities to free cash flow, row 'Less: Capital expenditures'",REPORTED,,"Consolidated 'Baidu' column (third of Baidu Core, iQIYI, Baidu). Comparative column in a later release.",NOT STATED,NOT STATED,NO,NO,FALSE,FALSE,"Verbatim: ""Less: Capital expenditures | (3,779 | ) | (21 | ) | (3,800 | ) | (5,839 | ) | (77 | ) | (5,916 | ) | (11,370 | ) | (20 | ) | (11,390 | ) | (1,676 | ) | (3 | ) | (1,679 | )"""
OBS-BAIDU-01230,baidu,"Baidu, Inc.",FY2025,Q3,2025-07-01,2025-09-30,2025-Q3,2025-11-18,Capital expenditures,company_reported_capex,"(3,401)",CNY,RMB millions,3401000000,SRC-BAIDU-159,A,https://www.sec.gov/Archives/edgar/data/1329099/000119312525285391/d52736dex991.htm,"Reconciliation from net cash provided by operating activities to free cash flow, row 'Less: Capital expenditures'",REPORTED,,"Consolidated 'Baidu' column (third of Baidu Core, iQIYI, Baidu).",NOT STATED,NOT STATED,NO,NO,FALSE,FALSE,"Verbatim: ""Less: Capital expenditures | (1,637 | ) | (8 | ) | (1,645 | ) | (3,779 | ) | (21 | ) | (3,800 | ) | (3,378 | ) | (23 | ) | (3,401 | ) | (475 | ) | (3 | ) | (478 | )"""
OBS-BAIDU-01231,baidu,"Baidu, Inc.",FY2025,Q4,2025-10-01,2025-12-31,2025-Q4,2026-02-26,Capital expenditures,company_reported_capex,"(1,972)",CNY,RMB millions,1972000000,SRC-BAIDU-161,A,https://www.sec.gov/Archives/edgar/data/1329099/000119312526076505/d117608dex991.htm,"Reconciliation from net cash provided by operating activities to free cash flow, row 'Less: Capital expenditures'",REPORTED,,"Consolidated 'Baidu' column (third of Baidu Core, iQIYI, Baidu).",NOT STATED,NOT STATED,NO,NO,FALSE,FALSE,"Verbatim: ""Less: Capital expenditures | (2,312 | ) | (21 | ) | (2,333 | ) | (3,378 | ) | (23 | ) | (3,401 | ) | (1,952 | ) | (20 | ) | (1,972 | ) | (279 | ) | (3 | ) | (282 | )"""
OBS-BAIDU-01232,baidu,"Baidu, Inc.",FY2026,Q1,2026-01-01,2026-03-31,2026-Q1,,Capital expenditures,company_reported_capex,"(5,916)",CNY,RMB millions,5916000000,SRC-BAIDU-008,A,https://www.sec.gov/Archives/edgar/data/1329099/000119312526355431/d112854dex991.htm,"Reconciliation from net cash provided by operating activities to free cash flow, row 'Less: Capital expenditures'",REPORTED,,"Consolidated 'Baidu' column (third of Baidu Core, iQIYI, Baidu). Comparative column in a later release.",NOT STATED,NOT STATED,NO,NO,FALSE,FALSE,"Verbatim: ""Less: Capital expenditures | (3,779 | ) | (21 | ) | (3,800 | ) | (5,839 | ) | (77 | ) | (5,916 | ) | (11,370 | ) | (20 | ) | (11,390 | ) | (1,676 | ) | (3 | ) | (1,679 | )"""
OBS-BAIDU-01233,baidu,"Baidu, Inc.",FY2026,Q2,2026-04-01,2026-06-30,2026-Q2,,Capital expenditures,company_reported_capex,"(11,390)",CNY,RMB millions,11390000000,SRC-BAIDU-008,A,https://www.sec.gov/Archives/edgar/data/1329099/000119312526355431/d112854dex991.htm,"Reconciliation from net cash provided by operating activities to free cash flow, row 'Less: Capital expenditures'",REPORTED,,"Consolidated 'Baidu' column (third of Baidu Core, iQIYI, Baidu).",NOT STATED,NOT STATED,NO,NO,FALSE,FALSE,"Verbatim: ""Less: Capital expenditures | (3,779 | ) | (21 | ) | (3,800 | ) | (5,839 | ) | (77 | ) | (5,916 | ) | (11,370 | ) | (20 | ) | (11,390 | ) | (1,676 | ) | (3 | ) | (1,679 | )"""
OBS-TENCENT-01234,tencent,Tencent Holdings Limited,FY2011,Q1,2011-01-01,2011-03-31,2011-Q1,2012-05-16,Capital expenditures,company_reported_capex,"720,816",CNY,RMB thousands,720816000,SRC-TENC-024,A,https://www.hkexnews.hk/listedco/listconews/sehk/2012/0516/ltn20120516284.pdf,"Other Financial Information, row 'Capital expenditures'",REPORTED,,"definition note: (d)   Capital expenditures consist of additions (excluding business combination) to fixed assets, construction in progress, land use rights and intangible assets (excluding game and other content licences).",NOT STATED,NOT STATED,YES (excluding content and game licences),NO,FALSE,FALSE,"Verbatim: ""Capital expenditures (d)                            662,130               891,994            720,816"""
OBS-TENCENT-01235,tencent,Tencent Holdings Limited,FY2011,H1 (6M YTD),2011-01-01,2011-06-30,2011-Q2,2012-08-15,Capital expenditures,company_reported_capex,"1,663,863",CNY,RMB thousands,1663863000,SRC-TENC-025,A,https://www.hkexnews.hk/listedco/listconews/sehk/2012/0815/ltn20120815219.pdf,"Other Financial Information, row 'Capital expenditures'",REPORTED,,"definition note: (d)   Capital expenditures consist of additions (excluding business combination) to fixed assets, construction in progress, land use rights and intangible assets (excluding game and other content licences).",NOT STATED,NOT STATED,YES (excluding content and game licences),NO,FALSE,FALSE,"Verbatim: ""Capital expenditures (d)    1,577,286 1,663,863     915,156    662,130    943,047"""
OBS-TENCENT-01236,tencent,Tencent Holdings Limited,FY2011,9M YTD,2011-01-01,2011-09-30,2011-Q3,2012-11-14,Capital expenditures,company_reported_capex,"2,797,205",CNY,RMB thousands,2797205000,SRC-TENC-027,A,https://www.hkexnews.hk/listedco/listconews/sehk/2012/1114/ltn20121114173.pdf,"Other Financial Information, row 'Capital expenditures'",REPORTED,,"definition note: (d)   Capital expenditures consist of additions (excluding business combinations) to fixed assets, construction in progress, land use rights and intangible assets (excluding game and other content licences).",NOT STATED,NOT STATED,YES (excluding content and game licences),NO,FALSE,FALSE,"Verbatim: ""Capital expenditures (d)           2,709,600     2,797,205       1,132,314       915,156      1,133,342"""
OBS-TENCENT-01237,tencent,Tencent Holdings Limited,FY2011,FY,2011-01-01,2011-12-31,2011-Q4,2013-03-20,Capital expenditures,company_reported_capex,"3,689,199",CNY,RMB thousands,3689199000,SRC-TENC-028,A,https://www.hkexnews.hk/listedco/listconews/sehk/2013/0320/ltn20130320279.pdf,"Other Financial Information, row 'Capital expenditures'",REPORTED,,"definition note: (d)   Capital expenditures consist of additions (excluding business combinations) to fixed assets, construction in progress, land use rights and intangible assets (excluding game and other content licences).",NOT STATED,NOT STATED,YES (excluding content and game licences),NO,FALSE,FALSE,"Verbatim: ""Capital expenditures (d)          4,493,430      3,689,199      1,783,830      1,132,314       891,994"""
OBS-TENCENT-01238,tencent,Tencent Holdings Limited,FY2011,Q2,2011-04-01,2011-06-30,2011-Q2,2012-08-15,Capital expenditures,company_reported_capex,"943,047",CNY,RMB thousands,943047000,SRC-TENC-025,A,https://www.hkexnews.hk/listedco/listconews/sehk/2012/0815/ltn20120815219.pdf,"Other Financial Information, row 'Capital expenditures'",REPORTED,,"definition note: (d)   Capital expenditures consist of additions (excluding business combination) to fixed assets, construction in progress, land use rights and intangible assets (excluding game and other content licences).",NOT STATED,NOT STATED,YES (excluding content and game licences),NO,FALSE,FALSE,"Verbatim: ""Capital expenditures (d)    1,577,286 1,663,863     915,156    662,130    943,047"""
OBS-TENCENT-01239,tencent,Tencent Holdings Limited,FY2011,Q3,2011-07-01,2011-09-30,2011-Q3,2012-11-14,Capital expenditures,company_reported_capex,"1,133,342",CNY,RMB thousands,1133342000,SRC-TENC-027,A,https://www.hkexnews.hk/listedco/listconews/sehk/2012/1114/ltn20121114173.pdf,"Other Financial Information, row 'Capital expenditures'",REPORTED,,"definition note: (d)   Capital expenditures consist of additions (excluding business combinations) to fixed assets, construction in progress, land use rights and intangible assets (excluding game and other content licences).",NOT STATED,NOT STATED,YES (excluding content and game licences),NO,FALSE,FALSE,"Verbatim: ""Capital expenditures (d)           2,709,600     2,797,205       1,132,314       915,156      1,133,342"""
OBS-TENCENT-01240,tencent,Tencent Holdings Limited,FY2011,Q4,2011-10-01,2011-12-31,2011-Q4,2012-05-16,Capital expenditures,company_reported_capex,"891,994",CNY,RMB thousands,891994000,SRC-TENC-024,A,https://www.hkexnews.hk/listedco/listconews/sehk/2012/0516/ltn20120516284.pdf,"Other Financial Information, row 'Capital expenditures'",REPORTED,,"definition note: (d)   Capital expenditures consist of additions (excluding business combination) to fixed assets, construction in progress, land use rights and intangible assets (excluding game and other content licences).",NOT STATED,NOT STATED,YES (excluding content and game licences),NO,FALSE,FALSE,"Verbatim: ""Capital expenditures (d)                            662,130               891,994            720,816"""
OBS-TENCENT-01241,tencent,Tencent Holdings Limited,FY2012,Q1,2012-01-01,2012-03-31,2012-Q1,2012-05-16,Capital expenditures,company_reported_capex,"662,130",CNY,RMB thousands,662130000,SRC-TENC-024,A,https://www.hkexnews.hk/listedco/listconews/sehk/2012/0516/ltn20120516284.pdf,"Other Financial Information, row 'Capital expenditures'",REPORTED,,"definition note: (d)   Capital expenditures consist of additions (excluding business combination) to fixed assets, construction in progress, land use rights and intangible assets (excluding game and other content licences).",NOT STATED,NOT STATED,YES (excluding content and game licences),NO,FALSE,FALSE,"Verbatim: ""Capital expenditures (d)                            662,130               891,994            720,816"""
OBS-TENCENT-01242,tencent,Tencent Holdings Limited,FY2012,H1 (6M YTD),2012-01-01,2012-06-30,2012-Q2,2012-08-15,Capital expenditures,company_reported_capex,"1,577,286",CNY,RMB thousands,1577286000,SRC-TENC-025,A,https://www.hkexnews.hk/listedco/listconews/sehk/2012/0815/ltn20120815219.pdf,"Other Financial Information, row 'Capital expenditures'",REPORTED,,"definition note: (d)   Capital expenditures consist of additions (excluding business combination) to fixed assets, construction in progress, land use rights and intangible assets (excluding game and other content licences).",NOT STATED,NOT STATED,YES (excluding content and game licences),NO,FALSE,FALSE,"Verbatim: ""Capital expenditures (d)    1,577,286 1,663,863     915,156    662,130    943,047"""
OBS-TENCENT-01243,tencent,Tencent Holdings Limited,FY2012,9M YTD,2012-01-01,2012-09-30,2012-Q3,2012-11-14,Capital expenditures,company_reported_capex,"2,709,600",CNY,RMB thousands,2709600000,SRC-TENC-027,A,https://www.hkexnews.hk/listedco/listconews/sehk/2012/1114/ltn20121114173.pdf,"Other Financial Information, row 'Capital expenditures'",REPORTED,,"definition note: (d)   Capital expenditures consist of additions (excluding business combinations) to fixed assets, construction in progress, land use rights and intangible assets (excluding game and other content licences).",NOT STATED,NOT STATED,YES (excluding content and game licences),NO,FALSE,FALSE,"Verbatim: ""Capital expenditures (d)           2,709,600     2,797,205       1,132,314       915,156      1,133,342"""
OBS-TENCENT-01244,tencent,Tencent Holdings Limited,FY2012,FY,2012-01-01,2012-12-31,2012-Q4,2013-03-20,Capital expenditures,company_reported_capex,"4,493,430",CNY,RMB thousands,4493430000,SRC-TENC-028,A,https://www.hkexnews.hk/listedco/listconews/sehk/2013/0320/ltn20130320279.pdf,"Other Financial Information, row 'Capital expenditures'",REPORTED,,"definition note: (d)   Capital expenditures consist of additions (excluding business combinations) to fixed assets, construction in progress, land use rights and intangible assets (excluding game and other content licences).",NOT STATED,NOT STATED,YES (excluding content and game licences),NO,TRUE,TRUE,"Verbatim: ""Capital expenditures (d)          4,493,430      3,689,199      1,783,830      1,132,314       891,994"""
OBS-TENCENT-01245,tencent,Tencent Holdings Limited,FY2012,FY,2012-01-01,2012-12-31,2012-Q4,2014-03-19,Capital expenditures,company_reported_capex,"4,493",CNY,RMB millions,4493000000,SRC-TENC-034,A,https://www.hkexnews.hk/listedco/listconews/sehk/2014/0319/ltn20140319386.pdf,"Other Financial Information, row 'Capital expenditures'",REPORTED,,"definition note: (d)   Capital expenditures consist of additions (excluding business combinations) to fixed assets, construction in progress, land use rights and intangible assets (excluding game and other content licences).",NOT STATED,NOT STATED,YES (excluding content and game licences),NO,FALSE,TRUE,"Verbatim: ""Capital expenditures (d)              5,799       4,493           1,679          1,621           1,784"""
OBS-TENCENT-01246,tencent,Tencent Holdings Limited,FY2012,Q2,2012-04-01,2012-06-30,2012-Q2,2012-08-15,Capital expenditures,company_reported_capex,"915,156",CNY,RMB thousands,915156000,SRC-TENC-025,A,https://www.hkexnews.hk/listedco/listconews/sehk/2012/0815/ltn20120815219.pdf,"Other Financial Information, row 'Capital expenditures'",REPORTED,,"definition note: (d)   Capital expenditures consist of additions (excluding business combination) to fixed assets, construction in progress, land use rights and intangible assets (excluding game and other content licences).",NOT STATED,NOT STATED,YES (excluding content and game licences),NO,FALSE,FALSE,"Verbatim: ""Capital expenditures (d)    1,577,286 1,663,863     915,156    662,130    943,047"""
OBS-TENCENT-01247,tencent,Tencent Holdings Limited,FY2012,Q3,2012-07-01,2012-09-30,2012-Q3,2012-11-14,Capital expenditures,company_reported_capex,"1,132,314",CNY,RMB thousands,1132314000,SRC-TENC-027,A,https://www.hkexnews.hk/listedco/listconews/sehk/2012/1114/ltn20121114173.pdf,"Other Financial Information, row 'Capital expenditures'",REPORTED,,"definition note: (d)   Capital expenditures consist of additions (excluding business combinations) to fixed assets, construction in progress, land use rights and intangible assets (excluding game and other content licences).",NOT STATED,NOT STATED,YES (excluding content and game licences),NO,FALSE,FALSE,"Verbatim: ""Capital expenditures (d)           2,709,600     2,797,205       1,132,314       915,156      1,133,342"""
OBS-TENCENT-01248,tencent,Tencent Holdings Limited,FY2012,Q4,2012-10-01,2012-12-31,2012-Q4,2013-03-20,Capital expenditures,company_reported_capex,"1,783,830",CNY,RMB thousands,1783830000,SRC-TENC-028,A,https://www.hkexnews.hk/listedco/listconews/sehk/2013/0320/ltn20130320279.pdf,"Other Financial Information, row 'Capital expenditures'",REPORTED,,"definition note: (d)   Capital expenditures consist of additions (excluding business combinations) to fixed assets, construction in progress, land use rights and intangible assets (excluding game and other content licences).",NOT STATED,NOT STATED,YES (excluding content and game licences),NO,TRUE,TRUE,"Verbatim: ""Capital expenditures (d)          4,493,430      3,689,199      1,783,830      1,132,314       891,994"""
OBS-TENCENT-01249,tencent,Tencent Holdings Limited,FY2012,Q4,2012-10-01,2012-12-31,2012-Q4,2014-03-19,Capital expenditures,company_reported_capex,"1,784",CNY,RMB millions,1784000000,SRC-TENC-034,A,https://www.hkexnews.hk/listedco/listconews/sehk/2014/0319/ltn20140319386.pdf,"Other Financial Information, row 'Capital expenditures'",REPORTED,,"definition note: (d)   Capital expenditures consist of additions (excluding business combinations) to fixed assets, construction in progress, land use rights and intangible assets (excluding game and other content licences).",NOT STATED,NOT STATED,YES (excluding content and game licences),NO,FALSE,TRUE,"Verbatim: ""Capital expenditures (d)              5,799       4,493           1,679          1,621           1,784"""
OBS-TENCENT-01250,tencent,Tencent Holdings Limited,FY2013,Q1,2013-01-01,2013-03-31,2013-Q1,2013-05-15,Capital expenditures,company_reported_capex,"1,034,598",CNY,RMB thousands,1034598000,SRC-TENC-030,A,https://www.hkexnews.hk/listedco/listconews/sehk/2013/0515/ltn20130515322.pdf,"Other Financial Information, row 'Capital expenditures'",REPORTED,,"definition note: (d)   Capital expenditures consist of additions (excluding business combinations) to fixed assets, construction in progress, land use rights and intangible assets (excluding game and other content licences).",NOT STATED,NOT STATED,YES (excluding content and game licences),NO,TRUE,TRUE,"Verbatim: ""Capital expenditures (d)                          1,034,598            1,783,830            662,130"""
OBS-TENCENT-01251,tencent,Tencent Holdings Limited,FY2013,Q1,2013-01-01,2013-03-31,2013-Q1,2014-05-14,Capital expenditures,company_reported_capex,"1,035",CNY,RMB millions,1035000000,SRC-TENC-036,A,https://www.hkexnews.hk/listedco/listconews/sehk/2014/0514/ltn20140514413.pdf,"Other Financial Information, row 'Capital expenditures'",REPORTED,,"definition note: (d)   Capital expenditures consist of additions (excluding business combinations) to fixed assets, construction in progress, land use rights and intangible assets (excluding game and other content licences).",NOT STATED,NOT STATED,YES (excluding content and game licences),NO,FALSE,TRUE,"Verbatim: ""Capital expenditures (d)                                  1,138             1,679              1,035"""
OBS-TENCENT-01252,tencent,Tencent Holdings Limited,FY2013,H1 (6M YTD),2013-01-01,2013-06-30,2013-Q2,2013-08-14,Capital expenditures,company_reported_capex,"2,498,618",CNY,RMB thousands,2498618000,SRC-TENC-031,A,https://www.hkexnews.hk/listedco/listconews/sehk/2013/0814/ltn20130814167.pdf,"Other Financial Information, row 'Capital expenditures'",REPORTED,,"definition note: (d)   Capital expenditures consist of additions (excluding business combinations) to fixed assets, construction in progress, land use rights and intangible assets (excluding game and other content licences).",NOT STATED,NOT STATED,YES (excluding content and game licences),NO,TRUE,TRUE,"Verbatim: ""Capital expenditures (d)           2,498,618     1,577,286      1,464,020     1,034,598       915,156"""
OBS-TENCENT-01253,tencent,Tencent Holdings Limited,FY2013,H1 (6M YTD),2013-01-01,2013-06-30,2013-Q2,2014-08-13,Capital expenditures,company_reported_capex,"2,499",CNY,RMB millions,2499000000,SRC-TENC-037,A,https://www.hkexnews.hk/listedco/listconews/sehk/2014/0813/ltn20140813357.pdf,"Other Financial Information, row 'Capital expenditures'",REPORTED,,"definition note: (d)   Capital expenditures consist of additions (excluding business combinations) to fixed assets, construction in progress, land use rights and intangible assets (excluding game and other content licences).",NOT STATED,NOT STATED,YES (excluding content and game licences),NO,FALSE,TRUE,"Verbatim: ""Capital expenditures (d)               2,055          2,499           917         1,138          1,464"""
OBS-TENCENT-01254,tencent,Tencent Holdings Limited,FY2013,9M YTD,2013-01-01,2013-09-30,2013-Q3,2013-11-13,Capital expenditures,company_reported_capex,"4,119,482",CNY,RMB thousands,4119482000,SRC-TENC-033,A,https://www.hkexnews.hk/listedco/listconews/sehk/2013/1113/ltn20131113363.pdf,"Other Financial Information, row 'Capital expenditures'",REPORTED,,"definition note: (d)   Capital expenditures consist of additions (excluding business combinations) to fixed assets, construction in progress, land use rights and intangible assets (excluding game and other content licences).",NOT STATED,NOT STATED,YES (excluding content and game licences),NO,TRUE,TRUE,"Verbatim: ""Capital expenditures (d)           4,119,482     2,709,600       1,620,864     1,464,020     1,132,314"""
OBS-TENCENT-01255,tencent,Tencent Holdings Limited,FY2013,9M YTD,2013-01-01,2013-09-30,2013-Q3,2014-11-12,Capital expenditures,company_reported_capex,"4,120",CNY,RMB millions,4120000000,SRC-TENC-040,A,https://www.hkexnews.hk/listedco/listconews/sehk/2014/1112/ltn20141112467.pdf,"Other Financial Information, row 'Capital expenditures'",REPORTED,,"definition note: (d)   Capital expenditures consist of additions (excluding business combinations) to fixed assets, construction in progress, land use rights and intangible assets (excluding game and other content licences).",NOT STATED,NOT STATED,YES (excluding content and game licences),NO,FALSE,TRUE,"Verbatim: ""Capital expenditures (d)               3,115         4,120           1,060           917         1,621"""
OBS-TENCENT-01256,tencent,Tencent Holdings Limited,FY2013,FY,2013-01-01,2013-12-31,2013-Q4,2014-03-19,Capital expenditures,company_reported_capex,"5,799",CNY,RMB millions,5799000000,SRC-TENC-034,A,https://www.hkexnews.hk/listedco/listconews/sehk/2014/0319/ltn20140319386.pdf,"Other Financial Information, row 'Capital expenditures'",REPORTED,,"definition note: (d)   Capital expenditures consist of additions (excluding business combinations) to fixed assets, construction in progress, land use rights and intangible assets (excluding game and other content licences).",NOT STATED,NOT STATED,YES (excluding content and game licences),NO,FALSE,FALSE,"Verbatim: ""Capital expenditures (d)              5,799       4,493           1,679          1,621           1,784"""
OBS-TENCENT-01257,tencent,Tencent Holdings Limited,FY2013,Q2,2013-04-01,2013-06-30,2013-Q2,2013-08-14,Capital expenditures,company_reported_capex,"1,464,020",CNY,RMB thousands,1464020000,SRC-TENC-031,A,https://www.hkexnews.hk/listedco/listconews/sehk/2013/0814/ltn20130814167.pdf,"Other Financial Information, row 'Capital expenditures'",REPORTED,,"definition note: (d)   Capital expenditures consist of additions (excluding business combinations) to fixed assets, construction in progress, land use rights and intangible assets (excluding game and other content licences).",NOT STATED,NOT STATED,YES (excluding content and game licences),NO,TRUE,TRUE,"Verbatim: ""Capital expenditures (d)           2,498,618     1,577,286      1,464,020     1,034,598       915,156"""
OBS-TENCENT-01258,tencent,Tencent Holdings Limited,FY2013,Q2,2013-04-01,2013-06-30,2013-Q2,2014-08-13,Capital expenditures,company_reported_capex,"1,464",CNY,RMB millions,1464000000,SRC-TENC-037,A,https://www.hkexnews.hk/listedco/listconews/sehk/2014/0813/ltn20140813357.pdf,"Other Financial Information, row 'Capital expenditures'",REPORTED,,"definition note: (d)   Capital expenditures consist of additions (excluding business combinations) to fixed assets, construction in progress, land use rights and intangible assets (excluding game and other content licences).",NOT STATED,NOT STATED,YES (excluding content and game licences),NO,FALSE,TRUE,"Verbatim: ""Capital expenditures (d)               2,055          2,499           917         1,138          1,464"""
OBS-TENCENT-01259,tencent,Tencent Holdings Limited,FY2013,Q3,2013-07-01,2013-09-30,2013-Q3,2013-11-13,Capital expenditures,company_reported_capex,"1,620,864",CNY,RMB thousands,1620864000,SRC-TENC-033,A,https://www.hkexnews.hk/listedco/listconews/sehk/2013/1113/ltn20131113363.pdf,"Other Financial Information, row 'Capital expenditures'",REPORTED,,"definition note: (d)   Capital expenditures consist of additions (excluding business combinations) to fixed assets, construction in progress, land use rights and intangible assets (excluding game and other content licences).",NOT STATED,NOT STATED,YES (excluding content and game licences),NO,TRUE,TRUE,"Verbatim: ""Capital expenditures (d)           4,119,482     2,709,600       1,620,864     1,464,020     1,132,314"""
OBS-TENCENT-01260,tencent,Tencent Holdings Limited,FY2013,Q3,2013-07-01,2013-09-30,2013-Q3,2014-03-19,Capital expenditures,company_reported_capex,"1,621",CNY,RMB millions,1621000000,SRC-TENC-034,A,https://www.hkexnews.hk/listedco/listconews/sehk/2014/0319/ltn20140319386.pdf,"Other Financial Information, row 'Capital expenditures'",REPORTED,,"definition note: (d)   Capital expenditures consist of additions (excluding business combinations) to fixed assets, construction in progress, land use rights and intangible assets (excluding game and other content licences).",NOT STATED,NOT STATED,YES (excluding content and game licences),NO,FALSE,TRUE,"Verbatim: ""Capital expenditures (d)              5,799       4,493           1,679          1,621           1,784"""
OBS-TENCENT-01261,tencent,Tencent Holdings Limited,FY2013,Q4,2013-10-01,2013-12-31,2013-Q4,2014-03-19,Capital expenditures,company_reported_capex,"1,679",CNY,RMB millions,1679000000,SRC-TENC-034,A,https://www.hkexnews.hk/listedco/listconews/sehk/2014/0319/ltn20140319386.pdf,"Other Financial Information, row 'Capital expenditures'",REPORTED,,"definition note: (d)   Capital expenditures consist of additions (excluding business combinations) to fixed assets, construction in progress, land use rights and intangible assets (excluding game and other content licences).",NOT STATED,NOT STATED,YES (excluding content and game licences),NO,FALSE,FALSE,"Verbatim: ""Capital expenditures (d)              5,799       4,493           1,679          1,621           1,784"""
OBS-TENCENT-01262,tencent,Tencent Holdings Limited,FY2014,Q1,2014-01-01,2014-03-31,2014-Q1,2014-05-14,Capital expenditures,company_reported_capex,"1,138",CNY,RMB millions,1138000000,SRC-TENC-036,A,https://www.hkexnews.hk/listedco/listconews/sehk/2014/0514/ltn20140514413.pdf,"Other Financial Information, row 'Capital expenditures'",REPORTED,,"definition note: (d)   Capital expenditures consist of additions (excluding business combinations) to fixed assets, construction in progress, land use rights and intangible assets (excluding game and other content licences).",NOT STATED,NOT STATED,YES (excluding content and game licences),NO,FALSE,FALSE,"Verbatim: ""Capital expenditures (d)                                  1,138             1,679              1,035"""
OBS-TENCENT-01263,tencent,Tencent Holdings Limited,FY2014,H1 (6M YTD),2014-01-01,2014-06-30,2014-Q2,2014-08-13,Capital expenditures,company_reported_capex,"2,055",CNY,RMB millions,2055000000,SRC-TENC-037,A,https://www.hkexnews.hk/listedco/listconews/sehk/2014/0813/ltn20140813357.pdf,"Other Financial Information, row 'Capital expenditures'",REPORTED,,"definition note: (d)   Capital expenditures consist of additions (excluding business combinations) to fixed assets, construction in progress, land use rights and intangible assets (excluding game and other content licences).",NOT STATED,NOT STATED,YES (excluding content and game licences),NO,FALSE,FALSE,"Verbatim: ""Capital expenditures (d)               2,055          2,499           917         1,138          1,464"""
OBS-TENCENT-01264,tencent,Tencent Holdings Limited,FY2014,9M YTD,2014-01-01,2014-09-30,2014-Q3,2014-11-12,Capital expenditures,company_reported_capex,"3,115",CNY,RMB millions,3115000000,SRC-TENC-040,A,https://www.hkexnews.hk/listedco/listconews/sehk/2014/1112/ltn20141112467.pdf,"Other Financial Information, row 'Capital expenditures'",REPORTED,,"definition note: (d)   Capital expenditures consist of additions (excluding business combinations) to fixed assets, construction in progress, land use rights and intangible assets (excluding game and other content licences).",NOT STATED,NOT STATED,YES (excluding content and game licences),NO,FALSE,FALSE,"Verbatim: ""Capital expenditures (d)               3,115         4,120           1,060           917         1,621"""
OBS-TENCENT-01265,tencent,Tencent Holdings Limited,FY2014,FY,2014-01-01,2014-12-31,2014-Q4,2015-03-18,Capital expenditures,company_reported_capex,"4,718",CNY,RMB millions,4718000000,SRC-TENC-041,A,https://www.hkexnews.hk/listedco/listconews/sehk/2015/0318/ltn20150318376.pdf,"Other Financial Information, row 'Capital expenditures'",REPORTED,,"definition note: (d)   Capital expenditures consist of additions (excluding business combinations) to fixed assets, construction in progress, land use rights and intangible assets (excluding game and other content licences).",NOT STATED,NOT STATED,YES (excluding content and game licences),NO,FALSE,FALSE,"Verbatim: ""Capital expenditures (d)      4,718     5,799        1,603       1,060        1,679"""
OBS-TENCENT-01266,tencent,Tencent Holdings Limited,FY2014,Q2,2014-04-01,2014-06-30,2014-Q2,2014-08-13,Capital expenditures,company_reported_capex,917,CNY,RMB millions,917000000,SRC-TENC-037,A,https://www.hkexnews.hk/listedco/listconews/sehk/2014/0813/ltn20140813357.pdf,"Other Financial Information, row 'Capital expenditures'",REPORTED,,"definition note: (d)   Capital expenditures consist of additions (excluding business combinations) to fixed assets, construction in progress, land use rights and intangible assets (excluding game and other content licences).",NOT STATED,NOT STATED,YES (excluding content and game licences),NO,FALSE,FALSE,"Verbatim: ""Capital expenditures (d)               2,055          2,499           917         1,138          1,464"""
OBS-TENCENT-01267,tencent,Tencent Holdings Limited,FY2014,Q3,2014-07-01,2014-09-30,2014-Q3,2014-11-12,Capital expenditures,company_reported_capex,"1,060",CNY,RMB millions,1060000000,SRC-TENC-040,A,https://www.hkexnews.hk/listedco/listconews/sehk/2014/1112/ltn20141112467.pdf,"Other Financial Information, row 'Capital expenditures'",REPORTED,,"definition note: (d)   Capital expenditures consist of additions (excluding business combinations) to fixed assets, construction in progress, land use rights and intangible assets (excluding game and other content licences).",NOT STATED,NOT STATED,YES (excluding content and game licences),NO,FALSE,FALSE,"Verbatim: ""Capital expenditures (d)               3,115         4,120           1,060           917         1,621"""
OBS-TENCENT-01268,tencent,Tencent Holdings Limited,FY2014,Q4,2014-10-01,2014-12-31,2014-Q4,2015-03-18,Capital expenditures,company_reported_capex,"1,603",CNY,RMB millions,1603000000,SRC-TENC-041,A,https://www.hkexnews.hk/listedco/listconews/sehk/2015/0318/ltn20150318376.pdf,"Other Financial Information, row 'Capital expenditures'",REPORTED,,"definition note: (d)   Capital expenditures consist of additions (excluding business combinations) to fixed assets, construction in progress, land use rights and intangible assets (excluding game and other content licences).",NOT STATED,NOT STATED,YES (excluding content and game licences),NO,FALSE,FALSE,"Verbatim: ""Capital expenditures (d)      4,718     5,799        1,603       1,060        1,679"""
OBS-TENCENT-01269,tencent,Tencent Holdings Limited,FY2015,Q1,2015-01-01,2015-03-31,2015-Q1,2015-05-13,Capital expenditures,company_reported_capex,"1,332",CNY,RMB millions,1332000000,SRC-TENC-043,A,https://www.hkexnews.hk/listedco/listconews/sehk/2015/0513/ltn20150513377.pdf,"Other Financial Information, row 'Capital expenditures'",REPORTED,,"definition note: (d)   Capital expenditures consist of additions (excluding business combinations) to fixed assets, construction in progress, land use rights and intangible assets (excluding game and other content licenses).",NOT STATED,NOT STATED,YES (excluding content and game licences),NO,FALSE,FALSE,"Verbatim: ""Capital expenditures (d)                                  1,332             1,603              1,138"""
OBS-TENCENT-01270,tencent,Tencent Holdings Limited,FY2015,H1 (6M YTD),2015-01-01,2015-06-30,2015-Q2,2015-08-12,Capital expenditures,company_reported_capex,"4,173",CNY,RMB millions,4173000000,SRC-TENC-044,A,https://www.hkexnews.hk/listedco/listconews/sehk/2015/0812/ltn20150812447.pdf,"Other Financial Information, row 'Capital expenditures'",REPORTED,,"definition note: (d)   Capital expenditures consist of additions (excluding business combinations) to fixed assets, construction in progress, land use rights and intangible assets (excluding game and other content licences).",NOT STATED,NOT STATED,YES (excluding content and game licences),NO,FALSE,FALSE,"Verbatim: ""Capital expenditures (d)                  4,173         2,055        2,841        1,332           917"""
OBS-TENCENT-01271,tencent,Tencent Holdings Limited,FY2015,9M YTD,2015-01-01,2015-09-30,2015-Q3,2015-11-10,Capital expenditures,company_reported_capex,"5,826",CNY,RMB millions,5826000000,SRC-TENC-046,A,https://www.hkexnews.hk/listedco/listconews/sehk/2015/1110/ltn20151110341.pdf,"Other Financial Information, row 'Capital expenditures'",REPORTED,,"definition note: (d)   Capital expenditures consist of additions (excluding business combinations) to fixed assets, construction in progress, land use rights and intangible assets (excluding game and other content licenses).",NOT STATED,NOT STATED,YES (excluding content and game licences),NO,FALSE,FALSE,"Verbatim: ""Capital expenditures (d)               5,826         3,115           1,653         2,841         1,060"""
OBS-TENCENT-01272,tencent,Tencent Holdings Limited,FY2015,FY,2015-01-01,2015-12-31,2015-Q4,2016-03-17,Capital expenditures,company_reported_capex,"7,709",CNY,RMB millions,7709000000,SRC-TENC-047,A,https://www.hkexnews.hk/listedco/listconews/sehk/2016/0317/ltn20160317315.pdf,"Other Financial Information, row 'Capital expenditures'",REPORTED,,"definition note: (d)   Capital expenditures consist of additions (excluding business combinations) to fixed assets, construction in progress, land use rights and intangible assets (excluding game and other content licenses).",NOT STATED,NOT STATED,YES (excluding content and game licences),NO,FALSE,FALSE,"Verbatim: ""Capital expenditures (d)              7,709       4,718           1,883          1,653           1,603"""
OBS-TENCENT-01273,tencent,Tencent Holdings Limited,FY2015,Q2,2015-04-01,2015-06-30,2015-Q2,2015-08-12,Capital expenditures,company_reported_capex,"2,841",CNY,RMB millions,2841000000,SRC-TENC-044,A,https://www.hkexnews.hk/listedco/listconews/sehk/2015/0812/ltn20150812447.pdf,"Other Financial Information, row 'Capital expenditures'",REPORTED,,"definition note: (d)   Capital expenditures consist of additions (excluding business combinations) to fixed assets, construction in progress, land use rights and intangible assets (excluding game and other content licences).",NOT STATED,NOT STATED,YES (excluding content and game licences),NO,FALSE,FALSE,"Verbatim: ""Capital expenditures (d)                  4,173         2,055        2,841        1,332           917"""
OBS-TENCENT-01274,tencent,Tencent Holdings Limited,FY2015,Q3,2015-07-01,2015-09-30,2015-Q3,2015-11-10,Capital expenditures,company_reported_capex,"1,653",CNY,RMB millions,1653000000,SRC-TENC-046,A,https://www.hkexnews.hk/listedco/listconews/sehk/2015/1110/ltn20151110341.pdf,"Other Financial Information, row 'Capital expenditures'",REPORTED,,"definition note: (d)   Capital expenditures consist of additions (excluding business combinations) to fixed assets, construction in progress, land use rights and intangible assets (excluding game and other content licenses).",NOT STATED,NOT STATED,YES (excluding content and game licences),NO,FALSE,FALSE,"Verbatim: ""Capital expenditures (d)               5,826         3,115           1,653         2,841         1,060"""
OBS-TENCENT-01275,tencent,Tencent Holdings Limited,FY2015,Q4,2015-10-01,2015-12-31,2015-Q4,2016-03-17,Capital expenditures,company_reported_capex,"1,883",CNY,RMB millions,1883000000,SRC-TENC-047,A,https://www.hkexnews.hk/listedco/listconews/sehk/2016/0317/ltn20160317315.pdf,"Other Financial Information, row 'Capital expenditures'",REPORTED,,"definition note: (d)   Capital expenditures consist of additions (excluding business combinations) to fixed assets, construction in progress, land use rights and intangible assets (excluding game and other content licenses).",NOT STATED,NOT STATED,YES (excluding content and game licences),NO,FALSE,FALSE,"Verbatim: ""Capital expenditures (d)              7,709       4,718           1,883          1,653           1,603"""
OBS-TENCENT-01276,tencent,Tencent Holdings Limited,FY2016,Q1,2016-01-01,2016-03-31,2016-Q1,2016-05-18,Capital expenditures,company_reported_capex,"4,105",CNY,RMB millions,4105000000,SRC-TENC-049,A,https://www.hkexnews.hk/listedco/listconews/sehk/2016/0518/ltn20160518271.pdf,"Other Financial Information, row 'Capital expenditures'",REPORTED,,"definition note: (d)   Capital expenditures consist of additions (excluding business combinations) to fixed assets, construction in progress, land use rights and intangible assets (excluding game and other content licenses).",NOT STATED,NOT STATED,YES (excluding content and game licences),NO,FALSE,FALSE,"Verbatim: ""Capital expenditures (d)                                  4,105             1,883              1,332"""
OBS-TENCENT-01277,tencent,Tencent Holdings Limited,FY2016,H1 (6M YTD),2016-01-01,2016-06-30,2016-Q2,2016-08-17,Capital expenditures,company_reported_capex,"5,610",CNY,RMB millions,5610000000,SRC-TENC-050,A,https://www.hkexnews.hk/listedco/listconews/sehk/2016/0817/ltn20160817320.pdf,"Other Financial Information, row 'Capital expenditures'",REPORTED,,"definition note: (d)   Capital expenditures consist of additions (excluding business combinations) to fixed assets, construction in progress, land use rights and intangible assets (excluding game and other content licenses).",NOT STATED,NOT STATED,YES (excluding content and game licences),NO,FALSE,FALSE,"Verbatim: ""Capital expenditures (d)                       5,610        4,173       1,505       4,105       2,841"""
OBS-TENCENT-01278,tencent,Tencent Holdings Limited,FY2016,9M YTD,2016-01-01,2016-09-30,2016-Q3,2016-11-16,Capital expenditures,company_reported_capex,"9,261",CNY,RMB millions,9261000000,SRC-TENC-052,A,https://www.hkexnews.hk/listedco/listconews/sehk/2016/1116/ltn20161116307.pdf,"Other Financial Information, row 'Capital expenditures'",REPORTED,,"definition note: (d)   Capital expenditures consist of additions (excluding business combinations) to fixed assets, construction in progress, land use rights and intangible assets (excluding online game and other content licenses).",NOT STATED,NOT STATED,YES (excluding content and game licences),NO,FALSE,FALSE,"Verbatim: ""Capital expenditures (d)              3,651          1,505          1,653         9,261         5,826"""
OBS-TENCENT-01279,tencent,Tencent Holdings Limited,FY2016,FY,2016-01-01,2016-12-31,2016-Q4,2017-03-22,Capital expenditures,company_reported_capex,"12,100",CNY,RMB millions,12100000000,SRC-TENC-053,A,https://www.hkexnews.hk/listedco/listconews/sehk/2017/0322/ltn20170322334.pdf,"Other Financial Information, row 'Capital expenditures'",REPORTED,,"definition note: (d)   Capital expenditures consist of additions (excluding business combinations) to property, plant and equipment, construction in progress, land use rights and intangible assets (excluding online game and other content licenses).",NOT STATED,NOT STATED,YES (excluding content and game licences),NO,FALSE,FALSE,"Verbatim: ""Capital expenditures (d)                   2,839         3,651          1,883      12,100       7,709"""
OBS-TENCENT-01280,tencent,Tencent Holdings Limited,FY2016,Q2,2016-04-01,2016-06-30,2016-Q2,2016-08-17,Capital expenditures,company_reported_capex,"1,505",CNY,RMB millions,1505000000,SRC-TENC-050,A,https://www.hkexnews.hk/listedco/listconews/sehk/2016/0817/ltn20160817320.pdf,"Other Financial Information, row 'Capital expenditures'",REPORTED,,"definition note: (d)   Capital expenditures consist of additions (excluding business combinations) to fixed assets, construction in progress, land use rights and intangible assets (excluding game and other content licenses).",NOT STATED,NOT STATED,YES (excluding content and game licences),NO,FALSE,FALSE,"Verbatim: ""Capital expenditures (d)                       5,610        4,173       1,505       4,105       2,841"""
OBS-TENCENT-01281,tencent,Tencent Holdings Limited,FY2016,Q3,2016-07-01,2016-09-30,2016-Q3,2016-11-16,Capital expenditures,company_reported_capex,"3,651",CNY,RMB millions,3651000000,SRC-TENC-052,A,https://www.hkexnews.hk/listedco/listconews/sehk/2016/1116/ltn20161116307.pdf,"Other Financial Information, row 'Capital expenditures'",REPORTED,,"definition note: (d)   Capital expenditures consist of additions (excluding business combinations) to fixed assets, construction in progress, land use rights and intangible assets (excluding online game and other content licenses).",NOT STATED,NOT STATED,YES (excluding content and game licences),NO,FALSE,FALSE,"Verbatim: ""Capital expenditures (d)              3,651          1,505          1,653         9,261         5,826"""
OBS-TENCENT-01282,tencent,Tencent Holdings Limited,FY2016,Q4,2016-10-01,2016-12-31,2016-Q4,2017-03-22,Capital expenditures,company_reported_capex,"2,839",CNY,RMB millions,2839000000,SRC-TENC-053,A,https://www.hkexnews.hk/listedco/listconews/sehk/2017/0322/ltn20170322334.pdf,"Other Financial Information, row 'Capital expenditures'",REPORTED,,"definition note: (d)   Capital expenditures consist of additions (excluding business combinations) to property, plant and equipment, construction in progress, land use rights and intangible assets (excluding online game and other content licenses).",NOT STATED,NOT STATED,YES (excluding content and game licences),NO,FALSE,FALSE,"Verbatim: ""Capital expenditures (d)                   2,839         3,651          1,883      12,100       7,709"""
OBS-TENCENT-01283,tencent,Tencent Holdings Limited,FY2017,Q1,2017-01-01,2017-03-31,2017-Q1,2017-05-17,Capital expenditures,company_reported_capex,"2,108",CNY,RMB millions,2108000000,SRC-TENC-055,A,https://www.hkexnews.hk/listedco/listconews/sehk/2017/0517/ltn20170517267.pdf,"Other Financial Information, row 'Capital expenditures'",REPORTED,,"definition note: (d)   Capital expenditures consist of additions (excluding business combinations) to property, plant and equipment, construction in progress, land use rights and intangible assets (excluding online game and other content licences).",NOT STATED,NOT STATED,YES (excluding content and game licences),NO,FALSE,FALSE,"Verbatim: ""Capital expenditures (d)                                 2,108              2,839             4,105"""
OBS-TENCENT-01284,tencent,Tencent Holdings Limited,FY2017,H1 (6M YTD),2017-01-01,2017-06-30,2017-Q2,2017-08-16,Capital expenditures,company_reported_capex,"5,118",CNY,RMB millions,5118000000,SRC-TENC-056,A,https://www.hkexnews.hk/listedco/listconews/sehk/2017/0816/ltn20170816427.pdf,"Other Financial Information, row 'Capital expenditures'",REPORTED,,"definition note: (d)   Capital expenditures consist of additions (excluding business combinations) to property, plant and equipment, construction in progress, land use rights and intangible assets (excluding media contents, game licences and other contents).",NOT STATED,NOT STATED,YES (excluding content and game licences),NO,FALSE,FALSE,"Verbatim: ""Capital expenditures (d)               3,010      2,108     1,505     5,118     5,610"""
OBS-TENCENT-01285,tencent,Tencent Holdings Limited,FY2017,9M YTD,2017-01-01,2017-09-30,2017-Q3,2017-11-15,Capital expenditures,company_reported_capex,"8,610",CNY,RMB millions,8610000000,SRC-TENC-058,A,https://www.hkexnews.hk/listedco/listconews/sehk/2017/1115/ltn20171115433.pdf,"Other Financial Information, row 'Capital expenditures'",REPORTED,,"definition note: (d)   Capital expenditures consist of additions (excluding business combinations) to property, plant and equipment, construction in progress, investment properties, land use rights and intangible assets (excluding media contents, game licences and other contents).",NOT STATED,NOT STATED,YES (excluding content and game licences),NO,FALSE,FALSE,"Verbatim: ""Capital expenditures (d)              3,492          3,010          3,651         8,610         9,261"""
OBS-TENCENT-01286,tencent,Tencent Holdings Limited,FY2017,FY,2017-01-01,2017-12-31,2017-Q4,2018-03-21,Capital expenditures,company_reported_capex,"13,585",CNY,RMB millions,13585000000,SRC-TENC-059,A,https://www.hkexnews.hk/listedco/listconews/sehk/2018/0321/ltn20180321452.pdf,"Other Financial Information, row 'Capital expenditures'",REPORTED,,"definition note: (d)   Capital expenditures consist of additions (excluding business combinations) to property, plant and equipment, construction in progress, investment properties, land use rights and intangible assets (excluding media contents, game licences and other contents).",NOT STATED,NOT STATED,YES (excluding content and game licences),NO,FALSE,FALSE,"Verbatim: ""Capital expenditures (d)                 4,975           3,492          2,839      13,585      12,100"""
OBS-TENCENT-01287,tencent,Tencent Holdings Limited,FY2017,Q2,2017-04-01,2017-06-30,2017-Q2,2017-08-16,Capital expenditures,company_reported_capex,"3,010",CNY,RMB millions,3010000000,SRC-TENC-056,A,https://www.hkexnews.hk/listedco/listconews/sehk/2017/0816/ltn20170816427.pdf,"Other Financial Information, row 'Capital expenditures'",REPORTED,,"definition note: (d)   Capital expenditures consist of additions (excluding business combinations) to property, plant and equipment, construction in progress, land use rights and intangible assets (excluding media contents, game licences and other contents).",NOT STATED,NOT STATED,YES (excluding content and game licences),NO,FALSE,FALSE,"Verbatim: ""Capital expenditures (d)               3,010      2,108     1,505     5,118     5,610"""
OBS-TENCENT-01288,tencent,Tencent Holdings Limited,FY2017,Q3,2017-07-01,2017-09-30,2017-Q3,2017-11-15,Capital expenditures,company_reported_capex,"3,492",CNY,RMB millions,3492000000,SRC-TENC-058,A,https://www.hkexnews.hk/listedco/listconews/sehk/2017/1115/ltn20171115433.pdf,"Other Financial Information, row 'Capital expenditures'",REPORTED,,"definition note: (d)   Capital expenditures consist of additions (excluding business combinations) to property, plant and equipment, construction in progress, investment properties, land use rights and intangible assets (excluding media contents, game licences and other contents).",NOT STATED,NOT STATED,YES (excluding content and game licences),NO,FALSE,FALSE,"Verbatim: ""Capital expenditures (d)              3,492          3,010          3,651         8,610         9,261"""
OBS-TENCENT-01289,tencent,Tencent Holdings Limited,FY2017,Q4,2017-10-01,2017-12-31,2017-Q4,2018-03-21,Capital expenditures,company_reported_capex,"4,975",CNY,RMB millions,4975000000,SRC-TENC-059,A,https://www.hkexnews.hk/listedco/listconews/sehk/2018/0321/ltn20180321452.pdf,"Other Financial Information, row 'Capital expenditures'",REPORTED,,"definition note: (d)   Capital expenditures consist of additions (excluding business combinations) to property, plant and equipment, construction in progress, investment properties, land use rights and intangible assets (excluding media contents, game licences and other contents).",NOT STATED,NOT STATED,YES (excluding content and game licences),NO,FALSE,FALSE,"Verbatim: ""Capital expenditures (d)                 4,975           3,492          2,839      13,585      12,100"""
OBS-TENCENT-01290,tencent,Tencent Holdings Limited,FY2018,Q1,2018-01-01,2018-03-31,2018-Q1,2018-05-16,Capital expenditures,company_reported_capex,"6,318",CNY,RMB millions,6318000000,SRC-TENC-061,A,https://www.hkexnews.hk/listedco/listconews/sehk/2018/0516/ltn20180516325.pdf,"Other Financial Information, row 'Capital expenditures'",REPORTED,,"definition note: (d)   Capital expenditures consist of additions (excluding business combinations) to property, plant and equipment, construction in progress, investment properties, land use rights and intangible assets (excluding media contents, game licenses and other contents).",NOT STATED,NOT STATED,YES (excluding content and game licences),NO,FALSE,FALSE,"Verbatim: ""Capital expenditures (d)                                  6,318              4,975              2,108"""
OBS-TENCENT-01291,tencent,Tencent Holdings Limited,FY2018,H1 (6M YTD),2018-01-01,2018-06-30,2018-Q2,2018-08-15,Capital expenditures,company_reported_capex,"13,403",CNY,RMB millions,13403000000,SRC-TENC-062,A,https://www.hkexnews.hk/listedco/listconews/sehk/2018/0815/ltn20180815892.pdf,"Other Financial Information, row 'Capital expenditures'",REPORTED,,"definition note: (d)   Capital expenditures consist of additions (excluding business combinations) to property, plant and equipment, construction in progress, investment properties, land use rights and intangible assets (excluding media contents, game licenses and other contents).  The following table reconciles our operating profit to our EBITDA and adjusted",NOT STATED,NOT STATED,YES (excluding content and game licences),NO,FALSE,FALSE,"Verbatim: ""Capital expenditures (d)                        7,085       6,318       3,010       13,403       5,118"""
OBS-TENCENT-01292,tencent,Tencent Holdings Limited,FY2018,9M YTD,2018-01-01,2018-09-30,2018-Q3,2018-11-14,Capital expenditures,company_reported_capex,"19,377",CNY,RMB millions,19377000000,SRC-TENC-064,A,https://www.hkexnews.hk/listedco/listconews/sehk/2018/1114/ltn20181114629.pdf,"Other Financial Information, row 'Capital expenditures'",REPORTED,,"definition note: (d)   Capital expenditures consist of additions (excluding business combinations) to property, plant and equipment, construction in progress, investment properties, land use rights and intangible assets (excluding media contents, game licenses and other contents).",NOT STATED,NOT STATED,YES (excluding content and game licences),NO,FALSE,FALSE,"Verbatim: ""Capital expenditures (d)                5,974         7,085         3,492         19,377        8,610"""
OBS-TENCENT-01293,tencent,Tencent Holdings Limited,FY2018,FY,2018-01-01,2018-12-31,2018-Q4,2019-03-21,Capital expenditures,company_reported_capex,"23,941",CNY,RMB millions,23941000000,SRC-TENC-065,A,https://www.hkexnews.hk/listedco/listconews/sehk/2019/0321/ltn20190321255.pdf,"Other Financial Information, row 'Capital expenditures'",REPORTED,,"definition note: (d)   Capital expenditures consist of additions (excluding business combinations) to property, plant and equipment, construction in progress, investment properties, land use rights and intangible assets (excluding media contents, game licenses and other contents).",NOT STATED,NOT STATED,YES (excluding content and game licences),NO,FALSE,FALSE,"Verbatim: ""Capital expenditures (d)               4,564         5,974          4,975        23,941        13,585"""
OBS-TENCENT-01294,tencent,Tencent Holdings Limited,FY2018,Q2,2018-04-01,2018-06-30,2018-Q2,2018-08-15,Capital expenditures,company_reported_capex,"7,085",CNY,RMB millions,7085000000,SRC-TENC-062,A,https://www.hkexnews.hk/listedco/listconews/sehk/2018/0815/ltn20180815892.pdf,"Other Financial Information, row 'Capital expenditures'",REPORTED,,"definition note: (d)   Capital expenditures consist of additions (excluding business combinations) to property, plant and equipment, construction in progress, investment properties, land use rights and intangible assets (excluding media contents, game licenses and other contents).  The following table reconciles our operating profit to our EBITDA and adjusted",NOT STATED,NOT STATED,YES (excluding content and game licences),NO,FALSE,FALSE,"Verbatim: ""Capital expenditures (d)                        7,085       6,318       3,010       13,403       5,118"""
OBS-TENCENT-01295,tencent,Tencent Holdings Limited,FY2018,Q3,2018-07-01,2018-09-30,2018-Q3,2018-11-14,Capital expenditures,company_reported_capex,"5,974",CNY,RMB millions,5974000000,SRC-TENC-064,A,https://www.hkexnews.hk/listedco/listconews/sehk/2018/1114/ltn20181114629.pdf,"Other Financial Information, row 'Capital expenditures'",REPORTED,,"definition note: (d)   Capital expenditures consist of additions (excluding business combinations) to property, plant and equipment, construction in progress, investment properties, land use rights and intangible assets (excluding media contents, game licenses and other contents).",NOT STATED,NOT STATED,YES (excluding content and game licences),NO,FALSE,FALSE,"Verbatim: ""Capital expenditures (d)                5,974         7,085         3,492         19,377        8,610"""
OBS-TENCENT-01296,tencent,Tencent Holdings Limited,FY2018,Q4,2018-10-01,2018-12-31,2018-Q4,2019-03-21,Capital expenditures,company_reported_capex,"4,564",CNY,RMB millions,4564000000,SRC-TENC-065,A,https://www.hkexnews.hk/listedco/listconews/sehk/2019/0321/ltn20190321255.pdf,"Other Financial Information, row 'Capital expenditures'",REPORTED,,"definition note: (d)   Capital expenditures consist of additions (excluding business combinations) to property, plant and equipment, construction in progress, investment properties, land use rights and intangible assets (excluding media contents, game licenses and other contents).",NOT STATED,NOT STATED,YES (excluding content and game licences),NO,FALSE,FALSE,"Verbatim: ""Capital expenditures (d)               4,564         5,974          4,975        23,941        13,585"""
OBS-TENCENT-01297,tencent,Tencent Holdings Limited,FY2019,Q1,2019-01-01,2019-03-31,2019-Q1,2019-05-15,Capital expenditures,company_reported_capex,"4,506",CNY,RMB millions,4506000000,SRC-TENC-067,A,https://www.hkexnews.hk/listedco/listconews/sehk/2019/0515/ltn20190515369.pdf,"Other Financial Information, row 'Capital expenditures'",REPORTED,,"definition note: (d)   Capital expenditures consist of additions (excluding business combinations) to property, plant and equipment, construction in progress, investment properties, land use rights and intangible assets (excluding media contents, game licences and other contents).",NOT STATED,NOT STATED,YES (excluding content and game licences),NO,FALSE,FALSE,"Verbatim: ""Capital expenditures (d)                        4,506            4,564           6,318"""
OBS-TENCENT-01298,tencent,Tencent Holdings Limited,FY2019,H1 (6M YTD),2019-01-01,2019-06-30,2019-Q2,2019-08-14,Capital expenditures,company_reported_capex,"8,868",CNY,RMB millions,8868000000,SRC-TENC-068,A,https://www.hkexnews.hk/listedco/listconews/sehk/2019/0814/ltn20190814431.pdf,"Other Financial Information, row 'Capital expenditures'",REPORTED,,"definition note: (d)     Capital expenditures consist of additions (excluding business combinations) to property, plant and equipment, construction in progress, investment properties, land use rights and intangible assets (excluding media contents, game licences and other contents).",NOT STATED,NOT STATED,YES (excluding content and game licences),NO,FALSE,FALSE,"Verbatim: ""Capital expenditures (d)                  4,362       4,506       7,085       8,868      13,403"""
OBS-TENCENT-01299,tencent,Tencent Holdings Limited,FY2019,9M YTD,2019-01-01,2019-09-30,2019-Q3,2019-11-13,Capital expenditures,company_reported_capex,"15,500",CNY,RMB millions,15500000000,SRC-TENC-070,A,https://www.hkexnews.hk/listedco/listconews/sehk/2019/1113/2019111300972.pdf,"Other Financial Information, row 'Capital expenditures'",REPORTED,,"definition note: (d)     Capital expenditures consist of additions (excluding business combinations) to property, plant and equipment, construction in progress, investment properties, land use rights and intangible assets (excluding media contents, game licences and other contents).",NOT STATED,NOT STATED,YES (excluding content and game licences),NO,FALSE,FALSE,"Verbatim: ""Capital expenditures (d)               6,632           4,362           5,974          15,500          19,377"""
OBS-TENCENT-01300,tencent,Tencent Holdings Limited,FY2019,FY,2019-01-01,2019-12-31,2019-Q4,2020-03-18,Capital expenditures,company_reported_capex,"32,369",CNY,RMB millions,32369000000,SRC-TENC-071,A,https://www.hkexnews.hk/listedco/listconews/sehk/2020/0318/2020031800856.pdf,"Other Financial Information, row 'Capital expenditures'",REPORTED,,"definition note: (d)     Capital expenditures consist of additions (excluding business combinations) to property, plant and equipment, construction in progress, investment properties, land use rights and intangible assets (excluding media contents, game licences and other contents).",NOT STATED,NOT STATED,YES (excluding content and game licences),NO,FALSE,FALSE,"Verbatim: ""Capital expenditures (d)                  16,869          6,632          4,564         32,369          23,941"""
OBS-TENCENT-01301,tencent,Tencent Holdings Limited,FY2019,Q2,2019-04-01,2019-06-30,2019-Q2,2019-08-14,Capital expenditures,company_reported_capex,"4,362",CNY,RMB millions,4362000000,SRC-TENC-068,A,https://www.hkexnews.hk/listedco/listconews/sehk/2019/0814/ltn20190814431.pdf,"Other Financial Information, row 'Capital expenditures'",REPORTED,,"definition note: (d)     Capital expenditures consist of additions (excluding business combinations) to property, plant and equipment, construction in progress, investment properties, land use rights and intangible assets (excluding media contents, game licences and other contents).",NOT STATED,NOT STATED,YES (excluding content and game licences),NO,FALSE,FALSE,"Verbatim: ""Capital expenditures (d)                  4,362       4,506       7,085       8,868      13,403"""
OBS-TENCENT-01302,tencent,Tencent Holdings Limited,FY2019,Q3,2019-07-01,2019-09-30,2019-Q3,2019-11-13,Capital expenditures,company_reported_capex,"6,632",CNY,RMB millions,6632000000,SRC-TENC-070,A,https://www.hkexnews.hk/listedco/listconews/sehk/2019/1113/2019111300972.pdf,"Other Financial Information, row 'Capital expenditures'",REPORTED,,"definition note: (d)     Capital expenditures consist of additions (excluding business combinations) to property, plant and equipment, construction in progress, investment properties, land use rights and intangible assets (excluding media contents, game licences and other contents).",NOT STATED,NOT STATED,YES (excluding content and game licences),NO,FALSE,FALSE,"Verbatim: ""Capital expenditures (d)               6,632           4,362           5,974          15,500          19,377"""
OBS-TENCENT-01303,tencent,Tencent Holdings Limited,FY2019,Q4,2019-10-01,2019-12-31,2019-Q4,2020-03-18,Capital expenditures,company_reported_capex,"16,869",CNY,RMB millions,16869000000,SRC-TENC-071,A,https://www.hkexnews.hk/listedco/listconews/sehk/2020/0318/2020031800856.pdf,"Other Financial Information, row 'Capital expenditures'",REPORTED,,"definition note: (d)     Capital expenditures consist of additions (excluding business combinations) to property, plant and equipment, construction in progress, investment properties, land use rights and intangible assets (excluding media contents, game licences and other contents).",NOT STATED,NOT STATED,YES (excluding content and game licences),NO,FALSE,FALSE,"Verbatim: ""Capital expenditures (d)                  16,869          6,632          4,564         32,369          23,941"""
OBS-TENCENT-01304,tencent,Tencent Holdings Limited,FY2020,Q1,2020-01-01,2020-03-31,2020-Q1,2020-05-13,Capital expenditures,company_reported_capex,"6,151",CNY,RMB millions,6151000000,SRC-TENC-073,A,https://www.hkexnews.hk/listedco/listconews/sehk/2020/0513/2020051300606.pdf,"Other Financial Information, row 'Capital expenditures'",REPORTED,,"definition note: (d)     Capital expenditures consist of additions (excluding business combinations) to property, plant and equipment, construction in progress, investment properties, land use rights and intangible assets (excluding video and music content, game licences and other content).",NOT STATED,NOT STATED,YES (excluding content and game licences),NO,FALSE,FALSE,"Verbatim: ""Capital expenditures (d)                                   6,151             16,869               4,506"""
OBS-TENCENT-01305,tencent,Tencent Holdings Limited,FY2020,H1 (6M YTD),2020-01-01,2020-06-30,2020-Q2,2020-08-12,Capital expenditures,company_reported_capex,"15,617",CNY,RMB millions,15617000000,SRC-TENC-074,A,https://www.hkexnews.hk/listedco/listconews/sehk/2020/0812/2020081200551.pdf,"Other Financial Information, row 'Capital expenditures'",REPORTED,,"definition note: (d)     Capital expenditures consist of additions (excluding business combinations) to property, plant and equipment, construction in progress, investment properties, land use rights and intangible assets (excluding video and music content, game licences and other content).",NOT STATED,NOT STATED,YES (excluding content and game licences),NO,FALSE,FALSE,"Verbatim: ""Capital expenditures (d)            9,466           6,151      4,362       15,617        8,868"""
OBS-TENCENT-01306,tencent,Tencent Holdings Limited,FY2020,9M YTD,2020-01-01,2020-09-30,2020-Q3,2020-11-12,Capital expenditures,company_reported_capex,"24,301",CNY,RMB millions,24301000000,SRC-TENC-076,A,https://www.hkexnews.hk/listedco/listconews/sehk/2020/1112/2020111200335.pdf,"Other Financial Information, row 'Capital expenditures'",REPORTED,,"definition note: (d)     Capital expenditures consist of additions (excluding business combinations) to property, plant and equipment, construction in progress, investment properties, land use rights and intangible assets (excluding video and music content, game licences and other content).",NOT STATED,NOT STATED,YES (excluding content and game licences),NO,FALSE,FALSE,"Verbatim: ""Capital expenditures (d)               8,684          9,466           6,632         24,301          15,500"""
OBS-TENCENT-01307,tencent,Tencent Holdings Limited,FY2020,FY,2020-01-01,2020-12-31,2020-Q4,2021-03-24,Capital expenditures,company_reported_capex,"33,960",CNY,RMB millions,33960000000,SRC-TENC-077,A,https://www.hkexnews.hk/listedco/listconews/sehk/2021/0324/2021032400488.pdf,"Other Financial Information, row 'Capital expenditures'",REPORTED,,"definition note: (d)     Capital expenditures consist of additions (excluding business combinations) to property, plant and equipment, construction in progress, investment properties, land use rights and intangible assets (excluding video and music content, game licences and other content).",NOT STATED,NOT STATED,YES (excluding content and game licences),NO,FALSE,FALSE,"Verbatim: ""Capital expenditures (d)                9,659         8,684        16,869        33,960       32,369"""
OBS-TENCENT-01308,tencent,Tencent Holdings Limited,FY2020,Q2,2020-04-01,2020-06-30,2020-Q2,2020-08-12,Capital expenditures,company_reported_capex,"9,466",CNY,RMB millions,9466000000,SRC-TENC-074,A,https://www.hkexnews.hk/listedco/listconews/sehk/2020/0812/2020081200551.pdf,"Other Financial Information, row 'Capital expenditures'",REPORTED,,"definition note: (d)     Capital expenditures consist of additions (excluding business combinations) to property, plant and equipment, construction in progress, investment properties, land use rights and intangible assets (excluding video and music content, game licences and other content).",NOT STATED,NOT STATED,YES (excluding content and game licences),NO,FALSE,FALSE,"Verbatim: ""Capital expenditures (d)            9,466           6,151      4,362       15,617        8,868"""
OBS-TENCENT-01309,tencent,Tencent Holdings Limited,FY2020,Q3,2020-07-01,2020-09-30,2020-Q3,2020-11-12,Capital expenditures,company_reported_capex,"8,684",CNY,RMB millions,8684000000,SRC-TENC-076,A,https://www.hkexnews.hk/listedco/listconews/sehk/2020/1112/2020111200335.pdf,"Other Financial Information, row 'Capital expenditures'",REPORTED,,"definition note: (d)     Capital expenditures consist of additions (excluding business combinations) to property, plant and equipment, construction in progress, investment properties, land use rights and intangible assets (excluding video and music content, game licences and other content).",NOT STATED,NOT STATED,YES (excluding content and game licences),NO,FALSE,FALSE,"Verbatim: ""Capital expenditures (d)               8,684          9,466           6,632         24,301          15,500"""
OBS-TENCENT-01310,tencent,Tencent Holdings Limited,FY2020,Q4,2020-10-01,2020-12-31,2020-Q4,2021-03-24,Capital expenditures,company_reported_capex,"9,659",CNY,RMB millions,9659000000,SRC-TENC-077,A,https://www.hkexnews.hk/listedco/listconews/sehk/2021/0324/2021032400488.pdf,"Other Financial Information, row 'Capital expenditures'",REPORTED,,"definition note: (d)     Capital expenditures consist of additions (excluding business combinations) to property, plant and equipment, construction in progress, investment properties, land use rights and intangible assets (excluding video and music content, game licences and other content).",NOT STATED,NOT STATED,YES (excluding content and game licences),NO,FALSE,FALSE,"Verbatim: ""Capital expenditures (d)                9,659         8,684        16,869        33,960       32,369"""
OBS-TENCENT-01311,tencent,Tencent Holdings Limited,FY2021,Q1,2021-01-01,2021-03-31,2021-Q1,2021-05-20,Capital expenditures,company_reported_capex,"7,734",CNY,RMB millions,7734000000,SRC-TENC-079,A,https://www.hkexnews.hk/listedco/listconews/sehk/2021/0520/2021052000308.pdf,"Other Financial Information, row 'Capital expenditures'",REPORTED,,"definition note: (d)     Capital expenditures consist of additions (excluding business combinations) to property, plant and equipment, construction in progress, investment properties, land use rights and intangible assets (excluding video and music content, game licences and other content).",NOT STATED,NOT STATED,YES (excluding content and game licences),NO,FALSE,FALSE,"Verbatim: ""Capital expenditures (d)                                         7,734                9,659                 6,151"""
OBS-TENCENT-01312,tencent,Tencent Holdings Limited,FY2021,H1 (6M YTD),2021-01-01,2021-06-30,2021-Q2,2021-08-18,Capital expenditures,company_reported_capex,"14,670",CNY,RMB millions,14670000000,SRC-TENC-080,A,https://www.hkexnews.hk/listedco/listconews/sehk/2021/0818/2021081800391.pdf,"Other Financial Information, row 'Capital expenditures'",REPORTED,,"definition note: (d)     Capital expenditures consist of additions (excluding business combinations) to property, plant and equipment, construction in progress, investment properties, land use rights and intangible assets (excluding video and music content, game licences and other content).",NOT STATED,NOT STATED,YES (excluding content and game licences),NO,FALSE,FALSE,"Verbatim: ""Capital expenditures (d)                6,936          7,734        9,466         14,670         15,617"""
OBS-TENCENT-01313,tencent,Tencent Holdings Limited,FY2021,9M YTD,2021-01-01,2021-09-30,2021-Q3,2021-11-10,Capital expenditures,company_reported_capex,"21,731",CNY,RMB millions,21731000000,SRC-TENC-082,A,https://www.hkexnews.hk/listedco/listconews/sehk/2021/1110/2021111000481.pdf,"Other Financial Information, row 'Capital expenditures'",REPORTED,,"definition note: (d)     Capital expenditures consist of additions (excluding business combinations) to property, plant and equipment, construction in progress, investment properties, land use rights and intangible assets (excluding video and music content, game licences and other content).",NOT STATED,NOT STATED,YES (excluding content and game licences),NO,FALSE,FALSE,"Verbatim: ""Capital expenditures (d)                 7,061           6,936         8,684         21,731         24,301"""
OBS-TENCENT-01314,tencent,Tencent Holdings Limited,FY2021,FY,2021-01-01,2021-12-31,2021-Q4,2022-03-23,Capital expenditures,company_reported_capex,"33,392",CNY,RMB millions,33392000000,SRC-TENC-083,A,https://www.hkexnews.hk/listedco/listconews/sehk/2022/0323/2022032300430.pdf,"Other Financial Information, row 'Capital expenditures'",REPORTED,,"definition note: (d)     Capital expenditures consist of additions (excluding business combinations) to property, plant and equipment, construction in progress, investment properties, land use rights and intangible assets (excluding video and music content, game licences and other content).",NOT STATED,NOT STATED,YES (excluding content and game licences),NO,FALSE,FALSE,"Verbatim: ""Capital expenditures (d)               11,661           7,061        9,659         33,392         33,960"""
OBS-TENCENT-01315,tencent,Tencent Holdings Limited,FY2021,Q2,2021-04-01,2021-06-30,2021-Q2,2021-08-18,Capital expenditures,company_reported_capex,"6,936",CNY,RMB millions,6936000000,SRC-TENC-080,A,https://www.hkexnews.hk/listedco/listconews/sehk/2021/0818/2021081800391.pdf,"Other Financial Information, row 'Capital expenditures'",REPORTED,,"definition note: (d)     Capital expenditures consist of additions (excluding business combinations) to property, plant and equipment, construction in progress, investment properties, land use rights and intangible assets (excluding video and music content, game licences and other content).",NOT STATED,NOT STATED,YES (excluding content and game licences),NO,FALSE,FALSE,"Verbatim: ""Capital expenditures (d)                6,936          7,734        9,466         14,670         15,617"""
OBS-TENCENT-01316,tencent,Tencent Holdings Limited,FY2021,Q3,2021-07-01,2021-09-30,2021-Q3,2021-11-10,Capital expenditures,company_reported_capex,"7,061",CNY,RMB millions,7061000000,SRC-TENC-082,A,https://www.hkexnews.hk/listedco/listconews/sehk/2021/1110/2021111000481.pdf,"Other Financial Information, row 'Capital expenditures'",REPORTED,,"definition note: (d)     Capital expenditures consist of additions (excluding business combinations) to property, plant and equipment, construction in progress, investment properties, land use rights and intangible assets (excluding video and music content, game licences and other content).",NOT STATED,NOT STATED,YES (excluding content and game licences),NO,FALSE,FALSE,"Verbatim: ""Capital expenditures (d)                 7,061           6,936         8,684         21,731         24,301"""
OBS-TENCENT-01317,tencent,Tencent Holdings Limited,FY2021,Q4,2021-10-01,2021-12-31,2021-Q4,2022-03-23,Capital expenditures,company_reported_capex,"11,661",CNY,RMB millions,11661000000,SRC-TENC-083,A,https://www.hkexnews.hk/listedco/listconews/sehk/2022/0323/2022032300430.pdf,"Other Financial Information, row 'Capital expenditures'",REPORTED,,"definition note: (d)     Capital expenditures consist of additions (excluding business combinations) to property, plant and equipment, construction in progress, investment properties, land use rights and intangible assets (excluding video and music content, game licences and other content).",NOT STATED,NOT STATED,YES (excluding content and game licences),NO,FALSE,FALSE,"Verbatim: ""Capital expenditures (d)               11,661           7,061        9,659         33,392         33,960"""
OBS-TENCENT-01318,tencent,Tencent Holdings Limited,FY2022,Q1,2022-01-01,2022-03-31,2022-Q1,2022-05-18,Capital expenditures,company_reported_capex,"6,971",CNY,RMB millions,6971000000,SRC-TENC-085,A,https://www.hkexnews.hk/listedco/listconews/sehk/2022/0518/2022051800271.pdf,"Other Financial Information, row 'Capital expenditures'",REPORTED,,"definition note: (d)     Capital expenditures consist of additions (excluding business combinations) to property, plant and equipment, construction in progress, investment properties, land use rights and intangible assets (excluding video and music content, game licences and other content).",NOT STATED,NOT STATED,YES (excluding content and game licences),NO,FALSE,FALSE,"Verbatim: ""Capital expenditures (d)                                        6,971              11,661                7,734"""
OBS-TENCENT-01319,tencent,Tencent Holdings Limited,FY2022,H1 (6M YTD),2022-01-01,2022-06-30,2022-Q2,2022-08-17,Capital expenditures,company_reported_capex,"9,986",CNY,RMB millions,9986000000,SRC-TENC-086,A,https://www.hkexnews.hk/listedco/listconews/sehk/2022/0817/2022081700319.pdf,"Other Financial Information, row 'Capital expenditures'",REPORTED,,"definition note: (d)     Capital expenditures consist of additions (excluding business combinations) to property, plant and equipment, construction in progress, investment properties, land use rights and intangible assets (excluding video and music content, game licences and other content).",NOT STATED,NOT STATED,YES (excluding content and game licences),NO,FALSE,FALSE,"Verbatim: ""Capital expenditures (d)                     3,015            6,971         6,936          9,986         14,670"""
OBS-TENCENT-01320,tencent,Tencent Holdings Limited,FY2022,9M YTD,2022-01-01,2022-09-30,2022-Q3,2022-11-16,Capital expenditures,company_reported_capex,"12,363",CNY,RMB millions,12363000000,SRC-TENC-088,A,https://www.hkexnews.hk/listedco/listconews/sehk/2022/1116/2022111600375.pdf,"Other Financial Information, row 'Capital expenditures'",REPORTED,,"definition note: (d)     Capital expenditures consist of additions (excluding business combinations) to property, plant and equipment, construction in progress, investment properties, land use rights and intangible assets (excluding video and music content, game licences and other content).",NOT STATED,NOT STATED,YES (excluding content and game licences),NO,FALSE,FALSE,"Verbatim: ""Capital expenditures (d)                      2,377           3,015          7,061         12,363         21,731"""
OBS-TENCENT-01321,tencent,Tencent Holdings Limited,FY2022,FY,2022-01-01,2022-12-31,2022-Q4,2023-03-22,Capital expenditures,company_reported_capex,"18,014",CNY,RMB millions,18014000000,SRC-TENC-089,A,https://www.hkexnews.hk/listedco/listconews/sehk/2023/0322/2023032200281.pdf,"Other Financial Information, row 'Capital expenditures'",REPORTED,,"definition note: (d)     Capital expenditures consist of additions (excluding business combinations) to property, plant and equipment, construction in progress, investment properties, land use rights and intangible assets (excluding video and music content, game licences and other content).",NOT STATED,NOT STATED,YES (excluding content and game licences),NO,FALSE,FALSE,"Verbatim: ""Capital expenditures (d)                        5,651           2,377         11,661         18,014          33,392"""
OBS-TENCENT-01322,tencent,Tencent Holdings Limited,FY2022,Q2,2022-04-01,2022-06-30,2022-Q2,2022-08-17,Capital expenditures,company_reported_capex,"3,015",CNY,RMB millions,3015000000,SRC-TENC-086,A,https://www.hkexnews.hk/listedco/listconews/sehk/2022/0817/2022081700319.pdf,"Other Financial Information, row 'Capital expenditures'",REPORTED,,"definition note: (d)     Capital expenditures consist of additions (excluding business combinations) to property, plant and equipment, construction in progress, investment properties, land use rights and intangible assets (excluding video and music content, game licences and other content).",NOT STATED,NOT STATED,YES (excluding content and game licences),NO,FALSE,FALSE,"Verbatim: ""Capital expenditures (d)                     3,015            6,971         6,936          9,986         14,670"""
OBS-TENCENT-01323,tencent,Tencent Holdings Limited,FY2022,Q3,2022-07-01,2022-09-30,2022-Q3,2022-11-16,Capital expenditures,company_reported_capex,"2,377",CNY,RMB millions,2377000000,SRC-TENC-088,A,https://www.hkexnews.hk/listedco/listconews/sehk/2022/1116/2022111600375.pdf,"Other Financial Information, row 'Capital expenditures'",REPORTED,,"definition note: (d)     Capital expenditures consist of additions (excluding business combinations) to property, plant and equipment, construction in progress, investment properties, land use rights and intangible assets (excluding video and music content, game licences and other content).",NOT STATED,NOT STATED,YES (excluding content and game licences),NO,FALSE,FALSE,"Verbatim: ""Capital expenditures (d)                      2,377           3,015          7,061         12,363         21,731"""
OBS-TENCENT-01324,tencent,Tencent Holdings Limited,FY2022,Q4,2022-10-01,2022-12-31,2022-Q4,2023-03-22,Capital expenditures,company_reported_capex,"5,651",CNY,RMB millions,5651000000,SRC-TENC-089,A,https://www.hkexnews.hk/listedco/listconews/sehk/2023/0322/2023032200281.pdf,"Other Financial Information, row 'Capital expenditures'",REPORTED,,"definition note: (d)     Capital expenditures consist of additions (excluding business combinations) to property, plant and equipment, construction in progress, investment properties, land use rights and intangible assets (excluding video and music content, game licences and other content).",NOT STATED,NOT STATED,YES (excluding content and game licences),NO,FALSE,FALSE,"Verbatim: ""Capital expenditures (d)                        5,651           2,377         11,661         18,014          33,392"""
OBS-TENCENT-01325,tencent,Tencent Holdings Limited,FY2023,Q1,2023-01-01,2023-03-31,2023-Q1,2023-05-17,Capital expenditures,company_reported_capex,"4,411",CNY,RMB millions,4411000000,SRC-TENC-091,A,https://www.hkexnews.hk/listedco/listconews/sehk/2023/0517/2023051700239.pdf,"Other Financial Information, row 'Capital expenditures'",REPORTED,,"definition note: (d)     Capital expenditures consist of additions (excluding business combinations) to property, plant and equipment, construction in progress, investment properties, land use rights and intangible assets (excluding video and music content, game licences and other content).",NOT STATED,NOT STATED,YES (excluding content and game licences),NO,FALSE,FALSE,"Verbatim: ""Capital expenditures (d)                                              4,411             5,651            6,971"""
OBS-TENCENT-01326,tencent,Tencent Holdings Limited,FY2023,H1 (6M YTD),2023-01-01,2023-06-30,2023-Q2,2023-08-16,Capital expenditures,company_reported_capex,"8,364",CNY,RMB millions,8364000000,SRC-TENC-092,A,https://www.hkexnews.hk/listedco/listconews/sehk/2023/0816/2023081600440.pdf,"Other Financial Information, row 'Capital expenditures'",REPORTED,,"definition note: (d)     Capital expenditures consist of additions (excluding business combinations) to property, plant and equipment, construction in progress, investment properties, land use rights and intangible assets (excluding video and music content, game licences and other content).",NOT STATED,NOT STATED,YES (excluding content and game licences),NO,FALSE,FALSE,"Verbatim: ""Capital expenditures (d)                       3,953           4,411          3,015          8,364           9,986"""
OBS-TENCENT-01327,tencent,Tencent Holdings Limited,FY2023,9M YTD,2023-01-01,2023-09-30,2023-Q3,2023-11-15,Capital expenditures,company_reported_capex,"16,369",CNY,RMB millions,16369000000,SRC-TENC-094,A,https://www.hkexnews.hk/listedco/listconews/sehk/2023/1115/2023111500283.pdf,"Other Financial Information, row 'Capital expenditures'",REPORTED,,"definition note: (d)     Capital expenditures consist of additions (excluding business combinations) to property, plant and equipment, construction in progress, investment properties, land use rights and intangible assets (excluding long-form video and music content, game licences and other content).",NOT STATED,NOT STATED,YES (excluding content and game licences),NO,FALSE,FALSE,"Verbatim: ""Capital expenditures (d)                        8,005          3,953           2,377         16,369          12,363"""
OBS-TENCENT-01328,tencent,Tencent Holdings Limited,FY2023,FY,2023-01-01,2023-12-31,2023-Q4,2024-03-20,Capital expenditures,company_reported_capex,"23,893",CNY,RMB millions,23893000000,SRC-TENC-095,A,https://www.hkexnews.hk/listedco/listconews/sehk/2024/0320/2024032000508.pdf,"Other Financial Information, row 'Capital expenditures'",REPORTED,,"definition note: (d)     Capital expenditures consist of additions (excluding business combinations) to property, plant and equipment, construction in progress, investment properties, land use rights and intangible assets (excluding long-form video and music content, game licences and other content).",NOT STATED,NOT STATED,YES (excluding content and game licences),NO,FALSE,FALSE,"Verbatim: ""Capital expenditures (d)                     7,524           8,005          5,651         23,893         18,014"""
OBS-TENCENT-01329,tencent,Tencent Holdings Limited,FY2023,Q2,2023-04-01,2023-06-30,2023-Q2,2023-08-16,Capital expenditures,company_reported_capex,"3,953",CNY,RMB millions,3953000000,SRC-TENC-092,A,https://www.hkexnews.hk/listedco/listconews/sehk/2023/0816/2023081600440.pdf,"Other Financial Information, row 'Capital expenditures'",REPORTED,,"definition note: (d)     Capital expenditures consist of additions (excluding business combinations) to property, plant and equipment, construction in progress, investment properties, land use rights and intangible assets (excluding video and music content, game licences and other content).",NOT STATED,NOT STATED,YES (excluding content and game licences),NO,FALSE,FALSE,"Verbatim: ""Capital expenditures (d)                       3,953           4,411          3,015          8,364           9,986"""
OBS-TENCENT-01330,tencent,Tencent Holdings Limited,FY2023,Q3,2023-07-01,2023-09-30,2023-Q3,2023-11-15,Capital expenditures,company_reported_capex,"8,005",CNY,RMB millions,8005000000,SRC-TENC-094,A,https://www.hkexnews.hk/listedco/listconews/sehk/2023/1115/2023111500283.pdf,"Other Financial Information, row 'Capital expenditures'",REPORTED,,"definition note: (d)     Capital expenditures consist of additions (excluding business combinations) to property, plant and equipment, construction in progress, investment properties, land use rights and intangible assets (excluding long-form video and music content, game licences and other content).",NOT STATED,NOT STATED,YES (excluding content and game licences),NO,FALSE,FALSE,"Verbatim: ""Capital expenditures (d)                        8,005          3,953           2,377         16,369          12,363"""
OBS-TENCENT-01331,tencent,Tencent Holdings Limited,FY2023,Q4,2023-10-01,2023-12-31,2023-Q4,2024-03-20,Capital expenditures,company_reported_capex,"7,524",CNY,RMB millions,7524000000,SRC-TENC-095,A,https://www.hkexnews.hk/listedco/listconews/sehk/2024/0320/2024032000508.pdf,"Other Financial Information, row 'Capital expenditures'",REPORTED,,"definition note: (d)     Capital expenditures consist of additions (excluding business combinations) to property, plant and equipment, construction in progress, investment properties, land use rights and intangible assets (excluding long-form video and music content, game licences and other content).",NOT STATED,NOT STATED,YES (excluding content and game licences),NO,FALSE,FALSE,"Verbatim: ""Capital expenditures (d)                     7,524           8,005          5,651         23,893         18,014"""
OBS-TENCENT-01332,tencent,Tencent Holdings Limited,FY2024,Q1,2024-01-01,2024-03-31,2024-Q1,2024-05-14,Capital expenditures,company_reported_capex,"14,359",CNY,RMB millions,14359000000,SRC-TENC-097,A,https://www.hkexnews.hk/listedco/listconews/sehk/2024/0514/2024051400293.pdf,"Other Financial Information, row 'Capital expenditures'",REPORTED,,"definition note: (d)     Capital expenditures consist of additions (excluding business combinations) to property, plant and equipment, construction in progress, investment properties, land use rights and intangible assets (excluding long-form video and music content, game licences and other content).",NOT STATED,NOT STATED,YES (excluding content and game licences),NO,FALSE,FALSE,"Verbatim: ""Capital expenditures (d)                                             14,359            7,524            4,411"""
OBS-TENCENT-01333,tencent,Tencent Holdings Limited,FY2024,H1 (6M YTD),2024-01-01,2024-06-30,2024-Q2,2024-08-14,Capital expenditures,company_reported_capex,"23,088",CNY,RMB millions,23088000000,SRC-TENC-098,A,https://www.hkexnews.hk/listedco/listconews/sehk/2024/0814/2024081400282.pdf,"Other Financial Information, row 'Capital expenditures'",REPORTED,,"definition note: (d)     Capital expenditures consist of additions (excluding business combinations) to property, plant and equipment, construction in progress, investment properties, land use rights and intangible assets (excluding long-form video and music content, game licences and other content).",NOT STATED,NOT STATED,YES (excluding content and game licences),NO,FALSE,FALSE,"Verbatim: ""Capital expenditures (d)                       8,729          14,359          3,953         23,088           8,364"""
OBS-TENCENT-01334,tencent,Tencent Holdings Limited,FY2024,9M YTD,2024-01-01,2024-09-30,2024-Q3,2024-11-13,Capital expenditures,company_reported_capex,"40,182",CNY,RMB millions,40182000000,SRC-TENC-100,A,https://www.hkexnews.hk/listedco/listconews/sehk/2024/1113/2024111300327.pdf,"Other Financial Information, row 'Capital expenditures'",REPORTED,,"definition note: (d)     Capital expenditures consist of additions (excluding business combinations) to property, plant and equipment, construction in progress, investment properties, land use rights and intangible assets (excluding long-form video and music content, game licences and other content).",NOT STATED,NOT STATED,YES (excluding content and game licences),NO,FALSE,FALSE,"Verbatim: ""Capital expenditures (d)                       17,094          8,729           8,005         40,182          16,369"""
OBS-TENCENT-01335,tencent,Tencent Holdings Limited,FY2024,FY,2024-01-01,2024-12-31,2024-Q4,2025-03-19,Capital expenditures,company_reported_capex,"76,760",CNY,RMB millions,76760000000,SRC-TENC-101,A,https://www.hkexnews.hk/listedco/listconews/sehk/2025/0319/2025031900336.pdf,"Other Financial Information, row 'Capital expenditures'",REPORTED,,"definition note: (d)     Capital expenditures primarily consist of investments in computer equipment and components, and other property, plant and equipment, construction in progress, investment properties, land use rights, as well as certain intangible assets.",NOT STATED,NOT STATED,YES (excluding content and game licences),NO,FALSE,FALSE,"Verbatim: ""Capital expenditures (d)                     36,578         17,094           7,524         76,760         23,893"""
OBS-TENCENT-01336,tencent,Tencent Holdings Limited,FY2024,Q2,2024-04-01,2024-06-30,2024-Q2,2024-08-14,Capital expenditures,company_reported_capex,"8,729",CNY,RMB millions,8729000000,SRC-TENC-098,A,https://www.hkexnews.hk/listedco/listconews/sehk/2024/0814/2024081400282.pdf,"Other Financial Information, row 'Capital expenditures'",REPORTED,,"definition note: (d)     Capital expenditures consist of additions (excluding business combinations) to property, plant and equipment, construction in progress, investment properties, land use rights and intangible assets (excluding long-form video and music content, game licences and other content).",NOT STATED,NOT STATED,YES (excluding content and game licences),NO,FALSE,FALSE,"Verbatim: ""Capital expenditures (d)                       8,729          14,359          3,953         23,088           8,364"""
OBS-TENCENT-01337,tencent,Tencent Holdings Limited,FY2024,Q3,2024-07-01,2024-09-30,2024-Q3,2024-11-13,Capital expenditures,company_reported_capex,"17,094",CNY,RMB millions,17094000000,SRC-TENC-100,A,https://www.hkexnews.hk/listedco/listconews/sehk/2024/1113/2024111300327.pdf,"Other Financial Information, row 'Capital expenditures'",REPORTED,,"definition note: (d)     Capital expenditures consist of additions (excluding business combinations) to property, plant and equipment, construction in progress, investment properties, land use rights and intangible assets (excluding long-form video and music content, game licences and other content).",NOT STATED,NOT STATED,YES (excluding content and game licences),NO,FALSE,FALSE,"Verbatim: ""Capital expenditures (d)                       17,094          8,729           8,005         40,182          16,369"""
OBS-TENCENT-01338,tencent,Tencent Holdings Limited,FY2024,Q4,2024-10-01,2024-12-31,2024-Q4,2025-03-19,Capital expenditures,company_reported_capex,"36,578",CNY,RMB millions,36578000000,SRC-TENC-101,A,https://www.hkexnews.hk/listedco/listconews/sehk/2025/0319/2025031900336.pdf,"Other Financial Information, row 'Capital expenditures'",REPORTED,,"definition note: (d)     Capital expenditures primarily consist of investments in computer equipment and components, and other property, plant and equipment, construction in progress, investment properties, land use rights, as well as certain intangible assets.",NOT STATED,NOT STATED,YES (excluding content and game licences),NO,FALSE,FALSE,"Verbatim: ""Capital expenditures (d)                     36,578         17,094           7,524         76,760         23,893"""
OBS-TENCENT-01339,tencent,Tencent Holdings Limited,FY2025,Q1,2025-01-01,2025-03-31,2025-Q1,2025-05-14,Capital expenditures,company_reported_capex,"27,476",CNY,RMB millions,27476000000,SRC-TENC-103,A,https://www.hkexnews.hk/listedco/listconews/sehk/2025/0514/2025051400273.pdf,"Other Financial Information, row 'Capital expenditures'",REPORTED,,"definition note: (d)     Capital expenditures primarily consist of investments in IT infrastructure (including computer equipment, components, and software), data centres, land use rights, office premises and intellectual properties (excluding media content).",NOT STATED,NOT STATED,YES (excluding content and game licences),NO,FALSE,FALSE,"Verbatim: ""Capital expenditures (d)                                        27,476              36,578              14,359"""
OBS-TENCENT-01340,tencent,Tencent Holdings Limited,FY2025,H1 (6M YTD),2025-01-01,2025-06-30,2025-Q2,2025-08-13,Capital expenditures,company_reported_capex,"46,583",CNY,RMB millions,46583000000,SRC-TENC-104,A,https://www.hkexnews.hk/listedco/listconews/sehk/2025/0813/2025081300261.pdf,"Other Financial Information, row 'Capital expenditures'",REPORTED,,"definition note: (d)     Capital expenditures primarily consist of investments in IT infrastructure (including computer equipment, components, and software), data centres, land use rights, office premises and intellectual properties (excluding media content).",NOT STATED,NOT STATED,YES (excluding content and game licences),NO,FALSE,FALSE,"Verbatim: ""Capital expenditures (d)                     19,107          27,476         8,729         46,583         23,088"""
OBS-TENCENT-01341,tencent,Tencent Holdings Limited,FY2025,9M YTD,2025-01-01,2025-09-30,2025-Q3,2025-11-13,Capital expenditures,company_reported_capex,"59,566",CNY,RMB millions,59566000000,SRC-TENC-106,A,https://www.hkexnews.hk/listedco/listconews/sehk/2025/1113/2025111300286.pdf,"Other Financial Information, row 'Capital expenditures'",REPORTED,,"definition note: (d)     Capital expenditures primarily consist of investments in IT infrastructure (including computer equipment, components, and software), data centres, land use rights, office premises and intellectual properties (excluding media content).",NOT STATED,NOT STATED,YES (excluding content and game licences),NO,FALSE,FALSE,"Verbatim: ""Capital expenditures (d)                     12,983          19,107         17,094         59,566         40,182"""
OBS-TENCENT-01342,tencent,Tencent Holdings Limited,FY2025,FY,2025-01-01,2025-12-31,2025-Q4,2026-03-18,Capital expenditures,company_reported_capex,"79,198",CNY,RMB millions,79198000000,SRC-TENC-107,A,https://www.hkexnews.hk/listedco/listconews/sehk/2026/0318/2026031800388.pdf,"Other Financial Information, row 'Capital expenditures'",REPORTED,,"definition note: (d)     Capital expenditures primarily consist of investments in IT infrastructure (including computer equipment, components, and software), data centres, land use rights, office premises and intellectual properties (excluding media content).",NOT STATED,NOT STATED,YES (excluding content and game licences),NO,FALSE,FALSE,"Verbatim: ""Capital expenditures (d)                     19,632           12,983        36,578         79,198         76,760"""
OBS-TENCENT-01343,tencent,Tencent Holdings Limited,FY2025,Q2,2025-04-01,2025-06-30,2025-Q2,2025-08-13,Capital expenditures,company_reported_capex,"19,107",CNY,RMB millions,19107000000,SRC-TENC-104,A,https://www.hkexnews.hk/listedco/listconews/sehk/2025/0813/2025081300261.pdf,"Other Financial Information, row 'Capital expenditures'",REPORTED,,"definition note: (d)     Capital expenditures primarily consist of investments in IT infrastructure (including computer equipment, components, and software), data centres, land use rights, office premises and intellectual properties (excluding media content).",NOT STATED,NOT STATED,YES (excluding content and game licences),NO,FALSE,FALSE,"Verbatim: ""Capital expenditures (d)                     19,107          27,476         8,729         46,583         23,088"""
OBS-TENCENT-01344,tencent,Tencent Holdings Limited,FY2025,Q3,2025-07-01,2025-09-30,2025-Q3,2025-11-13,Capital expenditures,company_reported_capex,"12,983",CNY,RMB millions,12983000000,SRC-TENC-106,A,https://www.hkexnews.hk/listedco/listconews/sehk/2025/1113/2025111300286.pdf,"Other Financial Information, row 'Capital expenditures'",REPORTED,,"definition note: (d)     Capital expenditures primarily consist of investments in IT infrastructure (including computer equipment, components, and software), data centres, land use rights, office premises and intellectual properties (excluding media content).",NOT STATED,NOT STATED,YES (excluding content and game licences),NO,FALSE,FALSE,"Verbatim: ""Capital expenditures (d)                     12,983          19,107         17,094         59,566         40,182"""
OBS-TENCENT-01345,tencent,Tencent Holdings Limited,FY2025,Q4,2025-10-01,2025-12-31,2025-Q4,2026-03-18,Capital expenditures,company_reported_capex,"19,632",CNY,RMB millions,19632000000,SRC-TENC-107,A,https://www.hkexnews.hk/listedco/listconews/sehk/2026/0318/2026031800388.pdf,"Other Financial Information, row 'Capital expenditures'",REPORTED,,"definition note: (d)     Capital expenditures primarily consist of investments in IT infrastructure (including computer equipment, components, and software), data centres, land use rights, office premises and intellectual properties (excluding media content).",NOT STATED,NOT STATED,YES (excluding content and game licences),NO,FALSE,FALSE,"Verbatim: ""Capital expenditures (d)                     19,632           12,983        36,578         79,198         76,760"""
OBS-TENCENT-01346,tencent,Tencent Holdings Limited,FY2026,Q1,2026-01-01,2026-03-31,2026-Q1,2026-05-13,Capital expenditures,company_reported_capex,"31,936",CNY,RMB millions,31936000000,SRC-TENC-109,A,https://www.hkexnews.hk/listedco/listconews/sehk/2026/0513/2026051300334.pdf,"Other Financial Information, row 'Capital expenditures'",REPORTED,,"definition note: (d)     Capital expenditures primarily consist of investments in IT infrastructure (including computer equipment, components, and software), data centres, land use rights, office premises and intellectual properties (excluding media content).",NOT STATED,NOT STATED,YES (excluding content and game licences),NO,FALSE,FALSE,"Verbatim: ""Capital expenditures (d)                                        31,936             19,632               27,476"""
OBS-TENCENT-01347,tencent,Tencent Holdings Limited,FY2026,H1 (6M YTD),2026-01-01,2026-06-30,2026-Q2,2026-08-12,Capital expenditures,company_reported_capex,"84,720",CNY,RMB millions,84720000000,SRC-TENC-110,A,https://www.hkexnews.hk/listedco/listconews/sehk/2026/0812/2026081200296.pdf,"Other Financial Information, row 'Capital expenditures'",REPORTED,,"definition note: (d)     Capital expenditures primarily consist of investments in IT infrastructure (including computer equipment, components, and software), data centres, land use rights, office premises and intellectual properties (excluding media content).",NOT STATED,NOT STATED,YES (excluding content and game licences),NO,FALSE,FALSE,"Verbatim: ""Capital expenditures (d)                     52,784           31,936       19,107         84,720         46,583"""
OBS-TENCENT-01348,tencent,Tencent Holdings Limited,FY2026,Q2,2026-04-01,2026-06-30,2026-Q2,2026-08-12,Capital expenditures,company_reported_capex,"52,784",CNY,RMB millions,52784000000,SRC-TENC-110,A,https://www.hkexnews.hk/listedco/listconews/sehk/2026/0812/2026081200296.pdf,"Other Financial Information, row 'Capital expenditures'",REPORTED,,"definition note: (d)     Capital expenditures primarily consist of investments in IT infrastructure (including computer equipment, components, and software), data centres, land use rights, office premises and intellectual properties (excluding media content).",NOT STATED,NOT STATED,YES (excluding content and game licences),NO,FALSE,FALSE,"Verbatim: ""Capital expenditures (d)                     52,784           31,936       19,107         84,720         46,583"""
OBS-ALIBABA-01349,alibaba,Alibaba Group Holding Limited,FY2014,Q1,2013-04-01,2013-06-30,2013-Q2,2015-01-29,Capital expenditures,derived_quarter_company_reported_capex,,CNY,CNY,1595000000,SRC-BABA-003;SRC-BABA-015;SRC-BABA-018,A,https://www.sec.gov/Archives/edgar/data/1577552/000119312514184994/d709111df1.htm;https://data.alibabagroup.com/ecms-files/1532295521/b88a89b6-d9b8-4598-a424-118a7ad9318b.pdf;https://data.alibabagroup.com/ecms-files/1532295521/60a32f52-d4ad-4192-99e4-aedbf4823fac.pdf,Year-to-date and quarterly figures as cited,DERIVED_FROM_PRIMARY_SOURCE,year-to-date to 2013-12-31 (4336000000) minus quarter to 2013-09-30 (1140000000) minus quarter to 2013-12-31 (1601000000),All inputs under the same definition.,NOT STATED,NOT STATED,NO,NO,FALSE,FALSE,
OBS-ALIBABA-01350,alibaba,Alibaba Group Holding Limited,FY2019,Q1,2018-04-01,2018-06-30,2018-Q2,2019-05-15,Capital expenditures,derived_quarter_company_reported_capex,,CNY,CNY,6451000000,SRC-BABA-041;SRC-BABA-039;SRC-BABA-040,A,https://data.alibabagroup.com/ecms-files/1532295521/f71f803e-c4ea-4833-a36e-f82e20e1cd73.pdf;https://data.alibabagroup.com/ecms-files/1532295521/1bc4b029-4de5-4c84-8ffd-1587b1fa94c3.pdf;https://data.alibabagroup.com/ecms-files/1532295521/2826f4ed-56cc-40bf-905b-ee04045a0db1.pdf,Year-to-date and quarterly figures as cited,DERIVED_FROM_PRIMARY_SOURCE,year-to-date to 2019-03-31 (35482000000) minus quarter to 2018-09-30 (12394000000) minus quarter to 2018-12-31 (10100000000) minus quarter to 2019-03-31 (6537000000),All inputs under the same definition.,NOT STATED,NOT STATED,NO,NO,FALSE,FALSE,
