calendar_quarter,company,display_name,TTM_capex_usd,TTM_capex_usd_billions,series_definition,q_minus_3,q_minus_2,q_minus_1,current_q,all_four_quarters_valid,definition_break_in_TTM,source_quality,notes
2010-Q1,Microsoft,Microsoft,2086000000,2.086,Microsoft additions to property and equipment (cash),867000000,435000000,376000000,408000000,TRUE,FALSE,Grade A,"1 of 4 quarters derived by exact YTD subtraction.  Fiscal quarters ending 2009-06-30, 2009-09-30, 2009-12-31, 2010-03-31."
2010-Q1,Alphabet,Alphabet (Google),785888000,0.786,Alphabet (Google) purchases of property and equipment (cash),139192000,186339000,221357000,239000000,TRUE,FALSE,Grade A,"3 of 4 quarters derived by exact YTD subtraction.  Fiscal quarters ending 2009-06-30, 2009-09-30, 2009-12-31, 2010-03-31."
2010-Q1,Amazon,Amazon,458000000,0.458,Amazon purchases of property and equipment net of proceeds from sales and incentives (cash),78000000,103000000,137000000,140000000,TRUE,FALSE,Grade A,"1 of 4 quarters derived by exact YTD subtraction.  Fiscal quarters ending 2009-06-30, 2009-09-30, 2009-12-31, 2010-03-31."
2010-Q1,Oracle,Oracle,199000000,0.199,Oracle capital expenditures (cash purchases of property and equipment),38000000,55000000,45000000,61000000,TRUE,FALSE,Grade A,"3 of 4 quarters derived by exact YTD subtraction.  Fiscal quarters ending 2009-05-31, 2009-08-31, 2009-11-30, 2010-02-28."
2010-Q1,Baidu,Baidu,67789759,0.068,Baidu (see C),11963076,18973504,21429401,15423778,TRUE,FALSE,Grade A," Fiscal quarters ending 2009-06-30, 2009-09-30, 2009-12-31, 2010-03-31."
2010-Q2,Microsoft,Microsoft,1977000000,1.977,Microsoft additions to property and equipment (cash),435000000,376000000,408000000,758000000,TRUE,FALSE,Grade A,"1 of 4 quarters derived by exact YTD subtraction.  Fiscal quarters ending 2009-09-30, 2009-12-31, 2010-03-31, 2010-06-30."
2010-Q2,Alphabet,Alphabet (Google),1122696000,1.123,Alphabet (Google) purchases of property and equipment (cash),186339000,221357000,239000000,476000000,TRUE,FALSE,Grade A,"3 of 4 quarters derived by exact YTD subtraction.  Fiscal quarters ending 2009-09-30, 2009-12-31, 2010-03-31, 2010-06-30."
2010-Q2,Amazon,Amazon,576000000,0.576,Amazon purchases of property and equipment net of proceeds from sales and incentives (cash),103000000,137000000,140000000,196000000,TRUE,FALSE,Grade A,"1 of 4 quarters derived by exact YTD subtraction.  Fiscal quarters ending 2009-09-30, 2009-12-31, 2010-03-31, 2010-06-30."
2010-Q2,Oracle,Oracle,230000000,0.230,Oracle capital expenditures (cash purchases of property and equipment),55000000,45000000,61000000,69000000,TRUE,FALSE,Grade A,"3 of 4 quarters derived by exact YTD subtraction.  Fiscal quarters ending 2009-08-31, 2009-11-30, 2010-02-28, 2010-05-31."
2010-Q2,Baidu,Baidu,82439811,0.082,Baidu (see C),18973504,21429401,15423778,26613128,TRUE,FALSE,Grade A," Fiscal quarters ending 2009-09-30, 2009-12-31, 2010-03-31, 2010-06-30."
2010-Q3,Microsoft,Microsoft,2106000000,2.106,Microsoft additions to property and equipment (cash),376000000,408000000,758000000,564000000,TRUE,FALSE,Grade A,"1 of 4 quarters derived by exact YTD subtraction.  Fiscal quarters ending 2009-12-31, 2010-03-31, 2010-06-30, 2010-09-30."
2010-Q3,Alphabet,Alphabet (Google),1694357000,1.694,Alphabet (Google) purchases of property and equipment (cash),221357000,239000000,476000000,758000000,TRUE,FALSE,Grade A,"3 of 4 quarters derived by exact YTD subtraction.  Fiscal quarters ending 2009-12-31, 2010-03-31, 2010-06-30, 2010-09-30."
2010-Q3,Amazon,Amazon,788000000,0.788,Amazon purchases of property and equipment net of proceeds from sales and incentives (cash),137000000,140000000,196000000,315000000,TRUE,FALSE,Grade A,"1 of 4 quarters derived by exact YTD subtraction.  Fiscal quarters ending 2009-12-31, 2010-03-31, 2010-06-30, 2010-09-30."
2010-Q3,Oracle,Oracle,293000000,0.293,Oracle capital expenditures (cash purchases of property and equipment),45000000,61000000,69000000,118000000,TRUE,FALSE,Grade A,"3 of 4 quarters derived by exact YTD subtraction.  Fiscal quarters ending 2009-11-30, 2010-02-28, 2010-05-31, 2010-08-31."
2010-Q3,Baidu,Baidu,99858000,0.100,Baidu (see C),21429401,15423778,26613128,36391693,TRUE,FALSE,Grade A," Fiscal quarters ending 2009-12-31, 2010-03-31, 2010-06-30, 2010-09-30."
2010-Q4,Alphabet,Alphabet (Google),4018000000,4.018,Alphabet (Google) purchases of property and equipment (cash),239000000,476000000,758000000,2545000000,TRUE,FALSE,Grade A,"3 of 4 quarters derived by exact YTD subtraction.  Fiscal quarters ending 2010-03-31, 2010-06-30, 2010-09-30, 2010-12-31."
2010-Q4,Microsoft,Microsoft,2221000000,2.221,Microsoft additions to property and equipment (cash),408000000,758000000,564000000,491000000,TRUE,FALSE,Grade A,"1 of 4 quarters derived by exact YTD subtraction.  Fiscal quarters ending 2010-03-31, 2010-06-30, 2010-09-30, 2010-12-31."
2010-Q4,Amazon,Amazon,979000000,0.979,Amazon purchases of property and equipment net of proceeds from sales and incentives (cash),140000000,196000000,315000000,328000000,TRUE,FALSE,Grade A,"1 of 4 quarters derived by exact YTD subtraction.  Fiscal quarters ending 2010-03-31, 2010-06-30, 2010-09-30, 2010-12-31."
2010-Q4,Oracle,Oracle,369000000,0.369,Oracle capital expenditures (cash purchases of property and equipment),61000000,69000000,118000000,121000000,TRUE,FALSE,Grade A,"3 of 4 quarters derived by exact YTD subtraction.  Fiscal quarters ending 2010-02-28, 2010-05-31, 2010-08-31, 2010-11-30."
2010-Q4,Baidu,Baidu,132822683,0.133,Baidu (see C),15423778,26613128,36391693,54394084,TRUE,FALSE,Grade A," Fiscal quarters ending 2010-03-31, 2010-06-30, 2010-09-30, 2010-12-31."
2011-Q1,Alphabet,Alphabet (Google),4669000000,4.669,Alphabet (Google) purchases of property and equipment (cash),476000000,758000000,2545000000,890000000,TRUE,FALSE,Grade A,"3 of 4 quarters derived by exact YTD subtraction.  Fiscal quarters ending 2010-06-30, 2010-09-30, 2010-12-31, 2011-03-31."
2011-Q1,Microsoft,Microsoft,2471000000,2.471,Microsoft additions to property and equipment (cash),758000000,564000000,491000000,658000000,TRUE,FALSE,Grade A,"1 of 4 quarters derived by exact YTD subtraction.  Fiscal quarters ending 2010-06-30, 2010-09-30, 2010-12-31, 2011-03-31."
2011-Q1,Amazon,Amazon,1137000000,1.137,Amazon purchases of property and equipment net of proceeds from sales and incentives (cash),196000000,315000000,328000000,298000000,TRUE,FALSE,Grade A,"1 of 4 quarters derived by exact YTD subtraction.  Fiscal quarters ending 2010-06-30, 2010-09-30, 2010-12-31, 2011-03-31."
2011-Q1,Oracle,Oracle,441000000,0.441,Oracle capital expenditures (cash purchases of property and equipment),69000000,118000000,121000000,133000000,TRUE,FALSE,Grade A,"3 of 4 quarters derived by exact YTD subtraction.  Fiscal quarters ending 2010-05-31, 2010-08-31, 2010-11-30, 2011-02-28."
2011-Q1,Baidu,Baidu,176197898,0.176,Baidu (see C),26613128,36391693,54394084,58798993,TRUE,FALSE,Grade A," Fiscal quarters ending 2010-06-30, 2010-09-30, 2010-12-31, 2011-03-31."
2011-Q2,Alphabet,Alphabet (Google),5110000000,5.110,Alphabet (Google) purchases of property and equipment (cash),758000000,2545000000,890000000,917000000,TRUE,FALSE,Grade A,"3 of 4 quarters derived by exact YTD subtraction.  Fiscal quarters ending 2010-09-30, 2010-12-31, 2011-03-31, 2011-06-30."
2011-Q2,Microsoft,Microsoft,2355000000,2.355,Microsoft additions to property and equipment (cash),564000000,491000000,658000000,642000000,TRUE,FALSE,Grade A,"1 of 4 quarters derived by exact YTD subtraction.  Fiscal quarters ending 2010-09-30, 2010-12-31, 2011-03-31, 2011-06-30."
2011-Q2,Amazon,Amazon,1374000000,1.374,Amazon purchases of property and equipment net of proceeds from sales and incentives (cash),315000000,328000000,298000000,433000000,TRUE,FALSE,Grade A,"1 of 4 quarters derived by exact YTD subtraction.  Fiscal quarters ending 2010-09-30, 2010-12-31, 2011-03-31, 2011-06-30."
2011-Q2,Oracle,Oracle,450000000,0.450,Oracle capital expenditures (cash purchases of property and equipment),118000000,121000000,133000000,78000000,TRUE,FALSE,Grade A,"3 of 4 quarters derived by exact YTD subtraction.  Fiscal quarters ending 2010-08-31, 2010-11-30, 2011-02-28, 2011-05-31."
2011-Q2,Baidu,Baidu,208628338,0.209,Baidu (see C),36391693,54394084,58798993,59043568,TRUE,FALSE,Grade A," Fiscal quarters ending 2010-09-30, 2010-12-31, 2011-03-31, 2011-06-30."
2011-Q3,Alphabet,Alphabet (Google),5032000000,5.032,Alphabet (Google) purchases of property and equipment (cash),2545000000,890000000,917000000,680000000,TRUE,FALSE,Grade A,"3 of 4 quarters derived by exact YTD subtraction.  Fiscal quarters ending 2010-12-31, 2011-03-31, 2011-06-30, 2011-09-30."
2011-Q3,Microsoft,Microsoft,2227000000,2.227,Microsoft additions to property and equipment (cash),491000000,658000000,642000000,436000000,TRUE,FALSE,Grade A,"1 of 4 quarters derived by exact YTD subtraction.  Fiscal quarters ending 2010-12-31, 2011-03-31, 2011-06-30, 2011-09-30."
2011-Q3,Amazon,Amazon,1588000000,1.588,Amazon purchases of property and equipment net of proceeds from sales and incentives (cash),328000000,298000000,433000000,529000000,TRUE,FALSE,Grade A,"1 of 4 quarters derived by exact YTD subtraction.  Fiscal quarters ending 2010-12-31, 2011-03-31, 2011-06-30, 2011-09-30."
2011-Q3,Oracle,Oracle,492000000,0.492,Oracle capital expenditures (cash purchases of property and equipment),121000000,133000000,78000000,160000000,TRUE,FALSE,Grade A,"3 of 4 quarters derived by exact YTD subtraction.  Fiscal quarters ending 2010-11-30, 2011-02-28, 2011-05-31, 2011-08-31."
2011-Q3,Baidu,Baidu,248598724,0.249,Baidu (see C),54394084,58798993,59043568,76362079,TRUE,FALSE,Grade A," Fiscal quarters ending 2010-12-31, 2011-03-31, 2011-06-30, 2011-09-30."
2011-Q4,Alphabet,Alphabet (Google),3438000000,3.438,Alphabet (Google) purchases of property and equipment (cash),890000000,917000000,680000000,951000000,TRUE,FALSE,Grade A,"3 of 4 quarters derived by exact YTD subtraction.  Fiscal quarters ending 2011-03-31, 2011-06-30, 2011-09-30, 2011-12-31."
2011-Q4,Microsoft,Microsoft,2234000000,2.234,Microsoft additions to property and equipment (cash),658000000,642000000,436000000,498000000,TRUE,FALSE,Grade A,"1 of 4 quarters derived by exact YTD subtraction.  Fiscal quarters ending 2011-03-31, 2011-06-30, 2011-09-30, 2011-12-31."
2011-Q4,Amazon,Amazon,1810000000,1.810,Amazon purchases of property and equipment net of proceeds from sales and incentives (cash),298000000,433000000,529000000,550000000,TRUE,FALSE,Grade A,"1 of 4 quarters derived by exact YTD subtraction.  Fiscal quarters ending 2011-03-31, 2011-06-30, 2011-09-30, 2011-12-31."
2011-Q4,Tencent,Tencent,571633760,0.572,Tencent (see C),109574081,145115610,176657177,140286892,TRUE,FALSE,Grade A," Fiscal quarters ending 2011-03-31, 2011-06-30, 2011-09-30, 2011-12-31."
2011-Q4,Oracle,Oracle,500000000,0.500,Oracle capital expenditures (cash purchases of property and equipment),133000000,78000000,160000000,129000000,TRUE,FALSE,Grade A,"3 of 4 quarters derived by exact YTD subtraction.  Fiscal quarters ending 2011-02-28, 2011-05-31, 2011-08-31, 2011-11-30."
2011-Q4,Baidu,Baidu,273124411,0.273,Baidu (see C),58798993,59043568,76362079,78919771,TRUE,FALSE,Grade A," Fiscal quarters ending 2011-03-31, 2011-06-30, 2011-09-30, 2011-12-31."
2012-Q1,Alphabet,Alphabet (Google),3155000000,3.155,Alphabet (Google) purchases of property and equipment (cash),917000000,680000000,951000000,607000000,TRUE,FALSE,Grade A,"3 of 4 quarters derived by exact YTD subtraction.  Fiscal quarters ending 2011-06-30, 2011-09-30, 2011-12-31, 2012-03-31."
2012-Q1,Microsoft,Microsoft,2325000000,2.325,Microsoft additions to property and equipment (cash),642000000,436000000,498000000,749000000,TRUE,FALSE,Grade A,"1 of 4 quarters derived by exact YTD subtraction.  Fiscal quarters ending 2011-06-30, 2011-09-30, 2011-12-31, 2012-03-31."
2012-Q1,Amazon,Amazon,1898000000,1.898,Amazon purchases of property and equipment net of proceeds from sales and incentives (cash),433000000,529000000,550000000,386000000,TRUE,FALSE,Grade A,"1 of 4 quarters derived by exact YTD subtraction.  Fiscal quarters ending 2011-06-30, 2011-09-30, 2011-12-31, 2012-03-31."
2012-Q1,Tencent,Tencent,566995313,0.567,Tencent (see C),145115610,176657177,140286892,104935634,TRUE,FALSE,Grade A," Fiscal quarters ending 2011-06-30, 2011-09-30, 2011-12-31, 2012-03-31."
2012-Q1,Oracle,Oracle,509000000,0.509,Oracle capital expenditures (cash purchases of property and equipment),78000000,160000000,129000000,142000000,TRUE,FALSE,Grade A,"3 of 4 quarters derived by exact YTD subtraction.  Fiscal quarters ending 2011-05-31, 2011-08-31, 2011-11-30, 2012-02-29."
2012-Q1,Baidu,Baidu,261568879,0.262,Baidu (see C),59043568,76362079,78919771,47243461,TRUE,FALSE,Grade A," Fiscal quarters ending 2011-06-30, 2011-09-30, 2011-12-31, 2012-03-31."
2012-Q2,Alphabet,Alphabet (Google),3012000000,3.012,Alphabet (Google) purchases of property and equipment (cash),680000000,951000000,607000000,774000000,TRUE,FALSE,Grade A,"3 of 4 quarters derived by exact YTD subtraction.  Fiscal quarters ending 2011-09-30, 2011-12-31, 2012-03-31, 2012-06-30."
2012-Q2,Microsoft,Microsoft,2305000000,2.305,Microsoft additions to property and equipment (cash),436000000,498000000,749000000,622000000,TRUE,FALSE,Grade A,"1 of 4 quarters derived by exact YTD subtraction.  Fiscal quarters ending 2011-09-30, 2011-12-31, 2012-03-31, 2012-06-30."
2012-Q2,Amazon,Amazon,2122000000,2.122,Amazon purchases of property and equipment net of proceeds from sales and incentives (cash),529000000,550000000,386000000,657000000,TRUE,FALSE,Grade A,"1 of 4 quarters derived by exact YTD subtraction.  Fiscal quarters ending 2011-09-30, 2011-12-31, 2012-03-31, 2012-06-30."
2012-Q2,Meta,Meta (Facebook),1187000000,1.187,Meta purchases of property and equipment (cash; printed 'net' from the 2024 filings),136000000,185000000,453000000,413000000,TRUE,FALSE,Grade A,"3 of 4 quarters derived by exact YTD subtraction.  Fiscal quarters ending 2011-09-30, 2011-12-31, 2012-03-31, 2012-06-30."
2012-Q2,Oracle,Oracle,648000000,0.648,Oracle capital expenditures (cash purchases of property and equipment),160000000,129000000,142000000,217000000,TRUE,FALSE,Grade A,"3 of 4 quarters derived by exact YTD subtraction.  Fiscal quarters ending 2011-08-31, 2011-11-30, 2012-02-29, 2012-05-31."
2012-Q2,Tencent,Tencent,566442760,0.566,Tencent (see C),176657177,140286892,104935634,144563057,TRUE,FALSE,Grade A," Fiscal quarters ending 2011-09-30, 2011-12-31, 2012-03-31, 2012-06-30."
2012-Q2,Baidu,Baidu,316576388,0.317,Baidu (see C),76362079,78919771,47243461,114051077,TRUE,FALSE,Grade A," Fiscal quarters ending 2011-09-30, 2011-12-31, 2012-03-31, 2012-06-30."
2012-Q3,Alphabet,Alphabet (Google),3204000000,3.204,Alphabet (Google) purchases of property and equipment (cash),951000000,607000000,774000000,872000000,TRUE,FALSE,Grade A,"3 of 4 quarters derived by exact YTD subtraction.  Fiscal quarters ending 2011-12-31, 2012-03-31, 2012-06-30, 2012-09-30."
2012-Q3,Microsoft,Microsoft,2472000000,2.472,Microsoft additions to property and equipment (cash),498000000,749000000,622000000,603000000,TRUE,FALSE,Grade A,"1 of 4 quarters derived by exact YTD subtraction.  Fiscal quarters ending 2011-12-31, 2012-03-31, 2012-06-30, 2012-09-30."
2012-Q3,Amazon,Amazon,2309000000,2.309,Amazon purchases of property and equipment net of proceeds from sales and incentives (cash),550000000,386000000,657000000,716000000,TRUE,FALSE,Grade A,"1 of 4 quarters derived by exact YTD subtraction.  Fiscal quarters ending 2011-12-31, 2012-03-31, 2012-06-30, 2012-09-30."
2012-Q3,Meta,Meta (Facebook),1222000000,1.222,Meta purchases of property and equipment (cash; printed 'net' from the 2024 filings),185000000,453000000,413000000,171000000,TRUE,FALSE,Grade A,"3 of 4 quarters derived by exact YTD subtraction.  Fiscal quarters ending 2011-12-31, 2012-03-31, 2012-06-30, 2012-09-30."
2012-Q3,Oracle,Oracle,627000000,0.627,Oracle capital expenditures (cash purchases of property and equipment),129000000,142000000,217000000,139000000,TRUE,FALSE,Grade A,"3 of 4 quarters derived by exact YTD subtraction.  Fiscal quarters ending 2011-11-30, 2012-02-29, 2012-05-31, 2012-08-31."
2012-Q3,Tencent,Tencent,568058194,0.568,Tencent (see C),140286892,104935634,144563057,178272611,TRUE,FALSE,Grade A," Fiscal quarters ending 2011-12-31, 2012-03-31, 2012-06-30, 2012-09-30."
2012-Q3,Baidu,Baidu,319611789,0.320,Baidu (see C),78919771,47243461,114051077,79397480,TRUE,FALSE,Grade A," Fiscal quarters ending 2011-12-31, 2012-03-31, 2012-06-30, 2012-09-30."
2012-Q4,Amazon,Amazon,3785000000,3.785,Amazon purchases of property and equipment net of proceeds from sales and incentives (cash),386000000,657000000,716000000,2026000000,TRUE,FALSE,Grade A,"1 of 4 quarters derived by exact YTD subtraction.  Fiscal quarters ending 2012-03-31, 2012-06-30, 2012-09-30, 2012-12-31."
2012-Q4,Alphabet,Alphabet (Google),3273000000,3.273,Alphabet (Google) purchases of property and equipment (cash),607000000,774000000,872000000,1020000000,TRUE,FALSE,Grade A,"3 of 4 quarters derived by exact YTD subtraction.  Fiscal quarters ending 2012-03-31, 2012-06-30, 2012-09-30, 2012-12-31."
2012-Q4,Microsoft,Microsoft,2904000000,2.904,Microsoft additions to property and equipment (cash),749000000,622000000,603000000,930000000,TRUE,FALSE,Grade A,"1 of 4 quarters derived by exact YTD subtraction.  Fiscal quarters ending 2012-03-31, 2012-06-30, 2012-09-30, 2012-12-31."
2012-Q4,Meta,Meta (Facebook),1235000000,1.235,Meta purchases of property and equipment (cash; printed 'net' from the 2024 filings),453000000,413000000,171000000,198000000,TRUE,FALSE,Grade A,"3 of 4 quarters derived by exact YTD subtraction.  Fiscal quarters ending 2012-03-31, 2012-06-30, 2012-09-30, 2012-12-31."
2012-Q4,Tencent,Tencent,713470624,0.713,Tencent (see C),104935634,144563057,178272611,285699322,TRUE,FALSE,Grade A," Fiscal quarters ending 2012-03-31, 2012-06-30, 2012-09-30, 2012-12-31."
2012-Q4,Oracle,Oracle,710000000,0.710,Oracle capital expenditures (cash purchases of property and equipment),142000000,217000000,139000000,212000000,TRUE,FALSE,Grade A,"3 of 4 quarters derived by exact YTD subtraction.  Fiscal quarters ending 2012-02-29, 2012-05-31, 2012-08-31, 2012-11-30."
2012-Q4,Baidu,Baidu,366642331,0.367,Baidu (see C),47243461,114051077,79397480,125950313,TRUE,FALSE,Grade A," Fiscal quarters ending 2012-03-31, 2012-06-30, 2012-09-30, 2012-12-31."
2013-Q1,Amazon,Amazon,4069000000,4.069,Amazon purchases of property and equipment net of proceeds from sales and incentives (cash),657000000,716000000,2026000000,670000000,TRUE,FALSE,Grade A,"1 of 4 quarters derived by exact YTD subtraction.  Fiscal quarters ending 2012-06-30, 2012-09-30, 2012-12-31, 2013-03-31."
2013-Q1,Alphabet,Alphabet (Google),3869000000,3.869,Alphabet (Google) purchases of property and equipment (cash),774000000,872000000,1020000000,1203000000,TRUE,FALSE,Grade A,"3 of 4 quarters derived by exact YTD subtraction.  Fiscal quarters ending 2012-06-30, 2012-09-30, 2012-12-31, 2013-03-31."
2013-Q1,Microsoft,Microsoft,3085000000,3.085,Microsoft additions to property and equipment (cash),622000000,603000000,930000000,930000000,TRUE,FALSE,Grade A,"1 of 4 quarters derived by exact YTD subtraction.  Fiscal quarters ending 2012-06-30, 2012-09-30, 2012-12-31, 2013-03-31."
2013-Q1,Meta,Meta (Facebook),1109000000,1.109,Meta purchases of property and equipment (cash; printed 'net' from the 2024 filings),413000000,171000000,198000000,327000000,TRUE,FALSE,Grade A,"3 of 4 quarters derived by exact YTD subtraction.  Fiscal quarters ending 2012-06-30, 2012-09-30, 2012-12-31, 2013-03-31."
2013-Q1,Tencent,Tencent,774794925,0.775,Tencent (see C),144563057,178272611,285699322,166259935,TRUE,FALSE,Grade A," Fiscal quarters ending 2012-06-30, 2012-09-30, 2012-12-31, 2013-03-31."
2013-Q1,Oracle,Oracle,684000000,0.684,Oracle capital expenditures (cash purchases of property and equipment),217000000,139000000,212000000,116000000,TRUE,FALSE,Grade A,"3 of 4 quarters derived by exact YTD subtraction.  Fiscal quarters ending 2012-05-31, 2012-08-31, 2012-11-30, 2013-02-28."
2013-Q1,Baidu,Baidu,394638626,0.395,Baidu (see C),114051077,79397480,125950313,75239756,TRUE,FALSE,Grade A," Fiscal quarters ending 2012-06-30, 2012-09-30, 2012-12-31, 2013-03-31."
2013-Q2,Alphabet,Alphabet (Google),4706000000,4.706,Alphabet (Google) purchases of property and equipment (cash),872000000,1020000000,1203000000,1611000000,TRUE,FALSE,Grade A,"3 of 4 quarters derived by exact YTD subtraction.  Fiscal quarters ending 2012-09-30, 2012-12-31, 2013-03-31, 2013-06-30."
2013-Q2,Amazon,Amazon,4267000000,4.267,Amazon purchases of property and equipment net of proceeds from sales and incentives (cash),716000000,2026000000,670000000,855000000,TRUE,FALSE,Grade A,"1 of 4 quarters derived by exact YTD subtraction.  Fiscal quarters ending 2012-09-30, 2012-12-31, 2013-03-31, 2013-06-30."
2013-Q2,Microsoft,Microsoft,4257000000,4.257,Microsoft additions to property and equipment (cash),603000000,930000000,930000000,1794000000,TRUE,FALSE,Grade A,"1 of 4 quarters derived by exact YTD subtraction.  Fiscal quarters ending 2012-09-30, 2012-12-31, 2013-03-31, 2013-06-30."
2013-Q2,Meta,Meta (Facebook),964000000,0.964,Meta purchases of property and equipment (cash; printed 'net' from the 2024 filings),171000000,198000000,327000000,268000000,TRUE,FALSE,Grade A,"3 of 4 quarters derived by exact YTD subtraction.  Fiscal quarters ending 2012-09-30, 2012-12-31, 2013-03-31, 2013-06-30."
2013-Q2,Tencent,Tencent,868106635,0.868,Tencent (see C),178272611,285699322,166259935,237874767,TRUE,FALSE,Grade A," Fiscal quarters ending 2012-09-30, 2012-12-31, 2013-03-31, 2013-06-30."
2013-Q2,Oracle,Oracle,650000000,0.650,Oracle capital expenditures (cash purchases of property and equipment),139000000,212000000,116000000,183000000,TRUE,FALSE,Grade A,"3 of 4 quarters derived by exact YTD subtraction.  Fiscal quarters ending 2012-08-31, 2012-11-30, 2013-02-28, 2013-05-31."
2013-Q2,Baidu,Baidu,369594392,0.370,Baidu (see C),79397480,125950313,75239756,89006843,TRUE,FALSE,Grade A," Fiscal quarters ending 2012-09-30, 2012-12-31, 2013-03-31, 2013-06-30."
2013-Q3,Alphabet,Alphabet (Google),6123000000,6.123,Alphabet (Google) purchases of property and equipment (cash),1020000000,1203000000,1611000000,2289000000,TRUE,FALSE,Grade A,"3 of 4 quarters derived by exact YTD subtraction.  Fiscal quarters ending 2012-12-31, 2013-03-31, 2013-06-30, 2013-09-30."
2013-Q3,Microsoft,Microsoft,4885000000,4.885,Microsoft additions to property and equipment (cash),930000000,930000000,1794000000,1231000000,TRUE,FALSE,Grade A,"1 of 4 quarters derived by exact YTD subtraction.  Fiscal quarters ending 2012-12-31, 2013-03-31, 2013-06-30, 2013-09-30."
2013-Q3,Amazon,Amazon,4589000000,4.589,Amazon purchases of property and equipment net of proceeds from sales and incentives (cash),2026000000,670000000,855000000,1038000000,TRUE,FALSE,Grade A,"1 of 4 quarters derived by exact YTD subtraction.  Fiscal quarters ending 2012-12-31, 2013-03-31, 2013-06-30, 2013-09-30."
2013-Q3,Meta,Meta (Facebook),1077000000,1.077,Meta purchases of property and equipment (cash; printed 'net' from the 2024 filings),198000000,327000000,268000000,284000000,TRUE,FALSE,Grade A,"3 of 4 quarters derived by exact YTD subtraction.  Fiscal quarters ending 2012-12-31, 2013-03-31, 2013-06-30, 2013-09-30."
2013-Q3,Tencent,Tencent,954453000,0.954,Tencent (see C),285699322,166259935,237874767,264618976,TRUE,FALSE,Grade A," Fiscal quarters ending 2012-12-31, 2013-03-31, 2013-06-30, 2013-09-30."
2013-Q3,Oracle,Oracle,664000000,0.664,Oracle capital expenditures (cash purchases of property and equipment),212000000,116000000,183000000,153000000,TRUE,FALSE,Grade A,"3 of 4 quarters derived by exact YTD subtraction.  Fiscal quarters ending 2012-11-30, 2013-02-28, 2013-05-31, 2013-08-31."
2013-Q3,Baidu,Baidu,417472830,0.417,Baidu (see C),125950313,75239756,89006843,127275918,TRUE,FALSE,Grade A," Fiscal quarters ending 2012-12-31, 2013-03-31, 2013-06-30, 2013-09-30."
2013-Q4,Alphabet,Alphabet (Google),7358000000,7.358,Alphabet (Google) purchases of property and equipment (cash),1203000000,1611000000,2289000000,2255000000,TRUE,FALSE,Grade A,"3 of 4 quarters derived by exact YTD subtraction.  Fiscal quarters ending 2013-03-31, 2013-06-30, 2013-09-30, 2013-12-31."
2013-Q4,Microsoft,Microsoft,5687000000,5.687,Microsoft additions to property and equipment (cash),930000000,1794000000,1231000000,1732000000,TRUE,FALSE,Grade A,"1 of 4 quarters derived by exact YTD subtraction.  Fiscal quarters ending 2013-03-31, 2013-06-30, 2013-09-30, 2013-12-31."
2013-Q4,Amazon,Amazon,3442000000,3.442,Amazon purchases of property and equipment net of proceeds from sales and incentives (cash),670000000,855000000,1038000000,879000000,TRUE,FALSE,Grade A,"1 of 4 quarters derived by exact YTD subtraction.  Fiscal quarters ending 2013-03-31, 2013-06-30, 2013-09-30, 2013-12-31."
2013-Q4,Meta,Meta (Facebook),1362000000,1.362,Meta purchases of property and equipment (cash; printed 'net' from the 2024 filings),327000000,268000000,284000000,483000000,TRUE,FALSE,Grade A,"3 of 4 quarters derived by exact YTD subtraction.  Fiscal quarters ending 2013-03-31, 2013-06-30, 2013-09-30, 2013-12-31."
2013-Q4,Tencent,Tencent,944447016,0.944,Tencent (see C),166259935,237874767,264618976,275693338,TRUE,FALSE,Grade A," Fiscal quarters ending 2013-03-31, 2013-06-30, 2013-09-30, 2013-12-31."
2013-Q4,Oracle,Oracle,578000000,0.578,Oracle capital expenditures (cash purchases of property and equipment),116000000,183000000,153000000,126000000,TRUE,FALSE,Grade A,"3 of 4 quarters derived by exact YTD subtraction.  Fiscal quarters ending 2013-02-28, 2013-05-31, 2013-08-31, 2013-11-30."
2013-Q4,Baidu,Baidu,449319598,0.449,Baidu (see C),75239756,89006843,127275918,157797081,TRUE,FALSE,Grade A," Fiscal quarters ending 2013-03-31, 2013-06-30, 2013-09-30, 2013-12-31."
2014-Q1,Alphabet,Alphabet (Google),8500000000,8.500,Alphabet (Google) purchases of property and equipment (cash),1611000000,2289000000,2255000000,2345000000,TRUE,FALSE,Grade A,"3 of 4 quarters derived by exact YTD subtraction.  Fiscal quarters ending 2013-06-30, 2013-09-30, 2013-12-31, 2014-03-31."
2014-Q1,Microsoft,Microsoft,5949000000,5.949,Microsoft additions to property and equipment (cash),1794000000,1231000000,1732000000,1192000000,TRUE,FALSE,Grade A,"1 of 4 quarters derived by exact YTD subtraction.  Fiscal quarters ending 2013-06-30, 2013-09-30, 2013-12-31, 2014-03-31."
2014-Q1,Amazon,Amazon,3852000000,3.852,Amazon purchases of property and equipment net of proceeds from sales and incentives (cash),855000000,1038000000,879000000,1080000000,TRUE,FALSE,Grade A,"1 of 4 quarters derived by exact YTD subtraction.  Fiscal quarters ending 2013-06-30, 2013-09-30, 2013-12-31, 2014-03-31."
2014-Q1,Meta,Meta (Facebook),1398000000,1.398,Meta purchases of property and equipment (cash; printed 'net' from the 2024 filings),268000000,284000000,483000000,363000000,TRUE,FALSE,Grade A,"3 of 4 quarters derived by exact YTD subtraction.  Fiscal quarters ending 2013-06-30, 2013-09-30, 2013-12-31, 2014-03-31."
2014-Q1,Tencent,Tencent,964669040,0.965,Tencent (see C),237874767,264618976,275693338,186481959,TRUE,FALSE,Grade A," Fiscal quarters ending 2013-06-30, 2013-09-30, 2013-12-31, 2014-03-31."
2014-Q1,Alibaba,Alibaba,780258217,0.780,Alibaba cash capital expenditure (see C),259156469,186114093,262885667,72101988,TRUE,FALSE,Grade B,"1 of 4 quarters derived by exact YTD subtraction.  Fiscal quarters ending 2013-06-30, 2013-09-30, 2013-12-31, 2014-03-31."
2014-Q1,Oracle,Oracle,609000000,0.609,Oracle capital expenditures (cash purchases of property and equipment),183000000,153000000,126000000,147000000,TRUE,FALSE,Grade A,"3 of 4 quarters derived by exact YTD subtraction.  Fiscal quarters ending 2013-05-31, 2013-08-31, 2013-11-30, 2014-02-28."
2014-Q1,Baidu,Baidu,544981872,0.545,Baidu (see C),89006843,127275918,157797081,170902030,TRUE,FALSE,Grade A," Fiscal quarters ending 2013-06-30, 2013-09-30, 2013-12-31, 2014-03-31."
2014-Q2,Alphabet,Alphabet (Google),9535000000,9.535,Alphabet (Google) purchases of property and equipment (cash),2289000000,2255000000,2345000000,2646000000,TRUE,FALSE,Grade A,"3 of 4 quarters derived by exact YTD subtraction.  Fiscal quarters ending 2013-09-30, 2013-12-31, 2014-03-31, 2014-06-30."
2014-Q2,Microsoft,Microsoft,5485000000,5.485,Microsoft additions to property and equipment (cash),1231000000,1732000000,1192000000,1330000000,TRUE,FALSE,Grade A,"1 of 4 quarters derived by exact YTD subtraction.  Fiscal quarters ending 2013-09-30, 2013-12-31, 2014-03-31, 2014-06-30."
2014-Q2,Amazon,Amazon,4287000000,4.287,Amazon purchases of property and equipment net of proceeds from sales and incentives (cash),1038000000,879000000,1080000000,1290000000,TRUE,FALSE,Grade A,"1 of 4 quarters derived by exact YTD subtraction.  Fiscal quarters ending 2013-09-30, 2013-12-31, 2014-03-31, 2014-06-30."
2014-Q2,Meta,Meta (Facebook),1599000000,1.599,Meta purchases of property and equipment (cash; printed 'net' from the 2024 filings),284000000,483000000,363000000,469000000,TRUE,FALSE,Grade A,"3 of 4 quarters derived by exact YTD subtraction.  Fiscal quarters ending 2013-09-30, 2013-12-31, 2014-03-31, 2014-06-30."
2014-Q2,Tencent,Tencent,873962654,0.874,Tencent (see C),264618976,275693338,186481959,147168381,TRUE,FALSE,Grade A," Fiscal quarters ending 2013-09-30, 2013-12-31, 2014-03-31, 2014-06-30."
2014-Q2,Alibaba,Alibaba,730860825,0.731,Alibaba cash capital expenditure (see C),186114093,262885667,72101988,209759077,TRUE,FALSE,Grade B," Fiscal quarters ending 2013-09-30, 2013-12-31, 2014-03-31, 2014-06-30."
2014-Q2,Baidu,Baidu,594592076,0.595,Baidu (see C),127275918,157797081,170902030,138617047,TRUE,FALSE,Grade A," Fiscal quarters ending 2013-09-30, 2013-12-31, 2014-03-31, 2014-06-30."
2014-Q2,Oracle,Oracle,580000000,0.580,Oracle capital expenditures (cash purchases of property and equipment),153000000,126000000,147000000,154000000,TRUE,FALSE,Grade A,"3 of 4 quarters derived by exact YTD subtraction.  Fiscal quarters ending 2013-08-31, 2013-11-30, 2014-02-28, 2014-05-31."
2014-Q3,Alphabet,Alphabet (Google),9663000000,9.663,Alphabet (Google) purchases of property and equipment (cash),2255000000,2345000000,2646000000,2417000000,TRUE,FALSE,Grade A,"3 of 4 quarters derived by exact YTD subtraction.  Fiscal quarters ending 2013-12-31, 2014-03-31, 2014-06-30, 2014-09-30."
2014-Q3,Microsoft,Microsoft,5536000000,5.536,Microsoft additions to property and equipment (cash),1732000000,1192000000,1330000000,1282000000,TRUE,FALSE,Grade A,"1 of 4 quarters derived by exact YTD subtraction.  Fiscal quarters ending 2013-12-31, 2014-03-31, 2014-06-30, 2014-09-30."
2014-Q3,Amazon,Amazon,4627000000,4.627,Amazon purchases of property and equipment net of proceeds from sales and incentives (cash),879000000,1080000000,1290000000,1378000000,TRUE,FALSE,Grade A,"1 of 4 quarters derived by exact YTD subtraction.  Fiscal quarters ending 2013-12-31, 2014-03-31, 2014-06-30, 2014-09-30."
2014-Q3,Meta,Meta (Facebook),1797000000,1.797,Meta purchases of property and equipment (cash; printed 'net' from the 2024 filings),483000000,363000000,469000000,482000000,TRUE,FALSE,Grade A,"3 of 4 quarters derived by exact YTD subtraction.  Fiscal quarters ending 2013-12-31, 2014-03-31, 2014-06-30, 2014-09-30."
2014-Q3,Alibaba,Alibaba,1095674988,1.096,Alibaba cash capital expenditure (see C),262885667,72101988,209759077,550928256,TRUE,FALSE,Grade B," Fiscal quarters ending 2013-12-31, 2014-03-31, 2014-06-30, 2014-09-30."
2014-Q3,Tencent,Tencent,781305972,0.781,Tencent (see C),275693338,186481959,147168381,171962294,TRUE,FALSE,Grade A," Fiscal quarters ending 2013-12-31, 2014-03-31, 2014-06-30, 2014-09-30."
2014-Q3,Baidu,Baidu,691197925,0.691,Baidu (see C),157797081,170902030,138617047,223881767,TRUE,FALSE,Grade A," Fiscal quarters ending 2013-12-31, 2014-03-31, 2014-06-30, 2014-09-30."
2014-Q3,Oracle,Oracle,628000000,0.628,Oracle capital expenditures (cash purchases of property and equipment),126000000,147000000,154000000,201000000,TRUE,FALSE,Grade A,"3 of 4 quarters derived by exact YTD subtraction.  Fiscal quarters ending 2013-11-30, 2014-02-28, 2014-05-31, 2014-08-31."
2014-Q4,Alphabet,Alphabet (Google),10959000000,10.959,Alphabet (Google) purchases of property and equipment (cash),2345000000,2646000000,2417000000,3551000000,TRUE,FALSE,Grade A,"3 of 4 quarters derived by exact YTD subtraction.  Fiscal quarters ending 2014-03-31, 2014-06-30, 2014-09-30, 2014-12-31."
2014-Q4,Microsoft,Microsoft,5294000000,5.294,Microsoft additions to property and equipment (cash),1192000000,1330000000,1282000000,1490000000,TRUE,FALSE,Grade A,"1 of 4 quarters derived by exact YTD subtraction.  Fiscal quarters ending 2014-03-31, 2014-06-30, 2014-09-30, 2014-12-31."
2014-Q4,Amazon,Amazon,4893000000,4.893,Amazon purchases of property and equipment net of proceeds from sales and incentives (cash),1080000000,1290000000,1378000000,1145000000,TRUE,FALSE,Grade A,"1 of 4 quarters derived by exact YTD subtraction.  Fiscal quarters ending 2014-03-31, 2014-06-30, 2014-09-30, 2014-12-31."
2014-Q4,Meta,Meta (Facebook),1831000000,1.831,Meta purchases of property and equipment (cash; printed 'net' from the 2024 filings),363000000,469000000,482000000,517000000,TRUE,FALSE,Grade A,"3 of 4 quarters derived by exact YTD subtraction.  Fiscal quarters ending 2014-03-31, 2014-06-30, 2014-09-30, 2014-12-31."
2014-Q4,Alibaba,Alibaba,1078929972,1.079,Alibaba cash capital expenditure (see C),72101988,209759077,550928256,246140651,TRUE,FALSE,Grade B," Fiscal quarters ending 2014-03-31, 2014-06-30, 2014-09-30, 2014-12-31."
2014-Q4,Baidu,Baidu,784012535,0.784,Baidu (see C),170902030,138617047,223881767,250611691,TRUE,FALSE,Grade A," Fiscal quarters ending 2014-03-31, 2014-06-30, 2014-09-30, 2014-12-31."
2014-Q4,Tencent,Tencent,766394831,0.766,Tencent (see C),186481959,147168381,171962294,260782197,TRUE,FALSE,Grade A," Fiscal quarters ending 2014-03-31, 2014-06-30, 2014-09-30, 2014-12-31."
2014-Q4,Oracle,Oracle,727000000,0.727,Oracle capital expenditures (cash purchases of property and equipment),147000000,154000000,201000000,225000000,TRUE,FALSE,Grade A,"3 of 4 quarters derived by exact YTD subtraction.  Fiscal quarters ending 2014-02-28, 2014-05-31, 2014-08-31, 2014-11-30."
2015-Q1,Alphabet,Alphabet (Google),11541000000,11.541,Alphabet (Google) purchases of property and equipment (cash),2646000000,2417000000,3551000000,2927000000,TRUE,FALSE,Grade A,"3 of 4 quarters derived by exact YTD subtraction.  Fiscal quarters ending 2014-06-30, 2014-09-30, 2014-12-31, 2015-03-31."
2015-Q1,Microsoft,Microsoft,5493000000,5.493,Microsoft additions to property and equipment (cash),1330000000,1282000000,1490000000,1391000000,TRUE,FALSE,Grade A,"1 of 4 quarters derived by exact YTD subtraction.  Fiscal quarters ending 2014-06-30, 2014-09-30, 2014-12-31, 2015-03-31."
2015-Q1,Amazon,Amazon,4684000000,4.684,Amazon purchases of property and equipment net of proceeds from sales and incentives (cash),1290000000,1378000000,1145000000,871000000,TRUE,FALSE,Grade A,"1 of 4 quarters derived by exact YTD subtraction.  Fiscal quarters ending 2014-06-30, 2014-09-30, 2014-12-31, 2015-03-31."
2015-Q1,Meta,Meta (Facebook),1970000000,1.970,Meta purchases of property and equipment (cash; printed 'net' from the 2024 filings),469000000,482000000,517000000,502000000,TRUE,FALSE,Grade A,"3 of 4 quarters derived by exact YTD subtraction.  Fiscal quarters ending 2014-06-30, 2014-09-30, 2014-12-31, 2015-03-31."
2015-Q1,Alibaba,Alibaba,1245602150,1.246,Alibaba cash capital expenditure (see C),209759077,550928256,246140651,238774166,TRUE,FALSE,Grade B," Fiscal quarters ending 2014-06-30, 2014-09-30, 2014-12-31, 2015-03-31."
2015-Q1,Oracle,Oracle,948000000,0.948,Oracle capital expenditures (cash purchases of property and equipment),154000000,201000000,225000000,368000000,TRUE,FALSE,Grade A,"3 of 4 quarters derived by exact YTD subtraction.  Fiscal quarters ending 2014-05-31, 2014-08-31, 2014-11-30, 2015-02-28."
2015-Q1,Tencent,Tencent,793510716,0.794,Tencent (see C),147168381,171962294,260782197,213597844,TRUE,FALSE,Grade A," Fiscal quarters ending 2014-06-30, 2014-09-30, 2014-12-31, 2015-03-31."
2015-Q1,Baidu,Baidu,776891463,0.777,Baidu (see C),138617047,223881767,250611691,163780958,TRUE,FALSE,Grade A," Fiscal quarters ending 2014-06-30, 2014-09-30, 2014-12-31, 2015-03-31."
2015-Q2,Alphabet,Alphabet (Google),11410000000,11.410,Alphabet (Google) purchases of property and equipment (cash),2417000000,3551000000,2927000000,2515000000,TRUE,FALSE,Grade A,"3 of 4 quarters derived by exact YTD subtraction.  Fiscal quarters ending 2014-09-30, 2014-12-31, 2015-03-31, 2015-06-30."
2015-Q2,Microsoft,Microsoft,5944000000,5.944,Microsoft additions to property and equipment (cash),1282000000,1490000000,1391000000,1781000000,TRUE,FALSE,Grade A,"1 of 4 quarters derived by exact YTD subtraction.  Fiscal quarters ending 2014-09-30, 2014-12-31, 2015-03-31, 2015-06-30."
2015-Q2,Amazon,Amazon,4607000000,4.607,Amazon purchases of property and equipment net of proceeds from sales and incentives (cash),1378000000,1145000000,871000000,1213000000,TRUE,FALSE,Grade A,"1 of 4 quarters derived by exact YTD subtraction.  Fiscal quarters ending 2014-09-30, 2014-12-31, 2015-03-31, 2015-06-30."
2015-Q2,Meta,Meta (Facebook),2050000000,2.050,Meta purchases of property and equipment (cash; printed 'net' from the 2024 filings),482000000,517000000,502000000,549000000,TRUE,FALSE,Grade A,"3 of 4 quarters derived by exact YTD subtraction.  Fiscal quarters ending 2014-09-30, 2014-12-31, 2015-03-31, 2015-06-30."
2015-Q2,Oracle,Oracle,1391000000,1.391,Oracle capital expenditures (cash purchases of property and equipment),201000000,225000000,368000000,597000000,TRUE,FALSE,Grade A,"3 of 4 quarters derived by exact YTD subtraction.  Fiscal quarters ending 2014-08-31, 2014-11-30, 2015-02-28, 2015-05-31."
2015-Q2,Alibaba,Alibaba,1323919823,1.324,Alibaba cash capital expenditure (see C),550928256,246140651,238774166,288076750,TRUE,FALSE,Grade B," Fiscal quarters ending 2014-09-30, 2014-12-31, 2015-03-31, 2015-06-30."
2015-Q2,Tencent,Tencent,1104331169,1.104,Tencent (see C),171962294,260782197,213597844,457988834,TRUE,FALSE,Grade A," Fiscal quarters ending 2014-09-30, 2014-12-31, 2015-03-31, 2015-06-30."
2015-Q2,Baidu,Baidu,787091931,0.787,Baidu (see C),223881767,250611691,163780958,148817515,TRUE,FALSE,Grade A," Fiscal quarters ending 2014-09-30, 2014-12-31, 2015-03-31, 2015-06-30."
2015-Q3,Alphabet,Alphabet (Google),11366000000,11.366,Alphabet (Google) purchases of property and equipment (cash),3551000000,2927000000,2515000000,2373000000,TRUE,FALSE,Grade A,"3 of 4 quarters derived by exact YTD subtraction.  Fiscal quarters ending 2014-12-31, 2015-03-31, 2015-06-30, 2015-09-30."
2015-Q3,Microsoft,Microsoft,6018000000,6.018,Microsoft additions to property and equipment (cash),1490000000,1391000000,1781000000,1356000000,TRUE,FALSE,Grade A,"1 of 4 quarters derived by exact YTD subtraction.  Fiscal quarters ending 2014-12-31, 2015-03-31, 2015-06-30, 2015-09-30."
2015-Q3,Amazon,Amazon,4424000000,4.424,Amazon purchases of property and equipment net of proceeds from sales and incentives (cash),1145000000,871000000,1213000000,1195000000,TRUE,FALSE,Grade A,"1 of 4 quarters derived by exact YTD subtraction.  Fiscal quarters ending 2014-12-31, 2015-03-31, 2015-06-30, 2015-09-30."
2015-Q3,Meta,Meta (Facebook),2348000000,2.348,Meta purchases of property and equipment (cash; printed 'net' from the 2024 filings),517000000,502000000,549000000,780000000,TRUE,FALSE,Grade A,"3 of 4 quarters derived by exact YTD subtraction.  Fiscal quarters ending 2014-12-31, 2015-03-31, 2015-06-30, 2015-09-30."
2015-Q3,Oracle,Oracle,1636000000,1.636,Oracle capital expenditures (cash purchases of property and equipment),225000000,368000000,597000000,446000000,TRUE,FALSE,Grade A,"3 of 4 quarters derived by exact YTD subtraction.  Fiscal quarters ending 2014-11-30, 2015-02-28, 2015-05-31, 2015-08-31."
2015-Q3,Alibaba,Alibaba,1277016149,1.277,Alibaba cash capital expenditure (see C),246140651,238774166,288076750,504024582,TRUE,FALSE,Grade B," Fiscal quarters ending 2014-12-31, 2015-03-31, 2015-06-30, 2015-09-30."
2015-Q3,Tencent,Tencent,1194613959,1.195,Tencent (see C),260782197,213597844,457988834,262245084,TRUE,FALSE,Grade A," Fiscal quarters ending 2014-12-31, 2015-03-31, 2015-06-30, 2015-09-30."
2015-Q3,Baidu,Baidu,858549531,0.859,Baidu (see C),250611691,163780958,148817515,295339367,TRUE,FALSE,Grade A," Fiscal quarters ending 2014-12-31, 2015-03-31, 2015-06-30, 2015-09-30."
2015-Q4,Alphabet,Alphabet (Google),9915000000,9.915,Alphabet (Google) purchases of property and equipment (cash),2927000000,2515000000,2373000000,2100000000,TRUE,FALSE,Grade A,"3 of 4 quarters derived by exact YTD subtraction.  Fiscal quarters ending 2015-03-31, 2015-06-30, 2015-09-30, 2015-12-31."
2015-Q4,Microsoft,Microsoft,6552000000,6.552,Microsoft additions to property and equipment (cash),1391000000,1781000000,1356000000,2024000000,TRUE,FALSE,Grade A,"1 of 4 quarters derived by exact YTD subtraction.  Fiscal quarters ending 2015-03-31, 2015-06-30, 2015-09-30, 2015-12-31."
2015-Q4,Amazon,Amazon,4588000000,4.588,Amazon purchases of property and equipment net of proceeds from sales and incentives (cash),871000000,1213000000,1195000000,1309000000,TRUE,FALSE,Grade A,"1 of 4 quarters derived by exact YTD subtraction.  Fiscal quarters ending 2015-03-31, 2015-06-30, 2015-09-30, 2015-12-31."
2015-Q4,Meta,Meta (Facebook),2523000000,2.523,Meta purchases of property and equipment (cash; printed 'net' from the 2024 filings),502000000,549000000,780000000,692000000,TRUE,FALSE,Grade A,"3 of 4 quarters derived by exact YTD subtraction.  Fiscal quarters ending 2015-03-31, 2015-06-30, 2015-09-30, 2015-12-31."
2015-Q4,Alibaba,Alibaba,1797116569,1.797,Alibaba cash capital expenditure (see C),238774166,288076750,504024582,766241071,TRUE,FALSE,Grade B," Fiscal quarters ending 2015-03-31, 2015-06-30, 2015-09-30, 2015-12-31."
2015-Q4,Oracle,Oracle,1606000000,1.606,Oracle capital expenditures (cash purchases of property and equipment),368000000,597000000,446000000,195000000,TRUE,FALSE,Grade A,"3 of 4 quarters derived by exact YTD subtraction.  Fiscal quarters ending 2015-02-28, 2015-05-31, 2015-08-31, 2015-11-30."
2015-Q4,Tencent,Tencent,1228527828,1.229,Tencent (see C),213597844,457988834,262245084,294696066,TRUE,FALSE,Grade A," Fiscal quarters ending 2015-03-31, 2015-06-30, 2015-09-30, 2015-12-31."
2015-Q4,Baidu,Baidu,830724779,0.831,Baidu (see C),163780958,148817515,295339367,222786939,TRUE,FALSE,Grade A," Fiscal quarters ending 2015-03-31, 2015-06-30, 2015-09-30, 2015-12-31."
2016-Q1,Alphabet,Alphabet (Google),9416000000,9.416,Alphabet (Google) purchases of property and equipment (cash),2515000000,2373000000,2100000000,2428000000,TRUE,FALSE,Grade A,"3 of 4 quarters derived by exact YTD subtraction.  Fiscal quarters ending 2015-06-30, 2015-09-30, 2015-12-31, 2016-03-31."
2016-Q1,Microsoft,Microsoft,7469000000,7.469,Microsoft additions to property and equipment (cash),1781000000,1356000000,2024000000,2308000000,TRUE,FALSE,Grade A,"1 of 4 quarters derived by exact YTD subtraction.  Fiscal quarters ending 2015-06-30, 2015-09-30, 2015-12-31, 2016-03-31."
2016-Q1,Amazon,Amazon,4896000000,4.896,Amazon purchases of property and equipment net of proceeds from sales and incentives (cash),1213000000,1195000000,1309000000,1179000000,TRUE,FALSE,Grade A,"1 of 4 quarters derived by exact YTD subtraction.  Fiscal quarters ending 2015-06-30, 2015-09-30, 2015-12-31, 2016-03-31."
2016-Q1,Meta,Meta (Facebook),3153000000,3.153,Meta purchases of property and equipment (cash; printed 'net' from the 2024 filings),549000000,780000000,692000000,1132000000,TRUE,FALSE,Grade A,"3 of 4 quarters derived by exact YTD subtraction.  Fiscal quarters ending 2015-06-30, 2015-09-30, 2015-12-31, 2016-03-31."
2016-Q1,Alibaba,Alibaba,1708968027,1.709,Alibaba cash capital expenditure (see C),288076750,504024582,766241071,150625624,TRUE,FALSE,Grade B," Fiscal quarters ending 2015-06-30, 2015-09-30, 2015-12-31, 2016-03-31."
2016-Q1,Tencent,Tencent,1642664183,1.643,Tencent (see C),457988834,262245084,294696066,627734199,TRUE,FALSE,Grade A," Fiscal quarters ending 2015-06-30, 2015-09-30, 2015-12-31, 2016-03-31."
2016-Q1,Oracle,Oracle,1606000000,1.606,Oracle capital expenditures (cash purchases of property and equipment),597000000,446000000,195000000,368000000,TRUE,FALSE,Grade A,"3 of 4 quarters derived by exact YTD subtraction.  Fiscal quarters ending 2015-05-31, 2015-08-31, 2015-11-30, 2016-02-29."
2016-Q1,Baidu,Baidu,793188738,0.793,Baidu (see C),148817515,295339367,222786939,126244917,TRUE,FALSE,Grade A," Fiscal quarters ending 2015-06-30, 2015-09-30, 2015-12-31, 2016-03-31."
2016-Q2,Alphabet,Alphabet (Google),9024000000,9.024,Alphabet (Google) purchases of property and equipment (cash),2373000000,2100000000,2428000000,2123000000,TRUE,FALSE,Grade A,"3 of 4 quarters derived by exact YTD subtraction.  Fiscal quarters ending 2015-09-30, 2015-12-31, 2016-03-31, 2016-06-30."
2016-Q2,Microsoft,Microsoft,8343000000,8.343,Microsoft additions to property and equipment (cash),1356000000,2024000000,2308000000,2655000000,TRUE,FALSE,Grade A,"1 of 4 quarters derived by exact YTD subtraction.  Fiscal quarters ending 2015-09-30, 2015-12-31, 2016-03-31, 2016-06-30."
2016-Q2,Amazon,Amazon,5394000000,5.394,Amazon purchases of property and equipment net of proceeds from sales and incentives (cash),1195000000,1309000000,1179000000,1711000000,TRUE,FALSE,Grade A,"1 of 4 quarters derived by exact YTD subtraction.  Fiscal quarters ending 2015-09-30, 2015-12-31, 2016-03-31, 2016-06-30."
2016-Q2,Meta,Meta (Facebook),3599000000,3.599,Meta purchases of property and equipment (cash; printed 'net' from the 2024 filings),780000000,692000000,1132000000,995000000,TRUE,FALSE,Grade A,"3 of 4 quarters derived by exact YTD subtraction.  Fiscal quarters ending 2015-09-30, 2015-12-31, 2016-03-31, 2016-06-30."
2016-Q2,Alibaba,Alibaba,1919888230,1.920,Alibaba cash capital expenditure (see C),504024582,766241071,150625624,498996953,TRUE,FALSE,Grade B," Fiscal quarters ending 2015-09-30, 2015-12-31, 2016-03-31, 2016-06-30."
2016-Q2,Tencent,Tencent,1415111193,1.415,Tencent (see C),262245084,294696066,627734199,230435844,TRUE,FALSE,Grade A," Fiscal quarters ending 2015-09-30, 2015-12-31, 2016-03-31, 2016-06-30."
2016-Q2,Oracle,Oracle,1189000000,1.189,Oracle capital expenditures (cash purchases of property and equipment),446000000,195000000,368000000,180000000,TRUE,FALSE,Grade A,"3 of 4 quarters derived by exact YTD subtraction.  Fiscal quarters ending 2015-08-31, 2015-11-30, 2016-02-29, 2016-05-31."
2016-Q2,Baidu,Baidu,794366584,0.794,Baidu (see C),295339367,222786939,126244917,149995361,TRUE,FALSE,Grade A," Fiscal quarters ending 2015-09-30, 2015-12-31, 2016-03-31, 2016-06-30."
2016-Q3,Alphabet,Alphabet (Google),9234000000,9.234,Alphabet (Google) purchases of property and equipment (cash),2100000000,2428000000,2123000000,2583000000,TRUE,FALSE,Grade A,"3 of 4 quarters derived by exact YTD subtraction.  Fiscal quarters ending 2015-12-31, 2016-03-31, 2016-06-30, 2016-09-30."
2016-Q3,Microsoft,Microsoft,9150000000,9.150,Microsoft additions to property and equipment (cash),2024000000,2308000000,2655000000,2163000000,TRUE,FALSE,Grade A,"1 of 4 quarters derived by exact YTD subtraction.  Fiscal quarters ending 2015-12-31, 2016-03-31, 2016-06-30, 2016-09-30."
2016-Q3,Amazon,Amazon,6040000000,6.040,Amazon purchases of property and equipment net of proceeds from sales and incentives (cash),1309000000,1179000000,1711000000,1841000000,TRUE,FALSE,Grade A,"1 of 4 quarters derived by exact YTD subtraction.  Fiscal quarters ending 2015-12-31, 2016-03-31, 2016-06-30, 2016-09-30."
2016-Q3,Meta,Meta (Facebook),3914000000,3.914,Meta purchases of property and equipment (cash; printed 'net' from the 2024 filings),692000000,1132000000,995000000,1095000000,TRUE,FALSE,Grade A,"3 of 4 quarters derived by exact YTD subtraction.  Fiscal quarters ending 2015-12-31, 2016-03-31, 2016-06-30, 2016-09-30."
2016-Q3,Alibaba,Alibaba,1952939676,1.953,Alibaba cash capital expenditure (see C),766241071,150625624,498996953,537076028,TRUE,FALSE,Grade B," Fiscal quarters ending 2015-12-31, 2016-03-31, 2016-06-30, 2016-09-30."
2016-Q3,Tencent,Tencent,1700746685,1.701,Tencent (see C),294696066,627734199,230435844,547880576,TRUE,FALSE,Grade A," Fiscal quarters ending 2015-12-31, 2016-03-31, 2016-06-30, 2016-09-30."
2016-Q3,Oracle,Oracle,1042000000,1.042,Oracle capital expenditures (cash purchases of property and equipment),195000000,368000000,180000000,299000000,TRUE,FALSE,Grade A,"3 of 4 quarters derived by exact YTD subtraction.  Fiscal quarters ending 2015-11-30, 2016-02-29, 2016-05-31, 2016-08-31."
2016-Q3,Baidu,Baidu,676495955,0.676,Baidu (see C),222786939,126244917,149995361,177468738,TRUE,FALSE,Grade A," Fiscal quarters ending 2015-12-31, 2016-03-31, 2016-06-30, 2016-09-30."
2016-Q4,Alphabet,Alphabet (Google),10212000000,10.212,Alphabet (Google) purchases of property and equipment (cash),2428000000,2123000000,2583000000,3078000000,TRUE,FALSE,Grade A,"3 of 4 quarters derived by exact YTD subtraction.  Fiscal quarters ending 2016-03-31, 2016-06-30, 2016-09-30, 2016-12-31."
2016-Q4,Microsoft,Microsoft,9114000000,9.114,Microsoft additions to property and equipment (cash),2308000000,2655000000,2163000000,1988000000,TRUE,FALSE,Grade A,"1 of 4 quarters derived by exact YTD subtraction.  Fiscal quarters ending 2016-03-31, 2016-06-30, 2016-09-30, 2016-12-31."
2016-Q4,Amazon,Amazon,6737000000,6.737,Amazon purchases of property and equipment net of proceeds from sales and incentives (cash),1179000000,1711000000,1841000000,2006000000,TRUE,FALSE,Grade A,"1 of 4 quarters derived by exact YTD subtraction.  Fiscal quarters ending 2016-03-31, 2016-06-30, 2016-09-30, 2016-12-31."
2016-Q4,Meta,Meta (Facebook),4491000000,4.491,Meta purchases of property and equipment (cash; printed 'net' from the 2024 filings),1132000000,995000000,1095000000,1269000000,TRUE,FALSE,Grade A,"3 of 4 quarters derived by exact YTD subtraction.  Fiscal quarters ending 2016-03-31, 2016-06-30, 2016-09-30, 2016-12-31."
2016-Q4,Alibaba,Alibaba,2255417477,2.255,Alibaba cash capital expenditure (see C),150625624,498996953,537076028,1068718872,TRUE,FALSE,Grade B," Fiscal quarters ending 2016-03-31, 2016-06-30, 2016-09-30, 2016-12-31."
2016-Q4,Tencent,Tencent,1821622853,1.822,Tencent (see C),627734199,230435844,547880576,415572234,TRUE,FALSE,Grade A," Fiscal quarters ending 2016-03-31, 2016-06-30, 2016-09-30, 2016-12-31."
2016-Q4,Oracle,Oracle,1604000000,1.604,Oracle capital expenditures (cash purchases of property and equipment),368000000,180000000,299000000,757000000,TRUE,FALSE,Grade A,"3 of 4 quarters derived by exact YTD subtraction.  Fiscal quarters ending 2016-02-29, 2016-05-31, 2016-08-31, 2016-11-30."
2016-Q4,Baidu,Baidu,629563845,0.630,Baidu (see C),126244917,149995361,177468738,175854829,TRUE,FALSE,Grade A," Fiscal quarters ending 2016-03-31, 2016-06-30, 2016-09-30, 2016-12-31."
2017-Q1,Alphabet,Alphabet (Google),10292000000,10.292,Alphabet (Google) purchases of property and equipment (cash),2123000000,2583000000,3078000000,2508000000,TRUE,FALSE,Grade A,"3 of 4 quarters derived by exact YTD subtraction.  Fiscal quarters ending 2016-06-30, 2016-09-30, 2016-12-31, 2017-03-31."
2017-Q1,Microsoft,Microsoft,8501000000,8.501,Microsoft additions to property and equipment (cash),2655000000,2163000000,1988000000,1695000000,TRUE,FALSE,Grade A,"1 of 4 quarters derived by exact YTD subtraction.  Fiscal quarters ending 2016-06-30, 2016-09-30, 2016-12-31, 2017-03-31."
2017-Q1,Amazon,Amazon,7419000000,7.419,Amazon purchases of property and equipment net of proceeds from sales and incentives (cash),1711000000,1841000000,2006000000,1861000000,TRUE,FALSE,Grade A,"1 of 4 quarters derived by exact YTD subtraction.  Fiscal quarters ending 2016-06-30, 2016-09-30, 2016-12-31, 2017-03-31."
2017-Q1,Meta,Meta (Facebook),4630000000,4.630,Meta purchases of property and equipment (cash; printed 'net' from the 2024 filings),995000000,1095000000,1269000000,1271000000,TRUE,FALSE,Grade A,"3 of 4 quarters derived by exact YTD subtraction.  Fiscal quarters ending 2016-06-30, 2016-09-30, 2016-12-31, 2017-03-31."
2017-Q1,Oracle,Oracle,1676000000,1.676,Oracle capital expenditures (cash purchases of property and equipment),180000000,299000000,757000000,440000000,TRUE,FALSE,Grade A,"3 of 4 quarters derived by exact YTD subtraction.  Fiscal quarters ending 2016-05-31, 2016-08-31, 2016-11-30, 2017-02-28."
2017-Q1,Tencent,Tencent,1500047842,1.500,Tencent (see C),230435844,547880576,415572234,306159188,TRUE,FALSE,Grade A," Fiscal quarters ending 2016-06-30, 2016-09-30, 2016-12-31, 2017-03-31."
2017-Q1,Baidu,Baidu,672897133,0.673,Baidu (see C),149995361,177468738,175854829,169578205,TRUE,FALSE,Grade A," Fiscal quarters ending 2016-06-30, 2016-09-30, 2016-12-31, 2017-03-31."
2017-Q2,Alphabet,Alphabet (Google),11000000000,11.000,Alphabet (Google) purchases of property and equipment (cash),2583000000,3078000000,2508000000,2831000000,TRUE,FALSE,Grade A,"3 of 4 quarters derived by exact YTD subtraction.  Fiscal quarters ending 2016-09-30, 2016-12-31, 2017-03-31, 2017-06-30."
2017-Q2,Amazon,Amazon,8209000000,8.209,Amazon purchases of property and equipment net of proceeds from sales and incentives (cash),1841000000,2006000000,1861000000,2501000000,TRUE,FALSE,Grade A,"1 of 4 quarters derived by exact YTD subtraction.  Fiscal quarters ending 2016-09-30, 2016-12-31, 2017-03-31, 2017-06-30."
2017-Q2,Microsoft,Microsoft,8129000000,8.129,Microsoft additions to property and equipment (cash),2163000000,1988000000,1695000000,2283000000,TRUE,FALSE,Grade A,"1 of 4 quarters derived by exact YTD subtraction.  Fiscal quarters ending 2016-09-30, 2016-12-31, 2017-03-31, 2017-06-30."
2017-Q2,Meta,Meta (Facebook),5079000000,5.079,Meta purchases of property and equipment (cash; printed 'net' from the 2024 filings),1095000000,1269000000,1271000000,1444000000,TRUE,FALSE,Grade A,"3 of 4 quarters derived by exact YTD subtraction.  Fiscal quarters ending 2016-09-30, 2016-12-31, 2017-03-31, 2017-06-30."
2017-Q2,Oracle,Oracle,2021000000,2.021,Oracle capital expenditures (cash purchases of property and equipment),299000000,757000000,440000000,525000000,TRUE,FALSE,Grade A,"3 of 4 quarters derived by exact YTD subtraction.  Fiscal quarters ending 2016-08-31, 2016-11-30, 2017-02-28, 2017-05-31."
2017-Q2,Tencent,Tencent,1708477264,1.708,Tencent (see C),547880576,415572234,306159188,438865266,TRUE,FALSE,Grade A," Fiscal quarters ending 2016-09-30, 2016-12-31, 2017-03-31, 2017-06-30."
2017-Q2,Baidu,Baidu,686929488,0.687,Baidu (see C),177468738,175854829,169578205,164027716,TRUE,FALSE,Grade A," Fiscal quarters ending 2016-09-30, 2016-12-31, 2017-03-31, 2017-06-30."
2017-Q3,Alphabet,Alphabet (Google),11955000000,11.955,Alphabet (Google) purchases of property and equipment (cash),3078000000,2508000000,2831000000,3538000000,TRUE,FALSE,Grade A,"3 of 4 quarters derived by exact YTD subtraction.  Fiscal quarters ending 2016-12-31, 2017-03-31, 2017-06-30, 2017-09-30."
2017-Q3,Amazon,Amazon,9027000000,9.027,Amazon purchases of property and equipment net of proceeds from sales and incentives (cash),2006000000,1861000000,2501000000,2659000000,TRUE,FALSE,Grade A,"1 of 4 quarters derived by exact YTD subtraction.  Fiscal quarters ending 2016-12-31, 2017-03-31, 2017-06-30, 2017-09-30."
2017-Q3,Microsoft,Microsoft,8098000000,8.098,Microsoft additions to property and equipment (cash),1988000000,1695000000,2283000000,2132000000,TRUE,FALSE,Grade A,"1 of 4 quarters derived by exact YTD subtraction.  Fiscal quarters ending 2016-12-31, 2017-03-31, 2017-06-30, 2017-09-30."
2017-Q3,Meta,Meta (Facebook),5739000000,5.739,Meta purchases of property and equipment (cash; printed 'net' from the 2024 filings),1269000000,1271000000,1444000000,1755000000,TRUE,FALSE,Grade A,"3 of 4 quarters derived by exact YTD subtraction.  Fiscal quarters ending 2016-12-31, 2017-03-31, 2017-06-30, 2017-09-30."
2017-Q3,Oracle,Oracle,2195000000,2.195,Oracle capital expenditures (cash purchases of property and equipment),757000000,440000000,525000000,473000000,TRUE,FALSE,Grade A,"3 of 4 quarters derived by exact YTD subtraction.  Fiscal quarters ending 2016-11-30, 2017-02-28, 2017-05-31, 2017-08-31."
2017-Q3,Tencent,Tencent,1684260535,1.684,Tencent (see C),415572234,306159188,438865266,523663847,TRUE,FALSE,Grade A," Fiscal quarters ending 2016-12-31, 2017-03-31, 2017-06-30, 2017-09-30."
2017-Q3,Baidu,Baidu,703960180,0.704,Baidu (see C),175854829,169578205,164027716,194499430,TRUE,FALSE,Grade A," Fiscal quarters ending 2016-12-31, 2017-03-31, 2017-06-30, 2017-09-30."
2017-Q4,Alphabet,Alphabet (Google),13184000000,13.184,Alphabet (Google) purchases of property and equipment (cash),2508000000,2831000000,3538000000,4307000000,TRUE,FALSE,Grade A,"3 of 4 quarters derived by exact YTD subtraction.  Fiscal quarters ending 2017-03-31, 2017-06-30, 2017-09-30, 2017-12-31."
2017-Q4,Amazon,Amazon,10057000000,10.057,Amazon purchases of property and equipment net of proceeds from sales and incentives (cash),1861000000,2501000000,2659000000,3036000000,TRUE,FALSE,Grade A,"1 of 4 quarters derived by exact YTD subtraction.  Fiscal quarters ending 2017-03-31, 2017-06-30, 2017-09-30, 2017-12-31."
2017-Q4,Microsoft,Microsoft,8696000000,8.696,Microsoft additions to property and equipment (cash),1695000000,2283000000,2132000000,2586000000,TRUE,FALSE,Grade A,"1 of 4 quarters derived by exact YTD subtraction.  Fiscal quarters ending 2017-03-31, 2017-06-30, 2017-09-30, 2017-12-31."
2017-Q4,Meta,Meta (Facebook),6733000000,6.733,Meta purchases of property and equipment (cash; printed 'net' from the 2024 filings),1271000000,1444000000,1755000000,2263000000,TRUE,FALSE,Grade A,"3 of 4 quarters derived by exact YTD subtraction.  Fiscal quarters ending 2017-03-31, 2017-06-30, 2017-09-30, 2017-12-31."
2017-Q4,Oracle,Oracle,2037000000,2.037,Oracle capital expenditures (cash purchases of property and equipment),440000000,525000000,473000000,599000000,TRUE,FALSE,Grade A,"3 of 4 quarters derived by exact YTD subtraction.  Fiscal quarters ending 2017-02-28, 2017-05-31, 2017-08-31, 2017-11-30."
2017-Q4,Tencent,Tencent,2020985833,2.021,Tencent (see C),306159188,438865266,523663847,752297532,TRUE,FALSE,Grade A," Fiscal quarters ending 2017-03-31, 2017-06-30, 2017-09-30, 2017-12-31."
2017-Q4,Baidu,Baidu,707749465,0.708,Baidu (see C),169578205,164027716,194499430,179644114,TRUE,FALSE,Grade A," Fiscal quarters ending 2017-03-31, 2017-06-30, 2017-09-30, 2017-12-31."
2018-Q1,Alphabet,Alphabet (Google),17975000000,17.975,Alphabet (Google) purchases of property and equipment (cash),2831000000,3538000000,4307000000,7299000000,TRUE,FALSE,Grade A,"3 of 4 quarters derived by exact YTD subtraction.  Fiscal quarters ending 2017-06-30, 2017-09-30, 2017-12-31, 2018-03-31."
2018-Q1,Amazon,Amazon,10923000000,10.923,Amazon purchases of property and equipment net of proceeds from sales and incentives (cash),2501000000,2659000000,3036000000,2727000000,TRUE,FALSE,Grade A,"2 of 4 quarters derived by exact YTD subtraction.  Fiscal quarters ending 2017-06-30, 2017-09-30, 2017-12-31, 2018-03-31."
2018-Q1,Microsoft,Microsoft,9935000000,9.935,Microsoft additions to property and equipment (cash),2283000000,2132000000,2586000000,2934000000,TRUE,FALSE,Grade A,"1 of 4 quarters derived by exact YTD subtraction.  Fiscal quarters ending 2017-06-30, 2017-09-30, 2017-12-31, 2018-03-31."
2018-Q1,Meta,Meta (Facebook),8274000000,8.274,Meta purchases of property and equipment (cash; printed 'net' from the 2024 filings),1444000000,1755000000,2263000000,2812000000,TRUE,FALSE,Grade A,"3 of 4 quarters derived by exact YTD subtraction.  Fiscal quarters ending 2017-06-30, 2017-09-30, 2017-12-31, 2018-03-31."
2018-Q1,Tencent,Tencent,2709233383,2.709,Tencent (see C),438865266,523663847,752297532,994406738,TRUE,FALSE,Grade A," Fiscal quarters ending 2017-06-30, 2017-09-30, 2017-12-31, 2018-03-31."
2018-Q1,Oracle,Oracle,1883000000,1.883,Oracle capital expenditures (cash purchases of property and equipment),525000000,473000000,599000000,286000000,TRUE,FALSE,Grade A,"3 of 4 quarters derived by exact YTD subtraction.  Fiscal quarters ending 2017-05-31, 2017-08-31, 2017-11-30, 2018-02-28."
2018-Q1,Baidu,Baidu,848234773,0.848,Baidu (see C),164027716,194499430,179644114,310063513,TRUE,FALSE,Grade A," Fiscal quarters ending 2017-06-30, 2017-09-30, 2017-12-31, 2018-03-31."
2018-Q2,Alphabet,Alphabet (Google),20621000000,20.621,Alphabet (Google) purchases of property and equipment (cash),3538000000,4307000000,7299000000,5477000000,TRUE,FALSE,Grade A,"3 of 4 quarters derived by exact YTD subtraction.  Fiscal quarters ending 2017-09-30, 2017-12-31, 2018-03-31, 2018-06-30."
2018-Q2,Microsoft,Microsoft,11632000000,11.632,Microsoft additions to property and equipment (cash),2132000000,2586000000,2934000000,3980000000,TRUE,FALSE,Grade A,"1 of 4 quarters derived by exact YTD subtraction.  Fiscal quarters ending 2017-09-30, 2017-12-31, 2018-03-31, 2018-06-30."
2018-Q2,Amazon,Amazon,11371000000,11.371,Amazon purchases of property and equipment net of proceeds from sales and incentives (cash),2659000000,3036000000,2727000000,2949000000,TRUE,FALSE,Grade A,"3 of 4 quarters derived by exact YTD subtraction.  Fiscal quarters ending 2017-09-30, 2017-12-31, 2018-03-31, 2018-06-30."
2018-Q2,Meta,Meta (Facebook),10290000000,10.290,Meta purchases of property and equipment (cash; printed 'net' from the 2024 filings),1755000000,2263000000,2812000000,3460000000,TRUE,FALSE,Grade A,"3 of 4 quarters derived by exact YTD subtraction.  Fiscal quarters ending 2017-09-30, 2017-12-31, 2018-03-31, 2018-06-30."
2018-Q2,Tencent,Tencent,3381363015,3.381,Tencent (see C),523663847,752297532,994406738,1110994898,TRUE,FALSE,Grade A," Fiscal quarters ending 2017-09-30, 2017-12-31, 2018-03-31, 2018-06-30."
2018-Q2,Oracle,Oracle,1736000000,1.736,Oracle capital expenditures (cash purchases of property and equipment),473000000,599000000,286000000,378000000,TRUE,FALSE,Grade A,"3 of 4 quarters derived by exact YTD subtraction.  Fiscal quarters ending 2017-08-31, 2017-11-30, 2018-02-28, 2018-05-31."
2018-Q2,Baidu,Baidu,920205267,0.920,Baidu (see C),194499430,179644114,310063513,235998210,TRUE,FALSE,Grade A," Fiscal quarters ending 2017-09-30, 2017-12-31, 2018-03-31, 2018-06-30."
2018-Q3,Alphabet,Alphabet (Google),22365000000,22.365,Alphabet (Google) purchases of property and equipment (cash),4307000000,7299000000,5477000000,5282000000,TRUE,FALSE,Grade A,"3 of 4 quarters derived by exact YTD subtraction.  Fiscal quarters ending 2017-12-31, 2018-03-31, 2018-06-30, 2018-09-30."
2018-Q3,Microsoft,Microsoft,13102000000,13.102,Microsoft additions to property and equipment (cash),2586000000,2934000000,3980000000,3602000000,TRUE,FALSE,Grade A,"1 of 4 quarters derived by exact YTD subtraction.  Fiscal quarters ending 2017-12-31, 2018-03-31, 2018-06-30, 2018-09-30."
2018-Q3,Meta,Meta (Facebook),11877000000,11.877,Meta purchases of property and equipment (cash; printed 'net' from the 2024 filings),2263000000,2812000000,3460000000,3342000000,TRUE,FALSE,Grade A,"3 of 4 quarters derived by exact YTD subtraction.  Fiscal quarters ending 2017-12-31, 2018-03-31, 2018-06-30, 2018-09-30."
2018-Q3,Amazon,Amazon,11239000000,11.239,Amazon purchases of property and equipment net of proceeds from sales and incentives (cash),3036000000,2727000000,2949000000,2527000000,TRUE,FALSE,Grade A,"4 of 4 quarters derived by exact YTD subtraction.  Fiscal quarters ending 2017-12-31, 2018-03-31, 2018-06-30, 2018-09-30."
2018-Q3,Tencent,Tencent,3735546054,3.736,Tencent (see C),752297532,994406738,1110994898,877846886,TRUE,FALSE,Grade A," Fiscal quarters ending 2017-12-31, 2018-03-31, 2018-06-30, 2018-09-30."
2018-Q3,Oracle,Oracle,1646000000,1.646,Oracle capital expenditures (cash purchases of property and equipment),599000000,286000000,378000000,383000000,TRUE,FALSE,Grade A,"3 of 4 quarters derived by exact YTD subtraction.  Fiscal quarters ending 2017-11-30, 2018-02-28, 2018-05-31, 2018-08-31."
2018-Q3,Baidu,Baidu,1051775847,1.052,Baidu (see C),179644114,310063513,235998210,326070010,TRUE,FALSE,Grade A," Fiscal quarters ending 2017-12-31, 2018-03-31, 2018-06-30, 2018-09-30."
2018-Q4,Alphabet,Alphabet (Google),25139000000,25.139,Alphabet (Google) purchases of property and equipment (cash),7299000000,5477000000,5282000000,7081000000,TRUE,FALSE,Grade A,"3 of 4 quarters derived by exact YTD subtraction.  Fiscal quarters ending 2018-03-31, 2018-06-30, 2018-09-30, 2018-12-31."
2018-Q4,Microsoft,Microsoft,14223000000,14.223,Microsoft additions to property and equipment (cash),2934000000,3980000000,3602000000,3707000000,TRUE,FALSE,Grade A,"1 of 4 quarters derived by exact YTD subtraction.  Fiscal quarters ending 2018-03-31, 2018-06-30, 2018-09-30, 2018-12-31."
2018-Q4,Meta,Meta (Facebook),13915000000,13.915,Meta purchases of property and equipment (cash; printed 'net' from the 2024 filings),2812000000,3460000000,3342000000,4301000000,TRUE,FALSE,Grade A,"3 of 4 quarters derived by exact YTD subtraction.  Fiscal quarters ending 2018-03-31, 2018-06-30, 2018-09-30, 2018-12-31."
2018-Q4,Amazon,Amazon,11323000000,11.323,Amazon purchases of property and equipment net of proceeds from sales and incentives (cash),2727000000,2949000000,2527000000,3120000000,TRUE,FALSE,Grade A,"4 of 4 quarters derived by exact YTD subtraction.  Fiscal quarters ending 2018-03-31, 2018-06-30, 2018-09-30, 2018-12-31."
2018-Q4,Tencent,Tencent,3643325698,3.643,Tencent (see C),994406738,1110994898,877846886,660077176,TRUE,FALSE,Grade A," Fiscal quarters ending 2018-03-31, 2018-06-30, 2018-09-30, 2018-12-31."
2018-Q4,Oracle,Oracle,1468000000,1.468,Oracle capital expenditures (cash purchases of property and equipment),286000000,378000000,383000000,421000000,TRUE,FALSE,Grade A,"3 of 4 quarters derived by exact YTD subtraction.  Fiscal quarters ending 2018-02-28, 2018-05-31, 2018-08-31, 2018-11-30."
2018-Q4,Baidu,Baidu,1317293334,1.317,Baidu (see C),310063513,235998210,326070010,445161601,TRUE,FALSE,Grade A," Fiscal quarters ending 2018-03-31, 2018-06-30, 2018-09-30, 2018-12-31."
2019-Q1,Alphabet,Alphabet (Google),22478000000,22.478,Alphabet (Google) purchases of property and equipment (cash),5477000000,5282000000,7081000000,4638000000,TRUE,FALSE,Grade A,"3 of 4 quarters derived by exact YTD subtraction.  Fiscal quarters ending 2018-06-30, 2018-09-30, 2018-12-31, 2019-03-31."
2019-Q1,Meta,Meta (Facebook),14940000000,14.940,Meta purchases of property and equipment (cash; printed 'net' from the 2024 filings),3460000000,3342000000,4301000000,3837000000,TRUE,FALSE,Grade A,"3 of 4 quarters derived by exact YTD subtraction.  Fiscal quarters ending 2018-06-30, 2018-09-30, 2018-12-31, 2019-03-31."
2019-Q1,Microsoft,Microsoft,13854000000,13.854,Microsoft additions to property and equipment (cash),3980000000,3602000000,3707000000,2565000000,TRUE,FALSE,Grade A,"1 of 4 quarters derived by exact YTD subtraction.  Fiscal quarters ending 2018-06-30, 2018-09-30, 2018-12-31, 2019-03-31."
2019-Q1,Amazon,Amazon,11317000000,11.317,Amazon purchases of property and equipment net of proceeds from sales and incentives (cash),2949000000,2527000000,3120000000,2721000000,TRUE,FALSE,Grade A,"4 of 4 quarters derived by exact YTD subtraction.  Fiscal quarters ending 2018-06-30, 2018-09-30, 2018-12-31, 2019-03-31."
2019-Q1,Alibaba,Alibaba,5262744189,5.263,Alibaba cash capital expenditure (see C),1011577712,1821231052,1460731699,969203726,TRUE,FALSE,Grade B,"1 of 4 quarters derived by exact YTD subtraction.  Fiscal quarters ending 2018-06-30, 2018-09-30, 2018-12-31, 2019-03-31."
2019-Q1,Tencent,Tencent,3316997894,3.317,Tencent (see C),1110994898,877846886,660077176,668078934,TRUE,FALSE,Grade A," Fiscal quarters ending 2018-06-30, 2018-09-30, 2018-12-31, 2019-03-31."
2019-Q1,Oracle,Oracle,1625000000,1.625,Oracle capital expenditures (cash purchases of property and equipment),378000000,383000000,421000000,443000000,TRUE,FALSE,Grade A,"3 of 4 quarters derived by exact YTD subtraction.  Fiscal quarters ending 2018-05-31, 2018-08-31, 2018-11-30, 2019-02-28."
2019-Q1,Baidu,Baidu,1448019583,1.448,Baidu (see C),235998210,326070010,445161601,440789762,TRUE,FALSE,Grade A," Fiscal quarters ending 2018-06-30, 2018-09-30, 2018-12-31, 2019-03-31."
2019-Q2,Alphabet,Alphabet (Google),23127000000,23.127,Alphabet (Google) purchases of property and equipment (cash),5282000000,7081000000,4638000000,6126000000,TRUE,FALSE,Grade A,"3 of 4 quarters derived by exact YTD subtraction.  Fiscal quarters ending 2018-09-30, 2018-12-31, 2019-03-31, 2019-06-30."
2019-Q2,Meta,Meta (Facebook),15113000000,15.113,Meta purchases of property and equipment (cash; printed 'net' from the 2024 filings),3342000000,4301000000,3837000000,3633000000,TRUE,FALSE,Grade A,"3 of 4 quarters derived by exact YTD subtraction.  Fiscal quarters ending 2018-09-30, 2018-12-31, 2019-03-31, 2019-06-30."
2019-Q2,Microsoft,Microsoft,13925000000,13.925,Microsoft additions to property and equipment (cash),3602000000,3707000000,2565000000,4051000000,TRUE,FALSE,Grade A,"1 of 4 quarters derived by exact YTD subtraction.  Fiscal quarters ending 2018-09-30, 2018-12-31, 2019-03-31, 2019-06-30."
2019-Q2,Amazon,Amazon,11011000000,11.011,Amazon purchases of property and equipment net of proceeds from sales and incentives (cash),2527000000,3120000000,2721000000,2643000000,TRUE,FALSE,Grade A,"4 of 4 quarters derived by exact YTD subtraction.  Fiscal quarters ending 2018-09-30, 2018-12-31, 2019-03-31, 2019-06-30."
2019-Q2,Alibaba,Alibaba,5187012488,5.187,Alibaba cash capital expenditure (see C),1821231052,1460731699,969203726,935846011,TRUE,FALSE,Grade B," Fiscal quarters ending 2018-09-30, 2018-12-31, 2019-03-31, 2019-06-30."
2019-Q2,Tencent,Tencent,2845639521,2.846,Tencent (see C),877846886,660077176,668078934,639636525,TRUE,FALSE,Grade A," Fiscal quarters ending 2018-09-30, 2018-12-31, 2019-03-31, 2019-06-30."
2019-Q2,Oracle,Oracle,1660000000,1.660,Oracle capital expenditures (cash purchases of property and equipment),383000000,421000000,443000000,413000000,TRUE,FALSE,Grade A,"3 of 4 quarters derived by exact YTD subtraction.  Fiscal quarters ending 2018-08-31, 2018-11-30, 2019-02-28, 2019-05-31."
2019-Q2,Baidu,Baidu,1411302904,1.411,Baidu (see C),326070010,445161601,440789762,199281531,TRUE,FALSE,Grade A," Fiscal quarters ending 2018-09-30, 2018-12-31, 2019-03-31, 2019-06-30."
2019-Q3,Alphabet,Alphabet (Google),24577000000,24.577,Alphabet (Google) purchases of property and equipment (cash),7081000000,4638000000,6126000000,6732000000,TRUE,FALSE,Grade A,"3 of 4 quarters derived by exact YTD subtraction.  Fiscal quarters ending 2018-12-31, 2019-03-31, 2019-06-30, 2019-09-30."
2019-Q3,Meta,Meta (Facebook),15303000000,15.303,Meta purchases of property and equipment (cash; printed 'net' from the 2024 filings),4301000000,3837000000,3633000000,3532000000,TRUE,FALSE,Grade A,"3 of 4 quarters derived by exact YTD subtraction.  Fiscal quarters ending 2018-12-31, 2019-03-31, 2019-06-30, 2019-09-30."
2019-Q3,Microsoft,Microsoft,13708000000,13.708,Microsoft additions to property and equipment (cash),3707000000,2565000000,4051000000,3385000000,TRUE,FALSE,Grade A,"1 of 4 quarters derived by exact YTD subtraction.  Fiscal quarters ending 2018-12-31, 2019-03-31, 2019-06-30, 2019-09-30."
2019-Q3,Amazon,Amazon,11869000000,11.869,Amazon purchases of property and equipment net of proceeds from sales and incentives (cash),3120000000,2721000000,2643000000,3385000000,TRUE,FALSE,Grade A,"4 of 4 quarters derived by exact YTD subtraction.  Fiscal quarters ending 2018-12-31, 2019-03-31, 2019-06-30, 2019-09-30."
2019-Q3,Alibaba,Alibaba,4766488604,4.766,Alibaba cash capital expenditure (see C),1460731699,969203726,935846011,1400707168,TRUE,FALSE,Grade B," Fiscal quarters ending 2018-12-31, 2019-03-31, 2019-06-30, 2019-09-30."
2019-Q3,Tencent,Tencent,2913191570,2.913,Tencent (see C),660077176,668078934,639636525,945398935,TRUE,FALSE,Grade A," Fiscal quarters ending 2018-12-31, 2019-03-31, 2019-06-30, 2019-09-30."
2019-Q3,Oracle,Oracle,1663000000,1.663,Oracle capital expenditures (cash purchases of property and equipment),421000000,443000000,413000000,386000000,TRUE,FALSE,Grade A,"3 of 4 quarters derived by exact YTD subtraction.  Fiscal quarters ending 2018-11-30, 2019-02-28, 2019-05-31, 2019-08-31."
2019-Q3,Baidu,Baidu,1258004834,1.258,Baidu (see C),445161601,440789762,199281531,172771940,TRUE,FALSE,Grade A," Fiscal quarters ending 2018-12-31, 2019-03-31, 2019-06-30, 2019-09-30."
2019-Q4,Alphabet,Alphabet (Google),23548000000,23.548,Alphabet (Google) purchases of property and equipment (cash),4638000000,6126000000,6732000000,6052000000,TRUE,FALSE,Grade A,"3 of 4 quarters derived by exact YTD subtraction.  Fiscal quarters ending 2019-03-31, 2019-06-30, 2019-09-30, 2019-12-31."
2019-Q4,Meta,Meta (Facebook),15102000000,15.102,Meta purchases of property and equipment (cash; printed 'net' from the 2024 filings),3837000000,3633000000,3532000000,4100000000,TRUE,FALSE,Grade A,"3 of 4 quarters derived by exact YTD subtraction.  Fiscal quarters ending 2019-03-31, 2019-06-30, 2019-09-30, 2019-12-31."
2019-Q4,Microsoft,Microsoft,13546000000,13.546,Microsoft additions to property and equipment (cash),2565000000,4051000000,3385000000,3545000000,TRUE,FALSE,Grade A,"1 of 4 quarters derived by exact YTD subtraction.  Fiscal quarters ending 2019-03-31, 2019-06-30, 2019-09-30, 2019-12-31."
2019-Q4,Amazon,Amazon,12689000000,12.689,Amazon purchases of property and equipment net of proceeds from sales and incentives (cash),2721000000,2643000000,3385000000,3940000000,TRUE,FALSE,Grade A,"4 of 4 quarters derived by exact YTD subtraction.  Fiscal quarters ending 2019-03-31, 2019-06-30, 2019-09-30, 2019-12-31."
2019-Q4,Tencent,Tencent,4647638713,4.648,Tencent (see C),668078934,639636525,945398935,2394524319,TRUE,FALSE,Grade A," Fiscal quarters ending 2019-03-31, 2019-06-30, 2019-09-30, 2019-12-31."
2019-Q4,Alibaba,Alibaba,4250990022,4.251,Alibaba cash capital expenditure (see C),969203726,935846011,1400707168,945233117,TRUE,FALSE,Grade B," Fiscal quarters ending 2019-03-31, 2019-06-30, 2019-09-30, 2019-12-31."
2019-Q4,Oracle,Oracle,1591000000,1.591,Oracle capital expenditures (cash purchases of property and equipment),443000000,413000000,386000000,349000000,TRUE,FALSE,Grade A,"3 of 4 quarters derived by exact YTD subtraction.  Fiscal quarters ending 2019-02-28, 2019-05-31, 2019-08-31, 2019-11-30."
2019-Q4,Baidu,Baidu,938325449,0.938,Baidu (see C),440789762,199281531,172771940,125482216,TRUE,FALSE,Grade A," Fiscal quarters ending 2019-03-31, 2019-06-30, 2019-09-30, 2019-12-31."
2020-Q1,Alphabet,Alphabet (Google),24915000000,24.915,Alphabet (Google) purchases of property and equipment (cash),6126000000,6732000000,6052000000,6005000000,TRUE,FALSE,Grade A,"3 of 4 quarters derived by exact YTD subtraction.  Fiscal quarters ending 2019-06-30, 2019-09-30, 2019-12-31, 2020-03-31."
2020-Q1,Amazon,Amazon,15396000000,15.396,Amazon purchases of property and equipment net of proceeds from sales and incentives (cash),2643000000,3385000000,3940000000,5428000000,TRUE,FALSE,Grade A,"4 of 4 quarters derived by exact YTD subtraction.  Fiscal quarters ending 2019-06-30, 2019-09-30, 2019-12-31, 2020-03-31."
2020-Q1,Meta,Meta (Facebook),14823000000,14.823,Meta purchases of property and equipment (cash; printed 'net' from the 2024 filings),3633000000,3532000000,4100000000,3558000000,TRUE,FALSE,Grade A,"3 of 4 quarters derived by exact YTD subtraction.  Fiscal quarters ending 2019-06-30, 2019-09-30, 2019-12-31, 2020-03-31."
2020-Q1,Microsoft,Microsoft,14748000000,14.748,Microsoft additions to property and equipment (cash),4051000000,3385000000,3545000000,3767000000,TRUE,FALSE,Grade A,"1 of 4 quarters derived by exact YTD subtraction.  Fiscal quarters ending 2019-06-30, 2019-09-30, 2019-12-31, 2020-03-31."
2020-Q1,Tencent,Tencent,4860969668,4.861,Tencent (see C),639636525,945398935,2394524319,881409889,TRUE,FALSE,Grade A," Fiscal quarters ending 2019-06-30, 2019-09-30, 2019-12-31, 2020-03-31."
2020-Q1,Alibaba,Alibaba,4669315471,4.669,Alibaba cash capital expenditure (see C),935846011,1400707168,945233117,1387529175,TRUE,FALSE,Grade B," Fiscal quarters ending 2019-06-30, 2019-09-30, 2019-12-31, 2020-03-31."
2020-Q1,Oracle,Oracle,1544000000,1.544,Oracle capital expenditures (cash purchases of property and equipment),413000000,386000000,349000000,396000000,TRUE,FALSE,Grade A,"3 of 4 quarters derived by exact YTD subtraction.  Fiscal quarters ending 2019-05-31, 2019-08-31, 2019-11-30, 2020-02-29."
2020-Q1,Baidu,Baidu,575631670,0.576,Baidu (see C),199281531,172771940,125482216,78095983,TRUE,FALSE,Grade A," Fiscal quarters ending 2019-06-30, 2019-09-30, 2019-12-31, 2020-03-31."
2020-Q2,Alphabet,Alphabet (Google),24180000000,24.180,Alphabet (Google) purchases of property and equipment (cash),6732000000,6052000000,6005000000,5391000000,TRUE,FALSE,Grade A,"3 of 4 quarters derived by exact YTD subtraction.  Fiscal quarters ending 2019-09-30, 2019-12-31, 2020-03-31, 2020-06-30."
2020-Q2,Amazon,Amazon,19368000000,19.368,Amazon purchases of property and equipment net of proceeds from sales and incentives (cash),3385000000,3940000000,5428000000,6615000000,TRUE,FALSE,Grade A,"4 of 4 quarters derived by exact YTD subtraction.  Fiscal quarters ending 2019-09-30, 2019-12-31, 2020-03-31, 2020-06-30."
2020-Q2,Microsoft,Microsoft,15441000000,15.441,Microsoft additions to property and equipment (cash),3385000000,3545000000,3767000000,4744000000,TRUE,FALSE,Grade A,"1 of 4 quarters derived by exact YTD subtraction.  Fiscal quarters ending 2019-09-30, 2019-12-31, 2020-03-31, 2020-06-30."
2020-Q2,Meta,Meta (Facebook),14445000000,14.445,Meta purchases of property and equipment (cash; printed 'net' from the 2024 filings),3532000000,4100000000,3558000000,3255000000,TRUE,FALSE,Grade A,"3 of 4 quarters derived by exact YTD subtraction.  Fiscal quarters ending 2019-09-30, 2019-12-31, 2020-03-31, 2020-06-30."
2020-Q2,Alibaba,Alibaba,5658617643,5.659,Alibaba cash capital expenditure (see C),1400707168,945233117,1387529175,1925148183,TRUE,FALSE,Grade B," Fiscal quarters ending 2019-09-30, 2019-12-31, 2020-03-31, 2020-06-30."
2020-Q2,Tencent,Tencent,5557559327,5.558,Tencent (see C),945398935,2394524319,881409889,1336226184,TRUE,FALSE,Grade A," Fiscal quarters ending 2019-09-30, 2019-12-31, 2020-03-31, 2020-06-30."
2020-Q2,Oracle,Oracle,1564000000,1.564,Oracle capital expenditures (cash purchases of property and equipment),386000000,349000000,396000000,433000000,TRUE,FALSE,Grade A,"3 of 4 quarters derived by exact YTD subtraction.  Fiscal quarters ending 2019-08-31, 2019-11-30, 2020-02-29, 2020-05-31."
2020-Q2,Baidu,Baidu,496901286,0.497,Baidu (see C),172771940,125482216,78095983,120551147,TRUE,FALSE,Grade A," Fiscal quarters ending 2019-09-30, 2019-12-31, 2020-03-31, 2020-06-30."
2020-Q3,Amazon,Amazon,25791000000,25.791,Amazon purchases of property and equipment net of proceeds from sales and incentives (cash),3940000000,5428000000,6615000000,9808000000,TRUE,FALSE,Grade A,"4 of 4 quarters derived by exact YTD subtraction.  Fiscal quarters ending 2019-12-31, 2020-03-31, 2020-06-30, 2020-09-30."
2020-Q3,Alphabet,Alphabet (Google),22854000000,22.854,Alphabet (Google) purchases of property and equipment (cash),6052000000,6005000000,5391000000,5406000000,TRUE,FALSE,Grade A,"3 of 4 quarters derived by exact YTD subtraction.  Fiscal quarters ending 2019-12-31, 2020-03-31, 2020-06-30, 2020-09-30."
2020-Q3,Microsoft,Microsoft,16963000000,16.963,Microsoft additions to property and equipment (cash),3545000000,3767000000,4744000000,4907000000,TRUE,FALSE,Grade A,"1 of 4 quarters derived by exact YTD subtraction.  Fiscal quarters ending 2019-12-31, 2020-03-31, 2020-06-30, 2020-09-30."
2020-Q3,Meta,Meta (Facebook),14602000000,14.602,Meta purchases of property and equipment (cash; printed 'net' from the 2024 filings),4100000000,3558000000,3255000000,3689000000,TRUE,FALSE,Grade A,"3 of 4 quarters derived by exact YTD subtraction.  Fiscal quarters ending 2019-12-31, 2020-03-31, 2020-06-30, 2020-09-30."
2020-Q3,Alibaba,Alibaba,6322892032,6.323,Alibaba cash capital expenditure (see C),945233117,1387529175,1925148183,2064981557,TRUE,FALSE,Grade B," Fiscal quarters ending 2019-12-31, 2020-03-31, 2020-06-30, 2020-09-30."
2020-Q3,Tencent,Tencent,5867923686,5.868,Tencent (see C),2394524319,881409889,1336226184,1255763294,TRUE,FALSE,Grade A," Fiscal quarters ending 2019-12-31, 2020-03-31, 2020-06-30, 2020-09-30."
2020-Q3,Oracle,Oracle,1614000000,1.614,Oracle capital expenditures (cash purchases of property and equipment),349000000,396000000,433000000,436000000,TRUE,FALSE,Grade A,"3 of 4 quarters derived by exact YTD subtraction.  Fiscal quarters ending 2019-11-30, 2020-02-29, 2020-05-31, 2020-08-31."
2020-Q3,Baidu,Baidu,542051419,0.542,Baidu (see C),125482216,78095983,120551147,217922073,TRUE,FALSE,Grade A," Fiscal quarters ending 2019-12-31, 2020-03-31, 2020-06-30, 2020-09-30."
2020-Q4,Amazon,Amazon,35045000000,35.045,Amazon purchases of property and equipment net of proceeds from sales and incentives (cash),5428000000,6615000000,9808000000,13194000000,TRUE,FALSE,Grade A,"4 of 4 quarters derived by exact YTD subtraction.  Fiscal quarters ending 2020-03-31, 2020-06-30, 2020-09-30, 2020-12-31."
2020-Q4,Alphabet,Alphabet (Google),22281000000,22.281,Alphabet (Google) purchases of property and equipment (cash),6005000000,5391000000,5406000000,5479000000,TRUE,FALSE,Grade A,"3 of 4 quarters derived by exact YTD subtraction.  Fiscal quarters ending 2020-03-31, 2020-06-30, 2020-09-30, 2020-12-31."
2020-Q4,Microsoft,Microsoft,17592000000,17.592,Microsoft additions to property and equipment (cash),3767000000,4744000000,4907000000,4174000000,TRUE,FALSE,Grade A,"1 of 4 quarters derived by exact YTD subtraction.  Fiscal quarters ending 2020-03-31, 2020-06-30, 2020-09-30, 2020-12-31."
2020-Q4,Meta,Meta (Facebook),15115000000,15.115,Meta purchases of property and equipment (cash; printed 'net' from the 2024 filings),3558000000,3255000000,3689000000,4613000000,TRUE,FALSE,Grade A,"3 of 4 quarters derived by exact YTD subtraction.  Fiscal quarters ending 2020-03-31, 2020-06-30, 2020-09-30, 2020-12-31."
2020-Q4,Alibaba,Alibaba,6259970959,6.260,Alibaba cash capital expenditure (see C),1387529175,1925148183,2064981557,882312044,TRUE,FALSE,Grade B," Fiscal quarters ending 2020-03-31, 2020-06-30, 2020-09-30, 2020-12-31."
2020-Q4,Tencent,Tencent,4931690269,4.932,Tencent (see C),881409889,1336226184,1255763294,1458290902,TRUE,FALSE,Grade A," Fiscal quarters ending 2020-03-31, 2020-06-30, 2020-09-30, 2020-12-31."
2020-Q4,Oracle,Oracle,1833000000,1.833,Oracle capital expenditures (cash purchases of property and equipment),396000000,433000000,436000000,568000000,TRUE,FALSE,Grade A,"3 of 4 quarters derived by exact YTD subtraction.  Fiscal quarters ending 2020-02-29, 2020-05-31, 2020-08-31, 2020-11-30."
2020-Q4,Baidu,Baidu,745398024,0.745,Baidu (see C),78095983,120551147,217922073,328828821,TRUE,FALSE,Grade A," Fiscal quarters ending 2020-03-31, 2020-06-30, 2020-09-30, 2020-12-31."
2021-Q1,Amazon,Amazon,40804000000,40.804,Amazon purchases of property and equipment net of proceeds from sales and incentives (cash),6615000000,9808000000,13194000000,11187000000,TRUE,FALSE,Grade A,"4 of 4 quarters derived by exact YTD subtraction.  Fiscal quarters ending 2020-06-30, 2020-09-30, 2020-12-31, 2021-03-31."
2021-Q1,Alphabet,Alphabet (Google),22218000000,22.218,Alphabet (Google) purchases of property and equipment (cash),5391000000,5406000000,5479000000,5942000000,TRUE,FALSE,Grade A,"3 of 4 quarters derived by exact YTD subtraction.  Fiscal quarters ending 2020-06-30, 2020-09-30, 2020-12-31, 2021-03-31."
2021-Q1,Microsoft,Microsoft,18914000000,18.914,Microsoft additions to property and equipment (cash),4744000000,4907000000,4174000000,5089000000,TRUE,FALSE,Grade A,"1 of 4 quarters derived by exact YTD subtraction.  Fiscal quarters ending 2020-06-30, 2020-09-30, 2020-12-31, 2021-03-31."
2021-Q1,Meta,Meta (Facebook),15829000000,15.829,Meta purchases of property and equipment (cash; printed 'net' from the 2024 filings),3255000000,3689000000,4613000000,4272000000,TRUE,FALSE,Grade A,"3 of 4 quarters derived by exact YTD subtraction.  Fiscal quarters ending 2020-06-30, 2020-09-30, 2020-12-31, 2021-03-31."
2021-Q1,Alibaba,Alibaba,6058556222,6.059,Alibaba cash capital expenditure (see C),1925148183,2064981557,882312044,1186114438,TRUE,FALSE,Grade B," Fiscal quarters ending 2020-06-30, 2020-09-30, 2020-12-31, 2021-03-31."
2021-Q1,Tencent,Tencent,5243491757,5.243,Tencent (see C),1336226184,1255763294,1458290902,1193211377,TRUE,FALSE,Grade A," Fiscal quarters ending 2020-06-30, 2020-09-30, 2020-12-31, 2021-03-31."
2021-Q1,Oracle,Oracle,1851000000,1.851,Oracle capital expenditures (cash purchases of property and equipment),433000000,436000000,568000000,414000000,TRUE,FALSE,Grade A,"3 of 4 quarters derived by exact YTD subtraction.  Fiscal quarters ending 2020-05-31, 2020-08-31, 2020-11-30, 2021-02-28."
2021-Q1,Baidu,Baidu,898569671,0.899,Baidu (see C),120551147,217922073,328828821,231267630,TRUE,FALSE,Grade A," Fiscal quarters ending 2020-06-30, 2020-09-30, 2020-12-31, 2021-03-31."
2021-Q2,Amazon,Amazon,47177000000,47.177,Amazon purchases of property and equipment net of proceeds from sales and incentives (cash),9808000000,13194000000,11187000000,12988000000,TRUE,FALSE,Grade A,"4 of 4 quarters derived by exact YTD subtraction.  Fiscal quarters ending 2020-09-30, 2020-12-31, 2021-03-31, 2021-06-30."
2021-Q2,Alphabet,Alphabet (Google),22323000000,22.323,Alphabet (Google) purchases of property and equipment (cash),5406000000,5479000000,5942000000,5496000000,TRUE,FALSE,Grade A,"3 of 4 quarters derived by exact YTD subtraction.  Fiscal quarters ending 2020-09-30, 2020-12-31, 2021-03-31, 2021-06-30."
2021-Q2,Microsoft,Microsoft,20622000000,20.622,Microsoft additions to property and equipment (cash),4907000000,4174000000,5089000000,6452000000,TRUE,FALSE,Grade A,"1 of 4 quarters derived by exact YTD subtraction.  Fiscal quarters ending 2020-09-30, 2020-12-31, 2021-03-31, 2021-06-30."
2021-Q2,Meta,Meta (Facebook),17186000000,17.186,Meta purchases of property and equipment (cash; printed 'net' from the 2024 filings),3689000000,4613000000,4272000000,4612000000,TRUE,FALSE,Grade A,"3 of 4 quarters derived by exact YTD subtraction.  Fiscal quarters ending 2020-09-30, 2020-12-31, 2021-03-31, 2021-06-30."
2021-Q2,Alibaba,Alibaba,6071358032,6.071,Alibaba cash capital expenditure (see C),2064981557,882312044,1186114438,1937949993,TRUE,FALSE,Grade B," Fiscal quarters ending 2020-09-30, 2020-12-31, 2021-03-31, 2021-06-30."
2021-Q2,Tencent,Tencent,4981049017,4.981,Tencent (see C),1255763294,1458290902,1193211377,1073783444,TRUE,FALSE,Grade A," Fiscal quarters ending 2020-09-30, 2020-12-31, 2021-03-31, 2021-06-30."
2021-Q2,Oracle,Oracle,2135000000,2.135,Oracle capital expenditures (cash purchases of property and equipment),436000000,568000000,414000000,717000000,TRUE,FALSE,Grade A,"3 of 4 quarters derived by exact YTD subtraction.  Fiscal quarters ending 2020-08-31, 2020-11-30, 2021-02-28, 2021-05-31."
2021-Q2,Baidu,Baidu,1164431943,1.164,Baidu (see C),217922073,328828821,231267630,386413419,TRUE,FALSE,Grade A," Fiscal quarters ending 2020-09-30, 2020-12-31, 2021-03-31, 2021-06-30."
2021-Q3,Amazon,Amazon,52120000000,52.120,Amazon purchases of property and equipment net of proceeds from sales and incentives (cash),13194000000,11187000000,12988000000,14751000000,TRUE,FALSE,Grade A,"4 of 4 quarters derived by exact YTD subtraction.  Fiscal quarters ending 2020-12-31, 2021-03-31, 2021-06-30, 2021-09-30."
2021-Q3,Alphabet,Alphabet (Google),23736000000,23.736,Alphabet (Google) purchases of property and equipment (cash),5479000000,5942000000,5496000000,6819000000,TRUE,FALSE,Grade A,"3 of 4 quarters derived by exact YTD subtraction.  Fiscal quarters ending 2020-12-31, 2021-03-31, 2021-06-30, 2021-09-30."
2021-Q3,Microsoft,Microsoft,21525000000,21.525,Microsoft additions to property and equipment (cash),4174000000,5089000000,6452000000,5810000000,TRUE,FALSE,Grade A,"1 of 4 quarters derived by exact YTD subtraction.  Fiscal quarters ending 2020-12-31, 2021-03-31, 2021-06-30, 2021-09-30."
2021-Q3,Meta,Meta (Facebook),17811000000,17.811,Meta purchases of property and equipment (cash; printed 'net' from the 2024 filings),4613000000,4272000000,4612000000,4314000000,TRUE,FALSE,Grade A,"3 of 4 quarters derived by exact YTD subtraction.  Fiscal quarters ending 2020-12-31, 2021-03-31, 2021-06-30, 2021-09-30."
2021-Q3,Alibaba,Alibaba,6469786993,6.470,Alibaba cash capital expenditure (see C),882312044,1186114438,1937949993,2463410518,TRUE,FALSE,Grade B," Fiscal quarters ending 2020-12-31, 2021-03-31, 2021-06-30, 2021-09-30."
2021-Q3,Tencent,Tencent,4816648608,4.817,Tencent (see C),1458290902,1193211377,1073783444,1091362885,TRUE,FALSE,Grade A," Fiscal quarters ending 2020-12-31, 2021-03-31, 2021-06-30, 2021-09-30."
2021-Q3,Oracle,Oracle,2761000000,2.761,Oracle capital expenditures (cash purchases of property and equipment),568000000,414000000,717000000,1062000000,TRUE,FALSE,Grade A,"3 of 4 quarters derived by exact YTD subtraction.  Fiscal quarters ending 2020-11-30, 2021-02-28, 2021-05-31, 2021-08-31."
2021-Q3,Baidu,Baidu,1358263266,1.358,Baidu (see C),328828821,231267630,386413419,411753396,TRUE,FALSE,Grade A," Fiscal quarters ending 2020-12-31, 2021-03-31, 2021-06-30, 2021-09-30."
2021-Q4,Amazon,Amazon,55396000000,55.396,Amazon purchases of property and equipment net of proceeds from sales and incentives (cash),11187000000,12988000000,14751000000,16470000000,TRUE,FALSE,Grade A,"4 of 4 quarters derived by exact YTD subtraction.  Fiscal quarters ending 2021-03-31, 2021-06-30, 2021-09-30, 2021-12-31."
2021-Q4,Alphabet,Alphabet (Google),24640000000,24.640,Alphabet (Google) purchases of property and equipment (cash),5942000000,5496000000,6819000000,6383000000,TRUE,FALSE,Grade A,"3 of 4 quarters derived by exact YTD subtraction.  Fiscal quarters ending 2021-03-31, 2021-06-30, 2021-09-30, 2021-12-31."
2021-Q4,Microsoft,Microsoft,23216000000,23.216,Microsoft additions to property and equipment (cash),5089000000,6452000000,5810000000,5865000000,TRUE,FALSE,Grade A,"1 of 4 quarters derived by exact YTD subtraction.  Fiscal quarters ending 2021-03-31, 2021-06-30, 2021-09-30, 2021-12-31."
2021-Q4,Meta,Meta (Facebook),18567000000,18.567,Meta purchases of property and equipment (cash; printed 'net' from the 2024 filings),4272000000,4612000000,4314000000,5369000000,TRUE,FALSE,Grade A,"3 of 4 quarters derived by exact YTD subtraction.  Fiscal quarters ending 2021-03-31, 2021-06-30, 2021-09-30, 2021-12-31."
2021-Q4,Alibaba,Alibaba,7676362913,7.676,Alibaba cash capital expenditure (see C),1186114438,1937949993,2463410518,2088887964,TRUE,FALSE,Grade B," Fiscal quarters ending 2021-03-31, 2021-06-30, 2021-09-30, 2021-12-31."
2021-Q4,Tencent,Tencent,5182829472,5.183,Tencent (see C),1193211377,1073783444,1091362885,1824471766,TRUE,FALSE,Grade A," Fiscal quarters ending 2021-03-31, 2021-06-30, 2021-09-30, 2021-12-31."
2021-Q4,Oracle,Oracle,3118000000,3.118,Oracle capital expenditures (cash purchases of property and equipment),414000000,717000000,1062000000,925000000,TRUE,FALSE,Grade A,"3 of 4 quarters derived by exact YTD subtraction.  Fiscal quarters ending 2021-02-28, 2021-05-31, 2021-08-31, 2021-11-30."
2021-Q4,Baidu,Baidu,1692352451,1.692,Baidu (see C),231267630,386413419,411753396,662918006,TRUE,FALSE,Grade A," Fiscal quarters ending 2021-03-31, 2021-06-30, 2021-09-30, 2021-12-31."
2022-Q1,Amazon,Amazon,57951000000,57.951,Amazon purchases of property and equipment net of proceeds from sales and incentives (cash),12988000000,14751000000,16470000000,13742000000,TRUE,FALSE,Grade A,"4 of 4 quarters derived by exact YTD subtraction.  Fiscal quarters ending 2021-06-30, 2021-09-30, 2021-12-31, 2022-03-31."
2022-Q1,Alphabet,Alphabet (Google),28484000000,28.484,Alphabet (Google) purchases of property and equipment (cash),5496000000,6819000000,6383000000,9786000000,TRUE,FALSE,Grade A,"3 of 4 quarters derived by exact YTD subtraction.  Fiscal quarters ending 2021-06-30, 2021-09-30, 2021-12-31, 2022-03-31."
2022-Q1,Microsoft,Microsoft,23467000000,23.467,Microsoft additions to property and equipment (cash),6452000000,5810000000,5865000000,5340000000,TRUE,FALSE,Grade A,"1 of 4 quarters derived by exact YTD subtraction.  Fiscal quarters ending 2021-06-30, 2021-09-30, 2021-12-31, 2022-03-31."
2022-Q1,Meta,Meta (Facebook),19736000000,19.736,Meta purchases of property and equipment (cash; printed 'net' from the 2024 filings),4612000000,4314000000,5369000000,5441000000,TRUE,FALSE,Grade A,"3 of 4 quarters derived by exact YTD subtraction.  Fiscal quarters ending 2021-06-30, 2021-09-30, 2021-12-31, 2022-03-31."
2022-Q1,Alibaba,Alibaba,8302214826,8.302,Alibaba cash capital expenditure (see C),1937949993,2463410518,2088887964,1811966351,TRUE,FALSE,Grade B," Fiscal quarters ending 2021-06-30, 2021-09-30, 2021-12-31, 2022-03-31."
2022-Q1,Tencent,Tencent,5087793841,5.088,Tencent (see C),1073783444,1091362885,1824471766,1098175746,TRUE,FALSE,Grade A," Fiscal quarters ending 2021-06-30, 2021-09-30, 2021-12-31, 2022-03-31."
2022-Q1,Oracle,Oracle,3805000000,3.805,Oracle capital expenditures (cash purchases of property and equipment),717000000,1062000000,925000000,1101000000,TRUE,FALSE,Grade A,"3 of 4 quarters derived by exact YTD subtraction.  Fiscal quarters ending 2021-05-31, 2021-08-31, 2021-11-30, 2022-02-28."
2022-Q1,Baidu,Baidu,1772846376,1.773,Baidu (see C),386413419,411753396,662918006,311761555,TRUE,FALSE,Grade A," Fiscal quarters ending 2021-06-30, 2021-09-30, 2021-12-31, 2022-03-31."
2022-Q2,Amazon,Amazon,59061000000,59.061,Amazon purchases of property and equipment net of proceeds from sales and incentives (cash),14751000000,16470000000,13742000000,14098000000,TRUE,FALSE,Grade A,"4 of 4 quarters derived by exact YTD subtraction.  Fiscal quarters ending 2021-09-30, 2021-12-31, 2022-03-31, 2022-06-30."
2022-Q2,Alphabet,Alphabet (Google),29816000000,29.816,Alphabet (Google) purchases of property and equipment (cash),6819000000,6383000000,9786000000,6828000000,TRUE,FALSE,Grade A,"3 of 4 quarters derived by exact YTD subtraction.  Fiscal quarters ending 2021-09-30, 2021-12-31, 2022-03-31, 2022-06-30."
2022-Q2,Microsoft,Microsoft,23886000000,23.886,Microsoft additions to property and equipment (cash),5810000000,5865000000,5340000000,6871000000,TRUE,FALSE,Grade A,"1 of 4 quarters derived by exact YTD subtraction.  Fiscal quarters ending 2021-09-30, 2021-12-31, 2022-03-31, 2022-06-30."
2022-Q2,Meta,Meta (Facebook),22696000000,22.696,Meta purchases of property and equipment (cash; printed 'net' from the 2024 filings),4314000000,5369000000,5441000000,7572000000,TRUE,FALSE,Grade A,"3 of 4 quarters derived by exact YTD subtraction.  Fiscal quarters ending 2021-09-30, 2021-12-31, 2022-03-31, 2022-06-30."
2022-Q2,Alibaba,Alibaba,8156382511,8.156,Alibaba cash capital expenditure (see C),2463410518,2088887964,1811966351,1792117678,TRUE,FALSE,Grade B," Fiscal quarters ending 2021-09-30, 2021-12-31, 2022-03-31, 2022-06-30."
2022-Q2,Oracle,Oracle,4511000000,4.511,Oracle capital expenditures (cash purchases of property and equipment),1062000000,925000000,1101000000,1423000000,TRUE,FALSE,Grade A,"3 of 4 quarters derived by exact YTD subtraction.  Fiscal quarters ending 2021-08-31, 2021-11-30, 2022-02-28, 2022-05-31."
2022-Q2,Tencent,Tencent,4470249087,4.470,Tencent (see C),1091362885,1824471766,1098175746,456238690,TRUE,FALSE,Grade A," Fiscal quarters ending 2021-09-30, 2021-12-31, 2022-03-31, 2022-06-30."
2022-Q2,Baidu,Baidu,1717830214,1.718,Baidu (see C),411753396,662918006,311761555,331397257,TRUE,FALSE,Grade A," Fiscal quarters ending 2021-09-30, 2021-12-31, 2022-03-31, 2022-06-30."
2022-Q3,Amazon,Amazon,59351000000,59.351,Amazon purchases of property and equipment net of proceeds from sales and incentives (cash),16470000000,13742000000,14098000000,15041000000,TRUE,FALSE,Grade A,"4 of 4 quarters derived by exact YTD subtraction.  Fiscal quarters ending 2021-12-31, 2022-03-31, 2022-06-30, 2022-09-30."
2022-Q3,Alphabet,Alphabet (Google),30273000000,30.273,Alphabet (Google) purchases of property and equipment (cash),6383000000,9786000000,6828000000,7276000000,TRUE,FALSE,Grade A,"3 of 4 quarters derived by exact YTD subtraction.  Fiscal quarters ending 2021-12-31, 2022-03-31, 2022-06-30, 2022-09-30."
2022-Q3,Meta,Meta (Facebook),27757000000,27.757,Meta purchases of property and equipment (cash; printed 'net' from the 2024 filings),5369000000,5441000000,7572000000,9375000000,TRUE,FALSE,Grade A,"3 of 4 quarters derived by exact YTD subtraction.  Fiscal quarters ending 2021-12-31, 2022-03-31, 2022-06-30, 2022-09-30."
2022-Q3,Microsoft,Microsoft,24359000000,24.359,Microsoft additions to property and equipment (cash),5865000000,5340000000,6871000000,6283000000,TRUE,FALSE,Grade A,"1 of 4 quarters derived by exact YTD subtraction.  Fiscal quarters ending 2021-12-31, 2022-03-31, 2022-06-30, 2022-09-30."
2022-Q3,Alibaba,Alibaba,7460629007,7.461,Alibaba cash capital expenditure (see C),2088887964,1811966351,1792117678,1767657014,TRUE,FALSE,Grade B," Fiscal quarters ending 2021-12-31, 2022-03-31, 2022-06-30, 2022-09-30."
2022-Q3,Oracle,Oracle,5168000000,5.168,Oracle capital expenditures (cash purchases of property and equipment),925000000,1101000000,1423000000,1719000000,TRUE,FALSE,Grade A,"3 of 4 quarters derived by exact YTD subtraction.  Fiscal quarters ending 2021-11-30, 2022-02-28, 2022-05-31, 2022-08-31."
2022-Q3,Tencent,Tencent,3725791810,3.726,Tencent (see C),1824471766,1098175746,456238690,346905608,TRUE,FALSE,Grade A," Fiscal quarters ending 2021-12-31, 2022-03-31, 2022-06-30, 2022-09-30."
2022-Q3,Baidu,Baidu,1625399271,1.625,Baidu (see C),662918006,311761555,331397257,319322453,TRUE,FALSE,Grade A," Fiscal quarters ending 2021-12-31, 2022-03-31, 2022-06-30, 2022-09-30."
2022-Q4,Amazon,Amazon,58321000000,58.321,Amazon purchases of property and equipment net of proceeds from sales and incentives (cash),13742000000,14098000000,15041000000,15440000000,TRUE,FALSE,Grade A,"4 of 4 quarters derived by exact YTD subtraction.  Fiscal quarters ending 2022-03-31, 2022-06-30, 2022-09-30, 2022-12-31."
2022-Q4,Alphabet,Alphabet (Google),31485000000,31.485,Alphabet (Google) purchases of property and equipment (cash),9786000000,6828000000,7276000000,7595000000,TRUE,FALSE,Grade A,"3 of 4 quarters derived by exact YTD subtraction.  Fiscal quarters ending 2022-03-31, 2022-06-30, 2022-09-30, 2022-12-31."
2022-Q4,Meta,Meta (Facebook),31431000000,31.431,Meta purchases of property and equipment (cash; printed 'net' from the 2024 filings),5441000000,7572000000,9375000000,9043000000,TRUE,FALSE,Grade A,"3 of 4 quarters derived by exact YTD subtraction.  Fiscal quarters ending 2022-03-31, 2022-06-30, 2022-09-30, 2022-12-31."
2022-Q4,Microsoft,Microsoft,24768000000,24.768,Microsoft additions to property and equipment (cash),5340000000,6871000000,6283000000,6274000000,TRUE,FALSE,Grade A,"1 of 4 quarters derived by exact YTD subtraction.  Fiscal quarters ending 2022-03-31, 2022-06-30, 2022-09-30, 2022-12-31."
2022-Q4,Oracle,Oracle,6678000000,6.678,Oracle capital expenditures (cash purchases of property and equipment),1101000000,1423000000,1719000000,2435000000,TRUE,FALSE,Grade A,"3 of 4 quarters derived by exact YTD subtraction.  Fiscal quarters ending 2022-02-28, 2022-05-31, 2022-08-31, 2022-11-30."
2022-Q4,Alibaba,Alibaba,6341508401,6.342,Alibaba cash capital expenditure (see C),1811966351,1792117678,1767657014,969767358,TRUE,FALSE,Grade B," Fiscal quarters ending 2022-03-31, 2022-06-30, 2022-09-30, 2022-12-31."
2022-Q4,Tencent,Tencent,2695890922,2.696,Tencent (see C),1098175746,456238690,346905608,794570878,TRUE,FALSE,Grade A," Fiscal quarters ending 2022-03-31, 2022-06-30, 2022-09-30, 2022-12-31."
2022-Q4,Baidu,Baidu,1233712414,1.234,Baidu (see C),311761555,331397257,319322453,271231149,TRUE,FALSE,Grade A," Fiscal quarters ending 2022-03-31, 2022-06-30, 2022-09-30, 2022-12-31."
2023-Q1,Amazon,Amazon,57649000000,57.649,Amazon purchases of property and equipment net of proceeds from sales and incentives (cash),14098000000,15041000000,15440000000,13070000000,TRUE,FALSE,Grade A,"4 of 4 quarters derived by exact YTD subtraction.  Fiscal quarters ending 2022-06-30, 2022-09-30, 2022-12-31, 2023-03-31."
2023-Q1,Meta,Meta (Facebook),32832000000,32.832,Meta purchases of property and equipment (cash; printed 'net' from the 2024 filings),7572000000,9375000000,9043000000,6842000000,TRUE,FALSE,Grade A,"3 of 4 quarters derived by exact YTD subtraction.  Fiscal quarters ending 2022-06-30, 2022-09-30, 2022-12-31, 2023-03-31."
2023-Q1,Alphabet,Alphabet (Google),27988000000,27.988,Alphabet (Google) purchases of property and equipment (cash),6828000000,7276000000,7595000000,6289000000,TRUE,FALSE,Grade A,"3 of 4 quarters derived by exact YTD subtraction.  Fiscal quarters ending 2022-06-30, 2022-09-30, 2022-12-31, 2023-03-31."
2023-Q1,Microsoft,Microsoft,26035000000,26.035,Microsoft additions to property and equipment (cash),6871000000,6283000000,6274000000,6607000000,TRUE,FALSE,Grade A,"1 of 4 quarters derived by exact YTD subtraction.  Fiscal quarters ending 2022-06-30, 2022-09-30, 2022-12-31, 2023-03-31."
2023-Q1,Oracle,Oracle,8205000000,8.205,Oracle capital expenditures (cash purchases of property and equipment),1423000000,1719000000,2435000000,2628000000,TRUE,FALSE,Grade A,"3 of 4 quarters derived by exact YTD subtraction.  Fiscal quarters ending 2022-05-31, 2022-08-31, 2022-11-30, 2023-02-28."
2023-Q1,Alibaba,Alibaba,5037851031,5.038,Alibaba cash capital expenditure (see C),1792117678,1767657014,969767358,508308981,TRUE,FALSE,Grade B," Fiscal quarters ending 2022-06-30, 2022-09-30, 2022-12-31, 2023-03-31."
2023-Q1,Tencent,Tencent,2242381914,2.242,Tencent (see C),456238690,346905608,794570878,644666738,TRUE,FALSE,Grade A," Fiscal quarters ending 2022-06-30, 2022-09-30, 2022-12-31, 2023-03-31."
2023-Q1,Baidu,Baidu,1111214841,1.111,Baidu (see C),331397257,319322453,271231149,189263982,TRUE,FALSE,Grade A," Fiscal quarters ending 2022-06-30, 2022-09-30, 2022-12-31, 2023-03-31."
2023-Q2,Amazon,Amazon,53963000000,53.963,Amazon purchases of property and equipment net of proceeds from sales and incentives (cash),15041000000,15440000000,13070000000,10412000000,TRUE,FALSE,Grade A,"4 of 4 quarters derived by exact YTD subtraction.  Fiscal quarters ending 2022-09-30, 2022-12-31, 2023-03-31, 2023-06-30."
2023-Q2,Meta,Meta (Facebook),31476000000,31.476,Meta purchases of property and equipment (cash; printed 'net' from the 2024 filings),9375000000,9043000000,6842000000,6216000000,TRUE,FALSE,Grade A,"3 of 4 quarters derived by exact YTD subtraction.  Fiscal quarters ending 2022-09-30, 2022-12-31, 2023-03-31, 2023-06-30."
2023-Q2,Microsoft,Microsoft,28107000000,28.107,Microsoft additions to property and equipment (cash),6283000000,6274000000,6607000000,8943000000,TRUE,FALSE,Grade A,"1 of 4 quarters derived by exact YTD subtraction.  Fiscal quarters ending 2022-09-30, 2022-12-31, 2023-03-31, 2023-06-30."
2023-Q2,Alphabet,Alphabet (Google),28048000000,28.048,Alphabet (Google) purchases of property and equipment (cash),7276000000,7595000000,6289000000,6888000000,TRUE,FALSE,Grade A,"3 of 4 quarters derived by exact YTD subtraction.  Fiscal quarters ending 2022-09-30, 2022-12-31, 2023-03-31, 2023-06-30."
2023-Q2,Oracle,Oracle,8695000000,8.695,Oracle capital expenditures (cash purchases of property and equipment),1719000000,2435000000,2628000000,1913000000,TRUE,FALSE,Grade A,"3 of 4 quarters derived by exact YTD subtraction.  Fiscal quarters ending 2022-08-31, 2022-11-30, 2023-02-28, 2023-05-31."
2023-Q2,Alibaba,Alibaba,4233472807,4.233,Alibaba cash capital expenditure (see C),1767657014,969767358,508308981,987739454,TRUE,FALSE,Grade B," Fiscal quarters ending 2022-09-30, 2022-12-31, 2023-03-31, 2023-06-30."
2023-Q2,Tencent,Tencent,2349812065,2.350,Tencent (see C),346905608,794570878,644666738,563668841,TRUE,FALSE,Grade A," Fiscal quarters ending 2022-09-30, 2022-12-31, 2023-03-31, 2023-06-30."
2023-Q2,Baidu,Baidu,1165673360,1.166,Baidu (see C),319322453,271231149,189263982,385855776,TRUE,FALSE,Grade A," Fiscal quarters ending 2022-09-30, 2022-12-31, 2023-03-31, 2023-06-30."
2023-Q3,Amazon,Amazon,50220000000,50.220,Amazon purchases of property and equipment net of proceeds from sales and incentives (cash),15440000000,13070000000,10412000000,11298000000,TRUE,FALSE,Grade A,"4 of 4 quarters derived by exact YTD subtraction.  Fiscal quarters ending 2022-12-31, 2023-03-31, 2023-06-30, 2023-09-30."
2023-Q3,Microsoft,Microsoft,31741000000,31.741,Microsoft additions to property and equipment (cash),6274000000,6607000000,8943000000,9917000000,TRUE,FALSE,Grade A,"1 of 4 quarters derived by exact YTD subtraction.  Fiscal quarters ending 2022-12-31, 2023-03-31, 2023-06-30, 2023-09-30."
2023-Q3,Alphabet,Alphabet (Google),28827000000,28.827,Alphabet (Google) purchases of property and equipment (cash),7595000000,6289000000,6888000000,8055000000,TRUE,FALSE,Grade A,"3 of 4 quarters derived by exact YTD subtraction.  Fiscal quarters ending 2022-12-31, 2023-03-31, 2023-06-30, 2023-09-30."
2023-Q3,Meta,Meta (Facebook),28644000000,28.644,Meta purchases of property and equipment (cash; printed 'net' from the 2024 filings),9043000000,6842000000,6216000000,6543000000,TRUE,FALSE,Grade A,"3 of 4 quarters derived by exact YTD subtraction.  Fiscal quarters ending 2022-12-31, 2023-03-31, 2023-06-30, 2023-09-30."
2023-Q3,Oracle,Oracle,8290000000,8.290,Oracle capital expenditures (cash purchases of property and equipment),2435000000,2628000000,1913000000,1314000000,TRUE,FALSE,Grade A,"3 of 4 quarters derived by exact YTD subtraction.  Fiscal quarters ending 2022-11-30, 2023-02-28, 2023-05-31, 2023-08-31."
2023-Q3,Alibaba,Alibaba,3176701286,3.177,Alibaba cash capital expenditure (see C),969767358,508308981,987739454,710885493,TRUE,FALSE,Grade B," Fiscal quarters ending 2022-12-31, 2023-03-31, 2023-06-30, 2023-09-30."
2023-Q3,Tencent,Tencent,3107884781,3.108,Tencent (see C),794570878,644666738,563668841,1104978324,TRUE,FALSE,Grade A," Fiscal quarters ending 2022-12-31, 2023-03-31, 2023-06-30, 2023-09-30."
2023-Q3,Baidu,Baidu,1333480015,1.333,Baidu (see C),271231149,189263982,385855776,487129108,TRUE,FALSE,Grade A," Fiscal quarters ending 2022-12-31, 2023-03-31, 2023-06-30, 2023-09-30."
2023-Q4,Amazon,Amazon,48133000000,48.133,Amazon purchases of property and equipment net of proceeds from sales and incentives (cash),13070000000,10412000000,11298000000,13353000000,TRUE,FALSE,Grade A,"4 of 4 quarters derived by exact YTD subtraction.  Fiscal quarters ending 2023-03-31, 2023-06-30, 2023-09-30, 2023-12-31."
2023-Q4,Microsoft,Microsoft,35202000000,35.202,Microsoft additions to property and equipment (cash),6607000000,8943000000,9917000000,9735000000,TRUE,FALSE,Grade A,"1 of 4 quarters derived by exact YTD subtraction.  Fiscal quarters ending 2023-03-31, 2023-06-30, 2023-09-30, 2023-12-31."
2023-Q4,Alphabet,Alphabet (Google),32251000000,32.251,Alphabet (Google) purchases of property and equipment (cash),6289000000,6888000000,8055000000,11019000000,TRUE,FALSE,Grade A,"3 of 4 quarters derived by exact YTD subtraction.  Fiscal quarters ending 2023-03-31, 2023-06-30, 2023-09-30, 2023-12-31."
2023-Q4,Meta,Meta (Facebook),27266000000,27.266,Meta purchases of property and equipment (cash; printed 'net' from the 2024 filings),6842000000,6216000000,6543000000,7665000000,TRUE,FALSE,Grade A,"3 of 4 quarters derived by exact YTD subtraction.  Fiscal quarters ending 2023-03-31, 2023-06-30, 2023-09-30, 2023-12-31."
2023-Q4,Oracle,Oracle,6935000000,6.935,Oracle capital expenditures (cash purchases of property and equipment),2628000000,1913000000,1314000000,1080000000,TRUE,FALSE,Grade A,"3 of 4 quarters derived by exact YTD subtraction.  Fiscal quarters ending 2023-02-28, 2023-05-31, 2023-08-31, 2023-11-30."
2023-Q4,Alibaba,Alibaba,3432871088,3.433,Alibaba cash capital expenditure (see C),508308981,987739454,710885493,1225937160,TRUE,FALSE,Grade B," Fiscal quarters ending 2023-03-31, 2023-06-30, 2023-09-30, 2023-12-31."
2023-Q4,Tencent,Tencent,3354744544,3.355,Tencent (see C),644666738,563668841,1104978324,1041430641,TRUE,FALSE,Grade A," Fiscal quarters ending 2023-03-31, 2023-06-30, 2023-09-30, 2023-12-31."
2023-Q4,Baidu,Baidu,1568845908,1.569,Baidu (see C),189263982,385855776,487129108,506597042,TRUE,FALSE,Grade A," Fiscal quarters ending 2023-03-31, 2023-06-30, 2023-09-30, 2023-12-31."
2024-Q1,Amazon,Amazon,48998000000,48.998,Amazon purchases of property and equipment net of proceeds from sales and incentives (cash),10412000000,11298000000,13353000000,13935000000,TRUE,FALSE,Grade A,"4 of 4 quarters derived by exact YTD subtraction.  Fiscal quarters ending 2023-06-30, 2023-09-30, 2023-12-31, 2024-03-31."
2024-Q1,Microsoft,Microsoft,39547000000,39.547,Microsoft additions to property and equipment (cash),8943000000,9917000000,9735000000,10952000000,TRUE,FALSE,Grade A,"1 of 4 quarters derived by exact YTD subtraction.  Fiscal quarters ending 2023-06-30, 2023-09-30, 2023-12-31, 2024-03-31."
2024-Q1,Alphabet,Alphabet (Google),37974000000,37.974,Alphabet (Google) purchases of property and equipment (cash),6888000000,8055000000,11019000000,12012000000,TRUE,FALSE,Grade A,"3 of 4 quarters derived by exact YTD subtraction.  Fiscal quarters ending 2023-06-30, 2023-09-30, 2023-12-31, 2024-03-31."
2024-Q1,Meta,Meta (Facebook),26824000000,26.824,Meta purchases of property and equipment (cash; printed 'net' from the 2024 filings),6216000000,6543000000,7665000000,6400000000,TRUE,TRUE,Grade A,"3 of 4 quarters derived by exact YTD subtraction. Meta prints 'Purchases of property and equipment, net' from its 2024 filings (2023 re-presented) Fiscal quarters ending 2023-06-30, 2023-09-30, 2023-12-31, 2024-03-31."
2024-Q1,Oracle,Oracle,5981000000,5.981,Oracle capital expenditures (cash purchases of property and equipment),1913000000,1314000000,1080000000,1674000000,TRUE,FALSE,Grade A,"3 of 4 quarters derived by exact YTD subtraction.  Fiscal quarters ending 2023-05-31, 2023-08-31, 2023-11-30, 2024-02-29."
2024-Q1,Tencent,Tencent,4707579086,4.708,Tencent (see C),563668841,1104978324,1041430641,1997501280,TRUE,FALSE,Grade A," Fiscal quarters ending 2023-06-30, 2023-09-30, 2023-12-31, 2024-03-31."
2024-Q1,Alibaba,Alibaba,4476072085,4.476,Alibaba cash capital expenditure (see C),987739454,710885493,1225937160,1551509978,TRUE,FALSE,Grade B," Fiscal quarters ending 2023-06-30, 2023-09-30, 2023-12-31, 2024-03-31."
2024-Q1,Baidu,Baidu,1663091057,1.663,Baidu (see C),385855776,487129108,506597042,283509131,TRUE,FALSE,Grade A," Fiscal quarters ending 2023-06-30, 2023-09-30, 2023-12-31, 2024-03-31."
2024-Q2,Amazon,Amazon,54979000000,54.979,Amazon purchases of property and equipment net of proceeds from sales and incentives (cash),11298000000,13353000000,13935000000,16393000000,TRUE,FALSE,Grade A,"4 of 4 quarters derived by exact YTD subtraction.  Fiscal quarters ending 2023-09-30, 2023-12-31, 2024-03-31, 2024-06-30."
2024-Q2,Microsoft,Microsoft,44477000000,44.477,Microsoft additions to property and equipment (cash),9917000000,9735000000,10952000000,13873000000,TRUE,FALSE,Grade A,"1 of 4 quarters derived by exact YTD subtraction.  Fiscal quarters ending 2023-09-30, 2023-12-31, 2024-03-31, 2024-06-30."
2024-Q2,Alphabet,Alphabet (Google),44272000000,44.272,Alphabet (Google) purchases of property and equipment (cash),8055000000,11019000000,12012000000,13186000000,TRUE,FALSE,Grade A,"3 of 4 quarters derived by exact YTD subtraction.  Fiscal quarters ending 2023-09-30, 2023-12-31, 2024-03-31, 2024-06-30."
2024-Q2,Meta,Meta (Facebook),28781000000,28.781,Meta purchases of property and equipment (cash; printed 'net' from the 2024 filings),6543000000,7665000000,6400000000,8173000000,TRUE,TRUE,Grade A,"3 of 4 quarters derived by exact YTD subtraction. Meta prints 'Purchases of property and equipment, net' from its 2024 filings (2023 re-presented) Fiscal quarters ending 2023-09-30, 2023-12-31, 2024-03-31, 2024-06-30."
2024-Q2,Oracle,Oracle,6866000000,6.866,Oracle capital expenditures (cash purchases of property and equipment),1314000000,1080000000,1674000000,2798000000,TRUE,FALSE,Grade A,"3 of 4 quarters derived by exact YTD subtraction.  Fiscal quarters ending 2023-08-31, 2023-11-30, 2024-02-29, 2024-05-31."
2024-Q2,Tencent,Tencent,5349405724,5.349,Tencent (see C),1104978324,1041430641,1997501280,1205495479,TRUE,FALSE,Grade A," Fiscal quarters ending 2023-09-30, 2023-12-31, 2024-03-31, 2024-06-30."
2024-Q2,Alibaba,Alibaba,5158542544,5.159,Alibaba cash capital expenditure (see C),710885493,1225937160,1551509978,1670209913,TRUE,FALSE,Grade B," Fiscal quarters ending 2023-09-30, 2023-12-31, 2024-03-31, 2024-06-30."
2024-Q2,Baidu,Baidu,1569736074,1.570,Baidu (see C),487129108,506597042,283509131,292500793,TRUE,FALSE,Grade A," Fiscal quarters ending 2023-09-30, 2023-12-31, 2024-03-31, 2024-06-30."
2024-Q3,Amazon,Amazon,64959000000,64.959,Amazon purchases of property and equipment net of proceeds from sales and incentives (cash),13353000000,13935000000,16393000000,21278000000,TRUE,FALSE,Grade A,"4 of 4 quarters derived by exact YTD subtraction.  Fiscal quarters ending 2023-12-31, 2024-03-31, 2024-06-30, 2024-09-30."
2024-Q3,Microsoft,Microsoft,49483000000,49.483,Microsoft additions to property and equipment (cash),9735000000,10952000000,13873000000,14923000000,TRUE,FALSE,Grade A,"1 of 4 quarters derived by exact YTD subtraction.  Fiscal quarters ending 2023-12-31, 2024-03-31, 2024-06-30, 2024-09-30."
2024-Q3,Alphabet,Alphabet (Google),49278000000,49.278,Alphabet (Google) purchases of property and equipment (cash),11019000000,12012000000,13186000000,13061000000,TRUE,FALSE,Grade A,"3 of 4 quarters derived by exact YTD subtraction.  Fiscal quarters ending 2023-12-31, 2024-03-31, 2024-06-30, 2024-09-30."
2024-Q3,Meta,Meta (Facebook),30496000000,30.496,Meta purchases of property and equipment (cash; printed 'net' from the 2024 filings),7665000000,6400000000,8173000000,8258000000,TRUE,TRUE,Grade A,"3 of 4 quarters derived by exact YTD subtraction. Meta prints 'Purchases of property and equipment, net' from its 2024 filings (2023 re-presented) Fiscal quarters ending 2023-12-31, 2024-03-31, 2024-06-30, 2024-09-30."
2024-Q3,Oracle,Oracle,7855000000,7.855,Oracle capital expenditures (cash purchases of property and equipment),1080000000,1674000000,2798000000,2303000000,TRUE,FALSE,Grade A,"3 of 4 quarters derived by exact YTD subtraction.  Fiscal quarters ending 2023-11-30, 2024-02-29, 2024-05-31, 2024-08-31."
2024-Q3,Alibaba,Alibaba,6889120757,6.889,Alibaba cash capital expenditure (see C),1225937160,1551509978,1670209913,2441463706,TRUE,FALSE,Grade B," Fiscal quarters ending 2023-12-31, 2024-03-31, 2024-06-30, 2024-09-30."
2024-Q3,Tencent,Tencent,6630476259,6.630,Tencent (see C),1041430641,1997501280,1205495479,2386048859,TRUE,FALSE,Grade A," Fiscal quarters ending 2023-12-31, 2024-03-31, 2024-06-30, 2024-09-30."
2024-Q3,Baidu,Baidu,1312222642,1.312,Baidu (see C),506597042,283509131,292500793,229615676,TRUE,FALSE,Grade A," Fiscal quarters ending 2023-12-31, 2024-03-31, 2024-06-30, 2024-09-30."
2024-Q4,Amazon,Amazon,77658000000,77.658,Amazon purchases of property and equipment net of proceeds from sales and incentives (cash),13935000000,16393000000,21278000000,26052000000,TRUE,FALSE,Grade A,"4 of 4 quarters derived by exact YTD subtraction.  Fiscal quarters ending 2024-03-31, 2024-06-30, 2024-09-30, 2024-12-31."
2024-Q4,Microsoft,Microsoft,55552000000,55.552,Microsoft additions to property and equipment (cash),10952000000,13873000000,14923000000,15804000000,TRUE,FALSE,Grade A,"1 of 4 quarters derived by exact YTD subtraction.  Fiscal quarters ending 2024-03-31, 2024-06-30, 2024-09-30, 2024-12-31."
2024-Q4,Alphabet,Alphabet (Google),52535000000,52.535,Alphabet (Google) purchases of property and equipment (cash),12012000000,13186000000,13061000000,14276000000,TRUE,FALSE,Grade A,"3 of 4 quarters derived by exact YTD subtraction.  Fiscal quarters ending 2024-03-31, 2024-06-30, 2024-09-30, 2024-12-31."
2024-Q4,Meta,Meta (Facebook),37256000000,37.256,Meta purchases of property and equipment (cash; printed 'net' from the 2024 filings),6400000000,8173000000,8258000000,14425000000,TRUE,TRUE,Grade A,"3 of 4 quarters derived by exact YTD subtraction. Meta prints 'Purchases of property and equipment, net' from its 2024 filings (2023 re-presented) Fiscal quarters ending 2024-03-31, 2024-06-30, 2024-09-30, 2024-12-31."
2024-Q4,Oracle,Oracle,10745000000,10.745,Oracle capital expenditures (cash purchases of property and equipment),1674000000,2798000000,2303000000,3970000000,TRUE,FALSE,Grade A,"3 of 4 quarters derived by exact YTD subtraction.  Fiscal quarters ending 2024-02-29, 2024-05-31, 2024-08-31, 2024-11-30."
2024-Q4,Tencent,Tencent,10676701911,10.677,Tencent (see C),1997501280,1205495479,2386048859,5087656293,TRUE,FALSE,Grade A," Fiscal quarters ending 2024-03-31, 2024-06-30, 2024-09-30, 2024-12-31."
2024-Q4,Alibaba,Alibaba,10082787695,10.083,Alibaba cash capital expenditure (see C),1551509978,1670209913,2441463706,4419604098,TRUE,FALSE,Grade B," Fiscal quarters ending 2024-03-31, 2024-06-30, 2024-09-30, 2024-12-31."
2024-Q4,Baidu,Baidu,1130123991,1.130,Baidu (see C),283509131,292500793,229615676,324498391,TRUE,FALSE,Grade A," Fiscal quarters ending 2024-03-31, 2024-06-30, 2024-09-30, 2024-12-31."
2025-Q1,Amazon,Amazon,87978000000,87.978,Amazon purchases of property and equipment net of proceeds from sales and incentives (cash),16393000000,21278000000,26052000000,24255000000,TRUE,FALSE,Grade A,"4 of 4 quarters derived by exact YTD subtraction.  Fiscal quarters ending 2024-06-30, 2024-09-30, 2024-12-31, 2025-03-31."
2025-Q1,Microsoft,Microsoft,61345000000,61.345,Microsoft additions to property and equipment (cash),13873000000,14923000000,15804000000,16745000000,TRUE,FALSE,Grade A,"1 of 4 quarters derived by exact YTD subtraction.  Fiscal quarters ending 2024-06-30, 2024-09-30, 2024-12-31, 2025-03-31."
2025-Q1,Alphabet,Alphabet (Google),57720000000,57.720,Alphabet (Google) purchases of property and equipment (cash),13186000000,13061000000,14276000000,17197000000,TRUE,FALSE,Grade A,"3 of 4 quarters derived by exact YTD subtraction.  Fiscal quarters ending 2024-06-30, 2024-09-30, 2024-12-31, 2025-03-31."
2025-Q1,Meta,Meta (Facebook),43797000000,43.797,Meta purchases of property and equipment (cash; printed 'net' from the 2024 filings),8173000000,8258000000,14425000000,12941000000,TRUE,FALSE,Grade A,"3 of 4 quarters derived by exact YTD subtraction.  Fiscal quarters ending 2024-06-30, 2024-09-30, 2024-12-31, 2025-03-31."
2025-Q1,Oracle,Oracle,14933000000,14.933,Oracle capital expenditures (cash purchases of property and equipment),2798000000,2303000000,3970000000,5862000000,TRUE,FALSE,Grade A,"3 of 4 quarters derived by exact YTD subtraction.  Fiscal quarters ending 2024-05-31, 2024-08-31, 2024-11-30, 2025-02-28."
2025-Q1,Tencent,Tencent,12457126358,12.457,Tencent (see C),1205495479,2386048859,5087656293,3777925727,TRUE,FALSE,Grade A," Fiscal quarters ending 2024-06-30, 2024-09-30, 2024-12-31, 2025-03-31."
2025-Q1,Alibaba,Alibaba,11915405974,11.915,Alibaba cash capital expenditure (see C),1670209913,2441463706,4419604098,3384128257,TRUE,FALSE,Grade B," Fiscal quarters ending 2024-06-30, 2024-09-30, 2024-12-31, 2025-03-31."
2025-Q1,Baidu,Baidu,1245362298,1.245,Baidu (see C),292500793,229615676,324498391,398747438,TRUE,FALSE,Grade A," Fiscal quarters ending 2024-06-30, 2024-09-30, 2024-12-31, 2025-03-31."
2025-Q2,Amazon,Amazon,102953000000,102.953,Amazon purchases of property and equipment net of proceeds from sales and incentives (cash),21278000000,26052000000,24255000000,31368000000,TRUE,FALSE,Grade A,"4 of 4 quarters derived by exact YTD subtraction.  Fiscal quarters ending 2024-09-30, 2024-12-31, 2025-03-31, 2025-06-30."
2025-Q2,Alphabet,Alphabet (Google),66980000000,66.980,Alphabet (Google) purchases of property and equipment (cash),13061000000,14276000000,17197000000,22446000000,TRUE,FALSE,Grade A,"3 of 4 quarters derived by exact YTD subtraction.  Fiscal quarters ending 2024-09-30, 2024-12-31, 2025-03-31, 2025-06-30."
2025-Q2,Microsoft,Microsoft,64551000000,64.551,Microsoft additions to property and equipment (cash),14923000000,15804000000,16745000000,17079000000,TRUE,FALSE,Grade A,"1 of 4 quarters derived by exact YTD subtraction.  Fiscal quarters ending 2024-09-30, 2024-12-31, 2025-03-31, 2025-06-30."
2025-Q2,Meta,Meta (Facebook),52162000000,52.162,Meta purchases of property and equipment (cash; printed 'net' from the 2024 filings),8258000000,14425000000,12941000000,16538000000,TRUE,FALSE,Grade A,"3 of 4 quarters derived by exact YTD subtraction.  Fiscal quarters ending 2024-09-30, 2024-12-31, 2025-03-31, 2025-06-30."
2025-Q2,Oracle,Oracle,21215000000,21.215,Oracle capital expenditures (cash purchases of property and equipment),2303000000,3970000000,5862000000,9080000000,TRUE,FALSE,Grade A,"3 of 4 quarters derived by exact YTD subtraction.  Fiscal quarters ending 2024-08-31, 2024-11-30, 2025-02-28, 2025-05-31."
2025-Q2,Alibaba,Alibaba,15592297254,15.592,Alibaba cash capital expenditure (see C),2441463706,4419604098,3384128257,5347101193,TRUE,FALSE,Grade B," Fiscal quarters ending 2024-09-30, 2024-12-31, 2025-03-31, 2025-06-30."
2025-Q2,Tencent,Tencent,13893244864,13.893,Tencent (see C),2386048859,5087656293,3777925727,2641613985,TRUE,FALSE,Grade A," Fiscal quarters ending 2024-09-30, 2024-12-31, 2025-03-31, 2025-06-30."
2025-Q2,Baidu,Baidu,1478225672,1.478,Baidu (see C),229615676,324498391,398747438,525364167,TRUE,FALSE,Grade A," Fiscal quarters ending 2024-09-30, 2024-12-31, 2025-03-31, 2025-06-30."
2025-Q3,Amazon,Amazon,115903000000,115.903,Amazon purchases of property and equipment net of proceeds from sales and incentives (cash),26052000000,24255000000,31368000000,34228000000,TRUE,FALSE,Grade A,"4 of 4 quarters derived by exact YTD subtraction.  Fiscal quarters ending 2024-12-31, 2025-03-31, 2025-06-30, 2025-09-30."
2025-Q3,Alphabet,Alphabet (Google),77872000000,77.872,Alphabet (Google) purchases of property and equipment (cash),14276000000,17197000000,22446000000,23953000000,TRUE,FALSE,Grade A,"3 of 4 quarters derived by exact YTD subtraction.  Fiscal quarters ending 2024-12-31, 2025-03-31, 2025-06-30, 2025-09-30."
2025-Q3,Microsoft,Microsoft,69022000000,69.022,Microsoft additions to property and equipment (cash),15804000000,16745000000,17079000000,19394000000,TRUE,FALSE,Grade A,"1 of 4 quarters derived by exact YTD subtraction.  Fiscal quarters ending 2024-12-31, 2025-03-31, 2025-06-30, 2025-09-30."
2025-Q3,Meta,Meta (Facebook),62733000000,62.733,Meta purchases of property and equipment (cash; printed 'net' from the 2024 filings),14425000000,12941000000,16538000000,18829000000,TRUE,FALSE,Grade A,"3 of 4 quarters derived by exact YTD subtraction.  Fiscal quarters ending 2024-12-31, 2025-03-31, 2025-06-30, 2025-09-30."
2025-Q3,Oracle,Oracle,27414000000,27.414,Oracle capital expenditures (cash purchases of property and equipment),3970000000,5862000000,9080000000,8502000000,TRUE,FALSE,Grade A,"3 of 4 quarters derived by exact YTD subtraction.  Fiscal quarters ending 2024-11-30, 2025-02-28, 2025-05-31, 2025-08-31."
2025-Q3,Alibaba,Alibaba,17552248271,17.552,Alibaba cash capital expenditure (see C),4419604098,3384128257,5347101193,4401414723,TRUE,FALSE,Grade B," Fiscal quarters ending 2024-12-31, 2025-03-31, 2025-06-30, 2025-09-30."
2025-Q3,Tencent,Tencent,13321219920,13.321,Tencent (see C),5087656293,3777925727,2641613985,1814023915,TRUE,FALSE,Grade A," Fiscal quarters ending 2024-12-31, 2025-03-31, 2025-06-30, 2025-09-30."
2025-Q3,Baidu,Baidu,1723807973,1.724,Baidu (see C),324498391,398747438,525364167,475197977,TRUE,FALSE,Grade A," Fiscal quarters ending 2024-12-31, 2025-03-31, 2025-06-30, 2025-09-30."
2025-Q4,Amazon,Amazon,128320000000,128.320,Amazon purchases of property and equipment net of proceeds from sales and incentives (cash),24255000000,31368000000,34228000000,38469000000,TRUE,FALSE,Grade A,"4 of 4 quarters derived by exact YTD subtraction.  Fiscal quarters ending 2025-03-31, 2025-06-30, 2025-09-30, 2025-12-31."
2025-Q4,Alphabet,Alphabet (Google),91447000000,91.447,Alphabet (Google) purchases of property and equipment (cash),17197000000,22446000000,23953000000,27851000000,TRUE,FALSE,Grade A,"3 of 4 quarters derived by exact YTD subtraction.  Fiscal quarters ending 2025-03-31, 2025-06-30, 2025-09-30, 2025-12-31."
2025-Q4,Microsoft,Microsoft,83094000000,83.094,Microsoft additions to property and equipment (cash),16745000000,17079000000,19394000000,29876000000,TRUE,FALSE,Grade A,"1 of 4 quarters derived by exact YTD subtraction.  Fiscal quarters ending 2025-03-31, 2025-06-30, 2025-09-30, 2025-12-31."
2025-Q4,Meta,Meta (Facebook),69691000000,69.691,Meta purchases of property and equipment (cash; printed 'net' from the 2024 filings),12941000000,16538000000,18829000000,21383000000,TRUE,FALSE,Grade A,"3 of 4 quarters derived by exact YTD subtraction.  Fiscal quarters ending 2025-03-31, 2025-06-30, 2025-09-30, 2025-12-31."
2025-Q4,Oracle,Oracle,35477000000,35.477,Oracle capital expenditures (cash purchases of property and equipment),5862000000,9080000000,8502000000,12033000000,TRUE,FALSE,Grade A,"3 of 4 quarters derived by exact YTD subtraction.  Fiscal quarters ending 2025-02-28, 2025-05-31, 2025-08-31, 2025-11-30."
2025-Q4,Alibaba,Alibaba,17223389051,17.223,Alibaba cash capital expenditure (see C),3384128257,5347101193,4401414723,4090744878,TRUE,FALSE,Grade B," Fiscal quarters ending 2025-03-31, 2025-06-30, 2025-09-30, 2025-12-31."
2025-Q4,Tencent,Tencent,11002952346,11.003,Tencent (see C),3777925727,2641613985,1814023915,2769388719,TRUE,FALSE,Grade A," Fiscal quarters ending 2025-03-31, 2025-06-30, 2025-09-30, 2025-12-31."
2025-Q4,Baidu,Baidu,1677489826,1.677,Baidu (see C),398747438,525364167,475197977,278180244,TRUE,FALSE,Grade A," Fiscal quarters ending 2025-03-31, 2025-06-30, 2025-09-30, 2025-12-31."
2026-Q1,Amazon,Amazon,147299000000,147.299,Amazon purchases of property and equipment net of proceeds from sales and incentives (cash),31368000000,34228000000,38469000000,43234000000,TRUE,FALSE,Grade A,"4 of 4 quarters derived by exact YTD subtraction.  Fiscal quarters ending 2025-06-30, 2025-09-30, 2025-12-31, 2026-03-31."
2026-Q1,Alphabet,Alphabet (Google),109924000000,109.924,Alphabet (Google) purchases of property and equipment (cash),22446000000,23953000000,27851000000,35674000000,TRUE,FALSE,Grade A,"3 of 4 quarters derived by exact YTD subtraction.  Fiscal quarters ending 2025-06-30, 2025-09-30, 2025-12-31, 2026-03-31."
2026-Q1,Microsoft,Microsoft,97225000000,97.225,Microsoft additions to property and equipment (cash),17079000000,19394000000,29876000000,30876000000,TRUE,FALSE,Grade A,"1 of 4 quarters derived by exact YTD subtraction.  Fiscal quarters ending 2025-06-30, 2025-09-30, 2025-12-31, 2026-03-31."
2026-Q1,Meta,Meta (Facebook),75747000000,75.747,Meta purchases of property and equipment (cash; printed 'net' from the 2024 filings),16538000000,18829000000,21383000000,18997000000,TRUE,FALSE,Grade A,"3 of 4 quarters derived by exact YTD subtraction.  Fiscal quarters ending 2025-06-30, 2025-09-30, 2025-12-31, 2026-03-31."
2026-Q1,Oracle,Oracle,48250000000,48.250,Oracle capital expenditures (cash purchases of property and equipment),9080000000,8502000000,12033000000,18635000000,TRUE,FALSE,Grade A,"3 of 4 quarters derived by exact YTD subtraction.  Fiscal quarters ending 2025-05-31, 2025-08-31, 2025-11-30, 2026-02-28."
2026-Q1,Alibaba,Alibaba,17723643803,17.724,Alibaba cash capital expenditure (see C),5347101193,4401414723,4090744878,3884383009,TRUE,FALSE,Grade B," Fiscal quarters ending 2025-06-30, 2025-09-30, 2025-12-31, 2026-03-31."
2026-Q1,Tencent,Tencent,11838842061,11.839,Tencent (see C),2641613985,1814023915,2769388719,4613815442,TRUE,FALSE,Grade A," Fiscal quarters ending 2025-06-30, 2025-09-30, 2025-12-31, 2026-03-31."
2026-Q1,Baidu,Baidu,2133430895,2.133,Baidu (see C),525364167,475197977,278180244,854688507,TRUE,FALSE,Grade A," Fiscal quarters ending 2025-06-30, 2025-09-30, 2025-12-31, 2026-03-31."
2026-Q2,Amazon,Amazon,169007000000,169.007,Amazon purchases of property and equipment net of proceeds from sales and incentives (cash),34228000000,38469000000,43234000000,53076000000,TRUE,FALSE,Grade A,"4 of 4 quarters derived by exact YTD subtraction.  Fiscal quarters ending 2025-09-30, 2025-12-31, 2026-03-31, 2026-06-30."
2026-Q2,Alphabet,Alphabet (Google),132402000000,132.402,Alphabet (Google) purchases of property and equipment (cash),23953000000,27851000000,35674000000,44924000000,TRUE,FALSE,Grade A,"3 of 4 quarters derived by exact YTD subtraction.  Fiscal quarters ending 2025-09-30, 2025-12-31, 2026-03-31, 2026-06-30."
2026-Q2,Microsoft,Microsoft,115948000000,115.948,Microsoft additions to property and equipment (cash),19394000000,29876000000,30876000000,35802000000,TRUE,FALSE,Grade A,"1 of 4 quarters derived by exact YTD subtraction.  Fiscal quarters ending 2025-09-30, 2025-12-31, 2026-03-31, 2026-06-30."
2026-Q2,Meta,Meta (Facebook),89325000000,89.325,Meta purchases of property and equipment (cash; printed 'net' from the 2024 filings),18829000000,21383000000,18997000000,30116000000,TRUE,FALSE,Grade A,"3 of 4 quarters derived by exact YTD subtraction.  Fiscal quarters ending 2025-09-30, 2025-12-31, 2026-03-31, 2026-06-30."
2026-Q2,Oracle,Oracle,55663000000,55.663,Oracle capital expenditures (cash purchases of property and equipment),8502000000,12033000000,18635000000,16493000000,TRUE,FALSE,Grade A,"3 of 4 quarters derived by exact YTD subtraction.  Fiscal quarters ending 2025-08-31, 2025-11-30, 2026-02-28, 2026-05-31."
2026-Q2,Alibaba,Alibaba,22322188227,22.322,Alibaba cash capital expenditure (see C),4401414723,4090744878,3884383009,9945645617,TRUE,FALSE,Grade B," Fiscal quarters ending 2025-09-30, 2025-12-31, 2026-03-31, 2026-06-30."
2026-Q2,Tencent,Tencent,16954120393,16.954,Tencent (see C),1814023915,2769388719,4613815442,7756892317,TRUE,FALSE,Grade A," Fiscal quarters ending 2025-09-30, 2025-12-31, 2026-03-31, 2026-06-30."
2026-Q2,Baidu,Baidu,3281888407,3.282,Baidu (see C),475197977,278180244,854688507,1673821679,TRUE,FALSE,Grade A," Fiscal quarters ending 2025-09-30, 2025-12-31, 2026-03-31, 2026-06-30."
