sheet,platform,released,model,region,period,raw_ten_thousands,units,marker
NES to Nintendo GameCube,Family Computer/NES,"released on July 15, 1983（Japan）",family,Japan,FY3/1998,3,30000,
NES to Nintendo GameCube,Family Computer/NES,"released on July 15, 1983（Japan）",family,Japan,FY3/1999,5,50000,
NES to Nintendo GameCube,Family Computer/NES,"released on July 15, 1983（Japan）",family,Japan,FY3/2000,5,50000,
NES to Nintendo GameCube,Family Computer/NES,"released on July 15, 1983（Japan）",family,Japan,FY3/2001,5,50000,
NES to Nintendo GameCube,Family Computer/NES,"released on July 15, 1983（Japan）",family,Japan,FY3/2002,6,60000,
NES to Nintendo GameCube,Family Computer/NES,"released on July 15, 1983（Japan）",family,Japan,FY3/2003,6,60000,
NES to Nintendo GameCube,Family Computer/NES,"released on July 15, 1983（Japan）",family,Japan,FY3/2004,3,30000,
NES to Nintendo GameCube,Family Computer/NES,"released on July 15, 1983（Japan）",family,Japan,FY3/2005,0.1,0,lt10k_pos
NES to Nintendo GameCube,Family Computer/NES,"released on July 15, 1983（Japan）",family,Japan,FY3/2006,0.1,0,lt10k_pos
NES to Nintendo GameCube,Family Computer/NES,"released on July 15, 1983（Japan）",family,Japan,FY3/2007,0.1,0,lt10k_pos
NES to Nintendo GameCube,Family Computer/NES,"released on July 15, 1983（Japan）",family,Japan,FY3/2008,0.1,0,lt10k_pos
NES to Nintendo GameCube,Family Computer/NES,"released on July 15, 1983（Japan）",family,Japan,FY3/2009,0,0,
NES to Nintendo GameCube,Family Computer/NES,"released on July 15, 1983（Japan）",family,Japan,FY3/2010,0,0,
NES to Nintendo GameCube,Family Computer/NES,"released on July 15, 1983（Japan）",family,Japan,FY3/2011,0,0,
NES to Nintendo GameCube,Family Computer/NES,"released on July 15, 1983（Japan）",family,Japan,FY3/2012,0,0,
NES to Nintendo GameCube,Family Computer/NES,"released on July 15, 1983（Japan）",family,Japan,FY3/2013,0,0,
NES to Nintendo GameCube,Family Computer/NES,"released on July 15, 1983（Japan）",family,Japan,FY3/2014,0,0,
NES to Nintendo GameCube,Family Computer/NES,"released on July 15, 1983（Japan）",family,Japan,FY3/2015~,0,0,
NES to Nintendo GameCube,Family Computer/NES,"released on July 15, 1983（Japan）",family,Japan,LTD,1935,19350000,
NES to Nintendo GameCube,Family Computer/NES,"released on July 15, 1983（Japan）",family,The Americas,FY3/1998,0.1,0,lt10k_pos
NES to Nintendo GameCube,Family Computer/NES,"released on July 15, 1983（Japan）",family,The Americas,FY3/1999,0.1,0,lt10k_pos
NES to Nintendo GameCube,Family Computer/NES,"released on July 15, 1983（Japan）",family,The Americas,FY3/2000,-0.1,0,lt10k_neg
NES to Nintendo GameCube,Family Computer/NES,"released on July 15, 1983（Japan）",family,The Americas,FY3/2001,0,0,
NES to Nintendo GameCube,Family Computer/NES,"released on July 15, 1983（Japan）",family,The Americas,FY3/2002,0,0,
NES to Nintendo GameCube,Family Computer/NES,"released on July 15, 1983（Japan）",family,The Americas,FY3/2003,0,0,
NES to Nintendo GameCube,Family Computer/NES,"released on July 15, 1983（Japan）",family,The Americas,FY3/2004,0,0,
NES to Nintendo GameCube,Family Computer/NES,"released on July 15, 1983（Japan）",family,The Americas,FY3/2005,0,0,
NES to Nintendo GameCube,Family Computer/NES,"released on July 15, 1983（Japan）",family,The Americas,FY3/2006,0,0,
NES to Nintendo GameCube,Family Computer/NES,"released on July 15, 1983（Japan）",family,The Americas,FY3/2007,0,0,
NES to Nintendo GameCube,Family Computer/NES,"released on July 15, 1983（Japan）",family,The Americas,FY3/2008,0,0,
NES to Nintendo GameCube,Family Computer/NES,"released on July 15, 1983（Japan）",family,The Americas,FY3/2009,0,0,
NES to Nintendo GameCube,Family Computer/NES,"released on July 15, 1983（Japan）",family,The Americas,FY3/2010,0,0,
NES to Nintendo GameCube,Family Computer/NES,"released on July 15, 1983（Japan）",family,The Americas,FY3/2011,0,0,
NES to Nintendo GameCube,Family Computer/NES,"released on July 15, 1983（Japan）",family,The Americas,FY3/2012,0,0,
NES to Nintendo GameCube,Family Computer/NES,"released on July 15, 1983（Japan）",family,The Americas,FY3/2013,0,0,
NES to Nintendo GameCube,Family Computer/NES,"released on July 15, 1983（Japan）",family,The Americas,FY3/2014,0,0,
NES to Nintendo GameCube,Family Computer/NES,"released on July 15, 1983（Japan）",family,The Americas,FY3/2015~,0,0,
NES to Nintendo GameCube,Family Computer/NES,"released on July 15, 1983（Japan）",family,The Americas,LTD,3400,34000000,
NES to Nintendo GameCube,Family Computer/NES,"released on July 15, 1983（Japan）",family,Other,FY3/2000,0,0,
NES to Nintendo GameCube,Family Computer/NES,"released on July 15, 1983（Japan）",family,Other,FY3/2001,0,0,
NES to Nintendo GameCube,Family Computer/NES,"released on July 15, 1983（Japan）",family,Other,FY3/2002,0.1,0,lt10k_pos
NES to Nintendo GameCube,Family Computer/NES,"released on July 15, 1983（Japan）",family,Other,FY3/2003,0.1,0,lt10k_pos
NES to Nintendo GameCube,Family Computer/NES,"released on July 15, 1983（Japan）",family,Other,FY3/2004,0.1,0,lt10k_pos
NES to Nintendo GameCube,Family Computer/NES,"released on July 15, 1983（Japan）",family,Other,FY3/2005,0,0,
NES to Nintendo GameCube,Family Computer/NES,"released on July 15, 1983（Japan）",family,Other,FY3/2006,0,0,
NES to Nintendo GameCube,Family Computer/NES,"released on July 15, 1983（Japan）",family,Other,FY3/2007,0,0,
NES to Nintendo GameCube,Family Computer/NES,"released on July 15, 1983（Japan）",family,Other,FY3/2008,0,0,
NES to Nintendo GameCube,Family Computer/NES,"released on July 15, 1983（Japan）",family,Other,FY3/2009,0,0,
NES to Nintendo GameCube,Family Computer/NES,"released on July 15, 1983（Japan）",family,Other,FY3/2010,0,0,
NES to Nintendo GameCube,Family Computer/NES,"released on July 15, 1983（Japan）",family,Other,FY3/2011,0,0,
NES to Nintendo GameCube,Family Computer/NES,"released on July 15, 1983（Japan）",family,Other,FY3/2012,0,0,
NES to Nintendo GameCube,Family Computer/NES,"released on July 15, 1983（Japan）",family,Other,FY3/2013,0,0,
NES to Nintendo GameCube,Family Computer/NES,"released on July 15, 1983（Japan）",family,Other,FY3/2014,0,0,
NES to Nintendo GameCube,Family Computer/NES,"released on July 15, 1983（Japan）",family,Other,FY3/2015~,0,0,
NES to Nintendo GameCube,Family Computer/NES,"released on July 15, 1983（Japan）",family,Other,LTD,856,8560000,
NES to Nintendo GameCube,Family Computer/NES,"released on July 15, 1983（Japan）",family,Total,FY3/1998,3,30000,
NES to Nintendo GameCube,Family Computer/NES,"released on July 15, 1983（Japan）",family,Total,FY3/1999,5,50000,
NES to Nintendo GameCube,Family Computer/NES,"released on July 15, 1983（Japan）",family,Total,FY3/2000,5,50000,
NES to Nintendo GameCube,Family Computer/NES,"released on July 15, 1983（Japan）",family,Total,FY3/2001,5,50000,
NES to Nintendo GameCube,Family Computer/NES,"released on July 15, 1983（Japan）",family,Total,FY3/2002,6,60000,
NES to Nintendo GameCube,Family Computer/NES,"released on July 15, 1983（Japan）",family,Total,FY3/2003,6,60000,
NES to Nintendo GameCube,Family Computer/NES,"released on July 15, 1983（Japan）",family,Total,FY3/2004,3,30000,
NES to Nintendo GameCube,Family Computer/NES,"released on July 15, 1983（Japan）",family,Total,FY3/2005,0.1,0,lt10k_pos
NES to Nintendo GameCube,Family Computer/NES,"released on July 15, 1983（Japan）",family,Total,FY3/2006,0.1,0,lt10k_pos
NES to Nintendo GameCube,Family Computer/NES,"released on July 15, 1983（Japan）",family,Total,FY3/2007,0.1,0,lt10k_pos
NES to Nintendo GameCube,Family Computer/NES,"released on July 15, 1983（Japan）",family,Total,FY3/2008,0.1,0,lt10k_pos
NES to Nintendo GameCube,Family Computer/NES,"released on July 15, 1983（Japan）",family,Total,FY3/2009,0,0,
NES to Nintendo GameCube,Family Computer/NES,"released on July 15, 1983（Japan）",family,Total,FY3/2010,0,0,
NES to Nintendo GameCube,Family Computer/NES,"released on July 15, 1983（Japan）",family,Total,FY3/2011,0,0,
NES to Nintendo GameCube,Family Computer/NES,"released on July 15, 1983（Japan）",family,Total,FY3/2012,0,0,
NES to Nintendo GameCube,Family Computer/NES,"released on July 15, 1983（Japan）",family,Total,FY3/2013,0,0,
NES to Nintendo GameCube,Family Computer/NES,"released on July 15, 1983（Japan）",family,Total,FY3/2014,0,0,
NES to Nintendo GameCube,Family Computer/NES,"released on July 15, 1983（Japan）",family,Total,FY3/2015~,0,0,
NES to Nintendo GameCube,Family Computer/NES,"released on July 15, 1983（Japan）",family,Total,LTD,6191,61910000,
NES to Nintendo GameCube,Game Boy,"released on April 21, 1989（Japan）",family,Japan,FY3/1998,422,4220000,
NES to Nintendo GameCube,Game Boy,"released on April 21, 1989（Japan）",family,Japan,FY3/1999,473,4730000,
NES to Nintendo GameCube,Game Boy,"released on April 21, 1989（Japan）",family,Japan,FY3/2000,418,4180000,
NES to Nintendo GameCube,Game Boy,"released on April 21, 1989（Japan）",family,Japan,FY3/2001,337,3370000,
NES to Nintendo GameCube,Game Boy,"released on April 21, 1989（Japan）",family,Japan,FY3/2002,91,910000,
NES to Nintendo GameCube,Game Boy,"released on April 21, 1989（Japan）",family,Japan,FY3/2003,5,50000,
NES to Nintendo GameCube,Game Boy,"released on April 21, 1989（Japan）",family,Japan,FY3/2004,0.1,0,lt10k_pos
NES to Nintendo GameCube,Game Boy,"released on April 21, 1989（Japan）",family,Japan,FY3/2005,0.1,0,lt10k_pos
NES to Nintendo GameCube,Game Boy,"released on April 21, 1989（Japan）",family,Japan,FY3/2006,0.1,0,lt10k_pos
NES to Nintendo GameCube,Game Boy,"released on April 21, 1989（Japan）",family,Japan,FY3/2007,-0.1,0,lt10k_neg
NES to Nintendo GameCube,Game Boy,"released on April 21, 1989（Japan）",family,Japan,FY3/2008,0,0,
NES to Nintendo GameCube,Game Boy,"released on April 21, 1989（Japan）",family,Japan,FY3/2009,0,0,
NES to Nintendo GameCube,Game Boy,"released on April 21, 1989（Japan）",family,Japan,FY3/2010,0,0,
NES to Nintendo GameCube,Game Boy,"released on April 21, 1989（Japan）",family,Japan,FY3/2011,0,0,
NES to Nintendo GameCube,Game Boy,"released on April 21, 1989（Japan）",family,Japan,FY3/2012,0,0,
NES to Nintendo GameCube,Game Boy,"released on April 21, 1989（Japan）",family,Japan,FY3/2013,0,0,
NES to Nintendo GameCube,Game Boy,"released on April 21, 1989（Japan）",family,Japan,FY3/2014,0,0,
NES to Nintendo GameCube,Game Boy,"released on April 21, 1989（Japan）",family,Japan,FY3/2015~,0,0,
NES to Nintendo GameCube,Game Boy,"released on April 21, 1989（Japan）",family,Japan,LTD,3247,32470000,
NES to Nintendo GameCube,Game Boy,"released on April 21, 1989（Japan）",family,The Americas,FY3/1998,615,6150000,
NES to Nintendo GameCube,Game Boy,"released on April 21, 1989（Japan）",family,The Americas,FY3/1999,826,8260000,
NES to Nintendo GameCube,Game Boy,"released on April 21, 1989（Japan）",family,The Americas,FY3/2000,859,8590000,
NES to Nintendo GameCube,Game Boy,"released on April 21, 1989（Japan）",family,The Americas,FY3/2001,774,7740000,
NES to Nintendo GameCube,Game Boy,"released on April 21, 1989（Japan）",family,The Americas,FY3/2002,146,1460000,
NES to Nintendo GameCube,Game Boy,"released on April 21, 1989（Japan）",family,The Americas,FY3/2003,0.1,0,lt10k_pos
NES to Nintendo GameCube,Game Boy,"released on April 21, 1989（Japan）",family,The Americas,FY3/2004,-0.1,0,lt10k_neg
NES to Nintendo GameCube,Game Boy,"released on April 21, 1989（Japan）",family,The Americas,FY3/2005,-0.1,0,lt10k_neg
NES to Nintendo GameCube,Game Boy,"released on April 21, 1989（Japan）",family,The Americas,FY3/2006,-0.1,0,lt10k_neg
NES to Nintendo GameCube,Game Boy,"released on April 21, 1989（Japan）",family,The Americas,FY3/2007,-0.1,0,lt10k_neg
NES to Nintendo GameCube,Game Boy,"released on April 21, 1989（Japan）",family,The Americas,FY3/2008,0,0,
NES to Nintendo GameCube,Game Boy,"released on April 21, 1989（Japan）",family,The Americas,FY3/2009,0,0,
NES to Nintendo GameCube,Game Boy,"released on April 21, 1989（Japan）",family,The Americas,FY3/2010,0,0,
NES to Nintendo GameCube,Game Boy,"released on April 21, 1989（Japan）",family,The Americas,FY3/2011,0,0,
NES to Nintendo GameCube,Game Boy,"released on April 21, 1989（Japan）",family,The Americas,FY3/2012,0,0,
NES to Nintendo GameCube,Game Boy,"released on April 21, 1989（Japan）",family,The Americas,FY3/2013,0,0,
NES to Nintendo GameCube,Game Boy,"released on April 21, 1989（Japan）",family,The Americas,FY3/2014,0,0,
NES to Nintendo GameCube,Game Boy,"released on April 21, 1989（Japan）",family,The Americas,FY3/2015~,0,0,
NES to Nintendo GameCube,Game Boy,"released on April 21, 1989（Japan）",family,The Americas,LTD,4406,44060000,
NES to Nintendo GameCube,Game Boy,"released on April 21, 1989（Japan）",family,Other,FY3/2000,468,4680000,
NES to Nintendo GameCube,Game Boy,"released on April 21, 1989（Japan）",family,Other,FY3/2001,775,7750000,
NES to Nintendo GameCube,Game Boy,"released on April 21, 1989（Japan）",family,Other,FY3/2002,232,2320000,
NES to Nintendo GameCube,Game Boy,"released on April 21, 1989（Japan）",family,Other,FY3/2003,23,230000,
NES to Nintendo GameCube,Game Boy,"released on April 21, 1989（Japan）",family,Other,FY3/2004,0.1,0,lt10k_pos
NES to Nintendo GameCube,Game Boy,"released on April 21, 1989（Japan）",family,Other,FY3/2005,-0.1,0,lt10k_neg
NES to Nintendo GameCube,Game Boy,"released on April 21, 1989（Japan）",family,Other,FY3/2006,-0.1,0,lt10k_neg
NES to Nintendo GameCube,Game Boy,"released on April 21, 1989（Japan）",family,Other,FY3/2007,-0.1,0,lt10k_neg
NES to Nintendo GameCube,Game Boy,"released on April 21, 1989（Japan）",family,Other,FY3/2008,-0.1,0,lt10k_neg
NES to Nintendo GameCube,Game Boy,"released on April 21, 1989（Japan）",family,Other,FY3/2009,-0.1,0,lt10k_neg
NES to Nintendo GameCube,Game Boy,"released on April 21, 1989（Japan）",family,Other,FY3/2010,-0.1,0,lt10k_neg
NES to Nintendo GameCube,Game Boy,"released on April 21, 1989（Japan）",family,Other,FY3/2011,0,0,
NES to Nintendo GameCube,Game Boy,"released on April 21, 1989（Japan）",family,Other,FY3/2012,0,0,
NES to Nintendo GameCube,Game Boy,"released on April 21, 1989（Japan）",family,Other,FY3/2013,0,0,
NES to Nintendo GameCube,Game Boy,"released on April 21, 1989（Japan）",family,Other,FY3/2014,0,0,
NES to Nintendo GameCube,Game Boy,"released on April 21, 1989（Japan）",family,Other,FY3/2015~,0,0,
NES to Nintendo GameCube,Game Boy,"released on April 21, 1989（Japan）",family,Other,LTD,4216,42160000,
NES to Nintendo GameCube,Game Boy,"released on April 21, 1989（Japan）",family,Total,FY3/1998,1037,10370000,
NES to Nintendo GameCube,Game Boy,"released on April 21, 1989（Japan）",family,Total,FY3/1999,1299,12990000,
NES to Nintendo GameCube,Game Boy,"released on April 21, 1989（Japan）",family,Total,FY3/2000,1745,17450000,
NES to Nintendo GameCube,Game Boy,"released on April 21, 1989（Japan）",family,Total,FY3/2001,1886,18860000,
NES to Nintendo GameCube,Game Boy,"released on April 21, 1989（Japan）",family,Total,FY3/2002,470,4700000,
NES to Nintendo GameCube,Game Boy,"released on April 21, 1989（Japan）",family,Total,FY3/2003,27,270000,
NES to Nintendo GameCube,Game Boy,"released on April 21, 1989（Japan）",family,Total,FY3/2004,0.1,0,lt10k_pos
NES to Nintendo GameCube,Game Boy,"released on April 21, 1989（Japan）",family,Total,FY3/2005,-0.1,0,lt10k_neg
NES to Nintendo GameCube,Game Boy,"released on April 21, 1989（Japan）",family,Total,FY3/2006,0.1,0,lt10k_pos
NES to Nintendo GameCube,Game Boy,"released on April 21, 1989（Japan）",family,Total,FY3/2007,-0.1,0,lt10k_neg
NES to Nintendo GameCube,Game Boy,"released on April 21, 1989（Japan）",family,Total,FY3/2008,-0.1,0,lt10k_neg
NES to Nintendo GameCube,Game Boy,"released on April 21, 1989（Japan）",family,Total,FY3/2009,-0.1,0,lt10k_neg
NES to Nintendo GameCube,Game Boy,"released on April 21, 1989（Japan）",family,Total,FY3/2010,-0.1,0,lt10k_neg
NES to Nintendo GameCube,Game Boy,"released on April 21, 1989（Japan）",family,Total,FY3/2011,0,0,
NES to Nintendo GameCube,Game Boy,"released on April 21, 1989（Japan）",family,Total,FY3/2012,0,0,
NES to Nintendo GameCube,Game Boy,"released on April 21, 1989（Japan）",family,Total,FY3/2013,0,0,
NES to Nintendo GameCube,Game Boy,"released on April 21, 1989（Japan）",family,Total,FY3/2014,0,0,
NES to Nintendo GameCube,Game Boy,"released on April 21, 1989（Japan）",family,Total,FY3/2015~,0,0,
NES to Nintendo GameCube,Game Boy,"released on April 21, 1989（Japan）",family,Total,LTD,11869,118690000,
NES to Nintendo GameCube,Super Family Computer/SNES,"released on November 21, 1990（Japan）",family,Japan,FY3/1998,19,190000,
NES to Nintendo GameCube,Super Family Computer/SNES,"released on November 21, 1990（Japan）",family,Japan,FY3/1999,5,50000,
NES to Nintendo GameCube,Super Family Computer/SNES,"released on November 21, 1990（Japan）",family,Japan,FY3/2000,3,30000,
NES to Nintendo GameCube,Super Family Computer/SNES,"released on November 21, 1990（Japan）",family,Japan,FY3/2001,1,10000,
NES to Nintendo GameCube,Super Family Computer/SNES,"released on November 21, 1990（Japan）",family,Japan,FY3/2002,1,10000,
NES to Nintendo GameCube,Super Family Computer/SNES,"released on November 21, 1990（Japan）",family,Japan,FY3/2003,1,10000,
NES to Nintendo GameCube,Super Family Computer/SNES,"released on November 21, 1990（Japan）",family,Japan,FY3/2004,1,10000,
NES to Nintendo GameCube,Super Family Computer/SNES,"released on November 21, 1990（Japan）",family,Japan,FY3/2005,0.1,0,lt10k_pos
NES to Nintendo GameCube,Super Family Computer/SNES,"released on November 21, 1990（Japan）",family,Japan,FY3/2006,0.1,0,lt10k_pos
NES to Nintendo GameCube,Super Family Computer/SNES,"released on November 21, 1990（Japan）",family,Japan,FY3/2007,0.1,0,lt10k_pos
NES to Nintendo GameCube,Super Family Computer/SNES,"released on November 21, 1990（Japan）",family,Japan,FY3/2008,0.1,0,lt10k_pos
NES to Nintendo GameCube,Super Family Computer/SNES,"released on November 21, 1990（Japan）",family,Japan,FY3/2009,0,0,
NES to Nintendo GameCube,Super Family Computer/SNES,"released on November 21, 1990（Japan）",family,Japan,FY3/2010,0,0,
NES to Nintendo GameCube,Super Family Computer/SNES,"released on November 21, 1990（Japan）",family,Japan,FY3/2011,0,0,
NES to Nintendo GameCube,Super Family Computer/SNES,"released on November 21, 1990（Japan）",family,Japan,FY3/2012,0,0,
NES to Nintendo GameCube,Super Family Computer/SNES,"released on November 21, 1990（Japan）",family,Japan,FY3/2013,0,0,
NES to Nintendo GameCube,Super Family Computer/SNES,"released on November 21, 1990（Japan）",family,Japan,FY3/2014,0,0,
NES to Nintendo GameCube,Super Family Computer/SNES,"released on November 21, 1990（Japan）",family,Japan,FY3/2015~,0,0,
NES to Nintendo GameCube,Super Family Computer/SNES,"released on November 21, 1990（Japan）",family,Japan,LTD,1717,17170000,
NES to Nintendo GameCube,Super Family Computer/SNES,"released on November 21, 1990（Japan）",family,The Americas,FY3/1998,185,1850000,
NES to Nintendo GameCube,Super Family Computer/SNES,"released on November 21, 1990（Japan）",family,The Americas,FY3/1999,139,1390000,
NES to Nintendo GameCube,Super Family Computer/SNES,"released on November 21, 1990（Japan）",family,The Americas,FY3/2000,23,230000,
NES to Nintendo GameCube,Super Family Computer/SNES,"released on November 21, 1990（Japan）",family,The Americas,FY3/2001,7,70000,
NES to Nintendo GameCube,Super Family Computer/SNES,"released on November 21, 1990（Japan）",family,The Americas,FY3/2002,-0.1,0,lt10k_neg
NES to Nintendo GameCube,Super Family Computer/SNES,"released on November 21, 1990（Japan）",family,The Americas,FY3/2003,-0.1,0,lt10k_neg
NES to Nintendo GameCube,Super Family Computer/SNES,"released on November 21, 1990（Japan）",family,The Americas,FY3/2004,0,0,
NES to Nintendo GameCube,Super Family Computer/SNES,"released on November 21, 1990（Japan）",family,The Americas,FY3/2005,0,0,
NES to Nintendo GameCube,Super Family Computer/SNES,"released on November 21, 1990（Japan）",family,The Americas,FY3/2006,0,0,
NES to Nintendo GameCube,Super Family Computer/SNES,"released on November 21, 1990（Japan）",family,The Americas,FY3/2007,0,0,
NES to Nintendo GameCube,Super Family Computer/SNES,"released on November 21, 1990（Japan）",family,The Americas,FY3/2008,0,0,
NES to Nintendo GameCube,Super Family Computer/SNES,"released on November 21, 1990（Japan）",family,The Americas,FY3/2009,0,0,
NES to Nintendo GameCube,Super Family Computer/SNES,"released on November 21, 1990（Japan）",family,The Americas,FY3/2010,0,0,
NES to Nintendo GameCube,Super Family Computer/SNES,"released on November 21, 1990（Japan）",family,The Americas,FY3/2011,0,0,
NES to Nintendo GameCube,Super Family Computer/SNES,"released on November 21, 1990（Japan）",family,The Americas,FY3/2012,0,0,
NES to Nintendo GameCube,Super Family Computer/SNES,"released on November 21, 1990（Japan）",family,The Americas,FY3/2013,0,0,
NES to Nintendo GameCube,Super Family Computer/SNES,"released on November 21, 1990（Japan）",family,The Americas,FY3/2014,0,0,
NES to Nintendo GameCube,Super Family Computer/SNES,"released on November 21, 1990（Japan）",family,The Americas,FY3/2015~,0,0,
NES to Nintendo GameCube,Super Family Computer/SNES,"released on November 21, 1990（Japan）",family,The Americas,LTD,2335,23350000,
NES to Nintendo GameCube,Super Family Computer/SNES,"released on November 21, 1990（Japan）",family,Other,FY3/2000,2,20000,
NES to Nintendo GameCube,Super Family Computer/SNES,"released on November 21, 1990（Japan）",family,Other,FY3/2001,1,10000,
NES to Nintendo GameCube,Super Family Computer/SNES,"released on November 21, 1990（Japan）",family,Other,FY3/2002,0,0,
NES to Nintendo GameCube,Super Family Computer/SNES,"released on November 21, 1990（Japan）",family,Other,FY3/2003,0,0,
NES to Nintendo GameCube,Super Family Computer/SNES,"released on November 21, 1990（Japan）",family,Other,FY3/2004,0,0,
NES to Nintendo GameCube,Super Family Computer/SNES,"released on November 21, 1990（Japan）",family,Other,FY3/2005,0,0,
NES to Nintendo GameCube,Super Family Computer/SNES,"released on November 21, 1990（Japan）",family,Other,FY3/2006,0,0,
NES to Nintendo GameCube,Super Family Computer/SNES,"released on November 21, 1990（Japan）",family,Other,FY3/2007,0,0,
NES to Nintendo GameCube,Super Family Computer/SNES,"released on November 21, 1990（Japan）",family,Other,FY3/2008,0,0,
NES to Nintendo GameCube,Super Family Computer/SNES,"released on November 21, 1990（Japan）",family,Other,FY3/2009,0,0,
NES to Nintendo GameCube,Super Family Computer/SNES,"released on November 21, 1990（Japan）",family,Other,FY3/2010,0,0,
NES to Nintendo GameCube,Super Family Computer/SNES,"released on November 21, 1990（Japan）",family,Other,FY3/2011,0,0,
NES to Nintendo GameCube,Super Family Computer/SNES,"released on November 21, 1990（Japan）",family,Other,FY3/2012,0,0,
NES to Nintendo GameCube,Super Family Computer/SNES,"released on November 21, 1990（Japan）",family,Other,FY3/2013,0,0,
NES to Nintendo GameCube,Super Family Computer/SNES,"released on November 21, 1990（Japan）",family,Other,FY3/2014,0,0,
NES to Nintendo GameCube,Super Family Computer/SNES,"released on November 21, 1990（Japan）",family,Other,FY3/2015~,0,0,
NES to Nintendo GameCube,Super Family Computer/SNES,"released on November 21, 1990（Japan）",family,Other,LTD,858,8580000,
NES to Nintendo GameCube,Super Family Computer/SNES,"released on November 21, 1990（Japan）",family,Total,FY3/1998,204,2040000,
NES to Nintendo GameCube,Super Family Computer/SNES,"released on November 21, 1990（Japan）",family,Total,FY3/1999,143,1430000,
NES to Nintendo GameCube,Super Family Computer/SNES,"released on November 21, 1990（Japan）",family,Total,FY3/2000,28,280000,
NES to Nintendo GameCube,Super Family Computer/SNES,"released on November 21, 1990（Japan）",family,Total,FY3/2001,9,90000,
NES to Nintendo GameCube,Super Family Computer/SNES,"released on November 21, 1990（Japan）",family,Total,FY3/2002,1,10000,
NES to Nintendo GameCube,Super Family Computer/SNES,"released on November 21, 1990（Japan）",family,Total,FY3/2003,1,10000,
NES to Nintendo GameCube,Super Family Computer/SNES,"released on November 21, 1990（Japan）",family,Total,FY3/2004,1,10000,
NES to Nintendo GameCube,Super Family Computer/SNES,"released on November 21, 1990（Japan）",family,Total,FY3/2005,0.1,0,lt10k_pos
NES to Nintendo GameCube,Super Family Computer/SNES,"released on November 21, 1990（Japan）",family,Total,FY3/2006,0.1,0,lt10k_pos
NES to Nintendo GameCube,Super Family Computer/SNES,"released on November 21, 1990（Japan）",family,Total,FY3/2007,0.1,0,lt10k_pos
NES to Nintendo GameCube,Super Family Computer/SNES,"released on November 21, 1990（Japan）",family,Total,FY3/2008,0.1,0,lt10k_pos
NES to Nintendo GameCube,Super Family Computer/SNES,"released on November 21, 1990（Japan）",family,Total,FY3/2009,0,0,
NES to Nintendo GameCube,Super Family Computer/SNES,"released on November 21, 1990（Japan）",family,Total,FY3/2010,0,0,
NES to Nintendo GameCube,Super Family Computer/SNES,"released on November 21, 1990（Japan）",family,Total,FY3/2011,0,0,
NES to Nintendo GameCube,Super Family Computer/SNES,"released on November 21, 1990（Japan）",family,Total,FY3/2012,0,0,
NES to Nintendo GameCube,Super Family Computer/SNES,"released on November 21, 1990（Japan）",family,Total,FY3/2013,0,0,
NES to Nintendo GameCube,Super Family Computer/SNES,"released on November 21, 1990（Japan）",family,Total,FY3/2014,0,0,
NES to Nintendo GameCube,Super Family Computer/SNES,"released on November 21, 1990（Japan）",family,Total,FY3/2015~,0,0,
NES to Nintendo GameCube,Super Family Computer/SNES,"released on November 21, 1990（Japan）",family,Total,LTD,4910,49100000,
NES to Nintendo GameCube,Nintendo 64,"released on June 23, 1996（Japan）",family,Japan,FY3/1998,111,1110000,
NES to Nintendo GameCube,Nintendo 64,"released on June 23, 1996（Japan）",family,Japan,FY3/1999,121,1210000,
NES to Nintendo GameCube,Nintendo 64,"released on June 23, 1996（Japan）",family,Japan,FY3/2000,94,940000,
NES to Nintendo GameCube,Nintendo 64,"released on June 23, 1996（Japan）",family,Japan,FY3/2001,20,200000,
NES to Nintendo GameCube,Nintendo 64,"released on June 23, 1996（Japan）",family,Japan,FY3/2002,5,50000,
NES to Nintendo GameCube,Nintendo 64,"released on June 23, 1996（Japan）",family,Japan,FY3/2003,-0.1,0,lt10k_neg
NES to Nintendo GameCube,Nintendo 64,"released on June 23, 1996（Japan）",family,Japan,FY3/2004,-0.1,0,lt10k_neg
NES to Nintendo GameCube,Nintendo 64,"released on June 23, 1996（Japan）",family,Japan,FY3/2005,-0.1,0,lt10k_neg
NES to Nintendo GameCube,Nintendo 64,"released on June 23, 1996（Japan）",family,Japan,FY3/2006,-0.1,0,lt10k_neg
NES to Nintendo GameCube,Nintendo 64,"released on June 23, 1996（Japan）",family,Japan,FY3/2007,0,0,
NES to Nintendo GameCube,Nintendo 64,"released on June 23, 1996（Japan）",family,Japan,FY3/2008,0,0,
NES to Nintendo GameCube,Nintendo 64,"released on June 23, 1996（Japan）",family,Japan,FY3/2009,0,0,
NES to Nintendo GameCube,Nintendo 64,"released on June 23, 1996（Japan）",family,Japan,FY3/2010,0,0,
NES to Nintendo GameCube,Nintendo 64,"released on June 23, 1996（Japan）",family,Japan,FY3/2011,0,0,
NES to Nintendo GameCube,Nintendo 64,"released on June 23, 1996（Japan）",family,Japan,FY3/2012,0,0,
NES to Nintendo GameCube,Nintendo 64,"released on June 23, 1996（Japan）",family,Japan,FY3/2013,0,0,
NES to Nintendo GameCube,Nintendo 64,"released on June 23, 1996（Japan）",family,Japan,FY3/2014,0,0,
NES to Nintendo GameCube,Nintendo 64,"released on June 23, 1996（Japan）",family,Japan,FY3/2015~,0,0,
NES to Nintendo GameCube,Nintendo 64,"released on June 23, 1996（Japan）",family,Japan,LTD,554,5540000,
NES to Nintendo GameCube,Nintendo 64,"released on June 23, 1996（Japan）",family,The Americas,FY3/1998,831,8310000,
NES to Nintendo GameCube,Nintendo 64,"released on June 23, 1996（Japan）",family,The Americas,FY3/1999,665,6650000,
NES to Nintendo GameCube,Nintendo 64,"released on June 23, 1996（Japan）",family,The Americas,FY3/2000,471,4710000,
NES to Nintendo GameCube,Nintendo 64,"released on June 23, 1996（Japan）",family,The Americas,FY3/2001,230,2300000,
NES to Nintendo GameCube,Nintendo 64,"released on June 23, 1996（Japan）",family,The Americas,FY3/2002,30,300000,
NES to Nintendo GameCube,Nintendo 64,"released on June 23, 1996（Japan）",family,The Americas,FY3/2003,1,10000,
NES to Nintendo GameCube,Nintendo 64,"released on June 23, 1996（Japan）",family,The Americas,FY3/2004,0.1,0,lt10k_pos
NES to Nintendo GameCube,Nintendo 64,"released on June 23, 1996（Japan）",family,The Americas,FY3/2005,-0.1,0,lt10k_neg
NES to Nintendo GameCube,Nintendo 64,"released on June 23, 1996（Japan）",family,The Americas,FY3/2006,-0.1,0,lt10k_neg
NES to Nintendo GameCube,Nintendo 64,"released on June 23, 1996（Japan）",family,The Americas,FY3/2007,-0.1,0,lt10k_neg
NES to Nintendo GameCube,Nintendo 64,"released on June 23, 1996（Japan）",family,The Americas,FY3/2008,0,0,
NES to Nintendo GameCube,Nintendo 64,"released on June 23, 1996（Japan）",family,The Americas,FY3/2009,0,0,
NES to Nintendo GameCube,Nintendo 64,"released on June 23, 1996（Japan）",family,The Americas,FY3/2010,0,0,
NES to Nintendo GameCube,Nintendo 64,"released on June 23, 1996（Japan）",family,The Americas,FY3/2011,0,0,
NES to Nintendo GameCube,Nintendo 64,"released on June 23, 1996（Japan）",family,The Americas,FY3/2012,0,0,
NES to Nintendo GameCube,Nintendo 64,"released on June 23, 1996（Japan）",family,The Americas,FY3/2013,0,0,
NES to Nintendo GameCube,Nintendo 64,"released on June 23, 1996（Japan）",family,The Americas,FY3/2014,0,0,
NES to Nintendo GameCube,Nintendo 64,"released on June 23, 1996（Japan）",family,The Americas,FY3/2015~,0,0,
NES to Nintendo GameCube,Nintendo 64,"released on June 23, 1996（Japan）",family,The Americas,LTD,2063,20630000,
NES to Nintendo GameCube,Nintendo 64,"released on June 23, 1996（Japan）",family,Other,FY3/2000,84,840000,
NES to Nintendo GameCube,Nintendo 64,"released on June 23, 1996（Japan）",family,Other,FY3/2001,34,340000,
NES to Nintendo GameCube,Nintendo 64,"released on June 23, 1996（Japan）",family,Other,FY3/2002,15,150000,
NES to Nintendo GameCube,Nintendo 64,"released on June 23, 1996（Japan）",family,Other,FY3/2003,0.1,0,lt10k_pos
NES to Nintendo GameCube,Nintendo 64,"released on June 23, 1996（Japan）",family,Other,FY3/2004,-0.1,0,lt10k_neg
NES to Nintendo GameCube,Nintendo 64,"released on June 23, 1996（Japan）",family,Other,FY3/2005,-0.1,0,lt10k_neg
NES to Nintendo GameCube,Nintendo 64,"released on June 23, 1996（Japan）",family,Other,FY3/2006,-0.1,0,lt10k_neg
NES to Nintendo GameCube,Nintendo 64,"released on June 23, 1996（Japan）",family,Other,FY3/2007,0.1,0,lt10k_pos
NES to Nintendo GameCube,Nintendo 64,"released on June 23, 1996（Japan）",family,Other,FY3/2008,0,0,
NES to Nintendo GameCube,Nintendo 64,"released on June 23, 1996（Japan）",family,Other,FY3/2009,0,0,
NES to Nintendo GameCube,Nintendo 64,"released on June 23, 1996（Japan）",family,Other,FY3/2010,0,0,
NES to Nintendo GameCube,Nintendo 64,"released on June 23, 1996（Japan）",family,Other,FY3/2011,0,0,
NES to Nintendo GameCube,Nintendo 64,"released on June 23, 1996（Japan）",family,Other,FY3/2012,0,0,
NES to Nintendo GameCube,Nintendo 64,"released on June 23, 1996（Japan）",family,Other,FY3/2013,0,0,
NES to Nintendo GameCube,Nintendo 64,"released on June 23, 1996（Japan）",family,Other,FY3/2014,0,0,
NES to Nintendo GameCube,Nintendo 64,"released on June 23, 1996（Japan）",family,Other,FY3/2015~,0,0,
NES to Nintendo GameCube,Nintendo 64,"released on June 23, 1996（Japan）",family,Other,LTD,675,6750000,
NES to Nintendo GameCube,Nintendo 64,"released on June 23, 1996（Japan）",family,Total,FY3/1998,942,9420000,
NES to Nintendo GameCube,Nintendo 64,"released on June 23, 1996（Japan）",family,Total,FY3/1999,786,7860000,
NES to Nintendo GameCube,Nintendo 64,"released on June 23, 1996（Japan）",family,Total,FY3/2000,649,6490000,
NES to Nintendo GameCube,Nintendo 64,"released on June 23, 1996（Japan）",family,Total,FY3/2001,285,2850000,
NES to Nintendo GameCube,Nintendo 64,"released on June 23, 1996（Japan）",family,Total,FY3/2002,50,500000,
NES to Nintendo GameCube,Nintendo 64,"released on June 23, 1996（Japan）",family,Total,FY3/2003,1,10000,
NES to Nintendo GameCube,Nintendo 64,"released on June 23, 1996（Japan）",family,Total,FY3/2004,-0.1,0,lt10k_neg
NES to Nintendo GameCube,Nintendo 64,"released on June 23, 1996（Japan）",family,Total,FY3/2005,-0.1,0,lt10k_neg
NES to Nintendo GameCube,Nintendo 64,"released on June 23, 1996（Japan）",family,Total,FY3/2006,-0.1,0,lt10k_neg
NES to Nintendo GameCube,Nintendo 64,"released on June 23, 1996（Japan）",family,Total,FY3/2007,0.1,0,lt10k_pos
NES to Nintendo GameCube,Nintendo 64,"released on June 23, 1996（Japan）",family,Total,FY3/2008,0,0,
NES to Nintendo GameCube,Nintendo 64,"released on June 23, 1996（Japan）",family,Total,FY3/2009,0,0,
NES to Nintendo GameCube,Nintendo 64,"released on June 23, 1996（Japan）",family,Total,FY3/2010,0,0,
NES to Nintendo GameCube,Nintendo 64,"released on June 23, 1996（Japan）",family,Total,FY3/2011,0,0,
NES to Nintendo GameCube,Nintendo 64,"released on June 23, 1996（Japan）",family,Total,FY3/2012,0,0,
NES to Nintendo GameCube,Nintendo 64,"released on June 23, 1996（Japan）",family,Total,FY3/2013,0,0,
NES to Nintendo GameCube,Nintendo 64,"released on June 23, 1996（Japan）",family,Total,FY3/2014,0,0,
NES to Nintendo GameCube,Nintendo 64,"released on June 23, 1996（Japan）",family,Total,FY3/2015~,0,0,
NES to Nintendo GameCube,Nintendo 64,"released on June 23, 1996（Japan）",family,Total,LTD,3293,32930000,
NES to Nintendo GameCube,Game Boy Advance,"released on March 21, 2001（Japan）",family,Japan,FY3/2001,106,1060000,
NES to Nintendo GameCube,Game Boy Advance,"released on March 21, 2001（Japan）",family,Japan,FY3/2002,492,4920000,
NES to Nintendo GameCube,Game Boy Advance,"released on March 21, 2001（Japan）",family,Japan,FY3/2003,408,4080000,
NES to Nintendo GameCube,Game Boy Advance,"released on March 21, 2001（Japan）",family,Japan,FY3/2004,315,3150000,
NES to Nintendo GameCube,Game Boy Advance,"released on March 21, 2001（Japan）",family,Japan,FY3/2005,234,2340000,
NES to Nintendo GameCube,Game Boy Advance,"released on March 21, 2001（Japan）",family,Japan,FY3/2006,100,1000000,
NES to Nintendo GameCube,Game Boy Advance,"released on March 21, 2001（Japan）",family,Japan,FY3/2007,11,110000,
NES to Nintendo GameCube,Game Boy Advance,"released on March 21, 2001（Japan）",family,Japan,FY3/2008,22,220000,
NES to Nintendo GameCube,Game Boy Advance,"released on March 21, 2001（Japan）",family,Japan,FY3/2009,8,80000,
NES to Nintendo GameCube,Game Boy Advance,"released on March 21, 2001（Japan）",family,Japan,FY3/2010,-0.1,0,lt10k_neg
NES to Nintendo GameCube,Game Boy Advance,"released on March 21, 2001（Japan）",family,Japan,FY3/2011,-0.1,0,lt10k_neg
NES to Nintendo GameCube,Game Boy Advance,"released on March 21, 2001（Japan）",family,Japan,FY3/2012,0,0,
NES to Nintendo GameCube,Game Boy Advance,"released on March 21, 2001（Japan）",family,Japan,FY3/2013,0,0,
NES to Nintendo GameCube,Game Boy Advance,"released on March 21, 2001（Japan）",family,Japan,FY3/2014,0,0,
NES to Nintendo GameCube,Game Boy Advance,"released on March 21, 2001（Japan）",family,Japan,FY3/2015~,0,0,
NES to Nintendo GameCube,Game Boy Advance,"released on March 21, 2001（Japan）",family,Japan,LTD,1696,16960000,
NES to Nintendo GameCube,Game Boy Advance,"released on March 21, 2001（Japan）",family,The Americas,FY3/2001,0,0,
NES to Nintendo GameCube,Game Boy Advance,"released on March 21, 2001（Japan）",family,The Americas,FY3/2002,757,7570000,
NES to Nintendo GameCube,Game Boy Advance,"released on March 21, 2001（Japan）",family,The Americas,FY3/2003,780,7800000,
NES to Nintendo GameCube,Game Boy Advance,"released on March 21, 2001（Japan）",family,The Americas,FY3/2004,945,9450000,
NES to Nintendo GameCube,Game Boy Advance,"released on March 21, 2001（Japan）",family,The Americas,FY3/2005,856,8560000,
NES to Nintendo GameCube,Game Boy Advance,"released on March 21, 2001（Japan）",family,The Americas,FY3/2006,472,4720000,
NES to Nintendo GameCube,Game Boy Advance,"released on March 21, 2001（Japan）",family,The Americas,FY3/2007,300,3000000,
NES to Nintendo GameCube,Game Boy Advance,"released on March 21, 2001（Japan）",family,The Americas,FY3/2008,54,540000,
NES to Nintendo GameCube,Game Boy Advance,"released on March 21, 2001（Japan）",family,The Americas,FY3/2009,-0.1,0,lt10k_neg
NES to Nintendo GameCube,Game Boy Advance,"released on March 21, 2001（Japan）",family,The Americas,FY3/2010,-0.1,0,lt10k_neg
NES to Nintendo GameCube,Game Boy Advance,"released on March 21, 2001（Japan）",family,The Americas,FY3/2011,0,0,
NES to Nintendo GameCube,Game Boy Advance,"released on March 21, 2001（Japan）",family,The Americas,FY3/2012,0,0,
NES to Nintendo GameCube,Game Boy Advance,"released on March 21, 2001（Japan）",family,The Americas,FY3/2013,0,0,
NES to Nintendo GameCube,Game Boy Advance,"released on March 21, 2001（Japan）",family,The Americas,FY3/2014,0,0,
NES to Nintendo GameCube,Game Boy Advance,"released on March 21, 2001（Japan）",family,The Americas,FY3/2015~,0,0,
NES to Nintendo GameCube,Game Boy Advance,"released on March 21, 2001（Japan）",family,The Americas,LTD,4164,41640000,
NES to Nintendo GameCube,Game Boy Advance,"released on March 21, 2001（Japan）",family,Other,FY3/2001,1,10000,
NES to Nintendo GameCube,Game Boy Advance,"released on March 21, 2001（Japan）",family,Other,FY3/2002,460,4600000,
NES to Nintendo GameCube,Game Boy Advance,"released on March 21, 2001（Japan）",family,Other,FY3/2003,377,3770000,
NES to Nintendo GameCube,Game Boy Advance,"released on March 21, 2001（Japan）",family,Other,FY3/2004,500,5000000,
NES to Nintendo GameCube,Game Boy Advance,"released on March 21, 2001（Japan）",family,Other,FY3/2005,449,4490000,
NES to Nintendo GameCube,Game Boy Advance,"released on March 21, 2001（Japan）",family,Other,FY3/2006,261,2610000,
NES to Nintendo GameCube,Game Boy Advance,"released on March 21, 2001（Japan）",family,Other,FY3/2007,122,1220000,
NES to Nintendo GameCube,Game Boy Advance,"released on March 21, 2001（Japan）",family,Other,FY3/2008,82,820000,
NES to Nintendo GameCube,Game Boy Advance,"released on March 21, 2001（Japan）",family,Other,FY3/2009,34,340000,
NES to Nintendo GameCube,Game Boy Advance,"released on March 21, 2001（Japan）",family,Other,FY3/2010,4,40000,
NES to Nintendo GameCube,Game Boy Advance,"released on March 21, 2001（Japan）",family,Other,FY3/2011,0.1,0,lt10k_pos
NES to Nintendo GameCube,Game Boy Advance,"released on March 21, 2001（Japan）",family,Other,FY3/2012,0.1,0,lt10k_pos
NES to Nintendo GameCube,Game Boy Advance,"released on March 21, 2001（Japan）",family,Other,FY3/2013,0,0,
NES to Nintendo GameCube,Game Boy Advance,"released on March 21, 2001（Japan）",family,Other,FY3/2014,0,0,
NES to Nintendo GameCube,Game Boy Advance,"released on March 21, 2001（Japan）",family,Other,FY3/2015~,0,0,
NES to Nintendo GameCube,Game Boy Advance,"released on March 21, 2001（Japan）",family,Other,LTD,2291,22910000,
NES to Nintendo GameCube,Game Boy Advance,"released on March 21, 2001（Japan）",family,Total,FY3/2001,107,1070000,
NES to Nintendo GameCube,Game Boy Advance,"released on March 21, 2001（Japan）",family,Total,FY3/2002,1709,17090000,
NES to Nintendo GameCube,Game Boy Advance,"released on March 21, 2001（Japan）",family,Total,FY3/2003,1565,15650000,
NES to Nintendo GameCube,Game Boy Advance,"released on March 21, 2001（Japan）",family,Total,FY3/2004,1759,17590000,
NES to Nintendo GameCube,Game Boy Advance,"released on March 21, 2001（Japan）",family,Total,FY3/2005,1540,15400000,
NES to Nintendo GameCube,Game Boy Advance,"released on March 21, 2001（Japan）",family,Total,FY3/2006,833,8330000,
NES to Nintendo GameCube,Game Boy Advance,"released on March 21, 2001（Japan）",family,Total,FY3/2007,434,4340000,
NES to Nintendo GameCube,Game Boy Advance,"released on March 21, 2001（Japan）",family,Total,FY3/2008,159,1590000,
NES to Nintendo GameCube,Game Boy Advance,"released on March 21, 2001（Japan）",family,Total,FY3/2009,42,420000,
NES to Nintendo GameCube,Game Boy Advance,"released on March 21, 2001（Japan）",family,Total,FY3/2010,4,40000,
NES to Nintendo GameCube,Game Boy Advance,"released on March 21, 2001（Japan）",family,Total,FY3/2011,0.1,0,lt10k_pos
NES to Nintendo GameCube,Game Boy Advance,"released on March 21, 2001（Japan）",family,Total,FY3/2012,0.1,0,lt10k_pos
NES to Nintendo GameCube,Game Boy Advance,"released on March 21, 2001（Japan）",family,Total,FY3/2013,0,0,
NES to Nintendo GameCube,Game Boy Advance,"released on March 21, 2001（Japan）",family,Total,FY3/2014,0,0,
NES to Nintendo GameCube,Game Boy Advance,"released on March 21, 2001（Japan）",family,Total,FY3/2015~,0,0,
NES to Nintendo GameCube,Game Boy Advance,"released on March 21, 2001（Japan）",family,Total,LTD,8151,81510000,
NES to Nintendo GameCube,Game Boy Advance,"released on March 21, 2001（Japan）",Game Boy Advance SP,Japan,FY3/2003,82,820000,
NES to Nintendo GameCube,Game Boy Advance,"released on March 21, 2001（Japan）",Game Boy Advance SP,Japan,FY3/2004,286,2860000,
NES to Nintendo GameCube,Game Boy Advance,"released on March 21, 2001（Japan）",Game Boy Advance SP,Japan,FY3/2005,232,2320000,
NES to Nintendo GameCube,Game Boy Advance,"released on March 21, 2001（Japan）",Game Boy Advance SP,Japan,FY3/2006,42,420000,
NES to Nintendo GameCube,Game Boy Advance,"released on March 21, 2001（Japan）",Game Boy Advance SP,Japan,FY3/2007,8,80000,
NES to Nintendo GameCube,Game Boy Advance,"released on March 21, 2001（Japan）",Game Boy Advance SP,Japan,FY3/2008,1,10000,
NES to Nintendo GameCube,Game Boy Advance,"released on March 21, 2001（Japan）",Game Boy Advance SP,Japan,FY3/2009,-0.1,0,lt10k_neg
NES to Nintendo GameCube,Game Boy Advance,"released on March 21, 2001（Japan）",Game Boy Advance SP,Japan,FY3/2010,-0.1,0,lt10k_neg
NES to Nintendo GameCube,Game Boy Advance,"released on March 21, 2001（Japan）",Game Boy Advance SP,Japan,FY3/2011,0,0,
NES to Nintendo GameCube,Game Boy Advance,"released on March 21, 2001（Japan）",Game Boy Advance SP,Japan,FY3/2012,0,0,
NES to Nintendo GameCube,Game Boy Advance,"released on March 21, 2001（Japan）",Game Boy Advance SP,Japan,FY3/2013,0,0,
NES to Nintendo GameCube,Game Boy Advance,"released on March 21, 2001（Japan）",Game Boy Advance SP,Japan,FY3/2014,0,0,
NES to Nintendo GameCube,Game Boy Advance,"released on March 21, 2001（Japan）",Game Boy Advance SP,Japan,FY3/2015~,0,0,
NES to Nintendo GameCube,Game Boy Advance,"released on March 21, 2001（Japan）",Game Boy Advance SP,Japan,LTD,651,6510000,
NES to Nintendo GameCube,Game Boy Advance,"released on March 21, 2001（Japan）",Game Boy Advance SP,The Americas,FY3/2003,83,830000,
NES to Nintendo GameCube,Game Boy Advance,"released on March 21, 2001（Japan）",Game Boy Advance SP,The Americas,FY3/2004,795,7950000,
NES to Nintendo GameCube,Game Boy Advance,"released on March 21, 2001（Japan）",Game Boy Advance SP,The Americas,FY3/2005,791,7910000,
NES to Nintendo GameCube,Game Boy Advance,"released on March 21, 2001（Japan）",Game Boy Advance SP,The Americas,FY3/2006,426,4260000,
NES to Nintendo GameCube,Game Boy Advance,"released on March 21, 2001（Japan）",Game Boy Advance SP,The Americas,FY3/2007,252,2520000,
NES to Nintendo GameCube,Game Boy Advance,"released on March 21, 2001（Japan）",Game Boy Advance SP,The Americas,FY3/2008,53,530000,
NES to Nintendo GameCube,Game Boy Advance,"released on March 21, 2001（Japan）",Game Boy Advance SP,The Americas,FY3/2009,-0.1,0,lt10k_neg
NES to Nintendo GameCube,Game Boy Advance,"released on March 21, 2001（Japan）",Game Boy Advance SP,The Americas,FY3/2010,-0.1,0,lt10k_neg
NES to Nintendo GameCube,Game Boy Advance,"released on March 21, 2001（Japan）",Game Boy Advance SP,The Americas,FY3/2011,0,0,
NES to Nintendo GameCube,Game Boy Advance,"released on March 21, 2001（Japan）",Game Boy Advance SP,The Americas,FY3/2012,0,0,
NES to Nintendo GameCube,Game Boy Advance,"released on March 21, 2001（Japan）",Game Boy Advance SP,The Americas,FY3/2013,0,0,
NES to Nintendo GameCube,Game Boy Advance,"released on March 21, 2001（Japan）",Game Boy Advance SP,The Americas,FY3/2014,0,0,
NES to Nintendo GameCube,Game Boy Advance,"released on March 21, 2001（Japan）",Game Boy Advance SP,The Americas,FY3/2015~,0,0,
NES to Nintendo GameCube,Game Boy Advance,"released on March 21, 2001（Japan）",Game Boy Advance SP,The Americas,LTD,2400,24000000,
NES to Nintendo GameCube,Game Boy Advance,"released on March 21, 2001（Japan）",Game Boy Advance SP,Other,FY3/2003,46,460000,
NES to Nintendo GameCube,Game Boy Advance,"released on March 21, 2001（Japan）",Game Boy Advance SP,Other,FY3/2004,424,4240000,
NES to Nintendo GameCube,Game Boy Advance,"released on March 21, 2001（Japan）",Game Boy Advance SP,Other,FY3/2005,440,4400000,
NES to Nintendo GameCube,Game Boy Advance,"released on March 21, 2001（Japan）",Game Boy Advance SP,Other,FY3/2006,176,1760000,
NES to Nintendo GameCube,Game Boy Advance,"released on March 21, 2001（Japan）",Game Boy Advance SP,Other,FY3/2007,109,1090000,
NES to Nintendo GameCube,Game Boy Advance,"released on March 21, 2001（Japan）",Game Boy Advance SP,Other,FY3/2008,77,770000,
NES to Nintendo GameCube,Game Boy Advance,"released on March 21, 2001（Japan）",Game Boy Advance SP,Other,FY3/2009,30,300000,
NES to Nintendo GameCube,Game Boy Advance,"released on March 21, 2001（Japan）",Game Boy Advance SP,Other,FY3/2010,4,40000,
NES to Nintendo GameCube,Game Boy Advance,"released on March 21, 2001（Japan）",Game Boy Advance SP,Other,FY3/2011,0.1,0,lt10k_pos
NES to Nintendo GameCube,Game Boy Advance,"released on March 21, 2001（Japan）",Game Boy Advance SP,Other,FY3/2012,0.1,0,lt10k_pos
NES to Nintendo GameCube,Game Boy Advance,"released on March 21, 2001（Japan）",Game Boy Advance SP,Other,FY3/2013,0,0,
NES to Nintendo GameCube,Game Boy Advance,"released on March 21, 2001（Japan）",Game Boy Advance SP,Other,FY3/2014,0,0,
NES to Nintendo GameCube,Game Boy Advance,"released on March 21, 2001（Japan）",Game Boy Advance SP,Other,FY3/2015~,0,0,
NES to Nintendo GameCube,Game Boy Advance,"released on March 21, 2001（Japan）",Game Boy Advance SP,Other,LTD,1305,13050000,
NES to Nintendo GameCube,Game Boy Advance,"released on March 21, 2001（Japan）",Game Boy Advance SP,Total,FY3/2003,211,2110000,
NES to Nintendo GameCube,Game Boy Advance,"released on March 21, 2001（Japan）",Game Boy Advance SP,Total,FY3/2004,1505,15050000,
NES to Nintendo GameCube,Game Boy Advance,"released on March 21, 2001（Japan）",Game Boy Advance SP,Total,FY3/2005,1464,14640000,
NES to Nintendo GameCube,Game Boy Advance,"released on March 21, 2001（Japan）",Game Boy Advance SP,Total,FY3/2006,644,6440000,
NES to Nintendo GameCube,Game Boy Advance,"released on March 21, 2001（Japan）",Game Boy Advance SP,Total,FY3/2007,369,3690000,
NES to Nintendo GameCube,Game Boy Advance,"released on March 21, 2001（Japan）",Game Boy Advance SP,Total,FY3/2008,131,1310000,
NES to Nintendo GameCube,Game Boy Advance,"released on March 21, 2001（Japan）",Game Boy Advance SP,Total,FY3/2009,30,300000,
NES to Nintendo GameCube,Game Boy Advance,"released on March 21, 2001（Japan）",Game Boy Advance SP,Total,FY3/2010,4,40000,
NES to Nintendo GameCube,Game Boy Advance,"released on March 21, 2001（Japan）",Game Boy Advance SP,Total,FY3/2011,0.1,0,lt10k_pos
NES to Nintendo GameCube,Game Boy Advance,"released on March 21, 2001（Japan）",Game Boy Advance SP,Total,FY3/2012,0.1,0,lt10k_pos
NES to Nintendo GameCube,Game Boy Advance,"released on March 21, 2001（Japan）",Game Boy Advance SP,Total,FY3/2013,0,0,
NES to Nintendo GameCube,Game Boy Advance,"released on March 21, 2001（Japan）",Game Boy Advance SP,Total,FY3/2014,0,0,
NES to Nintendo GameCube,Game Boy Advance,"released on March 21, 2001（Japan）",Game Boy Advance SP,Total,FY3/2015~,0,0,
NES to Nintendo GameCube,Game Boy Advance,"released on March 21, 2001（Japan）",Game Boy Advance SP,Total,LTD,4357,43570000,
NES to Nintendo GameCube,Nintendo GameCube,"released on September 14, 2001（Japan）",family,Japan,FY3/2002,157,1570000,
NES to Nintendo GameCube,Nintendo GameCube,"released on September 14, 2001（Japan）",family,Japan,FY3/2003,90,900000,
NES to Nintendo GameCube,Nintendo GameCube,"released on September 14, 2001（Japan）",family,Japan,FY3/2004,99,990000,
NES to Nintendo GameCube,Nintendo GameCube,"released on September 14, 2001（Japan）",family,Japan,FY3/2005,34,340000,
NES to Nintendo GameCube,Nintendo GameCube,"released on September 14, 2001（Japan）",family,Japan,FY3/2006,20,200000,
NES to Nintendo GameCube,Nintendo GameCube,"released on September 14, 2001（Japan）",family,Japan,FY3/2007,2,20000,
NES to Nintendo GameCube,Nintendo GameCube,"released on September 14, 2001（Japan）",family,Japan,FY3/2008,2,20000,
NES to Nintendo GameCube,Nintendo GameCube,"released on September 14, 2001（Japan）",family,Japan,FY3/2009,-0.1,0,lt10k_neg
NES to Nintendo GameCube,Nintendo GameCube,"released on September 14, 2001（Japan）",family,Japan,FY3/2010,-0.1,0,lt10k_neg
NES to Nintendo GameCube,Nintendo GameCube,"released on September 14, 2001（Japan）",family,Japan,FY3/2011,0,0,
NES to Nintendo GameCube,Nintendo GameCube,"released on September 14, 2001（Japan）",family,Japan,FY3/2012,0,0,
NES to Nintendo GameCube,Nintendo GameCube,"released on September 14, 2001（Japan）",family,Japan,FY3/2013,0,0,
NES to Nintendo GameCube,Nintendo GameCube,"released on September 14, 2001（Japan）",family,Japan,FY3/2014,0,0,
NES to Nintendo GameCube,Nintendo GameCube,"released on September 14, 2001（Japan）",family,Japan,FY3/2015~,0,0,
NES to Nintendo GameCube,Nintendo GameCube,"released on September 14, 2001（Japan）",family,Japan,LTD,404,4040000,
NES to Nintendo GameCube,Nintendo GameCube,"released on September 14, 2001（Japan）",family,The Americas,FY3/2002,222,2220000,
NES to Nintendo GameCube,Nintendo GameCube,"released on September 14, 2001（Japan）",family,The Americas,FY3/2003,291,2910000,
NES to Nintendo GameCube,Nintendo GameCube,"released on September 14, 2001（Japan）",family,The Americas,FY3/2004,272,2720000,
NES to Nintendo GameCube,Nintendo GameCube,"released on September 14, 2001（Japan）",family,The Americas,FY3/2005,261,2610000,
NES to Nintendo GameCube,Nintendo GameCube,"released on September 14, 2001（Japan）",family,The Americas,FY3/2006,172,1720000,
NES to Nintendo GameCube,Nintendo GameCube,"released on September 14, 2001（Japan）",family,The Americas,FY3/2007,63,630000,
NES to Nintendo GameCube,Nintendo GameCube,"released on September 14, 2001（Japan）",family,The Americas,FY3/2008,13,130000,
NES to Nintendo GameCube,Nintendo GameCube,"released on September 14, 2001（Japan）",family,The Americas,FY3/2009,-0.1,0,lt10k_neg
NES to Nintendo GameCube,Nintendo GameCube,"released on September 14, 2001（Japan）",family,The Americas,FY3/2010,-0.1,0,lt10k_neg
NES to Nintendo GameCube,Nintendo GameCube,"released on September 14, 2001（Japan）",family,The Americas,FY3/2011,0,0,
NES to Nintendo GameCube,Nintendo GameCube,"released on September 14, 2001（Japan）",family,The Americas,FY3/2012,0,0,
NES to Nintendo GameCube,Nintendo GameCube,"released on September 14, 2001（Japan）",family,The Americas,FY3/2013,0,0,
NES to Nintendo GameCube,Nintendo GameCube,"released on September 14, 2001（Japan）",family,The Americas,FY3/2014,0,0,
NES to Nintendo GameCube,Nintendo GameCube,"released on September 14, 2001（Japan）",family,The Americas,FY3/2015~,0,0,
NES to Nintendo GameCube,Nintendo GameCube,"released on September 14, 2001（Japan）",family,The Americas,LTD,1294,12940000,
NES to Nintendo GameCube,Nintendo GameCube,"released on September 14, 2001（Japan）",family,Other,FY3/2002,1,10000,
NES to Nintendo GameCube,Nintendo GameCube,"released on September 14, 2001（Japan）",family,Other,FY3/2003,194,1940000,
NES to Nintendo GameCube,Nintendo GameCube,"released on September 14, 2001（Japan）",family,Other,FY3/2004,132,1320000,
NES to Nintendo GameCube,Nintendo GameCube,"released on September 14, 2001（Japan）",family,Other,FY3/2005,98,980000,
NES to Nintendo GameCube,Nintendo GameCube,"released on September 14, 2001（Japan）",family,Other,FY3/2006,44,440000,
NES to Nintendo GameCube,Nintendo GameCube,"released on September 14, 2001（Japan）",family,Other,FY3/2007,8,80000,
NES to Nintendo GameCube,Nintendo GameCube,"released on September 14, 2001（Japan）",family,Other,FY3/2008,1,10000,
NES to Nintendo GameCube,Nintendo GameCube,"released on September 14, 2001（Japan）",family,Other,FY3/2009,-0.1,0,lt10k_neg
NES to Nintendo GameCube,Nintendo GameCube,"released on September 14, 2001（Japan）",family,Other,FY3/2010,-0.1,0,lt10k_neg
NES to Nintendo GameCube,Nintendo GameCube,"released on September 14, 2001（Japan）",family,Other,FY3/2011,0,0,
NES to Nintendo GameCube,Nintendo GameCube,"released on September 14, 2001（Japan）",family,Other,FY3/2012,0,0,
NES to Nintendo GameCube,Nintendo GameCube,"released on September 14, 2001（Japan）",family,Other,FY3/2013,0,0,
NES to Nintendo GameCube,Nintendo GameCube,"released on September 14, 2001（Japan）",family,Other,FY3/2014,0,0,
NES to Nintendo GameCube,Nintendo GameCube,"released on September 14, 2001（Japan）",family,Other,FY3/2015~,0,0,
NES to Nintendo GameCube,Nintendo GameCube,"released on September 14, 2001（Japan）",family,Other,LTD,477,4770000,
NES to Nintendo GameCube,Nintendo GameCube,"released on September 14, 2001（Japan）",family,Total,FY3/2002,380,3800000,
NES to Nintendo GameCube,Nintendo GameCube,"released on September 14, 2001（Japan）",family,Total,FY3/2003,576,5760000,
NES to Nintendo GameCube,Nintendo GameCube,"released on September 14, 2001（Japan）",family,Total,FY3/2004,502,5020000,
NES to Nintendo GameCube,Nintendo GameCube,"released on September 14, 2001（Japan）",family,Total,FY3/2005,392,3920000,
NES to Nintendo GameCube,Nintendo GameCube,"released on September 14, 2001（Japan）",family,Total,FY3/2006,235,2350000,
NES to Nintendo GameCube,Nintendo GameCube,"released on September 14, 2001（Japan）",family,Total,FY3/2007,73,730000,
NES to Nintendo GameCube,Nintendo GameCube,"released on September 14, 2001（Japan）",family,Total,FY3/2008,16,160000,
NES to Nintendo GameCube,Nintendo GameCube,"released on September 14, 2001（Japan）",family,Total,FY3/2009,-0.1,0,lt10k_neg
NES to Nintendo GameCube,Nintendo GameCube,"released on September 14, 2001（Japan）",family,Total,FY3/2010,-0.1,0,lt10k_neg
NES to Nintendo GameCube,Nintendo GameCube,"released on September 14, 2001（Japan）",family,Total,FY3/2011,0,0,
NES to Nintendo GameCube,Nintendo GameCube,"released on September 14, 2001（Japan）",family,Total,FY3/2012,0,0,
NES to Nintendo GameCube,Nintendo GameCube,"released on September 14, 2001（Japan）",family,Total,FY3/2013,0,0,
NES to Nintendo GameCube,Nintendo GameCube,"released on September 14, 2001（Japan）",family,Total,FY3/2014,0,0,
NES to Nintendo GameCube,Nintendo GameCube,"released on September 14, 2001（Japan）",family,Total,FY3/2015~,0,0,
NES to Nintendo GameCube,Nintendo GameCube,"released on September 14, 2001（Japan）",family,Total,LTD,2174,21740000,
Nintendo DS to Wii,Nintendo DS,"released on November 21, 2004（The Americas）",family,Japan,FY3/2005,212,2120000,
Nintendo DS to Wii,Nintendo DS,"released on November 21, 2004（The Americas）",family,Japan,FY3/2006,478,4780000,
Nintendo DS to Wii,Nintendo DS,"released on November 21, 2004（The Americas）",family,Japan,FY3/2007,912,9120000,
Nintendo DS to Wii,Nintendo DS,"released on November 21, 2004（The Americas）",family,Japan,FY3/2008,636,6360000,
Nintendo DS to Wii,Nintendo DS,"released on November 21, 2004（The Americas）",family,Japan,FY3/2009,401,4010000,
Nintendo DS to Wii,Nintendo DS,"released on November 21, 2004（The Americas）",family,Japan,FY3/2010,401,4010000,
Nintendo DS to Wii,Nintendo DS,"released on November 21, 2004（The Americas）",family,Japan,FY3/2011,235,2350000,
Nintendo DS to Wii,Nintendo DS,"released on November 21, 2004（The Americas）",family,Japan,FY3/2012,23,230000,
Nintendo DS to Wii,Nintendo DS,"released on November 21, 2004（The Americas）",family,Japan,FY3/2013,1,10000,
Nintendo DS to Wii,Nintendo DS,"released on November 21, 2004（The Americas）",family,Japan,FY3/2014,-0.1,0,lt10k_neg
Nintendo DS to Wii,Nintendo DS,"released on November 21, 2004（The Americas）",family,Japan,FY3/2015,-0.1,0,lt10k_neg
Nintendo DS to Wii,Nintendo DS,"released on November 21, 2004（The Americas）",family,Japan,FY3/2016,-0.1,0,lt10k_neg
Nintendo DS to Wii,Nintendo DS,"released on November 21, 2004（The Americas）",family,Japan,FY3/2017,-0.1,0,lt10k_neg
Nintendo DS to Wii,Nintendo DS,"released on November 21, 2004（The Americas）",family,Japan,FY3/2018,0,0,
Nintendo DS to Wii,Nintendo DS,"released on November 21, 2004（The Americas）",family,Japan,FY3/2019,0,0,
Nintendo DS to Wii,Nintendo DS,"released on November 21, 2004（The Americas）",family,Japan,FY3/2020,0,0,
Nintendo DS to Wii,Nintendo DS,"released on November 21, 2004（The Americas）",family,Japan,FY3/2021,0,0,
Nintendo DS to Wii,Nintendo DS,"released on November 21, 2004（The Americas）",family,Japan,FY3/2022,0,0,
Nintendo DS to Wii,Nintendo DS,"released on November 21, 2004（The Americas）",family,Japan,FY3/2023,0,0,
Nintendo DS to Wii,Nintendo DS,"released on November 21, 2004（The Americas）",family,Japan,FY3/2024~,0,0,
Nintendo DS to Wii,Nintendo DS,"released on November 21, 2004（The Americas）",family,Japan,LTD,3299,32990000,
Nintendo DS to Wii,Nintendo DS,"released on November 21, 2004（The Americas）",family,The Americas,FY3/2005,219,2190000,
Nintendo DS to Wii,Nintendo DS,"released on November 21, 2004（The Americas）",family,The Americas,FY3/2006,292,2920000,
Nintendo DS to Wii,Nintendo DS,"released on November 21, 2004（The Americas）",family,The Americas,FY3/2007,663,6630000,
Nintendo DS to Wii,Nintendo DS,"released on November 21, 2004（The Americas）",family,The Americas,FY3/2008,1065,10650000,
Nintendo DS to Wii,Nintendo DS,"released on November 21, 2004（The Americas）",family,The Americas,FY3/2009,1207,12070000,
Nintendo DS to Wii,Nintendo DS,"released on November 21, 2004（The Americas）",family,The Americas,FY3/2010,1229,12290000,
Nintendo DS to Wii,Nintendo DS,"released on November 21, 2004（The Americas）",family,The Americas,FY3/2011,839,8390000,
Nintendo DS to Wii,Nintendo DS,"released on November 21, 2004（The Americas）",family,The Americas,FY3/2012,262,2620000,
Nintendo DS to Wii,Nintendo DS,"released on November 21, 2004（The Americas）",family,The Americas,FY3/2013,211,2110000,
Nintendo DS to Wii,Nintendo DS,"released on November 21, 2004（The Americas）",family,The Americas,FY3/2014,7,70000,
Nintendo DS to Wii,Nintendo DS,"released on November 21, 2004（The Americas）",family,The Americas,FY3/2015,-0.1,0,lt10k_neg
Nintendo DS to Wii,Nintendo DS,"released on November 21, 2004（The Americas）",family,The Americas,FY3/2016,-0.1,0,lt10k_neg
Nintendo DS to Wii,Nintendo DS,"released on November 21, 2004（The Americas）",family,The Americas,FY3/2017,-0.1,0,lt10k_neg
Nintendo DS to Wii,Nintendo DS,"released on November 21, 2004（The Americas）",family,The Americas,FY3/2018,-0.1,0,lt10k_neg
Nintendo DS to Wii,Nintendo DS,"released on November 21, 2004（The Americas）",family,The Americas,FY3/2019,-0.1,0,lt10k_neg
Nintendo DS to Wii,Nintendo DS,"released on November 21, 2004（The Americas）",family,The Americas,FY3/2020,-0.1,0,lt10k_neg
Nintendo DS to Wii,Nintendo DS,"released on November 21, 2004（The Americas）",family,The Americas,FY3/2021,0.1,0,lt10k_pos
Nintendo DS to Wii,Nintendo DS,"released on November 21, 2004（The Americas）",family,The Americas,FY3/2022,0,0,
Nintendo DS to Wii,Nintendo DS,"released on November 21, 2004（The Americas）",family,The Americas,FY3/2023,0,0,
Nintendo DS to Wii,Nintendo DS,"released on November 21, 2004（The Americas）",family,The Americas,FY3/2024~,0,0,
Nintendo DS to Wii,Nintendo DS,"released on November 21, 2004（The Americas）",family,The Americas,LTD,5993,59930000,
Nintendo DS to Wii,Nintendo DS,"released on November 21, 2004（The Americas）",family,Other,FY3/2005,95,950000,
Nintendo DS to Wii,Nintendo DS,"released on November 21, 2004（The Americas）",family,Other,FY3/2006,376,3760000,
Nintendo DS to Wii,Nintendo DS,"released on November 21, 2004（The Americas）",family,Other,FY3/2007,781,7810000,
Nintendo DS to Wii,Nintendo DS,"released on November 21, 2004（The Americas）",family,Other,FY3/2008,1330,13300000,
Nintendo DS to Wii,Nintendo DS,"released on November 21, 2004（The Americas）",family,Other,FY3/2009,1511,15110000,
Nintendo DS to Wii,Nintendo DS,"released on November 21, 2004（The Americas）",family,Other,FY3/2010,1081,10810000,
Nintendo DS to Wii,Nintendo DS,"released on November 21, 2004（The Americas）",family,Other,FY3/2011,678,6780000,
Nintendo DS to Wii,Nintendo DS,"released on November 21, 2004（The Americas）",family,Other,FY3/2012,225,2250000,
Nintendo DS to Wii,Nintendo DS,"released on November 21, 2004（The Americas）",family,Other,FY3/2013,23,230000,
Nintendo DS to Wii,Nintendo DS,"released on November 21, 2004（The Americas）",family,Other,FY3/2014,6,60000,
Nintendo DS to Wii,Nintendo DS,"released on November 21, 2004（The Americas）",family,Other,FY3/2015,2,20000,
Nintendo DS to Wii,Nintendo DS,"released on November 21, 2004（The Americas）",family,Other,FY3/2016,1,10000,
Nintendo DS to Wii,Nintendo DS,"released on November 21, 2004（The Americas）",family,Other,FY3/2017,-0.1,0,lt10k_neg
Nintendo DS to Wii,Nintendo DS,"released on November 21, 2004（The Americas）",family,Other,FY3/2018,-0.1,0,lt10k_neg
Nintendo DS to Wii,Nintendo DS,"released on November 21, 2004（The Americas）",family,Other,FY3/2019,0.1,0,lt10k_pos
Nintendo DS to Wii,Nintendo DS,"released on November 21, 2004（The Americas）",family,Other,FY3/2020,0,0,
Nintendo DS to Wii,Nintendo DS,"released on November 21, 2004（The Americas）",family,Other,FY3/2021,0,0,
Nintendo DS to Wii,Nintendo DS,"released on November 21, 2004（The Americas）",family,Other,FY3/2022,0,0,
Nintendo DS to Wii,Nintendo DS,"released on November 21, 2004（The Americas）",family,Other,FY3/2023,0,0,
Nintendo DS to Wii,Nintendo DS,"released on November 21, 2004（The Americas）",family,Other,FY3/2024~,0.1,0,lt10k_pos
Nintendo DS to Wii,Nintendo DS,"released on November 21, 2004（The Americas）",family,Other,LTD,6110,61100000,
Nintendo DS to Wii,Nintendo DS,"released on November 21, 2004（The Americas）",family,Total,FY3/2005,527,5270000,
Nintendo DS to Wii,Nintendo DS,"released on November 21, 2004（The Americas）",family,Total,FY3/2006,1146,11460000,
Nintendo DS to Wii,Nintendo DS,"released on November 21, 2004（The Americas）",family,Total,FY3/2007,2356,23560000,
Nintendo DS to Wii,Nintendo DS,"released on November 21, 2004（The Americas）",family,Total,FY3/2008,3031,30310000,
Nintendo DS to Wii,Nintendo DS,"released on November 21, 2004（The Americas）",family,Total,FY3/2009,3118,31180000,
Nintendo DS to Wii,Nintendo DS,"released on November 21, 2004（The Americas）",family,Total,FY3/2010,2711,27110000,
Nintendo DS to Wii,Nintendo DS,"released on November 21, 2004（The Americas）",family,Total,FY3/2011,1752,17520000,
Nintendo DS to Wii,Nintendo DS,"released on November 21, 2004（The Americas）",family,Total,FY3/2012,510,5100000,
Nintendo DS to Wii,Nintendo DS,"released on November 21, 2004（The Americas）",family,Total,FY3/2013,235,2350000,
Nintendo DS to Wii,Nintendo DS,"released on November 21, 2004（The Americas）",family,Total,FY3/2014,13,130000,
Nintendo DS to Wii,Nintendo DS,"released on November 21, 2004（The Americas）",family,Total,FY3/2015,2,20000,
Nintendo DS to Wii,Nintendo DS,"released on November 21, 2004（The Americas）",family,Total,FY3/2016,1,10000,
Nintendo DS to Wii,Nintendo DS,"released on November 21, 2004（The Americas）",family,Total,FY3/2017,-0.1,0,lt10k_neg
Nintendo DS to Wii,Nintendo DS,"released on November 21, 2004（The Americas）",family,Total,FY3/2018,-0.1,0,lt10k_neg
Nintendo DS to Wii,Nintendo DS,"released on November 21, 2004（The Americas）",family,Total,FY3/2019,-0.1,0,lt10k_neg
Nintendo DS to Wii,Nintendo DS,"released on November 21, 2004（The Americas）",family,Total,FY3/2020,-0.1,0,lt10k_neg
Nintendo DS to Wii,Nintendo DS,"released on November 21, 2004（The Americas）",family,Total,FY3/2021,0.1,0,lt10k_pos
Nintendo DS to Wii,Nintendo DS,"released on November 21, 2004（The Americas）",family,Total,FY3/2022,0,0,
Nintendo DS to Wii,Nintendo DS,"released on November 21, 2004（The Americas）",family,Total,FY3/2023,0,0,
Nintendo DS to Wii,Nintendo DS,"released on November 21, 2004（The Americas）",family,Total,FY3/2024~,0.1,0,lt10k_pos
Nintendo DS to Wii,Nintendo DS,"released on November 21, 2004（The Americas）",family,Total,LTD,15402,154020000,
Nintendo DS to Wii,Nintendo DS,"released on November 21, 2004（The Americas）",Nintendo DS Lite,Japan,FY3/2006,58,580000,
Nintendo DS to Wii,Nintendo DS,"released on November 21, 2004（The Americas）",Nintendo DS Lite,Japan,FY3/2007,890,8900000,
Nintendo DS to Wii,Nintendo DS,"released on November 21, 2004（The Americas）",Nintendo DS Lite,Japan,FY3/2008,636,6360000,
Nintendo DS to Wii,Nintendo DS,"released on November 21, 2004（The Americas）",Nintendo DS Lite,Japan,FY3/2009,179,1790000,
Nintendo DS to Wii,Nintendo DS,"released on November 21, 2004（The Americas）",Nintendo DS Lite,Japan,FY3/2010,43,430000,
Nintendo DS to Wii,Nintendo DS,"released on November 21, 2004（The Americas）",Nintendo DS Lite,Japan,FY3/2011,14,140000,
Nintendo DS to Wii,Nintendo DS,"released on November 21, 2004（The Americas）",Nintendo DS Lite,Japan,FY3/2012,0.1,0,lt10k_pos
Nintendo DS to Wii,Nintendo DS,"released on November 21, 2004（The Americas）",Nintendo DS Lite,Japan,FY3/2013,0.1,0,lt10k_pos
Nintendo DS to Wii,Nintendo DS,"released on November 21, 2004（The Americas）",Nintendo DS Lite,Japan,FY3/2014,0,0,
Nintendo DS to Wii,Nintendo DS,"released on November 21, 2004（The Americas）",Nintendo DS Lite,Japan,FY3/2015,0,0,
Nintendo DS to Wii,Nintendo DS,"released on November 21, 2004（The Americas）",Nintendo DS Lite,Japan,FY3/2016,0,0,
Nintendo DS to Wii,Nintendo DS,"released on November 21, 2004（The Americas）",Nintendo DS Lite,Japan,FY3/2017,0,0,
Nintendo DS to Wii,Nintendo DS,"released on November 21, 2004（The Americas）",Nintendo DS Lite,Japan,FY3/2018,0,0,
Nintendo DS to Wii,Nintendo DS,"released on November 21, 2004（The Americas）",Nintendo DS Lite,Japan,FY3/2019,0,0,
Nintendo DS to Wii,Nintendo DS,"released on November 21, 2004（The Americas）",Nintendo DS Lite,Japan,FY3/2020,0,0,
Nintendo DS to Wii,Nintendo DS,"released on November 21, 2004（The Americas）",Nintendo DS Lite,Japan,FY3/2021,0,0,
Nintendo DS to Wii,Nintendo DS,"released on November 21, 2004（The Americas）",Nintendo DS Lite,Japan,FY3/2022,0,0,
Nintendo DS to Wii,Nintendo DS,"released on November 21, 2004（The Americas）",Nintendo DS Lite,Japan,FY3/2023,0,0,
Nintendo DS to Wii,Nintendo DS,"released on November 21, 2004（The Americas）",Nintendo DS Lite,Japan,FY3/2024~,0,0,
Nintendo DS to Wii,Nintendo DS,"released on November 21, 2004（The Americas）",Nintendo DS Lite,Japan,LTD,1820,18200000,
Nintendo DS to Wii,Nintendo DS,"released on November 21, 2004（The Americas）",Nintendo DS Lite,The Americas,FY3/2006,0,0,
Nintendo DS to Wii,Nintendo DS,"released on November 21, 2004（The Americas）",Nintendo DS Lite,The Americas,FY3/2007,641,6410000,
Nintendo DS to Wii,Nintendo DS,"released on November 21, 2004（The Americas）",Nintendo DS Lite,The Americas,FY3/2008,1065,10650000,
Nintendo DS to Wii,Nintendo DS,"released on November 21, 2004（The Americas）",Nintendo DS Lite,The Americas,FY3/2009,1174,11740000,
Nintendo DS to Wii,Nintendo DS,"released on November 21, 2004（The Americas）",Nintendo DS Lite,The Americas,FY3/2010,525,5250000,
Nintendo DS to Wii,Nintendo DS,"released on November 21, 2004（The Americas）",Nintendo DS Lite,The Americas,FY3/2011,183,1830000,
Nintendo DS to Wii,Nintendo DS,"released on November 21, 2004（The Americas）",Nintendo DS Lite,The Americas,FY3/2012,55,550000,
Nintendo DS to Wii,Nintendo DS,"released on November 21, 2004（The Americas）",Nintendo DS Lite,The Americas,FY3/2013,-0.1,0,lt10k_neg
Nintendo DS to Wii,Nintendo DS,"released on November 21, 2004（The Americas）",Nintendo DS Lite,The Americas,FY3/2014,-0.1,0,lt10k_neg
Nintendo DS to Wii,Nintendo DS,"released on November 21, 2004（The Americas）",Nintendo DS Lite,The Americas,FY3/2015,-0.1,0,lt10k_neg
Nintendo DS to Wii,Nintendo DS,"released on November 21, 2004（The Americas）",Nintendo DS Lite,The Americas,FY3/2016,-0.1,0,lt10k_neg
Nintendo DS to Wii,Nintendo DS,"released on November 21, 2004（The Americas）",Nintendo DS Lite,The Americas,FY3/2017,-0.1,0,lt10k_neg
Nintendo DS to Wii,Nintendo DS,"released on November 21, 2004（The Americas）",Nintendo DS Lite,The Americas,FY3/2018,-0.1,0,lt10k_neg
Nintendo DS to Wii,Nintendo DS,"released on November 21, 2004（The Americas）",Nintendo DS Lite,The Americas,FY3/2019,-0.1,0,lt10k_neg
Nintendo DS to Wii,Nintendo DS,"released on November 21, 2004（The Americas）",Nintendo DS Lite,The Americas,FY3/2020,0,0,
Nintendo DS to Wii,Nintendo DS,"released on November 21, 2004（The Americas）",Nintendo DS Lite,The Americas,FY3/2021,0,0,
Nintendo DS to Wii,Nintendo DS,"released on November 21, 2004（The Americas）",Nintendo DS Lite,The Americas,FY3/2022,0,0,
Nintendo DS to Wii,Nintendo DS,"released on November 21, 2004（The Americas）",Nintendo DS Lite,The Americas,FY3/2023,0,0,
Nintendo DS to Wii,Nintendo DS,"released on November 21, 2004（The Americas）",Nintendo DS Lite,The Americas,FY3/2024~,0,0,
Nintendo DS to Wii,Nintendo DS,"released on November 21, 2004（The Americas）",Nintendo DS Lite,The Americas,LTD,3644,36440000,
Nintendo DS to Wii,Nintendo DS,"released on November 21, 2004（The Americas）",Nintendo DS Lite,Other,FY3/2006,0,0,
Nintendo DS to Wii,Nintendo DS,"released on November 21, 2004（The Americas）",Nintendo DS Lite,Other,FY3/2007,596,5960000,
Nintendo DS to Wii,Nintendo DS,"released on November 21, 2004（The Americas）",Nintendo DS Lite,Other,FY3/2008,1292,12920000,
Nintendo DS to Wii,Nintendo DS,"released on November 21, 2004（The Americas）",Nintendo DS Lite,Other,FY3/2009,1463,14630000,
Nintendo DS to Wii,Nintendo DS,"released on November 21, 2004（The Americas）",Nintendo DS Lite,Other,FY3/2010,457,4570000,
Nintendo DS to Wii,Nintendo DS,"released on November 21, 2004（The Americas）",Nintendo DS Lite,Other,FY3/2011,89,890000,
Nintendo DS to Wii,Nintendo DS,"released on November 21, 2004（The Americas）",Nintendo DS Lite,Other,FY3/2012,22,220000,
Nintendo DS to Wii,Nintendo DS,"released on November 21, 2004（The Americas）",Nintendo DS Lite,Other,FY3/2013,2,20000,
Nintendo DS to Wii,Nintendo DS,"released on November 21, 2004（The Americas）",Nintendo DS Lite,Other,FY3/2014,0.1,0,lt10k_pos
Nintendo DS to Wii,Nintendo DS,"released on November 21, 2004（The Americas）",Nintendo DS Lite,Other,FY3/2015,0.1,0,lt10k_pos
Nintendo DS to Wii,Nintendo DS,"released on November 21, 2004（The Americas）",Nintendo DS Lite,Other,FY3/2016,1,10000,
Nintendo DS to Wii,Nintendo DS,"released on November 21, 2004（The Americas）",Nintendo DS Lite,Other,FY3/2017,-0.1,0,lt10k_neg
Nintendo DS to Wii,Nintendo DS,"released on November 21, 2004（The Americas）",Nintendo DS Lite,Other,FY3/2018,-0.1,0,lt10k_neg
Nintendo DS to Wii,Nintendo DS,"released on November 21, 2004（The Americas）",Nintendo DS Lite,Other,FY3/2019,0,0,
Nintendo DS to Wii,Nintendo DS,"released on November 21, 2004（The Americas）",Nintendo DS Lite,Other,FY3/2020,0,0,
Nintendo DS to Wii,Nintendo DS,"released on November 21, 2004（The Americas）",Nintendo DS Lite,Other,FY3/2021,0,0,
Nintendo DS to Wii,Nintendo DS,"released on November 21, 2004（The Americas）",Nintendo DS Lite,Other,FY3/2022,0,0,
Nintendo DS to Wii,Nintendo DS,"released on November 21, 2004（The Americas）",Nintendo DS Lite,Other,FY3/2023,0,0,
Nintendo DS to Wii,Nintendo DS,"released on November 21, 2004（The Americas）",Nintendo DS Lite,Other,FY3/2024~,0.1,0,lt10k_pos
Nintendo DS to Wii,Nintendo DS,"released on November 21, 2004（The Americas）",Nintendo DS Lite,Other,LTD,3922,39220000,
Nintendo DS to Wii,Nintendo DS,"released on November 21, 2004（The Americas）",Nintendo DS Lite,Total,FY3/2006,58,580000,
Nintendo DS to Wii,Nintendo DS,"released on November 21, 2004（The Americas）",Nintendo DS Lite,Total,FY3/2007,2128,21280000,
Nintendo DS to Wii,Nintendo DS,"released on November 21, 2004（The Americas）",Nintendo DS Lite,Total,FY3/2008,2993,29930000,
Nintendo DS to Wii,Nintendo DS,"released on November 21, 2004（The Americas）",Nintendo DS Lite,Total,FY3/2009,2816,28160000,
Nintendo DS to Wii,Nintendo DS,"released on November 21, 2004（The Americas）",Nintendo DS Lite,Total,FY3/2010,1025,10250000,
Nintendo DS to Wii,Nintendo DS,"released on November 21, 2004（The Americas）",Nintendo DS Lite,Total,FY3/2011,287,2870000,
Nintendo DS to Wii,Nintendo DS,"released on November 21, 2004（The Americas）",Nintendo DS Lite,Total,FY3/2012,77,770000,
Nintendo DS to Wii,Nintendo DS,"released on November 21, 2004（The Americas）",Nintendo DS Lite,Total,FY3/2013,2,20000,
Nintendo DS to Wii,Nintendo DS,"released on November 21, 2004（The Americas）",Nintendo DS Lite,Total,FY3/2014,0.1,0,lt10k_pos
Nintendo DS to Wii,Nintendo DS,"released on November 21, 2004（The Americas）",Nintendo DS Lite,Total,FY3/2015,0.1,0,lt10k_pos
Nintendo DS to Wii,Nintendo DS,"released on November 21, 2004（The Americas）",Nintendo DS Lite,Total,FY3/2016,1,10000,
Nintendo DS to Wii,Nintendo DS,"released on November 21, 2004（The Americas）",Nintendo DS Lite,Total,FY3/2017,-0.1,0,lt10k_neg
Nintendo DS to Wii,Nintendo DS,"released on November 21, 2004（The Americas）",Nintendo DS Lite,Total,FY3/2018,-0.1,0,lt10k_neg
Nintendo DS to Wii,Nintendo DS,"released on November 21, 2004（The Americas）",Nintendo DS Lite,Total,FY3/2019,-0.1,0,lt10k_neg
Nintendo DS to Wii,Nintendo DS,"released on November 21, 2004（The Americas）",Nintendo DS Lite,Total,FY3/2020,0,0,
Nintendo DS to Wii,Nintendo DS,"released on November 21, 2004（The Americas）",Nintendo DS Lite,Total,FY3/2021,0,0,
Nintendo DS to Wii,Nintendo DS,"released on November 21, 2004（The Americas）",Nintendo DS Lite,Total,FY3/2022,0,0,
Nintendo DS to Wii,Nintendo DS,"released on November 21, 2004（The Americas）",Nintendo DS Lite,Total,FY3/2023,0,0,
Nintendo DS to Wii,Nintendo DS,"released on November 21, 2004（The Americas）",Nintendo DS Lite,Total,FY3/2024~,0.1,0,lt10k_pos
Nintendo DS to Wii,Nintendo DS,"released on November 21, 2004（The Americas）",Nintendo DS Lite,Total,LTD,9386,93860000,
Nintendo DS to Wii,Nintendo DS,"released on November 21, 2004（The Americas）",Nintendo DSi,Japan,FY3/2009,222,2220000,
Nintendo DS to Wii,Nintendo DS,"released on November 21, 2004（The Americas）",Nintendo DSi,Japan,FY3/2010,254,2540000,
Nintendo DS to Wii,Nintendo DS,"released on November 21, 2004（The Americas）",Nintendo DSi,Japan,FY3/2011,103,1030000,
Nintendo DS to Wii,Nintendo DS,"released on November 21, 2004（The Americas）",Nintendo DSi,Japan,FY3/2012,10,100000,
Nintendo DS to Wii,Nintendo DS,"released on November 21, 2004（The Americas）",Nintendo DSi,Japan,FY3/2013,0.1,0,lt10k_pos
Nintendo DS to Wii,Nintendo DS,"released on November 21, 2004（The Americas）",Nintendo DSi,Japan,FY3/2014,-0.1,0,lt10k_neg
Nintendo DS to Wii,Nintendo DS,"released on November 21, 2004（The Americas）",Nintendo DSi,Japan,FY3/2015,-0.1,0,lt10k_neg
Nintendo DS to Wii,Nintendo DS,"released on November 21, 2004（The Americas）",Nintendo DSi,Japan,FY3/2016,-0.1,0,lt10k_neg
Nintendo DS to Wii,Nintendo DS,"released on November 21, 2004（The Americas）",Nintendo DSi,Japan,FY3/2017,-0.1,0,lt10k_neg
Nintendo DS to Wii,Nintendo DS,"released on November 21, 2004（The Americas）",Nintendo DSi,Japan,FY3/2018,0,0,
Nintendo DS to Wii,Nintendo DS,"released on November 21, 2004（The Americas）",Nintendo DSi,Japan,FY3/2019,0,0,
Nintendo DS to Wii,Nintendo DS,"released on November 21, 2004（The Americas）",Nintendo DSi,Japan,FY3/2020,0,0,
Nintendo DS to Wii,Nintendo DS,"released on November 21, 2004（The Americas）",Nintendo DSi,Japan,FY3/2021,0,0,
Nintendo DS to Wii,Nintendo DS,"released on November 21, 2004（The Americas）",Nintendo DSi,Japan,FY3/2022,0,0,
Nintendo DS to Wii,Nintendo DS,"released on November 21, 2004（The Americas）",Nintendo DSi,Japan,FY3/2023,0,0,
Nintendo DS to Wii,Nintendo DS,"released on November 21, 2004（The Americas）",Nintendo DSi,Japan,FY3/2024~,0,0,
Nintendo DS to Wii,Nintendo DS,"released on November 21, 2004（The Americas）",Nintendo DSi,Japan,LTD,590,5900000,
Nintendo DS to Wii,Nintendo DS,"released on November 21, 2004（The Americas）",Nintendo DSi,The Americas,FY3/2009,33,330000,
Nintendo DS to Wii,Nintendo DS,"released on November 21, 2004（The Americas）",Nintendo DSi,The Americas,FY3/2010,664,6640000,
Nintendo DS to Wii,Nintendo DS,"released on November 21, 2004（The Americas）",Nintendo DSi,The Americas,FY3/2011,289,2890000,
Nintendo DS to Wii,Nintendo DS,"released on November 21, 2004（The Americas）",Nintendo DSi,The Americas,FY3/2012,99,990000,
Nintendo DS to Wii,Nintendo DS,"released on November 21, 2004（The Americas）",Nintendo DSi,The Americas,FY3/2013,143,1430000,
Nintendo DS to Wii,Nintendo DS,"released on November 21, 2004（The Americas）",Nintendo DSi,The Americas,FY3/2014,7,70000,
Nintendo DS to Wii,Nintendo DS,"released on November 21, 2004（The Americas）",Nintendo DSi,The Americas,FY3/2015,-0.1,0,lt10k_neg
Nintendo DS to Wii,Nintendo DS,"released on November 21, 2004（The Americas）",Nintendo DSi,The Americas,FY3/2016,-0.1,0,lt10k_neg
Nintendo DS to Wii,Nintendo DS,"released on November 21, 2004（The Americas）",Nintendo DSi,The Americas,FY3/2017,-0.1,0,lt10k_neg
Nintendo DS to Wii,Nintendo DS,"released on November 21, 2004（The Americas）",Nintendo DSi,The Americas,FY3/2018,-0.1,0,lt10k_neg
Nintendo DS to Wii,Nintendo DS,"released on November 21, 2004（The Americas）",Nintendo DSi,The Americas,FY3/2019,-0.1,0,lt10k_neg
Nintendo DS to Wii,Nintendo DS,"released on November 21, 2004（The Americas）",Nintendo DSi,The Americas,FY3/2020,0,0,
Nintendo DS to Wii,Nintendo DS,"released on November 21, 2004（The Americas）",Nintendo DSi,The Americas,FY3/2021,0,0,
Nintendo DS to Wii,Nintendo DS,"released on November 21, 2004（The Americas）",Nintendo DSi,The Americas,FY3/2022,0,0,
Nintendo DS to Wii,Nintendo DS,"released on November 21, 2004（The Americas）",Nintendo DSi,The Americas,FY3/2023,0,0,
Nintendo DS to Wii,Nintendo DS,"released on November 21, 2004（The Americas）",Nintendo DSi,The Americas,FY3/2024~,0,0,
Nintendo DS to Wii,Nintendo DS,"released on November 21, 2004（The Americas）",Nintendo DSi,The Americas,LTD,1235,12350000,
Nintendo DS to Wii,Nintendo DS,"released on November 21, 2004（The Americas）",Nintendo DSi,Other,FY3/2009,48,480000,
Nintendo DS to Wii,Nintendo DS,"released on November 21, 2004（The Americas）",Nintendo DSi,Other,FY3/2010,562,5620000,
Nintendo DS to Wii,Nintendo DS,"released on November 21, 2004（The Americas）",Nintendo DSi,Other,FY3/2011,274,2740000,
Nintendo DS to Wii,Nintendo DS,"released on November 21, 2004（The Americas）",Nintendo DSi,Other,FY3/2012,120,1200000,
Nintendo DS to Wii,Nintendo DS,"released on November 21, 2004（The Americas）",Nintendo DSi,Other,FY3/2013,11,110000,
Nintendo DS to Wii,Nintendo DS,"released on November 21, 2004（The Americas）",Nintendo DSi,Other,FY3/2014,4,40000,
Nintendo DS to Wii,Nintendo DS,"released on November 21, 2004（The Americas）",Nintendo DSi,Other,FY3/2015,1,10000,
Nintendo DS to Wii,Nintendo DS,"released on November 21, 2004（The Americas）",Nintendo DSi,Other,FY3/2016,0.1,0,lt10k_pos
Nintendo DS to Wii,Nintendo DS,"released on November 21, 2004（The Americas）",Nintendo DSi,Other,FY3/2017,-0.1,0,lt10k_neg
Nintendo DS to Wii,Nintendo DS,"released on November 21, 2004（The Americas）",Nintendo DSi,Other,FY3/2018,-0.1,0,lt10k_neg
Nintendo DS to Wii,Nintendo DS,"released on November 21, 2004（The Americas）",Nintendo DSi,Other,FY3/2019,0,0,
Nintendo DS to Wii,Nintendo DS,"released on November 21, 2004（The Americas）",Nintendo DSi,Other,FY3/2020,0,0,
Nintendo DS to Wii,Nintendo DS,"released on November 21, 2004（The Americas）",Nintendo DSi,Other,FY3/2021,0,0,
Nintendo DS to Wii,Nintendo DS,"released on November 21, 2004（The Americas）",Nintendo DSi,Other,FY3/2022,0,0,
Nintendo DS to Wii,Nintendo DS,"released on November 21, 2004（The Americas）",Nintendo DSi,Other,FY3/2023,0,0,
Nintendo DS to Wii,Nintendo DS,"released on November 21, 2004（The Americas）",Nintendo DSi,Other,FY3/2024~,0,0,
Nintendo DS to Wii,Nintendo DS,"released on November 21, 2004（The Americas）",Nintendo DSi,Other,LTD,1019,10190000,
Nintendo DS to Wii,Nintendo DS,"released on November 21, 2004（The Americas）",Nintendo DSi,Total,FY3/2009,302,3020000,
Nintendo DS to Wii,Nintendo DS,"released on November 21, 2004（The Americas）",Nintendo DSi,Total,FY3/2010,1480,14800000,
Nintendo DS to Wii,Nintendo DS,"released on November 21, 2004（The Americas）",Nintendo DSi,Total,FY3/2011,667,6670000,
Nintendo DS to Wii,Nintendo DS,"released on November 21, 2004（The Americas）",Nintendo DSi,Total,FY3/2012,229,2290000,
Nintendo DS to Wii,Nintendo DS,"released on November 21, 2004（The Americas）",Nintendo DSi,Total,FY3/2013,154,1540000,
Nintendo DS to Wii,Nintendo DS,"released on November 21, 2004（The Americas）",Nintendo DSi,Total,FY3/2014,11,110000,
Nintendo DS to Wii,Nintendo DS,"released on November 21, 2004（The Americas）",Nintendo DSi,Total,FY3/2015,1,10000,
Nintendo DS to Wii,Nintendo DS,"released on November 21, 2004（The Americas）",Nintendo DSi,Total,FY3/2016,0.1,0,lt10k_pos
Nintendo DS to Wii,Nintendo DS,"released on November 21, 2004（The Americas）",Nintendo DSi,Total,FY3/2017,-0.1,0,lt10k_neg
Nintendo DS to Wii,Nintendo DS,"released on November 21, 2004（The Americas）",Nintendo DSi,Total,FY3/2018,-0.1,0,lt10k_neg
Nintendo DS to Wii,Nintendo DS,"released on November 21, 2004（The Americas）",Nintendo DSi,Total,FY3/2019,-0.1,0,lt10k_neg
Nintendo DS to Wii,Nintendo DS,"released on November 21, 2004（The Americas）",Nintendo DSi,Total,FY3/2020,0,0,
Nintendo DS to Wii,Nintendo DS,"released on November 21, 2004（The Americas）",Nintendo DSi,Total,FY3/2021,0,0,
Nintendo DS to Wii,Nintendo DS,"released on November 21, 2004（The Americas）",Nintendo DSi,Total,FY3/2022,0,0,
Nintendo DS to Wii,Nintendo DS,"released on November 21, 2004（The Americas）",Nintendo DSi,Total,FY3/2023,0,0,
Nintendo DS to Wii,Nintendo DS,"released on November 21, 2004（The Americas）",Nintendo DSi,Total,FY3/2024~,0,0,
Nintendo DS to Wii,Nintendo DS,"released on November 21, 2004（The Americas）",Nintendo DSi,Total,LTD,2844,28440000,
Nintendo DS to Wii,Nintendo DS,"released on November 21, 2004（The Americas）",Nintendo DSi XL,Japan,FY3/2010,104,1040000,
Nintendo DS to Wii,Nintendo DS,"released on November 21, 2004（The Americas）",Nintendo DSi XL,Japan,FY3/2011,118,1180000,
Nintendo DS to Wii,Nintendo DS,"released on November 21, 2004（The Americas）",Nintendo DSi XL,Japan,FY3/2012,12,120000,
Nintendo DS to Wii,Nintendo DS,"released on November 21, 2004（The Americas）",Nintendo DSi XL,Japan,FY3/2013,1,10000,
Nintendo DS to Wii,Nintendo DS,"released on November 21, 2004（The Americas）",Nintendo DSi XL,Japan,FY3/2014,-0.1,0,lt10k_neg
Nintendo DS to Wii,Nintendo DS,"released on November 21, 2004（The Americas）",Nintendo DSi XL,Japan,FY3/2015,-0.1,0,lt10k_neg
Nintendo DS to Wii,Nintendo DS,"released on November 21, 2004（The Americas）",Nintendo DSi XL,Japan,FY3/2016,0,0,
Nintendo DS to Wii,Nintendo DS,"released on November 21, 2004（The Americas）",Nintendo DSi XL,Japan,FY3/2017,0,0,
Nintendo DS to Wii,Nintendo DS,"released on November 21, 2004（The Americas）",Nintendo DSi XL,Japan,FY3/2018,0,0,
Nintendo DS to Wii,Nintendo DS,"released on November 21, 2004（The Americas）",Nintendo DSi XL,Japan,FY3/2019,0,0,
Nintendo DS to Wii,Nintendo DS,"released on November 21, 2004（The Americas）",Nintendo DSi XL,Japan,FY3/2020,0,0,
Nintendo DS to Wii,Nintendo DS,"released on November 21, 2004（The Americas）",Nintendo DSi XL,Japan,FY3/2021,0,0,
Nintendo DS to Wii,Nintendo DS,"released on November 21, 2004（The Americas）",Nintendo DSi XL,Japan,FY3/2022,0,0,
Nintendo DS to Wii,Nintendo DS,"released on November 21, 2004（The Americas）",Nintendo DSi XL,Japan,FY3/2023,0,0,
Nintendo DS to Wii,Nintendo DS,"released on November 21, 2004（The Americas）",Nintendo DSi XL,Japan,FY3/2024~,0,0,
Nintendo DS to Wii,Nintendo DS,"released on November 21, 2004（The Americas）",Nintendo DSi XL,Japan,LTD,235,2350000,
Nintendo DS to Wii,Nintendo DS,"released on November 21, 2004（The Americas）",Nintendo DSi XL,The Americas,FY3/2010,42,420000,
Nintendo DS to Wii,Nintendo DS,"released on November 21, 2004（The Americas）",Nintendo DSi XL,The Americas,FY3/2011,366,3660000,
Nintendo DS to Wii,Nintendo DS,"released on November 21, 2004（The Americas）",Nintendo DSi XL,The Americas,FY3/2012,108,1080000,
Nintendo DS to Wii,Nintendo DS,"released on November 21, 2004（The Americas）",Nintendo DSi XL,The Americas,FY3/2013,68,680000,
Nintendo DS to Wii,Nintendo DS,"released on November 21, 2004（The Americas）",Nintendo DSi XL,The Americas,FY3/2014,-0.1,0,lt10k_neg
Nintendo DS to Wii,Nintendo DS,"released on November 21, 2004（The Americas）",Nintendo DSi XL,The Americas,FY3/2015,-0.1,0,lt10k_neg
Nintendo DS to Wii,Nintendo DS,"released on November 21, 2004（The Americas）",Nintendo DSi XL,The Americas,FY3/2016,-0.1,0,lt10k_neg
Nintendo DS to Wii,Nintendo DS,"released on November 21, 2004（The Americas）",Nintendo DSi XL,The Americas,FY3/2017,-0.1,0,lt10k_neg
Nintendo DS to Wii,Nintendo DS,"released on November 21, 2004（The Americas）",Nintendo DSi XL,The Americas,FY3/2018,0,0,
Nintendo DS to Wii,Nintendo DS,"released on November 21, 2004（The Americas）",Nintendo DSi XL,The Americas,FY3/2019,-0.1,0,lt10k_neg
Nintendo DS to Wii,Nintendo DS,"released on November 21, 2004（The Americas）",Nintendo DSi XL,The Americas,FY3/2020,-0.1,0,lt10k_neg
Nintendo DS to Wii,Nintendo DS,"released on November 21, 2004（The Americas）",Nintendo DSi XL,The Americas,FY3/2021,0.1,0,lt10k_pos
Nintendo DS to Wii,Nintendo DS,"released on November 21, 2004（The Americas）",Nintendo DSi XL,The Americas,FY3/2022,0,0,
Nintendo DS to Wii,Nintendo DS,"released on November 21, 2004（The Americas）",Nintendo DSi XL,The Americas,FY3/2023,0,0,
Nintendo DS to Wii,Nintendo DS,"released on November 21, 2004（The Americas）",Nintendo DSi XL,The Americas,FY3/2024~,0,0,
Nintendo DS to Wii,Nintendo DS,"released on November 21, 2004（The Americas）",Nintendo DSi XL,The Americas,LTD,585,5850000,
Nintendo DS to Wii,Nintendo DS,"released on November 21, 2004（The Americas）",Nintendo DSi XL,Other,FY3/2010,62,620000,
Nintendo DS to Wii,Nintendo DS,"released on November 21, 2004（The Americas）",Nintendo DSi XL,Other,FY3/2011,315,3150000,
Nintendo DS to Wii,Nintendo DS,"released on November 21, 2004（The Americas）",Nintendo DSi XL,Other,FY3/2012,83,830000,
Nintendo DS to Wii,Nintendo DS,"released on November 21, 2004（The Americas）",Nintendo DSi XL,Other,FY3/2013,11,110000,
Nintendo DS to Wii,Nintendo DS,"released on November 21, 2004（The Americas）",Nintendo DSi XL,Other,FY3/2014,1,10000,
Nintendo DS to Wii,Nintendo DS,"released on November 21, 2004（The Americas）",Nintendo DSi XL,Other,FY3/2015,1,10000,
Nintendo DS to Wii,Nintendo DS,"released on November 21, 2004（The Americas）",Nintendo DSi XL,Other,FY3/2016,0.1,0,lt10k_pos
Nintendo DS to Wii,Nintendo DS,"released on November 21, 2004（The Americas）",Nintendo DSi XL,Other,FY3/2017,-0.1,0,lt10k_neg
Nintendo DS to Wii,Nintendo DS,"released on November 21, 2004（The Americas）",Nintendo DSi XL,Other,FY3/2018,-0.1,0,lt10k_neg
Nintendo DS to Wii,Nintendo DS,"released on November 21, 2004（The Americas）",Nintendo DSi XL,Other,FY3/2019,0,0,
Nintendo DS to Wii,Nintendo DS,"released on November 21, 2004（The Americas）",Nintendo DSi XL,Other,FY3/2020,0,0,
Nintendo DS to Wii,Nintendo DS,"released on November 21, 2004（The Americas）",Nintendo DSi XL,Other,FY3/2021,0,0,
Nintendo DS to Wii,Nintendo DS,"released on November 21, 2004（The Americas）",Nintendo DSi XL,Other,FY3/2022,0,0,
Nintendo DS to Wii,Nintendo DS,"released on November 21, 2004（The Americas）",Nintendo DSi XL,Other,FY3/2023,0,0,
Nintendo DS to Wii,Nintendo DS,"released on November 21, 2004（The Americas）",Nintendo DSi XL,Other,FY3/2024~,0,0,
Nintendo DS to Wii,Nintendo DS,"released on November 21, 2004（The Americas）",Nintendo DSi XL,Other,LTD,474,4740000,
Nintendo DS to Wii,Nintendo DS,"released on November 21, 2004（The Americas）",Nintendo DSi XL,Total,FY3/2010,208,2080000,
Nintendo DS to Wii,Nintendo DS,"released on November 21, 2004（The Americas）",Nintendo DSi XL,Total,FY3/2011,799,7990000,
Nintendo DS to Wii,Nintendo DS,"released on November 21, 2004（The Americas）",Nintendo DSi XL,Total,FY3/2012,204,2040000,
Nintendo DS to Wii,Nintendo DS,"released on November 21, 2004（The Americas）",Nintendo DSi XL,Total,FY3/2013,79,790000,
Nintendo DS to Wii,Nintendo DS,"released on November 21, 2004（The Americas）",Nintendo DSi XL,Total,FY3/2014,1,10000,
Nintendo DS to Wii,Nintendo DS,"released on November 21, 2004（The Americas）",Nintendo DSi XL,Total,FY3/2015,1,10000,
Nintendo DS to Wii,Nintendo DS,"released on November 21, 2004（The Americas）",Nintendo DSi XL,Total,FY3/2016,0.1,0,lt10k_pos
Nintendo DS to Wii,Nintendo DS,"released on November 21, 2004（The Americas）",Nintendo DSi XL,Total,FY3/2017,-0.1,0,lt10k_neg
Nintendo DS to Wii,Nintendo DS,"released on November 21, 2004（The Americas）",Nintendo DSi XL,Total,FY3/2018,-0.1,0,lt10k_neg
Nintendo DS to Wii,Nintendo DS,"released on November 21, 2004（The Americas）",Nintendo DSi XL,Total,FY3/2019,-0.1,0,lt10k_neg
Nintendo DS to Wii,Nintendo DS,"released on November 21, 2004（The Americas）",Nintendo DSi XL,Total,FY3/2020,-0.1,0,lt10k_neg
Nintendo DS to Wii,Nintendo DS,"released on November 21, 2004（The Americas）",Nintendo DSi XL,Total,FY3/2021,0.1,0,lt10k_pos
Nintendo DS to Wii,Nintendo DS,"released on November 21, 2004（The Americas）",Nintendo DSi XL,Total,FY3/2022,0,0,
Nintendo DS to Wii,Nintendo DS,"released on November 21, 2004（The Americas）",Nintendo DSi XL,Total,FY3/2023,0,0,
Nintendo DS to Wii,Nintendo DS,"released on November 21, 2004（The Americas）",Nintendo DSi XL,Total,FY3/2024~,0,0,
Nintendo DS to Wii,Nintendo DS,"released on November 21, 2004（The Americas）",Nintendo DSi XL,Total,LTD,1293,12930000,
Nintendo DS to Wii,Wii,"released on November 19, 2006（The Americas）",family,Japan,FY3/2007,200,2000000,
Nintendo DS to Wii,Wii,"released on November 19, 2006（The Americas）",family,Japan,FY3/2008,390,3900000,
Nintendo DS to Wii,Wii,"released on November 19, 2006（The Americas）",family,Japan,FY3/2009,206,2060000,
Nintendo DS to Wii,Wii,"released on November 19, 2006（The Americas）",family,Japan,FY3/2010,238,2380000,
Nintendo DS to Wii,Wii,"released on November 19, 2006（The Americas）",family,Japan,FY3/2011,126,1260000,
Nintendo DS to Wii,Wii,"released on November 19, 2006（The Americas）",family,Japan,FY3/2012,86,860000,
Nintendo DS to Wii,Wii,"released on November 19, 2006（The Americas）",family,Japan,FY3/2013,26,260000,
Nintendo DS to Wii,Wii,"released on November 19, 2006（The Americas）",family,Japan,FY3/2014,4,40000,
Nintendo DS to Wii,Wii,"released on November 19, 2006（The Americas）",family,Japan,FY3/2015,-0.1,0,lt10k_neg
Nintendo DS to Wii,Wii,"released on November 19, 2006（The Americas）",family,Japan,FY3/2016,0,0,
Nintendo DS to Wii,Wii,"released on November 19, 2006（The Americas）",family,Japan,FY3/2017,-0.1,0,lt10k_neg
Nintendo DS to Wii,Wii,"released on November 19, 2006（The Americas）",family,Japan,FY3/2018,0,0,
Nintendo DS to Wii,Wii,"released on November 19, 2006（The Americas）",family,Japan,FY3/2019,0,0,
Nintendo DS to Wii,Wii,"released on November 19, 2006（The Americas）",family,Japan,FY3/2020,0,0,
Nintendo DS to Wii,Wii,"released on November 19, 2006（The Americas）",family,Japan,FY3/2021,0,0,
Nintendo DS to Wii,Wii,"released on November 19, 2006（The Americas）",family,Japan,FY3/2022,0,0,
Nintendo DS to Wii,Wii,"released on November 19, 2006（The Americas）",family,Japan,FY3/2023,0,0,
Nintendo DS to Wii,Wii,"released on November 19, 2006（The Americas）",family,Japan,FY3/2024~,0,0,
Nintendo DS to Wii,Wii,"released on November 19, 2006（The Americas）",family,Japan,LTD,1275,12750000,
Nintendo DS to Wii,Wii,"released on November 19, 2006（The Americas）",family,The Americas,FY3/2007,237,2370000,
Nintendo DS to Wii,Wii,"released on November 19, 2006（The Americas）",family,The Americas,FY3/2008,824,8240000,
Nintendo DS to Wii,Wii,"released on November 19, 2006（The Americas）",family,The Americas,FY3/2009,1293,12930000,
Nintendo DS to Wii,Wii,"released on November 19, 2006（The Americas）",family,The Americas,FY3/2010,986,9860000,
Nintendo DS to Wii,Wii,"released on November 19, 2006（The Americas）",family,The Americas,FY3/2011,778,7780000,
Nintendo DS to Wii,Wii,"released on November 19, 2006（The Americas）",family,The Americas,FY3/2012,453,4530000,
Nintendo DS to Wii,Wii,"released on November 19, 2006（The Americas）",family,The Americas,FY3/2013,205,2050000,
Nintendo DS to Wii,Wii,"released on November 19, 2006（The Americas）",family,The Americas,FY3/2014,71,710000,
Nintendo DS to Wii,Wii,"released on November 19, 2006（The Americas）",family,The Americas,FY3/2015,18,180000,
Nintendo DS to Wii,Wii,"released on November 19, 2006（The Americas）",family,The Americas,FY3/2016,-0.1,0,lt10k_neg
Nintendo DS to Wii,Wii,"released on November 19, 2006（The Americas）",family,The Americas,FY3/2017,-0.1,0,lt10k_neg
Nintendo DS to Wii,Wii,"released on November 19, 2006（The Americas）",family,The Americas,FY3/2018,0.1,0,lt10k_pos
Nintendo DS to Wii,Wii,"released on November 19, 2006（The Americas）",family,The Americas,FY3/2019,-0.1,0,lt10k_neg
Nintendo DS to Wii,Wii,"released on November 19, 2006（The Americas）",family,The Americas,FY3/2020,0,0,
Nintendo DS to Wii,Wii,"released on November 19, 2006（The Americas）",family,The Americas,FY3/2021,0,0,
Nintendo DS to Wii,Wii,"released on November 19, 2006（The Americas）",family,The Americas,FY3/2022,0,0,
Nintendo DS to Wii,Wii,"released on November 19, 2006（The Americas）",family,The Americas,FY3/2023,0,0,
Nintendo DS to Wii,Wii,"released on November 19, 2006（The Americas）",family,The Americas,FY3/2024~,0,0,
Nintendo DS to Wii,Wii,"released on November 19, 2006（The Americas）",family,The Americas,LTD,4864,48640000,
Nintendo DS to Wii,Wii,"released on November 19, 2006（The Americas）",family,Other,FY3/2007,147,1470000,
Nintendo DS to Wii,Wii,"released on November 19, 2006（The Americas）",family,Other,FY3/2008,647,6470000,
Nintendo DS to Wii,Wii,"released on November 19, 2006（The Americas）",family,Other,FY3/2009,1096,10960000,
Nintendo DS to Wii,Wii,"released on November 19, 2006（The Americas）",family,Other,FY3/2010,830,8300000,
Nintendo DS to Wii,Wii,"released on November 19, 2006（The Americas）",family,Other,FY3/2011,605,6050000,
Nintendo DS to Wii,Wii,"released on November 19, 2006（The Americas）",family,Other,FY3/2012,445,4450000,
Nintendo DS to Wii,Wii,"released on November 19, 2006（The Americas）",family,Other,FY3/2013,168,1680000,
Nintendo DS to Wii,Wii,"released on November 19, 2006（The Americas）",family,Other,FY3/2014,48,480000,
Nintendo DS to Wii,Wii,"released on November 19, 2006（The Americas）",family,Other,FY3/2015,27,270000,
Nintendo DS to Wii,Wii,"released on November 19, 2006（The Americas）",family,Other,FY3/2016,11,110000,
Nintendo DS to Wii,Wii,"released on November 19, 2006（The Americas）",family,Other,FY3/2017,-0.1,0,lt10k_neg
Nintendo DS to Wii,Wii,"released on November 19, 2006（The Americas）",family,Other,FY3/2018,-0.1,0,lt10k_neg
Nintendo DS to Wii,Wii,"released on November 19, 2006（The Americas）",family,Other,FY3/2019,0.1,0,lt10k_pos
Nintendo DS to Wii,Wii,"released on November 19, 2006（The Americas）",family,Other,FY3/2020,0,0,
Nintendo DS to Wii,Wii,"released on November 19, 2006（The Americas）",family,Other,FY3/2021,0,0,
Nintendo DS to Wii,Wii,"released on November 19, 2006（The Americas）",family,Other,FY3/2022,0,0,
Nintendo DS to Wii,Wii,"released on November 19, 2006（The Americas）",family,Other,FY3/2023,0.1,0,lt10k_pos
Nintendo DS to Wii,Wii,"released on November 19, 2006（The Americas）",family,Other,FY3/2024~,0,0,
Nintendo DS to Wii,Wii,"released on November 19, 2006（The Americas）",family,Other,LTD,4023,40230000,
Nintendo DS to Wii,Wii,"released on November 19, 2006（The Americas）",family,Total,FY3/2007,584,5840000,
Nintendo DS to Wii,Wii,"released on November 19, 2006（The Americas）",family,Total,FY3/2008,1861,18610000,
Nintendo DS to Wii,Wii,"released on November 19, 2006（The Americas）",family,Total,FY3/2009,2595,25950000,
Nintendo DS to Wii,Wii,"released on November 19, 2006（The Americas）",family,Total,FY3/2010,2053,20530000,
Nintendo DS to Wii,Wii,"released on November 19, 2006（The Americas）",family,Total,FY3/2011,1508,15080000,
Nintendo DS to Wii,Wii,"released on November 19, 2006（The Americas）",family,Total,FY3/2012,984,9840000,
Nintendo DS to Wii,Wii,"released on November 19, 2006（The Americas）",family,Total,FY3/2013,398,3980000,
Nintendo DS to Wii,Wii,"released on November 19, 2006（The Americas）",family,Total,FY3/2014,122,1220000,
Nintendo DS to Wii,Wii,"released on November 19, 2006（The Americas）",family,Total,FY3/2015,46,460000,
Nintendo DS to Wii,Wii,"released on November 19, 2006（The Americas）",family,Total,FY3/2016,11,110000,
Nintendo DS to Wii,Wii,"released on November 19, 2006（The Americas）",family,Total,FY3/2017,-0.1,0,lt10k_neg
Nintendo DS to Wii,Wii,"released on November 19, 2006（The Americas）",family,Total,FY3/2018,-0.1,0,lt10k_neg
Nintendo DS to Wii,Wii,"released on November 19, 2006（The Americas）",family,Total,FY3/2019,0.1,0,lt10k_pos
Nintendo DS to Wii,Wii,"released on November 19, 2006（The Americas）",family,Total,FY3/2020,0,0,
Nintendo DS to Wii,Wii,"released on November 19, 2006（The Americas）",family,Total,FY3/2021,0,0,
Nintendo DS to Wii,Wii,"released on November 19, 2006（The Americas）",family,Total,FY3/2022,0,0,
Nintendo DS to Wii,Wii,"released on November 19, 2006（The Americas）",family,Total,FY3/2023,0.1,0,lt10k_pos
Nintendo DS to Wii,Wii,"released on November 19, 2006（The Americas）",family,Total,FY3/2024~,0,0,
Nintendo DS to Wii,Wii,"released on November 19, 2006（The Americas）",family,Total,LTD,10163,101630000,
Nintendo 3DS to Wii U,Nintendo 3DS,"released on February 26, 2011（Japan）",family,Japan,FY3/2011,106,1060000,
Nintendo 3DS to Wii U,Nintendo 3DS,"released on February 26, 2011（Japan）",family,Japan,FY3/2012,479,4790000,
Nintendo 3DS to Wii U,Nintendo 3DS,"released on February 26, 2011（Japan）",family,Japan,FY3/2013,569,5690000,
Nintendo 3DS to Wii U,Nintendo 3DS,"released on February 26, 2011（Japan）",family,Japan,FY3/2014,435,4350000,
Nintendo 3DS to Wii U,Nintendo 3DS,"released on February 26, 2011（Japan）",family,Japan,FY3/2015,307,3070000,
Nintendo 3DS to Wii U,Nintendo 3DS,"released on February 26, 2011（Japan）",family,Japan,FY3/2016,236,2360000,
Nintendo 3DS to Wii U,Nintendo 3DS,"released on February 26, 2011（Japan）",family,Japan,FY3/2017,199,1990000,
Nintendo 3DS to Wii U,Nintendo 3DS,"released on February 26, 2011（Japan）",family,Japan,FY3/2018,139,1390000,
Nintendo 3DS to Wii U,Nintendo 3DS,"released on February 26, 2011（Japan）",family,Japan,FY3/2019,48,480000,
Nintendo 3DS to Wii U,Nintendo 3DS,"released on February 26, 2011（Japan）",family,Japan,FY3/2020,9,90000,
Nintendo 3DS to Wii U,Nintendo 3DS,"released on February 26, 2011（Japan）",family,Japan,FY3/2021,0.1,0,lt10k_pos
Nintendo 3DS to Wii U,Nintendo 3DS,"released on February 26, 2011（Japan）",family,Japan,FY3/2022,-0.1,0,lt10k_neg
Nintendo 3DS to Wii U,Nintendo 3DS,"released on February 26, 2011（Japan）",family,Japan,FY3/2023,-0.1,0,lt10k_neg
Nintendo 3DS to Wii U,Nintendo 3DS,"released on February 26, 2011（Japan）",family,Japan,FY3/2024,0,0,
Nintendo 3DS to Wii U,Nintendo 3DS,"released on February 26, 2011（Japan）",family,Japan,FY3/2025,0,0,
Nintendo 3DS to Wii U,Nintendo 3DS,"released on February 26, 2011（Japan）",family,Japan,FY3/2026,0,0,
Nintendo 3DS to Wii U,Nintendo 3DS,"released on February 26, 2011（Japan）",family,Japan,LTD,2526,25260000,
Nintendo 3DS to Wii U,Nintendo 3DS,"released on February 26, 2011（Japan）",family,The Americas,FY3/2011,132,1320000,
Nintendo 3DS to Wii U,Nintendo 3DS,"released on February 26, 2011（Japan）",family,The Americas,FY3/2012,467,4670000,
Nintendo 3DS to Wii U,Nintendo 3DS,"released on February 26, 2011（Japan）",family,The Americas,FY3/2013,427,4270000,
Nintendo 3DS to Wii U,Nintendo 3DS,"released on February 26, 2011（Japan）",family,The Americas,FY3/2014,433,4330000,
Nintendo 3DS to Wii U,Nintendo 3DS,"released on February 26, 2011（Japan）",family,The Americas,FY3/2015,293,2930000,
Nintendo 3DS to Wii U,Nintendo 3DS,"released on February 26, 2011（Japan）",family,The Americas,FY3/2016,225,2250000,
Nintendo 3DS to Wii U,Nintendo 3DS,"released on February 26, 2011（Japan）",family,The Americas,FY3/2017,255,2550000,
Nintendo 3DS to Wii U,Nintendo 3DS,"released on February 26, 2011（Japan）",family,The Americas,FY3/2018,286,2860000,
Nintendo 3DS to Wii U,Nintendo 3DS,"released on February 26, 2011（Japan）",family,The Americas,FY3/2019,128,1280000,
Nintendo 3DS to Wii U,Nintendo 3DS,"released on February 26, 2011（Japan）",family,The Americas,FY3/2020,28,280000,
Nintendo 3DS to Wii U,Nintendo 3DS,"released on February 26, 2011（Japan）",family,The Americas,FY3/2021,17,170000,
Nintendo 3DS to Wii U,Nintendo 3DS,"released on February 26, 2011（Japan）",family,The Americas,FY3/2022,-0.1,0,lt10k_neg
Nintendo 3DS to Wii U,Nintendo 3DS,"released on February 26, 2011（Japan）",family,The Americas,FY3/2023,0,0,
Nintendo 3DS to Wii U,Nintendo 3DS,"released on February 26, 2011（Japan）",family,The Americas,FY3/2024,0,0,
Nintendo 3DS to Wii U,Nintendo 3DS,"released on February 26, 2011（Japan）",family,The Americas,FY3/2025,0,0,
Nintendo 3DS to Wii U,Nintendo 3DS,"released on February 26, 2011（Japan）",family,The Americas,FY3/2026,0.1,0,lt10k_pos
Nintendo 3DS to Wii U,Nintendo 3DS,"released on February 26, 2011（Japan）",family,The Americas,LTD,2690,26900000,
Nintendo 3DS to Wii U,Nintendo 3DS,"released on February 26, 2011（Japan）",family,Other,FY3/2011,123,1230000,
Nintendo 3DS to Wii U,Nintendo 3DS,"released on February 26, 2011（Japan）",family,Other,FY3/2012,406,4060000,
Nintendo 3DS to Wii U,Nintendo 3DS,"released on February 26, 2011（Japan）",family,Other,FY3/2013,400,4000000,
Nintendo 3DS to Wii U,Nintendo 3DS,"released on February 26, 2011（Japan）",family,Other,FY3/2014,356,3560000,
Nintendo 3DS to Wii U,Nintendo 3DS,"released on February 26, 2011（Japan）",family,Other,FY3/2015,274,2740000,
Nintendo 3DS to Wii U,Nintendo 3DS,"released on February 26, 2011（Japan）",family,Other,FY3/2016,218,2180000,
Nintendo 3DS to Wii U,Nintendo 3DS,"released on February 26, 2011（Japan）",family,Other,FY3/2017,273,2730000,
Nintendo 3DS to Wii U,Nintendo 3DS,"released on February 26, 2011（Japan）",family,Other,FY3/2018,216,2160000,
Nintendo 3DS to Wii U,Nintendo 3DS,"released on February 26, 2011（Japan）",family,Other,FY3/2019,80,800000,
Nintendo 3DS to Wii U,Nintendo 3DS,"released on February 26, 2011（Japan）",family,Other,FY3/2020,32,320000,
Nintendo 3DS to Wii U,Nintendo 3DS,"released on February 26, 2011（Japan）",family,Other,FY3/2021,0.1,0,lt10k_pos
Nintendo 3DS to Wii U,Nintendo 3DS,"released on February 26, 2011（Japan）",family,Other,FY3/2022,0.1,0,lt10k_pos
Nintendo 3DS to Wii U,Nintendo 3DS,"released on February 26, 2011（Japan）",family,Other,FY3/2023,0.1,0,lt10k_pos
Nintendo 3DS to Wii U,Nintendo 3DS,"released on February 26, 2011（Japan）",family,Other,FY3/2024,0,0,
Nintendo 3DS to Wii U,Nintendo 3DS,"released on February 26, 2011（Japan）",family,Other,FY3/2025,0,0,
Nintendo 3DS to Wii U,Nintendo 3DS,"released on February 26, 2011（Japan）",family,Other,FY3/2026,0,0,
Nintendo 3DS to Wii U,Nintendo 3DS,"released on February 26, 2011（Japan）",family,Other,LTD,2378,23780000,
Nintendo 3DS to Wii U,Nintendo 3DS,"released on February 26, 2011（Japan）",family,Total,FY3/2011,361,3610000,
Nintendo 3DS to Wii U,Nintendo 3DS,"released on February 26, 2011（Japan）",family,Total,FY3/2012,1353,13530000,
Nintendo 3DS to Wii U,Nintendo 3DS,"released on February 26, 2011（Japan）",family,Total,FY3/2013,1395,13950000,
Nintendo 3DS to Wii U,Nintendo 3DS,"released on February 26, 2011（Japan）",family,Total,FY3/2014,1224,12240000,
Nintendo 3DS to Wii U,Nintendo 3DS,"released on February 26, 2011（Japan）",family,Total,FY3/2015,873,8730000,
Nintendo 3DS to Wii U,Nintendo 3DS,"released on February 26, 2011（Japan）",family,Total,FY3/2016,679,6790000,
Nintendo 3DS to Wii U,Nintendo 3DS,"released on February 26, 2011（Japan）",family,Total,FY3/2017,727,7270000,
Nintendo 3DS to Wii U,Nintendo 3DS,"released on February 26, 2011（Japan）",family,Total,FY3/2018,640,6400000,
Nintendo 3DS to Wii U,Nintendo 3DS,"released on February 26, 2011（Japan）",family,Total,FY3/2019,255,2550000,
Nintendo 3DS to Wii U,Nintendo 3DS,"released on February 26, 2011（Japan）",family,Total,FY3/2020,69,690000,
Nintendo 3DS to Wii U,Nintendo 3DS,"released on February 26, 2011（Japan）",family,Total,FY3/2021,17,170000,
Nintendo 3DS to Wii U,Nintendo 3DS,"released on February 26, 2011（Japan）",family,Total,FY3/2022,-0.1,0,lt10k_neg
Nintendo 3DS to Wii U,Nintendo 3DS,"released on February 26, 2011（Japan）",family,Total,FY3/2023,0.1,0,lt10k_pos
Nintendo 3DS to Wii U,Nintendo 3DS,"released on February 26, 2011（Japan）",family,Total,FY3/2024,0,0,
Nintendo 3DS to Wii U,Nintendo 3DS,"released on February 26, 2011（Japan）",family,Total,FY3/2025,0,0,
Nintendo 3DS to Wii U,Nintendo 3DS,"released on February 26, 2011（Japan）",family,Total,FY3/2026,0.1,0,lt10k_pos
Nintendo 3DS to Wii U,Nintendo 3DS,"released on February 26, 2011（Japan）",family,Total,LTD,7594,75940000,
Nintendo 3DS to Wii U,Nintendo 3DS,"released on February 26, 2011（Japan）",Nintendo 3DS XL,Japan,FY3/2013,314,3140000,
Nintendo 3DS to Wii U,Nintendo 3DS,"released on February 26, 2011（Japan）",Nintendo 3DS XL,Japan,FY3/2014,312,3120000,
Nintendo 3DS to Wii U,Nintendo 3DS,"released on February 26, 2011（Japan）",Nintendo 3DS XL,Japan,FY3/2015,76,760000,
Nintendo 3DS to Wii U,Nintendo 3DS,"released on February 26, 2011（Japan）",Nintendo 3DS XL,Japan,FY3/2016,3,30000,
Nintendo 3DS to Wii U,Nintendo 3DS,"released on February 26, 2011（Japan）",Nintendo 3DS XL,Japan,FY3/2017,-0.1,0,lt10k_neg
Nintendo 3DS to Wii U,Nintendo 3DS,"released on February 26, 2011（Japan）",Nintendo 3DS XL,Japan,FY3/2018,-0.1,0,lt10k_neg
Nintendo 3DS to Wii U,Nintendo 3DS,"released on February 26, 2011（Japan）",Nintendo 3DS XL,Japan,FY3/2019,-0.1,0,lt10k_neg
Nintendo 3DS to Wii U,Nintendo 3DS,"released on February 26, 2011（Japan）",Nintendo 3DS XL,Japan,FY3/2020,0,0,
Nintendo 3DS to Wii U,Nintendo 3DS,"released on February 26, 2011（Japan）",Nintendo 3DS XL,Japan,FY3/2021,-0.1,0,lt10k_neg
Nintendo 3DS to Wii U,Nintendo 3DS,"released on February 26, 2011（Japan）",Nintendo 3DS XL,Japan,FY3/2022,0,0,
Nintendo 3DS to Wii U,Nintendo 3DS,"released on February 26, 2011（Japan）",Nintendo 3DS XL,Japan,FY3/2023,0,0,
Nintendo 3DS to Wii U,Nintendo 3DS,"released on February 26, 2011（Japan）",Nintendo 3DS XL,Japan,FY3/2024,0,0,
Nintendo 3DS to Wii U,Nintendo 3DS,"released on February 26, 2011（Japan）",Nintendo 3DS XL,Japan,FY3/2025,0,0,
Nintendo 3DS to Wii U,Nintendo 3DS,"released on February 26, 2011（Japan）",Nintendo 3DS XL,Japan,FY3/2026,0,0,
Nintendo 3DS to Wii U,Nintendo 3DS,"released on February 26, 2011（Japan）",Nintendo 3DS XL,Japan,LTD,704,7040000,
Nintendo 3DS to Wii U,Nintendo 3DS,"released on February 26, 2011（Japan）",Nintendo 3DS XL,The Americas,FY3/2013,214,2140000,
Nintendo 3DS to Wii U,Nintendo 3DS,"released on February 26, 2011（Japan）",Nintendo 3DS XL,The Americas,FY3/2014,259,2590000,
Nintendo 3DS to Wii U,Nintendo 3DS,"released on February 26, 2011（Japan）",Nintendo 3DS XL,The Americas,FY3/2015,162,1620000,
Nintendo 3DS to Wii U,Nintendo 3DS,"released on February 26, 2011（Japan）",Nintendo 3DS XL,The Americas,FY3/2016,28,280000,
Nintendo 3DS to Wii U,Nintendo 3DS,"released on February 26, 2011（Japan）",Nintendo 3DS XL,The Americas,FY3/2017,-0.1,0,lt10k_neg
Nintendo 3DS to Wii U,Nintendo 3DS,"released on February 26, 2011（Japan）",Nintendo 3DS XL,The Americas,FY3/2018,0.1,0,lt10k_pos
Nintendo 3DS to Wii U,Nintendo 3DS,"released on February 26, 2011（Japan）",Nintendo 3DS XL,The Americas,FY3/2019,0.1,0,lt10k_pos
Nintendo 3DS to Wii U,Nintendo 3DS,"released on February 26, 2011（Japan）",Nintendo 3DS XL,The Americas,FY3/2020,0,0,
Nintendo 3DS to Wii U,Nintendo 3DS,"released on February 26, 2011（Japan）",Nintendo 3DS XL,The Americas,FY3/2021,0,0,
Nintendo 3DS to Wii U,Nintendo 3DS,"released on February 26, 2011（Japan）",Nintendo 3DS XL,The Americas,FY3/2022,0,0,
Nintendo 3DS to Wii U,Nintendo 3DS,"released on February 26, 2011（Japan）",Nintendo 3DS XL,The Americas,FY3/2023,0,0,
Nintendo 3DS to Wii U,Nintendo 3DS,"released on February 26, 2011（Japan）",Nintendo 3DS XL,The Americas,FY3/2024,0,0,
Nintendo 3DS to Wii U,Nintendo 3DS,"released on February 26, 2011（Japan）",Nintendo 3DS XL,The Americas,FY3/2025,0,0,
Nintendo 3DS to Wii U,Nintendo 3DS,"released on February 26, 2011（Japan）",Nintendo 3DS XL,The Americas,FY3/2026,0,0,
Nintendo 3DS to Wii U,Nintendo 3DS,"released on February 26, 2011（Japan）",Nintendo 3DS XL,The Americas,LTD,663,6630000,
Nintendo 3DS to Wii U,Nintendo 3DS,"released on February 26, 2011（Japan）",Nintendo 3DS XL,Other,FY3/2013,250,2500000,
Nintendo 3DS to Wii U,Nintendo 3DS,"released on February 26, 2011（Japan）",Nintendo 3DS XL,Other,FY3/2014,217,2170000,
Nintendo 3DS to Wii U,Nintendo 3DS,"released on February 26, 2011（Japan）",Nintendo 3DS XL,Other,FY3/2015,103,1030000,
Nintendo 3DS to Wii U,Nintendo 3DS,"released on February 26, 2011（Japan）",Nintendo 3DS XL,Other,FY3/2016,20,200000,
Nintendo 3DS to Wii U,Nintendo 3DS,"released on February 26, 2011（Japan）",Nintendo 3DS XL,Other,FY3/2017,6,60000,
Nintendo 3DS to Wii U,Nintendo 3DS,"released on February 26, 2011（Japan）",Nintendo 3DS XL,Other,FY3/2018,0.1,0,lt10k_pos
Nintendo 3DS to Wii U,Nintendo 3DS,"released on February 26, 2011（Japan）",Nintendo 3DS XL,Other,FY3/2019,-0.1,0,lt10k_neg
Nintendo 3DS to Wii U,Nintendo 3DS,"released on February 26, 2011（Japan）",Nintendo 3DS XL,Other,FY3/2020,0,0,
Nintendo 3DS to Wii U,Nintendo 3DS,"released on February 26, 2011（Japan）",Nintendo 3DS XL,Other,FY3/2021,0,0,
Nintendo 3DS to Wii U,Nintendo 3DS,"released on February 26, 2011（Japan）",Nintendo 3DS XL,Other,FY3/2022,0,0,
Nintendo 3DS to Wii U,Nintendo 3DS,"released on February 26, 2011（Japan）",Nintendo 3DS XL,Other,FY3/2023,0,0,
Nintendo 3DS to Wii U,Nintendo 3DS,"released on February 26, 2011（Japan）",Nintendo 3DS XL,Other,FY3/2024,0,0,
Nintendo 3DS to Wii U,Nintendo 3DS,"released on February 26, 2011（Japan）",Nintendo 3DS XL,Other,FY3/2025,0,0,
Nintendo 3DS to Wii U,Nintendo 3DS,"released on February 26, 2011（Japan）",Nintendo 3DS XL,Other,FY3/2026,0,0,
Nintendo 3DS to Wii U,Nintendo 3DS,"released on February 26, 2011（Japan）",Nintendo 3DS XL,Other,LTD,597,5970000,
Nintendo 3DS to Wii U,Nintendo 3DS,"released on February 26, 2011（Japan）",Nintendo 3DS XL,Total,FY3/2013,778,7780000,
Nintendo 3DS to Wii U,Nintendo 3DS,"released on February 26, 2011（Japan）",Nintendo 3DS XL,Total,FY3/2014,787,7870000,
Nintendo 3DS to Wii U,Nintendo 3DS,"released on February 26, 2011（Japan）",Nintendo 3DS XL,Total,FY3/2015,341,3410000,
Nintendo 3DS to Wii U,Nintendo 3DS,"released on February 26, 2011（Japan）",Nintendo 3DS XL,Total,FY3/2016,51,510000,
Nintendo 3DS to Wii U,Nintendo 3DS,"released on February 26, 2011（Japan）",Nintendo 3DS XL,Total,FY3/2017,6,60000,
Nintendo 3DS to Wii U,Nintendo 3DS,"released on February 26, 2011（Japan）",Nintendo 3DS XL,Total,FY3/2018,0.1,0,lt10k_pos
Nintendo 3DS to Wii U,Nintendo 3DS,"released on February 26, 2011（Japan）",Nintendo 3DS XL,Total,FY3/2019,-0.1,0,lt10k_neg
Nintendo 3DS to Wii U,Nintendo 3DS,"released on February 26, 2011（Japan）",Nintendo 3DS XL,Total,FY3/2020,0,0,
Nintendo 3DS to Wii U,Nintendo 3DS,"released on February 26, 2011（Japan）",Nintendo 3DS XL,Total,FY3/2021,-0.1,0,lt10k_neg
Nintendo 3DS to Wii U,Nintendo 3DS,"released on February 26, 2011（Japan）",Nintendo 3DS XL,Total,FY3/2022,0,0,
Nintendo 3DS to Wii U,Nintendo 3DS,"released on February 26, 2011（Japan）",Nintendo 3DS XL,Total,FY3/2023,0,0,
Nintendo 3DS to Wii U,Nintendo 3DS,"released on February 26, 2011（Japan）",Nintendo 3DS XL,Total,FY3/2024,0,0,
Nintendo 3DS to Wii U,Nintendo 3DS,"released on February 26, 2011（Japan）",Nintendo 3DS XL,Total,FY3/2025,0,0,
Nintendo 3DS to Wii U,Nintendo 3DS,"released on February 26, 2011（Japan）",Nintendo 3DS XL,Total,FY3/2026,0,0,
Nintendo 3DS to Wii U,Nintendo 3DS,"released on February 26, 2011（Japan）",Nintendo 3DS XL,Total,LTD,1964,19640000,
Nintendo 3DS to Wii U,Nintendo 3DS,"released on February 26, 2011（Japan）",Nintendo 2DS,Japan,FY3/2014,0,0,
Nintendo 3DS to Wii U,Nintendo 3DS,"released on February 26, 2011（Japan）",Nintendo 2DS,Japan,FY3/2015,0,0,
Nintendo 3DS to Wii U,Nintendo 3DS,"released on February 26, 2011（Japan）",Nintendo 2DS,Japan,FY3/2016,10,100000,
Nintendo 3DS to Wii U,Nintendo 3DS,"released on February 26, 2011（Japan）",Nintendo 2DS,Japan,FY3/2017,49,490000,
Nintendo 3DS to Wii U,Nintendo 3DS,"released on February 26, 2011（Japan）",Nintendo 2DS,Japan,FY3/2018,6,60000,
Nintendo 3DS to Wii U,Nintendo 3DS,"released on February 26, 2011（Japan）",Nintendo 2DS,Japan,FY3/2019,0.1,0,lt10k_pos
Nintendo 3DS to Wii U,Nintendo 3DS,"released on February 26, 2011（Japan）",Nintendo 2DS,Japan,FY3/2020,0.1,0,lt10k_pos
Nintendo 3DS to Wii U,Nintendo 3DS,"released on February 26, 2011（Japan）",Nintendo 2DS,Japan,FY3/2021,0.1,0,lt10k_pos
Nintendo 3DS to Wii U,Nintendo 3DS,"released on February 26, 2011（Japan）",Nintendo 2DS,Japan,FY3/2022,0,0,
Nintendo 3DS to Wii U,Nintendo 3DS,"released on February 26, 2011（Japan）",Nintendo 2DS,Japan,FY3/2023,0,0,
Nintendo 3DS to Wii U,Nintendo 3DS,"released on February 26, 2011（Japan）",Nintendo 2DS,Japan,FY3/2024,0,0,
Nintendo 3DS to Wii U,Nintendo 3DS,"released on February 26, 2011（Japan）",Nintendo 2DS,Japan,FY3/2025,0,0,
Nintendo 3DS to Wii U,Nintendo 3DS,"released on February 26, 2011（Japan）",Nintendo 2DS,Japan,FY3/2026,0,0,
Nintendo 3DS to Wii U,Nintendo 3DS,"released on February 26, 2011（Japan）",Nintendo 2DS,Japan,LTD,65,650000,
Nintendo 3DS to Wii U,Nintendo 3DS,"released on February 26, 2011（Japan）",Nintendo 2DS,The Americas,FY3/2014,114,1140000,
Nintendo 3DS to Wii U,Nintendo 3DS,"released on February 26, 2011（Japan）",Nintendo 2DS,The Americas,FY3/2015,63,630000,
Nintendo 3DS to Wii U,Nintendo 3DS,"released on February 26, 2011（Japan）",Nintendo 2DS,The Americas,FY3/2016,45,450000,
Nintendo 3DS to Wii U,Nintendo 3DS,"released on February 26, 2011（Japan）",Nintendo 2DS,The Americas,FY3/2017,77,770000,
Nintendo 3DS to Wii U,Nintendo 3DS,"released on February 26, 2011（Japan）",Nintendo 2DS,The Americas,FY3/2018,112,1120000,
Nintendo 3DS to Wii U,Nintendo 3DS,"released on February 26, 2011（Japan）",Nintendo 2DS,The Americas,FY3/2019,62,620000,
Nintendo 3DS to Wii U,Nintendo 3DS,"released on February 26, 2011（Japan）",Nintendo 2DS,The Americas,FY3/2020,10,100000,
Nintendo 3DS to Wii U,Nintendo 3DS,"released on February 26, 2011（Japan）",Nintendo 2DS,The Americas,FY3/2021,-0.1,0,lt10k_neg
Nintendo 3DS to Wii U,Nintendo 3DS,"released on February 26, 2011（Japan）",Nintendo 2DS,The Americas,FY3/2022,-0.1,0,lt10k_neg
Nintendo 3DS to Wii U,Nintendo 3DS,"released on February 26, 2011（Japan）",Nintendo 2DS,The Americas,FY3/2023,0,0,
Nintendo 3DS to Wii U,Nintendo 3DS,"released on February 26, 2011（Japan）",Nintendo 2DS,The Americas,FY3/2024,0,0,
Nintendo 3DS to Wii U,Nintendo 3DS,"released on February 26, 2011（Japan）",Nintendo 2DS,The Americas,FY3/2025,0,0,
Nintendo 3DS to Wii U,Nintendo 3DS,"released on February 26, 2011（Japan）",Nintendo 2DS,The Americas,FY3/2026,0,0,
Nintendo 3DS to Wii U,Nintendo 3DS,"released on February 26, 2011（Japan）",Nintendo 2DS,The Americas,LTD,482,4820000,
Nintendo 3DS to Wii U,Nintendo 3DS,"released on February 26, 2011（Japan）",Nintendo 2DS,Other,FY3/2014,106,1060000,
Nintendo 3DS to Wii U,Nintendo 3DS,"released on February 26, 2011（Japan）",Nintendo 2DS,Other,FY3/2015,92,920000,
Nintendo 3DS to Wii U,Nintendo 3DS,"released on February 26, 2011（Japan）",Nintendo 2DS,Other,FY3/2016,62,620000,
Nintendo 3DS to Wii U,Nintendo 3DS,"released on February 26, 2011（Japan）",Nintendo 2DS,Other,FY3/2017,124,1240000,
Nintendo 3DS to Wii U,Nintendo 3DS,"released on February 26, 2011（Japan）",Nintendo 2DS,Other,FY3/2018,81,810000,
Nintendo 3DS to Wii U,Nintendo 3DS,"released on February 26, 2011（Japan）",Nintendo 2DS,Other,FY3/2019,26,260000,
Nintendo 3DS to Wii U,Nintendo 3DS,"released on February 26, 2011（Japan）",Nintendo 2DS,Other,FY3/2020,10,100000,
Nintendo 3DS to Wii U,Nintendo 3DS,"released on February 26, 2011（Japan）",Nintendo 2DS,Other,FY3/2021,-0.1,0,lt10k_neg
Nintendo 3DS to Wii U,Nintendo 3DS,"released on February 26, 2011（Japan）",Nintendo 2DS,Other,FY3/2022,0.1,0,lt10k_pos
Nintendo 3DS to Wii U,Nintendo 3DS,"released on February 26, 2011（Japan）",Nintendo 2DS,Other,FY3/2023,0,0,
Nintendo 3DS to Wii U,Nintendo 3DS,"released on February 26, 2011（Japan）",Nintendo 2DS,Other,FY3/2024,0,0,
Nintendo 3DS to Wii U,Nintendo 3DS,"released on February 26, 2011（Japan）",Nintendo 2DS,Other,FY3/2025,0,0,
Nintendo 3DS to Wii U,Nintendo 3DS,"released on February 26, 2011（Japan）",Nintendo 2DS,Other,FY3/2026,0,0,
Nintendo 3DS to Wii U,Nintendo 3DS,"released on February 26, 2011（Japan）",Nintendo 2DS,Other,LTD,502,5020000,
Nintendo 3DS to Wii U,Nintendo 3DS,"released on February 26, 2011（Japan）",Nintendo 2DS,Total,FY3/2014,220,2200000,
Nintendo 3DS to Wii U,Nintendo 3DS,"released on February 26, 2011（Japan）",Nintendo 2DS,Total,FY3/2015,155,1550000,
Nintendo 3DS to Wii U,Nintendo 3DS,"released on February 26, 2011（Japan）",Nintendo 2DS,Total,FY3/2016,117,1170000,
Nintendo 3DS to Wii U,Nintendo 3DS,"released on February 26, 2011（Japan）",Nintendo 2DS,Total,FY3/2017,249,2490000,
Nintendo 3DS to Wii U,Nintendo 3DS,"released on February 26, 2011（Japan）",Nintendo 2DS,Total,FY3/2018,199,1990000,
Nintendo 3DS to Wii U,Nintendo 3DS,"released on February 26, 2011（Japan）",Nintendo 2DS,Total,FY3/2019,88,880000,
Nintendo 3DS to Wii U,Nintendo 3DS,"released on February 26, 2011（Japan）",Nintendo 2DS,Total,FY3/2020,20,200000,
Nintendo 3DS to Wii U,Nintendo 3DS,"released on February 26, 2011（Japan）",Nintendo 2DS,Total,FY3/2021,-0.1,0,lt10k_neg
Nintendo 3DS to Wii U,Nintendo 3DS,"released on February 26, 2011（Japan）",Nintendo 2DS,Total,FY3/2022,0.1,0,lt10k_pos
Nintendo 3DS to Wii U,Nintendo 3DS,"released on February 26, 2011（Japan）",Nintendo 2DS,Total,FY3/2023,0,0,
Nintendo 3DS to Wii U,Nintendo 3DS,"released on February 26, 2011（Japan）",Nintendo 2DS,Total,FY3/2024,0,0,
Nintendo 3DS to Wii U,Nintendo 3DS,"released on February 26, 2011（Japan）",Nintendo 2DS,Total,FY3/2025,0,0,
Nintendo 3DS to Wii U,Nintendo 3DS,"released on February 26, 2011（Japan）",Nintendo 2DS,Total,FY3/2026,0,0,
Nintendo 3DS to Wii U,Nintendo 3DS,"released on February 26, 2011（Japan）",Nintendo 2DS,Total,LTD,1050,10500000,
Nintendo 3DS to Wii U,Nintendo 3DS,"released on February 26, 2011（Japan）",New Nintendo 3DS,Japan,FY3/2015,59,590000,
Nintendo 3DS to Wii U,Nintendo 3DS,"released on February 26, 2011（Japan）",New Nintendo 3DS,Japan,FY3/2016,45,450000,
Nintendo 3DS to Wii U,Nintendo 3DS,"released on February 26, 2011（Japan）",New Nintendo 3DS,Japan,FY3/2017,12,120000,
Nintendo 3DS to Wii U,Nintendo 3DS,"released on February 26, 2011（Japan）",New Nintendo 3DS,Japan,FY3/2018,1,10000,
Nintendo 3DS to Wii U,Nintendo 3DS,"released on February 26, 2011（Japan）",New Nintendo 3DS,Japan,FY3/2019,0.1,0,lt10k_pos
Nintendo 3DS to Wii U,Nintendo 3DS,"released on February 26, 2011（Japan）",New Nintendo 3DS,Japan,FY3/2020,-0.1,0,lt10k_neg
Nintendo 3DS to Wii U,Nintendo 3DS,"released on February 26, 2011（Japan）",New Nintendo 3DS,Japan,FY3/2021,0.1,0,lt10k_pos
Nintendo 3DS to Wii U,Nintendo 3DS,"released on February 26, 2011（Japan）",New Nintendo 3DS,Japan,FY3/2022,0,0,
Nintendo 3DS to Wii U,Nintendo 3DS,"released on February 26, 2011（Japan）",New Nintendo 3DS,Japan,FY3/2023,0,0,
Nintendo 3DS to Wii U,Nintendo 3DS,"released on February 26, 2011（Japan）",New Nintendo 3DS,Japan,FY3/2024,0,0,
Nintendo 3DS to Wii U,Nintendo 3DS,"released on February 26, 2011（Japan）",New Nintendo 3DS,Japan,FY3/2025,0,0,
Nintendo 3DS to Wii U,Nintendo 3DS,"released on February 26, 2011（Japan）",New Nintendo 3DS,Japan,FY3/2026,0,0,
Nintendo 3DS to Wii U,Nintendo 3DS,"released on February 26, 2011（Japan）",New Nintendo 3DS,Japan,LTD,124,1240000,
Nintendo 3DS to Wii U,Nintendo 3DS,"released on February 26, 2011（Japan）",New Nintendo 3DS,The Americas,FY3/2015,0,0,
Nintendo 3DS to Wii U,Nintendo 3DS,"released on February 26, 2011（Japan）",New Nintendo 3DS,The Americas,FY3/2016,11,110000,
Nintendo 3DS to Wii U,Nintendo 3DS,"released on February 26, 2011（Japan）",New Nintendo 3DS,The Americas,FY3/2017,40,400000,
Nintendo 3DS to Wii U,Nintendo 3DS,"released on February 26, 2011（Japan）",New Nintendo 3DS,The Americas,FY3/2018,0.1,0,lt10k_pos
Nintendo 3DS to Wii U,Nintendo 3DS,"released on February 26, 2011（Japan）",New Nintendo 3DS,The Americas,FY3/2019,0,0,
Nintendo 3DS to Wii U,Nintendo 3DS,"released on February 26, 2011（Japan）",New Nintendo 3DS,The Americas,FY3/2020,0,0,
Nintendo 3DS to Wii U,Nintendo 3DS,"released on February 26, 2011（Japan）",New Nintendo 3DS,The Americas,FY3/2021,0,0,
Nintendo 3DS to Wii U,Nintendo 3DS,"released on February 26, 2011（Japan）",New Nintendo 3DS,The Americas,FY3/2022,0,0,
Nintendo 3DS to Wii U,Nintendo 3DS,"released on February 26, 2011（Japan）",New Nintendo 3DS,The Americas,FY3/2023,0,0,
Nintendo 3DS to Wii U,Nintendo 3DS,"released on February 26, 2011（Japan）",New Nintendo 3DS,The Americas,FY3/2024,0,0,
Nintendo 3DS to Wii U,Nintendo 3DS,"released on February 26, 2011（Japan）",New Nintendo 3DS,The Americas,FY3/2025,0,0,
Nintendo 3DS to Wii U,Nintendo 3DS,"released on February 26, 2011（Japan）",New Nintendo 3DS,The Americas,FY3/2026,0,0,
Nintendo 3DS to Wii U,Nintendo 3DS,"released on February 26, 2011（Japan）",New Nintendo 3DS,The Americas,LTD,183,1830000,
Nintendo 3DS to Wii U,Nintendo 3DS,"released on February 26, 2011（Japan）",New Nintendo 3DS,Other,FY3/2015,23,230000,
Nintendo 3DS to Wii U,Nintendo 3DS,"released on February 26, 2011（Japan）",New Nintendo 3DS,Other,FY3/2016,47,470000,
Nintendo 3DS to Wii U,Nintendo 3DS,"released on February 26, 2011（Japan）",New Nintendo 3DS,Other,FY3/2017,13,130000,
Nintendo 3DS to Wii U,Nintendo 3DS,"released on February 26, 2011（Japan）",New Nintendo 3DS,Other,FY3/2018,0.1,0,lt10k_pos
Nintendo 3DS to Wii U,Nintendo 3DS,"released on February 26, 2011（Japan）",New Nintendo 3DS,Other,FY3/2019,-0.1,0,lt10k_neg
Nintendo 3DS to Wii U,Nintendo 3DS,"released on February 26, 2011（Japan）",New Nintendo 3DS,Other,FY3/2020,0.1,0,lt10k_pos
Nintendo 3DS to Wii U,Nintendo 3DS,"released on February 26, 2011（Japan）",New Nintendo 3DS,Other,FY3/2021,0,0,
Nintendo 3DS to Wii U,Nintendo 3DS,"released on February 26, 2011（Japan）",New Nintendo 3DS,Other,FY3/2022,0,0,
Nintendo 3DS to Wii U,Nintendo 3DS,"released on February 26, 2011（Japan）",New Nintendo 3DS,Other,FY3/2023,0,0,
Nintendo 3DS to Wii U,Nintendo 3DS,"released on February 26, 2011（Japan）",New Nintendo 3DS,Other,FY3/2024,0,0,
Nintendo 3DS to Wii U,Nintendo 3DS,"released on February 26, 2011（Japan）",New Nintendo 3DS,Other,FY3/2025,0,0,
Nintendo 3DS to Wii U,Nintendo 3DS,"released on February 26, 2011（Japan）",New Nintendo 3DS,Other,FY3/2026,0,0,
Nintendo 3DS to Wii U,Nintendo 3DS,"released on February 26, 2011（Japan）",New Nintendo 3DS,Other,LTD,173,1730000,
Nintendo 3DS to Wii U,Nintendo 3DS,"released on February 26, 2011（Japan）",New Nintendo 3DS,Total,FY3/2015,82,820000,
Nintendo 3DS to Wii U,Nintendo 3DS,"released on February 26, 2011（Japan）",New Nintendo 3DS,Total,FY3/2016,103,1030000,
Nintendo 3DS to Wii U,Nintendo 3DS,"released on February 26, 2011（Japan）",New Nintendo 3DS,Total,FY3/2017,65,650000,
Nintendo 3DS to Wii U,Nintendo 3DS,"released on February 26, 2011（Japan）",New Nintendo 3DS,Total,FY3/2018,1,10000,
Nintendo 3DS to Wii U,Nintendo 3DS,"released on February 26, 2011（Japan）",New Nintendo 3DS,Total,FY3/2019,0.1,0,lt10k_pos
Nintendo 3DS to Wii U,Nintendo 3DS,"released on February 26, 2011（Japan）",New Nintendo 3DS,Total,FY3/2020,0.1,0,lt10k_pos
Nintendo 3DS to Wii U,Nintendo 3DS,"released on February 26, 2011（Japan）",New Nintendo 3DS,Total,FY3/2021,0.1,0,lt10k_pos
Nintendo 3DS to Wii U,Nintendo 3DS,"released on February 26, 2011（Japan）",New Nintendo 3DS,Total,FY3/2022,0,0,
Nintendo 3DS to Wii U,Nintendo 3DS,"released on February 26, 2011（Japan）",New Nintendo 3DS,Total,FY3/2023,0,0,
Nintendo 3DS to Wii U,Nintendo 3DS,"released on February 26, 2011（Japan）",New Nintendo 3DS,Total,FY3/2024,0,0,
Nintendo 3DS to Wii U,Nintendo 3DS,"released on February 26, 2011（Japan）",New Nintendo 3DS,Total,FY3/2025,0,0,
Nintendo 3DS to Wii U,Nintendo 3DS,"released on February 26, 2011（Japan）",New Nintendo 3DS,Total,FY3/2026,0,0,
Nintendo 3DS to Wii U,Nintendo 3DS,"released on February 26, 2011（Japan）",New Nintendo 3DS,Total,LTD,480,4800000,
Nintendo 3DS to Wii U,Nintendo 3DS,"released on February 26, 2011（Japan）",New Nintendo 3DS XL,Japan,FY3/2015,134,1340000,
Nintendo 3DS to Wii U,Nintendo 3DS,"released on February 26, 2011（Japan）",New Nintendo 3DS XL,Japan,FY3/2016,158,1580000,
Nintendo 3DS to Wii U,Nintendo 3DS,"released on February 26, 2011（Japan）",New Nintendo 3DS XL,Japan,FY3/2017,138,1380000,
Nintendo 3DS to Wii U,Nintendo 3DS,"released on February 26, 2011（Japan）",New Nintendo 3DS XL,Japan,FY3/2018,54,540000,
Nintendo 3DS to Wii U,Nintendo 3DS,"released on February 26, 2011（Japan）",New Nintendo 3DS XL,Japan,FY3/2019,9,90000,
Nintendo 3DS to Wii U,Nintendo 3DS,"released on February 26, 2011（Japan）",New Nintendo 3DS XL,Japan,FY3/2020,0.1,0,lt10k_pos
Nintendo 3DS to Wii U,Nintendo 3DS,"released on February 26, 2011（Japan）",New Nintendo 3DS XL,Japan,FY3/2021,0.1,0,lt10k_pos
Nintendo 3DS to Wii U,Nintendo 3DS,"released on February 26, 2011（Japan）",New Nintendo 3DS XL,Japan,FY3/2022,0,0,
Nintendo 3DS to Wii U,Nintendo 3DS,"released on February 26, 2011（Japan）",New Nintendo 3DS XL,Japan,FY3/2023,0,0,
Nintendo 3DS to Wii U,Nintendo 3DS,"released on February 26, 2011（Japan）",New Nintendo 3DS XL,Japan,FY3/2024,0,0,
Nintendo 3DS to Wii U,Nintendo 3DS,"released on February 26, 2011（Japan）",New Nintendo 3DS XL,Japan,FY3/2025,0,0,
Nintendo 3DS to Wii U,Nintendo 3DS,"released on February 26, 2011（Japan）",New Nintendo 3DS XL,Japan,FY3/2026,0,0,
Nintendo 3DS to Wii U,Nintendo 3DS,"released on February 26, 2011（Japan）",New Nintendo 3DS XL,Japan,LTD,117,1170000,
Nintendo 3DS to Wii U,Nintendo 3DS,"released on February 26, 2011（Japan）",New Nintendo 3DS XL,The Americas,FY3/2015,67,670000,
Nintendo 3DS to Wii U,Nintendo 3DS,"released on February 26, 2011（Japan）",New Nintendo 3DS XL,The Americas,FY3/2016,141,1410000,
Nintendo 3DS to Wii U,Nintendo 3DS,"released on February 26, 2011（Japan）",New Nintendo 3DS XL,The Americas,FY3/2017,139,1390000,
Nintendo 3DS to Wii U,Nintendo 3DS,"released on February 26, 2011（Japan）",New Nintendo 3DS XL,The Americas,FY3/2018,85,850000,
Nintendo 3DS to Wii U,Nintendo 3DS,"released on February 26, 2011（Japan）",New Nintendo 3DS XL,The Americas,FY3/2019,8,80000,
Nintendo 3DS to Wii U,Nintendo 3DS,"released on February 26, 2011（Japan）",New Nintendo 3DS XL,The Americas,FY3/2020,-0.1,0,lt10k_neg
Nintendo 3DS to Wii U,Nintendo 3DS,"released on February 26, 2011（Japan）",New Nintendo 3DS XL,The Americas,FY3/2021,-0.1,0,lt10k_neg
Nintendo 3DS to Wii U,Nintendo 3DS,"released on February 26, 2011（Japan）",New Nintendo 3DS XL,The Americas,FY3/2022,-0.1,0,lt10k_neg
Nintendo 3DS to Wii U,Nintendo 3DS,"released on February 26, 2011（Japan）",New Nintendo 3DS XL,The Americas,FY3/2023,0,0,
Nintendo 3DS to Wii U,Nintendo 3DS,"released on February 26, 2011（Japan）",New Nintendo 3DS XL,The Americas,FY3/2024,0,0,
Nintendo 3DS to Wii U,Nintendo 3DS,"released on February 26, 2011（Japan）",New Nintendo 3DS XL,The Americas,FY3/2025,0,0,
Nintendo 3DS to Wii U,Nintendo 3DS,"released on February 26, 2011（Japan）",New Nintendo 3DS XL,The Americas,FY3/2026,0,0,
Nintendo 3DS to Wii U,Nintendo 3DS,"released on February 26, 2011（Japan）",New Nintendo 3DS XL,The Americas,LTD,50,500000,
Nintendo 3DS to Wii U,Nintendo 3DS,"released on February 26, 2011（Japan）",New Nintendo 3DS XL,Other,FY3/2015,44,440000,
Nintendo 3DS to Wii U,Nintendo 3DS,"released on February 26, 2011（Japan）",New Nintendo 3DS XL,Other,FY3/2016,85,850000,
Nintendo 3DS to Wii U,Nintendo 3DS,"released on February 26, 2011（Japan）",New Nintendo 3DS XL,Other,FY3/2017,125,1250000,
Nintendo 3DS to Wii U,Nintendo 3DS,"released on February 26, 2011（Japan）",New Nintendo 3DS XL,Other,FY3/2018,31,310000,
Nintendo 3DS to Wii U,Nintendo 3DS,"released on February 26, 2011（Japan）",New Nintendo 3DS XL,Other,FY3/2019,6,60000,
Nintendo 3DS to Wii U,Nintendo 3DS,"released on February 26, 2011（Japan）",New Nintendo 3DS XL,Other,FY3/2020,0.1,0,lt10k_pos
Nintendo 3DS to Wii U,Nintendo 3DS,"released on February 26, 2011（Japan）",New Nintendo 3DS XL,Other,FY3/2021,0.1,0,lt10k_pos
Nintendo 3DS to Wii U,Nintendo 3DS,"released on February 26, 2011（Japan）",New Nintendo 3DS XL,Other,FY3/2022,0.1,0,lt10k_pos
Nintendo 3DS to Wii U,Nintendo 3DS,"released on February 26, 2011（Japan）",New Nintendo 3DS XL,Other,FY3/2023,0.1,0,lt10k_pos
Nintendo 3DS to Wii U,Nintendo 3DS,"released on February 26, 2011（Japan）",New Nintendo 3DS XL,Other,FY3/2024,0,0,
Nintendo 3DS to Wii U,Nintendo 3DS,"released on February 26, 2011（Japan）",New Nintendo 3DS XL,Other,FY3/2025,0,0,
Nintendo 3DS to Wii U,Nintendo 3DS,"released on February 26, 2011（Japan）",New Nintendo 3DS XL,Other,FY3/2026,0,0,
Nintendo 3DS to Wii U,Nintendo 3DS,"released on February 26, 2011（Japan）",New Nintendo 3DS XL,Other,LTD,83,830000,
Nintendo 3DS to Wii U,Nintendo 3DS,"released on February 26, 2011（Japan）",New Nintendo 3DS XL,Total,FY3/2015,245,2450000,
Nintendo 3DS to Wii U,Nintendo 3DS,"released on February 26, 2011（Japan）",New Nintendo 3DS XL,Total,FY3/2016,384,3840000,
Nintendo 3DS to Wii U,Nintendo 3DS,"released on February 26, 2011（Japan）",New Nintendo 3DS XL,Total,FY3/2017,402,4020000,
Nintendo 3DS to Wii U,Nintendo 3DS,"released on February 26, 2011（Japan）",New Nintendo 3DS XL,Total,FY3/2018,170,1700000,
Nintendo 3DS to Wii U,Nintendo 3DS,"released on February 26, 2011（Japan）",New Nintendo 3DS XL,Total,FY3/2019,24,240000,
Nintendo 3DS to Wii U,Nintendo 3DS,"released on February 26, 2011（Japan）",New Nintendo 3DS XL,Total,FY3/2020,0.1,0,lt10k_pos
Nintendo 3DS to Wii U,Nintendo 3DS,"released on February 26, 2011（Japan）",New Nintendo 3DS XL,Total,FY3/2021,0.1,0,lt10k_pos
Nintendo 3DS to Wii U,Nintendo 3DS,"released on February 26, 2011（Japan）",New Nintendo 3DS XL,Total,FY3/2022,0.1,0,lt10k_pos
Nintendo 3DS to Wii U,Nintendo 3DS,"released on February 26, 2011（Japan）",New Nintendo 3DS XL,Total,FY3/2023,0.1,0,lt10k_pos
Nintendo 3DS to Wii U,Nintendo 3DS,"released on February 26, 2011（Japan）",New Nintendo 3DS XL,Total,FY3/2024,0,0,
Nintendo 3DS to Wii U,Nintendo 3DS,"released on February 26, 2011（Japan）",New Nintendo 3DS XL,Total,FY3/2025,0,0,
Nintendo 3DS to Wii U,Nintendo 3DS,"released on February 26, 2011（Japan）",New Nintendo 3DS XL,Total,FY3/2026,0,0,
Nintendo 3DS to Wii U,Nintendo 3DS,"released on February 26, 2011（Japan）",New Nintendo 3DS XL,Total,LTD,250,2500000,
Nintendo 3DS to Wii U,Nintendo 3DS,"released on February 26, 2011（Japan）",New Nintendo 2DS XL,Japan,FY3/2018,78,780000,
Nintendo 3DS to Wii U,Nintendo 3DS,"released on February 26, 2011（Japan）",New Nintendo 2DS XL,Japan,FY3/2019,38,380000,
Nintendo 3DS to Wii U,Nintendo 3DS,"released on February 26, 2011（Japan）",New Nintendo 2DS XL,Japan,FY3/2020,8,80000,
Nintendo 3DS to Wii U,Nintendo 3DS,"released on February 26, 2011（Japan）",New Nintendo 2DS XL,Japan,FY3/2021,0.1,0,lt10k_pos
Nintendo 3DS to Wii U,Nintendo 3DS,"released on February 26, 2011（Japan）",New Nintendo 2DS XL,Japan,FY3/2022,-0.1,0,lt10k_neg
Nintendo 3DS to Wii U,Nintendo 3DS,"released on February 26, 2011（Japan）",New Nintendo 2DS XL,Japan,FY3/2023,-0.1,0,lt10k_neg
Nintendo 3DS to Wii U,Nintendo 3DS,"released on February 26, 2011（Japan）",New Nintendo 2DS XL,Japan,FY3/2024,0,0,
Nintendo 3DS to Wii U,Nintendo 3DS,"released on February 26, 2011（Japan）",New Nintendo 2DS XL,Japan,FY3/2025,0,0,
Nintendo 3DS to Wii U,Nintendo 3DS,"released on February 26, 2011（Japan）",New Nintendo 2DS XL,Japan,FY3/2026,0,0,
Nintendo 3DS to Wii U,Nintendo 3DS,"released on February 26, 2011（Japan）",New Nintendo 2DS XL,Japan,LTD,493,4930000,
Nintendo 3DS to Wii U,Nintendo 3DS,"released on February 26, 2011（Japan）",New Nintendo 2DS XL,The Americas,FY3/2018,89,890000,
Nintendo 3DS to Wii U,Nintendo 3DS,"released on February 26, 2011（Japan）",New Nintendo 2DS XL,The Americas,FY3/2019,58,580000,
Nintendo 3DS to Wii U,Nintendo 3DS,"released on February 26, 2011（Japan）",New Nintendo 2DS XL,The Americas,FY3/2020,19,190000,
Nintendo 3DS to Wii U,Nintendo 3DS,"released on February 26, 2011（Japan）",New Nintendo 2DS XL,The Americas,FY3/2021,17,170000,
Nintendo 3DS to Wii U,Nintendo 3DS,"released on February 26, 2011（Japan）",New Nintendo 2DS XL,The Americas,FY3/2022,-0.1,0,lt10k_neg
Nintendo 3DS to Wii U,Nintendo 3DS,"released on February 26, 2011（Japan）",New Nintendo 2DS XL,The Americas,FY3/2023,0,0,
Nintendo 3DS to Wii U,Nintendo 3DS,"released on February 26, 2011（Japan）",New Nintendo 2DS XL,The Americas,FY3/2024,0,0,
Nintendo 3DS to Wii U,Nintendo 3DS,"released on February 26, 2011（Japan）",New Nintendo 2DS XL,The Americas,FY3/2025,0,0,
Nintendo 3DS to Wii U,Nintendo 3DS,"released on February 26, 2011（Japan）",New Nintendo 2DS XL,The Americas,FY3/2026,0.1,0,lt10k_pos
Nintendo 3DS to Wii U,Nintendo 3DS,"released on February 26, 2011（Japan）",New Nintendo 2DS XL,The Americas,LTD,440,4400000,
Nintendo 3DS to Wii U,Nintendo 3DS,"released on February 26, 2011（Japan）",New Nintendo 2DS XL,Other,FY3/2018,104,1040000,
Nintendo 3DS to Wii U,Nintendo 3DS,"released on February 26, 2011（Japan）",New Nintendo 2DS XL,Other,FY3/2019,47,470000,
Nintendo 3DS to Wii U,Nintendo 3DS,"released on February 26, 2011（Japan）",New Nintendo 2DS XL,Other,FY3/2020,22,220000,
Nintendo 3DS to Wii U,Nintendo 3DS,"released on February 26, 2011（Japan）",New Nintendo 2DS XL,Other,FY3/2021,0.1,0,lt10k_pos
Nintendo 3DS to Wii U,Nintendo 3DS,"released on February 26, 2011（Japan）",New Nintendo 2DS XL,Other,FY3/2022,0.1,0,lt10k_pos
Nintendo 3DS to Wii U,Nintendo 3DS,"released on February 26, 2011（Japan）",New Nintendo 2DS XL,Other,FY3/2023,0.1,0,lt10k_pos
Nintendo 3DS to Wii U,Nintendo 3DS,"released on February 26, 2011（Japan）",New Nintendo 2DS XL,Other,FY3/2024,0,0,
Nintendo 3DS to Wii U,Nintendo 3DS,"released on February 26, 2011（Japan）",New Nintendo 2DS XL,Other,FY3/2025,0,0,
Nintendo 3DS to Wii U,Nintendo 3DS,"released on February 26, 2011（Japan）",New Nintendo 2DS XL,Other,FY3/2026,0,0,
Nintendo 3DS to Wii U,Nintendo 3DS,"released on February 26, 2011（Japan）",New Nintendo 2DS XL,Other,LTD,292,2920000,
Nintendo 3DS to Wii U,Nintendo 3DS,"released on February 26, 2011（Japan）",New Nintendo 2DS XL,Total,FY3/2018,271,2710000,
Nintendo 3DS to Wii U,Nintendo 3DS,"released on February 26, 2011（Japan）",New Nintendo 2DS XL,Total,FY3/2019,143,1430000,
Nintendo 3DS to Wii U,Nintendo 3DS,"released on February 26, 2011（Japan）",New Nintendo 2DS XL,Total,FY3/2020,48,480000,
Nintendo 3DS to Wii U,Nintendo 3DS,"released on February 26, 2011（Japan）",New Nintendo 2DS XL,Total,FY3/2021,17,170000,
Nintendo 3DS to Wii U,Nintendo 3DS,"released on February 26, 2011（Japan）",New Nintendo 2DS XL,Total,FY3/2022,-0.1,0,lt10k_neg
Nintendo 3DS to Wii U,Nintendo 3DS,"released on February 26, 2011（Japan）",New Nintendo 2DS XL,Total,FY3/2023,0.1,0,lt10k_pos
Nintendo 3DS to Wii U,Nintendo 3DS,"released on February 26, 2011（Japan）",New Nintendo 2DS XL,Total,FY3/2024,0,0,
Nintendo 3DS to Wii U,Nintendo 3DS,"released on February 26, 2011（Japan）",New Nintendo 2DS XL,Total,FY3/2025,0,0,
Nintendo 3DS to Wii U,Nintendo 3DS,"released on February 26, 2011（Japan）",New Nintendo 2DS XL,Total,FY3/2026,0.1,0,lt10k_pos
Nintendo 3DS to Wii U,Nintendo 3DS,"released on February 26, 2011（Japan）",New Nintendo 2DS XL,Total,LTD,1226,12260000,
Nintendo 3DS to Wii U,Wii U,"released on November 18, 2012（The Americas）",family,Japan,FY3/2013,92,920000,
Nintendo 3DS to Wii U,Wii U,"released on November 18, 2012（The Americas）",family,Japan,FY3/2014,89,890000,
Nintendo 3DS to Wii U,Wii U,"released on November 18, 2012（The Americas）",family,Japan,FY3/2015,53,530000,
Nintendo 3DS to Wii U,Wii U,"released on November 18, 2012（The Americas）",family,Japan,FY3/2016,80,800000,
Nintendo 3DS to Wii U,Wii U,"released on November 18, 2012（The Americas）",family,Japan,FY3/2017,20,200000,
Nintendo 3DS to Wii U,Wii U,"released on November 18, 2012（The Americas）",family,Japan,FY3/2018,0.1,0,lt10k_pos
Nintendo 3DS to Wii U,Wii U,"released on November 18, 2012（The Americas）",family,Japan,FY3/2019,0,0,
Nintendo 3DS to Wii U,Wii U,"released on November 18, 2012（The Americas）",family,Japan,FY3/2020,0,0,
Nintendo 3DS to Wii U,Wii U,"released on November 18, 2012（The Americas）",family,Japan,FY3/2021,-0.1,0,lt10k_neg
Nintendo 3DS to Wii U,Wii U,"released on November 18, 2012（The Americas）",family,Japan,FY3/2022,0,0,
Nintendo 3DS to Wii U,Wii U,"released on November 18, 2012（The Americas）",family,Japan,FY3/2023,0,0,
Nintendo 3DS to Wii U,Wii U,"released on November 18, 2012（The Americas）",family,Japan,FY3/2024,0,0,
Nintendo 3DS to Wii U,Wii U,"released on November 18, 2012（The Americas）",family,Japan,FY3/2025,0,0,
Nintendo 3DS to Wii U,Wii U,"released on November 18, 2012（The Americas）",family,Japan,FY3/2026,0,0,
Nintendo 3DS to Wii U,Wii U,"released on November 18, 2012（The Americas）",family,Japan,LTD,334,3340000,
Nintendo 3DS to Wii U,Wii U,"released on November 18, 2012（The Americas）",family,The Americas,FY3/2013,152,1520000,
Nintendo 3DS to Wii U,Wii U,"released on November 18, 2012（The Americas）",family,The Americas,FY3/2014,129,1290000,
Nintendo 3DS to Wii U,Wii U,"released on November 18, 2012（The Americas）",family,The Americas,FY3/2015,185,1850000,
Nintendo 3DS to Wii U,Wii U,"released on November 18, 2012（The Americas）",family,The Americas,FY3/2016,154,1540000,
Nintendo 3DS to Wii U,Wii U,"released on November 18, 2012（The Americas）",family,The Americas,FY3/2017,29,290000,
Nintendo 3DS to Wii U,Wii U,"released on November 18, 2012（The Americas）",family,The Americas,FY3/2018,-0.1,0,lt10k_neg
Nintendo 3DS to Wii U,Wii U,"released on November 18, 2012（The Americas）",family,The Americas,FY3/2019,0.1,0,lt10k_pos
Nintendo 3DS to Wii U,Wii U,"released on November 18, 2012（The Americas）",family,The Americas,FY3/2020,-0.1,0,lt10k_neg
Nintendo 3DS to Wii U,Wii U,"released on November 18, 2012（The Americas）",family,The Americas,FY3/2021,-0.1,0,lt10k_neg
Nintendo 3DS to Wii U,Wii U,"released on November 18, 2012（The Americas）",family,The Americas,FY3/2022,0,0,
Nintendo 3DS to Wii U,Wii U,"released on November 18, 2012（The Americas）",family,The Americas,FY3/2023,0,0,
Nintendo 3DS to Wii U,Wii U,"released on November 18, 2012（The Americas）",family,The Americas,FY3/2024,0,0,
Nintendo 3DS to Wii U,Wii U,"released on November 18, 2012（The Americas）",family,The Americas,FY3/2025,0,0,
Nintendo 3DS to Wii U,Wii U,"released on November 18, 2012（The Americas）",family,The Americas,FY3/2026,0,0,
Nintendo 3DS to Wii U,Wii U,"released on November 18, 2012（The Americas）",family,The Americas,LTD,649,6490000,
Nintendo 3DS to Wii U,Wii U,"released on November 18, 2012（The Americas）",family,Other,FY3/2013,101,1010000,
Nintendo 3DS to Wii U,Wii U,"released on November 18, 2012（The Americas）",family,Other,FY3/2014,55,550000,
Nintendo 3DS to Wii U,Wii U,"released on November 18, 2012（The Americas）",family,Other,FY3/2015,100,1000000,
Nintendo 3DS to Wii U,Wii U,"released on November 18, 2012（The Americas）",family,Other,FY3/2016,91,910000,
Nintendo 3DS to Wii U,Wii U,"released on November 18, 2012（The Americas）",family,Other,FY3/2017,26,260000,
Nintendo 3DS to Wii U,Wii U,"released on November 18, 2012（The Americas）",family,Other,FY3/2018,0.1,0,lt10k_pos
Nintendo 3DS to Wii U,Wii U,"released on November 18, 2012（The Americas）",family,Other,FY3/2019,-0.1,0,lt10k_neg
Nintendo 3DS to Wii U,Wii U,"released on November 18, 2012（The Americas）",family,Other,FY3/2020,-0.1,0,lt10k_neg
Nintendo 3DS to Wii U,Wii U,"released on November 18, 2012（The Americas）",family,Other,FY3/2021,-0.1,0,lt10k_neg
Nintendo 3DS to Wii U,Wii U,"released on November 18, 2012（The Americas）",family,Other,FY3/2022,0.1,0,lt10k_pos
Nintendo 3DS to Wii U,Wii U,"released on November 18, 2012（The Americas）",family,Other,FY3/2023,0.1,0,lt10k_pos
Nintendo 3DS to Wii U,Wii U,"released on November 18, 2012（The Americas）",family,Other,FY3/2024,0,0,
Nintendo 3DS to Wii U,Wii U,"released on November 18, 2012（The Americas）",family,Other,FY3/2025,0,0,
Nintendo 3DS to Wii U,Wii U,"released on November 18, 2012（The Americas）",family,Other,FY3/2026,0,0,
Nintendo 3DS to Wii U,Wii U,"released on November 18, 2012（The Americas）",family,Other,LTD,374,3740000,
Nintendo 3DS to Wii U,Wii U,"released on November 18, 2012（The Americas）",family,Total,FY3/2013,345,3450000,
Nintendo 3DS to Wii U,Wii U,"released on November 18, 2012（The Americas）",family,Total,FY3/2014,272,2720000,
Nintendo 3DS to Wii U,Wii U,"released on November 18, 2012（The Americas）",family,Total,FY3/2015,338,3380000,
Nintendo 3DS to Wii U,Wii U,"released on November 18, 2012（The Americas）",family,Total,FY3/2016,326,3260000,
Nintendo 3DS to Wii U,Wii U,"released on November 18, 2012（The Americas）",family,Total,FY3/2017,76,760000,
Nintendo 3DS to Wii U,Wii U,"released on November 18, 2012（The Americas）",family,Total,FY3/2018,0.1,0,lt10k_pos
Nintendo 3DS to Wii U,Wii U,"released on November 18, 2012（The Americas）",family,Total,FY3/2019,0.1,0,lt10k_pos
Nintendo 3DS to Wii U,Wii U,"released on November 18, 2012（The Americas）",family,Total,FY3/2020,-0.1,0,lt10k_neg
Nintendo 3DS to Wii U,Wii U,"released on November 18, 2012（The Americas）",family,Total,FY3/2021,-0.1,0,lt10k_neg
Nintendo 3DS to Wii U,Wii U,"released on November 18, 2012（The Americas）",family,Total,FY3/2022,0.1,0,lt10k_pos
Nintendo 3DS to Wii U,Wii U,"released on November 18, 2012（The Americas）",family,Total,FY3/2023,0.1,0,lt10k_pos
Nintendo 3DS to Wii U,Wii U,"released on November 18, 2012（The Americas）",family,Total,FY3/2024,0,0,
Nintendo 3DS to Wii U,Wii U,"released on November 18, 2012（The Americas）",family,Total,FY3/2025,0,0,
Nintendo 3DS to Wii U,Wii U,"released on November 18, 2012（The Americas）",family,Total,FY3/2026,0,0,
Nintendo 3DS to Wii U,Wii U,"released on November 18, 2012（The Americas）",family,Total,LTD,1356,13560000,
Nintendo Switch and after,Nintendo Switch,"released on March 3, 2017 （Japan, U.S., Europe and other regions）",family,Japan,FY3/2017,60,600000,
Nintendo Switch and after,Nintendo Switch,"released on March 3, 2017 （Japan, U.S., Europe and other regions）",family,Japan,FY3/2018,378,3780000,
Nintendo Switch and after,Nintendo Switch,"released on March 3, 2017 （Japan, U.S., Europe and other regions）",family,Japan,FY3/2019,385,3850000,
Nintendo Switch and after,Nintendo Switch,"released on March 3, 2017 （Japan, U.S., Europe and other regions）",family,Japan,FY3/2020,521,5210000,
Nintendo Switch and after,Nintendo Switch,"released on March 3, 2017 （Japan, U.S., Europe and other regions）",family,Japan,FY3/2021,660,6600000,
Nintendo Switch and after,Nintendo Switch,"released on March 3, 2017 （Japan, U.S., Europe and other regions）",family,Japan,FY3/2022,519,5190000,
Nintendo Switch and after,Nintendo Switch,"released on March 3, 2017 （Japan, U.S., Europe and other regions）",family,Japan,FY3/2023,437,4370000,
Nintendo Switch and after,Nintendo Switch,"released on March 3, 2017 （Japan, U.S., Europe and other regions）",family,Japan,FY3/2024,441,4410000,
Nintendo Switch and after,Nintendo Switch,"released on March 3, 2017 （Japan, U.S., Europe and other regions）",family,Japan,FY3/2025,319,3190000,
Nintendo Switch and after,Nintendo Switch,"released on March 3, 2017 （Japan, U.S., Europe and other regions）",family,Japan,FY3/2026,114,1140000,
Nintendo Switch and after,Nintendo Switch,"released on March 3, 2017 （Japan, U.S., Europe and other regions）",family,Japan,LTD,3834,38340000,
Nintendo Switch and after,Nintendo Switch,"released on March 3, 2017 （Japan, U.S., Europe and other regions）",family,The Americas,FY3/2017,120,1200000,
Nintendo Switch and after,Nintendo Switch,"released on March 3, 2017 （Japan, U.S., Europe and other regions）",family,The Americas,FY3/2018,594,5940000,
Nintendo Switch and after,Nintendo Switch,"released on March 3, 2017 （Japan, U.S., Europe and other regions）",family,The Americas,FY3/2019,688,6880000,
Nintendo Switch and after,Nintendo Switch,"released on March 3, 2017 （Japan, U.S., Europe and other regions）",family,The Americas,FY3/2020,811,8110000,
Nintendo Switch and after,Nintendo Switch,"released on March 3, 2017 （Japan, U.S., Europe and other regions）",family,The Americas,FY3/2021,1115,11150000,
Nintendo Switch and after,Nintendo Switch,"released on March 3, 2017 （Japan, U.S., Europe and other regions）",family,The Americas,FY3/2022,876,8760000,
Nintendo Switch and after,Nintendo Switch,"released on March 3, 2017 （Japan, U.S., Europe and other regions）",family,The Americas,FY3/2023,697,6970000,
Nintendo Switch and after,Nintendo Switch,"released on March 3, 2017 （Japan, U.S., Europe and other regions）",family,The Americas,FY3/2024,552,5520000,
Nintendo Switch and after,Nintendo Switch,"released on March 3, 2017 （Japan, U.S., Europe and other regions）",family,The Americas,FY3/2025,379,3790000,
Nintendo Switch and after,Nintendo Switch,"released on March 3, 2017 （Japan, U.S., Europe and other regions）",family,The Americas,FY3/2026,130,1300000,
Nintendo Switch and after,Nintendo Switch,"released on March 3, 2017 （Japan, U.S., Europe and other regions）",family,The Americas,LTD,5961,59610000,
Nintendo Switch and after,Nintendo Switch,"released on March 3, 2017 （Japan, U.S., Europe and other regions）",family,Europe,FY3/2017,76,760000,
Nintendo Switch and after,Nintendo Switch,"released on March 3, 2017 （Japan, U.S., Europe and other regions）",family,Europe,FY3/2018,379,3790000,
Nintendo Switch and after,Nintendo Switch,"released on March 3, 2017 （Japan, U.S., Europe and other regions）",family,Europe,FY3/2019,455,4550000,
Nintendo Switch and after,Nintendo Switch,"released on March 3, 2017 （Japan, U.S., Europe and other regions）",family,Europe,FY3/2020,534,5340000,
Nintendo Switch and after,Nintendo Switch,"released on March 3, 2017 （Japan, U.S., Europe and other regions）",family,Europe,FY3/2021,715,7150000,
Nintendo Switch and after,Nintendo Switch,"released on March 3, 2017 （Japan, U.S., Europe and other regions）",family,Europe,FY3/2022,602,6020000,
Nintendo Switch and after,Nintendo Switch,"released on March 3, 2017 （Japan, U.S., Europe and other regions）",family,Europe,FY3/2023,498,4980000,
Nintendo Switch and after,Nintendo Switch,"released on March 3, 2017 （Japan, U.S., Europe and other regions）",family,Europe,FY3/2024,390,3900000,
Nintendo Switch and after,Nintendo Switch,"released on March 3, 2017 （Japan, U.S., Europe and other regions）",family,Europe,FY3/2025,271,2710000,
Nintendo Switch and after,Nintendo Switch,"released on March 3, 2017 （Japan, U.S., Europe and other regions）",family,Europe,FY3/2026,83,830000,
Nintendo Switch and after,Nintendo Switch,"released on March 3, 2017 （Japan, U.S., Europe and other regions）",family,Europe,LTD,4003,40030000,
Nintendo Switch and after,Nintendo Switch,"released on March 3, 2017 （Japan, U.S., Europe and other regions）",family,Other,FY3/2017,18,180000,
Nintendo Switch and after,Nintendo Switch,"released on March 3, 2017 （Japan, U.S., Europe and other regions）",family,Other,FY3/2018,154,1540000,
Nintendo Switch and after,Nintendo Switch,"released on March 3, 2017 （Japan, U.S., Europe and other regions）",family,Other,FY3/2019,169,1690000,
Nintendo Switch and after,Nintendo Switch,"released on March 3, 2017 （Japan, U.S., Europe and other regions）",family,Other,FY3/2020,237,2370000,
Nintendo Switch and after,Nintendo Switch,"released on March 3, 2017 （Japan, U.S., Europe and other regions）",family,Other,FY3/2021,393,3930000,
Nintendo Switch and after,Nintendo Switch,"released on March 3, 2017 （Japan, U.S., Europe and other regions）",family,Other,FY3/2022,309,3090000,
Nintendo Switch and after,Nintendo Switch,"released on March 3, 2017 （Japan, U.S., Europe and other regions）",family,Other,FY3/2023,165,1650000,
Nintendo Switch and after,Nintendo Switch,"released on March 3, 2017 （Japan, U.S., Europe and other regions）",family,Other,FY3/2024,186,1860000,
Nintendo Switch and after,Nintendo Switch,"released on March 3, 2017 （Japan, U.S., Europe and other regions）",family,Other,FY3/2025,111,1110000,
Nintendo Switch and after,Nintendo Switch,"released on March 3, 2017 （Japan, U.S., Europe and other regions）",family,Other,FY3/2026,53,530000,
Nintendo Switch and after,Nintendo Switch,"released on March 3, 2017 （Japan, U.S., Europe and other regions）",family,Other,LTD,1794,17940000,
Nintendo Switch and after,Nintendo Switch,"released on March 3, 2017 （Japan, U.S., Europe and other regions）",family,Total,FY3/2017,274,2740000,
Nintendo Switch and after,Nintendo Switch,"released on March 3, 2017 （Japan, U.S., Europe and other regions）",family,Total,FY3/2018,1505,15050000,
Nintendo Switch and after,Nintendo Switch,"released on March 3, 2017 （Japan, U.S., Europe and other regions）",family,Total,FY3/2019,1695,16950000,
Nintendo Switch and after,Nintendo Switch,"released on March 3, 2017 （Japan, U.S., Europe and other regions）",family,Total,FY3/2020,2103,21030000,
Nintendo Switch and after,Nintendo Switch,"released on March 3, 2017 （Japan, U.S., Europe and other regions）",family,Total,FY3/2021,2883,28830000,
Nintendo Switch and after,Nintendo Switch,"released on March 3, 2017 （Japan, U.S., Europe and other regions）",family,Total,FY3/2022,2306,23060000,
Nintendo Switch and after,Nintendo Switch,"released on March 3, 2017 （Japan, U.S., Europe and other regions）",family,Total,FY3/2023,1797,17970000,
Nintendo Switch and after,Nintendo Switch,"released on March 3, 2017 （Japan, U.S., Europe and other regions）",family,Total,FY3/2024,1570,15700000,
Nintendo Switch and after,Nintendo Switch,"released on March 3, 2017 （Japan, U.S., Europe and other regions）",family,Total,FY3/2025,1080,10800000,
Nintendo Switch and after,Nintendo Switch,"released on March 3, 2017 （Japan, U.S., Europe and other regions）",family,Total,FY3/2026,380,3800000,
Nintendo Switch and after,Nintendo Switch,"released on March 3, 2017 （Japan, U.S., Europe and other regions）",family,Total,LTD,15592,155920000,
Nintendo Switch and after,Nintendo Switch,"released on March 3, 2017 （Japan, U.S., Europe and other regions）",Nintendo Switch,Japan,FY3/2017,60,600000,
Nintendo Switch and after,Nintendo Switch,"released on March 3, 2017 （Japan, U.S., Europe and other regions）",Nintendo Switch,Japan,FY3/2018,378,3780000,
Nintendo Switch and after,Nintendo Switch,"released on March 3, 2017 （Japan, U.S., Europe and other regions）",Nintendo Switch,Japan,FY3/2019,385,3850000,
Nintendo Switch and after,Nintendo Switch,"released on March 3, 2017 （Japan, U.S., Europe and other regions）",Nintendo Switch,Japan,FY3/2020,321,3210000,
Nintendo Switch and after,Nintendo Switch,"released on March 3, 2017 （Japan, U.S., Europe and other regions）",Nintendo Switch,Japan,FY3/2021,478,4780000,
Nintendo Switch and after,Nintendo Switch,"released on March 3, 2017 （Japan, U.S., Europe and other regions）",Nintendo Switch,Japan,FY3/2022,256,2560000,
Nintendo Switch and after,Nintendo Switch,"released on March 3, 2017 （Japan, U.S., Europe and other regions）",Nintendo Switch,Japan,FY3/2023,95,950000,
Nintendo Switch and after,Nintendo Switch,"released on March 3, 2017 （Japan, U.S., Europe and other regions）",Nintendo Switch,Japan,FY3/2024,61,610000,
Nintendo Switch and after,Nintendo Switch,"released on March 3, 2017 （Japan, U.S., Europe and other regions）",Nintendo Switch,Japan,FY3/2025,55,550000,
Nintendo Switch and after,Nintendo Switch,"released on March 3, 2017 （Japan, U.S., Europe and other regions）",Nintendo Switch,Japan,FY3/2026,21,210000,
Nintendo Switch and after,Nintendo Switch,"released on March 3, 2017 （Japan, U.S., Europe and other regions）",Nintendo Switch,Japan,LTD,2110,21100000,
Nintendo Switch and after,Nintendo Switch,"released on March 3, 2017 （Japan, U.S., Europe and other regions）",Nintendo Switch,The Americas,FY3/2017,120,1200000,
Nintendo Switch and after,Nintendo Switch,"released on March 3, 2017 （Japan, U.S., Europe and other regions）",Nintendo Switch,The Americas,FY3/2018,594,5940000,
Nintendo Switch and after,Nintendo Switch,"released on March 3, 2017 （Japan, U.S., Europe and other regions）",Nintendo Switch,The Americas,FY3/2019,688,6880000,
Nintendo Switch and after,Nintendo Switch,"released on March 3, 2017 （Japan, U.S., Europe and other regions）",Nintendo Switch,The Americas,FY3/2020,578,5780000,
Nintendo Switch and after,Nintendo Switch,"released on March 3, 2017 （Japan, U.S., Europe and other regions）",Nintendo Switch,The Americas,FY3/2021,707,7070000,
Nintendo Switch and after,Nintendo Switch,"released on March 3, 2017 （Japan, U.S., Europe and other regions）",Nintendo Switch,The Americas,FY3/2022,522,5220000,
Nintendo Switch and after,Nintendo Switch,"released on March 3, 2017 （Japan, U.S., Europe and other regions）",Nintendo Switch,The Americas,FY3/2023,267,2670000,
Nintendo Switch and after,Nintendo Switch,"released on March 3, 2017 （Japan, U.S., Europe and other regions）",Nintendo Switch,The Americas,FY3/2024,169,1690000,
Nintendo Switch and after,Nintendo Switch,"released on March 3, 2017 （Japan, U.S., Europe and other regions）",Nintendo Switch,The Americas,FY3/2025,139,1390000,
Nintendo Switch and after,Nintendo Switch,"released on March 3, 2017 （Japan, U.S., Europe and other regions）",Nintendo Switch,The Americas,FY3/2026,54,540000,
Nintendo Switch and after,Nintendo Switch,"released on March 3, 2017 （Japan, U.S., Europe and other regions）",Nintendo Switch,The Americas,LTD,3837,38370000,
Nintendo Switch and after,Nintendo Switch,"released on March 3, 2017 （Japan, U.S., Europe and other regions）",Nintendo Switch,Europe,FY3/2017,76,760000,
Nintendo Switch and after,Nintendo Switch,"released on March 3, 2017 （Japan, U.S., Europe and other regions）",Nintendo Switch,Europe,FY3/2018,379,3790000,
Nintendo Switch and after,Nintendo Switch,"released on March 3, 2017 （Japan, U.S., Europe and other regions）",Nintendo Switch,Europe,FY3/2019,455,4550000,
Nintendo Switch and after,Nintendo Switch,"released on March 3, 2017 （Japan, U.S., Europe and other regions）",Nintendo Switch,Europe,FY3/2020,400,4000000,
Nintendo Switch and after,Nintendo Switch,"released on March 3, 2017 （Japan, U.S., Europe and other regions）",Nintendo Switch,Europe,FY3/2021,502,5020000,
Nintendo Switch and after,Nintendo Switch,"released on March 3, 2017 （Japan, U.S., Europe and other regions）",Nintendo Switch,Europe,FY3/2022,404,4040000,
Nintendo Switch and after,Nintendo Switch,"released on March 3, 2017 （Japan, U.S., Europe and other regions）",Nintendo Switch,Europe,FY3/2023,211,2110000,
Nintendo Switch and after,Nintendo Switch,"released on March 3, 2017 （Japan, U.S., Europe and other regions）",Nintendo Switch,Europe,FY3/2024,129,1290000,
Nintendo Switch and after,Nintendo Switch,"released on March 3, 2017 （Japan, U.S., Europe and other regions）",Nintendo Switch,Europe,FY3/2025,98,980000,
Nintendo Switch and after,Nintendo Switch,"released on March 3, 2017 （Japan, U.S., Europe and other regions）",Nintendo Switch,Europe,FY3/2026,38,380000,
Nintendo Switch and after,Nintendo Switch,"released on March 3, 2017 （Japan, U.S., Europe and other regions）",Nintendo Switch,Europe,LTD,2691,26910000,
Nintendo Switch and after,Nintendo Switch,"released on March 3, 2017 （Japan, U.S., Europe and other regions）",Nintendo Switch,Other,FY3/2017,18,180000,
Nintendo Switch and after,Nintendo Switch,"released on March 3, 2017 （Japan, U.S., Europe and other regions）",Nintendo Switch,Other,FY3/2018,154,1540000,
Nintendo Switch and after,Nintendo Switch,"released on March 3, 2017 （Japan, U.S., Europe and other regions）",Nintendo Switch,Other,FY3/2019,169,1690000,
Nintendo Switch and after,Nintendo Switch,"released on March 3, 2017 （Japan, U.S., Europe and other regions）",Nintendo Switch,Other,FY3/2020,185,1850000,
Nintendo Switch and after,Nintendo Switch,"released on March 3, 2017 （Japan, U.S., Europe and other regions）",Nintendo Switch,Other,FY3/2021,345,3450000,
Nintendo Switch and after,Nintendo Switch,"released on March 3, 2017 （Japan, U.S., Europe and other regions）",Nintendo Switch,Other,FY3/2022,174,1740000,
Nintendo Switch and after,Nintendo Switch,"released on March 3, 2017 （Japan, U.S., Europe and other regions）",Nintendo Switch,Other,FY3/2023,40,400000,
Nintendo Switch and after,Nintendo Switch,"released on March 3, 2017 （Japan, U.S., Europe and other regions）",Nintendo Switch,Other,FY3/2024,27,270000,
Nintendo Switch and after,Nintendo Switch,"released on March 3, 2017 （Japan, U.S., Europe and other regions）",Nintendo Switch,Other,FY3/2025,8,80000,
Nintendo Switch and after,Nintendo Switch,"released on March 3, 2017 （Japan, U.S., Europe and other regions）",Nintendo Switch,Other,FY3/2026,2,20000,
Nintendo Switch and after,Nintendo Switch,"released on March 3, 2017 （Japan, U.S., Europe and other regions）",Nintendo Switch,Other,LTD,1121,11210000,
Nintendo Switch and after,Nintendo Switch,"released on March 3, 2017 （Japan, U.S., Europe and other regions）",Nintendo Switch,Total,FY3/2017,274,2740000,
Nintendo Switch and after,Nintendo Switch,"released on March 3, 2017 （Japan, U.S., Europe and other regions）",Nintendo Switch,Total,FY3/2018,1505,15050000,
Nintendo Switch and after,Nintendo Switch,"released on March 3, 2017 （Japan, U.S., Europe and other regions）",Nintendo Switch,Total,FY3/2019,1695,16950000,
Nintendo Switch and after,Nintendo Switch,"released on March 3, 2017 （Japan, U.S., Europe and other regions）",Nintendo Switch,Total,FY3/2020,1483,14830000,
Nintendo Switch and after,Nintendo Switch,"released on March 3, 2017 （Japan, U.S., Europe and other regions）",Nintendo Switch,Total,FY3/2021,2032,20320000,
Nintendo Switch and after,Nintendo Switch,"released on March 3, 2017 （Japan, U.S., Europe and other regions）",Nintendo Switch,Total,FY3/2022,1356,13560000,
Nintendo Switch and after,Nintendo Switch,"released on March 3, 2017 （Japan, U.S., Europe and other regions）",Nintendo Switch,Total,FY3/2023,614,6140000,
Nintendo Switch and after,Nintendo Switch,"released on March 3, 2017 （Japan, U.S., Europe and other regions）",Nintendo Switch,Total,FY3/2024,386,3860000,
Nintendo Switch and after,Nintendo Switch,"released on March 3, 2017 （Japan, U.S., Europe and other regions）",Nintendo Switch,Total,FY3/2025,300,3000000,
Nintendo Switch and after,Nintendo Switch,"released on March 3, 2017 （Japan, U.S., Europe and other regions）",Nintendo Switch,Total,FY3/2026,115,1150000,
Nintendo Switch and after,Nintendo Switch,"released on March 3, 2017 （Japan, U.S., Europe and other regions）",Nintendo Switch,Total,LTD,9759,97590000,
Nintendo Switch and after,Nintendo Switch,"released on March 3, 2017 （Japan, U.S., Europe and other regions）",Nintendo Switch – OLED Model,Japan,FY3/2022,161,1610000,
Nintendo Switch and after,Nintendo Switch,"released on March 3, 2017 （Japan, U.S., Europe and other regions）",Nintendo Switch – OLED Model,Japan,FY3/2023,284,2840000,
Nintendo Switch and after,Nintendo Switch,"released on March 3, 2017 （Japan, U.S., Europe and other regions）",Nintendo Switch – OLED Model,Japan,FY3/2024,305,3050000,
Nintendo Switch and after,Nintendo Switch,"released on March 3, 2017 （Japan, U.S., Europe and other regions）",Nintendo Switch – OLED Model,Japan,FY3/2025,195,1950000,
Nintendo Switch and after,Nintendo Switch,"released on March 3, 2017 （Japan, U.S., Europe and other regions）",Nintendo Switch – OLED Model,Japan,FY3/2026,57,570000,
Nintendo Switch and after,Nintendo Switch,"released on March 3, 2017 （Japan, U.S., Europe and other regions）",Nintendo Switch – OLED Model,Japan,LTD,1001,10010000,
Nintendo Switch and after,Nintendo Switch,"released on March 3, 2017 （Japan, U.S., Europe and other regions）",Nintendo Switch – OLED Model,The Americas,FY3/2022,194,1940000,
Nintendo Switch and after,Nintendo Switch,"released on March 3, 2017 （Japan, U.S., Europe and other regions）",Nintendo Switch – OLED Model,The Americas,FY3/2023,288,2880000,
Nintendo Switch and after,Nintendo Switch,"released on March 3, 2017 （Japan, U.S., Europe and other regions）",Nintendo Switch – OLED Model,The Americas,FY3/2024,264,2640000,
Nintendo Switch and after,Nintendo Switch,"released on March 3, 2017 （Japan, U.S., Europe and other regions）",Nintendo Switch – OLED Model,The Americas,FY3/2025,162,1620000,
Nintendo Switch and after,Nintendo Switch,"released on March 3, 2017 （Japan, U.S., Europe and other regions）",Nintendo Switch – OLED Model,The Americas,FY3/2026,40,400000,
Nintendo Switch and after,Nintendo Switch,"released on March 3, 2017 （Japan, U.S., Europe and other regions）",Nintendo Switch – OLED Model,The Americas,LTD,948,9480000,
Nintendo Switch and after,Nintendo Switch,"released on March 3, 2017 （Japan, U.S., Europe and other regions）",Nintendo Switch – OLED Model,Europe,FY3/2022,112,1120000,
Nintendo Switch and after,Nintendo Switch,"released on March 3, 2017 （Japan, U.S., Europe and other regions）",Nintendo Switch – OLED Model,Europe,FY3/2023,238,2380000,
Nintendo Switch and after,Nintendo Switch,"released on March 3, 2017 （Japan, U.S., Europe and other regions）",Nintendo Switch – OLED Model,Europe,FY3/2024,219,2190000,
Nintendo Switch and after,Nintendo Switch,"released on March 3, 2017 （Japan, U.S., Europe and other regions）",Nintendo Switch – OLED Model,Europe,FY3/2025,135,1350000,
Nintendo Switch and after,Nintendo Switch,"released on March 3, 2017 （Japan, U.S., Europe and other regions）",Nintendo Switch – OLED Model,Europe,FY3/2026,28,280000,
Nintendo Switch and after,Nintendo Switch,"released on March 3, 2017 （Japan, U.S., Europe and other regions）",Nintendo Switch – OLED Model,Europe,LTD,731,7310000,
Nintendo Switch and after,Nintendo Switch,"released on March 3, 2017 （Japan, U.S., Europe and other regions）",Nintendo Switch – OLED Model,Other,FY3/2022,113,1130000,
Nintendo Switch and after,Nintendo Switch,"released on March 3, 2017 （Japan, U.S., Europe and other regions）",Nintendo Switch – OLED Model,Other,FY3/2023,112,1120000,
Nintendo Switch and after,Nintendo Switch,"released on March 3, 2017 （Japan, U.S., Europe and other regions）",Nintendo Switch – OLED Model,Other,FY3/2024,144,1440000,
Nintendo Switch and after,Nintendo Switch,"released on March 3, 2017 （Japan, U.S., Europe and other regions）",Nintendo Switch – OLED Model,Other,FY3/2025,94,940000,
Nintendo Switch and after,Nintendo Switch,"released on March 3, 2017 （Japan, U.S., Europe and other regions）",Nintendo Switch – OLED Model,Other,FY3/2026,47,470000,
Nintendo Switch and after,Nintendo Switch,"released on March 3, 2017 （Japan, U.S., Europe and other regions）",Nintendo Switch – OLED Model,Other,LTD,510,5100000,
Nintendo Switch and after,Nintendo Switch,"released on March 3, 2017 （Japan, U.S., Europe and other regions）",Nintendo Switch – OLED Model,Total,FY3/2022,580,5800000,
Nintendo Switch and after,Nintendo Switch,"released on March 3, 2017 （Japan, U.S., Europe and other regions）",Nintendo Switch – OLED Model,Total,FY3/2023,922,9220000,
Nintendo Switch and after,Nintendo Switch,"released on March 3, 2017 （Japan, U.S., Europe and other regions）",Nintendo Switch – OLED Model,Total,FY3/2024,932,9320000,
Nintendo Switch and after,Nintendo Switch,"released on March 3, 2017 （Japan, U.S., Europe and other regions）",Nintendo Switch – OLED Model,Total,FY3/2025,586,5860000,
Nintendo Switch and after,Nintendo Switch,"released on March 3, 2017 （Japan, U.S., Europe and other regions）",Nintendo Switch – OLED Model,Total,FY3/2026,172,1720000,
Nintendo Switch and after,Nintendo Switch,"released on March 3, 2017 （Japan, U.S., Europe and other regions）",Nintendo Switch – OLED Model,Total,LTD,3191,31910000,
Nintendo Switch and after,Nintendo Switch,"released on March 3, 2017 （Japan, U.S., Europe and other regions）",Nintendo Switch Lite,Japan,FY3/2020,200,2000000,
Nintendo Switch and after,Nintendo Switch,"released on March 3, 2017 （Japan, U.S., Europe and other regions）",Nintendo Switch Lite,Japan,FY3/2021,181,1810000,
Nintendo Switch and after,Nintendo Switch,"released on March 3, 2017 （Japan, U.S., Europe and other regions）",Nintendo Switch Lite,Japan,FY3/2022,102,1020000,
Nintendo Switch and after,Nintendo Switch,"released on March 3, 2017 （Japan, U.S., Europe and other regions）",Nintendo Switch Lite,Japan,FY3/2023,58,580000,
Nintendo Switch and after,Nintendo Switch,"released on March 3, 2017 （Japan, U.S., Europe and other regions）",Nintendo Switch Lite,Japan,FY3/2024,75,750000,
Nintendo Switch and after,Nintendo Switch,"released on March 3, 2017 （Japan, U.S., Europe and other regions）",Nintendo Switch Lite,Japan,FY3/2025,69,690000,
Nintendo Switch and after,Nintendo Switch,"released on March 3, 2017 （Japan, U.S., Europe and other regions）",Nintendo Switch Lite,Japan,FY3/2026,37,370000,
Nintendo Switch and after,Nintendo Switch,"released on March 3, 2017 （Japan, U.S., Europe and other regions）",Nintendo Switch Lite,Japan,LTD,723,7230000,
Nintendo Switch and after,Nintendo Switch,"released on March 3, 2017 （Japan, U.S., Europe and other regions）",Nintendo Switch Lite,The Americas,FY3/2020,233,2330000,
Nintendo Switch and after,Nintendo Switch,"released on March 3, 2017 （Japan, U.S., Europe and other regions）",Nintendo Switch Lite,The Americas,FY3/2021,409,4090000,
Nintendo Switch and after,Nintendo Switch,"released on March 3, 2017 （Japan, U.S., Europe and other regions）",Nintendo Switch Lite,The Americas,FY3/2022,159,1590000,
Nintendo Switch and after,Nintendo Switch,"released on March 3, 2017 （Japan, U.S., Europe and other regions）",Nintendo Switch Lite,The Americas,FY3/2023,142,1420000,
Nintendo Switch and after,Nintendo Switch,"released on March 3, 2017 （Japan, U.S., Europe and other regions）",Nintendo Switch Lite,The Americas,FY3/2024,119,1190000,
Nintendo Switch and after,Nintendo Switch,"released on March 3, 2017 （Japan, U.S., Europe and other regions）",Nintendo Switch Lite,The Americas,FY3/2025,78,780000,
Nintendo Switch and after,Nintendo Switch,"released on March 3, 2017 （Japan, U.S., Europe and other regions）",Nintendo Switch Lite,The Americas,FY3/2026,36,360000,
Nintendo Switch and after,Nintendo Switch,"released on March 3, 2017 （Japan, U.S., Europe and other regions）",Nintendo Switch Lite,The Americas,LTD,1175,11750000,
Nintendo Switch and after,Nintendo Switch,"released on March 3, 2017 （Japan, U.S., Europe and other regions）",Nintendo Switch Lite,Europe,FY3/2020,134,1340000,
Nintendo Switch and after,Nintendo Switch,"released on March 3, 2017 （Japan, U.S., Europe and other regions）",Nintendo Switch Lite,Europe,FY3/2021,213,2130000,
Nintendo Switch and after,Nintendo Switch,"released on March 3, 2017 （Japan, U.S., Europe and other regions）",Nintendo Switch Lite,Europe,FY3/2022,86,860000,
Nintendo Switch and after,Nintendo Switch,"released on March 3, 2017 （Japan, U.S., Europe and other regions）",Nintendo Switch Lite,Europe,FY3/2023,49,490000,
Nintendo Switch and after,Nintendo Switch,"released on March 3, 2017 （Japan, U.S., Europe and other regions）",Nintendo Switch Lite,Europe,FY3/2024,43,430000,
Nintendo Switch and after,Nintendo Switch,"released on March 3, 2017 （Japan, U.S., Europe and other regions）",Nintendo Switch Lite,Europe,FY3/2025,38,380000,
Nintendo Switch and after,Nintendo Switch,"released on March 3, 2017 （Japan, U.S., Europe and other regions）",Nintendo Switch Lite,Europe,FY3/2026,18,180000,
Nintendo Switch and after,Nintendo Switch,"released on March 3, 2017 （Japan, U.S., Europe and other regions）",Nintendo Switch Lite,Europe,LTD,581,5810000,
Nintendo Switch and after,Nintendo Switch,"released on March 3, 2017 （Japan, U.S., Europe and other regions）",Nintendo Switch Lite,Other,FY3/2020,53,530000,
Nintendo Switch and after,Nintendo Switch,"released on March 3, 2017 （Japan, U.S., Europe and other regions）",Nintendo Switch Lite,Other,FY3/2021,48,480000,
Nintendo Switch and after,Nintendo Switch,"released on March 3, 2017 （Japan, U.S., Europe and other regions）",Nintendo Switch Lite,Other,FY3/2022,22,220000,
Nintendo Switch and after,Nintendo Switch,"released on March 3, 2017 （Japan, U.S., Europe and other regions）",Nintendo Switch Lite,Other,FY3/2023,13,130000,
Nintendo Switch and after,Nintendo Switch,"released on March 3, 2017 （Japan, U.S., Europe and other regions）",Nintendo Switch Lite,Other,FY3/2024,15,150000,
Nintendo Switch and after,Nintendo Switch,"released on March 3, 2017 （Japan, U.S., Europe and other regions）",Nintendo Switch Lite,Other,FY3/2025,9,90000,
Nintendo Switch and after,Nintendo Switch,"released on March 3, 2017 （Japan, U.S., Europe and other regions）",Nintendo Switch Lite,Other,FY3/2026,3,30000,
Nintendo Switch and after,Nintendo Switch,"released on March 3, 2017 （Japan, U.S., Europe and other regions）",Nintendo Switch Lite,Other,LTD,164,1640000,
Nintendo Switch and after,Nintendo Switch,"released on March 3, 2017 （Japan, U.S., Europe and other regions）",Nintendo Switch Lite,Total,FY3/2020,619,6190000,
Nintendo Switch and after,Nintendo Switch,"released on March 3, 2017 （Japan, U.S., Europe and other regions）",Nintendo Switch Lite,Total,FY3/2021,851,8510000,
Nintendo Switch and after,Nintendo Switch,"released on March 3, 2017 （Japan, U.S., Europe and other regions）",Nintendo Switch Lite,Total,FY3/2022,370,3700000,
Nintendo Switch and after,Nintendo Switch,"released on March 3, 2017 （Japan, U.S., Europe and other regions）",Nintendo Switch Lite,Total,FY3/2023,262,2620000,
Nintendo Switch and after,Nintendo Switch,"released on March 3, 2017 （Japan, U.S., Europe and other regions）",Nintendo Switch Lite,Total,FY3/2024,252,2520000,
Nintendo Switch and after,Nintendo Switch,"released on March 3, 2017 （Japan, U.S., Europe and other regions）",Nintendo Switch Lite,Total,FY3/2025,195,1950000,
Nintendo Switch and after,Nintendo Switch,"released on March 3, 2017 （Japan, U.S., Europe and other regions）",Nintendo Switch Lite,Total,FY3/2026,94,940000,
Nintendo Switch and after,Nintendo Switch,"released on March 3, 2017 （Japan, U.S., Europe and other regions）",Nintendo Switch Lite,Total,LTD,2643,26430000,
Nintendo Switch and after,Nintendo Switch 2,"released on June 5, 2025 （Japan, U.S., Europe and other regions）",family,Japan,FY3/2026,566,5660000,
Nintendo Switch and after,Nintendo Switch 2,"released on June 5, 2025 （Japan, U.S., Europe and other regions）",family,Japan,LTD,566,5660000,
Nintendo Switch and after,Nintendo Switch 2,"released on June 5, 2025 （Japan, U.S., Europe and other regions）",family,The Americas,FY3/2026,673,6730000,
Nintendo Switch and after,Nintendo Switch 2,"released on June 5, 2025 （Japan, U.S., Europe and other regions）",family,The Americas,LTD,673,6730000,
Nintendo Switch and after,Nintendo Switch 2,"released on June 5, 2025 （Japan, U.S., Europe and other regions）",family,Europe,FY3/2026,440,4400000,
Nintendo Switch and after,Nintendo Switch 2,"released on June 5, 2025 （Japan, U.S., Europe and other regions）",family,Europe,LTD,440,4400000,
Nintendo Switch and after,Nintendo Switch 2,"released on June 5, 2025 （Japan, U.S., Europe and other regions）",family,Other,FY3/2026,306,3060000,
Nintendo Switch and after,Nintendo Switch 2,"released on June 5, 2025 （Japan, U.S., Europe and other regions）",family,Other,LTD,306,3060000,
Nintendo Switch and after,Nintendo Switch 2,"released on June 5, 2025 （Japan, U.S., Europe and other regions）",family,Total,FY3/2026,1986,19860000,
Nintendo Switch and after,Nintendo Switch 2,"released on June 5, 2025 （Japan, U.S., Europe and other regions）",family,Total,LTD,1986,19860000,
