company_id,line,period_start,period_end,duration,value_local,currency,printed_value,printed_units,metric_name_exact,source_id,source_url,source_sha256,publication_date,page_table,quote,role,grade,verified,notes
baidu,company_capex,2009-04-01,2009-06-30,3M,81700000,CNY,RMB81.7 million,RMB millions (rounded as printed),Capital expenditures,SRC-BAIDU-010,https://www.sec.gov/Archives/edgar/data/1329099/000095012309025030/h03526e6vk.htm,0bebdd6aefed28ee5c6fd3385df71cc3d21dfe101ebdce439db189174283291a,2009-07-24,Results release text (cash flow paragraph),"Net operating cash inflow and capital expenditures for the second quarter of 2009 were RMB519.1 million ($76.0 million) and RMB81.7 million ($12.0 million), respectively.",current,A,VERIFIED,"Narrative figure, rounded as printed."
baidu,company_capex,2009-07-01,2009-09-30,3M,129600000,CNY,RMB129.6 million,RMB millions (rounded as printed),Capital expenditures,SRC-BAIDU-013,https://www.sec.gov/Archives/edgar/data/1329099/000095012309053385/c91496e6vk.htm,a1840b522b0dea5788f0d3fad73f31fe5a738dfb10313afd853146eb1031a959,2009-10-27,Results release text (cash flow paragraph),"Net operating cash inflow and capital expenditures for the third quarter of 2009 were RMB733.9 million ($107.5 million) and RMB129.6 million ($19.0 million), respectively.",current,A,VERIFIED,"Narrative figure, rounded as printed."
baidu,company_capex,2009-01-01,2009-12-31,12M,399300000,CNY,RMB399.3 million,RMB millions (rounded as printed),Capital expenditures,SRC-BAIDU-015,https://www.sec.gov/Archives/edgar/data/1329099/000095012310010716/c95957e6vk.htm,23bcbdc5e32876d23f8a4e9f0f7e5481ee53bbedd2cae0ad058ef93f690390ad,2010-02-10,Results release text,"Full year net operating cash inflow and capital expenditures were RMB2.279 billion ($333.9 million) and RMB399.3 million ($58.5 million), respectively.",annual,A,VERIFIED,"Full-year narrative figure, rounded as printed."
baidu,company_capex,2009-10-01,2009-12-31,3M,146300000,CNY,RMB146.3 million,RMB millions (rounded as printed),Capital expenditures,SRC-BAIDU-015,https://www.sec.gov/Archives/edgar/data/1329099/000095012310010716/c95957e6vk.htm,23bcbdc5e32876d23f8a4e9f0f7e5481ee53bbedd2cae0ad058ef93f690390ad,2010-02-10,Results release text (cash flow paragraph),"Net operating cash inflow and capital expenditures for the fourth quarter of 2009 were RMB779.1 million ($114.1 million) and RMB146.3 million ($21.4 million), respectively.",current,A,VERIFIED,"Narrative figure, rounded as printed."
baidu,company_capex,2010-01-01,2010-03-31,3M,105300000,CNY,RMB105.3 million,RMB millions (rounded as printed),Capital expenditures,SRC-BAIDU-018,https://www.sec.gov/Archives/edgar/data/1329099/000095012310039926/c99904exv99w1.htm,30a2f99c9fa3ba26512815e7c37eca5333ea8a465e5be5b1af6073ec18fa46a3,2010-04-29,Results release text (cash flow paragraph),"Net operating cash inflow and capital expenditures for the first quarter of 2010 were RMB426.2 million ($62.4 million) and RMB105.3 million ($15.4 million), respectively.",current,A,VERIFIED,"Narrative figure, rounded as printed."
baidu,company_capex,2010-04-01,2010-06-30,3M,181600000,CNY,RMB181.6 million,RMB millions (rounded as printed),Capital expenditures,SRC-BAIDU-020,https://www.sec.gov/Archives/edgar/data/1329099/000095012310067501/c03699exv99w1.htm,48dc5dd77a01f737d4a626322db1eed9bba2f89e61eef42b5ac8532400afa189,2010-07-23,Results release text (cash flow paragraph),"Net operating cash inflow and capital expenditures for the second quarter of 2010 were RMB1.240 billion ($182.8 million) and RMB181.6 million ($26.8 million), respectively.",current,A,VERIFIED,"Narrative figure, rounded as printed."
baidu,company_capex,2010-07-01,2010-09-30,3M,246300000,CNY,RMB246.3 million,RMB millions (rounded as printed),Capital expenditures,SRC-BAIDU-022,https://www.sec.gov/Archives/edgar/data/1329099/000095012310095057/c07180exv99w1.htm,8c0ec02b3b1cd3dfd19072b010b01ad210294c1a9d44f15afc988bcd0da07b02,2010-10-22,Results release text (cash flow paragraph),"Net operating cash inflow and capital expenditures for the third quarter of 2010 were RMB1.265 billion ($189.0 million) and RMB246.3 million ($36.8 million), respectively.",current,A,VERIFIED,"Narrative figure, rounded as printed."
baidu,company_capex,2010-01-01,2010-12-31,12M,895300000,CNY,RMB895.3 million,RMB millions (rounded as printed),Capital expenditures,SRC-BAIDU-024,https://www.sec.gov/Archives/edgar/data/1329099/000095012311007541/c11696exv99w1.htm,377488edcf3a7110a196b2159a77dbdc7ba4e0debde00e9583c9859b6226813d,2011-02-01,Results release text,"Full year net operating cash inflow and capital expenditures were RMB 4.700 billion ($712.2 million) and RMB895.3 million ($135.7 million), respectively.",annual,A,VERIFIED,"Full-year narrative figure, rounded as printed."
baidu,company_capex,2010-10-01,2010-12-31,3M,362100000,CNY,RMB362.1 million,RMB millions (rounded as printed),Capital expenditures,SRC-BAIDU-024,https://www.sec.gov/Archives/edgar/data/1329099/000095012311007541/c11696exv99w1.htm,377488edcf3a7110a196b2159a77dbdc7ba4e0debde00e9583c9859b6226813d,2011-02-01,Results release text (cash flow paragraph),"Net operating cash inflow and capital expenditures for the fourth quarter of 2010 were RMB1.770 billion ($268.1 million) and RMB362.1 million ($54.9 million), respectively.",current,A,VERIFIED,"Narrative figure, rounded as printed."
baidu,company_capex,2011-01-01,2011-03-31,3M,386800000,CNY,RMB386.8 million,RMB millions (rounded as printed),Capital expenditures,SRC-BAIDU-027,https://www.sec.gov/Archives/edgar/data/1329099/000095012311041331/c16154exv99w1.htm,4677353b1f9a0c45555d20ee2900af3ab3a9b49a4c876528f751aef3a2b48cb6,2011-04-29,Results release text (cash flow paragraph),"Net operating cash inflow and capital expenditures for the first quarter of 2011 were RMB977.3 million ($149.2 million) and RMB386.8 million ($59.1 million), respectively.",current,A,VERIFIED,"Narrative figure, rounded as printed."
baidu,company_capex,2011-04-01,2011-06-30,3M,383700000,CNY,RMB383.7 million,RMB millions (rounded as printed),Capital expenditures,SRC-BAIDU-029,https://www.sec.gov/Archives/edgar/data/1329099/000119312511196840/dex991.htm,646ae440a75c67b0fe7b8a9f2bff0ea76b9c85e1dfb571bb70e67490b101601f,2011-07-26,Results release text (cash flow paragraph),"Net operating cash inflow and capital expenditures for the second quarter of 2011 were RMB2.08 billion ($322.2 million) and RMB383.7 million ($59.4 million), respectively.",current,A,VERIFIED,"Narrative figure, rounded as printed."
baidu,company_capex,2011-07-01,2011-09-30,3M,489900000,CNY,RMB489.9 million,RMB millions (rounded as printed),Capital expenditures,SRC-BAIDU-032,https://www.sec.gov/Archives/edgar/data/1329099/000119312511286188/d249084dex991.htm,ed220f0a7ba02f684824ab4754f312a7fde9a6e991e817396a188c715c4143c7,2011-10-28,Results release text (cash flow paragraph),"Net operating cash inflow and capital expenditures for the third quarter of 2011 were RMB1.761 billion ($276.1 million) and RMB489.9 million ($76.8 million), respectively.",current,A,VERIFIED,"Narrative figure, rounded as printed."
baidu,company_capex,2011-01-01,2011-12-31,12M,1762000000,CNY,RMB1.762 billion,RMB billions (rounded as printed),Capital expenditures,SRC-BAIDU-034,https://www.sec.gov/Archives/edgar/data/1329099/000119312512066226/d304001dex991.htm,ce3ed4a654989c2ddc2d6ec98b470c4f6d15711b39b28cfce9d7ff4dca451318,2012-02-17,Results release text,"Full year net operating cash inflow and capital expenditures were RMB 8.179 billion ($1.299 billion) and RMB1.762 billion ($280.0 million), respectively.",annual,A,VERIFIED,"Full-year narrative figure, rounded as printed."
baidu,company_capex,2011-10-01,2011-12-31,3M,501800000,CNY,RMB501.8 million,RMB millions (rounded as printed),Capital expenditures,SRC-BAIDU-034,https://www.sec.gov/Archives/edgar/data/1329099/000119312512066226/d304001dex991.htm,ce3ed4a654989c2ddc2d6ec98b470c4f6d15711b39b28cfce9d7ff4dca451318,2012-02-17,Results release text (cash flow paragraph),"Net operating cash inflow and capital expenditures for the fourth quarter of 2011 were RMB3.358 billion ($533.5 million) and RMB501.8 million ($79.7 million), respectively.",current,A,VERIFIED,"Narrative figure, rounded as printed."
baidu,company_capex,2012-01-01,2012-03-31,3M,298100000,CNY,RMB298.1 million,RMB millions (rounded as printed),Capital expenditures,SRC-BAIDU-038,https://www.sec.gov/Archives/edgar/data/1329099/000119312512181003/d340365dex991.htm,7f8b53f8b24a3a15c2a9787281a32bd465679a94ce41128c7ea40d11c7afa71a,2012-04-25,Results release text (cash flow paragraph),Capital expenditures for the first quarter of 2012 were RMB298.1 million ($47.3 million).,current,A,VERIFIED,"Narrative figure, rounded as printed."
baidu,company_capex,2012-04-01,2012-06-30,3M,722000000,CNY,RMB722.0 million,RMB millions (rounded as printed),Capital expenditures,SRC-BAIDU-040,https://www.sec.gov/Archives/edgar/data/1329099/000119312512311591/d384179dex991.htm,96d7aa1eaef9a0aa9c9807bf95792e9d2a0774ee27fcb99dcb3c9fc6bfc77242,2012-07-24,Results release text (cash flow paragraph),Capital expenditures for the second quarter of 2012 were RMB722.0 million ($113.7 million).,current,A,VERIFIED,"Narrative figure, rounded as printed."
baidu,company_capex,2012-07-01,2012-09-30,3M,504300000,CNY,RMB504.3 million,RMB millions (rounded as printed),Capital expenditures,SRC-BAIDU-042,https://www.sec.gov/Archives/edgar/data/1329099/000119312512443890/d431401dex991.htm,dc6fe2873db3883d53a4128d0021f63337aa6a84fa20d771f9c561c54941037b,2012-10-31,Results release text (cash flow paragraph),Capital expenditures for the third quarter of 2012 were RMB504.3 million ($80.2 million).,current,A,VERIFIED,"Narrative figure, rounded as printed."
baidu,company_capex,2012-01-01,2012-12-31,12M,2311000000,CNY,RMB2.311 billion,RMB billions (rounded as printed),Capital expenditures,SRC-BAIDU-044,https://www.sec.gov/Archives/edgar/data/1329099/000119312513038598/d480626dex991.htm,e754279437695c4aad5db3c59d427db487910e623c900b70b88f8e76c7c1e8b9,2013-02-05,Results release text,"Net operating cash inflow and capital expenditures in 2012 were RMB12.583 billion ($2.020 billion) and RMB2.311 billion ($370.9 million), respectively.",annual,A,VERIFIED,"Full-year narrative figure, rounded as printed."
baidu,company_capex,2012-10-01,2012-12-31,3M,786400000,CNY,RMB786.4 million,RMB millions (rounded as printed),Capital expenditures,SRC-BAIDU-044,https://www.sec.gov/Archives/edgar/data/1329099/000119312513038598/d480626dex991.htm,e754279437695c4aad5db3c59d427db487910e623c900b70b88f8e76c7c1e8b9,2013-02-05,Results release text (cash flow paragraph),"Net operating cash inflow and capital expenditures for the fourth quarter of 2012 were RMB3.396 billion ($545.1 million) and RMB786.4 million ($126.2 million), respectively.",current,A,VERIFIED,"Narrative figure, rounded as printed."
baidu,company_capex,2013-01-01,2013-03-31,3M,468200000,CNY,RMB468.2 million,RMB millions (rounded as printed),Capital expenditures,SRC-BAIDU-047,https://www.sec.gov/Archives/edgar/data/1329099/000119312513176051/d528654dex991.htm,25e52d4e5b1bce6a069f9732099556e56d965f9d347c99ec7097299be65c61b4,2013-04-26,Results release text (cash flow paragraph),Capital expenditures for the first quarter of 2013 were RMB 468.2 million ($75.4 million).,current,A,VERIFIED,"Narrative figure, rounded as printed."
baidu,company_capex,2013-04-01,2013-06-30,3M,547800000,CNY,RMB547.8 million,RMB millions (rounded as printed),Capital expenditures,SRC-BAIDU-049,https://www.sec.gov/Archives/edgar/data/1329099/000119312513302413/d575952dex991.htm,1c4807cc3faf45b2e3f13ee028c4e303472dbb0e7a1d3d27a47c74bc21e00cbf,2013-07-25,Results release text (cash flow paragraph),Capital expenditures for the second quarter of 2013 were RMB547.8million ($89.3 million).,current,A,VERIFIED,"Narrative figure, rounded as printed."
baidu,company_capex,2013-07-01,2013-09-30,3M,779600000,CNY,RMB779.6 million,RMB millions (rounded as printed),Capital expenditures,SRC-BAIDU-051,https://www.sec.gov/Archives/edgar/data/1329099/000119312513418242/d621323dex991.htm,c19e2010229d5fcca4a89f4e367794680bfc494b174ea06b1b15efb2641d21d8,2013-10-30,Results release text (cash flow paragraph),Capital expenditures for the third quarter of 2013 were RMB779.6 million ($127.4 million).,current,A,VERIFIED,"Narrative figure, rounded as printed."
baidu,company_capex,2013-10-01,2013-12-31,3M,961000000,CNY,RMB961.0 million,RMB millions (rounded as printed),Capital expenditures,SRC-BAIDU-053,https://www.sec.gov/Archives/edgar/data/1329099/000119312514072938/d684013dex991.htm,f7c96f26bce08a62809c179e3f1cb54a2e27d3b964d37d08c69e07aa9e8c9472,2014-02-27,Results release text (cash flow paragraph),Capital expenditures for the fourth quarter of 2013 were RMB 961.0 million ($158.7 million).,current,A,VERIFIED,"Narrative figure, rounded as printed."
baidu,company_capex,2014-01-01,2014-03-31,3M,1043000000,CNY,RMB1.043 billion,RMB billions (rounded as printed),Capital expenditures,SRC-BAIDU-056,https://www.sec.gov/Archives/edgar/data/1329099/000119312514158078/d717691dex991.htm,b856300c7247b63ed03def5c7ec4c915dd37b4fdc8578464240611b1e478f42f,2014-04-25,Results release text (cash flow paragraph),Capital expenditures for the first quarter of 2014 were RMB1.043 billion ($167.8 million).,current,A,VERIFIED,"Narrative figure, rounded as printed."
baidu,company_capex,2014-04-01,2014-06-30,3M,863700000,CNY,RMB863.7 million,RMB millions (rounded as printed),Capital expenditures,SRC-BAIDU-058,https://www.sec.gov/Archives/edgar/data/1329099/000119312514279798/d762371dex991.htm,88d05406ec8260b1ac2b2e88b1f5c171601da496a157ecf165ababc5efb6e125,2014-07-25,Results release text (cash flow paragraph),Capital expenditures for the second quarter of 2014 were RMB863.7 million ($139.2 million).,current,A,VERIFIED,"Narrative figure, rounded as printed."
baidu,company_capex,2014-07-01,2014-09-30,3M,1380000000,CNY,RMB1.380 billion,RMB billions (rounded as printed),Capital expenditures,SRC-BAIDU-060,https://www.sec.gov/Archives/edgar/data/1329099/000119312514390713/d813327dex991.htm,1337992bf403fad922384770def22b83ed89ba93792d1e087ee576a2019a8bc8,2014-10-31,Results release text (cash flow paragraph),Capital expenditures for the third quarter of 2014 were RMB1.380 billion ($224.8 million).,current,A,VERIFIED,"Narrative figure, rounded as printed."
baidu,company_capex,2014-01-01,2014-12-31,12M,4827000000,CNY,RMB4.827 billion,RMB billions (rounded as printed),Capital expenditures,SRC-BAIDU-062,https://www.sec.gov/Archives/edgar/data/1329099/000119312515045611/d873298dex991.htm,2da16f5832b496439c5fdb04e68f93319f70c175fdfd84621ca1b0cb9fbaff1f,2015-02-12,Results release text,Capital expenditures in 2014 were RMB4.827 billion ($778.0 million).,annual,A,VERIFIED,"Full-year narrative figure, rounded as printed."
baidu,company_capex,2014-10-01,2014-12-31,3M,1540000000,CNY,RMB1.540 billion,RMB billions (rounded as printed),Capital expenditures,SRC-BAIDU-062,https://www.sec.gov/Archives/edgar/data/1329099/000119312515045611/d873298dex991.htm,2da16f5832b496439c5fdb04e68f93319f70c175fdfd84621ca1b0cb9fbaff1f,2015-02-12,Results release text (cash flow paragraph),Capital expenditures for the fourth quarter of 2014 were RMB1.540 billion ($248.3 million).,current,A,VERIFIED,"Narrative figure, rounded as printed."
baidu,company_capex,2014-01-01,2014-03-31,3M,1042924000,CNY,"(1,042,924)",RMB thousands,Capital expenditures,SRC-BAIDU-065,https://www.sec.gov/Archives/edgar/data/1329099/000119312515159407/d919461dex991.htm,e11beb693fedaaee5d7db44c96a1f44db31cb943b4efa677ced434afac140db5,2015-04-30,"Reconciliation from net cash provided by operating activities to free cash flow, row 'Less: Capital expenditures'","Less: Capital expenditures | (1,042,924 | ) | -11 | % | (1,540,483 | ) | -11 | % | (1,021,341 | ) | -8 | %",prior_year_comparative,A,VERIFIED,Single consolidated row. Comparative column in a later release.
baidu,company_capex,2014-10-01,2014-12-31,3M,1540483000,CNY,"(1,540,483)",RMB thousands,Capital expenditures,SRC-BAIDU-065,https://www.sec.gov/Archives/edgar/data/1329099/000119312515159407/d919461dex991.htm,e11beb693fedaaee5d7db44c96a1f44db31cb943b4efa677ced434afac140db5,2015-04-30,"Reconciliation from net cash provided by operating activities to free cash flow, row 'Less: Capital expenditures'","Less: Capital expenditures | (1,042,924 | ) | -11 | % | (1,540,483 | ) | -11 | % | (1,021,341 | ) | -8 | %",previous_quarter_comparative,A,VERIFIED,Single consolidated row. Comparative column in a later release.
baidu,company_capex,2015-01-01,2015-03-31,3M,1021341000,CNY,"(1,021,341)",RMB thousands,Capital expenditures,SRC-BAIDU-065,https://www.sec.gov/Archives/edgar/data/1329099/000119312515159407/d919461dex991.htm,e11beb693fedaaee5d7db44c96a1f44db31cb943b4efa677ced434afac140db5,2015-04-30,"Reconciliation from net cash provided by operating activities to free cash flow, row 'Less: Capital expenditures'","Less: Capital expenditures | (1,042,924 | ) | -11 | % | (1,540,483 | ) | -11 | % | (1,021,341 | ) | -8 | %",current,A,VERIFIED,Single consolidated row.
baidu,company_capex,2014-04-01,2014-06-30,3M,863717000,CNY,"(863,717)",RMB thousands,Capital expenditures,SRC-BAIDU-067,https://www.sec.gov/Archives/edgar/data/1329099/000119312515264782/d90717dex991.htm,2a683aaa6172026075a0893f1c6fab27c23cf2193f1b68e05f58e0b0910b8135,2015-07-28,"Reconciliation from net cash provided by operating activities to free cash flow, row 'Less: Capital expenditures'","Less: Capital expenditures | (863,717 | ) | -7 | % | (1,021,341 | ) | -8 | % | (923,146 | ) | -6 | %",prior_year_comparative,A,VERIFIED,Single consolidated row. Comparative column in a later release.
baidu,company_capex,2015-01-01,2015-03-31,3M,1021341000,CNY,"(1,021,341)",RMB thousands,Capital expenditures,SRC-BAIDU-067,https://www.sec.gov/Archives/edgar/data/1329099/000119312515264782/d90717dex991.htm,2a683aaa6172026075a0893f1c6fab27c23cf2193f1b68e05f58e0b0910b8135,2015-07-28,"Reconciliation from net cash provided by operating activities to free cash flow, row 'Less: Capital expenditures'","Less: Capital expenditures | (863,717 | ) | -7 | % | (1,021,341 | ) | -8 | % | (923,146 | ) | -6 | %",previous_quarter_comparative,A,VERIFIED,Single consolidated row. Comparative column in a later release.
baidu,company_capex,2015-04-01,2015-06-30,3M,923146000,CNY,"(923,146)",RMB thousands,Capital expenditures,SRC-BAIDU-067,https://www.sec.gov/Archives/edgar/data/1329099/000119312515264782/d90717dex991.htm,2a683aaa6172026075a0893f1c6fab27c23cf2193f1b68e05f58e0b0910b8135,2015-07-28,"Reconciliation from net cash provided by operating activities to free cash flow, row 'Less: Capital expenditures'","Less: Capital expenditures | (863,717 | ) | -7 | % | (1,021,341 | ) | -8 | % | (923,146 | ) | -6 | %",current,A,VERIFIED,Single consolidated row.
baidu,company_capex,2014-07-01,2014-09-30,3M,1380039000,CNY,"(1,380,039)",RMB thousands,Capital expenditures,SRC-BAIDU-069,https://www.sec.gov/Archives/edgar/data/1329099/000119312515359040/d93806dex991.htm,8cf89def6b2f62607728262bf5f4d2e36ae335fa12c6032300370e128bd2bc70,2015-10-30,"Reconciliation from net cash provided by operating activities to free cash flow, row 'Less: Capital expenditures'","Less: Capital expenditures | (1,380,039 | ) | -10 | % | (923,146 | ) | -6 | % | (1,861,602 | ) | -10 | %",prior_year_comparative,A,VERIFIED,Single consolidated row. Comparative column in a later release.
baidu,company_capex,2015-04-01,2015-06-30,3M,923146000,CNY,"(923,146)",RMB thousands,Capital expenditures,SRC-BAIDU-069,https://www.sec.gov/Archives/edgar/data/1329099/000119312515359040/d93806dex991.htm,8cf89def6b2f62607728262bf5f4d2e36ae335fa12c6032300370e128bd2bc70,2015-10-30,"Reconciliation from net cash provided by operating activities to free cash flow, row 'Less: Capital expenditures'","Less: Capital expenditures | (1,380,039 | ) | -10 | % | (923,146 | ) | -6 | % | (1,861,602 | ) | -10 | %",previous_quarter_comparative,A,VERIFIED,Single consolidated row. Comparative column in a later release.
baidu,company_capex,2015-07-01,2015-09-30,3M,1861602000,CNY,"(1,861,602)",RMB thousands,Capital expenditures,SRC-BAIDU-069,https://www.sec.gov/Archives/edgar/data/1329099/000119312515359040/d93806dex991.htm,8cf89def6b2f62607728262bf5f4d2e36ae335fa12c6032300370e128bd2bc70,2015-10-30,"Reconciliation from net cash provided by operating activities to free cash flow, row 'Less: Capital expenditures'","Less: Capital expenditures | (1,380,039 | ) | -10 | % | (923,146 | ) | -6 | % | (1,861,602 | ) | -10 | %",current,A,VERIFIED,Single consolidated row.
baidu,company_capex,2014-10-01,2014-12-31,3M,1540483000,CNY,"(1,540,483)",RMB thousands,Capital expenditures,SRC-BAIDU-071,https://www.sec.gov/Archives/edgar/data/1329099/000119312516483453/d150275dex991.htm,06ba3e0ed8d92d8349674049bc95e889f8d7a62037f7dca33ceeea5eb5eee2e3,2016-02-29,"Reconciliation from net cash provided by operating activities to free cash flow, row 'Less: Capital expenditures'","Less: Capital expenditures | (1,540,483 | ) | -11 | % | (1,861,602 | ) | -10 | % | (1,423,527 | ) | -8 | % | (4,827,163 | ) | -10 | % | (5,229,616 | ) | -8 | %",prior_year_comparative,A,VERIFIED,Single consolidated row. Comparative column in a later release.
baidu,company_capex,2015-07-01,2015-09-30,3M,1861602000,CNY,"(1,861,602)",RMB thousands,Capital expenditures,SRC-BAIDU-071,https://www.sec.gov/Archives/edgar/data/1329099/000119312516483453/d150275dex991.htm,06ba3e0ed8d92d8349674049bc95e889f8d7a62037f7dca33ceeea5eb5eee2e3,2016-02-29,"Reconciliation from net cash provided by operating activities to free cash flow, row 'Less: Capital expenditures'","Less: Capital expenditures | (1,540,483 | ) | -11 | % | (1,861,602 | ) | -10 | % | (1,423,527 | ) | -8 | % | (4,827,163 | ) | -10 | % | (5,229,616 | ) | -8 | %",previous_quarter_comparative,A,VERIFIED,Single consolidated row. Comparative column in a later release.
baidu,company_capex,2015-10-01,2015-12-31,3M,1423527000,CNY,"(1,423,527)",RMB thousands,Capital expenditures,SRC-BAIDU-071,https://www.sec.gov/Archives/edgar/data/1329099/000119312516483453/d150275dex991.htm,06ba3e0ed8d92d8349674049bc95e889f8d7a62037f7dca33ceeea5eb5eee2e3,2016-02-29,"Reconciliation from net cash provided by operating activities to free cash flow, row 'Less: Capital expenditures'","Less: Capital expenditures | (1,540,483 | ) | -11 | % | (1,861,602 | ) | -10 | % | (1,423,527 | ) | -8 | % | (4,827,163 | ) | -10 | % | (5,229,616 | ) | -8 | %",current,A,VERIFIED,Single consolidated row.
baidu,company_capex,2015-01-01,2015-12-31,12M,5229616000,CNY,"(5,229,616)",RMB thousands,Capital expenditures,SRC-BAIDU-071,https://www.sec.gov/Archives/edgar/data/1329099/000119312516483453/d150275dex991.htm,06ba3e0ed8d92d8349674049bc95e889f8d7a62037f7dca33ceeea5eb5eee2e3,2016-02-29,"Free cash flow reconciliation, twelve months","Less: Capital expenditures | (1,540,483 | ) | -11 | % | (1,861,602 | ) | -10 | % | (1,423,527 | ) | -8 | % | (4,827,163 | ) | -10 | % | (5,229,616 | ) | -8 | %",annual,A,VERIFIED,Consolidated twelve-month figure.
baidu,company_capex,2015-01-01,2015-03-31,3M,1021341000,CNY,"(1,021,341)",RMB thousands,Capital expenditures,SRC-BAIDU-074,https://www.sec.gov/Archives/edgar/data/1329099/000119312516566317/d189550dex991.htm,dcdd6c41aa1a77e34cb3834361d20e38c9c43a986c469fbd3f7cf2e3c5fcbfbf,2016-04-29,"Reconciliation from net cash provided by operating activities to free cash flow, row 'Less: Capital expenditures'","Less: Capital expenditures | (1,021,341 | ) | -8 | % | (1,423,527 | ) | -8 | % | (825,565 | ) | -5 | %",prior_year_comparative,A,VERIFIED,Single consolidated row. Comparative column in a later release.
baidu,company_capex,2015-10-01,2015-12-31,3M,1423527000,CNY,"(1,423,527)",RMB thousands,Capital expenditures,SRC-BAIDU-074,https://www.sec.gov/Archives/edgar/data/1329099/000119312516566317/d189550dex991.htm,dcdd6c41aa1a77e34cb3834361d20e38c9c43a986c469fbd3f7cf2e3c5fcbfbf,2016-04-29,"Reconciliation from net cash provided by operating activities to free cash flow, row 'Less: Capital expenditures'","Less: Capital expenditures | (1,021,341 | ) | -8 | % | (1,423,527 | ) | -8 | % | (825,565 | ) | -5 | %",previous_quarter_comparative,A,VERIFIED,Single consolidated row. Comparative column in a later release.
baidu,company_capex,2016-01-01,2016-03-31,3M,825565000,CNY,"(825,565)",RMB thousands,Capital expenditures,SRC-BAIDU-074,https://www.sec.gov/Archives/edgar/data/1329099/000119312516566317/d189550dex991.htm,dcdd6c41aa1a77e34cb3834361d20e38c9c43a986c469fbd3f7cf2e3c5fcbfbf,2016-04-29,"Reconciliation from net cash provided by operating activities to free cash flow, row 'Less: Capital expenditures'","Less: Capital expenditures | (1,021,341 | ) | -8 | % | (1,423,527 | ) | -8 | % | (825,565 | ) | -5 | %",current,A,VERIFIED,Single consolidated row.
baidu,company_capex,2015-04-01,2015-06-30,3M,923146000,CNY,"(923,146)",RMB thousands,Capital expenditures,SRC-BAIDU-076,https://www.sec.gov/Archives/edgar/data/1329099/000119312516663214/d234869dex991.htm,70876a00ffffcc35e1e839a472a27c0e9da2f1768ae848345554b0ccbe23ea9a,2016-07-29,"Reconciliation from net cash provided by operating activities to free cash flow, row 'Less: Capital expenditures'","Less: Capital expenditures | (923,146 | ) | -6 | % | (825,565 | ) | -5 | % | (979,635 | ) | -5 | %",prior_year_comparative,A,VERIFIED,Single consolidated row. Comparative column in a later release.
baidu,company_capex,2016-01-01,2016-03-31,3M,825565000,CNY,"(825,565)",RMB thousands,Capital expenditures,SRC-BAIDU-076,https://www.sec.gov/Archives/edgar/data/1329099/000119312516663214/d234869dex991.htm,70876a00ffffcc35e1e839a472a27c0e9da2f1768ae848345554b0ccbe23ea9a,2016-07-29,"Reconciliation from net cash provided by operating activities to free cash flow, row 'Less: Capital expenditures'","Less: Capital expenditures | (923,146 | ) | -6 | % | (825,565 | ) | -5 | % | (979,635 | ) | -5 | %",previous_quarter_comparative,A,VERIFIED,Single consolidated row. Comparative column in a later release.
baidu,company_capex,2016-04-01,2016-06-30,3M,979635000,CNY,"(979,635)",RMB thousands,Capital expenditures,SRC-BAIDU-076,https://www.sec.gov/Archives/edgar/data/1329099/000119312516663214/d234869dex991.htm,70876a00ffffcc35e1e839a472a27c0e9da2f1768ae848345554b0ccbe23ea9a,2016-07-29,"Reconciliation from net cash provided by operating activities to free cash flow, row 'Less: Capital expenditures'","Less: Capital expenditures | (923,146 | ) | -6 | % | (825,565 | ) | -5 | % | (979,635 | ) | -5 | %",current,A,VERIFIED,Single consolidated row.
baidu,company_capex,2015-07-01,2015-09-30,3M,1861602000,CNY,"(1,861,602)",RMB thousands,Capital expenditures,SRC-BAIDU-078,https://www.sec.gov/Archives/edgar/data/1329099/000119312516750536/d280888dex991.htm,50e30cabfcd4a27b33239cba0d43021107feb5ed5cf1ed04669a49d75c42f026,2016-10-28,"Reconciliation from net cash provided by operating activities to free cash flow, row 'Less: Capital expenditures'","Less: Capital expenditures | (1,861,602 | ) | -10 | % | (979,635 | ) | -5 | % | (1,182,627 | ) | -6 | %",prior_year_comparative,A,VERIFIED,Single consolidated row. Comparative column in a later release.
baidu,company_capex,2016-04-01,2016-06-30,3M,979635000,CNY,"(979,635)",RMB thousands,Capital expenditures,SRC-BAIDU-078,https://www.sec.gov/Archives/edgar/data/1329099/000119312516750536/d280888dex991.htm,50e30cabfcd4a27b33239cba0d43021107feb5ed5cf1ed04669a49d75c42f026,2016-10-28,"Reconciliation from net cash provided by operating activities to free cash flow, row 'Less: Capital expenditures'","Less: Capital expenditures | (1,861,602 | ) | -10 | % | (979,635 | ) | -5 | % | (1,182,627 | ) | -6 | %",previous_quarter_comparative,A,VERIFIED,Single consolidated row. Comparative column in a later release.
baidu,company_capex,2016-07-01,2016-09-30,3M,1182627000,CNY,"(1,182,627)",RMB thousands,Capital expenditures,SRC-BAIDU-078,https://www.sec.gov/Archives/edgar/data/1329099/000119312516750536/d280888dex991.htm,50e30cabfcd4a27b33239cba0d43021107feb5ed5cf1ed04669a49d75c42f026,2016-10-28,"Reconciliation from net cash provided by operating activities to free cash flow, row 'Less: Capital expenditures'","Less: Capital expenditures | (1,861,602 | ) | -10 | % | (979,635 | ) | -5 | % | (1,182,627 | ) | -6 | %",current,A,VERIFIED,Single consolidated row.
baidu,company_capex,2015-10-01,2015-12-31,3M,1423527000,CNY,"(1,423,527)",RMB thousands,Capital expenditures,SRC-BAIDU-080,https://www.sec.gov/Archives/edgar/data/1329099/000119312517054855/d338344dex991.htm,791ac64eeb722c841e0c7076625fb98efee7599dd49056b66cf8bf944f24f181,2017-02-24,"Reconciliation from net cash provided by operating activities to free cash flow, row 'Less: Capital expenditures'","Less: Capital expenditures | (1,423,527 | ) | -8 | % | (1,182,627 | ) | -6 | % | (1,201,360 | ) | -7 | % | (5,229,616 | ) | -8 | % | (4,189,187 | ) | -6 | %",prior_year_comparative,A,VERIFIED,Single consolidated row. Comparative column in a later release.
baidu,company_capex,2016-07-01,2016-09-30,3M,1182627000,CNY,"(1,182,627)",RMB thousands,Capital expenditures,SRC-BAIDU-080,https://www.sec.gov/Archives/edgar/data/1329099/000119312517054855/d338344dex991.htm,791ac64eeb722c841e0c7076625fb98efee7599dd49056b66cf8bf944f24f181,2017-02-24,"Reconciliation from net cash provided by operating activities to free cash flow, row 'Less: Capital expenditures'","Less: Capital expenditures | (1,423,527 | ) | -8 | % | (1,182,627 | ) | -6 | % | (1,201,360 | ) | -7 | % | (5,229,616 | ) | -8 | % | (4,189,187 | ) | -6 | %",previous_quarter_comparative,A,VERIFIED,Single consolidated row. Comparative column in a later release.
baidu,company_capex,2016-10-01,2016-12-31,3M,1201360000,CNY,"(1,201,360)",RMB thousands,Capital expenditures,SRC-BAIDU-080,https://www.sec.gov/Archives/edgar/data/1329099/000119312517054855/d338344dex991.htm,791ac64eeb722c841e0c7076625fb98efee7599dd49056b66cf8bf944f24f181,2017-02-24,"Reconciliation from net cash provided by operating activities to free cash flow, row 'Less: Capital expenditures'","Less: Capital expenditures | (1,423,527 | ) | -8 | % | (1,182,627 | ) | -6 | % | (1,201,360 | ) | -7 | % | (5,229,616 | ) | -8 | % | (4,189,187 | ) | -6 | %",current,A,VERIFIED,Single consolidated row.
baidu,company_capex,2016-01-01,2016-12-31,12M,4189187000,CNY,"(4,189,187)",RMB thousands,Capital expenditures,SRC-BAIDU-080,https://www.sec.gov/Archives/edgar/data/1329099/000119312517054855/d338344dex991.htm,791ac64eeb722c841e0c7076625fb98efee7599dd49056b66cf8bf944f24f181,2017-02-24,"Free cash flow reconciliation, twelve months","Less: Capital expenditures | (1,423,527 | ) | -8 | % | (1,182,627 | ) | -6 | % | (1,201,360 | ) | -7 | % | (5,229,616 | ) | -8 | % | (4,189,187 | ) | -6 | %",annual,A,VERIFIED,Consolidated twelve-month figure.
baidu,company_capex,2016-01-01,2016-03-31,3M,825565000,CNY,"(825,565)",RMB thousands,Capital expenditures,SRC-BAIDU-083,https://www.sec.gov/Archives/edgar/data/1329099/000119312517145076/d388471dex991.htm,f6f545dd398609c015c04d1aa86f0451ca4827e673a6bcabb38dc03c305d72ea,2017-04-28,"Reconciliation from net cash provided by operating activities to free cash flow, row 'Less: Capital expenditures'","Less: Capital expenditures | (825,565 | ) | -5 | % | (1,201,360 | ) | -7 | % | (1,167,598 | ) | -7 | %",prior_year_comparative,A,VERIFIED,Single consolidated row. Comparative column in a later release.
baidu,company_capex,2016-10-01,2016-12-31,3M,1201360000,CNY,"(1,201,360)",RMB thousands,Capital expenditures,SRC-BAIDU-083,https://www.sec.gov/Archives/edgar/data/1329099/000119312517145076/d388471dex991.htm,f6f545dd398609c015c04d1aa86f0451ca4827e673a6bcabb38dc03c305d72ea,2017-04-28,"Reconciliation from net cash provided by operating activities to free cash flow, row 'Less: Capital expenditures'","Less: Capital expenditures | (825,565 | ) | -5 | % | (1,201,360 | ) | -7 | % | (1,167,598 | ) | -7 | %",previous_quarter_comparative,A,VERIFIED,Single consolidated row. Comparative column in a later release.
baidu,company_capex,2017-01-01,2017-03-31,3M,1167598000,CNY,"(1,167,598)",RMB thousands,Capital expenditures,SRC-BAIDU-083,https://www.sec.gov/Archives/edgar/data/1329099/000119312517145076/d388471dex991.htm,f6f545dd398609c015c04d1aa86f0451ca4827e673a6bcabb38dc03c305d72ea,2017-04-28,"Reconciliation from net cash provided by operating activities to free cash flow, row 'Less: Capital expenditures'","Less: Capital expenditures | (825,565 | ) | -5 | % | (1,201,360 | ) | -7 | % | (1,167,598 | ) | -7 | %",current,A,VERIFIED,Single consolidated row.
baidu,company_capex,2016-04-01,2016-06-30,3M,980000000,CNY,(980),RMB millions,Capital expenditures,SRC-BAIDU-085,https://www.sec.gov/Archives/edgar/data/1329099/000119312517239343/d432060dex991.htm,671d91e224f771fa575a090dfa378567f0792227f6ba770fab96943d98d31fd8,2017-07-28,"Reconciliation from net cash provided by operating activities to free cash flow, row 'Less: Capital expenditures'","Less: Capital expenditures | (980 | ) | -5 | % | (1,168 | ) | -7 | % | (1,125 | ) | -5 | %",prior_year_comparative,A,VERIFIED,Single consolidated row. Comparative column in a later release.
baidu,company_capex,2017-01-01,2017-03-31,3M,1168000000,CNY,"(1,168)",RMB millions,Capital expenditures,SRC-BAIDU-085,https://www.sec.gov/Archives/edgar/data/1329099/000119312517239343/d432060dex991.htm,671d91e224f771fa575a090dfa378567f0792227f6ba770fab96943d98d31fd8,2017-07-28,"Reconciliation from net cash provided by operating activities to free cash flow, row 'Less: Capital expenditures'","Less: Capital expenditures | (980 | ) | -5 | % | (1,168 | ) | -7 | % | (1,125 | ) | -5 | %",previous_quarter_comparative,A,VERIFIED,Single consolidated row. Comparative column in a later release.
baidu,company_capex,2017-04-01,2017-06-30,3M,1125000000,CNY,"(1,125)",RMB millions,Capital expenditures,SRC-BAIDU-085,https://www.sec.gov/Archives/edgar/data/1329099/000119312517239343/d432060dex991.htm,671d91e224f771fa575a090dfa378567f0792227f6ba770fab96943d98d31fd8,2017-07-28,"Reconciliation from net cash provided by operating activities to free cash flow, row 'Less: Capital expenditures'","Less: Capital expenditures | (980 | ) | -5 | % | (1,168 | ) | -7 | % | (1,125 | ) | -5 | %",current,A,VERIFIED,Single consolidated row.
baidu,company_capex,2016-07-01,2016-09-30,3M,1183000000,CNY,"(1,183)",RMB millions,Capital expenditures,SRC-BAIDU-087,https://www.sec.gov/Archives/edgar/data/1329099/000119312517323053/d465640dex991.htm,cf5c1e125297343de95a372bce8410fdaa450e086fd2d7d16d9cc1fc5f86ac8d,2017-10-27,"Reconciliation from net cash provided by operating activities to free cash flow, row 'Less: Capital expenditures'","Less: Capital expenditures | (1,183 | ) | -6 | % | (1,125 | ) | -5 | % | (1,297 | ) | -6 | %",prior_year_comparative,A,VERIFIED,Single consolidated row. Comparative column in a later release.
baidu,company_capex,2017-04-01,2017-06-30,3M,1125000000,CNY,"(1,125)",RMB millions,Capital expenditures,SRC-BAIDU-087,https://www.sec.gov/Archives/edgar/data/1329099/000119312517323053/d465640dex991.htm,cf5c1e125297343de95a372bce8410fdaa450e086fd2d7d16d9cc1fc5f86ac8d,2017-10-27,"Reconciliation from net cash provided by operating activities to free cash flow, row 'Less: Capital expenditures'","Less: Capital expenditures | (1,183 | ) | -6 | % | (1,125 | ) | -5 | % | (1,297 | ) | -6 | %",previous_quarter_comparative,A,VERIFIED,Single consolidated row. Comparative column in a later release.
baidu,company_capex,2017-07-01,2017-09-30,3M,1297000000,CNY,"(1,297)",RMB millions,Capital expenditures,SRC-BAIDU-087,https://www.sec.gov/Archives/edgar/data/1329099/000119312517323053/d465640dex991.htm,cf5c1e125297343de95a372bce8410fdaa450e086fd2d7d16d9cc1fc5f86ac8d,2017-10-27,"Reconciliation from net cash provided by operating activities to free cash flow, row 'Less: Capital expenditures'","Less: Capital expenditures | (1,183 | ) | -6 | % | (1,125 | ) | -5 | % | (1,297 | ) | -6 | %",current,A,VERIFIED,Single consolidated row.
baidu,company_capex,2016-10-01,2016-12-31,3M,1201000000,CNY,"(1,201)",RMB millions,Capital expenditures,SRC-BAIDU-089,https://www.sec.gov/Archives/edgar/data/1329099/000119312518043954/d454422dex991.htm,967052a8c17e41c7bfb93981ef12b35db27df2ce3d39ebf83dc325c8d05336aa,2018-02-14,"Reconciliation from net cash provided by operating activities to free cash flow, row 'Less: Capital expenditures'","Less: Capital expenditures | (1,201 | ) | -7 | % | (1,297 | ) | -6 | % | (1,188 | ) | -5 | % | (4,189 | ) | -6 | % | (4,779 | ) | -6 | %",prior_year_comparative,A,VERIFIED,Single consolidated row. Comparative column in a later release.
baidu,company_capex,2017-07-01,2017-09-30,3M,1297000000,CNY,"(1,297)",RMB millions,Capital expenditures,SRC-BAIDU-089,https://www.sec.gov/Archives/edgar/data/1329099/000119312518043954/d454422dex991.htm,967052a8c17e41c7bfb93981ef12b35db27df2ce3d39ebf83dc325c8d05336aa,2018-02-14,"Reconciliation from net cash provided by operating activities to free cash flow, row 'Less: Capital expenditures'","Less: Capital expenditures | (1,201 | ) | -7 | % | (1,297 | ) | -6 | % | (1,188 | ) | -5 | % | (4,189 | ) | -6 | % | (4,779 | ) | -6 | %",previous_quarter_comparative,A,VERIFIED,Single consolidated row. Comparative column in a later release.
baidu,company_capex,2017-10-01,2017-12-31,3M,1188000000,CNY,"(1,188)",RMB millions,Capital expenditures,SRC-BAIDU-089,https://www.sec.gov/Archives/edgar/data/1329099/000119312518043954/d454422dex991.htm,967052a8c17e41c7bfb93981ef12b35db27df2ce3d39ebf83dc325c8d05336aa,2018-02-14,"Reconciliation from net cash provided by operating activities to free cash flow, row 'Less: Capital expenditures'","Less: Capital expenditures | (1,201 | ) | -7 | % | (1,297 | ) | -6 | % | (1,188 | ) | -5 | % | (4,189 | ) | -6 | % | (4,779 | ) | -6 | %",current,A,VERIFIED,Single consolidated row.
baidu,company_capex,2017-01-01,2017-12-31,12M,4779000000,CNY,"(4,779)",RMB millions,Capital expenditures,SRC-BAIDU-089,https://www.sec.gov/Archives/edgar/data/1329099/000119312518043954/d454422dex991.htm,967052a8c17e41c7bfb93981ef12b35db27df2ce3d39ebf83dc325c8d05336aa,2018-02-14,"Free cash flow reconciliation, twelve months","Less: Capital expenditures | (1,201 | ) | -7 | % | (1,297 | ) | -6 | % | (1,188 | ) | -5 | % | (4,189 | ) | -6 | % | (4,779 | ) | -6 | %",annual,A,VERIFIED,Consolidated twelve-month figure.
baidu,company_capex,2018-01-01,2018-03-31,3M,2000000000,CNY,RMB2.0 billion,RMB billions (rounded as printed),Capital expenditures,SRC-BAIDU-092,https://www.sec.gov/Archives/edgar/data/1329099/000119312518140646/d579228dex991.htm,9a52112f0d3d2dfedac94fc879b2e0a81f1a0a1c8d23ea3e6e1a1d71bf69f664,2018-04-30,Results release text (cash flow paragraph),Net operating cash inflow was RMB 8.5 billion ($1.36 billion) and capital expenditures were RMB 2.0 billion ($314 million).,current,A,VERIFIED,"Narrative figure, rounded as printed."
baidu,company_capex,2018-04-01,2018-06-30,3M,1500000000,CNY,RMB1.5 billion,RMB billions (rounded as printed),Capital expenditures,SRC-BAIDU-094,https://www.sec.gov/Archives/edgar/data/1329099/000119312518238902/d591220dex991.htm,a3ad97d86ab7e276ca7832223b67f969332cd4348af9d58e2c2143563d15a687,2018-08-06,Results release text (cash flow paragraph),Net cash generated from operating activities was RMB 7.1 billion ($1.08 billion) and capital expenditures were RMB 1.5 billion ($227 million).,current,A,VERIFIED,"Narrative figure, rounded as printed."
baidu,company_capex,2017-07-01,2017-09-30,3M,1297000000,CNY,"(1,297)",RMB millions,Capital expenditures,SRC-BAIDU-096,https://www.sec.gov/Archives/edgar/data/1329099/000119312518317150/d648054dex991.htm,d60277a5b7d5fc490b7ffafded41b852bceb4b94ea1af554d3d293293c278583,2018-11-02,"Reconciliation from net cash provided by operating activities to free cash flow, row 'Less: Capital expenditures'","Less: Capital expenditures | (1,297 | ) | (1,505 | ) | (2,219 | )",prior_year_comparative,A,VERIFIED,Consolidated 'Baidu' row (Baidu Core and iQIYI shown separately). Comparative column in a later release.
baidu,company_capex,2018-04-01,2018-06-30,3M,1505000000,CNY,"(1,505)",RMB millions,Capital expenditures,SRC-BAIDU-096,https://www.sec.gov/Archives/edgar/data/1329099/000119312518317150/d648054dex991.htm,d60277a5b7d5fc490b7ffafded41b852bceb4b94ea1af554d3d293293c278583,2018-11-02,"Reconciliation from net cash provided by operating activities to free cash flow, row 'Less: Capital expenditures'","Less: Capital expenditures | (1,297 | ) | (1,505 | ) | (2,219 | )",previous_quarter_comparative,A,VERIFIED,Consolidated 'Baidu' row (Baidu Core and iQIYI shown separately). Comparative column in a later release.
baidu,company_capex,2018-07-01,2018-09-30,3M,2219000000,CNY,"(2,219)",RMB millions,Capital expenditures,SRC-BAIDU-096,https://www.sec.gov/Archives/edgar/data/1329099/000119312518317150/d648054dex991.htm,d60277a5b7d5fc490b7ffafded41b852bceb4b94ea1af554d3d293293c278583,2018-11-02,"Reconciliation from net cash provided by operating activities to free cash flow, row 'Less: Capital expenditures'","Less: Capital expenditures | (1,297 | ) | (1,505 | ) | (2,219 | )",current,A,VERIFIED,Consolidated 'Baidu' row (Baidu Core and iQIYI shown separately).
baidu,company_capex,2017-10-01,2017-12-31,3M,1188000000,CNY,"(1,188)",RMB millions,Capital expenditures,SRC-BAIDU-098,https://www.sec.gov/Archives/edgar/data/1329099/000119312519052807/d687379dex991.htm,9e10e3de8cab078c6e7e5673976a7d57ba1eb76f23fc763dff0933589516851a,2019-02-27,"Reconciliation from net cash provided by operating activities to free cash flow, row 'Less: Capital expenditures'","Less: Capital expenditures | (1,188 | ) | (2,219 | ) | (3,078 | ) | (448 | ) | (4,779 | ) | (8,772 | ) | (1,276 | )",prior_year_comparative,A,VERIFIED,Consolidated 'Baidu' row (Baidu Core and iQIYI shown separately). Comparative column in a later release.
baidu,company_capex,2018-07-01,2018-09-30,3M,2219000000,CNY,"(2,219)",RMB millions,Capital expenditures,SRC-BAIDU-098,https://www.sec.gov/Archives/edgar/data/1329099/000119312519052807/d687379dex991.htm,9e10e3de8cab078c6e7e5673976a7d57ba1eb76f23fc763dff0933589516851a,2019-02-27,"Reconciliation from net cash provided by operating activities to free cash flow, row 'Less: Capital expenditures'","Less: Capital expenditures | (1,188 | ) | (2,219 | ) | (3,078 | ) | (448 | ) | (4,779 | ) | (8,772 | ) | (1,276 | )",previous_quarter_comparative,A,VERIFIED,Consolidated 'Baidu' row (Baidu Core and iQIYI shown separately). Comparative column in a later release.
baidu,company_capex,2018-10-01,2018-12-31,3M,3078000000,CNY,"(3,078)",RMB millions,Capital expenditures,SRC-BAIDU-098,https://www.sec.gov/Archives/edgar/data/1329099/000119312519052807/d687379dex991.htm,9e10e3de8cab078c6e7e5673976a7d57ba1eb76f23fc763dff0933589516851a,2019-02-27,"Reconciliation from net cash provided by operating activities to free cash flow, row 'Less: Capital expenditures'","Less: Capital expenditures | (1,188 | ) | (2,219 | ) | (3,078 | ) | (448 | ) | (4,779 | ) | (8,772 | ) | (1,276 | )",current,A,VERIFIED,Consolidated 'Baidu' row (Baidu Core and iQIYI shown separately).
baidu,company_capex,2018-01-01,2018-12-31,12M,8772000000,CNY,"(8,772)",RMB millions,Capital expenditures,SRC-BAIDU-098,https://www.sec.gov/Archives/edgar/data/1329099/000119312519052807/d687379dex991.htm,9e10e3de8cab078c6e7e5673976a7d57ba1eb76f23fc763dff0933589516851a,2019-02-27,"Free cash flow reconciliation, twelve months","Less: Capital expenditures | (1,188 | ) | (2,219 | ) | (3,078 | ) | (448 | ) | (4,779 | ) | (8,772 | ) | (1,276 | )",annual,A,VERIFIED,Consolidated twelve-month figure.
baidu,company_capex,2018-01-01,2018-03-31,3M,1970000000,CNY,"(1,970)",RMB millions,Capital expenditures,SRC-BAIDU-101,https://www.sec.gov/Archives/edgar/data/1329099/000119312519152169/d727883dex991.htm,0bed33eff40a11e35d230fe0b8207f35a22a0c41257b79929effcfb793f3e426,2019-05-21,"Reconciliation from net cash provided by operating activities to free cash flow, row 'Less: Capital expenditures'","Less: Capital expenditures | (1,895 | ) | (75 | ) | (1,970 | ) | (2,900 | ) | (178 | ) | (3,078 | ) | (2,801 | ) | (172 | ) | (2,973 | ) | (417 | ) | (25 | ) | (442 | )",prior_year_comparative,A,VERIFIED,"Consolidated 'Baidu' column (third of Baidu Core, iQIYI, Baidu). Comparative column in a later release."
baidu,company_capex,2018-10-01,2018-12-31,3M,3078000000,CNY,"(3,078)",RMB millions,Capital expenditures,SRC-BAIDU-101,https://www.sec.gov/Archives/edgar/data/1329099/000119312519152169/d727883dex991.htm,0bed33eff40a11e35d230fe0b8207f35a22a0c41257b79929effcfb793f3e426,2019-05-21,"Reconciliation from net cash provided by operating activities to free cash flow, row 'Less: Capital expenditures'","Less: Capital expenditures | (1,895 | ) | (75 | ) | (1,970 | ) | (2,900 | ) | (178 | ) | (3,078 | ) | (2,801 | ) | (172 | ) | (2,973 | ) | (417 | ) | (25 | ) | (442 | )",previous_quarter_comparative,A,VERIFIED,"Consolidated 'Baidu' column (third of Baidu Core, iQIYI, Baidu). Comparative column in a later release."
baidu,company_capex,2019-01-01,2019-03-31,3M,2973000000,CNY,"(2,973)",RMB millions,Capital expenditures,SRC-BAIDU-101,https://www.sec.gov/Archives/edgar/data/1329099/000119312519152169/d727883dex991.htm,0bed33eff40a11e35d230fe0b8207f35a22a0c41257b79929effcfb793f3e426,2019-05-21,"Reconciliation from net cash provided by operating activities to free cash flow, row 'Less: Capital expenditures'","Less: Capital expenditures | (1,895 | ) | (75 | ) | (1,970 | ) | (2,900 | ) | (178 | ) | (3,078 | ) | (2,801 | ) | (172 | ) | (2,973 | ) | (417 | ) | (25 | ) | (442 | )",current,A,VERIFIED,"Consolidated 'Baidu' column (third of Baidu Core, iQIYI, Baidu)."
baidu,company_capex,2018-04-01,2018-06-30,3M,1505000000,CNY,"(1,505)",RMB millions,Capital expenditures,SRC-BAIDU-103,https://www.sec.gov/Archives/edgar/data/1329099/000119312519226398/d691391dex991.htm,17ea75b60e173bef9fd67f1d6ac9d76c38a5d4c02b73281e5ba12bc680656a20,2019-08-22,"Reconciliation from net cash provided by operating activities to free cash flow, row 'Less: Capital expenditures'","Less: Capital expenditures | (1,339 | ) | (166 | ) | (1,505 | ) | (2,801 | ) | (172 | ) | (2,973 | ) | (1,204 | ) | (155 | ) | (1,359 | ) | (175 | ) | (23 | ) | (198 | )",prior_year_comparative,A,VERIFIED,"Consolidated 'Baidu' column (third of Baidu Core, iQIYI, Baidu). Comparative column in a later release."
baidu,company_capex,2019-01-01,2019-03-31,3M,2973000000,CNY,"(2,973)",RMB millions,Capital expenditures,SRC-BAIDU-103,https://www.sec.gov/Archives/edgar/data/1329099/000119312519226398/d691391dex991.htm,17ea75b60e173bef9fd67f1d6ac9d76c38a5d4c02b73281e5ba12bc680656a20,2019-08-22,"Reconciliation from net cash provided by operating activities to free cash flow, row 'Less: Capital expenditures'","Less: Capital expenditures | (1,339 | ) | (166 | ) | (1,505 | ) | (2,801 | ) | (172 | ) | (2,973 | ) | (1,204 | ) | (155 | ) | (1,359 | ) | (175 | ) | (23 | ) | (198 | )",previous_quarter_comparative,A,VERIFIED,"Consolidated 'Baidu' column (third of Baidu Core, iQIYI, Baidu). Comparative column in a later release."
baidu,company_capex,2019-04-01,2019-06-30,3M,1359000000,CNY,"(1,359)",RMB millions,Capital expenditures,SRC-BAIDU-103,https://www.sec.gov/Archives/edgar/data/1329099/000119312519226398/d691391dex991.htm,17ea75b60e173bef9fd67f1d6ac9d76c38a5d4c02b73281e5ba12bc680656a20,2019-08-22,"Reconciliation from net cash provided by operating activities to free cash flow, row 'Less: Capital expenditures'","Less: Capital expenditures | (1,339 | ) | (166 | ) | (1,505 | ) | (2,801 | ) | (172 | ) | (2,973 | ) | (1,204 | ) | (155 | ) | (1,359 | ) | (175 | ) | (23 | ) | (198 | )",current,A,VERIFIED,"Consolidated 'Baidu' column (third of Baidu Core, iQIYI, Baidu)."
baidu,company_capex,2018-07-01,2018-09-30,3M,2219000000,CNY,"(2,219)",RMB millions,Capital expenditures,SRC-BAIDU-105,https://www.sec.gov/Archives/edgar/data/1329099/000119312519290462/d827580dex991.htm,dc601a1416462d72c37c772e040cbd71283b5b563d90e577cc91b7d40263da1c,2019-11-13,"Reconciliation from net cash provided by operating activities to free cash flow, row 'Less: Capital expenditures'","Less: Capital expenditures | (2,026 | ) | (193 | ) | (2,219 | ) | (1,204 | ) | (155 | ) | (1,359 | ) | (1,031 | ) | (181 | ) | (1,212 | ) | (145 | ) | (25 | ) | (170 | )",prior_year_comparative,A,VERIFIED,"Consolidated 'Baidu' column (third of Baidu Core, iQIYI, Baidu). Comparative column in a later release."
baidu,company_capex,2019-04-01,2019-06-30,3M,1359000000,CNY,"(1,359)",RMB millions,Capital expenditures,SRC-BAIDU-105,https://www.sec.gov/Archives/edgar/data/1329099/000119312519290462/d827580dex991.htm,dc601a1416462d72c37c772e040cbd71283b5b563d90e577cc91b7d40263da1c,2019-11-13,"Reconciliation from net cash provided by operating activities to free cash flow, row 'Less: Capital expenditures'","Less: Capital expenditures | (2,026 | ) | (193 | ) | (2,219 | ) | (1,204 | ) | (155 | ) | (1,359 | ) | (1,031 | ) | (181 | ) | (1,212 | ) | (145 | ) | (25 | ) | (170 | )",previous_quarter_comparative,A,VERIFIED,"Consolidated 'Baidu' column (third of Baidu Core, iQIYI, Baidu). Comparative column in a later release."
baidu,company_capex,2019-07-01,2019-09-30,3M,1212000000,CNY,"(1,212)",RMB millions,Capital expenditures,SRC-BAIDU-105,https://www.sec.gov/Archives/edgar/data/1329099/000119312519290462/d827580dex991.htm,dc601a1416462d72c37c772e040cbd71283b5b563d90e577cc91b7d40263da1c,2019-11-13,"Reconciliation from net cash provided by operating activities to free cash flow, row 'Less: Capital expenditures'","Less: Capital expenditures | (2,026 | ) | (193 | ) | (2,219 | ) | (1,204 | ) | (155 | ) | (1,359 | ) | (1,031 | ) | (181 | ) | (1,212 | ) | (145 | ) | (25 | ) | (170 | )",current,A,VERIFIED,"Consolidated 'Baidu' column (third of Baidu Core, iQIYI, Baidu)."
baidu,company_capex,2018-10-01,2018-12-31,3M,3078000000,CNY,"(3,078)",RMB millions,Capital expenditures,SRC-BAIDU-107,https://www.sec.gov/Archives/edgar/data/1329099/000119312520061595/d867300dex991.htm,79095f279a16be148d9fd4e6c970b771d4f3b777a42ec39fd69f44f25fc0e126,2020-03-04,"Reconciliation from net cash provided by operating activities to free cash flow, row 'Less: Capital expenditures'","Less: Capital expenditures | (2,900 | ) | (178 | ) | (3,078 | ) | (1,031 | ) | (181 | ) | (1,212 | ) | (652 | ) | (232 | ) | (884 | ) | (94 | ) | (33 | ) | (127 | )",prior_year_comparative,A,VERIFIED,"Consolidated 'Baidu' column (third of Baidu Core, iQIYI, Baidu). Comparative column in a later release."
baidu,company_capex,2019-07-01,2019-09-30,3M,1212000000,CNY,"(1,212)",RMB millions,Capital expenditures,SRC-BAIDU-107,https://www.sec.gov/Archives/edgar/data/1329099/000119312520061595/d867300dex991.htm,79095f279a16be148d9fd4e6c970b771d4f3b777a42ec39fd69f44f25fc0e126,2020-03-04,"Reconciliation from net cash provided by operating activities to free cash flow, row 'Less: Capital expenditures'","Less: Capital expenditures | (2,900 | ) | (178 | ) | (3,078 | ) | (1,031 | ) | (181 | ) | (1,212 | ) | (652 | ) | (232 | ) | (884 | ) | (94 | ) | (33 | ) | (127 | )",previous_quarter_comparative,A,VERIFIED,"Consolidated 'Baidu' column (third of Baidu Core, iQIYI, Baidu). Comparative column in a later release."
baidu,company_capex,2019-10-01,2019-12-31,3M,884000000,CNY,(884),RMB millions,Capital expenditures,SRC-BAIDU-107,https://www.sec.gov/Archives/edgar/data/1329099/000119312520061595/d867300dex991.htm,79095f279a16be148d9fd4e6c970b771d4f3b777a42ec39fd69f44f25fc0e126,2020-03-04,"Reconciliation from net cash provided by operating activities to free cash flow, row 'Less: Capital expenditures'","Less: Capital expenditures | (2,900 | ) | (178 | ) | (3,078 | ) | (1,031 | ) | (181 | ) | (1,212 | ) | (652 | ) | (232 | ) | (884 | ) | (94 | ) | (33 | ) | (127 | )",current,A,VERIFIED,"Consolidated 'Baidu' column (third of Baidu Core, iQIYI, Baidu)."
baidu,company_capex,2019-01-01,2019-12-31,12M,6428000000,CNY,"(6,428)",RMB millions,Capital expenditures,SRC-BAIDU-107,https://www.sec.gov/Archives/edgar/data/1329099/000119312520061595/d867300dex991.htm,79095f279a16be148d9fd4e6c970b771d4f3b777a42ec39fd69f44f25fc0e126,2020-03-04,"Free cash flow reconciliation, twelve months","Less: Capital expenditures | (8,160 | ) | (612 | ) | (8,772 | ) | (5,688 | ) | (740 | ) | (6,428 | ) | (817 | ) | (106 | ) | (923 | )",annual,A,VERIFIED,Consolidated twelve-month figure.
baidu,company_capex,2019-01-01,2019-03-31,3M,2973000000,CNY,"(2,973)",RMB millions,Capital expenditures,SRC-BAIDU-110,https://www.sec.gov/Archives/edgar/data/1329099/000119312520146636/d927979dex991.htm,1182024a67fc1b5d121d8610af41f9b0a4b8fbc5235505df4acadb5e9c2aa601,2020-05-20,"Reconciliation from net cash provided by operating activities to free cash flow, row 'Less: Capital expenditures'","Less: Capital expenditures | (2,801 | ) | (172 | ) | (2,973 | ) | (652 | ) | (232 | ) | (884 | ) | (478 | ) | (67 | ) | (545 | ) | (68 | ) | (9 | ) | (77 | )",prior_year_comparative,A,VERIFIED,"Consolidated 'Baidu' column (third of Baidu Core, iQIYI, Baidu). Comparative column in a later release."
baidu,company_capex,2019-10-01,2019-12-31,3M,884000000,CNY,(884),RMB millions,Capital expenditures,SRC-BAIDU-110,https://www.sec.gov/Archives/edgar/data/1329099/000119312520146636/d927979dex991.htm,1182024a67fc1b5d121d8610af41f9b0a4b8fbc5235505df4acadb5e9c2aa601,2020-05-20,"Reconciliation from net cash provided by operating activities to free cash flow, row 'Less: Capital expenditures'","Less: Capital expenditures | (2,801 | ) | (172 | ) | (2,973 | ) | (652 | ) | (232 | ) | (884 | ) | (478 | ) | (67 | ) | (545 | ) | (68 | ) | (9 | ) | (77 | )",previous_quarter_comparative,A,VERIFIED,"Consolidated 'Baidu' column (third of Baidu Core, iQIYI, Baidu). Comparative column in a later release."
baidu,company_capex,2020-01-01,2020-03-31,3M,545000000,CNY,(545),RMB millions,Capital expenditures,SRC-BAIDU-110,https://www.sec.gov/Archives/edgar/data/1329099/000119312520146636/d927979dex991.htm,1182024a67fc1b5d121d8610af41f9b0a4b8fbc5235505df4acadb5e9c2aa601,2020-05-20,"Reconciliation from net cash provided by operating activities to free cash flow, row 'Less: Capital expenditures'","Less: Capital expenditures | (2,801 | ) | (172 | ) | (2,973 | ) | (652 | ) | (232 | ) | (884 | ) | (478 | ) | (67 | ) | (545 | ) | (68 | ) | (9 | ) | (77 | )",current,A,VERIFIED,"Consolidated 'Baidu' column (third of Baidu Core, iQIYI, Baidu)."
baidu,company_capex,2019-04-01,2019-06-30,3M,1359000000,CNY,"(1,359)",RMB millions,Capital expenditures,SRC-BAIDU-112,https://www.sec.gov/Archives/edgar/data/1329099/000119312520222418/d82228dex991.htm,65d1068c77f6cf3057304588c7d426da7aeb32b66c10565babc951e65283e30e,2020-08-17,"Reconciliation from net cash provided by operating activities to free cash flow, row 'Less: Capital expenditures'","Less: Capital expenditures | (1,204 | ) | (155 | ) | (1,359 | ) | (478 | ) | (67 | ) | (545 | ) | (797 | ) | (57 | ) | (854 | ) | (113 | ) | (8 | ) | (121 | )",prior_year_comparative,A,VERIFIED,"Consolidated 'Baidu' column (third of Baidu Core, iQIYI, Baidu). Comparative column in a later release."
baidu,company_capex,2020-01-01,2020-03-31,3M,545000000,CNY,(545),RMB millions,Capital expenditures,SRC-BAIDU-112,https://www.sec.gov/Archives/edgar/data/1329099/000119312520222418/d82228dex991.htm,65d1068c77f6cf3057304588c7d426da7aeb32b66c10565babc951e65283e30e,2020-08-17,"Reconciliation from net cash provided by operating activities to free cash flow, row 'Less: Capital expenditures'","Less: Capital expenditures | (1,204 | ) | (155 | ) | (1,359 | ) | (478 | ) | (67 | ) | (545 | ) | (797 | ) | (57 | ) | (854 | ) | (113 | ) | (8 | ) | (121 | )",previous_quarter_comparative,A,VERIFIED,"Consolidated 'Baidu' column (third of Baidu Core, iQIYI, Baidu). Comparative column in a later release."
baidu,company_capex,2020-04-01,2020-06-30,3M,854000000,CNY,(854),RMB millions,Capital expenditures,SRC-BAIDU-112,https://www.sec.gov/Archives/edgar/data/1329099/000119312520222418/d82228dex991.htm,65d1068c77f6cf3057304588c7d426da7aeb32b66c10565babc951e65283e30e,2020-08-17,"Reconciliation from net cash provided by operating activities to free cash flow, row 'Less: Capital expenditures'","Less: Capital expenditures | (1,204 | ) | (155 | ) | (1,359 | ) | (478 | ) | (67 | ) | (545 | ) | (797 | ) | (57 | ) | (854 | ) | (113 | ) | (8 | ) | (121 | )",current,A,VERIFIED,"Consolidated 'Baidu' column (third of Baidu Core, iQIYI, Baidu)."
baidu,company_capex,2019-07-01,2019-09-30,3M,1212000000,CNY,"(1,212)",RMB millions,Capital expenditures,SRC-BAIDU-114,https://www.sec.gov/Archives/edgar/data/1329099/000119312520295510/d74916dex991.htm,02bab6e8a7cc50d8cc31d79eb4796c1efd058e68dff12f09f26293e8957ad60a,2020-11-17,"Reconciliation from net cash provided by operating activities to free cash flow, row 'Less: Capital expenditures'","Less: Capital expenditures | (1,031 | ) | (181 | ) | (1,212 | ) | (797 | ) | (57 | ) | (854 | ) | (1,417 | ) | (90 | ) | (1,507 | ) | (209 | ) | (13 | ) | (222 | )",prior_year_comparative,A,VERIFIED,"Consolidated 'Baidu' column (third of Baidu Core, iQIYI, Baidu). Comparative column in a later release."
baidu,company_capex,2020-04-01,2020-06-30,3M,854000000,CNY,(854),RMB millions,Capital expenditures,SRC-BAIDU-114,https://www.sec.gov/Archives/edgar/data/1329099/000119312520295510/d74916dex991.htm,02bab6e8a7cc50d8cc31d79eb4796c1efd058e68dff12f09f26293e8957ad60a,2020-11-17,"Reconciliation from net cash provided by operating activities to free cash flow, row 'Less: Capital expenditures'","Less: Capital expenditures | (1,031 | ) | (181 | ) | (1,212 | ) | (797 | ) | (57 | ) | (854 | ) | (1,417 | ) | (90 | ) | (1,507 | ) | (209 | ) | (13 | ) | (222 | )",previous_quarter_comparative,A,VERIFIED,"Consolidated 'Baidu' column (third of Baidu Core, iQIYI, Baidu). Comparative column in a later release."
baidu,company_capex,2020-07-01,2020-09-30,3M,1507000000,CNY,"(1,507)",RMB millions,Capital expenditures,SRC-BAIDU-114,https://www.sec.gov/Archives/edgar/data/1329099/000119312520295510/d74916dex991.htm,02bab6e8a7cc50d8cc31d79eb4796c1efd058e68dff12f09f26293e8957ad60a,2020-11-17,"Reconciliation from net cash provided by operating activities to free cash flow, row 'Less: Capital expenditures'","Less: Capital expenditures | (1,031 | ) | (181 | ) | (1,212 | ) | (797 | ) | (57 | ) | (854 | ) | (1,417 | ) | (90 | ) | (1,507 | ) | (209 | ) | (13 | ) | (222 | )",current,A,VERIFIED,"Consolidated 'Baidu' column (third of Baidu Core, iQIYI, Baidu)."
baidu,company_capex,2020-01-01,2020-03-31,3M,545000000,CNY,(545),RMB millions,Capital expenditures,SRC-BAIDU-119,https://www.sec.gov/Archives/edgar/data/1329099/000119312521167243/d184935dex991.htm,c4377c5b3e35868acf088350840fae5ffc51d666ae09df981468fb8f9aec265e,2021-05-20,"Reconciliation from net cash provided by operating activities to free cash flow, row 'Less: Capital expenditures'","Less: Capital expenditures | (478 | ) | (67 | ) | (545 | ) | (2,151 | ) | (27 | ) | (2,178 | ) | (1,438 | ) | (61 | ) | (1,499 | ) | (219 | ) | (9 | ) | (228 | )",prior_year_comparative,A,VERIFIED,"Consolidated 'Baidu' column (third of Baidu Core, iQIYI, Baidu). Comparative column in a later release."
baidu,company_capex,2020-10-01,2020-12-31,3M,2178000000,CNY,"(2,178)",RMB millions,Capital expenditures,SRC-BAIDU-119,https://www.sec.gov/Archives/edgar/data/1329099/000119312521167243/d184935dex991.htm,c4377c5b3e35868acf088350840fae5ffc51d666ae09df981468fb8f9aec265e,2021-05-20,"Reconciliation from net cash provided by operating activities to free cash flow, row 'Less: Capital expenditures'","Less: Capital expenditures | (478 | ) | (67 | ) | (545 | ) | (2,151 | ) | (27 | ) | (2,178 | ) | (1,438 | ) | (61 | ) | (1,499 | ) | (219 | ) | (9 | ) | (228 | )",previous_quarter_comparative,A,VERIFIED,"Consolidated 'Baidu' column (third of Baidu Core, iQIYI, Baidu). Comparative column in a later release."
baidu,company_capex,2021-01-01,2021-03-31,3M,1499000000,CNY,"(1,499)",RMB millions,Capital expenditures,SRC-BAIDU-119,https://www.sec.gov/Archives/edgar/data/1329099/000119312521167243/d184935dex991.htm,c4377c5b3e35868acf088350840fae5ffc51d666ae09df981468fb8f9aec265e,2021-05-20,"Reconciliation from net cash provided by operating activities to free cash flow, row 'Less: Capital expenditures'","Less: Capital expenditures | (478 | ) | (67 | ) | (545 | ) | (2,151 | ) | (27 | ) | (2,178 | ) | (1,438 | ) | (61 | ) | (1,499 | ) | (219 | ) | (9 | ) | (228 | )",current,A,VERIFIED,"Consolidated 'Baidu' column (third of Baidu Core, iQIYI, Baidu)."
baidu,company_capex,2020-04-01,2020-06-30,3M,854000000,CNY,(854),RMB millions,Capital expenditures,SRC-BAIDU-121,https://www.sec.gov/Archives/edgar/data/1329099/000119312521245436/d175957dex991.htm,9af97cc8c57fec06cd8a088937f4ef620ff288c7db7f64620ca2e4550acc4760,2021-08-13,"Reconciliation from net cash provided by operating activities to free cash flow, row 'Less: Capital expenditures'","Less: Capital expenditures | (797 | ) | (57 | ) | (854 | ) | (1,438 | ) | (61 | ) | (1,499 | ) | (2,435 | ) | (61 | ) | (2,496 | ) | (377 | ) | (9 | ) | (386 | )",prior_year_comparative,A,VERIFIED,"Consolidated 'Baidu' column (third of Baidu Core, iQIYI, Baidu). Comparative column in a later release."
baidu,company_capex,2021-01-01,2021-03-31,3M,1499000000,CNY,"(1,499)",RMB millions,Capital expenditures,SRC-BAIDU-121,https://www.sec.gov/Archives/edgar/data/1329099/000119312521245436/d175957dex991.htm,9af97cc8c57fec06cd8a088937f4ef620ff288c7db7f64620ca2e4550acc4760,2021-08-13,"Reconciliation from net cash provided by operating activities to free cash flow, row 'Less: Capital expenditures'","Less: Capital expenditures | (797 | ) | (57 | ) | (854 | ) | (1,438 | ) | (61 | ) | (1,499 | ) | (2,435 | ) | (61 | ) | (2,496 | ) | (377 | ) | (9 | ) | (386 | )",previous_quarter_comparative,A,VERIFIED,"Consolidated 'Baidu' column (third of Baidu Core, iQIYI, Baidu). Comparative column in a later release."
baidu,company_capex,2021-04-01,2021-06-30,3M,2496000000,CNY,"(2,496)",RMB millions,Capital expenditures,SRC-BAIDU-121,https://www.sec.gov/Archives/edgar/data/1329099/000119312521245436/d175957dex991.htm,9af97cc8c57fec06cd8a088937f4ef620ff288c7db7f64620ca2e4550acc4760,2021-08-13,"Reconciliation from net cash provided by operating activities to free cash flow, row 'Less: Capital expenditures'","Less: Capital expenditures | (797 | ) | (57 | ) | (854 | ) | (1,438 | ) | (61 | ) | (1,499 | ) | (2,435 | ) | (61 | ) | (2,496 | ) | (377 | ) | (9 | ) | (386 | )",current,A,VERIFIED,"Consolidated 'Baidu' column (third of Baidu Core, iQIYI, Baidu)."
baidu,company_capex,2020-07-01,2020-09-30,3M,1507000000,CNY,"(1,507)",RMB millions,Capital expenditures,SRC-BAIDU-123,https://www.sec.gov/Archives/edgar/data/1329099/000119312521333786/d178822dex991.htm,0b20aa2aa2f82ef2bb8c0adbca475996ceeef2246bb259609b9ba2c122dcdd70,2021-11-18,"Reconciliation from net cash provided by operating activities to free cash flow, row 'Less: Capital expenditures'","Less: Capital expenditures | (1,417 | ) | (90 | ) | (1,507 | ) | (2,435 | ) | (61 | ) | (2,496 | ) | (2,548 | ) | (116 | ) | (2,664 | ) | (395 | ) | (18 | ) | (413 | )",prior_year_comparative,A,VERIFIED,"Consolidated 'Baidu' column (third of Baidu Core, iQIYI, Baidu). Comparative column in a later release."
baidu,company_capex,2021-04-01,2021-06-30,3M,2496000000,CNY,"(2,496)",RMB millions,Capital expenditures,SRC-BAIDU-123,https://www.sec.gov/Archives/edgar/data/1329099/000119312521333786/d178822dex991.htm,0b20aa2aa2f82ef2bb8c0adbca475996ceeef2246bb259609b9ba2c122dcdd70,2021-11-18,"Reconciliation from net cash provided by operating activities to free cash flow, row 'Less: Capital expenditures'","Less: Capital expenditures | (1,417 | ) | (90 | ) | (1,507 | ) | (2,435 | ) | (61 | ) | (2,496 | ) | (2,548 | ) | (116 | ) | (2,664 | ) | (395 | ) | (18 | ) | (413 | )",previous_quarter_comparative,A,VERIFIED,"Consolidated 'Baidu' column (third of Baidu Core, iQIYI, Baidu). Comparative column in a later release."
baidu,company_capex,2021-07-01,2021-09-30,3M,2664000000,CNY,"(2,664)",RMB millions,Capital expenditures,SRC-BAIDU-123,https://www.sec.gov/Archives/edgar/data/1329099/000119312521333786/d178822dex991.htm,0b20aa2aa2f82ef2bb8c0adbca475996ceeef2246bb259609b9ba2c122dcdd70,2021-11-18,"Reconciliation from net cash provided by operating activities to free cash flow, row 'Less: Capital expenditures'","Less: Capital expenditures | (1,417 | ) | (90 | ) | (1,507 | ) | (2,435 | ) | (61 | ) | (2,496 | ) | (2,548 | ) | (116 | ) | (2,664 | ) | (395 | ) | (18 | ) | (413 | )",current,A,VERIFIED,"Consolidated 'Baidu' column (third of Baidu Core, iQIYI, Baidu)."
baidu,company_capex,2020-10-01,2020-12-31,3M,2178000000,CNY,"(2,178)",RMB millions,Capital expenditures,SRC-BAIDU-125,https://www.sec.gov/Archives/edgar/data/1329099/000119312522061674/d314882dex991.htm,b3057800140d4c72049ee58537ff828e012dd2ff7b4dc8df6c11d0a0953a5f20,2022-03-01,"Reconciliation from net cash provided by operating activities to free cash flow, row 'Less: Capital expenditures'","Less: Capital expenditures | (2,151 | ) | (27 | ) | (2,178 | ) | (2,548 | ) | (116 | ) | (2,664 | ) | (4,213 | ) | (24 | ) | (4,237 | ) | (661 | ) | (4 | ) | (665 | )",prior_year_comparative,A,VERIFIED,"Consolidated 'Baidu' column (third of Baidu Core, iQIYI, Baidu). Comparative column in a later release."
baidu,company_capex,2021-07-01,2021-09-30,3M,2664000000,CNY,"(2,664)",RMB millions,Capital expenditures,SRC-BAIDU-125,https://www.sec.gov/Archives/edgar/data/1329099/000119312522061674/d314882dex991.htm,b3057800140d4c72049ee58537ff828e012dd2ff7b4dc8df6c11d0a0953a5f20,2022-03-01,"Reconciliation from net cash provided by operating activities to free cash flow, row 'Less: Capital expenditures'","Less: Capital expenditures | (2,151 | ) | (27 | ) | (2,178 | ) | (2,548 | ) | (116 | ) | (2,664 | ) | (4,213 | ) | (24 | ) | (4,237 | ) | (661 | ) | (4 | ) | (665 | )",previous_quarter_comparative,A,VERIFIED,"Consolidated 'Baidu' column (third of Baidu Core, iQIYI, Baidu). Comparative column in a later release."
baidu,company_capex,2021-10-01,2021-12-31,3M,4237000000,CNY,"(4,237)",RMB millions,Capital expenditures,SRC-BAIDU-125,https://www.sec.gov/Archives/edgar/data/1329099/000119312522061674/d314882dex991.htm,b3057800140d4c72049ee58537ff828e012dd2ff7b4dc8df6c11d0a0953a5f20,2022-03-01,"Reconciliation from net cash provided by operating activities to free cash flow, row 'Less: Capital expenditures'","Less: Capital expenditures | (2,151 | ) | (27 | ) | (2,178 | ) | (2,548 | ) | (116 | ) | (2,664 | ) | (4,213 | ) | (24 | ) | (4,237 | ) | (661 | ) | (4 | ) | (665 | )",current,A,VERIFIED,"Consolidated 'Baidu' column (third of Baidu Core, iQIYI, Baidu)."
baidu,company_capex,2021-01-01,2021-12-31,12M,10896000000,CNY,"(10,896)",RMB millions,Capital expenditures,SRC-BAIDU-125,https://www.sec.gov/Archives/edgar/data/1329099/000119312522061674/d314882dex991.htm,b3057800140d4c72049ee58537ff828e012dd2ff7b4dc8df6c11d0a0953a5f20,2022-03-01,"Free cash flow reconciliation, twelve months","Less: Capital expenditures | (4,843 | ) | (241 | ) | (5,084 | ) | (10,634 | ) | (262 | ) | (10,896 | ) | (1,669 | ) | (41 | ) | (1,710 | )",annual,A,VERIFIED,Consolidated twelve-month figure.
baidu,company_capex,2021-01-01,2021-03-31,3M,1499000000,CNY,"(1,499)",RMB millions,Capital expenditures,SRC-BAIDU-128,https://www.sec.gov/Archives/edgar/data/1329099/000119312522161778/d335526dex991.htm,9ace6e20ec2c871bef0c21ab5f42f1fcaa437e6733231eee7e07a72325936378,2022-05-27,"Reconciliation from net cash provided by operating activities to free cash flow, row 'Less: Capital expenditures'","Less: Capital expenditures | (1,438 | ) | (61 | ) | (1,499 | ) | (4,213 | ) | (24 | ) | (4,237 | ) | (1,928 | ) | (51 | ) | (1,979 | ) | (304 | ) | (8 | ) | (312 | )",prior_year_comparative,A,VERIFIED,"Consolidated 'Baidu' column (third of Baidu Core, iQIYI, Baidu). Comparative column in a later release."
baidu,company_capex,2021-10-01,2021-12-31,3M,4237000000,CNY,"(4,237)",RMB millions,Capital expenditures,SRC-BAIDU-128,https://www.sec.gov/Archives/edgar/data/1329099/000119312522161778/d335526dex991.htm,9ace6e20ec2c871bef0c21ab5f42f1fcaa437e6733231eee7e07a72325936378,2022-05-27,"Reconciliation from net cash provided by operating activities to free cash flow, row 'Less: Capital expenditures'","Less: Capital expenditures | (1,438 | ) | (61 | ) | (1,499 | ) | (4,213 | ) | (24 | ) | (4,237 | ) | (1,928 | ) | (51 | ) | (1,979 | ) | (304 | ) | (8 | ) | (312 | )",previous_quarter_comparative,A,VERIFIED,"Consolidated 'Baidu' column (third of Baidu Core, iQIYI, Baidu). Comparative column in a later release."
baidu,company_capex,2022-01-01,2022-03-31,3M,1979000000,CNY,"(1,979)",RMB millions,Capital expenditures,SRC-BAIDU-128,https://www.sec.gov/Archives/edgar/data/1329099/000119312522161778/d335526dex991.htm,9ace6e20ec2c871bef0c21ab5f42f1fcaa437e6733231eee7e07a72325936378,2022-05-27,"Reconciliation from net cash provided by operating activities to free cash flow, row 'Less: Capital expenditures'","Less: Capital expenditures | (1,438 | ) | (61 | ) | (1,499 | ) | (4,213 | ) | (24 | ) | (4,237 | ) | (1,928 | ) | (51 | ) | (1,979 | ) | (304 | ) | (8 | ) | (312 | )",current,A,VERIFIED,"Consolidated 'Baidu' column (third of Baidu Core, iQIYI, Baidu)."
baidu,company_capex,2021-04-01,2021-06-30,3M,2496000000,CNY,"(2,496)",RMB millions,Capital expenditures,SRC-BAIDU-130,https://www.sec.gov/Archives/edgar/data/1329099/000119312522234500/d393584dex991.htm,12c5ddb5f909d7d9cf0b2d4b06bd3128f1f681e2dc78ef3c435856ba68a93e78,2022-08-31,"Reconciliation from net cash provided by operating activities to free cash flow, row 'Less: Capital expenditures'","Less: Capital expenditures | (2,435 | ) | (61 | ) | (2,496 | ) | (1,928 | ) | (51 | ) | (1,979 | ) | (2,124 | ) | (66 | ) | (2,190 | ) | (317 | ) | (10 | ) | (327 | )",prior_year_comparative,A,VERIFIED,"Consolidated 'Baidu' column (third of Baidu Core, iQIYI, Baidu). Comparative column in a later release."
baidu,company_capex,2022-01-01,2022-03-31,3M,1979000000,CNY,"(1,979)",RMB millions,Capital expenditures,SRC-BAIDU-130,https://www.sec.gov/Archives/edgar/data/1329099/000119312522234500/d393584dex991.htm,12c5ddb5f909d7d9cf0b2d4b06bd3128f1f681e2dc78ef3c435856ba68a93e78,2022-08-31,"Reconciliation from net cash provided by operating activities to free cash flow, row 'Less: Capital expenditures'","Less: Capital expenditures | (2,435 | ) | (61 | ) | (2,496 | ) | (1,928 | ) | (51 | ) | (1,979 | ) | (2,124 | ) | (66 | ) | (2,190 | ) | (317 | ) | (10 | ) | (327 | )",previous_quarter_comparative,A,VERIFIED,"Consolidated 'Baidu' column (third of Baidu Core, iQIYI, Baidu). Comparative column in a later release."
baidu,company_capex,2022-04-01,2022-06-30,3M,2190000000,CNY,"(2,190)",RMB millions,Capital expenditures,SRC-BAIDU-130,https://www.sec.gov/Archives/edgar/data/1329099/000119312522234500/d393584dex991.htm,12c5ddb5f909d7d9cf0b2d4b06bd3128f1f681e2dc78ef3c435856ba68a93e78,2022-08-31,"Reconciliation from net cash provided by operating activities to free cash flow, row 'Less: Capital expenditures'","Less: Capital expenditures | (2,435 | ) | (61 | ) | (2,496 | ) | (1,928 | ) | (51 | ) | (1,979 | ) | (2,124 | ) | (66 | ) | (2,190 | ) | (317 | ) | (10 | ) | (327 | )",current,A,VERIFIED,"Consolidated 'Baidu' column (third of Baidu Core, iQIYI, Baidu)."
baidu,company_capex,2021-07-01,2021-09-30,3M,2664000000,CNY,"(2,664)",RMB millions,Capital expenditures,SRC-BAIDU-132,https://www.sec.gov/Archives/edgar/data/1329099/000119312522291565/d313453dex991.htm,ef7f449c81227d85bf4c78d7505a532f77ad7185c2f730481e48c5e326a94c4c,2022-11-23,"Reconciliation from net cash provided by operating activities to free cash flow, row 'Less: Capital expenditures'","Less: Capital expenditures | (2,548 | ) | (116 | ) | (2,664 | ) | (2,124 | ) | (66 | ) | (2,190 | ) | (2,140 | ) | (48 | ) | (2,188 | ) | (301 | ) | (7 | ) | (308 | )",prior_year_comparative,A,VERIFIED,"Consolidated 'Baidu' column (third of Baidu Core, iQIYI, Baidu). Comparative column in a later release."
baidu,company_capex,2022-04-01,2022-06-30,3M,2190000000,CNY,"(2,190)",RMB millions,Capital expenditures,SRC-BAIDU-132,https://www.sec.gov/Archives/edgar/data/1329099/000119312522291565/d313453dex991.htm,ef7f449c81227d85bf4c78d7505a532f77ad7185c2f730481e48c5e326a94c4c,2022-11-23,"Reconciliation from net cash provided by operating activities to free cash flow, row 'Less: Capital expenditures'","Less: Capital expenditures | (2,548 | ) | (116 | ) | (2,664 | ) | (2,124 | ) | (66 | ) | (2,190 | ) | (2,140 | ) | (48 | ) | (2,188 | ) | (301 | ) | (7 | ) | (308 | )",previous_quarter_comparative,A,VERIFIED,"Consolidated 'Baidu' column (third of Baidu Core, iQIYI, Baidu). Comparative column in a later release."
baidu,company_capex,2022-07-01,2022-09-30,3M,2188000000,CNY,"(2,188)",RMB millions,Capital expenditures,SRC-BAIDU-132,https://www.sec.gov/Archives/edgar/data/1329099/000119312522291565/d313453dex991.htm,ef7f449c81227d85bf4c78d7505a532f77ad7185c2f730481e48c5e326a94c4c,2022-11-23,"Reconciliation from net cash provided by operating activities to free cash flow, row 'Less: Capital expenditures'","Less: Capital expenditures | (2,548 | ) | (116 | ) | (2,664 | ) | (2,124 | ) | (66 | ) | (2,190 | ) | (2,140 | ) | (48 | ) | (2,188 | ) | (301 | ) | (7 | ) | (308 | )",current,A,VERIFIED,"Consolidated 'Baidu' column (third of Baidu Core, iQIYI, Baidu)."
baidu,company_capex,2021-10-01,2021-12-31,3M,4237000000,CNY,"(4,237)",RMB millions,Capital expenditures,SRC-BAIDU-134,https://www.sec.gov/Archives/edgar/data/1329099/000119312523044848/d474352dex991.htm,84960a33f859109ca94b472bd816f007e5e8fdf3ea32ce220d1037e2d1178cb5,2023-02-22,"Reconciliation from net cash provided by operating activities to free cash flow, row 'Less: Capital expenditures'","Less: Capital expenditures | (4,213 | ) | (24 | ) | (4,237 | ) | (2,140 | ) | (48 | ) | (2,188 | ) | (1,920 | ) | (9 | ) | (1,929 | ) | (279 | ) | (1 | ) | (280 | )",prior_year_comparative,A,VERIFIED,"Consolidated 'Baidu' column (third of Baidu Core, iQIYI, Baidu). Comparative column in a later release."
baidu,company_capex,2022-07-01,2022-09-30,3M,2188000000,CNY,"(2,188)",RMB millions,Capital expenditures,SRC-BAIDU-134,https://www.sec.gov/Archives/edgar/data/1329099/000119312523044848/d474352dex991.htm,84960a33f859109ca94b472bd816f007e5e8fdf3ea32ce220d1037e2d1178cb5,2023-02-22,"Reconciliation from net cash provided by operating activities to free cash flow, row 'Less: Capital expenditures'","Less: Capital expenditures | (4,213 | ) | (24 | ) | (4,237 | ) | (2,140 | ) | (48 | ) | (2,188 | ) | (1,920 | ) | (9 | ) | (1,929 | ) | (279 | ) | (1 | ) | (280 | )",previous_quarter_comparative,A,VERIFIED,"Consolidated 'Baidu' column (third of Baidu Core, iQIYI, Baidu). Comparative column in a later release."
baidu,company_capex,2022-10-01,2022-12-31,3M,1929000000,CNY,"(1,929)",RMB millions,Capital expenditures,SRC-BAIDU-134,https://www.sec.gov/Archives/edgar/data/1329099/000119312523044848/d474352dex991.htm,84960a33f859109ca94b472bd816f007e5e8fdf3ea32ce220d1037e2d1178cb5,2023-02-22,"Reconciliation from net cash provided by operating activities to free cash flow, row 'Less: Capital expenditures'","Less: Capital expenditures | (4,213 | ) | (24 | ) | (4,237 | ) | (2,140 | ) | (48 | ) | (2,188 | ) | (1,920 | ) | (9 | ) | (1,929 | ) | (279 | ) | (1 | ) | (280 | )",current,A,VERIFIED,"Consolidated 'Baidu' column (third of Baidu Core, iQIYI, Baidu)."
baidu,company_capex,2022-01-01,2022-12-31,12M,8286000000,CNY,"(8,286)",RMB millions,Capital expenditures,SRC-BAIDU-134,https://www.sec.gov/Archives/edgar/data/1329099/000119312523044848/d474352dex991.htm,84960a33f859109ca94b472bd816f007e5e8fdf3ea32ce220d1037e2d1178cb5,2023-02-22,"Free cash flow reconciliation, twelve months","Less: Capital expenditures | (10,634 | ) | (262 | ) | (10,896 | ) | (8,112 | ) | (174 | ) | (8,286 | ) | (1,176 | ) | (25 | ) | (1,201 | )",annual,A,VERIFIED,Consolidated twelve-month figure.
baidu,company_capex,2022-01-01,2022-03-31,3M,1979000000,CNY,"(1,979)",RMB millions,Capital expenditures,SRC-BAIDU-137,https://www.sec.gov/Archives/edgar/data/1329099/000119312523145594/d472126dex991.htm,9cebe20453281d5ec28d1a1405b358752f1e405981719c67bea2e461c3e4aee8,2023-05-16,"Reconciliation from net cash provided by operating activities to free cash flow, row 'Less: Capital expenditures'","Less: Capital expenditures | (1,928 | ) | (51 | ) | (1,979 | ) | (1,920 | ) | (9 | ) | (1,929 | ) | (1,295 | ) | — | (1,295 | ) | (189 | ) | — | (189 | )",prior_year_comparative,A,VERIFIED,"Consolidated 'Baidu' column (third of Baidu Core, iQIYI, Baidu). Comparative column in a later release."
baidu,company_capex,2022-10-01,2022-12-31,3M,1929000000,CNY,"(1,929)",RMB millions,Capital expenditures,SRC-BAIDU-137,https://www.sec.gov/Archives/edgar/data/1329099/000119312523145594/d472126dex991.htm,9cebe20453281d5ec28d1a1405b358752f1e405981719c67bea2e461c3e4aee8,2023-05-16,"Reconciliation from net cash provided by operating activities to free cash flow, row 'Less: Capital expenditures'","Less: Capital expenditures | (1,928 | ) | (51 | ) | (1,979 | ) | (1,920 | ) | (9 | ) | (1,929 | ) | (1,295 | ) | — | (1,295 | ) | (189 | ) | — | (189 | )",previous_quarter_comparative,A,VERIFIED,"Consolidated 'Baidu' column (third of Baidu Core, iQIYI, Baidu). Comparative column in a later release."
baidu,company_capex,2023-01-01,2023-03-31,3M,1295000000,CNY,"(1,295)",RMB millions,Capital expenditures,SRC-BAIDU-137,https://www.sec.gov/Archives/edgar/data/1329099/000119312523145594/d472126dex991.htm,9cebe20453281d5ec28d1a1405b358752f1e405981719c67bea2e461c3e4aee8,2023-05-16,"Reconciliation from net cash provided by operating activities to free cash flow, row 'Less: Capital expenditures'","Less: Capital expenditures | (1,928 | ) | (51 | ) | (1,979 | ) | (1,920 | ) | (9 | ) | (1,929 | ) | (1,295 | ) | — | (1,295 | ) | (189 | ) | — | (189 | )",current,A,VERIFIED,"Consolidated 'Baidu' column (third of Baidu Core, iQIYI, Baidu)."
baidu,company_capex,2022-04-01,2022-06-30,3M,2190000000,CNY,"(2,190)",RMB millions,Capital expenditures,SRC-BAIDU-139,https://www.sec.gov/Archives/edgar/data/1329099/000119312523217413/d502468dex991.htm,f2b8256cbc875722e2eaac7c72eae6b45c9769d1fb165532a938fe01e829bf92,2023-08-22,"Reconciliation from net cash provided by operating activities to free cash flow, row 'Less: Capital expenditures'","Less: Capital expenditures | (2,124 | ) | (66 | ) | (2,190 | ) | (1,295 | ) | — | (1,295 | ) | (2,693 | ) | (13 | ) | (2,706 | ) | (371 | ) | (2 | ) | (373 | )",prior_year_comparative,A,VERIFIED,"Consolidated 'Baidu' column (third of Baidu Core, iQIYI, Baidu). Comparative column in a later release."
baidu,company_capex,2023-01-01,2023-03-31,3M,1295000000,CNY,"(1,295)",RMB millions,Capital expenditures,SRC-BAIDU-139,https://www.sec.gov/Archives/edgar/data/1329099/000119312523217413/d502468dex991.htm,f2b8256cbc875722e2eaac7c72eae6b45c9769d1fb165532a938fe01e829bf92,2023-08-22,"Reconciliation from net cash provided by operating activities to free cash flow, row 'Less: Capital expenditures'","Less: Capital expenditures | (2,124 | ) | (66 | ) | (2,190 | ) | (1,295 | ) | — | (1,295 | ) | (2,693 | ) | (13 | ) | (2,706 | ) | (371 | ) | (2 | ) | (373 | )",previous_quarter_comparative,A,VERIFIED,"Consolidated 'Baidu' column (third of Baidu Core, iQIYI, Baidu). Comparative column in a later release."
baidu,company_capex,2023-04-01,2023-06-30,3M,2706000000,CNY,"(2,706)",RMB millions,Capital expenditures,SRC-BAIDU-139,https://www.sec.gov/Archives/edgar/data/1329099/000119312523217413/d502468dex991.htm,f2b8256cbc875722e2eaac7c72eae6b45c9769d1fb165532a938fe01e829bf92,2023-08-22,"Reconciliation from net cash provided by operating activities to free cash flow, row 'Less: Capital expenditures'","Less: Capital expenditures | (2,124 | ) | (66 | ) | (2,190 | ) | (1,295 | ) | — | (1,295 | ) | (2,693 | ) | (13 | ) | (2,706 | ) | (371 | ) | (2 | ) | (373 | )",current,A,VERIFIED,"Consolidated 'Baidu' column (third of Baidu Core, iQIYI, Baidu)."
baidu,company_capex,2022-07-01,2022-09-30,3M,2188000000,CNY,"(2,188)",RMB millions,Capital expenditures,SRC-BAIDU-141,https://www.sec.gov/Archives/edgar/data/1329099/000119312523281151/d551070dex991.htm,5dba78652a3250b4bfd262b77052a402f50a967a53c1e2b860493d7522d22cec,2023-11-21,"Reconciliation from net cash provided by operating activities to free cash flow, row 'Less: Capital expenditures'","Less: Capital expenditures | (2,140 | ) | (48 | ) | (2,188 | ) | (2,693 | ) | (13 | ) | (2,706 | ) | (3,525 | ) | (4 | ) | (3,529 | ) | (483 | ) | (1 | ) | (484 | )",prior_year_comparative,A,VERIFIED,"Consolidated 'Baidu' column (third of Baidu Core, iQIYI, Baidu). Comparative column in a later release."
baidu,company_capex,2023-04-01,2023-06-30,3M,2706000000,CNY,"(2,706)",RMB millions,Capital expenditures,SRC-BAIDU-141,https://www.sec.gov/Archives/edgar/data/1329099/000119312523281151/d551070dex991.htm,5dba78652a3250b4bfd262b77052a402f50a967a53c1e2b860493d7522d22cec,2023-11-21,"Reconciliation from net cash provided by operating activities to free cash flow, row 'Less: Capital expenditures'","Less: Capital expenditures | (2,140 | ) | (48 | ) | (2,188 | ) | (2,693 | ) | (13 | ) | (2,706 | ) | (3,525 | ) | (4 | ) | (3,529 | ) | (483 | ) | (1 | ) | (484 | )",previous_quarter_comparative,A,VERIFIED,"Consolidated 'Baidu' column (third of Baidu Core, iQIYI, Baidu). Comparative column in a later release."
baidu,company_capex,2023-07-01,2023-09-30,3M,3529000000,CNY,"(3,529)",RMB millions,Capital expenditures,SRC-BAIDU-141,https://www.sec.gov/Archives/edgar/data/1329099/000119312523281151/d551070dex991.htm,5dba78652a3250b4bfd262b77052a402f50a967a53c1e2b860493d7522d22cec,2023-11-21,"Reconciliation from net cash provided by operating activities to free cash flow, row 'Less: Capital expenditures'","Less: Capital expenditures | (2,140 | ) | (48 | ) | (2,188 | ) | (2,693 | ) | (13 | ) | (2,706 | ) | (3,525 | ) | (4 | ) | (3,529 | ) | (483 | ) | (1 | ) | (484 | )",current,A,VERIFIED,"Consolidated 'Baidu' column (third of Baidu Core, iQIYI, Baidu)."
baidu,company_capex,2022-10-01,2022-12-31,3M,1929000000,CNY,"(1,929)",RMB millions,Capital expenditures,SRC-BAIDU-143,https://www.sec.gov/Archives/edgar/data/1329099/000119312524050652/d789091dex991.htm,1882122bdadeb25d7bed85f9ce57dcceaeaf76939330c89620817b094d53cdf6,2024-02-28,"Reconciliation from net cash provided by operating activities to free cash flow, row 'Less: Capital expenditures'","Less: Capital expenditures | (1,920 | ) | (9 | ) | (1,929 | ) | (3,525 | ) | (4 | ) | (3,529 | ) | (3,641 | ) | (19 | ) | (3,660 | ) | (513 | ) | (3 | ) | (516 | )",prior_year_comparative,A,VERIFIED,"Consolidated 'Baidu' column (third of Baidu Core, iQIYI, Baidu). Comparative column in a later release."
baidu,company_capex,2023-07-01,2023-09-30,3M,3529000000,CNY,"(3,529)",RMB millions,Capital expenditures,SRC-BAIDU-143,https://www.sec.gov/Archives/edgar/data/1329099/000119312524050652/d789091dex991.htm,1882122bdadeb25d7bed85f9ce57dcceaeaf76939330c89620817b094d53cdf6,2024-02-28,"Reconciliation from net cash provided by operating activities to free cash flow, row 'Less: Capital expenditures'","Less: Capital expenditures | (1,920 | ) | (9 | ) | (1,929 | ) | (3,525 | ) | (4 | ) | (3,529 | ) | (3,641 | ) | (19 | ) | (3,660 | ) | (513 | ) | (3 | ) | (516 | )",previous_quarter_comparative,A,VERIFIED,"Consolidated 'Baidu' column (third of Baidu Core, iQIYI, Baidu). Comparative column in a later release."
baidu,company_capex,2023-10-01,2023-12-31,3M,3660000000,CNY,"(3,660)",RMB millions,Capital expenditures,SRC-BAIDU-143,https://www.sec.gov/Archives/edgar/data/1329099/000119312524050652/d789091dex991.htm,1882122bdadeb25d7bed85f9ce57dcceaeaf76939330c89620817b094d53cdf6,2024-02-28,"Reconciliation from net cash provided by operating activities to free cash flow, row 'Less: Capital expenditures'","Less: Capital expenditures | (1,920 | ) | (9 | ) | (1,929 | ) | (3,525 | ) | (4 | ) | (3,529 | ) | (3,641 | ) | (19 | ) | (3,660 | ) | (513 | ) | (3 | ) | (516 | )",current,A,VERIFIED,"Consolidated 'Baidu' column (third of Baidu Core, iQIYI, Baidu)."
baidu,company_capex,2023-01-01,2023-12-31,12M,11190000000,CNY,"(11,190)",RMB millions,Capital expenditures,SRC-BAIDU-143,https://www.sec.gov/Archives/edgar/data/1329099/000119312524050652/d789091dex991.htm,1882122bdadeb25d7bed85f9ce57dcceaeaf76939330c89620817b094d53cdf6,2024-02-28,"Free cash flow reconciliation, twelve months","Less: Capital expenditures | (8,112 | ) | (174 | ) | (8,286 | ) | (11,154 | ) | (36 | ) | (11,190 | ) | (1,571 | ) | (5 | ) | (1,576 | )",annual,A,VERIFIED,Consolidated twelve-month figure.
baidu,company_capex,2023-01-01,2023-03-31,3M,1295000000,CNY,"(1,295)",RMB millions,Capital expenditures,SRC-BAIDU-146,https://www.sec.gov/Archives/edgar/data/1329099/000119312524140513/d782149dex991.htm,15164802f2b231a0653acad32b59f19fae453f941ad6ac63ac40f49d22d3b9b9,2024-05-16,"Reconciliation from net cash provided by operating activities to free cash flow, row 'Less: Capital expenditures'","Less: Capital expenditures | (1,295 | ) | —  | (1,295 | ) | (3,641 | ) | (19 | ) | (3,660 | ) | (2,016 | ) | (22 | ) | (2,038 | ) | (279 | ) | (3 | ) | (282 | )",prior_year_comparative,A,VERIFIED,"Consolidated 'Baidu' column (third of Baidu Core, iQIYI, Baidu). Comparative column in a later release."
baidu,company_capex,2023-10-01,2023-12-31,3M,3660000000,CNY,"(3,660)",RMB millions,Capital expenditures,SRC-BAIDU-146,https://www.sec.gov/Archives/edgar/data/1329099/000119312524140513/d782149dex991.htm,15164802f2b231a0653acad32b59f19fae453f941ad6ac63ac40f49d22d3b9b9,2024-05-16,"Reconciliation from net cash provided by operating activities to free cash flow, row 'Less: Capital expenditures'","Less: Capital expenditures | (1,295 | ) | —  | (1,295 | ) | (3,641 | ) | (19 | ) | (3,660 | ) | (2,016 | ) | (22 | ) | (2,038 | ) | (279 | ) | (3 | ) | (282 | )",previous_quarter_comparative,A,VERIFIED,"Consolidated 'Baidu' column (third of Baidu Core, iQIYI, Baidu). Comparative column in a later release."
baidu,company_capex,2024-01-01,2024-03-31,3M,2038000000,CNY,"(2,038)",RMB millions,Capital expenditures,SRC-BAIDU-146,https://www.sec.gov/Archives/edgar/data/1329099/000119312524140513/d782149dex991.htm,15164802f2b231a0653acad32b59f19fae453f941ad6ac63ac40f49d22d3b9b9,2024-05-16,"Reconciliation from net cash provided by operating activities to free cash flow, row 'Less: Capital expenditures'","Less: Capital expenditures | (1,295 | ) | —  | (1,295 | ) | (3,641 | ) | (19 | ) | (3,660 | ) | (2,016 | ) | (22 | ) | (2,038 | ) | (279 | ) | (3 | ) | (282 | )",current,A,VERIFIED,"Consolidated 'Baidu' column (third of Baidu Core, iQIYI, Baidu)."
baidu,company_capex,2023-04-01,2023-06-30,3M,2706000000,CNY,"(2,706)",RMB millions,Capital expenditures,SRC-BAIDU-148,https://www.sec.gov/Archives/edgar/data/1329099/000119312524204906/d227518dex991.htm,cb42021d090b594b09cc0ab57ac79986645988464a56f509e3cae92831cf2737,2024-08-22,"Reconciliation from net cash provided by operating activities to free cash flow, row 'Less: Capital expenditures'","Less: Capital expenditures | (2,693 | ) | (13 | ) | (2,706 | ) | (2,016 | ) | (22 | ) | (2,038 | ) | (2,090 | ) | (28 | ) | (2,118 | ) | (287 | ) | (4 | ) | (291 | )",prior_year_comparative,A,VERIFIED,"Consolidated 'Baidu' column (third of Baidu Core, iQIYI, Baidu). Comparative column in a later release."
baidu,company_capex,2024-01-01,2024-03-31,3M,2038000000,CNY,"(2,038)",RMB millions,Capital expenditures,SRC-BAIDU-148,https://www.sec.gov/Archives/edgar/data/1329099/000119312524204906/d227518dex991.htm,cb42021d090b594b09cc0ab57ac79986645988464a56f509e3cae92831cf2737,2024-08-22,"Reconciliation from net cash provided by operating activities to free cash flow, row 'Less: Capital expenditures'","Less: Capital expenditures | (2,693 | ) | (13 | ) | (2,706 | ) | (2,016 | ) | (22 | ) | (2,038 | ) | (2,090 | ) | (28 | ) | (2,118 | ) | (287 | ) | (4 | ) | (291 | )",previous_quarter_comparative,A,VERIFIED,"Consolidated 'Baidu' column (third of Baidu Core, iQIYI, Baidu). Comparative column in a later release."
baidu,company_capex,2024-04-01,2024-06-30,3M,2118000000,CNY,"(2,118)",RMB millions,Capital expenditures,SRC-BAIDU-148,https://www.sec.gov/Archives/edgar/data/1329099/000119312524204906/d227518dex991.htm,cb42021d090b594b09cc0ab57ac79986645988464a56f509e3cae92831cf2737,2024-08-22,"Reconciliation from net cash provided by operating activities to free cash flow, row 'Less: Capital expenditures'","Less: Capital expenditures | (2,693 | ) | (13 | ) | (2,706 | ) | (2,016 | ) | (22 | ) | (2,038 | ) | (2,090 | ) | (28 | ) | (2,118 | ) | (287 | ) | (4 | ) | (291 | )",current,A,VERIFIED,"Consolidated 'Baidu' column (third of Baidu Core, iQIYI, Baidu)."
baidu,company_capex,2023-07-01,2023-09-30,3M,3529000000,CNY,"(3,529)",RMB millions,Capital expenditures,SRC-BAIDU-150,https://www.sec.gov/Archives/edgar/data/1329099/000119312524263052/d802709dex991.htm,ffbeb01d46bd8553676a0e418a28f3975631743ca35fdad888f3efa45d28ff69,2024-11-21,"Reconciliation from net cash provided by operating activities to free cash flow, row 'Less: Capital expenditures'","Less: Capital expenditures | (3,525 | ) | (4 | ) | (3,529 | ) | (2,090 | ) | (28 | ) | (2,118 | ) | (1,637 | ) | (8 | ) | (1,645 | ) | (233 | ) | (1 | ) | (234 | )",prior_year_comparative,A,VERIFIED,"Consolidated 'Baidu' column (third of Baidu Core, iQIYI, Baidu). Comparative column in a later release."
baidu,company_capex,2024-04-01,2024-06-30,3M,2118000000,CNY,"(2,118)",RMB millions,Capital expenditures,SRC-BAIDU-150,https://www.sec.gov/Archives/edgar/data/1329099/000119312524263052/d802709dex991.htm,ffbeb01d46bd8553676a0e418a28f3975631743ca35fdad888f3efa45d28ff69,2024-11-21,"Reconciliation from net cash provided by operating activities to free cash flow, row 'Less: Capital expenditures'","Less: Capital expenditures | (3,525 | ) | (4 | ) | (3,529 | ) | (2,090 | ) | (28 | ) | (2,118 | ) | (1,637 | ) | (8 | ) | (1,645 | ) | (233 | ) | (1 | ) | (234 | )",previous_quarter_comparative,A,VERIFIED,"Consolidated 'Baidu' column (third of Baidu Core, iQIYI, Baidu). Comparative column in a later release."
baidu,company_capex,2024-07-01,2024-09-30,3M,1645000000,CNY,"(1,645)",RMB millions,Capital expenditures,SRC-BAIDU-150,https://www.sec.gov/Archives/edgar/data/1329099/000119312524263052/d802709dex991.htm,ffbeb01d46bd8553676a0e418a28f3975631743ca35fdad888f3efa45d28ff69,2024-11-21,"Reconciliation from net cash provided by operating activities to free cash flow, row 'Less: Capital expenditures'","Less: Capital expenditures | (3,525 | ) | (4 | ) | (3,529 | ) | (2,090 | ) | (28 | ) | (2,118 | ) | (1,637 | ) | (8 | ) | (1,645 | ) | (233 | ) | (1 | ) | (234 | )",current,A,VERIFIED,"Consolidated 'Baidu' column (third of Baidu Core, iQIYI, Baidu)."
baidu,company_capex,2023-10-01,2023-12-31,3M,3660000000,CNY,"(3,660)",RMB millions,Capital expenditures,SRC-BAIDU-152,https://www.sec.gov/Archives/edgar/data/1329099/000119312525028182/d896079dex991.htm,0dcfc4b24817198ad3360e86f997eb4c5ecdbb8090046b0baf87fd28eed259e0,2025-02-18,"Reconciliation from net cash provided by operating activities to free cash flow, row 'Less: Capital expenditures'","Less: Capital expenditures | (3,641 | ) | (19 | ) | (3,660 | ) | (1,637 | ) | (8 | ) | (1,645 | ) | (2,312 | ) | (21 | ) | (2,333 | ) | (317 | ) | (3 | ) | (320 | )",prior_year_comparative,A,VERIFIED,"Consolidated 'Baidu' column (third of Baidu Core, iQIYI, Baidu). Comparative column in a later release."
baidu,company_capex,2024-07-01,2024-09-30,3M,1645000000,CNY,"(1,645)",RMB millions,Capital expenditures,SRC-BAIDU-152,https://www.sec.gov/Archives/edgar/data/1329099/000119312525028182/d896079dex991.htm,0dcfc4b24817198ad3360e86f997eb4c5ecdbb8090046b0baf87fd28eed259e0,2025-02-18,"Reconciliation from net cash provided by operating activities to free cash flow, row 'Less: Capital expenditures'","Less: Capital expenditures | (3,641 | ) | (19 | ) | (3,660 | ) | (1,637 | ) | (8 | ) | (1,645 | ) | (2,312 | ) | (21 | ) | (2,333 | ) | (317 | ) | (3 | ) | (320 | )",previous_quarter_comparative,A,VERIFIED,"Consolidated 'Baidu' column (third of Baidu Core, iQIYI, Baidu). Comparative column in a later release."
baidu,company_capex,2024-10-01,2024-12-31,3M,2333000000,CNY,"(2,333)",RMB millions,Capital expenditures,SRC-BAIDU-152,https://www.sec.gov/Archives/edgar/data/1329099/000119312525028182/d896079dex991.htm,0dcfc4b24817198ad3360e86f997eb4c5ecdbb8090046b0baf87fd28eed259e0,2025-02-18,"Reconciliation from net cash provided by operating activities to free cash flow, row 'Less: Capital expenditures'","Less: Capital expenditures | (3,641 | ) | (19 | ) | (3,660 | ) | (1,637 | ) | (8 | ) | (1,645 | ) | (2,312 | ) | (21 | ) | (2,333 | ) | (317 | ) | (3 | ) | (320 | )",current,A,VERIFIED,"Consolidated 'Baidu' column (third of Baidu Core, iQIYI, Baidu)."
baidu,company_capex,2024-01-01,2024-12-31,12M,8134000000,CNY,"(8,134)",RMB millions,Capital expenditures,SRC-BAIDU-152,https://www.sec.gov/Archives/edgar/data/1329099/000119312525028182/d896079dex991.htm,0dcfc4b24817198ad3360e86f997eb4c5ecdbb8090046b0baf87fd28eed259e0,2025-02-18,"Free cash flow reconciliation, twelve months","Less: Capital expenditures | (11,154 | ) | (36 | ) | (11,190 | ) | (8,055 | ) | (79 | ) | (8,134 | ) | (1,103 | ) | (11 | ) | (1,114 | )",annual,A,VERIFIED,Consolidated twelve-month figure.
baidu,company_capex,2024-01-01,2024-03-31,3M,2038000000,CNY,"(2,038)",RMB millions,Capital expenditures,SRC-BAIDU-155,https://www.sec.gov/Archives/edgar/data/1329099/000119312525123961/d58002dex991.htm,d8d9f301fa6d0ec5b9ba9957714ae6f7e75c5cd47a0213690f95c2bd6ccb5cc6,2025-05-21,"Reconciliation from net cash provided by operating activities to free cash flow, row 'Less: Capital expenditures'","Less: Capital expenditures | (2,016 | ) | (22 | ) | (2,038 | ) | (2,312 | ) | (21 | ) | (2,333 | ) | (2,869 | ) | (31 | ) | (2,900 | ) | (395 | ) | (4 | ) | (399 | )",prior_year_comparative,A,VERIFIED,"Consolidated 'Baidu' column (third of Baidu Core, iQIYI, Baidu). Comparative column in a later release."
baidu,company_capex,2024-10-01,2024-12-31,3M,2333000000,CNY,"(2,333)",RMB millions,Capital expenditures,SRC-BAIDU-155,https://www.sec.gov/Archives/edgar/data/1329099/000119312525123961/d58002dex991.htm,d8d9f301fa6d0ec5b9ba9957714ae6f7e75c5cd47a0213690f95c2bd6ccb5cc6,2025-05-21,"Reconciliation from net cash provided by operating activities to free cash flow, row 'Less: Capital expenditures'","Less: Capital expenditures | (2,016 | ) | (22 | ) | (2,038 | ) | (2,312 | ) | (21 | ) | (2,333 | ) | (2,869 | ) | (31 | ) | (2,900 | ) | (395 | ) | (4 | ) | (399 | )",previous_quarter_comparative,A,VERIFIED,"Consolidated 'Baidu' column (third of Baidu Core, iQIYI, Baidu). Comparative column in a later release."
baidu,company_capex,2025-01-01,2025-03-31,3M,2900000000,CNY,"(2,900)",RMB millions,Capital expenditures,SRC-BAIDU-155,https://www.sec.gov/Archives/edgar/data/1329099/000119312525123961/d58002dex991.htm,d8d9f301fa6d0ec5b9ba9957714ae6f7e75c5cd47a0213690f95c2bd6ccb5cc6,2025-05-21,"Reconciliation from net cash provided by operating activities to free cash flow, row 'Less: Capital expenditures'","Less: Capital expenditures | (2,016 | ) | (22 | ) | (2,038 | ) | (2,312 | ) | (21 | ) | (2,333 | ) | (2,869 | ) | (31 | ) | (2,900 | ) | (395 | ) | (4 | ) | (399 | )",current,A,VERIFIED,"Consolidated 'Baidu' column (third of Baidu Core, iQIYI, Baidu)."
baidu,company_capex,2024-04-01,2024-06-30,3M,2118000000,CNY,"(2,118)",RMB millions,Capital expenditures,SRC-BAIDU-157,https://www.sec.gov/Archives/edgar/data/1329099/000119312525183792/d938996dex991.htm,2ede0d959adc8adf08318d51ad24fd47989b6095f5557cf551206bf4cb22357b,2025-08-20,"Reconciliation from net cash provided by operating activities to free cash flow, row 'Less: Capital expenditures'","Less: Capital expenditures | (2,090 | ) | (28 | ) | (2,118 | ) | (2,869 | ) | (31 | ) | (2,900 | ) | (3,779 | ) | (21 | ) | (3,800 | ) | (528 | ) | (3 | ) | (531 | )",prior_year_comparative,A,VERIFIED,"Consolidated 'Baidu' column (third of Baidu Core, iQIYI, Baidu). Comparative column in a later release."
baidu,company_capex,2025-01-01,2025-03-31,3M,2900000000,CNY,"(2,900)",RMB millions,Capital expenditures,SRC-BAIDU-157,https://www.sec.gov/Archives/edgar/data/1329099/000119312525183792/d938996dex991.htm,2ede0d959adc8adf08318d51ad24fd47989b6095f5557cf551206bf4cb22357b,2025-08-20,"Reconciliation from net cash provided by operating activities to free cash flow, row 'Less: Capital expenditures'","Less: Capital expenditures | (2,090 | ) | (28 | ) | (2,118 | ) | (2,869 | ) | (31 | ) | (2,900 | ) | (3,779 | ) | (21 | ) | (3,800 | ) | (528 | ) | (3 | ) | (531 | )",previous_quarter_comparative,A,VERIFIED,"Consolidated 'Baidu' column (third of Baidu Core, iQIYI, Baidu). Comparative column in a later release."
baidu,company_capex,2025-04-01,2025-06-30,3M,3800000000,CNY,"(3,800)",RMB millions,Capital expenditures,SRC-BAIDU-157,https://www.sec.gov/Archives/edgar/data/1329099/000119312525183792/d938996dex991.htm,2ede0d959adc8adf08318d51ad24fd47989b6095f5557cf551206bf4cb22357b,2025-08-20,"Reconciliation from net cash provided by operating activities to free cash flow, row 'Less: Capital expenditures'","Less: Capital expenditures | (2,090 | ) | (28 | ) | (2,118 | ) | (2,869 | ) | (31 | ) | (2,900 | ) | (3,779 | ) | (21 | ) | (3,800 | ) | (528 | ) | (3 | ) | (531 | )",current,A,VERIFIED,"Consolidated 'Baidu' column (third of Baidu Core, iQIYI, Baidu)."
baidu,company_capex,2024-07-01,2024-09-30,3M,1645000000,CNY,"(1,645)",RMB millions,Capital expenditures,SRC-BAIDU-159,https://www.sec.gov/Archives/edgar/data/1329099/000119312525285391/d52736dex991.htm,d81f4d5149a08d36c78afcda3454d11f83e284ca034c765ec7c97c5ac26a698b,2025-11-18,"Reconciliation from net cash provided by operating activities to free cash flow, row 'Less: Capital expenditures'","Less: Capital expenditures | (1,637 | ) | (8 | ) | (1,645 | ) | (3,779 | ) | (21 | ) | (3,800 | ) | (3,378 | ) | (23 | ) | (3,401 | ) | (475 | ) | (3 | ) | (478 | )",prior_year_comparative,A,VERIFIED,"Consolidated 'Baidu' column (third of Baidu Core, iQIYI, Baidu). Comparative column in a later release."
baidu,company_capex,2025-04-01,2025-06-30,3M,3800000000,CNY,"(3,800)",RMB millions,Capital expenditures,SRC-BAIDU-159,https://www.sec.gov/Archives/edgar/data/1329099/000119312525285391/d52736dex991.htm,d81f4d5149a08d36c78afcda3454d11f83e284ca034c765ec7c97c5ac26a698b,2025-11-18,"Reconciliation from net cash provided by operating activities to free cash flow, row 'Less: Capital expenditures'","Less: Capital expenditures | (1,637 | ) | (8 | ) | (1,645 | ) | (3,779 | ) | (21 | ) | (3,800 | ) | (3,378 | ) | (23 | ) | (3,401 | ) | (475 | ) | (3 | ) | (478 | )",previous_quarter_comparative,A,VERIFIED,"Consolidated 'Baidu' column (third of Baidu Core, iQIYI, Baidu). Comparative column in a later release."
baidu,company_capex,2025-07-01,2025-09-30,3M,3401000000,CNY,"(3,401)",RMB millions,Capital expenditures,SRC-BAIDU-159,https://www.sec.gov/Archives/edgar/data/1329099/000119312525285391/d52736dex991.htm,d81f4d5149a08d36c78afcda3454d11f83e284ca034c765ec7c97c5ac26a698b,2025-11-18,"Reconciliation from net cash provided by operating activities to free cash flow, row 'Less: Capital expenditures'","Less: Capital expenditures | (1,637 | ) | (8 | ) | (1,645 | ) | (3,779 | ) | (21 | ) | (3,800 | ) | (3,378 | ) | (23 | ) | (3,401 | ) | (475 | ) | (3 | ) | (478 | )",current,A,VERIFIED,"Consolidated 'Baidu' column (third of Baidu Core, iQIYI, Baidu)."
baidu,company_capex,2024-10-01,2024-12-31,3M,2333000000,CNY,"(2,333)",RMB millions,Capital expenditures,SRC-BAIDU-161,https://www.sec.gov/Archives/edgar/data/1329099/000119312526076505/d117608dex991.htm,4a374747a768d564216fac4af14a86532c6a1f42e42bea641bda5e0baf5d65be,2026-02-26,"Reconciliation from net cash provided by operating activities to free cash flow, row 'Less: Capital expenditures'","Less: Capital expenditures | (2,312 | ) | (21 | ) | (2,333 | ) | (3,378 | ) | (23 | ) | (3,401 | ) | (1,952 | ) | (20 | ) | (1,972 | ) | (279 | ) | (3 | ) | (282 | )",prior_year_comparative,A,VERIFIED,"Consolidated 'Baidu' column (third of Baidu Core, iQIYI, Baidu). Comparative column in a later release."
baidu,company_capex,2025-07-01,2025-09-30,3M,3401000000,CNY,"(3,401)",RMB millions,Capital expenditures,SRC-BAIDU-161,https://www.sec.gov/Archives/edgar/data/1329099/000119312526076505/d117608dex991.htm,4a374747a768d564216fac4af14a86532c6a1f42e42bea641bda5e0baf5d65be,2026-02-26,"Reconciliation from net cash provided by operating activities to free cash flow, row 'Less: Capital expenditures'","Less: Capital expenditures | (2,312 | ) | (21 | ) | (2,333 | ) | (3,378 | ) | (23 | ) | (3,401 | ) | (1,952 | ) | (20 | ) | (1,972 | ) | (279 | ) | (3 | ) | (282 | )",previous_quarter_comparative,A,VERIFIED,"Consolidated 'Baidu' column (third of Baidu Core, iQIYI, Baidu). Comparative column in a later release."
baidu,company_capex,2025-10-01,2025-12-31,3M,1972000000,CNY,"(1,972)",RMB millions,Capital expenditures,SRC-BAIDU-161,https://www.sec.gov/Archives/edgar/data/1329099/000119312526076505/d117608dex991.htm,4a374747a768d564216fac4af14a86532c6a1f42e42bea641bda5e0baf5d65be,2026-02-26,"Reconciliation from net cash provided by operating activities to free cash flow, row 'Less: Capital expenditures'","Less: Capital expenditures | (2,312 | ) | (21 | ) | (2,333 | ) | (3,378 | ) | (23 | ) | (3,401 | ) | (1,952 | ) | (20 | ) | (1,972 | ) | (279 | ) | (3 | ) | (282 | )",current,A,VERIFIED,"Consolidated 'Baidu' column (third of Baidu Core, iQIYI, Baidu)."
baidu,company_capex,2025-01-01,2025-12-31,12M,12073000000,CNY,"(12,073)",RMB millions,Capital expenditures,SRC-BAIDU-161,https://www.sec.gov/Archives/edgar/data/1329099/000119312526076505/d117608dex991.htm,4a374747a768d564216fac4af14a86532c6a1f42e42bea641bda5e0baf5d65be,2026-02-26,"Free cash flow reconciliation, twelve months","Less: Capital expenditures | (8,055 | ) | (79 | ) | (8,134 | ) | (11,978 | ) | (95 | ) | (12,073 | ) | (1,712 | ) | (14 | ) | (1,726 | )",annual,A,VERIFIED,Consolidated twelve-month figure.
baidu,company_capex,2025-01-01,2025-03-31,3M,2900000000,CNY,"(2,900)",RMB millions,Capital expenditures,SRC-BAIDU-164,https://www.sec.gov/Archives/edgar/data/1329099/000119312526228123/d156481dex991.htm,9c79601e06e028de9161ba39ea15f27f3c2e0a39baf7175991f8aa3657a2ffa4,2026-05-18,"Reconciliation from net cash provided by operating activities to free cash flow, row 'Less: Capital expenditures'","Less: Capital expenditures | (2,869 | ) | (31 | ) | (2,900 | ) | (1,952 | ) | (20 | ) | (1,972 | ) | (5,839 | ) | (77 | ) | (5,916 | ) | (846 | ) | (11 | ) | (857 | )",prior_year_comparative,A,VERIFIED,"Consolidated 'Baidu' column (third of Baidu Core, iQIYI, Baidu). Comparative column in a later release."
baidu,company_capex,2025-10-01,2025-12-31,3M,1972000000,CNY,"(1,972)",RMB millions,Capital expenditures,SRC-BAIDU-164,https://www.sec.gov/Archives/edgar/data/1329099/000119312526228123/d156481dex991.htm,9c79601e06e028de9161ba39ea15f27f3c2e0a39baf7175991f8aa3657a2ffa4,2026-05-18,"Reconciliation from net cash provided by operating activities to free cash flow, row 'Less: Capital expenditures'","Less: Capital expenditures | (2,869 | ) | (31 | ) | (2,900 | ) | (1,952 | ) | (20 | ) | (1,972 | ) | (5,839 | ) | (77 | ) | (5,916 | ) | (846 | ) | (11 | ) | (857 | )",previous_quarter_comparative,A,VERIFIED,"Consolidated 'Baidu' column (third of Baidu Core, iQIYI, Baidu). Comparative column in a later release."
baidu,company_capex,2026-01-01,2026-03-31,3M,5916000000,CNY,"(5,916)",RMB millions,Capital expenditures,SRC-BAIDU-164,https://www.sec.gov/Archives/edgar/data/1329099/000119312526228123/d156481dex991.htm,9c79601e06e028de9161ba39ea15f27f3c2e0a39baf7175991f8aa3657a2ffa4,2026-05-18,"Reconciliation from net cash provided by operating activities to free cash flow, row 'Less: Capital expenditures'","Less: Capital expenditures | (2,869 | ) | (31 | ) | (2,900 | ) | (1,952 | ) | (20 | ) | (1,972 | ) | (5,839 | ) | (77 | ) | (5,916 | ) | (846 | ) | (11 | ) | (857 | )",current,A,VERIFIED,"Consolidated 'Baidu' column (third of Baidu Core, iQIYI, Baidu)."
baidu,company_capex,2025-04-01,2025-06-30,3M,3800000000,CNY,"(3,800)",RMB millions,Capital expenditures,SRC-BAIDU-008,https://www.sec.gov/Archives/edgar/data/1329099/000119312526355431/d112854dex991.htm,127433de793b243e720e4ecedf6fad489cd2e154e714d8773eea5c03dc70ca89,,"Reconciliation from net cash provided by operating activities to free cash flow, row 'Less: Capital expenditures'","Less: Capital expenditures | (3,779 | ) | (21 | ) | (3,800 | ) | (5,839 | ) | (77 | ) | (5,916 | ) | (11,370 | ) | (20 | ) | (11,390 | ) | (1,676 | ) | (3 | ) | (1,679 | )",prior_year_comparative,A,VERIFIED,"Consolidated 'Baidu' column (third of Baidu Core, iQIYI, Baidu). Comparative column in a later release."
baidu,company_capex,2026-01-01,2026-03-31,3M,5916000000,CNY,"(5,916)",RMB millions,Capital expenditures,SRC-BAIDU-008,https://www.sec.gov/Archives/edgar/data/1329099/000119312526355431/d112854dex991.htm,127433de793b243e720e4ecedf6fad489cd2e154e714d8773eea5c03dc70ca89,,"Reconciliation from net cash provided by operating activities to free cash flow, row 'Less: Capital expenditures'","Less: Capital expenditures | (3,779 | ) | (21 | ) | (3,800 | ) | (5,839 | ) | (77 | ) | (5,916 | ) | (11,370 | ) | (20 | ) | (11,390 | ) | (1,676 | ) | (3 | ) | (1,679 | )",previous_quarter_comparative,A,VERIFIED,"Consolidated 'Baidu' column (third of Baidu Core, iQIYI, Baidu). Comparative column in a later release."
baidu,company_capex,2026-04-01,2026-06-30,3M,11390000000,CNY,"(11,390)",RMB millions,Capital expenditures,SRC-BAIDU-008,https://www.sec.gov/Archives/edgar/data/1329099/000119312526355431/d112854dex991.htm,127433de793b243e720e4ecedf6fad489cd2e154e714d8773eea5c03dc70ca89,,"Reconciliation from net cash provided by operating activities to free cash flow, row 'Less: Capital expenditures'","Less: Capital expenditures | (3,779 | ) | (21 | ) | (3,800 | ) | (5,839 | ) | (77 | ) | (5,916 | ) | (11,370 | ) | (20 | ) | (11,390 | ) | (1,676 | ) | (3 | ) | (1,679 | )",current,A,VERIFIED,"Consolidated 'Baidu' column (third of Baidu Core, iQIYI, Baidu)."
alibaba,company_capex,2011-04-01,2012-03-31,12M,2168000000,CNY,"RMB2,168 million",RMB millions,Capital expenditures,SRC-BABA-003,https://www.sec.gov/Archives/edgar/data/1577552/000119312514184994/d709111df1.htm,2179d911ca222167fcc6b163105a25d86783afe4618f9e2e7540c5e61dc7dd71,,"F-1, Capital Expenditures","nine months ended December 31, 2013, our capital expenditures totaled RMB2,168 million, RMB2,503 million (US$402 million) and RMB4,336 million",annual,A,VERIFIED,scope=capex_ppe_incl_land_use_rights_and_cip; source: sec.gov.
alibaba,company_capex,2012-04-01,2013-03-31,12M,2503000000,CNY,"RMB2,503 million",RMB millions,Capital expenditures,SRC-BABA-003,https://www.sec.gov/Archives/edgar/data/1577552/000119312514184994/d709111df1.htm,2179d911ca222167fcc6b163105a25d86783afe4618f9e2e7540c5e61dc7dd71,,"F-1, Capital Expenditures","nine months ended December 31, 2013, our capital expenditures totaled RMB2,168 million, RMB2,503 million (US$402 million) and RMB4,336 million",annual,A,VERIFIED,scope=capex_ppe_incl_land_use_rights_and_cip; source: sec.gov.
alibaba,company_capex,2013-04-01,2013-12-31,9M,4336000000,CNY,"RMB4,336 million",RMB millions,Capital expenditures,SRC-BABA-003,https://www.sec.gov/Archives/edgar/data/1577552/000119312514184994/d709111df1.htm,2179d911ca222167fcc6b163105a25d86783afe4618f9e2e7540c5e61dc7dd71,,"F-1, Capital Expenditures","nine months ended December 31, 2013, our capital expenditures totaled RMB2,168 million, RMB2,503 million (US$402 million) and RMB4,336 million",ytd,A,VERIFIED,scope=capex_ppe_incl_land_use_rights_and_cip; source: sec.gov.
alibaba,company_capex,,2013-03-31,3M,,,,,,,,,,,,current,,NOT FOUND,No quarterly capex sentence found in the listed documents.
alibaba,company_capex,2014-04-01,2014-06-30,3M,1307000000,CNY,"RMB1,307 million",RMB millions,Capital expenditures,SRC-BABA-011,https://www.sec.gov/Archives/edgar/data/1577552/000119312514322604/d709111df1a.htm,3e31559c57a6efc77f957c047630a8259843e7a682ebc2009009b8185a0b22b9,2014-08-27,"Prospectus, Capital Expenditures","In the three months ended June 30, 2014, our capital expenditures totaled RMB1,307 million",current,A,VERIFIED,scope=capex_ppe_incl_land_use_rights_and_cip; source: sec.gov.
alibaba,company_capex,2013-04-01,2014-03-31,12M,4776000000,CNY,"RMB4,776 million",RMB millions,Capital expenditures,SRC-BABA-011,https://www.sec.gov/Archives/edgar/data/1577552/000119312514322604/d709111df1a.htm,3e31559c57a6efc77f957c047630a8259843e7a682ebc2009009b8185a0b22b9,2014-08-27,"Prospectus, Capital Expenditures","fiscal years 2012, 2013 and 2014, our capital expenditures totaled RMB2,168 million, RMB2,503 million and RMB4,776 million",annual,A,VERIFIED,scope=capex_ppe_incl_land_use_rights_and_cip; source: sec.gov.
alibaba,company_capex,,2013-09-30,3M,,,,,,,,,,,,current,,NOT FOUND,No quarterly capex sentence found in the listed documents.
alibaba,company_capex,,2013-12-31,3M,,,,,,,,,,,,current,,NOT FOUND,No quarterly capex sentence found in the listed documents.
alibaba,company_capex,2014-04-01,2015-03-31,12M,7705000000,CNY,"RMB7,705 million",RMB millions,Capital expenditures,SRC-BABA-019,https://data.alibabagroup.com/ecms-files/1532295521/d97a7c2f-7a14-4d71-a2b3-5d833db5b53a.pdf,a2aa2a4fb47c83fdd18274e98b925c0252b7c925b667ae92387f1051d45cb453,2015-05-07,Results announcement,"Capital expenditures in fiscal year 2015 were RMB7,705 million",annual,B,VERIFIED,scope=capex_ppe_incl_land_use_rights_and_cip; source: issuer document fetched on a GitHub runner (PDF; text by pdftotext).
alibaba,company_capex,2014-04-01,2015-03-31,12M,7705000000,CNY,"RMB7,705 million",RMB millions,Capital expenditure,SRC-BABA-019,https://data.alibabagroup.com/ecms-files/1532295521/d97a7c2f-7a14-4d71-a2b3-5d833db5b53a.pdf,a2aa2a4fb47c83fdd18274e98b925c0252b7c925b667ae92387f1051d45cb453,2015-05-07,"Results announcement, fiscal-year investing activities","investing activities of RMB53,454 million (US$8,623 million) mainly included investment and acquisition activities of 15 RMB45,486 million (US$7,338 million) primarily in local services, digital media and entertainment and mobile related businesses, as well as capital expenditure of RMB7,705 million",annual,B,VERIFIED,scope=capex_ppe_incl_land_use_rights_and_cip; source: issuer document fetched on a GitHub runner (PDF; text by pdftotext).
alibaba,company_capex,,2014-03-31,3M,,,,,,,,,,,,current,,NOT FOUND,No quarterly capex sentence found in the listed documents.
alibaba,company_capex,2014-04-01,2014-06-30,3M,1307000000,CNY,"RMB1,307 million",RMB millions,Capital expenditures,SRC-BABA-011,https://www.sec.gov/Archives/edgar/data/1577552/000119312514322604/d709111df1a.htm,3e31559c57a6efc77f957c047630a8259843e7a682ebc2009009b8185a0b22b9,2014-08-27,"Prospectus, Capital Expenditures","In the three months ended June 30, 2014, our capital expenditures totaled RMB1,307 million",current,A,VERIFIED,scope=capex_ppe_incl_land_use_rights_and_cip; source: sec.gov.
alibaba,company_capex,2013-04-01,2014-03-31,12M,4776000000,CNY,"RMB4,776 million",RMB millions,Capital expenditures,SRC-BABA-011,https://www.sec.gov/Archives/edgar/data/1577552/000119312514322604/d709111df1a.htm,3e31559c57a6efc77f957c047630a8259843e7a682ebc2009009b8185a0b22b9,2014-08-27,"Prospectus, Capital Expenditures","fiscal years 2012, 2013 and 2014, our capital expenditures totaled RMB2,168 million, RMB2,503 million and RMB4,776 million",annual,A,VERIFIED,scope=capex_ppe_incl_land_use_rights_and_cip; source: sec.gov.
alibaba,company_capex,2014-07-01,2014-09-30,3M,3396000000,CNY,"RMB3,396 million",RMB millions,Capital expenditures,SRC-BABA-015,https://data.alibabagroup.com/ecms-files/1532295521/b88a89b6-d9b8-4598-a424-118a7ad9318b.pdf,4e63ce0cee255d92cdd08bb286a72c808c1018570ed0e94b5e3f6ddc05aa4877,2014-11-04,"Results announcement, liquidity / investing activities discussion","Capital expenditures in the quarter ended September 30, 2014 were RMB3,396 million",current,B,VERIFIED,scope=capex_ppe_incl_land_use_rights_and_cip; source: issuer document fetched on a GitHub runner (PDF; text by pdftotext).
alibaba,company_capex,2013-07-01,2013-09-30,3M,1140000000,CNY,"RMB1,140 million",RMB millions,Capital expenditures,SRC-BABA-015,https://data.alibabagroup.com/ecms-files/1532295521/b88a89b6-d9b8-4598-a424-118a7ad9318b.pdf,4e63ce0cee255d92cdd08bb286a72c808c1018570ed0e94b5e3f6ddc05aa4877,2014-11-04,Results announcement (prior-year comparative),"Capital expenditures in the quarter ended September 30, 2014 were RMB3,396 million (US$553 million), compared to RMB1,140 million in the same quarter of 2013",prior_year_comparative,B,VERIFIED,scope=capex_ppe_incl_land_use_rights_and_cip; comparative in a later release; source: issuer document fetched on a GitHub runner (PDF; text by pdftotext).
alibaba,company_capex,2014-10-01,2014-12-31,3M,1513000000,CNY,"RMB1,513 million",RMB millions,Capital expenditures,SRC-BABA-018,https://data.alibabagroup.com/ecms-files/1532295521/60a32f52-d4ad-4192-99e4-aedbf4823fac.pdf,c5a98ce1cf109b1cfbaa5dfc6c4772297e7711f703781f66aca1694c1514f674,2015-01-29,"Results announcement, liquidity / investing activities discussion","Capital expenditures in the quarter ended December 31, 2014 were RMB1,513 million",current,B,VERIFIED,scope=capex_ppe_incl_land_use_rights_and_cip; source: issuer document fetched on a GitHub runner (PDF; text by pdftotext).
alibaba,company_capex,2013-10-01,2013-12-31,3M,1601000000,CNY,"RMB1,601 million",RMB millions,Capital expenditures,SRC-BABA-018,https://data.alibabagroup.com/ecms-files/1532295521/60a32f52-d4ad-4192-99e4-aedbf4823fac.pdf,c5a98ce1cf109b1cfbaa5dfc6c4772297e7711f703781f66aca1694c1514f674,2015-01-29,Results announcement (prior-year comparative),"Capital expenditures in the quarter ended December 31, 2014 were RMB1,513 million (US$244 million), compared to RMB1,601 million in the same quarter of 2013",prior_year_comparative,B,VERIFIED,scope=capex_ppe_incl_land_use_rights_and_cip; comparative in a later release; source: issuer document fetched on a GitHub runner (PDF; text by pdftotext).
alibaba,company_capex,2015-01-01,2015-03-31,3M,1489000000,CNY,"RMB1,489 million",RMB millions,Capital expenditures,SRC-BABA-019,https://data.alibabagroup.com/ecms-files/1532295521/d97a7c2f-7a14-4d71-a2b3-5d833db5b53a.pdf,a2aa2a4fb47c83fdd18274e98b925c0252b7c925b667ae92387f1051d45cb453,2015-05-07,"Results announcement, liquidity / investing activities discussion","Capital expenditures in the quarter ended March 31, 2015 were RMB1,489 million",current,B,VERIFIED,scope=capex_ppe_incl_land_use_rights_and_cip; source: issuer document fetched on a GitHub runner (PDF; text by pdftotext).
alibaba,company_capex,2014-01-01,2014-03-31,3M,440000000,CNY,RMB440 million,RMB millions,Capital expenditures,SRC-BABA-019,https://data.alibabagroup.com/ecms-files/1532295521/d97a7c2f-7a14-4d71-a2b3-5d833db5b53a.pdf,a2aa2a4fb47c83fdd18274e98b925c0252b7c925b667ae92387f1051d45cb453,2015-05-07,Results announcement (prior-year comparative),"Capital expenditures in the quarter ended March 31, 2015 were RMB1,489 million (US$240 million), compared to RMB440 million in the same quarter of 2014",prior_year_comparative,B,VERIFIED,scope=capex_ppe_incl_land_use_rights_and_cip; comparative in a later release; source: issuer document fetched on a GitHub runner (PDF; text by pdftotext).
alibaba,company_capex,2014-04-01,2015-03-31,12M,7705000000,CNY,"RMB7,705 million",RMB millions,Capital expenditures,SRC-BABA-019,https://data.alibabagroup.com/ecms-files/1532295521/d97a7c2f-7a14-4d71-a2b3-5d833db5b53a.pdf,a2aa2a4fb47c83fdd18274e98b925c0252b7c925b667ae92387f1051d45cb453,2015-05-07,Results announcement,"Capital expenditures in fiscal year 2015 were RMB7,705 million",annual,B,VERIFIED,scope=capex_ppe_incl_land_use_rights_and_cip; source: issuer document fetched on a GitHub runner (PDF; text by pdftotext).
alibaba,company_capex,2014-04-01,2015-03-31,12M,7705000000,CNY,"RMB7,705 million",RMB millions,Capital expenditure,SRC-BABA-019,https://data.alibabagroup.com/ecms-files/1532295521/d97a7c2f-7a14-4d71-a2b3-5d833db5b53a.pdf,a2aa2a4fb47c83fdd18274e98b925c0252b7c925b667ae92387f1051d45cb453,2015-05-07,"Results announcement, fiscal-year investing activities","investing activities of RMB53,454 million (US$8,623 million) mainly included investment and acquisition activities of 15 RMB45,486 million (US$7,338 million) primarily in local services, digital media and entertainment and mobile related businesses, as well as capital expenditure of RMB7,705 million",annual,B,VERIFIED,scope=capex_ppe_incl_land_use_rights_and_cip; source: issuer document fetched on a GitHub runner (PDF; text by pdftotext).
alibaba,company_capex,2015-04-01,2015-06-30,3M,1787000000,CNY,"RMB1,787 million",RMB millions,Capital expenditures,SRC-BABA-021,https://data.alibabagroup.com/ecms-files/1532295521/5b899736-fe9e-4fae-9607-533c1bb30974.pdf,7d84c020b837c7960279dae4bcd1c478aa7c5cb8cdfb47d0062760f37bc3ebae,2015-08-12,"Results announcement, liquidity / investing activities discussion","Capital expenditures in the quarter ended June 30, 2015 were RMB1,787 million",current,B,VERIFIED,scope=capex_ppe_incl_land_use_rights_and_cip; source: issuer document fetched on a GitHub runner (PDF; text by pdftotext).
alibaba,company_capex,2014-04-01,2014-06-30,3M,1307000000,CNY,"RMB1,307 million",RMB millions,Capital expenditures,SRC-BABA-021,https://data.alibabagroup.com/ecms-files/1532295521/5b899736-fe9e-4fae-9607-533c1bb30974.pdf,7d84c020b837c7960279dae4bcd1c478aa7c5cb8cdfb47d0062760f37bc3ebae,2015-08-12,Results announcement (prior-year comparative),"Capital expenditures in the quarter ended June 30, 2015 were RMB1,787 million (US$288 million), compared to RMB1,307 million in the same quarter of 2014",prior_year_comparative,B,VERIFIED,scope=capex_ppe_incl_land_use_rights_and_cip; comparative in a later release; source: issuer document fetched on a GitHub runner (PDF; text by pdftotext).
alibaba,company_capex,2015-07-01,2015-09-30,3M,3177000000,CNY,"RMB3,177 million",RMB millions,Capital expenditures,SRC-BABA-022,https://data.alibabagroup.com/ecms-files/1532295521/0015d9e5-e2b3-4982-8d52-6ba804db3729.pdf,bd14ba28faff235c0cf401190488b532fc163aadbe9e932d2f30544ee7231521,2015-10-27,"Results announcement, liquidity / investing activities discussion"," activities of RMB5,676 million (US$893 million) as well as capital expenditures of RMB3,177 million (US$500 million), which included cash outflow for acquisition of land use rights and construction in progress of RMB1,917 million (US$302 m",current,B,VERIFIED,scope=capex_ppe_incl_land_use_rights_and_cip; source: issuer document fetched on a GitHub runner (PDF; text by pdftotext).
alibaba,company_capex,2015-10-01,2015-12-31,3M,4896000000,CNY,"RMB4,896 million",RMB millions,Capital expenditures,SRC-BABA-023,https://data.alibabagroup.com/ecms-files/1532295521/a12c2f95-680d-405d-8f11-6436679038d8.pdf,730eabf92976035072bfa0c171796f11b1b35ffbf8b017fd444bf4338ccb3e99,2016-01-28,"Results announcement, liquidity / investing activities discussion","hnologies, ecommerce, travel and local services, as well as capital expenditures of RMB4,896 million (US$756 million), which included cash outflow for acquisition of land use rights and construction in progress of RMB2,531 million (US$391 m",current,B,VERIFIED,scope=capex_ppe_incl_land_use_rights_and_cip; source: issuer document fetched on a GitHub runner (PDF; text by pdftotext).
alibaba,company_capex,2016-01-01,2016-03-31,3M,985000000,CNY,RMB985 million,RMB millions,Capital expenditures,SRC-BABA-024,https://data.alibabagroup.com/ecms-files/1532295521/fb1c435b-b39b-48d7-9817-251aea07e118.pdf,db16dc2acad14b9f6540e2e55c99234ba97932812a68bf368e4991ef18d9c364,2016-05-05,"Results announcement, liquidity / investing activities discussion","vestments in Ele.me, Cainiao Network and Koubei, as well as capital expenditures of RMB985 million (US$153 million), which included cash outflow for acquisition of land use rights and construction in progress of RMB302 million (US$47 mill",current,B,VERIFIED,scope=capex_ppe_incl_land_use_rights_and_cip; source: issuer document fetched on a GitHub runner (PDF; text by pdftotext).
alibaba,company_capex,2015-04-01,2016-03-31,12M,10845000000,CNY,"RMB10,845 million",RMB millions,Capital expenditures,SRC-BABA-024,https://data.alibabagroup.com/ecms-files/1532295521/fb1c435b-b39b-48d7-9817-251aea07e118.pdf,db16dc2acad14b9f6540e2e55c99234ba97932812a68bf368e4991ef18d9c364,2016-05-05,"Results announcement, fiscal-year investing activities","cash used in investing activities of RMB42,831 million (US$6,643 million) mainly included investment and acquisition activities of RMB40,994 million (US$6,358 million) primarily in local services, media and entertainment, e-commerce and logistics, as well as capital expenditures of RMB10,845 million",annual,B,VERIFIED,scope=capex_ppe_incl_land_use_rights_and_cip; source: issuer document fetched on a GitHub runner (PDF; text by pdftotext).
alibaba,company_capex,2016-04-01,2016-06-30,3M,3259000000,CNY,"RMB3,259 million",RMB millions,Capital expenditures,SRC-BABA-026,https://data.alibabagroup.com/ecms-files/1532295521/0ee2f6d6-07c9-457e-b445-e657cecb3622.pdf,e95df8bec6ed73b63fca54f5083309b2bd3808af33db5c320af60406d972e7c2,2016-08-11,"Results announcement, liquidity / investing activities discussion","ou and Lazada and investment in Suning Commerce, as well as capital expenditures of RMB3,259 million (US$490 million), which included cash outflow for acquisition of land use rights and construction in progress of RMB465 million (US$70 mill",current,B,VERIFIED,scope=capex_ppe_incl_land_use_rights_and_cip; source: issuer document fetched on a GitHub runner (PDF; text by pdftotext).
alibaba,company_capex,2016-07-01,2016-09-30,3M,3579000000,CNY,"RMB3,579 million",RMB millions,Capital expenditures,SRC-BABA-027,https://data.alibabagroup.com/ecms-files/1532295521/caa00ede-9b64-4173-9b76-40991c47ead7.pdf,7dc765a3b0d46cd5c2eab099dffbd4317e6a57a752c8c4a408e04fb9ac6fa9b3,2016-11-02,"Results announcement, liquidity / investing activities discussion","on) for investments, mainly in Ele.me and Weibo, as well as capital expenditures of RMB3,579 million (US$537 million), which included cash outflow for acquisition of land use rights and construction in progress of RMB231 million (US$35 mill",current,B,VERIFIED,scope=capex_ppe_incl_land_use_rights_and_cip; source: issuer document fetched on a GitHub runner (PDF; text by pdftotext).
alibaba,company_capex,2016-10-01,2016-12-31,3M,7301000000,CNY,"RMB7,301 million",RMB millions,Capital expenditures,SRC-BABA-028,https://data.alibabagroup.com/ecms-files/1532295521/ee88d92f-3831-4818-9053-6bddb87b442e.pdf,d8e8136249e048490196c0e11db2822bd20f2a8f8869151a8b4cad9cd797f598,2017-01-24,"Results announcement, liquidity / investing activities discussion","B1,961 million (US$282 million) for investments, as well as capital expenditures of RMB7,301 million (US$1,052 million), which included cash outflow for acquisition of land use rights and construction in progress of RMB4,055 million (US$584",current,B,VERIFIED,scope=capex_ppe_incl_land_use_rights_and_cip; source: issuer document fetched on a GitHub runner (PDF; text by pdftotext).
alibaba,company_capex,2017-01-01,2017-03-31,3M,3407000000,CNY,"RMB3,407 million",RMB millions,Capital expenditures and intangible assets,SRC-BABA-029,https://data.alibabagroup.com/ecms-files/1532295521/26b505de-d0ab-475a-a6c2-873bd6849c8d.pdf,bd0bb6c0d1d59c1815749d41fa340240bd4be9b68a0968675825e64703bc18db,2017-05-18,"Results announcement, liquidity / investing activities discussion","lion) for investment and acquisition activities, as well as capital expenditures and intangible assets of RMB3,407 million (US$495 million), which included cash outflow for acquisition of land use rights and construction in progress of RMB575 million (US$84 mill",current,B,VERIFIED,scope=capex_plus_intangible_assets; source: issuer document fetched on a GitHub runner (PDF; text by pdftotext).
alibaba,company_capex,2016-04-01,2017-03-31,12M,17546000000,CNY,"RMB17,546 million",RMB millions,Capital expenditures and intangible assets,SRC-BABA-029,https://data.alibabagroup.com/ecms-files/1532295521/26b505de-d0ab-475a-a6c2-873bd6849c8d.pdf,bd0bb6c0d1d59c1815749d41fa340240bd4be9b68a0968675825e64703bc18db,2017-05-18,"Results announcement, fiscal-year investing activities","nvesting activities of RMB78,364 million (US$11,385 million) mainly included investment and acquisition activities of RMB77,552 million (US$11,267 million), primarily in media and entertainment, e-commerce and local services, as well as capital expenditures and intangible assets of RMB17,546 million",annual,B,VERIFIED,scope=capex_plus_intangible_assets; source: issuer document fetched on a GitHub runner (PDF; text by pdftotext).
alibaba,company_capex,2017-04-01,2017-06-30,3M,3589000000,CNY,"RMB3,589 million",RMB millions,Capital expenditures and intangible assets,SRC-BABA-031,https://data.alibabagroup.com/ecms-files/1532295521/08cad29a-66a5-4f66-a8b5-324f2012a1b3.pdf,a8bcdc778db7c8a398d64ffc4ade84dbcb63769f9d4c7bced33775250052259e,2017-08-17,"Results announcement, liquidity / investing activities discussion","d investments in Ele.me and Lianhua Supermarket, as well as capital expenditures and intangible assets of RMB3,589 million (US$529 million), which included cash outflow for acquisition of land use rights and construction in progress of RMB427 million (US$63 mill",current,B,VERIFIED,scope=capex_plus_intangible_assets; source: issuer document fetched on a GitHub runner (PDF; text by pdftotext).
alibaba,company_capex,2017-07-01,2017-09-30,3M,8673000000,CNY,"RMB8,673 million",RMB millions,Capital expenditures and intangible assets,SRC-BABA-032,https://data.alibabagroup.com/ecms-files/1532295521/6f3833fe-a1c4-4ada-b095-78ebc55c707d.pdf,1d1ee3d8a16efdb741ccd106fd6173e421790cc02de89743dcded854cf170e40,2017-11-02,"Results announcement, liquidity / investing activities discussion","lion (US$1,220 million) for treasury activities, as well as capital expenditures and intangible assets of RMB8,673 million (US$1,303 million), which included cash outflow for acquisition of land use rights and construction in progress of RMB671 million (US$101 m",current,B,VERIFIED,scope=capex_plus_intangible_assets; source: issuer document fetched on a GitHub runner (PDF; text by pdftotext).
alibaba,company_capex,2017-10-01,2017-12-31,3M,10422000000,CNY,"RMB10,422 million",RMB millions,Capital expenditures and intangible assets,SRC-BABA-035,https://data.alibabagroup.com/ecms-files/1532295521/08f4da0b-40a5-4d8b-81e4-3519ddb6934c.pdf,f14b22525894acbed59e196cd0eb7948d41116a8a11aba694f4c7dd7eb7f3b80,2018-02-01,"Results announcement, liquidity / investing activities discussion","ncluding our investment in Sun Art Retail Group, as well as capital expenditures and intangible assets of RMB10,422 million (US$1,602 million), which included cash outflow for acquisition of land use rights and construction in progress of RMB1,393 million (US$214",current,B,VERIFIED,scope=capex_plus_intangible_assets; source: issuer document fetched on a GitHub runner (PDF; text by pdftotext).
alibaba,company_capex,2018-01-01,2018-03-31,3M,7152000000,CNY,"RMB7,152 million",RMB millions,Capital expenditures and acquisition of intangible assets,SRC-BABA-036,https://data.alibabagroup.com/ecms-files/1532295521/8b2ea271-b368-4ea1-b9f2-204ada4327cd.pdf,26fd1cd5414d3d520d7574ab3dffeab8448c00f7ffc3bba7d5060c0083d5b834,2018-05-04,"Results announcement, liquidity / investing activities discussion","uding investments in Wanda Cinemas and Easyhome, as well as capital expenditures and acquisition of intangible assets of RMB7,152 million (US$1,141 million), which included cash outflow for acquisition of land use rights and construction in progress of RMB1,536 million (US$245",current,B,VERIFIED,scope=capex_plus_intangible_assets; source: issuer document fetched on a GitHub runner (PDF; text by pdftotext).
alibaba,company_capex,2017-04-01,2018-03-31,12M,29836000000,CNY,"RMB29,836 million",RMB millions,Capital expenditures and acquisition of intangible assets,SRC-BABA-036,https://data.alibabagroup.com/ecms-files/1532295521/8b2ea271-b368-4ea1-b9f2-204ada4327cd.pdf,26fd1cd5414d3d520d7574ab3dffeab8448c00f7ffc3bba7d5060c0083d5b834,2018-05-04,"Results announcement, fiscal-year investing activities","sition activities of RMB66,134 million (US$10,543 million), including investments in Sun Art Retail Group Limited, Ele.me, Wanda Cinema, Easyhome, Tokopedia and Lianhua Supermarket, and privatization of Intime, as well as capital expenditures and acquisition of intangible assets of RMB29,836 million",annual,B,VERIFIED,scope=capex_plus_intangible_assets; source: issuer document fetched on a GitHub runner (PDF; text by pdftotext).
alibaba,company_capex,2018-04-01,2018-06-30,3M,11205000000,CNY,"RMB11,205 million",RMB millions,Capital expenditures and acquisition of intangible assets and licensed copyrights,SRC-BABA-038,https://data.alibabagroup.com/ecms-files/1532295521/a18d1065-85be-48da-9bcc-98fb5dfdb122.pdf,a02ccc0096e629b045ba781f915e0fda9d869e9a15573af3ed83dc2bc3e80a44,2018-08-23,"Results announcement, liquidity / investing activities discussion","including investments in Ele.me and ZTO Express, as well as capital expenditures and acquisition of intangible assets and licensed copyrights of RMB11,205 million (US$1,693 million), which included cash outflow for acquisition of land use rights and construction in progress relating to office campus",current,B,VERIFIED,scope=capex_plus_intangibles_and_licensed_copyrights; source: issuer document fetched on a GitHub runner (PDF; text by pdftotext).
alibaba,company_capex,2018-07-01,2018-09-30,3M,12394000000,CNY,"RMB12,394 million",RMB millions,Capital expenditures,SRC-BABA-039,https://data.alibabagroup.com/ecms-files/1532295521/1bc4b029-4de5-4c84-8ffd-1587b1fa94c3.pdf,ed68b5e10f3d7273bce16a220fb4e36d4dbbb0c7efce20b735573462bcef3b43,2018-11-02,"Results announcement, liquidity / investing activities discussion","cquisition of Trendyol and investments in Focus Media, (ii) capital expenditures of RMB12,394 million (US$1,805 million), which included cash outflow for acquisition of land use rights and construction in progress relating to office campus o",current,B,VERIFIED,scope=capex_ppe_incl_land_use_rights_and_cip; source: issuer document fetched on a GitHub runner (PDF; text by pdftotext).
alibaba,company_capex,2018-10-01,2018-12-31,3M,10100000000,CNY,"RMB10,100 million",RMB millions,Capital expenditures,SRC-BABA-040,https://data.alibabagroup.com/ecms-files/1532295521/2826f4ed-56cc-40bf-905b-ee04045a0db1.pdf,f775bc830701d5df34767b92cfd833946a67ee6628cae601f6c1873f7e79fb32,2019-01-30,"Results announcement, liquidity / investing activities discussion","s, including investments in Focus Media and Tokopedia, (ii) capital expenditures of RMB10,100 million (US$1,469 million), which included cash outflow for acquisition of land use rights and construction in progress relating to office campus o",current,B,VERIFIED,scope=capex_ppe_incl_land_use_rights_and_cip; source: issuer document fetched on a GitHub runner (PDF; text by pdftotext).
alibaba,company_capex,2019-01-01,2019-03-31,3M,6537000000,CNY,"RMB6,537 million",RMB millions,Capital expenditures,SRC-BABA-041,https://data.alibabagroup.com/ecms-files/1532295521/f71f803e-c4ea-4833-a36e-f82e20e1cd73.pdf,cfec3e9d6a2630ad3adf6964bb7bab381997cd55f82dc5fdf6843ada9d9b460a,2019-05-15,"Results announcement, liquidity / investing activities discussion","ng those relating to STO Express and iKang Healthcare, (ii) capital expenditures of RMB6,537 million (US$973 million), which included cash outflow for acquisition of land use rights and construction in progress relating to office campus of ",current,B,VERIFIED,scope=capex_ppe_incl_land_use_rights_and_cip; source: issuer document fetched on a GitHub runner (PDF; text by pdftotext).
alibaba,company_capex,2018-04-01,2019-03-31,12M,35482000000,CNY,"RMB35,482 million",RMB millions,Capital expenditures,SRC-BABA-041,https://data.alibabagroup.com/ecms-files/1532295521/f71f803e-c4ea-4833-a36e-f82e20e1cd73.pdf,cfec3e9d6a2630ad3adf6964bb7bab381997cd55f82dc5fdf6843ada9d9b460a,2019-05-15,"Results announcement, fiscal-year investing activities","sed in investing activities of RMB151,060 million (US$22,509 million) primarily reflected (i) cash outflow of RMB119,766 million (US$17,846 million) for investment and acquisition activities, including investments in Ele.me, Focus Media and ZTO Express, (ii) capital expenditures of RMB35,482 million",annual,B,VERIFIED,scope=capex_ppe_incl_land_use_rights_and_cip; source: issuer document fetched on a GitHub runner (PDF; text by pdftotext).
alibaba,company_capex,2019-04-01,2019-06-30,3M,6382000000,CNY,"RMB6,382 million",RMB millions,Capital expenditures,SRC-BABA-043,https://data.alibabagroup.com/ecms-files/1532295521/e50224c9-2e5e-457e-a801-509c1417619f.pdf,dbe7ed3d9697d5b4b5b69bec46df1d452072434755ceb6432879b61b3e55559d,2019-08-15,"Results announcement, liquidity / investing activities discussion","se relating to Red Star Macalline and China TransInfo, (ii) capital expenditures of RMB6,382 million (US$930 million), which included cash outflow for acquisition of land use rights and construction in progress relating to office campus of ",current,B,VERIFIED,scope=capex_ppe_incl_land_use_rights_and_cip; source: issuer document fetched on a GitHub runner (PDF; text by pdftotext).
alibaba,company_capex,2019-07-01,2019-09-30,3M,9826000000,CNY,"RMB9,826 million",RMB millions,Capital expenditures,SRC-BABA-044,https://data.alibabagroup.com/ecms-files/1532295521/513861b5-9aa2-4104-9644-aaffcb082fd8.pdf,93424d2861dfcb46970ffe9e51d93e29b911a4a8f77071e1f1625a4577d605fd,2019-11-01,"Results announcement, liquidity / investing activities discussion"," relating to STO Express and the acquisition of Kaola, (ii) capital expenditures of RMB9,826 million (US$1,375 million), which included cash outflow for the acquisition of land use rights and construction in progress relating to office camp",current,B,VERIFIED,scope=capex_ppe_incl_land_use_rights_and_cip; source: issuer document fetched on a GitHub runner (PDF; text by pdftotext).
alibaba,company_capex,2019-10-01,2019-12-31,3M,6659000000,CNY,"RMB6,659 million",RMB millions,Capital expenditures,SRC-BABA-049,https://data.alibabagroup.com/ecms-files/1532295521/7a6bb4f9-90e6-4a26-81ac-10f3a7656fc6.pdf,495abcd39dc9b55e830d127c7351ee71278358559512a8e7416459d2c57f8ccd,2020-02-13,"Results announcement, liquidity / investing activities discussion"," Kaola and investment in Meinian Onehealth Healthcare, (ii) capital expenditures of RMB6,659 million (US$956 million), which included cash outflow for the acquisition of land use rights and construction in progress relating to office campus",current,B,VERIFIED,scope=capex_ppe_incl_land_use_rights_and_cip; source: issuer document fetched on a GitHub runner (PDF; text by pdftotext).
alibaba,company_capex,2020-01-01,2020-03-31,3M,9683000000,CNY,"RMB9,683 million",RMB millions,Capital expenditures,SRC-BABA-050,https://data.alibabagroup.com/ecms-files/1532295521/09046238-b133-4c78-8578-ade171e56e72.pdf,6ada8f0da6b10d11ec3fa26aaaa2b7176eaf3d525a54da05d906ab96f5885026,2020-05-22,"Results announcement, liquidity / investing activities discussion","m investments by RMB26,919 million (US$3,802 million), (ii) capital expenditures of RMB9,683 million (US$1,367 million), which included cash outflow for acquisition of land use rights and construction in progress relating to office campuses",current,B,VERIFIED,scope=capex_ppe_incl_land_use_rights_and_cip; source: issuer document fetched on a GitHub runner (PDF; text by pdftotext).
alibaba,company_capex,2019-04-01,2020-03-31,12M,32550000000,CNY,"RMB32,550 million",RMB millions,Capital expenditures,SRC-BABA-050,https://data.alibabagroup.com/ecms-files/1532295521/09046238-b133-4c78-8578-ade171e56e72.pdf,6ada8f0da6b10d11ec3fa26aaaa2b7176eaf3d525a54da05d906ab96f5885026,2020-05-22,"Results announcement, fiscal-year investing activities","imarily reflected (i) cash outflow of RMB56,873 million (US$8,032 million) for investment and acquisition activities, including the acquisition of Kaola and investment in Meinian Onehealth Healthcare, Red Star Macalline, STO Express and China TransInfo, (ii) capital expenditures of RMB32,550 million",annual,B,VERIFIED,scope=capex_ppe_incl_land_use_rights_and_cip; source: issuer document fetched on a GitHub runner (PDF; text by pdftotext).
alibaba,company_capex,2020-04-01,2020-06-30,3M,13638000000,CNY,"RMB13,638 million",RMB millions,Capital expenditures,SRC-BABA-052,https://data.alibabagroup.com/ecms-files/1532295521/0c0aaf4b-fd90-4708-a9fc-e5d9ed1199a4.pdf,ea4eea57f0aee0d0d45190ed59c3c509582c1802931ec6e5be991f1a8275cee7,2020-08-20,"Results announcement, liquidity / investing activities discussion","nvestments by RMB44,009 million 16 (US$6,229 million), (ii) capital expenditures of RMB13,638 million (US$1,930 million), which included cash outflow for acquisition of land use rights and construction in progress relating to office campuses",current,B,VERIFIED,scope=capex_ppe_incl_land_use_rights_and_cip; source: issuer document fetched on a GitHub runner (PDF; text by pdftotext).
alibaba,company_capex,2020-07-01,2020-09-30,3M,14280000000,CNY,"RMB14,280 million",RMB millions,Capital expenditures,SRC-BABA-053,https://data.alibabagroup.com/ecms-files/1532295521/29052aaa-739d-4725-bbd3-e1654f0afcfd.pdf,f8a55f39722def760ee190723e4532aa867cbcf015129524f2ed338c315762b9,2020-11-05,"Results announcement, liquidity / investing activities discussion"," the investments in YTO Express and Xpeng, as well as (iii) capital expenditures of RMB14,280 million (US$2,103 million), which included cash outflow for acquisition of land use rights and construction in progress relating to office campuses",current,B,VERIFIED,scope=capex_ppe_incl_land_use_rights_and_cip; source: issuer document fetched on a GitHub runner (PDF; text by pdftotext).
alibaba,company_capex,2020-10-01,2020-12-31,3M,5844000000,CNY,"RMB5,844 million",RMB millions,Capital expenditures,SRC-BABA-057,https://data.alibabagroup.com/ecms-files/1532295521/925581a3-4484-48f3-b4f9-949c2d3cec5b.pdf,f6a1813c3a1d55f8a7817b52cb6d77be34e39b7c4ebc9ce703ac60232593d4c5,2021-02-02,"Results announcement, liquidity / investing activities discussion","s by RMB28,433 million (US$4,358 million), as well as (iii) capital expenditures of RMB5,844 million (US$895 million), which included cash outflow for acquisition of land use rights and construction in progress relating to office campuses o",current,B,VERIFIED,scope=capex_ppe_incl_land_use_rights_and_cip; source: issuer document fetched on a GitHub runner (PDF; text by pdftotext).
alibaba,company_capex,2021-01-01,2021-03-31,3M,7688000000,CNY,"RMB7,688 million",RMB millions,Capital expenditures,SRC-BABA-059,https://data.alibabagroup.com/ecms-files/1532295521/69d0f33f-cc3f-48e8-b2ca-accf5801d63f.pdf,3e39b9c237fcb2b1b2fd01ea7a6340ee807c178e2aad1fdd9642fc08b4f0c292,2021-05-13,"Results announcement, liquidity / investing activities discussion","ts by RMB7,846 million (US$1,198 million), as well as (iii) capital expenditures of RMB7,688 million (US$1,173 million), which included cash outflow for acquisition of land use rights and construction in progress relating to office campuses",current,B,VERIFIED,scope=capex_ppe_incl_land_use_rights_and_cip; source: issuer document fetched on a GitHub runner (PDF; text by pdftotext).
alibaba,company_capex,2020-04-01,2021-03-31,12M,41450000000,CNY,"RMB41,450 million",RMB millions,Capital expenditures,SRC-BABA-059,https://data.alibabagroup.com/ecms-files/1532295521/69d0f33f-cc3f-48e8-b2ca-accf5801d63f.pdf,3e39b9c237fcb2b1b2fd01ea7a6340ee807c178e2aad1fdd9642fc08b4f0c292,2021-05-13,"Results announcement, fiscal-year investing activities","se in short-term investments by RMB114,826 million (US$17,526 million), (ii) cash outflow of RMB95,312 million (US$14,547 million) for investment and acquisition activities, including the acquisition of Sun Art and investment in YTO Express, as well as (iii) capital expenditures of RMB41,450 million",annual,B,VERIFIED,scope=capex_ppe_incl_land_use_rights_and_cip; source: issuer document fetched on a GitHub runner (PDF; text by pdftotext).
alibaba,company_capex,2021-04-01,2021-06-30,3M,12518000000,CNY,"RMB12,518 million",RMB millions,Capital expenditures,SRC-BABA-061,https://data.alibabagroup.com/ecms-files/1532295521/792ccd5e-10b0-42ca-9aef-0453ffffaddc.pdf,def237a7f6d84116a1c8c791fcaadf897d02e4ddff8b257b9d517db6c3953587,2021-08-03,"Results announcement, liquidity / investing activities discussion","m investments by RMB27,832 million (US$4,311 million), (ii) capital expenditures of RMB12,518 million (US$1,939 million), which included cash outflow for acquisition of land use rights and construction in progress relating to office campuses",current,B,VERIFIED,scope=capex_ppe_incl_land_use_rights_and_cip; source: issuer document fetched on a GitHub runner (PDF; text by pdftotext).
alibaba,company_capex,2021-07-01,2021-09-30,3M,15938000000,CNY,"RMB15,938 million",RMB millions,Capital expenditures,SRC-BABA-062,https://data.alibabagroup.com/ecms-files/1532295521/0dd0aa50-0431-4a9c-a612-dac40147bc22.pdf,5a476fad391c5d3e07a8b54cbcfb6aa9e8a26502b630a6d3f41a42a0dae4d9eb,2021-11-18,"Results announcement, liquidity / investing activities discussion","illion) for investment and acquisition activities, and (ii) capital expenditures of RMB15,938 million (US$2,474 million), which included cash outflow for acquisition of land use rights and construction in progress relating to office campuses",current,B,VERIFIED,scope=capex_ppe_incl_land_use_rights_and_cip; source: issuer document fetched on a GitHub runner (PDF; text by pdftotext).
alibaba,company_capex,2021-10-01,2021-12-31,3M,13351000000,CNY,"RMB13,351 million",RMB millions,Capital expenditures,SRC-BABA-064,https://data.alibabagroup.com/ecms-files/1532295521/112489f7-3c86-4db8-9ab6-42a3357c9959.pdf,ec7d0ecc9e55f25f5f6e0fc0e8d56da18481a0c3e041d6db8f535ce6aed03fae,2022-02-24,"Results announcement, liquidity / investing activities discussion","m investments by RMB15,450 million (US$2,424 million), (ii) capital expenditures of RMB13,351 million (US$2,095 million), which included cash outflow for acquisition of land use rights and construction in progress relating to office campuses",current,B,VERIFIED,scope=capex_ppe_incl_land_use_rights_and_cip; source: issuer document fetched on a GitHub runner (PDF; text by pdftotext).
alibaba,company_capex,2022-01-01,2022-03-31,3M,11502000000,CNY,"RMB11,502 million",RMB millions,Capital expenditures,SRC-BABA-065,https://data.alibabagroup.com/ecms-files/1532295521/34596e84-ff0c-4522-bbc8-82a8c49c0bba.pdf,b26613adea1f62082412dd73e6104f03a9bc3b07fc1e7a4a72539954be0fd533,2022-05-26,"Results announcement, liquidity / investing activities discussion"," investments by RMB71,670 million (US$11,306 million), (ii) capital expenditures of RMB11,502 million (US$1,814 million), which included cash outflow for acquisition of land use rights and construction in progress relating to office campuses",current,B,VERIFIED,scope=capex_ppe_incl_land_use_rights_and_cip; source: issuer document fetched on a GitHub runner (PDF; text by pdftotext).
alibaba,company_capex,2021-04-01,2022-03-31,12M,53309000000,CNY,"RMB53,309 million",RMB millions,Capital expenditures,SRC-BABA-065,https://data.alibabagroup.com/ecms-files/1532295521/34596e84-ff0c-4522-bbc8-82a8c49c0bba.pdf,b26613adea1f62082412dd73e6104f03a9bc3b07fc1e7a4a72539954be0fd533,2022-05-26,"Results announcement, fiscal-year investing activities","During fiscal year 2022, net cash used in investing activities of RMB198,592 million (US$31,327 million) primarily reflected (i) an increase in short-term investments by RMB106,984 million (US$16,876 million), (ii) capital expenditures of RMB53,309 million",annual,B,VERIFIED,scope=capex_ppe_incl_land_use_rights_and_cip; source: issuer document fetched on a GitHub runner (PDF; text by pdftotext).
alibaba,company_capex,2022-04-01,2022-06-30,3M,11843000000,CNY,"RMB11,843 million",RMB millions,Capital expenditures,SRC-BABA-067,https://data.alibabagroup.com/ecms-files/1532295521/fceda7a9-57ee-423d-a357-147f796a95e8.pdf,3c5be1a0ee779a25c8f564c2bc54a956786d01f7cfc0f2ccb0655c779c84b0f0,2022-08-04,"Results announcement, liquidity / investing activities discussion","m investments by RMB14,130 million (US$2,110 million), (ii) capital expenditures of RMB11,843 million (US$1,768 million), as well as (iii) cash outflow of RMB4,537 million (US$677 million) for investment and acquisition activities. Net cash ",current,B,VERIFIED,scope=capex_ppe_incl_land_use_rights_and_cip; source: issuer document fetched on a GitHub runner (PDF; text by pdftotext).
alibaba,company_capex,2022-07-01,2022-09-30,3M,12112000000,CNY,"RMB12,112 million",RMB millions,Capital expenditures,SRC-BABA-068,https://data.alibabagroup.com/ecms-files/1532295521/7bfce448-276b-4f77-8f50-ad183a04b45a.pdf,cd2840b9035512d3bc39ee0859c9cf2bf8ab8173b521fc7b89b8bd8716901e04,2022-11-17,"Results announcement, liquidity / investing activities discussion","RMB8,148 million (US$1,145 million) primarily reflected (i) capital expenditures of RMB12,112 million (US$1,703 million), (ii) cash outflow of RMB6,049 million (US$850 million) for investment and acquisition activities, and (iii) an increase",current,B,VERIFIED,scope=capex_ppe_incl_land_use_rights_and_cip; source: issuer document fetched on a GitHub runner (PDF; text by pdftotext).
alibaba,company_capex,2022-10-01,2022-12-31,3M,6897000000,CNY,"RMB6,897 million",RMB millions,Capital expenditures,SRC-BABA-070,https://data.alibabagroup.com/ecms-files/1532295521/27a80f3a-8bb0-480f-9fdf-ca19569e59f5/Alibaba%20Group%20Announces%20December%20Quarter%202022%20Results.pdf,6eb29cb47d51a14c6692239a64e7fc3d7e9a486fa733a6c3f38ca19ed5e1b2bc,2023-02-23,"Results announcement, liquidity / investing activities discussion"," investments by RMB19,991 million (US$2,898 million), (iii) capital expenditures of RMB6,897 million (US$1,000 million), and (iv) cash outflow of RMB5,496 million (US$797 million) for investment and acquisition activities. These cash outflo",current,B,VERIFIED,scope=capex_ppe_incl_land_use_rights_and_cip; source: issuer document fetched on a GitHub runner (PDF; text by pdftotext).
alibaba,company_capex,2023-01-01,2023-03-31,3M,3478000000,CNY,"RMB3,478 million",RMB millions,Capital expenditures,SRC-BABA-071,https://data.alibabagroup.com/ecms-files/1532295521/e6f712b2-580c-4adf-ae1b-77c15c1ac262/Alibaba%20Group%20Announces%20March%20Quarter%20and%20Full%20Fiscal%20Year%202023%20Results.pdf,3e18e3747b7b4376b3484865cd232dc8a6c80be9b1902f03976e3fd631916c73,2023-05-18,"Results announcement, liquidity / investing activities discussion","illion) for investment and acquisition activities, and (iv) capital expenditures of RMB3,478 million (US$506 million). These cash outflows were partially offset by cash inflow of RMB8,970 million (US$1,306 million) from disposal of investme",current,B,VERIFIED,scope=capex_ppe_incl_land_use_rights_and_cip; source: issuer document fetched on a GitHub runner (PDF; text by pdftotext).
alibaba,company_capex,2022-04-01,2023-03-31,12M,34330000000,CNY,"RMB34,330 million",RMB millions,Capital expenditures,SRC-BABA-071,https://data.alibabagroup.com/ecms-files/1532295521/e6f712b2-580c-4adf-ae1b-77c15c1ac262/Alibaba%20Group%20Announces%20March%20Quarter%20and%20Full%20Fiscal%20Year%202023%20Results.pdf,3e18e3747b7b4376b3484865cd232dc8a6c80be9b1902f03976e3fd631916c73,2023-05-18,"Results announcement, fiscal-year investing activities","nvesting activities of RMB135,506 million (US$19,731 million) primarily reflected (i) an increase in short-term investments by RMB61,086 million (US$8,895 million), (ii) an increase in other treasury investments by RMB40,794 million (US$5,940 million), (iii) capital expenditures of RMB34,330 million",annual,B,VERIFIED,scope=capex_ppe_incl_land_use_rights_and_cip; source: issuer document fetched on a GitHub runner (PDF; text by pdftotext).
alibaba,company_capex,2023-04-01,2023-06-30,3M,6927000000,CNY,"RMB6,927 million",RMB millions,Capital expenditures,SRC-BABA-073,https://data.alibabagroup.com/ecms-files/1532295521/3786c801-0efd-406a-a8a8-3c6934905558/Alibaba%20Group%20Announces%20June%20Quarter%202023%20Results.pdf,fa4f988a74e98af57e000f3409ccaf28029458a45201f2d9434ed6bd31ca1576,2023-08-10,"Results announcement, liquidity / investing activities discussion","y investments by RMB32,597 million (US$4,495 million), (ii) capital expenditures of RMB6,927 million (US$955 million) and (iii) cash outflow of RMB2,707 million (US$373 million) for investment and acquisition activities. 17 Net cash used in",current,B,VERIFIED,scope=capex_ppe_incl_land_use_rights_and_cip; source: issuer document fetched on a GitHub runner (PDF; text by pdftotext).
alibaba,company_capex,2023-07-01,2023-09-30,3M,5150000000,CNY,"RMB5,150 million",RMB millions,Capital expenditure,SRC-BABA-074,https://data.alibabagroup.com/ecms-files/1532295521/d838b84e-0823-43cb-a482-80e00daa6d2b/Alibaba%20Group%20Announces%20September%20Quarter%202023%20Results.pdf,2be958f49b8b56efc2a4685c35400e8c54742566bda4552edb63eb058e88f8ea,2023-11-16,"Results announcement, liquidity / investing activities discussion","y investments by RMB9,342 million (US$1,280 million), (iii) capital expenditure of RMB5,150 million (US$706 million), and (iv) cash outflow of RMB2,776 million (US$381 million) for investment and acquisition activities. These cash outflows",current,B,VERIFIED,scope=capex_ppe_incl_land_use_rights_and_cip; source: issuer document fetched on a GitHub runner (PDF; text by pdftotext).
alibaba,company_capex,2023-10-01,2023-12-31,3M,8857000000,CNY,"RMB8,857 million",RMB millions,Capital expenditure,SRC-BABA-076,https://data.alibabagroup.com/ecms-files/1532295521/8d278cf5-0e7b-4374-aa60-a184ddeb571a/Alibaba%20Group%20Announces%20December%20Quarter%202023%20Results.pdf,e0e1578d01d16841a0c6242068abd3c6a43efa4d3039ecbb72ad708d04124257,2024-02-07,"Results announcement, liquidity / investing activities discussion","y investments by RMB14,559 million (US$2,051 million), (ii) capital expenditure of RMB8,857 million (US$1,247 million), (iii) an increase in short-term investments by RMB5,477 million (US$771 million), and (iv) cash outflow of RMB4,833 mil",current,B,VERIFIED,scope=capex_ppe_incl_land_use_rights_and_cip; source: issuer document fetched on a GitHub runner (PDF; text by pdftotext).
alibaba,company_capex,2024-01-01,2024-03-31,3M,11153000000,CNY,"RMB11,153 million",RMB millions,Capital expenditures,SRC-BABA-078,https://data.alibabagroup.com/ecms-files/1532295521/afdeaf9e-5dd7-4a18-8ff0-968a6807f09d/Alibaba%20Group%20Announces%20March%20Quarter%202024%20and%20Fiscal%20Year%202024%20Results.pdf,f2a35600ac20f5a34506fc3d7ec6b91f67f1f0d4a195be2420e83d3a8b1466e5,2024-05-14,"Results announcement, liquidity / investing activities discussion","f investments. These cash inflows were partly offset by (i) capital expenditures of RMB11,153 million (US$1,545 million), (ii) cash outflow of RMB10,653 million (US$1,475 million) for investment and acquisition activities, and (iii) an incre",current,B,VERIFIED,scope=capex_ppe_incl_land_use_rights_and_cip; source: issuer document fetched on a GitHub runner (PDF; text by pdftotext).
alibaba,company_capex,2023-04-01,2024-03-31,12M,32087000000,CNY,"RMB32,087 million",RMB millions,Capital expenditures,SRC-BABA-078,https://data.alibabagroup.com/ecms-files/1532295521/afdeaf9e-5dd7-4a18-8ff0-968a6807f09d/Alibaba%20Group%20Announces%20March%20Quarter%202024%20and%20Fiscal%20Year%202024%20Results.pdf,f2a35600ac20f5a34506fc3d7ec6b91f67f1f0d4a195be2420e83d3a8b1466e5,2024-05-14,"Results announcement, fiscal-year investing activities","During fiscal year 2024, net cash used in investing activities of RMB21,824 million (US$3,023 million) primarily reflected (i) an increase in other treasury investments by RMB64,392 million (US$8,918 million), (ii) capital expenditures of RMB32,087 million",annual,B,VERIFIED,scope=capex_ppe_incl_land_use_rights_and_cip; source: issuer document fetched on a GitHub runner (PDF; text by pdftotext).
alibaba,company_capex,2024-04-01,2024-06-30,3M,12094000000,CNY,"RMB12,094 million",RMB millions,Capital expenditure,SRC-BABA-080,https://data.alibabagroup.com/ecms-files/1532295521/a28fac87-995c-4e9a-8c0d-117023fa13fb/Alibaba%20Group%20Announces%20June%20Quarter%202024%20Results.pdf,c3cb38dcff64312be759d0b1c4ac854e4d6bd612fe35472ae17dc86bcd401d28,2024-08-15,"Results announcement, liquidity / investing activities discussion","investments by RMB112,148 million (US$15,432 million), (ii) capital expenditure of RMB12,094 million (US$1,664 million), and (iii) cash outflow of RMB1,769 million (US$243 million) for investment and acquisition activities. These cash outfl",current,B,VERIFIED,scope=capex_ppe_incl_land_use_rights_and_cip; source: issuer document fetched on a GitHub runner (PDF; text by pdftotext).
alibaba,company_capex,2024-07-01,2024-09-30,3M,17491000000,CNY,"RMB17,491 million",RMB millions,Capital expenditures,SRC-BABA-082,https://data.alibabagroup.com/ecms-files/1532295521/0cfe1fbc-94d9-4e25-a163-7e9fcab9fcb8/Alibaba%20Group%20Announces%20September%20Quarter%202024%20Results.pdf,aec8f1943f99f649f4fdba38c4bdc0845c44ed71a30bde2b336fbfc2f9169529,2024-11-15,"Results announcement, liquidity / investing activities discussion","f investments. These cash inflows were partly offset by (i) capital expenditures of RMB17,491 million (US$2,492 million), and (ii) cash outflow of RMB4,038 million (US$575 million) for investment and acquisition activities. Net cash used in ",current,B,VERIFIED,scope=capex_ppe_incl_land_use_rights_and_cip; source: issuer document fetched on a GitHub runner (PDF; text by pdftotext).
alibaba,company_capex,2024-10-01,2024-12-31,3M,31775000000,CNY,"RMB31,775 million",RMB millions,Capital expenditures,SRC-BABA-086,https://data.alibabagroup.com/ecms-files/1532295521/de0aaac9-4fd5-4a17-8762-526616f36ca8/Alibaba%20Group%20Announces%20December%20Quarter%202024%20Results.pdf,ce0b5c05aa6ba8b8468020e6cbcacfb0ce79c93f0e4a7b268631cfae7e279ab5,2025-02-20,"Results announcement, liquidity / investing activities discussion","rm investments by RMB79,819 million (US$10,935 million) and capital expenditures of RMB31,775 million (US$4,353 million). 15 Net cash provided by financing activities ",current,B,VERIFIED,scope=capex_ppe_incl_land_use_rights_and_cip; source: issuer document fetched on a GitHub runner (PDF; text by pdftotext).
alibaba,company_capex,2025-01-01,2025-03-31,3M,24612000000,CNY,"RMB24,612 million",RMB millions,Capital expenditures,SRC-BABA-087,https://data.alibabagroup.com/ecms-files/1532295521/83f92d1d-d36f-4ecd-a56c-2d3c59cb251a/Alibaba%20Group%20Announces%20March%20Quarter%202025%20and%20Fiscal%20Year%202025%20Results.pdf,34c976bbe9d2fbc8dd6618bd212d94abbd56d60f51d65b3192805633b03ef337,2025-05-15,"Results announcement, liquidity / investing activities discussion","of RMB39,547 million (US$5,450 million) primarily reflected capital expenditures of RMB24,612 million (US$3,392 million) and an increase in other treasury investments by RMB15,248 million (US$2,101 million). Net cash used in financing activi",current,B,VERIFIED,scope=capex_ppe_incl_land_use_rights_and_cip; source: issuer document fetched on a GitHub runner (PDF; text by pdftotext).
alibaba,company_capex,2024-04-01,2025-03-31,12M,85972000000,CNY,"RMB85,972 million",RMB millions,Capital expenditures,SRC-BABA-087,https://data.alibabagroup.com/ecms-files/1532295521/83f92d1d-d36f-4ecd-a56c-2d3c59cb251a/Alibaba%20Group%20Announces%20March%20Quarter%202025%20and%20Fiscal%20Year%202025%20Results.pdf,34c976bbe9d2fbc8dd6618bd212d94abbd56d60f51d65b3192805633b03ef337,2025-05-15,"Results announcement, fiscal-year investing activities","During fiscal year 2025, net cash used in investing activities of RMB185,415 million (US$25,551 million) primarily reflected an increase in other treasury investments by RMB126,041 million (US$17,369 million) and capital expenditures of RMB85,972 million",annual,B,VERIFIED,scope=capex_ppe_incl_land_use_rights_and_cip; source: issuer document fetched on a GitHub runner (PDF; text by pdftotext).
alibaba,company_capex,2025-04-01,2025-06-30,3M,38676000000,CNY,"RMB38,676 million",RMB millions,Capital expenditures,SRC-BABA-090,https://data.alibabagroup.com/ecms-files/1532295521/d09dd487-1a87-4e17-aa5d-9eb4da7eb56b/Alibaba%20Group%20Announces%20June%20Quarter%202025%20Results.pdf,726ae061348431bbb49247f07f4b4b46559f152f1a49128c4dce9aa728ff423e,2025-08-29,"Results announcement, liquidity / investing activities discussion","(US$1,726 million).These cash inflows were partly offset by capital expenditures of RMB38,676 million (US$5,399 million) and cash outflow of RMB8,429 million (US$1,177 million) for investment and acquisition activities. Net cash used in fina",current,B,VERIFIED,scope=capex_ppe_incl_land_use_rights_and_cip; source: issuer document fetched on a GitHub runner (PDF; text by pdftotext).
alibaba,company_capex,2025-07-01,2025-09-30,3M,31501000000,CNY,"RMB31,501 million",RMB millions,Capital expenditures,SRC-BABA-091,https://data.alibabagroup.com/ecms-files/1532295521/96ebbe16-9309-479f-b628-48b0ccc31b9c/Alibaba%20Group%20Announces%20September%20Quarter%202025%20Results%20and%20Interim%20Results%20for%20the%20Six%20Months%20Ended%20September%2030%2C%202025.pdf,ff5d3fd5e9d1a3b01d238861533c8bc6f072e0a4d72c7fb034435b32b1259302,2025-11-25,"Results announcement, liquidity / investing activities discussion","ury investments by RMB59,135 million (US$8,307 million) and capital expenditures of RMB31,501 million (US$4,425 million), partly offset by net cash inflow of RMB20,682 million (US$2,905 million) for investment and acquisition activities. Net",current,B,VERIFIED,scope=capex_ppe_incl_land_use_rights_and_cip; source: issuer document fetched on a GitHub runner (PDF; text by pdftotext).
alibaba,company_capex,2025-10-01,2025-12-31,3M,28999000000,CNY,"RMB28,999 million",RMB millions,Capital expenditures,SRC-BABA-093,https://data.alibabagroup.com/ecms-files/1532295521/e48e70a1-e5c8-40ac-bdd2-951ebcb36946/Alibaba%20Group%20Announces%20December%20Quarter%202025%20Results.pdf,a332e58accf980cd95ca3818bdbdf0120d15f22e96879d85dd0445c40e95813c,2026-03-19,"Results announcement, liquidity / investing activities discussion","of RMB25,716 million (US$3,677 million) primarily reflected capital expenditures of RMB28,999 million (US$4,147 million), and net cash outflow of RMB6,959 million (US$995 million) for investment and acquisition activities, partly offset by n",current,B,VERIFIED,scope=capex_ppe_incl_land_use_rights_and_cip; source: issuer document fetched on a GitHub runner (PDF; text by pdftotext).
alibaba,company_capex,2026-01-01,2026-03-31,3M,26887000000,CNY,"RMB26,887 million",RMB millions,Capital expenditures,SRC-BABA-094,https://data.alibabagroup.com/ecms-files/1532295521/5b1cb883-8d00-4237-a148-6631cc12a5d2/Alibaba%20Group%20Announces%20March%20Quarter%202026%20and%20Fiscal%20Year%202026%20Results.pdf,94b08e45d3c06789fc4fb5ad3c0e1a3fd57013b6a12c4688e05db4a0a92a1174,2026-05-13,"Results announcement, liquidity / investing activities discussion","rom investment and acquisition activities, partly offset by capital expenditures of RMB26,887 million (US$3,898 million). Net cash used in financing activities ",current,B,VERIFIED,scope=capex_ppe_incl_land_use_rights_and_cip; source: issuer document fetched on a GitHub runner (PDF; text by pdftotext).
alibaba,company_capex,2025-04-01,2026-03-31,12M,126063000000,CNY,"RMB126,063 million",RMB millions,Capital expenditures,SRC-BABA-094,https://data.alibabagroup.com/ecms-files/1532295521/5b1cb883-8d00-4237-a148-6631cc12a5d2/Alibaba%20Group%20Announces%20March%20Quarter%202026%20and%20Fiscal%20Year%202026%20Results.pdf,94b08e45d3c06789fc4fb5ad3c0e1a3fd57013b6a12c4688e05db4a0a92a1174,2026-05-13,"Results announcement, fiscal-year investing activities","During fiscal year 2026, net cash used in investing activities of RMB67,336 million (US$9,762 million) primarily reflected capital expenditures of RMB126,063 million",annual,B,VERIFIED,scope=capex_ppe_incl_land_use_rights_and_cip; source: issuer document fetched on a GitHub runner (PDF; text by pdftotext).
alibaba,company_capex,2026-04-01,2026-06-30,3M,67678000000,CNY,"RMB67,678 million",RMB millions,Capital expenditures,SRC-BABA-006,https://www.sec.gov/Archives/edgar/data/1577552/000110465926099220/tm2623667d1_ex99-1.htm,2dee7eb5faa23ad85577983116ed2020cf919c7a803cd3e9bba341a75e4225f6,,"Results announcement, liquidity / investing activities discussion","of RMB18,964 million (US$2,795 million) primarily reflected capital expenditures of RMB67,678 million (US$9,975 million), partly offset by net decrease in short-term investments and other treasury investments by RMB50,452 million (US$7,436 m",current,A,VERIFIED,scope=capex_ppe_incl_land_use_rights_and_cip; source: sec.gov.
tencent,company_capex,2012-01-01,2012-03-31,3M,662130000,CNY,"662,130",RMB thousands,Capital expenditures,SRC-TENC-024,https://www.hkexnews.hk/listedco/listconews/sehk/2012/0516/ltn20120516284.pdf,5bd6f354ae1f1fee76ee0cc09451946c6e6a1c21146556ed332b872415161793,2012-05-16,"Other Financial Information, row 'Capital expenditures'","Capital expenditures (d)                            662,130               891,994            720,816",column 1 of 3,A,VERIFIED,"definition note: (d)   Capital expenditures consist of additions (excluding business combination) to fixed assets, construction in progress, land use rights and intangible assets (excluding game and other content licences).  "
tencent,company_capex,2011-10-01,2011-12-31,3M,891994000,CNY,"891,994",RMB thousands,Capital expenditures,SRC-TENC-024,https://www.hkexnews.hk/listedco/listconews/sehk/2012/0516/ltn20120516284.pdf,5bd6f354ae1f1fee76ee0cc09451946c6e6a1c21146556ed332b872415161793,2012-05-16,"Other Financial Information, row 'Capital expenditures'","Capital expenditures (d)                            662,130               891,994            720,816",column 2 of 3,A,VERIFIED,"definition note: (d)   Capital expenditures consist of additions (excluding business combination) to fixed assets, construction in progress, land use rights and intangible assets (excluding game and other content licences).  "
tencent,company_capex,2011-01-01,2011-03-31,3M,720816000,CNY,"720,816",RMB thousands,Capital expenditures,SRC-TENC-024,https://www.hkexnews.hk/listedco/listconews/sehk/2012/0516/ltn20120516284.pdf,5bd6f354ae1f1fee76ee0cc09451946c6e6a1c21146556ed332b872415161793,2012-05-16,"Other Financial Information, row 'Capital expenditures'","Capital expenditures (d)                            662,130               891,994            720,816",column 3 of 3,A,VERIFIED,"definition note: (d)   Capital expenditures consist of additions (excluding business combination) to fixed assets, construction in progress, land use rights and intangible assets (excluding game and other content licences).  "
tencent,company_capex,2012-01-01,2012-06-30,6M,1577286000,CNY,"1,577,286",RMB thousands,Capital expenditures,SRC-TENC-025,https://www.hkexnews.hk/listedco/listconews/sehk/2012/0815/ltn20120815219.pdf,913d2042792c013736a1642115c534e31094b31d5bbb3be2b8326d0673b1b303,2012-08-15,"Other Financial Information, row 'Capital expenditures'","Capital expenditures (d)    1,577,286 1,663,863     915,156    662,130    943,047",column 1 of 5,A,VERIFIED,"definition note: (d)   Capital expenditures consist of additions (excluding business combination) to fixed assets, construction in progress, land use rights and intangible assets (excluding game and other content licences).  "
tencent,company_capex,2011-01-01,2011-06-30,6M,1663863000,CNY,"1,663,863",RMB thousands,Capital expenditures,SRC-TENC-025,https://www.hkexnews.hk/listedco/listconews/sehk/2012/0815/ltn20120815219.pdf,913d2042792c013736a1642115c534e31094b31d5bbb3be2b8326d0673b1b303,2012-08-15,"Other Financial Information, row 'Capital expenditures'","Capital expenditures (d)    1,577,286 1,663,863     915,156    662,130    943,047",column 2 of 5,A,VERIFIED,"definition note: (d)   Capital expenditures consist of additions (excluding business combination) to fixed assets, construction in progress, land use rights and intangible assets (excluding game and other content licences).  "
tencent,company_capex,2012-04-01,2012-06-30,3M,915156000,CNY,"915,156",RMB thousands,Capital expenditures,SRC-TENC-025,https://www.hkexnews.hk/listedco/listconews/sehk/2012/0815/ltn20120815219.pdf,913d2042792c013736a1642115c534e31094b31d5bbb3be2b8326d0673b1b303,2012-08-15,"Other Financial Information, row 'Capital expenditures'","Capital expenditures (d)    1,577,286 1,663,863     915,156    662,130    943,047",column 3 of 5,A,VERIFIED,"definition note: (d)   Capital expenditures consist of additions (excluding business combination) to fixed assets, construction in progress, land use rights and intangible assets (excluding game and other content licences).  "
tencent,company_capex,2012-01-01,2012-03-31,3M,662130000,CNY,"662,130",RMB thousands,Capital expenditures,SRC-TENC-025,https://www.hkexnews.hk/listedco/listconews/sehk/2012/0815/ltn20120815219.pdf,913d2042792c013736a1642115c534e31094b31d5bbb3be2b8326d0673b1b303,2012-08-15,"Other Financial Information, row 'Capital expenditures'","Capital expenditures (d)    1,577,286 1,663,863     915,156    662,130    943,047",column 4 of 5,A,VERIFIED,"definition note: (d)   Capital expenditures consist of additions (excluding business combination) to fixed assets, construction in progress, land use rights and intangible assets (excluding game and other content licences).  "
tencent,company_capex,2011-04-01,2011-06-30,3M,943047000,CNY,"943,047",RMB thousands,Capital expenditures,SRC-TENC-025,https://www.hkexnews.hk/listedco/listconews/sehk/2012/0815/ltn20120815219.pdf,913d2042792c013736a1642115c534e31094b31d5bbb3be2b8326d0673b1b303,2012-08-15,"Other Financial Information, row 'Capital expenditures'","Capital expenditures (d)    1,577,286 1,663,863     915,156    662,130    943,047",column 5 of 5,A,VERIFIED,"definition note: (d)   Capital expenditures consist of additions (excluding business combination) to fixed assets, construction in progress, land use rights and intangible assets (excluding game and other content licences).  "
tencent,company_capex,2012-01-01,2012-06-30,6M,1577286000,CNY,"1,577,286",RMB thousands,Capital expenditures,SRC-TENC-026,https://www.hkexnews.hk/listedco/listconews/sehk/2012/0822/ltn20120822483.pdf,c5d6fc1653f24292bbb12aaa19af4fafedc1d9925f8e1ee30e2f5653821523ac,2012-08-22,"Other Financial Information, row 'Capital expenditures'","Capital expenditures (d)                                1,577,286          1,663,863            915,156           662,130            943,047",column 1 of 5,A,VERIFIED,"definition note: (d)     Capital expenditures consist of additions (excluding business combination) to fixed assets, construction in progress, land use rights and intangible assets (excluding game and other content licences).   "
tencent,company_capex,2011-01-01,2011-06-30,6M,1663863000,CNY,"1,663,863",RMB thousands,Capital expenditures,SRC-TENC-026,https://www.hkexnews.hk/listedco/listconews/sehk/2012/0822/ltn20120822483.pdf,c5d6fc1653f24292bbb12aaa19af4fafedc1d9925f8e1ee30e2f5653821523ac,2012-08-22,"Other Financial Information, row 'Capital expenditures'","Capital expenditures (d)                                1,577,286          1,663,863            915,156           662,130            943,047",column 2 of 5,A,VERIFIED,"definition note: (d)     Capital expenditures consist of additions (excluding business combination) to fixed assets, construction in progress, land use rights and intangible assets (excluding game and other content licences).   "
tencent,company_capex,2012-04-01,2012-06-30,3M,915156000,CNY,"915,156",RMB thousands,Capital expenditures,SRC-TENC-026,https://www.hkexnews.hk/listedco/listconews/sehk/2012/0822/ltn20120822483.pdf,c5d6fc1653f24292bbb12aaa19af4fafedc1d9925f8e1ee30e2f5653821523ac,2012-08-22,"Other Financial Information, row 'Capital expenditures'","Capital expenditures (d)                                1,577,286          1,663,863            915,156           662,130            943,047",column 3 of 5,A,VERIFIED,"definition note: (d)     Capital expenditures consist of additions (excluding business combination) to fixed assets, construction in progress, land use rights and intangible assets (excluding game and other content licences).   "
tencent,company_capex,2012-01-01,2012-03-31,3M,662130000,CNY,"662,130",RMB thousands,Capital expenditures,SRC-TENC-026,https://www.hkexnews.hk/listedco/listconews/sehk/2012/0822/ltn20120822483.pdf,c5d6fc1653f24292bbb12aaa19af4fafedc1d9925f8e1ee30e2f5653821523ac,2012-08-22,"Other Financial Information, row 'Capital expenditures'","Capital expenditures (d)                                1,577,286          1,663,863            915,156           662,130            943,047",column 4 of 5,A,VERIFIED,"definition note: (d)     Capital expenditures consist of additions (excluding business combination) to fixed assets, construction in progress, land use rights and intangible assets (excluding game and other content licences).   "
tencent,company_capex,2011-04-01,2011-06-30,3M,943047000,CNY,"943,047",RMB thousands,Capital expenditures,SRC-TENC-026,https://www.hkexnews.hk/listedco/listconews/sehk/2012/0822/ltn20120822483.pdf,c5d6fc1653f24292bbb12aaa19af4fafedc1d9925f8e1ee30e2f5653821523ac,2012-08-22,"Other Financial Information, row 'Capital expenditures'","Capital expenditures (d)                                1,577,286          1,663,863            915,156           662,130            943,047",column 5 of 5,A,VERIFIED,"definition note: (d)     Capital expenditures consist of additions (excluding business combination) to fixed assets, construction in progress, land use rights and intangible assets (excluding game and other content licences).   "
tencent,company_capex,2012-01-01,2012-09-30,9M,2709600000,CNY,"2,709,600",RMB thousands,Capital expenditures,SRC-TENC-027,https://www.hkexnews.hk/listedco/listconews/sehk/2012/1114/ltn20121114173.pdf,1ff977d0f0ceebb5e1e3cbae8a98c8451c4ca37384bae0849bda677f6bbcb2dc,2012-11-14,"Other Financial Information, row 'Capital expenditures'","Capital expenditures (d)           2,709,600     2,797,205       1,132,314       915,156      1,133,342",column 1 of 5,A,VERIFIED,"definition note: (d)   Capital expenditures consist of additions (excluding business combinations) to fixed assets, construction in progress, land use rights and intangible assets (excluding game and other content licences).  "
tencent,company_capex,2011-01-01,2011-09-30,9M,2797205000,CNY,"2,797,205",RMB thousands,Capital expenditures,SRC-TENC-027,https://www.hkexnews.hk/listedco/listconews/sehk/2012/1114/ltn20121114173.pdf,1ff977d0f0ceebb5e1e3cbae8a98c8451c4ca37384bae0849bda677f6bbcb2dc,2012-11-14,"Other Financial Information, row 'Capital expenditures'","Capital expenditures (d)           2,709,600     2,797,205       1,132,314       915,156      1,133,342",column 2 of 5,A,VERIFIED,"definition note: (d)   Capital expenditures consist of additions (excluding business combinations) to fixed assets, construction in progress, land use rights and intangible assets (excluding game and other content licences).  "
tencent,company_capex,2012-07-01,2012-09-30,3M,1132314000,CNY,"1,132,314",RMB thousands,Capital expenditures,SRC-TENC-027,https://www.hkexnews.hk/listedco/listconews/sehk/2012/1114/ltn20121114173.pdf,1ff977d0f0ceebb5e1e3cbae8a98c8451c4ca37384bae0849bda677f6bbcb2dc,2012-11-14,"Other Financial Information, row 'Capital expenditures'","Capital expenditures (d)           2,709,600     2,797,205       1,132,314       915,156      1,133,342",column 3 of 5,A,VERIFIED,"definition note: (d)   Capital expenditures consist of additions (excluding business combinations) to fixed assets, construction in progress, land use rights and intangible assets (excluding game and other content licences).  "
tencent,company_capex,2012-04-01,2012-06-30,3M,915156000,CNY,"915,156",RMB thousands,Capital expenditures,SRC-TENC-027,https://www.hkexnews.hk/listedco/listconews/sehk/2012/1114/ltn20121114173.pdf,1ff977d0f0ceebb5e1e3cbae8a98c8451c4ca37384bae0849bda677f6bbcb2dc,2012-11-14,"Other Financial Information, row 'Capital expenditures'","Capital expenditures (d)           2,709,600     2,797,205       1,132,314       915,156      1,133,342",column 4 of 5,A,VERIFIED,"definition note: (d)   Capital expenditures consist of additions (excluding business combinations) to fixed assets, construction in progress, land use rights and intangible assets (excluding game and other content licences).  "
tencent,company_capex,2011-07-01,2011-09-30,3M,1133342000,CNY,"1,133,342",RMB thousands,Capital expenditures,SRC-TENC-027,https://www.hkexnews.hk/listedco/listconews/sehk/2012/1114/ltn20121114173.pdf,1ff977d0f0ceebb5e1e3cbae8a98c8451c4ca37384bae0849bda677f6bbcb2dc,2012-11-14,"Other Financial Information, row 'Capital expenditures'","Capital expenditures (d)           2,709,600     2,797,205       1,132,314       915,156      1,133,342",column 5 of 5,A,VERIFIED,"definition note: (d)   Capital expenditures consist of additions (excluding business combinations) to fixed assets, construction in progress, land use rights and intangible assets (excluding game and other content licences).  "
tencent,company_capex,2012-01-01,2012-12-31,12M,4493430000,CNY,"4,493,430",RMB thousands,Capital expenditures,SRC-TENC-028,https://www.hkexnews.hk/listedco/listconews/sehk/2013/0320/ltn20130320279.pdf,06d7f3c457d5835495eedba57b65c6f90590dd137eb40516f102d80169902ca8,2013-03-20,"Other Financial Information, row 'Capital expenditures'","Capital expenditures (d)          4,493,430      3,689,199      1,783,830      1,132,314       891,994",column 1 of 5,A,VERIFIED,"definition note: (d)   Capital expenditures consist of additions (excluding business combinations) to fixed assets, construction in progress, land use rights and intangible assets (excluding game and other content licences).  "
tencent,company_capex,2011-01-01,2011-12-31,12M,3689199000,CNY,"3,689,199",RMB thousands,Capital expenditures,SRC-TENC-028,https://www.hkexnews.hk/listedco/listconews/sehk/2013/0320/ltn20130320279.pdf,06d7f3c457d5835495eedba57b65c6f90590dd137eb40516f102d80169902ca8,2013-03-20,"Other Financial Information, row 'Capital expenditures'","Capital expenditures (d)          4,493,430      3,689,199      1,783,830      1,132,314       891,994",column 2 of 5,A,VERIFIED,"definition note: (d)   Capital expenditures consist of additions (excluding business combinations) to fixed assets, construction in progress, land use rights and intangible assets (excluding game and other content licences).  "
tencent,company_capex,2012-10-01,2012-12-31,3M,1783830000,CNY,"1,783,830",RMB thousands,Capital expenditures,SRC-TENC-028,https://www.hkexnews.hk/listedco/listconews/sehk/2013/0320/ltn20130320279.pdf,06d7f3c457d5835495eedba57b65c6f90590dd137eb40516f102d80169902ca8,2013-03-20,"Other Financial Information, row 'Capital expenditures'","Capital expenditures (d)          4,493,430      3,689,199      1,783,830      1,132,314       891,994",column 3 of 5,A,VERIFIED,"definition note: (d)   Capital expenditures consist of additions (excluding business combinations) to fixed assets, construction in progress, land use rights and intangible assets (excluding game and other content licences).  "
tencent,company_capex,2012-07-01,2012-09-30,3M,1132314000,CNY,"1,132,314",RMB thousands,Capital expenditures,SRC-TENC-028,https://www.hkexnews.hk/listedco/listconews/sehk/2013/0320/ltn20130320279.pdf,06d7f3c457d5835495eedba57b65c6f90590dd137eb40516f102d80169902ca8,2013-03-20,"Other Financial Information, row 'Capital expenditures'","Capital expenditures (d)          4,493,430      3,689,199      1,783,830      1,132,314       891,994",column 4 of 5,A,VERIFIED,"definition note: (d)   Capital expenditures consist of additions (excluding business combinations) to fixed assets, construction in progress, land use rights and intangible assets (excluding game and other content licences).  "
tencent,company_capex,2011-10-01,2011-12-31,3M,891994000,CNY,"891,994",RMB thousands,Capital expenditures,SRC-TENC-028,https://www.hkexnews.hk/listedco/listconews/sehk/2013/0320/ltn20130320279.pdf,06d7f3c457d5835495eedba57b65c6f90590dd137eb40516f102d80169902ca8,2013-03-20,"Other Financial Information, row 'Capital expenditures'","Capital expenditures (d)          4,493,430      3,689,199      1,783,830      1,132,314       891,994",column 5 of 5,A,VERIFIED,"definition note: (d)   Capital expenditures consist of additions (excluding business combinations) to fixed assets, construction in progress, land use rights and intangible assets (excluding game and other content licences).  "
tencent,company_capex,2012-01-01,2012-12-31,12M,4493430000,CNY,"4,493,430",RMB thousands,Capital expenditures,SRC-TENC-029,https://www.hkexnews.hk/listedco/listconews/sehk/2013/0328/ltn201303281166.pdf,e5bc98774cb29883bc9bcac50ba6cf6605e603a53d9ce6560a45ee6364512002,2013-03-28,"Other Financial Information, row 'Capital expenditures'","Capital expenditures (d)                                         4,493,430        3,689,199        1,783,830        1,132,314           891,994",column 1 of 5,A,VERIFIED,"definition note: (d)     Capital expenditures consist of additions (excluding business combinations) to fixed assets, construction in progress, land use rights and intangible assets (excluding game and other content licences).   "
tencent,company_capex,2011-01-01,2011-12-31,12M,3689199000,CNY,"3,689,199",RMB thousands,Capital expenditures,SRC-TENC-029,https://www.hkexnews.hk/listedco/listconews/sehk/2013/0328/ltn201303281166.pdf,e5bc98774cb29883bc9bcac50ba6cf6605e603a53d9ce6560a45ee6364512002,2013-03-28,"Other Financial Information, row 'Capital expenditures'","Capital expenditures (d)                                         4,493,430        3,689,199        1,783,830        1,132,314           891,994",column 2 of 5,A,VERIFIED,"definition note: (d)     Capital expenditures consist of additions (excluding business combinations) to fixed assets, construction in progress, land use rights and intangible assets (excluding game and other content licences).   "
tencent,company_capex,2012-10-01,2012-12-31,3M,1783830000,CNY,"1,783,830",RMB thousands,Capital expenditures,SRC-TENC-029,https://www.hkexnews.hk/listedco/listconews/sehk/2013/0328/ltn201303281166.pdf,e5bc98774cb29883bc9bcac50ba6cf6605e603a53d9ce6560a45ee6364512002,2013-03-28,"Other Financial Information, row 'Capital expenditures'","Capital expenditures (d)                                         4,493,430        3,689,199        1,783,830        1,132,314           891,994",column 3 of 5,A,VERIFIED,"definition note: (d)     Capital expenditures consist of additions (excluding business combinations) to fixed assets, construction in progress, land use rights and intangible assets (excluding game and other content licences).   "
tencent,company_capex,2012-07-01,2012-09-30,3M,1132314000,CNY,"1,132,314",RMB thousands,Capital expenditures,SRC-TENC-029,https://www.hkexnews.hk/listedco/listconews/sehk/2013/0328/ltn201303281166.pdf,e5bc98774cb29883bc9bcac50ba6cf6605e603a53d9ce6560a45ee6364512002,2013-03-28,"Other Financial Information, row 'Capital expenditures'","Capital expenditures (d)                                         4,493,430        3,689,199        1,783,830        1,132,314           891,994",column 4 of 5,A,VERIFIED,"definition note: (d)     Capital expenditures consist of additions (excluding business combinations) to fixed assets, construction in progress, land use rights and intangible assets (excluding game and other content licences).   "
tencent,company_capex,2011-10-01,2011-12-31,3M,891994000,CNY,"891,994",RMB thousands,Capital expenditures,SRC-TENC-029,https://www.hkexnews.hk/listedco/listconews/sehk/2013/0328/ltn201303281166.pdf,e5bc98774cb29883bc9bcac50ba6cf6605e603a53d9ce6560a45ee6364512002,2013-03-28,"Other Financial Information, row 'Capital expenditures'","Capital expenditures (d)                                         4,493,430        3,689,199        1,783,830        1,132,314           891,994",column 5 of 5,A,VERIFIED,"definition note: (d)     Capital expenditures consist of additions (excluding business combinations) to fixed assets, construction in progress, land use rights and intangible assets (excluding game and other content licences).   "
tencent,company_capex,2013-01-01,2013-03-31,3M,1034598000,CNY,"1,034,598",RMB thousands,Capital expenditures,SRC-TENC-030,https://www.hkexnews.hk/listedco/listconews/sehk/2013/0515/ltn20130515322.pdf,258c0a7fce69f7b178f20ef0a6518f294f996b35844adbb669d36adda306e29c,2013-05-15,"Other Financial Information, row 'Capital expenditures'","Capital expenditures (d)                          1,034,598            1,783,830            662,130",column 1 of 3,A,VERIFIED,"definition note: (d)   Capital expenditures consist of additions (excluding business combinations) to fixed assets, construction in progress, land use rights and intangible assets (excluding game and other content licences).  "
tencent,company_capex,2012-10-01,2012-12-31,3M,1783830000,CNY,"1,783,830",RMB thousands,Capital expenditures,SRC-TENC-030,https://www.hkexnews.hk/listedco/listconews/sehk/2013/0515/ltn20130515322.pdf,258c0a7fce69f7b178f20ef0a6518f294f996b35844adbb669d36adda306e29c,2013-05-15,"Other Financial Information, row 'Capital expenditures'","Capital expenditures (d)                          1,034,598            1,783,830            662,130",column 2 of 3,A,VERIFIED,"definition note: (d)   Capital expenditures consist of additions (excluding business combinations) to fixed assets, construction in progress, land use rights and intangible assets (excluding game and other content licences).  "
tencent,company_capex,2012-01-01,2012-03-31,3M,662130000,CNY,"662,130",RMB thousands,Capital expenditures,SRC-TENC-030,https://www.hkexnews.hk/listedco/listconews/sehk/2013/0515/ltn20130515322.pdf,258c0a7fce69f7b178f20ef0a6518f294f996b35844adbb669d36adda306e29c,2013-05-15,"Other Financial Information, row 'Capital expenditures'","Capital expenditures (d)                          1,034,598            1,783,830            662,130",column 3 of 3,A,VERIFIED,"definition note: (d)   Capital expenditures consist of additions (excluding business combinations) to fixed assets, construction in progress, land use rights and intangible assets (excluding game and other content licences).  "
tencent,company_capex,2013-01-01,2013-06-30,6M,2498618000,CNY,"2,498,618",RMB thousands,Capital expenditures,SRC-TENC-031,https://www.hkexnews.hk/listedco/listconews/sehk/2013/0814/ltn20130814167.pdf,cc2f1abfc9bab0460e15d0a62ea068cd829af5b094a66eec7bc701863f99f561,2013-08-14,"Other Financial Information, row 'Capital expenditures'","Capital expenditures (d)           2,498,618     1,577,286      1,464,020     1,034,598       915,156",column 1 of 5,A,VERIFIED,"definition note: (d)   Capital expenditures consist of additions (excluding business combinations) to fixed assets, construction in progress, land use rights and intangible assets (excluding game and other content licences).  "
tencent,company_capex,2012-01-01,2012-06-30,6M,1577286000,CNY,"1,577,286",RMB thousands,Capital expenditures,SRC-TENC-031,https://www.hkexnews.hk/listedco/listconews/sehk/2013/0814/ltn20130814167.pdf,cc2f1abfc9bab0460e15d0a62ea068cd829af5b094a66eec7bc701863f99f561,2013-08-14,"Other Financial Information, row 'Capital expenditures'","Capital expenditures (d)           2,498,618     1,577,286      1,464,020     1,034,598       915,156",column 2 of 5,A,VERIFIED,"definition note: (d)   Capital expenditures consist of additions (excluding business combinations) to fixed assets, construction in progress, land use rights and intangible assets (excluding game and other content licences).  "
tencent,company_capex,2013-04-01,2013-06-30,3M,1464020000,CNY,"1,464,020",RMB thousands,Capital expenditures,SRC-TENC-031,https://www.hkexnews.hk/listedco/listconews/sehk/2013/0814/ltn20130814167.pdf,cc2f1abfc9bab0460e15d0a62ea068cd829af5b094a66eec7bc701863f99f561,2013-08-14,"Other Financial Information, row 'Capital expenditures'","Capital expenditures (d)           2,498,618     1,577,286      1,464,020     1,034,598       915,156",column 3 of 5,A,VERIFIED,"definition note: (d)   Capital expenditures consist of additions (excluding business combinations) to fixed assets, construction in progress, land use rights and intangible assets (excluding game and other content licences).  "
tencent,company_capex,2013-01-01,2013-03-31,3M,1034598000,CNY,"1,034,598",RMB thousands,Capital expenditures,SRC-TENC-031,https://www.hkexnews.hk/listedco/listconews/sehk/2013/0814/ltn20130814167.pdf,cc2f1abfc9bab0460e15d0a62ea068cd829af5b094a66eec7bc701863f99f561,2013-08-14,"Other Financial Information, row 'Capital expenditures'","Capital expenditures (d)           2,498,618     1,577,286      1,464,020     1,034,598       915,156",column 4 of 5,A,VERIFIED,"definition note: (d)   Capital expenditures consist of additions (excluding business combinations) to fixed assets, construction in progress, land use rights and intangible assets (excluding game and other content licences).  "
tencent,company_capex,2012-04-01,2012-06-30,3M,915156000,CNY,"915,156",RMB thousands,Capital expenditures,SRC-TENC-031,https://www.hkexnews.hk/listedco/listconews/sehk/2013/0814/ltn20130814167.pdf,cc2f1abfc9bab0460e15d0a62ea068cd829af5b094a66eec7bc701863f99f561,2013-08-14,"Other Financial Information, row 'Capital expenditures'","Capital expenditures (d)           2,498,618     1,577,286      1,464,020     1,034,598       915,156",column 5 of 5,A,VERIFIED,"definition note: (d)   Capital expenditures consist of additions (excluding business combinations) to fixed assets, construction in progress, land use rights and intangible assets (excluding game and other content licences).  "
tencent,company_capex,2013-01-01,2013-06-30,6M,2498618000,CNY,"2,498,618",RMB thousands,Capital expenditures,SRC-TENC-032,https://www.hkexnews.hk/listedco/listconews/sehk/2013/0826/ltn20130826281.pdf,ae6cf6adcdebfbb655c1404a1e1aa7256a79833e742eee193f89d4281cb7dae7,2013-08-26,"Other Financial Information, row 'Capital expenditures'","Capital expenditures (d)                                2,498,618            1,577,286        1,464,020         1,034,598            915,156",column 1 of 5,A,VERIFIED,"definition note: (d)     Capital expenditures consist of additions (excluding business combinations) to fixed assets, construction in progress, land use rights and intangible assets (excluding game and other content licences).   "
tencent,company_capex,2012-01-01,2012-06-30,6M,1577286000,CNY,"1,577,286",RMB thousands,Capital expenditures,SRC-TENC-032,https://www.hkexnews.hk/listedco/listconews/sehk/2013/0826/ltn20130826281.pdf,ae6cf6adcdebfbb655c1404a1e1aa7256a79833e742eee193f89d4281cb7dae7,2013-08-26,"Other Financial Information, row 'Capital expenditures'","Capital expenditures (d)                                2,498,618            1,577,286        1,464,020         1,034,598            915,156",column 2 of 5,A,VERIFIED,"definition note: (d)     Capital expenditures consist of additions (excluding business combinations) to fixed assets, construction in progress, land use rights and intangible assets (excluding game and other content licences).   "
tencent,company_capex,2013-04-01,2013-06-30,3M,1464020000,CNY,"1,464,020",RMB thousands,Capital expenditures,SRC-TENC-032,https://www.hkexnews.hk/listedco/listconews/sehk/2013/0826/ltn20130826281.pdf,ae6cf6adcdebfbb655c1404a1e1aa7256a79833e742eee193f89d4281cb7dae7,2013-08-26,"Other Financial Information, row 'Capital expenditures'","Capital expenditures (d)                                2,498,618            1,577,286        1,464,020         1,034,598            915,156",column 3 of 5,A,VERIFIED,"definition note: (d)     Capital expenditures consist of additions (excluding business combinations) to fixed assets, construction in progress, land use rights and intangible assets (excluding game and other content licences).   "
tencent,company_capex,2013-01-01,2013-03-31,3M,1034598000,CNY,"1,034,598",RMB thousands,Capital expenditures,SRC-TENC-032,https://www.hkexnews.hk/listedco/listconews/sehk/2013/0826/ltn20130826281.pdf,ae6cf6adcdebfbb655c1404a1e1aa7256a79833e742eee193f89d4281cb7dae7,2013-08-26,"Other Financial Information, row 'Capital expenditures'","Capital expenditures (d)                                2,498,618            1,577,286        1,464,020         1,034,598            915,156",column 4 of 5,A,VERIFIED,"definition note: (d)     Capital expenditures consist of additions (excluding business combinations) to fixed assets, construction in progress, land use rights and intangible assets (excluding game and other content licences).   "
tencent,company_capex,2012-04-01,2012-06-30,3M,915156000,CNY,"915,156",RMB thousands,Capital expenditures,SRC-TENC-032,https://www.hkexnews.hk/listedco/listconews/sehk/2013/0826/ltn20130826281.pdf,ae6cf6adcdebfbb655c1404a1e1aa7256a79833e742eee193f89d4281cb7dae7,2013-08-26,"Other Financial Information, row 'Capital expenditures'","Capital expenditures (d)                                2,498,618            1,577,286        1,464,020         1,034,598            915,156",column 5 of 5,A,VERIFIED,"definition note: (d)     Capital expenditures consist of additions (excluding business combinations) to fixed assets, construction in progress, land use rights and intangible assets (excluding game and other content licences).   "
tencent,company_capex,2013-01-01,2013-09-30,9M,4119482000,CNY,"4,119,482",RMB thousands,Capital expenditures,SRC-TENC-033,https://www.hkexnews.hk/listedco/listconews/sehk/2013/1113/ltn20131113363.pdf,5bae80db7ed00d1f3c15d0f66912cd511c6ba2dc03bc94aa97e2e28e698d4e58,2013-11-13,"Other Financial Information, row 'Capital expenditures'","Capital expenditures (d)           4,119,482     2,709,600       1,620,864     1,464,020     1,132,314",column 1 of 5,A,VERIFIED,"definition note: (d)   Capital expenditures consist of additions (excluding business combinations) to fixed assets, construction in progress, land use rights and intangible assets (excluding game and other content licences).  "
tencent,company_capex,2012-01-01,2012-09-30,9M,2709600000,CNY,"2,709,600",RMB thousands,Capital expenditures,SRC-TENC-033,https://www.hkexnews.hk/listedco/listconews/sehk/2013/1113/ltn20131113363.pdf,5bae80db7ed00d1f3c15d0f66912cd511c6ba2dc03bc94aa97e2e28e698d4e58,2013-11-13,"Other Financial Information, row 'Capital expenditures'","Capital expenditures (d)           4,119,482     2,709,600       1,620,864     1,464,020     1,132,314",column 2 of 5,A,VERIFIED,"definition note: (d)   Capital expenditures consist of additions (excluding business combinations) to fixed assets, construction in progress, land use rights and intangible assets (excluding game and other content licences).  "
tencent,company_capex,2013-07-01,2013-09-30,3M,1620864000,CNY,"1,620,864",RMB thousands,Capital expenditures,SRC-TENC-033,https://www.hkexnews.hk/listedco/listconews/sehk/2013/1113/ltn20131113363.pdf,5bae80db7ed00d1f3c15d0f66912cd511c6ba2dc03bc94aa97e2e28e698d4e58,2013-11-13,"Other Financial Information, row 'Capital expenditures'","Capital expenditures (d)           4,119,482     2,709,600       1,620,864     1,464,020     1,132,314",column 3 of 5,A,VERIFIED,"definition note: (d)   Capital expenditures consist of additions (excluding business combinations) to fixed assets, construction in progress, land use rights and intangible assets (excluding game and other content licences).  "
tencent,company_capex,2013-04-01,2013-06-30,3M,1464020000,CNY,"1,464,020",RMB thousands,Capital expenditures,SRC-TENC-033,https://www.hkexnews.hk/listedco/listconews/sehk/2013/1113/ltn20131113363.pdf,5bae80db7ed00d1f3c15d0f66912cd511c6ba2dc03bc94aa97e2e28e698d4e58,2013-11-13,"Other Financial Information, row 'Capital expenditures'","Capital expenditures (d)           4,119,482     2,709,600       1,620,864     1,464,020     1,132,314",column 4 of 5,A,VERIFIED,"definition note: (d)   Capital expenditures consist of additions (excluding business combinations) to fixed assets, construction in progress, land use rights and intangible assets (excluding game and other content licences).  "
tencent,company_capex,2012-07-01,2012-09-30,3M,1132314000,CNY,"1,132,314",RMB thousands,Capital expenditures,SRC-TENC-033,https://www.hkexnews.hk/listedco/listconews/sehk/2013/1113/ltn20131113363.pdf,5bae80db7ed00d1f3c15d0f66912cd511c6ba2dc03bc94aa97e2e28e698d4e58,2013-11-13,"Other Financial Information, row 'Capital expenditures'","Capital expenditures (d)           4,119,482     2,709,600       1,620,864     1,464,020     1,132,314",column 5 of 5,A,VERIFIED,"definition note: (d)   Capital expenditures consist of additions (excluding business combinations) to fixed assets, construction in progress, land use rights and intangible assets (excluding game and other content licences).  "
tencent,company_capex,2013-01-01,2013-12-31,12M,5799000000,CNY,"5,799",RMB millions,Capital expenditures,SRC-TENC-034,https://www.hkexnews.hk/listedco/listconews/sehk/2014/0319/ltn20140319386.pdf,cd628f70a1ccf7af11b3c96a50a37300ad827b609094522c7c562ea3933700ab,2014-03-19,"Other Financial Information, row 'Capital expenditures'","Capital expenditures (d)              5,799       4,493           1,679          1,621           1,784",column 1 of 5,A,VERIFIED,"definition note: (d)   Capital expenditures consist of additions (excluding business combinations) to fixed assets, construction in progress, land use rights and intangible assets (excluding game and other content licences).  "
tencent,company_capex,2012-01-01,2012-12-31,12M,4493000000,CNY,"4,493",RMB millions,Capital expenditures,SRC-TENC-034,https://www.hkexnews.hk/listedco/listconews/sehk/2014/0319/ltn20140319386.pdf,cd628f70a1ccf7af11b3c96a50a37300ad827b609094522c7c562ea3933700ab,2014-03-19,"Other Financial Information, row 'Capital expenditures'","Capital expenditures (d)              5,799       4,493           1,679          1,621           1,784",column 2 of 5,A,VERIFIED,"definition note: (d)   Capital expenditures consist of additions (excluding business combinations) to fixed assets, construction in progress, land use rights and intangible assets (excluding game and other content licences).  "
tencent,company_capex,2013-10-01,2013-12-31,3M,1679000000,CNY,"1,679",RMB millions,Capital expenditures,SRC-TENC-034,https://www.hkexnews.hk/listedco/listconews/sehk/2014/0319/ltn20140319386.pdf,cd628f70a1ccf7af11b3c96a50a37300ad827b609094522c7c562ea3933700ab,2014-03-19,"Other Financial Information, row 'Capital expenditures'","Capital expenditures (d)              5,799       4,493           1,679          1,621           1,784",column 3 of 5,A,VERIFIED,"definition note: (d)   Capital expenditures consist of additions (excluding business combinations) to fixed assets, construction in progress, land use rights and intangible assets (excluding game and other content licences).  "
tencent,company_capex,2013-07-01,2013-09-30,3M,1621000000,CNY,"1,621",RMB millions,Capital expenditures,SRC-TENC-034,https://www.hkexnews.hk/listedco/listconews/sehk/2014/0319/ltn20140319386.pdf,cd628f70a1ccf7af11b3c96a50a37300ad827b609094522c7c562ea3933700ab,2014-03-19,"Other Financial Information, row 'Capital expenditures'","Capital expenditures (d)              5,799       4,493           1,679          1,621           1,784",column 4 of 5,A,VERIFIED,"definition note: (d)   Capital expenditures consist of additions (excluding business combinations) to fixed assets, construction in progress, land use rights and intangible assets (excluding game and other content licences).  "
tencent,company_capex,2012-10-01,2012-12-31,3M,1784000000,CNY,"1,784",RMB millions,Capital expenditures,SRC-TENC-034,https://www.hkexnews.hk/listedco/listconews/sehk/2014/0319/ltn20140319386.pdf,cd628f70a1ccf7af11b3c96a50a37300ad827b609094522c7c562ea3933700ab,2014-03-19,"Other Financial Information, row 'Capital expenditures'","Capital expenditures (d)              5,799       4,493           1,679          1,621           1,784",column 5 of 5,A,VERIFIED,"definition note: (d)   Capital expenditures consist of additions (excluding business combinations) to fixed assets, construction in progress, land use rights and intangible assets (excluding game and other content licences).  "
tencent,company_capex,2013-01-01,2013-12-31,12M,5799000000,CNY,"5,799",RMB millions,Capital expenditures,SRC-TENC-035,https://www.hkexnews.hk/listedco/listconews/sehk/2014/0331/ltn20140331919.pdf,d1950cb32c303d28e7bda394fcf02ae7d1fa22d7420433ae9012152ff3cb1f10,2014-03-31,"Other Financial Information, row 'Capital expenditures'","Capital expenditures (d)                            5,799                 4,493                1,679                 1,621               1,784",column 1 of 5,A,VERIFIED,"definition note: (d)     Capital expenditures consist of additions (excluding business combinations) to fixed assets, construction in progress, land use rights and intangible assets (excluding game and other content licences).   "
tencent,company_capex,2012-01-01,2012-12-31,12M,4493000000,CNY,"4,493",RMB millions,Capital expenditures,SRC-TENC-035,https://www.hkexnews.hk/listedco/listconews/sehk/2014/0331/ltn20140331919.pdf,d1950cb32c303d28e7bda394fcf02ae7d1fa22d7420433ae9012152ff3cb1f10,2014-03-31,"Other Financial Information, row 'Capital expenditures'","Capital expenditures (d)                            5,799                 4,493                1,679                 1,621               1,784",column 2 of 5,A,VERIFIED,"definition note: (d)     Capital expenditures consist of additions (excluding business combinations) to fixed assets, construction in progress, land use rights and intangible assets (excluding game and other content licences).   "
tencent,company_capex,2013-10-01,2013-12-31,3M,1679000000,CNY,"1,679",RMB millions,Capital expenditures,SRC-TENC-035,https://www.hkexnews.hk/listedco/listconews/sehk/2014/0331/ltn20140331919.pdf,d1950cb32c303d28e7bda394fcf02ae7d1fa22d7420433ae9012152ff3cb1f10,2014-03-31,"Other Financial Information, row 'Capital expenditures'","Capital expenditures (d)                            5,799                 4,493                1,679                 1,621               1,784",column 3 of 5,A,VERIFIED,"definition note: (d)     Capital expenditures consist of additions (excluding business combinations) to fixed assets, construction in progress, land use rights and intangible assets (excluding game and other content licences).   "
tencent,company_capex,2013-07-01,2013-09-30,3M,1621000000,CNY,"1,621",RMB millions,Capital expenditures,SRC-TENC-035,https://www.hkexnews.hk/listedco/listconews/sehk/2014/0331/ltn20140331919.pdf,d1950cb32c303d28e7bda394fcf02ae7d1fa22d7420433ae9012152ff3cb1f10,2014-03-31,"Other Financial Information, row 'Capital expenditures'","Capital expenditures (d)                            5,799                 4,493                1,679                 1,621               1,784",column 4 of 5,A,VERIFIED,"definition note: (d)     Capital expenditures consist of additions (excluding business combinations) to fixed assets, construction in progress, land use rights and intangible assets (excluding game and other content licences).   "
tencent,company_capex,2012-10-01,2012-12-31,3M,1784000000,CNY,"1,784",RMB millions,Capital expenditures,SRC-TENC-035,https://www.hkexnews.hk/listedco/listconews/sehk/2014/0331/ltn20140331919.pdf,d1950cb32c303d28e7bda394fcf02ae7d1fa22d7420433ae9012152ff3cb1f10,2014-03-31,"Other Financial Information, row 'Capital expenditures'","Capital expenditures (d)                            5,799                 4,493                1,679                 1,621               1,784",column 5 of 5,A,VERIFIED,"definition note: (d)     Capital expenditures consist of additions (excluding business combinations) to fixed assets, construction in progress, land use rights and intangible assets (excluding game and other content licences).   "
tencent,company_capex,2014-01-01,2014-03-31,3M,1138000000,CNY,"1,138",RMB millions,Capital expenditures,SRC-TENC-036,https://www.hkexnews.hk/listedco/listconews/sehk/2014/0514/ltn20140514413.pdf,1668aaa3b91c83cf039b1bc2e9e965b39fada03e816d720f8be2a03d270004ea,2014-05-14,"Other Financial Information, row 'Capital expenditures'","Capital expenditures (d)                                  1,138             1,679              1,035",column 1 of 3,A,VERIFIED,"definition note: (d)   Capital expenditures consist of additions (excluding business combinations) to fixed assets, construction in progress, land use rights and intangible assets (excluding game and other content licences).  "
tencent,company_capex,2013-10-01,2013-12-31,3M,1679000000,CNY,"1,679",RMB millions,Capital expenditures,SRC-TENC-036,https://www.hkexnews.hk/listedco/listconews/sehk/2014/0514/ltn20140514413.pdf,1668aaa3b91c83cf039b1bc2e9e965b39fada03e816d720f8be2a03d270004ea,2014-05-14,"Other Financial Information, row 'Capital expenditures'","Capital expenditures (d)                                  1,138             1,679              1,035",column 2 of 3,A,VERIFIED,"definition note: (d)   Capital expenditures consist of additions (excluding business combinations) to fixed assets, construction in progress, land use rights and intangible assets (excluding game and other content licences).  "
tencent,company_capex,2013-01-01,2013-03-31,3M,1035000000,CNY,"1,035",RMB millions,Capital expenditures,SRC-TENC-036,https://www.hkexnews.hk/listedco/listconews/sehk/2014/0514/ltn20140514413.pdf,1668aaa3b91c83cf039b1bc2e9e965b39fada03e816d720f8be2a03d270004ea,2014-05-14,"Other Financial Information, row 'Capital expenditures'","Capital expenditures (d)                                  1,138             1,679              1,035",column 3 of 3,A,VERIFIED,"definition note: (d)   Capital expenditures consist of additions (excluding business combinations) to fixed assets, construction in progress, land use rights and intangible assets (excluding game and other content licences).  "
tencent,company_capex,2014-01-01,2014-06-30,6M,2055000000,CNY,"2,055",RMB millions,Capital expenditures,SRC-TENC-037,https://www.hkexnews.hk/listedco/listconews/sehk/2014/0813/ltn20140813357.pdf,d31d1318b0bd393293e198a11f6ffd7d9401483ee7dc747a7a30ec8b8a6245ca,2014-08-13,"Other Financial Information, row 'Capital expenditures'","Capital expenditures (d)               2,055          2,499           917         1,138          1,464",column 1 of 5,A,VERIFIED,"definition note: (d)   Capital expenditures consist of additions (excluding business combinations) to fixed assets, construction in progress, land use rights and intangible assets (excluding game and other content licences).  "
tencent,company_capex,2013-01-01,2013-06-30,6M,2499000000,CNY,"2,499",RMB millions,Capital expenditures,SRC-TENC-037,https://www.hkexnews.hk/listedco/listconews/sehk/2014/0813/ltn20140813357.pdf,d31d1318b0bd393293e198a11f6ffd7d9401483ee7dc747a7a30ec8b8a6245ca,2014-08-13,"Other Financial Information, row 'Capital expenditures'","Capital expenditures (d)               2,055          2,499           917         1,138          1,464",column 2 of 5,A,VERIFIED,"definition note: (d)   Capital expenditures consist of additions (excluding business combinations) to fixed assets, construction in progress, land use rights and intangible assets (excluding game and other content licences).  "
tencent,company_capex,2014-04-01,2014-06-30,3M,917000000,CNY,917,RMB millions,Capital expenditures,SRC-TENC-037,https://www.hkexnews.hk/listedco/listconews/sehk/2014/0813/ltn20140813357.pdf,d31d1318b0bd393293e198a11f6ffd7d9401483ee7dc747a7a30ec8b8a6245ca,2014-08-13,"Other Financial Information, row 'Capital expenditures'","Capital expenditures (d)               2,055          2,499           917         1,138          1,464",column 3 of 5,A,VERIFIED,"definition note: (d)   Capital expenditures consist of additions (excluding business combinations) to fixed assets, construction in progress, land use rights and intangible assets (excluding game and other content licences).  "
tencent,company_capex,2014-01-01,2014-03-31,3M,1138000000,CNY,"1,138",RMB millions,Capital expenditures,SRC-TENC-037,https://www.hkexnews.hk/listedco/listconews/sehk/2014/0813/ltn20140813357.pdf,d31d1318b0bd393293e198a11f6ffd7d9401483ee7dc747a7a30ec8b8a6245ca,2014-08-13,"Other Financial Information, row 'Capital expenditures'","Capital expenditures (d)               2,055          2,499           917         1,138          1,464",column 4 of 5,A,VERIFIED,"definition note: (d)   Capital expenditures consist of additions (excluding business combinations) to fixed assets, construction in progress, land use rights and intangible assets (excluding game and other content licences).  "
tencent,company_capex,2013-04-01,2013-06-30,3M,1464000000,CNY,"1,464",RMB millions,Capital expenditures,SRC-TENC-037,https://www.hkexnews.hk/listedco/listconews/sehk/2014/0813/ltn20140813357.pdf,d31d1318b0bd393293e198a11f6ffd7d9401483ee7dc747a7a30ec8b8a6245ca,2014-08-13,"Other Financial Information, row 'Capital expenditures'","Capital expenditures (d)               2,055          2,499           917         1,138          1,464",column 5 of 5,A,VERIFIED,"definition note: (d)   Capital expenditures consist of additions (excluding business combinations) to fixed assets, construction in progress, land use rights and intangible assets (excluding game and other content licences).  "
tencent,company_capex,2014-01-01,2014-06-30,6M,2055000000,CNY,"2,055",RMB millions,Capital expenditures,SRC-TENC-038,https://www.hkexnews.hk/listedco/listconews/sehk/2014/0813/ltn20140813296.pdf,d31d1318b0bd393293e198a11f6ffd7d9401483ee7dc747a7a30ec8b8a6245ca,2014-08-13,"Other Financial Information, row 'Capital expenditures'","Capital expenditures (d)               2,055          2,499           917         1,138          1,464",column 1 of 5,A,VERIFIED,"definition note: (d)   Capital expenditures consist of additions (excluding business combinations) to fixed assets, construction in progress, land use rights and intangible assets (excluding game and other content licences).  "
tencent,company_capex,2013-01-01,2013-06-30,6M,2499000000,CNY,"2,499",RMB millions,Capital expenditures,SRC-TENC-038,https://www.hkexnews.hk/listedco/listconews/sehk/2014/0813/ltn20140813296.pdf,d31d1318b0bd393293e198a11f6ffd7d9401483ee7dc747a7a30ec8b8a6245ca,2014-08-13,"Other Financial Information, row 'Capital expenditures'","Capital expenditures (d)               2,055          2,499           917         1,138          1,464",column 2 of 5,A,VERIFIED,"definition note: (d)   Capital expenditures consist of additions (excluding business combinations) to fixed assets, construction in progress, land use rights and intangible assets (excluding game and other content licences).  "
tencent,company_capex,2014-04-01,2014-06-30,3M,917000000,CNY,917,RMB millions,Capital expenditures,SRC-TENC-038,https://www.hkexnews.hk/listedco/listconews/sehk/2014/0813/ltn20140813296.pdf,d31d1318b0bd393293e198a11f6ffd7d9401483ee7dc747a7a30ec8b8a6245ca,2014-08-13,"Other Financial Information, row 'Capital expenditures'","Capital expenditures (d)               2,055          2,499           917         1,138          1,464",column 3 of 5,A,VERIFIED,"definition note: (d)   Capital expenditures consist of additions (excluding business combinations) to fixed assets, construction in progress, land use rights and intangible assets (excluding game and other content licences).  "
tencent,company_capex,2014-01-01,2014-03-31,3M,1138000000,CNY,"1,138",RMB millions,Capital expenditures,SRC-TENC-038,https://www.hkexnews.hk/listedco/listconews/sehk/2014/0813/ltn20140813296.pdf,d31d1318b0bd393293e198a11f6ffd7d9401483ee7dc747a7a30ec8b8a6245ca,2014-08-13,"Other Financial Information, row 'Capital expenditures'","Capital expenditures (d)               2,055          2,499           917         1,138          1,464",column 4 of 5,A,VERIFIED,"definition note: (d)   Capital expenditures consist of additions (excluding business combinations) to fixed assets, construction in progress, land use rights and intangible assets (excluding game and other content licences).  "
tencent,company_capex,2013-04-01,2013-06-30,3M,1464000000,CNY,"1,464",RMB millions,Capital expenditures,SRC-TENC-038,https://www.hkexnews.hk/listedco/listconews/sehk/2014/0813/ltn20140813296.pdf,d31d1318b0bd393293e198a11f6ffd7d9401483ee7dc747a7a30ec8b8a6245ca,2014-08-13,"Other Financial Information, row 'Capital expenditures'","Capital expenditures (d)               2,055          2,499           917         1,138          1,464",column 5 of 5,A,VERIFIED,"definition note: (d)   Capital expenditures consist of additions (excluding business combinations) to fixed assets, construction in progress, land use rights and intangible assets (excluding game and other content licences).  "
tencent,company_capex,2014-01-01,2014-06-30,6M,2055000000,CNY,"2,055",RMB millions,Capital expenditures,SRC-TENC-039,https://www.hkexnews.hk/listedco/listconews/sehk/2014/0825/ltn20140825479.pdf,12910ddada8cad5934c08a8fa9f3b463f4d3533573839f56807958aeda6bd987,2014-08-25,"Other Financial Information, row 'Capital expenditures'","Capital expenditures (d)                                    2,055              2,499               917             1,138             1,464",column 1 of 5,A,VERIFIED,"definition note: (d)     Capital expenditures consist of additions (excluding business combinations) to fixed assets, construction in progress, land use rights and intangible assets (excluding game and other content licences).   "
tencent,company_capex,2013-01-01,2013-06-30,6M,2499000000,CNY,"2,499",RMB millions,Capital expenditures,SRC-TENC-039,https://www.hkexnews.hk/listedco/listconews/sehk/2014/0825/ltn20140825479.pdf,12910ddada8cad5934c08a8fa9f3b463f4d3533573839f56807958aeda6bd987,2014-08-25,"Other Financial Information, row 'Capital expenditures'","Capital expenditures (d)                                    2,055              2,499               917             1,138             1,464",column 2 of 5,A,VERIFIED,"definition note: (d)     Capital expenditures consist of additions (excluding business combinations) to fixed assets, construction in progress, land use rights and intangible assets (excluding game and other content licences).   "
tencent,company_capex,2014-04-01,2014-06-30,3M,917000000,CNY,917,RMB millions,Capital expenditures,SRC-TENC-039,https://www.hkexnews.hk/listedco/listconews/sehk/2014/0825/ltn20140825479.pdf,12910ddada8cad5934c08a8fa9f3b463f4d3533573839f56807958aeda6bd987,2014-08-25,"Other Financial Information, row 'Capital expenditures'","Capital expenditures (d)                                    2,055              2,499               917             1,138             1,464",column 3 of 5,A,VERIFIED,"definition note: (d)     Capital expenditures consist of additions (excluding business combinations) to fixed assets, construction in progress, land use rights and intangible assets (excluding game and other content licences).   "
tencent,company_capex,2014-01-01,2014-03-31,3M,1138000000,CNY,"1,138",RMB millions,Capital expenditures,SRC-TENC-039,https://www.hkexnews.hk/listedco/listconews/sehk/2014/0825/ltn20140825479.pdf,12910ddada8cad5934c08a8fa9f3b463f4d3533573839f56807958aeda6bd987,2014-08-25,"Other Financial Information, row 'Capital expenditures'","Capital expenditures (d)                                    2,055              2,499               917             1,138             1,464",column 4 of 5,A,VERIFIED,"definition note: (d)     Capital expenditures consist of additions (excluding business combinations) to fixed assets, construction in progress, land use rights and intangible assets (excluding game and other content licences).   "
tencent,company_capex,2013-04-01,2013-06-30,3M,1464000000,CNY,"1,464",RMB millions,Capital expenditures,SRC-TENC-039,https://www.hkexnews.hk/listedco/listconews/sehk/2014/0825/ltn20140825479.pdf,12910ddada8cad5934c08a8fa9f3b463f4d3533573839f56807958aeda6bd987,2014-08-25,"Other Financial Information, row 'Capital expenditures'","Capital expenditures (d)                                    2,055              2,499               917             1,138             1,464",column 5 of 5,A,VERIFIED,"definition note: (d)     Capital expenditures consist of additions (excluding business combinations) to fixed assets, construction in progress, land use rights and intangible assets (excluding game and other content licences).   "
tencent,company_capex,2014-01-01,2014-09-30,9M,3115000000,CNY,"3,115",RMB millions,Capital expenditures,SRC-TENC-040,https://www.hkexnews.hk/listedco/listconews/sehk/2014/1112/ltn20141112467.pdf,a7be24eb475416b14fba08a1e8789139f1f0e836fd5339968be5ee1c22f8d993,2014-11-12,"Other Financial Information, row 'Capital expenditures'","Capital expenditures (d)               3,115         4,120           1,060           917         1,621",column 1 of 5,A,VERIFIED,"definition note: (d)   Capital expenditures consist of additions (excluding business combinations) to fixed assets, construction in progress, land use rights and intangible assets (excluding game and other content licences).  "
tencent,company_capex,2013-01-01,2013-09-30,9M,4120000000,CNY,"4,120",RMB millions,Capital expenditures,SRC-TENC-040,https://www.hkexnews.hk/listedco/listconews/sehk/2014/1112/ltn20141112467.pdf,a7be24eb475416b14fba08a1e8789139f1f0e836fd5339968be5ee1c22f8d993,2014-11-12,"Other Financial Information, row 'Capital expenditures'","Capital expenditures (d)               3,115         4,120           1,060           917         1,621",column 2 of 5,A,VERIFIED,"definition note: (d)   Capital expenditures consist of additions (excluding business combinations) to fixed assets, construction in progress, land use rights and intangible assets (excluding game and other content licences).  "
tencent,company_capex,2014-07-01,2014-09-30,3M,1060000000,CNY,"1,060",RMB millions,Capital expenditures,SRC-TENC-040,https://www.hkexnews.hk/listedco/listconews/sehk/2014/1112/ltn20141112467.pdf,a7be24eb475416b14fba08a1e8789139f1f0e836fd5339968be5ee1c22f8d993,2014-11-12,"Other Financial Information, row 'Capital expenditures'","Capital expenditures (d)               3,115         4,120           1,060           917         1,621",column 3 of 5,A,VERIFIED,"definition note: (d)   Capital expenditures consist of additions (excluding business combinations) to fixed assets, construction in progress, land use rights and intangible assets (excluding game and other content licences).  "
tencent,company_capex,2014-04-01,2014-06-30,3M,917000000,CNY,917,RMB millions,Capital expenditures,SRC-TENC-040,https://www.hkexnews.hk/listedco/listconews/sehk/2014/1112/ltn20141112467.pdf,a7be24eb475416b14fba08a1e8789139f1f0e836fd5339968be5ee1c22f8d993,2014-11-12,"Other Financial Information, row 'Capital expenditures'","Capital expenditures (d)               3,115         4,120           1,060           917         1,621",column 4 of 5,A,VERIFIED,"definition note: (d)   Capital expenditures consist of additions (excluding business combinations) to fixed assets, construction in progress, land use rights and intangible assets (excluding game and other content licences).  "
tencent,company_capex,2013-07-01,2013-09-30,3M,1621000000,CNY,"1,621",RMB millions,Capital expenditures,SRC-TENC-040,https://www.hkexnews.hk/listedco/listconews/sehk/2014/1112/ltn20141112467.pdf,a7be24eb475416b14fba08a1e8789139f1f0e836fd5339968be5ee1c22f8d993,2014-11-12,"Other Financial Information, row 'Capital expenditures'","Capital expenditures (d)               3,115         4,120           1,060           917         1,621",column 5 of 5,A,VERIFIED,"definition note: (d)   Capital expenditures consist of additions (excluding business combinations) to fixed assets, construction in progress, land use rights and intangible assets (excluding game and other content licences).  "
tencent,company_capex,2014-01-01,2014-12-31,12M,4718000000,CNY,"4,718",RMB millions,Capital expenditures,SRC-TENC-041,https://www.hkexnews.hk/listedco/listconews/sehk/2015/0318/ltn20150318376.pdf,e1310413dec91454156950eaacf1c747b1b934e8233bead9d7b555396f7f8cad,2015-03-18,"Other Financial Information, row 'Capital expenditures'","Capital expenditures (d)      4,718     5,799        1,603       1,060        1,679",column 1 of 5,A,VERIFIED,"definition note: (d)   Capital expenditures consist of additions (excluding business combinations) to fixed assets, construction in progress, land use rights and intangible assets (excluding game and other content licences).  "
tencent,company_capex,2013-01-01,2013-12-31,12M,5799000000,CNY,"5,799",RMB millions,Capital expenditures,SRC-TENC-041,https://www.hkexnews.hk/listedco/listconews/sehk/2015/0318/ltn20150318376.pdf,e1310413dec91454156950eaacf1c747b1b934e8233bead9d7b555396f7f8cad,2015-03-18,"Other Financial Information, row 'Capital expenditures'","Capital expenditures (d)      4,718     5,799        1,603       1,060        1,679",column 2 of 5,A,VERIFIED,"definition note: (d)   Capital expenditures consist of additions (excluding business combinations) to fixed assets, construction in progress, land use rights and intangible assets (excluding game and other content licences).  "
tencent,company_capex,2014-10-01,2014-12-31,3M,1603000000,CNY,"1,603",RMB millions,Capital expenditures,SRC-TENC-041,https://www.hkexnews.hk/listedco/listconews/sehk/2015/0318/ltn20150318376.pdf,e1310413dec91454156950eaacf1c747b1b934e8233bead9d7b555396f7f8cad,2015-03-18,"Other Financial Information, row 'Capital expenditures'","Capital expenditures (d)      4,718     5,799        1,603       1,060        1,679",column 3 of 5,A,VERIFIED,"definition note: (d)   Capital expenditures consist of additions (excluding business combinations) to fixed assets, construction in progress, land use rights and intangible assets (excluding game and other content licences).  "
tencent,company_capex,2014-07-01,2014-09-30,3M,1060000000,CNY,"1,060",RMB millions,Capital expenditures,SRC-TENC-041,https://www.hkexnews.hk/listedco/listconews/sehk/2015/0318/ltn20150318376.pdf,e1310413dec91454156950eaacf1c747b1b934e8233bead9d7b555396f7f8cad,2015-03-18,"Other Financial Information, row 'Capital expenditures'","Capital expenditures (d)      4,718     5,799        1,603       1,060        1,679",column 4 of 5,A,VERIFIED,"definition note: (d)   Capital expenditures consist of additions (excluding business combinations) to fixed assets, construction in progress, land use rights and intangible assets (excluding game and other content licences).  "
tencent,company_capex,2013-10-01,2013-12-31,3M,1679000000,CNY,"1,679",RMB millions,Capital expenditures,SRC-TENC-041,https://www.hkexnews.hk/listedco/listconews/sehk/2015/0318/ltn20150318376.pdf,e1310413dec91454156950eaacf1c747b1b934e8233bead9d7b555396f7f8cad,2015-03-18,"Other Financial Information, row 'Capital expenditures'","Capital expenditures (d)      4,718     5,799        1,603       1,060        1,679",column 5 of 5,A,VERIFIED,"definition note: (d)   Capital expenditures consist of additions (excluding business combinations) to fixed assets, construction in progress, land use rights and intangible assets (excluding game and other content licences).  "
tencent,company_capex,2014-01-01,2014-12-31,12M,4718000000,CNY,"4,718",RMB millions,Capital expenditures,SRC-TENC-042,https://www.hkexnews.hk/listedco/listconews/sehk/2015/0330/ltn201503301212.pdf,7e7becf7c10d9742263a06167492c162da54950992e21be157aebd35bafefdf0,2015-03-30,"Other Financial Information, row 'Capital expenditures'","Capital expenditures (d)                           4,718               5,799                1,603                1,060               1,679",column 1 of 5,A,VERIFIED,"definition note: (d)     Capital expenditures consist of additions (excluding business combinations) to fixed assets, construction in progress, land use rights and intangible assets (excluding game and other content licences).   "
tencent,company_capex,2013-01-01,2013-12-31,12M,5799000000,CNY,"5,799",RMB millions,Capital expenditures,SRC-TENC-042,https://www.hkexnews.hk/listedco/listconews/sehk/2015/0330/ltn201503301212.pdf,7e7becf7c10d9742263a06167492c162da54950992e21be157aebd35bafefdf0,2015-03-30,"Other Financial Information, row 'Capital expenditures'","Capital expenditures (d)                           4,718               5,799                1,603                1,060               1,679",column 2 of 5,A,VERIFIED,"definition note: (d)     Capital expenditures consist of additions (excluding business combinations) to fixed assets, construction in progress, land use rights and intangible assets (excluding game and other content licences).   "
tencent,company_capex,2014-10-01,2014-12-31,3M,1603000000,CNY,"1,603",RMB millions,Capital expenditures,SRC-TENC-042,https://www.hkexnews.hk/listedco/listconews/sehk/2015/0330/ltn201503301212.pdf,7e7becf7c10d9742263a06167492c162da54950992e21be157aebd35bafefdf0,2015-03-30,"Other Financial Information, row 'Capital expenditures'","Capital expenditures (d)                           4,718               5,799                1,603                1,060               1,679",column 3 of 5,A,VERIFIED,"definition note: (d)     Capital expenditures consist of additions (excluding business combinations) to fixed assets, construction in progress, land use rights and intangible assets (excluding game and other content licences).   "
tencent,company_capex,2014-07-01,2014-09-30,3M,1060000000,CNY,"1,060",RMB millions,Capital expenditures,SRC-TENC-042,https://www.hkexnews.hk/listedco/listconews/sehk/2015/0330/ltn201503301212.pdf,7e7becf7c10d9742263a06167492c162da54950992e21be157aebd35bafefdf0,2015-03-30,"Other Financial Information, row 'Capital expenditures'","Capital expenditures (d)                           4,718               5,799                1,603                1,060               1,679",column 4 of 5,A,VERIFIED,"definition note: (d)     Capital expenditures consist of additions (excluding business combinations) to fixed assets, construction in progress, land use rights and intangible assets (excluding game and other content licences).   "
tencent,company_capex,2013-10-01,2013-12-31,3M,1679000000,CNY,"1,679",RMB millions,Capital expenditures,SRC-TENC-042,https://www.hkexnews.hk/listedco/listconews/sehk/2015/0330/ltn201503301212.pdf,7e7becf7c10d9742263a06167492c162da54950992e21be157aebd35bafefdf0,2015-03-30,"Other Financial Information, row 'Capital expenditures'","Capital expenditures (d)                           4,718               5,799                1,603                1,060               1,679",column 5 of 5,A,VERIFIED,"definition note: (d)     Capital expenditures consist of additions (excluding business combinations) to fixed assets, construction in progress, land use rights and intangible assets (excluding game and other content licences).   "
tencent,company_capex,2015-01-01,2015-03-31,3M,1332000000,CNY,"1,332",RMB millions,Capital expenditures,SRC-TENC-043,https://www.hkexnews.hk/listedco/listconews/sehk/2015/0513/ltn20150513377.pdf,381654d4704b0aab08de7411948422b900ed5d46c2f00c363c473c891076829a,2015-05-13,"Other Financial Information, row 'Capital expenditures'","Capital expenditures (d)                                  1,332             1,603              1,138",column 1 of 3,A,VERIFIED,"definition note: (d)   Capital expenditures consist of additions (excluding business combinations) to fixed assets, construction in progress, land use rights and intangible assets (excluding game and other content licenses).  "
tencent,company_capex,2014-10-01,2014-12-31,3M,1603000000,CNY,"1,603",RMB millions,Capital expenditures,SRC-TENC-043,https://www.hkexnews.hk/listedco/listconews/sehk/2015/0513/ltn20150513377.pdf,381654d4704b0aab08de7411948422b900ed5d46c2f00c363c473c891076829a,2015-05-13,"Other Financial Information, row 'Capital expenditures'","Capital expenditures (d)                                  1,332             1,603              1,138",column 2 of 3,A,VERIFIED,"definition note: (d)   Capital expenditures consist of additions (excluding business combinations) to fixed assets, construction in progress, land use rights and intangible assets (excluding game and other content licenses).  "
tencent,company_capex,2014-01-01,2014-03-31,3M,1138000000,CNY,"1,138",RMB millions,Capital expenditures,SRC-TENC-043,https://www.hkexnews.hk/listedco/listconews/sehk/2015/0513/ltn20150513377.pdf,381654d4704b0aab08de7411948422b900ed5d46c2f00c363c473c891076829a,2015-05-13,"Other Financial Information, row 'Capital expenditures'","Capital expenditures (d)                                  1,332             1,603              1,138",column 3 of 3,A,VERIFIED,"definition note: (d)   Capital expenditures consist of additions (excluding business combinations) to fixed assets, construction in progress, land use rights and intangible assets (excluding game and other content licenses).  "
tencent,company_capex,2015-01-01,2015-06-30,6M,4173000000,CNY,"4,173",RMB millions,Capital expenditures,SRC-TENC-044,https://www.hkexnews.hk/listedco/listconews/sehk/2015/0812/ltn20150812447.pdf,c3005631ebbdaf5ee83d452f2886af00d9994db877c27c411bb81c66164be36b,2015-08-12,"Other Financial Information, row 'Capital expenditures'","Capital expenditures (d)                  4,173         2,055        2,841        1,332           917",column 1 of 5,A,VERIFIED,"definition note: (d)   Capital expenditures consist of additions (excluding business combinations) to fixed assets, construction in progress, land use rights and intangible assets (excluding game and other content licences).  "
tencent,company_capex,2014-01-01,2014-06-30,6M,2055000000,CNY,"2,055",RMB millions,Capital expenditures,SRC-TENC-044,https://www.hkexnews.hk/listedco/listconews/sehk/2015/0812/ltn20150812447.pdf,c3005631ebbdaf5ee83d452f2886af00d9994db877c27c411bb81c66164be36b,2015-08-12,"Other Financial Information, row 'Capital expenditures'","Capital expenditures (d)                  4,173         2,055        2,841        1,332           917",column 2 of 5,A,VERIFIED,"definition note: (d)   Capital expenditures consist of additions (excluding business combinations) to fixed assets, construction in progress, land use rights and intangible assets (excluding game and other content licences).  "
tencent,company_capex,2015-04-01,2015-06-30,3M,2841000000,CNY,"2,841",RMB millions,Capital expenditures,SRC-TENC-044,https://www.hkexnews.hk/listedco/listconews/sehk/2015/0812/ltn20150812447.pdf,c3005631ebbdaf5ee83d452f2886af00d9994db877c27c411bb81c66164be36b,2015-08-12,"Other Financial Information, row 'Capital expenditures'","Capital expenditures (d)                  4,173         2,055        2,841        1,332           917",column 3 of 5,A,VERIFIED,"definition note: (d)   Capital expenditures consist of additions (excluding business combinations) to fixed assets, construction in progress, land use rights and intangible assets (excluding game and other content licences).  "
tencent,company_capex,2015-01-01,2015-03-31,3M,1332000000,CNY,"1,332",RMB millions,Capital expenditures,SRC-TENC-044,https://www.hkexnews.hk/listedco/listconews/sehk/2015/0812/ltn20150812447.pdf,c3005631ebbdaf5ee83d452f2886af00d9994db877c27c411bb81c66164be36b,2015-08-12,"Other Financial Information, row 'Capital expenditures'","Capital expenditures (d)                  4,173         2,055        2,841        1,332           917",column 4 of 5,A,VERIFIED,"definition note: (d)   Capital expenditures consist of additions (excluding business combinations) to fixed assets, construction in progress, land use rights and intangible assets (excluding game and other content licences).  "
tencent,company_capex,2014-04-01,2014-06-30,3M,917000000,CNY,917,RMB millions,Capital expenditures,SRC-TENC-044,https://www.hkexnews.hk/listedco/listconews/sehk/2015/0812/ltn20150812447.pdf,c3005631ebbdaf5ee83d452f2886af00d9994db877c27c411bb81c66164be36b,2015-08-12,"Other Financial Information, row 'Capital expenditures'","Capital expenditures (d)                  4,173         2,055        2,841        1,332           917",column 5 of 5,A,VERIFIED,"definition note: (d)   Capital expenditures consist of additions (excluding business combinations) to fixed assets, construction in progress, land use rights and intangible assets (excluding game and other content licences).  "
tencent,company_capex,2015-01-01,2015-06-30,6M,4173000000,CNY,"4,173",RMB millions,Capital expenditures,SRC-TENC-045,https://www.hkexnews.hk/listedco/listconews/sehk/2015/0824/ltn20150824508.pdf,b54a9de351c9c16c3f23c525cd0d62a732bcdca2e410a6904f22152670faf7bc,2015-08-24,"Other Financial Information, row 'Capital expenditures'","Capital expenditures (d)                                    4,173              2,055             2,841             1,332               917",column 1 of 5,A,VERIFIED,"definition note: (d)     Capital expenditures consist of additions (excluding business combinations) to fixed assets, construction in progress, land use rights and intangible assets (excluding game and other content licences).   "
tencent,company_capex,2014-01-01,2014-06-30,6M,2055000000,CNY,"2,055",RMB millions,Capital expenditures,SRC-TENC-045,https://www.hkexnews.hk/listedco/listconews/sehk/2015/0824/ltn20150824508.pdf,b54a9de351c9c16c3f23c525cd0d62a732bcdca2e410a6904f22152670faf7bc,2015-08-24,"Other Financial Information, row 'Capital expenditures'","Capital expenditures (d)                                    4,173              2,055             2,841             1,332               917",column 2 of 5,A,VERIFIED,"definition note: (d)     Capital expenditures consist of additions (excluding business combinations) to fixed assets, construction in progress, land use rights and intangible assets (excluding game and other content licences).   "
tencent,company_capex,2015-04-01,2015-06-30,3M,2841000000,CNY,"2,841",RMB millions,Capital expenditures,SRC-TENC-045,https://www.hkexnews.hk/listedco/listconews/sehk/2015/0824/ltn20150824508.pdf,b54a9de351c9c16c3f23c525cd0d62a732bcdca2e410a6904f22152670faf7bc,2015-08-24,"Other Financial Information, row 'Capital expenditures'","Capital expenditures (d)                                    4,173              2,055             2,841             1,332               917",column 3 of 5,A,VERIFIED,"definition note: (d)     Capital expenditures consist of additions (excluding business combinations) to fixed assets, construction in progress, land use rights and intangible assets (excluding game and other content licences).   "
tencent,company_capex,2015-01-01,2015-03-31,3M,1332000000,CNY,"1,332",RMB millions,Capital expenditures,SRC-TENC-045,https://www.hkexnews.hk/listedco/listconews/sehk/2015/0824/ltn20150824508.pdf,b54a9de351c9c16c3f23c525cd0d62a732bcdca2e410a6904f22152670faf7bc,2015-08-24,"Other Financial Information, row 'Capital expenditures'","Capital expenditures (d)                                    4,173              2,055             2,841             1,332               917",column 4 of 5,A,VERIFIED,"definition note: (d)     Capital expenditures consist of additions (excluding business combinations) to fixed assets, construction in progress, land use rights and intangible assets (excluding game and other content licences).   "
tencent,company_capex,2014-04-01,2014-06-30,3M,917000000,CNY,917,RMB millions,Capital expenditures,SRC-TENC-045,https://www.hkexnews.hk/listedco/listconews/sehk/2015/0824/ltn20150824508.pdf,b54a9de351c9c16c3f23c525cd0d62a732bcdca2e410a6904f22152670faf7bc,2015-08-24,"Other Financial Information, row 'Capital expenditures'","Capital expenditures (d)                                    4,173              2,055             2,841             1,332               917",column 5 of 5,A,VERIFIED,"definition note: (d)     Capital expenditures consist of additions (excluding business combinations) to fixed assets, construction in progress, land use rights and intangible assets (excluding game and other content licences).   "
tencent,company_capex,2015-01-01,2015-09-30,9M,5826000000,CNY,"5,826",RMB millions,Capital expenditures,SRC-TENC-046,https://www.hkexnews.hk/listedco/listconews/sehk/2015/1110/ltn20151110341.pdf,ac4d42d1c3196cb54ee22645578162c8b599509a3e43e80eaf4c0a30e9d8a976,2015-11-10,"Other Financial Information, row 'Capital expenditures'","Capital expenditures (d)               5,826         3,115           1,653         2,841         1,060",column 1 of 5,A,VERIFIED,"definition note: (d)   Capital expenditures consist of additions (excluding business combinations) to fixed assets, construction in progress, land use rights and intangible assets (excluding game and other content licenses).  "
tencent,company_capex,2014-01-01,2014-09-30,9M,3115000000,CNY,"3,115",RMB millions,Capital expenditures,SRC-TENC-046,https://www.hkexnews.hk/listedco/listconews/sehk/2015/1110/ltn20151110341.pdf,ac4d42d1c3196cb54ee22645578162c8b599509a3e43e80eaf4c0a30e9d8a976,2015-11-10,"Other Financial Information, row 'Capital expenditures'","Capital expenditures (d)               5,826         3,115           1,653         2,841         1,060",column 2 of 5,A,VERIFIED,"definition note: (d)   Capital expenditures consist of additions (excluding business combinations) to fixed assets, construction in progress, land use rights and intangible assets (excluding game and other content licenses).  "
tencent,company_capex,2015-07-01,2015-09-30,3M,1653000000,CNY,"1,653",RMB millions,Capital expenditures,SRC-TENC-046,https://www.hkexnews.hk/listedco/listconews/sehk/2015/1110/ltn20151110341.pdf,ac4d42d1c3196cb54ee22645578162c8b599509a3e43e80eaf4c0a30e9d8a976,2015-11-10,"Other Financial Information, row 'Capital expenditures'","Capital expenditures (d)               5,826         3,115           1,653         2,841         1,060",column 3 of 5,A,VERIFIED,"definition note: (d)   Capital expenditures consist of additions (excluding business combinations) to fixed assets, construction in progress, land use rights and intangible assets (excluding game and other content licenses).  "
tencent,company_capex,2015-04-01,2015-06-30,3M,2841000000,CNY,"2,841",RMB millions,Capital expenditures,SRC-TENC-046,https://www.hkexnews.hk/listedco/listconews/sehk/2015/1110/ltn20151110341.pdf,ac4d42d1c3196cb54ee22645578162c8b599509a3e43e80eaf4c0a30e9d8a976,2015-11-10,"Other Financial Information, row 'Capital expenditures'","Capital expenditures (d)               5,826         3,115           1,653         2,841         1,060",column 4 of 5,A,VERIFIED,"definition note: (d)   Capital expenditures consist of additions (excluding business combinations) to fixed assets, construction in progress, land use rights and intangible assets (excluding game and other content licenses).  "
tencent,company_capex,2014-07-01,2014-09-30,3M,1060000000,CNY,"1,060",RMB millions,Capital expenditures,SRC-TENC-046,https://www.hkexnews.hk/listedco/listconews/sehk/2015/1110/ltn20151110341.pdf,ac4d42d1c3196cb54ee22645578162c8b599509a3e43e80eaf4c0a30e9d8a976,2015-11-10,"Other Financial Information, row 'Capital expenditures'","Capital expenditures (d)               5,826         3,115           1,653         2,841         1,060",column 5 of 5,A,VERIFIED,"definition note: (d)   Capital expenditures consist of additions (excluding business combinations) to fixed assets, construction in progress, land use rights and intangible assets (excluding game and other content licenses).  "
tencent,company_capex,2015-01-01,2015-12-31,12M,7709000000,CNY,"7,709",RMB millions,Capital expenditures,SRC-TENC-047,https://www.hkexnews.hk/listedco/listconews/sehk/2016/0317/ltn20160317315.pdf,3341f9be5d481697a5cf5f30db7797083726d06f5338bd26aebeb2f9c4e35d21,2016-03-17,"Other Financial Information, row 'Capital expenditures'","Capital expenditures (d)              7,709       4,718           1,883          1,653           1,603",column 1 of 5,A,VERIFIED,"definition note: (d)   Capital expenditures consist of additions (excluding business combinations) to fixed assets, construction in progress, land use rights and intangible assets (excluding game and other content licenses).  "
tencent,company_capex,2014-01-01,2014-12-31,12M,4718000000,CNY,"4,718",RMB millions,Capital expenditures,SRC-TENC-047,https://www.hkexnews.hk/listedco/listconews/sehk/2016/0317/ltn20160317315.pdf,3341f9be5d481697a5cf5f30db7797083726d06f5338bd26aebeb2f9c4e35d21,2016-03-17,"Other Financial Information, row 'Capital expenditures'","Capital expenditures (d)              7,709       4,718           1,883          1,653           1,603",column 2 of 5,A,VERIFIED,"definition note: (d)   Capital expenditures consist of additions (excluding business combinations) to fixed assets, construction in progress, land use rights and intangible assets (excluding game and other content licenses).  "
tencent,company_capex,2015-10-01,2015-12-31,3M,1883000000,CNY,"1,883",RMB millions,Capital expenditures,SRC-TENC-047,https://www.hkexnews.hk/listedco/listconews/sehk/2016/0317/ltn20160317315.pdf,3341f9be5d481697a5cf5f30db7797083726d06f5338bd26aebeb2f9c4e35d21,2016-03-17,"Other Financial Information, row 'Capital expenditures'","Capital expenditures (d)              7,709       4,718           1,883          1,653           1,603",column 3 of 5,A,VERIFIED,"definition note: (d)   Capital expenditures consist of additions (excluding business combinations) to fixed assets, construction in progress, land use rights and intangible assets (excluding game and other content licenses).  "
tencent,company_capex,2015-07-01,2015-09-30,3M,1653000000,CNY,"1,653",RMB millions,Capital expenditures,SRC-TENC-047,https://www.hkexnews.hk/listedco/listconews/sehk/2016/0317/ltn20160317315.pdf,3341f9be5d481697a5cf5f30db7797083726d06f5338bd26aebeb2f9c4e35d21,2016-03-17,"Other Financial Information, row 'Capital expenditures'","Capital expenditures (d)              7,709       4,718           1,883          1,653           1,603",column 4 of 5,A,VERIFIED,"definition note: (d)   Capital expenditures consist of additions (excluding business combinations) to fixed assets, construction in progress, land use rights and intangible assets (excluding game and other content licenses).  "
tencent,company_capex,2014-10-01,2014-12-31,3M,1603000000,CNY,"1,603",RMB millions,Capital expenditures,SRC-TENC-047,https://www.hkexnews.hk/listedco/listconews/sehk/2016/0317/ltn20160317315.pdf,3341f9be5d481697a5cf5f30db7797083726d06f5338bd26aebeb2f9c4e35d21,2016-03-17,"Other Financial Information, row 'Capital expenditures'","Capital expenditures (d)              7,709       4,718           1,883          1,653           1,603",column 5 of 5,A,VERIFIED,"definition note: (d)   Capital expenditures consist of additions (excluding business combinations) to fixed assets, construction in progress, land use rights and intangible assets (excluding game and other content licenses).  "
tencent,company_capex,2015-01-01,2015-12-31,12M,7709000000,CNY,"7,709",RMB millions,Capital expenditures,SRC-TENC-048,https://www.hkexnews.hk/listedco/listconews/sehk/2016/0329/ltn201603291387.pdf,4b8f374fcaeac6d757f03689a8725f6811b4b1cfa8bf70ab916708fd5b716089,2016-03-29,"Other Financial Information, row 'Capital expenditures'","Capital expenditures (d)                           7,709               4,718                1,883                1,653               1,603",column 1 of 5,A,VERIFIED,"definition note: (d)     Capital expenditures consist of additions (excluding business combinations) to fixed assets, construction in progress, land use rights and intangible assets (excluding game and other content licenses).   "
tencent,company_capex,2014-01-01,2014-12-31,12M,4718000000,CNY,"4,718",RMB millions,Capital expenditures,SRC-TENC-048,https://www.hkexnews.hk/listedco/listconews/sehk/2016/0329/ltn201603291387.pdf,4b8f374fcaeac6d757f03689a8725f6811b4b1cfa8bf70ab916708fd5b716089,2016-03-29,"Other Financial Information, row 'Capital expenditures'","Capital expenditures (d)                           7,709               4,718                1,883                1,653               1,603",column 2 of 5,A,VERIFIED,"definition note: (d)     Capital expenditures consist of additions (excluding business combinations) to fixed assets, construction in progress, land use rights and intangible assets (excluding game and other content licenses).   "
tencent,company_capex,2015-10-01,2015-12-31,3M,1883000000,CNY,"1,883",RMB millions,Capital expenditures,SRC-TENC-048,https://www.hkexnews.hk/listedco/listconews/sehk/2016/0329/ltn201603291387.pdf,4b8f374fcaeac6d757f03689a8725f6811b4b1cfa8bf70ab916708fd5b716089,2016-03-29,"Other Financial Information, row 'Capital expenditures'","Capital expenditures (d)                           7,709               4,718                1,883                1,653               1,603",column 3 of 5,A,VERIFIED,"definition note: (d)     Capital expenditures consist of additions (excluding business combinations) to fixed assets, construction in progress, land use rights and intangible assets (excluding game and other content licenses).   "
tencent,company_capex,2015-07-01,2015-09-30,3M,1653000000,CNY,"1,653",RMB millions,Capital expenditures,SRC-TENC-048,https://www.hkexnews.hk/listedco/listconews/sehk/2016/0329/ltn201603291387.pdf,4b8f374fcaeac6d757f03689a8725f6811b4b1cfa8bf70ab916708fd5b716089,2016-03-29,"Other Financial Information, row 'Capital expenditures'","Capital expenditures (d)                           7,709               4,718                1,883                1,653               1,603",column 4 of 5,A,VERIFIED,"definition note: (d)     Capital expenditures consist of additions (excluding business combinations) to fixed assets, construction in progress, land use rights and intangible assets (excluding game and other content licenses).   "
tencent,company_capex,2014-10-01,2014-12-31,3M,1603000000,CNY,"1,603",RMB millions,Capital expenditures,SRC-TENC-048,https://www.hkexnews.hk/listedco/listconews/sehk/2016/0329/ltn201603291387.pdf,4b8f374fcaeac6d757f03689a8725f6811b4b1cfa8bf70ab916708fd5b716089,2016-03-29,"Other Financial Information, row 'Capital expenditures'","Capital expenditures (d)                           7,709               4,718                1,883                1,653               1,603",column 5 of 5,A,VERIFIED,"definition note: (d)     Capital expenditures consist of additions (excluding business combinations) to fixed assets, construction in progress, land use rights and intangible assets (excluding game and other content licenses).   "
tencent,company_capex,2016-01-01,2016-03-31,3M,4105000000,CNY,"4,105",RMB millions,Capital expenditures,SRC-TENC-049,https://www.hkexnews.hk/listedco/listconews/sehk/2016/0518/ltn20160518271.pdf,22bec6769d80168fc6e72ee7245866088d315a24d11fd96baf09f680b650eb7c,2016-05-18,"Other Financial Information, row 'Capital expenditures'","Capital expenditures (d)                                  4,105             1,883              1,332",column 1 of 3,A,VERIFIED,"definition note: (d)   Capital expenditures consist of additions (excluding business combinations) to fixed assets, construction in progress, land use rights and intangible assets (excluding game and other content licenses).  "
tencent,company_capex,2015-10-01,2015-12-31,3M,1883000000,CNY,"1,883",RMB millions,Capital expenditures,SRC-TENC-049,https://www.hkexnews.hk/listedco/listconews/sehk/2016/0518/ltn20160518271.pdf,22bec6769d80168fc6e72ee7245866088d315a24d11fd96baf09f680b650eb7c,2016-05-18,"Other Financial Information, row 'Capital expenditures'","Capital expenditures (d)                                  4,105             1,883              1,332",column 2 of 3,A,VERIFIED,"definition note: (d)   Capital expenditures consist of additions (excluding business combinations) to fixed assets, construction in progress, land use rights and intangible assets (excluding game and other content licenses).  "
tencent,company_capex,2015-01-01,2015-03-31,3M,1332000000,CNY,"1,332",RMB millions,Capital expenditures,SRC-TENC-049,https://www.hkexnews.hk/listedco/listconews/sehk/2016/0518/ltn20160518271.pdf,22bec6769d80168fc6e72ee7245866088d315a24d11fd96baf09f680b650eb7c,2016-05-18,"Other Financial Information, row 'Capital expenditures'","Capital expenditures (d)                                  4,105             1,883              1,332",column 3 of 3,A,VERIFIED,"definition note: (d)   Capital expenditures consist of additions (excluding business combinations) to fixed assets, construction in progress, land use rights and intangible assets (excluding game and other content licenses).  "
tencent,company_capex,2016-01-01,2016-06-30,6M,5610000000,CNY,"5,610",RMB millions,Capital expenditures,SRC-TENC-050,https://www.hkexnews.hk/listedco/listconews/sehk/2016/0817/ltn20160817320.pdf,1fcc0f159031bfeb804a792d216bc3166bd899cf0a1c93dac0c1b5f1c6763271,2016-08-17,"Other Financial Information, row 'Capital expenditures'","Capital expenditures (d)                       5,610        4,173       1,505       4,105       2,841",column 1 of 5,A,VERIFIED,"definition note: (d)   Capital expenditures consist of additions (excluding business combinations) to fixed assets, construction in progress, land use rights and intangible assets (excluding game and other content licenses).  "
tencent,company_capex,2015-01-01,2015-06-30,6M,4173000000,CNY,"4,173",RMB millions,Capital expenditures,SRC-TENC-050,https://www.hkexnews.hk/listedco/listconews/sehk/2016/0817/ltn20160817320.pdf,1fcc0f159031bfeb804a792d216bc3166bd899cf0a1c93dac0c1b5f1c6763271,2016-08-17,"Other Financial Information, row 'Capital expenditures'","Capital expenditures (d)                       5,610        4,173       1,505       4,105       2,841",column 2 of 5,A,VERIFIED,"definition note: (d)   Capital expenditures consist of additions (excluding business combinations) to fixed assets, construction in progress, land use rights and intangible assets (excluding game and other content licenses).  "
tencent,company_capex,2016-04-01,2016-06-30,3M,1505000000,CNY,"1,505",RMB millions,Capital expenditures,SRC-TENC-050,https://www.hkexnews.hk/listedco/listconews/sehk/2016/0817/ltn20160817320.pdf,1fcc0f159031bfeb804a792d216bc3166bd899cf0a1c93dac0c1b5f1c6763271,2016-08-17,"Other Financial Information, row 'Capital expenditures'","Capital expenditures (d)                       5,610        4,173       1,505       4,105       2,841",column 3 of 5,A,VERIFIED,"definition note: (d)   Capital expenditures consist of additions (excluding business combinations) to fixed assets, construction in progress, land use rights and intangible assets (excluding game and other content licenses).  "
tencent,company_capex,2016-01-01,2016-03-31,3M,4105000000,CNY,"4,105",RMB millions,Capital expenditures,SRC-TENC-050,https://www.hkexnews.hk/listedco/listconews/sehk/2016/0817/ltn20160817320.pdf,1fcc0f159031bfeb804a792d216bc3166bd899cf0a1c93dac0c1b5f1c6763271,2016-08-17,"Other Financial Information, row 'Capital expenditures'","Capital expenditures (d)                       5,610        4,173       1,505       4,105       2,841",column 4 of 5,A,VERIFIED,"definition note: (d)   Capital expenditures consist of additions (excluding business combinations) to fixed assets, construction in progress, land use rights and intangible assets (excluding game and other content licenses).  "
tencent,company_capex,2015-04-01,2015-06-30,3M,2841000000,CNY,"2,841",RMB millions,Capital expenditures,SRC-TENC-050,https://www.hkexnews.hk/listedco/listconews/sehk/2016/0817/ltn20160817320.pdf,1fcc0f159031bfeb804a792d216bc3166bd899cf0a1c93dac0c1b5f1c6763271,2016-08-17,"Other Financial Information, row 'Capital expenditures'","Capital expenditures (d)                       5,610        4,173       1,505       4,105       2,841",column 5 of 5,A,VERIFIED,"definition note: (d)   Capital expenditures consist of additions (excluding business combinations) to fixed assets, construction in progress, land use rights and intangible assets (excluding game and other content licenses).  "
tencent,company_capex,2016-01-01,2016-06-30,6M,5610000000,CNY,"5,610",RMB millions,Capital expenditures,SRC-TENC-051,https://www.hkexnews.hk/listedco/listconews/sehk/2016/0831/ltn20160831478.pdf,d4f4f9c5fcc1ca7ec3d96ed3909aa18ebe216093c3cad521b96bf52f978c8844,2016-08-31,"Other Financial Information, row 'Capital expenditures'","Capital expenditures (d)                                     5,610             4,173             1,505             4,105             2,841",column 1 of 5,A,VERIFIED,"definition note: (d)     Capital expenditures consist of additions (excluding business combinations) to fixed assets, construction in progress, land use rights and intangible assets (excluding game and other content licenses).   "
tencent,company_capex,2015-01-01,2015-06-30,6M,4173000000,CNY,"4,173",RMB millions,Capital expenditures,SRC-TENC-051,https://www.hkexnews.hk/listedco/listconews/sehk/2016/0831/ltn20160831478.pdf,d4f4f9c5fcc1ca7ec3d96ed3909aa18ebe216093c3cad521b96bf52f978c8844,2016-08-31,"Other Financial Information, row 'Capital expenditures'","Capital expenditures (d)                                     5,610             4,173             1,505             4,105             2,841",column 2 of 5,A,VERIFIED,"definition note: (d)     Capital expenditures consist of additions (excluding business combinations) to fixed assets, construction in progress, land use rights and intangible assets (excluding game and other content licenses).   "
tencent,company_capex,2016-04-01,2016-06-30,3M,1505000000,CNY,"1,505",RMB millions,Capital expenditures,SRC-TENC-051,https://www.hkexnews.hk/listedco/listconews/sehk/2016/0831/ltn20160831478.pdf,d4f4f9c5fcc1ca7ec3d96ed3909aa18ebe216093c3cad521b96bf52f978c8844,2016-08-31,"Other Financial Information, row 'Capital expenditures'","Capital expenditures (d)                                     5,610             4,173             1,505             4,105             2,841",column 3 of 5,A,VERIFIED,"definition note: (d)     Capital expenditures consist of additions (excluding business combinations) to fixed assets, construction in progress, land use rights and intangible assets (excluding game and other content licenses).   "
tencent,company_capex,2016-01-01,2016-03-31,3M,4105000000,CNY,"4,105",RMB millions,Capital expenditures,SRC-TENC-051,https://www.hkexnews.hk/listedco/listconews/sehk/2016/0831/ltn20160831478.pdf,d4f4f9c5fcc1ca7ec3d96ed3909aa18ebe216093c3cad521b96bf52f978c8844,2016-08-31,"Other Financial Information, row 'Capital expenditures'","Capital expenditures (d)                                     5,610             4,173             1,505             4,105             2,841",column 4 of 5,A,VERIFIED,"definition note: (d)     Capital expenditures consist of additions (excluding business combinations) to fixed assets, construction in progress, land use rights and intangible assets (excluding game and other content licenses).   "
tencent,company_capex,2015-04-01,2015-06-30,3M,2841000000,CNY,"2,841",RMB millions,Capital expenditures,SRC-TENC-051,https://www.hkexnews.hk/listedco/listconews/sehk/2016/0831/ltn20160831478.pdf,d4f4f9c5fcc1ca7ec3d96ed3909aa18ebe216093c3cad521b96bf52f978c8844,2016-08-31,"Other Financial Information, row 'Capital expenditures'","Capital expenditures (d)                                     5,610             4,173             1,505             4,105             2,841",column 5 of 5,A,VERIFIED,"definition note: (d)     Capital expenditures consist of additions (excluding business combinations) to fixed assets, construction in progress, land use rights and intangible assets (excluding game and other content licenses).   "
tencent,company_capex,2016-07-01,2016-09-30,3M,3651000000,CNY,"3,651",RMB millions,Capital expenditures,SRC-TENC-052,https://www.hkexnews.hk/listedco/listconews/sehk/2016/1116/ltn20161116307.pdf,9cee659c05f53ac506f44e3e7ebe0f2b10fcb9b552211415784ed10969830ee4,2016-11-16,"Other Financial Information, row 'Capital expenditures'","Capital expenditures (d)              3,651          1,505          1,653         9,261         5,826",column 1 of 5,A,VERIFIED,"definition note: (d)   Capital expenditures consist of additions (excluding business combinations) to fixed assets, construction in progress, land use rights and intangible assets (excluding online game and other content licenses).  "
tencent,company_capex,2016-04-01,2016-06-30,3M,1505000000,CNY,"1,505",RMB millions,Capital expenditures,SRC-TENC-052,https://www.hkexnews.hk/listedco/listconews/sehk/2016/1116/ltn20161116307.pdf,9cee659c05f53ac506f44e3e7ebe0f2b10fcb9b552211415784ed10969830ee4,2016-11-16,"Other Financial Information, row 'Capital expenditures'","Capital expenditures (d)              3,651          1,505          1,653         9,261         5,826",column 2 of 5,A,VERIFIED,"definition note: (d)   Capital expenditures consist of additions (excluding business combinations) to fixed assets, construction in progress, land use rights and intangible assets (excluding online game and other content licenses).  "
tencent,company_capex,2015-07-01,2015-09-30,3M,1653000000,CNY,"1,653",RMB millions,Capital expenditures,SRC-TENC-052,https://www.hkexnews.hk/listedco/listconews/sehk/2016/1116/ltn20161116307.pdf,9cee659c05f53ac506f44e3e7ebe0f2b10fcb9b552211415784ed10969830ee4,2016-11-16,"Other Financial Information, row 'Capital expenditures'","Capital expenditures (d)              3,651          1,505          1,653         9,261         5,826",column 3 of 5,A,VERIFIED,"definition note: (d)   Capital expenditures consist of additions (excluding business combinations) to fixed assets, construction in progress, land use rights and intangible assets (excluding online game and other content licenses).  "
tencent,company_capex,2016-01-01,2016-09-30,9M,9261000000,CNY,"9,261",RMB millions,Capital expenditures,SRC-TENC-052,https://www.hkexnews.hk/listedco/listconews/sehk/2016/1116/ltn20161116307.pdf,9cee659c05f53ac506f44e3e7ebe0f2b10fcb9b552211415784ed10969830ee4,2016-11-16,"Other Financial Information, row 'Capital expenditures'","Capital expenditures (d)              3,651          1,505          1,653         9,261         5,826",column 4 of 5,A,VERIFIED,"definition note: (d)   Capital expenditures consist of additions (excluding business combinations) to fixed assets, construction in progress, land use rights and intangible assets (excluding online game and other content licenses).  "
tencent,company_capex,2015-01-01,2015-09-30,9M,5826000000,CNY,"5,826",RMB millions,Capital expenditures,SRC-TENC-052,https://www.hkexnews.hk/listedco/listconews/sehk/2016/1116/ltn20161116307.pdf,9cee659c05f53ac506f44e3e7ebe0f2b10fcb9b552211415784ed10969830ee4,2016-11-16,"Other Financial Information, row 'Capital expenditures'","Capital expenditures (d)              3,651          1,505          1,653         9,261         5,826",column 5 of 5,A,VERIFIED,"definition note: (d)   Capital expenditures consist of additions (excluding business combinations) to fixed assets, construction in progress, land use rights and intangible assets (excluding online game and other content licenses).  "
tencent,company_capex,2016-10-01,2016-12-31,3M,2839000000,CNY,"2,839",RMB millions,Capital expenditures,SRC-TENC-053,https://www.hkexnews.hk/listedco/listconews/sehk/2017/0322/ltn20170322334.pdf,8176005073ba1f3ce22e78d302c24817afa368bda88b50fe454ddd8249295a8a,2017-03-22,"Other Financial Information, row 'Capital expenditures'","Capital expenditures (d)                   2,839         3,651          1,883      12,100       7,709",column 1 of 5,A,VERIFIED,"definition note: (d)   Capital expenditures consist of additions (excluding business combinations) to property, plant and equipment, construction in progress, land use rights and intangible assets (excluding online game and other content licenses).  "
tencent,company_capex,2016-07-01,2016-09-30,3M,3651000000,CNY,"3,651",RMB millions,Capital expenditures,SRC-TENC-053,https://www.hkexnews.hk/listedco/listconews/sehk/2017/0322/ltn20170322334.pdf,8176005073ba1f3ce22e78d302c24817afa368bda88b50fe454ddd8249295a8a,2017-03-22,"Other Financial Information, row 'Capital expenditures'","Capital expenditures (d)                   2,839         3,651          1,883      12,100       7,709",column 2 of 5,A,VERIFIED,"definition note: (d)   Capital expenditures consist of additions (excluding business combinations) to property, plant and equipment, construction in progress, land use rights and intangible assets (excluding online game and other content licenses).  "
tencent,company_capex,2015-10-01,2015-12-31,3M,1883000000,CNY,"1,883",RMB millions,Capital expenditures,SRC-TENC-053,https://www.hkexnews.hk/listedco/listconews/sehk/2017/0322/ltn20170322334.pdf,8176005073ba1f3ce22e78d302c24817afa368bda88b50fe454ddd8249295a8a,2017-03-22,"Other Financial Information, row 'Capital expenditures'","Capital expenditures (d)                   2,839         3,651          1,883      12,100       7,709",column 3 of 5,A,VERIFIED,"definition note: (d)   Capital expenditures consist of additions (excluding business combinations) to property, plant and equipment, construction in progress, land use rights and intangible assets (excluding online game and other content licenses).  "
tencent,company_capex,2016-01-01,2016-12-31,12M,12100000000,CNY,"12,100",RMB millions,Capital expenditures,SRC-TENC-053,https://www.hkexnews.hk/listedco/listconews/sehk/2017/0322/ltn20170322334.pdf,8176005073ba1f3ce22e78d302c24817afa368bda88b50fe454ddd8249295a8a,2017-03-22,"Other Financial Information, row 'Capital expenditures'","Capital expenditures (d)                   2,839         3,651          1,883      12,100       7,709",column 4 of 5,A,VERIFIED,"definition note: (d)   Capital expenditures consist of additions (excluding business combinations) to property, plant and equipment, construction in progress, land use rights and intangible assets (excluding online game and other content licenses).  "
tencent,company_capex,2015-01-01,2015-12-31,12M,7709000000,CNY,"7,709",RMB millions,Capital expenditures,SRC-TENC-053,https://www.hkexnews.hk/listedco/listconews/sehk/2017/0322/ltn20170322334.pdf,8176005073ba1f3ce22e78d302c24817afa368bda88b50fe454ddd8249295a8a,2017-03-22,"Other Financial Information, row 'Capital expenditures'","Capital expenditures (d)                   2,839         3,651          1,883      12,100       7,709",column 5 of 5,A,VERIFIED,"definition note: (d)   Capital expenditures consist of additions (excluding business combinations) to property, plant and equipment, construction in progress, land use rights and intangible assets (excluding online game and other content licenses).  "
tencent,company_capex,2016-10-01,2016-12-31,3M,2839000000,CNY,"2,839",RMB millions,Capital expenditures,SRC-TENC-054,https://www.hkexnews.hk/listedco/listconews/sehk/2017/0410/ltn201704101125.pdf,0f61e2aaf2e53216ef1ac5e03ba8c575c865ac138928c62b228ee22ada8937a1,2017-04-10,"Other Financial Information, row 'Capital expenditures'","Capital expenditures (d)                                     2,839              3,651                1,883           12,100             7,709",column 1 of 5,A,VERIFIED,"definition note: (d)     Capital expenditures consist of additions (excluding business combinations) to property, plant and equipment, construction in progress, land use rights and intangible assets (excluding online games and other content licences).   "
tencent,company_capex,2016-07-01,2016-09-30,3M,3651000000,CNY,"3,651",RMB millions,Capital expenditures,SRC-TENC-054,https://www.hkexnews.hk/listedco/listconews/sehk/2017/0410/ltn201704101125.pdf,0f61e2aaf2e53216ef1ac5e03ba8c575c865ac138928c62b228ee22ada8937a1,2017-04-10,"Other Financial Information, row 'Capital expenditures'","Capital expenditures (d)                                     2,839              3,651                1,883           12,100             7,709",column 2 of 5,A,VERIFIED,"definition note: (d)     Capital expenditures consist of additions (excluding business combinations) to property, plant and equipment, construction in progress, land use rights and intangible assets (excluding online games and other content licences).   "
tencent,company_capex,2015-10-01,2015-12-31,3M,1883000000,CNY,"1,883",RMB millions,Capital expenditures,SRC-TENC-054,https://www.hkexnews.hk/listedco/listconews/sehk/2017/0410/ltn201704101125.pdf,0f61e2aaf2e53216ef1ac5e03ba8c575c865ac138928c62b228ee22ada8937a1,2017-04-10,"Other Financial Information, row 'Capital expenditures'","Capital expenditures (d)                                     2,839              3,651                1,883           12,100             7,709",column 3 of 5,A,VERIFIED,"definition note: (d)     Capital expenditures consist of additions (excluding business combinations) to property, plant and equipment, construction in progress, land use rights and intangible assets (excluding online games and other content licences).   "
tencent,company_capex,2016-01-01,2016-12-31,12M,12100000000,CNY,"12,100",RMB millions,Capital expenditures,SRC-TENC-054,https://www.hkexnews.hk/listedco/listconews/sehk/2017/0410/ltn201704101125.pdf,0f61e2aaf2e53216ef1ac5e03ba8c575c865ac138928c62b228ee22ada8937a1,2017-04-10,"Other Financial Information, row 'Capital expenditures'","Capital expenditures (d)                                     2,839              3,651                1,883           12,100             7,709",column 4 of 5,A,VERIFIED,"definition note: (d)     Capital expenditures consist of additions (excluding business combinations) to property, plant and equipment, construction in progress, land use rights and intangible assets (excluding online games and other content licences).   "
tencent,company_capex,2015-01-01,2015-12-31,12M,7709000000,CNY,"7,709",RMB millions,Capital expenditures,SRC-TENC-054,https://www.hkexnews.hk/listedco/listconews/sehk/2017/0410/ltn201704101125.pdf,0f61e2aaf2e53216ef1ac5e03ba8c575c865ac138928c62b228ee22ada8937a1,2017-04-10,"Other Financial Information, row 'Capital expenditures'","Capital expenditures (d)                                     2,839              3,651                1,883           12,100             7,709",column 5 of 5,A,VERIFIED,"definition note: (d)     Capital expenditures consist of additions (excluding business combinations) to property, plant and equipment, construction in progress, land use rights and intangible assets (excluding online games and other content licences).   "
tencent,company_capex,2017-01-01,2017-03-31,3M,2108000000,CNY,"2,108",RMB millions,Capital expenditures,SRC-TENC-055,https://www.hkexnews.hk/listedco/listconews/sehk/2017/0517/ltn20170517267.pdf,222ff598dc207e2959e4d3314a966d143500c495e2a03cace4594d84cb31d296,2017-05-17,"Other Financial Information, row 'Capital expenditures'","Capital expenditures (d)                                 2,108              2,839             4,105",column 1 of 3,A,VERIFIED,"definition note: (d)   Capital expenditures consist of additions (excluding business combinations) to property, plant and equipment, construction in progress, land use rights and intangible assets (excluding online game and other content licences).  "
tencent,company_capex,2016-10-01,2016-12-31,3M,2839000000,CNY,"2,839",RMB millions,Capital expenditures,SRC-TENC-055,https://www.hkexnews.hk/listedco/listconews/sehk/2017/0517/ltn20170517267.pdf,222ff598dc207e2959e4d3314a966d143500c495e2a03cace4594d84cb31d296,2017-05-17,"Other Financial Information, row 'Capital expenditures'","Capital expenditures (d)                                 2,108              2,839             4,105",column 2 of 3,A,VERIFIED,"definition note: (d)   Capital expenditures consist of additions (excluding business combinations) to property, plant and equipment, construction in progress, land use rights and intangible assets (excluding online game and other content licences).  "
tencent,company_capex,2016-01-01,2016-03-31,3M,4105000000,CNY,"4,105",RMB millions,Capital expenditures,SRC-TENC-055,https://www.hkexnews.hk/listedco/listconews/sehk/2017/0517/ltn20170517267.pdf,222ff598dc207e2959e4d3314a966d143500c495e2a03cace4594d84cb31d296,2017-05-17,"Other Financial Information, row 'Capital expenditures'","Capital expenditures (d)                                 2,108              2,839             4,105",column 3 of 3,A,VERIFIED,"definition note: (d)   Capital expenditures consist of additions (excluding business combinations) to property, plant and equipment, construction in progress, land use rights and intangible assets (excluding online game and other content licences).  "
tencent,company_capex,2017-04-01,2017-06-30,3M,3010000000,CNY,"3,010",RMB millions,Capital expenditures,SRC-TENC-056,https://www.hkexnews.hk/listedco/listconews/sehk/2017/0816/ltn20170816427.pdf,f62b7b1fe91fc9d598efbf7ded6ab29fc7ea4785bd4b3fe07dd793fdf51024e3,2017-08-16,"Other Financial Information, row 'Capital expenditures'","Capital expenditures (d)               3,010      2,108     1,505     5,118     5,610",column 1 of 5,A,VERIFIED,"definition note: (d)   Capital expenditures consist of additions (excluding business combinations) to property, plant and equipment, construction in progress, land use rights and intangible assets (excluding media contents, game licences and other contents).  "
tencent,company_capex,2017-01-01,2017-03-31,3M,2108000000,CNY,"2,108",RMB millions,Capital expenditures,SRC-TENC-056,https://www.hkexnews.hk/listedco/listconews/sehk/2017/0816/ltn20170816427.pdf,f62b7b1fe91fc9d598efbf7ded6ab29fc7ea4785bd4b3fe07dd793fdf51024e3,2017-08-16,"Other Financial Information, row 'Capital expenditures'","Capital expenditures (d)               3,010      2,108     1,505     5,118     5,610",column 2 of 5,A,VERIFIED,"definition note: (d)   Capital expenditures consist of additions (excluding business combinations) to property, plant and equipment, construction in progress, land use rights and intangible assets (excluding media contents, game licences and other contents).  "
tencent,company_capex,2016-04-01,2016-06-30,3M,1505000000,CNY,"1,505",RMB millions,Capital expenditures,SRC-TENC-056,https://www.hkexnews.hk/listedco/listconews/sehk/2017/0816/ltn20170816427.pdf,f62b7b1fe91fc9d598efbf7ded6ab29fc7ea4785bd4b3fe07dd793fdf51024e3,2017-08-16,"Other Financial Information, row 'Capital expenditures'","Capital expenditures (d)               3,010      2,108     1,505     5,118     5,610",column 3 of 5,A,VERIFIED,"definition note: (d)   Capital expenditures consist of additions (excluding business combinations) to property, plant and equipment, construction in progress, land use rights and intangible assets (excluding media contents, game licences and other contents).  "
tencent,company_capex,2017-01-01,2017-06-30,6M,5118000000,CNY,"5,118",RMB millions,Capital expenditures,SRC-TENC-056,https://www.hkexnews.hk/listedco/listconews/sehk/2017/0816/ltn20170816427.pdf,f62b7b1fe91fc9d598efbf7ded6ab29fc7ea4785bd4b3fe07dd793fdf51024e3,2017-08-16,"Other Financial Information, row 'Capital expenditures'","Capital expenditures (d)               3,010      2,108     1,505     5,118     5,610",column 4 of 5,A,VERIFIED,"definition note: (d)   Capital expenditures consist of additions (excluding business combinations) to property, plant and equipment, construction in progress, land use rights and intangible assets (excluding media contents, game licences and other contents).  "
tencent,company_capex,2016-01-01,2016-06-30,6M,5610000000,CNY,"5,610",RMB millions,Capital expenditures,SRC-TENC-056,https://www.hkexnews.hk/listedco/listconews/sehk/2017/0816/ltn20170816427.pdf,f62b7b1fe91fc9d598efbf7ded6ab29fc7ea4785bd4b3fe07dd793fdf51024e3,2017-08-16,"Other Financial Information, row 'Capital expenditures'","Capital expenditures (d)               3,010      2,108     1,505     5,118     5,610",column 5 of 5,A,VERIFIED,"definition note: (d)   Capital expenditures consist of additions (excluding business combinations) to property, plant and equipment, construction in progress, land use rights and intangible assets (excluding media contents, game licences and other contents).  "
tencent,company_capex,2017-04-01,2017-06-30,3M,3010000000,CNY,"3,010",RMB millions,Capital expenditures,SRC-TENC-057,https://www.hkexnews.hk/listedco/listconews/sehk/2017/0828/ltn20170828882.pdf,86265c7763aed6dd49727c2b32535c7c11849d10bb52102c9ce7ede3ff1f1431,2017-08-28,"Other Financial Information, row 'Capital expenditures'","Capital expenditures (d)                                     3,010             2,108              1,505             5,118             5,610",column 1 of 5,A,VERIFIED,"definition note: (d)     Capital expenditures consist of additions (excluding business combinations) to property, plant and equipment, construction in progress, land use rights and intangible assets (excluding media contents, game licences and other contents).   "
tencent,company_capex,2017-01-01,2017-03-31,3M,2108000000,CNY,"2,108",RMB millions,Capital expenditures,SRC-TENC-057,https://www.hkexnews.hk/listedco/listconews/sehk/2017/0828/ltn20170828882.pdf,86265c7763aed6dd49727c2b32535c7c11849d10bb52102c9ce7ede3ff1f1431,2017-08-28,"Other Financial Information, row 'Capital expenditures'","Capital expenditures (d)                                     3,010             2,108              1,505             5,118             5,610",column 2 of 5,A,VERIFIED,"definition note: (d)     Capital expenditures consist of additions (excluding business combinations) to property, plant and equipment, construction in progress, land use rights and intangible assets (excluding media contents, game licences and other contents).   "
tencent,company_capex,2016-04-01,2016-06-30,3M,1505000000,CNY,"1,505",RMB millions,Capital expenditures,SRC-TENC-057,https://www.hkexnews.hk/listedco/listconews/sehk/2017/0828/ltn20170828882.pdf,86265c7763aed6dd49727c2b32535c7c11849d10bb52102c9ce7ede3ff1f1431,2017-08-28,"Other Financial Information, row 'Capital expenditures'","Capital expenditures (d)                                     3,010             2,108              1,505             5,118             5,610",column 3 of 5,A,VERIFIED,"definition note: (d)     Capital expenditures consist of additions (excluding business combinations) to property, plant and equipment, construction in progress, land use rights and intangible assets (excluding media contents, game licences and other contents).   "
tencent,company_capex,2017-01-01,2017-06-30,6M,5118000000,CNY,"5,118",RMB millions,Capital expenditures,SRC-TENC-057,https://www.hkexnews.hk/listedco/listconews/sehk/2017/0828/ltn20170828882.pdf,86265c7763aed6dd49727c2b32535c7c11849d10bb52102c9ce7ede3ff1f1431,2017-08-28,"Other Financial Information, row 'Capital expenditures'","Capital expenditures (d)                                     3,010             2,108              1,505             5,118             5,610",column 4 of 5,A,VERIFIED,"definition note: (d)     Capital expenditures consist of additions (excluding business combinations) to property, plant and equipment, construction in progress, land use rights and intangible assets (excluding media contents, game licences and other contents).   "
tencent,company_capex,2016-01-01,2016-06-30,6M,5610000000,CNY,"5,610",RMB millions,Capital expenditures,SRC-TENC-057,https://www.hkexnews.hk/listedco/listconews/sehk/2017/0828/ltn20170828882.pdf,86265c7763aed6dd49727c2b32535c7c11849d10bb52102c9ce7ede3ff1f1431,2017-08-28,"Other Financial Information, row 'Capital expenditures'","Capital expenditures (d)                                     3,010             2,108              1,505             5,118             5,610",column 5 of 5,A,VERIFIED,"definition note: (d)     Capital expenditures consist of additions (excluding business combinations) to property, plant and equipment, construction in progress, land use rights and intangible assets (excluding media contents, game licences and other contents).   "
tencent,company_capex,2017-07-01,2017-09-30,3M,3492000000,CNY,"3,492",RMB millions,Capital expenditures,SRC-TENC-058,https://www.hkexnews.hk/listedco/listconews/sehk/2017/1115/ltn20171115433.pdf,32bd17038e428bd87d8d0e94628187da65ea2b089ed62a997db8d20883773973,2017-11-15,"Other Financial Information, row 'Capital expenditures'","Capital expenditures (d)              3,492          3,010          3,651         8,610         9,261",column 1 of 5,A,VERIFIED,"definition note: (d)   Capital expenditures consist of additions (excluding business combinations) to property, plant and equipment, construction in progress, investment properties, land use rights and intangible assets (excluding media contents, game licences and other contents).  "
tencent,company_capex,2017-04-01,2017-06-30,3M,3010000000,CNY,"3,010",RMB millions,Capital expenditures,SRC-TENC-058,https://www.hkexnews.hk/listedco/listconews/sehk/2017/1115/ltn20171115433.pdf,32bd17038e428bd87d8d0e94628187da65ea2b089ed62a997db8d20883773973,2017-11-15,"Other Financial Information, row 'Capital expenditures'","Capital expenditures (d)              3,492          3,010          3,651         8,610         9,261",column 2 of 5,A,VERIFIED,"definition note: (d)   Capital expenditures consist of additions (excluding business combinations) to property, plant and equipment, construction in progress, investment properties, land use rights and intangible assets (excluding media contents, game licences and other contents).  "
tencent,company_capex,2016-07-01,2016-09-30,3M,3651000000,CNY,"3,651",RMB millions,Capital expenditures,SRC-TENC-058,https://www.hkexnews.hk/listedco/listconews/sehk/2017/1115/ltn20171115433.pdf,32bd17038e428bd87d8d0e94628187da65ea2b089ed62a997db8d20883773973,2017-11-15,"Other Financial Information, row 'Capital expenditures'","Capital expenditures (d)              3,492          3,010          3,651         8,610         9,261",column 3 of 5,A,VERIFIED,"definition note: (d)   Capital expenditures consist of additions (excluding business combinations) to property, plant and equipment, construction in progress, investment properties, land use rights and intangible assets (excluding media contents, game licences and other contents).  "
tencent,company_capex,2017-01-01,2017-09-30,9M,8610000000,CNY,"8,610",RMB millions,Capital expenditures,SRC-TENC-058,https://www.hkexnews.hk/listedco/listconews/sehk/2017/1115/ltn20171115433.pdf,32bd17038e428bd87d8d0e94628187da65ea2b089ed62a997db8d20883773973,2017-11-15,"Other Financial Information, row 'Capital expenditures'","Capital expenditures (d)              3,492          3,010          3,651         8,610         9,261",column 4 of 5,A,VERIFIED,"definition note: (d)   Capital expenditures consist of additions (excluding business combinations) to property, plant and equipment, construction in progress, investment properties, land use rights and intangible assets (excluding media contents, game licences and other contents).  "
tencent,company_capex,2016-01-01,2016-09-30,9M,9261000000,CNY,"9,261",RMB millions,Capital expenditures,SRC-TENC-058,https://www.hkexnews.hk/listedco/listconews/sehk/2017/1115/ltn20171115433.pdf,32bd17038e428bd87d8d0e94628187da65ea2b089ed62a997db8d20883773973,2017-11-15,"Other Financial Information, row 'Capital expenditures'","Capital expenditures (d)              3,492          3,010          3,651         8,610         9,261",column 5 of 5,A,VERIFIED,"definition note: (d)   Capital expenditures consist of additions (excluding business combinations) to property, plant and equipment, construction in progress, investment properties, land use rights and intangible assets (excluding media contents, game licences and other contents).  "
tencent,company_capex,2017-10-01,2017-12-31,3M,4975000000,CNY,"4,975",RMB millions,Capital expenditures,SRC-TENC-059,https://www.hkexnews.hk/listedco/listconews/sehk/2018/0321/ltn20180321452.pdf,a9ca8944a1490cd0b8e2c4b80616e633884949b919207203c728560f20e8876b,2018-03-21,"Other Financial Information, row 'Capital expenditures'","Capital expenditures (d)                 4,975           3,492          2,839      13,585      12,100",column 1 of 5,A,VERIFIED,"definition note: (d)   Capital expenditures consist of additions (excluding business combinations) to property, plant and equipment, construction in progress, investment properties, land use rights and intangible assets (excluding media contents, game licences and other contents).  "
tencent,company_capex,2017-07-01,2017-09-30,3M,3492000000,CNY,"3,492",RMB millions,Capital expenditures,SRC-TENC-059,https://www.hkexnews.hk/listedco/listconews/sehk/2018/0321/ltn20180321452.pdf,a9ca8944a1490cd0b8e2c4b80616e633884949b919207203c728560f20e8876b,2018-03-21,"Other Financial Information, row 'Capital expenditures'","Capital expenditures (d)                 4,975           3,492          2,839      13,585      12,100",column 2 of 5,A,VERIFIED,"definition note: (d)   Capital expenditures consist of additions (excluding business combinations) to property, plant and equipment, construction in progress, investment properties, land use rights and intangible assets (excluding media contents, game licences and other contents).  "
tencent,company_capex,2016-10-01,2016-12-31,3M,2839000000,CNY,"2,839",RMB millions,Capital expenditures,SRC-TENC-059,https://www.hkexnews.hk/listedco/listconews/sehk/2018/0321/ltn20180321452.pdf,a9ca8944a1490cd0b8e2c4b80616e633884949b919207203c728560f20e8876b,2018-03-21,"Other Financial Information, row 'Capital expenditures'","Capital expenditures (d)                 4,975           3,492          2,839      13,585      12,100",column 3 of 5,A,VERIFIED,"definition note: (d)   Capital expenditures consist of additions (excluding business combinations) to property, plant and equipment, construction in progress, investment properties, land use rights and intangible assets (excluding media contents, game licences and other contents).  "
tencent,company_capex,2017-01-01,2017-12-31,12M,13585000000,CNY,"13,585",RMB millions,Capital expenditures,SRC-TENC-059,https://www.hkexnews.hk/listedco/listconews/sehk/2018/0321/ltn20180321452.pdf,a9ca8944a1490cd0b8e2c4b80616e633884949b919207203c728560f20e8876b,2018-03-21,"Other Financial Information, row 'Capital expenditures'","Capital expenditures (d)                 4,975           3,492          2,839      13,585      12,100",column 4 of 5,A,VERIFIED,"definition note: (d)   Capital expenditures consist of additions (excluding business combinations) to property, plant and equipment, construction in progress, investment properties, land use rights and intangible assets (excluding media contents, game licences and other contents).  "
tencent,company_capex,2016-01-01,2016-12-31,12M,12100000000,CNY,"12,100",RMB millions,Capital expenditures,SRC-TENC-059,https://www.hkexnews.hk/listedco/listconews/sehk/2018/0321/ltn20180321452.pdf,a9ca8944a1490cd0b8e2c4b80616e633884949b919207203c728560f20e8876b,2018-03-21,"Other Financial Information, row 'Capital expenditures'","Capital expenditures (d)                 4,975           3,492          2,839      13,585      12,100",column 5 of 5,A,VERIFIED,"definition note: (d)   Capital expenditures consist of additions (excluding business combinations) to property, plant and equipment, construction in progress, investment properties, land use rights and intangible assets (excluding media contents, game licences and other contents).  "
tencent,company_capex,2017-10-01,2017-12-31,3M,4975000000,CNY,"4,975",RMB millions,Capital expenditures,SRC-TENC-060,https://www.hkexnews.hk/listedco/listconews/sehk/2018/0410/ltn20180410929.pdf,b708bbff631018baf90c187af87cb33530772f3018f303decdbf84789e014d43,2018-04-10,"Other Financial Information, row 'Capital expenditures'","Capital expenditures (d)                                     4,975             3,492              2,839           13,585             12,100",column 1 of 5,A,VERIFIED,"definition note: (d)     Capital expenditures consist of additions (excluding business combinations) to property, plant and equipment, construction in progress, investment properties, land use rights and intangible assets (excluding media contents, game licences and other contents).   "
tencent,company_capex,2017-07-01,2017-09-30,3M,3492000000,CNY,"3,492",RMB millions,Capital expenditures,SRC-TENC-060,https://www.hkexnews.hk/listedco/listconews/sehk/2018/0410/ltn20180410929.pdf,b708bbff631018baf90c187af87cb33530772f3018f303decdbf84789e014d43,2018-04-10,"Other Financial Information, row 'Capital expenditures'","Capital expenditures (d)                                     4,975             3,492              2,839           13,585             12,100",column 2 of 5,A,VERIFIED,"definition note: (d)     Capital expenditures consist of additions (excluding business combinations) to property, plant and equipment, construction in progress, investment properties, land use rights and intangible assets (excluding media contents, game licences and other contents).   "
tencent,company_capex,2016-10-01,2016-12-31,3M,2839000000,CNY,"2,839",RMB millions,Capital expenditures,SRC-TENC-060,https://www.hkexnews.hk/listedco/listconews/sehk/2018/0410/ltn20180410929.pdf,b708bbff631018baf90c187af87cb33530772f3018f303decdbf84789e014d43,2018-04-10,"Other Financial Information, row 'Capital expenditures'","Capital expenditures (d)                                     4,975             3,492              2,839           13,585             12,100",column 3 of 5,A,VERIFIED,"definition note: (d)     Capital expenditures consist of additions (excluding business combinations) to property, plant and equipment, construction in progress, investment properties, land use rights and intangible assets (excluding media contents, game licences and other contents).   "
tencent,company_capex,2017-01-01,2017-12-31,12M,13585000000,CNY,"13,585",RMB millions,Capital expenditures,SRC-TENC-060,https://www.hkexnews.hk/listedco/listconews/sehk/2018/0410/ltn20180410929.pdf,b708bbff631018baf90c187af87cb33530772f3018f303decdbf84789e014d43,2018-04-10,"Other Financial Information, row 'Capital expenditures'","Capital expenditures (d)                                     4,975             3,492              2,839           13,585             12,100",column 4 of 5,A,VERIFIED,"definition note: (d)     Capital expenditures consist of additions (excluding business combinations) to property, plant and equipment, construction in progress, investment properties, land use rights and intangible assets (excluding media contents, game licences and other contents).   "
tencent,company_capex,2016-01-01,2016-12-31,12M,12100000000,CNY,"12,100",RMB millions,Capital expenditures,SRC-TENC-060,https://www.hkexnews.hk/listedco/listconews/sehk/2018/0410/ltn20180410929.pdf,b708bbff631018baf90c187af87cb33530772f3018f303decdbf84789e014d43,2018-04-10,"Other Financial Information, row 'Capital expenditures'","Capital expenditures (d)                                     4,975             3,492              2,839           13,585             12,100",column 5 of 5,A,VERIFIED,"definition note: (d)     Capital expenditures consist of additions (excluding business combinations) to property, plant and equipment, construction in progress, investment properties, land use rights and intangible assets (excluding media contents, game licences and other contents).   "
tencent,company_capex,2018-01-01,2018-03-31,3M,6318000000,CNY,"6,318",RMB millions,Capital expenditures,SRC-TENC-061,https://www.hkexnews.hk/listedco/listconews/sehk/2018/0516/ltn20180516325.pdf,cdb77445d578cb4a49e0311ab319d1b9d6b31467fb216fd4c98ddb23ed6f5d3f,2018-05-16,"Other Financial Information, row 'Capital expenditures'","Capital expenditures (d)                                  6,318              4,975              2,108",column 1 of 3,A,VERIFIED,"definition note: (d)   Capital expenditures consist of additions (excluding business combinations) to property, plant and equipment, construction in progress, investment properties, land use rights and intangible assets (excluding media contents, game licenses and other contents).  "
tencent,company_capex,2017-10-01,2017-12-31,3M,4975000000,CNY,"4,975",RMB millions,Capital expenditures,SRC-TENC-061,https://www.hkexnews.hk/listedco/listconews/sehk/2018/0516/ltn20180516325.pdf,cdb77445d578cb4a49e0311ab319d1b9d6b31467fb216fd4c98ddb23ed6f5d3f,2018-05-16,"Other Financial Information, row 'Capital expenditures'","Capital expenditures (d)                                  6,318              4,975              2,108",column 2 of 3,A,VERIFIED,"definition note: (d)   Capital expenditures consist of additions (excluding business combinations) to property, plant and equipment, construction in progress, investment properties, land use rights and intangible assets (excluding media contents, game licenses and other contents).  "
tencent,company_capex,2017-01-01,2017-03-31,3M,2108000000,CNY,"2,108",RMB millions,Capital expenditures,SRC-TENC-061,https://www.hkexnews.hk/listedco/listconews/sehk/2018/0516/ltn20180516325.pdf,cdb77445d578cb4a49e0311ab319d1b9d6b31467fb216fd4c98ddb23ed6f5d3f,2018-05-16,"Other Financial Information, row 'Capital expenditures'","Capital expenditures (d)                                  6,318              4,975              2,108",column 3 of 3,A,VERIFIED,"definition note: (d)   Capital expenditures consist of additions (excluding business combinations) to property, plant and equipment, construction in progress, investment properties, land use rights and intangible assets (excluding media contents, game licenses and other contents).  "
tencent,company_capex,2018-04-01,2018-06-30,3M,7085000000,CNY,"7,085",RMB millions,Capital expenditures,SRC-TENC-062,https://www.hkexnews.hk/listedco/listconews/sehk/2018/0815/ltn20180815892.pdf,71ba6f8661832f4fe3507011e4bf191ba48fb6bff2ff04c901dfd7d11751c5d6,2018-08-15,"Other Financial Information, row 'Capital expenditures'","Capital expenditures (d)                        7,085       6,318       3,010       13,403       5,118",column 1 of 5,A,VERIFIED,"definition note: (d)   Capital expenditures consist of additions (excluding business combinations) to property, plant and equipment, construction in progress, investment properties, land use rights and intangible assets (excluding media contents, game licenses and other contents).  The following table reconciles our operating profit to our EBITDA and adjusted"
tencent,company_capex,2018-01-01,2018-03-31,3M,6318000000,CNY,"6,318",RMB millions,Capital expenditures,SRC-TENC-062,https://www.hkexnews.hk/listedco/listconews/sehk/2018/0815/ltn20180815892.pdf,71ba6f8661832f4fe3507011e4bf191ba48fb6bff2ff04c901dfd7d11751c5d6,2018-08-15,"Other Financial Information, row 'Capital expenditures'","Capital expenditures (d)                        7,085       6,318       3,010       13,403       5,118",column 2 of 5,A,VERIFIED,"definition note: (d)   Capital expenditures consist of additions (excluding business combinations) to property, plant and equipment, construction in progress, investment properties, land use rights and intangible assets (excluding media contents, game licenses and other contents).  The following table reconciles our operating profit to our EBITDA and adjusted"
tencent,company_capex,2017-04-01,2017-06-30,3M,3010000000,CNY,"3,010",RMB millions,Capital expenditures,SRC-TENC-062,https://www.hkexnews.hk/listedco/listconews/sehk/2018/0815/ltn20180815892.pdf,71ba6f8661832f4fe3507011e4bf191ba48fb6bff2ff04c901dfd7d11751c5d6,2018-08-15,"Other Financial Information, row 'Capital expenditures'","Capital expenditures (d)                        7,085       6,318       3,010       13,403       5,118",column 3 of 5,A,VERIFIED,"definition note: (d)   Capital expenditures consist of additions (excluding business combinations) to property, plant and equipment, construction in progress, investment properties, land use rights and intangible assets (excluding media contents, game licenses and other contents).  The following table reconciles our operating profit to our EBITDA and adjusted"
tencent,company_capex,2018-01-01,2018-06-30,6M,13403000000,CNY,"13,403",RMB millions,Capital expenditures,SRC-TENC-062,https://www.hkexnews.hk/listedco/listconews/sehk/2018/0815/ltn20180815892.pdf,71ba6f8661832f4fe3507011e4bf191ba48fb6bff2ff04c901dfd7d11751c5d6,2018-08-15,"Other Financial Information, row 'Capital expenditures'","Capital expenditures (d)                        7,085       6,318       3,010       13,403       5,118",column 4 of 5,A,VERIFIED,"definition note: (d)   Capital expenditures consist of additions (excluding business combinations) to property, plant and equipment, construction in progress, investment properties, land use rights and intangible assets (excluding media contents, game licenses and other contents).  The following table reconciles our operating profit to our EBITDA and adjusted"
tencent,company_capex,2017-01-01,2017-06-30,6M,5118000000,CNY,"5,118",RMB millions,Capital expenditures,SRC-TENC-062,https://www.hkexnews.hk/listedco/listconews/sehk/2018/0815/ltn20180815892.pdf,71ba6f8661832f4fe3507011e4bf191ba48fb6bff2ff04c901dfd7d11751c5d6,2018-08-15,"Other Financial Information, row 'Capital expenditures'","Capital expenditures (d)                        7,085       6,318       3,010       13,403       5,118",column 5 of 5,A,VERIFIED,"definition note: (d)   Capital expenditures consist of additions (excluding business combinations) to property, plant and equipment, construction in progress, investment properties, land use rights and intangible assets (excluding media contents, game licenses and other contents).  The following table reconciles our operating profit to our EBITDA and adjusted"
tencent,company_capex,2018-04-01,2018-06-30,3M,7085000000,CNY,"7,085",RMB millions,Capital expenditures,SRC-TENC-063,https://www.hkexnews.hk/listedco/listconews/sehk/2018/0920/ltn20180920791.pdf,4a09855c0e2f13cca628e2bba4cbaf9f5fcb7bfba91b38b85bccd34598424e54,2018-09-20,"Other Financial Information, row 'Capital expenditures'","Capital expenditures (d)                                     7,085             6,318              3,010           13,403              5,118",column 1 of 5,A,VERIFIED,"definition note: (d)     Capital expenditures consist of additions (excluding business combinations) to property, plant and equipment, construction in progress, investment properties, land use rights and intangible assets (excluding media contents, game licenses and other contents).   "
tencent,company_capex,2018-01-01,2018-03-31,3M,6318000000,CNY,"6,318",RMB millions,Capital expenditures,SRC-TENC-063,https://www.hkexnews.hk/listedco/listconews/sehk/2018/0920/ltn20180920791.pdf,4a09855c0e2f13cca628e2bba4cbaf9f5fcb7bfba91b38b85bccd34598424e54,2018-09-20,"Other Financial Information, row 'Capital expenditures'","Capital expenditures (d)                                     7,085             6,318              3,010           13,403              5,118",column 2 of 5,A,VERIFIED,"definition note: (d)     Capital expenditures consist of additions (excluding business combinations) to property, plant and equipment, construction in progress, investment properties, land use rights and intangible assets (excluding media contents, game licenses and other contents).   "
tencent,company_capex,2017-04-01,2017-06-30,3M,3010000000,CNY,"3,010",RMB millions,Capital expenditures,SRC-TENC-063,https://www.hkexnews.hk/listedco/listconews/sehk/2018/0920/ltn20180920791.pdf,4a09855c0e2f13cca628e2bba4cbaf9f5fcb7bfba91b38b85bccd34598424e54,2018-09-20,"Other Financial Information, row 'Capital expenditures'","Capital expenditures (d)                                     7,085             6,318              3,010           13,403              5,118",column 3 of 5,A,VERIFIED,"definition note: (d)     Capital expenditures consist of additions (excluding business combinations) to property, plant and equipment, construction in progress, investment properties, land use rights and intangible assets (excluding media contents, game licenses and other contents).   "
tencent,company_capex,2018-01-01,2018-06-30,6M,13403000000,CNY,"13,403",RMB millions,Capital expenditures,SRC-TENC-063,https://www.hkexnews.hk/listedco/listconews/sehk/2018/0920/ltn20180920791.pdf,4a09855c0e2f13cca628e2bba4cbaf9f5fcb7bfba91b38b85bccd34598424e54,2018-09-20,"Other Financial Information, row 'Capital expenditures'","Capital expenditures (d)                                     7,085             6,318              3,010           13,403              5,118",column 4 of 5,A,VERIFIED,"definition note: (d)     Capital expenditures consist of additions (excluding business combinations) to property, plant and equipment, construction in progress, investment properties, land use rights and intangible assets (excluding media contents, game licenses and other contents).   "
tencent,company_capex,2017-01-01,2017-06-30,6M,5118000000,CNY,"5,118",RMB millions,Capital expenditures,SRC-TENC-063,https://www.hkexnews.hk/listedco/listconews/sehk/2018/0920/ltn20180920791.pdf,4a09855c0e2f13cca628e2bba4cbaf9f5fcb7bfba91b38b85bccd34598424e54,2018-09-20,"Other Financial Information, row 'Capital expenditures'","Capital expenditures (d)                                     7,085             6,318              3,010           13,403              5,118",column 5 of 5,A,VERIFIED,"definition note: (d)     Capital expenditures consist of additions (excluding business combinations) to property, plant and equipment, construction in progress, investment properties, land use rights and intangible assets (excluding media contents, game licenses and other contents).   "
tencent,company_capex,2018-07-01,2018-09-30,3M,5974000000,CNY,"5,974",RMB millions,Capital expenditures,SRC-TENC-064,https://www.hkexnews.hk/listedco/listconews/sehk/2018/1114/ltn20181114629.pdf,9cbaad8e9f9c64814b67c233603c8cf6e12e1f80e41144cc49d9bcf8b3ef65d8,2018-11-14,"Other Financial Information, row 'Capital expenditures'","Capital expenditures (d)                5,974         7,085         3,492         19,377        8,610",column 1 of 5,A,VERIFIED,"definition note: (d)   Capital expenditures consist of additions (excluding business combinations) to property, plant and equipment, construction in progress, investment properties, land use rights and intangible assets (excluding media contents, game licenses and other contents).  "
tencent,company_capex,2018-04-01,2018-06-30,3M,7085000000,CNY,"7,085",RMB millions,Capital expenditures,SRC-TENC-064,https://www.hkexnews.hk/listedco/listconews/sehk/2018/1114/ltn20181114629.pdf,9cbaad8e9f9c64814b67c233603c8cf6e12e1f80e41144cc49d9bcf8b3ef65d8,2018-11-14,"Other Financial Information, row 'Capital expenditures'","Capital expenditures (d)                5,974         7,085         3,492         19,377        8,610",column 2 of 5,A,VERIFIED,"definition note: (d)   Capital expenditures consist of additions (excluding business combinations) to property, plant and equipment, construction in progress, investment properties, land use rights and intangible assets (excluding media contents, game licenses and other contents).  "
tencent,company_capex,2017-07-01,2017-09-30,3M,3492000000,CNY,"3,492",RMB millions,Capital expenditures,SRC-TENC-064,https://www.hkexnews.hk/listedco/listconews/sehk/2018/1114/ltn20181114629.pdf,9cbaad8e9f9c64814b67c233603c8cf6e12e1f80e41144cc49d9bcf8b3ef65d8,2018-11-14,"Other Financial Information, row 'Capital expenditures'","Capital expenditures (d)                5,974         7,085         3,492         19,377        8,610",column 3 of 5,A,VERIFIED,"definition note: (d)   Capital expenditures consist of additions (excluding business combinations) to property, plant and equipment, construction in progress, investment properties, land use rights and intangible assets (excluding media contents, game licenses and other contents).  "
tencent,company_capex,2018-01-01,2018-09-30,9M,19377000000,CNY,"19,377",RMB millions,Capital expenditures,SRC-TENC-064,https://www.hkexnews.hk/listedco/listconews/sehk/2018/1114/ltn20181114629.pdf,9cbaad8e9f9c64814b67c233603c8cf6e12e1f80e41144cc49d9bcf8b3ef65d8,2018-11-14,"Other Financial Information, row 'Capital expenditures'","Capital expenditures (d)                5,974         7,085         3,492         19,377        8,610",column 4 of 5,A,VERIFIED,"definition note: (d)   Capital expenditures consist of additions (excluding business combinations) to property, plant and equipment, construction in progress, investment properties, land use rights and intangible assets (excluding media contents, game licenses and other contents).  "
tencent,company_capex,2017-01-01,2017-09-30,9M,8610000000,CNY,"8,610",RMB millions,Capital expenditures,SRC-TENC-064,https://www.hkexnews.hk/listedco/listconews/sehk/2018/1114/ltn20181114629.pdf,9cbaad8e9f9c64814b67c233603c8cf6e12e1f80e41144cc49d9bcf8b3ef65d8,2018-11-14,"Other Financial Information, row 'Capital expenditures'","Capital expenditures (d)                5,974         7,085         3,492         19,377        8,610",column 5 of 5,A,VERIFIED,"definition note: (d)   Capital expenditures consist of additions (excluding business combinations) to property, plant and equipment, construction in progress, investment properties, land use rights and intangible assets (excluding media contents, game licenses and other contents).  "
tencent,company_capex,2018-10-01,2018-12-31,3M,4564000000,CNY,"4,564",RMB millions,Capital expenditures,SRC-TENC-065,https://www.hkexnews.hk/listedco/listconews/sehk/2019/0321/ltn20190321255.pdf,90b3e56dfcbf352e0f2a6a9e4c1410b13c97ad636002332046798aa861f7fac3,2019-03-21,"Other Financial Information, row 'Capital expenditures'","Capital expenditures (d)               4,564         5,974          4,975        23,941        13,585",column 1 of 5,A,VERIFIED,"definition note: (d)   Capital expenditures consist of additions (excluding business combinations) to property, plant and equipment, construction in progress, investment properties, land use rights and intangible assets (excluding media contents, game licenses and other contents).  "
tencent,company_capex,2018-07-01,2018-09-30,3M,5974000000,CNY,"5,974",RMB millions,Capital expenditures,SRC-TENC-065,https://www.hkexnews.hk/listedco/listconews/sehk/2019/0321/ltn20190321255.pdf,90b3e56dfcbf352e0f2a6a9e4c1410b13c97ad636002332046798aa861f7fac3,2019-03-21,"Other Financial Information, row 'Capital expenditures'","Capital expenditures (d)               4,564         5,974          4,975        23,941        13,585",column 2 of 5,A,VERIFIED,"definition note: (d)   Capital expenditures consist of additions (excluding business combinations) to property, plant and equipment, construction in progress, investment properties, land use rights and intangible assets (excluding media contents, game licenses and other contents).  "
tencent,company_capex,2017-10-01,2017-12-31,3M,4975000000,CNY,"4,975",RMB millions,Capital expenditures,SRC-TENC-065,https://www.hkexnews.hk/listedco/listconews/sehk/2019/0321/ltn20190321255.pdf,90b3e56dfcbf352e0f2a6a9e4c1410b13c97ad636002332046798aa861f7fac3,2019-03-21,"Other Financial Information, row 'Capital expenditures'","Capital expenditures (d)               4,564         5,974          4,975        23,941        13,585",column 3 of 5,A,VERIFIED,"definition note: (d)   Capital expenditures consist of additions (excluding business combinations) to property, plant and equipment, construction in progress, investment properties, land use rights and intangible assets (excluding media contents, game licenses and other contents).  "
tencent,company_capex,2018-01-01,2018-12-31,12M,23941000000,CNY,"23,941",RMB millions,Capital expenditures,SRC-TENC-065,https://www.hkexnews.hk/listedco/listconews/sehk/2019/0321/ltn20190321255.pdf,90b3e56dfcbf352e0f2a6a9e4c1410b13c97ad636002332046798aa861f7fac3,2019-03-21,"Other Financial Information, row 'Capital expenditures'","Capital expenditures (d)               4,564         5,974          4,975        23,941        13,585",column 4 of 5,A,VERIFIED,"definition note: (d)   Capital expenditures consist of additions (excluding business combinations) to property, plant and equipment, construction in progress, investment properties, land use rights and intangible assets (excluding media contents, game licenses and other contents).  "
tencent,company_capex,2017-01-01,2017-12-31,12M,13585000000,CNY,"13,585",RMB millions,Capital expenditures,SRC-TENC-065,https://www.hkexnews.hk/listedco/listconews/sehk/2019/0321/ltn20190321255.pdf,90b3e56dfcbf352e0f2a6a9e4c1410b13c97ad636002332046798aa861f7fac3,2019-03-21,"Other Financial Information, row 'Capital expenditures'","Capital expenditures (d)               4,564         5,974          4,975        23,941        13,585",column 5 of 5,A,VERIFIED,"definition note: (d)   Capital expenditures consist of additions (excluding business combinations) to property, plant and equipment, construction in progress, investment properties, land use rights and intangible assets (excluding media contents, game licenses and other contents).  "
tencent,company_capex,2018-10-01,2018-12-31,3M,4564000000,CNY,"4,564",RMB millions,Capital expenditures,SRC-TENC-066,https://www.hkexnews.hk/listedco/listconews/sehk/2019/0401/ltn201904012133.pdf,8f87c9f6b95f21dd08922f0f29541d365839de3daacc7a3c71c787d9c747f650,2019-04-01,"Other Financial Information, row 'Capital expenditures'","Capital expenditures (d)                                     4,564             5,974              4,975           23,941             13,585",column 1 of 5,A,VERIFIED,"definition note: (d)     Capital expenditures consist of additions (excluding business combinations) to property, plant and equipment, construction in progress, investment properties, land use rights and intangible assets (excluding media contents, game licenses and other contents).   "
tencent,company_capex,2018-07-01,2018-09-30,3M,5974000000,CNY,"5,974",RMB millions,Capital expenditures,SRC-TENC-066,https://www.hkexnews.hk/listedco/listconews/sehk/2019/0401/ltn201904012133.pdf,8f87c9f6b95f21dd08922f0f29541d365839de3daacc7a3c71c787d9c747f650,2019-04-01,"Other Financial Information, row 'Capital expenditures'","Capital expenditures (d)                                     4,564             5,974              4,975           23,941             13,585",column 2 of 5,A,VERIFIED,"definition note: (d)     Capital expenditures consist of additions (excluding business combinations) to property, plant and equipment, construction in progress, investment properties, land use rights and intangible assets (excluding media contents, game licenses and other contents).   "
tencent,company_capex,2017-10-01,2017-12-31,3M,4975000000,CNY,"4,975",RMB millions,Capital expenditures,SRC-TENC-066,https://www.hkexnews.hk/listedco/listconews/sehk/2019/0401/ltn201904012133.pdf,8f87c9f6b95f21dd08922f0f29541d365839de3daacc7a3c71c787d9c747f650,2019-04-01,"Other Financial Information, row 'Capital expenditures'","Capital expenditures (d)                                     4,564             5,974              4,975           23,941             13,585",column 3 of 5,A,VERIFIED,"definition note: (d)     Capital expenditures consist of additions (excluding business combinations) to property, plant and equipment, construction in progress, investment properties, land use rights and intangible assets (excluding media contents, game licenses and other contents).   "
tencent,company_capex,2018-01-01,2018-12-31,12M,23941000000,CNY,"23,941",RMB millions,Capital expenditures,SRC-TENC-066,https://www.hkexnews.hk/listedco/listconews/sehk/2019/0401/ltn201904012133.pdf,8f87c9f6b95f21dd08922f0f29541d365839de3daacc7a3c71c787d9c747f650,2019-04-01,"Other Financial Information, row 'Capital expenditures'","Capital expenditures (d)                                     4,564             5,974              4,975           23,941             13,585",column 4 of 5,A,VERIFIED,"definition note: (d)     Capital expenditures consist of additions (excluding business combinations) to property, plant and equipment, construction in progress, investment properties, land use rights and intangible assets (excluding media contents, game licenses and other contents).   "
tencent,company_capex,2017-01-01,2017-12-31,12M,13585000000,CNY,"13,585",RMB millions,Capital expenditures,SRC-TENC-066,https://www.hkexnews.hk/listedco/listconews/sehk/2019/0401/ltn201904012133.pdf,8f87c9f6b95f21dd08922f0f29541d365839de3daacc7a3c71c787d9c747f650,2019-04-01,"Other Financial Information, row 'Capital expenditures'","Capital expenditures (d)                                     4,564             5,974              4,975           23,941             13,585",column 5 of 5,A,VERIFIED,"definition note: (d)     Capital expenditures consist of additions (excluding business combinations) to property, plant and equipment, construction in progress, investment properties, land use rights and intangible assets (excluding media contents, game licenses and other contents).   "
tencent,company_capex,2019-01-01,2019-03-31,3M,4506000000,CNY,"4,506",RMB millions,Capital expenditures,SRC-TENC-067,https://www.hkexnews.hk/listedco/listconews/sehk/2019/0515/ltn20190515369.pdf,e1627327d039d63fd683b1d6245242c11c14ea09a84f8803a359ef5a2faecf46,2019-05-15,"Other Financial Information, row 'Capital expenditures'","Capital expenditures (d)                        4,506            4,564           6,318",column 1 of 3,A,VERIFIED,"definition note: (d)   Capital expenditures consist of additions (excluding business combinations) to property, plant and equipment, construction in progress, investment properties, land use rights and intangible assets (excluding media contents, game licences and other contents).  "
tencent,company_capex,2018-10-01,2018-12-31,3M,4564000000,CNY,"4,564",RMB millions,Capital expenditures,SRC-TENC-067,https://www.hkexnews.hk/listedco/listconews/sehk/2019/0515/ltn20190515369.pdf,e1627327d039d63fd683b1d6245242c11c14ea09a84f8803a359ef5a2faecf46,2019-05-15,"Other Financial Information, row 'Capital expenditures'","Capital expenditures (d)                        4,506            4,564           6,318",column 2 of 3,A,VERIFIED,"definition note: (d)   Capital expenditures consist of additions (excluding business combinations) to property, plant and equipment, construction in progress, investment properties, land use rights and intangible assets (excluding media contents, game licences and other contents).  "
tencent,company_capex,2018-01-01,2018-03-31,3M,6318000000,CNY,"6,318",RMB millions,Capital expenditures,SRC-TENC-067,https://www.hkexnews.hk/listedco/listconews/sehk/2019/0515/ltn20190515369.pdf,e1627327d039d63fd683b1d6245242c11c14ea09a84f8803a359ef5a2faecf46,2019-05-15,"Other Financial Information, row 'Capital expenditures'","Capital expenditures (d)                        4,506            4,564           6,318",column 3 of 3,A,VERIFIED,"definition note: (d)   Capital expenditures consist of additions (excluding business combinations) to property, plant and equipment, construction in progress, investment properties, land use rights and intangible assets (excluding media contents, game licences and other contents).  "
tencent,company_capex,2019-04-01,2019-06-30,3M,4362000000,CNY,"4,362",RMB millions,Capital expenditures,SRC-TENC-068,https://www.hkexnews.hk/listedco/listconews/sehk/2019/0814/ltn20190814431.pdf,43306b74eb1b1d096780d5ef1d7f7ce6452bfa6a898c81b771fa82a9ec0e6384,2019-08-14,"Other Financial Information, row 'Capital expenditures'","Capital expenditures (d)                  4,362       4,506       7,085       8,868      13,403",column 1 of 5,A,VERIFIED,"definition note: (d)     Capital expenditures consist of additions (excluding business combinations) to property, plant and equipment, construction in progress, investment properties, land use rights and intangible assets (excluding media contents, game licences and other contents).  "
tencent,company_capex,2019-01-01,2019-03-31,3M,4506000000,CNY,"4,506",RMB millions,Capital expenditures,SRC-TENC-068,https://www.hkexnews.hk/listedco/listconews/sehk/2019/0814/ltn20190814431.pdf,43306b74eb1b1d096780d5ef1d7f7ce6452bfa6a898c81b771fa82a9ec0e6384,2019-08-14,"Other Financial Information, row 'Capital expenditures'","Capital expenditures (d)                  4,362       4,506       7,085       8,868      13,403",column 2 of 5,A,VERIFIED,"definition note: (d)     Capital expenditures consist of additions (excluding business combinations) to property, plant and equipment, construction in progress, investment properties, land use rights and intangible assets (excluding media contents, game licences and other contents).  "
tencent,company_capex,2018-04-01,2018-06-30,3M,7085000000,CNY,"7,085",RMB millions,Capital expenditures,SRC-TENC-068,https://www.hkexnews.hk/listedco/listconews/sehk/2019/0814/ltn20190814431.pdf,43306b74eb1b1d096780d5ef1d7f7ce6452bfa6a898c81b771fa82a9ec0e6384,2019-08-14,"Other Financial Information, row 'Capital expenditures'","Capital expenditures (d)                  4,362       4,506       7,085       8,868      13,403",column 3 of 5,A,VERIFIED,"definition note: (d)     Capital expenditures consist of additions (excluding business combinations) to property, plant and equipment, construction in progress, investment properties, land use rights and intangible assets (excluding media contents, game licences and other contents).  "
tencent,company_capex,2019-01-01,2019-06-30,6M,8868000000,CNY,"8,868",RMB millions,Capital expenditures,SRC-TENC-068,https://www.hkexnews.hk/listedco/listconews/sehk/2019/0814/ltn20190814431.pdf,43306b74eb1b1d096780d5ef1d7f7ce6452bfa6a898c81b771fa82a9ec0e6384,2019-08-14,"Other Financial Information, row 'Capital expenditures'","Capital expenditures (d)                  4,362       4,506       7,085       8,868      13,403",column 4 of 5,A,VERIFIED,"definition note: (d)     Capital expenditures consist of additions (excluding business combinations) to property, plant and equipment, construction in progress, investment properties, land use rights and intangible assets (excluding media contents, game licences and other contents).  "
tencent,company_capex,2018-01-01,2018-06-30,6M,13403000000,CNY,"13,403",RMB millions,Capital expenditures,SRC-TENC-068,https://www.hkexnews.hk/listedco/listconews/sehk/2019/0814/ltn20190814431.pdf,43306b74eb1b1d096780d5ef1d7f7ce6452bfa6a898c81b771fa82a9ec0e6384,2019-08-14,"Other Financial Information, row 'Capital expenditures'","Capital expenditures (d)                  4,362       4,506       7,085       8,868      13,403",column 5 of 5,A,VERIFIED,"definition note: (d)     Capital expenditures consist of additions (excluding business combinations) to property, plant and equipment, construction in progress, investment properties, land use rights and intangible assets (excluding media contents, game licences and other contents).  "
tencent,company_capex,2019-04-01,2019-06-30,3M,4362000000,CNY,"4,362",RMB millions,Capital expenditures,SRC-TENC-069,https://www.hkexnews.hk/listedco/listconews/sehk/2019/0826/ltn20190826349.pdf,5fc7aaa29c55fcae776fbff3f9f332fe67f22bcbef0892238b9cab1d18be754a,2019-08-26,"Other Financial Information, row 'Capital expenditures'","Capital expenditures (d)                                   4,362            4,506         7,085          8,868             13,403",column 1 of 5,A,VERIFIED,"definition note: (d)     Capital expenditures consist of additions (excluding business combinations) to property, plant and equipment, construction in progress, investment properties, land use rights and intangible assets (excluding media contents, game licences and other contents).   The following table reconciles our operating profit to our EBITDA and adjusted EBITDA for the periods presented:"
tencent,company_capex,2019-01-01,2019-03-31,3M,4506000000,CNY,"4,506",RMB millions,Capital expenditures,SRC-TENC-069,https://www.hkexnews.hk/listedco/listconews/sehk/2019/0826/ltn20190826349.pdf,5fc7aaa29c55fcae776fbff3f9f332fe67f22bcbef0892238b9cab1d18be754a,2019-08-26,"Other Financial Information, row 'Capital expenditures'","Capital expenditures (d)                                   4,362            4,506         7,085          8,868             13,403",column 2 of 5,A,VERIFIED,"definition note: (d)     Capital expenditures consist of additions (excluding business combinations) to property, plant and equipment, construction in progress, investment properties, land use rights and intangible assets (excluding media contents, game licences and other contents).   The following table reconciles our operating profit to our EBITDA and adjusted EBITDA for the periods presented:"
tencent,company_capex,2018-04-01,2018-06-30,3M,7085000000,CNY,"7,085",RMB millions,Capital expenditures,SRC-TENC-069,https://www.hkexnews.hk/listedco/listconews/sehk/2019/0826/ltn20190826349.pdf,5fc7aaa29c55fcae776fbff3f9f332fe67f22bcbef0892238b9cab1d18be754a,2019-08-26,"Other Financial Information, row 'Capital expenditures'","Capital expenditures (d)                                   4,362            4,506         7,085          8,868             13,403",column 3 of 5,A,VERIFIED,"definition note: (d)     Capital expenditures consist of additions (excluding business combinations) to property, plant and equipment, construction in progress, investment properties, land use rights and intangible assets (excluding media contents, game licences and other contents).   The following table reconciles our operating profit to our EBITDA and adjusted EBITDA for the periods presented:"
tencent,company_capex,2019-01-01,2019-06-30,6M,8868000000,CNY,"8,868",RMB millions,Capital expenditures,SRC-TENC-069,https://www.hkexnews.hk/listedco/listconews/sehk/2019/0826/ltn20190826349.pdf,5fc7aaa29c55fcae776fbff3f9f332fe67f22bcbef0892238b9cab1d18be754a,2019-08-26,"Other Financial Information, row 'Capital expenditures'","Capital expenditures (d)                                   4,362            4,506         7,085          8,868             13,403",column 4 of 5,A,VERIFIED,"definition note: (d)     Capital expenditures consist of additions (excluding business combinations) to property, plant and equipment, construction in progress, investment properties, land use rights and intangible assets (excluding media contents, game licences and other contents).   The following table reconciles our operating profit to our EBITDA and adjusted EBITDA for the periods presented:"
tencent,company_capex,2018-01-01,2018-06-30,6M,13403000000,CNY,"13,403",RMB millions,Capital expenditures,SRC-TENC-069,https://www.hkexnews.hk/listedco/listconews/sehk/2019/0826/ltn20190826349.pdf,5fc7aaa29c55fcae776fbff3f9f332fe67f22bcbef0892238b9cab1d18be754a,2019-08-26,"Other Financial Information, row 'Capital expenditures'","Capital expenditures (d)                                   4,362            4,506         7,085          8,868             13,403",column 5 of 5,A,VERIFIED,"definition note: (d)     Capital expenditures consist of additions (excluding business combinations) to property, plant and equipment, construction in progress, investment properties, land use rights and intangible assets (excluding media contents, game licences and other contents).   The following table reconciles our operating profit to our EBITDA and adjusted EBITDA for the periods presented:"
tencent,company_capex,2019-07-01,2019-09-30,3M,6632000000,CNY,"6,632",RMB millions,Capital expenditures,SRC-TENC-070,https://www.hkexnews.hk/listedco/listconews/sehk/2019/1113/2019111300972.pdf,7f35f4db08576762491f100a581d824b0319f3175797e6ca77814f8d8e4149d5,2019-11-13,"Other Financial Information, row 'Capital expenditures'","Capital expenditures (d)               6,632           4,362           5,974          15,500          19,377",column 1 of 5,A,VERIFIED,"definition note: (d)     Capital expenditures consist of additions (excluding business combinations) to property, plant and equipment, construction in progress, investment properties, land use rights and intangible assets (excluding media contents, game licences and other contents).  "
tencent,company_capex,2019-04-01,2019-06-30,3M,4362000000,CNY,"4,362",RMB millions,Capital expenditures,SRC-TENC-070,https://www.hkexnews.hk/listedco/listconews/sehk/2019/1113/2019111300972.pdf,7f35f4db08576762491f100a581d824b0319f3175797e6ca77814f8d8e4149d5,2019-11-13,"Other Financial Information, row 'Capital expenditures'","Capital expenditures (d)               6,632           4,362           5,974          15,500          19,377",column 2 of 5,A,VERIFIED,"definition note: (d)     Capital expenditures consist of additions (excluding business combinations) to property, plant and equipment, construction in progress, investment properties, land use rights and intangible assets (excluding media contents, game licences and other contents).  "
tencent,company_capex,2018-07-01,2018-09-30,3M,5974000000,CNY,"5,974",RMB millions,Capital expenditures,SRC-TENC-070,https://www.hkexnews.hk/listedco/listconews/sehk/2019/1113/2019111300972.pdf,7f35f4db08576762491f100a581d824b0319f3175797e6ca77814f8d8e4149d5,2019-11-13,"Other Financial Information, row 'Capital expenditures'","Capital expenditures (d)               6,632           4,362           5,974          15,500          19,377",column 3 of 5,A,VERIFIED,"definition note: (d)     Capital expenditures consist of additions (excluding business combinations) to property, plant and equipment, construction in progress, investment properties, land use rights and intangible assets (excluding media contents, game licences and other contents).  "
tencent,company_capex,2019-01-01,2019-09-30,9M,15500000000,CNY,"15,500",RMB millions,Capital expenditures,SRC-TENC-070,https://www.hkexnews.hk/listedco/listconews/sehk/2019/1113/2019111300972.pdf,7f35f4db08576762491f100a581d824b0319f3175797e6ca77814f8d8e4149d5,2019-11-13,"Other Financial Information, row 'Capital expenditures'","Capital expenditures (d)               6,632           4,362           5,974          15,500          19,377",column 4 of 5,A,VERIFIED,"definition note: (d)     Capital expenditures consist of additions (excluding business combinations) to property, plant and equipment, construction in progress, investment properties, land use rights and intangible assets (excluding media contents, game licences and other contents).  "
tencent,company_capex,2018-01-01,2018-09-30,9M,19377000000,CNY,"19,377",RMB millions,Capital expenditures,SRC-TENC-070,https://www.hkexnews.hk/listedco/listconews/sehk/2019/1113/2019111300972.pdf,7f35f4db08576762491f100a581d824b0319f3175797e6ca77814f8d8e4149d5,2019-11-13,"Other Financial Information, row 'Capital expenditures'","Capital expenditures (d)               6,632           4,362           5,974          15,500          19,377",column 5 of 5,A,VERIFIED,"definition note: (d)     Capital expenditures consist of additions (excluding business combinations) to property, plant and equipment, construction in progress, investment properties, land use rights and intangible assets (excluding media contents, game licences and other contents).  "
tencent,company_capex,2019-10-01,2019-12-31,3M,16869000000,CNY,"16,869",RMB millions,Capital expenditures,SRC-TENC-071,https://www.hkexnews.hk/listedco/listconews/sehk/2020/0318/2020031800856.pdf,81dd3943dab5e3c0067aa1afa1b934308b86dbf2d6c85ebca6d0d1dca73722ee,2020-03-18,"Other Financial Information, row 'Capital expenditures'","Capital expenditures (d)                  16,869          6,632          4,564         32,369          23,941",column 1 of 5,A,VERIFIED,"definition note: (d)     Capital expenditures consist of additions (excluding business combinations) to property, plant and equipment, construction in progress, investment properties, land use rights and intangible assets (excluding media contents, game licences and other contents).  "
tencent,company_capex,2019-07-01,2019-09-30,3M,6632000000,CNY,"6,632",RMB millions,Capital expenditures,SRC-TENC-071,https://www.hkexnews.hk/listedco/listconews/sehk/2020/0318/2020031800856.pdf,81dd3943dab5e3c0067aa1afa1b934308b86dbf2d6c85ebca6d0d1dca73722ee,2020-03-18,"Other Financial Information, row 'Capital expenditures'","Capital expenditures (d)                  16,869          6,632          4,564         32,369          23,941",column 2 of 5,A,VERIFIED,"definition note: (d)     Capital expenditures consist of additions (excluding business combinations) to property, plant and equipment, construction in progress, investment properties, land use rights and intangible assets (excluding media contents, game licences and other contents).  "
tencent,company_capex,2018-10-01,2018-12-31,3M,4564000000,CNY,"4,564",RMB millions,Capital expenditures,SRC-TENC-071,https://www.hkexnews.hk/listedco/listconews/sehk/2020/0318/2020031800856.pdf,81dd3943dab5e3c0067aa1afa1b934308b86dbf2d6c85ebca6d0d1dca73722ee,2020-03-18,"Other Financial Information, row 'Capital expenditures'","Capital expenditures (d)                  16,869          6,632          4,564         32,369          23,941",column 3 of 5,A,VERIFIED,"definition note: (d)     Capital expenditures consist of additions (excluding business combinations) to property, plant and equipment, construction in progress, investment properties, land use rights and intangible assets (excluding media contents, game licences and other contents).  "
tencent,company_capex,2019-01-01,2019-12-31,12M,32369000000,CNY,"32,369",RMB millions,Capital expenditures,SRC-TENC-071,https://www.hkexnews.hk/listedco/listconews/sehk/2020/0318/2020031800856.pdf,81dd3943dab5e3c0067aa1afa1b934308b86dbf2d6c85ebca6d0d1dca73722ee,2020-03-18,"Other Financial Information, row 'Capital expenditures'","Capital expenditures (d)                  16,869          6,632          4,564         32,369          23,941",column 4 of 5,A,VERIFIED,"definition note: (d)     Capital expenditures consist of additions (excluding business combinations) to property, plant and equipment, construction in progress, investment properties, land use rights and intangible assets (excluding media contents, game licences and other contents).  "
tencent,company_capex,2018-01-01,2018-12-31,12M,23941000000,CNY,"23,941",RMB millions,Capital expenditures,SRC-TENC-071,https://www.hkexnews.hk/listedco/listconews/sehk/2020/0318/2020031800856.pdf,81dd3943dab5e3c0067aa1afa1b934308b86dbf2d6c85ebca6d0d1dca73722ee,2020-03-18,"Other Financial Information, row 'Capital expenditures'","Capital expenditures (d)                  16,869          6,632          4,564         32,369          23,941",column 5 of 5,A,VERIFIED,"definition note: (d)     Capital expenditures consist of additions (excluding business combinations) to property, plant and equipment, construction in progress, investment properties, land use rights and intangible assets (excluding media contents, game licences and other contents).  "
tencent,company_capex,2019-10-01,2019-12-31,3M,16869000000,CNY,"16,869",RMB millions,Capital expenditures,SRC-TENC-072,https://www.hkexnews.hk/listedco/listconews/sehk/2020/0402/2020040201883.pdf,147f4258ab73ad06866e9d892d387301027a0d61c781bc0614ce34e8bf6423f6,2020-04-02,"Other Financial Information, row 'Capital expenditures'","Capital expenditures (d)                          16,869                6,632                4,564               32,369               23,941",column 1 of 5,A,VERIFIED,"definition note: (d)     Capital expenditures consist of additions (excluding business combinations) to property, plant and equipment, construction in progress, investment properties, land use rights and intangible assets (excluding video and music contents, game licences and other contents).   "
tencent,company_capex,2019-07-01,2019-09-30,3M,6632000000,CNY,"6,632",RMB millions,Capital expenditures,SRC-TENC-072,https://www.hkexnews.hk/listedco/listconews/sehk/2020/0402/2020040201883.pdf,147f4258ab73ad06866e9d892d387301027a0d61c781bc0614ce34e8bf6423f6,2020-04-02,"Other Financial Information, row 'Capital expenditures'","Capital expenditures (d)                          16,869                6,632                4,564               32,369               23,941",column 2 of 5,A,VERIFIED,"definition note: (d)     Capital expenditures consist of additions (excluding business combinations) to property, plant and equipment, construction in progress, investment properties, land use rights and intangible assets (excluding video and music contents, game licences and other contents).   "
tencent,company_capex,2018-10-01,2018-12-31,3M,4564000000,CNY,"4,564",RMB millions,Capital expenditures,SRC-TENC-072,https://www.hkexnews.hk/listedco/listconews/sehk/2020/0402/2020040201883.pdf,147f4258ab73ad06866e9d892d387301027a0d61c781bc0614ce34e8bf6423f6,2020-04-02,"Other Financial Information, row 'Capital expenditures'","Capital expenditures (d)                          16,869                6,632                4,564               32,369               23,941",column 3 of 5,A,VERIFIED,"definition note: (d)     Capital expenditures consist of additions (excluding business combinations) to property, plant and equipment, construction in progress, investment properties, land use rights and intangible assets (excluding video and music contents, game licences and other contents).   "
tencent,company_capex,2019-01-01,2019-12-31,12M,32369000000,CNY,"32,369",RMB millions,Capital expenditures,SRC-TENC-072,https://www.hkexnews.hk/listedco/listconews/sehk/2020/0402/2020040201883.pdf,147f4258ab73ad06866e9d892d387301027a0d61c781bc0614ce34e8bf6423f6,2020-04-02,"Other Financial Information, row 'Capital expenditures'","Capital expenditures (d)                          16,869                6,632                4,564               32,369               23,941",column 4 of 5,A,VERIFIED,"definition note: (d)     Capital expenditures consist of additions (excluding business combinations) to property, plant and equipment, construction in progress, investment properties, land use rights and intangible assets (excluding video and music contents, game licences and other contents).   "
tencent,company_capex,2018-01-01,2018-12-31,12M,23941000000,CNY,"23,941",RMB millions,Capital expenditures,SRC-TENC-072,https://www.hkexnews.hk/listedco/listconews/sehk/2020/0402/2020040201883.pdf,147f4258ab73ad06866e9d892d387301027a0d61c781bc0614ce34e8bf6423f6,2020-04-02,"Other Financial Information, row 'Capital expenditures'","Capital expenditures (d)                          16,869                6,632                4,564               32,369               23,941",column 5 of 5,A,VERIFIED,"definition note: (d)     Capital expenditures consist of additions (excluding business combinations) to property, plant and equipment, construction in progress, investment properties, land use rights and intangible assets (excluding video and music contents, game licences and other contents).   "
tencent,company_capex,2020-01-01,2020-03-31,3M,6151000000,CNY,"6,151",RMB millions,Capital expenditures,SRC-TENC-073,https://www.hkexnews.hk/listedco/listconews/sehk/2020/0513/2020051300606.pdf,021eb1c8bab3fe3403e88cf13b2052465331e19acdbf01645945fc2c62603c02,2020-05-13,"Other Financial Information, row 'Capital expenditures'","Capital expenditures (d)                                   6,151             16,869               4,506",column 1 of 3,A,VERIFIED,"definition note: (d)     Capital expenditures consist of additions (excluding business combinations) to property, plant and equipment, construction in progress, investment properties, land use rights and intangible assets (excluding video and music content, game licences and other content).  "
tencent,company_capex,2019-10-01,2019-12-31,3M,16869000000,CNY,"16,869",RMB millions,Capital expenditures,SRC-TENC-073,https://www.hkexnews.hk/listedco/listconews/sehk/2020/0513/2020051300606.pdf,021eb1c8bab3fe3403e88cf13b2052465331e19acdbf01645945fc2c62603c02,2020-05-13,"Other Financial Information, row 'Capital expenditures'","Capital expenditures (d)                                   6,151             16,869               4,506",column 2 of 3,A,VERIFIED,"definition note: (d)     Capital expenditures consist of additions (excluding business combinations) to property, plant and equipment, construction in progress, investment properties, land use rights and intangible assets (excluding video and music content, game licences and other content).  "
tencent,company_capex,2019-01-01,2019-03-31,3M,4506000000,CNY,"4,506",RMB millions,Capital expenditures,SRC-TENC-073,https://www.hkexnews.hk/listedco/listconews/sehk/2020/0513/2020051300606.pdf,021eb1c8bab3fe3403e88cf13b2052465331e19acdbf01645945fc2c62603c02,2020-05-13,"Other Financial Information, row 'Capital expenditures'","Capital expenditures (d)                                   6,151             16,869               4,506",column 3 of 3,A,VERIFIED,"definition note: (d)     Capital expenditures consist of additions (excluding business combinations) to property, plant and equipment, construction in progress, investment properties, land use rights and intangible assets (excluding video and music content, game licences and other content).  "
tencent,company_capex,2020-04-01,2020-06-30,3M,9466000000,CNY,"9,466",RMB millions,Capital expenditures,SRC-TENC-074,https://www.hkexnews.hk/listedco/listconews/sehk/2020/0812/2020081200551.pdf,97cad34e9250ec239d236437df76096574eb92a341e941ff99ad7304ef0a9d0f,2020-08-12,"Other Financial Information, row 'Capital expenditures'","Capital expenditures (d)            9,466           6,151      4,362       15,617        8,868",column 1 of 5,A,VERIFIED,"definition note: (d)     Capital expenditures consist of additions (excluding business combinations) to property, plant and equipment, construction in progress, investment properties, land use rights and intangible assets (excluding video and music content, game licences and other content).  "
tencent,company_capex,2020-01-01,2020-03-31,3M,6151000000,CNY,"6,151",RMB millions,Capital expenditures,SRC-TENC-074,https://www.hkexnews.hk/listedco/listconews/sehk/2020/0812/2020081200551.pdf,97cad34e9250ec239d236437df76096574eb92a341e941ff99ad7304ef0a9d0f,2020-08-12,"Other Financial Information, row 'Capital expenditures'","Capital expenditures (d)            9,466           6,151      4,362       15,617        8,868",column 2 of 5,A,VERIFIED,"definition note: (d)     Capital expenditures consist of additions (excluding business combinations) to property, plant and equipment, construction in progress, investment properties, land use rights and intangible assets (excluding video and music content, game licences and other content).  "
tencent,company_capex,2019-04-01,2019-06-30,3M,4362000000,CNY,"4,362",RMB millions,Capital expenditures,SRC-TENC-074,https://www.hkexnews.hk/listedco/listconews/sehk/2020/0812/2020081200551.pdf,97cad34e9250ec239d236437df76096574eb92a341e941ff99ad7304ef0a9d0f,2020-08-12,"Other Financial Information, row 'Capital expenditures'","Capital expenditures (d)            9,466           6,151      4,362       15,617        8,868",column 3 of 5,A,VERIFIED,"definition note: (d)     Capital expenditures consist of additions (excluding business combinations) to property, plant and equipment, construction in progress, investment properties, land use rights and intangible assets (excluding video and music content, game licences and other content).  "
tencent,company_capex,2020-01-01,2020-06-30,6M,15617000000,CNY,"15,617",RMB millions,Capital expenditures,SRC-TENC-074,https://www.hkexnews.hk/listedco/listconews/sehk/2020/0812/2020081200551.pdf,97cad34e9250ec239d236437df76096574eb92a341e941ff99ad7304ef0a9d0f,2020-08-12,"Other Financial Information, row 'Capital expenditures'","Capital expenditures (d)            9,466           6,151      4,362       15,617        8,868",column 4 of 5,A,VERIFIED,"definition note: (d)     Capital expenditures consist of additions (excluding business combinations) to property, plant and equipment, construction in progress, investment properties, land use rights and intangible assets (excluding video and music content, game licences and other content).  "
tencent,company_capex,2019-01-01,2019-06-30,6M,8868000000,CNY,"8,868",RMB millions,Capital expenditures,SRC-TENC-074,https://www.hkexnews.hk/listedco/listconews/sehk/2020/0812/2020081200551.pdf,97cad34e9250ec239d236437df76096574eb92a341e941ff99ad7304ef0a9d0f,2020-08-12,"Other Financial Information, row 'Capital expenditures'","Capital expenditures (d)            9,466           6,151      4,362       15,617        8,868",column 5 of 5,A,VERIFIED,"definition note: (d)     Capital expenditures consist of additions (excluding business combinations) to property, plant and equipment, construction in progress, investment properties, land use rights and intangible assets (excluding video and music content, game licences and other content).  "
tencent,company_capex,2020-04-01,2020-06-30,3M,9466000000,CNY,"9,466",RMB millions,Capital expenditures,SRC-TENC-075,https://www.hkexnews.hk/listedco/listconews/sehk/2020/0826/2020082601141.pdf,8baad01ab5c1e79efd3bfe6cc8fe6d992c7611ef60d42c21c1a6bf98c3733b9c,2020-08-26,"Other Financial Information, row 'Capital expenditures'","Capital expenditures (d)                                   9,466            6,151         4,362         15,617              8,868",column 1 of 5,A,VERIFIED,"definition note: (d)     Capital expenditures consist of additions (excluding business combinations) to property, plant and equipment, construction in progress, investment properties, land use rights and intangible assets (excluding video and music content, game licences and other content).   The following table reconciles our operating profit to our EBITDA and Adjusted EBITDA for the periods presented:"
tencent,company_capex,2020-01-01,2020-03-31,3M,6151000000,CNY,"6,151",RMB millions,Capital expenditures,SRC-TENC-075,https://www.hkexnews.hk/listedco/listconews/sehk/2020/0826/2020082601141.pdf,8baad01ab5c1e79efd3bfe6cc8fe6d992c7611ef60d42c21c1a6bf98c3733b9c,2020-08-26,"Other Financial Information, row 'Capital expenditures'","Capital expenditures (d)                                   9,466            6,151         4,362         15,617              8,868",column 2 of 5,A,VERIFIED,"definition note: (d)     Capital expenditures consist of additions (excluding business combinations) to property, plant and equipment, construction in progress, investment properties, land use rights and intangible assets (excluding video and music content, game licences and other content).   The following table reconciles our operating profit to our EBITDA and Adjusted EBITDA for the periods presented:"
tencent,company_capex,2019-04-01,2019-06-30,3M,4362000000,CNY,"4,362",RMB millions,Capital expenditures,SRC-TENC-075,https://www.hkexnews.hk/listedco/listconews/sehk/2020/0826/2020082601141.pdf,8baad01ab5c1e79efd3bfe6cc8fe6d992c7611ef60d42c21c1a6bf98c3733b9c,2020-08-26,"Other Financial Information, row 'Capital expenditures'","Capital expenditures (d)                                   9,466            6,151         4,362         15,617              8,868",column 3 of 5,A,VERIFIED,"definition note: (d)     Capital expenditures consist of additions (excluding business combinations) to property, plant and equipment, construction in progress, investment properties, land use rights and intangible assets (excluding video and music content, game licences and other content).   The following table reconciles our operating profit to our EBITDA and Adjusted EBITDA for the periods presented:"
tencent,company_capex,2020-01-01,2020-06-30,6M,15617000000,CNY,"15,617",RMB millions,Capital expenditures,SRC-TENC-075,https://www.hkexnews.hk/listedco/listconews/sehk/2020/0826/2020082601141.pdf,8baad01ab5c1e79efd3bfe6cc8fe6d992c7611ef60d42c21c1a6bf98c3733b9c,2020-08-26,"Other Financial Information, row 'Capital expenditures'","Capital expenditures (d)                                   9,466            6,151         4,362         15,617              8,868",column 4 of 5,A,VERIFIED,"definition note: (d)     Capital expenditures consist of additions (excluding business combinations) to property, plant and equipment, construction in progress, investment properties, land use rights and intangible assets (excluding video and music content, game licences and other content).   The following table reconciles our operating profit to our EBITDA and Adjusted EBITDA for the periods presented:"
tencent,company_capex,2019-01-01,2019-06-30,6M,8868000000,CNY,"8,868",RMB millions,Capital expenditures,SRC-TENC-075,https://www.hkexnews.hk/listedco/listconews/sehk/2020/0826/2020082601141.pdf,8baad01ab5c1e79efd3bfe6cc8fe6d992c7611ef60d42c21c1a6bf98c3733b9c,2020-08-26,"Other Financial Information, row 'Capital expenditures'","Capital expenditures (d)                                   9,466            6,151         4,362         15,617              8,868",column 5 of 5,A,VERIFIED,"definition note: (d)     Capital expenditures consist of additions (excluding business combinations) to property, plant and equipment, construction in progress, investment properties, land use rights and intangible assets (excluding video and music content, game licences and other content).   The following table reconciles our operating profit to our EBITDA and Adjusted EBITDA for the periods presented:"
tencent,company_capex,2020-07-01,2020-09-30,3M,8684000000,CNY,"8,684",RMB millions,Capital expenditures,SRC-TENC-076,https://www.hkexnews.hk/listedco/listconews/sehk/2020/1112/2020111200335.pdf,e8b87ca5835e67ac1fcf068cac3259f4a5d10f2b633d387cce6afd4255265216,2020-11-12,"Other Financial Information, row 'Capital expenditures'","Capital expenditures (d)               8,684          9,466           6,632         24,301          15,500",column 1 of 5,A,VERIFIED,"definition note: (d)     Capital expenditures consist of additions (excluding business combinations) to property, plant and equipment, construction in progress, investment properties, land use rights and intangible assets (excluding video and music content, game licences and other content).  "
tencent,company_capex,2020-04-01,2020-06-30,3M,9466000000,CNY,"9,466",RMB millions,Capital expenditures,SRC-TENC-076,https://www.hkexnews.hk/listedco/listconews/sehk/2020/1112/2020111200335.pdf,e8b87ca5835e67ac1fcf068cac3259f4a5d10f2b633d387cce6afd4255265216,2020-11-12,"Other Financial Information, row 'Capital expenditures'","Capital expenditures (d)               8,684          9,466           6,632         24,301          15,500",column 2 of 5,A,VERIFIED,"definition note: (d)     Capital expenditures consist of additions (excluding business combinations) to property, plant and equipment, construction in progress, investment properties, land use rights and intangible assets (excluding video and music content, game licences and other content).  "
tencent,company_capex,2019-07-01,2019-09-30,3M,6632000000,CNY,"6,632",RMB millions,Capital expenditures,SRC-TENC-076,https://www.hkexnews.hk/listedco/listconews/sehk/2020/1112/2020111200335.pdf,e8b87ca5835e67ac1fcf068cac3259f4a5d10f2b633d387cce6afd4255265216,2020-11-12,"Other Financial Information, row 'Capital expenditures'","Capital expenditures (d)               8,684          9,466           6,632         24,301          15,500",column 3 of 5,A,VERIFIED,"definition note: (d)     Capital expenditures consist of additions (excluding business combinations) to property, plant and equipment, construction in progress, investment properties, land use rights and intangible assets (excluding video and music content, game licences and other content).  "
tencent,company_capex,2020-01-01,2020-09-30,9M,24301000000,CNY,"24,301",RMB millions,Capital expenditures,SRC-TENC-076,https://www.hkexnews.hk/listedco/listconews/sehk/2020/1112/2020111200335.pdf,e8b87ca5835e67ac1fcf068cac3259f4a5d10f2b633d387cce6afd4255265216,2020-11-12,"Other Financial Information, row 'Capital expenditures'","Capital expenditures (d)               8,684          9,466           6,632         24,301          15,500",column 4 of 5,A,VERIFIED,"definition note: (d)     Capital expenditures consist of additions (excluding business combinations) to property, plant and equipment, construction in progress, investment properties, land use rights and intangible assets (excluding video and music content, game licences and other content).  "
tencent,company_capex,2019-01-01,2019-09-30,9M,15500000000,CNY,"15,500",RMB millions,Capital expenditures,SRC-TENC-076,https://www.hkexnews.hk/listedco/listconews/sehk/2020/1112/2020111200335.pdf,e8b87ca5835e67ac1fcf068cac3259f4a5d10f2b633d387cce6afd4255265216,2020-11-12,"Other Financial Information, row 'Capital expenditures'","Capital expenditures (d)               8,684          9,466           6,632         24,301          15,500",column 5 of 5,A,VERIFIED,"definition note: (d)     Capital expenditures consist of additions (excluding business combinations) to property, plant and equipment, construction in progress, investment properties, land use rights and intangible assets (excluding video and music content, game licences and other content).  "
tencent,company_capex,2020-10-01,2020-12-31,3M,9659000000,CNY,"9,659",RMB millions,Capital expenditures,SRC-TENC-077,https://www.hkexnews.hk/listedco/listconews/sehk/2021/0324/2021032400488.pdf,7ce7e76def2a79409797d939f7ebcbc5757d487df97f4161dcce99415d07ecc2,2021-03-24,"Other Financial Information, row 'Capital expenditures'","Capital expenditures (d)                9,659         8,684        16,869        33,960       32,369",column 1 of 5,A,VERIFIED,"definition note: (d)     Capital expenditures consist of additions (excluding business combinations) to property, plant and equipment, construction in progress, investment properties, land use rights and intangible assets (excluding video and music content, game licences and other content).  "
tencent,company_capex,2020-07-01,2020-09-30,3M,8684000000,CNY,"8,684",RMB millions,Capital expenditures,SRC-TENC-077,https://www.hkexnews.hk/listedco/listconews/sehk/2021/0324/2021032400488.pdf,7ce7e76def2a79409797d939f7ebcbc5757d487df97f4161dcce99415d07ecc2,2021-03-24,"Other Financial Information, row 'Capital expenditures'","Capital expenditures (d)                9,659         8,684        16,869        33,960       32,369",column 2 of 5,A,VERIFIED,"definition note: (d)     Capital expenditures consist of additions (excluding business combinations) to property, plant and equipment, construction in progress, investment properties, land use rights and intangible assets (excluding video and music content, game licences and other content).  "
tencent,company_capex,2019-10-01,2019-12-31,3M,16869000000,CNY,"16,869",RMB millions,Capital expenditures,SRC-TENC-077,https://www.hkexnews.hk/listedco/listconews/sehk/2021/0324/2021032400488.pdf,7ce7e76def2a79409797d939f7ebcbc5757d487df97f4161dcce99415d07ecc2,2021-03-24,"Other Financial Information, row 'Capital expenditures'","Capital expenditures (d)                9,659         8,684        16,869        33,960       32,369",column 3 of 5,A,VERIFIED,"definition note: (d)     Capital expenditures consist of additions (excluding business combinations) to property, plant and equipment, construction in progress, investment properties, land use rights and intangible assets (excluding video and music content, game licences and other content).  "
tencent,company_capex,2020-01-01,2020-12-31,12M,33960000000,CNY,"33,960",RMB millions,Capital expenditures,SRC-TENC-077,https://www.hkexnews.hk/listedco/listconews/sehk/2021/0324/2021032400488.pdf,7ce7e76def2a79409797d939f7ebcbc5757d487df97f4161dcce99415d07ecc2,2021-03-24,"Other Financial Information, row 'Capital expenditures'","Capital expenditures (d)                9,659         8,684        16,869        33,960       32,369",column 4 of 5,A,VERIFIED,"definition note: (d)     Capital expenditures consist of additions (excluding business combinations) to property, plant and equipment, construction in progress, investment properties, land use rights and intangible assets (excluding video and music content, game licences and other content).  "
tencent,company_capex,2019-01-01,2019-12-31,12M,32369000000,CNY,"32,369",RMB millions,Capital expenditures,SRC-TENC-077,https://www.hkexnews.hk/listedco/listconews/sehk/2021/0324/2021032400488.pdf,7ce7e76def2a79409797d939f7ebcbc5757d487df97f4161dcce99415d07ecc2,2021-03-24,"Other Financial Information, row 'Capital expenditures'","Capital expenditures (d)                9,659         8,684        16,869        33,960       32,369",column 5 of 5,A,VERIFIED,"definition note: (d)     Capital expenditures consist of additions (excluding business combinations) to property, plant and equipment, construction in progress, investment properties, land use rights and intangible assets (excluding video and music content, game licences and other content).  "
tencent,company_capex,2020-10-01,2020-12-31,3M,9659000000,CNY,"9,659",RMB millions,Capital expenditures,SRC-TENC-078,https://www.hkexnews.hk/listedco/listconews/sehk/2021/0408/2021040802045.pdf,bddc6be8e5a819bfc66e02be90691d022c10b0c8e197311558c9b61f736926fd,2021-04-08,"Other Financial Information, row 'Capital expenditures'","Capital expenditures (d)                                      9,659              8,684             16,869               33,960           32,369",column 1 of 5,A,VERIFIED,"definition note: (d)     Capital expenditures consist of additions (excluding business combinations) to property, plant and equipment, construction in progress, investment properties, land use rights and intangible assets (excluding video and music content, game licences and other content).   "
tencent,company_capex,2020-07-01,2020-09-30,3M,8684000000,CNY,"8,684",RMB millions,Capital expenditures,SRC-TENC-078,https://www.hkexnews.hk/listedco/listconews/sehk/2021/0408/2021040802045.pdf,bddc6be8e5a819bfc66e02be90691d022c10b0c8e197311558c9b61f736926fd,2021-04-08,"Other Financial Information, row 'Capital expenditures'","Capital expenditures (d)                                      9,659              8,684             16,869               33,960           32,369",column 2 of 5,A,VERIFIED,"definition note: (d)     Capital expenditures consist of additions (excluding business combinations) to property, plant and equipment, construction in progress, investment properties, land use rights and intangible assets (excluding video and music content, game licences and other content).   "
tencent,company_capex,2019-10-01,2019-12-31,3M,16869000000,CNY,"16,869",RMB millions,Capital expenditures,SRC-TENC-078,https://www.hkexnews.hk/listedco/listconews/sehk/2021/0408/2021040802045.pdf,bddc6be8e5a819bfc66e02be90691d022c10b0c8e197311558c9b61f736926fd,2021-04-08,"Other Financial Information, row 'Capital expenditures'","Capital expenditures (d)                                      9,659              8,684             16,869               33,960           32,369",column 3 of 5,A,VERIFIED,"definition note: (d)     Capital expenditures consist of additions (excluding business combinations) to property, plant and equipment, construction in progress, investment properties, land use rights and intangible assets (excluding video and music content, game licences and other content).   "
tencent,company_capex,2020-01-01,2020-12-31,12M,33960000000,CNY,"33,960",RMB millions,Capital expenditures,SRC-TENC-078,https://www.hkexnews.hk/listedco/listconews/sehk/2021/0408/2021040802045.pdf,bddc6be8e5a819bfc66e02be90691d022c10b0c8e197311558c9b61f736926fd,2021-04-08,"Other Financial Information, row 'Capital expenditures'","Capital expenditures (d)                                      9,659              8,684             16,869               33,960           32,369",column 4 of 5,A,VERIFIED,"definition note: (d)     Capital expenditures consist of additions (excluding business combinations) to property, plant and equipment, construction in progress, investment properties, land use rights and intangible assets (excluding video and music content, game licences and other content).   "
tencent,company_capex,2019-01-01,2019-12-31,12M,32369000000,CNY,"32,369",RMB millions,Capital expenditures,SRC-TENC-078,https://www.hkexnews.hk/listedco/listconews/sehk/2021/0408/2021040802045.pdf,bddc6be8e5a819bfc66e02be90691d022c10b0c8e197311558c9b61f736926fd,2021-04-08,"Other Financial Information, row 'Capital expenditures'","Capital expenditures (d)                                      9,659              8,684             16,869               33,960           32,369",column 5 of 5,A,VERIFIED,"definition note: (d)     Capital expenditures consist of additions (excluding business combinations) to property, plant and equipment, construction in progress, investment properties, land use rights and intangible assets (excluding video and music content, game licences and other content).   "
tencent,company_capex,2021-01-01,2021-03-31,3M,7734000000,CNY,"7,734",RMB millions,Capital expenditures,SRC-TENC-079,https://www.hkexnews.hk/listedco/listconews/sehk/2021/0520/2021052000308.pdf,4d2fe2bf9e9ebf3de9e1a9f498f6b079fcbbdd2f128d5b392a926528a93806c7,2021-05-20,"Other Financial Information, row 'Capital expenditures'","Capital expenditures (d)                                         7,734                9,659                 6,151",column 1 of 3,A,VERIFIED,"definition note: (d)     Capital expenditures consist of additions (excluding business combinations) to property, plant and equipment, construction in progress, investment properties, land use rights and intangible assets (excluding video and music content, game licences and other content).  "
tencent,company_capex,2020-10-01,2020-12-31,3M,9659000000,CNY,"9,659",RMB millions,Capital expenditures,SRC-TENC-079,https://www.hkexnews.hk/listedco/listconews/sehk/2021/0520/2021052000308.pdf,4d2fe2bf9e9ebf3de9e1a9f498f6b079fcbbdd2f128d5b392a926528a93806c7,2021-05-20,"Other Financial Information, row 'Capital expenditures'","Capital expenditures (d)                                         7,734                9,659                 6,151",column 2 of 3,A,VERIFIED,"definition note: (d)     Capital expenditures consist of additions (excluding business combinations) to property, plant and equipment, construction in progress, investment properties, land use rights and intangible assets (excluding video and music content, game licences and other content).  "
tencent,company_capex,2020-01-01,2020-03-31,3M,6151000000,CNY,"6,151",RMB millions,Capital expenditures,SRC-TENC-079,https://www.hkexnews.hk/listedco/listconews/sehk/2021/0520/2021052000308.pdf,4d2fe2bf9e9ebf3de9e1a9f498f6b079fcbbdd2f128d5b392a926528a93806c7,2021-05-20,"Other Financial Information, row 'Capital expenditures'","Capital expenditures (d)                                         7,734                9,659                 6,151",column 3 of 3,A,VERIFIED,"definition note: (d)     Capital expenditures consist of additions (excluding business combinations) to property, plant and equipment, construction in progress, investment properties, land use rights and intangible assets (excluding video and music content, game licences and other content).  "
tencent,company_capex,2021-04-01,2021-06-30,3M,6936000000,CNY,"6,936",RMB millions,Capital expenditures,SRC-TENC-080,https://www.hkexnews.hk/listedco/listconews/sehk/2021/0818/2021081800391.pdf,8b4788e247a7caf8876f7f4518f589f74d63f4146f52038de465639bade41bbd,2021-08-18,"Other Financial Information, row 'Capital expenditures'","Capital expenditures (d)                6,936          7,734        9,466         14,670         15,617",column 1 of 5,A,VERIFIED,"definition note: (d)     Capital expenditures consist of additions (excluding business combinations) to property, plant and equipment, construction in progress, investment properties, land use rights and intangible assets (excluding video and music content, game licences and other content).  "
tencent,company_capex,2021-01-01,2021-03-31,3M,7734000000,CNY,"7,734",RMB millions,Capital expenditures,SRC-TENC-080,https://www.hkexnews.hk/listedco/listconews/sehk/2021/0818/2021081800391.pdf,8b4788e247a7caf8876f7f4518f589f74d63f4146f52038de465639bade41bbd,2021-08-18,"Other Financial Information, row 'Capital expenditures'","Capital expenditures (d)                6,936          7,734        9,466         14,670         15,617",column 2 of 5,A,VERIFIED,"definition note: (d)     Capital expenditures consist of additions (excluding business combinations) to property, plant and equipment, construction in progress, investment properties, land use rights and intangible assets (excluding video and music content, game licences and other content).  "
tencent,company_capex,2020-04-01,2020-06-30,3M,9466000000,CNY,"9,466",RMB millions,Capital expenditures,SRC-TENC-080,https://www.hkexnews.hk/listedco/listconews/sehk/2021/0818/2021081800391.pdf,8b4788e247a7caf8876f7f4518f589f74d63f4146f52038de465639bade41bbd,2021-08-18,"Other Financial Information, row 'Capital expenditures'","Capital expenditures (d)                6,936          7,734        9,466         14,670         15,617",column 3 of 5,A,VERIFIED,"definition note: (d)     Capital expenditures consist of additions (excluding business combinations) to property, plant and equipment, construction in progress, investment properties, land use rights and intangible assets (excluding video and music content, game licences and other content).  "
tencent,company_capex,2021-01-01,2021-06-30,6M,14670000000,CNY,"14,670",RMB millions,Capital expenditures,SRC-TENC-080,https://www.hkexnews.hk/listedco/listconews/sehk/2021/0818/2021081800391.pdf,8b4788e247a7caf8876f7f4518f589f74d63f4146f52038de465639bade41bbd,2021-08-18,"Other Financial Information, row 'Capital expenditures'","Capital expenditures (d)                6,936          7,734        9,466         14,670         15,617",column 4 of 5,A,VERIFIED,"definition note: (d)     Capital expenditures consist of additions (excluding business combinations) to property, plant and equipment, construction in progress, investment properties, land use rights and intangible assets (excluding video and music content, game licences and other content).  "
tencent,company_capex,2020-01-01,2020-06-30,6M,15617000000,CNY,"15,617",RMB millions,Capital expenditures,SRC-TENC-080,https://www.hkexnews.hk/listedco/listconews/sehk/2021/0818/2021081800391.pdf,8b4788e247a7caf8876f7f4518f589f74d63f4146f52038de465639bade41bbd,2021-08-18,"Other Financial Information, row 'Capital expenditures'","Capital expenditures (d)                6,936          7,734        9,466         14,670         15,617",column 5 of 5,A,VERIFIED,"definition note: (d)     Capital expenditures consist of additions (excluding business combinations) to property, plant and equipment, construction in progress, investment properties, land use rights and intangible assets (excluding video and music content, game licences and other content).  "
tencent,company_capex,2021-04-01,2021-06-30,3M,6936000000,CNY,"6,936",RMB millions,Capital expenditures,SRC-TENC-081,https://www.hkexnews.hk/listedco/listconews/sehk/2021/0831/2021083101284.pdf,a13e99d220296331e1f28561de4776a871e9f34fbcfb31dab1735f2d744f20bb,2021-08-31,"Other Financial Information, row 'Capital expenditures'","Capital expenditures (d)                                            6,936           7,734            9,466          14,670           15,617",column 1 of 5,A,VERIFIED,"definition note: (d)     Capital expenditures consist of additions (excluding business combinations) to property, plant and equipment, construction in progress, investment properties, land use rights and intangible assets (excluding video and music content, game licences and other content).   "
tencent,company_capex,2021-01-01,2021-03-31,3M,7734000000,CNY,"7,734",RMB millions,Capital expenditures,SRC-TENC-081,https://www.hkexnews.hk/listedco/listconews/sehk/2021/0831/2021083101284.pdf,a13e99d220296331e1f28561de4776a871e9f34fbcfb31dab1735f2d744f20bb,2021-08-31,"Other Financial Information, row 'Capital expenditures'","Capital expenditures (d)                                            6,936           7,734            9,466          14,670           15,617",column 2 of 5,A,VERIFIED,"definition note: (d)     Capital expenditures consist of additions (excluding business combinations) to property, plant and equipment, construction in progress, investment properties, land use rights and intangible assets (excluding video and music content, game licences and other content).   "
tencent,company_capex,2020-04-01,2020-06-30,3M,9466000000,CNY,"9,466",RMB millions,Capital expenditures,SRC-TENC-081,https://www.hkexnews.hk/listedco/listconews/sehk/2021/0831/2021083101284.pdf,a13e99d220296331e1f28561de4776a871e9f34fbcfb31dab1735f2d744f20bb,2021-08-31,"Other Financial Information, row 'Capital expenditures'","Capital expenditures (d)                                            6,936           7,734            9,466          14,670           15,617",column 3 of 5,A,VERIFIED,"definition note: (d)     Capital expenditures consist of additions (excluding business combinations) to property, plant and equipment, construction in progress, investment properties, land use rights and intangible assets (excluding video and music content, game licences and other content).   "
tencent,company_capex,2021-01-01,2021-06-30,6M,14670000000,CNY,"14,670",RMB millions,Capital expenditures,SRC-TENC-081,https://www.hkexnews.hk/listedco/listconews/sehk/2021/0831/2021083101284.pdf,a13e99d220296331e1f28561de4776a871e9f34fbcfb31dab1735f2d744f20bb,2021-08-31,"Other Financial Information, row 'Capital expenditures'","Capital expenditures (d)                                            6,936           7,734            9,466          14,670           15,617",column 4 of 5,A,VERIFIED,"definition note: (d)     Capital expenditures consist of additions (excluding business combinations) to property, plant and equipment, construction in progress, investment properties, land use rights and intangible assets (excluding video and music content, game licences and other content).   "
tencent,company_capex,2020-01-01,2020-06-30,6M,15617000000,CNY,"15,617",RMB millions,Capital expenditures,SRC-TENC-081,https://www.hkexnews.hk/listedco/listconews/sehk/2021/0831/2021083101284.pdf,a13e99d220296331e1f28561de4776a871e9f34fbcfb31dab1735f2d744f20bb,2021-08-31,"Other Financial Information, row 'Capital expenditures'","Capital expenditures (d)                                            6,936           7,734            9,466          14,670           15,617",column 5 of 5,A,VERIFIED,"definition note: (d)     Capital expenditures consist of additions (excluding business combinations) to property, plant and equipment, construction in progress, investment properties, land use rights and intangible assets (excluding video and music content, game licences and other content).   "
tencent,company_capex,2021-07-01,2021-09-30,3M,7061000000,CNY,"7,061",RMB millions,Capital expenditures,SRC-TENC-082,https://www.hkexnews.hk/listedco/listconews/sehk/2021/1110/2021111000481.pdf,c38ba688b2894a2ef038c6ed641d86eaa83cb1428e35258080dc3585d7e309a3,2021-11-10,"Other Financial Information, row 'Capital expenditures'","Capital expenditures (d)                 7,061           6,936         8,684         21,731         24,301",column 1 of 5,A,VERIFIED,"definition note: (d)     Capital expenditures consist of additions (excluding business combinations) to property, plant and equipment, construction in progress, investment properties, land use rights and intangible assets (excluding video and music content, game licences and other content).  "
tencent,company_capex,2021-04-01,2021-06-30,3M,6936000000,CNY,"6,936",RMB millions,Capital expenditures,SRC-TENC-082,https://www.hkexnews.hk/listedco/listconews/sehk/2021/1110/2021111000481.pdf,c38ba688b2894a2ef038c6ed641d86eaa83cb1428e35258080dc3585d7e309a3,2021-11-10,"Other Financial Information, row 'Capital expenditures'","Capital expenditures (d)                 7,061           6,936         8,684         21,731         24,301",column 2 of 5,A,VERIFIED,"definition note: (d)     Capital expenditures consist of additions (excluding business combinations) to property, plant and equipment, construction in progress, investment properties, land use rights and intangible assets (excluding video and music content, game licences and other content).  "
tencent,company_capex,2020-07-01,2020-09-30,3M,8684000000,CNY,"8,684",RMB millions,Capital expenditures,SRC-TENC-082,https://www.hkexnews.hk/listedco/listconews/sehk/2021/1110/2021111000481.pdf,c38ba688b2894a2ef038c6ed641d86eaa83cb1428e35258080dc3585d7e309a3,2021-11-10,"Other Financial Information, row 'Capital expenditures'","Capital expenditures (d)                 7,061           6,936         8,684         21,731         24,301",column 3 of 5,A,VERIFIED,"definition note: (d)     Capital expenditures consist of additions (excluding business combinations) to property, plant and equipment, construction in progress, investment properties, land use rights and intangible assets (excluding video and music content, game licences and other content).  "
tencent,company_capex,2021-01-01,2021-09-30,9M,21731000000,CNY,"21,731",RMB millions,Capital expenditures,SRC-TENC-082,https://www.hkexnews.hk/listedco/listconews/sehk/2021/1110/2021111000481.pdf,c38ba688b2894a2ef038c6ed641d86eaa83cb1428e35258080dc3585d7e309a3,2021-11-10,"Other Financial Information, row 'Capital expenditures'","Capital expenditures (d)                 7,061           6,936         8,684         21,731         24,301",column 4 of 5,A,VERIFIED,"definition note: (d)     Capital expenditures consist of additions (excluding business combinations) to property, plant and equipment, construction in progress, investment properties, land use rights and intangible assets (excluding video and music content, game licences and other content).  "
tencent,company_capex,2020-01-01,2020-09-30,9M,24301000000,CNY,"24,301",RMB millions,Capital expenditures,SRC-TENC-082,https://www.hkexnews.hk/listedco/listconews/sehk/2021/1110/2021111000481.pdf,c38ba688b2894a2ef038c6ed641d86eaa83cb1428e35258080dc3585d7e309a3,2021-11-10,"Other Financial Information, row 'Capital expenditures'","Capital expenditures (d)                 7,061           6,936         8,684         21,731         24,301",column 5 of 5,A,VERIFIED,"definition note: (d)     Capital expenditures consist of additions (excluding business combinations) to property, plant and equipment, construction in progress, investment properties, land use rights and intangible assets (excluding video and music content, game licences and other content).  "
tencent,company_capex,2021-10-01,2021-12-31,3M,11661000000,CNY,"11,661",RMB millions,Capital expenditures,SRC-TENC-083,https://www.hkexnews.hk/listedco/listconews/sehk/2022/0323/2022032300430.pdf,9a82efad92dea6b78c325201858d07146d9ebaa2bc9b1843a5d2d56497046df3,2022-03-23,"Other Financial Information, row 'Capital expenditures'","Capital expenditures (d)               11,661           7,061        9,659         33,392         33,960",column 1 of 5,A,VERIFIED,"definition note: (d)     Capital expenditures consist of additions (excluding business combinations) to property, plant and equipment, construction in progress, investment properties, land use rights and intangible assets (excluding video and music content, game licences and other content).  "
tencent,company_capex,2021-07-01,2021-09-30,3M,7061000000,CNY,"7,061",RMB millions,Capital expenditures,SRC-TENC-083,https://www.hkexnews.hk/listedco/listconews/sehk/2022/0323/2022032300430.pdf,9a82efad92dea6b78c325201858d07146d9ebaa2bc9b1843a5d2d56497046df3,2022-03-23,"Other Financial Information, row 'Capital expenditures'","Capital expenditures (d)               11,661           7,061        9,659         33,392         33,960",column 2 of 5,A,VERIFIED,"definition note: (d)     Capital expenditures consist of additions (excluding business combinations) to property, plant and equipment, construction in progress, investment properties, land use rights and intangible assets (excluding video and music content, game licences and other content).  "
tencent,company_capex,2020-10-01,2020-12-31,3M,9659000000,CNY,"9,659",RMB millions,Capital expenditures,SRC-TENC-083,https://www.hkexnews.hk/listedco/listconews/sehk/2022/0323/2022032300430.pdf,9a82efad92dea6b78c325201858d07146d9ebaa2bc9b1843a5d2d56497046df3,2022-03-23,"Other Financial Information, row 'Capital expenditures'","Capital expenditures (d)               11,661           7,061        9,659         33,392         33,960",column 3 of 5,A,VERIFIED,"definition note: (d)     Capital expenditures consist of additions (excluding business combinations) to property, plant and equipment, construction in progress, investment properties, land use rights and intangible assets (excluding video and music content, game licences and other content).  "
tencent,company_capex,2021-01-01,2021-12-31,12M,33392000000,CNY,"33,392",RMB millions,Capital expenditures,SRC-TENC-083,https://www.hkexnews.hk/listedco/listconews/sehk/2022/0323/2022032300430.pdf,9a82efad92dea6b78c325201858d07146d9ebaa2bc9b1843a5d2d56497046df3,2022-03-23,"Other Financial Information, row 'Capital expenditures'","Capital expenditures (d)               11,661           7,061        9,659         33,392         33,960",column 4 of 5,A,VERIFIED,"definition note: (d)     Capital expenditures consist of additions (excluding business combinations) to property, plant and equipment, construction in progress, investment properties, land use rights and intangible assets (excluding video and music content, game licences and other content).  "
tencent,company_capex,2020-01-01,2020-12-31,12M,33960000000,CNY,"33,960",RMB millions,Capital expenditures,SRC-TENC-083,https://www.hkexnews.hk/listedco/listconews/sehk/2022/0323/2022032300430.pdf,9a82efad92dea6b78c325201858d07146d9ebaa2bc9b1843a5d2d56497046df3,2022-03-23,"Other Financial Information, row 'Capital expenditures'","Capital expenditures (d)               11,661           7,061        9,659         33,392         33,960",column 5 of 5,A,VERIFIED,"definition note: (d)     Capital expenditures consist of additions (excluding business combinations) to property, plant and equipment, construction in progress, investment properties, land use rights and intangible assets (excluding video and music content, game licences and other content).  "
tencent,company_capex,2021-10-01,2021-12-31,3M,11661000000,CNY,"11,661",RMB millions,Capital expenditures,SRC-TENC-084,https://www.hkexnews.hk/listedco/listconews/sehk/2022/0407/2022040701694.pdf,6c9172a17b378c5127a344d6955864c6fd6ff0de67eb5bf77acce0abb98fa142,2022-04-07,"Other Financial Information, row 'Capital expenditures'","Capital expenditures (d)                                    11,661                7,061              9,659               33,392           33,960",column 1 of 5,A,VERIFIED,"definition note: (d)      Capital expenditures consist of additions (excluding business combinations) to property, plant and equipment, construction in progress, investment properties, land use rights and intangible assets (excluding video and music content, game licences and other content).  "
tencent,company_capex,2021-07-01,2021-09-30,3M,7061000000,CNY,"7,061",RMB millions,Capital expenditures,SRC-TENC-084,https://www.hkexnews.hk/listedco/listconews/sehk/2022/0407/2022040701694.pdf,6c9172a17b378c5127a344d6955864c6fd6ff0de67eb5bf77acce0abb98fa142,2022-04-07,"Other Financial Information, row 'Capital expenditures'","Capital expenditures (d)                                    11,661                7,061              9,659               33,392           33,960",column 2 of 5,A,VERIFIED,"definition note: (d)      Capital expenditures consist of additions (excluding business combinations) to property, plant and equipment, construction in progress, investment properties, land use rights and intangible assets (excluding video and music content, game licences and other content).  "
tencent,company_capex,2020-10-01,2020-12-31,3M,9659000000,CNY,"9,659",RMB millions,Capital expenditures,SRC-TENC-084,https://www.hkexnews.hk/listedco/listconews/sehk/2022/0407/2022040701694.pdf,6c9172a17b378c5127a344d6955864c6fd6ff0de67eb5bf77acce0abb98fa142,2022-04-07,"Other Financial Information, row 'Capital expenditures'","Capital expenditures (d)                                    11,661                7,061              9,659               33,392           33,960",column 3 of 5,A,VERIFIED,"definition note: (d)      Capital expenditures consist of additions (excluding business combinations) to property, plant and equipment, construction in progress, investment properties, land use rights and intangible assets (excluding video and music content, game licences and other content).  "
tencent,company_capex,2021-01-01,2021-12-31,12M,33392000000,CNY,"33,392",RMB millions,Capital expenditures,SRC-TENC-084,https://www.hkexnews.hk/listedco/listconews/sehk/2022/0407/2022040701694.pdf,6c9172a17b378c5127a344d6955864c6fd6ff0de67eb5bf77acce0abb98fa142,2022-04-07,"Other Financial Information, row 'Capital expenditures'","Capital expenditures (d)                                    11,661                7,061              9,659               33,392           33,960",column 4 of 5,A,VERIFIED,"definition note: (d)      Capital expenditures consist of additions (excluding business combinations) to property, plant and equipment, construction in progress, investment properties, land use rights and intangible assets (excluding video and music content, game licences and other content).  "
tencent,company_capex,2020-01-01,2020-12-31,12M,33960000000,CNY,"33,960",RMB millions,Capital expenditures,SRC-TENC-084,https://www.hkexnews.hk/listedco/listconews/sehk/2022/0407/2022040701694.pdf,6c9172a17b378c5127a344d6955864c6fd6ff0de67eb5bf77acce0abb98fa142,2022-04-07,"Other Financial Information, row 'Capital expenditures'","Capital expenditures (d)                                    11,661                7,061              9,659               33,392           33,960",column 5 of 5,A,VERIFIED,"definition note: (d)      Capital expenditures consist of additions (excluding business combinations) to property, plant and equipment, construction in progress, investment properties, land use rights and intangible assets (excluding video and music content, game licences and other content).  "
tencent,company_capex,2022-01-01,2022-03-31,3M,6971000000,CNY,"6,971",RMB millions,Capital expenditures,SRC-TENC-085,https://www.hkexnews.hk/listedco/listconews/sehk/2022/0518/2022051800271.pdf,faaeecacf0aeb9db8af18b6c7a169fb8cdfbff71bb2ec63fc8307af5403c4020,2022-05-18,"Other Financial Information, row 'Capital expenditures'","Capital expenditures (d)                                        6,971              11,661                7,734",column 1 of 3,A,VERIFIED,"definition note: (d)     Capital expenditures consist of additions (excluding business combinations) to property, plant and equipment, construction in progress, investment properties, land use rights and intangible assets (excluding video and music content, game licences and other content).  "
tencent,company_capex,2021-10-01,2021-12-31,3M,11661000000,CNY,"11,661",RMB millions,Capital expenditures,SRC-TENC-085,https://www.hkexnews.hk/listedco/listconews/sehk/2022/0518/2022051800271.pdf,faaeecacf0aeb9db8af18b6c7a169fb8cdfbff71bb2ec63fc8307af5403c4020,2022-05-18,"Other Financial Information, row 'Capital expenditures'","Capital expenditures (d)                                        6,971              11,661                7,734",column 2 of 3,A,VERIFIED,"definition note: (d)     Capital expenditures consist of additions (excluding business combinations) to property, plant and equipment, construction in progress, investment properties, land use rights and intangible assets (excluding video and music content, game licences and other content).  "
tencent,company_capex,2021-01-01,2021-03-31,3M,7734000000,CNY,"7,734",RMB millions,Capital expenditures,SRC-TENC-085,https://www.hkexnews.hk/listedco/listconews/sehk/2022/0518/2022051800271.pdf,faaeecacf0aeb9db8af18b6c7a169fb8cdfbff71bb2ec63fc8307af5403c4020,2022-05-18,"Other Financial Information, row 'Capital expenditures'","Capital expenditures (d)                                        6,971              11,661                7,734",column 3 of 3,A,VERIFIED,"definition note: (d)     Capital expenditures consist of additions (excluding business combinations) to property, plant and equipment, construction in progress, investment properties, land use rights and intangible assets (excluding video and music content, game licences and other content).  "
tencent,company_capex,2022-04-01,2022-06-30,3M,3015000000,CNY,"3,015",RMB millions,Capital expenditures,SRC-TENC-086,https://www.hkexnews.hk/listedco/listconews/sehk/2022/0817/2022081700319.pdf,85bdcca38c86d012ecf441693e82e86a34a874e7387029fb32c57790e6c7f6b8,2022-08-17,"Other Financial Information, row 'Capital expenditures'","Capital expenditures (d)                     3,015            6,971         6,936          9,986         14,670",column 1 of 5,A,VERIFIED,"definition note: (d)     Capital expenditures consist of additions (excluding business combinations) to property, plant and equipment, construction in progress, investment properties, land use rights and intangible assets (excluding video and music content, game licences and other content).  "
tencent,company_capex,2022-01-01,2022-03-31,3M,6971000000,CNY,"6,971",RMB millions,Capital expenditures,SRC-TENC-086,https://www.hkexnews.hk/listedco/listconews/sehk/2022/0817/2022081700319.pdf,85bdcca38c86d012ecf441693e82e86a34a874e7387029fb32c57790e6c7f6b8,2022-08-17,"Other Financial Information, row 'Capital expenditures'","Capital expenditures (d)                     3,015            6,971         6,936          9,986         14,670",column 2 of 5,A,VERIFIED,"definition note: (d)     Capital expenditures consist of additions (excluding business combinations) to property, plant and equipment, construction in progress, investment properties, land use rights and intangible assets (excluding video and music content, game licences and other content).  "
tencent,company_capex,2021-04-01,2021-06-30,3M,6936000000,CNY,"6,936",RMB millions,Capital expenditures,SRC-TENC-086,https://www.hkexnews.hk/listedco/listconews/sehk/2022/0817/2022081700319.pdf,85bdcca38c86d012ecf441693e82e86a34a874e7387029fb32c57790e6c7f6b8,2022-08-17,"Other Financial Information, row 'Capital expenditures'","Capital expenditures (d)                     3,015            6,971         6,936          9,986         14,670",column 3 of 5,A,VERIFIED,"definition note: (d)     Capital expenditures consist of additions (excluding business combinations) to property, plant and equipment, construction in progress, investment properties, land use rights and intangible assets (excluding video and music content, game licences and other content).  "
tencent,company_capex,2022-01-01,2022-06-30,6M,9986000000,CNY,"9,986",RMB millions,Capital expenditures,SRC-TENC-086,https://www.hkexnews.hk/listedco/listconews/sehk/2022/0817/2022081700319.pdf,85bdcca38c86d012ecf441693e82e86a34a874e7387029fb32c57790e6c7f6b8,2022-08-17,"Other Financial Information, row 'Capital expenditures'","Capital expenditures (d)                     3,015            6,971         6,936          9,986         14,670",column 4 of 5,A,VERIFIED,"definition note: (d)     Capital expenditures consist of additions (excluding business combinations) to property, plant and equipment, construction in progress, investment properties, land use rights and intangible assets (excluding video and music content, game licences and other content).  "
tencent,company_capex,2021-01-01,2021-06-30,6M,14670000000,CNY,"14,670",RMB millions,Capital expenditures,SRC-TENC-086,https://www.hkexnews.hk/listedco/listconews/sehk/2022/0817/2022081700319.pdf,85bdcca38c86d012ecf441693e82e86a34a874e7387029fb32c57790e6c7f6b8,2022-08-17,"Other Financial Information, row 'Capital expenditures'","Capital expenditures (d)                     3,015            6,971         6,936          9,986         14,670",column 5 of 5,A,VERIFIED,"definition note: (d)     Capital expenditures consist of additions (excluding business combinations) to property, plant and equipment, construction in progress, investment properties, land use rights and intangible assets (excluding video and music content, game licences and other content).  "
tencent,company_capex,2022-04-01,2022-06-30,3M,3015000000,CNY,"3,015",RMB millions,Capital expenditures,SRC-TENC-087,https://www.hkexnews.hk/listedco/listconews/sehk/2022/0901/2022090102816.pdf,8d7f4e48257b7f0e7a235d27de6df9d2fff70e6a05081456844d077d9763e6d7,2022-09-01,"Other Financial Information, row 'Capital expenditures'","Capital expenditures (d)                                  3,015            6,971            6,936           9,986              14,670",column 1 of 5,A,VERIFIED,"definition note: (d)     Capital expenditures consist of additions (excluding business combinations) to property, plant and equipment, construction in progress, investment properties, land use rights and intangible assets (excluding video and music content, game licences and other content).  "
tencent,company_capex,2022-01-01,2022-03-31,3M,6971000000,CNY,"6,971",RMB millions,Capital expenditures,SRC-TENC-087,https://www.hkexnews.hk/listedco/listconews/sehk/2022/0901/2022090102816.pdf,8d7f4e48257b7f0e7a235d27de6df9d2fff70e6a05081456844d077d9763e6d7,2022-09-01,"Other Financial Information, row 'Capital expenditures'","Capital expenditures (d)                                  3,015            6,971            6,936           9,986              14,670",column 2 of 5,A,VERIFIED,"definition note: (d)     Capital expenditures consist of additions (excluding business combinations) to property, plant and equipment, construction in progress, investment properties, land use rights and intangible assets (excluding video and music content, game licences and other content).  "
tencent,company_capex,2021-04-01,2021-06-30,3M,6936000000,CNY,"6,936",RMB millions,Capital expenditures,SRC-TENC-087,https://www.hkexnews.hk/listedco/listconews/sehk/2022/0901/2022090102816.pdf,8d7f4e48257b7f0e7a235d27de6df9d2fff70e6a05081456844d077d9763e6d7,2022-09-01,"Other Financial Information, row 'Capital expenditures'","Capital expenditures (d)                                  3,015            6,971            6,936           9,986              14,670",column 3 of 5,A,VERIFIED,"definition note: (d)     Capital expenditures consist of additions (excluding business combinations) to property, plant and equipment, construction in progress, investment properties, land use rights and intangible assets (excluding video and music content, game licences and other content).  "
tencent,company_capex,2022-01-01,2022-06-30,6M,9986000000,CNY,"9,986",RMB millions,Capital expenditures,SRC-TENC-087,https://www.hkexnews.hk/listedco/listconews/sehk/2022/0901/2022090102816.pdf,8d7f4e48257b7f0e7a235d27de6df9d2fff70e6a05081456844d077d9763e6d7,2022-09-01,"Other Financial Information, row 'Capital expenditures'","Capital expenditures (d)                                  3,015            6,971            6,936           9,986              14,670",column 4 of 5,A,VERIFIED,"definition note: (d)     Capital expenditures consist of additions (excluding business combinations) to property, plant and equipment, construction in progress, investment properties, land use rights and intangible assets (excluding video and music content, game licences and other content).  "
tencent,company_capex,2021-01-01,2021-06-30,6M,14670000000,CNY,"14,670",RMB millions,Capital expenditures,SRC-TENC-087,https://www.hkexnews.hk/listedco/listconews/sehk/2022/0901/2022090102816.pdf,8d7f4e48257b7f0e7a235d27de6df9d2fff70e6a05081456844d077d9763e6d7,2022-09-01,"Other Financial Information, row 'Capital expenditures'","Capital expenditures (d)                                  3,015            6,971            6,936           9,986              14,670",column 5 of 5,A,VERIFIED,"definition note: (d)     Capital expenditures consist of additions (excluding business combinations) to property, plant and equipment, construction in progress, investment properties, land use rights and intangible assets (excluding video and music content, game licences and other content).  "
tencent,company_capex,2022-07-01,2022-09-30,3M,2377000000,CNY,"2,377",RMB millions,Capital expenditures,SRC-TENC-088,https://www.hkexnews.hk/listedco/listconews/sehk/2022/1116/2022111600375.pdf,714a71e721b44e2103e0f9bae410f7f8a25340e717ec904f5716800776db2c19,2022-11-16,"Other Financial Information, row 'Capital expenditures'","Capital expenditures (d)                      2,377           3,015          7,061         12,363         21,731",column 1 of 5,A,VERIFIED,"definition note: (d)     Capital expenditures consist of additions (excluding business combinations) to property, plant and equipment, construction in progress, investment properties, land use rights and intangible assets (excluding video and music content, game licences and other content).  "
tencent,company_capex,2022-04-01,2022-06-30,3M,3015000000,CNY,"3,015",RMB millions,Capital expenditures,SRC-TENC-088,https://www.hkexnews.hk/listedco/listconews/sehk/2022/1116/2022111600375.pdf,714a71e721b44e2103e0f9bae410f7f8a25340e717ec904f5716800776db2c19,2022-11-16,"Other Financial Information, row 'Capital expenditures'","Capital expenditures (d)                      2,377           3,015          7,061         12,363         21,731",column 2 of 5,A,VERIFIED,"definition note: (d)     Capital expenditures consist of additions (excluding business combinations) to property, plant and equipment, construction in progress, investment properties, land use rights and intangible assets (excluding video and music content, game licences and other content).  "
tencent,company_capex,2021-07-01,2021-09-30,3M,7061000000,CNY,"7,061",RMB millions,Capital expenditures,SRC-TENC-088,https://www.hkexnews.hk/listedco/listconews/sehk/2022/1116/2022111600375.pdf,714a71e721b44e2103e0f9bae410f7f8a25340e717ec904f5716800776db2c19,2022-11-16,"Other Financial Information, row 'Capital expenditures'","Capital expenditures (d)                      2,377           3,015          7,061         12,363         21,731",column 3 of 5,A,VERIFIED,"definition note: (d)     Capital expenditures consist of additions (excluding business combinations) to property, plant and equipment, construction in progress, investment properties, land use rights and intangible assets (excluding video and music content, game licences and other content).  "
tencent,company_capex,2022-01-01,2022-09-30,9M,12363000000,CNY,"12,363",RMB millions,Capital expenditures,SRC-TENC-088,https://www.hkexnews.hk/listedco/listconews/sehk/2022/1116/2022111600375.pdf,714a71e721b44e2103e0f9bae410f7f8a25340e717ec904f5716800776db2c19,2022-11-16,"Other Financial Information, row 'Capital expenditures'","Capital expenditures (d)                      2,377           3,015          7,061         12,363         21,731",column 4 of 5,A,VERIFIED,"definition note: (d)     Capital expenditures consist of additions (excluding business combinations) to property, plant and equipment, construction in progress, investment properties, land use rights and intangible assets (excluding video and music content, game licences and other content).  "
tencent,company_capex,2021-01-01,2021-09-30,9M,21731000000,CNY,"21,731",RMB millions,Capital expenditures,SRC-TENC-088,https://www.hkexnews.hk/listedco/listconews/sehk/2022/1116/2022111600375.pdf,714a71e721b44e2103e0f9bae410f7f8a25340e717ec904f5716800776db2c19,2022-11-16,"Other Financial Information, row 'Capital expenditures'","Capital expenditures (d)                      2,377           3,015          7,061         12,363         21,731",column 5 of 5,A,VERIFIED,"definition note: (d)     Capital expenditures consist of additions (excluding business combinations) to property, plant and equipment, construction in progress, investment properties, land use rights and intangible assets (excluding video and music content, game licences and other content).  "
tencent,company_capex,2022-10-01,2022-12-31,3M,5651000000,CNY,"5,651",RMB millions,Capital expenditures,SRC-TENC-089,https://www.hkexnews.hk/listedco/listconews/sehk/2023/0322/2023032200281.pdf,63a8000fc7006dc1e99332c523eb005d29eab53bf4b12ced7d65b4e91674d16f,2023-03-22,"Other Financial Information, row 'Capital expenditures'","Capital expenditures (d)                        5,651           2,377         11,661         18,014          33,392",column 1 of 5,A,VERIFIED,"definition note: (d)     Capital expenditures consist of additions (excluding business combinations) to property, plant and equipment, construction in progress, investment properties, land use rights and intangible assets (excluding video and music content, game licences and other content).  "
tencent,company_capex,2022-07-01,2022-09-30,3M,2377000000,CNY,"2,377",RMB millions,Capital expenditures,SRC-TENC-089,https://www.hkexnews.hk/listedco/listconews/sehk/2023/0322/2023032200281.pdf,63a8000fc7006dc1e99332c523eb005d29eab53bf4b12ced7d65b4e91674d16f,2023-03-22,"Other Financial Information, row 'Capital expenditures'","Capital expenditures (d)                        5,651           2,377         11,661         18,014          33,392",column 2 of 5,A,VERIFIED,"definition note: (d)     Capital expenditures consist of additions (excluding business combinations) to property, plant and equipment, construction in progress, investment properties, land use rights and intangible assets (excluding video and music content, game licences and other content).  "
tencent,company_capex,2021-10-01,2021-12-31,3M,11661000000,CNY,"11,661",RMB millions,Capital expenditures,SRC-TENC-089,https://www.hkexnews.hk/listedco/listconews/sehk/2023/0322/2023032200281.pdf,63a8000fc7006dc1e99332c523eb005d29eab53bf4b12ced7d65b4e91674d16f,2023-03-22,"Other Financial Information, row 'Capital expenditures'","Capital expenditures (d)                        5,651           2,377         11,661         18,014          33,392",column 3 of 5,A,VERIFIED,"definition note: (d)     Capital expenditures consist of additions (excluding business combinations) to property, plant and equipment, construction in progress, investment properties, land use rights and intangible assets (excluding video and music content, game licences and other content).  "
tencent,company_capex,2022-01-01,2022-12-31,12M,18014000000,CNY,"18,014",RMB millions,Capital expenditures,SRC-TENC-089,https://www.hkexnews.hk/listedco/listconews/sehk/2023/0322/2023032200281.pdf,63a8000fc7006dc1e99332c523eb005d29eab53bf4b12ced7d65b4e91674d16f,2023-03-22,"Other Financial Information, row 'Capital expenditures'","Capital expenditures (d)                        5,651           2,377         11,661         18,014          33,392",column 4 of 5,A,VERIFIED,"definition note: (d)     Capital expenditures consist of additions (excluding business combinations) to property, plant and equipment, construction in progress, investment properties, land use rights and intangible assets (excluding video and music content, game licences and other content).  "
tencent,company_capex,2021-01-01,2021-12-31,12M,33392000000,CNY,"33,392",RMB millions,Capital expenditures,SRC-TENC-089,https://www.hkexnews.hk/listedco/listconews/sehk/2023/0322/2023032200281.pdf,63a8000fc7006dc1e99332c523eb005d29eab53bf4b12ced7d65b4e91674d16f,2023-03-22,"Other Financial Information, row 'Capital expenditures'","Capital expenditures (d)                        5,651           2,377         11,661         18,014          33,392",column 5 of 5,A,VERIFIED,"definition note: (d)     Capital expenditures consist of additions (excluding business combinations) to property, plant and equipment, construction in progress, investment properties, land use rights and intangible assets (excluding video and music content, game licences and other content).  "
tencent,company_capex,2022-10-01,2022-12-31,3M,5651000000,CNY,"5,651",RMB millions,Capital expenditures,SRC-TENC-090,https://www.hkexnews.hk/listedco/listconews/sehk/2023/0406/2023040601848.pdf,ea8beff1ed60f54eb4cd9981e37ed299ef9aeac1a0b4c476d736a15a02d3932b,2023-04-06,"Other Financial Information, row 'Capital expenditures'","Capital expenditures (d)                                      5,651               2,377             11,661               18,014           33,392",column 1 of 5,A,VERIFIED,"definition note: (d)      Capital expenditures consist of additions (excluding business combinations) to property, plant and equipment, construction in progress, investment properties, land use rights and intangible assets (excluding video and music content, game licences and other content).  "
tencent,company_capex,2022-07-01,2022-09-30,3M,2377000000,CNY,"2,377",RMB millions,Capital expenditures,SRC-TENC-090,https://www.hkexnews.hk/listedco/listconews/sehk/2023/0406/2023040601848.pdf,ea8beff1ed60f54eb4cd9981e37ed299ef9aeac1a0b4c476d736a15a02d3932b,2023-04-06,"Other Financial Information, row 'Capital expenditures'","Capital expenditures (d)                                      5,651               2,377             11,661               18,014           33,392",column 2 of 5,A,VERIFIED,"definition note: (d)      Capital expenditures consist of additions (excluding business combinations) to property, plant and equipment, construction in progress, investment properties, land use rights and intangible assets (excluding video and music content, game licences and other content).  "
tencent,company_capex,2021-10-01,2021-12-31,3M,11661000000,CNY,"11,661",RMB millions,Capital expenditures,SRC-TENC-090,https://www.hkexnews.hk/listedco/listconews/sehk/2023/0406/2023040601848.pdf,ea8beff1ed60f54eb4cd9981e37ed299ef9aeac1a0b4c476d736a15a02d3932b,2023-04-06,"Other Financial Information, row 'Capital expenditures'","Capital expenditures (d)                                      5,651               2,377             11,661               18,014           33,392",column 3 of 5,A,VERIFIED,"definition note: (d)      Capital expenditures consist of additions (excluding business combinations) to property, plant and equipment, construction in progress, investment properties, land use rights and intangible assets (excluding video and music content, game licences and other content).  "
tencent,company_capex,2022-01-01,2022-12-31,12M,18014000000,CNY,"18,014",RMB millions,Capital expenditures,SRC-TENC-090,https://www.hkexnews.hk/listedco/listconews/sehk/2023/0406/2023040601848.pdf,ea8beff1ed60f54eb4cd9981e37ed299ef9aeac1a0b4c476d736a15a02d3932b,2023-04-06,"Other Financial Information, row 'Capital expenditures'","Capital expenditures (d)                                      5,651               2,377             11,661               18,014           33,392",column 4 of 5,A,VERIFIED,"definition note: (d)      Capital expenditures consist of additions (excluding business combinations) to property, plant and equipment, construction in progress, investment properties, land use rights and intangible assets (excluding video and music content, game licences and other content).  "
tencent,company_capex,2021-01-01,2021-12-31,12M,33392000000,CNY,"33,392",RMB millions,Capital expenditures,SRC-TENC-090,https://www.hkexnews.hk/listedco/listconews/sehk/2023/0406/2023040601848.pdf,ea8beff1ed60f54eb4cd9981e37ed299ef9aeac1a0b4c476d736a15a02d3932b,2023-04-06,"Other Financial Information, row 'Capital expenditures'","Capital expenditures (d)                                      5,651               2,377             11,661               18,014           33,392",column 5 of 5,A,VERIFIED,"definition note: (d)      Capital expenditures consist of additions (excluding business combinations) to property, plant and equipment, construction in progress, investment properties, land use rights and intangible assets (excluding video and music content, game licences and other content).  "
tencent,company_capex,2023-01-01,2023-03-31,3M,4411000000,CNY,"4,411",RMB millions,Capital expenditures,SRC-TENC-091,https://www.hkexnews.hk/listedco/listconews/sehk/2023/0517/2023051700239.pdf,58dc377a97eaafdf77b96768d7a8a6c002e0a611500aa4d78075e28e30437b94,2023-05-17,"Other Financial Information, row 'Capital expenditures'","Capital expenditures (d)                                              4,411             5,651            6,971",column 1 of 3,A,VERIFIED,"definition note: (d)     Capital expenditures consist of additions (excluding business combinations) to property, plant and equipment, construction in progress, investment properties, land use rights and intangible assets (excluding video and music content, game licences and other content).  "
tencent,company_capex,2022-10-01,2022-12-31,3M,5651000000,CNY,"5,651",RMB millions,Capital expenditures,SRC-TENC-091,https://www.hkexnews.hk/listedco/listconews/sehk/2023/0517/2023051700239.pdf,58dc377a97eaafdf77b96768d7a8a6c002e0a611500aa4d78075e28e30437b94,2023-05-17,"Other Financial Information, row 'Capital expenditures'","Capital expenditures (d)                                              4,411             5,651            6,971",column 2 of 3,A,VERIFIED,"definition note: (d)     Capital expenditures consist of additions (excluding business combinations) to property, plant and equipment, construction in progress, investment properties, land use rights and intangible assets (excluding video and music content, game licences and other content).  "
tencent,company_capex,2022-01-01,2022-03-31,3M,6971000000,CNY,"6,971",RMB millions,Capital expenditures,SRC-TENC-091,https://www.hkexnews.hk/listedco/listconews/sehk/2023/0517/2023051700239.pdf,58dc377a97eaafdf77b96768d7a8a6c002e0a611500aa4d78075e28e30437b94,2023-05-17,"Other Financial Information, row 'Capital expenditures'","Capital expenditures (d)                                              4,411             5,651            6,971",column 3 of 3,A,VERIFIED,"definition note: (d)     Capital expenditures consist of additions (excluding business combinations) to property, plant and equipment, construction in progress, investment properties, land use rights and intangible assets (excluding video and music content, game licences and other content).  "
tencent,company_capex,2023-04-01,2023-06-30,3M,3953000000,CNY,"3,953",RMB millions,Capital expenditures,SRC-TENC-092,https://www.hkexnews.hk/listedco/listconews/sehk/2023/0816/2023081600440.pdf,9c05b0819d43797dd35ce187fffc815740e50a9f9f9bedbcc708384f3f5b17ed,2023-08-16,"Other Financial Information, row 'Capital expenditures'","Capital expenditures (d)                       3,953           4,411          3,015          8,364           9,986",column 1 of 5,A,VERIFIED,"definition note: (d)     Capital expenditures consist of additions (excluding business combinations) to property, plant and equipment, construction in progress, investment properties, land use rights and intangible assets (excluding video and music content, game licences and other content).  "
tencent,company_capex,2023-01-01,2023-03-31,3M,4411000000,CNY,"4,411",RMB millions,Capital expenditures,SRC-TENC-092,https://www.hkexnews.hk/listedco/listconews/sehk/2023/0816/2023081600440.pdf,9c05b0819d43797dd35ce187fffc815740e50a9f9f9bedbcc708384f3f5b17ed,2023-08-16,"Other Financial Information, row 'Capital expenditures'","Capital expenditures (d)                       3,953           4,411          3,015          8,364           9,986",column 2 of 5,A,VERIFIED,"definition note: (d)     Capital expenditures consist of additions (excluding business combinations) to property, plant and equipment, construction in progress, investment properties, land use rights and intangible assets (excluding video and music content, game licences and other content).  "
tencent,company_capex,2022-04-01,2022-06-30,3M,3015000000,CNY,"3,015",RMB millions,Capital expenditures,SRC-TENC-092,https://www.hkexnews.hk/listedco/listconews/sehk/2023/0816/2023081600440.pdf,9c05b0819d43797dd35ce187fffc815740e50a9f9f9bedbcc708384f3f5b17ed,2023-08-16,"Other Financial Information, row 'Capital expenditures'","Capital expenditures (d)                       3,953           4,411          3,015          8,364           9,986",column 3 of 5,A,VERIFIED,"definition note: (d)     Capital expenditures consist of additions (excluding business combinations) to property, plant and equipment, construction in progress, investment properties, land use rights and intangible assets (excluding video and music content, game licences and other content).  "
tencent,company_capex,2023-01-01,2023-06-30,6M,8364000000,CNY,"8,364",RMB millions,Capital expenditures,SRC-TENC-092,https://www.hkexnews.hk/listedco/listconews/sehk/2023/0816/2023081600440.pdf,9c05b0819d43797dd35ce187fffc815740e50a9f9f9bedbcc708384f3f5b17ed,2023-08-16,"Other Financial Information, row 'Capital expenditures'","Capital expenditures (d)                       3,953           4,411          3,015          8,364           9,986",column 4 of 5,A,VERIFIED,"definition note: (d)     Capital expenditures consist of additions (excluding business combinations) to property, plant and equipment, construction in progress, investment properties, land use rights and intangible assets (excluding video and music content, game licences and other content).  "
tencent,company_capex,2022-01-01,2022-06-30,6M,9986000000,CNY,"9,986",RMB millions,Capital expenditures,SRC-TENC-092,https://www.hkexnews.hk/listedco/listconews/sehk/2023/0816/2023081600440.pdf,9c05b0819d43797dd35ce187fffc815740e50a9f9f9bedbcc708384f3f5b17ed,2023-08-16,"Other Financial Information, row 'Capital expenditures'","Capital expenditures (d)                       3,953           4,411          3,015          8,364           9,986",column 5 of 5,A,VERIFIED,"definition note: (d)     Capital expenditures consist of additions (excluding business combinations) to property, plant and equipment, construction in progress, investment properties, land use rights and intangible assets (excluding video and music content, game licences and other content).  "
tencent,company_capex,2023-04-01,2023-06-30,3M,3953000000,CNY,"3,953",RMB millions,Capital expenditures,SRC-TENC-093,https://www.hkexnews.hk/listedco/listconews/sehk/2023/0829/2023082900464.pdf,9df3ea3e63a031cafc6d7839bbe4b0a07c51e6d212f464df6eb41587e8afc09d,2023-08-29,"Other Financial Information, row 'Capital expenditures'","Capital expenditures (d)                                3,953          4,411            3,015            8,364             9,986",column 1 of 5,A,VERIFIED,"definition note: (d)     Capital expenditures consist of additions (excluding business combinations) to property, plant and equipment, construction in progress, investment properties, land use rights and intangible assets (excluding video and music content, game licences and other content).  "
tencent,company_capex,2023-01-01,2023-03-31,3M,4411000000,CNY,"4,411",RMB millions,Capital expenditures,SRC-TENC-093,https://www.hkexnews.hk/listedco/listconews/sehk/2023/0829/2023082900464.pdf,9df3ea3e63a031cafc6d7839bbe4b0a07c51e6d212f464df6eb41587e8afc09d,2023-08-29,"Other Financial Information, row 'Capital expenditures'","Capital expenditures (d)                                3,953          4,411            3,015            8,364             9,986",column 2 of 5,A,VERIFIED,"definition note: (d)     Capital expenditures consist of additions (excluding business combinations) to property, plant and equipment, construction in progress, investment properties, land use rights and intangible assets (excluding video and music content, game licences and other content).  "
tencent,company_capex,2022-04-01,2022-06-30,3M,3015000000,CNY,"3,015",RMB millions,Capital expenditures,SRC-TENC-093,https://www.hkexnews.hk/listedco/listconews/sehk/2023/0829/2023082900464.pdf,9df3ea3e63a031cafc6d7839bbe4b0a07c51e6d212f464df6eb41587e8afc09d,2023-08-29,"Other Financial Information, row 'Capital expenditures'","Capital expenditures (d)                                3,953          4,411            3,015            8,364             9,986",column 3 of 5,A,VERIFIED,"definition note: (d)     Capital expenditures consist of additions (excluding business combinations) to property, plant and equipment, construction in progress, investment properties, land use rights and intangible assets (excluding video and music content, game licences and other content).  "
tencent,company_capex,2023-01-01,2023-06-30,6M,8364000000,CNY,"8,364",RMB millions,Capital expenditures,SRC-TENC-093,https://www.hkexnews.hk/listedco/listconews/sehk/2023/0829/2023082900464.pdf,9df3ea3e63a031cafc6d7839bbe4b0a07c51e6d212f464df6eb41587e8afc09d,2023-08-29,"Other Financial Information, row 'Capital expenditures'","Capital expenditures (d)                                3,953          4,411            3,015            8,364             9,986",column 4 of 5,A,VERIFIED,"definition note: (d)     Capital expenditures consist of additions (excluding business combinations) to property, plant and equipment, construction in progress, investment properties, land use rights and intangible assets (excluding video and music content, game licences and other content).  "
tencent,company_capex,2022-01-01,2022-06-30,6M,9986000000,CNY,"9,986",RMB millions,Capital expenditures,SRC-TENC-093,https://www.hkexnews.hk/listedco/listconews/sehk/2023/0829/2023082900464.pdf,9df3ea3e63a031cafc6d7839bbe4b0a07c51e6d212f464df6eb41587e8afc09d,2023-08-29,"Other Financial Information, row 'Capital expenditures'","Capital expenditures (d)                                3,953          4,411            3,015            8,364             9,986",column 5 of 5,A,VERIFIED,"definition note: (d)     Capital expenditures consist of additions (excluding business combinations) to property, plant and equipment, construction in progress, investment properties, land use rights and intangible assets (excluding video and music content, game licences and other content).  "
tencent,company_capex,2023-07-01,2023-09-30,3M,8005000000,CNY,"8,005",RMB millions,Capital expenditures,SRC-TENC-094,https://www.hkexnews.hk/listedco/listconews/sehk/2023/1115/2023111500283.pdf,3a36bd73aebbd04742362b4a272f3cb650e3b8b9800e78848c26fc5a1eb471cf,2023-11-15,"Other Financial Information, row 'Capital expenditures'","Capital expenditures (d)                        8,005          3,953           2,377         16,369          12,363",column 1 of 5,A,VERIFIED,"definition note: (d)     Capital expenditures consist of additions (excluding business combinations) to property, plant and equipment, construction in progress, investment properties, land use rights and intangible assets (excluding long-form video and music content, game licences and other content).  "
tencent,company_capex,2023-04-01,2023-06-30,3M,3953000000,CNY,"3,953",RMB millions,Capital expenditures,SRC-TENC-094,https://www.hkexnews.hk/listedco/listconews/sehk/2023/1115/2023111500283.pdf,3a36bd73aebbd04742362b4a272f3cb650e3b8b9800e78848c26fc5a1eb471cf,2023-11-15,"Other Financial Information, row 'Capital expenditures'","Capital expenditures (d)                        8,005          3,953           2,377         16,369          12,363",column 2 of 5,A,VERIFIED,"definition note: (d)     Capital expenditures consist of additions (excluding business combinations) to property, plant and equipment, construction in progress, investment properties, land use rights and intangible assets (excluding long-form video and music content, game licences and other content).  "
tencent,company_capex,2022-07-01,2022-09-30,3M,2377000000,CNY,"2,377",RMB millions,Capital expenditures,SRC-TENC-094,https://www.hkexnews.hk/listedco/listconews/sehk/2023/1115/2023111500283.pdf,3a36bd73aebbd04742362b4a272f3cb650e3b8b9800e78848c26fc5a1eb471cf,2023-11-15,"Other Financial Information, row 'Capital expenditures'","Capital expenditures (d)                        8,005          3,953           2,377         16,369          12,363",column 3 of 5,A,VERIFIED,"definition note: (d)     Capital expenditures consist of additions (excluding business combinations) to property, plant and equipment, construction in progress, investment properties, land use rights and intangible assets (excluding long-form video and music content, game licences and other content).  "
tencent,company_capex,2023-01-01,2023-09-30,9M,16369000000,CNY,"16,369",RMB millions,Capital expenditures,SRC-TENC-094,https://www.hkexnews.hk/listedco/listconews/sehk/2023/1115/2023111500283.pdf,3a36bd73aebbd04742362b4a272f3cb650e3b8b9800e78848c26fc5a1eb471cf,2023-11-15,"Other Financial Information, row 'Capital expenditures'","Capital expenditures (d)                        8,005          3,953           2,377         16,369          12,363",column 4 of 5,A,VERIFIED,"definition note: (d)     Capital expenditures consist of additions (excluding business combinations) to property, plant and equipment, construction in progress, investment properties, land use rights and intangible assets (excluding long-form video and music content, game licences and other content).  "
tencent,company_capex,2022-01-01,2022-09-30,9M,12363000000,CNY,"12,363",RMB millions,Capital expenditures,SRC-TENC-094,https://www.hkexnews.hk/listedco/listconews/sehk/2023/1115/2023111500283.pdf,3a36bd73aebbd04742362b4a272f3cb650e3b8b9800e78848c26fc5a1eb471cf,2023-11-15,"Other Financial Information, row 'Capital expenditures'","Capital expenditures (d)                        8,005          3,953           2,377         16,369          12,363",column 5 of 5,A,VERIFIED,"definition note: (d)     Capital expenditures consist of additions (excluding business combinations) to property, plant and equipment, construction in progress, investment properties, land use rights and intangible assets (excluding long-form video and music content, game licences and other content).  "
tencent,company_capex,2023-10-01,2023-12-31,3M,7524000000,CNY,"7,524",RMB millions,Capital expenditures,SRC-TENC-095,https://www.hkexnews.hk/listedco/listconews/sehk/2024/0320/2024032000508.pdf,34aeefcbb09a5f939e604ce876bd42ffa0895d32f359a85ff4808da55e99e637,2024-03-20,"Other Financial Information, row 'Capital expenditures'","Capital expenditures (d)                     7,524           8,005          5,651         23,893         18,014",column 1 of 5,A,VERIFIED,"definition note: (d)     Capital expenditures consist of additions (excluding business combinations) to property, plant and equipment, construction in progress, investment properties, land use rights and intangible assets (excluding long-form video and music content, game licences and other content).  "
tencent,company_capex,2023-07-01,2023-09-30,3M,8005000000,CNY,"8,005",RMB millions,Capital expenditures,SRC-TENC-095,https://www.hkexnews.hk/listedco/listconews/sehk/2024/0320/2024032000508.pdf,34aeefcbb09a5f939e604ce876bd42ffa0895d32f359a85ff4808da55e99e637,2024-03-20,"Other Financial Information, row 'Capital expenditures'","Capital expenditures (d)                     7,524           8,005          5,651         23,893         18,014",column 2 of 5,A,VERIFIED,"definition note: (d)     Capital expenditures consist of additions (excluding business combinations) to property, plant and equipment, construction in progress, investment properties, land use rights and intangible assets (excluding long-form video and music content, game licences and other content).  "
tencent,company_capex,2022-10-01,2022-12-31,3M,5651000000,CNY,"5,651",RMB millions,Capital expenditures,SRC-TENC-095,https://www.hkexnews.hk/listedco/listconews/sehk/2024/0320/2024032000508.pdf,34aeefcbb09a5f939e604ce876bd42ffa0895d32f359a85ff4808da55e99e637,2024-03-20,"Other Financial Information, row 'Capital expenditures'","Capital expenditures (d)                     7,524           8,005          5,651         23,893         18,014",column 3 of 5,A,VERIFIED,"definition note: (d)     Capital expenditures consist of additions (excluding business combinations) to property, plant and equipment, construction in progress, investment properties, land use rights and intangible assets (excluding long-form video and music content, game licences and other content).  "
tencent,company_capex,2023-01-01,2023-12-31,12M,23893000000,CNY,"23,893",RMB millions,Capital expenditures,SRC-TENC-095,https://www.hkexnews.hk/listedco/listconews/sehk/2024/0320/2024032000508.pdf,34aeefcbb09a5f939e604ce876bd42ffa0895d32f359a85ff4808da55e99e637,2024-03-20,"Other Financial Information, row 'Capital expenditures'","Capital expenditures (d)                     7,524           8,005          5,651         23,893         18,014",column 4 of 5,A,VERIFIED,"definition note: (d)     Capital expenditures consist of additions (excluding business combinations) to property, plant and equipment, construction in progress, investment properties, land use rights and intangible assets (excluding long-form video and music content, game licences and other content).  "
tencent,company_capex,2022-01-01,2022-12-31,12M,18014000000,CNY,"18,014",RMB millions,Capital expenditures,SRC-TENC-095,https://www.hkexnews.hk/listedco/listconews/sehk/2024/0320/2024032000508.pdf,34aeefcbb09a5f939e604ce876bd42ffa0895d32f359a85ff4808da55e99e637,2024-03-20,"Other Financial Information, row 'Capital expenditures'","Capital expenditures (d)                     7,524           8,005          5,651         23,893         18,014",column 5 of 5,A,VERIFIED,"definition note: (d)     Capital expenditures consist of additions (excluding business combinations) to property, plant and equipment, construction in progress, investment properties, land use rights and intangible assets (excluding long-form video and music content, game licences and other content).  "
tencent,company_capex,2023-10-01,2023-12-31,3M,7524000000,CNY,"7,524",RMB millions,Capital expenditures,SRC-TENC-096,https://www.hkexnews.hk/listedco/listconews/sehk/2024/0408/2024040801822.pdf,d0b8d92df84a2b71ec1b9c86aaa3453775366bd791e3e52820d405f6c28d307d,2024-04-08,"Other Financial Information, row 'Capital expenditures'","Capital expenditures (d)                                     7,524              8,005              5,651               23,893           18,014",column 1 of 5,A,VERIFIED,"definition note: (d)      Capital expenditures consist of additions (excluding business combinations) to property, plant and equipment, construction in progress, investment properties, land use rights and intangible assets (excluding long-form video and music content, game licences and other content).  "
tencent,company_capex,2023-07-01,2023-09-30,3M,8005000000,CNY,"8,005",RMB millions,Capital expenditures,SRC-TENC-096,https://www.hkexnews.hk/listedco/listconews/sehk/2024/0408/2024040801822.pdf,d0b8d92df84a2b71ec1b9c86aaa3453775366bd791e3e52820d405f6c28d307d,2024-04-08,"Other Financial Information, row 'Capital expenditures'","Capital expenditures (d)                                     7,524              8,005              5,651               23,893           18,014",column 2 of 5,A,VERIFIED,"definition note: (d)      Capital expenditures consist of additions (excluding business combinations) to property, plant and equipment, construction in progress, investment properties, land use rights and intangible assets (excluding long-form video and music content, game licences and other content).  "
tencent,company_capex,2022-10-01,2022-12-31,3M,5651000000,CNY,"5,651",RMB millions,Capital expenditures,SRC-TENC-096,https://www.hkexnews.hk/listedco/listconews/sehk/2024/0408/2024040801822.pdf,d0b8d92df84a2b71ec1b9c86aaa3453775366bd791e3e52820d405f6c28d307d,2024-04-08,"Other Financial Information, row 'Capital expenditures'","Capital expenditures (d)                                     7,524              8,005              5,651               23,893           18,014",column 3 of 5,A,VERIFIED,"definition note: (d)      Capital expenditures consist of additions (excluding business combinations) to property, plant and equipment, construction in progress, investment properties, land use rights and intangible assets (excluding long-form video and music content, game licences and other content).  "
tencent,company_capex,2023-01-01,2023-12-31,12M,23893000000,CNY,"23,893",RMB millions,Capital expenditures,SRC-TENC-096,https://www.hkexnews.hk/listedco/listconews/sehk/2024/0408/2024040801822.pdf,d0b8d92df84a2b71ec1b9c86aaa3453775366bd791e3e52820d405f6c28d307d,2024-04-08,"Other Financial Information, row 'Capital expenditures'","Capital expenditures (d)                                     7,524              8,005              5,651               23,893           18,014",column 4 of 5,A,VERIFIED,"definition note: (d)      Capital expenditures consist of additions (excluding business combinations) to property, plant and equipment, construction in progress, investment properties, land use rights and intangible assets (excluding long-form video and music content, game licences and other content).  "
tencent,company_capex,2022-01-01,2022-12-31,12M,18014000000,CNY,"18,014",RMB millions,Capital expenditures,SRC-TENC-096,https://www.hkexnews.hk/listedco/listconews/sehk/2024/0408/2024040801822.pdf,d0b8d92df84a2b71ec1b9c86aaa3453775366bd791e3e52820d405f6c28d307d,2024-04-08,"Other Financial Information, row 'Capital expenditures'","Capital expenditures (d)                                     7,524              8,005              5,651               23,893           18,014",column 5 of 5,A,VERIFIED,"definition note: (d)      Capital expenditures consist of additions (excluding business combinations) to property, plant and equipment, construction in progress, investment properties, land use rights and intangible assets (excluding long-form video and music content, game licences and other content).  "
tencent,company_capex,2024-01-01,2024-03-31,3M,14359000000,CNY,"14,359",RMB millions,Capital expenditures,SRC-TENC-097,https://www.hkexnews.hk/listedco/listconews/sehk/2024/0514/2024051400293.pdf,2f9a5cb0389704914aaea4439e4cbf26ba2203cebe60a2255dc7520b88fe1431,2024-05-14,"Other Financial Information, row 'Capital expenditures'","Capital expenditures (d)                                             14,359            7,524            4,411",column 1 of 3,A,VERIFIED,"definition note: (d)     Capital expenditures consist of additions (excluding business combinations) to property, plant and equipment, construction in progress, investment properties, land use rights and intangible assets (excluding long-form video and music content, game licences and other content).  "
tencent,company_capex,2023-10-01,2023-12-31,3M,7524000000,CNY,"7,524",RMB millions,Capital expenditures,SRC-TENC-097,https://www.hkexnews.hk/listedco/listconews/sehk/2024/0514/2024051400293.pdf,2f9a5cb0389704914aaea4439e4cbf26ba2203cebe60a2255dc7520b88fe1431,2024-05-14,"Other Financial Information, row 'Capital expenditures'","Capital expenditures (d)                                             14,359            7,524            4,411",column 2 of 3,A,VERIFIED,"definition note: (d)     Capital expenditures consist of additions (excluding business combinations) to property, plant and equipment, construction in progress, investment properties, land use rights and intangible assets (excluding long-form video and music content, game licences and other content).  "
tencent,company_capex,2023-01-01,2023-03-31,3M,4411000000,CNY,"4,411",RMB millions,Capital expenditures,SRC-TENC-097,https://www.hkexnews.hk/listedco/listconews/sehk/2024/0514/2024051400293.pdf,2f9a5cb0389704914aaea4439e4cbf26ba2203cebe60a2255dc7520b88fe1431,2024-05-14,"Other Financial Information, row 'Capital expenditures'","Capital expenditures (d)                                             14,359            7,524            4,411",column 3 of 3,A,VERIFIED,"definition note: (d)     Capital expenditures consist of additions (excluding business combinations) to property, plant and equipment, construction in progress, investment properties, land use rights and intangible assets (excluding long-form video and music content, game licences and other content).  "
tencent,company_capex,2024-04-01,2024-06-30,3M,8729000000,CNY,"8,729",RMB millions,Capital expenditures,SRC-TENC-098,https://www.hkexnews.hk/listedco/listconews/sehk/2024/0814/2024081400282.pdf,eae4d435efcb2d04ef4a34201577840ca1dc9f40e5b51a08d4e197fcf09e7449,2024-08-14,"Other Financial Information, row 'Capital expenditures'","Capital expenditures (d)                       8,729          14,359          3,953         23,088           8,364",column 1 of 5,A,VERIFIED,"definition note: (d)     Capital expenditures consist of additions (excluding business combinations) to property, plant and equipment, construction in progress, investment properties, land use rights and intangible assets (excluding long-form video and music content, game licences and other content).  "
tencent,company_capex,2024-01-01,2024-03-31,3M,14359000000,CNY,"14,359",RMB millions,Capital expenditures,SRC-TENC-098,https://www.hkexnews.hk/listedco/listconews/sehk/2024/0814/2024081400282.pdf,eae4d435efcb2d04ef4a34201577840ca1dc9f40e5b51a08d4e197fcf09e7449,2024-08-14,"Other Financial Information, row 'Capital expenditures'","Capital expenditures (d)                       8,729          14,359          3,953         23,088           8,364",column 2 of 5,A,VERIFIED,"definition note: (d)     Capital expenditures consist of additions (excluding business combinations) to property, plant and equipment, construction in progress, investment properties, land use rights and intangible assets (excluding long-form video and music content, game licences and other content).  "
tencent,company_capex,2023-04-01,2023-06-30,3M,3953000000,CNY,"3,953",RMB millions,Capital expenditures,SRC-TENC-098,https://www.hkexnews.hk/listedco/listconews/sehk/2024/0814/2024081400282.pdf,eae4d435efcb2d04ef4a34201577840ca1dc9f40e5b51a08d4e197fcf09e7449,2024-08-14,"Other Financial Information, row 'Capital expenditures'","Capital expenditures (d)                       8,729          14,359          3,953         23,088           8,364",column 3 of 5,A,VERIFIED,"definition note: (d)     Capital expenditures consist of additions (excluding business combinations) to property, plant and equipment, construction in progress, investment properties, land use rights and intangible assets (excluding long-form video and music content, game licences and other content).  "
tencent,company_capex,2024-01-01,2024-06-30,6M,23088000000,CNY,"23,088",RMB millions,Capital expenditures,SRC-TENC-098,https://www.hkexnews.hk/listedco/listconews/sehk/2024/0814/2024081400282.pdf,eae4d435efcb2d04ef4a34201577840ca1dc9f40e5b51a08d4e197fcf09e7449,2024-08-14,"Other Financial Information, row 'Capital expenditures'","Capital expenditures (d)                       8,729          14,359          3,953         23,088           8,364",column 4 of 5,A,VERIFIED,"definition note: (d)     Capital expenditures consist of additions (excluding business combinations) to property, plant and equipment, construction in progress, investment properties, land use rights and intangible assets (excluding long-form video and music content, game licences and other content).  "
tencent,company_capex,2023-01-01,2023-06-30,6M,8364000000,CNY,"8,364",RMB millions,Capital expenditures,SRC-TENC-098,https://www.hkexnews.hk/listedco/listconews/sehk/2024/0814/2024081400282.pdf,eae4d435efcb2d04ef4a34201577840ca1dc9f40e5b51a08d4e197fcf09e7449,2024-08-14,"Other Financial Information, row 'Capital expenditures'","Capital expenditures (d)                       8,729          14,359          3,953         23,088           8,364",column 5 of 5,A,VERIFIED,"definition note: (d)     Capital expenditures consist of additions (excluding business combinations) to property, plant and equipment, construction in progress, investment properties, land use rights and intangible assets (excluding long-form video and music content, game licences and other content).  "
tencent,company_capex,2024-04-01,2024-06-30,3M,8729000000,CNY,"8,729",RMB millions,Capital expenditures,SRC-TENC-099,https://www.hkexnews.hk/listedco/listconews/sehk/2024/0827/2024082701154.pdf,e0367001f3754e1b62e34cfe24218c358cfae07948fd3afc8ddc3c41955b9357,2024-08-27,"Other Financial Information, row 'Capital expenditures'","Capital expenditures (d)                             8,729           14,359           3,953          23,088               8,364",column 1 of 5,A,VERIFIED,"definition note: (d)     Capital expenditures consist of additions (excluding business combinations) to property, plant and equipment, construction in progress, investment properties, land use rights and intangible assets (excluding long-form video and music content, game licences and other content).  "
tencent,company_capex,2024-01-01,2024-03-31,3M,14359000000,CNY,"14,359",RMB millions,Capital expenditures,SRC-TENC-099,https://www.hkexnews.hk/listedco/listconews/sehk/2024/0827/2024082701154.pdf,e0367001f3754e1b62e34cfe24218c358cfae07948fd3afc8ddc3c41955b9357,2024-08-27,"Other Financial Information, row 'Capital expenditures'","Capital expenditures (d)                             8,729           14,359           3,953          23,088               8,364",column 2 of 5,A,VERIFIED,"definition note: (d)     Capital expenditures consist of additions (excluding business combinations) to property, plant and equipment, construction in progress, investment properties, land use rights and intangible assets (excluding long-form video and music content, game licences and other content).  "
tencent,company_capex,2023-04-01,2023-06-30,3M,3953000000,CNY,"3,953",RMB millions,Capital expenditures,SRC-TENC-099,https://www.hkexnews.hk/listedco/listconews/sehk/2024/0827/2024082701154.pdf,e0367001f3754e1b62e34cfe24218c358cfae07948fd3afc8ddc3c41955b9357,2024-08-27,"Other Financial Information, row 'Capital expenditures'","Capital expenditures (d)                             8,729           14,359           3,953          23,088               8,364",column 3 of 5,A,VERIFIED,"definition note: (d)     Capital expenditures consist of additions (excluding business combinations) to property, plant and equipment, construction in progress, investment properties, land use rights and intangible assets (excluding long-form video and music content, game licences and other content).  "
tencent,company_capex,2024-01-01,2024-06-30,6M,23088000000,CNY,"23,088",RMB millions,Capital expenditures,SRC-TENC-099,https://www.hkexnews.hk/listedco/listconews/sehk/2024/0827/2024082701154.pdf,e0367001f3754e1b62e34cfe24218c358cfae07948fd3afc8ddc3c41955b9357,2024-08-27,"Other Financial Information, row 'Capital expenditures'","Capital expenditures (d)                             8,729           14,359           3,953          23,088               8,364",column 4 of 5,A,VERIFIED,"definition note: (d)     Capital expenditures consist of additions (excluding business combinations) to property, plant and equipment, construction in progress, investment properties, land use rights and intangible assets (excluding long-form video and music content, game licences and other content).  "
tencent,company_capex,2023-01-01,2023-06-30,6M,8364000000,CNY,"8,364",RMB millions,Capital expenditures,SRC-TENC-099,https://www.hkexnews.hk/listedco/listconews/sehk/2024/0827/2024082701154.pdf,e0367001f3754e1b62e34cfe24218c358cfae07948fd3afc8ddc3c41955b9357,2024-08-27,"Other Financial Information, row 'Capital expenditures'","Capital expenditures (d)                             8,729           14,359           3,953          23,088               8,364",column 5 of 5,A,VERIFIED,"definition note: (d)     Capital expenditures consist of additions (excluding business combinations) to property, plant and equipment, construction in progress, investment properties, land use rights and intangible assets (excluding long-form video and music content, game licences and other content).  "
tencent,company_capex,2024-07-01,2024-09-30,3M,17094000000,CNY,"17,094",RMB millions,Capital expenditures,SRC-TENC-100,https://www.hkexnews.hk/listedco/listconews/sehk/2024/1113/2024111300327.pdf,feb53a86353377b146a7a671e2e762368e399ae2ec0d8949f4f3709b438e6003,2024-11-13,"Other Financial Information, row 'Capital expenditures'","Capital expenditures (d)                       17,094          8,729           8,005         40,182          16,369",column 1 of 5,A,VERIFIED,"definition note: (d)     Capital expenditures consist of additions (excluding business combinations) to property, plant and equipment, construction in progress, investment properties, land use rights and intangible assets (excluding long-form video and music content, game licences and other content).  "
tencent,company_capex,2024-04-01,2024-06-30,3M,8729000000,CNY,"8,729",RMB millions,Capital expenditures,SRC-TENC-100,https://www.hkexnews.hk/listedco/listconews/sehk/2024/1113/2024111300327.pdf,feb53a86353377b146a7a671e2e762368e399ae2ec0d8949f4f3709b438e6003,2024-11-13,"Other Financial Information, row 'Capital expenditures'","Capital expenditures (d)                       17,094          8,729           8,005         40,182          16,369",column 2 of 5,A,VERIFIED,"definition note: (d)     Capital expenditures consist of additions (excluding business combinations) to property, plant and equipment, construction in progress, investment properties, land use rights and intangible assets (excluding long-form video and music content, game licences and other content).  "
tencent,company_capex,2023-07-01,2023-09-30,3M,8005000000,CNY,"8,005",RMB millions,Capital expenditures,SRC-TENC-100,https://www.hkexnews.hk/listedco/listconews/sehk/2024/1113/2024111300327.pdf,feb53a86353377b146a7a671e2e762368e399ae2ec0d8949f4f3709b438e6003,2024-11-13,"Other Financial Information, row 'Capital expenditures'","Capital expenditures (d)                       17,094          8,729           8,005         40,182          16,369",column 3 of 5,A,VERIFIED,"definition note: (d)     Capital expenditures consist of additions (excluding business combinations) to property, plant and equipment, construction in progress, investment properties, land use rights and intangible assets (excluding long-form video and music content, game licences and other content).  "
tencent,company_capex,2024-01-01,2024-09-30,9M,40182000000,CNY,"40,182",RMB millions,Capital expenditures,SRC-TENC-100,https://www.hkexnews.hk/listedco/listconews/sehk/2024/1113/2024111300327.pdf,feb53a86353377b146a7a671e2e762368e399ae2ec0d8949f4f3709b438e6003,2024-11-13,"Other Financial Information, row 'Capital expenditures'","Capital expenditures (d)                       17,094          8,729           8,005         40,182          16,369",column 4 of 5,A,VERIFIED,"definition note: (d)     Capital expenditures consist of additions (excluding business combinations) to property, plant and equipment, construction in progress, investment properties, land use rights and intangible assets (excluding long-form video and music content, game licences and other content).  "
tencent,company_capex,2023-01-01,2023-09-30,9M,16369000000,CNY,"16,369",RMB millions,Capital expenditures,SRC-TENC-100,https://www.hkexnews.hk/listedco/listconews/sehk/2024/1113/2024111300327.pdf,feb53a86353377b146a7a671e2e762368e399ae2ec0d8949f4f3709b438e6003,2024-11-13,"Other Financial Information, row 'Capital expenditures'","Capital expenditures (d)                       17,094          8,729           8,005         40,182          16,369",column 5 of 5,A,VERIFIED,"definition note: (d)     Capital expenditures consist of additions (excluding business combinations) to property, plant and equipment, construction in progress, investment properties, land use rights and intangible assets (excluding long-form video and music content, game licences and other content).  "
tencent,company_capex,2024-10-01,2024-12-31,3M,36578000000,CNY,"36,578",RMB millions,Capital expenditures,SRC-TENC-101,https://www.hkexnews.hk/listedco/listconews/sehk/2025/0319/2025031900336.pdf,f5d17a222c339cab559464b4d963e986dfd4ce9ca1338ce646c044567c7a1878,2025-03-19,"Other Financial Information, row 'Capital expenditures'","Capital expenditures (d)                     36,578         17,094           7,524         76,760         23,893",column 1 of 5,A,VERIFIED,"definition note: (d)     Capital expenditures primarily consist of investments in computer equipment and components, and other property, plant and equipment, construction in progress, investment properties, land use rights, as well as certain intangible assets.  "
tencent,company_capex,2024-07-01,2024-09-30,3M,17094000000,CNY,"17,094",RMB millions,Capital expenditures,SRC-TENC-101,https://www.hkexnews.hk/listedco/listconews/sehk/2025/0319/2025031900336.pdf,f5d17a222c339cab559464b4d963e986dfd4ce9ca1338ce646c044567c7a1878,2025-03-19,"Other Financial Information, row 'Capital expenditures'","Capital expenditures (d)                     36,578         17,094           7,524         76,760         23,893",column 2 of 5,A,VERIFIED,"definition note: (d)     Capital expenditures primarily consist of investments in computer equipment and components, and other property, plant and equipment, construction in progress, investment properties, land use rights, as well as certain intangible assets.  "
tencent,company_capex,2023-10-01,2023-12-31,3M,7524000000,CNY,"7,524",RMB millions,Capital expenditures,SRC-TENC-101,https://www.hkexnews.hk/listedco/listconews/sehk/2025/0319/2025031900336.pdf,f5d17a222c339cab559464b4d963e986dfd4ce9ca1338ce646c044567c7a1878,2025-03-19,"Other Financial Information, row 'Capital expenditures'","Capital expenditures (d)                     36,578         17,094           7,524         76,760         23,893",column 3 of 5,A,VERIFIED,"definition note: (d)     Capital expenditures primarily consist of investments in computer equipment and components, and other property, plant and equipment, construction in progress, investment properties, land use rights, as well as certain intangible assets.  "
tencent,company_capex,2024-01-01,2024-12-31,12M,76760000000,CNY,"76,760",RMB millions,Capital expenditures,SRC-TENC-101,https://www.hkexnews.hk/listedco/listconews/sehk/2025/0319/2025031900336.pdf,f5d17a222c339cab559464b4d963e986dfd4ce9ca1338ce646c044567c7a1878,2025-03-19,"Other Financial Information, row 'Capital expenditures'","Capital expenditures (d)                     36,578         17,094           7,524         76,760         23,893",column 4 of 5,A,VERIFIED,"definition note: (d)     Capital expenditures primarily consist of investments in computer equipment and components, and other property, plant and equipment, construction in progress, investment properties, land use rights, as well as certain intangible assets.  "
tencent,company_capex,2023-01-01,2023-12-31,12M,23893000000,CNY,"23,893",RMB millions,Capital expenditures,SRC-TENC-101,https://www.hkexnews.hk/listedco/listconews/sehk/2025/0319/2025031900336.pdf,f5d17a222c339cab559464b4d963e986dfd4ce9ca1338ce646c044567c7a1878,2025-03-19,"Other Financial Information, row 'Capital expenditures'","Capital expenditures (d)                     36,578         17,094           7,524         76,760         23,893",column 5 of 5,A,VERIFIED,"definition note: (d)     Capital expenditures primarily consist of investments in computer equipment and components, and other property, plant and equipment, construction in progress, investment properties, land use rights, as well as certain intangible assets.  "
tencent,company_capex,2024-10-01,2024-12-31,3M,36578000000,CNY,"36,578",RMB millions,Capital expenditures,SRC-TENC-102,https://www.hkexnews.hk/listedco/listconews/sehk/2025/0408/2025040800667.pdf,95b0652da8294527d150a56a9de293627b53e73b4a4c21202c153ea6eb4e9134,2025-04-08,"Other Financial Information, row 'Capital expenditures'","Capital expenditures (d)                                      36,578              17,094                7,524                 76,760                23,893",column 1 of 5,A,VERIFIED,"definition note: (d)      Capital expenditures primarily consist of investments in computer equipment and components, and other property, plant and equipment, construction in progress, investment properties, land use rights, as well as certain intangible assets.   "
tencent,company_capex,2024-07-01,2024-09-30,3M,17094000000,CNY,"17,094",RMB millions,Capital expenditures,SRC-TENC-102,https://www.hkexnews.hk/listedco/listconews/sehk/2025/0408/2025040800667.pdf,95b0652da8294527d150a56a9de293627b53e73b4a4c21202c153ea6eb4e9134,2025-04-08,"Other Financial Information, row 'Capital expenditures'","Capital expenditures (d)                                      36,578              17,094                7,524                 76,760                23,893",column 2 of 5,A,VERIFIED,"definition note: (d)      Capital expenditures primarily consist of investments in computer equipment and components, and other property, plant and equipment, construction in progress, investment properties, land use rights, as well as certain intangible assets.   "
tencent,company_capex,2023-10-01,2023-12-31,3M,7524000000,CNY,"7,524",RMB millions,Capital expenditures,SRC-TENC-102,https://www.hkexnews.hk/listedco/listconews/sehk/2025/0408/2025040800667.pdf,95b0652da8294527d150a56a9de293627b53e73b4a4c21202c153ea6eb4e9134,2025-04-08,"Other Financial Information, row 'Capital expenditures'","Capital expenditures (d)                                      36,578              17,094                7,524                 76,760                23,893",column 3 of 5,A,VERIFIED,"definition note: (d)      Capital expenditures primarily consist of investments in computer equipment and components, and other property, plant and equipment, construction in progress, investment properties, land use rights, as well as certain intangible assets.   "
tencent,company_capex,2024-01-01,2024-12-31,12M,76760000000,CNY,"76,760",RMB millions,Capital expenditures,SRC-TENC-102,https://www.hkexnews.hk/listedco/listconews/sehk/2025/0408/2025040800667.pdf,95b0652da8294527d150a56a9de293627b53e73b4a4c21202c153ea6eb4e9134,2025-04-08,"Other Financial Information, row 'Capital expenditures'","Capital expenditures (d)                                      36,578              17,094                7,524                 76,760                23,893",column 4 of 5,A,VERIFIED,"definition note: (d)      Capital expenditures primarily consist of investments in computer equipment and components, and other property, plant and equipment, construction in progress, investment properties, land use rights, as well as certain intangible assets.   "
tencent,company_capex,2023-01-01,2023-12-31,12M,23893000000,CNY,"23,893",RMB millions,Capital expenditures,SRC-TENC-102,https://www.hkexnews.hk/listedco/listconews/sehk/2025/0408/2025040800667.pdf,95b0652da8294527d150a56a9de293627b53e73b4a4c21202c153ea6eb4e9134,2025-04-08,"Other Financial Information, row 'Capital expenditures'","Capital expenditures (d)                                      36,578              17,094                7,524                 76,760                23,893",column 5 of 5,A,VERIFIED,"definition note: (d)      Capital expenditures primarily consist of investments in computer equipment and components, and other property, plant and equipment, construction in progress, investment properties, land use rights, as well as certain intangible assets.   "
tencent,company_capex,2025-01-01,2025-03-31,3M,27476000000,CNY,"27,476",RMB millions,Capital expenditures,SRC-TENC-103,https://www.hkexnews.hk/listedco/listconews/sehk/2025/0514/2025051400273.pdf,d9dee97e3d430d859e276e21ae08b3876f321d429ece3a3acb26110af3bd49fd,2025-05-14,"Other Financial Information, row 'Capital expenditures'","Capital expenditures (d)                                        27,476              36,578              14,359",column 1 of 3,A,VERIFIED,"definition note: (d)     Capital expenditures primarily consist of investments in IT infrastructure (including computer equipment, components, and software), data centres, land use rights, office premises and intellectual properties (excluding media content).  "
tencent,company_capex,2024-10-01,2024-12-31,3M,36578000000,CNY,"36,578",RMB millions,Capital expenditures,SRC-TENC-103,https://www.hkexnews.hk/listedco/listconews/sehk/2025/0514/2025051400273.pdf,d9dee97e3d430d859e276e21ae08b3876f321d429ece3a3acb26110af3bd49fd,2025-05-14,"Other Financial Information, row 'Capital expenditures'","Capital expenditures (d)                                        27,476              36,578              14,359",column 2 of 3,A,VERIFIED,"definition note: (d)     Capital expenditures primarily consist of investments in IT infrastructure (including computer equipment, components, and software), data centres, land use rights, office premises and intellectual properties (excluding media content).  "
tencent,company_capex,2024-01-01,2024-03-31,3M,14359000000,CNY,"14,359",RMB millions,Capital expenditures,SRC-TENC-103,https://www.hkexnews.hk/listedco/listconews/sehk/2025/0514/2025051400273.pdf,d9dee97e3d430d859e276e21ae08b3876f321d429ece3a3acb26110af3bd49fd,2025-05-14,"Other Financial Information, row 'Capital expenditures'","Capital expenditures (d)                                        27,476              36,578              14,359",column 3 of 3,A,VERIFIED,"definition note: (d)     Capital expenditures primarily consist of investments in IT infrastructure (including computer equipment, components, and software), data centres, land use rights, office premises and intellectual properties (excluding media content).  "
tencent,company_capex,2025-04-01,2025-06-30,3M,19107000000,CNY,"19,107",RMB millions,Capital expenditures,SRC-TENC-104,https://www.hkexnews.hk/listedco/listconews/sehk/2025/0813/2025081300261.pdf,9fdb0373b405d2beaecfe897e4b98ae0575b679803c61080c4d61a937f2f325a,2025-08-13,"Other Financial Information, row 'Capital expenditures'","Capital expenditures (d)                     19,107          27,476         8,729         46,583         23,088",column 1 of 5,A,VERIFIED,"definition note: (d)     Capital expenditures primarily consist of investments in IT infrastructure (including computer equipment, components, and software), data centres, land use rights, office premises and intellectual properties (excluding media content).  "
tencent,company_capex,2025-01-01,2025-03-31,3M,27476000000,CNY,"27,476",RMB millions,Capital expenditures,SRC-TENC-104,https://www.hkexnews.hk/listedco/listconews/sehk/2025/0813/2025081300261.pdf,9fdb0373b405d2beaecfe897e4b98ae0575b679803c61080c4d61a937f2f325a,2025-08-13,"Other Financial Information, row 'Capital expenditures'","Capital expenditures (d)                     19,107          27,476         8,729         46,583         23,088",column 2 of 5,A,VERIFIED,"definition note: (d)     Capital expenditures primarily consist of investments in IT infrastructure (including computer equipment, components, and software), data centres, land use rights, office premises and intellectual properties (excluding media content).  "
tencent,company_capex,2024-04-01,2024-06-30,3M,8729000000,CNY,"8,729",RMB millions,Capital expenditures,SRC-TENC-104,https://www.hkexnews.hk/listedco/listconews/sehk/2025/0813/2025081300261.pdf,9fdb0373b405d2beaecfe897e4b98ae0575b679803c61080c4d61a937f2f325a,2025-08-13,"Other Financial Information, row 'Capital expenditures'","Capital expenditures (d)                     19,107          27,476         8,729         46,583         23,088",column 3 of 5,A,VERIFIED,"definition note: (d)     Capital expenditures primarily consist of investments in IT infrastructure (including computer equipment, components, and software), data centres, land use rights, office premises and intellectual properties (excluding media content).  "
tencent,company_capex,2025-01-01,2025-06-30,6M,46583000000,CNY,"46,583",RMB millions,Capital expenditures,SRC-TENC-104,https://www.hkexnews.hk/listedco/listconews/sehk/2025/0813/2025081300261.pdf,9fdb0373b405d2beaecfe897e4b98ae0575b679803c61080c4d61a937f2f325a,2025-08-13,"Other Financial Information, row 'Capital expenditures'","Capital expenditures (d)                     19,107          27,476         8,729         46,583         23,088",column 4 of 5,A,VERIFIED,"definition note: (d)     Capital expenditures primarily consist of investments in IT infrastructure (including computer equipment, components, and software), data centres, land use rights, office premises and intellectual properties (excluding media content).  "
tencent,company_capex,2024-01-01,2024-06-30,6M,23088000000,CNY,"23,088",RMB millions,Capital expenditures,SRC-TENC-104,https://www.hkexnews.hk/listedco/listconews/sehk/2025/0813/2025081300261.pdf,9fdb0373b405d2beaecfe897e4b98ae0575b679803c61080c4d61a937f2f325a,2025-08-13,"Other Financial Information, row 'Capital expenditures'","Capital expenditures (d)                     19,107          27,476         8,729         46,583         23,088",column 5 of 5,A,VERIFIED,"definition note: (d)     Capital expenditures primarily consist of investments in IT infrastructure (including computer equipment, components, and software), data centres, land use rights, office premises and intellectual properties (excluding media content).  "
tencent,company_capex,2025-04-01,2025-06-30,3M,19107000000,CNY,"19,107",RMB millions,Capital expenditures,SRC-TENC-105,https://www.hkexnews.hk/listedco/listconews/sehk/2025/0826/2025082600676.pdf,c9e013790537e998e78d6c4850b74f3f8eb9831c9a9bc5c552333bbda19cc3ee,2025-08-26,"Other Financial Information, row 'Capital expenditures'","Capital expenditures (d)                              19,107           27,476            8,729          46,583              23,088",column 1 of 5,A,VERIFIED,"definition note: (d)     Capital expenditures primarily consist of investments in IT infrastructure (including computer equipment, components, and software), data centres, land use rights, office premises and intellectual properties (excluding media content).   The following table reconciles our operating profit to our EBITDA and Adjusted EBITDA for the periods presented:"
tencent,company_capex,2025-01-01,2025-03-31,3M,27476000000,CNY,"27,476",RMB millions,Capital expenditures,SRC-TENC-105,https://www.hkexnews.hk/listedco/listconews/sehk/2025/0826/2025082600676.pdf,c9e013790537e998e78d6c4850b74f3f8eb9831c9a9bc5c552333bbda19cc3ee,2025-08-26,"Other Financial Information, row 'Capital expenditures'","Capital expenditures (d)                              19,107           27,476            8,729          46,583              23,088",column 2 of 5,A,VERIFIED,"definition note: (d)     Capital expenditures primarily consist of investments in IT infrastructure (including computer equipment, components, and software), data centres, land use rights, office premises and intellectual properties (excluding media content).   The following table reconciles our operating profit to our EBITDA and Adjusted EBITDA for the periods presented:"
tencent,company_capex,2024-04-01,2024-06-30,3M,8729000000,CNY,"8,729",RMB millions,Capital expenditures,SRC-TENC-105,https://www.hkexnews.hk/listedco/listconews/sehk/2025/0826/2025082600676.pdf,c9e013790537e998e78d6c4850b74f3f8eb9831c9a9bc5c552333bbda19cc3ee,2025-08-26,"Other Financial Information, row 'Capital expenditures'","Capital expenditures (d)                              19,107           27,476            8,729          46,583              23,088",column 3 of 5,A,VERIFIED,"definition note: (d)     Capital expenditures primarily consist of investments in IT infrastructure (including computer equipment, components, and software), data centres, land use rights, office premises and intellectual properties (excluding media content).   The following table reconciles our operating profit to our EBITDA and Adjusted EBITDA for the periods presented:"
tencent,company_capex,2025-01-01,2025-06-30,6M,46583000000,CNY,"46,583",RMB millions,Capital expenditures,SRC-TENC-105,https://www.hkexnews.hk/listedco/listconews/sehk/2025/0826/2025082600676.pdf,c9e013790537e998e78d6c4850b74f3f8eb9831c9a9bc5c552333bbda19cc3ee,2025-08-26,"Other Financial Information, row 'Capital expenditures'","Capital expenditures (d)                              19,107           27,476            8,729          46,583              23,088",column 4 of 5,A,VERIFIED,"definition note: (d)     Capital expenditures primarily consist of investments in IT infrastructure (including computer equipment, components, and software), data centres, land use rights, office premises and intellectual properties (excluding media content).   The following table reconciles our operating profit to our EBITDA and Adjusted EBITDA for the periods presented:"
tencent,company_capex,2024-01-01,2024-06-30,6M,23088000000,CNY,"23,088",RMB millions,Capital expenditures,SRC-TENC-105,https://www.hkexnews.hk/listedco/listconews/sehk/2025/0826/2025082600676.pdf,c9e013790537e998e78d6c4850b74f3f8eb9831c9a9bc5c552333bbda19cc3ee,2025-08-26,"Other Financial Information, row 'Capital expenditures'","Capital expenditures (d)                              19,107           27,476            8,729          46,583              23,088",column 5 of 5,A,VERIFIED,"definition note: (d)     Capital expenditures primarily consist of investments in IT infrastructure (including computer equipment, components, and software), data centres, land use rights, office premises and intellectual properties (excluding media content).   The following table reconciles our operating profit to our EBITDA and Adjusted EBITDA for the periods presented:"
tencent,company_capex,2025-07-01,2025-09-30,3M,12983000000,CNY,"12,983",RMB millions,Capital expenditures,SRC-TENC-106,https://www.hkexnews.hk/listedco/listconews/sehk/2025/1113/2025111300286.pdf,2cfaa94023b11e842d898f23fb19fd9949af68c57630c61a4d47ae542cdaa4bf,2025-11-13,"Other Financial Information, row 'Capital expenditures'","Capital expenditures (d)                     12,983          19,107         17,094         59,566         40,182",column 1 of 5,A,VERIFIED,"definition note: (d)     Capital expenditures primarily consist of investments in IT infrastructure (including computer equipment, components, and software), data centres, land use rights, office premises and intellectual properties (excluding media content).  "
tencent,company_capex,2025-04-01,2025-06-30,3M,19107000000,CNY,"19,107",RMB millions,Capital expenditures,SRC-TENC-106,https://www.hkexnews.hk/listedco/listconews/sehk/2025/1113/2025111300286.pdf,2cfaa94023b11e842d898f23fb19fd9949af68c57630c61a4d47ae542cdaa4bf,2025-11-13,"Other Financial Information, row 'Capital expenditures'","Capital expenditures (d)                     12,983          19,107         17,094         59,566         40,182",column 2 of 5,A,VERIFIED,"definition note: (d)     Capital expenditures primarily consist of investments in IT infrastructure (including computer equipment, components, and software), data centres, land use rights, office premises and intellectual properties (excluding media content).  "
tencent,company_capex,2024-07-01,2024-09-30,3M,17094000000,CNY,"17,094",RMB millions,Capital expenditures,SRC-TENC-106,https://www.hkexnews.hk/listedco/listconews/sehk/2025/1113/2025111300286.pdf,2cfaa94023b11e842d898f23fb19fd9949af68c57630c61a4d47ae542cdaa4bf,2025-11-13,"Other Financial Information, row 'Capital expenditures'","Capital expenditures (d)                     12,983          19,107         17,094         59,566         40,182",column 3 of 5,A,VERIFIED,"definition note: (d)     Capital expenditures primarily consist of investments in IT infrastructure (including computer equipment, components, and software), data centres, land use rights, office premises and intellectual properties (excluding media content).  "
tencent,company_capex,2025-01-01,2025-09-30,9M,59566000000,CNY,"59,566",RMB millions,Capital expenditures,SRC-TENC-106,https://www.hkexnews.hk/listedco/listconews/sehk/2025/1113/2025111300286.pdf,2cfaa94023b11e842d898f23fb19fd9949af68c57630c61a4d47ae542cdaa4bf,2025-11-13,"Other Financial Information, row 'Capital expenditures'","Capital expenditures (d)                     12,983          19,107         17,094         59,566         40,182",column 4 of 5,A,VERIFIED,"definition note: (d)     Capital expenditures primarily consist of investments in IT infrastructure (including computer equipment, components, and software), data centres, land use rights, office premises and intellectual properties (excluding media content).  "
tencent,company_capex,2024-01-01,2024-09-30,9M,40182000000,CNY,"40,182",RMB millions,Capital expenditures,SRC-TENC-106,https://www.hkexnews.hk/listedco/listconews/sehk/2025/1113/2025111300286.pdf,2cfaa94023b11e842d898f23fb19fd9949af68c57630c61a4d47ae542cdaa4bf,2025-11-13,"Other Financial Information, row 'Capital expenditures'","Capital expenditures (d)                     12,983          19,107         17,094         59,566         40,182",column 5 of 5,A,VERIFIED,"definition note: (d)     Capital expenditures primarily consist of investments in IT infrastructure (including computer equipment, components, and software), data centres, land use rights, office premises and intellectual properties (excluding media content).  "
tencent,company_capex,2025-10-01,2025-12-31,3M,19632000000,CNY,"19,632",RMB millions,Capital expenditures,SRC-TENC-107,https://www.hkexnews.hk/listedco/listconews/sehk/2026/0318/2026031800388.pdf,b44ff0a1bf467361b70cc0046a5bd2245d927ce69e536d32ac883ea992640f3d,2026-03-18,"Other Financial Information, row 'Capital expenditures'","Capital expenditures (d)                     19,632           12,983        36,578         79,198         76,760",column 1 of 5,A,VERIFIED,"definition note: (d)     Capital expenditures primarily consist of investments in IT infrastructure (including computer equipment, components, and software), data centres, land use rights, office premises and intellectual properties (excluding media content).  "
tencent,company_capex,2025-07-01,2025-09-30,3M,12983000000,CNY,"12,983",RMB millions,Capital expenditures,SRC-TENC-107,https://www.hkexnews.hk/listedco/listconews/sehk/2026/0318/2026031800388.pdf,b44ff0a1bf467361b70cc0046a5bd2245d927ce69e536d32ac883ea992640f3d,2026-03-18,"Other Financial Information, row 'Capital expenditures'","Capital expenditures (d)                     19,632           12,983        36,578         79,198         76,760",column 2 of 5,A,VERIFIED,"definition note: (d)     Capital expenditures primarily consist of investments in IT infrastructure (including computer equipment, components, and software), data centres, land use rights, office premises and intellectual properties (excluding media content).  "
tencent,company_capex,2024-10-01,2024-12-31,3M,36578000000,CNY,"36,578",RMB millions,Capital expenditures,SRC-TENC-107,https://www.hkexnews.hk/listedco/listconews/sehk/2026/0318/2026031800388.pdf,b44ff0a1bf467361b70cc0046a5bd2245d927ce69e536d32ac883ea992640f3d,2026-03-18,"Other Financial Information, row 'Capital expenditures'","Capital expenditures (d)                     19,632           12,983        36,578         79,198         76,760",column 3 of 5,A,VERIFIED,"definition note: (d)     Capital expenditures primarily consist of investments in IT infrastructure (including computer equipment, components, and software), data centres, land use rights, office premises and intellectual properties (excluding media content).  "
tencent,company_capex,2025-01-01,2025-12-31,12M,79198000000,CNY,"79,198",RMB millions,Capital expenditures,SRC-TENC-107,https://www.hkexnews.hk/listedco/listconews/sehk/2026/0318/2026031800388.pdf,b44ff0a1bf467361b70cc0046a5bd2245d927ce69e536d32ac883ea992640f3d,2026-03-18,"Other Financial Information, row 'Capital expenditures'","Capital expenditures (d)                     19,632           12,983        36,578         79,198         76,760",column 4 of 5,A,VERIFIED,"definition note: (d)     Capital expenditures primarily consist of investments in IT infrastructure (including computer equipment, components, and software), data centres, land use rights, office premises and intellectual properties (excluding media content).  "
tencent,company_capex,2024-01-01,2024-12-31,12M,76760000000,CNY,"76,760",RMB millions,Capital expenditures,SRC-TENC-107,https://www.hkexnews.hk/listedco/listconews/sehk/2026/0318/2026031800388.pdf,b44ff0a1bf467361b70cc0046a5bd2245d927ce69e536d32ac883ea992640f3d,2026-03-18,"Other Financial Information, row 'Capital expenditures'","Capital expenditures (d)                     19,632           12,983        36,578         79,198         76,760",column 5 of 5,A,VERIFIED,"definition note: (d)     Capital expenditures primarily consist of investments in IT infrastructure (including computer equipment, components, and software), data centres, land use rights, office premises and intellectual properties (excluding media content).  "
tencent,company_capex,2025-10-01,2025-12-31,3M,19632000000,CNY,"19,632",RMB millions,Capital expenditures,SRC-TENC-108,https://www.hkexnews.hk/listedco/listconews/sehk/2026/0409/2026040901231.pdf,2a7547168077c3d9994af673125e77612e8656bc0f17ad189371d7e4088f4e98,2026-04-09,"Other Financial Information, row 'Capital expenditures'","Capital expenditures (d)                                        19,632             12,983               36,578                 79,198                76,760",column 1 of 5,A,VERIFIED,"definition note: (d)      Capital expenditures primarily consist of investments in IT infrastructure (including computer equipment, components, and software), data centres, land use rights, office premises and intellectual properties (excluding media content).   "
tencent,company_capex,2025-07-01,2025-09-30,3M,12983000000,CNY,"12,983",RMB millions,Capital expenditures,SRC-TENC-108,https://www.hkexnews.hk/listedco/listconews/sehk/2026/0409/2026040901231.pdf,2a7547168077c3d9994af673125e77612e8656bc0f17ad189371d7e4088f4e98,2026-04-09,"Other Financial Information, row 'Capital expenditures'","Capital expenditures (d)                                        19,632             12,983               36,578                 79,198                76,760",column 2 of 5,A,VERIFIED,"definition note: (d)      Capital expenditures primarily consist of investments in IT infrastructure (including computer equipment, components, and software), data centres, land use rights, office premises and intellectual properties (excluding media content).   "
tencent,company_capex,2024-10-01,2024-12-31,3M,36578000000,CNY,"36,578",RMB millions,Capital expenditures,SRC-TENC-108,https://www.hkexnews.hk/listedco/listconews/sehk/2026/0409/2026040901231.pdf,2a7547168077c3d9994af673125e77612e8656bc0f17ad189371d7e4088f4e98,2026-04-09,"Other Financial Information, row 'Capital expenditures'","Capital expenditures (d)                                        19,632             12,983               36,578                 79,198                76,760",column 3 of 5,A,VERIFIED,"definition note: (d)      Capital expenditures primarily consist of investments in IT infrastructure (including computer equipment, components, and software), data centres, land use rights, office premises and intellectual properties (excluding media content).   "
tencent,company_capex,2025-01-01,2025-12-31,12M,79198000000,CNY,"79,198",RMB millions,Capital expenditures,SRC-TENC-108,https://www.hkexnews.hk/listedco/listconews/sehk/2026/0409/2026040901231.pdf,2a7547168077c3d9994af673125e77612e8656bc0f17ad189371d7e4088f4e98,2026-04-09,"Other Financial Information, row 'Capital expenditures'","Capital expenditures (d)                                        19,632             12,983               36,578                 79,198                76,760",column 4 of 5,A,VERIFIED,"definition note: (d)      Capital expenditures primarily consist of investments in IT infrastructure (including computer equipment, components, and software), data centres, land use rights, office premises and intellectual properties (excluding media content).   "
tencent,company_capex,2024-01-01,2024-12-31,12M,76760000000,CNY,"76,760",RMB millions,Capital expenditures,SRC-TENC-108,https://www.hkexnews.hk/listedco/listconews/sehk/2026/0409/2026040901231.pdf,2a7547168077c3d9994af673125e77612e8656bc0f17ad189371d7e4088f4e98,2026-04-09,"Other Financial Information, row 'Capital expenditures'","Capital expenditures (d)                                        19,632             12,983               36,578                 79,198                76,760",column 5 of 5,A,VERIFIED,"definition note: (d)      Capital expenditures primarily consist of investments in IT infrastructure (including computer equipment, components, and software), data centres, land use rights, office premises and intellectual properties (excluding media content).   "
tencent,company_capex,2026-01-01,2026-03-31,3M,31936000000,CNY,"31,936",RMB millions,Capital expenditures,SRC-TENC-109,https://www.hkexnews.hk/listedco/listconews/sehk/2026/0513/2026051300334.pdf,e457a6b8eab0e107430ac16d374bc92d37a920161551826685324882235f8a61,2026-05-13,"Other Financial Information, row 'Capital expenditures'","Capital expenditures (d)                                        31,936             19,632               27,476",column 1 of 3,A,VERIFIED,"definition note: (d)     Capital expenditures primarily consist of investments in IT infrastructure (including computer equipment, components, and software), data centres, land use rights, office premises and intellectual properties (excluding media content).  "
tencent,company_capex,2025-10-01,2025-12-31,3M,19632000000,CNY,"19,632",RMB millions,Capital expenditures,SRC-TENC-109,https://www.hkexnews.hk/listedco/listconews/sehk/2026/0513/2026051300334.pdf,e457a6b8eab0e107430ac16d374bc92d37a920161551826685324882235f8a61,2026-05-13,"Other Financial Information, row 'Capital expenditures'","Capital expenditures (d)                                        31,936             19,632               27,476",column 2 of 3,A,VERIFIED,"definition note: (d)     Capital expenditures primarily consist of investments in IT infrastructure (including computer equipment, components, and software), data centres, land use rights, office premises and intellectual properties (excluding media content).  "
tencent,company_capex,2025-01-01,2025-03-31,3M,27476000000,CNY,"27,476",RMB millions,Capital expenditures,SRC-TENC-109,https://www.hkexnews.hk/listedco/listconews/sehk/2026/0513/2026051300334.pdf,e457a6b8eab0e107430ac16d374bc92d37a920161551826685324882235f8a61,2026-05-13,"Other Financial Information, row 'Capital expenditures'","Capital expenditures (d)                                        31,936             19,632               27,476",column 3 of 3,A,VERIFIED,"definition note: (d)     Capital expenditures primarily consist of investments in IT infrastructure (including computer equipment, components, and software), data centres, land use rights, office premises and intellectual properties (excluding media content).  "
tencent,company_capex,2026-04-01,2026-06-30,3M,52784000000,CNY,"52,784",RMB millions,Capital expenditures,SRC-TENC-110,https://www.hkexnews.hk/listedco/listconews/sehk/2026/0812/2026081200296.pdf,6ae9083e568a17ea49c796c5f6d15741a5ab720b0d98e8e97291292a29385119,2026-08-12,"Other Financial Information, row 'Capital expenditures'","Capital expenditures (d)                     52,784           31,936       19,107         84,720         46,583",column 1 of 5,A,VERIFIED,"definition note: (d)     Capital expenditures primarily consist of investments in IT infrastructure (including computer equipment, components, and software), data centres, land use rights, office premises and intellectual properties (excluding media content).  "
tencent,company_capex,2026-01-01,2026-03-31,3M,31936000000,CNY,"31,936",RMB millions,Capital expenditures,SRC-TENC-110,https://www.hkexnews.hk/listedco/listconews/sehk/2026/0812/2026081200296.pdf,6ae9083e568a17ea49c796c5f6d15741a5ab720b0d98e8e97291292a29385119,2026-08-12,"Other Financial Information, row 'Capital expenditures'","Capital expenditures (d)                     52,784           31,936       19,107         84,720         46,583",column 2 of 5,A,VERIFIED,"definition note: (d)     Capital expenditures primarily consist of investments in IT infrastructure (including computer equipment, components, and software), data centres, land use rights, office premises and intellectual properties (excluding media content).  "
tencent,company_capex,2025-04-01,2025-06-30,3M,19107000000,CNY,"19,107",RMB millions,Capital expenditures,SRC-TENC-110,https://www.hkexnews.hk/listedco/listconews/sehk/2026/0812/2026081200296.pdf,6ae9083e568a17ea49c796c5f6d15741a5ab720b0d98e8e97291292a29385119,2026-08-12,"Other Financial Information, row 'Capital expenditures'","Capital expenditures (d)                     52,784           31,936       19,107         84,720         46,583",column 3 of 5,A,VERIFIED,"definition note: (d)     Capital expenditures primarily consist of investments in IT infrastructure (including computer equipment, components, and software), data centres, land use rights, office premises and intellectual properties (excluding media content).  "
tencent,company_capex,2026-01-01,2026-06-30,6M,84720000000,CNY,"84,720",RMB millions,Capital expenditures,SRC-TENC-110,https://www.hkexnews.hk/listedco/listconews/sehk/2026/0812/2026081200296.pdf,6ae9083e568a17ea49c796c5f6d15741a5ab720b0d98e8e97291292a29385119,2026-08-12,"Other Financial Information, row 'Capital expenditures'","Capital expenditures (d)                     52,784           31,936       19,107         84,720         46,583",column 4 of 5,A,VERIFIED,"definition note: (d)     Capital expenditures primarily consist of investments in IT infrastructure (including computer equipment, components, and software), data centres, land use rights, office premises and intellectual properties (excluding media content).  "
tencent,company_capex,2025-01-01,2025-06-30,6M,46583000000,CNY,"46,583",RMB millions,Capital expenditures,SRC-TENC-110,https://www.hkexnews.hk/listedco/listconews/sehk/2026/0812/2026081200296.pdf,6ae9083e568a17ea49c796c5f6d15741a5ab720b0d98e8e97291292a29385119,2026-08-12,"Other Financial Information, row 'Capital expenditures'","Capital expenditures (d)                     52,784           31,936       19,107         84,720         46,583",column 5 of 5,A,VERIFIED,"definition note: (d)     Capital expenditures primarily consist of investments in IT infrastructure (including computer equipment, components, and software), data centres, land use rights, office premises and intellectual properties (excluding media content).  "
tencent,company_capex,2026-04-01,2026-06-30,3M,52784000000,CNY,"52,784",RMB millions,Capital expenditures,SRC-TENC-111,https://www.hkexnews.hk/listedco/listconews/sehk/2026/0825/2026082500556.pdf,4170f80ec8548ea2fb92ec04691a4b252a52de20941e48fb516baf3f98082639,2026-08-25,"Other Financial Information, row 'Capital expenditures'","Capital expenditures (d)                            52,784             31,936         19,107           84,720              46,583",column 1 of 5,A,VERIFIED,"definition note: (d)     Capital expenditures primarily consist of investments in IT infrastructure (including computer equipment, components, and software), data centres, land use rights, office premises and intellectual properties (excluding media content).   The following table reconciles our operating profit to our EBITDA and Adjusted EBITDA for the periods presented:"
tencent,company_capex,2026-01-01,2026-03-31,3M,31936000000,CNY,"31,936",RMB millions,Capital expenditures,SRC-TENC-111,https://www.hkexnews.hk/listedco/listconews/sehk/2026/0825/2026082500556.pdf,4170f80ec8548ea2fb92ec04691a4b252a52de20941e48fb516baf3f98082639,2026-08-25,"Other Financial Information, row 'Capital expenditures'","Capital expenditures (d)                            52,784             31,936         19,107           84,720              46,583",column 2 of 5,A,VERIFIED,"definition note: (d)     Capital expenditures primarily consist of investments in IT infrastructure (including computer equipment, components, and software), data centres, land use rights, office premises and intellectual properties (excluding media content).   The following table reconciles our operating profit to our EBITDA and Adjusted EBITDA for the periods presented:"
tencent,company_capex,2025-04-01,2025-06-30,3M,19107000000,CNY,"19,107",RMB millions,Capital expenditures,SRC-TENC-111,https://www.hkexnews.hk/listedco/listconews/sehk/2026/0825/2026082500556.pdf,4170f80ec8548ea2fb92ec04691a4b252a52de20941e48fb516baf3f98082639,2026-08-25,"Other Financial Information, row 'Capital expenditures'","Capital expenditures (d)                            52,784             31,936         19,107           84,720              46,583",column 3 of 5,A,VERIFIED,"definition note: (d)     Capital expenditures primarily consist of investments in IT infrastructure (including computer equipment, components, and software), data centres, land use rights, office premises and intellectual properties (excluding media content).   The following table reconciles our operating profit to our EBITDA and Adjusted EBITDA for the periods presented:"
tencent,company_capex,2026-01-01,2026-06-30,6M,84720000000,CNY,"84,720",RMB millions,Capital expenditures,SRC-TENC-111,https://www.hkexnews.hk/listedco/listconews/sehk/2026/0825/2026082500556.pdf,4170f80ec8548ea2fb92ec04691a4b252a52de20941e48fb516baf3f98082639,2026-08-25,"Other Financial Information, row 'Capital expenditures'","Capital expenditures (d)                            52,784             31,936         19,107           84,720              46,583",column 4 of 5,A,VERIFIED,"definition note: (d)     Capital expenditures primarily consist of investments in IT infrastructure (including computer equipment, components, and software), data centres, land use rights, office premises and intellectual properties (excluding media content).   The following table reconciles our operating profit to our EBITDA and Adjusted EBITDA for the periods presented:"
tencent,company_capex,2025-01-01,2025-06-30,6M,46583000000,CNY,"46,583",RMB millions,Capital expenditures,SRC-TENC-111,https://www.hkexnews.hk/listedco/listconews/sehk/2026/0825/2026082500556.pdf,4170f80ec8548ea2fb92ec04691a4b252a52de20941e48fb516baf3f98082639,2026-08-25,"Other Financial Information, row 'Capital expenditures'","Capital expenditures (d)                            52,784             31,936         19,107           84,720              46,583",column 5 of 5,A,VERIFIED,"definition note: (d)     Capital expenditures primarily consist of investments in IT infrastructure (including computer equipment, components, and software), data centres, land use rights, office premises and intellectual properties (excluding media content).   The following table reconciles our operating profit to our EBITDA and Adjusted EBITDA for the periods presented:"
