check_id,transfer_id,near,url,amount,currency,http_status,result,status,needle,quote,quote_words,grade_by_publisher,page_sha256,retrieved
00193e3094981358,T93d5237070,Hreidarsson,https://www.skysports.com/football/player/5096/hermann-hreidarsson,4000000.00,GBP,200,NOT CONFIRMED (page fetched; figure not found near the player's name),UNVERIFIED,,,0,B,8da1326c72b540c05ebfe45f4233b7202325cc9fea148e1e845ef393fab9c0e2,2026-10-07
007d9173b7a2358c,Tc81b671dd7,Antony,https://www.reuters.com/sports/soccer/antony-signs-real-betis-part-man-united-clear-out-2025-09-01/,81300000.00,EUR,401,BLOCKED or gone (HTTP401),UNVERIFIED,,,0,B,,2026-10-07
0087e822e53ab0cd,Tf5cd15091a,Walker-Peters,https://www.bbc.co.uk/sport/football/53740611,12000000.00,GBP,200,VERIFIED,VERIFIED,£12m,"Tottenham's £15m opening offer. Walker-Peters, 23, has made a reported £12m move to St Mary's after initially joining on loan in January.",22,B,3b725002b1b787a8ade48714551100a53943f1793d8dc4ab8c8d5d8325695f34,2026-10-07
00d10ecab303c3de,Tfee8a995c3,Vušković,https://www.bbc.co.uk/sport/football/articles/cy7370x2yp7o,46000000.00,GBP,200,NOT CONFIRMED (page fetched; figure not found near the player's name),UNVERIFIED,,,0,B,203b4a503a91afd8270761db915bc9bf56443590eb6833a6289d4c82d68beee2,2026-10-07
00e128061307d99d,T4a43d0c768,Mikel,https://www.uefa.com/news/01b6-0e6d89024b24-4317b564acf3-1000--mikel-saga-ends-with-chelsea-move/,23000000.00,EUR,200,VERIFIED,VERIFIED,€23m,midfielder Jon Obi Mikel after reaching agreements worth more than €23m with Manchester United FC and SFK Lyn Oslo. Article body Chelsea,22,B,0de802e844c800583660969c525047265058525082d23badbc000cc4eaa249dd,2026-10-07
00e5404a7eee5b48,T472178ad70,Martinelli,https://www.bbc.co.uk/sport/48827145,6000000.00,GBP,200,NOT CONFIRMED (page fetched; figure not found near the player's name),UNVERIFIED,,,0,B,2273f66238800106fe1a1637b949f768380b5b45b8c89289adf9bc3d76fcfb23,2026-10-07
011f23626f16745d,Td8540535c9,Neto,https://www.bbc.co.uk/sport/football/articles/cd05ereye7do,54000000.00,GBP,200,VERIFIED,VERIFIED,£54m,Pedro Neto: Chelsea sign Wolves forward in £54m deal - BBC Sport BBC Homepage Skip to content Accessibility Help,19,B,0767461e5645d74f134223b68093dd4732e8b02b6db9d049b1377199f0023351,2026-10-07
012c179ee3f713ee,T38d6cf8709,Ansah,https://www.bbc.co.uk/sport/football/articles/cje8x575v51o,12800000.00,GBP,200,VERIFIED,VERIFIED,£12.8m,"a five-year contract for a reported fee of 15m euros (£12.8m) with 12m euros (£10.2m) in add-ons. Norton-Cuffy, 22, who has spent",22,B,7ed3b48d6c35bec283f15d96f3287cf35a5fa9b72c51498b11cb2bfce1e29ded,2026-10-07
014984d3f7c772ae,T0682adf48b,Suárez,https://www.uefa.com/uefachampionsleague/news/0217-0e8b4aeac636-77c5f7f4ea94-1000--barcelona-land-liverpool-s-suarez/,81000000.00,EUR,200,VERIFIED,VERIFIED,€81m,"international agreed a five-year contract as part of a reported €81m transfer. Suárez, 27, ends his three-and-a-half-year stay with Liverp",20,B,a0348b3796c644d6b62570ddc834fa6e71491ce966c4ac94016aba1f0d9fa3dc,2026-10-07
0162725d8f19ba38,T1d04ca01fb,Abraham,https://www.chelseafc.com/en/news/2021/08/17/abraham-completes-move-to-roma,34000000.00,GBP,200,NOT CONFIRMED (page fetched; figure not found near the player's name),UNVERIFIED,,,0,A,c4fff5eae308a00bd338340f9aee4e96dc950558a08c40cc39b237e435fea8c9,2026-10-07
016835cde708db06,T80fdd9d6c4,Romero,https://www.bbc.co.uk/sport/football/articles/c20dyz4vrero,34200000.00,GBP,200,VERIFIED,VERIFIED,£34.2m,"to Atletico Madrid confirmed. The La Liga side have paid £34.2m for the 28-year-old Argentina centre-back, who has joined on a five-y",22,B,f8183ad13cde8838705233e132731be5ef8067f44aba2b4ea3184cea92f0dcda,2026-10-07
0182e97ff9359fd1,Td21b3051be,Chilwell,https://www.theguardian.com/football/2020/aug/26/chelsea-confirm-signing-of-ben-chilwell-from-leicester-for-50m,50000000.00,GBP,200,VERIFIED,VERIFIED,£50m,Chelsea confirm signing of Ben Chilwell from Leicester for £50m | Chelsea | The Guardian Skip to main content Skip to,21,B,3e1e231280fa27eceaf353d8c516ca546ae30910bef5157b11cf5a4da6ae06eb,2026-10-07
01837d678105a4a9,T65bd03ca86,Collins,https://www.bbc.co.uk/sport/football/66084067,23000000.00,GBP,200,VERIFIED,VERIFIED,£23m,Nathan Collins: Brentford complete £23m deal for Wolverhampton Wanderers defender - BBC Sport BBC Homepage Sk,16,B,6b81046f79be87faf08fd2de8c75ef168fa408d950b83904e6d3b4e75ab38d8d,2026-10-07
019f921fe58c5b8a,T93168198f6,Horníček,https://www.bbc.co.uk/sport/football/articles/c3ekzyz1qj8o,25700000.00,GBP,200,NOT CONFIRMED (page fetched; figure not found near the player's name),UNVERIFIED,,,0,B,0922288cdbde3d84766d41ffe5fc76792438996174c6fdb22e79680407699480,2026-10-07
01cdec0e369ae78e,T06a7b26ae8,Palhinha,https://www.bbc.com/sport/football/articles/c6p2geyl0l4o,42300000.00,GBP,200,VERIFIED,VERIFIED,£42.3m,Joao Palhinha: Bayern Munich sign Fulham midfielder for £42.3m until 2028 - BBC Sport BBC Homepage Skip to content Accessibility,20,B,0f43201fa0d4b43ec3a56cd9d82b7d44caaabe9674f36279f6c49d7a3b16fdee,2026-10-07
01cf07fdde6f20da,Tad19df254a,Lukaku,https://www.bbc.co.uk/sport/football/58111490,97500000.00,GBP,200,VERIFIED,VERIFIED,£97.5m,re-sign Belgium striker from Inter Milan for a club record £97.5m - BBC Sport BBC Homepage Skip to content Accessibility Help Your,22,B,8dbba30b9ce290d86c53e55bccb49c011a796708a8025e7ded25015331b3d4ce,2026-10-07
01e1fce479f2c01a,Tdf7b4969be,Yoro,https://www.bbc.com/sport/football/articles/c7209jxjn45o,52000000.00,GBP,200,VERIFIED,VERIFIED,£52m,Manchester United complete Leny Yoro signing from Lille in £52m deal - BBC Sport BBC Homepage Skip to content Accessibility Help,21,B,76d0ec456c4807a9f65d1aea8082bf47ca5da0438fe6bc7d389a0ddaa5255639,2026-10-07
020b3f26f0f05666,T95fcfc8b8b,Dailly,https://www.the-independent.com/sport/football-dedication-the-key-to-dailly-routine-1174834.html,5300000.00,GBP,200,VERIFIED,VERIFIED,pounds 5.3m,would have appreciated Christian Dailly's dilemma. A week after the pounds 5.3m transfer from Derby County to Blackburn Rovers that made him,22,B,7fa95041eb840e20f8a4690ac9371ae582f77f61e34eac7810a51c4802c34b14,2026-10-07
02230162cf51f09b,Tdda5afce92,Makélélé,https://www.uefa.com/uefachampionsleague/news/0254-0d7b34e7cabb-cbe9cd5916f1-1000--makelele-makes-chelsea-move/,23000000.00,EUR,200,NOT CONFIRMED (page fetched; figure not found near the player's name),UNVERIFIED,,,0,B,607a6ccf29224f6070eb58deca4006ed9b006dd92119a06d944d1fd14f2e9e76,2026-10-07
023076f1ac99afb5,Td92128cfd6,Gordon,https://www.bbc.co.uk/sport/football/64441380,45000000.00,GBP,200,VERIFIED,VERIFIED,£45m,Anthony Gordon: Newcastle sign Everton forward in £45m deal - BBC Sport BBC Homepage Skip to content Accessibility Help,19,B,a3c092df6ba78a4a5cd51206e474c3c8fefd6ef77b29cb61f0f6e47c629942d9,2026-10-07
02562e9e69487aeb,T5e77c46d84,Chavarría,https://www.bbc.co.uk/sport/football/articles/cvg0rw84xk9o,16300000.00,GBP,200,NOT CONFIRMED (page fetched; figure not found near the player's name),UNVERIFIED,,,0,B,6b0519f3812ae8b3fe0252fa1dbcdcd1fc16abb2c9c9e4fce04054c9b03c38fe,2026-10-07
025b36b33bd3455c,T3f0b2099d1,Keane,https://www.theguardian.com/football/2009/feb/02/spurs-bid-for-robbie-keane,15000000.00,GBP,200,VERIFIED,VERIFIED,£15m,the day. The fee is believed to be just over £15m with potential add-ons taking the cost of the deal to £19m.,22,B,f2316a758a746918d3ee9d86dedc9682d6a6ba80cc6a1b834660aa7fc9aaa806,2026-10-07
029b740fde4142f1,T99898bd849,Esse,https://www.bbc.co.uk/sport/football/articles/cp9xxde1r9jo,12000000.00,GBP,200,VERIFIED,VERIFIED,£12m,"U20 levels, joins for a reported , external fee of £12m, potentially rising to £14.5m with add-ons. Esse made his debut for",22,B,cc77097d267fd619d62d25f38fcc982b54855f6c2c0338c9ecd99f7246d9d05e,2026-10-07
02b3443c7316b850,T810f5222f7,Ramsdale,https://www.bbc.co.uk/sport/football/58279217,24000000.00,GBP,200,VERIFIED,VERIFIED,£24m,"for about £30m. The deal for Ramsdale, 23, is worth £24m plus a further £6m in add-ons. He is available for the",22,B,6c5e76b98ddb24150737bb154dcd718ed975ee6893495a64351484f7546f40f2,2026-10-07
03091cbdccf75afc,Tc737d393b3,Wood,https://www.bbc.co.uk/sport/football/41001685,15000000.00,GBP,200,VERIFIED,VERIFIED,£15m,"for a club record transfer fee, thought to be about £15m. The 25-year-old scored 44 goals in 88 appearances after joining the",22,B,c9f0be20fe8d9c9d8eb6d513697e802e740f1a25233aed5055206679228ddf11,2026-10-07
030a7fb11a3082c0,T4b52e8a521,Emersonn}},https://www.sportsmole.co.uk/football/ipswich-town/transfer-talk/news/who-is-the-new-brazilian-premier-league-signing-that-cost-ipswich-town-gbp27m_600899.html,27000000.00,GBP,200,NOT CONFIRMED (page fetched; figure not found near the player's name),UNVERIFIED,,,0,D,51871e599cc4f1842251b57955b721f1f16270c7d9aee81fec969324a1db2527,2026-10-07
032ed47ddeeae6b0,Teb2829ebe3,N'Zogbia,https://www.theguardian.com/football/2009/feb/02/wigan-newcastle-transfer-window,6000000.00,GBP,200,VERIFIED,VERIFIED,£6m,Wigan's Taylor This article is more than 17 years old £6m Frenchman will be Wigan's record signing Taylor gives boost to Joe,22,B,c70cf38d91fbce4cfd9a7463316a9d9a3ce7f00b20fc47f2c052ee9ffcdd1235,2026-10-07
036d6088490214b2,T79aad77b60,Evans,https://news.bbc.co.uk/sport2/hi/football/teams/s/sheff_utd/8135830.stm,3000000.00,GBP,200,VERIFIED,VERIFIED,£3m,"Sheffield United have signed Manchester City striker Ched Evans for £3m, while Ryan France and Keith Treacy have also arrived at Bramall",22,B,34918f39ca3c2637e0bfdac7a69a51e16e8b743f64d29b0145edd133424b5714,2026-10-07
039f47ad49e6bd45,T013dc80b76,Townsend,https://www.independent.co.uk/sport/football-batty-effect-takes-over-at-blackburn-guy-hodgson-on-the-best-and-worst-buys-of-the-season-1431365.html,2100000.00,GBP,200,VERIFIED,VERIFIED,pounds 2.1m,Liverpool) pounds 2.275m Ruel Fox (Norwich to Newcastle) pounds 2.25m Andy Townsend (Chelsea,13,B,ab4ea16267302e7e6ca6c49c50b9db36e49ded462e25b4e1523918704bfef228,2026-10-07
03a516a13c109811,T1758d4ebbb,Palacios,https://www.skysports.com/football/news/4827247/spurs-seal-palacios-deal,14000000.00,GBP,200,VERIFIED,VERIFIED,£14m,"The fee is undisclosed but is believed to be around £14million. ""We are delighted to announce that we have reached agreement f",22,B,d812a87d960c31c562f143f8204ec29a8876c582c7c4c4ada20292cc5f541840,2026-10-07
03c2243e900af1db,T651cd82216,Alcaraz,https://www.nytimes.com/athletic/6394365/2025/05/31/everton-alcaraz-permanent-signing/,12600000.00,GBP,403,BLOCKED or gone (HTTP403),UNVERIFIED,,,0,B,,2026-10-07
041199a320e4128b,T7f045b5700,Koscielny,https://www.bbc.co.uk/sport/football/transfers,4600000.00,GBP,200,NOT CONFIRMED (page fetched; figure not found near the player's name),UNVERIFIED,,,0,B,718ec70a2d7c95cd8b815f56ce0d380dcc70c955270ba054c3044b832114453a,2026-10-07
0421c1ee6e5bfc29,Tb5218461ed,Dennis,https://www.bbc.co.uk/sport/football/62537117,20000000.00,GBP,200,VERIFIED,VERIFIED,£20m,Nottingham Forest sign Emmanuel Dennis for £20m and Cheikhou Kouyate on free - BBC Sport BBC Homepage Skip,18,B,b3f3dc4800b90e2fdecb4e69d8bc129e72f877e4699cf617d525585fe555d831,2026-10-07
0431c492e30f4709,Ta1a27c9a4b,Batty,https://www.theguardian.com/football/1998/dec/01/newsstory.sport2,3750000.00,GBP,200,VERIFIED,VERIFIED,£3.75 m,"to discuss whether to increase their bid. Batty cost Newcastle £3.75 million when he arrived from Blackburn in March 1996, having left",22,B,205b77c4a7a57a89dfe811dcabb3818306489f81de16f9d80e9c1e30bd128e79,2026-10-07
043590c79f153682,Teed8f8af20,Jelavić,https://www.bbc.co.uk/sport/football/16783119,5500000.00,GBP,200,NOT CONFIRMED (page fetched; figure not found near the player's name),UNVERIFIED,,,0,B,d8421827caa9db6f228512ed19a12b43938e62ac26155de1970781568cdf5af3,2026-10-07
046115929570139a,Tde5c476f4e,Rodon,https://www.bbc.co.uk/sport/football/54577706,11000000.00,GBP,200,VERIFIED,VERIFIED,£11m,Joe Rodon: Tottenham sign Wales centre-back from Swansea for £11m - BBC Sport BBC Homepage Skip to content Accessibility Help Your,21,B,f0ba274950e0a4a905adff65366a0b6073886fb2297d3ffce7a1037f129f1bd4,2026-10-07
04612ec3a127913d,T470b092645,Barry,https://www.bbc.com/sport/football/articles/c1ljz8872zro,27000000.00,GBP,200,VERIFIED,VERIFIED,£27m,Thierno Barry: Everton sign Villarreal striker for £27m - BBC Sport BBC Homepage Skip to content Accessibility Help Your,19,B,0eb678d1f2a7b9cfa5e626308d7ca64db3dcaf91ffd68f207f9c2ced76e2177d,2026-10-07
04ce7464c5d66679,T542b8853ef,Sánchez,https://www.theguardian.com/football/2014/jul/10/alexis-sanchez-signs-arsenal,30000000.00,GBP,200,VERIFIED,VERIFIED,£30m,of Alexis Sánchez from Barcelona for a fee of around £30m in a move manager Arsène Wenger will hope gives them a,22,B,09b54de7cd71e19b6ab2a8eb9a09bada9dbd745a966d6c3fb45848b1bce3d19b,2026-10-07
04dca1e26dab793d,Tf6060ba2d4,Davies,https://www.independent.co.uk/sport/football-hodgson-plans-ahead-1162184.html,7500000.00,GBP,200,VERIFIED,VERIFIED,pounds 7.5m,Blackburn's transfer record to land Kevin Davies from Southampton for pounds 7.5m - just 12 months after arriving at The Dell in,22,B,7688422c6f3d702e34b60e772dab52b1d6671865d46b3c89c17ead104aec164a,2026-10-07
04f7c92988ac08c1,T1f32e1dac5,Fowler,https://www.theguardian.com/football/2001/nov/30/newsstory.sport8,11000000.00,GBP,200,VERIFIED,VERIFIED,£11m,"Prefer the Guardian on Google Leeds United today completed the £11m signing of Robbie Fowler from Liverpool, and the 26-year-old striker",21,B,1d61d6a08b4c4ed0e0874467a7a5c82a468fdfd05578edf333663accfd883ead,2026-10-07
055c752054b9b532,Tc168af102e,Luiz,https://www.bbc.co.uk/sport/48827145,15000000.00,GBP,200,VERIFIED,VERIFIED,£15m,- Arsenal] Loan Douglas Luiz [Manchester City - Aston Villa] £15m William Saliba [Saint-Etienne - Arsenal] £27m (returns to Saint-Etien,20,B,24d84b4c52c757b987622ec6cc9df180fa2ca3e16db401703eceb5927a7a7885,2026-10-07
055d383162c1a693,Ta10abcca85,Bailly,https://www.bbc.co.uk/sport/football/36480527,30000000.00,GBP,200,VERIFIED,VERIFIED,£30m,Eric Bailly: Man Utd sign Villarreal defender for £30m - BBC Sport BBC Homepage Skip to content Accessibility Help Your,20,B,fba9da8a939ca9ddc55b4715b6770e9c7fb09e4353ca64be54005dc2ac069c5b,2026-10-07
05614da0dc8c56cb,T83c99c0d94,Dyer,https://www.skysports.com/football/player/17170/kieron-dyer,6000000.00,GBP,200,NOT CONFIRMED (page fetched; figure not found near the player's name),UNVERIFIED,,,0,B,1c58df8ae8409f72bdf8abb6012e54f4e8733b29524997d37f5e04a4de4a8831,2026-10-07
05626d2ad8036114,Ta01bd486ed,Clapham,http://news.bbc.co.uk/sport1/hi/football/teams/b/birmingham_city/2634769.stm,1300000.00,GBP,200,NOT CONFIRMED (page fetched; figure not found near the player's name),UNVERIFIED,,,0,B,40d65c4c1e545f1b02421c297655fb86e7d414a12817e5a2029b05e8b9a4698c,2026-10-07
0592db1b0567c649,T8d266af08f,Moreira,https://www.nytimes.com/athletic/5704831/2024/08/16/diego-moreira-strasbourg-chelsea-transfer/,1700000.00,GBP,403,BLOCKED or gone (HTTP403),UNVERIFIED,,,0,B,,2026-10-07
05c8f365e4c3aa21,Tf517fdba62,Drogba,https://www.uefa.com/uefachampionsleague/news/0254-0d7b39250689-72b617e521d5-1000--chelsea-wrap-up-drogba-deal/,36000000.00,EUR,200,VERIFIED,VERIFIED,€36m,de Marseille for Chelsea FC for a reported fee of €36m. Article body Third new signing The 26-year-old Ivory Coast internati,21,B,5172b588e9e6a3b9246b9ebeffd96052f7cc35744735f4d1a2acdcb5c8230477,2026-10-07
05f102ab2cc62809,T4de07f5887,Viduka,https://www.theguardian.com/football/2000/nov/19/championsleague.sport1,6000000.00,GBP,200,VERIFIED,VERIFIED,£6 m,"£20 million today, five months after Leeds paid a mere £6 m. On the majestic form epitomised by that quartet against Liverpool,",22,B,377467390ba1573591ce58f7c2a84e665bf7758032692dcc60c9d97b3e135a50,2026-10-07
060d00b98d60c395,T373fc3be84,Milner,https://www.theguardian.com/football/2008/aug/30/premierleague.astonvilla,12000000.00,GBP,200,VERIFIED,VERIFIED,£12m,"Newcastle United of undervaluing his contribution after he completed a £12m move to Aston Villa, taking Martin O'Neill's spending this summer to",22,B,a6046b2110f9e7b6e8869f5150e08e7a5319b4a970edba1eb6d4a95ef359d793,2026-10-07
061b7e848ae4c29d,Tb0617593ce,Ferdinand,https://www.the-independent.com/sport/football-britain-s-big-money-movers-1074330.html,6000000.00,GBP,200,VERIFIED,VERIFIED,pounds 6m,(May 97) Stan Collymore (Liverpool to Aston Villa) 8 pounds 6.25m (Jan 95) Andy Cole (Newcastle to Man Utd) 9 pounds,21,B,71dc24dc9e5fcd281f9ced6fe9d1b7d0e811c37ada08e11be1c0b6393bbca5dc,2026-10-07
065d40f0e194b7e9,T8348b00143,Wan-Bissaka,https://www.bbc.co.uk/sport/football/articles/c0jpnyeld3eo,15000000.00,GBP,200,VERIFIED,VERIFIED,£15m,Aaron Wan-Bissaka: West Ham sign Manchester United defender for £15m - BBC Sport BBC Homepage Skip to content Accessibility Help Your,21,B,235da3f912ff2b1c76ee8eb05fe4242c5f0bb185a15404776c2f5ee807aecf55,2026-10-07
066d493b4d51eb56,T2855e3727f,Arrizabalaga,https://www.bbc.com/sport/football/articles/ce377ek2nn3o,5000000.00,GBP,200,VERIFIED,VERIFIED,£5m,"Top Scorers Gossip Arsenal sign goalkeeper Kepa from Chelsea for £5m Image source, Getty Images Image caption, Kepa Arrizabalaga joined Ch",21,B,6b807f372a0efa44bcf0f972f91891f3b9c2a650778791082a260dca0275b839,2026-10-07
066e684744037e7f,T35a3a9f50e,Speed,https://www.skysports.com/football/player/2563/gary-speed,3500000.00,GBP,200,VERIFIED,VERIFIED,£3.5m,history From To Date Fee Leeds Everton 01 Jul 1996 £3.5m Everton Newcastle 06 Feb 1998 £5.5m Newcastle Bolton 21 Jul 2004,22,B,54dcef42f3bfc932901fb2e353774e77b51551d5bc662bcb77a720d3447d0771,2026-10-07
066ea2f80d779e36,T334385da84,Saint-Maximin,https://www.bbc.co.uk/sport/football/transfers,20000000.00,GBP,200,NOT CONFIRMED (page fetched; figure not found near the player's name),UNVERIFIED,,,0,B,708fd6ab73bb7094fde707780e96292ff6bf766a5201ce78269b081af1a3f715,2026-10-07
067be7d8f3dda21e,T5f381e4845,Özil,https://www.bbc.co.uk/sport/football/23929339,42400000.00,GBP,200,NOT CONFIRMED (page fetched; figure not found near the player's name),UNVERIFIED,,,0,B,bfce7e4e766052b44dabca3804fb678a23c2f6142575206cd5abc442af4e0414,2026-10-07
06997749e841fbf9,T68078533bd,Ligt,https://www.bbc.co.uk/sport/football/articles/c0l8z34xyz3o,38500000.00,GBP,200,VERIFIED,VERIFIED,£38.5m,"League on Friday (20:00 BST). United have agreed to pay £38.5m plus £4.3m in add-ons for 25-year-old centre-back De Ligt, who was",22,B,25ca1be69ea73cf56407ee28d77e2fd442d505a6cbe30100833564ddaa846601,2026-10-07
069c8b9c81f12192,T2df14030b4,Bosingwa,https://www.skysports.com/football/news/3556424/bosingwa-seals-blues-move,16200000.00,GBP,200,VERIFIED,VERIFIED,£16.2m,completed the signing of Jose Bosingwa from Porto in a £16.2million deal. More from Football Cristiano Ronaldo: Portugal star break,20,B,2ffb938ca487c9f791d49933b3a1cb5eed3ed483e511de011f17a06f9e704929,2026-10-07
06ac7f3ec95b845d,Tf905f683f7,Ferdinand,https://news.bbc.co.uk/sport1/hi/football/teams/l/leeds_united/1040833.stm,18000000.00,GBP,200,NOT CONFIRMED (page fetched; figure not found near the player's name),UNVERIFIED,,,0,B,672b619a418f477fd3ca454f15fe354974d5288958b0eca1c4887e566fa1ae9b,2026-10-07
06c0c9841e6e315d,T0a6faaa5e9,Sosa,https://www.bbc.co.uk/sport/football/articles/cwyw70ne3j3o,9300000.00,GBP,200,VERIFIED,VERIFIED,£9.3m,"Who Am I? Quiz Forest sign Paraguay forward Sosa for £9.3m Image source, Getty Images Image caption, Ramon Sosa has scored 20",22,B,35b6a224ebef06e8d3a1ebfdaa11124ab8057a3bb971cb27fca3f86c6f8cd4df,2026-10-07
06f7001af671d2a6,T4928f00050,Semenyo,https://www.skysports.com/football/news/13491956/antoine-semenyo-transfer-news-manchester-city-sign-forward-from-bournemouth-in-lb65m-deal,64000000.00,GBP,200,VERIFIED,VERIFIED,£64m,Antoine Semenyo joins Man City: Bournemouth forward signs in £64m transfer to take City spending over £425m in 12 months |,21,B,9321f9d40c28a5a9ce88c245e40316df12631e75065fd56d864d2ea77eead137,2026-10-07
0726a1593679d6d1,Tf56b39c7da,Alves,https://www.uefa.com/news-media/news/01ca-0f84b572e432-88c284a42259-1000--middlesbrough-splash-out-on-alves/,17400000.00,EUR,200,VERIFIED,VERIFIED,€17.4m,transfer record by paying Dutch club SC Heerenveen a reported €17.4m for their Brazilian international forward Afonso Alves. Article body,20,B,7d7fde29238878d8565fe329a00d258935039ab02e02eab8e32019b9ba9ae3e8,2026-10-07
07d5275da305f86c,T644ca81181,Hoyte,https://news.bbc.co.uk/sport1/hi/football/teams/m/middlesbrough/7558322.stm,3000000.00,GBP,200,NOT CONFIRMED (page fetched; figure not found near the player's name),UNVERIFIED,,,0,B,86641a9e3eb436049da248c7bf1d4152148483ed5ef336a398d7295895be6828,2026-10-07
07f39663551c21b6,T9d9c3b1a41,Pulisic,https://www.bvb.de/de/en/news/news-overview/news.html/eng/News/Overview/Pulisic-to-join-Chelsea-in-the-summer.html,64000000.00,EUR,200,VERIFIED,VERIFIED,€64 m,"would have expired at the end of the season, is €64 million. BVB will not have to pay a loan fee for",22,A,03a7f78c88fb7cd0af0afa47d93626bdcbd20363eccd755d32e25763760f8d0e,2026-10-07
0844534bd528d004,Tf19f564e57,Heskey,http://news.bbc.co.uk/1/hi/sport/football/fa_carling_premiership/672844.stm,11200000.00,GBP,200,NOT CONFIRMED (page fetched; figure not found near the player's name),UNVERIFIED,,,0,B,ded8e7affc0166cb97fd7c2ab8768f8a2b010212dfbad9e743b36d597b8db938,2026-10-07
08523913571ce407,T11d49bf32a,Johnstone,https://www.bbc.co.uk/sport/football/articles/cp9rjm1pd4jo,10000000.00,GBP,200,VERIFIED,VERIFIED,£10m,Sam Johnstone: Crystal Palace goalkeeper joins Wolves for £10m - BBC Sport BBC Homepage Skip to content Accessibility Help Your,20,B,d16b2f7717c264a989bec92ea9b4ac3b7d8df69caea01baca2e0553aa43578ec,2026-10-07
08725fe7d5e4842d,T40655b253b,Fatawu,https://www.bbc.co.uk/sport/football/articles/cr49r3w9734o,20000000.00,GBP,200,VERIFIED,VERIFIED,£20m,Ipswich complete £20m deal for Leicester City winger Abdul Fatawu - BBC Sport BBC,14,B,5773a4d56d8e20f4b7a160aaee02a3c2724677732964f4b060dff4cf67250a45,2026-10-07
08775b488b666fa3,T81c17864e6,Barton,https://www.independent.co.uk/sport/shearer-goes-home-for-pounds-15m-1331235.html,4000000.00,GBP,200,VERIFIED,VERIFIED,pounds 4m,"Jimmy Crawford (Bohemians) pounds 75,000 Total (7 players) pounds 7m 1995-96 season Warren Barton (Wimbledon)",15,B,10179c369477e6126020da8c0b817f8d97f1a186af77eabab2e2b4ff5c23e0ce,2026-10-07
08851af26bc63973,T1314f5fdaf,Richards,https://www.theguardian.com/football/2001/sep/21/newsstory.sport5,8100000.00,GBP,200,VERIFIED,VERIFIED,£8.1m,of speculation and negotiation Dean Richards has finally completed an £8.1m move to Spurs - after Southampton agreed to accept half of,22,B,c7f2b65b2bae41dd174a067a85550e677fd5e44aed999bc4e2fd5d4fbe39f159,2026-10-07
088a3bd7654dcea4,T494a6a940c,Seri,https://www.skysports.com/football/news/11800/11805509/jean-michael-seri-files-criminal-complaint-for-fraud-against-nice-over-fulham-move,12000000.00,EUR,200,VERIFIED,VERIFIED,€12m,given at the time - according to Seri's lawyers was €12m for Seri and more than €12.6m for Le Marchand. Image: Maxime,22,B,d1af3367e1fe8958c63247787b8c1cc53240b168b31f10f63d8a5079f22e65fa,2026-10-07
08e15881a5fabe64,T49eccf989c,Kane,https://www.bbc.co.uk/sport/football/66484550,86400000.00,GBP,200,VERIFIED,VERIFIED,£86.4m,at Tottenham. The striker signs for an initial 100m euros (£86.4m) plus add-ons and could make his debut in Saturday's German Super,22,B,f15752f71fc8c9cb8def8e5ad52883f0dafcd45949a5429daed580b99fb38983,2026-10-07
08f14a2f11d8bb30,Te91bc42620,Groves,https://www.independent.co.uk/sport/football-on-the-move-1541911.html,750000.00,GBP,200,NOT CONFIRMED (page fetched; figure not found near the player's name),UNVERIFIED,,,0,B,5bd438dd034a4dbebba4409257fcb898428d92774a1d95e1d5bf0d9f88eeda86,2026-10-07
0905b5a879fe3172,Tab954f67a3,Yorke,https://www.independent.co.uk/sport/football-united-win-pounds-12m-battle-for-yorke-1173103.html,12000000.00,GBP,200,VERIFIED,VERIFIED,pounds 12m,Football: United win pounds 12m battle for Yorke | The Independent | The Independent Thank,15,B,f5bc07a65a0a3de3305c326c691590dc1b8cfe4f8a8c104aaf4958aa08c74801,2026-10-07
09357382d61e4fed,T1221f9e8ec,Bouaddi,https://www.skysports.com/football/news/11679/13576515/ayyoub-bouaddi-transfer-manchester-city-complete-record-breaking-lb86m-deal-to-sign-18-year-old-morocco-midfielder,86000000.00,GBP,200,VERIFIED,VERIFIED,£86m,Ayyoub Bouaddi transfer: Manchester City complete record-breaking £86m deal to sign 18-year-old Morocco midfielder | Football News | Sky,19,B,88f674328bfe7025f7fbbfff6d9c9cd2e5083922ca7de711e1f67eea0ef98101,2026-10-07
093afbdbeebeda2a,Tbe50cb2e87,Gomes,https://www.bbc.co.uk/sport/48484572,22000000.00,GBP,200,VERIFIED,VERIFIED,£22m,£31.35m 25 June Premier League Andre Gomes [Barcelona - Everton] £22m English Football League Elijah Adebayo [Fulham - Walsall] Free Jordan,21,B,bcf524a488746df0d083b07abce601739efa28318e7e3f0036ca69002baa37cc,2026-10-07
0944619b4dc7a13f,T94bc682cec,Richarlison,https://www.skysports.com/football/news/11095/11447594/everton-complete-deal-to-sign-richarlison-from-watford-on-five-year-deal,40000000.00,GBP,200,VERIFIED,VERIFIED,£40m,five-year contract. Sky sources understand that Everton have paid around £40m for the 21-year-old forward. Richarlison becomes new Everton manager,20,B,2559242719795e3798afad035651497592329d8dd77fa4a6f64e55771334be96,2026-10-07
09639a2bcb4c5416,Tce1de9030d,Faivre,https://www.bbc.co.uk/sport/football/66196378,12800000.00,GBP,200,VERIFIED,VERIFIED,£12.8m,Romain Faivre: Bournemouth sign Lyon midfielder for £12.8m & loan him to Lorient - BBC Sport BBC Homepage Skip,19,B,b3ef73c00aaf8c3198570c1c9d1bea880d493c06e85538677860a887ad2921f0,2026-10-07
0980d4e4e2c3c618,T7fd5aed1a6,Jenas,http://news.bbc.co.uk/sport/hi/english/football/teams/n/newcastle_united/newsid_1795000/1795337.stm,5000000.00,GBP,404,BLOCKED or gone (HTTP404),UNVERIFIED,,,0,B,,2026-10-07
0994fbb04987a6b9,T0dd4b2fff4,Sereni,https://www.theguardian.com/football/2001/aug/18/newsstory.sport5,4570000.00,GBP,200,VERIFIED,VERIFIED,£4.57m,not reveal the precise fee but said it exceeded the £4.57m they paid Wimbledon for Hermann Hreidarsson last August. Sereni's mov,21,B,5ad3e1ded841cce39484ec82cda9f4ea818ce27b4b72cb0bf4bf287228a5bf36,2026-10-07
09b61cf7aa92a024,Td7f026235e,Asprilla,https://www.independent.co.uk/sport/football-on-the-move-1140880.html,6000000.00,GBP,200,VERIFIED,VERIFIED,pounds 6m,"fees unless stated Faustino Asprilla (forward) Newcastle to Parma (It) pounds 6m; Matt Carbon (defender) Derby to West Bromwich (pounds 800,000); Wayn",22,B,03bef8825dc4a3649d3faeaf1a83c50569280f541470c561b77f0b1b53c37a41,2026-10-07
09cd0d2e87aad0c9,Tb9dac7318e,Bassedas,https://news.bbc.co.uk/2/hi/sport/football/772566.stm,3500000.00,GBP,200,NOT CONFIRMED (page fetched; figure not found near the player's name),UNVERIFIED,,,0,B,f7399404d6e12ddd8181b673f58035a3ce04406d52fe0f59e64bb66116c0e941,2026-10-07
09e09950a51f0673,Tfa535bed64,Savona,https://www.bbc.com/sport/football/articles/cpv0gx7ln1xo,13400000.00,GBP,200,VERIFIED,VERIFIED,£13.4m,Savona from Juventus on a five-year deal worth up to £13.4m (15.5m euros). The 22-year-old becomes Forest's ninth signing of the,21,B,1fa312c8c3ff4ec1a410c7379e56e45dd88f4f87ed3a18c60ba9e03c60d02b49,2026-10-07
0a09c9667d0fb53d,Teca18c44a8,Ndombele,https://www.bbc.co.uk/sport/football/48841318,53800000.00,GBP,200,VERIFIED,VERIFIED,£53.8m,Ligue 1 side Lyon for a club record 60m euros (£53.8m). The 22-year-old has signed a deal until 2025 and the fee,22,B,03dbb2cea1df1466b612de38a555046a18b75782ad01f7f70101380cde2cd1bd,2026-10-07
0ac60d15546f3c87,T6c5d0d7b4b,Ferguson,https://news.bbc.co.uk/sport2/hi/football/teams/e/everton/884163.stm,3750000.00,GBP,200,NOT CONFIRMED (page fetched; figure not found near the player's name),UNVERIFIED,,,0,B,d06f7a03432cf5aa1a4c5bda3c513736b425d9ae011c082f2d293c4215cb594d,2026-10-07
0b0151070d0907ca,Tc25bc104ce,Satpayev,https://www.bbc.co.uk/sport/football/articles/c1w1y95305no,3400000.00,GBP,200,VERIFIED,VERIFIED,£3.4m,"having pre-agreed to join Chelsea in January 2025 in a £3.4m move from Kairat FC. Satpayev said: ""I'm very pleased to be",22,B,32a99b7bcc9cccc571b5c121ee9d883007aed017b804fc472cceeea0d1bf25a7,2026-10-07
0b2ad2072455e1fa,Ta4e4bf9880,Mitrovic,https://www.bbc.co.uk/sport/articles/c871jy01l01o,42600000.00,GBP,200,VERIFIED,VERIFIED,£42.6m,"Asian Champions League winners snatched Mitrovic for 50 million euros (£42.6m), in one of the biggest transfers in the history of Serbian",22,B,7031a92d7cdd74fe694102a9757a3ca4659a2fe750f552b372d698dbaec15d8e,2026-10-07
0b2bb9c78d42d6be,T6db9229a36,Yohanna,https://www.bbc.co.uk/sport/football/articles/cjeg2w8zv5yo,21500000.00,GBP,200,VERIFIED,VERIFIED,£21.5m,Brighton agree £21.5m deal for AIK Stockholm winger Zadok Yohanna - BBC Sport BBC,14,B,68522721f270fb77b0fa72ebb667bbe6caa77c322104a9ff76c741d3b0d41abd,2026-10-07
0b3af2fbf2493cb6,Tcbf5f2ad2d,Pogba,https://www.skysports.com/football/news/11667/10632115/paul-pogbas-agent-mino-raiola-made-gbp24m-from-transfer-to-manchester-united-say-juventus,105000000.00,EUR,200,VERIFIED,VERIFIED,€105m,"on Tuesday, Marotta said: ""The price tag we asked was €105m (£94m) plus €5m (£4.5m) bonus in the case that the player",22,B,ad423476e56fe39882ea18ecd7cde7bcdb9c09b7ca36761505b9d7fe43329051,2026-10-07
0b78c1890bd4e19c,Tf1ced55f29,Brolin,https://www.independent.co.uk/sport/football-growing-pains-for-the-league-of-nations-1353855.html,4500000.00,GBP,200,VERIFIED,VERIFIED,pounds 4.5m,"Sundsvall, Norrkoping, Parma To England: November 1995 Club: Leeds Cost: pounds 4.5m Made 17 starts and scored four goals for Leeds between",22,B,59a890fe55ab7337acaf20c398fcca88e19c66776a0fbaec4bc14f5447c54c5e,2026-10-07
0b7d4642e8a62ede,T9a65a22dad,Robinho,https://www.skysports.com/football/news/4083921/city-clinch-robinho-coup,32500000.00,GBP,200,VERIFIED,VERIFIED,£32.5m,Robinho from Real Madrid for a British record fee of £32.5million. More from Football Who came out on top? - All the,22,B,1d9a3bd0d0999ff1e717fdcd695db27b253c40c35e448a616c3e2902d970669e,2026-10-07
0ba7f414b69e9dcb,Tf49511038e,Saha,https://www.theguardian.com/football/2004/jan/23/newsstory.sport11,11500000.00,GBP,200,VERIFIED,VERIFIED,£11.5m,"the stock exchange, Saha, 25, cost £12.825m, with Fulham receiving £11.5m, £575,000 going to the Premier League and £750,000 to the agents",22,B,601d96d7cb1e2ef2e29f4c267deddecefd97dd0fadadb6b3d2798bc9aba1f84a,2026-10-07
0baa8eace84aa563,T6a4cfea0d0,Angulo,https://www.bbc.co.uk/sport/football/articles/ce8exr0n6y0o,17500000.00,GBP,200,VERIFIED,VERIFIED,£17.5m,"Anything Who Am I? Quiz Sunderland sign winger Angulo in £17.5m deal Image source, Getty Images Image caption, Nilson Angulo has scor",22,B,6ef9f2f3e6cccd2c152548f3b3c029919e5ea8e5c355f7c7a71f1523a485b622,2026-10-07
0c2b5f59ee7b3ac9,Tc259303847,Lees-Melou,https://www.bbc.com/sport/football/57818652,3500000.00,GBP,200,VERIFIED,VERIFIED,£3.5m,Pierre Lees-Melou: Norwich City sign midfielder for about £3.5m - BBC Sport BBC Homepage Skip to content Accessibility Help Your,20,B,522a314fb8fba3165717c5ac572de7e43007172421b588114cc7709a1723a9f6,2026-10-07
0c43212865d51b34,Te0970d7046,Lamela,https://www.bbc.co.uk/sport/football/23868923,25700000.00,GBP,200,VERIFIED,VERIFIED,£25.7m,"claim Argentine forward Erik Lamela is to join Tottenham for £25.7m (30m euros). The deal for Lamela, 21, also includes up to",22,B,9b9ad8a2b36de466bd729fde784ca35952a02277703b44ee0ecec8dc13bb8a2d,2026-10-07
0c71b0766ff3f184,T89bd3b59d9,Jarvis,https://www.bbc.co.uk/sport/football/19342136,10750000.00,GBP,200,VERIFIED,VERIFIED,£10.75m,West Ham agree £10.75m deal for Wolves winger Matt Jarvis - BBC Sport BBC Homepage,15,B,fc3ea647217e0c19332a666d0d1b9dff264c3de9ba6db4a26b74098c8bcbcc46,2026-10-07
0c821f6e6a881304,Tdb5f89a6a9,Longstaff,https://www.bbc.com/sport/football/articles/c9vr40rkxzdo,12000000.00,GBP,200,VERIFIED,VERIFIED,£12m,Sean Longstaff: Leeds United sign midfielder from Newcastle for £12m - BBC Sport BBC Homepage Skip to content Accessibility Help Your,21,B,01f6e7d7a68c8a4c6bf2b8718ae2a0bffe644cf040e45ded23f9e7670471ae52,2026-10-07
0caa9c115e7180f4,Tf63ef97c81,Marmoush,https://www.theguardian.com/football/2025/jan/23/manchester-city-confirm-omar-marmoush-signing-eintracht-frankfurt,70000000.00,EUR,200,VERIFIED,VERIFIED,€70m,Manchester City have confirmed the signing of Omar Marmoush for €70m (£59.1m) plus €5m in add-ons from Eintracht Frankfurt and have agreed,22,B,7de03277020c09a473f1af7abc46b1575ce9ece332983d4df4099f7929c8cde7,2026-10-07
0d1ff45bdbb9cc8b,T3187fd9289,Ings,https://www.skysports.com/football/news/11669/11467379/danny-ings-joins-southampton-on-loan-from-liverpool,20000000.00,GBP,200,VERIFIED,VERIFIED,£20m,"his loan spell ends. Sky sources understand a fee of £20m has been agreed between the two clubs, £18m of which is",22,B,e3dd73eedd689dbe3fd2aed4d8f765f6db138e3a10ee38435d260e0844432e25,2026-10-07
0d425605354dd075,Td862d1fb29,Mukiele,https://www.bbc.com/sport/football/articles/c2018e04g80o,9500000.00,GBP,200,VERIFIED,VERIFIED,£9.5m,"the Black Cats this summer. He will cost an initial £9.5m (11m euros), with a further £2.5m (3m euros) in add-ons. ""It's",22,B,24710317b613a0b84e1ce9a45a83a70f8f1af6b29fe65330a347c92819e5f9dd,2026-10-07
0d489625efcf55ec,Teccfe5e8e0,Malbranque,https://www.theguardian.com/football/2001/aug/01/newsstory.sport6,4500000.00,GBP,200,VERIFIED,VERIFIED,£4.5m,"contract from Juventus for £7m. The day after agreeing a £4.5m fee for the French midfielder Steed Malbranque, the Craven Cottage ma",22,B,ced59edc107b1edd7734178c3e26bc97809f573152be9afa751b81a1b62f0950,2026-10-07
0d4d0f2d37cc5f19,T809964f327,Spence,https://www.bbc.co.uk/sport/football/articles/cz64vg6znz1o,25600000.00,GBP,200,VERIFIED,VERIFIED,£25.6m,"reportedly paying a fee of around 30m euros , external (£25.6m) for the 26-year-old. He is the second England player to join",22,B,20fb7eb721e4b7f181ceb721b2f09200fb8586a5bc34c174c983a85c02529157,2026-10-07
0d7e118a17ee0832,T45c165a156,Skipp,https://www.bbc.co.uk/sport/football/articles/c204xqv315vo,20000000.00,GBP,200,VERIFIED,VERIFIED,£20m,"on a five-year deal for a fee in excess of £20m. The 23-year-old, who came through Spurs' academy, made 77 Premier Le",22,B,c7908529591e6bd36f2b2c101a7822dea76a49e57ac8d02c30ce666196d0e6c2,2026-10-07
0db5b026a56d649a,T3cef4ffa09,Milner,https://www.rte.ie/sport/soccer/2010/0818/269418-milner_ireland/,15000000.00,GBP,200,VERIFIED,VERIFIED,£15m,"well for Aston Villa.’ City are thought to have paid £15m plus Ireland to secure Milner's services. England midfielder Milner,",20,D,aac19cd365b6a838296da8e60508855ca88604bc1631c026ad51eb38a69e7c35,2026-10-07
0dc2bcd37922a0a2,T6a760354c7,Andersen,https://www.skysports.com/football/news/11095/12366558/crystal-palace-sign-joachim-andersen-from-lyon-on-five-year-deal,14000000.00,GBP,410,BLOCKED or gone (HTTP410),UNVERIFIED,,,0,B,,2026-10-07
0dd874843dada446,T5d7bb304bb,Capoue,https://www.skysports.com/transfer/news/11686/9904937/etienne-capoue-joins-watford-from-tottenham-hotspur,6000000.00,GBP,200,VERIFIED,VERIFIED,£6m,Tottenham for a club-record fee which Sky sources understand is £6million. The 26-year-old midfielder moved to White Hart Lane in the sum,22,B,4332ed1d4ff4c3438610fc5f8daca5419023c1b56d788a20040e200985162ee2,2026-10-07
0dde11f9372a3b95,T035b842ea5,Campbell,https://www.independent.co.uk/sport/rioch-admits-he-must-buy-new-players-1598834.html,2500000.00,GBP,200,VERIFIED,VERIFIED,pounds 2.5m,"still a long way off. Campbell, Forest manager Frank Clark's pounds 2.5m replacement for Stan Collymore, returned to ram the jeers of",22,B,4a88459840fb106e28c384c68bbfc0605329d98d34e52c674e2bc2787bfc3645,2026-10-07
0de824d50f0305f7,T84579c54e9,Cucurella,https://www.independent.co.uk/sport/football/chelsea-transfer-marc-cucurella-fee-brighton-b2138830.html,62000000.00,GBP,200,VERIFIED,VERIFIED,£62m,Chelsea confirm Marc Cucurella transfer in £62m deal from Brighton | The Independent Thank you for registering Please,18,B,95b4168e933fbcd937ea8d4ac4645895ed21aa538d470cd978aa564688b5c15b,2026-10-07
0e0fb449231cb4b9,T6db6e21f3e,Joao}},https://www.bbc.co.uk/sport/football/65502319,30000000.00,GBP,200,NOT CONFIRMED (page fetched; figure not found near the player's name),UNVERIFIED,,,0,B,ca9614506d237f1f0a4d2cc44a523b9a487126c2c4665b87c747ace2edbf4f6b,2026-10-07
0e2b42793702dbff,T86370b5613,Bokšić,https://news.bbc.co.uk/sport2/hi/football/teams/m/middlesbrough/870175.stm,2500000.00,GBP,200,NOT CONFIRMED (page fetched; figure not found near the player's name),UNVERIFIED,,,0,B,ef3ac1de6568feb822b6151668454208e473a686eee7349a097d82a5f7324141,2026-10-07
0e7ddafae0e77dd0,T06ac4901bc,Hecke,https://www.bbc.co.uk/sport/football/articles/cgqj33gq21jo,52000000.00,GBP,200,VERIFIED,VERIFIED,£52m,Jan Paul van Hecke: Tottenham sign £52m Brighton defender - BBC Sport BBC Homepage Skip to content Accessibil,18,B,8934ffe1f88c614a5c0a0c0cb5d61a9ca76114b8cdcb5e5a041fdd74dddbc95f,2026-10-07
0e944d8c13685f95,Tf905f683f7,Ferdinand,https://www.bbc.co.uk/sport/football/articles/c0kpz5plmkpo,18000000.00,GBP,200,VERIFIED,VERIFIED,£18m,transfer record by signing Rio Ferdinand from West Ham for £18m. The then 22-year-old became the world's most expensive defender and,21,B,2b8dd16266ecad2cfaf90e09475e83241eecab6ca2faa41ca6101a451b07f288,2026-10-07
0eb31298f9b9aa85,T20311d5b5e,O'Brien,https://www.bbc.co.uk/sport/football/articles/ckkg7p1k57no,16400000.00,GBP,200,VERIFIED,VERIFIED,£16.4m,centre-back Jake O'Brien from Lyon on a four-year deal for £16.4m. The 23-year-old Republic of Ireland defender made 27 appearances for,21,B,814bdf2cc8154f50b611f5c8a719c3982dc73de6e8f3afddee8d449ed3c68714,2026-10-07
0f0a232754ac1c8f,Tb282bd2e02,Jacquet,https://www.skysports.com/football/news/13502234/jeremy-jacquet-transfer-news-liverpool-sign-rennes-defender-in-60m-deal-with-20-year-old-moving-to-anfield-this-summer,60000000.00,GBP,200,VERIFIED,VERIFIED,£60m,Jeremy Jacquet transfer news: Liverpool sign Rennes defender in £60m deal with 20-year-old moving to Anfield this summer | Football News,21,B,922c4f11521380c4945e6b863266cba36e8830fa08e7ae1e13c208387373f594,2026-10-07
0f324251af4b3997,Tba31d29c8c,Hopkin,https://www.bbc.co.uk/sport/football/20633812,2400000.00,GBP,200,VERIFIED,VERIFIED,£2.4m,"summer signings Benito Carbone, Ashley Ward, Dan Petrescu and record £2.4m signing David Hopkin among their ranks, although it was club legend",22,B,92f908cf8fc464e1b765cac876a6139c09a3bf5429a90414249b761512c08cc9,2026-10-07
0f3578d72d514fca,T357c8b4fa7,Yirenkyi,https://www.theguardian.com/football/2026/aug/05/crystal-palace-ready-to-swoop-for-us-star-zavier-gozo-and-stand-firm-on-wharton,23000000.00,GBP,200,VERIFIED,VERIFIED,£23m,"is more than 2 months old Promoted side closing on £23m deal with Nordsjælland Palace target USA’s Zavier Gozo, hold firm on",22,B,141bc2ba54131cd092eb7792fb4440902ef31a6bed9fba83e6eda4c4b7558896,2026-10-07
0f382aafc0404fc9,T62f471eea1,Hutchinson,https://www.bbc.co.uk/sport/football/articles/cx27e6wgxrlo,37500000.00,GBP,200,VERIFIED,VERIFIED,£37.5m,"winger Hutchinson joins from Ipswich Town for a fee of £37.5m, while Forest have paid Manchester City close to £30m for midfielder",22,B,01c6bc60437257b415c4f617e7824bfeffe6117f105b3f6f6879c6a1a8d52fc0,2026-10-07
0f5d91cd09aba1ee,Tac6f939b0d,Muric,https://www.bbc.com/sport/football/articles/c6p2d30lq61o,15000000.00,GBP,200,VERIFIED,VERIFIED,£15m,Ipswich: Arijanet Muric joins from Burnley for £15m - BBC Sport BBC Homepage Skip to content Accessibility Help Your,19,B,bc01de743aaecf6b6031fbd24f98a1b625d08237db4edbf170c4615c733979f1,2026-10-07
0f6a2f42050b6309,T50789b1650,Clarke,https://www.bbc.com/sport/football/articles/cr403w15zgro,15000000.00,GBP,200,VERIFIED,VERIFIED,£15m,"for the Black Cats, joins for an initial fee of £15m, plus £5m in potential add-ons. Clarke becomes Ipswich boss Kieran Mc",22,B,f6e3ef5b8ba7b0e9c1fb9b53e0944b17516a59aefef2d6f48aa24e356e649bac,2026-10-07
0fa3520e98977644,T8a5320d083,Bergwijn,https://www.bbc.co.uk/sport/football/62092127,26400000.00,GBP,200,NOT CONFIRMED (page fetched; figure not found near the player's name),UNVERIFIED,,,0,B,15b77f651f2eda7c58d495db698fcf0c60bbe3fe680e076fcfaa09b87d6fcba9,2026-10-07
0fc68a74813d3e0a,T6e9cd0570a,Rushworth,https://www.theguardian.com/football/2026/aug/04/frank-lampard-coventry-brighton-carl-rushworth-transfer-roundup,22500000.00,GBP,200,VERIFIED,VERIFIED,£22.5m,Frank Lampard hails ‘huge’ signing as Coventry seal record £22.5m Rushworth deal | Transfer window | The Guardian Skip to main,21,B,c3679c5338ee64f3f83edde76c79b832841eb4c8c65f14a0b43823fad1a9e995,2026-10-07
0fd35cf61eef37e4,Taecd1cc4d2,Batty,https://www.skysports.com/football/player/22575/david-batty,2800000.00,GBP,200,VERIFIED,VERIFIED,£2.8m,history From To Date Fee Leeds Blackburn 26 Oct 1993 £2.8m Blackburn Newcastle 02 Mar 1996 £3.8m Newcastle Leeds 08 Dec 1998,22,B,023c7dcd17ce84cba4554f5051a91fe788e3bac4f6c8ea3d78b573cc7f257230,2026-10-07
10007bda65a72b5e,Tdc3406e801,Anderson,https://www.theguardian.com/football/2008/may/20/championsleague.manchesterunited,20400000.00,GBP,200,VERIFIED,VERIFIED,£20.4m,"Shots on/off 12/5 Y/R 1/0 Anderson, midfielder, 20 From Porto, £20.4m 2007 He's the one who Looks a picture of chubby-cheeked innocence",22,B,3f9321d8a5eb41c67dd365e3dc5d38c2060d1eb8aa4d96b15a11c9b96c757975,2026-10-07
100a8ac52692c369,T2007c811a9,Ronaldo,https://www.skysports.com/football/news/2273339/united-confirm-ronaldo-capture,7770000.00,GBP,200,NOT CONFIRMED (page fetched; figure not found near the player's name),UNVERIFIED,,,0,B,8627edd60529039249f11d07dfb3039a42aa604b790ae268e98f4e0f73be3058,2026-10-07
10995975c9289d82,Te1eb2cefc8,Mané,https://www.theguardian.com/football/2016/jun/28/sadio-mane-signs-liverpool-southampton,30000000.00,GBP,200,VERIFIED,VERIFIED,£30m,Sadio Mané signs for Liverpool from Southampton in deal worth £30m | Liverpool | The Guardian Skip to main content Skip to,22,B,1b91f2b8d66d13870eca76785ace54d4fd8151998535d855b302677e218b52ce,2026-10-07
10b54fc3f2e550eb,Tce7487112b,Ouattara,https://www.bbc.com/sport/football/articles/ce93152xme1o,42500000.00,GBP,200,VERIFIED,VERIFIED,£42.5m,Dango Ouattara: Brentford pay club record £42.5m to sign forward from Bournemouth - BBC Sport BBC Homepage Skip,18,B,e085a3ce20758df34166064fd408d13e3e8fc6a8fe653ddde7d919cdbb080e39,2026-10-07
10da3c55a7e58dde,T21c5a280c5,Payet,https://www.theguardian.com/football/2017/jan/29/dimitri-payet-west-ham-agree-25million-marseille,25000000.00,GBP,200,VERIFIED,VERIFIED,£25m,"Prefer the Guardian on Google Dimitri Payet has completed his £25m move to Marseille from West Ham United , signing a four-and-a-half",22,B,d9087cfeabd9688068a8df3458029ce15dc6280c39f4538ac9a6d4f018b63f65,2026-10-07
1138a8681ab7bda3,T40c8c26597,Shittu,https://www.skysports.com/football/player/7822/danny-shittu,1600000.00,GBP,200,VERIFIED,VERIFIED,£1.6m,QPR 10 Jan 2002 £350k QPR Watford 06 Aug 2006 £1.6m Watford Bolton 06 Aug 2008 Undisclosed Bolton Unassigned 01 Sep 2010,22,B,bfd63efe3e8bcc652cad78761e6aa8c45a255a2ab32e9c795b88ed1ea4aaa5cb,2026-10-07
113d6f660f6bb88f,Tf289fbafdc,Greening,https://news.bbc.co.uk/sport2/hi/football/teams/m/middlesbrough/1471894.stm,2000000.00,GBP,200,NOT CONFIRMED (page fetched; figure not found near the player's name),UNVERIFIED,,,0,B,0a2aaf63f0052cfb0c098f8fffdcfa4451b6ed592c4c9ebb04f3c6c59d1266e5,2026-10-07
116038644fa09bab,T3cca703aa8,Hutchison,https://news.bbc.co.uk/sport2/hi/football/teams/w/west_ham_utd/1514594.stm,5000000.00,GBP,200,NOT CONFIRMED (page fetched; figure not found near the player's name),UNVERIFIED,,,0,B,b435e543b649d389ae8160c53cb96a4d680a4d6fe4d051d165f10b213bc32a26,2026-10-07
117648457bee4c0b,T772b1b0d43,Torres,https://www.theguardian.com/football/2007/jul/04/newsstory.sport3,26500000.00,GBP,200,VERIFIED,VERIFIED,£26.5m,"The striker, understood to have cost a club-record fee of £26.5m, passed a medical at the club's Melwood training ground yesterday. He",22,B,c1aea828183ec1283d7ef776d5c7954bd3c0070834658b4379bb00f880398ca2,2026-10-07
119c1d582b1a710d,Tff009bb6cb,Bruyne,https://www.theguardian.com/football/2015/aug/29/kevin-de-bruyne-medical-manchester-city-manuel-pellegrini,70000000.00,EUR,200,VERIFIED,VERIFIED,€70m,"examination had been undertaken. City insist the move will cost €70m (£50.85m), despite reports in Germany claiming the fee is £58m, but",22,B,7c7718428ad915337c28697dd866fb775e41f9b8e5da9c41d384605facad1108,2026-10-07
11cd218d9a3444a9,Tae96755f7a,Lemina,https://www.skysports.com/transfer/news/12691/10979571/southampton-break-transfer-record-to-sign-mario-lemina-on-five-year-deal-from-juventus,16000000.00,GBP,200,VERIFIED,VERIFIED,£16m,"fee. Sky Sports News understands Saints will pay an initial £16m for the 23-year-old, with the deal potentially rising to £20m. The",22,B,c151889bc643b986cbddab3986eca9f6eccf3632b51cd15112daad0401ed0d13,2026-10-07
11d97507ba15e782,T090cae5783,Ayew,https://www.bbc.co.uk/sport/football/42767978,18000000.00,GBP,200,VERIFIED,VERIFIED,£18m,"Andre Ayew from West Ham for a club-record fee of £18m, possibly rising to £20m. The Ghana international, 28, left the Swans",22,B,f8b5c85532a4cb508132f712030acdc3a5e65931da349d4a29aaf475355c158d,2026-10-07
11f217d12174e686,T657792af5a,Tevez,https://news.bbc.co.uk/sport1/hi/football/6922733.stm,2000000.00,GBP,200,NOT CONFIRMED (page fetched; figure not found near the player's name),UNVERIFIED,,,0,B,ed9a35310b741481eef4ba72e9f0016aea0237071703e8254b9c45c9f57f257b,2026-10-07
11f6077d31500796,T044b6371d2,Success,https://www.bbc.co.uk/sport/football/36683381,12500000.00,GBP,200,VERIFIED,VERIFIED,£12.5m,"goals in La Liga last season, has cost a reported £12.5m and signed a five-year contract. Watford have also signed Genk defend",22,B,254d1e403b95257fd03f53d000b79a3e0eee1a77b53a6fc886cb4924d2a95966,2026-10-07
120ed9b19bb39235,Te4adf0afff,Thatcher,https://www.independent.co.uk/sport/football-boro-offer-ajax-pounds-6m-for-kluivert-1327288.html,2000000.00,GBP,200,VERIFIED,VERIFIED,pounds 2m,"is wanted just as much by Everton. Wimbledon spent nearly pounds 2m on Milwall's ""uncut diamond"" Ben Thatcher yesterday, but were prevent",22,B,e488f5b1096f2a5bbdf8935e7c7571596d8f8653543221540bde2cd7544169cc,2026-10-07
122a7a62bec23b0f,T49eccf989c,Kane,https://www.bbc.co.uk/sport/football/66484550,95000000.00,GBP,200,NOT CONFIRMED (page fetched; figure not found near the player's name),UNVERIFIED,,,0,B,f15752f71fc8c9cb8def8e5ad52883f0dafcd45949a5429daed580b99fb38983,2026-10-07
1233edde43692a5c,Tbccc363c10,Fernandes,https://www.bbc.co.uk/sport/football/articles/c4glel61zd4o,15000000.00,GBP,200,VERIFIED,VERIFIED,£15m,from Sporting Lisbon for a fee in the region of £15m. The Portugal Under-21 international joins the Saints on a five-year,21,B,bfbf48ba9a87138978b35a8a0447e42912ee379b428e8d478d18dc80cc586785,2026-10-07
125539434f7bb220,Td38a30311a,Barthez,https://www.theguardian.com/football/2000/may/31/newsstory.sport8,7800000.00,GBP,200,VERIFIED,VERIFIED,£7.8m,Barthez signs for United in £7.8m deal | Soccer | The Guardian Skip to main content Skip,17,B,1ecbfb6b1c747f763db36c31473ddef776cc1a49a26131d95b3aac73613c6235,2026-10-07
12668560a20d6abf,Tf48b8e605e,Rooney,https://www.theguardian.com/football/2007/apr/19/newsstory.sport,20000000.00,GBP,200,VERIFIED,VERIFIED,£20m,in the summer of 2004 for an initial fee of £20m but the terms of the deal include bonus payments of up,22,B,b3c9de0d63f3b110f8e57eba37ba9730a6dfb01aad6fc223e91421a268beeb5a,2026-10-07
1270998a88308668,T3ae5a12640,Palhinha,https://www.bbc.co.uk/sport/football/62036926,17000000.00,GBP,200,VERIFIED,VERIFIED,£17m,on a five-year deal for a reported fee of around £17m. The 26-year-old is Fulham boss Marco Silva's first signing since the,22,B,7b0769a68616c458edfde8d4d6944ecf4f8cacc34ec05d3b451ed59ce154856e,2026-10-07
12997542179ba927,Tc7381dd8f8,Petit,https://www.theguardian.com/football/2000/jul/28/newsstory.sport5,8000000.00,GBP,200,VERIFIED,VERIFIED,£8m,"for Petit, but the fee is believed to be around £8m. All that remains to be settled is the players' personal terms",22,B,9e6c13108fa9a22e2273be97addd394a7d80b494d0273a4022bce1f7c3f9720c,2026-10-07
129c4f1ebd873af6,T3883671d98,Højbjerg,https://www.bbc.co.uk/sport/football/articles/czq6edq65v6o,17000000.00,GBP,200,NOT CONFIRMED (page fetched; figure not found near the player's name),UNVERIFIED,,,0,B,ff77a48c76b0a3b4814327a6a6a4ea211fc0d65c4b45481805010b55bb4a2062,2026-10-07
12a32b196ef7e635,Tda320a0211,Enzo}},https://www.bbc.co.uk/sport/football/64463077,107000000.00,GBP,200,NOT CONFIRMED (page fetched; figure not found near the player's name),UNVERIFIED,,,0,B,dca71d740ba57fac439b2da9adeb24b70fdedc655f952e38226f66b31c6618b9,2026-10-07
12cd8e68112b55fa,Tc75f0155e2,Tevez,https://www.bbc.co.uk/sport/football/23056298,25500000.00,GBP,200,VERIFIED,VERIFIED,£25.5m,"his advisors - who owned his contract - a reported £25.5m fee, although some have claimed the figure was £47m. He has",22,B,a93796e458e2c734d502c946f5b200a38882113a2843786199f79694b61f9d7e,2026-10-07
12f69c0b8e52dbe1,T689405a5e4,Sancho,https://www.bbc.co.uk/sport/football/57827831,73000000.00,GBP,200,VERIFIED,VERIFIED,£73m,Jadon Sancho: England winger completes £73m move to Manchester United from Borussia Dortmund - BBC Sport BBC,17,B,1442ba416f9b070619aec72793ca7d2f7a5ac29bb8e95dd258ad114dca4e87a4,2026-10-07
12fd4b07009e526c,Tfc4a4a7d04,Delap,https://www.bbc.com/sport/football/articles/c880dme9x1eo,20000000.00,GBP,200,VERIFIED,VERIFIED,£20m,Town sign Man City forward in deal worth up to £20m - BBC Sport BBC Homepage Skip to content Accessibility Help Your,22,B,e1e14ded0c160f76d1235695de1902743f919bab516604982010fa93872ee1c9,2026-10-07
1305166d747c3e57,Tc043d68933,2000}},https://www.bbc.com/sport/football/62748772,82000000.00,GBP,200,NOT CONFIRMED (page fetched; figure not found near the player's name),UNVERIFIED,,,0,B,b342b0365dbbea791b5e31d1335a37aa77546f2e3be0325222707a8d9a0bd48e,2026-10-07
13397b2a0324e6e9,T6ce7e8adbe,Milošević,https://www.independent.co.uk/sport/milosevic-happy-in-the-long-run-1600418.html,3500000.00,GBP,200,NOT CONFIRMED (page fetched; figure not found near the player's name),UNVERIFIED,,,0,B,97f8fe7d810613aeba3673cceb95e2201a788e691dccaa65d160f0f48140557b,2026-10-07
13549b24e2f13bcf,T8986ae21bf,Solanke,https://www.bbc.co.uk/sport/football/articles/c3ej8g7dwjjo,55000000.00,GBP,200,VERIFIED,VERIFIED,£55m,"deal worth up to £65m. Spurs will pay an initial £55m with £10m in add-ons for the 26-year-old, who has signed a",22,B,460f98829062c912024512e38d29e5a6a80181c1020250cb9e10fe1190cd1507,2026-10-07
137e929da2e8ebcc,Ta6a1ac0614,Ederson,https://www.skysports.com/amp/football/news/11679/10900560/manchester-city-have-completed-34-7m-ederson-signing-according-to-benfica,34700000.00,GBP,200,VERIFIED,VERIFIED,£34.7m,"Manchester City have completed £34.7m Ederson signing, according to Benfica | Football News | Sky Sports",16,B,52467f114b57e7d8f2c37b862fdbb893013c28c48666b2a5cdd238f325cd0cd9,2026-10-07
13a36fd4e2d6de20,T3c70a4061b,Barmby,https://www.theguardian.com/football/2000/jul/14/newsstory.sport3,6000000.00,GBP,200,VERIFIED,VERIFIED,£6m,Barmby signs for Liverpool in £6m deal | Soccer | The Guardian Skip to main content Skip,17,B,4c9b9a95ea3b38fb410bead6a520039a0a84b856feb10c966cfdb522dc503a04,2026-10-07
1404e1e7648fd795,T64f3eb831e,Myhill,"http://www.skysports.com/story/0,19528,12875_6287283,00.html",1500000.00,GBP,200,NOT CONFIRMED (page fetched; figure not found near the player's name),UNVERIFIED,,,0,B,a3190a7c2980db07299d19cd3639d0f5235fd9f5084f00ffdcb12c6d42e2f9e1,2026-10-07
1465b199f0e6856f,Te8dd2b5357,Malouda,https://www.uefa.com/uefachampionsleague/news/01c3-0e6e74616598-6069a14a4f93-1000--malouda-begins-chelsea-adventure/,20000000.00,EUR,200,VERIFIED,VERIFIED,€20m,League club. Weekend debut The 27-year-old's departure for a reported €20m fee from Olympique Lyonnais first came to light over the weekend,22,B,a7046f1298745d96f6ee7ed9bbea93d07310e3ff34d8fd9c394d0df6b0045705,2026-10-07
14767f55f0734be7,T21c5a280c5,Payet,https://www.bbc.co.uk/sport/football/38675958,25000000.00,GBP,200,VERIFIED,VERIFIED,£25m,Payet: West Ham criticise player as he rejoins Marseille for £25m - BBC Sport BBC Homepage Skip to content Accessibility Help Your,22,B,ca6b909903a761688907abbd7f3a41a33500624dbd9cc93fd98f755aa59dcab2,2026-10-07
1490fb92fc6eea92,Tbda30e004b,Ferguson,https://www.independent.co.uk/sport/football-johnson-poised-to-sell-everton-1187277.html,8000000.00,GBP,200,VERIFIED,VERIFIED,pounds 8m,"of Duncan Ferguson to Newcastle United for a fee of pounds 8m. Earlier in the day, it appeared that Walter Smith was",22,B,9a4856f6fb4f73e11f47095fa16187897f32c71b2d0d3083be82038c641d7dff,2026-10-07
14a94e0298d3c037,T8a55c42cde,Savio,https://www.skysports.com/football/news/11095/13575398/savio-transfer-news-tottenham-sign-winger-from-manchester-city-in-lb85m-deal,85000000.00,GBP,200,VERIFIED,VERIFIED,£85m,Savio transfer news: Tottenham sign winger from Manchester City in £85m deal | Football News | Sky Sports Skip to main content,22,B,972d2f99488f60f7c1abe611fe90f3d18ecf90422bb7cd2553322d43c153a602,2026-10-07
14ae3c31017f2134,Td3e78789ac,Richarlison}},https://www.skysports.com/football/news/11095/12643134/richarlison-tottenham-complete-60m-deal-for-everton-forward?pubDate=20250621,60000000.00,GBP,200,NOT CONFIRMED (page fetched; figure not found near the player's name),UNVERIFIED,,,0,B,90f411a55b29e0441cef50afdc2701b26bd17fa0dab2b75855309c7caddd6ff2,2026-10-07
14c6989f1ad3b9c1,Tf19f564e57,Heskey,https://www.liverpoolfc.com/info/emile-heskey,11000000.00,GBP,200,VERIFIED,VERIFIED,£11 m,in March 2000 – for a record transfer fee of £11 million. Heskey was capable of terrorising opposition defences with eit,21,A,bbb4cee43fd5af7e1db4cda8f683ef019f1d3f375a90e2c1283c6ae6de4bf36b,2026-10-07
14c84e012dfc45c4,Tc3b388f707,Morata,https://www.skysports.com/football/news/11668/10954266/chelsea-agree-fee-with-real-madrid-for-alvaro-morata,58000000.00,GBP,200,VERIFIED,VERIFIED,£58m,"Chelsea. Sky sources understand the initial fee for Morata is £58m (€65.6m). If all add ons are realised, the total fee could",22,B,f49b7a2dac96378618fbf06d80400ee5fe1e3bcb65c04a419ab6dd56dcc2a019,2026-10-07
14e55c17f13ad651,T629d1acc53,Delap,https://www.nytimes.com/athletic/7539787/2026/08/27/liam-delap-nottingham-forest/,45000000.00,GBP,403,BLOCKED or gone (HTTP403),UNVERIFIED,,,0,B,,2026-10-07
14e5dcb547d8e1b9,T78a9911884,Anelka,https://www.theguardian.com/football/2008/jan/11/newsstory.boltonwanderers1,15000000.00,GBP,200,VERIFIED,VERIFIED,£15m,Chelsea capture £15m Anelka | Soccer | The Guardian Skip to main content Skip,14,B,5dccb5c864a4611efdb74bf563887ab68ddb78012c14d95873471751280dbe96,2026-10-07
14eaa0070f599d4a,Td990e4ac32,Weiß,https://www.bbc.com/sport/football/articles/c89eyp51egxo,4300000.00,GBP,200,NOT CONFIRMED (page fetched; figure not found near the player's name),UNVERIFIED,,,0,B,c95be6eb28c190fe984d0e799b1eca7ee87e6984e7f011c0383d16da4e9ec158,2026-10-07
151127975b06fcd0,Tabff29e108,Earnshaw,https://www.independent.co.uk/sport/football/premier-league/moving-to-wales-was-just-like-starting-my-life-again-550752.html,3000000.00,GBP,200,VERIFIED,VERIFIED,£3m,"Wanderers 2-1. This they achieved without Robert Earnshaw, their record £3m signing from Cardiff City. West Bromwich Albion registered their firs",21,B,6e47498ae65b93a9585299170e6520bcffdbd07542c0eaa28bb1616450642f83,2026-10-07
152bd45ebfe0b8bd,Tcd6e6f85f0,Lookman,https://www.bbc.co.uk/sport/48827145,22500000.00,GBP,200,VERIFIED,VERIFIED,£22.5m,[Swansea - Feyenoord] Free Ademola Lookman [Everton - RB Leipzig] £22.5m 24 July Premier League Tom Dele-Bashiru [Manchester City - Watford] C,22,B,50ae4c396da5937613e828ea0f00fceab8a4b44c50d4561e81cab9adb74e5815,2026-10-07
1561ea5d795998b5,T772b1b0d43,Torres,https://soccerschools.liverpoolfc.com/history/past-players/fernando-torres,20000000.00,GBP,200,NOT CONFIRMED (page fetched; figure not found near the player's name),UNVERIFIED,,,0,A,7e88a9e040ddf95a10274b78398443dbb35f0e5509717a65fc3dbcf5dfdd41bd,2026-10-07
157b277b47d34143,Tf9b6a536ce,Almirón,https://www.theguardian.com/football/2019/jan/31/newcastle-break-club-transfer-record-sign-miguel-almiron-atlanta-united-fc-transfer-window-football,21000000.00,GBP,200,VERIFIED,VERIFIED,£21m,Newcastle break club record to sign £21m Miguel Almirón from Atlanta | Newcastle United | The Guardian Skip,18,B,b70de83ae4357b49c1e882897b21e51d5a7558ed8425dd585063c320ab945986,2026-10-07
158ce8ee2cdabf4e,T77855be054,Kehrer,https://www.bbc.co.uk/sport/football/articles/cm5423gey7zo,9500000.00,GBP,200,NOT CONFIRMED (page fetched; figure not found near the player's name),UNVERIFIED,,,0,B,597f1713a0ce2e9f1659aa5fc1c45d435a792e8d2441b61488ae515ca85d6fb2,2026-10-07
1596478c86361a9c,Tf50f3a337d,Nistelrooy,https://www.skysports.com/football/news/10507078/manchester-uniteds-top-10-transfer-record-signings,19000000.00,GBP,200,VERIFIED,VERIFIED,£19m,van Nistelrooy was a goalscoring machine at Old Trafford Fee: £19m Signed from: PSV Eindhoven Date: 1 July 2001 What they said:,22,B,640d0b5301e44b79f4dc24dc94656001cfb6d78dc6c979edd01491333ac5b2cf,2026-10-07
1608d307be20cfb8,Tb1831cab14,Charles,https://www.bbc.co.uk/sport/football/articles/ce3qgzv43d3o,26000000.00,GBP,200,VERIFIED,VERIFIED,£26m,"a five-year contract at Craven Cottage. The fee consists of £26m up front with a potential further £4m in add-ons. Charles, who",22,B,d1237978cd7d696efc749e722f636daaee773e1e02109783a0ce00fc0e9c1838,2026-10-07
16385f77e05c25ae,T106cacc8d0,Gabriel,https://www.bbc.co.uk/sport/football/articles/clynpyn6nrgo,19100000.00,GBP,200,VERIFIED,VERIFIED,£19.1m,"Who Am I? Quiz Chelsea winger Angelo joins Al-Nassr for £19.1m Image source, Getty Images Image caption, Angelo Gabriel started his",21,B,9efce7ed8c3513685cfc7a6db18687e87e032b1ff5656a25751ea8240e066bb0,2026-10-07
1642b10f1191c4ca,T629d1acc53,Delap,https://www.reuters.com/sports/soccer/forest-sign-forward-delap-chelsea-reported-club-record-fee-2026-08-27/,45000000.00,GBP,401,BLOCKED or gone (HTTP401),UNVERIFIED,,,0,B,,2026-10-07
1648bda369a80984,T87568b5e49,Chopra,https://news.bbc.co.uk/sport2/hi/football/teams/c/cardiff_city/8134271.stm,3000000.00,GBP,200,NOT CONFIRMED (page fetched; figure not found near the player's name),UNVERIFIED,,,0,B,faf3b9b49281c8997dd5cd3f06c4945b1f7180ad7f18d156d99672115d8eb264,2026-10-07
165daf277ff2e534,Tb769da0125,Schwarz,https://www.theguardian.com/football/1999/jul/30/newsstory.sport2,4000000.00,GBP,200,VERIFIED,VERIFIED,£4m,on Google Stefan Schwarz has joined Sunderland in a club-record £4m deal. The Swedish midfielder had stalled on the move due to,22,B,aaa50519e360d0566931d00d9ff9b3043370bdfcfc5687cd4441164f66d4839a,2026-10-07
166a4fcbb6f6e41a,T9678387bc8,Shipperley,https://www.independent.co.uk/sport/shipperley-joins-palace-for-pounds-1m-1360089.html,1250000.00,GBP,200,VERIFIED,VERIFIED,pounds 1.25m,"mpton for pounds 1m. The former England Under- 21 striker, who joined Saints from",14,B,da0da142e4fc846a6df8a033c7183cb459fbf349690e9b5e62634aa50c164656,2026-10-07
168342da2619c98a,Tee06b69edf,Dibling,https://www.bbc.com/sport/football/articles/c07py7jg3gjo,35000000.00,GBP,200,VERIFIED,VERIFIED,£35m,Tyler Dibling: Everton sign 19-year-old from Southampton for initial £35m plus £5m in add-ons - BBC Sport BBC Homepage Skip to,21,B,e72e467cd031a7e0b97502fab7d5b1adac93dfe9a3e2a9ced803b9e7109ff5f7,2026-10-07
16ecacd1cd7b9b28,T4f320e25f4,Ronaldo,https://www.theguardian.com/football/2009/jun/26/cristiano-ronaldo-manchester-united-real-madrid,80000000.00,GBP,200,VERIFIED,VERIFIED,£80m,"to officially join the Spanish giants on 1 July. The £80m fee breaks the previous world-record of £56m, set earlier this summer",22,B,a5e3d3c8c1caf8a02ad39bd20d093bfea3ed0b27973229028bdb9a0372b050dd,2026-10-07
16ef7f69af1e7651,T11903a3330,Ajer,https://www.bbc.co.uk/sport/football/57922585,13500000.00,GBP,200,NOT CONFIRMED (page fetched; figure not found near the player's name),UNVERIFIED,,,0,B,c11594fce51b17d05a6611224e71298f52966dbd56a5ce5d6dcd7c614cb9ca3b,2026-10-07
170fc21eb6e557f8,Td41e31200d,Azeez,https://www.bbc.co.uk/sport/football/articles/cdx5e590qqeo,12500000.00,GBP,200,VERIFIED,VERIFIED,£12.5m,Brighton transfer news: Femi Azeez joins from Millwall for £12.5m - BBC Sport BBC Homepage Skip to content Accessibility Help Your,21,B,db340b3d20e22a9b414e9ab1e85b884cdcb12c42f7363d6ba2d3f8e9157d3a89,2026-10-07
172272cc3a91f657,T2068a85bef,Negredo,https://www.theguardian.com/football/2015/sep/01/transfer-window-spain-germany-france-italy,20000000.00,GBP,200,VERIFIED,VERIFIED,£20m,"£63.5m (£100m) includes the signings of Rodrigo (£22m), Álvaro Negredo (£20m) and André Gomes (£11m), all of whom were brought to the",22,B,fbd75a6e2b9f8218e53710edf93867a63610e3370cbdf43bda0198952488e1b4,2026-10-07
1748fc3939c30b24,T8c707c97df,Gozo,https://www.bbc.co.uk/sport/football/articles/cpq80q88dyqo,11100000.00,GBP,200,VERIFIED,VERIFIED,£11.1m,"Zavier Gozo from Real Salt Lake for a reported $15m (£11.1m). The 19-year-old has signed a five-year deal with Palace, subject to",22,B,773d8a59cee0de18852bb9d725e71eaf52141a06de5f2b01897a71c7e531d5d3,2026-10-07
175be830d5588041,T91504647a4,Danso,https://www.bbc.co.uk/sport/football/articles/cg4veevwyddo,21000000.00,GBP,200,VERIFIED,VERIFIED,£21m,Spurs complete £21m Kevin Danso signing from Lens - BBC Sport BBC Homepage Skip,14,B,49d62b645fa6ef857e7f32722391c30d6c29be6831b12469569979c4fa5b4bae,2026-10-07
17798d6ab08749f4,Tbde4ece095,Palestra,https://www.skysports.com/football/news/11668/13557367/chelsea-transfer-news-marco-palestra-signs-from-serie-a-side-atalanta-in-deal-worth-lb43m,43000000.00,GBP,200,VERIFIED,VERIFIED,£43m,Palestra signs from Serie A side Atalanta in deal worth £43m | Football News | Sky Sports Skip to main content Sky,22,B,6706bb45e0bcc699f1ac44d2f5e9eb255bf8b26e1828d7c77efbcdd5e968c22f,2026-10-07
1784bd184c12f824,Tbc68f052b4,Sutton,https://www.skysports.com/football/news/2187752/sutton-completes-move,6000000.00,GBP,200,VERIFIED,VERIFIED,£6 m,Bayern Munich and PSG CHRIS SUTTON has completed his protracted £6 million move to Celtic from Chelsea. The 27-year-old striker completed,21,B,25614aa506b74531a4aa3cfdad45bccd56f810051bb2e117a1e1b6a5b4a80435,2026-10-07
17a07145c3875623,T97164dfc2a,Ferdinand,https://www.theguardian.com/football/2002/jul/22/newsstory.manchesterunited2,30000000.00,GBP,200,VERIFIED,VERIFIED,£30m,"best defender in the world following the completion of his £30m transfer to Manchester United this afternoon. The deal, confirmed by",21,B,4dfa6f100b507f0d9faf1a177841d34bd968bfd975f15942ae2b1da386d721e0,2026-10-07
17ab479444eb66ac,T3ac886d7b3,Ndiaye,https://www.bbc.co.uk/sport/football/66377243,20000000.00,GBP,200,VERIFIED,VERIFIED,£20m,"with 14 goals. Sheffield United have ""reluctantly accepted"" a reported £20m offer from Marseille for striker Iliman Ndiaye. The Blades had offere",22,B,62bbd724c6327ee41c9fc010a468c00506ded4ef4ed78e9aa2d319b9763eb88a,2026-10-07
17c2b94729dd93af,Tc001bfa7ea,Nani,https://www.theguardian.com/football/blog/2009/apr/28/ryan-giggs-nani-manchester-united,18000000.00,GBP,200,VERIFIED,VERIFIED,£18m,"should hasten his exit permanently in the summer. Bought for £18m from Sporting Lisbon in 2007, Nani, according to Ferguson, would be",22,B,8afa1899c597c394551c93bfca6409b99a763c124184a2551fc2411ba792348a,2026-10-07
17ea78e92c5c539a,T46d38b2198,Carvalho,https://www.bbc.co.uk/sport/football/61548369,7700000.00,GBP,200,NOT CONFIRMED (page fetched; figure not found near the player's name),UNVERIFIED,,,0,B,63465f389f5197bd0a4f7e7973fa89118f818caf95626c392a1cf2135cbcc8fb,2026-10-07
17f760f121a61a6d,Tf2bb1d0787,Oxlade-Chamberlain,https://www.bbc.co.uk/sport/football/41098529,35000000.00,GBP,200,VERIFIED,VERIFIED,£35m,Alex Oxlade-Chamberlain: Liverpool sign Arsenal midfielder for £35m - BBC Sport BBC Homepage Skip to content Accessibility Help Your,19,B,462bd439b8d92deef8d27338de7314886b44b6249901eee177b36137b37ef111,2026-10-07
182f6e398638fada,Tb844474241,Santos,https://www.bbc.co.uk/sport/football/64196794,18000000.00,GBP,200,VERIFIED,VERIFIED,£18m,"Brazil Under-20s international Santos, 18, has joined for a reported £18m. , external Chelsea have now made three signings in the January",22,B,6028b3277af4445a794ced183311c658e935e014ff0ec63560cd90357ed8da19,2026-10-07
183c024e9fc7009e,Tbdb0cacdc7,Thiago,https://www.bbc.co.uk/sport/football/54199589,20000000.00,GBP,200,VERIFIED,VERIFIED,£20m,Thiago Alcantara: Liverpool sign midfielder from Bayern Munich for £20m - BBC Sport BBC Homepage Skip to content Accessibility Help Your,21,B,3fa041f728b601f9fc582aee473027c3f9b27b9d9bbc4e79d599f0ef06605d43,2026-10-07
18400e0726db9667,Taed16393e6,Hamann,https://www.the-independent.com/sport/football-teambyteam-guide-to-the-premiership-1109961.html,8000000.00,GBP,200,VERIFIED,VERIFIED,pounds 8m,over-priced Dietmar Hamann has provided compensation. In: Dietmar Hamann (Newcastle) pounds 8m; Vladimir Smicer (Lens) pounds 4.2m; Sander Westerveld (Vitesse Arnhe,21,B,15405959e0b38577a7b59226cf77f62f3904e0916e20b0a5b591d8771e4093d5,2026-10-07
1849c9cfd4d0dc9d,Te442f70d07,Fox,https://www.independent.co.uk/sport/football-newcastle-close-to-signing-fox-for-pounds-2-25m-magpies-swoop-for-canary-winger-while-yorath-s-sadness-and-humiliation-at-welsh-departure-turns-to-desire-for-compensation-1391518.html,2250000.00,GBP,200,VERIFIED,VERIFIED,pounds 2.25m,Football: Newcastle close to signing Fox for pounds 2.25m: Magpies swoop for Canary winger while Yorath's 'sadness and humiliat,19,B,988fb376c51e385ce5d846b1f9aff43cf87e3c73f800c72f0eff5095623dcc07,2026-10-07
184c72d76f960af5,T50db1846f1,Awoniyi,https://www.bbc.co.uk/sport/football/57887122,6500000.00,GBP,200,VERIFIED,VERIFIED,£6.5m,Porto for £10.5m and Taiwo Awoniyi to Union Berlin for £6.5m - BBC Sport BBC Homepage Skip to content Accessibility Help Your,22,B,08d69b6aedb0d2393e4dce727f23a8eca2c6b3898050dff11fcafb95cd3c81ef,2026-10-07
1886de01c5f670a2,Tacac2df153,Martínez,https://www.bbc.co.uk/sport/football/54174157,17000000.00,GBP,200,NOT CONFIRMED (page fetched; figure not found near the player's name),UNVERIFIED,,,0,B,c130bfa778f0d9afa15d412ce2cee6d79d10e7e15492c6102410fa81caacc00c,2026-10-07
189aaaf275219d2e,Td3cf72596e,Godfrey,https://www.bbc.co.uk/sport/football/articles/cv2g5n5edmpo,10000000.00,GBP,200,VERIFIED,VERIFIED,£10m,Ben Godfrey: Atalanta sign Everton defender in £10m deal - BBC Sport BBC Homepage Skip to content Accessibility Help,19,B,567c28fbffb81032677acb175276ec9777981c4840f44d43a10ff13996de1e8d,2026-10-07
189f3adffed9172d,T60b532ad30,Ampadu,https://www.bbc.co.uk/sport/football/66221218,7000000.00,GBP,200,VERIFIED,VERIFIED,£7m,League side Chelsea on a four-year deal for a reported £7m fee plus add-ons. The 22-year-old defender played just 12 games for,22,B,3b70369fefbf5266f3cac2ce3488c441bfae048d27def52c581704e0f396ab08,2026-10-07
18d3e4fb3e5b159b,Taa6faacbcb,Bale,https://www.bbc.co.uk/sport/football/23538218,85000000.00,GBP,200,VERIFIED,VERIFIED,£85m,Gareth Bale joins Real Madrid from Spurs in £85m world record deal - BBC Sport BBC Homepage Skip to content,20,B,6279acd8d04d74432d090b961895499cc42e677ebdeac705772a58b1f4ea2cc1,2026-10-07
1906678238758ac5,Tdabd04dc26,Silva,https://www.bbc.co.uk/sport/football/41118927,22000000.00,GBP,200,VERIFIED,VERIFIED,£22m,Foxes agreed to sign the midfielder from Sporting Lisbon for £22m near the close of the summer transfer window on 31 August.,22,B,efdbc9b5c6cbdd4da6938a0986344a49a429399ea19336e12aaf625e8b19ab21,2026-10-07
19104e536e9194cc,Tdceaa672ac,Samways,https://www.independent.co.uk/sport/football-everton-agree-to-pay-pounds-2-2m-for-samways-tottenham-hotspur-prepare-to-profit-by-selling-an-uncapped-midfielder-but-lose-out-to-fiorentina-in-chase-for-marcio-santos-1373864.html,2200000.00,GBP,200,VERIFIED,VERIFIED,pounds 2.2m,Football: Everton agree to pay pounds 2.2m for Samways: Tottenham Hotspur prepare to profit by selling an,17,B,75b8fbd4b94c482abdbdd4e54e038958b90b638bf9fc64f0f5a60fdfcbad810b,2026-10-07
19294bfc849d6210,Tf4eb7ae544,Olise,https://www.bbc.co.uk/sport/football/articles/czk01rl1rk8o,50000000.00,GBP,200,VERIFIED,VERIFIED,£50m,winger Michael Olise from Crystal Palace for about 60m euros (£50m). The 22-year-old English-born France Under-21 forward made 90 appear,20,B,fee02b067b7b2bcc19cd5760bdaeb821c280a3b67b81670952ee05d56506506c,2026-10-07
1942ff2fae9a8277,T8a55c42cde,Savio,https://www.independent.co.uk/sport/football/tottenham-manchester-city-savinho-transfer-latest-b3038763.html,75000000.00,GBP,200,NOT CONFIRMED (page fetched; figure not found near the player's name),UNVERIFIED,,,0,B,c7f9d4b4c5f1351be62b090c0e855e67b0e8dc66053f36f9dc956ae0f2794ef6,2026-10-07
195bb703f81bcbf4,Tc96969002b,Sels,https://www.bbc.co.uk/sport/football/68172823,5000000.00,GBP,200,VERIFIED,VERIFIED,£5m,French Ligue 1 side Strasbourg for a fee of around £5m. The 31-year-old has joined on a three-and-a-half year deal. The move,22,B,94f4269ecc41c53c36bc3b6b06fed305417dd5fbe02aa53e74e849abc91d91d3,2026-10-07
195e756e74d0d7e7,T0259520aed,Berahino,https://www.premierleague.com/en/news/312804,12000000.00,GBP,200,VERIFIED,VERIFIED,£12m,Jan 2017 Transfers 23-year-old forward moves to bet365.com Stadium for £12m fee Stoke City have announced the signing of Saido Berahino from,22,A,198faeebd07b44709434a6a9d86b5a062b5fc5a061b2398662fc90670e8d60e9,2026-10-07
19a913aa2314c168,Tc831e6d8d3,Morrison,https://www.theguardian.com/football/2002/jul/30/newsstory.sport2,4250000.00,GBP,200,VERIFIED,VERIFIED,£4.25m,"the Guardian on Google Clinton Morrison has joined Birmingham for £4.25m, becoming the club's record signing and taking manager Steve Bruce's",21,B,5ecea864666ebc7fa2ec6591ee0ed347c43acedc741e1048c9a5523ae55ca922,2026-10-07
19b92b75714c56ce,T2762133721,Diaby,https://www.theguardian.com/football/2023/jul/22/aston-villa-sign-leverkusens-moussa-diaby-in-club-record-51m-deal,60000000.00,EUR,200,VERIFIED,VERIFIED,€60m,"24-year-old, it is understood the package is worth up to €60m (£51.9m), a club record. Villa’s interest in Diaby predates Unai Emer",22,B,0c7f5e13e50faceaba5730ae2de2da82609325e3d649991d182d2edfcfa0fb03,2026-10-07
19f29d197f30697f,T5477f78e5c,2000}},https://www.bbc.co.uk/sport/football/articles/c5yzx2kg4dwo,11000000.00,GBP,200,NOT CONFIRMED (page fetched; figure not found near the player's name),UNVERIFIED,,,0,B,5f6397699142b4d8ff6246e8122363867f18e72d791ee9b6fae4976a1c23d9d9,2026-10-07
1a0c8ceb0cbc532a,T8a3b6588cd,Imbula,https://www.theguardian.com/football/2016/feb/01/stoke-giannelli-imbula-porto-club-record,18300000.00,GBP,200,VERIFIED,VERIFIED,£18.3m,Stoke confirm signing of Giannelli Imbula for club record £18.3m | Stoke City | The Guardian Skip to main content Skip,21,B,9bba4a5f81fc25ff54046be39e58cbc244dd80038b6ccf49f8ccf5549bc269da,2026-10-07
1a10725b8880a2be,Tf4bae5af59,Gyökeres,https://www.skysports.com/football/news/11095/13416014/eberechi-eze-joins-arsenal-forward-moves-from-crystal-palace-in-67-5m-deal-after-tottenham-hotspur-move-is-hijacked,63500000.00,GBP,200,NOT CONFIRMED (page fetched; figure not found near the player's name),UNVERIFIED,,,0,B,905282c7cef6f9ad06f0b99d1ddc4bd96cfdf2753f5f115a2d538a3e71e29c61,2026-10-07
1a13b71b249d9a16,T6bd768f641,Graham,https://www.theguardian.com/football/2011/jun/07/swansea-city-sign-danny-graham,3500000.00,GBP,200,VERIFIED,VERIFIED,£3.5m,Swansea City agree £3.5m deal with Watford for Danny Graham | Swansea City | The,15,B,050f1d7c4ce8e6336593bc3dc1ee67bbe0d35f5e0acd902c3be294c9bdecf3e9,2026-10-07
1a79208da2a79820,Tba4d4bab64,Solanke,https://www.bbc.co.uk/sport/football/46763610,19000000.00,GBP,200,VERIFIED,VERIFIED,£19m,Dominic Solanke: Bournemouth sign striker from Liverpool in £19m deal - BBC Sport BBC Homepage Skip to content Accessibility Help,20,B,dbeb77f98c010ec3ca3ecaefad69262c111790318cdbaba36c2c8b4749d778b8,2026-10-07
1a7b8780d809b7b4,T5798c63da5,Simons,https://www.bbc.com/sport/football/articles/cj4w7xgq47zo,51800000.00,GBP,200,VERIFIED,VERIFIED,£51.8m,Xavi Simons transfer news: Tottenham complete £51.8m deal for RB Leipzig attacker - BBC Sport BBC Homepage Skip,18,B,148d3e0bcb3b53f23c2b30650372ee376ee720976c044ce66fe12f9783eb81a1,2026-10-07
1ae6d3910c22a9e1,Tec292a8167,Enciso,https://www.theguardian.com/football/2026/aug/22/ipswich-sunderland-premier-league-match-report,26000000.00,GBP,200,VERIFIED,VERIFIED,£26m,by the arrival of the attacking midfielder Julio Enciso for £26m. Anton Stach snatches late Leeds winner to sour Glasner’s new dawn,22,B,00bcc93c050bfef5dbfd60d207318c6358c3ae4f7d5e511b347a4a810094ef56,2026-10-07
1af96243c1faed50,T5c30b03861,Nevland,https://www.independent.co.uk/sport/football-united-snap-up-nevland-1264444.html,1500000.00,GBP,200,NOT CONFIRMED (page fetched; figure not found near the player's name),UNVERIFIED,,,0,B,682e28e9144f51055094c0888c0882bf73e7c1d79521e51a571f90f3c541fcbd,2026-10-07
1b25489c080382bb,Tf48b8e605e,Rooney,https://www.independent.co.uk/sport/football/premier-league/rooney-signs-for-united-in-pound-27m-deal-542679.html,27000000.00,GBP,200,VERIFIED,VERIFIED,£27m,Rooney signs for United in £27m deal | The Independent | The Independent Thank you for registering,17,B,74d4d66a717981c010316f5697e0d0260bdca34a5f0ec0ff78447d98745613d8,2026-10-07
1b3eef1f91aedbb4,Taed3d9ed5d,Tonali,https://www.bbc.co.uk/sport/football/articles/cx2jel145g5o,92500000.00,GBP,200,VERIFIED,VERIFIED,£92.5m,"a deal where they are expected to pay an initial £92.5m plus a further £7.5m in add-ons. ""I'm very happy to be",22,B,956756cb4cf0194940c04787baba3b86a62964f5a36417dbddcee78e10bd3722,2026-10-07
1b79257b1b009385,Tba3d7d1c4a,Harwood-Bellis,https://www.bbc.co.uk/sport/football/articles/c9wwm4l8j21o,20000000.00,GBP,200,VERIFIED,VERIFIED,£20m,Taylor Harwood-Bellis: Southampton play-off win triggers £20m move from Manchester City - BBC Sport BBC Homepage Skip to,18,B,6216bfd75585094969fffd5cbbd66a6948caa278849c40d177c3eeb2c2abf1c1,2026-10-07
1b850abec5f1e741,Tdf6382ff1b,Clark,http://www.thefreelibrary.com/CLARK%3A+GLAD+TO+BE+WEAR.-a064828151,2500000.00,GBP,403,BLOCKED or gone (HTTP403),UNVERIFIED,,,0,D,,2026-10-07
1b8a52637b73fba0,Td02f847a60,Hazard,https://www.bbc.co.uk/sport/football/48548361,150000000.00,GBP,200,VERIFIED,VERIFIED,£150m,Real Madrid sign Chelsea forward for fee that could exceed £150m - BBC Sport BBC Homepage Skip to content Accessibility Help Your,22,B,61e4966129daa2491b3ff49e516b4d914e122793850e750fd751090820ba42e3,2026-10-07
1b9c2c55c9d00bf0,T551f4ff7a7,Basham,https://www.theguardian.com/football/2010/aug/20/premier-league-transfer-window,500000.00,GBP,200,VERIFIED,VERIFIED,£500k,"recruitment tricky Who they have signed Craig Cathcart (Man Utd, £500k), Chris Basham (Bolton, £500k), Marlon Harewood (free agent), Elliot",20,B,c0d918c4f8709efb209251839eaf762ff27a6f97a817b383525ca828cd1d1a9a,2026-10-07
1bd7fd978139591a,Tc5871ac252,Bellion,https://www.uefa.com/uefachampionsleague/news/025a-0eaad3b52e38-ff4ea4e0ce4a-1000--bellion-fee-agreed-by-united/,2880000.00,EUR,200,VERIFIED,VERIFIED,€2.88m,summary Manchester United FC will have to pay at least €2.88m for French striker David Bellion. Article body Manchester United FC h,22,B,a3a6b2d0cee5599331b4b40294d853aaa57fa1d27dc7ca751bd3beb078287060,2026-10-07
1be76d3d23fe3870,Tcfe21f4818,Dublin,https://www.independent.co.uk/sport/football-dublin-moves-to-coventry-1447962.html,2000000.00,GBP,200,VERIFIED,VERIFIED,pounds 2m,"from the Old Trafford shadows yesterday when he completed a pounds 2m move to Coventry City, writes Mark Burton. The transfer represents",22,B,b12e4c0cf086413c683dc4f422bda73e0690c40282dfd941985668f6a65cc4f0,2026-10-07
1c28585542bb7ce0,Tb90197d25e,Nørgaard,https://www.bbc.com/sport/football/articles/c4g8wnxg0mmo,10000000.00,GBP,200,NOT CONFIRMED (page fetched; figure not found near the player's name),UNVERIFIED,,,0,B,0ba1ce2ebc3e92b51b9f9d9b0be4631526042481bf15abc10052cf8f004a2251,2026-10-07
1c2c14f6ae28b9d5,Te6d9528ec0,Álvarez,https://www.bbc.co.uk/sport/football/60189980,14100000.00,GBP,200,NOT CONFIRMED (page fetched; figure not found near the player's name),UNVERIFIED,,,0,B,da56e7f0dc6a3befddf1d4a9f3d8edc3812150fb480b10ec195af51d4db8048c,2026-10-07
1c45c332b4b4f667,T6190371840,Diangana,https://www.bbc.co.uk/sport/football/54034555,18000000.00,GBP,200,VERIFIED,VERIFIED,£18m,"club sold winger Grady Diangana to West Brom for an £18m fee. The 22-year-old spent last season on loan at The Hawthorns,",22,B,9adc10d7d3c72c201b4ecf5a264c6b7c1de25f77543f1f6a02ef56197129187d,2026-10-07
1ca881f6eaf8ad8f,T87f0bb3567,Souček,https://www.skysports.com/football/news/11685/12035297/west-ham-sign-tomas-soucek-from-slavia-prague-on-four-year-deal,15000000.00,GBP,200,NOT CONFIRMED (page fetched; figure not found near the player's name),UNVERIFIED,,,0,B,ef413c06c51166b1549c3b2055c2519bdaec9d12cc226d30a9792100133803f7,2026-10-07
1cc8912a9abfed0a,T578b96dbb2,Gyan,https://www.theguardian.com/football/2010/aug/31/sunderland-sign-asamoah-gyan,13000000.00,GBP,200,VERIFIED,VERIFIED,£13m,Gyan has joined Sunderland for a fee 'in excess of £13m'. Photograph: Martin Rickett/PA Ghana striker Asamoah Gyan has joined,20,B,7030e8069253191cab00a4cbfc5b942bdd180dc0f5ebe794018bba9c8dddb895,2026-10-07
1cce37a7b13aa6a4,T23bf707f5a,Asprilla,https://www.independent.co.uk/sport/asprilla-and-branco-join-the-import-club-1318141.html,6700000.00,GBP,200,VERIFIED,VERIFIED,pounds 6.7m,"not yet been granted. Newcastle paid the Italian club, Parma, pounds 6.7m, for Asprilla, but Branco, who was a free agent after",22,B,6163d43c5c97a67b7d0c65a2ae65ae7478c29637194d11461e0d2bf7afa8a410,2026-10-07
1d025e6931a04060,T090cae5783,Ayew,https://www.bbc.co.uk/sport/football/42767978,20000000.00,GBP,200,VERIFIED,VERIFIED,£20m,"Ham for a club-record fee of £18m, possibly rising to £20m. The Ghana international, 28, left the Swans in 2016 with West",22,B,f8b5c85532a4cb508132f712030acdc3a5e65931da349d4a29aaf475355c158d,2026-10-07
1d30aa957faf9493,Tbec624b996,Podolski,https://www.bbc.co.uk/sport/football/17895063,11000000.00,GBP,200,NOT CONFIRMED (page fetched; figure not found near the player's name),UNVERIFIED,,,0,B,2313bc88e45ce7910555fbef57ca0cf279f8f64f161ad4bd9553d3f65b8f26f5,2026-10-07
1d4b56b82206214b,Te7d90f9c91,Ampadu,https://www.skysports.com/football/news/11339366/chelsea-ordered-to-pay-lb2-5m-to-exeter-for-ethan-ampadu,2500000.00,GBP,200,VERIFIED,VERIFIED,£2.5m,Chelsea ordered to pay £2.5m to Exeter for Ethan Ampadu | Football News | Sky Sports,16,B,6d21b14b73a375d32761e3e7289c4472a353eb3fe15c0d87baadc23f1461bb50,2026-10-07
1d5f9e709a917972,T5ae2105444,Palmieri,https://www.bbc.co.uk/sport/football/62647200,15000000.00,GBP,200,VERIFIED,VERIFIED,£15m,United: Emerson Palmieri joins Hammers from Chelsea in deal worth £15m - BBC Sport BBC Homepage Skip to content Accessibility Help Your,22,B,2b1e3f13fa0cdf0cb688260d1d429393f5c5854ca3bc69bd6202e59ccc4a2adb,2026-10-07
1d805de51e33d53f,T3c5be8f094,Whelan,https://news.bbc.co.uk/sport2/hi/football/teams/m/middlesbrough/859609.stm,2000000.00,GBP,200,NOT CONFIRMED (page fetched; figure not found near the player's name),UNVERIFIED,,,0,B,819aa8bffd0dabdb1e6e7036ee73dec15a95c2430c9d036c36077cc84448c894,2026-10-07
1de981b75ab9e16b,T1f79240d9a,Platt,https://www.independent.co.uk/sport/platt-in-pounds-475m-move-to-arsenal-1590988.html,4750000.00,GBP,200,VERIFIED,VERIFIED,pounds 4.75m,Platt in pounds 4.75m move to Arsenal | The Independent | The Independent Thank,14,B,3f1b2c3d922cf11940607178412052245505a0e17e5670f9974afb58e50368ba,2026-10-07
1e03ed1b19593234,Tfa121ad38a,Díaz,https://www.bbc.co.uk/sport/football/60180371,37500000.00,GBP,200,NOT CONFIRMED (page fetched; figure not found near the player's name),UNVERIFIED,,,0,B,e48cb4142f1bfdb315bb70179faf8382b8d10053623b9f8ce3c5aae367c28be3,2026-10-07
1e72eebb6ca3f6dc,Te758d9f267,Nkunku,https://www.bbc.co.uk/sport/football/64013875,52000000.00,GBP,200,VERIFIED,VERIFIED,£52m,Christopher Nkunku: Chelsea sign RB Leipzig striker for £52m - BBC Sport BBC Homepage Skip to content Accessibility Help Your,20,B,942a61f90fa5406efa7145f3950ac153bd8bd642e87f33eee606fd8937c721c4,2026-10-07
1e9caff794b0d2a1,T298a76029d,Porro,https://scpconteudos.pt/sites/default/files/comunicadopedroporro01072023_230701_175346.pdf,34500000.00,GBP,200,NOT CONFIRMED (page fetched; figure not found near the player's name),UNVERIFIED,,,0,D,e22b90d736853a061f887f2ad0c04f45e2a83c4a2bf8edc1ac4c0cc87aa842b6,2026-10-07
1ebb1f5376320e20,T4b2c62dd25,Arrizabalaga,https://www.theguardian.com/football/2018/aug/08/chelsea-kepa-arrizabalaga-athletic-bilbao-transfer,71600000.00,GBP,200,VERIFIED,VERIFIED,£71.6m,Chelsea sign £71.6m Kepa Arrizabalaga with Courtois joining Real Madrid | Chelsea | The,14,B,2ffc8e1799fcf2449074bb2fc5f0e6d8ab06722fe9ff6b7a13603d8fb3b4eeeb,2026-10-07
1ec986dcc9573533,Ta6a1ac0614,Ederson,https://www.skysports.com/football/news/10908248/manchester-city-sign-goalkeeper-ederson-from-benfica,34700000.00,GBP,200,VERIFIED,VERIFIED,£34.7m,the signing of goalkeeper Ederson from Benfica for 40m Euros (£34.7m). City needed to resolve third-party ownership issues before confirmi,20,B,1f1f0874f3515b9436f5266244e33f4615a9e52da61cdf24ca9e4003db57872e,2026-10-07
1ef0624dcbf5abcc,Te8dd2b5357,Malouda,https://www.skysports.com/football/news/11668/2945509/malouda-happy-at-chelsea,13000000.00,GBP,200,VERIFIED,VERIFIED,£13m,"the Frenchman, who moved to Stamford Bridge from Lyon for £13million in July, said: ""I just want the fans to know that",22,B,5be6d72233981598cef419083de460fd676c8e454e4beb810777bd321cd0d069,2026-10-07
1f0467b5fc474af2,T5003d9d454,Ndiaye,https://www.bbc.co.uk/sport/football/articles/c3wj1qw5x04o,60000000.00,GBP,200,VERIFIED,VERIFIED,£60m,"deadline day move for the Senegal winger, 26, is worth £60m plus a further £5m in add-ons - a little over six",22,B,0c73ef0305b5d1e9992601b5345811512220f0c8ad4d2db1e01cbe7298592465,2026-10-07
1f70414a0625033d,Tb24c7fda3e,McBurnie,https://www.bbc.co.uk/sport/football/transfers,17500000.00,GBP,200,NOT CONFIRMED (page fetched; figure not found near the player's name),UNVERIFIED,,,0,B,9d5176e2302d44e2d2289b6b1440cd0b33edc1c784783ad5199d67ac36e8de96,2026-10-07
1f7f8fbb04eba313,Tb2e9d6bd8a,Odobert,https://www.bbc.co.uk/sport/football/articles/cn9l17l9e97o,25000000.00,GBP,200,VERIFIED,VERIFIED,£25m,Tottenham Hotspur sign Wilson Odobert from Burnley for about £25m on deal until 2029 - BBC Sport BBC Homepage Skip to,21,B,c20f369cfe44be4b60271ff73dcb2e51031a791fc7fe60686ab2701a77e1988b,2026-10-07
1fb3d0c982dbc0ac,T34a85c7bbe,Thompson,https://www.bbc.co.uk/sport/football/articles/cre4zr30wwjo,8000000.00,GBP,200,VERIFIED,VERIFIED,£8m,Thompson from Tottenham in a deal that could be worth £8m. The 18-year-old England youth international scored 13 goals and cont,21,B,de578c77b29ab1148719facb05fd0a0ad140b2bc8062feb8f8d16965d34b98ac,2026-10-07
2034dc333b23b471,T47d44bdb0b,Camacho,https://www.bbc.co.uk/sport/48484572,5000000.00,GBP,200,VERIFIED,VERIFIED,£5m,Neto [Valencia - Barcelona] £23.3m Rafael Camacho [Liverpool - Sporting] £5m Ziggy Gordon [Hamilton - Central Coast Mariners] Free 26 June Premier,22,B,a168d1867703f91ccf3c0b9ac34a9d83e2b1c7b6f79a399b65abdfb3647a9bc8,2026-10-07
203e45d005efd24c,Tfcebeba766,Isak,https://www.theguardian.com/football/2025/sep/01/liverpool-sign-alexander-isak-british-transfer-record-125m-newcastle,125000000.00,GBP,200,VERIFIED,VERIFIED,£125m,Liverpool sign Alexander Isak in British transfer record £125m deal from Newcastle | Liverpool | The Guardian Skip to main,20,B,b2162469e3be2ecdd93fac7be88844eb57db01721ae5ec11991f20bd8f0f066b,2026-10-07
212a05c7f9f2f513,Tba31d29c8c,Hopkin,https://news.bbc.co.uk/sport2/hi/football/teams/b/bradford_city/821823.stm,2500000.00,GBP,200,NOT CONFIRMED (page fetched; figure not found near the player's name),UNVERIFIED,,,0,B,3eb2e6f75f4ed9eab218d821ad4a31ec6fb59bb7dd14cad2f528df5943c20039,2026-10-07
212ffb804e1db5e9,Ta180fda038,Hadji,https://www.theguardian.com/football/1999/jul/20/newsstory.sport3,4000000.00,GBP,200,VERIFIED,VERIFIED,£4m,"to leave for Aston Villa. Coventry paid a club record £4m for the 27-year-old midfield player, known in his home country as",22,B,1f8cc3a7edf15b07ea435a424e120627c58d0aeb285a4f26e42932b65b6a7df1,2026-10-07
213d0a5f37cf1702,Tf1f97dfd1d,Tzolis,https://www.bbc.co.uk/sport/football/58185642,8800000.00,GBP,200,VERIFIED,VERIFIED,£8.8m,Christos Tzolis: Norwich City sign Greece international for £8.8m - BBC Sport BBC Homepage Skip to content Accessibility Help Your,20,B,6246e3052984bf2a9343ca14146750b3bf0e863bbdf965c9faddfbd54a22b2fd,2026-10-07
214f717620ddcf5f,Tf8c393de0d,Ritchie,https://www.bbc.co.uk/sport/football/36682424,12000000.00,GBP,200,VERIFIED,VERIFIED,£12m,"£10m, while Ritchie's signing is believed to have cost around £12m. The attacking pair are manager Rafael Benitez's second and third sig",22,B,e5997fbe0e9c37a1d3b8ce87e38e19ee51909e04221b13cc57aca72d5e19a92b,2026-10-07
219ba56494f2f817,Tcbba82f4ab,Henry,https://www.theguardian.com/football/2007/jun/23/newsstory.arsenal,24000000.00,EUR,200,VERIFIED,VERIFIED,€24m,as he packed his bags at Arsenal before completing a €24m (£16m) deal. Arsène Wenger agreed the fee on Wednesday after personal,22,B,5f797c94a919be07befefb712312b95d6374381639d75aeaeba58316eb833789,2026-10-07
21f6dbbd1ae26113,T3250e257bc,Frimpong,https://www.bbc.co.uk/sport/football/articles/c93ygd459x9o,29500000.00,GBP,200,VERIFIED,VERIFIED,£29.5m,Jeremie Frimpong transfer: Liverpool sign right-back from Bayer Leverkusen for £29.5m - BBC Sport BBC Homepage Skip to content Accessibility Help Your,22,B,157d965bf9f25f97e595d821125222f043b1e9f38ba8adab214a34898c5ce61d,2026-10-07
22182d8f802ae50b,Tc8823b7373,,https://www.bbc.co.uk/sport/football/articles/cjd2dlek1z7o,15000000.00,GBP,200,VERIFIED,VERIFIED,£15m,Wolves sign Jhon Arias from Fluminense for initial £15m - BBC Sport BBC Homepage Skip to content Accessibility Help Your,20,B,47274e306077fa8f80b58a3676452881fd22929dcfc6b1b399225c4774212b84,2026-10-07
22310c5c15856048,T25ec4c4404,Kelleher,https://www.skysports.com/football/news/11661/13377979/liverpool-transfer-news-brentford-complete-18m-deal-for-caoimhin-kelleher-as-mark-flekken-leaves,12500000.00,GBP,200,VERIFIED,VERIFIED,£12.5m,the signing of Caoimhin Kelleher from Liverpool for an initial £12.5m fee; the Bees have sold former No 1 Mark Flekken to,22,B,f42b5f1e68def94bea37956eaf8d71bda762a7b26abb4a5ca3d81de6ca53b780,2026-10-07
2261d1e88c710278,Tf0d472ce36,Mendy,https://www.theguardian.com/football/2026/aug/17/premier-league-2026-27-preview-no-11-hull-city,20000000.00,GBP,200,VERIFIED,VERIFIED,£20m,"Mendy, who has arrived from Rayo Vallecano for just over £20m – have arrived. “The transfer market is very slow,” said the",22,B,8272ca5c6fa365478b00350f7d39c044fa0b528bbeafd55fc17d3e2b177f0303,2026-10-07
2277aae7b9bb1326,T40c80518d7,Webster,https://www.bbc.co.uk/sport/football/transfers,20000000.00,GBP,200,NOT CONFIRMED (page fetched; figure not found near the player's name),UNVERIFIED,,,0,B,9d5176e2302d44e2d2289b6b1440cd0b33edc1c784783ad5199d67ac36e8de96,2026-10-07
22880d7387be88d9,T8e47c30f0e,Anderson,https://www.aol.com/articles/man-city-agree-record-fee-213129000.html,116000000.00,GBP,200,VERIFIED,VERIFIED,£116m,"Nottingham Forest to sign Elliot Anderson for a club record £116m. The England midfielder, 23, is set to have a medical before",22,D,9bf3296c1403aee2fb3eda60f6a0411552e67e88bccc26d4b7a73002910a9a72,2026-10-07
228ead906d2f1933,T6302875d43,Ouattara,https://www.bbc.co.uk/sport/football/64341225,20000000.00,GBP,200,VERIFIED,VERIFIED,£20m,Dango Ouattara: Bournemouth sign £20m Lorient winger - BBC Sport BBC Homepage Skip to content Accessibility,16,B,d1f04d5f443b11b17383127983d8bfdd2c75831ab5964892195e13ca7d12d87a,2026-10-07
22b27998182fc013,Td1955236d5,Félix,https://www.bbc.co.uk/sport/football/articles/cx2g77n815go,45000000.00,GBP,200,NOT CONFIRMED (page fetched; figure not found near the player's name),UNVERIFIED,,,0,B,7b00bb0eaac0d4da6391e30b3039a851586e7e9fb30376fbd0c19609397b7fbe,2026-10-07
22bcd7fe4094b173,Td036bf4260,Dias,https://www.theguardian.com/football/2020/sep/29/ruben-dias-i-could-not-turn-down-chance-to-join-manchester-city,62000000.00,GBP,200,VERIFIED,VERIFIED,£62m,Rúben Dias completes £62m move from Benfica to Manchester City | Manchester City | The,15,B,ad3b53ebc84193bb74e5bedebcf999d8bff96cb7381102d576482eb97c6727bf,2026-10-07
22e2202d7f61e7cd,T9acf674580,Foé,https://www.independent.co.uk/sport/football-on-the-move-1077357.html,3500000.00,GBP,200,NOT CONFIRMED (page fetched; figure not found near the player's name),UNVERIFIED,,,0,B,9635ab95bf1fe5daece98d4ef9760656a96f7671762eb71517228a53d9f162e7,2026-10-07
22f3f2629c914d46,T26cf8ee6fd,Henry,https://www.skysports.com/football/player/1722/thierry-henry,10500000.00,GBP,200,VERIFIED,VERIFIED,£10.5m,Juventus 18 Jan 1999 £10.7m Juventus Arsenal 03 Aug 1999 £10.5m Arsenal Barcelona 25 Jun 2007 £16.1m Barcelona NY Red Bulls 14,22,B,0d86c8d011194b6e9bada60bae3af4a675ce07381c05ad42170c61ee8c076237,2026-10-07
233f80b57a038fed,Te6f6e18e49,Mbabu,https://www.bbc.co.uk/sport/football/62315714,6400000.00,GBP,200,VERIFIED,VERIFIED,£6.4m,"arrives at Craven Cottage in a deal worth a reported £6.4m. , external Mbabu joined Wolfsburg from Swiss side Young Boys in",22,B,e7230eae5551396423669f16b513948fd4c18cd38f3577ac65d7a2aade28989b,2026-10-07
2353b4871243b04d,T69303f789b,Trafford,https://www.bbc.co.uk/sport/football/66262753,19000000.00,GBP,200,VERIFIED,VERIFIED,£19m,Trafford: Burnley sign Manchester City goalkeeper in four-year deal worth £19m - BBC Sport BBC Homepage Skip to content Accessibility Help Your,22,B,59c3094b6522cf366be308d430b80e8d3e72631c3185013eab54ae579f048338,2026-10-07
23d3f695ff169126,T171d19d020,Overmars,https://www.theguardian.com/football/2000/jul/28/newsstory.sport5,25000000.00,GBP,200,VERIFIED,VERIFIED,£25m,"Dein and Barcelona's new president Joan Gaspart. Overmars has cost £25m according to his agent Rob Jansen, and will sign a five-year",22,B,9e6c13108fa9a22e2273be97addd394a7d80b494d0273a4022bce1f7c3f9720c,2026-10-07
23e1ca6ff3765c97,T6191d84880,Pinnock,https://www.bbc.co.uk/sport/football/articles/cew9lqzx9jeo,6000000.00,GBP,200,VERIFIED,VERIFIED,£6m,"from Brentford for an undisclosed fee, reported to be around £6m. , external The 33-year-old, who joined from Barnsley in 2019, made",22,B,2745e7801a3c9ae58e633a330c0571ac0bddf075a7ddfa6873509d48fff2f9e1,2026-10-07
2410d2167c2c1c8d,T86116845dc,Fàbregas,https://www.bbc.co.uk/sport/football/27819204,30000000.00,GBP,200,NOT CONFIRMED (page fetched; figure not found near the player's name),UNVERIFIED,,,0,B,03cf7653eb4288f41e359493f9f588a00269dff53a4c8cdb5e622a873b6dabf0,2026-10-07
241b52a22ba8a19f,T07fc23a9f1,Ruggeri,https://www.bbc.co.uk/sport/football/articles/c7vg4962yp9o,17000000.00,GBP,200,VERIFIED,VERIFIED,£17m,"£30m. Italian full-back Ruggeri joins Villa in a deal worth £17m from La Liga side Atletico Madrid. Suzuki, 23, joins despite Emi",22,B,dc5280e654a9ebcf03fdd6815462bb2f37d21639f6c193849ce5470159eaed60,2026-10-07
243f7e33b1404a6c,Tb0a8a9aa92,Laursen,https://news.bbc.co.uk/sport2/hi/football/teams/l/leicester_city/1748690.stm,400000.00,GBP,200,NOT CONFIRMED (page fetched; figure not found near the player's name),UNVERIFIED,,,0,B,dbe4a92ea898f8f1f09be242c383eae47ae2525507206fb52a815ff5784d1a9f,2026-10-07
244c44ce396c2abf,Ta454132478,Trippier,https://www.bbc.co.uk/sport/48827145,20000000.00,GBP,200,VERIFIED,VERIFIED,£20m,"- Hibernian] Free International Kieran Trippier [Tottenham - Atletico Madrid] £20m 16 July Premier League Sam Byram [West Ham - Norwich] £750,000",22,B,395e6737a56f3f262471e18d69e031ac6212fee8cf0e2dcd8fa91bcaef152d07,2026-10-07
24919cf0db31bcf5,T59c622731f,Washington,https://www.bbc.co.uk/sport/football/articles/cvgy15790v0o,6860000.00,GBP,200,NOT CONFIRMED (page fetched; figure not found near the player's name),UNVERIFIED,,,0,B,508bbdec3c0163358dce2a8d73e68a5acb6f768f90ac6434a9da29a56fa308b7,2026-10-07
24a40718d7154ef2,Td8540535c9,Neto,https://www.skysports.com/football/news/11668/13194614/pedro-neto-transfer-chelsea-complete-gbp54m-deal-with-wolves-to-sign-portuguese-winger,54000000.00,GBP,200,VERIFIED,VERIFIED,£54m,Pedro Neto transfer: Chelsea complete £54m deal with Wolves to sign Portuguese winger | Football News |,17,B,7e34ab274a3e583bd47de72c2c721cdf32b422254462bc8fe5d50b7e9568272d,2026-10-07
24ab38e1da36eb8c,T675f7f6511,Pépé,https://www.bbc.co.uk/sport/football/transfers,72000000.00,GBP,200,NOT CONFIRMED (page fetched; figure not found near the player's name),UNVERIFIED,,,0,B,543df15bd2fd2a6b2d9ce498ed0349aa092f6f922b81b31c0cceda383401b7fd,2026-10-07
24b098dd05c6c2ea,T8f9f4133af,Guiu,https://www.bbc.co.uk/sport/football/articles/cd79d97n3yqo,14600000.00,GBP,200,VERIFIED,VERIFIED,£14.6m,Marc Guiu transfer: Chelsea striker joins RB Leipzig in £14.6m deal - BBC Sport BBC Homepage Skip to content Accessibility Help,21,B,87926fe57d3168a344c40b29aa8ffae4f8fdf2fa88a706159205c88a90eadbcd,2026-10-07
24b25033ddc0e107,Tfa6ec1fbcb,James,https://www.bbc.co.uk/sport/48484572,15000000.00,GBP,200,VERIFIED,VERIFIED,£15m,12 June Premier League Daniel James [Swansea - Manchester United] £15m English Football League Josh Hare [Eastleigh - Bristol Rovers] Free I,22,B,b56c16a0920a7c68f3d5633e024ff7f9742f0bca300ee040ba0e9f02e213d129,2026-10-07
24c21fb432cd16a2,T233a88cb17,Kinský,https://www.bbc.co.uk/sport/football/articles/c8xjzvgwe8jo,12500000.00,GBP,200,NOT CONFIRMED (page fetched; figure not found near the player's name),UNVERIFIED,,,0,B,a0158712d53e257c9fb03b65c030045a76419c43d9e5fa42269d5569ff7e82cd,2026-10-07
24c5f956643e3cdf,T15f4b01d77,Hermansen,https://www.bbc.co.uk/sport/football/articles/c4gz8kywrjxo,20000000.00,GBP,200,VERIFIED,VERIFIED,£20m,Mads Hermansen: West Ham sign Leicester goalkeeper for £20m - BBC Sport BBC Homepage Skip to content Accessibility Help Your,20,B,903ca73e2c4a67096a86f9ad15cb010d4373d8203cc1bb7a3de8851a48541016,2026-10-07
2505a0338ee2451d,T59320afdf1,Raphinha,https://www.independent.co.uk/sport/football/raphinha-fc-barcelona-leeds-brazil-spain-b2124058.html,50000000.00,GBP,200,VERIFIED,VERIFIED,£50m,the conclusion of a deal reportedly worth in excess of £50m Pa Sport Staff Friday 15 July 2022 16:38 BST Bookmark Bookmark,22,B,2640aae41bd0a196f9e0f2ad3e6b6794c7b0837e9c2dfa3a5a888ac8081617b3,2026-10-07
251bb753dd706abf,T023fb33480,Davies,https://www.the-independent.com/sport/football-beattie-gains-sweet-revenge-1091177.html,7500000.00,GBP,200,VERIFIED,VERIFIED,pounds 7.5m,"now. Last summer they sold James Beattie to Southampton for pounds 1m, having paid pounds 7.5m to take the virtual novice Kevin",22,B,bed27b2ab2af5b0edb996d9706c4a4e04e1a0f9b1329783f0407f119d862dc68,2026-10-07
2555ca38672baca5,Te0d3a3bc25,Bellingham,https://www.skysports.com/football/news/12691/13381042/jobe-bellingham-transfer-news-sunderland-midfielder-completes-move-to-borussia-dortmund,27800000.00,GBP,200,VERIFIED,VERIFIED,£27.8m,the second-most expensive signing in Dortmund's history at an initial £27.8m; Bellingham expected to withdraw from England U21 duty to feature at,22,B,2a3fbfca6d3dda95b9a61446850b876684571db0553c513d4964cde6f98e953b,2026-10-07
2558767a84f51dd6,T78823cd020,Emegha,https://www.espn.co.uk/football/story/_/id/48990955/summer-transfer-window-grading-big-signings-mens-soccer,22000000.00,GBP,202,BLOCKED or gone (202),UNVERIFIED,,,0,B,,2026-10-07
255e09e95c2e64c6,T8e47c30f0e,Anderson,https://www.aol.com/articles/man-city-agree-record-fee-213129000.html,130000000.00,GBP,200,VERIFIED,VERIFIED,£130m,"attached. Other sources claim the deal is worth up to £130m, which would represent a British record fee, eclipsing the £125m Live",22,D,bae3c0f6442b9f228a42fd6fce2fe392a70a87a352efc474fdf4c518cc0c67df,2026-10-07
25721a86c7bedd0e,Tc70a66c9bd,Song,https://news.bbc.co.uk/sport2/hi/football/teams/w/west_ham_utd/1036838.stm,2500000.00,GBP,200,NOT CONFIRMED (page fetched; figure not found near the player's name),UNVERIFIED,,,0,B,8dcbb4edbcb5446de72bd43106499d5c92b096d0900bbb6abbd844f0aa258b24,2026-10-07
2579a7fd8952f7de,T9807183879,Röhl,https://www.bbc.co.uk/sport/football/articles/cj0y50dmmg8o,17300000.00,GBP,200,NOT CONFIRMED (page fetched; figure not found near the player's name),UNVERIFIED,,,0,B,4ed293f487a99950b0d88c1948eb5bccc51f0b1be71ee0b2f1fd4ff7f4d071fd,2026-10-07
25ad1ab19f19b197,T0ebd77f242,Botman,https://www.bbc.co.uk/sport/football/61974824,32000000.00,GBP,200,VERIFIED,VERIFIED,£32m,"Lille to sign defender Sven Botman for a fee of £32m with a further £2.5m in add-ons. Dutchman Botman, 22, had his",22,B,59b7c8f06c99b9f8d6b1f17c875967fd020fbde93943e0ba16adeb691def0090,2026-10-07
25cf99d06a4c4d01,Tf50f3a337d,Nistelrooy,https://www.theguardian.com/football/2001/apr/23/newsstory.psveindhoven,19000000.00,GBP,200,VERIFIED,VERIFIED,£19m,Van Nistelrooy signs £19m deal with United | Soccer | The Guardian Skip to main,15,B,6cdfd3e7ae4b36dc1c7be536674bb4e6138455aaf1fac8a4bcf11c5b0245b54e,2026-10-07
25e44147e685f7ec,T1cd8d52ab0,Jô,https://www.theguardian.com/football/2008/jul/02/premierleague.manchestercity,18000000.00,GBP,200,NOT CONFIRMED (page fetched; figure not found near the player's name),UNVERIFIED,,,0,B,9247abb834dafa619db0bbb704d04f30ccf15aa8d45434debd0bfb80928139c7,2026-10-07
25f91447e36a849d,Tda294958bb,Sanli,https://www.skysports.com/football/news/11898/6714656/tuncay-seals-wolfsburg-switch,5000000.00,GBP,200,NOT CONFIRMED (page fetched; figure not found near the player's name),UNVERIFIED,,,0,B,dc9a733ea35615882aed29ff3c5b888c38c99c8449589838d6121d3d0a2854b9,2026-10-07
25ff6df4e527e57c,T8e3eae128b,Ekitike,https://www.bbc.co.uk/sport/football/articles/c62gp6nqy68o,79000000.00,GBP,200,VERIFIED,VERIFIED,£79m,"of Asia later this week. Frankfurt accepted a deal worth £79m, with £69m guaranteed and £10m in add-ons, earlier this week. His",22,B,6e187d7dae74919718fa39b131befb0b8b5ff5dfa038ba4fc0853b37712954c5,2026-10-07
2600d29dd403dfeb,T62f471eea1,Hutchinson,https://www.bbc.com/sport/football/articles/cx27e6wgxrlo,37500000.00,GBP,200,VERIFIED,VERIFIED,£37.5m,"winger Hutchinson joins from Ipswich Town for a fee of £37.5m, while Forest have paid Manchester City close to £30m for midfielder",22,B,2cf930ecaacef0f5994fd10549ff60a82409f3e7ae46acd1d0b147c5de6d2431,2026-10-07
2608ba963ddcfd3c,T3416c957ba,Helguson,https://www.skysports.com/football/player/8451/heidar-helguson,1500000.00,GBP,200,VERIFIED,VERIFIED,£1.5m,history From To Date Fee Lillestrom Watford 14 Jan 2000 £1.5m Watford Fulham 27 Jun 2005 £1.3m Fulham Bolton 23 Jul 2007,22,B,94cad48ea2edd1c0dd139a3134d6958c4e5ea391fb15c5a2e38a3600afd16907,2026-10-07
26213555dfa86188,T5cc77d57cc,Julio,https://www.bbc.co.uk/sport/football/66265761,14500000.00,GBP,200,VERIFIED,VERIFIED,£14.5m,Igor Julio: Brighton sign Brazilian centre-back from Fiorentina for £14.5m - BBC Sport BBC Homepage Skip to content Accessibility Help Your,21,B,71f5c1627a102e1576f8660aaf26c13a10fc64f096fbc9dc9f031d590a6cc4b8,2026-10-07
2661c5e06a1597a5,Tb68ec8dd81,Mosquera,https://www.bbc.com/sport/football/articles/cx2je763nlno,13000000.00,GBP,200,VERIFIED,VERIFIED,£13m,"for an initial fee in the region of 15m euros (£13m). The 21-year-old has joined the Gunners on a five-year contract, whi",22,B,cb6534c9952808abdddaa9765d894fd29a23a2a17beab83123fb557d0d591707,2026-10-07
26623c79859e3790,Te6a890089d,Ripley,https://www.skysports.com/football/player/24051/stuart-ripley,1300000.00,GBP,200,VERIFIED,VERIFIED,£1.3m,Bolton 18 Feb 1986 Undisclosed Middlesbrough Blackburn 20 Jul 1992 £1.3m Blackburn Southampton 10 Jul 1998 £1.5m Southampton Barnsley 07 Nov 2,22,B,953e5f7d1abd0b3df472dcc0f509f6305de1341f1f458da721ba863ca4d9dd48,2026-10-07
267133d0112ae5b7,Te7bd722265,Morgan,https://www.bbc.com/sport/football/articles/cgrk5g5g8jxo,4000000.00,GBP,200,VERIFIED,VERIFIED,£4m,"Hawthorns. He moves for a fee believed to be around £4m, including a substantial sell-on clause. Morgan spent last season on",21,B,b76cbdfff0012f548bb31c2541a01fb83ea76787ef85201b46213d2ddc3e388c,2026-10-07
2693660312b548f1,T948ca976c0,Dumitrescu,https://www.independent.co.uk/sport/football-tottenham-sign-dumitrescu-for-pounds-2-6m-ardiles-shows-ambition-by-buying-romanian-world-cup-hero-and-chasing-two-brazilians-as-venables-prepares-for-latin-test-1416799.html,2600000.00,GBP,200,VERIFIED,VERIFIED,pounds 2.6m,Football: Tottenham sign Dumitrescu for pounds 2.6m: Ardiles shows ambition by buying Romanian World Cup hero and,17,B,dff3b08d5f41439824981acebb312f5b6e24b01055eee115bdef5240fe87c207,2026-10-07
26b9a46c111b58cd,T7725c165f7,Haller,https://www.theguardian.com/football/2019/jul/17/west-ham-sebastien-haller-club-record-fee,50000000.00,EUR,200,VERIFIED,VERIFIED,€50m,"a club-record fee that it is understood could rise to €50m (£45m). The 25-year-old striker, who scored 20 goals in 41 appearance",22,B,2d790da50c17a0c0892f07f7e36273e3faca43e49660bffb6e15fc3c9bdd51c5,2026-10-07
26ea4c8032fec2d3,T147406204b,Nunez,https://www.bbc.co.uk/sport/football/articles/c4gje4j37r9o,85000000.00,GBP,200,VERIFIED,VERIFIED,£85m,"come Nunez's latest transfer fee is significantly less than the £85m package - including add-ons, of which not all were activated -",22,B,4ec937d45653c4802a6b62421645c325b2ed941352862ea98038247c36feea6b,2026-10-07
26fa02edff7b19fa,T40c80518d7,Webster,https://www.skysports.com/football/news/11661/11776391/webster-completes-20m-brighton-switch,20000000.00,GBP,200,VERIFIED,VERIFIED,£20m,Brighton sign Bristol City defender Adam Webster in £20m deal | Football News | Sky Sports Skip to main content,20,B,23e314a2db6fcc07450e9a03f41e0b6d70d8968054f061dbc2de4607f06f645e,2026-10-07
271e799b77d60f21,T022d878aa5,Brobbey,https://www.bbc.com/sport/football/articles/c4gjn3p6ke4o,17300000.00,GBP,200,VERIFIED,VERIFIED,£17.3m,"23-year-old moves to the Stadium of Light for a reported £17.3m plus £4.3m in add-ons. ""I first talked with Sunderland over a",22,B,6d87ef1c43a6174a0acc4b680ecd110d62c43bfcbb583d0ac498a2bf66aeb86c,2026-10-07
2762053307ba0213,T0c3d132417,Shearer,https://www.independent.co.uk/sport/shearer-goes-home-for-pounds-15m-1331235.html,15000000.00,GBP,200,VERIFIED,VERIFIED,pounds 15m,Shearer goes home for pounds 15m | The Independent | The Independent Thank you for registering,16,B,f609a7af16f6c6fe743ac1adebdf62c14f084b6c5156488ac1e4157e8cdc7097,2026-10-07
278784631f041189,T7fe2a826c9,Jacquet,https://www.bbc.co.uk/sport/football/articles/c20glv2qwdgo,55000000.00,GBP,200,VERIFIED,VERIFIED,£55m,"in the summer, after the clubs reached agreement on a £55m fee plus £5m in add-ons. The France Under-21 international would sign",22,B,84801da75849ef496818d73a3272b518d47a61c8bfd0b2eafdc8ceda5c0507e9,2026-10-07
279ac7756079c084,T8f9cac6a1c,Hickey,https://www.skysports.com/football/news/12648467/aaron-hickey-brentford-complete-transfer-for-bolognas-scottish-full-back-in-18m-deal,14000000.00,GBP,200,VERIFIED,VERIFIED,£14m,has signed a long-term contract at Brentford for an initial £14m fee; the price will rise to £18m if performance-related add-ons are,22,B,dbfd903dc772182e2b5063d1e8757d64e9ab8fed7e47aa7494761ad8a27fba86,2026-10-07
27a2e582dc064836,Tf8b21766b6,Hutchinson,https://www.bbc.co.uk/sport/football/articles/c10l4424ry2o,20000000.00,GBP,200,VERIFIED,VERIFIED,£20m,Omari Hutchinson: Ipswich Town sign Chelsea winger for initial £20m - BBC Sport BBC Homepage Skip to content Accessibility Help Your,21,B,30b897c89fc004da6f37381067fdf69af38d92931d062007c0b0128f42f25e94,2026-10-07
27afbaea04a6d69a,Tab9131c15e,Harrison,https://www.bbc.co.uk/sport/football/57698891,11000000.00,GBP,200,VERIFIED,VERIFIED,£11m,Jack Harrison: Leeds sign Man City winger for £11m - BBC Sport BBC Homepage Skip to content Accessibility Help Your,20,B,684f4c31cead36db94fdf16b4fabb49f9a9d87ae7e96a6c7daa4333c930ea349,2026-10-07
27b3d75d34e3af4b,T0803c52fac,Bullard,https://www.theguardian.com/football/2009/jan/23/jimmy-bullard-fulham-hull,5000000.00,GBP,200,VERIFIED,VERIFIED,£5m,Results Competitions Clubs Jimmy Bullard has moved to Hull for £5m. Photograph: Joe Giddens/EMPICS Sport/PA Photos Jimmy Bullard has mov,20,B,8a972b7c2e56d92629b3a2d8cc953529ce32059badec7f9aabad8bc2977e1e72,2026-10-07
27d26eab22f0cb7c,T2193c79d37,Werner,https://www.skysports.com/football/news/11668/12000636/chelsea-agree-werner-deal,55000000.00,EUR,200,VERIFIED,VERIFIED,€55m,"have offered a £200,000-a-week contract to Werner; Germany international has €55m (£49.4m) release clause which expires on June 15 Kaveh Solhekol Sky",22,B,f378210590f6cc83688fe9d125f37f42ab60d50accdca16134e79fc0f9640fe4,2026-10-07
27d498a7fb0f6243,T787ef8f50b,Jackson,https://www.skysports.com/football/news/11095/13578279/nicolas-jackson-transfer-news-aston-villa-confirm-club-record-lb65m-signing-as-deal-agreed-to-sign-ibrahim-mbaye-from-psg,47500000.00,GBP,200,VERIFIED,VERIFIED,£47.5m,"Sports News understands Villa are paying a fixed fee of £47.5m for Jackson, which could reach £65m. The total package surpasses the",22,B,42ca609e759376ebdc380d6982da49101af8666e2d3230865f96c108d97538c9,2026-10-07
27f145229de634e4,T190a68cdee,Healy,http://news.bbc.co.uk/sport2/hi/football/teams/m/man_utd/1093869.stm,1500000.00,GBP,200,NOT CONFIRMED (page fetched; figure not found near the player's name),UNVERIFIED,,,0,B,1cd34ccb4188c69a1fe41eb7cb00e27afbc282a86cbe875b50bedb6c8b181a17,2026-10-07
27f31d709bca647d,T6e4c7b6f38,Isak,https://www.skysports.com/football/news/11678/12681193/alexander-isak-newcastle-sign-striker-from-real-sociedad-for-club-record-63m?pubDate=20250722,63000000.00,GBP,410,BLOCKED or gone (HTTP410),UNVERIFIED,,,0,B,,2026-10-07
27fb362a4e78c5cf,T0c78419c2d,Nunes,https://www.skysports.com/football/news/11065/12951665/matheus-nunes-man-city-sign-midfielder-from-wolves-in-53m-deal,53000000.00,GBP,200,VERIFIED,VERIFIED,£53m,Matheus Nunes: Man City sign midfielder from Wolves in £53m deal | Football News | Sky Sports Skip to main content,21,B,edf19e784f39c754fd7d569ae1eaf98d878c4a27c8019b7d1c5c88a2de45d494,2026-10-07
2825ee56df28c4bf,T7ced28b6d5,Woodgate,https://www.theguardian.com/football/2004/aug/20/newsstory.sport4,14000000.00,GBP,200,VERIFIED,VERIFIED,£14m,or even Michael Owen's earlier this month. A fee of £14m has convinced Newcastle to cash in on their defender who manager,22,B,6ffbc73e88c57a5bbb2a0a6684af88e770dc5d592497c942d87f5983d6409b5b,2026-10-07
28439558d5370b07,Tab17959ce8,López,https://www.bbc.com/sport/football/articles/cwyrgjrwn5lo,19000000.00,GBP,200,NOT CONFIRMED (page fetched; figure not found near the player's name),UNVERIFIED,,,0,B,4226e884d04edc28122cc1f81302c4837fdd5ab02684018e20008883f28c45fa,2026-10-07
2864f72a76a9173f,T8747c30dbe,Ramsdale,https://www.bbc.co.uk/sport/football/articles/c6246dj00m5o,18000000.00,GBP,200,VERIFIED,VERIFIED,£18m,"Aaron Ramsdale for £25m. The Saints will pay an initial £18m for the former Sheffield United player, with an extra £7m in",22,B,4f0bad8029f29f03b12bac4762d77b8a368216404d7173c619cced38de98de70,2026-10-07
2881193229bc5717,Taaabe82b7f,Dozzell,https://www.soccerbase.com/players/player.sd?player_id=2159,1900000.00,GBP,200,VERIFIED,VERIFIED,"£1,900,000","0 (0) 0 Tottenham 01 Aug, 93 01 Sep, 97 £1,900,000 68 (16) 13 4 (1) 1 8 (2) 0 0 (0)",22,C,6b8d2901a5a9446b352d07add85971b7d990ba31b448b9da811c56bfe4f62a13,2026-10-07
28b0bb3e24ecd4b6,T1f0d688f92,Ugochukwu,https://www.bbc.com/sport/football/articles/crm43mzz4zro?at_medium=RSS&at_campaign=rss,23200000.00,GBP,200,VERIFIED,VERIFIED,£23.2m,"Moor. BBC Sport understands the fee is similar to the £23.2m Chelsea paid to sign Ugochukwu from Rennes in 2023. ""It's a",22,B,d44e1fedaae0414c32d481ec35daa9038d5e001a1bf0c34ffee1c766b6f7febf,2026-10-07
28bbd9741f892c3e,Tafc1080258,Fernandes,https://www.bbc.co.uk/sport/football/articles/c862ejqg3leo,85000000.00,GBP,200,VERIFIED,VERIFIED,£85m,Tottenham sign Mateus Fernandes from West Ham for club-record £85m fee - BBC Sport BBC Homepage Skip to content Accessibility Help,21,B,474d78bebb3ba4a597b75f4afb9eb941fcab8ca88ca5211341869ff53d98765a,2026-10-07
28fbbe8783022ce8,T276464fd9e,Hreiðarsson,https://news.bbc.co.uk/sport2/hi/football/teams/i/ipswich_town/885695.stm,4000000.00,GBP,200,NOT CONFIRMED (page fetched; figure not found near the player's name),UNVERIFIED,,,0,B,604b35289d35ff9497319d659dc85af05a1c4f07289a8f2e41a933195a4fc8a8,2026-10-07
29011b1b00c01933,T4838b00adc,Trossard,https://www.bbc.co.uk/sport/football/articles/cddldzme6g1o,15300000.00,GBP,200,VERIFIED,VERIFIED,£15.3m,Arsenal transfer news: Leandro Trossard joins Besiktas for £15.3m - BBC Sport BBC Homepage Skip to content Accessibility Help Your,20,B,3836827a2c37849e1cb0f668fcfba4a4685e714867826adfcad6e639d7795e92,2026-10-07
2901f66d3803f8c8,T8774990a12,Johnson,https://www.skysports.com/football/news/11095/13488723/brennan-johnson-transfer-news-crystal-palace-sign-wales-winger-from-tottenham-in-club-record-lb35m-deal,35000000.00,GBP,200,VERIFIED,VERIFIED,£35m,news: Crystal Palace sign Wales winger from Tottenham in club-record £35m deal | Football News | Sky Sports Skip to main content,22,B,d3320c9cbe2ec01c7ab93e3bfbe5255dd8c9dac5029c112ec9b670241729afd7,2026-10-07
290ea1d7f3432804,T987b14cac3,Akinmboni,https://www.bbc.co.uk/sport/football/articles/clykl3ge66eo,810000.00,GBP,200,VERIFIED,VERIFIED,"£810,000","deal have told the BBC the fee is 1m euros (£810,000), with additional payments should certain clauses be met. Akinmboni,",20,B,5bbdba78c8521b778ced928a08845d7bf389581c9af2a399c1aaa5ab5c914fa7,2026-10-07
298b50090f11d832,Tfe8cd3348c,Mir,https://www.wolves.co.uk/news/first-team/20210820-mir-completes-move-to-sevilla/,13000000.00,GBP,200,NOT CONFIRMED (page fetched; figure not found near the player's name),UNVERIFIED,,,0,A,82b94ae8c08ddc0f0b811c2d508e7628bd71bb75ba10b730be279d34bb8f01c9,2026-10-07
298f76262f2f780f,T4b52e8a521,Emersonn}},https://www.theguardian.com/football/2026/aug/17/premier-league-2026-27-preview-no-12-ipswich,24000000.00,GBP,200,NOT CONFIRMED (page fetched; figure not found near the player's name),UNVERIFIED,,,0,B,a434f804186344b1fffcbdcbb9502f16f9b69c83e191be61a209fca9169b0494,2026-10-07
29cc243de1b49407,T05899e26df,Haaland,https://www.theguardian.com/football/2022/jun/13/erling-haaland-completes-manchester-city-move-proud-day-borussia-dortmund,60000000.00,EUR,200,VERIFIED,VERIFIED,€60m,"and the 21-year-old has joined from Borussia Dortmund after his €60m (£51.5m) buyout clause was met. He will earn £375,000 a week,",22,B,a8d4b4d48f1db7ba2ae725b23a4fef638d0b6c4cf93868f56e1aa49890d0971b,2026-10-07
29f7aa7db7bcafb9,Te327aafdfb,Phillips,https://www.skysports.com/football/news/12640261/kalvin-phillips-man-city-complete-transfer-of-leeds-united-midfielder,45000000.00,GBP,200,VERIFIED,VERIFIED,£45m,the youth academy at Leeds; Man City have paid a £45m fee for the England international; midfielder has signed a six-year c,22,B,10f5a1bd8eaf0d9abaf4c1a786189a4de2aab5e77eadb2769fa21cc455e1da44,2026-10-07
2a1849a2198db0cc,T4674ff6990,Rondón,https://www.bbc.co.uk/sport/football/33852895,12000000.00,GBP,200,NOT CONFIRMED (page fetched; figure not found near the player's name),UNVERIFIED,,,0,B,630a1da9ef911f1ac56d3511486cd8412db91e9ca26278bc9b4122c45954f514,2026-10-07
2a2d15639759d1b6,Td4a000f45b,Echeverri,https://www.bbc.co.uk/sport/football/68094552,12500000.00,GBP,200,VERIFIED,VERIFIED,£12.5m,"midfielder Claudio Echeverri from River Plate. City will pay about £12.5m for Echeverri, who has signed a four-and-a-half-year contract that ru",21,B,f80e0d833a0e50e9e9725c4a56b6ae8d7f32c63242b9bb17aa506adb4b7552ae,2026-10-07
2a4ad12ba9ab081b,T7a2a5899bd,Davies,https://www.independent.co.uk/sport/football/premier-league/davies-transfer-to-villa-will-not-be-derailed-by-injury-layoff-791194.html,8000000.00,GBP,200,VERIFIED,VERIFIED,£8m,due to make the switch permanent this summer in an £8m deal. Now he is resigned to spending at least six months,22,B,0c7da5fddc6bab59dd8c50f55b7bb63205a630f3db277b0979466f0b9410f71b,2026-10-07
2a8ce67f253f5e9a,T771a380b3b,Ferreira,https://www.independent.co.uk/sport/football/premier-league/chelsea-sign-carvalho-from-porto-in-pound-20m-deal-554687.html,13200000.00,GBP,200,VERIFIED,VERIFIED,£13.2m,"represents Paulo Ferreira, the full-back who switched from Porto for £13.2m. ""The fee has been agreed between the two clubs and the",22,B,121826ef9c60fe210c47f615afddd95d17fb99a12b823faf44aca109311086d9,2026-10-07
2ab68d90f9f8046d,Tae117e3ff5,Medina,https://news.bbc.co.uk/sport2/hi/football/teams/s/sunderland/1338372.stm,3500000.00,GBP,200,NOT CONFIRMED (page fetched; figure not found near the player's name),UNVERIFIED,,,0,B,df72cbd3a10aa22465b8b95fd390111ab582f1828fa9d8c1e6fa19132517c9ed,2026-10-07
2ac183a861a4b638,T2790f82714,Blomqvist,"https://news.google.com/newspapers?id=z_VOAAAAIBAJ&pg=5849,205321&dq=jesper+blomqvist&hl=en",4400000.00,GBP,429,BLOCKED or gone (HTTP429),UNVERIFIED,,,0,D,,2026-10-07
2adc9f6b16551c04,T7262dce1b1,Milambo,https://ca.sports.yahoo.com/news/brentford-antoni-milambo-becomes-first-145553215.html,16000000.00,GBP,200,VERIFIED,VERIFIED,£16m,Antoni Milambo becomes first signing of Keith Andrews' tenure in £16million move - Yahoo Sports Search Query for Search Search News Finance,22,D,0b605fc49f6f7600d5d49221279ad469f934d3b9a65427473db4561ace77d5fa,2026-10-07
2b16310f5e5ad338,T0a84c302d3,Scamacca,https://www.bbc.co.uk/sport/football/62308825,30500000.00,GBP,200,VERIFIED,VERIFIED,£30.5m,Gianluca Scamacca: West Ham sign Italian striker from Sassuolo for £30.5m - BBC Sport BBC Homepage Skip to content Accessibility Help Your,22,B,3eef5958d040bed5942001f3073e47a5f266d15b431ba666b06682153ae2bc89,2026-10-07
2b3f0654cbd56931,T4ab2648f61,Lukaku,https://www.theguardian.com/football/2017/jul/07/chelsea-romelu-lukaku-offer-match-manchester-united,100000000.00,GBP,200,VERIFIED,VERIFIED,£100m,"wrap up the Belgian’s signing in a deal valued at £100m, which would also incorporate Wayne Rooney’s return to Goodison Park.",21,B,7138047cc58f2766da1e5086eb8d015144c4280069615da5a809ddc0762e242b,2026-10-07
2b48ceabbfc13b47,Td8503c7fc9,Akinbiyi,https://www.skysports.com/football/player/3397/ade-akinbiyi,5000000.00,GBP,200,NOT CONFIRMED (page fetched; figure not found near the player's name),UNVERIFIED,,,0,B,fcba063e9719c59afdbd59ed3097a5afc2dbf8908679ed171ec78fd933759cbc,2026-10-07
2b49b39cd512d527,Tabb04bd45a,Wilson,https://www.soccerbase.com/players/player.sd?player_id=13854,1500000.00,GBP,200,VERIFIED,VERIFIED,"£1,500,000","0 (0) 0 Middlesbrough 09 Aug, 01 02 Jul, 05 £1,500,000 6 (10) 0 2 (1) 0 5 (0) 2 0 (0)",22,C,80eafcc8b574aecf43d5f8140b7f751d12af545dec18c9ed1ffc9a02a8ae1bde,2026-10-07
2b6b47f51e36154a,Tcaf39339f6,Havertz,https://www.theguardian.com/football/2020/aug/31/chelsea-agree-initial-72m-fee-for-kai-havertz-with-bayer-leverkusen,72000000.00,GBP,200,VERIFIED,VERIFIED,£72m,Chelsea agree initial £72m fee for Kai Havertz with Bayer Leverkusen | Chelsea | The,15,B,2e5fd8ffc63ff9e906700504ee4f1e412ca6058ef5f6e960bd089e6342962c09,2026-10-07
2b6ffea726bb3b1f,T63c2685376,Sommeil,http://news.bbc.co.uk/sport1/hi/football/teams/m/man_city/2689503.stm,3500000.00,GBP,200,NOT CONFIRMED (page fetched; figure not found near the player's name),UNVERIFIED,,,0,B,6e46e6261918908ddb977a6cb53d102d314a1d9763a801afe659e2d18030be2b,2026-10-07
2ba32694cec1d4a3,T7092e02829,Fernandez,https://www.skysports.com/football/news/12799395/enzo-fernandez-to-chelsea-blues-agree-premier-league-record-gbp105m-transfer-deal-for-benfica-midfielder,121000000.00,EUR,200,VERIFIED,VERIFIED,€121m,a British-record transfer fee But Chelsea agreed a deal of €121m at 9.15pm on Deadline Day after 12 hours of talks led,22,B,2314c6e3c205ca385fd7388a717022c2a184824215380c9763ebadb948f1632a,2026-10-07
2ba96632efe8fb67,Tf517fdba62,Drogba,https://www.uefa.com/uefachampionsleague/news/01ac-0e6ce0251320-8326e09d99a2-1000--chelsea-confirm-essien-arrival/,37500000.00,EUR,200,VERIFIED,VERIFIED,€37.5m,"a dream come true."" The fee is more than the €37.5m Chelsea paid Olympique de Marseille for Didier Drogba a year ago.",22,B,773e977a7e9db3e48787b518e28f4ad3e7c10cd8b963ed3e03c80653055ffe37,2026-10-07
2bb6dc8ff1717fe7,Tc07f988573,Fernández,https://www.reuters.com/sports/soccer/man-city-agree-sign-fernandez-chelsea-british-record-fee-reports-2026-09-01/,125000000.00,GBP,401,BLOCKED or gone (HTTP401),UNVERIFIED,,,0,B,,2026-10-07
2bbe7b102cb31d86,T12097d92fb,Ferdinand,https://www.independent.co.uk/sport/football-shearer-out-for-months-as-pounds-6m-ferdinand-joins-spurs-1252906.html,6000000.00,GBP,200,VERIFIED,VERIFIED,pounds 6m,Football: Shearer out `for months' as pounds 6m Ferdinand joins Spurs | The Independent | The Independent Thank,18,B,937b35d522ff88c57b5e8fa1baf7ea2d0eba9210e4843115c04138a5c316894d,2026-10-07
2bbf47737a63860e,T0f00a681d8,Euell,https://news.bbc.co.uk/sport2/hi/football/teams/c/charlton_athletic/1422376.stm,4750000.00,GBP,200,NOT CONFIRMED (page fetched; figure not found near the player's name),UNVERIFIED,,,0,B,602593c2fd9aca41c97ebf061df8741b620e2a68f6cc5a53fe34c6e73faffc88,2026-10-07
2bd9e5b13c0b56ef,Tcaf39339f6,Havertz,https://www.skysports.com/football/news/11668/12163544/kai-havertzs-chelsea-form-young-signing-struggling-to-impress-so-far,62000000.00,GBP,200,VERIFIED,VERIFIED,£62m,at Chelsea as he deals with the pressure of a £62m move - the first transfer of his professional career. These are,22,B,43735e0140e798de369b9bffd4ae00e3215f7a2ee607671e3dbc09e900a3bd01,2026-10-07
2c03c9419f96d35f,Tc273722100,Gueye,https://www.bbc.co.uk/sport/48827145,30000000.00,GBP,200,VERIFIED,VERIFIED,£30m,"- Oxford] Loan International Idrissa Gueye [Everton - Paris St-Germain] £30m Shinji Okazaki [Leicester - Malaga] Free Markus Suttner , external [B",22,B,36ebe74b3ead5f7687ad43171ed5372d312732df0222a01cda9be57a01d2a591,2026-10-07
2c14e40ab3e65a3f,T59a0067142,Robben,https://www.skysports.com/football/news/2681016/real-secure-robben-and-heinze,24000000.00,GBP,200,VERIFIED,VERIFIED,£24m,"fee reported to be in the region of 36million euros (£24million). He has signed a five-year deal with Real, while Heinze has",22,B,f3f236a834cfe784e77bb476d18065c687c2d8f82567f1a9cd8fd35d0d4332d5,2026-10-07
2c8d10134243e658,Tbff903b5fd,Jorginho,https://www.skysports.com/football/news/11436716/chelsea-sign-jorginho-from-napoli-on-five-year-deal,50000000.00,GBP,200,VERIFIED,VERIFIED,£50m,"Manchester City. Sky sources understand Chelsea will pay an initial £50m for Jorginho, potentially rising to £57m. Jorginho - who will wear",22,B,6824ec3d0a26b2c89cdc29aeb8aa4cfb73a8b0d9ba7eef770b461e65c37c88b0,2026-10-07
2ca6d120d1740047,T72dc695c8a,Aké,https://www.mancity.com/news/mens/nathan-ake-signs-63732245,41000000.00,GBP,200,NOT CONFIRMED (page fetched; figure not found near the player's name),UNVERIFIED,,,0,A,8bdc56910135db56680f40a4e850ac35e966db593a966b536fc479a78cedb13d,2026-10-07
2ce7b86d4d18fb77,Td5670581e4,Solomon,https://www.bbc.co.uk/sport/football/articles/cpq8x2ggdnno,5000000.00,GBP,200,VERIFIED,VERIFIED,£5m,"fee, but the Hammers are understood to have paid about £5m to make the Israel international their third permanent signing of the",22,B,0f675c08547341f255916a849911acc877881fc2fab095dc8326d88385bdd3a1,2026-10-07
2d4e29cddb987e0a,T58d6806a0c,Moura,http://www.tottenhamhotspur.com/news/moura-move-agreed-310118/,25000000.00,GBP,200,NOT CONFIRMED (page fetched; figure not found near the player's name),UNVERIFIED,,,0,A,91038d82b891f895aaeda96b07a3d8c5b5fbae3681b61f0d46b0be31dd03e2aa,2026-10-07
2d640e0beb09ca11,T9c293a6b16,Xhaka,https://www.bbc.com/sport/football/articles/cx29nyd9d9wo,13000000.00,GBP,200,VERIFIED,VERIFIED,£13m,"Premier League side. The Black Cats will pay an initial £13m fee for the Swiss midfielder, with the potential for an extra",22,B,d9e87307e5bce9ce5e69435fc01e1e2bc090b858f898f9cdd3b27bda25d9c400,2026-10-07
2dcb283b56f2ea15,T8f9cac6a1c,Hickey,https://www.bbc.co.uk/sport/football/62105581,17000000.00,GBP,200,VERIFIED,VERIFIED,£17m,Aaron Hickey: Brentford sign Scotland defender from Bologna for £17m - BBC Sport BBC Homepage Skip to content Accessibility Help Your,21,B,f48d22679c5e8b3b37791281b5b6f22555e2397ef17a6a7c0458e695ea78d36f,2026-10-07
2dd763750949e4d5,T68e93a78f4,Watson,https://news.bbc.co.uk/sport1/hi/football/teams/e/everton/818680.stm,2500000.00,GBP,200,NOT CONFIRMED (page fetched; figure not found near the player's name),UNVERIFIED,,,0,B,d94918a879edf29731d9937186626b4f78eca63dee7dbdb9140a21236baee45f,2026-10-07
2de5072a52aae84d,Tce7487112b,Ouattara,https://www.skysports.com/football/news/11748/13413243/dango-ouattara-transfer-brentford-sign-bournemouth-forward-in-club-record-42m-deal,42000000.00,GBP,200,VERIFIED,VERIFIED,£42m,Dango Ouattara transfer: Brentford sign Bournemouth forward in club-record £42m deal | Football News | Sky Sports Skip to main content,21,B,f36d735bf0a1d6f79b51df5ecb9773da3728a65938be795f74d561eb83a37400,2026-10-07
2df7c55037d85dcc,T9ead2e2223,Cooke,http://www.transferleague.co.uk/premiership-transfers/manchester-united-transfers.html,1000000.00,GBP,404,BLOCKED or gone (HTTP404),UNVERIFIED,,,0,D,,2026-10-07
2e14a723ba107a8f,Tceb54c25cf,Kinkladze,https://www.skysports.com/football/player/21119/georgi-kinkladze,3000000.00,GBP,200,NOT CONFIRMED (page fetched; figure not found near the player's name),UNVERIFIED,,,0,B,67699fbc467719b34aa249fea9ec790b976d45dd7ed930afbaf22fd744e3e1da,2026-10-07
2e24b2432e0181ab,T63987aa83b,Doyle,https://www.bbc.co.uk/sport/football/articles/c4n1rn7ng8jo,4300000.00,GBP,200,VERIFIED,VERIFIED,£4.3m,complete a permanent transfer to Wolves from Manchester City for £4.3m. The midfielder moved to Molineux on loan last summer and the,22,B,5e6cc1a6dc4154d98a2aeca13ce8678fa63bdf325d32fdcc3468a08b2b811b6f,2026-10-07
2e2583a7ad763e34,Te2c62fe8cb,Doyle,https://www.bbc.co.uk/sport/football/15090737,6500000.00,GBP,200,VERIFIED,VERIFIED,£6.5m,"About sharing Image caption, Doyle joined Wolves from Reading for £6.5m in June 2009 Wolves striker Kevin Doyle has signed a new",22,B,27427c8eb75ef267021acdf6c5fa485142d8a4a2c4585f959f4b038becf39717,2026-10-07
2e73064cd43fff6a,T494a6a940c,Seri,https://www.theguardian.com/football/2018/jul/22/summer-transfer-window-club-by-club-guide-premier-league,25000000.00,GBP,200,VERIFIED,VERIFIED,£25m,"to secure his return. SB In Jean Michaël Seri (Nice, £25m); Maxime Le Marchand (Nice, £7.5m). Key outs David Button (Brighton,",21,B,00fca96d64e420e8f856fa57c1837c2652f50ab11deee29efd9a3db968e240ce,2026-10-07
2e82414c5fdf6a5f,Tbe70655633,Raul}},https://www.bbc.co.uk/sport/football/66308712,5000000.00,GBP,200,NOT CONFIRMED (page fetched; figure not found near the player's name),UNVERIFIED,,,0,B,83ac87b4ad53ab03fd68e9022b818e34ba0d1390f2a762f4e94f31a02697e6f0,2026-10-07
2e9dc112ae89e3c7,T65bd03ca86,Collins,https://www.skysports.com/football/news/11748/12913633/brentford-transfer-news-nathan-collins-completes-23m-club-record-transfer-to-bees-from-wolves,23000000.00,GBP,200,VERIFIED,VERIFIED,£23m,Brentford transfer news: Nathan Collins completes £23m club-record transfer to Bees from Wolves | Transfer Centre News |,18,B,d29e8b9ac4c63bb984463e440941ac64aa05ce44894f68ed5a9feea3c85ed90f,2026-10-07
2eab4df93918e6ce,T3cef4ffa09,Milner,https://www.uefa.com/uefaeuropaleague/news/0252-0cdc17c17957-af04aa77a440-1000--milner-joins-city-ireland-to-villa/,31500000.00,EUR,200,VERIFIED,VERIFIED,€31.5m,to the northwest in a deal reported to be worth €31.5m and signed a five-year contract. He bade farewell to Aston Villa,22,B,1b0cfd1fab7a6ff86625d1da4f20cc76a7367e3585d6fb46d98b51d551bc60d2,2026-10-07
2eab8a4d4c430f65,T443e1cfb26,Pedro,https://www.skysports.com/football/news/11095/13390865/joao-pedro-transfer-news-chelsea-sign-forward-from-brighton-wit,60000000.00,GBP,200,VERIFIED,VERIFIED,£60m,Joao Pedro from Brighton in a deal worth up to £60m; forward has signed an eight-year deal with the Blues; Brazil interna,22,B,912324fa10585837290665eb7f829827a36789419d5fbbddf4ddc8f3f5e20a1c,2026-10-07
2ec5d2d33314a880,Tcbf5f2ad2d,Pogba,https://www.juventus.com/en/news/articles/paul-pogba-joins-manchester-united,105000000.00,EUR,200,VERIFIED,VERIFIED,€105 m,completed a move to Manchester United for a fee of €105 million to be paid in two financial years. The consideration may,22,A,65a2659fa5f52d29c9d4a12bb5830623ee9cd9cb003d2535180574dde82bfe8a,2026-10-07
2ed5aeb414e8af51,Tbe45db73e1,Sinisterra,https://www.bbc.co.uk/sport/articles/c2v45l1d9j6o,20000000.00,GBP,200,VERIFIED,VERIFIED,£20m,Getty Images Published 9 February 2024 Bournemouth have agreed a £20m fee with Leeds United to turn Luis Sinisterra’s loan move into,22,B,85da5a11cdce3565248680c26d9ec74d44681e6651d24e172a22258e2af83458,2026-10-07
2edafe4edcd8c426,Tf10f6bf3e2,Sugawara,https://www.bbc.com/sport/football/articles/cd1x2qn4pd1o,6000000.00,GBP,200,VERIFIED,VERIFIED,£6m,"fee reported , external to be in the region of £6m and signed a four-year contract at St Mary's. Sugawara is Saints",22,B,744aefa48b7882377d7fa4cc21020da1e1fc175dc059982197f6c89926f45373,2026-10-07
2eef6c32e4050794,T561a3d77b3,Batty,https://www.independent.co.uk/sport/football-batty-is-quick-to-settle-in-1501329.html,2750000.00,GBP,200,VERIFIED,VERIFIED,pounds 2.75m,"Ewood Park last week made the Yorkshire club's finances look pounds 2.75m happier and their supporters equally unhappy, played as though he",22,B,bdae0932f2e0363e925857e5f373907ce7ecc884785098d91fec2269bc607e88,2026-10-07
2f076b1551bfb15e,T937ac47c6d,Ehiogu,https://www.skysports.com/football/news/2193793/ehiogu-joins-boro,8000000.00,GBP,200,VERIFIED,VERIFIED,£8 m,"Ehiogu, who ended the on-running transfer saga by sealing an £8 million transfer on Friday. The England international has long been exp",22,B,afd23697f39fd59420be1e8b805c18984bcd41a744b3cbd458677c8dd4a6a8f9,2026-10-07
2f24e1f73490bd47,T91650bfaed,Elmander,https://www.theguardian.com/football/2008/jun/27/bolton.elmander,10000000.00,GBP,200,VERIFIED,VERIFIED,£10m,Elmander wanders to Bolton in reported £10m deal | Bolton Wanderers | The Guardian Skip to main content,18,B,5bb851cc70a7352e0ca8b7d830994eb5f3b7d6c439536a0b9ef5a3be6c78515c,2026-10-07
2f5a49fd6d887f26,Tcb6336af62,Barmby,https://www.independent.co.uk/sport/call-for-earlier-start-to-season-5593887.html,5750000.00,GBP,200,VERIFIED,VERIFIED,pounds 5.75m,"another England squad member, Nick Barmby, for a club record pounds 5.75m. Middlesbrough's manager, Bryan Robson, is likely to spend Barmby's t",22,B,159bcd5189c1e8fe4cb3fb1479c732ea2e0a66fce6d7ad79ff7b94c8c7ffb5fd,2026-10-07
2f5eed31beadf9e2,T84579c54e9,Cucurella,https://www.bbc.co.uk/sport/football/62434266,60000000.00,GBP,200,VERIFIED,VERIFIED,£60m,Marc Cucurella: Chelsea sign Brighton defender for £60m - BBC Sport BBC Homepage Skip to content Accessibility Help Your,19,B,3355c2fbfe322f403a9fe6f824805d4ba18812f1cc51f8763aa4ab56d63cf0ca,2026-10-07
2f5f220fd82cf7d3,T654c801545,Tielemans,https://www.bbc.co.uk/sport/48827145,40000000.00,GBP,200,NOT CONFIRMED (page fetched; figure not found near the player's name),UNVERIFIED,,,0,B,63f815be7f791ad7f7b0263c09b5e5671a8f848e514bac9ea88272bd5582472e,2026-10-07
2f8a985cef39e990,T2caa827fac,Berbatov,https://www.theguardian.com/football/2008/sep/01/manchestercity.tottenhamhotspur,30750000.00,GBP,200,VERIFIED,VERIFIED,£30.75m,"27-year-old, Tottenham revealed that they had agreed a fee of £30.75m. As part of the deal, Spurs have agreed not to pursue",22,B,de3f6343dfe9bb97485cbf16eaa04a894947deb5249a142af2fe27b0efaa79ef,2026-10-07
2fe6ed95cb06f974,T7c70268f87,Brughmans,https://www.bbc.co.uk/sport/football/articles/c86xp9epl83o,30000000.00,GBP,200,VERIFIED,VERIFIED,£30m,Lucca Brughmans joins Liverpool in deal worth up to £30m - BBC Sport BBC Homepage Skip to content Accessibility Help Your,21,B,f4691a505b0aad335992059dfa65675f741515b67d663a3e99a1f4968e73ca78,2026-10-07
301d0c5d8091edd4,T6bc072a1bc,Cissé,https://www.birminghammail.co.uk/sport/football/transfer-news/aston-villa-complete-4m-transfer-32083884,4000000.00,GBP,200,VERIFIED,VERIFIED,£4m,a photo Sport Football Aston Villa FC Aston Villa complete £4m transfer for defender Promising defender Modou Keba Cisse will join A,22,D,70ceae11a14909220347acdd2a523f94737128eab65cb728034dbe5ee80cfe7f,2026-10-07
306ad24835a97912,Tbe96e74c70,Fernandes,https://www.bbc.co.uk/sport/football/51301424,47000000.00,GBP,200,VERIFIED,VERIFIED,£47m,"United will pay an initial fee of around 55m euros (£47m) for the 25-year-old, though add-ons could increase the overall cost",21,B,b0f773b40ebab51ffc0d151b57a1894ae355d618639f87367bc0980b19098ebf,2026-10-07
309d35e1421e523f,T97164dfc2a,Ferdinand,https://www.skysports.com/football/news/15115/10507078/after-paul-pogbas-arrival-manchester-uniteds-previous-top-10-transfer-record-signings,29100000.00,GBP,200,VERIFIED,VERIFIED,£29.1m,expensive defender in the world when he joined United Fee: £29.1m Signed from: Leeds United Date: 23 July 2002 What they said:,22,B,a12d857427a0803e779fd57163660fa95574b5835a99e57aff13d99db84bad25,2026-10-07
30c0fe1c38e26931,Tff17dc3b22,Owen,https://www.theguardian.com/football/2005/aug/30/newsstory.sport5,16000000.00,GBP,200,VERIFIED,VERIFIED,£16m,a medical this afternoon after completing the formalities of his £16m transfer and the club has now confirmed that they will present,22,B,4344c6d2cc69a57b36646899362c61df088a58ec7ef52c3af4bbb5c97b5da04d,2026-10-07
30d5a112deacd701,T16eea90bb3,Guimarães,https://www.bbc.co.uk/sport/football/articles/c1719r079rjo,75000000.00,GBP,200,NOT CONFIRMED (page fetched; figure not found near the player's name),UNVERIFIED,,,0,B,73e095df84da070b19b480221998e043564ca3d209332f0b4c95535144b9cbfe,2026-10-07
310636aa69d31b24,Tbff903b5fd,Jorginho,https://www.theguardian.com/football/2018/jul/13/maurizio-sarri-jorginho-chelsea-manager-antonio-conte-sacked,57000000.00,EUR,200,VERIFIED,VERIFIED,€57m,"been unveiled by Chelsea after they agreed a fee of €57m (£50.4m). Jorginho has signed a five-year deal at the club, with",22,B,3c1deca98a4bd3e2b1adb64ebac96ef4ee4d266e4dca53adbc8751f0d73f68bd,2026-10-07
31328abf79e9d204,Taa5031a8dc,Laporte,https://www.bbc.co.uk/sport/football/66602657,23600000.00,GBP,200,VERIFIED,VERIFIED,£23.6m,Aymeric Laporte leaves Manchester City for Al Nassr in £23.6m move - BBC Sport BBC Homepage Skip to content Accessibility Help,21,B,8c762d3923ff3de8a0fae30cc8039962cd38a18964764ef57c0fe4ab068e5b15,2026-10-07
31598f7b3349e264,T76947fad28,Larsen,https://www.bbc.co.uk/sport/football/articles/c62re2gdxqqo,48000000.00,GBP,200,VERIFIED,VERIFIED,£48m,Jorgen Strand Larsen joins in club-record deal worth up to £48m - BBC Sport BBC Homepage Skip to content Accessibility Help Your,22,B,e34433ae6dcddbdf11d2052b15f5cd13b64106fb3b9c2dee2b2c1a9f15e4af54,2026-10-07
315c59acb33cf633,Tce1d496604,Laslandes,https://news.bbc.co.uk/sport2/hi/football/teams/s/sunderland/1411413.stm,3600000.00,GBP,200,NOT CONFIRMED (page fetched; figure not found near the player's name),UNVERIFIED,,,0,B,8e89a730c8400148a9b0143f7719f4daedcce1f9814387a0b6ee18b81629ba69,2026-10-07
316864dc75c4c8ff,Tc635b79ac6,Halford,https://www.independent.co.uk/sport/football/premier-league/reading-3-wigan-athletic-2-lita-prolongs-wigan-s-losing-streak-434425.html,2500000.00,GBP,200,VERIFIED,VERIFIED,£2.5m,"United's 22-year-old defender Greg Halford for a club-record fee of £2.5m, and also signed the 25-year-old defender Alan Bennett from Cork City",22,B,b8f78c550f4c6f0d55db3d69edfc948865dc219422befa0a9ff958baf9a3d229,2026-10-07
317ba38aa561d837,Tff1302c48c,Diomande,https://www.bbc.co.uk/sport/football/articles/c70g5539dygo,34000000.00,GBP,200,VERIFIED,VERIFIED,£34m,"from Portuguese club Sporting in a deal worth a reported £34m. , external The 22-year-old has signed a four-year contract with Fore",22,B,9f8e2869905c54b0041efd18acd1a81772c96f53c5a2fc75c05163e5c1842ba2,2026-10-07
31c3e24b4b513ee5,Tbc68f052b4,Sutton,http://news.bbc.co.uk/sport2/hi/football/teams/c/celtic/825260.stm,6000000.00,GBP,200,NOT CONFIRMED (page fetched; figure not found near the player's name),UNVERIFIED,,,0,B,f4b185f974e5cf09144f9630851270af8cfbc59c76e8a9a44186530c894b4094,2026-10-07
31d684f2e520c3ce,Ta5d4b57a8b,Sutton,https://www.independent.co.uk/sport/football-blackburn-smash-record-to-sign-sutton-norwich-s-muchadmired-striker-ends-the-uncertainty-by-becoming-rovers-latest-expensive-acquisition-1414189.html,5000000.00,GBP,200,VERIFIED,VERIFIED,pounds 5m,"left Norwich City and signed for Blackburn Rovers yesterday for pounds 5m, a deal which shatters the British transfer record. The 21-year-old",22,B,8b04ab783553a317c0971726b9d1af42b0c05a0f85f710af55ffdf40e8e950fd,2026-10-07
320b77e4e39b8cd0,Tb5cc4c77e2,Cisse,https://www.uefa.com/uefachampionsleague/news/025a-0eaab8fb0af0-7f009e182809-1000--cisse-ready-to-impress/,21000000.00,EUR,200,NOT CONFIRMED (page fetched; figure not found near the player's name),UNVERIFIED,,,0,B,d75fe141c2869f2057c81bef7af663911516d1c43192c4f562a974534d9d5dd6,2026-10-07
320fd5e6d560257f,T4928972791,Iroegbunam,https://www.bbc.co.uk/sport/football/articles/cyxx6p9zlreo,9000000.00,GBP,200,VERIFIED,VERIFIED,£9m,signed midfielder Tim Iroegbunam from Aston Villa for a reported £9m. England Under-20 international Iroegbunam made 15 appearances in all,20,B,3d84de566b9e7d534da6b5660de1bd4065d9a556be294fed65f436475944ecdb,2026-10-07
323fe8ad36321f3b,Tc3a71c7b09,Negredo,https://www.bbc.co.uk/sport/live/football/28678010?page=22,23700000.00,GBP,200,VERIFIED,VERIFIED,£23.7m,"opposed to an option - to complete a deal worth £23.7m at the end of the season. ""A cluster of clubs, including",22,B,1bd3f8cca3404317cbe39c925d80391243500e3a35e54e71a9fd05e8a3489e8e,2026-10-07
32477ff7d3277dec,T4928f00050,Semenyo,https://www.bbc.co.uk/sport/football/articles/c801yv529z7o,65000000.00,GBP,200,VERIFIED,VERIFIED,£65m,Semenyo: Manchester City sign Bournemouth winger in deal worth about £65m - BBC Sport BBC Homepage Skip to content Accessibility Help Your,22,B,8734a7e822a4f637ccfdcca4e62b48afc31e886cba24d9435f35150ea8de9db7,2026-10-07
32618c032e20a3ec,Tfe87f97267,Amokachi,https://www.independent.co.uk/sport/football-hapless-everton-turn-to-amokachi-1379049.html,3000000.00,GBP,200,VERIFIED,VERIFIED,pounds 3m,"DANIEL AMOKACHI, the 21-year-old Nigerian World Cup striker, completed his pounds 3m move to Everton yesterday and on this evidence he cannot",22,B,72d9edc17df857297915df65ba9a95aacbe920a6f393a7ecbe17b2b3dc4ecc4f,2026-10-07
3261aa72adb2b79a,Td38a30311a,Barthez,http://news.bbc.co.uk/2/hi/euro2000/teams/france/771367.stm,7800000.00,GBP,200,NOT CONFIRMED (page fetched; figure not found near the player's name),UNVERIFIED,,,0,B,68d18ff013bf19a585ee1e14c49b00a4eb353a6b1ba7851d957dbec01f1b22e4,2026-10-07
32a11608f940fdcb,T390773f055,Hooijdonk,https://www.independent.co.uk/sport/football-forest-sign-pounds-4-5m-van-hooijdonk-1272324.html,4500000.00,GBP,200,VERIFIED,VERIFIED,pounds 4.5m,Football: Forest sign pounds 4.5m Van Hooijdonk | The Independent | The Independent Thank you,15,B,d8777060c448d13cb98e8e86e2402f10e838ee067d56cf4aecac4107f12c3717,2026-10-07
32cf9cbe39ced093,Tae87f301f5,Alisson,https://www.skysports.com/football/news/11669/11440849/liverpool-complete-67m-deal-for-alisson-becker,75000000.00,EUR,200,VERIFIED,VERIFIED,€75m,"completed the signing of Alisson Becker for a fee of €75m (£67m), subject to the Roma goalkeeper passing a medical, according t",22,B,cf296859166b9461eef53d919173544e8409ea1f8609322765ec22694b74bdf4,2026-10-07
332c09766b8d117f,T6e03baef03,Garner,https://www.bbc.com/sport/football/62752441,9000000.00,GBP,200,VERIFIED,VERIFIED,£9m,joined Everton from Manchester United for an initial fee of £9m. Gueye was the reigning players' player of the season at Everton,22,B,8e620fbb8b7e8f983f60ff2bc86a67d99fdf736c2048d4487d3def65a494640c,2026-10-07
338a6de9eeed0b8d,Taa6faacbcb,Bale,https://www.bbc.co.uk/sport/football/23538218,85300000.00,GBP,200,VERIFIED,VERIFIED,£85.3m,"agreed a £300,000 per week, six-year deal after sealing an £85.3m (100m euros) move which eclipses the £80m Real paid Manchester United",22,B,6279acd8d04d74432d090b961895499cc42e677ebdeac705772a58b1f4ea2cc1,2026-10-07
33a4ce6a6c4395f7,T0ec14cedc8,Fernandinho,https://www.skysports.com/football/news/8760536/transfer-news-manchester-city-complete-signing-of-fernandinho-from-shakhtar,30000000.00,GBP,200,VERIFIED,VERIFIED,£30m,"2013 09:13, UK Image: Fernandinho: Joins Manchester City in a £30million deal in what has already been a busy summer Manchester City",22,B,b011cc54c54eb6ae4ee5382a49e6b1f568bd343e41a61eaf82a2254cce4cd3fb,2026-10-07
33c78e4d7c094469,T023fb33480,Davies,https://www.the-independent.com/sport/football-britain-s-big-money-movers-1074330.html,7250000.00,GBP,200,VERIFIED,VERIFIED,pounds 7.25m,(Nov 98) Duncan Ferguson (Everton to Newcastle) 5 pounds 7.5m (Jan 99) John Hartson (West Ham to Wimbledon) 6 pounds,20,B,31fedca1bbb4e25d0c1f383c6258f80169616131e978a3cf4777d8a894d08ee4,2026-10-07
33e0c9e366e17ec4,Tf8de7bae12,Steur,https://www.bbc.co.uk/sport/football/articles/ckg060ewpp8o,23000000.00,GBP,200,VERIFIED,VERIFIED,£23m,Sean Steur transfer news: Newcastle complete £23m signing of Ajax midfielder - BBC Sport BBC Homepage Skip to,18,B,e08819e5fb320fb938a537520634b4ee5f242843c6f5ec1706acdabd0a89d3e8,2026-10-07
340d04d296ff6738,Tabff29e108,Earnshaw,https://www.skysports.com/football/player/5020/robert-earnshaw,3000000.00,GBP,200,NOT CONFIRMED (page fetched; figure not found near the player's name),UNVERIFIED,,,0,B,997196d3df51df2f56ebb460b286a57a25bb7cc51cb03f646ccdf483581ae679,2026-10-07
343983172230f68c,T3410527b68,Fàbregas,https://www.theguardian.com/football/2011/aug/15/cesc-fabregas-signs-barcelona-arsenal,34000000.00,GBP,200,VERIFIED,VERIFIED,£34m,transfer on five-year contract Barcelona say Fábregas deal worth potential £34m Sid Lowe in Barcelona Mon 15 Aug 2011 07.21 EDT Share,22,B,c7e815e4bb583e49892114ee293d41635cf4128fcebf097b34c27426d8d63352,2026-10-07
343f5bc800dccf9a,T04b1d203e2,Fofana,https://www.bbc.com/sport/football/62462069,70000000.00,GBP,200,VERIFIED,VERIFIED,£70m,Fofana: Chelsea sign 21-year-old French defender from Leicester City for £70m - BBC Sport BBC Homepage Skip to content Accessibility Help Your,22,B,35b5a7f93ace51185f17cd49c87edc8bcc95902ea33d8f9a0bd31b88b806ac16,2026-10-07
3479bbe6a5f996a7,T5d65a996ca,Diarra,https://www.theguardian.com/football/2008/dec/22/real-madrid-lassana-diarra-portsmouth,20000000.00,GBP,200,VERIFIED,VERIFIED,£20m,17 years old French midfielder signs 4½-year contract at Bernabéu £20m man to wear the name 'Lass' on his Real shirt Mon,22,B,3f47fb0249b618aea0bc6fafe56f976ccdc00018b73f7fe611c7781df988744c,2026-10-07
34853c8fb6c8c812,T50329e6d8f,Osvaldo,https://www.bbc.co.uk/sport/football/23750101,15000000.00,GBP,200,VERIFIED,VERIFIED,£15m,Southampton sign Italy striker Pablo Daniel Osvaldo for £15m - BBC Sport BBC Homepage Skip to content Accessibility Help Your,20,B,a226f9ad6a8d2790497200b497b939977b8c18a3681edf923647f987613cbbe9,2026-10-07
34a02d177df58948,Tf239099036,Pašalić,https://www.chelseafc.com/en/news/2020/06/22/pasalic-joins-atalanta-permanently,13400000.00,GBP,200,NOT CONFIRMED (page fetched; figure not found near the player's name),UNVERIFIED,,,0,A,d6c4eb39cdaa399f48701c4ec8494f51d8816d23b0f3c6c1ed4c03d82a9fcc4c,2026-10-07
3504d1e45381e107,T883a41cc1b,Paz,https://www.independent.co.uk/sport/football-ipswich-sign-pounds-1m-uruguayan-1447762.html,1000000.00,GBP,200,VERIFIED,VERIFIED,pounds 1m,"in IPSWICH last night equalled a club record by paying pounds 1m for the Uruguayan international striker, Adrian Paz, from Penarol of",22,B,2b14d2d8899433a2cad8811deda4328a9e875fff0fe234fc390f9c49069bc299,2026-10-07
35149a4da7fa5e9f,Tbcd492add7,Onana,https://www.bbc.com/sport/football/articles/cgrlgzx6gpro,50000000.00,GBP,200,VERIFIED,VERIFIED,£50m,Amadou Onana: Aston Villa seal £50m deal for Everton midfielder - BBC Sport BBC Homepage Skip to,17,B,ef27266bc72974da8d54f74e9357b5c8dfd9e7a376fa7733e7d42371cbe72ce1,2026-10-07
351ea6ab9d26231c,T689405a5e4,Sancho,https://www.skysports.com/football/news/30965/12344435/man-city-will-pocket-11-2m-from-man-utds-jadon-sancho-deal-paper-talk,72900000.00,GBP,200,VERIFIED,VERIFIED,£72.9m,to Manchester United after their bitter rivals finally agreed a £72.9m deal with Borussia Dortmund for the England winger. Gareth Southgate,21,B,3563f569127aad4afdd59114ec5e3ac20b0b24dc61b49929d8c6455fb9edca61,2026-10-07
3521c9cb9b667429,T79e2268cd0,Alcaraz,https://www.bbc.co.uk/sport/football/64243752,12000000.00,GBP,200,VERIFIED,VERIFIED,£12m,"a four-and-a-half-year contract. Racing said Saints have paid £13.65m euros (£12m) for Alcaraz, who is known as 'Charly', and that there is",22,B,50d06c24cc25e495ad95cfe38de948be8b61346291315a9cfa759e729f420f6f,2026-10-07
355639ded35a6091,T374e35997b,Salah,https://www.bbc.co.uk/sport/football/40345138,34000000.00,GBP,200,VERIFIED,VERIFIED,£34m,Mohamed Salah: Liverpool sign Roma's former Chelsea winger for £34m - BBC Sport BBC Homepage Skip to content Accessibility Help Your,21,B,aafbeae8113d27cc0a8cac26991936dd85192cebcf83aeaa399aad060a40f913,2026-10-07
355f07f6391c3447,T3c1de8b529,Anelka,https://www.theguardian.com/football/1999/aug/03/newsstory.sport9,23500000.00,GBP,200,VERIFIED,VERIFIED,£23.5m,"Nicolas Anelka saga, who left for Real Madrid in a £23.5million deal yesterday. Italian newspapers had reported Juventus were i",20,B,f89f087a91299b725ba3de2b71d8db3ae08905562a5326859d4f3c89cc804de8,2026-10-07
355f8d5f2028a530,T919c6c7eae,Ramires,https://www.skysports.com/football/news/11668/10145694/ramires-joins-chinese-side-jiangsu-suning-from-chelsea,25000000.00,GBP,200,VERIFIED,VERIFIED,£25m,Chinese side Jiangsu Suning from Chelsea for a fee of £25m. The Brazil international moved to Stamford Bridge from Benfica for £,22,B,44dbc0d7f4d3195b6591773af7c8d0e5a31a563a757df0b0fe910311b24f287e,2026-10-07
356918f7dc93a07e,T538fc2ddd2,Reyes,https://www.independent.co.uk/sport/football/premier-league/arsenal-reveal-details-of-reyes-aps17-5m-deal-75888.html,17500000.00,GBP,200,VERIFIED,VERIFIED,£17.5m,Arsenal reveal details of Reyes Â£17.5m deal | The Independent | The Independent Thank you for registering,17,B,4d4396aae74a85f7b3d22b8aed7fff00eefaa64f881afbf3c372592fb3393650,2026-10-07
35843d54d6f10898,Tc9ef09494a,Sinclair,https://www.independent.co.uk/sport/football-sinclair-signs-for-leicester-1171604.html,2000000.00,GBP,200,VERIFIED,VERIFIED,pounds 2m,yesterday to sign the World Cup defender Frank Sinclair for pounds 2m from Chelsea. The fee surpassed the pounds 1.6m that Leicester's,22,B,e45a42a901c9a3ecdd98206faaa2698e892a4d8ff6879468a23b1138109f18ac,2026-10-07
35c1c8f9f08f30c9,Tae469c0555,Peacock,https://www.independent.co.uk/sport/football-peacock-goes-but-francis-stays-mixed-day-at-queen-s-park-rangers-while-limpar-joins-everton-and-beagrie-hops-to-city-1431375.html,2750000.00,GBP,200,VERIFIED,VERIFIED,pounds 2.75m,lost a central defender yesterday when Darren Peacock completed his pounds 2.75m move to Newcastle on a hectic final day for transfers,22,B,8048ba8b256486e182cabcd7c4ebd601a06582474d3b06119b90e033210cc34b,2026-10-07
35e2fc4bfa6247ee,Ta5a7ebc148,Shehu,https://www.bbc.co.uk/sport/football/articles/c5yz5dprjq0o,2500000.00,GBP,200,VERIFIED,VERIFIED,£2.5m,that Shehu had been sold to Panathinaikos for a reported £2.5m. The sale of the 19-year-old - signed from Southend United two,22,B,4639100066fa1010457ddbaed5e40a110112fc54f8c07943efca2fe7f06d577c,2026-10-07
35e49a4e60025b12,Tbdda21cef0,Sangare,https://www.bbc.co.uk/sport/football/66692394,30000000.00,GBP,200,VERIFIED,VERIFIED,£30m,"midfielder Ibrahim Sangare for a fee believed to be around £30m, and striker Divock Origi on loan from AC Milan. Chelsea winger",22,B,e5a2824315126b63776fbb64f804adc548c8741d1112ae87ebea2e47b0d0fdc2,2026-10-07
360906b1d182862b,Td84c4abfcf,Mazilu,https://www.brightonandhovealbion.com/news/3591184/albion-reach-agreement-with-farul-constanta-for-mazilu,2500000.00,GBP,500,BLOCKED or gone (HTTP500),UNVERIFIED,,,0,A,,2026-10-07
3632edea84850117,Teca18c44a8,Ndombele,https://www.bbc.co.uk/sport/48827145,53800000.00,GBP,200,VERIFIED,VERIFIED,£53.8m,Martinelli [Ituano - Arsenal] Undisclosed Tanguy Ndombele [Lyon - Tottenham] £53.8m Scottish Premiership Devante Cole [Wigan - Motherwell] Loan English F,21,B,c7ed099b15df959bb01f147dbd809ca154b9839b81f740ffc719640fb6acf087,2026-10-07
3665746249376d5a,T89b4371f53,Blake,https://www.independent.co.uk/sport/robson-s-reverse-1319654.html,1200000.00,GBP,200,VERIFIED,VERIFIED,pounds 1.2m,"In front from the 12th minute when Nathan Blake, his pounds 1.2m signing from Sheffield United, pounced to claim his first Bolton",22,B,04ffdf925fae5622d2de3eeaaf18c01c74d5df2c71ecc23f809ea03f521a6c2c,2026-10-07
36705925901153f6,T7550d514e6,Zelic,https://www.independent.co.uk/sport/football-qpr-break-club-record-for-zelic-1593472.html,1250000.00,GBP,200,VERIFIED,VERIFIED,pounds 1.25m,the Australian international Ned Zelic moved from Borussia Dortmund for pounds 1.25m. The three- year deal exceeds the pounds 1.1m Rangers invested,22,B,8c82673a2efa183fa25f7a9548ce2f4a70295515e22a349bb8196a4bde6e04a9,2026-10-07
367d2986f2af97a3,T375ab2b49d,Reijnders,https://www.bbc.co.uk/sport/football/articles/c0mr3dp2g8yo,46500000.00,GBP,200,VERIFIED,VERIFIED,£46.5m,Manchester City confirm £46.5m signing of AC Milan midfielder Tijjani Reijnders - BBC Sport BBC,15,B,93c7625075b3e9690b5e7b79307ce4b023d86b3654a6f91ab387574cab5d5f92,2026-10-07
36ad34627fbd67bb,Tf7a104c7ab,Danilo,https://www.juventus.com/en/news/articles/official-danilo-is-bianconero,37000000.00,EUR,200,NOT CONFIRMED (page fetched; figure not found near the player's name),UNVERIFIED,,,0,A,f6e7f7c3774d249a1dae0b45dad8cad5014b760601fe142de6bfcefb5197109d,2026-10-07
36c62e7586e1c4b7,T263fac5737,Oscar,https://www.bbc.co.uk/sport/football/38414256,60000000.00,GBP,200,VERIFIED,VERIFIED,£60m,Chelsea midfielder to join Shanghai SIPG in China for about £60m - BBC Sport BBC Homepage Skip to content Accessibility Help Your,22,B,1b40eff0160cd4c026600ed3c7a17f6046cc21a493241b387e25b1dd80dd1fb4,2026-10-07
36d710d7ae9bfe86,T0b6d36d9a7,Martial,https://www.skysports.com/football/news/11667/10848265/man-utd-owe-monaco-lb8-4m-after-anthony-martial-scores-25th-goal,36000000.00,GBP,200,VERIFIED,VERIFIED,£36m,United from Monaco in 2015 for an initial fee of £36m (€50m at the time) - opened the scoring for United against,22,B,44bbdec89713d6a2b8c4ea7a03dbe14404fb2cd14eb6848326802253215e6db2,2026-10-07
36f847c1ee5873c0,T2c2f1eab27,Adarabioyo,https://sports.yahoo.com/articles/tosin-adarabioyo-leaves-chelsea-completing-221159986.html,10000000.00,GBP,200,NOT CONFIRMED (page fetched; figure not found near the player's name),UNVERIFIED,,,0,D,59e067c25805bc4df63a6675e2b67ac5e236d0ca7c0c7ce3ffc7ca3b494274e4,2026-10-07
36fc3a2342e9d737,T772b1b0d43,Torres,https://www.theguardian.com/football/2007/nov/12/match.fulham,18500000.00,GBP,200,VERIFIED,VERIFIED,£18.5m,"Spanish capital at his departure this summer; the buyers said £18.5m rising to £22m, with Luis García an entirely separate deal as",22,B,7c3d120d28289d183f297d0df66ba03b550f312ccd11e11df895a1ed9ec8b0b7,2026-10-07
370039548bcc7a1c,T27a2ae6654,Caicedo,https://www.skysports.com/football/news/11741/12939945/caicedo-completes-british-record-115m-move-to-chelsea,115000000.00,GBP,200,VERIFIED,VERIFIED,£115m,Moises Caicedo: Chelsea sign Brighton midfielder for British-record fee of £115m | Transfer Centre News | Sky Sports Skip to main content,22,B,4b7d2773e9ce289749d42c95eadd5727b19dff02589bf1e4e84bc72d98fe9538,2026-10-07
37025d01442be881,T2e92fa7207,Cancelo,https://www.skysports.com/football/news/11779133/joao-cancelo-joins-man-city-from-juventus-with-danilo-moving-to-italian-club,60000000.00,GBP,200,VERIFIED,VERIFIED,£60m,"signed a six-year deal at the Etihad, is valued at £60m in the deal, while Danilo is rated at £34m. City will",22,B,c5b5a009d32e325a43dab6e01d2e9c518da9dcacc7e5777e486a9df862bd235f,2026-10-07
3724e4328f4d2fbe,T5789114065,Mustafi,https://www.bbc.co.uk/sport/football/37223120,35000000.00,GBP,200,VERIFIED,VERIFIED,£35m,Arsenal sign Shkodran Mustafi for more than £35m and Lucas Perez for £17.1m - BBC Sport BBC Homepage Skip,19,B,7cd0f30e719605abff137275970d13e524e915c1f88c4876db6a5bc08fdadf79,2026-10-07
374507148beccc90,Tc97943c8d4,Ince,https://www.bbc.co.uk/sport/live/30515133?page=5,2300000.00,GBP,200,VERIFIED,VERIFIED,£2.3m,"but agreed on a deal - reportedly worth up to £2.3m , external - late on Wednesday. Share close panel Share page",22,B,841fca3077ee3b2cba6ab581fa92ddf1846356f60a732f09e12c13bf7baa6b02,2026-10-07
3749aeeffe9d1ade,Td168d189cc,Maddison,https://www.bbc.co.uk/sport/football/66049249,40000000.00,GBP,200,VERIFIED,VERIFIED,£40m,James Maddison: Tottenham complete £40m deal for Leicester and England midfielder - BBC Sport BBC Homepage,16,B,8398247b5491b3fb4101a4abb8084d47214631b8c77f9ab76bc8c998f9c18de7,2026-10-07
375132a9d7c3a9fe,T01afba28ad,Marlet,https://www.theguardian.com/football/2001/aug/28/newsstory.sport2,11500000.00,GBP,200,NOT CONFIRMED (page fetched; figure not found near the player's name),UNVERIFIED,,,0,B,6dddd108623f70115b02ded9bed182367904d080219eb6f134d4eb8d02ef7540,2026-10-07
37868c29c70bb7d7,Tda8227efd6,Laporte,https://www.athletic-club.eus/en/news/2025/09/11/aymeric-laporte-rejoins-athletic-club/,65000000.00,EUR,403,BLOCKED or gone (HTTP403),UNVERIFIED,,,0,D,,2026-10-07
3786d51352aa2a58,T0ba8926873,Pino,https://www.bbc.com/sport/football/articles/clyd0n3411eo,26000000.00,GBP,200,VERIFIED,VERIFIED,£26m,"Yeremy Pino from Villarreal in a deal worth up to £26m. The 22-year-old has signed a five-year contract, and will be availab",22,B,147e20c2d02cf1bf481625b60bb65ff9e13f3177861fe40ae36c2580b9114ca9,2026-10-07
378de0a2d9135146,T2590ace874,Robert,https://news.bbc.co.uk/sport2/hi/football/teams/n/newcastle_united/1465404.stm,9500000.00,GBP,200,NOT CONFIRMED (page fetched; figure not found near the player's name),UNVERIFIED,,,0,B,5721d3134c40870046747ec428bcdc446fe8c586bf38adb9aaa7898d068ecce8,2026-10-07
37a2c6717bf049b7,T5fcd5a3bdb,Crouch,https://www.bbc.co.uk/sport/football/14729457,10000000.00,GBP,200,VERIFIED,VERIFIED,£10m,"Birmingham's Cameron Jerome. , external Stoke have paid an initial £10m, but the fee could rise to £12m dependent on the fulfilment",22,B,5de7d8f15599bcccc7241e548ffabe853855fcd39b30e7289b5ddb2e1978fbb7,2026-10-07
37a7a6881c5867b6,Tc1f5e23e42,Coutinho,https://www.bbc.co.uk/sport/football/42608692,142000000.00,GBP,200,VERIFIED,VERIFIED,£142m,close panel Share page Copy link About sharing Philippe Coutinho's £142m move from Liverpool to Barcelona was officially confirmed on Monday a,22,B,d472bd9f3e971f7ed1c5356ad73981f89b6ffe9002c46dc5b6e3d66746b61b1d,2026-10-07
37be7083869f341e,Tc8eedff6c6,Daka,https://www.bbc.co.uk/sport/football/57662332,22000000.00,GBP,200,VERIFIED,VERIFIED,£22m,"Red Bull Salzburg on a five-year-deal, thought to be worth £22m. The 22-year-old scored 27 goals in 28 appearances last season to",22,B,644be32573cad6a5af1e37662b6ceead3a19c6813829ba7e9bc53ec8b2902229,2026-10-07
37c3ddfbe99c0e47,T501c6c012c,Torres,http://news.bbc.co.uk/sport2/hi/football/teams/c/chelsea/9380389.stm,50000000.00,GBP,200,VERIFIED,VERIFIED,£50m,have broken the British transfer record by paying a reported £50m to seal the capture of striker Fernando Torres from Liverpool. The,22,B,f3cdd62616708bc9e2ca635a0ee1fcd78807c90ac65553d9aaec9f60ecc65c05,2026-10-07
37ee7f98038c3053,T2ccc15da9b,Diouf,https://www.bbc.com/sport/football/articles/cddzpd1eev7o,19000000.00,GBP,200,VERIFIED,VERIFIED,£19m,Hadji Malick Diouf joins West Ham from Slavia Prague for £19m - BBC Sport BBC Homepage Skip to content Accessibility Help Your,22,B,31b45e53d38bea2ad271684824647a9d7354cba8ff3e8110a1134deae19fd1bc,2026-10-07
37f02425c278b2ff,Ta7da8721da,Vieira,https://www.uefa.com/uefachampionsleague/news/01ab-0e6ce128517b-371ab9997b70-1000--vieira-joy-for-juventus/,20000000.00,EUR,200,VERIFIED,VERIFIED,€20m,Article summary Italian champions Juventus FC have pulled off the €20m signing of Arsenal FC's France midfielder Patrick Vieira. Article bod,21,B,13a8cc2b5c8b65f1e03d567c3f31d1cea144c2a52e33aadcb068373ff5eb31d9,2026-10-07
3813d416fd921ad9,T7b1f5a07cb,Pongolle,https://news.bbc.co.uk/sport1/hi/football/6626005.stm,2700000.00,GBP,200,NOT CONFIRMED (page fetched; figure not found near the player's name),UNVERIFIED,,,0,B,0ab18cec0da3e03d2782d93640dc686e4229c609b711127a57f5bf7e26db5be0,2026-10-07
381cd7bfc78650ed,Tff1d79ea21,Johnson,https://www.skysports.com/football/player/21124/seth-johnson,7000000.00,GBP,200,NOT CONFIRMED (page fetched; figure not found near the player's name),UNVERIFIED,,,0,B,084abee42f4f70225c047e6404260f45929964e601fff45a94c2d873138515b9,2026-10-07
3831dcdfc493128c,Tce99dbf6d0,Mangala,https://www.bbc.co.uk/sport/football/62308826,12700000.00,GBP,200,VERIFIED,VERIFIED,£12.7m,"signed Orel Mangala on a long-term deal for a reported £12.7m , external from Stuttgart. The midfielder, 24, becomes Forest's 12th",21,B,699d91ea3f6c8f8a831909271a3ff0f8e0f94ee3056db4a51488b4e3aabeffa0,2026-10-07
388b4e3e5795010e,T9c60228587,Lerma,https://www.skysports.com/football/news/11743/11464693/bournemouth-sign-jefferson-lerma-for-gbp25m-from-levante,25000000.00,GBP,200,VERIFIED,VERIFIED,£25m,Bournemouth sign Jefferson Lerma for £25m from Levante | Football News | Sky Sports Skip to main,17,B,632604cf920ae422e3ce828779951113030c6b97aaab2cbaf6af154c50afbe57,2026-10-07
38952fb3391df109,T9f98d45390,Nørgaard,https://www.bbc.co.uk/sport/football/articles/cm2gvlnjndpo,7000000.00,GBP,200,NOT CONFIRMED (page fetched; figure not found near the player's name),UNVERIFIED,,,0,B,d324cb8660c6bfe4d4fa3c25355920156a421b8effe96315f8299129ff8b03b2,2026-10-07
38983db65f23fe6c,Td5b0d0ead0,Bent,https://www.theguardian.com/football/2009/aug/05/darren-bent-sunderland-tottenham,10000000.00,GBP,200,VERIFIED,VERIFIED,£10m,Darren Bent completes £10m Sunderland move | Sunderland | The Guardian Skip to main content,15,B,0aed050eeaa0540d0466b57b6db2e1afb2e5f2628aaa444285f64393df59633a,2026-10-07
38a7f8538eba2085,T114af20bc1,George,http://news.bbc.co.uk/sport2/hi/football/teams/i/ipswich_town/1495068.stm,3100000.00,GBP,200,NOT CONFIRMED (page fetched; figure not found near the player's name),UNVERIFIED,,,0,B,4a8a925d9a3cc270fee80477d2e9c9809e801471ef2e3d8ed0ca9112e469b0cc,2026-10-07
38ff98081ba92503,Tad19df254a,Lukaku,https://www.standard.co.uk/sport/football/lukaku-transfer-man-utd-chelsea-fc-millions-b949656.html,97000000.00,GBP,200,VERIFIED,VERIFIED,£97m,Standard. Read our privacy notice . Romelu Lukaku ’s impending £97million transfer to Chelsea will earn their Premier League rivals Manch,21,D,90472020eeaeaa7d02e206750f1215a4e051b669e614d1905c72c85fa08f8170,2026-10-07
391997bd67cb15a8,T8ef3f0d2bb,Schade,https://www.bbc.co.uk/sport/football/65878352,22000000.00,GBP,200,VERIFIED,VERIFIED,£22m,joining on loan Brentford have paid in the region of £22m to turn Kevin Schade's loan spell into a permanent move. Schade,22,B,a9827b334f467fa812568737aefadad1b10eb6beb93d8a384411b784854ecf1e,2026-10-07
39301c02c54769a3,Tecbcaee411,Gibson,https://www.bbc.co.uk/sport/football/45076206,15000000.00,GBP,200,VERIFIED,VERIFIED,£15m,"the Clarets' first summer signing, while the fee matches the £15m they paid for striker Chris Wood in August 2017. Manchester City",22,B,3f77c2f66af2d9ab774b6098d47d7371ed15b9f53ea11ad11f58d4a8bfdfcf59,2026-10-07
393156beac5952e0,T285bfd71a3,Correia,https://www.manchestereveningnews.co.uk/sport/football/transfer-news/pablo-moreno-man-city-transfer-18518264,9500000.00,GBP,200,NOT CONFIRMED (page fetched; figure not found near the player's name),UNVERIFIED,,,0,D,cbbb48633b3516777a85a03b45268d8dbf6b1c62b852f3e18fbac30db381fbd2,2026-10-07
394be087c5a5dbdc,Tb7b4bcb087,Joelinton,https://www.theguardian.com/football/2019/jul/23/newcastle-united-sign-joelinton-club-record-hoffenheim-brazil,40000000.00,GBP,200,VERIFIED,VERIFIED,£40m,Joelinton has completed his move to Newcastle for a reported £40m fee. Photograph: Serena Taylor/Newcastle United/Getty Images View ima,19,B,b223e7e4fe2f84d599cfb23a335076d1403ce42453840b9f56e83bdcab2ee05f,2026-10-07
39575070b527fa17,T2f7b0a82b0,Alexander-Arnold,https://www.bbc.co.uk/sport/football/articles/cz01k8nje54o,8400000.00,GBP,200,VERIFIED,VERIFIED,£8.4m,"Sources at Liverpool have indicated the fee is 10m euros (£8.4m), which Real have made as a single, up-front payment. However, source",22,B,22da1a9eee96e74d9650e955df7899fa64109c7c28c96be6467684e5a7f8cde6,2026-10-07
395efa52ff720c0d,T11535da526,Marshall,https://www.soccerbase.com/players/player.sd?player_id=4846,750000.00,GBP,200,VERIFIED,VERIFIED,"£750,000","2 (0) 1 Ipswich 09 Aug, 93 31 Aug, 96 £750,000 78 (5) 32 9 (0) 3 4 (0) 3 0 (0)",22,C,7e66e5bc67b30b8e7d1ed12be312ac51213a14122373fcab4269c9900bb10c84,2026-10-07
396aad9a85237b39,Tb271f05dfb,Ayew,https://www.bbc.co.uk/sport/football/articles/ced1544jjqdo,5000000.00,GBP,200,VERIFIED,VERIFIED,£5m,"Transfers Top Scorers Gossip Leicester sign Palace forward Ayew for £5m Image source, Getty Images Image caption, Jordan Ayew had been at",22,B,9d36c93c84a5c073634c316986ebab88fcf71ddc49a8fc7b992868c7ff152001,2026-10-07
39897446fe89eafe,T46ae7f9da4,Verón,https://www.skysports.com/football/news/10507078/manchester-uniteds-top-10-transfer-record-signings,28100000.00,GBP,200,NOT CONFIRMED (page fetched; figure not found near the player's name),UNVERIFIED,,,0,B,d34510a43484344a5d1b465d9c5a18afa40e1feaf20d099f67c73d4aa6ac642a,2026-10-07
3995d8c27d69ef74,T24c33f9e36,Xhaka,https://www.skysports.com/football/news/10291273/granit-xhaka-becomes-arsenals-third-most-expensive-transfer-at-around-30m,30000000.00,GBP,200,VERIFIED,VERIFIED,£30m,Granit Xhaka becomes Arsenal's third-most expensive transfer at around £30m | Football News | Sky Sports Skip to main content Sky,21,B,fa12619ee48f29073b8f7837cc23b48f7401290c18d0852754160241979090d6,2026-10-07
39b1e000b7148884,T0618dbccaf,Izquierdo,https://www.bbc.co.uk/sport/football/40885839,13500000.00,GBP,200,VERIFIED,VERIFIED,£13.5m,"from Club Brugge. The Premier League newcomers announced the reported £13.5m deal , external for the winger last week but he had",22,B,886bc05cd49102eb9fb77af4a066a8bf534a5149c5dbbcae2c85a7e94e86f274,2026-10-07
39b70d52948b7ada,T171a1e5019,Morton,https://www.bbc.com/sport/football/articles/czxp119lrwko,15000000.00,GBP,200,VERIFIED,VERIFIED,£15m,Tyler Morton: Lyon sign Liverpool midfielder for £15m - BBC Sport BBC Homepage Skip to content Accessibility Help Your,19,B,d3325cadbb4365aeac87862f89a7a806440b58d4f700461043b4156a06d65726,2026-10-07
39cc9072721e7ec4,T71cb0d0e27,Ahoka,https://www.bbc.co.uk/sport/football/articles/cx2ze3dz4jro,8600000.00,GBP,200,VERIFIED,VERIFIED,£8.6m,Jules Ahoka from Belgian side Royal Antwerp for 10m euros (£8.6m). The Black Cats said the 20-year-old DR Congo youth international ha,22,B,41b29e60d99e4c605aa4c808e386ce6887cc7101983601e02c4c3876ff2ffba5,2026-10-07
39e535d7acb83044,Tc5ea878d8e,Agüero,https://www.mancity.com/mancitylegends/aguero-sergio,38000000.00,GBP,200,VERIFIED,VERIFIED,£38 m,City legend was a record signing for the club at £38 million in 2011. The Argentine made his debut on 15 August,22,A,23bf584a561bb8a312600f3d6487f81c0fda11826dc990c4305b89d86f63f87e,2026-10-07
39ee63e2aa8a7b50,T9dc1e03a15,Wiltord,https://www.skysports.com/football/news/2269638/wiltord-ruling-delayed,13000000.00,GBP,200,VERIFIED,VERIFIED,£13 m,Arsenal star's lawyers and Bordeaux officials concerning the ‚é¼19 million (£13 million) transfer of the striker to Premiership giants Arsenal in 2000.,22,B,de53d0f4c15cab38317f2746af80a26d61517a7ab115fa48aed5325254ee537b,2026-10-07
39f6ed917dbb6553,T4f2fb70a7e,Andrés,https://www.bbc.co.uk/sport/football/articles/cdx5e590qqeo,15500000.00,GBP,200,NOT CONFIRMED (page fetched; figure not found near the player's name),UNVERIFIED,,,0,B,db340b3d20e22a9b414e9ab1e85b884cdcb12c42f7363d6ba2d3f8e9157d3a89,2026-10-07
39fd22acc81ba6ca,Tc72794d3df,Fofana,https://www.theguardian.com/football/2026/sep/01/sunderland-pip-crystal-palace-in-battle-of-the-private-jets-to-land-malick-fofana,31000000.00,GBP,200,VERIFIED,VERIFIED,£31m,France to acquire Lyon winger Sunderland submit deal sheet for £31m transfer Louise Taylor Tue 1 Sep 2026 18.15 EDT Last modified,22,B,8486365d6998028d780c55facf8ec34bd63b441918049c2347e7978d149e6528,2026-10-07
3a018be975d2b032,Te2a715ebd9,Takai,https://www.bbc.com/sport/football/articles/cg75vpdgmy2o,5000000.00,GBP,200,VERIFIED,VERIFIED,£5m,"Who Am I? Quiz Tottenham sign Japan defender Takai for £5m Image source, Getty Images Image caption, Kota Takai made his senior",22,B,2985375976a10674ca2e1897c8e500fefc798eb889e1e48bd914c4b50d0a6f4f,2026-10-07
3a36e67ab8e27f70,T3431755399,Golding,https://www.bbc.com/sport/football/articles/cw4y1kzze38o,4000000.00,GBP,200,VERIFIED,VERIFIED,£4m,"have signed teenage midfielder Michael Golding from Chelsea for about £4m. The 18-year-old, who can play in a number of midfield roles,",22,B,135228bd04bf500374ed9c25257f0fc6b6799f3e97fe6e421394380adeba343d,2026-10-07
3a3c6a52ce555e7c,Tda8227efd6,Laporte,https://www.bbc.co.uk/sport/football/42873612,57000000.00,GBP,200,VERIFIED,VERIFIED,£57m,Aymeric Laporte: Manchester City sign French defender for club record £57m - BBC Sport BBC Homepage Skip to content Accessibility Help Your,22,B,4e76425942c0d13c59f0cd20aed8f8b2240ba527912dc946f676ef73466f2f86,2026-10-07
3a801fa667f9b0f2,T52b06396c8,Sharpe,https://www.independent.co.uk/sport/football-sharpe-relief-for-leeds-1311731.html,4500000.00,GBP,200,VERIFIED,VERIFIED,pounds 4.5m,"the early-season blues at Elland Road until Lee Sharpe, their pounds 4.5m record signing, scored his first goal since joining Leeds from",22,B,1982a916b217cdc21e090f0a4be4d2390a5184a5edb7f4a04b8c6edea079d148,2026-10-07
3a8c9cb52af3b9d9,Tc66ad56c9e,Silva,https://www.bbc.co.uk/sport/football/54043470,35600000.00,GBP,200,VERIFIED,VERIFIED,£35.6m,Wolves sign teenage striker Fabio Silva from Porto for record £35.6m - BBC Sport BBC Homepage Skip to content Accessibility Help Your,22,B,6d08cb46a70c87a63259fbb62ff2d6ecb859efc6d86c510d3241ce0c8cd99b58,2026-10-07
3af289ec4421e396,T1085f01a3b,Verón,https://www.skysports.com/football/news/2272680/united-accept-blues-veron-bid,15000000.00,GBP,200,NOT CONFIRMED (page fetched; figure not found near the player's name),UNVERIFIED,,,0,B,0318a7b7010c12339c0f75a285d88a537ae0fd517934748c4a1d42eb78ed7ca7,2026-10-07
3b4466025ae5f072,T8ad71db7d5,Dorde}},https://www.bbc.co.uk/sport/football/66630792,12500000.00,GBP,200,NOT CONFIRMED (page fetched; figure not found near the player's name),UNVERIFIED,,,0,B,3df218da7b3c539bcd84ff755af1cbb46a8473dbfcb0190f0a663f01eba97b61,2026-10-07
3b8a25a210d25787,T9d0a7fb181,Rashica,https://www.bbc.co.uk/sport/football/57571065,9000000.00,GBP,200,VERIFIED,VERIFIED,£9m,"from Werder Bremen for a fee in the region of £9m. Rashica, 24, has signed a four-year deal at Carrow Road and",22,B,49bc34029894702a0a89bc34c57ea11805fa4b79414a8205b30462481936a16b,2026-10-07
3b940cf9a38013fb,Te233992648,Luiz,http://www1.skysports.com/football/news/11668/9348040/transfer-news-paris-saint-germain-confirm-16350million-purchase-of-chelseas-david-luiz,50000000.00,GBP,200,VERIFIED,VERIFIED,£50m,Transfer news: Paris Saint-Germain confirm £50million purchase of Chelsea's David Luiz | Football News | Sky Sports,17,B,c33d055ff9e366d1ba1161fe382fa7e8e42bc05b5cf12ccaa072019dc6e08cb8,2026-10-07
3c238a280d8f1bbd,Tb558237a7b,Drinkwater,https://www.theguardian.com/football/2017/sep/01/chelsea-sign-danny-drinkwater-leicester-transfer-window,35000000.00,GBP,200,VERIFIED,VERIFIED,£35m,Chelsea complete £35m signing of Danny Drinkwater from Leicester City | Chelsea | The,14,B,ba1c1838c24a95fe714e6ae4bb7e9458965e1eaa1e417b7e5ad9e77be836e08f,2026-10-07
3c394c1f39e353af,T3c25f4e4fa,Otto,https://www.independent.co.uk/sport/football/transfers/wolves-transfer-news-jonny-otto-fee-permanent-deadline-day-rumours-today-a8755926.html,18000000.00,GBP,200,VERIFIED,VERIFIED,£18m,Wolves transfer news: Jonny Otto signs permanently in joint club-record £18m deal | The Independent | The Independent Thank you for registering,22,B,507df607f489a27df6e64df3da1645d1c7b095197805fb183f2fde7d4d7c3cf7,2026-10-07
3c6309d7e25ada78,Tcacf338c93,Costa,https://www.bbc.co.uk/sport/football/53326603,16000000.00,GBP,200,VERIFIED,VERIFIED,£16m,Helder Costa: Wolves winger completes £16m Leeds move on four-year contract - BBC Sport BBC Homepage Skip,17,B,8a2a27e93fb26d8dc3fcdfc150e6459160cc1280c50e15aeba49f33230024086,2026-10-07
3c7bd18c983cd497,T3424d33547,Řepka,https://www.skysports.com/football/player/6145/tomas-repka,5500000.00,GBP,200,NOT CONFIRMED (page fetched; figure not found near the player's name),UNVERIFIED,,,0,B,ee69523b33382dc04261f9947c12e34825b27401284fca1b22fa7f40bc2767b6,2026-10-07
3cbb416c59a81576,Tc76e0c1982,Cunha,https://www.theguardian.com/football/2022/dec/25/wolves-confirm-matheus-cunha-signing-from-atletico-madrid-in-44m-deal,50000000.00,EUR,200,VERIFIED,VERIFIED,€50m,loan from Atlético Madrid with an obligation to buy for €50m (£44m). The 23-year-old will join Julen Lopetegui’s squad from 1 Janu,22,B,6109b9a033fdba3f5ba495f6cde5d81f60644768b88f8c93a22e8de777390e0e,2026-10-07
3ccbfdc00c815c5b,T248d59a7fd,Zinchenko,https://www.bbc.co.uk/sport/football/62188094,30000000.00,GBP,200,VERIFIED,VERIFIED,£30m,"the USA to complete the move after Arsenal agreed a £30m deal, which includes £2m in add-ons. He has signed a long-term",22,B,405b7395e515bc8dd6e0308205c66313f92d3eb24305df6781b59ed31193d05f,2026-10-07
3ce2432527588e25,Td84820c25b,Halford,https://www.theguardian.com/football/2007/jun/11/newsstory.reading,3500000.00,GBP,200,VERIFIED,VERIFIED,£3.5m,Sunderland snap up £3.5m Halford | Soccer | The Guardian Skip to main content Skip,15,B,765c7d78646b1435d20da5e62b2061436cebbab6052fad210063e111e6d28f11,2026-10-07
3cf87fdbeb4832a6,T60ac9cf904,Deschamps,http://news.bbc.co.uk/sport2/hi/football/teams/c/chelsea/855704.stm,2300000.00,GBP,200,NOT CONFIRMED (page fetched; figure not found near the player's name),UNVERIFIED,,,0,B,742fb17a945b88c8124a833948c560e4262605bbcee57891f55369bdbe6f6836,2026-10-07
3d00feaedaa9e38f,T0fd6d07da1,Lammens,https://www.bbc.com/sport/football/articles/cr5r5m9p99mo,18100000.00,GBP,200,VERIFIED,VERIFIED,£18.1m,"Senne Lammens from Royal Antwerp for an initial 21m euros (£18.1m) plus add-ons. Lammens, 23, who is yet to win a senior",22,B,4ca068a26b08ac2632c3bf87c443c1657cee0a2489ec6dcf9f56af75895e00eb,2026-10-07
3d2ca82650a0953f,Tc75a2c096a,Bolasie,https://www.theguardian.com/football/2016/aug/15/yannick-bolasie-signs-everton-crystal-palace,25000000.00,GBP,200,VERIFIED,VERIFIED,£25m,Yannick Bolasie signs for Everton from Crystal Palace for £25m | Everton | The Guardian Skip to main content Skip to,21,B,2aeb1eab998cd168458bb967f6b8f2adf60649c3d4e8af7582fcaba78412c5c8,2026-10-07
3d6e3a378669eda9,T64318110a3,Dara}},https://www.bbc.co.uk/sport/football/66003466,7000000.00,GBP,200,NOT CONFIRMED (page fetched; figure not found near the player's name),UNVERIFIED,,,0,B,9f08431f761615950b1a368a9bed4f8d2228d3da2b19e907df08048f94af9fea,2026-10-07
3d91bf7c97ffd5f9,T7ea07c0aa8,Agbadou,https://www.bbc.co.uk/sport/football/articles/cx2p053nplgo,16600000.00,GBP,200,VERIFIED,VERIFIED,£16.6m,Wolverhampton Wanderers: Club seal £16.6m move for Reims defender Emmanuel Agbadou - BBC Sport BBC Homepage,16,B,ed5e1e3d0cf9a39e9097a781492e3d511aa1ecd917fa413e6ea1494cd72cdc2f,2026-10-07
3dc4a2601dd6d036,T8197b9727d,Žigić,http://news.bbc.co.uk/sport1/hi/football/teams/b/birmingham_city/8704954.stm,6000000.00,GBP,200,NOT CONFIRMED (page fetched; figure not found near the player's name),UNVERIFIED,,,0,B,24fdce7af4eafcff4dee782f17da1cb669696b199d2fde4715d367ac7a210e67,2026-10-07
3dc6c60eb01547ab,T3bcd5897db,Canio,https://www.independent.co.uk/sport/wednesday-sign-pounds-4-5m-di-canio-1244236.html,4500000.00,GBP,200,VERIFIED,VERIFIED,pounds 4.5m,Wednesday sign pounds 4.5m Di Canio | The Independent | The Independent Thank you,14,B,85a497540e07b9f76a60f903eb63b38f4353020ef70228b28e25a7c1e78e5725,2026-10-07
3dc81675165c8a00,T16eea90bb3,Guimarães,https://www.skysports.com/transfer/news/13570096/bruno-guimaraes-arsenal-sign-midfielder-in-75m-transfer-as-newcastle-surpass-240m-in-player-sales-this-summer,75000000.00,GBP,200,NOT CONFIRMED (page fetched; figure not found near the player's name),UNVERIFIED,,,0,B,a80a7508d1e896c9cc27e01d83eb189ae92abc6aa308149def352c6462a436ff,2026-10-07
3dc8e2cdc745acda,T0b6d36d9a7,Martial,https://www.theguardian.com/football/2015/sep/01/manchester-united-sign-monaco-forward-anthony-martial,36000000.00,GBP,200,VERIFIED,VERIFIED,£36m,Anthony Martial signs for Manchester United for £36m from Monaco | Manchester United | The Guardian Skip to main,19,B,188b6300db2d5d6336779956b5a83fdb844168f537615f72cfc0ebbf4e34fd1e,2026-10-07
3e044cd11489a1b6,T0682adf48b,Suárez,https://www.bbc.co.uk/sport/football/28180600,75000000.00,GBP,200,NOT CONFIRMED (page fetched; figure not found near the player's name),UNVERIFIED,,,0,B,d1c4c7b2bdca2acea002c9bde678ee4618151588b6911c66390993570a8c6a4a,2026-10-07
3e2f57db197451f0,Taf80476c84,Díaz,https://www.bbc.co.uk/sport/football/articles/c4glx97j59zo,65500000.00,GBP,200,NOT CONFIRMED (page fetched; figure not found near the player's name),UNVERIFIED,,,0,B,22e3f217661f33c9b97b440aaa2c5c9799b708a0c9e72571906a61f344124da5,2026-10-07
3e345f41fa33fa85,Tf84aed6d8f,Baines,https://www.skysports.com/football/news/2763927/baines-admits-everton-doubts,6000000.00,GBP,200,VERIFIED,VERIFIED,£6m,"summer move to Everton. The defender joined The Toffees for £6million in August after leaving Wigan, but Baines has now admitted his",22,B,02deb291f72b06974f42446e23175c4fbd4e3484e3cef243716f772e5fa894f1,2026-10-07
3e5b43e69f8dad24,Tee9ef06e66,Anselmino,https://www.bbc.com/sport/football/articles/ce9zje4vr3eo,15600000.00,GBP,200,VERIFIED,VERIFIED,£15.6m,the signing of Boca Juniors defender Aaron Anselmino in a £15.6m deal. The 19-year-old has signed a seven-year contract at Stamford Br,22,B,574e943ee859542d4dca44da457a10f4119dd63db350a2fbbd50a90c0a238027,2026-10-07
3e84254903cdf1f4,Ta1260be2b0,Winks,https://talksport.com/football/1485229/leicester-announce-harry-winks-transfer-tottenham/,10000000.00,GBP,200,VERIFIED,VERIFIED,£10m,Leicester announce signing of Harry Winks from Tottenham for £10million fee | talkSPORT Jump directly to the content talkSPORT US Editi,21,D,c3284ce087d715f9fa7863d93916f2c92cab36d5dcb4f54c6eb3379605efb39e,2026-10-07
3e85944ad2a35856,Td21b3051be,Chilwell,https://www.bbc.co.uk/sport/football/53913585,45000000.00,GBP,200,VERIFIED,VERIFIED,£45m,Ben Chilwell: Chelsea sign Leicester defender on five-year deal for £45m - BBC Sport BBC Homepage Skip to content Accessibility Help Your,22,B,a1e4ec3f31db3e50cf5aa517bffdd165a4f7ec31be1bd0ae5f5933f77c0aabb1,2026-10-07
3e94c2aa4b5e58b3,T25922c9bd5,Fofana,https://www.standard.co.uk/sport/football/chelsea-fc-transfer-news-fofana-wiley-b1295047.html,2500000.00,GBP,200,NOT CONFIRMED (page fetched; figure not found near the player's name),UNVERIFIED,,,0,D,31cd3aeb28b9f665f549901f1aae2d8cecf651096d3a1d5e89b84fb19a2c176c,2026-10-07
3e95319b79a4c2da,Tffe1d86c8c,Archer,https://www.bbc.co.uk/sport/football/articles/cvg5pdvl8jmo,15000000.00,GBP,200,VERIFIED,VERIFIED,£15m,"Your Team Transfers Top Scorers Gossip Southampton sign Archer for £15m and Ugochukwu on loan Image source, Getty/PA Media Image caption, Arc",22,B,9899945db15a3277050c87216538d967bb211c80447b0227d901339e48a80db2,2026-10-07
3eaa00e5799658a0,T892217e391,Hasselbaink,https://www.independent.co.uk/sport/football-pounds-12m-hasselbaink-goes-from-leeds-to-atletico-1110838.html,12000000.00,GBP,200,VERIFIED,VERIFIED,pounds 12m,Football: pounds 12m Hasselbaink goes from Leeds to Atletico | The Independent |,13,B,a9a0642df13f7028d78afcf061796d0cc862a205a18eec864bec78a10fa1b2ee,2026-10-07
3ec2a168d59b3486,Tf7bbe462d6,Digne,https://www.bbc.co.uk/sport/football/59977639,25000000.00,GBP,200,VERIFIED,VERIFIED,£25m,Lucas Digne joins Aston Villa from Everton in £25m deal - BBC Sport BBC Homepage Skip to content Accessibility Help,20,B,ed47ec1f59868eca35dcd00c4600554d2d6626e8e5373e39bdf842b76a0c76b6,2026-10-07
3ec5de35cdd921fc,Tea4b0c5f7c,Allen,https://www.theguardian.com/football/2012/aug/10/joe-allen-liverpool-swansea,15000000.00,GBP,200,VERIFIED,VERIFIED,£15m,Joe Allen completes £15m move to Liverpool from Swansea City | Liverpool | The Guardian,15,B,af2500990a048390c12d8cdd1036759447f353d0c2f2fd5e0f0d198577fc7f8a,2026-10-07
3eefd4b4c18c28a2,T39ed27d3a4,Leno,https://www.bbc.co.uk/sport/football/62402085,8000000.00,GBP,200,VERIFIED,VERIFIED,£8m,"a three-year deal, for a reported fee , external totalling £8m. Leno, 30, lost his place to England goalkeeper Aaron Ramsdale last",22,B,c5786f188653da72b2bbdaa96d6aeef16d6a3fcb1ed73c8bfa72df8c7d4c47b4,2026-10-07
3f3042fe6eb33bee,Tc3f9e0f5fd,Stacey,https://www.bbc.co.uk/sport/48827145,4000000.00,GBP,200,VERIFIED,VERIFIED,£4m,Pieters [Stoke - Burnley] Undisclosed Jack Stacey [Luton - Bournemouth] £4m Youri Tielemans [Monaco - Leicester] Undisclosed Tyrone Mings [Bourne,20,B,5d3899e56f3a177e0f397dcd58b5419bccf0254fc20589875d062338e27e7792,2026-10-07
3f35697b16d426e1,T569fe6c4dc,Silva,http://news.bbc.co.uk/sport1/hi/football/teams/a/arsenal/2157063.stm,4500000.00,GBP,200,NOT CONFIRMED (page fetched; figure not found near the player's name),UNVERIFIED,,,0,B,88adb38421e6afc8f2a95a38e6d1f24eda175eec6be30eb8e2acffc95921db4c,2026-10-07
3f404d639a788a05,T334c8cb1b5,González,https://www.skysports.com/football/news/11679/13302309/man-city-hopeful-of-deadline-day-deal-for-gonzalez,50000000.00,GBP,200,NOT CONFIRMED (page fetched; figure not found near the player's name),UNVERIFIED,,,0,B,a569ae4cd3353b07f5e6ad6a74e159ba76998f6ee2e563e8d027c6f774196e4d,2026-10-07
3f7eb7772b737e04,T023fb33480,Davies,https://www.independent.co.uk/news/education/education-news/football-southampton-up-the-stakes-to-pounds-5m-in-move-for-jansen-1163215.html,7250000.00,GBP,200,VERIFIED,VERIFIED,pounds 7.25m,"to gather much interest, with the Saints prepared to withdraw pounds 5m of the pounds 7.25m they deposited seven days ago to",22,B,88bab2548a2a6297737c7aaf15883cd79dd140b9d4fdd2fe43b8511e56407608,2026-10-07
3f89a5da9c9fd763,T671a4934eb,Fletcher,https://www.skysports.com/football/news/11699/8092047/moxey-cats-only-fletch-bidders,12000000.00,GBP,200,VERIFIED,VERIFIED,£12m,"they received from Sunderland - reported to be an initial £12million for Fletcher, potentially rising to £14million - and it is all",22,B,a2d932d3b6950b626639fe555db164a4432a088a2b30e486348156e14968736a,2026-10-07
3f979000811463f1,Tefa961aac6,Chiesa,https://www.bbc.co.uk/sport/football/articles/cdd7n622dzgo,10000000.00,GBP,200,VERIFIED,VERIFIED,£10m,"Federico Chiesa: Liverpool sign Juventus winger for £10m, with a further £2.5m in add-ons - BBC Sport BBC Homepage",19,B,ca325a8f34a87f857998c4fad1ecc5fbbc45b2a8a1cbe2f86a47b1ceef2a0d40,2026-10-07
3f9ea3c6e9898101,T3c70a4061b,Barmby,https://www.theguardian.com/football/2000/jul/15/newsstory.sport6,6000000.00,GBP,200,VERIFIED,VERIFIED,£6m,Barmby crosses Stanley Park in £6m transfer | Soccer | The Guardian Skip to main content Skip,17,B,2d8b593c1f2024ef1c3f79ca56c2aa8f8cdd907cf39cfa485f01c701b1a9da79,2026-10-07
3fb68ec310dcba68,T79576d430d,Young,https://www.independent.co.uk/sport/football/premier-league/aston-villa-2-watford-0-o-neill-sees-young-as-key-to-brighter-future-433168.html,9650000.00,GBP,200,VERIFIED,VERIFIED,£9.65m,supporters about their manager's most expensive buy. The 21-year-old striker's £9.65m transfer was formalised yesterday - the fee will be confirmed after,22,B,3a57ad7fcd37dcc8e270df41e8e41fdb20746a90d273725c2187c5bbfece525c,2026-10-07
3fd27966c3a495a2,T373fc3be84,Milner,https://www.theguardian.com/football/2008/aug/29/astonvilla.newcastleunited,10000000.00,GBP,200,VERIFIED,VERIFIED,£10m,four-year contract Fee believed to be in the region of £10m Josh Widdicombe and agencies Fri 29 Aug 2008 07.53 EDT Share,22,B,45797ecd790498646be4cf264cfc952e4febe8e7e66c7cfaac4c502239dc5ee7,2026-10-07
3fd6368e29352958,T3385c81359,Reguilón,https://www.tottenhamhotspur.com/news/2020/september/reguilon-completes-transfer/,29000000.00,GBP,200,NOT CONFIRMED (page fetched; figure not found near the player's name),UNVERIFIED,,,0,A,48bba864ac1b1b564dd2690c6b61b7341600afcdece90608cb8f9112ac3fcc8e,2026-10-07
3fdc075c1fa9dc7d,T3715a93935,Keane,http://news.bbc.co.uk/sport1/hi/football/teams/c/coventry_city/856399.stm,13000000.00,GBP,200,NOT CONFIRMED (page fetched; figure not found near the player's name),UNVERIFIED,,,0,B,45073f02fa4fb5b286d865d59e5873574cc20d4d34018f29a28bcee15cbf075b,2026-10-07
401c6a9694ca8d9d,T675f7f6511,Pépé,https://www.bbc.co.uk/sport/football/49197553,72000000.00,GBP,200,NOT CONFIRMED (page fetched; figure not found near the player's name),UNVERIFIED,,,0,B,d5e11ccb3d64d10055e7d796ddea97a19ff3efc490667d61d8251c61df8e6e37,2026-10-07
4059f2701238a282,Tc88b8e4c11,Kudus,https://www.bbc.com/sport/football/66634770,38000000.00,GBP,200,VERIFIED,VERIFIED,£38m,Mohammed Kudus: West Ham complete £38m signing of Ajax midfielder - BBC Sport BBC Homepage Skip to,17,B,3c6a535b702bcfe547996d046e34a2a1de3c7e03215c90db4c0b3ae25ec9a6e9,2026-10-07
405e50bf06fe26a4,Te96428bbc7,Sheringham,https://www.soccerbase.com/players/player.sd?player_id=7239,2100000.00,GBP,200,VERIFIED,VERIFIED,"£2,100,000","26 (16) 10 Tottenham 28 Aug, 92 27 Jun, 97 £2,100,000 163 (3) 76 17 (0) 13 14 (0) 10 0 (0)",22,C,52b99029c1054da59334c302a8d10bbab514220677b68cfb7200756bcd8a74bd,2026-10-07
4081b8317399e286,Tef30f08af8,Gardner,https://www.theguardian.com/football/2008/aug/14/hullcity.tottenhamhotspur,2500000.00,GBP,200,VERIFIED,VERIFIED,£2.5m,"League newcomers, has been signed permanently for a club record £2.5million. The 27-year-old defender has committed to a three-year deal an",21,B,9574ef032c835812976bb268c6e90b98a1513bf3a2e53f8d89da3f6d466e7a5c,2026-10-07
40ae775d895a8c22,T821aae03e9,Gravesen,https://news.bbc.co.uk/sport2/hi/football/teams/e/everton/843612.stm,2500000.00,GBP,200,NOT CONFIRMED (page fetched; figure not found near the player's name),UNVERIFIED,,,0,B,5335a1cceece7389e6c2708ae60d6cea89b8601385982199ad4adbce758326d4,2026-10-07
40ebd618cc8893cf,T2882e157f3,Boselli,https://www.bbc.co.uk/sport/football/21217422,6000000.00,GBP,200,VERIFIED,VERIFIED,£6m,"Estudiantes in 2010, for a then record fee of about £6m. This will be his second loan spell since then. ""Mauro will",22,B,28b94ea33b91a39841783d8168e9b2838240be758081fd988ee7746bf57ecd17,2026-10-07
410d8bea99e09398,T414689115f,Mason,https://www.skysports.com/football/news/11714/10558453/hull-city-confirm-signing-of-ryan-mason-from-tottenham,13000000.00,GBP,200,VERIFIED,VERIFIED,£13m,Hull City confirm £13m transfer of Ryan Mason from Tottenham | Football News | Sky,15,B,d598387807f8a5fbc3fbff08639cd7a909b51f56164d9a355e59f1a1d2fcc787,2026-10-07
41175568d14080fb,T3d05256d0a,Mangala,https://www.theguardian.com/football/2014/aug/11/manchester-city-sign-eliaquim-mangala-porto-32m,32000000.00,GBP,200,VERIFIED,VERIFIED,£32m,years old Fee for France centre-back believed to be around £32m Mangala was Manuel Pellegrini’s prime summer target Jamie Jackson Mon,21,B,8d50382c9788464a8a6719d0ace874703fe22b7bcae235e33cfc47fd9ec0cdac,2026-10-07
412f6fd2e4f3825d,Tdcc7e8ef40,Saunders,https://www.independent.co.uk/sport/football-villa-pay-pounds-2-3m-for-saunders-1550782.html,2300000.00,GBP,200,VERIFIED,VERIFIED,pounds 2.3m,Football: Villa pay pounds 2.3m for Saunders | The Independent | The Independent Thank you,15,B,0f323454bd33139de9f423b34503fe4f1767f8ac3ba42184aec20e4d9154ce0a,2026-10-07
41513aa6a4cf7e6a,T0b6d36d9a7,Martial,https://www.bbc.co.uk/sport/football/34107092,36000000.00,GBP,200,VERIFIED,VERIFIED,£36m,Anthony Martial: Man Utd sign Monaco forward for £36m - BBC Sport BBC Homepage Skip to content Accessibility Help Your,20,B,f62227abb00c4d60811c162ad1295dd1d37416e2af7b6a6affa60debd731ad56,2026-10-07
41622e583a2068c7,T0ef7802c45,Brewster,https://www.theguardian.com/football/2020/oct/02/sheffield-united-agree-club-record-deal-to-buy-liverpool-rhian-brewster,23500000.00,GBP,200,VERIFIED,VERIFIED,£23.5m,Sheffield United sign Rhian Brewster for £23.5m as Spurs confirm Vinícius loan | Sheffield United | The Guardian,18,B,b8fce785ff5e7442f77aed8af7d09d8d055d6e8e8b567a2e3d1c986e1dfa41c8,2026-10-07
4162984ba55f1dce,T37100a5ba9,Stam,http://news.bbc.co.uk/sport1/hi/football/teams/m/man_utd/1508902.stm,16500000.00,GBP,404,BLOCKED or gone (HTTP404),UNVERIFIED,,,0,B,,2026-10-07
416be9a4eeb4914b,Tce7487112b,Ouattara,https://www.bbc.co.uk/sport/football/articles/ce93152xme1o,42500000.00,GBP,200,VERIFIED,VERIFIED,£42.5m,Dango Ouattara: Brentford pay club record £42.5m to sign forward from Bournemouth - BBC Sport BBC Homepage Skip,18,B,9665256b6d11869ca859aec6fe1aa3d7bd4e497028ba5f61888685dd0e98f532,2026-10-07
416cf9f64ab87fb6,T03dcb9802e,Konsa,https://www.bbc.co.uk/sport/football/articles/ckg97jpkkego,51000000.00,GBP,200,NOT CONFIRMED (page fetched; figure not found near the player's name),UNVERIFIED,,,0,B,9d7f861cbb6075d9098cf865aa3051216533a26fef1ce65a6690f3f0fa0fdcb6,2026-10-07
4188f951cbf7fd2e,T0069cfd7e1,Young,https://news.bbc.co.uk/sport2/hi/football/teams/c/charlton_athletic/1457424.stm,3000000.00,GBP,200,NOT CONFIRMED (page fetched; figure not found near the player's name),UNVERIFIED,,,0,B,de9bdfcb7cb5addccad3bf33414d9416eb36bd428c217defbf96d9954e423ef8,2026-10-07
4195ea651d9f0eb4,Tf1ae3e7a51,Carrillo,https://www.theguardian.com/football/2018/jan/24/southampton-deal-sign-guido-carrillo-monaco,19200000.00,GBP,200,VERIFIED,VERIFIED,£19.2m,Southampton sign striker Guido Carrillo from Monaco in £19.2m deal | Southampton | The Guardian Skip to main content Skip,20,B,0878bb87caf5ea58bc7d2cb50db586ddd487ec953f360709c82b90c852d055d9,2026-10-07
41a77a18e01bbbaf,T19950c6ed8,Carsley,http://news.bbc.co.uk/sport1/hi/football/teams/c/coventry_city/1048934.stm,2500000.00,GBP,200,NOT CONFIRMED (page fetched; figure not found near the player's name),UNVERIFIED,,,0,B,b8d4ab240a7f7ec3bc0e30a74e8d4725b924c75dfa5869ba98abddc82dcca084,2026-10-07
4213937ebbb854a2,T9846769a3c,Riad,https://www.bbc.co.uk/sport/football/articles/cd11rp5rglgo,12000000.00,GBP,200,VERIFIED,VERIFIED,£12m,"arrival of Morocco centre-back Chadi Riad, in a deal worth £12m plus £2m in add-ons. The 20-year-old, who moved to Real Betis",22,B,5049ea9ff173a0057bd1bc3157689dca6149e2d63a0dfb8f74d74b9e0803272c,2026-10-07
421ef7b67cfd8b95,Taf19313f7a,Bony,https://www.bbc.co.uk/sport/football/23224017,12000000.00,GBP,200,VERIFIED,VERIFIED,£12m,Wilfried Bony: Swansea complete club-record £12m signing - BBC Sport BBC Homepage Skip to content Accessibility Help,17,B,d00f5aaa86dca7789eef71029e8c0b5a99a617ac73e88f2d75ed58b61993ee51,2026-10-07
421fe472ebc4c3f2,Tc3b388f707,Morata,https://www.bbc.co.uk/sport/football/40667600,60000000.00,GBP,200,VERIFIED,VERIFIED,£60m,Alvaro Morata: Chelsea sign Real Madrid striker for club record £60m - BBC Sport BBC Homepage Skip to content Accessibility Help Your,22,B,4021e9bec2aa9718188df4f5709b7d85873c40819a36901f630f9541f98d0b27,2026-10-07
422f99eda3662d27,T037b61efef,Rodrigo,https://www.skysports.com/football/news/12056860/rodrigo-leeds-sign-forward-from-valencia-for-club-record-lb27m-fee,27000000.00,GBP,200,VERIFIED,VERIFIED,£27m,Rodrigo: Leeds sign forward from Valencia for club-record £27m fee | Football News | Sky Sports Skip to main content,20,B,9a437de21830a2d00daa26df9a1a2463acea3a1d43025026e4f4e75ca2a0ecb4,2026-10-07
423626c3f2b4ed00,T3cd1f6d7b9,Berg,https://www.independent.co.uk/sport/football-berg-makes-pounds-5m-move-to-united-1245136.html,5000000.00,GBP,200,VERIFIED,VERIFIED,pounds 5m,Football: Berg makes pounds 5m move to United | The Independent | The Independent Thank,15,B,23f302986d40bbe6b2aff825d5c4cd3be517d6807c5c467cc894b8b19f82daa8,2026-10-07
4258352eae97e3b5,T3986d3943a,Babb,https://www.independent.co.uk/sport/football-on-the-move-1446588.html,3600000.00,GBP,200,VERIFIED,VERIFIED,pounds 3.6m,in Last week's transfers Phil Babb Coventry to Liverpool ( pounds 3.6m) Daniel Amokachi Club Bruges to Everton ( pounds 3m) John,22,B,5572ddf9a0cc9bcbc37e53f0511e85f4dc3e5f651dd041a95fad83ef72eafe44,2026-10-07
425a1e5937920028,T8594d607e4,Davinson}},https://www.bbc.co.uk/sport/football/66713412,8500000.00,GBP,200,NOT CONFIRMED (page fetched; figure not found near the player's name),UNVERIFIED,,,0,B,18a678c929e92033676a621e2f1bd4753b8eba58c0f64f0c7a75c2ee80398ab8,2026-10-07
427d66df49ab734d,Tfde8667d74,Dawson,https://www.bbc.co.uk/sport/football/64344350,3300000.00,GBP,200,VERIFIED,VERIFIED,£3.3m,agree to sign defender Craig Dawson from West Ham for £3.3m - BBC Sport BBC Homepage Skip to content Accessibility Help Your,22,B,396bb768c4c72f1ef50a3e1c5597d358d7b7d6714431bcaa10c91d6855cb5d4d,2026-10-07
42884fc8a6751b2c,Tc11f8c6fbf,Utaka,https://www.skysports.com/football/news/11095/6709888,7000000.00,GBP,200,VERIFIED,VERIFIED,£7 m,"Portsmouth's record signing when he joined in July 2007 for £7 million. However, after managing only seven goals in three turbulent se",22,B,3db5a78d80b172d0fb4f2582915a532f04318ab7e09e8b5b3282e7e9a2f5d0fc,2026-10-07
4293922a880a3593,T1f3d8ef745,Xhaka,https://www.bbc.co.uk/sport/football/66120275,21400000.00,GBP,200,VERIFIED,VERIFIED,£21.4m,Granit Xhaka: Bayer Leverkusen sign Swiss midfielder from Arsenal for £21.4m - BBC Sport BBC Homepage Skip to content Accessibility Help Your,22,B,8be44e8b620956cf205055d6ff1d57fb37943d11c381f4611c5f7de5300eb836,2026-10-07
429ad3b9281e4a7d,T772b1b0d43,Torres,https://www.skysports.com/football/news/9827209/liverpool-last-won-the-title-25-years-ago-today-but-what-has-happened-since,20200000.00,GBP,200,VERIFIED,VERIFIED,£20.2m,"players of the calibre of Xabi Alonso (£10.7m), Fernando Torres (£20.2m) and Javier Mascherano (£18.6m) to Merseyside. And perhaps the greate",21,B,d7507e45e09fcf6475876282be5ce887b54fb88beb0c80de26e45adaea9267d9,2026-10-07
42a4b5f58365aac8,Te0ba6174ef,Kongolo,https://www.skysports.com/football/news/11065/11398982/huddersfield-sign-terence-kongolo-from-monaco-for-club-record-fee,17500000.00,GBP,200,VERIFIED,VERIFIED,£17.5m,"News understands the fee to be in the region of £17.5m plus bonuses. Huddersfield head coach David Wagner feels Kongolo, who",21,B,20d3653894570c9e9583996659a82936e2c7bb7591a0c7f84252d069604cfb10,2026-10-07
42cc2c86cc73dfeb,T0d3629f9d6,Cunha,https://www.bbc.com/sport/football/articles/clyr869q022o,62500000.00,GBP,200,VERIFIED,VERIFIED,£62.5m,first signing of the summer after the club activated a £62.5m release clause in Cunha's Wolves contract. The former Atletico Madrid,21,B,7e52125808cefcec9756c67023d644391f97db0f9a32d87078ff1c3009faf44e,2026-10-07
42dca4907ad7a732,Tbca0077c87,Gallagher,https://www.bbc.co.uk/sport/football/articles/cx2g77n815go,33000000.00,GBP,200,VERIFIED,VERIFIED,£33m,"England midfielder Conor Gallagher going the other way for about £33m. Felix, 24, who has signed a seven-year deal to begin a",22,B,7b00bb0eaac0d4da6391e30b3039a851586e7e9fb30376fbd0c19609397b7fbe,2026-10-07
42fb2e096e007e59,T3bc109a39a,Zouma,https://www.bbc.co.uk/sport/football/58372384,29800000.00,GBP,200,VERIFIED,VERIFIED,£29.8m,Kurt Zouma: West Ham sign France defender from Chelsea for £29.8m - BBC Sport BBC Homepage Skip to content Accessibility Help Your,22,B,2cc622087226f29d5dbb4ed4e4b1998d0330c83765472ebe6fadeab99bd84b00,2026-10-07
433d42ccceee84f0,T45b5d45afe,Downes,https://www.bbc.co.uk/sport/football/62086735,12000000.00,GBP,200,VERIFIED,VERIFIED,£12m,"five-year contract, in a deal understood to be worth about £12m. The 23-year-old joined the Championship side from League One club Ip",22,B,639f14f3b206f0d3d63977ed24a640ba190c7752cbcbabcb7f1a2a01fa03c32c,2026-10-07
4340dd429a2897f8,Tf181fcb6f9,Fabinho,https://www.bbc.co.uk/sport/football/44284792,39000000.00,GBP,200,VERIFIED,VERIFIED,£39m,Fabinho: Liverpool agree £39m deal for Monaco midfielder - BBC Sport BBC Homepage Skip to,15,B,90fa7ebb78c9a9e89b13b8148297a4a499de1769f78428e551d978cfd5106944,2026-10-07
434175d2243b56b8,T22a73ce604,2000}},https://www.bbc.com/sport/football/articles/czxyxlp5pxzo,21650000.00,GBP,200,NOT CONFIRMED (page fetched; figure not found near the player's name),UNVERIFIED,,,0,B,6ab9ca1652ab832a953daf7e59c1ef74355fe8d3b768d4679ad72d27928829f0,2026-10-07
43c1957616f29da4,T919c6c7eae,Ramires,https://www.theguardian.com/football/2016/jan/27/ramires-joins-jiangsu-suning-chelsea,20000000.00,GBP,200,VERIFIED,VERIFIED,£20m,midfielder Ramires joins Jiangsu Suning for fee in excess of £20m | Chelsea | The Guardian Skip to main content Skip to,22,B,d4cb4a403c78d6537b94ac9865d448077511c57581ace6d424918cbb52c8ee03,2026-10-07
43f8d4ee83b41597,T2593f7e42d,Diarra,https://www.reuters.com/sports/soccer/senegal-midfielder-diarra-joins-sunderland-2025-07-01/,30000000.00,GBP,401,BLOCKED or gone (HTTP401),UNVERIFIED,,,0,B,,2026-10-07
440e05f4810579f0,T21ba7765ce,Quinn,https://news.bbc.co.uk/sport1/hi/football/teams/n/newcastle_united/1166848.stm,1000000.00,GBP,200,NOT CONFIRMED (page fetched; figure not found near the player's name),UNVERIFIED,,,0,B,b088e57ba32e0362aa12c4b64b8074c84ec466bb7e8a54c30e124a6ac2b42a08,2026-10-07
4413efc28b6eceae,T8b6fcd02c6,Félix,https://www.skysports.com/football/news/11668/13403469/joao-felix-transfer-news-chelsea-forward-joins-al-nassr-in-43-7m-deal,26200000.00,GBP,200,NOT CONFIRMED (page fetched; figure not found near the player's name),UNVERIFIED,,,0,B,a79920fa7d4aa67f18cd384f80a42736fe99ae8f79d80ed7c9c4b00c037cc907,2026-10-07
448e089482c63fff,T2de816a352,Makin,https://news.bbc.co.uk/sport2/hi/football/teams/i/ipswich_town/1205564.stm,1250000.00,GBP,200,NOT CONFIRMED (page fetched; figure not found near the player's name),UNVERIFIED,,,0,B,c7d852fda79cd119b1c828c93dcbe0ed4ea2b3ad5f945be715e3c932359c9366,2026-10-07
449e4a71d3c898fc,T874e6c793b,Mateo}},https://www.bbc.co.uk/sport/football/66003047,25000000.00,GBP,200,NOT CONFIRMED (page fetched; figure not found near the player's name),UNVERIFIED,,,0,B,f428032a86acbda0917a62decc6b586f3670c24f3d8c534c98792775eeac85f4,2026-10-07
44a5ecdff3e46703,Tab954f67a3,Yorke,https://www.the-independent.com/sport/football-britain-s-big-money-movers-1074330.html,12600000.00,GBP,200,VERIFIED,VERIFIED,pounds 12.6m,Log in TOP 10 TRANSFERS BETWEEN BRITISH CLUBS 1 pounds 15m (July 96) Alan Shearer (Blackburn to Newcastle) 2 pounds 12.6m,21,B,c400939e84197a665f3d0d37d9503bc5988f69beb451d58abfd0d6ed32685ce9,2026-10-07
44a6b4dab6a842bd,Tbd3178886e,Ashton,https://www.independent.co.uk/sport/football/premier-league/west-ham-chance-is-too-good-to-turn-down-says-ashton-340332.html,7250000.00,GBP,200,VERIFIED,VERIFIED,£7.25m,"""too good to turn down"" after the Hammers agreed a £7.25m deal with Norwich for the England Under-21 international. West Ham wi",22,B,f8eb6e27689b392f648f3033562e6aee99ff7c74f3964a2dbee4dcba5ae624e3,2026-10-07
44e61e0ba4fe0164,T585cc3b281,Elliott,https://www.liverpoolfc.com/news/announcements/425501-liverpool-fc-statement-on-harvey-elliott-fee-decision,1500000.00,GBP,200,VERIFIED,VERIFIED,£1.5 m,"Elliott. The PFCC tribunal set a guaranteed compensation fee of £1.5 million, plus £2.8 million in contingent amounts dependent on player pe",22,A,ec2d99cc953fc7834fbb09f2fe838af6f8d9a8b4510c7f3799e05dcfbb059ed7,2026-10-07
44f26f17723059b8,Td036bf4260,Dias,https://www.skysports.com/football/news/11679/12084218/man-city-sign-163-65m-benfica-defender-dias,65000000.00,GBP,200,VERIFIED,VERIFIED,£65m,Ruben Dias: Manchester City sign Benfica defender in £65m deal | Football News | Sky Sports Skip to main content,20,B,aa85c064e9fc5a21778936f7ee8ae92378c54d1670437292d1e4eea0179fb421,2026-10-07
44f8b5975e56f311,T096812f3ac,Sinclair,https://www.the-independent.com/sport/football/news/will-spain-s-blueprint-work-for-england-6258617.html,200000.00,GBP,200,VERIFIED,VERIFIED,"£200,000","ruling seen by The Independent judging he was worth a £200,000 down payment with a further £550,000 based on his first 40",22,B,48efc7ed9379b2ba7b1f37347dbe00e8bdf7482006dc28051d9501bde35201e5,2026-10-07
45014e80b60a137f,T6e95e72a1c,Mahon,https://news.bbc.co.uk/sport2/hi/football/teams/b/blackburn_rovers/1413713.stm,1500000.00,GBP,200,NOT CONFIRMED (page fetched; figure not found near the player's name),UNVERIFIED,,,0,B,8b307e4e851f76a9ef97ed94438246326b976c06cbaa9bc7efaa33e87bd68800,2026-10-07
453f1bddf93823bf,T484ab61dad,Grujić,https://www.bbc.co.uk/sport/football/57887122,10500000.00,GBP,200,NOT CONFIRMED (page fetched; figure not found near the player's name),UNVERIFIED,,,0,B,08d69b6aedb0d2393e4dce727f23a8eca2c6b3898050dff11fcafb95cd3c81ef,2026-10-07
4542942bc84d398b,Tf3a5e1ead2,Tchaouna,https://www.bbc.com/sport/football/articles/cdx5ygpdkzgo,13000000.00,GBP,200,VERIFIED,VERIFIED,£13m,"a five-year deal for a fee reported to be about £13m. , external Tchaouna is Burnley's fourth summer signing, with defende",21,B,1801070978a5258843326032b1ca8b32b1e5cd71fd763896e266185e8feb857a,2026-10-07
45ae41c62b0182a4,Tcd6ad7951e,Johnson,https://www.theguardian.com/football/2011/jul/13/wolves-birmingham-defender-roger-johnson,7000000.00,GBP,200,VERIFIED,VERIFIED,£7m,Wolves complete £7m deal for Birmingham defender Roger Johnson | Wolverhampton Wanderers,12,B,ee03df9effaebee57df01b92a20b3f0df68444b7722ca5136b42e50defd40695,2026-10-07
45eb0a143fe69add,T1b15fa101b,Kovačić,https://www.bbc.co.uk/sport/48827145,40000000.00,GBP,200,NOT CONFIRMED (page fetched; figure not found near the player's name),UNVERIFIED,,,0,B,63f815be7f791ad7f7b0263c09b5e5671a8f848e514bac9ea88272bd5582472e,2026-10-07
45f806c19fd16f32,Tf56b39c7da,Alves,https://www.theguardian.com/football/2008/feb/01/newsstory.liverpool1,12000000.00,GBP,200,VERIFIED,VERIFIED,£12m,the Dutch side Heerenveen for a fee believed to be £12m. The Brazil international has signed a four-and-a-half-year contract,19,B,3ff81cace39d93b8f178f3c609e712e88c97a2a4bf0a94af6290f4ca05fa0fe4,2026-10-07
46003c3f9f92e0de,T7c4954ff92,Cunha,https://www.birminghammail.co.uk/sport/football/transfer-news/wolves-complete-44m-transfer-after-25964269,44000000.00,GBP,200,VERIFIED,VERIFIED,£44m,Buy a photo Sport Football Wolverhampton Wanderers FC Wolves complete £44m transfer after bizarre clause triggered BirminghamLive brings you the,20,D,d1d1408c75980db82dbc51f50b6ebd906320827c3b6711deb4f9c591393b14dc,2026-10-07
46014308a16ac2ad,T98f2762ab4,Gvardiol,https://www.bbc.co.uk/sport/football/66012707,77000000.00,GBP,200,VERIFIED,VERIFIED,£77m,on a five-year deal from RB Leipzig for 90m euros (£77m). He is the second most expensive defender of all time after,22,B,b906ef470bc23de141a58d3acd5fdf6d9b567380709c880d98047254daaca9f4,2026-10-07
4618207d85fc37fe,Ta6234958bd,Walker,https://news.bbc.co.uk/sport2/hi/football/teams/l/leicester_city/1430128.stm,2500000.00,GBP,200,NOT CONFIRMED (page fetched; figure not found near the player's name),UNVERIFIED,,,0,B,abf9600612d3a6259ed9f1c62d3211916936f69eb487dfe6e2a3e5044232b98e,2026-10-07
461bf6bf72893bcb,T4589934766,Costa,https://www.bbc.co.uk/sport/football/27704137,32000000.00,GBP,200,VERIFIED,VERIFIED,£32m,"fee for the 25-year-old Spain international is understood to be £32m. ""I am very happy to sign for Chelsea,"" Costa said. ""Everybody",22,B,f55a08ffe97fc6dca591f526841f9668d63f81bb0496908a521b608e3c840979,2026-10-07
461c5125a81417d8,Taa4166fd6e,Ogbene,https://www.bbc.co.uk/sport/football/articles/cdjwn348l72o,8000000.00,GBP,200,VERIFIED,VERIFIED,£8m,"Leagues & Cups Gossip Top Scorers European Quizzes Ipswich complete £8m Ogbene signing Image source, Getty Images Image caption, Chiedozie Og",21,B,f07ab75f2f1f3dee952a698e4185e199780677daa669a1b1baf8114a55c445b2,2026-10-07
462b9b60a05e21d4,Td1960baf53,Slonina,https://www.bbc.co.uk/sport/football/62398766,12000000.00,GBP,200,VERIFIED,VERIFIED,£12m,"also signed 18-year-old American goalkeeper Gabriel Slonina for a reported £12m , external from Chicago Fire, where he will remain on loan",22,B,7aef8f88ffc7eb28168122c1acdb6069cc4f13c296aaaa04f3b1c2d77d499bcf,2026-10-07
4667b7f263294c65,Tf1a0cd1f7f,Ings,https://www.liverpoolfc.com/news/first-team/218864-liverpool-fc-statement-on-danny-ings-fee-decision,6500000.00,GBP,200,VERIFIED,VERIFIED,£6.5m,"The guaranteed compensation fee, set by the PFCC tribunal, was £6.5million, plus £1.5million in contingent amounts dependent on player per",20,A,c1f88f022b3bbdb6dba4c3ac4c114ba03a30a4c4f8c81ceb51a4dc51645500fe,2026-10-07
468ec7242b5c7cc7,Ta7da8721da,Vieira,https://www.theguardian.com/football/2005/jul/15/newsstory.sport3,13700000.00,GBP,200,VERIFIED,VERIFIED,£13.7m,"he was ""really proud"" to join Juventus after completing his £13.7m transfer from Arsenal. Vieira, who once said he could never consider",22,B,ddc03e253ba43a8cc6a36b3eec99dee8a6fa710177918fda4de3726ffc5e3669,2026-10-07
46bc6d2350ac6d7f,T2593f7e42d,Diarra,https://www.skysports.com/football/news/11695/13389620/sunderland-transfer-news-habib-diarra-30m-club-record-deal-agreed-for-se,30000000.00,GBP,200,VERIFIED,VERIFIED,£30m,Sunderland transfer news: Habib Diarra - £30m club-record deal agreed for Senegal midfielder | Football News | Sky,18,B,fed79adafabec37e079a3cf3aad170dabc82b9ee5758047bbe369a98a2fb2d09,2026-10-07
46c04dd84f950b8b,Taa76770754,Rodri,https://www.bbc.co.uk/sport/football/48869881,62800000.00,GBP,200,VERIFIED,VERIFIED,£62.8m,Rodri: Manchester City complete £62.8m record signing of midfielder from Atletico Madrid - BBC Sport BBC,16,B,b674822124dd156516c8070b7831830ffbc955058fff1e49e7a7ec2b197a4428,2026-10-07
46d9651b70dcb7f5,T97164dfc2a,Ferdinand,https://www.theguardian.com/football/2002/sep/04/newsstory.sport,29100000.00,GBP,200,VERIFIED,VERIFIED,£29.1m,"Out: Robbie Keane (Tottenham Hotspur, £7m); Rio Ferdinand (Manchester United, £29.1m); Danny Hay (Walsall, free): Australian slipped out while all the fus",22,B,25cd9df1573b6ee2755a8235b3acb34cd5c2382bc51bfcc74d7c7badc2424da8,2026-10-07
46ebeec84d70c4b6,Tb4968befbe,Sung-Yueng,https://www.bbc.co.uk/sport/football/19360295,6000000.00,GBP,200,NOT CONFIRMED (page fetched; figure not found near the player's name),UNVERIFIED,,,0,B,d9b0cc25f03bfa569fcb2f593d8c5245e83f6f976510622ceb39958a44ad0050,2026-10-07
472f0c52c85a721d,T691f08d0a6,Anguissa,https://www.skysports.com/football/news/11467342/fulham-land-marseilles-midfielder-andre-frank-anguissa,22300000.00,GBP,200,VERIFIED,VERIFIED,£22.3m,"join for a fee Sky Sports News understands to be £22.3m. The 22-year-old has penned a five-year-deal at Craven Cottage, subje",21,B,033111d1b25d7f834b13c6ee50214966c329aa78087e5a5135f09645bf30eab3,2026-10-07
47853f39675d1845,Td4c2766fef,Malen,https://onefootball.com/de/news/official-malen-completes-permanent-25m-transfer-from-aston-villa-to-roma-42925279,21600000.00,GBP,200,NOT CONFIRMED (page fetched; figure not found near the player's name),UNVERIFIED,,,0,D,a51d07db96ef2431b57a1ba86edf5b5df1ab08eb18f69d9d2d23b716a895c85f,2026-10-07
4795093b10354c05,T80deacd77f,Defour,https://www.theguardian.com/football/2016/aug/31/burnley-transfer-record-jeff-hendrick-derby,8000000.00,GBP,200,VERIFIED,VERIFIED,£8m,months and landed him for a fee that exceeded the £8m paid for the Belgium midfielder Steven Defour a fortnight ago. Hendri,22,B,cd07bb3d918e6aefc95744c7aec46d20d826bbfb273f6749c9872aad2a0bb9a6,2026-10-07
47b81ebcc51148a7,T58b19dee93,Pires,https://www.theguardian.com/football/2000/jul/04/newsstory.sport,5000000.00,GBP,200,VERIFIED,VERIFIED,£5m,"the French celebrations. The transfer, thought to be worth about £5m, was one of two completed by Arsenal yesterday as they also",22,B,2d9154301a20e9a68671e74e284ae706ab4cd4cc53452142a7f83e104c58ec70,2026-10-07
47ea3f3872c7ee3d,Tb79b0e2dde,Mings,https://www.bbc.co.uk/sport/football/48902589,20000000.00,GBP,200,VERIFIED,VERIFIED,£20m,Tyrone Mings: Aston Villa complete £20m signing of Bournemouth defender - BBC Sport BBC Homepage Skip to,17,B,43f1cf92ca6b3f654702330ab45f12b1ff62ba09b00fc34d15eaa32b4812705f,2026-10-07
483087bc499ca7b9,Tc72794d3df,Fofana,https://www.bbc.co.uk/sport/football/articles/c0m31e8v9jgo,30000000.00,GBP,200,VERIFIED,VERIFIED,£30m,"Table Follow Your Team Transfers Top Scorers Gossip Fofana seals £30m move to Sunderland Image source, Getty Images Image caption, Fofana s",22,B,71cb0759c11eeedb154bb7da36b38d7f9d5e1f56ebf8265e022db28f83cf02ec,2026-10-07
483fdd54c3cb7bdd,T66c4faa5b0,Martínez,https://www.bbc.co.uk/sport/football/articles/cvgy0qjl0xno,7500000.00,GBP,200,NOT CONFIRMED (page fetched; figure not found near the player's name),UNVERIFIED,,,0,B,dc35a6b80ce02074dc4bc794638553943649df148fae42f9747d93fb025d13a4,2026-10-07
488417dcf561df2b,Tbe4e53662f,Cathcart,https://www.theguardian.com/football/2010/aug/20/premier-league-transfer-window,500000.00,GBP,200,VERIFIED,VERIFIED,£500k,"recruitment tricky Who they have signed Craig Cathcart (Man Utd, £500k), Chris Basham (Bolton, £500k), Marlon Harewood (free agent), Elliot",20,B,c0d918c4f8709efb209251839eaf762ff27a6f97a817b383525ca828cd1d1a9a,2026-10-07
4890a6eec56e8d86,T5a174c0180,Szoboszlai,https://www.bbc.co.uk/sport/football/66079379,60000000.00,GBP,200,VERIFIED,VERIFIED,£60m,Dominik Szoboszlai: Liverpool sign RB Leipzig midfielder for £60m - BBC Sport BBC Homepage Skip to content Accessibility Help Your,20,B,2d52cda5f5d4a988844f3fd7f3e644e27426e90f7bf89f2f91e19cafe8dcc49b,2026-10-07
489799392b132bff,T4fce039090,Patterson,https://www.bbc.co.uk/sport/football/59871706,11500000.00,GBP,200,VERIFIED,VERIFIED,£11.5m,five-and-a-half-year deal. The 20-year-old moves to Goodison Park for around £11.5m plus add-ons - which is a record fee received by Rangers.,22,B,80ab6f0d98f6a6104720d73b456c944dc117cd7fa3fd6c5bcdd66863a5dd9b0c,2026-10-07
48a8ae61ab340d5a,T95c39ea9d6,Morata,https://www.the-independent.com/sport/football/transfers/transfer-news-live-rumours-gossip-arsenal-transfer-news-chelsea-man-utd-today-epl-a8749686.html,48500000.00,GBP,200,VERIFIED,VERIFIED,£48.5m,Spaniard joins Atletico on an 18-month loan which includes a £48.5m option to buy. Further speculation centred on the Blues’ coveted star,22,B,a20cd2f94d05c2054785090fdf9adce37cb445e533be25dd1574661dd72dded7,2026-10-07
48c017f0248216a8,Tdb1cc26e86,Kellyman,https://www.sofoot.com/breves/strasbourg-achete-lattaquant-omari-kellyman-a-chelsea,5100000.00,GBP,403,BLOCKED or gone (HTTP403),UNVERIFIED,,,0,D,,2026-10-07
48cf2fd3e40bd166,T30dd71f33e,Washington,https://www.bbc.co.uk/sport/football/66608576,17200000.00,GBP,200,VERIFIED,VERIFIED,£17.2m,Deivid Washington: Chelsea sign Brazilian teenager from Santos for £17.2m - BBC Sport BBC Homepage Skip to content Accessibility Help Your,21,B,76610afb72e5059ff332bad947a7878798aa6e522a1a36bc7968a2c0100cd01c,2026-10-07
48f7e9bdad62ff5c,Teb546f1282,Khalaili,https://www.bbc.co.uk/sport/football/articles/clyqrd749d5o,21000000.00,GBP,200,VERIFIED,VERIFIED,£21m,"which runs until 2031. The Eagles have reportedly paid a £21m fee for the 21-year-old, who can play as a full-back or",22,B,03da1cce6ccfba13df427133818efe8ebb5cf40e5bddfc7b30fca34927e0d489,2026-10-07
49219ccc02c03c0a,Te1d6a56961,Tomori,https://www.bbc.com/sport/football/57512801,24000000.00,GBP,200,VERIFIED,VERIFIED,£24m,Fikayo Tomori joins AC Milan from Chelsea in £24m move - BBC Sport BBC Homepage Skip to content Accessibility Help,20,B,9ce210c260cb4b7499fa5dd6731d9a825719a6292220f33c98ef43687de87a86,2026-10-07
49255eefd69eb769,Ta6a1ac0614,Ederson,https://www.bbc.co.uk/sport/football/40080163,35000000.00,GBP,200,VERIFIED,VERIFIED,£35m,Ederson Moraes: Manchester City sign goalkeeper from Benfica for £35m - BBC Sport BBC Homepage Skip to content Accessibility Help Your,21,B,c84c7d6758ec9fb9ea7e5d36fd56cca51fb570c4d23dddce02b56e370b133d7a,2026-10-07
497dfc4115735938,T657bd9d5fd,Petrescu,https://www.independent.co.uk/sport/petrescu-moves-to-chelsea-for-pounds-2-3m-1577609.html,2300000.00,GBP,200,VERIFIED,VERIFIED,pounds 2.3m,Petrescu moves to Chelsea for pounds 2.3m | The Independent | The Independent Thank you for registering,17,B,9419d13751674afb8902c63d3878952cb6739c55c5489397ba833af6cc62120d,2026-10-07
498c22f027af3f37,Tad4fba3483,Elanga,https://www.bbc.com/sport/football/articles/ce9x4p492ydo,55000000.00,GBP,200,VERIFIED,VERIFIED,£55m,Anthony Elanga: Newcastle complete £55m signing of Nottingham Forest winger - BBC Sport BBC Homepage Skip,16,B,9877ab0418b303f4aa902852658f397eb6c4625c2488038982091c713535eda1,2026-10-07
49ac09d2420fbad5,T41c02047c7,Sigurdsson,https://www.bbc.co.uk/sport/football/40848343,45000000.00,GBP,200,VERIFIED,VERIFIED,£45m,Gylfi Sigurdsson: Everton sign Swansea midfielder for £45m - BBC Sport BBC Homepage Skip to content Accessibility Help Your,19,B,e722e8d95ce3cc685f13f94f33563e899c61a5d34951be2d8da920f9245612da,2026-10-07
49c8e8241a73425a,T206df8807f,Tzolis,https://www.bbc.co.uk/sport/football/articles/cp8xk0x902do,34000000.00,GBP,200,VERIFIED,VERIFIED,£34m,Arsenal transfer news: Christos Tzolis signs from Club Brugge for £34m - BBC Sport BBC Homepage Skip to content Accessibility Help Your,22,B,6fa9cb3521871945573013e14f320a14b53706ddec877c4e81d64a0103d7bf35,2026-10-07
49eb7ae49d9b1fa3,T3ee3c43be9,Ramsey,https://www.bbc.com/sport/football/articles/cvg0renye2po,40000000.00,GBP,200,VERIFIED,VERIFIED,£40m,Jacob Ramsey: Newcastle United sign Aston Villa midfielder for £40m - BBC Sport BBC Homepage Skip to content Accessibility Help Your,21,B,96c83f3fbb94365e023bfce93b562bab3564999786971c01ac239d7e6b65f64d,2026-10-07
49f5aa56f0bb9e38,T5c076a3f8d,Vieira,https://www.bbc.co.uk/sport/football/articles/c790d2n21nvo,8600000.00,GBP,200,VERIFIED,VERIFIED,£8.6m,Arsenal transfer news: Fabio Vieira joins Hamburg in £8.6m deal - BBC Sport BBC Homepage Skip to content Accessibility Help,20,B,dc2c5af054c663fc1b549bc28e283ec4cacdcd18b93eae5d2edd6664037bb3fb,2026-10-07
49fb3d58942970d9,T926196c050,Blake,https://news.bbc.co.uk/sport2/hi/football/teams/w/wolverhampton_wanderers/1539889.stm,1500000.00,GBP,200,NOT CONFIRMED (page fetched; figure not found near the player's name),UNVERIFIED,,,0,B,13001748668e3196cde9cd345f29b9c86910599c9eef2758ebb265ae2569c894,2026-10-07
4a038e7b94901a6f,Tf591fe825a,Vaart,http://news.bbc.co.uk/sport1/hi/football/teams/t/tottenham_hotspur/8958654.stm,8000000.00,GBP,200,VERIFIED,VERIFIED,£8m,signing of Real Madrid midfielder Rafael Van der Vaart for £8m. Spurs moved to sign the 27-year-old Netherlands international two ho,21,B,c728bb3a731fde54b6b55fe85d21ccfa8abda61b94bfb174b4ac0710fbb85b4e,2026-10-07
4a11be341f452965,Te5107c1180,Tzimas,https://www.bbc.co.uk/sport/football/articles/c203z9dyr09o,20800000.00,GBP,200,VERIFIED,VERIFIED,£20.8m,Brighton transfer news: Stefanos Tzimas to move from Nuremberg for £20.8m - BBC Sport BBC Homepage Skip to content Accessibility Help Your,22,B,def4061b106a1c896291f5f2c5c60d4c79ea17b0032d801a947d58ae97a23a87,2026-10-07
4a5474fd4adc6ff1,T407eabea46,Torres,https://www.theguardian.com/football/2021/dec/22/barcelona-agree-initial-55m-fee-to-sign-manchester-citys-ferran-torres,55000000.00,EUR,200,VERIFIED,VERIFIED,€55m,Barcelona agree initial €55m fee to sign Manchester City’s Ferran Torres | Barcelona | The,15,B,6cf895d5d8faeea5081c2ffa2b6d65dc2518a48613211e9821a4b7b2447d39c6,2026-10-07
4a87b1856aab62d4,Tdc3406e801,Anderson,https://www.theguardian.com/football/blog/2009/apr/28/ryan-giggs-nani-manchester-united,17000000.00,GBP,200,VERIFIED,VERIFIED,£17m,"to replace Giggs on United's left wing while Anderson, the £17m signing from Porto on the same day, would follow suit for",22,B,8afa1899c597c394551c93bfca6409b99a763c124184a2551fc2411ba792348a,2026-10-07
4abd4f9c95a252b0,T3c1de8b529,Anelka,https://www.theguardian.com/football/1999/aug/05/newsstory.sport4,23000000.00,GBP,200,VERIFIED,VERIFIED,£23m,"day that Nicolas Anelka finally put his signature to a £23m transfer from Arsenal to Atletico's rivals Real Madrid, completing hi",21,B,1bd81c9da04a009fbf7837d6e4475ab3b33d272de568154abd7ae8f0b6f747ee,2026-10-07
4ad253061b6d35b1,T9dc1e03a15,Wiltord,https://www.theguardian.com/football/2000/aug/25/newsstory.sport4,12500000.00,GBP,200,VERIFIED,VERIFIED,£12.5m,they have paid but it is expected to be around £12.5m. That is some £4m more than Arsenal's initial valuation of the,22,B,f5e1308e755f76d2815bc50854f8f9546400741a58680f0a0e8c06080613716f,2026-10-07
4ad28bc5c13c358c,T8a2d28362c,Mislav}},https://www.bbc.co.uk/sport/football/64188095,8000000.00,GBP,200,NOT CONFIRMED (page fetched; figure not found near the player's name),UNVERIFIED,,,0,B,cf558287176068b0e1a25db257a99f492f93e4f1e7aa5895d00c64f7cb1306cf,2026-10-07
4ad5a3cfa6ef69f2,T666fda93ac,Onana,https://www.bbc.co.uk/sport/football/66254472,47200000.00,GBP,200,VERIFIED,VERIFIED,£47.2m,Andre Onana: Manchester United complete £47.2m deal for Inter Milan goalkeeper - BBC Sport BBC Homepage Skip,17,B,9f84c03aaef3393a9b84789155dd39d0012bc614d7119fdc7d72b2c6b1a1641f,2026-10-07
4b0e447cdfe3c7f4,Tf9e6d8efda,Kitson,https://www.skysports.com/football/news/3835124/stoke-seal-record-striker-swoop,5500000.00,GBP,200,VERIFIED,VERIFIED,£5.5m,transfer record to sign Dave Kitson from Reading in a £5.5m deal. More from Football Cristiano Ronaldo: Portugal star breaks sile,21,B,5a26ee9c63c4913361591903173bb1124ce58ee73bf62ac13e5a26b5d4f6870b,2026-10-07
4b3decf8335bbf67,T4970a39ec4,Sessegnon,https://www.bbc.co.uk/sport/football/transfers,25000000.00,GBP,200,NOT CONFIRMED (page fetched; figure not found near the player's name),UNVERIFIED,,,0,B,708fd6ab73bb7094fde707780e96292ff6bf766a5201ce78269b081af1a3f715,2026-10-07
4b404e8c0b2c88c3,Tc7381dd8f8,Petit,https://www.independent.co.uk/sport/football/premier-league/barca-pay-pound-32m-for-overmars-and-petit-709285.html,7000000.00,GBP,200,VERIFIED,VERIFIED,£7m,"paid to sign him from Ajax three years ago. The £7m fee for Petit, a World Cup and European Championship-winner with Fran",22,B,52300caa63ae41960cf83b583832fea691e04768b07c67d6ef6ccdc64993e861,2026-10-07
4b5ff8f60bd3ddbd,T7539cf0639,Buendía,https://www.bbc.co.uk/sport/football/57371870,33000000.00,GBP,200,NOT CONFIRMED (page fetched; figure not found near the player's name),UNVERIFIED,,,0,B,c14e0f4c760d0b66766dd2b74446641cb7ff24fc3a84efa67095d7976f19f241,2026-10-07
4b65dee2d28d2b4e,T6e9cd0570a,Rushworth,https://www.bbc.co.uk/sport/football/articles/c98v6nz6v2eo,22000000.00,GBP,200,VERIFIED,VERIFIED,£22m,"CBS Arena. The deal is reportedly worth a club record £22m but neither club has made the fee public, nor has the",22,B,9f39a07c180d4da043a886f5833a7293337647d002dde1b34aee8ab3194531c0,2026-10-07
4b7ec5427da2255c,T2d596fca1d,Adingra,https://www.bbc.com/sport/football/articles/c98jq1291ymo,21000000.00,GBP,200,VERIFIED,VERIFIED,£21m,23-year-old Ivory Coast international has moved for a fee of £21m plus add-ons and has signed a five-year deal at the Stadium,22,B,d556a1b58d78727002909e15c060aef0eccb148d77905396adc9d08f2a4ea2bf,2026-10-07
4b8c75b9bef3d743,T3dea3af7de,Jiménez,https://www.bbc.co.uk/sport/football/47811338,30000000.00,GBP,200,NOT CONFIRMED (page fetched; figure not found near the player's name),UNVERIFIED,,,0,B,055d855f19e6925c619034400b8e122a6c093ceae4a9438b23c2a49064817c7f,2026-10-07
4bb5a82318ed1157,Tf63ef97c81,Marmoush,https://www.bbc.co.uk/sport/football/articles/cx2kxyyd8e0o?pubDate=20250216,59000000.00,GBP,200,VERIFIED,VERIFIED,£59m,Omar Marmoush: Man City sign Eintracht Frankfurt forward for £59m - BBC Sport BBC Homepage Skip to content Accessibility Help Your,21,B,f3b0e51655db105980f20f21be5fb31c08befe14072c4ad5d8c90498370bfe36,2026-10-07
4bbdc4c0cc6be9a7,T0c78419c2d,Nunes,https://www.bbc.co.uk/sport/football/66681948,53000000.00,GBP,200,VERIFIED,VERIFIED,£53m,Manchester City sign Matheus Nunes from Wolves for £53m - BBC Sport BBC Homepage Skip to content Accessibility Help Your,20,B,aa6ed7863a78c98864e1d6e2a185e91b35f853a92e48053d3f54ed58b2c76c0b,2026-10-07
4c1aa504188f6b1a,T9b9a6dc51b,Dawson,https://www.bbc.co.uk/sport/football/56654340,2000000.00,GBP,200,NOT CONFIRMED (page fetched; figure not found near the player's name),UNVERIFIED,,,0,B,f5e9cf6df1733d19fab2c125ac72542e4604fc3845d2c318700c2f5dc0045a18,2026-10-07
4c2a967235be0931,T2df14030b4,Bosingwa,https://news.bbc.co.uk/sport2/hi/football/teams/c/chelsea/7395831.stm,16200000.00,GBP,200,NOT CONFIRMED (page fetched; figure not found near the player's name),UNVERIFIED,,,0,B,7984dc86b58c3082ff907446c21d23fa7238098d9af580fa61e35b05e87b1264,2026-10-07
4c471fcba963c1f1,Ta26f19dcfd,Cancelo,https://www.bbc.co.uk/sport/football/articles/cd05ygv4gvno,21200000.00,GBP,200,VERIFIED,VERIFIED,£21.2m,has moved to Saudi Pro League club Al-Hilal in a £21.2m deal. The 30-year-old Portugal international joined Pep Guardiola's s,20,B,ce18ce5ad48286d7d6b750204e2687e07ffde329d428a6f489895fdffc257b6b,2026-10-07
4c49cb55fb941bb5,T876c3ef455,Romeo}},https://www.bbc.co.uk/sport/football/66539123,53000000.00,GBP,200,NOT CONFIRMED (page fetched; figure not found near the player's name),UNVERIFIED,,,0,B,1d6e67d0ba17a4f9c3f51f5fe054554cc6cfd8e8f73b0c99e047ad6d131b8692,2026-10-07
4c7546887a0d8511,T44c00d6f10,Carvalho,https://www.bbc.co.uk/sport/football/articles/c2edg3ezgl1o,27500000.00,GBP,200,VERIFIED,VERIFIED,£27.5m,Fabio Carvalho: Brentford sign Liverpool winger in £27.5m deal - BBC Sport BBC Homepage Skip to content Accessibility Help,19,B,a9c324147e4a21ff81ead6b62ed18731e2219153620cb5f3490d7840dd312ed0,2026-10-07
4ca80f0967636568,T87e809fceb,Babel,http://news.bbc.co.uk/sport1/hi/football/teams/l/liverpool/9371671.stm,6000000.00,GBP,200,VERIFIED,VERIFIED,£6m,a two-and-half-year deal for a fee believed to be about £6m. The 24-year-old Dutch forward joined the Reds from Ajax for £11.5m,22,B,5d2ab55ef8611e6a1706b7e89ce7d8b5f873efb90b53758592ab82ac77acd5a9,2026-10-07
4cf1961630b4738f,Tc070c873a4,Barco,https://www.beinsports.com/en-asia/football/premier-league/articles/chelsea-sign-argentinas-barco-from-sister-club-strasbourg-2026-08-02,34000000.00,GBP,200,VERIFIED,VERIFIED,£34m,"the group stage. Reports suggest Chelsea are paying around €40m (£34m) for Barco, to a Strasbourg side that have been owned by",22,D,6bc7a84da680c6043f55a25b1f7d28d1c3eabf1848f95514b8b11f2a900772e0,2026-10-07
4d01721a6098d0a3,T0f00a681d8,Euell,https://www.skysports.com/football/player/987/jason-euell,4800000.00,GBP,200,VERIFIED,VERIFIED,£4.8m,From To Date Fee Wimbledon FC Charlton 04 Jul 2001 £4.8m Charlton Middlesbrough 31 Aug 2006 Undisclosed Middlesbrough Southamp,19,B,8a7751d1bb14c6b3c5cf77d7b3b67b3dcc6e5c8023fb329a86c0bd2c4bd6bc50,2026-10-07
4d1b6c4b0ebcce30,Ta3988ed780,Cabaye,https://www.theguardian.com/football/2015/jul/10/crystal-palace-yohan-cabaye-paris-saint-germain,10000000.00,GBP,200,VERIFIED,VERIFIED,£10m,"The France international’s transfer from Paris Saint-Germain for an initial £10m, rising to nearer £12.5m with add-ons, on a three-year contract has",22,B,76dcdbc61b30688308def442bf1661c6ae3ff7c83a1b61713c222539cde58efc,2026-10-07
4d27183d7da665ad,Td9750d4766,Cucurella,https://www.bbc.co.uk/sport/football/articles/cx2xp7gv09lo,47500000.00,GBP,200,VERIFIED,VERIFIED,£47.5m,"United States, Canada and Mexico, but an agreement - worth £47.5m with a further £4.3m in add-ons - was struck on Sunday",22,B,9fae4033b929d539ae2d42d7442d8c705cd2cc88173bb58fe112c608bec8dd62,2026-10-07
4d5dedb02e3abdb0,T39595e8824,Johnson,https://www.theguardian.com/football/2023/sep/01/tottenham-agree-47m-deal-with-nottingham-forest-for-brennan-johnson,47500000.00,GBP,200,VERIFIED,VERIFIED,£47.5m,EDT Share Prefer the Guardian on Google Tottenham confirmed the £47.5m signing of Brennan Johnson from Nottingham Forest on the stroke of,22,B,de1e1e788ad857fcd854c3e57895e6c185338825bbeeac97b00168e28ce04555,2026-10-07
4d6d719d69d22c24,Te0258593e7,Lauren,https://www.theguardian.com/football/2000/may/31/newsstory.sport,7000000.00,GBP,200,VERIFIED,VERIFIED,£7m,Arsenal snap up £7m Lauren | Soccer | The Guardian Skip to main content Skip,15,B,8f2c81b8c1048417e28c5d59428394fc8527b48ab4289788fe5e8c0752412198,2026-10-07
4da81b58bf9ec183,T86116845dc,Fàbregas,https://www.theguardian.com/football/2014/jun/12/chelsea-sign-cesc-fabregas-from-barcelona,27000000.00,GBP,200,NOT CONFIRMED (page fetched; figure not found near the player's name),UNVERIFIED,,,0,B,607a34cfcb95b6e8aceb2bbd62af1e02a61ccad0f7bdcd4e3b0a3260a026573e,2026-10-07
4dd54c61b86a5de1,T29d50d1ca6,Džeko,https://www.uefa.com/uefaeuropaleague/news/01ed-0e76d493fc5d-e40bc4dc9581-1000--manchester-city-complete-swoop-for-dzeko/,32000000.00,EUR,200,VERIFIED,VERIFIED,€32m,for a fee reported to be in the region of €32m. Article top media content Edin Džeko celebrates one of his ten,22,B,8f1fe3cd8c0f2fab71c76416cf8cb151b31a0eea69f80de5603534b9d3b94691,2026-10-07
4de528e898693b98,T8140a0858f,Touré,https://www.skysports.com/football/news/11678/13560722/bazoumana-toure-newcastle-sign-ivory-coast-winger-for-lb42m,42000000.00,GBP,200,NOT CONFIRMED (page fetched; figure not found near the player's name),UNVERIFIED,,,0,B,b7cbba07772bf22da08e7deda6bb6c0af45c86ec87aca6bbd9dead8ad53f5d24,2026-10-07
4e5108d0362a547f,T1867bfabfe,Lowton,https://www.mirror.co.uk/sport/football/transfer-news/aston-villa-sign-matt-lowton-1135133,3000000.00,GBP,200,VERIFIED,VERIFIED,£3m,2016. ‌ The deal is believed to be worth around £3million and Lowton will provide competition for last season's first cho,21,D,66d1e25be6b3cbda5fb03f863814824ba62c08ee0be07cbd13bfddeafb7839db,2026-10-07
4e510ba02ebb0cc7,T510c845da7,Cannon,https://www.bbc.co.uk/sport/football/articles/cx2yn0ywn0wo,10000000.00,GBP,200,VERIFIED,VERIFIED,£10m,"from Leicester for an undisclosed fee, reported to be around £10m. Cannon, who turned 22 last month, has signed a four-year contract",22,B,c41f5f916de921cb027f9dac144315171bec91f8f1598094b09a76ac1b77dad1,2026-10-07
4e666615e0e8c787,T6b181c687c,Davis,https://news.bbc.co.uk/sport2/hi/football/teams/d/derby_county/6276226.stm,3000000.00,GBP,200,NOT CONFIRMED (page fetched; figure not found near the player's name),UNVERIFIED,,,0,B,08ee457140b2fa8cd1c9ad96b002c049d349ab5492fa165c49e5bc8ca54907eb,2026-10-07
4e886fc18b4d4de1,T7e290ac4d7,Sterling,https://www.skysports.com/football/news/9911237/raheem-sterling-move-to-man-city-to-net-qpr-lb9-8m,49000000.00,GBP,200,VERIFIED,VERIFIED,£49m,and Liverpool have agreed a fee believed to be around £49million – made up of £44m up front and a further £5m,22,B,7152fc1c5c680d6bc2aaae88a70209036a3554dbd3edf86d142fe0030bf98e81,2026-10-07
4ea3c86908b9051b,Taa91ab37e3,Carrick,https://www.theguardian.com/football/2006/jul/31/newsstory.sport13,18600000.00,GBP,200,VERIFIED,VERIFIED,£18.6m,United pay £18.6m for Carrick | Soccer | The Guardian Skip to main content,14,B,18a76d66e84a40edfa4c2d89310de7605ba462ce0658998e0d84530f982b0d33,2026-10-07
4ed17e59668b6984,T3e65fe3a38,Jeffers,https://www.theguardian.com/football/2001/jun/14/newsstory.sport8,10000000.00,GBP,200,VERIFIED,VERIFIED,£10m,England Under 21 striker Francis Jeffers to Arsenal in a £10million deal. The Gunners have to pay £8million up front with a,22,B,38334979b2620d5da8368c7e7f576fcd0da7f66af515d1b3f47aa0cc4bb0e9f2,2026-10-07
4edc75af1d6f645b,T76ab561d9c,Shevchenko,https://www.skysports.com/football/player/9372/andriy-shevchenko,30800000.00,GBP,200,VERIFIED,VERIFIED,£30.8m,01 Jul 1999 Undisclosed AC Milan Chelsea 01 Jul 2006 £30.8m Chelsea AC Milan 25 Aug 2008 Undisclosed Chelsea Dynamo Kyiv 28,22,B,40d6e39e7ae5aad23029102b082e8fab20fdb44162540191351d3e6ccd30aae0,2026-10-07
4f32be63e56bfffc,T603c94a0b6,Mount,https://www.bbc.co.uk/sport/football/66063196,55000000.00,GBP,200,VERIFIED,VERIFIED,£55m,Mount: Erik ten Hag's Man Utd plans were key in £55m transfer from Chelsea - BBC Sport BBC Homepage Skip to content,22,B,d8b91dc0686dbaddd690def6550fefd7b7efbb2a8dce5e625cabd87590364ad3,2026-10-07
4fa146e7ec343d2a,T3187fd9289,Ings,https://www.bbc.co.uk/sport/48827145,20000000.00,GBP,200,VERIFIED,VERIFIED,£20m,[Monaco - Leicester] Undisclosed Tyrone Mings [Bournemouth - Aston Villa] £20m English Football League David Amoo [Cambridge - Port Vale] Free Herbe,22,B,ff96ded868f055d5a940eb64c8ad4155aa019d0e19293ce012cd5a2d24f5a13d,2026-10-07
4fe002e127bdc9b6,Te6e0cdd926,McArthur,https://www.bbc.co.uk/sport/football/29013298,7000000.00,GBP,200,VERIFIED,VERIFIED,£7m,2013 Crystal Palace have broken their transfer record by spending £7m to make Wigan midfielder James McArthur one of three deadline-day sig,22,B,5e58e870c61c1649263e69847b0c33d474cbfb22305c0b69bf738e545157781c,2026-10-07
4fe30073a0f317b5,Td43614bbff,Aké,https://www.skysports.com/football/news/11743/11464693/bournemouth-sign-jefferson-lerma-for-gbp25m-from-levante,20000000.00,GBP,200,NOT CONFIRMED (page fetched; figure not found near the player's name),UNVERIFIED,,,0,B,34e718cc5fa4c5e2c23a7f86694a7a9aec93ebe63638fa8fe8551782505bfb01,2026-10-07
5015a2c47ea85233,T72dd6215eb,Traoré,https://www.bbc.co.uk/sport/football/54216581,17000000.00,GBP,200,NOT CONFIRMED (page fetched; figure not found near the player's name),UNVERIFIED,,,0,B,eea4cd78b230a2cba65c9734a2776b99ce46a871ecb905dc6015f9e454750a92,2026-10-07
503c5d8eed0f8027,Tc75c4311bf,Humphreys,https://www.bbc.com/sport/football/articles/cr742j230gzo,14000000.00,GBP,200,VERIFIED,VERIFIED,£14m,defender Bashir Humphreys also moved on a permanent basis for £14m. Ugochukwu spent two seasons at Chelsea making 15 appearances in all,22,B,c9c76b9f0eb322f917308e668b7515f438629d6d2d92d6a1a114e3de4a224942,2026-10-07
5054941b6ff99f3c,T22c9a9d160,Pavlyuchenko,https://www.uefa.com/uefaeuropaleague/news/01d0-0e6fc47975c5-dd0f2b5ceb2d-1000--london-calling-as-pavlyuchenko-joins-spurs/,17000000.00,EUR,200,VERIFIED,VERIFIED,€17m,for a fee reported to be in the region of €17m. Article top media content Roman Pavlyuchenko was a success story for,22,B,76ee0b802e76b3d45ab8e1d57427f0f2c227f8cb7b469ca395a2e6035f9203c4,2026-10-07
5068256d8ff56bd4,Tfbee0aaeea,Sjölund,https://news.bbc.co.uk/sport1/hi/football/teams/l/liverpool/1047409.stm,1000000.00,GBP,200,NOT CONFIRMED (page fetched; figure not found near the player's name),UNVERIFIED,,,0,B,fa4c5d96ca1932aac8706ede154484e9ed406ddea2fb8336b818e0a990573f90,2026-10-07
50a5df38ff3f1525,T0c1eb02997,Cole,https://www.theguardian.com/football/2001/dec/30/newsstory.sport1,7600000.00,GBP,200,VERIFIED,VERIFIED,£7.6m,Google Andy Cole joined Blackburn Rovers last night in a £7.6million deal sparked by his frustration over life in the shadows at,22,B,9eb22e08d804cd587cd782440228b662fe56aa0e2d93945800954b8c084beb22,2026-10-07
51130824de813057,T845f17a3aa,Rasmus}},https://www.bbc.co.uk/sport/football/66414526,72000000.00,GBP,200,NOT CONFIRMED (page fetched; figure not found near the player's name),UNVERIFIED,,,0,B,15616eab0942fa3576f617330b1bd73014226ad87cde3e6718651412a424ae91,2026-10-07
514a022005332c34,T105c3d8a2f,Wanchope,https://news.bbc.co.uk/sport1/hi/football/teams/m/man_city/867912.stm,3650000.00,GBP,200,NOT CONFIRMED (page fetched; figure not found near the player's name),UNVERIFIED,,,0,B,f3848243cbbd47df37b9123a365422e7b44eb18f238b3d3868a4154a48560bb2,2026-10-07
5197f45e37d9a504,T3025c87c77,Verbruggen,https://www.bbc.co.uk/sport/football/66013045,16300000.00,GBP,200,VERIFIED,VERIFIED,£16.3m,Bart Verbruggen: Brighton sign Anderlecht goalkeeper for £16.3m - BBC Sport BBC Homepage Skip to content Accessibility Help Your,19,B,29ceea58e64ca30c22704d335a47b950d3355ff58b8ed0648a6c78171221eca6,2026-10-07
5212ab64c15737ad,T9a6a4d285f,Páez,https://www.bbc.com/sport/football/67104574,17200000.00,GBP,200,NOT CONFIRMED (page fetched; figure not found near the player's name),UNVERIFIED,,,0,B,1733372fbfb2853961da83088cee8d7058a949ac0174aba83c9090138c7b1cff,2026-10-07
521d0f9248628b2c,Tbbe0586fb6,Matondo,https://www.bbc.co.uk/sport/football/47030685,9600000.00,GBP,200,VERIFIED,VERIFIED,£9.6m,winger Rabbi Matondo on a four-and-a-half-year deal worth 11m euros (£9.6m). The 18-year-old never made a first team appearance at City but,22,B,14f2bc619f20f2e1c1be3cbb209b6a4d7d740386f6f4b2556c76af8e26d15540,2026-10-07
5222960d4f5e21d9,T0594c1d855,Marin,https://www.bbc.co.uk/sport/football/17880807,7000000.00,GBP,200,NOT CONFIRMED (page fetched; figure not found near the player's name),UNVERIFIED,,,0,B,d152423555283ff663abcc05a6f2597c4971b9433cc6551db6da4629d60a49a0,2026-10-07
5228667c70326b54,Tf1ae3e7a51,Carrillo,https://www.bbc.co.uk/sport/football/42826326,19000000.00,GBP,200,VERIFIED,VERIFIED,£19m,Guido Carrillo: Southampton sign Monaco striker in £19m deal - BBC Sport BBC Homepage Skip to content Accessibility Help,19,B,da2fcd77c18c1d729a728f9639f82cd751ed741b5c1c8f703f88cd716b016119,2026-10-07
5247eb7f606c94d4,T105c3d8a2f,Wanchope,https://www.theguardian.com/football/2000/aug/07/newsstory.sport3,3750000.00,GBP,200,VERIFIED,VERIFIED,£3.75m,Prefer the Guardian on Google Paulo Wanchope today completed his £3.75m move from West Ham United to Manchester City. City fought off,22,B,05a2ae38251d5eb97302c02cfc9d0534df207eeef77b617f11fe7771e9e7e88e,2026-10-07
5262ea7d35511b4a,Tf341b8b137,Spence,https://www.bbc.co.uk/sport/football/62170922,20000000.00,GBP,200,VERIFIED,VERIFIED,£20m,Middlesbrough defender Djed Spence in a deal worth up to £20m. The England Under-21 right-back spent last season on loan with Notti,22,B,7b3d63061ac6cb9f96ad5d6fd2e7724fa7337c1ea1d89b37bc54df3e4afed892,2026-10-07
526daf0a5166cb9b,T0adedc8ee8,Christie,http://news.bbc.co.uk/sport1/hi/football/teams/m/middlesbrough/2713319.stm,3000000.00,GBP,200,NOT CONFIRMED (page fetched; figure not found near the player's name),UNVERIFIED,,,0,B,35dad70e1fd3824148c680c64577219afcacbbc1afd5a7b541ae250726998a86,2026-10-07
5272288798fcde17,T77b8f43e95,Muntari,https://www.theguardian.com/football/2007/may/30/newsstory.sport4,7000000.00,GBP,200,VERIFIED,VERIFIED,£7m,"an undisclosed fee, understood to be in the region of £7m. He is believed to have put his signature to a five-year",22,B,802290b82a5c430414c21e8a097075e6e3bf08a075b67cb0b5ec14cbcd7cea77,2026-10-07
5287542e30eb2b05,Te233992648,Luiz,https://www.bbc.co.uk/sport/football/27545046,40000000.00,GBP,200,VERIFIED,VERIFIED,£40m,"fair play (FFP) rules, PSG are reported to be paying £40m for Luiz - a transfer record for a defender. ""Right from",22,B,ab392021de514a686a07f003ec8265dc87b86fe3ca6be0e02123c37ba6c8d88b,2026-10-07
52aeeb395b7db33b,T9d3af8a181,Barmby,https://www.independent.co.uk/sport/barmby-moves-to-boro-at-last-1595017.html,5250000.00,GBP,200,VERIFIED,VERIFIED,pounds 5.25m,Nick Barmby from Tottenham Hotspur for a club-record fee of pounds 5.25m. Last week Spurs rejected a pounds 4.5m bid from the,22,B,936b9a8f2f729c11ea55871b6a11ad1bffcd3c6fc51808220b7457c82b466a79,2026-10-07
52c4681a580be3b4,T82214746ca,Carroll,https://www.theguardian.com/football/2011/jan/31/liverpool-chelsea-andy-carroll-fernando-torres,35000000.00,GBP,200,VERIFIED,VERIFIED,£35m,price but it was the Anfield club's decision to pay £35m to lure Carroll from Newcastle United that caused the greater surpris,22,B,c91067053b21cea532fb4f4bc1a99dafa96738e2e13ad585a357d950dd0bb778,2026-10-07
53a7e332ac1605e5,Teeca81e196,Lankshear,https://www.bbc.co.uk/sport/football/articles/c8rnjvpm0g4o,10000000.00,GBP,200,VERIFIED,VERIFIED,£10m,"£20m. The initial fee is understood to be worth around £10m, with an additional £10m due in add-ons based on various incentives.",22,B,bb0851863f34c775dc2f76e5b1dd638911b72108477ff97f4dff913c1d537063,2026-10-07
53f62340d9c1e945,T84c8a0ffcc,Bothroyd,http://news.bbc.co.uk/sport1/hi/football/teams/c/coventry_city/830130.stm,1000000.00,GBP,200,NOT CONFIRMED (page fetched; figure not found near the player's name),UNVERIFIED,,,0,B,c5a4eea72d419d63118996f9f8866382a650492b903619264483994621303501,2026-10-07
53f7cb6491cbb841,Tc633b90927,Bent,https://www.theguardian.com/football/2011/jan/18/darren-bent-aston-villa-sunderland,18000000.00,GBP,200,VERIFIED,VERIFIED,£18m,could eventually be worth £24m. Villa are spending an initial £18m for the 26-year-old but add-ons mean the final figure could rise,22,B,458cfb4da4ff7f9b4a30eb32f6fa6356e60bbc9a76d2385691258117236c83cc,2026-10-07
542689e556aee724,T6bd768f641,Graham,https://www.bbc.co.uk/sport/football/13635099,3500000.00,GBP,200,VERIFIED,VERIFIED,£3.5m,medical. The Swans set a club transfer record with Graham's £3.5m four-year deal. It includes a 15% sell-on clause on any profit,22,B,4f36356c5a8c21abcf3522e7b59c1c4b109a48ba6037348aa988045a95153e35,2026-10-07
5451c1811924462d,Tba26e90e5b,Kongolo,https://www.bbc.co.uk/sport/football/54578809,4000000.00,GBP,200,VERIFIED,VERIFIED,£4m,Terence Kongolo: Fulham sign defender from Huddersfield for reported £4m - BBC Sport BBC Homepage Skip to content Accessibility Help Your,21,B,6c411aad9d3155dd4c35e16aa6a79a98390e87d4a8d9bbe4b90c67f0c208e4d9,2026-10-07
5472223ab68b80b9,T0fbdcbda9d,Mounié,https://www.bbc.co.uk/sport/football/44421345,11440000.00,GBP,200,NOT CONFIRMED (page fetched; figure not found near the player's name),UNVERIFIED,,,0,B,980836b937dde9c3c6f736ab751a8f11dbb42ebc7704106c43fba4a820cedc83,2026-10-07
54922e6da55fcddc,Tcbf5f2ad2d,Pogba,https://www.bbc.co.uk/sport/football/37016170,89000000.00,GBP,200,VERIFIED,VERIFIED,£89m,Paul Pogba: Manchester United re-sign France midfielder for world-record £89m - BBC Sport BBC Homepage Skip to content Accessibility Help Your,21,B,a0f5e9507f7cb82faa12265cd3889d468900699c3eeb971b9a73475c1e9a082a,2026-10-07
54aee54bc9cac43b,T025b15ffab,Ayegbeni,https://www.theguardian.com/football/2005/may/06/newsstory.sport7,6000000.00,GBP,200,NOT CONFIRMED (page fetched; figure not found near the player's name),UNVERIFIED,,,0,B,5b8bb754aeb12bdc40c7fb4a2407ae0007ff6622c285bce3c11cf43e2ae57700,2026-10-07
54f43ebe7bc7b01f,Ta8f908c763,Petrović,https://www.bbc.com/sport/football/articles/cgq7jle544eo,25000000.00,GBP,200,NOT CONFIRMED (page fetched; figure not found near the player's name),UNVERIFIED,,,0,B,1c536df0ce59694d026f1100275a226b506842d25f11272293abdb9dcb55a6c8,2026-10-07
550d3168affe8979,Tc997fbf1a3,Surridge,https://www.tennessean.com/story/sports/nashvillesc/2023/07/25/nashville-sc-sings-sam-surridge-designated-player-nottingham-forrest-mls/70373423007/,5000000.00,GBP,402,BLOCKED or gone (HTTP402),UNVERIFIED,,,0,D,,2026-10-07
55557f0d7f3c4306,T8986ae21bf,Solanke,https://www.bbc.co.uk/sport/football/articles/c3ej8g7dwjjo,65000000.00,GBP,200,VERIFIED,VERIFIED,£65m,Dominic Solanke: Tottenham sign Bournemouth striker for £65m - BBC Sport BBC Homepage Skip to content Accessibility Help Your,19,B,460f98829062c912024512e38d29e5a6a80181c1020250cb9e10fe1190cd1507,2026-10-07
5557dd2ec759495b,T0682adf48b,Suárez,https://www.theguardian.com/football/2014/aug/19/luis-suarez-barcelona-not-bite-again,65000000.00,GBP,200,VERIFIED,VERIFIED,£65m,"says Barça say transfer fee was less than reported, at £65m Sid Lowe in Barcelona Tue 19 Aug 2014 07.20 EDT Last",22,B,130d1eaff4df8638e7489270a1b399f800f0aece9d60431e0f2f7755d9e3b52a,2026-10-07
555cdb0c0120545b,T5782488d87,Hato,https://www.skysports.com/football/news/11668/13405232/jorrel-hato-transfer-news-chelsea-sign-teenage-defender-from-ajax-for-an-initial-35-5m-plus-add-ons,35500000.00,GBP,200,VERIFIED,VERIFIED,£35.5m,news: Chelsea sign teenage defender from Ajax for an initial £35.5m plus add-ons | Football News | Sky Sports Skip to main,22,B,95cecda85f9d1482bfd88201916e8ed9681b0d7c92179208a6556a6efadc816b,2026-10-07
55882936ff138d56,T7092e02829,Fernandez,https://www.skysports.com/football/news/11668/12799395/enzo-fernandez-to-chelsea-blues-agree-premier-league-record-105m-transfer-deal-for-benfica-midfielder,121000000.00,EUR,200,VERIFIED,VERIFIED,€121m,a British-record transfer fee But Chelsea agreed a deal of €121m at 9.15pm on Deadline Day after 12 hours of talks led,22,B,796e50e9dd4e90f6fd065b2a0834c6599c9ea794d170f4dcc26fc5f48a659c3c,2026-10-07
558c355c18f8eb2d,T6fb82fcdd2,Flo,http://news.bbc.co.uk/sport2/hi/football/1033258.stm,12000000.00,GBP,200,NOT CONFIRMED (page fetched; figure not found near the player's name),UNVERIFIED,,,0,B,1fe9f76b1da4e1e10f5746ef60574562c03c4a89b8a425b4310a1fbfcd9c6b93,2026-10-07
56093e3b0bd03732,Tab1f9e27e7,Dacourt,https://www.theguardian.com/football/2000/may/16/newsstory.sport1,7200000.00,GBP,200,VERIFIED,VERIFIED,£7.2m,Leeds build for Europe with £7.2m Dacourt | Soccer | The Guardian Skip to main content Skip,17,B,02d36717422a2158542ef3f180d83a77e88951c15a9cec1d3677092337576375,2026-10-07
5643bfb61a905a47,T334c8cb1b5,González,https://www.bbc.co.uk/sport/football/articles/c98yqd3z7gro?pubDate=20250401,50000000.00,GBP,200,NOT CONFIRMED (page fetched; figure not found near the player's name),UNVERIFIED,,,0,B,89f469365a27ab685c5a302ca764fcad3477db9b537236edf3111138820df7ec,2026-10-07
565481d8e991552a,Tf9e369d161,Angban,https://www.chelseafc.com/en/news/2019/07/01/academy-trio-sign-new-deals,5400000.00,GBP,200,NOT CONFIRMED (page fetched; figure not found near the player's name),UNVERIFIED,,,0,A,518f5d6b8cf5a6e83807ebd615bdcd97f58b6db29b59581ac38c1097644d2e10,2026-10-07
56548a6a273f838d,T3044dd8639,Fleck,https://www.the-independent.com/sport/football-chelsea-claim-fleck-prize-1540131.html,2100000.00,GBP,200,VERIFIED,VERIFIED,pounds 2.1m,"in CHELSEA'S waiting game paid off yesterday when they spent pounds 2.1m on Robert Fleck, the 27- year-old Scottish international striker who",22,B,de37b251189a86f836e6062d8f5148d35ae20303d7f8febeea30ff184f21df82,2026-10-07
566bd5a1df103313,Tf3d009e33f,Guendouzi,https://www.bbc.co.uk/sport/football/62013643,9000000.00,GBP,200,VERIFIED,VERIFIED,£9m,"Arsenal midfielder Matteo Guendouzi has joined Marseille for a reported £9m after a successful loan spell with the French club. Guendouzi, 23,",22,B,d86af9b281f4c541ed0eb757ab88af6cb8b44116e65405eb05200263e24f53ac,2026-10-07
56829103b3a767ed,Td7f026235e,Asprilla,https://www.independent.co.uk/sport/football-asprilla-ready-to-return-to-parma-for-pounds-7-3m-1138828.html,7300000.00,GBP,200,VERIFIED,VERIFIED,pounds 7.3m,Football: Asprilla ready to return to Parma for pounds 7.3m | The Independent | The Independent Thank you for registering,20,B,7a7bca82ab34523b1ea884d289cd6bb547aab2b45555059946abdd21ed6aa4ae,2026-10-07
568fecb946f80554,T98184b2462,Tavares,https://www.bbc.co.uk/sport/football/57772226,8000000.00,GBP,200,VERIFIED,VERIFIED,£8m,Nuno Tavares: Arsenal sign left-back from Benfica in £8m deal - BBC Sport BBC Homepage Skip to content Accessibility Help,20,B,4acb150995fffba8897b98a452d7533d5dc5bf45e2871df4cb6398e117171e57,2026-10-07
569781e72f1132c3,Te0d3a3bc25,Bellingham,https://www.bbc.co.uk/sport/football/articles/cp8y0j8k1vro,26960000.00,GBP,200,VERIFIED,VERIFIED,£26.96m,"fee is a club record, believed to be 32m euros (£26.96m) plus 5m euros (£4.2m) in add-ons. The 19-year-old midfielder has pla",22,B,3ae047ca331b9948ccc55c4599c17ee8e7b5389ad3d58bb564f33421778235a6,2026-10-07
56ad594db23dd958,T5bd5da9f92,Partey,https://www.bbc.co.uk/sport/football/54428077,45300000.00,GBP,200,VERIFIED,VERIFIED,£45.3m,Madrid on a long-term deal after paying his 50m euros (£45.3m) release clause. The 27-year-old Ghana midfielder made 35 league appe,21,B,12fab078bcd6ab41948406af328536dc9054c8933f777b130817ebc3908bddf5,2026-10-07
56b65b5f54a2b7f4,T2056c64df1,Schuster,https://www.brentfordfc.com/en/news/article/first-team-brentford-jannik-schuster-red-bull-salzburg-transfer,12000000.00,GBP,200,NOT CONFIRMED (page fetched; figure not found near the player's name),UNVERIFIED,,,0,A,668d9406afbb236b05c47722182b8a7b246cdc5bb31905f12e979c648ac94cea,2026-10-07
57195c83c43428b9,T9acf11db50,Podence,https://www.bbc.co.uk/sport/football/articles/c4glvn109e5o,5000000.00,GBP,200,VERIFIED,VERIFIED,£5m,"Daniel Podence has signed for Saudi Pro League Al-Shabab for £5m. The 28-year-old, who joined from Olympiakos in January 2020, made 10",22,B,e075f4077a07f9e923c1773a9b02c2860ed6b949425f27faa767024bfd6114d6,2026-10-07
57315e8968917942,T0006b3a702,Sturridge,https://www.bbc.co.uk/sport/football/36165363,8300000.00,GBP,200,VERIFIED,VERIFIED,£8.3m,2009 for striker Daniel Sturridge. That sum that rose to £8.3m following add-ons and a sell-on fee incorporated in the deal that,22,B,fe4df7a039f1d58f6ad81b59779f84970a450a979db8523dad547d9c25a3b92d,2026-10-07
5763e6601d93faa7,T0af84ae231,Borini,http://www.asroma.it/pdf/corporate/operazioni_di_mercato/13-7-2012_BORINI.pdf,10500000.00,GBP,200,NOT CONFIRMED (page fetched; figure not found near the player's name),UNVERIFIED,,,0,D,b314e43f08a26c1391fec1d391670479fec12a8f683785d3e4374f1d8e768b5a,2026-10-07
576714830e178581,T6d75213eea,Essugo,https://www.bbc.co.uk/sport/football/articles/ckgn1kk95z1o,18000000.00,GBP,200,VERIFIED,VERIFIED,£18m,"officially announced the signing of midfielder Dario Essugo in an £18m deal from Sporting. The transfer was agreed in March, alongside the",22,B,2447a5fd9507ae9695913b0b89897da92b0e8f64c6c4d363dd6c8eb0dfa55dcd,2026-10-07
57b0cdd3fd0c2a62,T5c9dbeeafe,Bellamy,https://www.theguardian.com/football/2000/aug/17/newsstory.sport,6500000.00,GBP,200,VERIFIED,VERIFIED,£6.5m,"Coventry were proclaiming a coup last night with the immiment £6.5m signing of Craig Bellamy , a forward the midlands club ""fully",22,B,6322e3c61cc9a541e34ea9568ec1e7f350b24041d5acb2477fefad49e81db747,2026-10-07
57c9dd679113e6d7,T3380968f97,Adams,https://www.bbc.co.uk/sport/football/62041348,20000000.00,GBP,200,VERIFIED,VERIFIED,£20m,"Tyler Adams in a deal thought to be worth about £20m. The 23-year-old United States international, who has 30 caps, has si",22,B,aff5d1bf45bd1844c060ef69676588d84a559fa12f7d0c8c2e57ba153300af43,2026-10-07
57cccb4f17a6337a,T4ea15cdd2c,Carvalho,https://www.theguardian.com/football/2004/jul/28/newsstory.chelsea,20000000.00,GBP,200,VERIFIED,VERIFIED,£20m,Chelsea snap up £20m Carvalho | Soccer | The Guardian Skip to main content Skip,15,B,d8625f346ef7cbf841c0f3528514d68d90af38fb15828f23c96ce5e1daa79b87,2026-10-07
581113bb42b0e75d,Taed16393e6,Hamann,https://www.skysports.com/football/player/910/dietmar-hamann,8000000.00,GBP,200,NOT CONFIRMED (page fetched; figure not found near the player's name),UNVERIFIED,,,0,B,489abff6ed7769ba938da03ba9fdcba8cd6ab08ec8bfa3c6a713d7b95c8852f7,2026-10-07
581aba95d6e58d35,Tf57f1ec72c,Ellington,https://www.skysports.com/football/player/3333/nathan-ellington,3000000.00,GBP,200,NOT CONFIRMED (page fetched; figure not found near the player's name),UNVERIFIED,,,0,B,ea11835e7ab5264ef4dcb665e327c957f09b0fe859d6172f404a45c304803ce6,2026-10-07
5858e9cda6a17120,T5c9dbeeafe,Bellamy,https://www.skysports.com/football/player/8830/craig-bellamy,6500000.00,GBP,200,VERIFIED,VERIFIED,£6.5m,history From To Date Fee Norwich Coventry 16 Aug 2000 £6.5m Coventry Newcastle 27 Jun 2001 £6.5m Newcastle Celtic 31 Jan 2005,22,B,6d658824099223a0ab167f297f65999d5cab851943f47d82c2b5fe5a0d40244f,2026-10-07
585bafad30e5efc2,Tf3580ddaf3,Kostoulas,https://www.bbc.com/sport/football/articles/cpw7gn5kyreo,29780000.00,GBP,200,VERIFIED,VERIFIED,£29.78m,June 2025 Brighton have signed 18-year-old forward Charalampos Kostoulas for £29.78m (35m euros) from Greek side Olympiakos. The teenager has signed a,22,B,98db8aed72511620d12df72cea99b4602718c872fa149b811d263f9f74a19b51,2026-10-07
589fdae121fb52e7,Teb233d38ff,Halmosi,https://www.independent.co.uk/sport/football/transfers/hull-in-triple-swoop-869131.html,2000000.00,GBP,200,VERIFIED,VERIFIED,£2m,"what is thought to be a club record fee of £2million, although the club are yet to confirm the cost of the",22,B,c1b060623ef915eeafc6c004e853137f2d2f5a57a2248aca63f75070dd961c8c,2026-10-07
58d1ca735632ceb4,Tcbb485ee49,Norton-Cuffy,https://www.bbc.co.uk/sport/football/articles/cje8x575v51o,12000000.00,GBP,200,VERIFIED,VERIFIED,£12m,4in forward Ilyas Ansah from Union Berlin and agreed a £12m deal for Genoa right-back Brooke Norton-Cuffy. Germanu Under-21 forwa,20,B,7d0e56d21511f031387950c3d9c0cf2883b874fe6cac35ff11f72e1da50b5dd7,2026-10-07
58d77f1c563804b5,T1cd8d52ab0,Jô,https://www.theguardian.com/football/2008/jul/03/premierleague.manchestercity,19000000.00,GBP,200,NOT CONFIRMED (page fetched; figure not found near the player's name),UNVERIFIED,,,0,B,30afe0511ccb808fb003ddb6c60e4113020333087676721c42f0fbd60fb543f4,2026-10-07
5914913deceafa32,T7935d592be,Warhurst,https://www.skysports.com/football/player/21780/paul-warhurst,2700000.00,GBP,200,VERIFIED,VERIFIED,£2.7m,17 Jul 1991 £750k Sheff Wed Blackburn 11 Sep 1993 £2.7m Blackburn C Palace 01 Aug 1997 Undisclosed C Palace Bolton 25,22,B,b68dcfca563dd9585100b831af91ecafadd6a54448784b627f4ee8f0dd561e91,2026-10-07
5916e1c235a58320,T55b64f024c,Flo,https://www.skysports.com/football/player/16364/tore-andre-flo,6800000.00,GBP,200,VERIFIED,VERIFIED,£6.8m,Rangers 23 Nov 2000 £12.0m Rangers Sunderland 30 Aug 2002 £6.8m Sunderland Siena 22 Aug 2003 Undisclosed Siena Valerenga 05 Jul 2005,22,B,897c0f36dddec5032ebdd80a1e4cd6defa9f94e15a7897e2ab34313c6de82e0c,2026-10-07
591fefeae8cde48d,T2a1f65c228,Burke,https://www.bbc.co.uk/sport/football/41048242,15000000.00,GBP,200,VERIFIED,VERIFIED,£15m,"Leipzig on a five-year contract for a reported fee of £15m. , external Burke, 20, became the most expensive Scottish player ever",22,B,6783233198a31f866421f516b4caf7dae23202a0694623bfd6e3bb26c007dc0d,2026-10-07
59461e4892591452,T9e7ead554f,James,https://www.bbc.co.uk/sport/football/58393587,25000000.00,GBP,200,VERIFIED,VERIFIED,£25m,"James from Manchester United for a fee believed to be £25m, more than two years after he almost joined the club on",22,B,193c98fa4b5922fb99364b63e85f7cd02dac55c32616035a3ee99283fc69ab0c,2026-10-07
5948429ba909dd72,Tc8a08627ae,Higginbotham,http://news.bbc.co.uk/sport2/hi/football/teams/m/man_utd/820824.stm,2000000.00,GBP,200,NOT CONFIRMED (page fetched; figure not found near the player's name),UNVERIFIED,,,0,B,d001acbc404350470ab7c895f06e7a182a62c403945799f9765ac608dc1195d8,2026-10-07
595e221c7a89e423,T5b32fd5abf,Thompson,http://news.bbc.co.uk/sport1/hi/football/teams/c/coventry_city/863426.stm,2500000.00,GBP,200,NOT CONFIRMED (page fetched; figure not found near the player's name),UNVERIFIED,,,0,B,1de0fdf4aa7dfb9d7f6756a16f2798ca47e352ee6d729789f3167fbc52fe32f0,2026-10-07
597470869f27fb65,T3c4ef07193,Bueno,https://www.bbc.co.uk/sport/football/66675097,8500000.00,GBP,200,VERIFIED,VERIFIED,£8.5m,Santiago Bueno: Wolves sign Girona and Uruguay defender for £8.5m - BBC Sport BBC Homepage Skip to content Accessibility Help Your,21,B,1a0a2b2cda1958d8cd66766a0ac34e5e5c5b920048cc8ce112433fdadf4a83fd,2026-10-07
597f9795e14b5877,T935e1ed317,Wolfswinkel,https://www.bbc.co.uk/sport/football/21877134,8500000.00,GBP,200,VERIFIED,VERIFIED,£8.5m,"in the summer for an undisclosed fee, thought to be £8.5m. The Netherlands international, 24, will sign a four-year deal on 1",22,B,b274752208070307e0fef55308afbbfaddfab5a7d38275fa69546c14283f5249,2026-10-07
59886c19105634f9,T2e92fa7207,Cancelo,https://www.juventus.com/en/news/articles/official-danilo-is-bianconero,65000000.00,EUR,200,NOT CONFIRMED (page fetched; figure not found near the player's name),UNVERIFIED,,,0,A,e891812500797695061b92c85d89b75a7cf94d03afaa89f810ae3cfe8a62f628,2026-10-07
598c3c1dd217bdc7,T91a88efb69,Belhadj,https://news.bbc.co.uk/sport2/hi/football/teams/p/portsmouth/7804796.stm,4400000.00,GBP,200,NOT CONFIRMED (page fetched; figure not found near the player's name),UNVERIFIED,,,0,B,7d369a926670e574a49e0662a33c3908f54bf61ff2f1526cd93f35915da5c102,2026-10-07
59ad77ab2d06e9de,T5f090781b3,Makoun,http://news.bbc.co.uk/sport2/hi/football/teams/a/aston_villa/9359867.stm,6000000.00,GBP,200,VERIFIED,VERIFIED,£6m,was Houllier's top transfer target Aston Villa have completed the £6m signing of Lyon's Cameroon international midfielder Jean Makoun. The,20,B,0495cdb24fc0a6ef2bd02cb34e8697b5d22a9f73aee4594998f50475e0c05683,2026-10-07
59c9fe73547b7426,Tadfc57a4f9,Willian,https://www.theguardian.com/football/2013/aug/28/willian-signs-chelsea-five-year-deal,32000000.00,GBP,200,VERIFIED,VERIFIED,£32m,has secured his work permit to join Chelsea in a £32m deal from Anzhi Makhachkala. Photograph: Peter Steffen/EPA Willian ha,20,B,fde63d67a126dc70612f8f8f7d3d7bc9127fd7df416d8936edf4a02777f7198f,2026-10-07
5a1aa808f711a532,Tc0362f8806,Bellamy,https://www.skysports.com/football/player/8830/craig-bellamy,7500000.00,GBP,200,VERIFIED,VERIFIED,£7.5m,22 Jun 2006 £6.5m Liverpool West Ham 10 Jul 2007 £7.5m West Ham Man City 19 Jan 2009 £14.0m Man City Cardiff,22,B,624c694afc8edef10abdf9168b39b50d49dff3f660cb0c952848f352e1eeb568,2026-10-07
5a2373a447a6e882,T7f24f05bb2,Carter-Vickers,https://www.bbc.co.uk/sport/football/61766138,6000000.00,GBP,200,NOT CONFIRMED (page fetched; figure not found near the player's name),UNVERIFIED,,,0,B,7edd78102083703ee8a1ae2eee80212ddde7852fa1923425adced84efcdaccda,2026-10-07
5a341f143ea71189,T379106b815,Herrera,https://www.skysports.com/transfer/news/12040/9362590/transfer-news-ander-herrera-leaves-athletic-bilbao-for-manchester-united,28000000.00,GBP,200,VERIFIED,VERIFIED,£28m,enough to secure his signature. The Spaniard also activated his £28m buy-out clause which would have risen to £32m after July 1,22,B,b57082892f08ffdcd957586e90d6b80b13dd35cb75dc9a0812954edc76100e12,2026-10-07
5a4b8181f2965dfa,T2e92fa7207,Cancelo,https://www.bbc.co.uk/sport/football/transfers,60000000.00,GBP,200,NOT CONFIRMED (page fetched; figure not found near the player's name),UNVERIFIED,,,0,B,543df15bd2fd2a6b2d9ce498ed0349aa092f6f922b81b31c0cceda383401b7fd,2026-10-07
5a585abab5a986af,Tedeb657071,Anelka,https://www.theguardian.com/football/2005/jan/31/newsstory.fenerbahce,7000000.00,GBP,200,VERIFIED,VERIFIED,£7m,Share Prefer the Guardian on Google Nicolas Anelka completed his £7m move from Manchester City to Fenerbahce this morning after passing a,22,B,abe8e60ff90abc5343467e0f7bb73585abe96754665dd9c465104f7d3c353a5b,2026-10-07
5a9fae88fccf88a0,T477feb10c1,Chong,https://www.bbc.co.uk/sport/football/66081176,4000000.00,GBP,200,VERIFIED,VERIFIED,£4m,sign former Man Utd winger from Birmingham City for reported £4m - BBC Sport BBC Homepage Skip to content Accessibility Help Your,22,B,8066d25c52ce8f9a6d61a044e26a20e1736eb3548c4313301123aa43d0137219,2026-10-07
5ac33fdb8df5f6df,Te3785501cf,Archer,https://www.bbc.co.uk/sport/football/66595410,18000000.00,GBP,200,VERIFIED,VERIFIED,£18m,Sheff Utd sign England Under-21 striker from Aston Villa in £18m deal - BBC Sport BBC Homepage Skip to content Accessibility Help,22,B,2d0e4d68542f7e42e3a1cd0522c6a68a934c3b74a2f316d5634bad5054d19449,2026-10-07
5b1cc6ecc6e102a3,Tabff29e108,Earnshaw,https://www.independent.co.uk/sport/football/premier-league/garcia-s-attacking-drive-turns-screw-on-megson-31868.html,3400000.00,GBP,200,VERIFIED,VERIFIED,£3.4m,"captain of the Hungarian national team, and Robert Earnshaw, the £3.4m acquisition from Cardiff City, both started on the bench. Since what",22,B,7a416b941cf577e179e3f6f28ac1c085f2dbc52d58d18e1501bc6ecf50126044,2026-10-07
5b312da113729f29,T270ffa7ce5,Mariappa,https://www.bbc.co.uk/sport/football/18857152,1000000.00,GBP,200,VERIFIED,VERIFIED,£1m,"Players in: Chris Gunter (Nottingham Forest) £2.3m*, Adrian Mariappa (Watford) £1m*, Pierce Sweeney , external (Bray) Undisclosed, Danny Guthrie (Newcas",20,B,a41a73ec995bd5974fec12dc9f26c1bf276b8aa44d3a95f89618e02ff9d1af80,2026-10-07
5b53af61044c3fe9,T443e1cfb26,Pedro,https://www.bbc.com/sport/football/articles/cg75j2118e3o,55000000.00,GBP,200,VERIFIED,VERIFIED,£55m,"spending looks set to rise further. They have had a £55m bid for English winger Jamie Gittens, 20, accepted by Borussia Dortmu",22,B,0a45346a745f2b9d69a1d750b4b66ef000ab0d188c2f91c5cb06fb0db9499a98,2026-10-07
5b9f40eb705ef9a0,T5cca4c35ce,Osman,https://www.bbc.com/sport/football/68260729,16000000.00,GBP,200,VERIFIED,VERIFIED,£16m,Ibrahim Osman: Brighton to sign £16m Ghanaian winger in summer - BBC Sport BBC Homepage Skip to,17,B,41b42283a484a7b544249b949a0b191d1f645e2378e71781f39ca95a3ebd5ee8,2026-10-07
5ba055fc2fadb725,Te614f8f30d,Flekken,https://www.skysports.com/football/news/11661/13377979/liverpool-transfer-news-brentford-complete-18m-deal-for-caoimhin-kelleher-as-mark-flekken-leaves,11000000.00,GBP,200,VERIFIED,VERIFIED,£11m,sold former No 1 Mark Flekken to Bayer Leverkusen for £11m Lyall Thomas Senior Football News Editor @SkySportsLyall Tuesday 3 Ju,21,B,ad532503d9f6169bddcd9d6076a96867137cf30da2d6ca75ec751c8cf65526f0,2026-10-07
5ba7baa65a7cf72c,T9f849dcbeb,Kristensen,https://www.bbc.co.uk/sport/football/articles/c787nnlr770o,7600000.00,GBP,200,NOT CONFIRMED (page fetched; figure not found near the player's name),UNVERIFIED,,,0,B,893cfaf4c97facdb99b5da96326c6483ffb79a884248bc73f572804f3b3c76fd,2026-10-07
5bba1607a620ab9c,T7e290ac4d7,Sterling,https://www.theguardian.com/football/2015/jul/13/qpr-record-fee-raheem-sterling-move-liverpool,44000000.00,GBP,200,VERIFIED,VERIFIED,£44m,"are confidential but, given the England international is costing City £44m with a further £5m linked to honours and appearances, QPR, relegated",22,B,789b134daac9bf67ff1169fd956df53322e94ee924a272c73b4bea57d4723b5b,2026-10-07
5c105c577ad0c41d,Taed3d9ed5d,Tonali,https://www.reuters.com/sports/soccer/spurs-sign-tonali-club-record-100-million-2026-07-06/,100000000.00,GBP,401,BLOCKED or gone (HTTP401),UNVERIFIED,,,0,B,,2026-10-07
5c1e72617ad769cf,T52254e021d,Downing,https://www.skysports.com/football/news/5436750/downing-completes-villa-move,12000000.00,GBP,200,VERIFIED,VERIFIED,£12m,from Middlesbrough for a fee believed to be around the £12million mark. The 24-year-old passed a medical on Thursday despite curr,21,B,530b754b86b24179b5c87f0a9612d420785562d50f5a13a4822b9d02bc506586,2026-10-07
5c2dfeab4c332ccb,Te25562c73e,Tomasson,http://www.thefreelibrary.com/DAHL+JOINS+TOON+FOR+PETE'S+SAKE.-a061071257,2200000.00,GBP,403,BLOCKED or gone (HTTP403),UNVERIFIED,,,0,D,,2026-10-07
5c61f175249b3bdf,T37d111a20c,Cornet,https://www.bbc.co.uk/sport/football/58367930,12850000.00,GBP,200,VERIFIED,VERIFIED,£12.85m,Maxwel Cornet: Burnley sign Lyon's Ivory Coast forward for £12.85m - BBC Sport BBC Homepage Skip to content Accessibility Help Your,21,B,4fafa3a41cf71dfca945d47036755e35f6b6f7566cda3965ca97ff1cdbadc46b,2026-10-07
5c71fd5037e4b65f,Td7f59d9c8a,Torres,https://www.bbc.co.uk/sport/football/53658337,20870000.00,GBP,200,VERIFIED,VERIFIED,£20.87m,the signing of Valencia winger Ferran Torres for 23m euros (£20.87m). He is City's first summer signing and replaces Germany forward Lero,22,B,fb14b19928fd4e5469880b8a2afeaa1587eba0b6a0a46292d42935497fe490e6,2026-10-07
5c72cbc0d1419006,T522d4061ac,Guðjohnsen,http://news.bbc.co.uk/2/hi/sport/football/fa_carling_premiership/797974.stm,4000000.00,GBP,200,NOT CONFIRMED (page fetched; figure not found near the player's name),UNVERIFIED,,,0,B,d48a1f3db0162a62835f3b2d6ad1fdf9cf695ec95963efafff50e82450686c46,2026-10-07
5c740e97becbeab4,Ta5b1f9510a,Donnarumma,https://www.bbc.co.uk/sport/football/articles/c6262dv8712o,26000000.00,GBP,200,VERIFIED,VERIFIED,£26m,"Milan on a season-long loan. City have agreed to pay £26m for Donnarumma, who has joined them on a five-year deal with",22,B,e9c2b040b95b610e167897c66ec1b157800291c74620f1687a19ce241b3f4d2c,2026-10-07
5c96dc6440b08156,Tb0617593ce,Ferdinand,https://www.the-independent.com/sport/ince-set-to-join-ferdinand-in-the-pounds-6m-club-1585488.html,6000000.00,GBP,200,VERIFIED,VERIFIED,pounds 6m,Ince set to join Ferdinand in the pounds 6m club | The Independent | The Independent Thank you for,19,B,1b2c8e202a953d1680b781f13d9f5ed6d37f59dc51667122d9f94e31cb1f93cf,2026-10-07
5cb2ecb4dc55cbe9,T4de07f5887,Viduka,https://www.skysports.com/football/player/16245/mark-viduka,6000000.00,GBP,200,NOT CONFIRMED (page fetched; figure not found near the player's name),UNVERIFIED,,,0,B,388f1db83e54cb248a1e06bed50d2626038fd0ec87b54c643fdf1927226af404,2026-10-07
5d228c1f45673e7f,T04b1d203e2,Fofana,https://www.skysports.com/football/news/11668/12683698/chelsea-sign-leicesters-fofana-in-163-75m-deal,75000000.00,GBP,200,VERIFIED,VERIFIED,£75m,Wesley Fofana: Chelsea complete signing of Leicester's French defender in £75m deal | Transfer Centre News | Sky Sports Skip to main,22,B,4598d87e73e4c218dc5d2aba0e48ba2332cbc26e0744c511ab5e1092bdaacb1a,2026-10-07
5d5037141ac4fee2,T5b4ce0e24f,Milosavljević,https://www.bbc.com/sport/football/articles/cde31wkywd9o,13000000.00,GBP,200,NOT CONFIRMED (page fetched; figure not found near the player's name),UNVERIFIED,,,0,B,5136387d881cf55effc119a4a26f25bc912a1d123fa1f56e9832896d33e48a30,2026-10-07
5dd788b7ee778ffd,T55b645f708,Ayew,https://www.bbc.co.uk/sport/48827145,2500000.00,GBP,200,VERIFIED,VERIFIED,£2.5m,25 July Premier League Jordan Ayew [Swansea - Crystal Palace] £2.5m Dani Ceballos [Real Madrid - Arsenal] Loan Douglas Luiz [Manchester C,22,B,a6fe1f70b6a4fd241843ab0ffad863cc5a12aa28e4441b7e4bb7496bf823317f,2026-10-07
5e124a614c5a6b5d,T7c6510cbb2,Batshuayi,https://www.skysports.com/football/news/10332537/michy-batshuayi-completes-transfer-from-marseille-to-chelsea,33000000.00,GBP,200,VERIFIED,VERIFIED,£33m,"​Michy Batshuayi on a five-year contract for a fee of £33m. Batshuayi, who has been playing at Euro 2016 with Belgium, had",22,B,a3d26733a2b4600e38e846f0e78d81bd7e7dcef36c8f33c5954a8e2f4d2bd228,2026-10-07
5e1d973b299d6bdc,T86f280defc,Muñoz,https://www.bbc.co.uk/sport/football/articles/cn5d7k4nkyvo,22000000.00,GBP,200,NOT CONFIRMED (page fetched; figure not found near the player's name),UNVERIFIED,,,0,B,14c3dbf85a82b90d0667eee58d0cd901f0b486629638c674a98159a8a563de8c,2026-10-07
5e2aab98cebe103c,T6cec79a397,Fellaini,https://www.theguardian.com/football/2013/sep/02/manchester-united-everton-marouane-fellaini,27500000.00,GBP,200,VERIFIED,VERIFIED,£27.5m,Manchester United complete £27.5m deal for Everton's Marouane Fellaini | Manchester United | The Guardi,15,B,4f5ec59e54ab4d212e80bc1ab70d696e11c6a2dc0e78feb40202ae390b4b5218,2026-10-07
5eae705dd9e47537,Tab5c7f957d,Naismith,https://www.bbc.co.uk/sport/football/35195533,8500000.00,GBP,200,VERIFIED,VERIFIED,£8.5m,Steven Naismith: Everton forward joins Norwich City for £8.5m - BBC Sport BBC Homepage Skip to content Accessibility Help Your,20,B,f57e0b6c83b203838d7d7ea6e2cacb205cb15a1052d92155c50440d706358451,2026-10-07
5edaeeeaf3749793,Tf169e35d28,Karembeu,https://news.bbc.co.uk/sport1/hi/football/teams/m/middlesbrough/820738.stm,2100000.00,GBP,200,NOT CONFIRMED (page fetched; figure not found near the player's name),UNVERIFIED,,,0,B,3d896224f2a9425f045009edc3aff34418980a3bff2ccd36b6ea481756a58e4c,2026-10-07
5edafa7f34bdf426,Tb8ab3964a5,Parker,https://www.theguardian.com/football/2004/jan/30/newsstory.sport1,10000000.00,GBP,200,VERIFIED,VERIFIED,£10m,"""really looking forward to getting in there."" Parker signed a £10m, four-and-a-half-year deal this morning and said: ""I'm very very exci",21,B,90abeae3bf0e6a4ca88a84acd103f9c70b95be5b25357fec9a51742aa7744592,2026-10-07
5efb680ca1ee1070,Tde2607dba7,Bailey,https://www.bbc.co.uk/sport/football/58084505,30000000.00,GBP,200,NOT CONFIRMED (page fetched; figure not found near the player's name),UNVERIFIED,,,0,B,a2f236dcf1617858b23f0c1a998fc3aa06ec9fb33d88edf8f6116ae76fe6a9dc,2026-10-07
5f23bbf7baa33481,Taee2e24c3b,Scales,https://www.independent.co.uk/sport/football-on-the-move-1446588.html,3000000.00,GBP,200,VERIFIED,VERIFIED,pounds 3m,Last week's transfers Phil Babb Coventry to Liverpool ( pounds 3.6m) Daniel Amokachi Club Bruges to Everton ( pounds 3m) John,21,B,80482f7f01eb5c30ea6acea36f8a4839d015fb383c4b8b8fe63fac244d792702,2026-10-07
5f5cc3c70ed959db,T96cf9f659a,Crespo,https://www.theguardian.com/football/2003/aug/27/newsstory.sport5,16800000.00,GBP,200,VERIFIED,VERIFIED,£16.8m,"when he was paraded on the pitch having completed a £16.8m move from Internazionale, but Chelsea fans had other reasons to celeb",22,B,0c209c5eda19a4c6d77d8f32e6dc39d0691cd403b6ea80d083a689bcf3796ca6,2026-10-07
5f6043d06c9870f7,T2882e157f3,Boselli,https://www.theguardian.com/football/2010/aug/20/premier-league-transfer-window,6500000.00,GBP,200,VERIFIED,VERIFIED,£6.5m,"is also crucial Who they have signed Mauro Boselli (Estudiantes, £6.5m), Ronnie Stam (FC Twente, £3m), James McArthur (Hamilton, £500k), Ant",21,B,c0d918c4f8709efb209251839eaf762ff27a6f97a817b383525ca828cd1d1a9a,2026-10-07
5f7a390973ed0ce7,T6b0f63801d,Stam,https://www.skysports.com/football/news/11667/10709337/jaap-stam-will-get-a-great-reception-at-old-trafford-on-saturday-says-steve-coppell,10600000.00,GBP,200,VERIFIED,VERIFIED,£10.6m,"Stam to Old Trafford in 1998 for a then world-record £10.6m fee for a defender ""It is obviously a significant game for",22,B,a5eaa876892c8eb10e021523f5c4a6500d6f38a18ffa5ecd71ad552e7519f03e,2026-10-07
5fb9b2215e54696b,Ta218ffd357,Aké,https://www.bbc.co.uk/sport/football/articles/c20y27eqj13o,7000000.00,GBP,200,NOT CONFIRMED (page fetched; figure not found near the player's name),UNVERIFIED,,,0,B,8fb3ef22a1bb57c5ad91701929e06b844c1818224946ad8b47bf4af7e53cd680,2026-10-07
5fb9df99b7e66b41,Tad4fba3483,Elanga,https://www.bbc.co.uk/sport/football/articles/ce9x4p492ydo,55000000.00,GBP,200,VERIFIED,VERIFIED,£55m,Anthony Elanga: Newcastle complete £55m signing of Nottingham Forest winger - BBC Sport BBC Homepage Skip,16,B,edb804a86e3b606aaff336f301c661160ad56b6f728182773bbf786f68b9fbf7,2026-10-07
5fc5e5525d4e0fa7,T933f4966ef,Ramsey,https://news.bbc.co.uk/sport2/hi/football/teams/c/cardiff_city/7445528.stm,5000000.00,GBP,200,NOT CONFIRMED (page fetched; figure not found near the player's name),UNVERIFIED,,,0,B,6a49c96980fae4e23d4c97ba0dd5a203d4cb4a55b1c67e6d4c1775abe4febf05,2026-10-07
5fe14733c7351090,T72a735c1ec,Morientes,http://www.liverpoolfc.com/news/latest-news/morientes-leaves-for-valencia,3000000.00,GBP,404,BLOCKED or gone (HTTP404),UNVERIFIED,,,0,A,,2026-10-07
6025d08176c25336,T22da6f67dc,Keane,https://www.theguardian.com/football/2008/jul/28/liverpool.tottenhamhotspur,19000000.00,GBP,200,VERIFIED,VERIFIED,£19m,"with his former club Tottenham Hotspur agreeing a fee of £19m, which could rise to £20.3m. Keane's departure to Anfield comes after",22,B,220b9ed4d97dac0ab5dbced5831dd4e96bb19b598e0c8bd7ba7b920a9a0f8e95,2026-10-07
6032cf032b533182,T057f231f20,Otamendi,https://www.bbc.co.uk/sport/football/54331554,13700000.00,GBP,200,VERIFIED,VERIFIED,£13.7m,Argentine centre-back Nicolas Otamendi has moved the other way for £13.7m. Dias becomes City boss Pep Guardiola's third significant summer sign,21,B,51c09c49e8855569790166c16e8d09ccb5deb53c0af7cd38efc2bb06062f8fb5,2026-10-07
604ead60fc8ccca4,T7d83c171ad,Olney,https://www.sporting-heroes.net/football/oldham-athletic/ian-olney-7162/league-appearances_a41291/,750000.00,GBP,200,VERIFIED,VERIFIED,"£750,000","(Division 1) Transferred to Oldham Athletic in May 1992 for £750,000: a Club record for decades. Oldham Athletic: 1992-1993 Played 32 Scor",22,D,1b154501ae71877d80801f45256a671e219b0d9c5c85e654b0c7b7e1dce162aa,2026-10-07
605eb5183a50a0ae,T29ae553fde,Malacia,https://www.bbc.co.uk/sport/football/62010793,13000000.00,GBP,200,VERIFIED,VERIFIED,£13m,"a further year. The Netherlands international, 22, will cost 15m (£13m) euros with a further 2m (£1.7m) euros in add-ons. Malacia, who",22,B,8d2e12152fe7b4a9e74bff939331b7ea5817a05de6712527d166c995f469f393,2026-10-07
606fe68a7ce5d307,T6a524d8701,Berge,https://www.bbc.co.uk/sport/football/articles/cze5re18rw4o,25000000.00,GBP,200,VERIFIED,VERIFIED,£25m,Sander Berge: Fulham sign Burnley midfielder in £25m deal - BBC Sport BBC Homepage Skip to content Accessibility Help,19,B,f5e17c9008847785b0f348b724cb8357fe7aeaede28af7f07e2ad86a805ebbd0,2026-10-07
608c7ce82bd4a451,Tbc5008dbbb,Lukaku,https://www.bbc.co.uk/sport/football/28569197,28000000.00,GBP,200,VERIFIED,VERIFIED,£28m,"have signed Chelsea striker Romelu Lukaku for a club record £28m. The 21-year-old Belgian World Cup forward, who scored 16 goals on",22,B,f7b4a6ed9696587b54c0dae0d7bb895c7677ec815d4f3de5161059e92330f3c8,2026-10-07
6097363a3a416611,T7847d36ff5,Sissoko,https://www.bbc.co.uk/sport/football/58362850,3000000.00,GBP,200,VERIFIED,VERIFIED,£3m,Moussa Sissoko: Watford sign midfielder from Tottenham for around £3m - BBC Sport BBC Homepage Skip to content Accessibility Help Your,21,B,d01f606b3672949474594eb86e45b1964faaba20b9fac8ce901b1b6c1613043a,2026-10-07
609808b9f1202691,Tafe3c075c6,Šeško,https://www.bbc.co.uk/sport/football/articles/c39dx8mjd39o,73700000.00,GBP,200,NOT CONFIRMED (page fetched; figure not found near the player's name),UNVERIFIED,,,0,B,b6bcb18f3196b74bab8476df30482fbd387e9d7640ecc3181c821745750336fe,2026-10-07
6099f19e5e4a8db7,Tdef035e283,Delap,https://www.skysports.com/football/player/2466/rory-delap,4000000.00,GBP,200,NOT CONFIRMED (page fetched; figure not found near the player's name),UNVERIFIED,,,0,B,8c9c73162122af269c7271a9800d5f40ed788a92034c58da1ac31980dac5dd84,2026-10-07
60bc5ab79b0d9f65,Td12a2c831f,Lucas}},https://www.bbc.co.uk/sport/football/62695883,36500000.00,GBP,200,NOT CONFIRMED (page fetched; figure not found near the player's name),UNVERIFIED,,,0,B,77dc8bbff92c0dceae2486e224ac7d6fe8e63863efacdc8904d6109d17a5b8ea,2026-10-07
60d4c7b1e3705c11,T3d6d5fb9f6,Amougou,https://www.bbc.com/sport/football/articles/c707eyxdg7ko,12000000.00,GBP,200,VERIFIED,VERIFIED,£12m,Ishe Samuels-Smith for £6.5m and midfielder Mathis Amougou for around £12m. There are further signs of the connection between the clubs with,22,B,91bdd309f41b424ccf0cbad3c809d4023feb0fabef7e83ebd0026f68c57d8ce6,2026-10-07
60ef6f76f364ec7d,T60a45e991c,Hargreaves,https://www.theguardian.com/football/2007/may/21/newsstory.manchesterunited,17000000.00,GBP,200,VERIFIED,VERIFIED,£17m,United get their man with £17m Hargreaves deal | Soccer | The Guardian Skip to main content,17,B,09472609f6069029e4d4da76cc09d7b02cae17051a206767ae64b822dcd260ad,2026-10-07
610861ef75e178ad,Tab954f67a3,Yorke,https://www.independent.co.uk/sport/football-united-win-pounds-12m-battle-for-yorke-1173103.html,12600000.00,GBP,200,NOT CONFIRMED (page fetched; figure not found near the player's name),UNVERIFIED,,,0,B,7e64e951612649b7e84d4a7278bae4873dc5efdd5cccdd3c65e27fabb4ab6b03,2026-10-07
613490cc8c7e439e,T689405a5e4,Sancho,https://www.bbc.co.uk/sport/football/57673463,73000000.00,GBP,200,VERIFIED,VERIFIED,£73m,Jadon Sancho: Man Utd 'delighted' to agree £73m deal for Borussia Dortmund and England winger - BBC Sport BBC,19,B,00f35fb01f11d3bda1b1167a995ccda2cc4171167336f81fa827a55db1f37527,2026-10-07
6169a56974b0c252,T6e27601f2f,Garbutt,https://www.skysports.com/football/news/5543894/toffees-handed-garbutt-fee,600000.00,GBP,200,VERIFIED,VERIFIED,"£600,000","been ordered to pay Leeds United an initial fee of £600,000 for talented youngster Luke Garbutt. More from Football England 3-0 C",22,B,ae085f5d95c25bfa01d0166af61cd143aa4d7d25c8ba8f309e1ec02f31a995e0,2026-10-07
617afe0e7cacea2d,T8a17ef7c96,Wright-Phillips,https://www.theguardian.com/football/2005/jul/18/newsstory.sport10,21000000.00,GBP,200,VERIFIED,VERIFIED,£21m,Wright-Phillips completes £21m switch | Soccer | The Guardian Skip to main content Skip,14,B,2e51d2ff76dcdf027c8e8f0cd1b0a458921ff2f2b06b9596ee4a7766bf2d1cd2,2026-10-07
61c8610602af861c,Teb911c53a9,Hugill,https://www.bbc.co.uk/sport/football/53892231,5000000.00,GBP,200,VERIFIED,VERIFIED,£5m,from West Ham in a deal that could be worth £5m. The 28-year-old English forward has signed a two-and-a-half year dea,21,B,bc00031d01fd9a7f15e24c242aa9ca4ba482d035e2a9e20b07dead69423df337,2026-10-07
61c9377e82c2c36b,T8c0e9b7964,Bassey,https://theathletic.com/4723195/2023/07/28/calvin-bassey-fulham-transfer/,19000000.00,GBP,403,BLOCKED or gone (HTTP403),UNVERIFIED,,,0,B,,2026-10-07
61d306736de6c4b1,Tee9a119d39,Holdsworth,https://www.independent.co.uk/sport/football-on-the-move-1234169.html,3500000.00,GBP,200,VERIFIED,VERIFIED,pounds 3.5m,member? Log in Transfers Dean Holdsworth (forward) Wimbledon to Bolton (pounds 3.5m) Petter Rudi (midfielder) Molde (Nor) to Sheffield Wednesday (pounds,21,B,0ad109824f25a64999146d0ed2b1ff13d7d3e1c80acb9c7b838ab8864db1dd0d,2026-10-07
62167b9afde147d0,Tb99e9c6a6b,Bergwijn,https://www.standard.co.uk/sport/football/tottenham-sign-steven-bergwijn-psv-transfer-latest-done-deal-a4347441.html,26700000.00,GBP,200,VERIFIED,VERIFIED,£26.7m,Tottenham sign Steven Bergwijn from PSV in deal worth £26.7m | London Evening Standard | The Standard The Standard Sign in,21,D,0ad40dfdf9b353e66a57ab7dc9fe28364398fc1f912335f4fc093f8f62a1cd0a,2026-10-07
621e7f05618ec3b0,T4ac2d4b55a,Ziyech,https://www.skysports.com/football/news/11668/11941864/hakim-ziyech-signs-five-year-chelsea-deal-ahead-of-summer-move,40000000.00,GBP,200,NOT CONFIRMED (page fetched; figure not found near the player's name),UNVERIFIED,,,0,B,2c7739b1d9d99d63f338bcebb45a0607a094908d1b5f1b5c8b40b2289f58ac38,2026-10-07
624f0ac51d862977,T12f2a2eb01,Elliott,https://www.skysports.com/football/news/2325508/elliott-announces-retirement,1600000.00,GBP,200,VERIFIED,VERIFIED,£1.6 m,"his career in the lower league, when Martin O'Neill paid £1.6 million for his services in January 1997 - with the player",22,B,bfd6ce1fa26aab4b8569e0a8ec525b4a17cb2e85fafef6636ec377e53955895b,2026-10-07
62583a7e4a1dda12,T1c1496e427,Yeboah,https://www.independent.co.uk/sport/football-leeds-land-yeboah-at-last-1569455.html,3400000.00,GBP,200,VERIFIED,VERIFIED,£3.4m,"ended yesterday when the Ghanaian, Tony Yeboah, completed his club-record £3.4m transfer from Eintracht Frankfurt. It ended a long and not entirely",22,B,8cbeb789ce327cc246ed8bbdcf98a9d3672ad2c9b1709d8b06cd2c8b453f7ef7,2026-10-07
62699476b8d78748,Tbdcfc81f91,Baroš,http://news.bbc.co.uk/sport2/hi/football/teams/l/liverpool/1458068.stm,3200000.00,GBP,200,NOT CONFIRMED (page fetched; figure not found near the player's name),UNVERIFIED,,,0,B,a618c6f42d3c1f097e86eecf101b13a6a39f3d78284f786bb5ad1ed0251997d8,2026-10-07
6295d31d0263fb4b,Tf10bc98c9c,Gordon,https://www.skysports.com/football/news/11095/13548577/anthony-gordon-transfer-news-barcelona-reach-agreement-with-newcastle-for-england-international-winger,69300000.00,GBP,200,VERIFIED,VERIFIED,£69.3m,Gordon from Newcastle; Sky Sports News understands the fee is £69.3m (€80m) inclusive of add-ons; the 25-year-old England international sc,20,B,f25980937347d959e7f5cf28afd395a7f23d07f1abbd18e94ff358f697c9742a,2026-10-07
62be1ee5c1b8c1ad,T8286a67bf1,Adams,https://theathletic.com/4786831/2023/08/20/tyler-adams-transfer-usmnt-bournemouth/,20000000.00,GBP,403,BLOCKED or gone (HTTP403),UNVERIFIED,,,0,B,,2026-10-07
62cc8c6831e4be25,T05899e26df,Haaland,https://www.bbc.co.uk/sport/football/61575822,51200000.00,GBP,200,VERIFIED,VERIFIED,£51.2m,"the right place to fulfil his ambitions"" after completing a £51.2m transfer to Manchester City from Borussia Dortmund. The 21-year-old s",21,B,197ac32221a835c13b1b887dd6bd80f11bad0165e309135683c5405e3a795fec,2026-10-07
62ce0b18f903aee5,T59320afdf1,Raphinha,https://www.bbc.co.uk/sport/football/62168557,55000000.00,GBP,200,VERIFIED,VERIFIED,£55m,sign attacker from Leeds United in deal worth up to £55m - BBC Sport BBC Homepage Skip to content Accessibility Help Your,22,B,939e48d8cda8208987f336736a0d4ec16c93436ce2b5d3d1f5cb6e300abc6ac7,2026-10-07
62ebbf39647fbcac,T2b2b4f1876,Lukaku,https://www.skysports.com/transfer/news/12691/13201777/romelu-lukaku-transfer-napoli-sign-striker-from-chelsea-to-set-up-antonio-conte-reunion,25200000.00,GBP,200,VERIFIED,VERIFIED,£25.2m,"Inter Milan; Serie A side have paid fixed fee of £25.2m (€30m) for the 31-year-old Thursday 29 August 2024 15:10, UK Image:",22,B,596d33d4b5a278ad3715282ecba47873d3d1cdfb1b6ad92c37a5e5268e345c35,2026-10-07
62facc98f647ed98,T88c00445f3,Elliott,http://www.thefreelibrary.com/ELLIOTT%3A+I'LL+BOUNCE+BACK.-a061059921,2250000.00,GBP,403,BLOCKED or gone (HTTP403),UNVERIFIED,,,0,D,,2026-10-07
631bd918bc206c08,Te8dd2b5357,Malouda,https://www.skysports.com/football/news/2609938/drogba-delight-at-malouda,13500000.00,GBP,200,VERIFIED,VERIFIED,£13.5m,"debut. Malouda, who recently arrived at Stamford Bridge following a £13.5million summer move from Lyon, produced a man-of-the-match display and",20,B,ba55d011484785b5859c1a62e7c8aee1dc623aef1c77bee133c64a27c4d7b903,2026-10-07
6338da2a871faf91,Td90cddaab0,Chalobah,https://www.bbc.co.uk/sport/football/articles/cn4n884vr4mo,25700000.00,GBP,200,VERIFIED,VERIFIED,£25.7m,"in Serie A last season. Chelsea will receive an initial £25.7m, with a further £5.1m available in add-ons following protracted negot",21,B,5f2bbf1b3b437391abc91881d49380a71694540c1e2f3236f7b9b3845f74f26f,2026-10-07
63451efb67dd626d,T5003d9d454,Ndiaye,https://www.skysports.com/football/news/13579669/iliman-ndiaye-transfer-news-man-city-sign-65m-winger-from-everton-as-jack-grealish-joins-toffees-on-loan,65000000.00,GBP,200,VERIFIED,VERIFIED,£65m,Iliman Ndiaye transfer news: Man City sign £65m winger from Everton as Jack Grealish joins Toffees on loan |,19,B,b44b550c9b3623a85ff8a393e44ae0c3bddf44f874f8e1947d09bae665cd2482,2026-10-07
637c042511ed4481,Ta96c365d1e,Depoitre,https://www.bbc.co.uk/sport/football/40503864,3500000.00,GBP,200,VERIFIED,VERIFIED,£3.5m,times in a fortnight. Porto striker Laurent Depoitre joined for £3.5m on 23 June before Manchester City midfielder Aaron Mooy was signed,22,B,375e5e4370ade23bb1e207bcf94b806b9c14897f163f757b3a9a75394be35fc0,2026-10-07
6382b248350360bc,T1232f28dd5,Ramsdale,https://www.bbc.co.uk/sport/football/53843358,18500000.00,GBP,200,VERIFIED,VERIFIED,£18.5m,"Sheffield United have re-signed goalkeeper Aaron Ramsdale from Bournemouth for £18.5m. Ramsdale, 22, joined the Cherries from Chris Wilder's Blades - then",22,B,1deb49dfe114c01a25fdbe114ddedff35ce03de55bc90a77c86b21f42e7cd45b,2026-10-07
638fead0da675e1f,Tbbe0ab6d93,Morrison,https://www.theguardian.com/football/2005/aug/25/newsstory.birminghamcityfc,2000000.00,GBP,200,VERIFIED,VERIFIED,£2m,fire Crystal Palace back into the Premiership after the striker's £2m move from Birmingham. Morrison has agreed a three-year deal with the,22,B,7e345c28eee6038ef6847d84182e8fede72dbcdbe2439794f85ff4935cf3f45d,2026-10-07
63a12f61766d59fe,Ta1881c430e,McAteer,https://www.skysports.com/football/player/21448/jason-mcateer,4500000.00,GBP,200,VERIFIED,VERIFIED,£4.5m,history From To Date Fee Bolton Liverpool 07 Sep 1995 £4.5m Blackburn Sunderland 19 Oct 2001 Undisclosed Related Jason McAteer Ne,21,B,ea05c6e273209669c22ffa2f01f6bcc3f3521f75a72de85b7eebee1c59d9334c,2026-10-07
63e049bfba7a48a1,T00d058fb0c,Silva,https://www.bbc.co.uk/sport/football/40061812,43000000.00,GBP,200,VERIFIED,VERIFIED,£43m,Bernardo Silva: Manchester City complete £43m deal for Monaco midfielder - BBC Sport BBC Homepage Skip to,17,B,968064c0354bf73fbc1d6a43504821db2973b010553eb544587427a027bf5149,2026-10-07
63ee41f52d48e714,Td3b96c90a4,O'Riley,https://www.bbc.co.uk/sport/football/articles/crkm72xy7mvo,25000000.00,GBP,200,VERIFIED,VERIFIED,£25m,Matt O'Riley: Brighton sign Celtic and Denmark midfielder for £25m - BBC Sport BBC Homepage Skip to content Accessibility Help Your,21,B,0f30efcb77419fdc7f62d309db9d83bea978474123020ec49d42ca9b9eef2d8f,2026-10-07
6441481d541c95da,T37d2d8b080,Bentancur,https://www.bbc.co.uk/sport/football/60197373,15900000.00,GBP,200,NOT CONFIRMED (page fetched; figure not found near the player's name),UNVERIFIED,,,0,B,55da757cbf1014dcef98c5c0893227436a01d2abee2ce2d477482b8efa0ef40d,2026-10-07
650809d1a438b4d2,T16db38b4c7,Ayew,https://www.theguardian.com/football/2016/aug/08/west-ham-andre-ayew-swansea-record-signing,20500000.00,GBP,200,VERIFIED,VERIFIED,£20.5m,West Ham sign Swansea’s André Ayew for club record £20.5m | West Ham United | The Guardian Skip to main content,21,B,9e8ad164a3174f991c1f1d35a46fdfa10ccbd21514758f465c1640549c6722eb,2026-10-07
6552e81eb90cbfbe,T97164dfc2a,Ferdinand,https://www.theguardian.com/football/2002/jul/23/newsstory.sport3,29300000.00,GBP,200,VERIFIED,VERIFIED,£29.3m,"a beaming Ferguson at his side, was paraded as a £29.3m Manchester United player after signing a five-year deal worth £70,000",21,B,0bc2f7f8ddcb9bd68242c17064d7ea0eb43b307000600ef1bebdb912ca88f39c,2026-10-07
6560c84660b3f5ca,T542b8853ef,Sánchez,https://www.skysports.com/football/news/11670/9378413/arsenal-complete-signing-of-chile-forward-alexis-sanchez-from-barcelona,35000000.00,GBP,500,BLOCKED or gone (HTTP500),UNVERIFIED,,,0,B,,2026-10-07
6566c03492a560da,T1c416a988e,Watkins,https://www.bbc.co.uk/sport/football/articles/c70le5gllyeo,51000000.00,GBP,200,VERIFIED,VERIFIED,£51m,Ollie Watkins completes £51m move to Saudi side Al-Hilal from Aston Villa - BBC Sport,15,B,ecd60250509cfaf352c46722ca92ccd65e5703f58c86258d11fcbab69630a402,2026-10-07
657666d8a4c0645b,T523fc11e6c,Knockaert,https://www.skysports.com/football/news/11681/12105957/anthony-knockaert-nottingham-forest-sign-winger-on-loan-from-fulham,10000000.00,GBP,200,VERIFIED,VERIFIED,£10m,winger on loan from Fulham Knockaert only joined Fulham in £10m deal in July; Terence Kongolo rejoins Cottagers from Huddersfield in,21,B,e1c9d9d2a44552644578fd661a1c1b1a2214d6ac83ecf321891c8d69c3de266a,2026-10-07
657a114748fa40ed,Tabb04bd45a,Wilson,https://news.bbc.co.uk/sport2/hi/football/teams/m/middlesbrough/1471894.stm,1500000.00,GBP,200,NOT CONFIRMED (page fetched; figure not found near the player's name),UNVERIFIED,,,0,B,0a2aaf63f0052cfb0c098f8fffdcfa4451b6ed592c4c9ebb04f3c6c59d1266e5,2026-10-07
65bb0f456aa27bb9,Tcdf8cd74f8,Rogers,https://www.bbc.co.uk/sport/football/articles/cy8enwn2xq4o,117000000.00,GBP,200,VERIFIED,VERIFIED,£117m,Chelsea sign £117m Morgan Rogers - what will he bring to Xabi Alonso's side?,14,B,7f1e17f1e9a360f38f61a27adf7fb063e32eeb883efe09e63d9148761ec49c37,2026-10-07
664bde0f7fff56de,Tf6309a6970,Tchaouna,https://www.theguardian.com/football/2026/sep/02/premier-league-transfer-window-club-analysis-summer-2026,20000000.00,GBP,200,VERIFIED,VERIFIED,£20m,"Rushworth (Brighton, £22.5m), Sidiki Cherif (Fenerbahce, £20.5m), Loum Tchaouna (Burnley, £20m), Aurèle Amenda (Eintracht Frankfurt, £15.4m), Taiwo Awoniyi (Notting",19,B,09ec6134769f1b0868c1eae05dbc1dca579d7b4a29d6e831f1b3340ddd8c9151,2026-10-07
666b651c1d745d08,T19d679f84d,María,https://www.bbc.co.uk/sport/football/33681538,44300000.00,GBP,200,NOT CONFIRMED (page fetched; figure not found near the player's name),UNVERIFIED,,,0,B,fc6e14fc9e6a274ed280b716678da60a11bb9286937dd2fcabeb29f580c7a07a,2026-10-07
669b7d69a481ccbf,T40ec6f04ae,Haaland,https://www.theguardian.com/football/2001/dec/01/newsstory.sport5,2800000.00,GBP,200,VERIFIED,VERIFIED,£2.8m,Granville (Manchester City) £1m June 2000 Alf-Inge Haaland (Manchester City) £2.8m July 2000 David Hopkin (Bradford) £2.5m Dec 2000 Matthew Jones (Leice,22,B,5157db9610960d5f59cc4569068cbb94afe03f3142f7421a21d3cbbe2a5875a8,2026-10-07
66ce166d6e97d18c,T37100a5ba9,Stam,https://www.theguardian.com/football/2001/aug/27/newsstory.sport4,16000000.00,GBP,200,VERIFIED,VERIFIED,£16m,Stam books shock £16m Lazio move | Soccer | The Guardian Skip to main content,15,B,260925c1ba86151d18266936b13b759e8c4a96dfd973d39ab9a2d58e53e849a4,2026-10-07
66d64530a2c6df86,T5e352a0d7b,Neves,https://www.bbc.co.uk/sport/football/66005040,47000000.00,GBP,200,VERIFIED,VERIFIED,£47m,Neves: Wolves captain joins Saudi Arabia's Al-Hilal for club record £47m - BBC Sport BBC Homepage Skip to content Accessibility Help Your,22,B,acf8fb2161571873a48b9d55f2d433b129884b949af3f8712e67af4be24b0097,2026-10-07
67047f7065f21bd6,T0e9294f356,Luiz,https://www.theguardian.com/football/2016/aug/31/david-luiz-shock-return-chelsea-34m-transfer-psg,34000000.00,GBP,200,VERIFIED,VERIFIED,£34m,David Luiz completes shock return to Chelsea from PSG for £34m | Chelsea | The Guardian Skip to main content Skip to,22,B,202b40485f57b4ae5db690855719ae920f311c6c40b960da1f57095680d4e75b,2026-10-07
670bbe169ae272d7,Td1799c590d,Ven,https://www.bbc.co.uk/sport/football/66406170,34500000.00,GBP,200,NOT CONFIRMED (page fetched; figure not found near the player's name),UNVERIFIED,,,0,B,9cda1fdaaebfb0cb9423ed2bb1c427c8d9e1ca7cf98054792609358b5f80859f,2026-10-07
673c45c24077796b,Te1eb2cefc8,Mané,https://www.skysports.com/football/news/11669/10327237/sadio-mane-seals-liverpool-transfer-from-southampton-for-lb34m,36000000.00,GBP,200,NOT CONFIRMED (page fetched; figure not found near the player's name),UNVERIFIED,,,0,B,93c33ea0a50d139506b124a3a5bf96506ca6b3f396edb4951d910cb61e8b4f4f,2026-10-07
674128d9f5a477e8,Tb5cf385f23,Sheron,https://www.independent.co.uk/sport/football-hillsborough-suffers-famine-after-the-feast-1446075.html,1000000.00,GBP,200,VERIFIED,VERIFIED,pounds 1m,"be replaced by Mike Sheron, making his debut after a pounds 1m move from Manchester City; it was that kind of match.",22,B,751b0ec4fe618369c6c7825909d6e616c920bc382972f0c60cf9660250c8632c,2026-10-07
676ef6cd8f0c48aa,T97174b6ab7,Boateng,https://www.dailyrecord.co.uk/sport/football/celtic-eye-middlesbrough-star-george-971805,5000000.00,GBP,200,VERIFIED,VERIFIED,£5m,"is tracking the situation. Article continues below Middlesbrough shelled out £5million for Boateng in 2002 but the player's agent, Barry Silkman, conf",22,D,2c17a0bd623be6f4c24742e476ad7e015a49f2944fc01feb0ca276a68c5c0229,2026-10-07
679b1ff406312323,Td64844e9e3,Todibo,https://www.nytimes.com/athletic/6400369/2025/06/03/west-ham-transfer-todibo-complete/,32800000.00,GBP,403,BLOCKED or gone (HTTP403),UNVERIFIED,,,0,B,,2026-10-07
67af5f4885dbbf53,Tf289fbafdc,Greening,https://www.soccerbase.com/players/player.sd?player_id=10769,2000000.00,GBP,200,VERIFIED,VERIFIED,"£2,000,000","4 (0) 0 Middlesbrough 09 Aug, 01 29 Jul, 04 £2,000,000 91 (8) 4 4 (1) 0 5 (0) 0 0 (0)",22,C,91b8b9ee26246b6e4600166f0fbec9f6610a8a51ab8bb1e45d3a898ec898377f,2026-10-07
67c732647be0e8fd,Ta75d6e1890,Berg,https://www.bbc.co.uk/sport/football/articles/c0jpq1evyjlo,25000000.00,GBP,200,VERIFIED,VERIFIED,£25m,Sepp van den Berg: Brentford sign Liverpool defender in £25m deal - BBC Sport BBC Homepage Skip to content Accessibility Help,21,B,738845faa7daa7bb11615a97720149beddefa5c7baa0c60a72ed63390443894d,2026-10-07
67d45dc76ae6fe2b,T152bc2fdf8,Semenyo,https://www.bbc.co.uk/sport/football/64432637,10000000.00,GBP,200,VERIFIED,VERIFIED,£10m,Ghana forward Antoine Semenyo from Bristol City for more than £10m on a four-and-a-half-year deal. The 23-year-old scored 21 goals and p,22,B,dd507c8a18d1736807256e73622a2b796299354891ee8862fb0c4678aab021e6,2026-10-07
67f56753fd46b4c4,Teedf1d2de6,Iling-Junior,https://football-italia.net/official-barrenechea-and-iling-junior-join-aston-villa-from-juventus-financial-details-revealed/,11900000.00,GBP,200,NOT CONFIRMED (page fetched; figure not found near the player's name),UNVERIFIED,,,0,D,2934002f484b00df96e336a12968963f1b7e320a659136906c140a02cb62d105,2026-10-07
6807d471800e4b3b,T63914bffc7,Minamino,https://www.bbc.co.uk/sport/49935903,7250000.00,GBP,200,VERIFIED,VERIFIED,£7.25m,medical 19 December Takumi Minamino [Red Bull Salzburg - Liverpool] £7.25m* *Deal to be completed on 1 January 16 December Zack Elbouzedi,22,B,596f76a5feaaecf3f9838019f182e71d6a3fafeece03015183ef593ad36175a1,2026-10-07
683cb96d0887e388,Tbe96e74c70,Fernandes,https://www.theguardian.com/football/2020/jan/28/bruno-fernandes-manchester-united-signing-sporting,55000000.00,EUR,200,VERIFIED,VERIFIED,€55m,for Sporting Lisbon’s Bruno Fernandes that will cost a basic €55m (£46.5m) fee plus €25m more in add-ons. While personal terms are,22,B,042e20e9ecdb87f9554e3a3f682c874d0b544274e22a687e7ef4615ba24b2971,2026-10-07
6851ff77c34089a3,Ta1caa3c33e,Cruz,https://www.skysports.com/football/news/5396181/santa-cruz-seals-city-switch,18000000.00,GBP,200,VERIFIED,VERIFIED,£18m,club renewed their interest this summer and had a reported £18million bid accepted last week. Santa Cruz underwent a medical at the,22,B,de2a6db1135a11c43881bf402486ab78fe86a43eb13f1710a114d4aad7ff2a98,2026-10-07
686ff519e0fef854,Tf82c07a7ad,Cort,https://www.skysports.com/football/news/2187445/cort-completes-newcastle-move,7000000.00,GBP,200,VERIFIED,VERIFIED,£7 m,UNITED have tied up the signing of Carl Cort for £7 million from newly relegated Wimbledon. The England Under-21 internatio,20,B,f6128e57be5c069cfccb06017117c712132932ca838271872ead6522deba438d,2026-10-07
687806469e45aac1,T2b862c028f,Daniel}},https://www.bbc.co.uk/sport/football/68137890,6800000.00,GBP,200,NOT CONFIRMED (page fetched; figure not found near the player's name),UNVERIFIED,,,0,B,ba5325d6345e5e67d36dc163681e1e6152fd3738416a87cecc52cea44b901c7e,2026-10-07
688cdfda1326e945,T4ab2648f61,Lukaku,https://www.bbc.co.uk/sport/football/40550934,75000000.00,GBP,200,VERIFIED,VERIFIED,£75m,Romelu Lukaku: Man Utd sign Everton striker for initial £75m on five-year deal - BBC Sport BBC Homepage Skip to content,21,B,2a562384f2e87b0173ec4f7563eb49c112c8b82a5dbcf56e448e44d5407ce0a9,2026-10-07
688d1276d7200976,Tec292a8167,Enciso,https://www.reuters.com/sports/soccer/ipswich-sign-paraguay-playmaker-enciso-strasbourg-2026-08-17/,30000000.00,EUR,401,BLOCKED or gone (HTTP401),UNVERIFIED,,,0,B,,2026-10-07
689a053b86ae977d,T981adceed6,Quinn,https://www.independent.co.uk/sport/on-the-move-5604081.html,1300000.00,GBP,200,VERIFIED,VERIFIED,pounds 1.3m,trick Vieira (midfielder) Milan to Arsenal (pounds 3.5m) Niall Quinn (forward) Manchester City to Sunderland (pounds 1.3m) Spencer,18,B,18c9c4a9addfe4869fc388b508773007b74182df50a890d099fe8653e227543c,2026-10-07
68fd2e12173d21d4,Ta7da8721da,Vieira,https://www.skysports.com/football/news/2341870/vieira-seals-juve-move,13500000.00,GBP,200,VERIFIED,VERIFIED,£13.5 m,passing a medical in Turin. The Italian champions agreed a £13.5 million fee with The Gunners for their influential midfielder on Thursd,22,B,3fe33fa17983d15821a09f66b4211bac127e1cd2edc1d8889d4dd202907650b6,2026-10-07
691610164a713c78,Tb347e9a93a,Walker,https://www.bbc.com/sport/football/articles/cn5kq5k96vdo,5000000.00,GBP,200,VERIFIED,VERIFIED,£5m,"Top Scorers Gossip Burnley sign Walker from Man City in £5m deal Image source, Burnley FC Image caption, Walker is Burnley's fift",22,B,bb14c8580e19e5227e7d535ee3fe4b068fe2f4364e7d6097f8c2143aa2676b2b,2026-10-07
6936574d5d170101,T1310b07c38,Arnautović,https://www.theguardian.com/football/2017/jul/22/west-ham-sign-marko-arnautovic-stoke-city,25000000.00,GBP,200,NOT CONFIRMED (page fetched; figure not found near the player's name),UNVERIFIED,,,0,B,2e1de3b6ce0529324c75517293a9a3a9847c9b4d3cad84e81143081cb2d42288,2026-10-07
6972d0e342ca4db8,T44a30e9edb,Wiley,https://www.bbc.com/sport/football/articles/cjjw830g47go,8500000.00,GBP,200,VERIFIED,VERIFIED,£8.5m,"joined on a six-year deal for a fee of about £8.5m, with a club option of a further year. Wiley came through",22,B,602ba71e2d7478321067711cd7d50b53aaea8e7c14801618b4d882ba1ea0e269,2026-10-07
6985cf9a4b959ee8,Td21fd91736,Mendy,https://www.bbc.co.uk/sport/football/40691689,52000000.00,GBP,200,VERIFIED,VERIFIED,£52m,Benjamin Mendy: Man City sign Monaco defender for £52m - BBC Sport BBC Homepage Skip to content Accessibility Help Your,20,B,3f89b8c3b87a4f292038f8665f14aebc4968c16fdefd9fea1fac659b6e759fe0,2026-10-07
699b6cc67e086c8b,T529a599370,Eze,https://www.skysports.com/football/news/11095/13416014/eberechi-eze-joins-arsenal-forward-moves-from-crystal-palace-in-67-5m-deal-after-tottenham-hotspur-move-is-hijacked,67500000.00,GBP,200,VERIFIED,VERIFIED,£67.5m,Eberechi Eze joins Arsenal: Forward signs from Crystal Palace in £67.5m deal after Tottenham Hotspur move hijacked | Football News | Sky,22,B,348f94caee27af282cfb15b06d838c8dee5aa8f27b368b19fcc407c713d8da04,2026-10-07
69a551c905593961,T736f5f488c,Davis,https://www.skysports.com/football/news/2380468/davis-aims-to-prove-his-worth,2500000.00,GBP,200,VERIFIED,VERIFIED,£2.5 m,"Premiership level. The newly-promoted Blades paid Preston a fee of £2.5 million, rising to £3 million, to land the Jamaica international and",22,B,cee073a079c74d0e90ee33e64147b4665d946bc992fc5db512b65663ebcabf07,2026-10-07
69ac49c01b3e440d,T1e647d34bb,Enes}},https://www.bbc.co.uk/sport/football/articles/cgrrqzy69y5o,13000000.00,GBP,200,NOT CONFIRMED (page fetched; figure not found near the player's name),UNVERIFIED,,,0,B,a41a71a2ff7f682b919a9f9b521606f703f60adaa59849f1525538e247f4acfd,2026-10-07
69ec42adf5c2948f,Tbc4be616e9,Sánchez,https://www.bbc.co.uk/sport/football/41031823,42000000.00,GBP,200,NOT CONFIRMED (page fetched; figure not found near the player's name),UNVERIFIED,,,0,B,7c2a8e3342e4961c726bd4ca561fc680f4d83f9b7648ade52af0308322cd305d,2026-10-07
6a19f6a674f0e839,Tb1da5036c6,Newsome,https://www.independent.co.uk/sport/football-hoddle-calms-nervy-chelsea-1377678.html,1000000.00,GBP,200,VERIFIED,VERIFIED,pounds 1m,"of them, John Newsome, at a cost to Norwich of pounds 1m from Leeds, who looked the bargain buy during the first",22,B,4b7af0dd7a19d387639e034fddca19a8c7d16b073261463925b6fa5af8d63ea1,2026-10-07
6a32c65b17332a04,Tb79b0e2dde,Mings,https://www.bbc.co.uk/sport/48827145,20000000.00,GBP,200,VERIFIED,VERIFIED,£20m,[Monaco - Leicester] Undisclosed Tyrone Mings [Bournemouth - Aston Villa] £20m English Football League David Amoo [Cambridge - Port Vale] Free Herbe,22,B,395e6737a56f3f262471e18d69e031ac6212fee8cf0e2dcd8fa91bcaef152d07,2026-10-07
6a79d153c4cf8245,T501b04c2ef,Josko}},https://www.bbc.co.uk/sport/football/66012707,77000000.00,GBP,200,NOT CONFIRMED (page fetched; figure not found near the player's name),UNVERIFIED,,,0,B,b906ef470bc23de141a58d3acd5fdf6d9b567380709c880d98047254daaca9f4,2026-10-07
6a83bf3648179274,T895b814963,Mangala,https://www.the-independent.com/sport/football/transfers/eliaquim-mangala-transfer-manchester-city-crystal-palace-deadline-day-sakho-liverpool-a7922606.html,41400000.00,GBP,200,VERIFIED,VERIFIED,£41.4m,for West Bromwich Albion defender Jonny Evans. Mangala cost City £41.4m from Porto in August 2014 but struggled to adapt to English,22,B,ce21ef0324e3ee20f6a3d44763ee604eec38813edd5d0e3b6a8cb6a56ae5149c,2026-10-07
6ab367283dda423f,Ted70ef0981,Sadiki,https://www.bbc.com/sport/football/articles/cy9xnyq3vqdo,15000000.00,GBP,200,VERIFIED,VERIFIED,£15m,a five-year contract and joins for a reported fee of £15m. Sadiki made 108 appearances for Union since joining from Anderlecht,21,B,bf013b5c164ecb359a32b10a57d74ed582dd1749b7a301324b23371a6ad1ccea,2026-10-07
6ac22dcdb2e91b5b,Td036bf4260,Dias,https://www.the-independent.com/sport/football/transfers/ruben-dias-transfer-man-city-fee-defender-contract-nicolas-otamendi-benfica-epl-b696761.html,64300000.00,GBP,200,VERIFIED,VERIFIED,£64.3m,Man City complete £64.3m signing of Ruben Dias | The Independent Thank you for registering,15,B,6f339ff585a203452280c4ab9160b744ff93dd19ec985513fd583f84c207fea2,2026-10-07
6adf084d0a1bf87b,T798dc68256,Wan-Bissaka,https://www.bbc.co.uk/sport/football/48784655,50000000.00,GBP,200,VERIFIED,VERIFIED,£50m,Aaron Wan-Bissaka: Man Utd sign Crystal Palace defender in £50m deal - BBC Sport BBC Homepage Skip to content Accessibility Help,21,B,d239be0964b94d5b4b3b2ec8d0e7c179153847d5df2b73ee6f74456655d2e516,2026-10-07
6b16d2a041ffc4a4,T724d0590f3,Hutchison,https://www.independent.co.uk/sport/football-west-ham-deal-ends-hutchison-s-misery-1386871.html,1500000.00,GBP,200,VERIFIED,VERIFIED,pounds 1.5m,him and start afresh with West Ham after completing a pounds 1.5m transfer. The 23-year-old midfielder ended weeks of speculation by ag,22,B,e0fde03b183c95bf71a6451e0246c7ada2198ba74f38dd13d9926062c35af87d,2026-10-07
6b1f4fb8482fdae1,T4a1aeeb68c,Modrić,https://www.tottenhamhotspur.com/news/1027968/player-transfer-luka-modric,21000000.00,EUR,200,NOT CONFIRMED (page fetched; figure not found near the player's name),UNVERIFIED,,,0,A,3393f20ac199d781a243e1ffb02baeb02f9fc6dba55293af591914189384978f,2026-10-07
6b3ade0f2dd96ceb,T620ff62069,Mkhitaryan,https://www.skysports.com/football/news/11667/10468017/henrikh-mkhitaryan-completes-26-3m-manchester-united-transfer-on-four-year-deal,26300000.00,GBP,200,VERIFIED,VERIFIED,£26.3m,Henrikh Mkhitaryan completes £26.3m Manchester United move | Football News | Sky Sports Skip to,15,B,a079597773e4d2f7b7bd0ca895e0b7544069939cfb0e4aeedbe3c175d6442b76,2026-10-07
6b40f00f3e125e19,T221b27883d,Gray,https://www.bbc.co.uk/sport/football/40872618,18500000.00,GBP,200,VERIFIED,VERIFIED,£18.5m,"an undisclosed club record fee - thought to be about £18.5m. The 26-year-old has signed a five-year deal with the Hornets, who",22,B,d29c588a3f3d1bd23713d3f3b2ead2832811cf139ea0fe29920f8bd24381f6a6,2026-10-07
6b43e33c7327207f,T6870475332,Minamino,https://www.bbc.co.uk/sport/football/61970595,15500000.00,GBP,200,VERIFIED,VERIFIED,£15.5m,have confirmed the signing of Japan forward Takumi Minamino for £15.5m from Liverpool on a four-year deal. The Ligue 1 side were,22,B,136a1d58759fa2eaa870451851706f685788bec0a14de224ea9529eb8cfff7fe,2026-10-07
6bac8b54c56006d0,Ta9a5b7d25b,Lemina,https://www.bbc.co.uk/sport/football/64259469,9700000.00,GBP,200,VERIFIED,VERIFIED,£9.7m,Lemina for a fee believed to be about 11m euros (£9.7m). The former Southampton player has signed a two-and-a-half-year deal,20,B,549bd3ba6e7e02df62bd973fd5f8306f73f60e85c018545be58c215ee1632c78,2026-10-07
6bac962770bd82b5,T30444de3d9,Varane,https://www.bbc.com/sport/football/58176187,34000000.00,GBP,200,VERIFIED,VERIFIED,£34m,from Real Madrid on a four-year deal. A fee of £34m - which could rise to £42m with add-ons - was agreed,22,B,d96be25dd2d796aab5f058addd1b70b9510b5b89501ce9e9bf0b5e912e338e6d,2026-10-07
6becd8a5007504cd,Tc81b671dd7,Antony,https://www.bbc.co.uk/sport/football/62718027,81300000.00,GBP,200,VERIFIED,VERIFIED,£81.3m,Antony: Manchester United agree to sign Ajax winger for £81.3m - BBC Sport BBC Homepage Skip to content Accessibility Help Your,21,B,e37a119ee8e205d8fe0090c5b76d275fcae5af19b6d564b7c7f19a61c956d54f,2026-10-07
6c0010d85d248300,T872a30747a,Rodriguez,https://www.theguardian.com/football/2012/jun/10/jay-rodriguez-southampton-transfer,6000000.00,GBP,200,VERIFIED,VERIFIED,£6m,Jay Rodriguez agrees to move from Burnley to Southampton in £6m deal | Southampton | The Guardian Skip to main content Skip,22,B,6d8b04f86febcff7085a929be94d311f8b50a64636c3d9ad9e3771d472715390,2026-10-07
6c0db3e3f47fe7af,T4b58c6a9ca,Patino,https://www.bbc.co.uk/sport/football/articles/cx29gd3qn2ro,1000000.00,GBP,200,VERIFIED,VERIFIED,£1m,side Deportivo de La Coruna. The Gunners will receive a £1m fee and there is a significant sell-on clause in the deal.,22,B,1307ddb60e72e65522dab3205ab49eb406e82799de518fab07ecf758aea3077f,2026-10-07
6c13813f378ff94f,T0f00a681d8,Euell,https://www.skysports.com/football/news/2213110/addicks-delight-at-euell-capture,4750000.00,GBP,200,VERIFIED,VERIFIED,£4.75 m,and PSG CHARLTON have expressed their delight at completing the £4.75 million transfer of Jason Euell from Wimbledon. In securing the forward,22,B,12de013d16d9f80f644266c6b91a5d8e1639663fbc25642b910a7a78209b621d,2026-10-07
6c7d22b6983df01c,Tcdf7429c83,Ibe,https://www.theguardian.com/football/2016/jul/14/bournemouth-sign-liverpool-winger-jordon-ibe-club-record,15000000.00,GBP,200,VERIFIED,VERIFIED,£15m,Bournemouth sign Liverpool winger Jordon Ibe for club record £15m | Bournemouth | The Guardian Skip to main content Skip to,21,B,ffdf06524a24c0a1cb3b7092cc7550fcc0c6856bf512d89d3ee69b01b85669e6,2026-10-07
6c7e12c0347c3907,T3883671d98,Højbjerg,https://www.tottenhamhotspur.com/news/2025/may/player-update/,17000000.00,GBP,200,NOT CONFIRMED (page fetched; figure not found near the player's name),UNVERIFIED,,,0,A,63ae5d04dd52a979bd35aaf43bd4dbb6ea5e1bc558eae8294e9e6fe229e7a92c,2026-10-07
6c847f1e8c1930a9,T5b1c94e99b,Sarabia,https://www.bbc.co.uk/sport/football/64312307,4400000.00,GBP,200,VERIFIED,VERIFIED,£4.4m,Pablo Sarabia: Wolves sign Spain winger from Paris St-Germain for £4.4m - BBC Sport BBC Homepage Skip to content Accessibility Help Your,22,B,6cedfd06ee4ebb2a587d6bd847558ce7f0fcd17ac6c4bcac74f90f17533fd07e,2026-10-07
6c8ba7251c42d636,Tef7c586fe6,2001}},https://www.bbc.co.uk/sport/football/articles/c0k416kjrn2o,18500000.00,GBP,200,NOT CONFIRMED (page fetched; figure not found near the player's name),UNVERIFIED,,,0,B,2ce759ab982398c15e38bbe7472fd67c109939183ebed900a45ff6a1c1ef7554,2026-10-07
6cc105e96e54ce13,Te0845b68d2,Hartson,https://www.skysports.com/football/player/21206/john-hartson,3300000.00,GBP,200,VERIFIED,VERIFIED,£3.3m,From To Date Fee Arsenal West Ham 14 Feb 1997 £3.3m West Ham Wimbledon FC 14 Jan 1999 £7.5m Wimbledon FC Coventry,22,B,60fcc23257e7baaaaa0add47e6a06f9e5d1fd6bdc267313432fde600a71e994a,2026-10-07
6ccde33c2009dcce,Te199cd7c19,Mudryk,https://www.bbc.co.uk/sport/football/64281139,62000000.00,GBP,200,VERIFIED,VERIFIED,£62m,"The 22-year-old has agreed an eight-and-a-half-year deal for 70m euros (£62m), plus a further 30m euros (£27m) in bonuses. ""I'm so happy",22,B,cdbc8f986598abe29160cd68ad0f0d18db77df03adf29cf420d3633b8ce3c5d8,2026-10-07
6cf077c849aa7f7b,Tb01ad71c76,Bissouma,https://www.bbc.co.uk/sport/football/61845720,25000000.00,GBP,200,VERIFIED,VERIFIED,£25m,Tottenham sign Yves Bissouma from Brighton on four-year deal worth £25m plus add-ons - BBC Sport BBC Homepage Skip to content Accessibility,22,B,3b297b9cd7605fd58633f747aed5b690cd106ef161bf9b8d7307a2893f083989,2026-10-07
6cf940ef0ea0bd64,T0dd4b2fff4,Sereni,http://news.bbc.co.uk/sport2/hi/football/teams/i/ipswich_town/1493344.stm,4500000.00,GBP,200,NOT CONFIRMED (page fetched; figure not found near the player's name),UNVERIFIED,,,0,B,a03538a4b465ab4fe892c2681d46a6612231b4d22dc5da36086d10e9f8bf640c,2026-10-07
6d2bf783ad963337,T5bd5da9f92,Partey,https://www.bbc.co.uk/sport/football/54428077,45000000.00,GBP,200,VERIFIED,VERIFIED,£45m,Thomas Partey: Arsenal complete £45m deal for Atletico Madrid midfielder - BBC Sport BBC Homepage Skip,16,B,12fab078bcd6ab41948406af328536dc9054c8933f777b130817ebc3908bddf5,2026-10-07
6d316a6db6518617,T6367fa9b00,Cornelius,https://www.bbc.co.uk/sport/football/26174851,7500000.00,GBP,200,VERIFIED,VERIFIED,£7.5m,"The Premier League club signed Cornelius for a then club-record £7.5m in July 2013 on a five-year deal, but his start in",22,B,667501b83999624e38423ebacc75f5aca0c7c1c1bae755f512f67a197c1577f9,2026-10-07
6d762b14c6f590ca,T4a56109089,Murillo|dab=footballer}},https://www.bbc.co.uk/sport/football/66676558,15000000.00,GBP,200,NOT CONFIRMED (page fetched; figure not found near the player's name),UNVERIFIED,,,0,B,e430226a1e8c3aa6ff89f08661a7a0825f1c5d5bafbb2ff19b48444e41298d0a,2026-10-07
6d979b3cd50e88c0,T0f78bc3ea8,Sedgley,https://www.independent.co.uk/sport/football-tottenham-to-appeal-against-fa-punishment-sugar-continues-his-war-of-words-with-lancaster-gate-while-burns-golac-and-mcghee-lead-the-list-of-paradise-favourites-1423237.html,1000000.00,GBP,200,VERIFIED,VERIFIED,pounds 1m,"ssier, and pounds 2.3m for Marseille's France defender, Basile Boli. Spurs made some money",14,B,41faf5fb64ece2da6a72510c87b9195ecaf136fe7aeb51f76fe8e60d2301a169,2026-10-07
6db4813b182bfb85,Tf05cbaf0b9,Mings,https://www.bbc.co.uk/sport/football/33293441,8000000.00,GBP,200,VERIFIED,VERIFIED,£8m,Bournemouth sign defender Tyrone Mings from Ipswich for £8m - BBC Sport BBC Homepage Skip to content Accessibility Help Your,20,B,fa5331798b6c1f99a219955d7103cc7bf91dead4b1ccfda70359bec404b3972e,2026-10-07
6db6e326a4da8a1d,Tb1934cabbe,Rodallega,https://news.bbc.co.uk/sport2/hi/football/teams/w/wigan_athletic/7816674.stm,4500000.00,GBP,200,NOT CONFIRMED (page fetched; figure not found near the player's name),UNVERIFIED,,,0,B,3521e7d19570555dbd9471658e3f596898a0e5d6b5840d1cdc90a951d1aa9f7a,2026-10-07
6dda763b7d6025a8,T9dc4644bd9,Mascherano,http://www.marca.com/2010/08/27/futbol/equipos/barcelona/1282890724.html,18900000.00,GBP,200,NOT CONFIRMED (page fetched; figure not found near the player's name),UNVERIFIED,,,0,D,951b025146166c8c14571d36bbdf37f205c72f1d661b5f8f5139bade2f6d4e68,2026-10-07
6dfd21f426f9746b,T6b0f63801d,Stam,http://www.independent.ie/sport/stam-the-man-as-reds-fork-out-record-pound10m-450000.html,10750000.00,GBP,403,BLOCKED or gone (HTTP403),UNVERIFIED,,,0,D,,2026-10-07
6e02a0c1f28f6f01,Taa6faacbcb,Bale,https://www.theguardian.com/football/2013/sep/02/gareth-bale-passes-medical-real-madrid,100000000.00,EUR,200,VERIFIED,VERIFIED,€100m,they had agreed a deal – thought to be worth €100m (£85.3m) – with Spurs for the 24-year-old. The Wales international su,22,B,0182ece4c6b07ff7957e76568ccd459511f24342063f3f10e65a1603fa151726,2026-10-07
6e36a3909a457179,T03ad743075,Shearer,https://www.independent.co.uk/sport/football-shearer-the-man-with-the-golden-fleece-owen-slot-on-the-pressures-and-problems-which-are-part-of-the-deal-if-you-become-the-most-expensive-footballer-in-britain-1541902.html,3600000.00,GBP,200,VERIFIED,VERIFIED,pounds 3.6m,"It is others, he says, that have made him a pounds 3.6m man and, in the same shake of the hands, the",22,B,5e35d2b93681b0a1e955f3066e789551053f9cb245e12bf5f4e76106939358b2,2026-10-07
6e532082fda09bd4,T98f2762ab4,Gvardiol,https://www.skysports.com/football/news/12909187/josko-gvardiol-man-city-complete-77-6m-signing-of-rb-leipzig-and-croatia-defender,77600000.00,GBP,200,VERIFIED,VERIFIED,£77.6m,Josko Gvardiol: Man City complete £77.6m signing of RB Leipzig and Croatia defender | Transfer Centre News,17,B,727f7861457a4d2c8317e71b12393c82277d6b56196670acb525b5b554156a99,2026-10-07
6e9eaf6bfff7c2f8,Tf4bae5af59,Gyökeres,https://www.bbc.com/sport/football/articles/c860l3d10j6o,63000000.00,GBP,200,NOT CONFIRMED (page fetched; figure not found near the player's name),UNVERIFIED,,,0,B,07f746764c4d6f632fbc2a8a5cae0df10ee5b7d3a4a4b227056bb018b40f3449,2026-10-07
6eba1e067a80a597,T19a4924449,Højbjerg,https://www.bbc.co.uk/sport/football/53740611,15000000.00,GBP,200,NOT CONFIRMED (page fetched; figure not found near the player's name),UNVERIFIED,,,0,B,3b725002b1b787a8ade48714551100a53943f1793d8dc4ab8c8d5d8325695f34,2026-10-07
6ed5f8e0a8223392,T06cd018768,Woltemade,https://www.nytimes.com/athletic/6585449/2025/08/30/nick-woltemade-newcastle-signing/,65000000.00,GBP,403,BLOCKED or gone (HTTP403),UNVERIFIED,,,0,B,,2026-10-07
6f028c1937c62351,T5b380208a3,Quansah,https://www.bbc.com/sport/football/articles/cdjx2yzwz7ko,35000000.00,GBP,200,VERIFIED,VERIFIED,£35m,Jarell Quansah: Bayer Leverkusen sign Liverpool defender in £35m deal - BBC Sport BBC Homepage Skip to content Accessibility Help,20,B,e54b936bee72b81efd00195ced2066d7cd4f724798d58edba171e54f2c537d52,2026-10-07
6f1f818299fc7e29,T01afba28ad,Marlet,https://www.theguardian.com/football/2001/aug/28/newsstory.sport2,13000000.00,GBP,200,VERIFIED,VERIFIED,£13m,Fulham agree £13m fee for Marlet | Soccer | The Guardian Skip to main,14,B,6dddd108623f70115b02ded9bed182367904d080219eb6f134d4eb8d02ef7540,2026-10-07
6f204ca7f1544a91,Ta9abe47347,Ramsay,https://www.bbc.co.uk/sport/football/61857066,4200000.00,GBP,200,VERIFIED,VERIFIED,£4.2m,Calvin Ramsay: Liverpool sign Aberdeen right-back for £4.2m - BBC Sport BBC Homepage Skip to content Accessibility Help Your,19,B,7a9320a6ab746c0362153eb8f88e6e83dae6267288efe2fe4a7bf090c3a072ec,2026-10-07
6f31f2ec53a18cb1,T0d4103295e,Lampard,https://news.bbc.co.uk/sport2/hi/football/teams/c/chelsea/1388696.stm,11000000.00,GBP,200,NOT CONFIRMED (page fetched; figure not found near the player's name),UNVERIFIED,,,0,B,b86d9df9696d9eb7a6106e46dad996f33f3e4118d7db32aadbdbf037c8a9e25b,2026-10-07
6f4b9683642ce264,Te180bd6c11,Nypan,https://www.bbc.com/sport/football/articles/c629p62l535o,12500000.00,GBP,200,VERIFIED,VERIFIED,£12.5m,the signing of 18-year-old midfielder Sverre Nypan from Rosenborg for £12.5m on a five-year deal - and fans have every reason to,22,B,4097541abda3a92743f4d9568e1d987e45225894b4619a82b05b067a93eb6511,2026-10-07
6f5ad65470b0be8e,Ta2c68b0c6c,Alex}},https://www.bbc.co.uk/sport/football/64241838,13200000.00,GBP,200,NOT CONFIRMED (page fetched; figure not found near the player's name),UNVERIFIED,,,0,B,55d44742eb536c0a4d3781d7ddf4c3b0278eb3ed2ee738be4e409d156b36a663,2026-10-07
6f6015dfc5bcfd99,Tbf8b114426,Ferdinand,https://www.theguardian.com/football/2004/jan/28/newsstory.leedsunited,1500000.00,GBP,200,VERIFIED,VERIFIED,£1.5m,Guardian on Google Manchester United have agreed to pay Leeds £1.5m as the final settlement on Rio Ferdinand's transfer to Old Trafford.,22,B,48a51b2f49b63d6e483cbea9511b4fd9a39bb42e18c19bd91506dc0b2b3f3b8b,2026-10-07
6f709199665740d8,Tcc35e1b294,Huijsen,https://www.bbc.co.uk/sport/football/articles/cq85kkz20p8o,50000000.00,GBP,200,VERIFIED,VERIFIED,£50m,Dean Huijsen: Real Madrid sign Bournemouth defender for £50m - BBC Sport BBC Homepage Skip to content Accessibility Help Your,20,B,9735853fd56469311a9772a03f352d7a958d446d1197c7a03cb57372699a1b65,2026-10-07
6fa1e3d34d23823a,Te96428bbc7,Sheringham,https://www.independent.co.uk/sport/football-united-expose-the-holes-in-forest-defence-1543292.html,2100000.00,GBP,200,VERIFIED,VERIFIED,pounds 2.1m,"Tottenham on Friday, the Nottingham public is anxious that the pounds 2.1m received for last season's leading goalscorer is reinvested rapidly a",22,B,d0beb94b6a5be072a9c69ea8dd83d587e1d8b9794997997aed82ce066b69778e,2026-10-07
6fa720caabb8d1be,T76ab561d9c,Shevchenko,https://www.skysports.com/football/news/15116/10956307/chelsea-history-suggests-alvaro-morata-money-cant-buy-goals,39000000.00,GBP,200,VERIFIED,VERIFIED,£39m,"No 7, Shevchenko's arrival at Chelsea - for close to £39m - looked to be money well spent. Image: Andriy Shevchenko scored",22,B,26cbba0db81577c933ba31b1dfd73f4a1cf350afbf17629a58f53f98550cbd47,2026-10-07
6fb7a8b7f3c5c701,Taa91ab37e3,Carrick,https://www.independent.co.uk/sport/football/premier-league/carrick-s-price-was-right-says-ferguson-410294.html,18600000.00,GBP,200,VERIFIED,VERIFIED,£18.6m,tax on Roy Keane's shirt and a potential outlay of £18.6m on a midfielder with no European experience and only one competitive,22,B,04dc6940cce70f932d4b73838048e70fe1183bfb26bfc90bec0a654e8d74172b,2026-10-07
6fcd47fd020d92d4,T7743cdc401,Sané,https://www.bbc.co.uk/sport/football/53275990,44700000.00,GBP,200,NOT CONFIRMED (page fetched; figure not found near the player's name),UNVERIFIED,,,0,B,c466157eb60357c159e325b903b4a6325b900a83414b481d15865d3f2a8492c1,2026-10-07
6fd1aac797367cc7,T83ce711d4b,Collymore,https://www.the-independent.com/sport/football-britain-s-big-money-movers-1074330.html,7000000.00,GBP,200,VERIFIED,VERIFIED,pounds 7m,n 99) John Hartson (West Ham to Wimbledon) 6 pounds 7.25m (June 98) Kevin Davies (Southampton to Blackburn) 7 pounds 7m,21,B,414af2726033b519fb760a25f24cbba7ccc82e78d5367f6bacc1c31bd8b74402,2026-10-07
7005e464309db558,Tf6d760e4e9,Flemming,https://www.bbc.co.uk/sport/football/articles/c8e37d6w6w0o,20000000.00,GBP,200,VERIFIED,VERIFIED,£20m,"Top Scorers European Quizzes Ipswich sign Burnley forward Flemming for £20m Image source, Getty Images Image caption, Flemming scored 11 Premier",21,B,e05b73e92fcaade782314445015b7a09326627c351b527ce763bf6d91420fb13,2026-10-07
704ffe74d0067853,T8956b8117c,Meireles,https://www.bbc.co.uk/sport/football/19466253,8000000.00,GBP,200,VERIFIED,VERIFIED,£8m,Raul Meireles leaves Chelsea for Fenerbahce in £8m deal - BBC Sport BBC Homepage Skip to content Accessibility Help,19,B,afc5e5c2b72bf71aca8d9d7a8701cf5e688de8bf43e1fc9a11ad327b95a720bd,2026-10-07
70811b847a00234f,Tac7e1414e0,Mata,https://www.sbs.com.au/news/article/mata-joins-manchester-united-for-record-transfer-fee/mtnxy3eee,61220000.00,USD,200,VERIFIED,VERIFIED,$61.22 million,for a club record transfer fee of 37.1 million pounds ($61.22 million) from Premier League rivals Chelsea. (Reuters) 1 min read Published,22,D,c92926c1882d37a5c39033bcf6e2f3c568dd16fff72d3e371f6f6d94438e6b73,2026-10-07
709eb12c2203616d,Tf9803f426c,Rutter,https://www.bbc.co.uk/sport/football/64256101,36000000.00,GBP,200,VERIFIED,VERIFIED,£36m,"five-and-a-half year deal for a fee rising to 40m euros (£36m). Rutter scored 11 goals in 64 appearances for the Bundesliga club,",22,B,23ac35ab632386d72664ed4191ef253c20f33ce8abdaeb0cae9667b69bba60ba,2026-10-07
70a1c1d8d63b508c,T724d0590f3,Hutchison,https://www.independent.co.uk/sport/football/international/scotland-s-beer-mat-maverick-finally-grows-up-9130411.html,5300000.00,GBP,200,VERIFIED,VERIFIED,£5.3m,"and Frank Worthington, as a maverick. Hutchison, who agreed a £5.3m transfer from Sunderland to West Ham this week and wins his",22,B,a34062af40abb10111c82e58229d44322248a12367980f3ddda9d6159a28f2ef,2026-10-07
70e654a741eb29e3,T9e96120308,Benteke,https://www.theguardian.com/football/2015/jul/22/liverpool-christian-benteke-transfer-aston-villa,32500000.00,GBP,200,VERIFIED,VERIFIED,£32.5m,Liverpool complete £32.5m signing of Aston Villa’s Christian Benteke | Christian Benteke | The,14,B,017d0aa549159634bdee9a69bed749cc0e0ec4e84238abede8310aee876f7131,2026-10-07
7122c43d185990ee,Tdd306bbd9c,Rice,https://www.bbc.co.uk/sport/football/65982835,100000000.00,GBP,200,VERIFIED,VERIFIED,£100m,signing of England midfielder Declan Rice from West Ham for £100m plus £5m in add-ons. The Gunners' announcement comes after the 24-yea,22,B,c17949b4d693fa1d7ddcee38af4a8da8a406753401bc0ef298e6846e4a382240,2026-10-07
714049466fbac349,T6b0f63801d,Stam,https://www.the-independent.com/sport/football-hard-graft-as-valuable-as-hard-cash-1094388.html,10000000.00,GBP,200,VERIFIED,VERIFIED,pounds 10m,"loan, Trabzonspor, Turkey to Everton), James Beattie (pounds 1m, Blackburn Rovers to Southampton), Jaap Stam (pounds 10m, PSV Eindhoven,",19,B,6067980d334bf8ceee2f189770bb1686299ab9c5eba8898ccf7c8291bee91932,2026-10-07
716a9fea9e633e33,T51abeaac98,Long,https://www.independent.co.uk/sport/football/premier-league/west-brom-complete-signing-of-shane-long-2335233.html,4500000.00,GBP,200,VERIFIED,VERIFIED,£4.5m,Removed from bookmarks Close popover Long joins for an initial £4.5m ( Getty ) Become an Independent member to bookmark this article,22,B,7d4a4d8b7c4f0dedea2e6fbff19b688adfb298380188f0b3b5dd2ce1ea2274f4,2026-10-07
716f906044df4234,T43c9f6fdbc,Ravanelli,https://www.independent.co.uk/sport/middlesbrough-spend-pounds-7m-on-ravanelli-1327422.html,7000000.00,GBP,200,VERIFIED,VERIFIED,pounds 7m,Middlesbrough spend pounds 7m on Ravanelli | The Independent | The Independent Thank you,14,B,6a8a6d319799191171674997db9f8e4fc24dda699dd498098a477f09ea3c3df6,2026-10-07
71700af2579615ee,Tae87f301f5,Alisson,https://www.bbc.co.uk/sport/football/44875174,66800000.00,GBP,200,VERIFIED,VERIFIED,£66.8m,"no more. Liverpool's decision to invest up to 75m euros (£66.8m) in Alisson looks an expensive one, because it goes against the",22,B,ec0209d5dccab728436d8f372057b32919bd9cc70819a41f144118d803c530b1,2026-10-07
7185c91783a20716,T9df4415764,Davies,https://www.bbc.co.uk/sport/football/55897340,2000000.00,GBP,200,VERIFIED,VERIFIED,£2m,"club also having signed Preston North End's Ben Davies for £2m. Defender Davies, 25, has signed a ""long-term"" deal , external at",22,B,1380eff5f5c2f790b3e0a1cf70f2ed497bbe644378c4280e5da3e1aa7bda0549,2026-10-07
718b02426ee6758e,T916f3b391c,Gilmour,https://www.bbc.co.uk/sport/football/articles/cdx6g3vy514o,16000000.00,GBP,200,NOT CONFIRMED (page fetched; figure not found near the player's name),UNVERIFIED,,,0,B,299155de84b35052553de7fa23700820a8e1d0836dc1198fd2ecc920c74a67e7,2026-10-07
719c37854e5e0d0a,T56e9a05602,Traoré,https://www.bbc.co.uk/sport/football/45091226,18000000.00,GBP,200,NOT CONFIRMED (page fetched; figure not found near the player's name),UNVERIFIED,,,0,B,ae8c0c83d38c9e925c990b330d5ac5b7a799713a89715412f8a58e1cae01253f,2026-10-07
71ba762c26871e8a,T7c6510cbb2,Batshuayi,https://www.bbc.co.uk/sport/football/36698980,33000000.00,GBP,200,VERIFIED,VERIFIED,£33m,"was not disclosed by Chelsea but is believed to be £33m (40m euros). The forward, who scored 23 goals for Marseille last",22,B,4ade8d88d80cb01256ca867370cea16566f0d571f70468ab58956e04d6ad0d1d,2026-10-07
71cd9127ddf1cfc8,T1bd03b565c,Wilson,https://www.bbc.co.uk/sport/football/57958502,12000000.00,GBP,200,VERIFIED,VERIFIED,£12m,"Championship club in a move understood to be worth about £12m on a deal that could last until 2026. Argentine Gazzaniga, 29,",22,B,d0b10e12147672ca7108b647a81ec478d1425c03d6bf8809e8d54933592d7264,2026-10-07
71d23d64509dd10c,Tf905f683f7,Ferdinand,https://www.theguardian.com/football/2000/nov/24/newsstory.sport4,18000000.00,GBP,200,VERIFIED,VERIFIED,£18m,"agreeing personal terms with Leeds today. Ferdinand will complete his £18m transfer tomorrow, provided he passes a medical. He will then be",22,B,ed6608f2737dd49e58b898c253e1ee6243ed00eaaa21f89d90dee33a01c3c8d1,2026-10-07
71ee215b4bb9dacc,Ta87f83de8a,Jurrien}},https://www.bbc.co.uk/sport/football/66017042,34000000.00,GBP,200,NOT CONFIRMED (page fetched; figure not found near the player's name),UNVERIFIED,,,0,B,064f2ca5b75cac8fdf8f34b17d52f1e4dafb9e978c96ec73560278f8f4895e97,2026-10-07
72064c3c446d4f4a,T54084537bc,Johnson,https://www.independent.co.uk/sport/football/premier-league/johnson-deal-shows-everton-s-intent-480377.html,8600000.00,GBP,200,VERIFIED,VERIFIED,£8.6m,"new record signing. Johnson has cost the Goodison Park club £8.6m, beating the previous high of £6m spent by manager David Moyes",22,B,4a75d3005b9a91b59d61cea22299ef5199b5460c6d38e32f2610fdfc9b72ac4e,2026-10-07
72089cad027988d4,T158aa7822f,Barcola,https://www.bbc.co.uk/sport/football/articles/c9qrj4p58j4o,106000000.00,GBP,200,VERIFIED,VERIFIED,£106m,"the 23-year-old at £145m, but Liverpool will pay an initial £106m plus £17m in potential add-ons. Barcola has signed a five-year contra",22,B,ed69db9229e9a586797ca8bb36a6285227531fd38850673a9c63174e6aa7b656,2026-10-07
7215c65ddcb79cb2,T8e47c30f0e,Anderson,https://www.reuters.com/sports/soccer/man-city-sign-anderson-forest-record-club-transfer-2026-07-02/,116000000.00,GBP,401,BLOCKED or gone (HTTP401),UNVERIFIED,,,0,B,,2026-10-07
7219622f3846dca5,T7388419d7e,Sessègnon,https://www.theguardian.com/football/2011/jan/30/stephane-sessegnon-sunderland-sulley-muntari,6000000.00,GBP,200,VERIFIED,VERIFIED,£6m,Sunderland sign Stéphane Sessègnon for £6m and Sulley Muntari on loan | Sunderland | The Guardian Skip,17,B,7b39774df3e08e82d7acbf1f8e0fa205b53983e14cd75ce361ddfaa640dbd223,2026-10-07
7228e785b5c83b09,Tcb2d15aaef,Cucurella,https://www.skysports.com/football/news/11095/13390865/joao-pedro-transfer-news-chelsea-sign-forward-from-brighton-wit,63000000.00,GBP,200,VERIFIED,VERIFIED,£63m,"players to £260m since 2022. He has followed Marc Cucurella (£63m), Robert Sanchez (£25m) and Moises Caicedo (£115m) in making the move",22,B,76bdfa97ff9ec641ca143ec18537f63b9b92eb07537c0ac3fa9751bd573d2554,2026-10-07
72771817fe3e9031,T4ea15cdd2c,Carvalho,https://www.independent.co.uk/sport/football/premier-league/shevchenko-deal-exposes-chelsea-s-shortterm-aims-480703.html,19850000.00,GBP,200,VERIFIED,VERIFIED,£19.85m,"Wright-Phillips July '05, Man City £21m Ricardo Carvalho July '04,Porto £19.85m Damien Duff July '03, Blackburn Rovers £17m Hernan Crespo August '03,",22,B,ad4b4c6403d2d36cef3e8a0e13818d7d972142e4a4a954f91636c2b41db98259,2026-10-07
7287b83c0794eb79,T7f8e2f9192,Mitroglou,https://www.theguardian.com/football/2014/jan/31/fulham-11m-kostas-mitroglou,11000000.00,GBP,200,VERIFIED,VERIFIED,£11m,Fulham show attacking intentions with £11m deal for Kostas Mitroglou | Transfer window | The Guardian Skip,17,B,6b548a0a5c9dcbe255eaf4417878a7afd07a33c54ae99f2bd51b232c39652149,2026-10-07
728812acaa018a54,Tcf3410be34,Sala,https://www.bbc.co.uk/sport/football/46961122,15000000.00,GBP,200,VERIFIED,VERIFIED,£15m,the Channel Islands. Cardiff spent a club-record fee of around £15m on a player who they had been interested in for more,22,B,72d83f7c466c64370e29ab24374a23781cd4d9ff389d1b24d4d3f8742c4d0bb0,2026-10-07
72ba26b3b52b5b85,T8eddfaa771,Barrenechea,https://football-italia.net/official-barrenechea-and-iling-junior-join-aston-villa-from-juventus-financial-details-revealed/,6800000.00,GBP,200,NOT CONFIRMED (page fetched; figure not found near the player's name),UNVERIFIED,,,0,D,2934002f484b00df96e336a12968963f1b7e320a659136906c140a02cb62d105,2026-10-07
72f52f818d83cf73,Tc172053ced,Scowcroft,https://news.bbc.co.uk/sport2/hi/football/teams/l/leicester_city/1437263.stm,3000000.00,GBP,200,NOT CONFIRMED (page fetched; figure not found near the player's name),UNVERIFIED,,,0,B,feff8544fb399b54bc656b9f01c93eb25ba5c12b74587085a14afbf69292ce9b,2026-10-07
730dd1dd9c1f370a,T3c8bb45cbe,Torres,https://www.bbc.co.uk/sport/football/66054337,31500000.00,GBP,200,VERIFIED,VERIFIED,£31.5m,"caption, Pau Torres' transfer fee is reported to be about £31.5m Aston Villa have announced the signing of Spain centre-back Pau Torre",22,B,229c5ce00f3ccf924a04fe2a3daa943dacb928ea5857dd4a21f5e912bd553656,2026-10-07
731717b8711ccbb4,T65268c3eac,Jota,https://www.bbc.co.uk/sport/football/54214671,41000000.00,GBP,200,VERIFIED,VERIFIED,£41m,Liverpool sign Diogo Jota for £41m from Wolves as Ki-Jana Hoever moves to Molineux - BBC Sport,17,B,89bac9d529cd6d5910bd42ed82c3ebeb2b3397f001f41ae4e5899d37ebc35d6f,2026-10-07
7383f5353844eb5f,Tb05eafd5e1,1991}},https://www.bbc.co.uk/sport/football/64477147,12000000.00,GBP,200,NOT CONFIRMED (page fetched; figure not found near the player's name),UNVERIFIED,,,0,B,e5adaf245dd2917cde07335689afba3ec5b4e7f96f28e7274387f8df1874616f,2026-10-07
73994c8b94deb186,Tdc216444c6,Ashton,https://www.skysports.com/football/player/1291/dean-ashton,3000000.00,GBP,200,NOT CONFIRMED (page fetched; figure not found near the player's name),UNVERIFIED,,,0,B,93a86c54c59a0c3e2a181dfb90d355d7f475d5caec3cb39ff63afb1671bd2af7,2026-10-07
73e74c8afbc6fc65,Ta7da8721da,Vieira,https://www.theguardian.com/football/2005/jul/15/newsstory.sport2,20000000.00,EUR,200,VERIFIED,VERIFIED,€20m,offer from Arsenal for Jermaine Jenas after Juventus agreed a €20m (£13.8m) transfer to take Patrick Vieira from Highbury. Vieira's sale,21,B,8020ae6f48da4158146daaced588b05199ae658f0bf872ecae11462fa7cf9611,2026-10-07
73fc2a676a6792e0,Tbe4e53662f,Cathcart,https://www.independent.co.uk/sport/football/premier-league/club-guide-blackpool-2052178.html,350000.00,GBP,200,VERIFIED,VERIFIED,"£350,000","1-4 Sack Race: 4-1 Transfers IN C Cathcart (Man United, £350,000), L Sylvestre (M Boleslav, undisclosed), E Grandin (CSKA Sofia, free)",21,B,6d7cfc665586a037475e53ddaa24478879b0821d20d2d5c8e06a7f045ea26702,2026-10-07
7401f58e9d7fb9bd,T95c39ea9d6,Morata,https://www.skysports.com/football/news/11838/11757866/atletico-agree-permanent-morata-deal,65000000.00,EUR,200,VERIFIED,VERIFIED,€65m,"Wanda Metropolitano for the 2019-20 season before signing permanently for €65m (£58.3m) on July 1, 2020. Morata scored six goals in 17",22,B,d349c13cae95f7e14b8a28246983f5dca019eb93c9032c6f561426e2beda7456,2026-10-07
7416f381d1e897c8,Tdc3406e801,Anderson,https://www.theguardian.com/football/2007/jul/10/newsstory.sport5,30000000.00,GBP,200,VERIFIED,VERIFIED,£30m,"investment from Bayern Munich and Nani, who cost a combined £30m when joining from Sporting Lisbon along with Porto's Anderson. That w",22,B,10277ddfff069025b8ddffc0c882090550439c96e329f7c2f250c8574baf4201,2026-10-07
741c4b2ecfbc2cce,T362c325238,Pellistri,https://www.bbc.co.uk/sport/football/54425891,9000000.00,GBP,200,VERIFIED,VERIFIED,£9m,"(£13.6m) plus 2m euros (£1.8m) in add-ons. United have spent £9m on winger Facundo Pellistri, 18, who joins from Uruguayan side Penaro",22,B,3caa250fda7eee6e334c30e2f6c3d9b92b256bfc1551be44209c5968a32f9164,2026-10-07
7429b24c0917f26b,Tfc87cbd35b,Maximo}},https://www.bbc.co.uk/sport/football/64380618,8000000.00,GBP,200,NOT CONFIRMED (page fetched; figure not found near the player's name),UNVERIFIED,,,0,B,a52e627df1d36185af4051fa62a88b4dd098a69ceabcb5b21d7f9ae4aff43cc3,2026-10-07
7439f96491137787,T69303f789b,Trafford,https://www.bbc.co.uk/sport/football/66093009,15000000.00,GBP,200,VERIFIED,VERIFIED,£15m,James Trafford: Burnley agree £15m fee for Manchester City & England Under-21 goalkeeper - BBC Sport,16,B,a7e9936f3867a900b215ec378a6c0da414a7f36ff34b43d198ebad297bfddcea,2026-10-07
743ffd1f3573d1ae,T6a922cddb1,Petrescu,http://news.bbc.co.uk/sport/hi/english/football/teams/b/bradford_city/newsid_857000/857787.stm,1000000.00,GBP,404,BLOCKED or gone (HTTP404),UNVERIFIED,,,0,B,,2026-10-07
74460382b300b5a0,T043f30d7d2,Kelly,https://www.bbc.co.uk/sport/football/articles/c93y2qkw45yo,20000000.00,GBP,200,VERIFIED,VERIFIED,£20m,appearances. The Italian giants had an obligation to buy for £20m. Newcastle say they are still in discussions with striker Callum Wils,22,B,927072d161b074833cb49e9b2c909778c8e1acb30943a1241cfb4c150862c5fd,2026-10-07
7453729cd593a62a,Tf79784c05d,Baleba,https://www.skysports.com/football/news/11095/13575283/carlos-baleba-transfer-manchester-united-complete-signing-of-cameroon-midfielder-from-brighton,70000000.00,GBP,200,VERIFIED,VERIFIED,£70m,"22, joins the club in a deal worth up to £70m, made up of a £65m guaranteed fee plus £5m in add-ons.",22,B,6d83c81bd536f638aef856bf687ea384a453ada41dca09ed755e28a1acca2361,2026-10-07
74be5550c6f54f3c,T33abc02b1b,Martins,"http://www.nufc.premiumtv.co.uk/page/NewsDetail/0,,10278~887839,00.html",10100000.00,GBP,,BLOCKED or gone (URLError),UNVERIFIED,,,0,D,,2026-10-07
74bec74f50ff8636,T74cde4065a,Lineker,https://www.givemesport.com/gary-lineker-career-stats/,2000000.00,GBP,200,VERIFIED,VERIFIED,£2 m,"deal with Nagoya Grampus Eight. The price tag? A cool £2 million, which Spurs gladly pocketed. The swansong of Lineker's Spurs s",22,D,2b4c962b1351de8956390f26f1975e7833a448c0789942f0369c6ddc008664c4,2026-10-07
74f347795d06a29d,T221ae8394e,Wesley,https://www.skysports.com/football/news/11741270/aston-villa-sign-wesley-moraes-from-club-brugge-for-22m,22000000.00,GBP,200,VERIFIED,VERIFIED,£22m,Aston Villa sign Wesley Moraes from Club Brugge for £22m | Football News | Sky Sports Skip to main content Sky,21,B,4e1965de41104f90589c6c7458d1cecfb3e07a972e68be754ee08adae91e860a,2026-10-07
74f3f3df99df78d6,T0ec14cedc8,Fernandinho,https://www.skysports.com/football/news/8758671/manchester-city-believed-to-have-agreed-34m-deal-for-fernandinho,34000000.00,GBP,200,VERIFIED,VERIFIED,£34m,Manchester City believed to have agreed £34m deal for Fernandinho | Football News | Sky Sports Skip to,18,B,64d502abe6bd732f9c78a547f03cf1afacccd478bfa54d39bb63922991ddaabe,2026-10-07
7525cec3688c2a0b,T7a4c04a3f0,Sarr,https://www.theguardian.com/football/2019/aug/08/watford-sign-ismaila-sarr-from-rennes-for-club-record-30m,30000000.00,GBP,200,VERIFIED,VERIFIED,£30m,Watford sign Ismaïla Sarr from Rennes for club-record £30m | Watford | The Guardian Skip to main content Skip to,20,B,daef7fa1e8f9a40aa6a08d1fda22b55ecdc2048a887c9d631a066ed2a350db57,2026-10-07
7542d7c9f6603afc,Tbef8a3ab9b,Long,https://www.bbc.co.uk/sport/football/28793761,12000000.00,GBP,200,VERIFIED,VERIFIED,£12m,"Shane Long for an undisclosed fee, reported to be about £12m. The 27-year-old Republic of Ireland international has agreed a four-",21,B,00f00210a1fded26f0d26cb7aee7b741b475049b27f911e2d33c4c7dd7891df9,2026-10-07
7542dbf6a0105ce1,T6d04b79ca6,Baiano,https://www.independent.co.uk/sport/football-plaudits-go-to-poom-for-first-points-at-pride-park-5552363.html,1500000.00,GBP,200,VERIFIED,VERIFIED,pounds 1.5m,"was saved. Smith revealed that after Baiano - signed for pounds 1.5m from Fiorentina - had missed, Eranio opted to take over",22,B,1df6eb10e91d932dcf8a462b63e355ae05ae785652b470c714880ae9d408e6b0,2026-10-07
755a260e37dea6fc,T8817cb6af9,Pandur,https://www.bbc.co.uk/sport/football/articles/c5yz5dprjq0o,6000000.00,GBP,200,VERIFIED,VERIFIED,£6m,£39m over three years. Hull had an overspend of about £6m for the period to 2025-26. The club faced being deducted up,22,B,4639100066fa1010457ddbaed5e40a110112fc54f8c07943efca2fe7f06d577c,2026-10-07
75663779d28b54f5,Tf483c0858b,Amenda,https://www.theguardian.com/football/2026/sep/02/premier-league-transfer-window-club-analysis-summer-2026,15400000.00,GBP,200,VERIFIED,VERIFIED,£15.4m,"(Fenerbahce, £20.5m), Loum Tchaouna (Burnley, £20m), Aurèle Amenda (Eintracht Frankfurt, £15.4m), Taiwo Awoniyi (Nottingham Forest, £9m), Ethan Pinnock (Brentford, £",20,B,09ec6134769f1b0868c1eae05dbc1dca579d7b4a29d6e831f1b3340ddd8c9151,2026-10-07
756fff830ce14121,Tdfb630386a,Anelka,https://www.mancity.com/news/first-team/first-team-news/2016/april/psg-v-city-played-for-both-anelka,13000000.00,GBP,200,NOT CONFIRMED (page fetched; figure not found near the player's name),UNVERIFIED,,,0,A,8abdcb26bd3fd790a83c1a316387c07cb6be760410ecaa2c360dddc55101b66d,2026-10-07
759342ee736177c0,Tf383cc003e,Sulemana,https://www.bbc.co.uk/sport/football/64469266,22000000.00,GBP,200,VERIFIED,VERIFIED,£22m,Kamaldeen Sulemana: Southampton pay club-record £22m for Rennes winger - BBC Sport BBC Homepage Skip to content,17,B,26203d4ae67eee6108825203d4e155898605c2045edb4c22ac587946f562d5b5,2026-10-07
75a219657a20157f,Te82cf86263,Kanté,https://www.skysports.com/football/news/10502879/ngolo-kante-set-for-chelsea-talks-after-16332m-fee-agreed-with-leicester,32000000.00,GBP,200,NOT CONFIRMED (page fetched; figure not found near the player's name),UNVERIFIED,,,0,B,1515267fb8d60544c257b97038fa7fc0ca8d61db912d41e26ca023b22ab23efd,2026-10-07
75b1dbb56278f1c7,T5c593c63b8,Hernández,https://www.skysports.com/football/news/11714/10558453/hull-city-confirm-signing-of-ryan-mason-from-tottenham,10000000.00,GBP,200,NOT CONFIRMED (page fetched; figure not found near the player's name),UNVERIFIED,,,0,B,2a1b5fce07d54d0242bbe45c11297ef932e643da060100db90dae8c95b7a63d9,2026-10-07
75e1ee598a6449e7,T9a98c180a4,Loftus-Cheek,https://theathletic.com/4651179/2023/06/30/ruben-loftus-cheek-milan-chelsea/,15000000.00,GBP,403,BLOCKED or gone (HTTP403),UNVERIFIED,,,0,B,,2026-10-07
76047339f7d6564c,T691f08d0a6,Anguissa,https://www.theguardian.com/football/2018/aug/09/fulham-andre-frank-zambo-anguissa-timothy-fosu-mensah-luciano-vietto,30000000.00,GBP,200,VERIFIED,VERIFIED,£30m,Fulham break record with £30m Anguissa transfer on frantic last day | Fulham | The Guardian,16,B,9cfe31b4a6e1028b87381fc3453d9642103628ffe2aa48d00912f701d7026fc6,2026-10-07
76691d63e0354ad3,T2f3bd0ba87,Armstrong,https://www.bbc.co.uk/sport/football/articles/cgqew2v8p9wo,7000000.00,GBP,200,VERIFIED,VERIFIED,£7m,buy for about £6m. Striker Armstrong moves for an initial £7m on a three-and-a-half-year contract after the £48m sale of striker Jo,22,B,e7197879a4f843fb65b73be95fdc7de89289bef1a623335540c4eed217afa45a,2026-10-07
767f7ca0dc13bbe4,Ta1881c430e,McAteer,https://www.independent.co.uk/sport/mcateer-opts-for-liverpool-1599910.html,4500000.00,GBP,200,VERIFIED,VERIFIED,pounds 4.5m,"Kop instead of Blackburn Rovers and Arsenal in a frantic pounds 4.5m chase, selecting them because of his devotion down the years",22,B,1984b30b9a1f9fedfc15c89c577a88913a11f91acdf7b92b94189ecdd99a2d26,2026-10-07
76839e0e86ee39f5,Tf1a0cd1f7f,Ings,https://www.skysports.com/football/news/11669/10261505/liverpool-ordered-to-pay-burnley-up-to-8m-for-danny-ings,8000000.00,GBP,200,VERIFIED,VERIFIED,£8m,Liverpool ordered to pay Burnley up to £8m for Danny Ings | Football News | Sky Sports Skip to,19,B,387dd7bacd546a11241c7c214fb9604eb1774383de220ae8856a30bdfa81fd45,2026-10-07
76ad677348b3586c,Tc633b90927,Bent,https://www.theguardian.com/football/2011/jan/17/darren-bent-sunderland-aston-villa,19000000.00,GBP,200,VERIFIED,VERIFIED,£19m,. Although Sunderland rejected Villa's initial £18m bid today a £19m fee potentially rising to £24m was agreed tonight when the striker,22,B,e4af9d7d3fab9d59d14faea647c48e00ab149fde4cdcd63699edfffcf9ef43f3,2026-10-07
76bd1036b870267b,Te2a79490c6,Bentley,https://www.theguardian.com/football/2008/jul/31/tottenhamhotspur.blackburn,15000000.00,GBP,200,VERIFIED,VERIFIED,£15m,Tottenham confirm £15m six-year deal for Bentley | Tottenham Hotspur | The Guardian Skip,14,B,74107310470c5d8dbb12ba98aa27ca8eac932ae270e10186a9395644e41dd571,2026-10-07
76cc2efb647011f4,T43a8871ff4,Carlos,https://www.bbc.co.uk/sport/football/61668812,26000000.00,GBP,200,VERIFIED,VERIFIED,£26m,fee although it has ben widely reported the fee is £26m. Former Nantes player Carlos helped Brazil win gold at the 2020,22,B,0bad4dce7b20025fddd4c788b39653c863e8b16e07f18704671cfce14be620d0,2026-10-07
76d7ec289fb6d3d9,T4851b59285,Mahrez,https://www.bbc.co.uk/sport/football/44709129,60000000.00,GBP,200,VERIFIED,VERIFIED,£60m,Riyad Mahrez: Manchester City sign winger from Leicester for £60m - BBC Sport BBC Homepage Skip to content Accessibility Help Your,21,B,fe72dbb839b5cb47631afc7b30d372e9da2a02bbb0871f2e5885c5e31b52c8ac,2026-10-07
7734b89984774c5c,T39595e8824,Johnson,https://www.bbc.co.uk/sport/football/66691226,45000000.00,GBP,200,VERIFIED,VERIFIED,£45m,Brennan Johnson: Tottenham sign Nottingham Forest forward in £45m-plus deal - BBC Sport BBC Homepage Skip to content Accessibility Help,20,B,9cffcb58fa65dbe82cf586aff03a539b72906ca447ff9738d6f8d9d7cd41500f,2026-10-07
773baccc8c27f621,Te3f0ff6c7d,Malen,https://www.bbc.co.uk/sport/football/articles/cn4m2n1zl8jo,21500000.00,GBP,200,NOT CONFIRMED (page fetched; figure not found near the player's name),UNVERIFIED,,,0,B,12b3d1f6c9e89d5029ec77604cf2046e86c5866f171638f327b46ed1a8d99780,2026-10-07
7754efffffc2f6ba,T49e2c28d80,Deane,https://www.independent.co.uk/sport/football-leeds-have-to-spend-pounds-3m-to-secure-deane-striker-returns-to-his-roots-after-deal-close-to-british-transfer-record-1483484.html,3000000.00,GBP,200,VERIFIED,VERIFIED,pounds 3m,Football: Leeds have to spend pounds 3m to secure Deane: Striker returns to his roots after deal,17,B,b4e993031a2027816beef9b85557f259c00042d6c5cae121bac7a696c62ec22a,2026-10-07
775ebf09815a5522,T8b8bc178a8,Grønkjær,https://www.theguardian.com/football/2000/oct/31/newsstory.ajax,7800000.00,GBP,200,NOT CONFIRMED (page fetched; figure not found near the player's name),UNVERIFIED,,,0,B,c2b0dcb4693a7d936eb4f52b541d19e7f2144dd380a82399266c07fe7048c3a8,2026-10-07
7775e1e8364cc859,Td3e78789ac,Richarlison}},https://www.bbc.co.uk/sport/football/61774964,60000000.00,GBP,200,NOT CONFIRMED (page fetched; figure not found near the player's name),UNVERIFIED,,,0,B,d2392b76c19c42dc24f576e189a55364624862c2d6b295890f59453df871e2a1,2026-10-07
77d46d924b43f85f,Tdd1b6f26b7,Kamara,https://news.bbc.co.uk/sport2/hi/football/teams/f/fulham/6256888.stm,6000000.00,GBP,200,NOT CONFIRMED (page fetched; figure not found near the player's name),UNVERIFIED,,,0,B,deb7d6adb4bf533f02b6f2d12851dd410b765c59471014bfe1dde0705341ba76,2026-10-07
7837d9ee6953d36b,T36be776b2a,Rémy,https://www.bbc.co.uk/sport/football/28994304,10500000.00,GBP,200,NOT CONFIRMED (page fetched; figure not found near the player's name),UNVERIFIED,,,0,B,04a79594f0d806b43b05d7dcee1914bdf4b74dcc34bce6dc664f865d9be37c94,2026-10-07
78490888f46204fd,Tf9b6a536ce,Almirón,https://www.bbc.co.uk/sport/football/47072107,20000000.00,GBP,200,NOT CONFIRMED (page fetched; figure not found near the player's name),UNVERIFIED,,,0,B,d56d5de82e416fbe892093bd5e4303cb7cda5c8bac76dd3469a8b3d4e9bd3078,2026-10-07
7859d3923b1fab35,Tf4eb7ae544,Olise,https://www.bbc.com/sport/football/articles/czk01rl1rk8o,60000000.00,GBP,200,NOT CONFIRMED (page fetched; figure not found near the player's name),UNVERIFIED,,,0,B,a70b8e68f3d8f6cf4d04b3a1430ced49f5d8afcd0c653d27062fa61720961ddf,2026-10-07
786289be9eda581d,T5267060f55,Ward-Prowse,https://www.bbc.co.uk/sport/football/66441159,30000000.00,GBP,200,VERIFIED,VERIFIED,£30m,"for a fee thought to be in the region of £30m. The England international, 28, has joined the Hammers on a four-year",22,B,dbbff62900c5088aab5bcf19db939308438964121fa19bc38731c701bf97fda7,2026-10-07
78b0bb8d258bb571,T538fc2ddd2,Reyes,https://www.uefa.com/uefachampionsleague/news/0199-0e6a682ec5c1-89ea9e174783-1000--reyes-ready-for-arsenal/,35000000.00,EUR,200,VERIFIED,VERIFIED,€35m,Reyes from Sevilla FC for a reported fee of around €35m. Article body Sevilla FC have confirmed that they are selling their,22,B,e54a28e6b346122e701b80be5609cd6604b5e4b6bc21788dccb0aac71db8a821,2026-10-07
78b8138e7d8e21f1,T69e4146f2b,Gbamin,https://www.bbc.co.uk/sport/football/transfers,25000000.00,GBP,200,NOT CONFIRMED (page fetched; figure not found near the player's name),UNVERIFIED,,,0,B,ffbf94527830da58f9b8f07aeecb76cd7850fd9e9ae551a340973a09d36448d0,2026-10-07
78cf45e591092f71,T704e3dd5dd,Cucurella,https://www.bbc.co.uk/sport/football/58395945,15400000.00,GBP,200,VERIFIED,VERIFIED,£15.4m,"a wide midfielder, joins for a fee believed to be £15.4m . The Barcelona academy graduate helped Spain win silver at the",22,B,734488dacccb494fa17f6254f4e3bf7d50e345aed0b834c3c6199ca30b406432,2026-10-07
78cf487ed12cc504,T142216b2d3,Reijnders,https://www.bbc.co.uk/sport/football/articles/c0m7el3zr2eo,52000000.00,GBP,200,VERIFIED,VERIFIED,£52m,Tijjani Reijnders: Dutch midfielder joins Al-Qadsiah from Man City in £52m move - BBC Sport BBC Homepage Skip to content Accessibility Help,22,B,cf36b886d2d1ebfe598811f74f2d73ae13dbe068ba53689e900b1d9860119348,2026-10-07
78ee366250a6d999,Td4d67c6541,Ángel,https://www.theguardian.com/football/2003/sep/27/sport.comment4,9500000.00,GBP,200,NOT CONFIRMED (page fetched; figure not found near the player's name),UNVERIFIED,,,0,B,46964849662af32e8250619d481f0b4399272a3dba3055dd24ba1b6fe2dfc80e,2026-10-07
7910c4c135c62918,T94a3cb0438,Ziyech,https://www.chelseafc.com/en/news/article/hakim-ziyech-completes-permanent-transfer,2500000.00,GBP,200,NOT CONFIRMED (page fetched; figure not found near the player's name),UNVERIFIED,,,0,A,9f94a71159b1f5ffe9f28039152556fe0a75815ee65d5f763003ffaab856c472,2026-10-07
792a00938a432b64,T7ea12c4fe6,Rodon,https://www.yorkshirepost.co.uk/sport/football/leeds-united/leeds-united-transfers-heartbroken-leeds-sell-archie-gray-to-tottenham-hotspur-for-ps40m-as-joe-rodon-joins-for-ps10m-4687091,10000000.00,GBP,200,VERIFIED,VERIFIED,£10m,to Tottenham Hotspur for £40m as Joe Rodon joins for £10m Skip to main content Contact us Newsletters Public Notices All Sectio,22,D,99c4fbe6e65c0ce818df482eb9a8674b7277e235cba38bbedb5b25b893025386,2026-10-07
797e1cfbd91e4a2b,Tcf05484d48,Solskjær,https://www.independent.co.uk/sport/di-matteo-seals-move-to-chelsea-1327518.html,1500000.00,GBP,200,NOT CONFIRMED (page fetched; figure not found near the player's name),UNVERIFIED,,,0,B,babdbea9a83699a5f7306e9e52d5ad6bf0f8b0be36cf8086b881fecd30ae7ab7,2026-10-07
79ad72373659e8e0,T4d5adfee09,Cole,https://www.theguardian.com/football/2018/oct/26/andy-cole-manchester-united-interview-kidney-transplant,6000000.00,GBP,200,VERIFIED,VERIFIED,£6m,"Manchester United, the biggest club in the world. I cost £6m and Keith Gillespie [valued at £1m] went the other way as",22,B,8f9d4b5fed0e3a06ae85c37129492e5dab35d2774cbdafa919af65b0f6affe6c,2026-10-07
79cd6de4d56e2fd1,Tff009bb6cb,Bruyne,https://www.theguardian.com/football/2015/aug/28/kevin-de-bruyne-manchester-city-wolfsburg,74000000.00,EUR,200,VERIFIED,VERIFIED,€74m,"Wednesday night when they agreed a deal worth an initial €74m (£54m) with Wolfsburg, with bonuses potentially taking that figure be",21,B,098fffd72a65738238ed513ea47bbabfb919fba4b994c3c9b64b6f3314768be6,2026-10-07
79f4cbcbeb5465f3,Tf3197968b1,Santo,"http://www.skysports.com/story/0,19528,11095_2990471,00.html",3400000.00,GBP,200,NOT CONFIRMED (page fetched; figure not found near the player's name),UNVERIFIED,,,0,B,dea2cc233d2571cb0ee3d548e890b497621e951f8e7e64fb229a0ac403003d58,2026-10-07
79fde33067cc7112,T569b98a420,Sangaré,https://www.reuters.com/sports/soccer/brentford-sign-sangare-lens-club-record-fee-2026-08-01/,39000000.00,GBP,401,BLOCKED or gone (HTTP401),UNVERIFIED,,,0,B,,2026-10-07
7a04784998e0c21e,T86b0d2ccfa,Lavia,https://www.bbc.co.uk/sport/football/62066366,10500000.00,GBP,200,VERIFIED,VERIFIED,£10.5m,Romeo Lavia: Southampton sign 18-year-old from Manchester City for £10.5m - BBC Sport BBC Homepage Skip to content Accessibility Help Your,21,B,35ffe4a90be77933dcf98a6d2b05eab12cca2d7c239a79d01de3982873b1a1ca,2026-10-07
7a06b4320b48274b,Tf2589921e1,Carlos,https://www.bbc.co.uk/sport/football/articles/cy9lv9d9xw5o,8450000.00,GBP,200,VERIFIED,VERIFIED,£8.45m,"three-and-a-half-year deal. The Turkish club are reportedly paying 10m euros (£8.45m) , external for the 31-year-old. Villa said they would ""like to",22,B,27fc635d8eae5777f18990c485c97a11c37a04bf9acd921527ec1d1ac0ca7c91,2026-10-07
7a0f8e535981ba6e,T484a42687f,Akinbiyi,https://news.bbc.co.uk/sport2/hi/football/teams/c/crystal_palace/1801306.stm,2200000.00,GBP,200,NOT CONFIRMED (page fetched; figure not found near the player's name),UNVERIFIED,,,0,B,4e76cba477d7a0893a23809897f731478294e820f0b74be53010986b09a4147f,2026-10-07
7a4caa302e134f32,T529a599370,Eze,https://www.bbc.co.uk/sport/football/articles/c62019jw5p3o,6000000.00,GBP,200,VERIFIED,VERIFIED,£6m,his onions. It might be time to put the reported £6m Ebere Eze sell-on to good use. Related topics Football Queens Park,22,B,896a41b304b3e464e2e352ab51203b17a8b8fcc1588862727cf66042d729b63c,2026-10-07
7a6b85ec62b9c5ca,T2e645626b8,Burn,https://www.bbc.co.uk/sport/football/60197747,13000000.00,GBP,200,VERIFIED,VERIFIED,£13m,"of Dan Burn and Matt Targett. The Magpies have spent £13m to sign boyhood Newcastle supporter Burn, 29, from Brighton and Hove",22,B,9f560f32536597256bfd13e9e0973fa7c4d7fc643a0f2d5f70b42bdf7b5ddf35,2026-10-07
7a91cda3529cba43,Ted77380043,Allister,https://www.bbc.co.uk/sport/football/65842033,35000000.00,GBP,200,VERIFIED,VERIFIED,£35m,Alexis Mac Allister: Liverpool sign Brighton & Argentina midfielder for £35m - BBC Sport BBC Homepage Skip to content Accessibility Help Your,22,B,6eaf0a2ced0763d602fb8cd50dbc20f36f01fbbfdf1d85bc833399f0c6f29c76,2026-10-07
7aa48265afce2a77,T856c88c629,Marić,https://news.bbc.co.uk/sport2/hi/football/teams/n/newcastle_united/835244.stm,2000000.00,GBP,200,NOT CONFIRMED (page fetched; figure not found near the player's name),UNVERIFIED,,,0,B,80a0de3b81799e51183898884ee166552d48a4e017f04e3f4bd01edb6e8208b0,2026-10-07
7ac505d815ee70c0,Tbe96e74c70,Fernandes,https://www.bbc.co.uk/sport/football/51292312,47000000.00,GBP,200,VERIFIED,VERIFIED,£47m,"Sporting Lisbon. The midfielder, 25, has joined for 55m euros (£47m) but add-ons could increase the overall cost to 80m euros (£67.7m).",22,B,3aaf568e44ce3ba24d153802548f7dbaabb7e22c5f6d41564e2847d8f04353d4,2026-10-07
7ac5d567dbd387d4,T11903a3330,Ajer,https://www.skysports.com/football/news/11661/12321439/transfer-news-summer-transfer-window-done-deals-july-2021,13500000.00,GBP,410,BLOCKED or gone (HTTP410),UNVERIFIED,,,0,B,,2026-10-07
7ae0fc04439dc863,Td3df395870,Ferguson,https://news.bbc.co.uk/sport2/hi/football/teams/b/birmingham_city/8152896.stm,1000000.00,GBP,200,NOT CONFIRMED (page fetched; figure not found near the player's name),UNVERIFIED,,,0,B,7aa9a78ca9a8ec120a09ca45e85a2d183e04d64944777f5685004d4a4dde4d02,2026-10-07
7b38a6f46e4e2dd2,Tcedc03ff95,Mosquera,https://www.wolves.co.uk/news/first-team/20210617-wolves-clinch-signing-of-mosquera/#,4500000.00,GBP,200,NOT CONFIRMED (page fetched; figure not found near the player's name),UNVERIFIED,,,0,A,ddd60caa5b5210206c377ea040725b726c459aa85a07f1388bfed619d28bffbb,2026-10-07
7b433558dd90e94c,Tec99c9e88e,Nathan,https://www.chelseafc.com/en/news/2020/07/06/chelsea-here-chelsea-there--good-week-for-chalobah--gallagher-an,2700000.00,GBP,200,NOT CONFIRMED (page fetched; figure not found near the player's name),UNVERIFIED,,,0,A,2dd28d97a01389af1f57643f1d18c41eafae470053fd0e2495aa5a5c32ea9ee2,2026-10-07
7b4d867f6baf06ea,T2f826068a8,Wirtz,https://www.skysports.com/football/news/11095/13386015/florian-wirtz-transfer-news-liverpool-sign-bayer-leverkusen-playmaker-for-british-record-fee-of-116-5m,116500000.00,GBP,200,VERIFIED,VERIFIED,£116.5m,to complete a British-record move to Liverpool; total package is £116.5m (€137.5m) made up of £100m plus £16.5m in potential add-ons; the,22,B,262df6a03ae4bac30e17971cae59600a4c552f28f8b16c22bfed5f9e898957c4,2026-10-07
7b75b0f6e50945a7,T6445e35f57,Gomes,https://www.bbc.co.uk/sport/football/articles/cnvndy7pej9o,38000000.00,GBP,200,VERIFIED,VERIFIED,£38m,Aston Villa sign Joao Gomes in £38m deal from Wolves - BBC Sport BBC Homepage Skip to content,18,B,36ac15dd8fcddc7ed26692d4952f66f4f322ad918f1339762ac0b0939d2a65b9,2026-10-07
7ba16bf5bdf97f35,T622089abb3,Jokanović,https://www.independent.co.uk/sport/football/premier-league/chelsea-search-ends-in-pound17m-jokanovic-deal-637216.html,1700000.00,GBP,200,NOT CONFIRMED (page fetched; figure not found near the player's name),UNVERIFIED,,,0,B,675895087809a64720ea0b67d4b72f2cae3ffe6c13dcb55cc1f5adfba5c8aa95,2026-10-07
7bc74f92ea499c4f,Tc197e90284,McCarthy,https://www.bbc.co.uk/sport/football/transfers,3000000.00,GBP,200,NOT CONFIRMED (page fetched; figure not found near the player's name),UNVERIFIED,,,0,B,156fa83405a2240e9490a71da5d9099c3b112c9235d18bf452d5cf47ab06b24e,2026-10-07
7bc84bdb7bc4afa8,T80509a837b,Soldado,https://www.theguardian.com/football/2015/aug/13/tottenham-roberto-soldado-villarreal,26000000.00,GBP,200,VERIFIED,VERIFIED,£26m,"arrived from Valencia in August 2013 in what was a £26m deal, although Tottenham claim that they only paid about £16m, with",22,B,a8f446ce99b9d80456baba5cb7d3a55658424c89d033fde87dfdc25206bdc20e,2026-10-07
7bd4f20f728c82b5,Tda8e734374,Nunes,https://www.theguardian.com/football/2022/aug/15/wolves-agree-club-record-fee-of-38m-for-sporting-midfielder-matheus-nunes,45000000.00,EUR,200,VERIFIED,VERIFIED,€45m,the Portugal midfielder Matheus Nunes after agreeing a deal worth €45m (£38m) plus €5m in add ons with Sporting for the 23-year-old.,22,B,b72f9df327f9bdaf4d0ae76663d1d5948c534eb4f310f06fea3095dd09b51d77,2026-10-07
7bee1ac43450109e,Tc5ea878d8e,Agüero,https://www.bbc.co.uk/sport/football/14226198,38000000.00,GBP,200,NOT CONFIRMED (page fetched; figure not found near the player's name),UNVERIFIED,,,0,B,48fb4649b968e559625831d6c2d8a6db15cf02ec5878f590dcc1498faa340c1f,2026-10-07
7bfd7042d443d7b9,T830a9a5f3f,McTominay,https://www.bbc.co.uk/sport/football/articles/cdx6g3vy514o,25700000.00,GBP,200,VERIFIED,VERIFIED,£25.7m,"midfielders Scott McTominay and Billy Gilmour. McTominay, 27, joins for £25.7m having spent his entire career at Manchester United - first attending",22,B,d3010cc4651f4055545914f73ba6b1d639350e3f68b0bd19f81bf44e499d6d2c,2026-10-07
7c1df8847807d6c9,T9ca00bad33,Silvestre,http://news.bbc.co.uk/1/hi/sport/443765.stm,4000000.00,GBP,200,NOT CONFIRMED (page fetched; figure not found near the player's name),UNVERIFIED,,,0,B,b436325064c59344ea7e24bfb96a7082e27cf381b90267ce8daad4a31fd11267,2026-10-07
7c93dc258a58aa4f,T1f0d688f92,Ugochukwu,https://www.reuters.com/sports/soccer/premier-league-clubs-break-window-spending-record-okafor-joins-leeds-2025-08-21/,25000000.00,GBP,401,BLOCKED or gone (HTTP401),UNVERIFIED,,,0,B,,2026-10-07
7c94697797d0fbd1,T2aa01263ef,Coquelin,https://www.arsenal.com/news/francis-coquelin-agrees-join-valencia,14000000.00,EUR,503,BLOCKED or gone (HTTP503),UNVERIFIED,,,0,A,,2026-10-07
7caa53fbcfc91c7f,Tba31d29c8c,Hopkin,https://www.theguardian.com/football/2001/dec/01/newsstory.sport5,2500000.00,GBP,200,VERIFIED,VERIFIED,£2.5m,Alf-Inge Haaland (Manchester City) £2.8m July 2000 David Hopkin (Bradford) £2.5m Dec 2000 Matthew Jones (Leicester) £3.25m Dec 2000 Darren Huckerby (M,22,B,5157db9610960d5f59cc4569068cbb94afe03f3142f7421a21d3cbbe2a5875a8,2026-10-07
7caed1cfcef5b84a,Td903685854,Kamara,https://www.bbc.co.uk/sport/football/59874410,4000000.00,GBP,200,VERIFIED,VERIFIED,£4m,"to avoid relegation with the fee reported to be around £4m. , external The Hornets are two points above the Premier League",22,B,9b8e128a18470341e8a6968d99cdc3cf37b9c6a677892dd60af499604e71bddc,2026-10-07
7cc9bd8ff54ef5c1,T01c6efca73,Soumaré,https://www.bbc.co.uk/sport/football/57699217,17000000.00,GBP,200,NOT CONFIRMED (page fetched; figure not found near the player's name),UNVERIFIED,,,0,B,53eb63b81bf037e25f33cab79d1169f0b5c9799bc8357b6aec182155386cd4a6,2026-10-07
7cff454ed48ddcfe,T7604dbc0a6,Chiquinho,https://www.bbc.co.uk/sport/football/60018794,3000000.00,GBP,200,VERIFIED,VERIFIED,£3m,Chiquinho: Wolves sign Estoril and Portugal Under-21 winger for initial £3m - BBC Sport BBC Homepage Skip to content Accessibility Help Your,22,B,dcc2569c34322e2f78deec11e2d3f642b5d68c302d3768b07763b7f650e0bb01,2026-10-07
7d648f078c71981d,Te99f3d9510,Kehrer,https://www.bbc.co.uk/sport/football/62573078,10100000.00,GBP,200,VERIFIED,VERIFIED,£10.1m,"Premier League,"" said Kehrer, who has joined for a reported £10.1m. , external ""I talked to the manager and he told me",22,B,d857d2d5baaba1a0f302bcce999e56dc8b7f39a5a1c318173343c42570358087,2026-10-07
7da238b76486e0f9,Tafe3c075c6,Šeško,https://www.bbc.co.uk/sport/football/articles/c39dx8mjd39o,66300000.00,GBP,200,NOT CONFIRMED (page fetched; figure not found near the player's name),UNVERIFIED,,,0,B,b6bcb18f3196b74bab8476df30482fbd387e9d7640ecc3181c821745750336fe,2026-10-07
7dc18c340cd0a7b4,Ta510a6b591,Wegerle,https://www.independent.co.uk/sport/football-on-the-move-1500353.html,1000000.00,GBP,200,VERIFIED,VERIFIED,pounds 1m,TRANSFERS Kevin Gallacher Coventry City to Blackburn Rovers (pounds 2.5m); Roy Wegerle Blackburn to Coventry (pounds 1m); Graeme Le Saux,20,B,93c1eb963f4c9440c9ddcfac1c7748a3bf8b6bdca602ebdc65edccc461248847,2026-10-07
7df327818187e09b,T85f14087db,Konaté,https://www.bbc.co.uk/sport/football/57242659,35000000.00,GBP,200,NOT CONFIRMED (page fetched; figure not found near the player's name),UNVERIFIED,,,0,B,e5a2b7f21918df5f1f75b6e041761f10bbe80b21b6dad8b00f1e7827d5e99a72,2026-10-07
7e1351c63d438dcf,Tda8e734374,Nunes,https://www.bbc.co.uk/sport/football/62586975,38000000.00,GBP,200,VERIFIED,VERIFIED,£38m,Matheus Nunes: Wolves sign Portugal midfielder for club record £38m fee - BBC Sport BBC Homepage Skip to content Accessibility Help,21,B,24071689d2a21a0236429702b5a0aaed1b0ca19ae35b46e992d44bc317fdbce4,2026-10-07
7e40d21ee8373e9d,T39be246b9b,Tavernier,https://www.bbc.co.uk/sport/football/62377242,10000000.00,GBP,200,VERIFIED,VERIFIED,£10m,"Marcus Tavernier for an undisclosed fee, reported to be about £10m. The 23-year-old scored 18 goals in 155 games for Boro, having",22,B,66f3ae2d2e051bfaa073cb976bed627f5d42cb5e8619a7fe66a29445a24e9a07,2026-10-07
7e513f875ae89376,Td59e232ad5,Karembeu,https://www.soccerbase.com/players/player.sd?player_id=9355,2000000.00,GBP,200,VERIFIED,VERIFIED,"£2,000,000","GLS APPS GLS Olympiakos 19 Jul, 01 01 Jul, 04 £2,000,000 0 (0) 0 0 (0) 0 0 (0) 0 18 (0)",22,C,4a16083f590cb527a17a6c7f941e6ba1293d6d926d9287176bd1b4565acabd23,2026-10-07
7e5813f560abdb60,T022e30ed0f,Valero,https://www.independent.co.uk/sport/football/transfers/valero-joins-west-brom-for-club-record-fee-906101.html,4700000.00,GBP,200,VERIFIED,VERIFIED,£4.7m,of Borja Valero from Real Mallorca for a club record £4.7m. The 23-year-old midfielder has signed a four-year contract after pas,21,B,8930f6aa97b11a3220b9a8dbeda8aa6e30ddd7478190cb7c5fe5a46c0ce8a9b3,2026-10-07
7eb8d849b3941244,T6998b0da55,Camara,https://www.independent.co.uk/sport/football/premier-league/jewell-s-innocents-continue-great-adventure-316711.html,3100000.00,GBP,200,VERIFIED,VERIFIED,£3.1m,"a potent weapon of their own in Camara, their record £3.1m signing from Wolves, whose pace had given what was to prove",22,B,6f0368c32ecdfbe65ccf035be94b090df35af044e29229fe5d2f1f2790fe9eb0,2026-10-07
7ec7ff7368693fec,T2c3d711e3f,Casemiro,https://www.bbc.co.uk/sport/football/62608356,60000000.00,GBP,200,VERIFIED,VERIFIED,£60m,titles and five Champions Leagues. The fee is an initial £60m plus £10m in add-ons and Casemiro will sign a four-year deal,22,B,dd57a1e048853b42544c60d8e8acbd3c14dac136e06f3cf06ea995362a5c2cdd,2026-10-07
7f0c108acc46bae4,Taf80476c84,Díaz,https://www.bbc.com/sport/football/articles/c1w8j9g5qleo,65500000.00,GBP,200,NOT CONFIRMED (page fetched; figure not found near the player's name),UNVERIFIED,,,0,B,1885eb0e92d6f20d6232122cab4dfedf98fcd9b5d7aa579805fd607d8cb505c6,2026-10-07
7f13288dc28a121d,Te5fbd4de04,Fofana,https://www.bbc.co.uk/sport/football/64196794,9000000.00,GBP,200,NOT CONFIRMED (page fetched; figure not found near the player's name),UNVERIFIED,,,0,B,6028b3277af4445a794ced183311c658e935e014ff0ec63560cd90357ed8da19,2026-10-07
7f4dad8838fed90b,T7ced28b6d5,Woodgate,https://www.independent.co.uk/sport/football/european/woodgate-determined-to-redeem-longterm-debt-to-madrid-320767.html,13400000.00,GBP,200,VERIFIED,VERIFIED,£13.4m,today Already a member? Log in Woodgate joined Real for £13.4m from Newcastle United in August 2004 but has made just one,22,B,1331b0acd009edeef5cfb3656093857ea9ee858449974268d0113d76fadec633,2026-10-07
7f53cdcfb32506e2,T7b9196dbfd,Tsimikas,https://www.liverpoolfc.com/news/first-team/405024-liverpool-complete-signing-of-kostas-tsimikas,11750000.00,GBP,200,NOT CONFIRMED (page fetched; figure not found near the player's name),UNVERIFIED,,,0,A,01b5fc88ae3c379d9017b1b2a6267a448c9810e3e885debc776b5e3076f99faa,2026-10-07
7f5e8393810f5dce,T3feb17f3a1,Wright,https://www.independent.co.uk/sport/blackburn-masters-of-the-modern-game-1619674.html,1000000.00,GBP,200,VERIFIED,VERIFIED,"£1,000,000","May Manchester Utd £1,400,000 March 93 Roy Wegerle Coventry City £1,000,000 March 95 Alan Wright Aston Villa £1,000,000 July 92 Scott Sellars",22,B,16b0588bfd26d8c93f5e1308b05445ef0407d8de3760f033282b0b3af2604d6e,2026-10-07
7f6141c9bf869cf8,T3410527b68,Fàbregas,https://www.theguardian.com/football/2011/aug/15/barcelona-cesc-fabregas-arsenal-tears,14500000.00,EUR,200,NOT CONFIRMED (page fetched; figure not found near the player's name),UNVERIFIED,,,0,B,c1f97de1291eedb3bc43e2b3d60f7d8b0604ea4968ced56a65c122e14348542d,2026-10-07
7fa872ffbc8894d2,Tff009bb6cb,Bruyne,https://www.theguardian.com/football/2015/aug/30/manchester-city-confirm-signing-kevin-de-bruyne-wolfsburg,51000000.00,GBP,200,VERIFIED,VERIFIED,£51m,Fee for 24-year-old believed to be in the region of £51m Guardian sport Sun 30 Aug 2015 11.14 EDT Last modified on,22,B,470745afa4868b7c05c629f550c943f2546f01c851880584f569a186ab0b51d8,2026-10-07
7fab73c827132354,Td0f2c7c9a6,Ünal,http://www.villarrealcf.es/en/news/item/17897-bienvenido-enes-uenal,11900000.00,GBP,404,BLOCKED or gone (HTTP404),UNVERIFIED,,,0,D,,2026-10-07
7fbe6f6858729f7c,Tb5bb1ddb32,Jensen,https://www.skysports.com/football/news/2188259/jensen-completes-charlton-switch,4000000.00,GBP,200,VERIFIED,VERIFIED,£4 m,"Madrid, Bayern Munich and PSG CHARLTON ATHLETIC have completed the £4 million signing of Bolton Wanderers Danish international midfielder Cla",20,B,f510ae87f470780f87dc96117db8950ef48bb320f3b7912544f8c5dca33ddd30,2026-10-07
8011892682157ace,T9a0414dbc0,Mouzakitis,https://www.bbc.co.uk/sport/football/articles/cje8x575v51o,13000000.00,GBP,200,VERIFIED,VERIFIED,£13m,day was 19-year-old Olympiakos midfielder Christos Mouzakitis for a reported £13m. The 11-cap Greece international progressed through Olympiakos' acade,19,B,7ed3b48d6c35bec283f15d96f3287cf35a5fa9b72c51498b11cb2bfce1e29ded,2026-10-07
8024a150add6f190,T06cd018768,Woltemade,https://www.bbc.co.uk/sport/football/articles/c9vdzl3gek3o,69000000.00,GBP,200,VERIFIED,VERIFIED,£69m,Who Am I? Quiz Newcastle sign Woltemade in club record £69m deal By Ciaran Kelly Newcastle United reporter Published 30 August 20,22,B,bd7fa352a61d01e9014738b49dc6c2aecc1c6180d70820e58a85983841fd5b13,2026-10-07
80544eb1c8ab33fd,Taf4a650456,Fred,https://www.bbc.co.uk/sport/football/44380621,47000000.00,GBP,200,VERIFIED,VERIFIED,£47m,Manchester United: Brazilian Fred joins from Shakhtar Donetsk for £47m - BBC Sport BBC Homepage Skip to content Accessibility Help Your,21,B,5433b9f3adffde1ba49af9d32ce0d5d199d2562955714c897be7208f5d3333e9,2026-10-07
805cbc48eeae7021,T2ded5625b3,2001}},https://www.bbc.co.uk/sport/football/articles/cj9l8mdxyl1o,12600000.00,GBP,200,NOT CONFIRMED (page fetched; figure not found near the player's name),UNVERIFIED,,,0,B,7e5d287819bee0cb8dc95108dd89a4c032b5893db104d5b8ed51ef41747df5a8,2026-10-07
80867a0d60f225a9,T6c6c153737,Targett,https://www.bbc.co.uk/sport/football/61734060,15000000.00,GBP,200,VERIFIED,VERIFIED,£15m,completed the signing of Aston Villa left-back Matt Targett for £15m on a four-year deal. The 26-year-old joined Eddie Howe's side on,22,B,852906b8376b60a999f60bf5d9ebb0a235f410c8738f215da169bf45d7d07708,2026-10-07
80d8cecf32013d66,Tceee0da5e7,Howard,https://news.bbc.co.uk/sport1/hi/football/teams/m/man_utd/3061333.stm,2300000.00,GBP,200,NOT CONFIRMED (page fetched; figure not found near the player's name),UNVERIFIED,,,0,B,be81096f0b0680df7b9a7ca5a0f2351b2a80638c54285bab2fb36e8e0c06ad6f,2026-10-07
812f04a7d92b4b65,T0bff174256,Philogene,https://www.bbc.com/sport/football/articles/ce586ek0nmyo,13500000.00,GBP,200,VERIFIED,VERIFIED,£13.5m,'s £18m offer for the 22-year-old. Hull will receive about £13.5m of the fee because Villa had a 30% sell-on clause in,22,B,81db9c13dccb7e303bcc2bc2ff7a823fcef6852cad4c5c75db893f85e7c56a0c,2026-10-07
8137b4daed0b1236,T6e4c7b6f38,Isak,https://www.the-independent.com/sport/football/alexander-isak-newcastle-transfer-b2153474.html,59000000.00,GBP,200,VERIFIED,VERIFIED,£59m,Isak: Newcastle blow transfer record to sign Swedish striker for £59m | The Independent Thank you for registering Please refresh the page,22,B,954a7b67975ce339f11658542857e138e9b842dab443409bc6cc569812fc9369,2026-10-07
81450f7dbea55a6e,T4bcb814031,Gruda,https://www.bbc.co.uk/sport/football/articles/cz073nekvg7o,25000000.00,GBP,200,VERIFIED,VERIFIED,£25m,Brajan Gruda: Brighton sign Mainz midfielder in £25m transfer - BBC Sport BBC Homepage Skip to content Accessibility Help,19,B,43f000e4341645a734c645114408ff7ccea47f81829d85bff4e498cea7ec2f4d,2026-10-07
814aa0fc5437d712,T501c6c012c,Torres,https://www.theguardian.com/football/2011/jan/31/liverpool-chelsea-andy-carroll-fernando-torres,50000000.00,GBP,200,VERIFIED,VERIFIED,£50m,made by a British club when Chelsea finally met Liverpool's £50m asking price but it was the Anfield club's decision to pay,22,B,072891d857f0ac4b9d01aa1913ab793f8e97528e4f5eeb4d25ed4828a2906827,2026-10-07
81aa2e4b08ed888d,T357c8b4fa7,Yirenkyi,https://www.bbc.co.uk/sport/football/articles/cy4kgprjzx2o,23100000.00,GBP,200,VERIFIED,VERIFIED,£23.1m,"have paid Danish side Nordsjaelland a fee of 27m euros (£23.1m), plus 3m euros (£2.5m) in add-ons. Yirenkyi made his international d",22,B,aeba9608d8227e8b6fcf722a7855a092769cb9c6aa5afb96414a0121eebe1d68,2026-10-07
81e99b55077d431a,T3715a93935,Keane,https://www.independent.co.uk/incoming/strachan-ready-to-spend-keane-profit-709310.html,13000000.00,GBP,200,VERIFIED,VERIFIED,£13m,"chairman, Bryan Richardson. The Republic of Ireland international completed his £13m move to Inter from Coventry on Saturday, and Richardson promised that",22,B,9fea1ce080503fe268d2263ad4eb39e1928afd693c7ac4b7716c5ec8f1c69ba3,2026-10-07
81f625a179e778db,T65c62f0971,Ashby,https://www.bbc.co.uk/sport/football/64467302,3000000.00,GBP,200,VERIFIED,VERIFIED,£3m,transfer news: Magpies sign West Ham defender Harrison Ashby in £3m deal - BBC Sport BBC Homepage Skip to content Accessibility Help,22,B,66d14072104cda7dcc91bc5cd9e8885ad6500506a886433027b216d42a89d08d,2026-10-07
824cc1aa60f52798,T9a65a22dad,Robinho,https://www.bbc.co.uk/sport/football/45256691,32500000.00,GBP,200,VERIFIED,VERIFIED,£32.5m,"Image caption, Robinho joined for a British transfer record of £32.5m City are linked to Tottenham striker Dimitar Berbatov, but he joins",22,B,1eb4183cc67eedde19a65828b734ba89368d75787f91eedfbb1cc5f2dd5df4ee,2026-10-07
825dad4499bf62f0,Tb138803c42,Milenković,https://www.bbc.com/sport/articles/cd1j8893wldo,12000000.00,GBP,200,NOT CONFIRMED (page fetched; figure not found near the player's name),UNVERIFIED,,,0,B,8245ff2952d96ed8cc89f218f9a96d8045df834df56b5b7b805d7f930e84823c,2026-10-07
826d0534b6d2f968,T863edb2659,Hartson,https://www.independent.co.uk/sport/football-hartson-fined-pounds-20-000-by-fa-1068289.html,7500000.00,GBP,200,VERIFIED,VERIFIED,pounds 7.5m,"who left Upton Park to become Wimbledon's record signing for pounds 7.5m two weeks ago, was handed his punishment at a hearing",22,B,78ea40afadcc286c283e03af50532c579f72f0f0eb15bbc4d151578061eae403,2026-10-07
827f9fc1e9243663,Tcf84df18df,Kilman,https://www.bbc.com/sport/football/articles/cm52yn8v7x2o,40000000.00,GBP,200,VERIFIED,VERIFIED,£40m,Max Kilman: West Ham sign Wolves defender for £40m - BBC Sport BBC Homepage Skip to content Accessibility Help Your,20,B,260f3a1bf714f87b2d607dd4e1e54a776b05a7951751d9debb4d739e80c782cd,2026-10-07
829b54f59e9b9c6d,T7092e02829,Fernandez,https://www.skysports.com/football/news/11668/12799395/enzo-fernandez-to-chelsea-blues-agree-premier-league-record-105m-transfer-deal-for-benfica-midfielder,106800000.00,GBP,200,VERIFIED,VERIFIED,£106.8m,Enzo Fernandez: Chelsea sign midfielder in £106.8m British-record transfer deal from Benfica | Transfer Centre News | Sk,18,B,2b988a4f2287072132f3140310fafc5bcd8e05398fd60d98c34053f1b7f59445,2026-10-07
82b7afae9f65c2de,Tf63ef97c81,Marmoush,https://www.bbc.co.uk/sport/football/articles/cx2kxyyd8e0o,59000000.00,GBP,200,VERIFIED,VERIFIED,£59m,Omar Marmoush: Man City sign Eintracht Frankfurt forward for £59m - BBC Sport BBC Homepage Skip to content Accessibility Help Your,21,B,4ef9a8a719e72fdaba41ac8643708be541b632460e2baeece7ad879bccff1dd8,2026-10-07
82e1d53ba2c0d724,T3863bf7ffb,Trafford,https://www.reuters.com/sports/soccer/leeds-united-bring-goalkeeper-trafford-man-city-club-record-fee-2026-08-06/,40000000.00,GBP,401,BLOCKED or gone (HTTP401),UNVERIFIED,,,0,B,,2026-10-07
82f4277b5c863357,Tbdec92f1b5,Keita,https://www.skysports.com/football/news/11372091/naby-keitas-liverpool-cost-finalised-after-rb-leipzig-finish-sixth,52750000.00,GBP,200,VERIFIED,VERIFIED,£52.75m,on another seven this season Naby Keita will cost Liverpool £52.75m after RB Leipzig finished sixth in the Bundesliga. Liverpool agreed a,22,B,1c5c066620efc453b579ca18c9ec224a7c1242e5b91711c6cbbf0cb604ce9d14,2026-10-07
83183d3b5420b0f6,Tc4ba3257e6,Collymore,https://www.the-independent.com/sport/football-britain-s-big-money-movers-1074330.html,8500000.00,GBP,200,VERIFIED,VERIFIED,pounds 8.5m,Alan Shearer (Blackburn to Newcastle) 2 pounds 12.6m (Aug 98) Dwight Yorke (Aston Villa to Manchester Utd) 3,18,B,5999e82c38201c3d9b6e338e9d35eba6691cde7f1b687dd87c1d6458e36d343a,2026-10-07
8374c52c8252cffe,T23be278d68,Rowe,https://www.bbc.co.uk/sport/football/articles/cw0yvj275dvo,27000000.00,GBP,200,VERIFIED,VERIFIED,£27m,signing of Arsenal midfielder Emile Smith Rowe for an initial £27m. While the Cottagers have not disclosed the total fee for the,22,B,7212c3a3b8ae7a47138f2241bdb8e6007d9783f0792aa47418e6a22408b6cfc4,2026-10-07
83905f0cfc0c4ccb,Tf1ab47d232,Dorgu,https://www.bbc.co.uk/sport/football/articles/cjw41g4gj3qo,25000000.00,GBP,200,VERIFIED,VERIFIED,£25m,Patrick Dorgu: Manchester United sign defender from Lecce for £25m - BBC Sport BBC Homepage Skip to content Accessibility Help Your,21,B,e881a221a637f970d42af845ece88c9caefccc4ac564499ec3b816d467668aeb,2026-10-07
83abec62736ec597,T475fa702e9,Khannouss,https://www.bbc.co.uk/sport/football/articles/cn87z47qj20o,21000000.00,GBP,200,VERIFIED,VERIFIED,£21m,Bilal El Khannouss: Leicester sign Morocco midfielder from Genk for £21m - BBC Sport BBC Homepage Skip to content Accessibility Help Your,22,B,be135404e83718ef9e95c94099b7d1dd1443652f5f4f8fa6a8c672fb6617f53e,2026-10-07
83b0a536e31d3ec6,T7725c165f7,Haller,https://www.bbc.co.uk/sport/48827145,45000000.00,GBP,200,VERIFIED,VERIFIED,£45m,Premier League Sebastien Haller [Eintracht Frankfurt - West Ham United] £45m English Football League Dom Bernard [Birmingham - Forest Green] Free,21,B,62cf7263db9729ecc6b05e02c0692d93cccd4b63bd65b2ae2c7d4b8df31acb40,2026-10-07
83e86e6c7f07a62b,Tdfc7fcd337,Bartlett,https://news.bbc.co.uk/sport1/hi/football/teams/c/charlton_athletic/1345349.stm,2000000.00,GBP,200,NOT CONFIRMED (page fetched; figure not found near the player's name),UNVERIFIED,,,0,B,bf11205f738c9bcc62e64a127f664aff578e2cf23244e61450c896a90a91c0b4,2026-10-07
84182ac5660596dd,T21a2db267f,Baleba,https://www.bbc.co.uk/sport/football/66640047,23200000.00,GBP,200,VERIFIED,VERIFIED,£23.2m,Baleba: Brighton sign teenage midfielder from Lille for 27m euros (£23.2m) - BBC Sport BBC Homepage Skip to content Accessibility Help Your,22,B,8b28f3448213127ab1b508b8b3e85af6ce691273571ac6c1fcbec2e0109f3afe,2026-10-07
841a4cbcf7abc363,Tf5a46d2a74,Gascoigne,https://www.skysports.com/football/player/21069/paul-gascoigne,5500000.00,GBP,200,VERIFIED,VERIFIED,£5.5m,Spurs 18 Jun 1988 £2.0m Spurs Lazio 01 Jun 1992 £5.5m Lazio Rangers 10 Jul 1995 £4.3m Rangers Middlesbrough 27 Mar 1998,22,B,5d54f073164dbb6c85f45644c74443467690f944fc9672c7e5690817fd6a6e3f,2026-10-07
842938f485d62a2b,Tfea2dffe98,Ronaldo,https://www.theguardian.com/football/2011/jan/19/cristiano-ronaldo-manchester-united-transfer,1000000.00,GBP,200,VERIFIED,VERIFIED,£1m,Court papers reveal mystery £1m payment in Cristiano Ronaldo deal | Cristiano Ronaldo | The Guardian,16,B,87d91de8b8098eb0621de173aa7b05fe44aa13cbd54d962ade40039af36f7e36,2026-10-07
8430da3a9891bfe4,T3d882816c6,Watson,https://www.bbc.co.uk/sport/football/articles/c9vep27rmyvo,10000000.00,GBP,200,VERIFIED,VERIFIED,£10m,Brighton transfer news: Tom Watson to sign from Sunderland for £10m - BBC Sport BBC Homepage Skip to content Accessibility Help Your,22,B,dd8e3fac53cd22a4d6bbff65f4c9194ab44ccd3d1c4c887317c4b8ca2c3cfa39,2026-10-07
84524a1a4fc53d4f,T1758d4ebbb,Palacios,https://news.bbc.co.uk/sport1/hi/football/teams/t/tottenham_hotspur/7840642.stm,14000000.00,GBP,200,VERIFIED,VERIFIED,£14m,Sports Premier priority - 19 hrs ago Daily Star Wilson £14m switch sealed - 37 hrs ago The Scotsman Redknapp reckons Palacios',22,B,1fa16f8991c90bf418fc0aac7c4c946de26409a69d008f4d6dd1422520656ff2,2026-10-07
847ac2923ffef0cf,T50c4e095d8,Rodri}},https://www.theguardian.com/football/2026/sep/02/premier-league-transfer-window-club-analysis-summer-2026,51300000.00,GBP,200,NOT CONFIRMED (page fetched; figure not found near the player's name),UNVERIFIED,,,0,B,add45a6b9f191143497f9cccfa6c47330569239b5aefda3aed90f77e6baca5bc,2026-10-07
84d363caec8dd37a,T9e00d4d043,Bergkamp,https://www.independent.co.uk/sport/rioch-signs-bergkamp-to-signal-new-era-1587607.html,7500000.00,GBP,200,VERIFIED,VERIFIED,pounds 7.5m,history in more ways than one. Not only did the pounds 7.5m paid by Bruce Rioch for Dennis Bergkamp treble the club's,22,B,36ce02f4fcacea1dedb7801de5c547a6e70035fc1dfc61a58712b62b06187618,2026-10-07
8523ce68fca3bc2e,Tf4bd02b3c2,Diouf,https://www.bbc.co.uk/sport/football/articles/crk3dr5pnyjo,35000000.00,GBP,200,VERIFIED,VERIFIED,£35m,"a further year. The move sees Brentford paying an initial £35m for the player, with a further £5m in add-ons. Diouf played",22,B,e2ef28d7bfd0701d01ef67b7abe65b29247981322f7320e40cf4f707b816d486,2026-10-07
8539e61df1d1263c,T65268c3eac,Jota,https://www.skysports.com/football/news/11699/12075929/diogo-jota-liverpool-is-the-right-place-for-wolves-forward-says-nuno-espirito-santo,40000000.00,GBP,200,VERIFIED,VERIFIED,£40m,"the signing of Jota from Wolves for a fee of £40m , which could rise to £45m Transfer Centre LIVE! Liverpool sign",22,B,e2c960f219cd78695dc46b297b33cf8b308f9d10ffe5f8795f8e9aaa1aab0cc0,2026-10-07
8544adf238b14cc3,T12e0137b7d,Draper,https://www.skysports.com/football/player/25356/mark-draper,1200000.00,GBP,200,VERIFIED,VERIFIED,£1.2m,From To Date Fee Notts Co Leicester 22 Jul 1994 £1.2m Leicester Aston Villa 05 Jul 1995 £3.2m Aston Villa R Vallecano,22,B,728f204aec104eb82447c706708099e0516d21f0f60b7633f996b3d0d4f3fe0c,2026-10-07
854b1c0eddb6b8a0,T3424d33547,Řepka,https://news.bbc.co.uk/sport2/hi/football/teams/w/west_ham_utd/1516567.stm,5500000.00,GBP,200,NOT CONFIRMED (page fetched; figure not found near the player's name),UNVERIFIED,,,0,B,7ec5b354531063010b31cc0972f431b559bafcbcdc6d60731ecc4e0d3feb8fe9,2026-10-07
85638e75e4586425,T0c9b913209,Kristiansen,https://www.bbc.co.uk/sport/football/64355621,17000000.00,GBP,200,VERIFIED,VERIFIED,£17m,City transfer news: Victor Kristiansen joins Foxes from Copenhagen for £17m - BBC Sport BBC Homepage Skip to content Accessibility Help Your,22,B,aaf951fc0cb33db4b6cd04f50819bec53616432029c95bce9204362442755b33,2026-10-07
85685d0100de9a68,T8b15a23d9b,Koulibaly,https://www.standard.co.uk/sport/football/chelsea-fc-transfer-latest-kalidou-koulibaly-joins-al-hilal-b1090070.html,17000000.00,GBP,200,VERIFIED,VERIFIED,£17m,Chelsea clear-out gathers pace as Kalidou Koulibaly completes £17m Al-Hilal transfer | The Standard The Standard Sign in News Sport,20,D,8389ebc120cbb4e5b8affe003f4ca5b5a22c8cb364302b42d64c1f898405c4dc,2026-10-07
856dedf83ed36bba,Tcf62353e8c,Hasselbaink,http://news.bbc.co.uk/2/hi/euro2000/teams/holland/770936.stm,15000000.00,GBP,200,NOT CONFIRMED (page fetched; figure not found near the player's name),UNVERIFIED,,,0,B,1f468c10f2fc73649c18d348198b1dec419c04c2a21a26acc8104ed8d923a8a1,2026-10-07
85d4d1de661cedc3,T83583ff64b,Elanga,https://www.bbc.co.uk/sport/football/66301365,15000000.00,GBP,200,VERIFIED,VERIFIED,£15m,with Forest believed to have paid United a fee of £15m. Elanga had been with United since he was 12 and achieved,22,B,a6746485aaaccb9b7a340386bf2c5964388c1fd93e847be7b5352e7e7af21aef,2026-10-07
85f2af74c970b1ef,T6b02f94db0,Lacroix,https://www.bbc.co.uk/sport/football/articles/crrlxyl2k7qo,18000000.00,GBP,200,VERIFIED,VERIFIED,£18m,Crystal Palace transfer news: Maxence Lacroix joins from Wolfsburg in £18m deal - BBC Sport BBC Homepage Skip to content Accessibility Help,22,B,d2bda3af539da32b4bffa8c686a7a4b85016daba273cf09bf00b47d3603c1f5b,2026-10-07
85fb9392ffbc0ddc,T1085f01a3b,Verón,https://www.skysports.com/football/news/2272672/cole-and-veron-become-blues,15000000.00,GBP,200,NOT CONFIRMED (page fetched; figure not found near the player's name),UNVERIFIED,,,0,B,81f27b1b44bffc440237563087901cd69b92a4c4ba2ae8b92fbfc2859419f08d,2026-10-07
861b6b5c50910815,Tae87f301f5,Alisson,https://www.asroma.com/en/news/41269/transfer-agreed-for-alisson-to-join-liverpool,72500000.00,EUR,200,VERIFIED,VERIFIED,€72.5m,of goalkeeper Alisson Becker in a deal worth up to €72.5m. AS Roma can confirm that an agreement has been reached with,22,D,c91936953982bab0c66599ef8562a86a77edd21cc8573871a06d8e61c366da46,2026-10-07
864207b7dcfcc624,Tac7e1414e0,Mata,https://www.skysports.com/football/news/10507078/manchester-uniteds-top-10-transfer-record-signings,37100000.00,GBP,200,VERIFIED,VERIFIED,£37.1m,"was a big-money January 2014 signing by David Moyes Fee: £37.1m Signed from: Chelsea Date: 25 January 2014 What they said: ""I",22,B,c8c4427c4f003bef36dc4ea30f2e84b5e8df16c344d3d9977846c3ce9179ef07,2026-10-07
864873574e45b4bf,Tf50f3a337d,Nistelrooy,https://www.skysports.com/football/news/15115/10507078/after-paul-pogbas-arrival-manchester-uniteds-previous-top-10-transfer-record-signings,19000000.00,GBP,200,VERIFIED,VERIFIED,£19m,van Nistelrooy was a goalscoring machine at Old Trafford Fee: £19m Signed from: PSV Eindhoven Date: 1 July 2001 What they said:,22,B,2eb6c1fb4bc44db5a1ad87497f6683fcf656d93289558dd873332cccd42ea22e,2026-10-07
865719c0d60b43aa,T8c706cae47,Grenet,https://news.bbc.co.uk/sport2/hi/football/teams/d/derby_county/1633253.stm,3000000.00,GBP,200,NOT CONFIRMED (page fetched; figure not found near the player's name),UNVERIFIED,,,0,B,4e8475492c1fd751f1523a99937611aee424b34d5a5289e632f1229197dc6708,2026-10-07
865f38815d47ee20,T8e47c30f0e,Anderson,https://www.skysports.com/football/news/11095/13558090/elliot-anderson-to-man-city-midfielder-completes-record-breaking-lb116m-transfer-from-nottingham-forest,116000000.00,GBP,200,VERIFIED,VERIFIED,£116m,Elliot Anderson to Man City: Midfielder's record-breaking £116m transfer from Nottingham Forest announced | Football News | Sky Sport,19,B,be6eb44d86b3424dad25c584ecd5321efcb0fa4969ccb8758397201df7e2038a,2026-10-07
8680c603c7600500,T5f279493ca,Lukaku,https://www.skysports.com/football/news/11854/11779538/romelu-lukaku-inter-milan-agree-gbp73m-fee-for-manchester-united-striker,73000000.00,GBP,410,BLOCKED or gone (HTTP410),UNVERIFIED,,,0,B,,2026-10-07
869c5cfbe36d8fe5,T1b583e4d0a,Gordon,https://www.theguardian.com/football/2007/aug/08/newsstory.fulham,7000000.00,GBP,200,VERIFIED,VERIFIED,£7m,"Craig Gordon. The Black Cats have splashed out an initial £7m for Gordon, who has signed a five-year deal, with the prospect",22,B,68268dfa1633589232bd3305e792c8040e7f4319734fa2a15aae5b0e057546fd,2026-10-07
86b200b648e556aa,Teb642e21bd,Tzolakis,https://www.sportsmole.co.uk/football/man-city/transfer-talk/feature/every-pl-club-that-broke-its-transfer-record-in-summer-2026-window_604298.html,20000000.00,GBP,200,NOT CONFIRMED (page fetched; figure not found near the player's name),UNVERIFIED,,,0,D,bc6c319b13b9330e65ceabbcd0a113d009996f922dcf832948c1da689ee119d2,2026-10-07
873f3a1a8f48a7ae,Tfcebeba766,Isak,https://www.bbc.com/sport/football/articles/cly4my21lz7o,125000000.00,GBP,200,VERIFIED,VERIFIED,£125m,Alexander Isak transfer: Liverpool sign striker in £125m British record deal from Newcastle - BBC Sport BBC Homepage Skip,19,B,ea3ef18d8724ecec7dcae5e0537e71250bfff58bec4399b26a578ee9eca9bacb,2026-10-07
879d20e4d573329c,T023fb33480,Davies,https://www.the-independent.com/sport/football-clubbyclub-guide-to-the-premiership-1170621.html,7500000.00,GBP,200,VERIFIED,VERIFIED,pounds 7.5m,"(manager Roy Hodgson doing his bit for inflation by paying pounds 7.5m), which will presumably mean Gallacher playing wider and deeper. The",22,B,f87c0cba61361e424974d69ae3fba3bef3698dee64f93feab4ecb357976370b8,2026-10-07
87a03d8a38d92b56,T59320afdf1,Raphinha,https://www.theguardian.com/football/2022/jul/13/raphinha-flies-to-barcelona-to-seal-transfer-from-leeds,49000000.00,GBP,200,VERIFIED,VERIFIED,£49m,Raphinha flies to Barcelona to seal initial £49m transfer from Leeds | Transfer window | The Guardian Skip to,19,B,696919ae6123e848626e56c792f944e8d1da4116d5632d24ee6b6701c9e471db,2026-10-07
87aa46961942e1e2,Td07275eee3,Veiga,https://www.bbc.com/sport/football/articles/c3362vlg1kdo,26000000.00,GBP,200,VERIFIED,VERIFIED,£26m,Chelsea transfer news: Renato Veiga makes £26m Villarreal move - BBC Sport BBC Homepage Skip to content Accessibilit,18,B,a21e94a615304f4bdc7fd06bbb6c687cf9221c5e0a88da9063540e0d168f1c41,2026-10-07
87c5155b185a3263,Tb05c82efd4,Rowett,https://news.bbc.co.uk/sport2/hi/football/teams/l/leicester_city/1981926.stm,3500000.00,GBP,200,NOT CONFIRMED (page fetched; figure not found near the player's name),UNVERIFIED,,,0,B,d67efc36f167ed893883b240884edb39ab2e419787b8513190f711f36cb7dd4b,2026-10-07
87e94753fc1bd179,T37100a5ba9,Stam,https://www.theguardian.com/football/2001/aug/27/newsstory.sport4,16350000.00,GBP,200,VERIFIED,VERIFIED,£16.35m,Ferguson. Stam was in Rome last night after finalising a £16.35m transfer to the Stadio Olimpico that is likely to precipitate Laurent,22,B,0e9c25f1e76f3f602da794fe6f8f3fb1f2b42f3aecc0c18ec79867b1cbba291d,2026-10-07
880556c6ba7aa980,T8f88273172,Medel,https://www.bbc.co.uk/sport/football/28623680,11000000.00,GBP,200,VERIFIED,VERIFIED,£11m,"two clubs in prolonged talks. Midfielder Medel, 27, was Cardiff's £11m record signing from Spanish side Sevilla in August 2013. He made",22,B,4e735d59278cb16feced7c09f1877c72a922cf4927cf1fcf64d8173ddb3dda1d,2026-10-07
881bdefec34fb623,T271b27677f,Onana,https://www.bbc.co.uk/sport/football/62432408,33000000.00,GBP,200,VERIFIED,VERIFIED,£33m,Amadou Onana: Everton sign Lille midfielder for £33m - BBC Sport BBC Homepage Skip to content Accessibility Help Your,19,B,109cb495a7659b4016eecfe7ddcbb6f0bb21a7ae7cfaf3eb72edd7c008e12bf7,2026-10-07
882baac3157595e4,T2706ee708b,Greenwood,https://www.bbc.com/sport/football/articles/crg7lm0zed5o,26600000.00,GBP,200,VERIFIED,VERIFIED,£26.6m,"until 2029 in a deal worth up to 31.6m euros (£26.6m). Greenwood, 22, was a product of United's academy but has not",22,B,b6e61591cb589bb799ae83cb35fbe847d5e0090ce435f13f7fab97d41c3a194f,2026-10-07
88483854a06f7da9,Te3ff0eb815,Burley,https://www.independent.co.uk/sport/football-on-the-move-5557188.html,2500000.00,GBP,200,VERIFIED,VERIFIED,pounds 2.5m,"oland Nilsson (defender) Helsingborgs to Coventry (pounds 200,000) Craig Burley (midfield) Chelsea to Celtic (pounds 2.5m) Alessandro Pistone",18,B,74cd0398cc173ea313409ede6683eeca4c223e358d5f276c3e8026d1761d5ea0,2026-10-07
88758f22a066e2aa,T27b1443755,Mbeumo,https://www.bbc.co.uk/sport/football/articles/cj4ekq5g5yyo,65000000.00,GBP,200,VERIFIED,VERIFIED,£65m,Manchester United set to sign Bryan Mbeumo as Brentford accept £65m bid - BBC Sport BBC Homepage Skip to content Accessibility Help,22,B,5d0a6a1bf60d1592f583beddf338ffad144c2063db3064185431689bff278419,2026-10-07
88a670b6db0c7d26,Tfa09c5a817,Ugarte,https://www.bbc.co.uk/sport/football/articles/cy84gl75edyo,50000000.00,GBP,200,NOT CONFIRMED (page fetched; figure not found near the player's name),UNVERIFIED,,,0,B,f5513c9e4a5c8b2ff503292670ed12ee798558904b1bb19ffd8eba2b36c54950,2026-10-07
88fd4aea16075ae9,T87259533c1,Orozco,https://www.bbc.co.uk/sport/football/articles/c6247p5pgy1o,3500000.00,GBP,200,VERIFIED,VERIFIED,£3.5m,"from Deportivo Cali for an undisclosed fee, believed to be £3.5m. The 18-year-old midfielder has signed a five-year deal with the Seag",22,B,3eefb69e0a06862d2c90d4f5219258a15a72cd51b70a8e23c0cc93875c29b020,2026-10-07
8904ccdb03bf2ff4,T15d3c9ddab,Trafford,https://www.bbc.com/sport/football/articles/cgk3k0654x6o,31000000.00,GBP,200,VERIFIED,VERIFIED,£31m,"£27m plus add-ons. However, Burnley sources put the figure at £31m plus add-ons and a sell-on clause. That would take the deal",22,B,786b898a8194ab16b4d01a03578dd63451e166f9c67b01ffffd7c4307f135902,2026-10-07
8911f189349e18e7,T981d94db7d,Livramento,https://www.bbc.co.uk/sport/football/66397191,40000000.00,GBP,200,VERIFIED,VERIFIED,£40m,Tino Livramento: Newcastle sign Southampton defender in £40m deal - BBC Sport BBC Homepage Skip to content Accessibility Help,19,B,bbfdb306846289c7128ab42b7059f59ddb7bd67ba44130f1fd145ef05087e45d,2026-10-07
891f86037dab9297,Tadfc57a4f9,Willian,https://news.sky.com/story/chelsea-confirm-willian-deal-10436324,30000000.00,GBP,403,BLOCKED or gone (HTTP403),UNVERIFIED,,,0,B,,2026-10-07
892e4201730296af,Tae87f301f5,Alisson,https://www.bbc.co.uk/sport/football/44890499,66800000.00,GBP,200,VERIFIED,VERIFIED,£66.8m,"one but Roma said the deal is worth up to £66.8m (72.5m euros). ""In terms of my life and my career, it's",22,B,66b18823a1807f21d011ae70fa15464fb7f4deaa35a9563eb9c8109ffb5ead64,2026-10-07
892f3da26a1851ed,T93b26cb2bb,Mazraoui,https://www.bbc.co.uk/sport/football/articles/c0l8z34xyz3o,12800000.00,GBP,200,VERIFIED,VERIFIED,£12.8m,"Morocco defender Mazraoui, 26, joins for an initial fee of £12.8m, with a further £4.3m in potential add-ons. Mazraoui's arrival was co",22,B,40e865376969823151588c1d1e7632b799e65e2dd352e712f81a07b48d7377d1,2026-10-07
8942e6cff4a9fca3,Te58372df04,Jelavić,https://www.theguardian.com/football/2014/jan/15/hull-everton-nikica-jelavic-deal,6500000.00,GBP,200,NOT CONFIRMED (page fetched; figure not found near the player's name),UNVERIFIED,,,0,B,b789965d2244ab140ea507424cd1dcf30d5b4c0b752f9c3e826e2e70d0de85ae,2026-10-07
895ef6cff0b6b183,Tb3b3c58679,Huijsen,https://www.bbc.co.uk/sport/football/articles/cg649w1yw4go,12800000.00,GBP,200,VERIFIED,VERIFIED,£12.8m,Dean Huijsen: Bournemouth sign teenage defender for £12.8m from Juventus - BBC Sport BBC Homepage Skip to content Accessibility,19,B,294c7c947ae19909e65968cf86d7193d43323e67d71f8280c73a065ab26337c7,2026-10-07
89a40d583c264edb,Te0efadec9b,Poborský,http://news.bbc.co.uk/2/hi/sport/42890.stm,2000000.00,GBP,200,NOT CONFIRMED (page fetched; figure not found near the player's name),UNVERIFIED,,,0,B,bebd1461fe13cea4beb82010d1bdc369aed75efe3556496190cec5f9a2370440,2026-10-07
89f5ed51e9f68fcc,T307420b788,Rocastle,https://www.independent.co.uk/sport/football-record-chase-beckons-arsenal-1535218.html,2000000.00,GBP,200,VERIFIED,VERIFIED,pounds 2m,"Rocastle has joined Leeds United, the England player signing for pounds 2m at Elland Road yesterday. Ron Noades, the Crystal Palace chairman,",22,B,743656e05ff2af0d53f08dd88bc0feed8a765e77f8780708002e0bcd76d4b29c,2026-10-07
8a0431cc3c24b68e,Tcaf469a567,Koleosho,https://www.bbc.co.uk/sport/football/66294292,2600000.00,GBP,200,VERIFIED,VERIFIED,£2.6m,Luca Koleosho: Burnley sign Espanyol winger for £2.6m - BBC Sport BBC Homepage Skip to content Accessibility Help Your,19,B,8c14ca52c50cf67d042748b2d0e295f67252b33adf5bf84349857141f68611cf,2026-10-07
8a1e067aee12fce0,Te7d90f9c91,Ampadu,https://www.theexeterdaily.co.uk/news/business-daily-sport/tribunal-sets-compensation-fee-ethan-ampadu-transfer,250000.00,GBP,200,NOT CONFIRMED (page fetched; figure not found near the player's name),UNVERIFIED,,,0,D,22578ed8dc99bf5648df8dabf0862fc20dff50e777cd706a423332860ae642e6,2026-10-07
8a58fee6c86b31d3,Td9d6f77dfc,Rutter,https://www.bbc.co.uk/sport/football/articles/c1k380z77pgo,40000000.00,GBP,200,VERIFIED,VERIFIED,£40m,Georginio Rutter: Brighton sign Leeds forward in £40m club record deal - BBC Sport BBC Homepage Skip to content,19,B,ded1d6ecf971b50597eb43751b613d5cd90463aa261f3ebbf884d45ccee85039,2026-10-07
8a67dd17f4eb5680,Tc1a4590744,Riise,http://news.bbc.co.uk/sport2/hi/football/eng_prem/1373396.stm,4000000.00,GBP,200,NOT CONFIRMED (page fetched; figure not found near the player's name),UNVERIFIED,,,0,B,b38f57f4e038eb3048efab7a3d07717d872b7de89fb15d25ef4018c39b5f05d9,2026-10-07
8a84a4df3c21e887,T4d5adfee09,Cole,https://www.independent.co.uk/sport/football-hughes-expected-to-give-way-to-163-7m-cole-1567583.html,7000000.00,GBP,200,VERIFIED,VERIFIED,£7m,FOOTBALL: Hughes expected to give way to £7m Cole | The Independent | The Independent Thank you for registering,19,B,8bd44823ad36c3ccfdc47dbd22679c3ff67dc4f1660df7e26497e682a02adaa6,2026-10-07
8a8f94d40d3689cc,T238fa8268a,Keane,https://www.manutd.com/en/news/steve-bartram-long-read-on-the-25-year-anniversary-of-roy-keane-joining-man-united,3750000.00,GBP,403,BLOCKED or gone (HTTP403),UNVERIFIED,,,0,A,,2026-10-07
8ab31181121846f8,T6d04b79ca6,Baiano,https://www.the-independent.com/sport/football-on-the-move-5556294.html,650000.00,GBP,200,NOT CONFIRMED (page fetched; figure not found near the player's name),UNVERIFIED,,,0,B,6e254e1287560f176ba03dafee3aad97c0b26f36508422e6770b012768210a88,2026-10-07
8aca307159127e9d,T4357b6251f,Fellaini,https://www.theguardian.com/football/2008/sep/02/manchestercity.chelsea,15000000.00,GBP,200,VERIFIED,VERIFIED,£15m,Everton pay club record £15m for Fellaini of Liège | Everton | The Guardian Skip to,16,B,e6b80e915143300ca090944e56b89a2176bb61d4896e1aa7a55a86a8ee37f19d,2026-10-07
8ad7c100681a9f87,T0da3b4cd47,Andersen,https://www.bbc.com/sport/football/articles/cj4xyz4ly1eo,30000000.00,GBP,200,VERIFIED,VERIFIED,£30m,Joachim Andersen: Fulham sign Crystal Palace centre-back for about £30m - BBC Sport BBC Homepage Skip to content Accessibility Help Your,21,B,3e3062aae1b1512c58b5de8bb58351501eb8bc9f87ec265380a930e29597d96d,2026-10-07
8af4b54439fbe37f,Tbc1dee8e24,Pröpper,https://www.bbc.co.uk/sport/football/40852639,6000000.00,GBP,200,NOT CONFIRMED (page fetched; figure not found near the player's name),UNVERIFIED,,,0,B,84e1e92a2a072721b4153b3ce659ebf98f36162224d2053adbe0e53f87238e88,2026-10-07
8af77f0753c42178,T24c33f9e36,Xhaka,https://www.bbc.co.uk/sport/football/36378192,35000000.00,GBP,200,VERIFIED,VERIFIED,£35m,"caps and captained the German club, joins for a reported £35m on a long-term contract. ""I'm very proud to be joining Arsenal,""",22,B,170f3815e579c456625f60e128fcc62d236ecaa3fe977b42bcfd6770c3fa7c1f,2026-10-07
8b3ebe1ca8d9a18a,T12acd43101,Véliz,https://www.football.london/tottenham-hotspur-fc/transfer-news/breaking-alejo-veliz-tottenham-transfer-27471815,13000000.00,GBP,200,NOT CONFIRMED (page fetched; figure not found near the player's name),UNVERIFIED,,,0,D,26e55efe1ff6f1e5f4d95d59259ce837d2f82f86fdfc659b70ef7df93445c668,2026-10-07
8b423d649d73f0ff,T77bc92d012,Woodgate,http://news.bbc.co.uk/sport1/hi/football/teams/n/newcastle_united/2712545.stm,9000000.00,GBP,200,NOT CONFIRMED (page fetched; figure not found near the player's name),UNVERIFIED,,,0,B,9acdebb70ca83c3a5c97b1767c52cd1b771b0b58d7973e2bbfdfa45763abdef8,2026-10-07
8b56944550d1d481,T8f68117ee8,Flekken,https://www.bbc.co.uk/sport/football/65763042,11000000.00,GBP,200,VERIFIED,VERIFIED,£11m,"signed Netherlands goalkeeper Mark Flekken from Freiburg for a reported £11m. , external The 29-year-old, who has won four international caps, joi",22,B,e176353cdb459bee3849b6c0c4fbc380191c9bccaf1f48810a93be6e27401149,2026-10-07
8bbd2033be4a2181,T16ca42f2f7,Williams,https://www.bbc.co.uk/sport/football/62120193,17000000.00,GBP,200,VERIFIED,VERIFIED,£17m,the World Cup in Qatar Nottingham Forest have completed the £17m signing of Liverpool defender Neco Williams on a four-year deal. The,22,B,1eb2cfb88e753ae3e689d9bb1e83b4f327b6833ec7ee5bb16a41a0cd99324b25,2026-10-07
8bcc523f9833eae5,T9acf674580,Foé,https://www.theguardian.com/football/1999/jan/27/newsstory.sport,4000000.00,GBP,200,NOT CONFIRMED (page fetched; figure not found near the player's name),UNVERIFIED,,,0,B,38758daf4a69ca77e71facf273d24c18fad6d8c60c3e53db14241fd9a1480be3,2026-10-07
8bd00bc1a28ae87c,T270282c573,Suárez,http://news.bbc.co.uk/sport2/hi/football/teams/l/liverpool/9377256.stm,23000000.00,GBP,200,NOT CONFIRMED (page fetched; figure not found near the player's name),UNVERIFIED,,,0,B,b2c835c1a6e6aa025cd4af6692753669c534e7664e3c6696a30b16e267fbdce3,2026-10-07
8bebd694040017c2,T706b0a71e9,Thome,https://www.theguardian.com/football/2000/aug/31/newsstory.sport7,4500000.00,GBP,200,VERIFIED,VERIFIED,£4.5m,"be direct replacement for Emerson Thome, who has completed a £4.5million move to Sunderland according to Chelsea's official website. ""[T",20,B,df8e2387d37c998c07257ac63e59494c98c23e4d020280370690abd6716a87c5,2026-10-07
8c1802864472049f,Tb26c824d22,Brady,https://www.theguardian.com/football/2017/jan/31/burnley-robbie-brady-ashley-westwood,13000000.00,GBP,200,VERIFIED,VERIFIED,£13m,Republic of Ireland striker Robbie Brady joins from Norwich for £13m Aston Villa complete deal to sign Scott Hogan from Brentford Ed,22,B,93136ea2275dc0e6df9fe26694b6be75e3adbba9ffbb8e2aad068cf16e006700,2026-10-07
8c2b312cc921d38e,T2f2bb8596b,Kevin,https://www.skysports.com/football/news/13423637/liverpool-arsenal-chelsea-newcastle-among-transfer-window-winners-of-premier-league-clubs-rated-by-sky-sports-readers,34600000.00,GBP,200,VERIFIED,VERIFIED,£34.6m,late to sign striker Kevin in a club-record deal of £34.6m from Shakhtar Donetsk and force through a loan move for Bayern,22,B,562d9df6f153dc80b8364bd1b31ab66b0f4c7d672727e52a381de94cd97b122d,2026-10-07
8c2fa23fea3a15a7,Tbc1b253fc5,Sar,https://news.bbc.co.uk/sport2/hi/football/teams/f/fulham/1467554.stm,7000000.00,GBP,200,NOT CONFIRMED (page fetched; figure not found near the player's name),UNVERIFIED,,,0,B,d7fc31d5a6924f6daabe87c065acd4e0cd2acf52c0ab88d60783b2ba0d8bb15f,2026-10-07
8c7c7a333551ab34,Tdba41d8613,Finnan,https://www.independent.co.uk/sport/football/premier-league/liverpool-complete-signing-of-ps3-5m-finnan-108311.html,3500000.00,GBP,200,VERIFIED,VERIFIED,£3.5m,Liverpool complete signing of £3.5m Finnan | The Independent | The Independent Thank you for registering,16,B,bec92f1cb7ed7725dea1a845ddcc6a0c3a01b7be3df9a00c72980eb99fb5da56,2026-10-07
8c90687859be69d9,T4ea15cdd2c,Carvalho,https://www.independent.co.uk/sport/football/premier-league/chelsea-sign-carvalho-from-porto-in-pound-20m-deal-554687.html,20000000.00,GBP,200,VERIFIED,VERIFIED,£20m,Chelsea sign Carvalho from Porto in £20m deal | The Independent | The Independent Thank you for registering,18,B,f69f642facec886492914760c14178e43cb61b0982944f13da5f80fc379ac729,2026-10-07
8caa8d2688d9a210,Td41d632223,Costa,https://www.skysports.com/football/news/11838/11048320/diego-costa-was-very-happy-at-chelsea-but-says-atletico-madrid-is-home,58000000.00,GBP,200,VERIFIED,VERIFIED,£58m,for a fee believed to be in the region of £58m. Costa joined Chelsea from Atletico in 2014 and they have won,22,B,7a6519e0f252c519e5f77bb91a5fd66c82e287e649e2b416b272bf69c6becd49,2026-10-07
8cc91a9186ba932d,T4cae301f10,Hackney,https://www.bbc.co.uk/sport/football/articles/cvglewzezl7o,16000000.00,GBP,200,VERIFIED,VERIFIED,£16m,Hayden Hackney from Middlesbrough for a fee of at least £16m. The 24-year-old had one year left on his contract with Boro,22,B,bd8dd5490a7bfc22649aa9763069b87f3269b2c476e7fde12043f4763b69dfa6,2026-10-07
8ceb700e43d7727e,Tedd617e267,Manzambi,https://www.bbc.co.uk/sport/football/articles/cj365336l52o,52000000.00,GBP,200,NOT CONFIRMED (page fetched; figure not found near the player's name),UNVERIFIED,,,0,B,fe0baa272e34839949d8b8ca9e5f6952c1361ec4a9bf1ca2a7a7e72b2c19f3f0,2026-10-07
8ced9f6e58c8a024,Tda2226539e,Walker,https://www.skysports.com/football/news/10947231/man-city-agree-lb50m-fee-to-sign-kyle-walker-from-tottenham,50000000.00,GBP,200,VERIFIED,VERIFIED,£50m,Man City agree £50m fee to sign Kyle Walker from Tottenham | Football News |,15,B,29b7006a787f2ae6d9225ef4bda177098e77c13f6f4ac8e43df9c8c98a00d39d,2026-10-07
8d10b641b70293af,Tbf8b114426,Ferdinand,https://www.skysports.com/football/news/2289600/rio-deal-done,1500000.00,GBP,200,VERIFIED,VERIFIED,£1.5 m,"by paying a reduced amount. Manchester United have handed Leeds £1.5 million as a full and final settlement for the transfer, meaning",22,B,86e5a0e6c1ecf1859f1f9b36af9476d60ed14cb235bec5cd5dd0c0dd4e73fe15,2026-10-07
8d8b2d3e4d0f9f18,T8fcc27f739,Maguire,https://www.bbc.co.uk/sport/football/transfers,80000000.00,GBP,200,NOT CONFIRMED (page fetched; figure not found near the player's name),UNVERIFIED,,,0,B,57070416c6cf39c7e5bfd171b39088219886607e52f6972e531a7b3ee98000b4,2026-10-07
8da98699b37a0cc6,T64671e0276,Hee-chan,https://www.bbc.co.uk/sport/football/60141279,14000000.00,GBP,200,VERIFIED,VERIFIED,£14m,"side having an option to make the move permanent for £14m. That clause has now been triggered, with Hwang agreeing a contract",22,B,da2bb015e2333db0e1dd4863cbc264cdcea856eab5197d7716617664bbf6530a,2026-10-07
8db9a0b9ca99cdb2,T37882dac53,Sergio}},https://www.bbc.co.uk/sport/football/62561914,11000000.00,GBP,200,NOT CONFIRMED (page fetched; figure not found near the player's name),UNVERIFIED,,,0,B,4b287d73c2d8439ef3f1051a3e6b88e4c4a54ee3bf5bdf8ca6fe909c3b367eba,2026-10-07
8dc0151a204b9dcb,Tc1f5e23e42,Coutinho,https://www.theguardian.com/football/2018/jan/08/philippe-coutinho-barcelona-move-liverpool-out-thigh-injury,160000000.00,EUR,200,VERIFIED,VERIFIED,€160m,"joining Barcelona , for a total fee that could reach €160m (£142m). As the Spanish phrase has it, Mr Money is a",22,B,d4415e7207aa5f61da4141b16883162000f5b8bff9c3d7ffd27ef54f98075109,2026-10-07
8dc0cb5a931117e6,Tc831e6d8d3,Morrison,https://www.independent.co.uk/sport/football/premier-league/birmingham-and-morrison-tie-the-knot-186567.html,4000000.00,GBP,200,VERIFIED,VERIFIED,£4m,the step up to the Premiership after finally completing his £4m move to Birmingham City from Crystal Palace yesterday. The 24-year-ol,21,B,7bb1fdb70844cfa341f6aa7ba373ccf82debde95c41a680a2e1574d505651073,2026-10-07
8dddf38a552103c7,T2ed4c2b7a4,Edwards,https://www.bbc.com/sport/football/articles/cv2gxgevkxko,3000000.00,GBP,200,VERIFIED,VERIFIED,£3m,signed defender Ronnie Edwards from Peterborough United for a reported £3m on a four-year deal. The 21-year-old played 45 times in League,22,B,3b3f803cefa869c1fdec7079af8160a537e0666f848639c18bac5305989183b5,2026-10-07
8e0d757be3095874,T73563a8e1f,Álvarez,https://www.bbc.co.uk/sport/football/articles/czx6kk46d4po,81000000.00,GBP,200,NOT CONFIRMED (page fetched; figure not found near the player's name),UNVERIFIED,,,0,B,4b4fed798300db65f9d1fcbd4150ebecc93ddc3eb616ff8bbaa97675fbd878e3,2026-10-07
8e5a05c599f4edfc,Tfcebeba766,Isak,https://www.bbc.co.uk/sport/football/articles/cly4my21lz7o,125000000.00,GBP,200,VERIFIED,VERIFIED,£125m,Alexander Isak transfer: Liverpool sign striker in £125m British record deal from Newcastle - BBC Sport BBC Homepage Skip,19,B,770e70f0ff7d96a0cd50a9ac0cc8b6d512fe6ac38948323d0ed220215fd3f1d2,2026-10-07
8e7b16796a7d91b0,Te6d39f5d42,Larios,https://www.southamptonfc.com/news/2022-09-01/juan-larios-southampton-manchester-city-transfer-announcement,6000000.00,GBP,404,BLOCKED or gone (HTTP404),UNVERIFIED,,,0,A,,2026-10-07
8e88fbab5d5f4f3f,T4d03674a8d,Weghorst,https://www.bbc.co.uk/sport/football/60197489,12000000.00,GBP,200,VERIFIED,VERIFIED,£12m,Wout Weghorst: Burnley sign Netherlands striker from Wolfsburg for £12m - BBC Sport BBC Homepage Skip to content Accessibility Help Your,21,B,777683852e7dc9169b86bbd95e86a451cc6b6fcef8243f532e12b92cd6762caa,2026-10-07
8eac2f2e5df1c40f,T5a9dded954,Maeda,https://www.bbc.co.uk/sport/football/articles/cx2dgkg5rq0o,10000000.00,GBP,200,VERIFIED,VERIFIED,£10m,"who has joined the Premier League side in a reported £10m deal, , external was part of his country's squad at the",22,B,4e47f86c00fa1e00ed4bd22a0425d00dd906aa448c23f1b7b837a4f022666efd,2026-10-07
8ed52d10a2face32,T5b32de7b41,Keane,http://soccernet.espn.go.com/news/story/_/id/873442/west-ham-claim-loan-signing-of-tottenham%27s-robbi?cc=3436,1000000.00,GBP,,BLOCKED or gone (URLError),UNVERIFIED,,,0,B,,2026-10-07
8ee914aa0898447c,Tdc0a65730b,White,https://www.bbc.co.uk/sport/football/57898497,50000000.00,GBP,200,VERIFIED,VERIFIED,£50m,Ben White: Arsenal sign England defender from Brighton in £50m deal - BBC Sport BBC Homepage Skip to content Accessibility Help,21,B,0f5f8e03767a1f1354d57381994ee47aa4ad2e20d203605704bd39371e364bc0,2026-10-07
8f09f4cc371994c9,Te0970d7046,Lamela,https://www.bbc.co.uk/sport/football/23903926,25700000.00,GBP,200,VERIFIED,VERIFIED,£25.7m,"for 21-year-old Lamela, who has three international caps, is worth £25.7m. It also includes up to £4.2m in bonus payments, taking Tottenham's",22,B,d383e9b6e3ef7b430a9034f903fb07bb37bb5a0d4be08de4c91175cb62569888,2026-10-07
8f0ea21351ca6097,T919c6c7eae,Ramires,https://www.bbc.co.uk/sport/football/35422217,25000000.00,GBP,200,VERIFIED,VERIFIED,£25m,Chelsea's Ramires joins Jiangsu Suning in £25m move - BBC Sport BBC Homepage Skip to content Accessibility Help,18,B,35c11e82282e493a9dea46ea285237192ca2f53177b6e8ab19fce735b7e6ea83,2026-10-07
8f1dffc61b3944d4,Tb24c7fda3e,McBurnie,https://www.bbc.co.uk/sport/football/49207182,20000000.00,GBP,200,VERIFIED,VERIFIED,£20m,Oli McBurnie: Sheffield United sign Swansea striker for club record £20m - BBC Sport BBC Homepage Skip to content Accessibility Help Your,22,B,320351f1b56ec66be13ae25b98c3ea2c796be8429ab5b234d902fe37778ad54a,2026-10-07
8f4f0519ada7e86e,T0ef7802c45,Brewster,https://www.skysports.com/football/news/12087929/rhian-brewster-sheffield-united-sign-liverpool-striker-for-lb23-5m,23500000.00,GBP,200,VERIFIED,VERIFIED,£23.5m,Rhian Brewster: Sheffield United sign Liverpool striker for £23.5m | Football News | Sky Sports Skip to main content Sky,20,B,20b73c2e8fee4dca0d664cfe5eb9a4eef3b0377b0c391d592d2c30753817b14a,2026-10-07
8f5071bcd8c96ae3,Tf7e6b0f19d,Modrić,https://news.sky.com/story/modric-completes-real-madrid-move-10471807,33000000.00,GBP,403,BLOCKED or gone (HTTP403),UNVERIFIED,,,0,B,,2026-10-07
8f56e5360660ef64,Tf4bd02b3c2,Diouf,https://www.theguardian.com/football/2026/aug/26/forest-in-talks-with-celta-vigo-over-javi-rueda-as-axel-disasi-joins-palace-on-loan,35000000.00,GBP,200,VERIFIED,VERIFIED,£35m,with West Ham to sign El Hadji Malick Diouf for £35m plus up to £5m in add-ons. The left-back has been keen,22,B,1b41ec4906f0631a5975bb6eedb2484529305a9c23b5d156bc15c56cf20d858d,2026-10-07
8faba1b0a9a05147,T34d25c6fdc,Bella-Kotchap,https://www.bbc.co.uk/sport/football/61888603,8600000.00,GBP,200,VERIFIED,VERIFIED,£8.6m,"signed defender Armel Bella-Kotchap from Bochum for about 10m euros (£8.6m). , external The 20-year-old, who has signed a four-year contract, pl",22,B,56b96a2f66d7712353ab63843aae129f2901ff97449ed4447e750212e370f900,2026-10-07
8fde38eecdb949e5,T5189e46798,Grant,https://www.bbc.co.uk/sport/football/54562199,15000000.00,GBP,200,VERIFIED,VERIFIED,£15m,West Brom have signed Karlan Grant from Huddersfield in a £15m move. Grant scored 19 goals last season and Baggies manager Slaven,22,B,33ad872f782d126bcecef7af3789468cb4bf1baf450f9887f21b3ab9459f1913,2026-10-07
8fe42903dfc83f12,T47b31fdf74,Dudek,http://news.bbc.co.uk/sport2/hi/football/teams/l/liverpool/1432558.stm,4850000.00,GBP,200,NOT CONFIRMED (page fetched; figure not found near the player's name),UNVERIFIED,,,0,B,b25af4b1d3c00e5310e4e13a503b1ae78d9e458259fac646adfe9275e7c63c3a,2026-10-07
90177b4412d10242,Td0031bd75b,Lewis-Potter,https://www.skysports.com/football/news/12875/12625254/transfer-news-summer-transfer-window-done-deals-june-2022,20000000.00,GBP,200,VERIFIED,VERIFIED,£20m,"Burnley to Wolves, £20.5m Keane Lewis-Potter - Hull to Brentford, £20m EFL Kieron Bowie - Fulham to Northampton, loan Jeff Hendrick -",22,B,4aab05bc9b17511a04f87694d07e0a27c7f95ae5b12c43bedd4f973083f2994a,2026-10-07
907a717380da1eba,T8047bacfa9,Raya,https://www.bbc.com/sport/football/articles/cl5ydk851jgo,27000000.00,GBP,200,VERIFIED,VERIFIED,£27m,David Raya: Arsenal activate £27m option to buy Spain goalkeeper from Brentford after loan spell -,16,B,f580dc6b511ec7f394860f4795a3b4ef3a7cdf142858c2775eac76baf3c34cf6,2026-10-07
908bb8f3a5beb13c,T22da6f67dc,Keane,https://news.bbc.co.uk/sport2/hi/football/teams/l/liverpool/7528735.stm,19000000.00,GBP,200,NOT CONFIRMED (page fetched; figure not found near the player's name),UNVERIFIED,,,0,B,6ce932f345a6d306847ab8e9a20f30082ebbd2cb48cf19975cd649d09782182d,2026-10-07
908dabf92c5f2592,Tdb89afbf0a,Beckham,https://www.theguardian.com/uk/2003/jun/18/football.michaelwalker,25000000.00,GBP,200,VERIFIED,VERIFIED,£25m,than 23 years old England captain bound for Madrid in £25m package This article is more than 23 years old Beckham finally,22,B,0a513dca3267eb29c047e9d4cb53a17dc97b767f4e9bf2fcfc7370a1c20afb60,2026-10-07
90d9e03863d89135,T50329e6d8f,Osvaldo,https://www.theguardian.com/football/2013/aug/18/southampton-pablo-osvaldo-west-bromwich-albion,14600000.00,GBP,200,VERIFIED,VERIFIED,£14.6m,Southampton pay club record of up to £14.6m for Italy's Dani Osvaldo | Southampton | The Guardian Skip to,19,B,136f6b6d79d3f7b9eb36a52796dcb61abe48ae9ffe4ecf40084523f03a7dec79,2026-10-07
90f16a796dec4a84,T8a1d452ef3,O'Hara,https://www.bbc.co.uk/sport/football/13854489,5000000.00,GBP,200,VERIFIED,VERIFIED,£5m,Jamie O'Hara makes £5m move to Wolves from Tottenham - BBC Sport BBC Homepage Skip,15,B,7eb08164acbdd37babc92f7d6639d9077b9c699191283c4d00db08019ed4bf36,2026-10-07
91065aee49c83d18,T8ef3f0d2bb,Schade,https://www.skysports.com/football/news/12913633/brentford-transfer-news-nathan-collins-completes-23m-club-record-transfer-to-bees-from-wolves,20000000.00,GBP,200,VERIFIED,VERIFIED,£20m,club-record transfer to Bees from Wolves Collins' £23m price surpasses £20m fee spent on Kevin Schade this summer; Brentford have now spent,22,B,7e0ee755fbfff214f43387dc08e32fd1f6561e8339530cdee4cdc7b6e45ede2c,2026-10-07
91419dab16cf641e,T0ced594cd1,Stones,https://www.skysports.com/football/news/10528801/john-stones-joins-manchester-city-in-475m-deal,47500000.00,GBP,200,VERIFIED,VERIFIED,£47.5m,John Stones joins Manchester City in £47.5m deal | Football News | Sky Sports Skip to main content,18,B,29c08656dbe01a41d9f4634bb5d2c02c32e84c2ec244102a8d8509e744617f27,2026-10-07
914db0202da09368,T956ec7c8b0,O'Brien,https://news.bbc.co.uk/sport2/hi/football/teams/n/newcastle_united/1229323.stm,2000000.00,GBP,200,NOT CONFIRMED (page fetched; figure not found near the player's name),UNVERIFIED,,,0,B,2bd1a63188413a278bfa000fd7087582abefe39e087af99b094c765db688840d,2026-10-07
9179cfee65488e2d,Tdef035e283,Delap,https://news.bbc.co.uk/sport2/hi/football/teams/s/southampton/1432893.stm,4000000.00,GBP,200,NOT CONFIRMED (page fetched; figure not found near the player's name),UNVERIFIED,,,0,B,ff4a4290037910492750d83e93a0caa86e9b02a7836f55548cb6d8a25d54b457,2026-10-07
91939072d9a43972,T3d05256d0a,Mangala,https://www.theguardian.com/football/2015/feb/09/manchester-city-eliaquim-mangala-inconsistency,42000000.00,GBP,200,VERIFIED,VERIFIED,£42m,Manchester City’s Eliaquim Mangala admits inconsistency since £42m move | Manchester City | The Guardian Skip to main content,19,B,769f03126491be08df2fb22fdaabab82f4efbb0d89db21361d1285b94f1d4f9f,2026-10-07
91a1cae6de72cab3,T136f6f652e,Tel,https://www.bbc.co.uk/sport/football/articles/ckg4gxgy56yo,30000000.00,GBP,200,VERIFIED,VERIFIED,£30m,"Team Transfers Top Scorers Gossip Spurs sign Tel on permanent £30m deal from Bayern Image source, Getty Images Image caption, Mathys Tel",22,B,eddb5ccf200ef8fae775897463c51731b1a67022e5af69afecbde72b96f1545b,2026-10-07
9238ac382f13b364,T1031fc480c,Mignolet,https://www.bbc.co.uk/sport/football/transfers,6400000.00,GBP,200,NOT CONFIRMED (page fetched; figure not found near the player's name),UNVERIFIED,,,0,B,10668307835f7376efb57a6f781e4fde05ef8974c800360af368e5b4a82ce8d8,2026-10-07
927b9d9be27ff6b8,Tbce1ee9986,Havertz,https://www.bbc.co.uk/sport/football/65984991,65000000.00,GBP,200,VERIFIED,VERIFIED,£65m,Kai Havertz: Arsenal sign Chelsea forward in deal worth about £65m - BBC Sport BBC Homepage Skip to content Accessibility Help Your,22,B,9d8c99f838852da92d0614c433ea40da9975bbc9b696b36c727439cfd3cac19b,2026-10-07
92a143c3f4e9dea4,Tfcebeba766,Isak,https://www.reuters.com/sports/soccer/liverpools-british-record-signing-isak-2025-09-01/,125000000.00,GBP,401,BLOCKED or gone (HTTP401),UNVERIFIED,,,0,B,,2026-10-07
92b985b090e88134,T947e72754e,Gusto,https://www.bbc.co.uk/sport/football/64444185,30700000.00,GBP,200,VERIFIED,VERIFIED,£30.7m,19-year-old French right-back Malo Gusto from Lyon for 35m euro (£30.7m). Gusto has signed a deal with the Blues until summer 2030,22,B,039795d6f27fd1a44397d1224e16c09f0cea422a7ce7dcb9de2d9397435266fa,2026-10-07
92c54b24b6d97298,T05815bf5f2,Ruben}},https://www.bbc.co.uk/sport/football/66005040,47000000.00,GBP,200,NOT CONFIRMED (page fetched; figure not found near the player's name),UNVERIFIED,,,0,B,acf8fb2161571873a48b9d55f2d433b129884b949af3f8712e67af4be24b0097,2026-10-07
92dacc75d4c278c9,T83d172430f,Hendrick,https://www.theguardian.com/football/2016/aug/31/burnley-transfer-record-jeff-hendrick-derby,10500000.00,GBP,200,VERIFIED,VERIFIED,£10.5m,Burnley make Jeff Hendrick £10.5m record signing but Grosicki deal collapses | Burnley | The Guardian,16,B,0d036f94778ceb7339671edfd44fbe821efd56db6bbf46363f2d717e406f3ffe,2026-10-07
930403020fd1c717,Tff009bb6cb,Bruyne,https://www.skysports.com/football/news/11679/9972617/manchester-city-announce-signing-of-wolfsburg-midfielder-kevin-de-bruyne,54500000.00,GBP,200,VERIFIED,VERIFIED,£54.5m,"a six-year deal to join City for a fee of £54.5m, which is the second highest transfer fee ever paid by a",22,B,348e5c5e780c806215157b34b95f788e7add59dac4921040c595531620587dc8,2026-10-07
9313ac8f6448a747,T5789114065,Mustafi,https://www.theguardian.com/football/2016/aug/30/arsenal-complete-signing-shkodran-mustafi,35000000.00,GBP,200,VERIFIED,VERIFIED,£35m,German defender moves to Arsenal for a fee of around £35m Mustafi move comes after forward Lucas Pérez joins from Deportivo Gua,22,B,0b0b2cdeea238d3acae31dd05c11905ed6470062a03ba5c1e029d24f9e955cb0,2026-10-07
931bb53137d099be,T3b216f64e8,Bazunu,https://www.bbc.co.uk/sport/football/61846302,12000000.00,GBP,200,VERIFIED,VERIFIED,£12m,"for the Republic of Ireland, is reported to have cost £12m. The 20-year-old was named players' player of the year at Southampton",22,B,7fd048ffb642e90c64bac34d21fa40b8d6f39b7d2ee2a311be2c7293feab12e3,2026-10-07
93268fec120a6e7d,T0a3a1add56,Arshavin,https://www.theguardian.com/football/2009/feb/04/andrei-arshavin-arsenal-arsene-wenger-premier-league,15000000.00,GBP,200,VERIFIED,VERIFIED,£15m,Andrei Arshavin from Zenit St Petersburg for a club record £15m. But controversy continues to stalk the deal after claims emerged tha,22,B,269149267f30216ef340395f6bcd4ba737a1fb8d4fff4170eaa98831b7422b72,2026-10-07
9352213f50334b24,T0dd4b2fff4,Sereni,https://www.soccerbase.com/players/player.sd?player_id=27082,4500000.00,GBP,200,VERIFIED,VERIFIED,"£4,500,000","0 (0) 0 Ipswich 17 Aug, 01 18 Jul, 03 £4,500,000 25 (0) 0 0 (0) 0 2 (0) 0 6 (0)",22,C,dd0ba7d29ec262b6a51d712eb99c2c5b4779ea69815a0a8cf6b0e3ca407567cb,2026-10-07
9380f44bbdfd2409,Tb79b0e2dde,Mings,https://www.theguardian.com/football/2019/jul/07/aston-villa-tyrone-mings-bournemouth-permanent-deal,20000000.00,GBP,200,VERIFIED,VERIFIED,£20m,"Villa have agreed to pay an initial fee of around £20m for the 26-year-old defender, who impressed after joining on loan in",22,B,0705afaba0069c2177b86c50dbac1f65f0d6286876f2db6dd4a879e70bdf071b,2026-10-07
93ada731900eae71,T80509a837b,Soldado,https://www.theguardian.com/football/2013/aug/05/roberto-soldado-move-tottenham-hotspur,26000000.00,GBP,200,VERIFIED,VERIFIED,£26m,Roberto Soldado completes £26m move to Tottenham after passing medical | Tottenham Hotspur | The,15,B,0435c51be71679d21dda8a9e1aaeb9bb4023a3df346c759d00c36d9ac97fe2ca,2026-10-07
93c0758684dddf39,Tcf62353e8c,Hasselbaink,https://www.theguardian.com/football/2000/jun/02/newsstory.sport7,15000000.00,GBP,200,VERIFIED,VERIFIED,£15m,£15m Hasselbaink signs for Chelsea | Soccer | The Guardian Skip to,12,B,3193e6f4cdd98d472a88e06555cd7b38e431d2c9c9960be0550f4903225b837f,2026-10-07
93c2a34f00c77a85,T86bd7341b8,Firmino,https://www.bbc.co.uk/sport/football/33250535,29000000.00,GBP,200,VERIFIED,VERIFIED,£29m,Roberto Firmino: Liverpool sign Brazil striker in £29m deal - BBC Sport BBC Homepage Skip to content Accessibility Help,19,B,d0c25d7ee9af025adc444aae4c9f5be114cd45581d70506d35493e77941c6cf2,2026-10-07
93fa986e51c509f9,Te6f03968a2,Dailly,https://news.bbc.co.uk/sport1/hi/football/teams/w/west_ham_utd/1120082.stm,1750000.00,GBP,200,NOT CONFIRMED (page fetched; figure not found near the player's name),UNVERIFIED,,,0,B,2f21d84f36205de026daca1ed66d2aa60c5a49770b4d15ced1649377ea5d9602,2026-10-07
940aa93e86f9f880,Te13ba121c8,Mido,http://www.asroma.it/NewsDoc.aspx?Categoria=ITComunicatiFinanziari&Documento=6241,4500000.00,GBP,200,NOT CONFIRMED (page fetched; figure not found near the player's name),UNVERIFIED,,,0,D,b314e43f08a26c1391fec1d391670479fec12a8f683785d3e4374f1d8e768b5a,2026-10-07
942be50dad135fdc,T856ec9afb5,Díaz,https://www.theguardian.com/football/2019/jan/07/real-madrid-only-option-brahim-diaz-manchester-city,15500000.00,GBP,200,VERIFIED,VERIFIED,£15.5m,than 7 years old 19-year-old signs for Real Madrid for £15.5m Florentino Pérez: ‘This player has a special talent’ Reuters Mon 7,22,B,97fbff057159d995f5982f133215758a687af5ad492624ba5d024cf2ab1f5aa3,2026-10-07
9485e0c5b648b57b,Tda18505f01,Turner,https://www.theguardian.com/football/2009/nov/03/michael-turner-adam-pearson-hull,4000000.00,GBP,200,VERIFIED,VERIFIED,£4m,"is more than 16 years old £12m-rated defender sold for £4m, with 33% going to old clubs Chairman dismisses call for inquiry",22,B,12bd8d80260127bfe5a22cd3f3087bb7a49cf0a6c10076fa5be173561d7ab56e,2026-10-07
9495c669737270fe,T28e8f124e0,Dembélé,https://www.bbc.co.uk/sport/football/46902590,11000000.00,GBP,200,NOT CONFIRMED (page fetched; figure not found near the player's name),UNVERIFIED,,,0,B,6522ac669a00efce623eb94dba45895e503238570df0741140acb3cf89183adc,2026-10-07
94a8f313ace3d77d,T46ae7f9da4,Verón,https://www.theguardian.com/football/2001/jul/12/newsstory.sport7,28100000.00,GBP,200,NOT CONFIRMED (page fetched; figure not found near the player's name),UNVERIFIED,,,0,B,52a9351c5e4acae61d3bca7a928a0bf9d04b9c420a732e9c3db082e24867fd15,2026-10-07
94e2ccf86d1d94a1,Ta0c16415ba,Chukwuemeka,https://www.bbc.co.uk/sport/football/62398766,20000000.00,GBP,200,VERIFIED,VERIFIED,£20m,Carney Chukwuemeka: Chelsea sign Aston Villa midfielder for £20m - BBC Sport BBC Homepage Skip to content Accessibility Help Your,20,B,7aef8f88ffc7eb28168122c1acdb6069cc4f13c296aaaa04f3b1c2d77d499bcf,2026-10-07
95020645127fa003,T1d7c4c312d,Pistone,https://news.bbc.co.uk/sport2/hi/football/teams/e/everton/813978.stm,3000000.00,GBP,200,NOT CONFIRMED (page fetched; figure not found near the player's name),UNVERIFIED,,,0,B,e4e1ed88ece120d5ff248d60dc67e92e22c77c6a72af35c71836cfbee2b36914,2026-10-07
9503f3e62916d3e2,T42f8e1e947,Alonso,https://www.theguardian.com/football/2009/aug/05/xabi-alonso-real-madrid-medical-completed,30000000.00,GBP,200,VERIFIED,VERIFIED,£30m,"his past operations has no lingering side-effects."" Real paid Liverpool £30m to make Alonso their eighth signing since Florentino Pérez returned t",22,B,7cd79217b76614770211545ebdca05d769a3db8c1d687f4d3ceaaee2a60c0fa1,2026-10-07
9516381cec8da43f,T6cec79a397,Fellaini,https://www.theguardian.com/football/2013/sep/03/everton-transfer-deadline-day,27500000.00,GBP,200,VERIFIED,VERIFIED,£27.5m,"been available for £23.5m until 31 July and went for £27.5m minutes before the 2 September deadline, without any loyalty payments",21,B,c6e77d9de53bffcc8bbf2fd96f90604f0ad8ba0158d358d9f77dcf1bb058ab34,2026-10-07
954488f86073a8f2,T29d50d1ca6,Džeko,https://www.theguardian.com/football/2011/jan/07/edin-dzeko-manchester-city-move,27000000.00,GBP,200,NOT CONFIRMED (page fetched; figure not found near the player's name),UNVERIFIED,,,0,B,32162a24f7fc067ab07f2b1eaff2868c1c1f9a73dc817b8ba17a2abf020b8fe3,2026-10-07
954ed98221a7f71f,T2007c811a9,Ronaldo,https://www.skysports.com/football/news/2273339/united-confirm-ronaldo-capture,12240000.00,GBP,200,VERIFIED,VERIFIED,£12.24 m,"been officially confirmed as a Manchester United player after a £12.24 million deal was wrapped up, with glowing praise ringing in his",22,B,89355497f138e9a29e5b5b5ebc39cd69ae4032d8e9954d5a90fc367092486cc9,2026-10-07
957e2d2ff9887289,T4db1b8415f,Khumalo,http://news.bbc.co.uk/sport1/hi/football/teams/t/tottenham_hotspur/9032478.stm,1500000.00,GBP,200,VERIFIED,VERIFIED,£1.5m,"Bongani Khumalo from SuperSport United for a fee of about £1.5m. The 23-year-old, who played at the 2010 World Cup, signed a",22,B,d4e60e133697309574dbb812be1c15ab26abe377f303ac7c7b6acf51edefbc31,2026-10-07
95e863d8a8e340a8,T0966a82c67,Locadia,https://www.bbc.co.uk/sport/football/42755312,14000000.00,GBP,200,VERIFIED,VERIFIED,£14m,"Premier League side have reportedly paid a fee of about £14m for the 24-year-old Dutchman, who has scored nine goals in 15",22,B,0802af2b8321ada50d167a4bdd13f3c17b02b4ccae1dda067381b330bce7de66,2026-10-07
9605d4712ceecbd6,Tae87f301f5,Alisson,https://www.skysports.com/transfer/news/11669/11441825/liverpool-sign-alisson-from-roma-in-record-deal-for-a-goalkeeper,67000000.00,GBP,200,VERIFIED,VERIFIED,£67m,"expensive goalkeeper. Sky Sports News understands that Liverpool have paid £67m for the 25-year-old, who has signed a ""long-term"" contract at Anfield",22,B,45dee06260906b63a9b87dfaf6bb40ee4a5383276ba68f320f5249be1a99138c,2026-10-07
9609cc1c05954deb,Tcfd176f1ab,Aubameyang,https://www.bbc.co.uk/sport/football/42859716,56000000.00,GBP,200,VERIFIED,VERIFIED,£56m,Pierre-Emerick Aubameyang: Arsenal sign Borussia Dortmund striker for £56m - BBC Sport BBC Homepage Skip to content Accessibility Help Your,20,B,55b3a9646872f4b669193f10e2fb7a65b3949ee4066c78f55417770ff1e34d3f,2026-10-07
966240b1e50b35ee,T7c0cdd2585,Wise,https://news.bbc.co.uk/sport1/hi/football/eng_prem/1370717.stm,1600000.00,GBP,200,NOT CONFIRMED (page fetched; figure not found near the player's name),UNVERIFIED,,,0,B,27ba650584d1e2eb19b3439b69db5ca4167962f2b95acb9b3d2d161b65d52202,2026-10-07
96746463c0d231a6,T500fdc7c25,Flitcroft,https://www.skysports.com/football/player/21446/garry-flitcroft,3500000.00,GBP,200,VERIFIED,VERIFIED,£3.5m,05 Mar 1992 Undisclosed Man City Blackburn 26 Mar 1996 £3.5m Blackburn Sheff Utd 12 Jan 2006 Undisclosed Related Garry Flitcroft N,22,B,3c0bcbc6772cb6fbb103c874efb9f5dc765e3c0295e1ec87949d18764543ce1c,2026-10-07
96810923b49dd792,T6e54d0d83e,2004}},https://www.bbc.co.uk/sport/football/articles/cy7z637nj8jo,75000000.00,GBP,200,NOT CONFIRMED (page fetched; figure not found near the player's name),UNVERIFIED,,,0,B,cbe064f58b34665fac34ac521133468803cc4cf9e9a459af40eb7f492610a5bf,2026-10-07
9689f5b784ab90e0,T142d835a48,Chadli,https://www.the-independent.com/sport/football/transfers/west-brom-transfer-news-baggies-sign-nacer-chadli-from-tottenham-to-break-clubrecord-transfer-fee-a7215256.html,13000000.00,GBP,200,VERIFIED,VERIFIED,£13m,comments Bookmark popover Removed from bookmarks Close popover Nacer Chadli's £13m move to West Brom has finally been confirmed ( Twitter @WBA,22,B,fa67eb20dd7121e65a29085543e3f192cc1a11cf0cd16e5be0c572aa6c7aa43d,2026-10-07
96b40d514205782c,T2f0c89e04c,Merson,https://www.independent.co.uk/sport/football-ravanelli-to-stay-at-middlesbrough-1252164.html,4500000.00,GBP,200,VERIFIED,VERIFIED,pounds 4.5m,"the First Division where he will play alongside new signing pounds 4.5m Paul Merson. In a statement Middlesbrough said: ""Fabrizio Ravanelli h",22,B,959465cbcca07f7e579565fd6efca494245bc81a42bade9cc90764a51424db87,2026-10-07
96b6929c385840d9,Tca085c9d0e,Rodriguez,https://www.bbc.co.uk/sport/48827145,10000000.00,GBP,200,NOT CONFIRMED (page fetched; figure not found near the player's name),UNVERIFIED,,,0,B,5d3899e56f3a177e0f397dcd58b5419bccf0254fc20589875d062338e27e7792,2026-10-07
96fea5ca15601570,Te96d31fd51,Boufal,https://www.skysports.com/football/news/11700/10556970/southampton-confirm-signing-of-sofiane-boufal-sky-sources-believe-it-to-be-for-club-record-16m,16000000.00,GBP,200,VERIFIED,VERIFIED,£16m,- Sky sources believe it to be for club record £16m | Football News | Sky Sports Skip to main content Sky,22,B,d688bdb8d44056917f38faa1fade11c3ad8e7a4dfe9fa811ce279424c005827f,2026-10-07
9701bda63fa4c994,T4b2c62dd25,Arrizabalaga,https://www.bbc.co.uk/sport/football/45120514,71000000.00,GBP,200,VERIFIED,VERIFIED,£71m,"Spain Chelsea have signed Kepa Arrizabalaga from Athletic Bilbao for £71m - the highest fee ever paid for a goalkeeper, and a",22,B,636d49834c23773138960a44b28e94f0a00139eb82edef29750a31e85d97bb83,2026-10-07
970abce6ccc6d746,T87a46b41a3,Cash,https://www.bbc.co.uk/sport/football/54009058,16000000.00,GBP,200,VERIFIED,VERIFIED,£16m,have signed right-back Matty Cash from Nottingham Forest for about £16m on a five-year contract. The 23-year-old Englishman came through the,21,B,4d0fb46976f73557cd91b7d97adead48aa2013d512f2df2f313355857039366a,2026-10-07
973a537d202c8002,Tf56b39c7da,Alves,https://www.skysports.com/football/news/3098063/boro-seal-record-alves-deal,12000000.00,GBP,200,VERIFIED,VERIFIED,£12m,"agreed to pay a club record fee of just over £12million. ""I'm delighted to have completed the deal. As usual at this",22,B,e13483e2a348efc80c214be7afc311cd27d80ed7b54711e54df9243806b80307,2026-10-07
975c18b8bfb286f9,T2caa827fac,Berbatov,https://www.skysports.com/football/news/15115/10507078/after-paul-pogbas-arrival-manchester-uniteds-previous-top-10-transfer-record-signings,30000000.00,GBP,200,VERIFIED,VERIFIED,£30m,Trafford. 3. Dimitar Berbatov Image: Dimitar Berbatov completed a dramatic £30m move from Tottenham on deadline day in the summer of 2008,22,B,9ca8e35ce5febdf3f2a85f496c21d54ae746ee1b7b70efaf1bea02e2cdbeaaea,2026-10-07
9781c7d65e16fe32,T3cef4ffa09,Milner,https://www.theguardian.com/football/2010/aug/17/manchester-city-james-milner-stephen-ireland,26000000.00,GBP,200,VERIFIED,VERIFIED,£26m,James Milner £26m transfer completes Manchester City's bonanza summer | Manchester City,12,B,cabe7045e5a6c4cdd40a397ab66091edbe85c41f450c5e1601e8f44bffaef9a5,2026-10-07
9784393a833aa976,Tac5df4048c,Wright,https://www.theguardian.com/football/2002/jul/24/newsstory.sport7,6500000.00,GBP,200,VERIFIED,VERIFIED,£6.5m,"is thought to have left Arsenal, whom he joined for £6.5m only last summer, in order to guarantee first team football, and",22,B,cac8a68304b53df3c08c931aee94ae916844dfa1ee05e467c2de1a9c8c564baa,2026-10-07
979480f28e556a4d,Tf0d472ce36,Mendy,https://www.sportsmole.co.uk/football/man-city/transfer-talk/feature/every-pl-club-that-broke-its-transfer-record-in-summer-2026-window_604298.html,22000000.00,GBP,200,VERIFIED,VERIFIED,£22m,£26m Carl Rushworth £22.5m +£3.5m Hull City * Nobel Mendy £22m Konstantinos Tsolakis £20m +£2m Ipswich Town * Emersonn £26.6m Jaden,21,D,bc6c319b13b9330e65ceabbcd0a113d009996f922dcf832948c1da689ee119d2,2026-10-07
97bdc9a6587a987d,T9a833580fb,Shaw,https://www.thefa.com/news/2014/jun/27/luke-shaw-signs-for-man-utd-270614,30000000.00,GBP,200,VERIFIED,VERIFIED,£30m,"week Luke Shaw has joined Manchester United in a reported £30m switch from Southampton, making him the world's most expensive teenag",21,D,99624645d6894dca1163e9a886dd9fa020400c6433a1ba64bc85f3b8990f5d9d,2026-10-07
97dd0de60b3459cd,T771a380b3b,Ferreira,https://www.skysports.com/football/news/4078857/ferreira-in-west-ham-talks,13200000.00,GBP,200,VERIFIED,VERIFIED,£13.2m,"understands. The Portugal international, who joined the Blues in a £13.2million deal from Porto in 2004, signed a new five-year deal in",22,B,634c3869fb5348eb1586cdb715f95d2f6848b92646449906d3ed2a6ae9d39a56,2026-10-07
97de5c16fc8d6065,T70d741ff9f,Pedro,https://www.bbc.co.uk/sport/football/65502319,30000000.00,GBP,200,VERIFIED,VERIFIED,£30m,from Watford for a club record fee of just under £30m. The 21-year-old joined Watford in 2020 and has scored 24 goals,22,B,ca9614506d237f1f0a4d2cc44a523b9a487126c2c4665b87c747ace2edbf4f6b,2026-10-07
97f48040f5ec34fb,T59a0067142,Robben,https://www.skysports.com/football/news/5520653/real-cash-in-on-dutch-duo,24000000.00,GBP,200,VERIFIED,VERIFIED,£24m,"Real, who he joined from Chelsea for around 27m euros (£24m) in 2007. Sneijder joined the same summer for a similar amount,",22,B,0dfa2bf6c608334a39b5cccdb718ae3bc72bf556aedba89405026bafebb7ad45,2026-10-07
97fc23a345373bb3,T91e7f375f8,Ince,https://www.skysports.com/football/news/11740/10932664/huddersfield-agree-fee-rising-to-lb11m-for-derby-winger-tom-ince,8500000.00,GBP,200,VERIFIED,VERIFIED,£8.5m,"structure of the deal, with Huddersfield to pay an initial £8.5m but seeking to structure future payments over a designated period, wh",22,B,142131ae7691dafcb4ae92c012271b043f23b54034b3797b308ea70d8296dd9a,2026-10-07
97fedbe3fe6f8311,Tdda5afce92,Makélélé,https://www.skysports.com/football/player/4855/claude-makelele,16800000.00,GBP,200,NOT CONFIRMED (page fetched; figure not found near the player's name),UNVERIFIED,,,0,B,5fd280cbc052ac9452ee92e62dbf1637b2aee348456972c7313870060ade7b97,2026-10-07
980046ce78f441ce,T3c70a4061b,Barmby,https://news.bbc.co.uk/sport2/hi/football/teams/l/liverpool/834045.stm,6000000.00,GBP,200,NOT CONFIRMED (page fetched; figure not found near the player's name),UNVERIFIED,,,0,B,706145631c02d943558044f6f1f6f2b0147d81419e8623e95fc15cc6a53c7da8,2026-10-07
981846e15e23a1a6,T5478af6d2a,1999}},https://www.bbc.co.uk/sport/football/articles/c0rw5jwzl4jo,31700000.00,GBP,200,NOT CONFIRMED (page fetched; figure not found near the player's name),UNVERIFIED,,,0,B,d518718b84c31901675ffa766d620b293a5658d5421051f66b37d1a44e66f126,2026-10-07
9844de47ecc13eb0,T331d3dd3f9,Ricketts,http://news.bbc.co.uk/sport1/hi/football/teams/w/walsall/2726619.stm,3500000.00,GBP,200,NOT CONFIRMED (page fetched; figure not found near the player's name),UNVERIFIED,,,0,B,5be3f30210ebe8aa82a82e296124374e2684098b700b272473e1579a42ec0736,2026-10-07
98491567c7627580,Tc282279abb,Füllkrug,https://www.bbc.co.uk/sport/football/articles/c77llr5y035o,27000000.00,GBP,200,NOT CONFIRMED (page fetched; figure not found near the player's name),UNVERIFIED,,,0,B,562da089a3a24f7ec14c0fd831395ce1d1257542f0e47b47f9df81bc6aaec322,2026-10-07
98615ceb8f0e1235,Ta45eabee23,McAtee,https://www.bbc.com/sport/football/articles/cx27e6wgxrlo,30000000.00,GBP,200,VERIFIED,VERIFIED,£30m,"of £37.5m, while Forest have paid Manchester City close to £30m for midfielder McAtee. Their arrivals at the City Ground come just",22,B,2cf930ecaacef0f5994fd10549ff60a82409f3e7ae46acd1d0b147c5de6d2431,2026-10-07
98a6fc7ea962111a,Tb8fd6a3f05,Heskey,https://www.bbc.co.uk/sport/football/articles/c2lqn01qwgro,8000000.00,GBP,200,VERIFIED,VERIFIED,£8m,Reigan Heskey signs for Cologne in deal worth up to £8m - BBC Sport BBC Homepage Skip to content Accessibility Help Your,22,B,bc6a17861332cf1d88cff627a41f510210ea4ab21f83aaa5d3c302c99b6bd914,2026-10-07
98d3a6eef3d40be0,T60a45e991c,Hargreaves,https://www.uefa.com/uefachampionsleague/news/0254-0d7ba173ae02-e8952cef42e1-1000--hargreaves-aiming-to-win-everything/,25000000.00,EUR,200,VERIFIED,VERIFIED,€25m,"2, 2007 Article summary Manchester United FC have completed the €25m signing of English international Owen Hargreaves, who says he wants t",22,B,a51ab40bf764f73aa16d84f33b11e49b1352cd2971324d4d6a753461f2f2f679,2026-10-07
996cdf11d5d9e566,T9419949f92,Harwood-Bellis,https://www.bbc.co.uk/sport/football/articles/c1kxmjvnl8yo,25000000.00,GBP,200,VERIFIED,VERIFIED,£25m,£29m for Harwood-Bellis. Villa have paid an initial fee of £25m - with £4m in potential add-ons - for the 24-year-old defender,22,B,fbd3af040c406eea045007ad6b19eea1cf7c794fcdcf8982932f1a60c056a4af,2026-10-07
9976ecc06984d4a9,T5e316af0ed,Dewsbury-Hall,https://www.bbc.com/sport/football/articles/cd175gvvnnno,30000000.00,GBP,200,VERIFIED,VERIFIED,£30m,Kiernan Dewsbury-Hall: Chelsea sign Leicester City midfielder for £30m on six-year contract - BBC Sport BBC Homepage Skip to content,20,B,42dd13d081fbd7d6ccd380fd4306a5667c265a0709da196854db869a85f01dee,2026-10-07
997dd7be006b6cac,T7989d7a6f6,Kulusevski,https://www.bbc.co.uk/sport/football/65941284,25000000.00,GBP,200,VERIFIED,VERIFIED,£25m,"Image caption, Kulusevski is reported to have cost Tottenham a £25m transfer fee Tottenham have completed the signing of Dejan Kulusevski",21,B,6a561c8659532362c4b25f014da51ef713e5c54dfd94ee99fd7305128d42c49f,2026-10-07
99967076d71c96de,T166c6c0bab,Cissé,https://news.bbc.co.uk/sport2/hi/football/teams/l/liverpool/6254338.stm,6000000.00,GBP,200,NOT CONFIRMED (page fetched; figure not found near the player's name),UNVERIFIED,,,0,B,cbca2ce6e48b279efddc5df589df195aa05ed0fec7f135362d39f60daad03f9d,2026-10-07
999eb584b666a385,Tab6c571fb1,Mooy,https://www.premierleague.com/en/news/425048,8000000.00,GBP,200,VERIFIED,VERIFIED,£8m,Huddersfield Town have made a big statement with the club-record £8million signing of midfielder Aaron Mooy from Manchester City. The Aust,21,A,63e38f7ef766f61fdd15a3a6d69765fd61a37de3becedc8e05167fa228014e30,2026-10-07
99afb10403059c5d,T616d255d59,Traoré,https://www.bbc.co.uk/sport/football/articles/c5y5rdl1739o,2000000.00,GBP,200,NOT CONFIRMED (page fetched; figure not found near the player's name),UNVERIFIED,,,0,B,a47edd9f367b47d0c5c47fad52f066a58c1c25c5ad3b6bcfa5fd287a819915c5,2026-10-07
99c5d2833b3b8e9a,Tb8d034cad0,Fornals,https://www.bbc.co.uk/sport/48484572,24000000.00,GBP,200,VERIFIED,VERIFIED,£24m,14 June Premier League Pablo Fornals [Villarreal - West Ham] £24m English Football League Tahvon Campbell [Forest Green - Cheltenham] F,21,B,bcf524a488746df0d083b07abce601739efa28318e7e3f0036ca69002baa37cc,2026-10-07
99cbaa40d4d3b056,Tc001bfa7ea,Nani,https://www.theguardian.com/football/2007/may/31/newsstory.sport10,50000000.00,EUR,200,NOT CONFIRMED (page fetched; figure not found near the player's name),UNVERIFIED,,,0,B,9c1b839d21827d8ff298b9e4a0014db637cbbe481cb9ce9091701915131476db,2026-10-07
99e9a67f28333c89,T9e6146a9ba,Palmer,https://www.bbc.co.uk/sport/football/66681498,40000000.00,GBP,200,VERIFIED,VERIFIED,£40m,Under-21 forward Cole Palmer from Manchester City for an initial £40m. The deal includes a further £2.5m in add-ons and the 21-year-old,22,B,e8c95cb5194fd1621994c80933ff51040c53360d6afbe1a41542ad56be455487,2026-10-07
9a50ab92f6a93681,T39c6aaedd7,Mutu,https://www.theguardian.com/football/2003/aug/12/newsstory.sport1,15800000.00,GBP,200,VERIFIED,VERIFIED,£15.8m,agreed a five-year deal at Stamford Bridge after signing for £15.8m from Parma and is hoping to receive his permit in time,22,B,8788201023e89febf36e3f7a8042310ee1c86769846eda0366d9d1fcc314c5a3,2026-10-07
9a8124ef3fe6a73f,Teaa5ed5150,Leoni,https://www.bbc.com/sport/football/articles/c9d09y292jeo,26000000.00,GBP,200,VERIFIED,VERIFIED,£26m,Giovanni Leoni: Liverpool sign 18-year-old defender from Parma for £26m - BBC Sport BBC Homepage Skip to content Accessibility Help Your,21,B,2fc01a97bb34ce908eeb2ddf52464de1504626316b8af042ccc3e67f3194382a,2026-10-07
9a965eaa0918c034,Tecc350fa0e,Jesus,https://www.bbc.co.uk/sport/football/61983873,45000000.00,GBP,200,VERIFIED,VERIFIED,£45m,Gabriel Jesus: Arsenal sign Brazil forward from Manchester City for £45m on long-term deal - BBC Sport BBC Homepage Skip to content,22,B,124a79b7185050d1c4b47ab6854dfbaeb914aca283eb5f43ba54caf84377facc,2026-10-07
9a9f8b8394e3080b,Tbf5a701e2b,Carvalho,http://news.bbc.co.uk/sport1/hi/football/teams/c/chelsea/8902830.stm,6700000.00,GBP,200,VERIFIED,VERIFIED,£6.7m,signing of Portugal centre-back Ricardo Carvalho from Chelsea in a £6.7m deal. The 32-year-old passed a medical and signed a two-year deal,22,B,9cb6155661b2924622398faca200a30235ca2c9a28eeed77f0bc77c407008a18,2026-10-07
9aa6a3c786286fcd,Tf4bae5af59,Gyökeres,https://www.the-independent.com/sport/football/viktor-gyokeres-arsenal-transfer-news-sesko-ekitike-arteta-b2791678.html,64000000.00,GBP,200,NOT CONFIRMED (page fetched; figure not found near the player's name),UNVERIFIED,,,0,B,06d88d2f5eff1e4b7a19968fa4b889b107731000489a9741c58a437228c9036c,2026-10-07
9ab08d009620d0ae,T3410527b68,Fàbregas,https://www.bbc.co.uk/sport/football/14482418?pubDate=20250411,35000000.00,GBP,200,NOT CONFIRMED (page fetched; figure not found near the player's name),UNVERIFIED,,,0,B,cc6f0ff8fdf043cd0a7e3ad3c5d779b66a2bd5ef78ccc0a36aa3ffa55a34b828,2026-10-07
9ad75068c8bb7070,Te657f37232,Emerson,http://www.espn.com/soccer/chelsea/story/3357802/chelsea-complete-signing-of-roma-left-back-emerson-palmieri,20000000.00,GBP,202,BLOCKED or gone (202),UNVERIFIED,,,0,B,,2026-10-07
9b4c772be0aeb2c4,T66a68bb7eb,Cashin,https://www.bbc.co.uk/sport/football/articles/c75zv00dpq3o,9000000.00,GBP,200,VERIFIED,VERIFIED,£9m,"2030, with sources saying Brighton have paid a fee of £9m. Cashin has been a long-term target for Brighton and he was",22,B,f08b684fab6ad431e1e1a56e74fe6465774ab4440a39f43fc57dcbda63d2db7e,2026-10-07
9b51d492bd0ba998,T5f279493ca,Lukaku,https://www.bbc.co.uk/sport/football/49146040,74000000.00,GBP,200,VERIFIED,VERIFIED,£74m,Lukaku: Inter Milan sign Belgium striker from Manchester United for £74m - BBC Sport BBC Homepage Skip to content Accessibility Help Your,22,B,8bd4a01e9c04f1d8045a4b83e84db98f0264c1916eda8c3d50e81c27efbe092d,2026-10-07
9bab7b817e056042,Tdb6c0a7f6e,Wright,https://www.bbc.co.uk/sport/football/articles/cx2e7r04dpno,2300000.00,GBP,200,VERIFIED,VERIFIED,£2.3m,Jacob Wright: Norwich sign Manchester City midfielder for £2.3m - BBC Sport BBC Homepage Skip to content Accessibility Help Your,20,B,3a89b187662c8d0b584a7c98939d0ea1a2618f7ec02f74fb696b11a27997d633,2026-10-07
9bc3150334d9c7f9,Tf3a565a88d,Osborn,https://www.independent.co.uk/sport/football-qpr-break-club-record-for-zelic-1593472.html,1100000.00,GBP,200,VERIFIED,VERIFIED,pounds 1.1m,alian international Ned Zelic moved from Borussia Dortmund for pounds 1.25m. The three- year deal exceeds the pounds 1.1m Rangers invested,21,B,4f58395c6ca2ff00894958506e14921f0ff1fa6296590e180f2df7472b4580c7,2026-10-07
9be0898028ba8ae9,T7ec1174c57,Paulinho,https://www.theguardian.com/football/2013/jul/05/paulinho-tottenham-medical-transfer-corinthians,17000000.00,GBP,200,VERIFIED,VERIFIED,£17m,Paulinho completes £17m move to Tottenham | Tottenham Hotspur | The Guardian Skip to,14,B,7069975c3d64a3aaf201795ae5eb16baf7a65d5862fa0f67f8fc6d9ebfd207f4,2026-10-07
9c00edebf26f493f,Td7d5098675,Lennon,https://www.telegraph.co.uk/sport/football/competitions/scottish-premier/2994143/Lennon-realises-dream-to-join-his-idols-Celtic.html,5750000.00,GBP,200,VERIFIED,VERIFIED,£5.75 m,NEIL LENNON joined his boyhood idols yesterday when Celtic paid £5.75 million for Leicester City's Northern Ireland international with a smal,21,B,e3377ab6e80abcc3a6da644786d161c7c59e55610e3fd1c08b2540dcc51ed90e,2026-10-07
9c3a7b0b0bc30a58,Tf2b5ff5e3b,Zabarnyi,https://www.bbc.co.uk/sport/football/64464428,24000000.00,GBP,200,VERIFIED,VERIFIED,£24m,"Cherries from Dynamo Kyiv for a fee reportedly worth about £24m. , external He has signed a five-and-a-half-year deal at Vitality Sta",22,B,9e10414ab389736b09e35804342a88573828d669653cc0ca17b6face7a97c695,2026-10-07
9c4904ee101d39e2,Tf56b39c7da,Alves,https://www.skysports.com/football/middlesbrough-vs-sunderland/report/11395,12700000.00,GBP,200,VERIFIED,VERIFIED,£12.7m,American's pass and then return the favour as the club's £12.7million record signing headed into the box. Quality Alves' finish was e,22,B,553c8a75e919e0e2984edf34fed8d813eb314e1d04ffa5192e6de0dac3886f0f,2026-10-07
9c87f36e77bdc9fe,T8e47c30f0e,Anderson,https://www.bbc.co.uk/sport/football/articles/c1j1gk23jj4o,116000000.00,GBP,200,VERIFIED,VERIFIED,£116m,Elliot Anderson transfer: Man City seal £116m deal for England and Forest midfielder - BBC Sport BBC Homepage,18,B,78d5250853ae5a0b356f611972923ec9c631d551a9e4817077f166c4bdedcf65,2026-10-07
9c8bfd59384ddd21,Tbd7bf1fafa,Monkou,https://www.independent.co.uk/sport/football-southampton-sign-monkou-1541889.html,750000.00,GBP,200,NOT CONFIRMED (page fetched; figure not found near the player's name),UNVERIFIED,,,0,B,4cbb8399dfca0ab8301634bccec352fe242add1355ce7b0849b8fe3dbbff3065,2026-10-07
9c9b3af1728d385b,T2dcb000b5a,Iroegbunam,https://www.bbc.co.uk/sport/football/articles/cje8x575v51o,13000000.00,GBP,200,VERIFIED,VERIFIED,£13m,"Toffees after two years at the club for an initial £13m, although the fee could rise by a further £9m with add-ons,",22,B,7ed3b48d6c35bec283f15d96f3287cf35a5fa9b72c51498b11cb2bfce1e29ded,2026-10-07
9ca344d9c6382d31,Tbe96e74c70,Fernandes,https://www.skysports.com/football/news/11667/11983950/fifa-investigating-bruno-fernandes-sell-on-clause-in-manchester-united-move,55000000.00,EUR,200,VERIFIED,VERIFIED,€55m,"sold Fernandes to Manchester United in January for an initial €55m (£48m), and Sampdoria believe they are owed €4.6m (£4m) as part",22,B,a556d7c723be3906bb94924049765d72eba882e5a48e31751b9c1c33f2dd6aa4,2026-10-07
9cdc9ad420d074fb,Tc64d94ed7a,Areola,https://www.bbc.co.uk/sport/football/61948307,10500000.00,GBP,200,VERIFIED,VERIFIED,£10.5m,"Areola, but it has been widely reported to be around £10.5m. ""The vibe of last season was great so I just wanted",22,B,ff0e97e747169881845e79a0ae4d1ea24d063a872b894b7ee2e0ea1daebb0231,2026-10-07
9d2ea339fef0ef65,T47b082308a,Barrenechea,https://www.nytimes.com/athletic/6494688/2025/07/15/aston-villa-enzo-barrenechea-benfica-15m-deal/,10400000.00,GBP,403,BLOCKED or gone (HTTP403),UNVERIFIED,,,0,B,,2026-10-07
9d3de7d80d69db2e,T5f381e4845,Özil,https://www.theguardian.com/football/2013/sep/02/mesut-ozil-arsenal-real-madrid,50000000.00,EUR,200,NOT CONFIRMED (page fetched; figure not found near the player's name),UNVERIFIED,,,0,B,6ea784e98e02d555dbdedea748bf5b4e7a784da204ed5b952a412bb5bf57282d,2026-10-07
9d7c5c8b271f0134,T67ce25786e,Pallister,https://news.bbc.co.uk/1/hi/sport/football/129636.stm,2500000.00,GBP,200,NOT CONFIRMED (page fetched; figure not found near the player's name),UNVERIFIED,,,0,B,b6c98e4add148dda628dc97c6958c4148e6e3f85c84973ddd3cc0d89c7e37cb7,2026-10-07
9da86b3eb755dbcb,T08c9a3560e,Bony,https://www.bbc.co.uk/sport/football/30767719,28000000.00,GBP,200,VERIFIED,VERIFIED,£28m,Wilfried Bony: Swansea agree £28m deal with Man City - BBC Sport BBC Homepage Skip to,16,B,9336ff59e7c7934af462b5859a27992cd8fa1fdfd12992966b6ef783df0a348f,2026-10-07
9db31a414e104a10,Td1a867c58b,Roy,https://www.independent.co.uk/sport/football-football-fact-file-1414360.html,2500000.00,GBP,200,VERIFIED,VERIFIED,pounds 2.5m,orward) Norwich City to Blackburn Rovers ( pounds 5m); Bryan Roy (forward) Foggia (It) to Nottingham Forest ( pounds,19,B,38003e9b2580a42f62dcf6b8887761301d5ff8501946b2e3ccbd586dd8ff0643,2026-10-07
9dbb279d1c2ac890,Tc5871ac252,Bellion,https://www.theguardian.com/football/2003/oct/17/newsstory.sport8,3000000.00,GBP,200,VERIFIED,VERIFIED,£3m,Google Manchester United yesterday agreed to pay Sunderland up to £3m for David Bellion rather than rely on an independent tribunal to,22,B,03debb09c6b25a29e27400d84411ebf464ed7913714e40e799d2154bebb37563,2026-10-07
9dd96b9a94efddb2,T5f279493ca,Lukaku,https://www.theguardian.com/football/2019/aug/07/inter-hopeful-of-signing-romelu-lukaku-from-manchester-united-after-new-bid,80000000.00,EUR,200,VERIFIED,VERIFIED,€80m,and Juventus. It is understood Inter will pay up to €80m (£73.75m) for the striker and a sell-on clause has been inserted,22,B,e4b0b9335498e2d96fe73d536cf8450f4a0809d0c8b8c33b9672ee0c12066e82,2026-10-07
9df361ccf01b100b,Ta7da8721da,Vieira,https://www.theguardian.com/football/2005/jul/28/newsstory.sport,13750000.00,GBP,200,VERIFIED,VERIFIED,£13.75m,"fulfil a contract that had two years to run. His £13.75m switch to Serie A was, therefore, unexpected. ""We have all been",22,B,01676b707bc309ce88884f7868195ad51b428d632e8db3661d66fb1b038031a8,2026-10-07
9e03d24683ff654f,Tf517fdba62,Drogba,https://www.theguardian.com/football/2004/jul/20/newsstory.chelsea,24000000.00,GBP,200,VERIFIED,VERIFIED,£24m,"when he completed his transfer from Marseille, for a reported £24million. New Chelsea boss Jose Mourinho has long been an admirer of",22,B,f18e874e392c55622d8b47db2f6591ffe38affb9749b423205e8e69ffc4b9443,2026-10-07
9e5713661e054af5,Tf5f799ad52,Sutton,https://www.theguardian.com/football/1999/jul/05/newsstory.sport2,10000000.00,GBP,200,VERIFIED,VERIFIED,£10m,Chelsea sign £10m Sutton | Soccer | The Guardian Skip to main content Skip,14,B,36c00c429a3717a0e290f98b29b7e2dfdf8dacfb1a7ce93dc7374cf0360ba139,2026-10-07
9e57c418f11d1a6c,Te32dacacdf,Okafor,https://www.bbc.com/sport/football/articles/ce83w74gl54o,18000000.00,GBP,200,VERIFIED,VERIFIED,£18m,Leeds United have signed AC Milan striker Noah Okafor for £18m to take spending by Premier League clubs this summer to a,22,B,28399bfafe69fa1778de8472fadf8c89d9fcbcac6e26668a5fecb0e1c7b5ec2f,2026-10-07
9eb840d16eac35b7,T4d9bfca66e,Jones,https://www.theguardian.com/football/2010/aug/11/stoke-sign-kenwyne-jones,8000000.00,GBP,200,VERIFIED,VERIFIED,£8m,Stoke sign Kenwyne Jones from Sunderland for £8m | Stoke City | The Guardian Skip to main content Skip,19,B,2701f442bf52bed204fea8d02ea75b122650641a7d313da736ea3c3691570d5f,2026-10-07
9ed23a0797ccf495,Tf4bd02b3c2,Diouf,https://www.reuters.com/sports/soccer/brentford-sign-senegal-defender-diouf-west-ham-2026-08-28/,54350000.00,USD,401,BLOCKED or gone (HTTP401),UNVERIFIED,,,0,B,,2026-10-07
9ee94545517cea57,T695bf90c29,Kipré,https://www.expressandstar.com/sport/football/west-bromwich-albion/2020/09/04/west-brom-announce-signing-of-cedric-kipre/,900000.00,GBP,200,NOT CONFIRMED (page fetched; figure not found near the player's name),UNVERIFIED,,,0,D,26cf4a17df7fc714b16e5a97f86cb636c91d0db486dc19b13acee305e5928e44,2026-10-07
9ef57dd28dc473b2,T6e4c7b6f38,Isak,https://www.independent.co.uk/sport/football/eddie-howe-alexander-isak-newcastle-xfactor-callum-wilson-b2153485.html,58000000.00,GBP,200,VERIFIED,VERIFIED,£58m,Sociedad frontman completed a move understood to be worth around £58million on Friday afternoon when he put pen to paper on a,22,B,7d91d92333180aaea9792eae7bc5e266d30d666b8a731c5cf37a9659d33a7eb6,2026-10-07
9f2136d16ad2ba26,T3dd23053ad,Keane,https://www.bbc.co.uk/sport/football/40447200,30000000.00,GBP,200,VERIFIED,VERIFIED,£30m,"for a fee that could rise to a club record-equalling £30m. Keane, 24, moves to Goodison Park after agreeing a five-year contrac",22,B,7517776b1e47141858d1c2d601870892ea43bde89fb14e60956d2ac84244614e,2026-10-07
9f5c6e6a155c031c,T767d75ebae,2004}},https://www.bbc.com/sport/football/articles/c903dvqvgpqo,30800000.00,GBP,200,NOT CONFIRMED (page fetched; figure not found near the player's name),UNVERIFIED,,,0,B,7b4530ba387eb349cb8db3de1babe1e7983608c47e0107e38644c8e25cc1d993,2026-10-07
9f67bc09a2f35871,T32ffc77594,Aït-Nouri,https://www.bbc.co.uk/sport/football/articles/cvgv7gee971o,31000000.00,GBP,200,NOT CONFIRMED (page fetched; figure not found near the player's name),UNVERIFIED,,,0,B,31906ce2f53e06f982a8bd70c58f2fc281dbc3b97fd350cc2dba5fe9247336f2,2026-10-07
9f9d7df5e37dce35,Tbc1b253fc5,Sar,https://www.theguardian.com/football/2001/aug/01/newsstory.sport6,7000000.00,GBP,200,VERIFIED,VERIFIED,£7m,Fulham capture Van der Sar in surprise £7m move from Juventus | Soccer | The Guardian Skip to main,19,B,ced59edc107b1edd7734178c3e26bc97809f573152be9afa751b81a1b62f0950,2026-10-07
9fc7795e8663f745,T2db3bdad51,Saliba,https://www.bbc.co.uk/sport/48827145,27000000.00,GBP,200,VERIFIED,VERIFIED,£27m,City - Aston Villa] £15m William Saliba [Saint-Etienne - Arsenal] £27m (returns to Saint-Etienne on loan for season) English Football League,21,B,36ebe74b3ead5f7687ad43171ed5372d312732df0222a01cda9be57a01d2a591,2026-10-07
9fce14a2cd2bf815,Tc5871ac252,Bellion,https://www.skysports.com/football/news/2278997/united-agree-bellion-fee,2000000.00,GBP,200,VERIFIED,VERIFIED,£2 m,"hearing has now been postponed with a compensation package of £2 million being agreed. Bellion joined United in the summer, with Sunderl",22,B,5b9c11c9d21301d40a659e59074caedca244ab5610a1329290f4e1560515a139,2026-10-07
9fd15ac9c71d831b,Tbc390c6bcf,Coady,https://talksport.com/football/1485298/conor-coady-leicester-transfer-wolves-everton/,7500000.00,GBP,200,VERIFIED,VERIFIED,£7.5m,penned a three-year contract in a deal worth an initial £7.5million - rising to £8.5m if Leicester are promoted this season. Centre,22,D,b3b6762d7fef50594f02cbc51c15c0db4396aba55d958de3050649b370a80f91,2026-10-07
a0388b380db1deac,T1221f9e8ec,Bouaddi,https://www.the-independent.com/sport/football/man-city-ayyoub-bouaddi-transfer-news-enzo-fernandez-b3039503.html,85000000.00,GBP,200,VERIFIED,VERIFIED,£85m,"in Manchester City have signed Ayyoub Bouaddi from Lille for £85m in a record Premier League price for a teenager. Bouaddi, who",22,B,012eeac9ca5a7abdf01076c1fe785a5eeacf1d6c5d84ea332a564cb885f04b2e,2026-10-07
a069baf85c200526,Td1c1322f4c,Kadıoğlu,https://www.bbc.co.uk/sport/football/articles/cly85ryg3z9o,25000000.00,GBP,200,NOT CONFIRMED (page fetched; figure not found near the player's name),UNVERIFIED,,,0,B,c7f1437b26e15d75fdcc153fc2c69c7128f28deabcc557055d322d348ce9c840,2026-10-07
a0c80096b9643b98,T3863bf7ffb,Trafford,https://www.bbc.com/sport/football/articles/c0l592513y9o,45000000.00,GBP,200,VERIFIED,VERIFIED,£45m,Trafford joins from Manchester City in deal worth up to £45m - BBC Sport BBC Homepage Skip to content Accessibility Help Your,22,B,0df4bf891926d9609ff72eecd24f5f3a39599a3be0626c6d8b66542d8f6ebf21,2026-10-07
a0d89d3e0388a7b8,T915f09b1e4,Dijk,https://www.bbc.co.uk/sport/football/42496637,75000000.00,GBP,200,VERIFIED,VERIFIED,£75m,van Dijk: Liverpool to sign Southampton defender for world record £75m - BBC Sport BBC Homepage Skip to content Accessibility Help Your,22,B,da82523fe9e4b0c71b2bb7d5e4f1436d163bf703dc5e77865abfc037bbd03e57,2026-10-07
a0edc209f595a0a2,T26cf8ee6fd,Henry,https://www.theguardian.com/football/1999/aug/04/newsstory.sport5,10000000.00,GBP,200,VERIFIED,VERIFIED,£10m,Henry. The 21-year-old has been purchased for a club record £10m from Juventus on a five-year contract as a direct striking replacemen,22,B,9085fab5539ffd2644b30d70ff0a4a478236896853ee6a3b2254ce119a5196cf,2026-10-07
a15d7956779f7197,T3db621fdd6,Fornals,https://www.bbc.co.uk/sport/football/68186222,6800000.00,GBP,200,VERIFIED,VERIFIED,£6.8m,West Ham in June 2019 Pablo Fornals has completed a £6.8m move from West Ham to Spanish side Real Betis. The deal,22,B,a8d27bcce6b75ef9f075ac574906fd2ca8b4631e31e1060f44953b34a4a832e2,2026-10-07
a16818ac2d897413,T0ec14cedc8,Fernandinho,https://www.uefa.com/uefachampionsleague/news/020a-0e850aab1c08-8c29d17a164f-1000--city-recruit-fernandinho-from-shakhtar/,40000000.00,EUR,200,VERIFIED,VERIFIED,€40m,in a transfer said by the Pitmen to be worth €40m. Article top media content Fernandinho (left) will face Chelsea again,21,B,be7e76d7ec64c7639deba75c58fac054d8224bf4ff181027261407afbb3743e1,2026-10-07
a19ae61f509df6ac,Tccd695c233,Fletcher,https://www.skysports.com/football/news/5408244/clarets-break-bank-for-fletch,3000000.00,GBP,200,VERIFIED,VERIFIED,£3m,signing of Steven Fletcher from Hibernian for a club record £3million. More from Football England 3-0 Czech Republic: Harry Kane mark,21,B,4273678015d26fc28f9bb7fcdc63570bbe6e4a406035cf5136bff2b83ee0c38b,2026-10-07
a19f6d241b352407,T39d5b9ca36,Jackson,https://www.bbc.co.uk/sport/football/66007461,32000000.00,GBP,200,VERIFIED,VERIFIED,£32m,"but it has been widely reported that Chelsea will pay £32m for Jackson , external . Pochettino is in the process of",22,B,bf0db7723e7960f21e97b81e626dd542a7b867c3fdc0477a2bd8dcce84feb567,2026-10-07
a1a56b1e6bc0f5ad,T5272bca461,Ugochukwu,https://www.bbc.co.uk/sport/football/66378341,23200000.00,GBP,200,VERIFIED,VERIFIED,£23.2m,on loan after the midfielder joined Chelsea for 27m euros (£23.2m) from Rennes. Ugochukwu has signed a seven-year deal but Pochettino h,22,B,a44b29f0a65da659578f5b461fda57285a7965b5faf1128753babdbfa6e2278e,2026-10-07
a1af32409ca66641,Tbb6ebc4c94,Cutrone,https://www.bbc.co.uk/sport/48827145,16000000.00,GBP,200,VERIFIED,VERIFIED,£16m,30 July Premier League Patrick Cutrone [AC Milan - Wolves] £16m English Football League Kielen Adams [Bradford - Oldham] Free Theo Ar,22,B,4ec9df1cd0e3970d6fce1d955645ea47c6c990060eb2b934c4c71552745c9115,2026-10-07
a1bccfbb9d9e05e9,T05899e26df,Haaland,https://www.skysports.com/football/news/2234605/alfi-helps-out-bryne,2500000.00,GBP,200,VERIFIED,VERIFIED,£2.5 m,"1997 before being signed by Manchester City in 2000 for £2.5 million. Around Sky Upgrade to get all of Sky Sports, including",22,B,f7808dd84a495dcb4b73ac2312fe3d5b4896ade31e28b8fcdee338043ad74c61,2026-10-07
a1ec8ea4d84c1e5e,Tc7017e8a4d,Voronin,https://news.bbc.co.uk/sport1/hi/football/teams/l/liverpool/8450798.stm,1800000.00,GBP,200,NOT CONFIRMED (page fetched; figure not found near the player's name),UNVERIFIED,,,0,B,4a194ee32ac0113d0325f97d1d4a299d5b9cbf155a37eec3ffdc3a984a00fbf6,2026-10-07
a1f69b14d41dbb4b,Tcbcd60cec1,Kudus,https://www.bbc.com/sport/football/articles/cr793e22k2no,55000000.00,GBP,200,VERIFIED,VERIFIED,£55m,Mohammed Kudus: Tottenham agree £55m deal with West Ham for Ghana midfielder - BBC Sport BBC,16,B,c121238abb39963fc801a919d9cb3cdbd7988e3aca7e75cab44a036147a41366,2026-10-07
a20cb5e5f3a61aae,T42eaca6ab1,Gilmour,https://www.bbc.com/sport/football/62756374,7500000.00,GBP,200,VERIFIED,VERIFIED,£7.5m,loan at Norwich last term Brighton have agreed an initial £7.5m fee that could rise to £10m to sign Billy Gilmour from,22,B,ebdc971c154923757d957298006602e0460fcf7c8d1a2696a2171f64b33464cb,2026-10-07
a22bad0e583fc7d4,T032707e046,Doak,https://www.bbc.com/sport/football/articles/cm2vxp3e7gro,20000000.00,GBP,200,VERIFIED,VERIFIED,£20m,Bournemouth have signed Liverpool winger Ben Doak for an initial £20m with a further £5m in add-ons. The 19-year-old has signed a,22,B,c78c4caf2e0721504e93b73065c1f0e959b72b9dc033a633b77567f119d16b5c,2026-10-07
a2502cfbf2b3d39f,T9d6ab779df,Gómez,https://www.bbc.com/sport/football/articles/c3g9dn1dz03o,8400000.00,GBP,200,NOT CONFIRMED (page fetched; figure not found near the player's name),UNVERIFIED,,,0,B,69c783a160bbbb692522b7c73de6a589944438bb6268d50ad74c21c5091b06af,2026-10-07
a265ae48e9642c22,T26972c10ea,Truffert,https://www.bbc.co.uk/sport/football/articles/c4grg1nwznqo,14400000.00,GBP,200,VERIFIED,VERIFIED,£14.4m,Bournemouth have signed defender Adrien Truffert from Rennes in a £14.4m deal. The 23-year-old France left-back has agreed a five-year contrac,21,B,cb1431feed9a708e3bd27fa5a86d8ef8021a4b77852277fefda2bf98090903fb,2026-10-07
a298e3f535ed92eb,Ta95fb57a3a,Semedo,https://www.bbc.co.uk/sport/football/54262570,27600000.00,GBP,200,NOT CONFIRMED (page fetched; figure not found near the player's name),UNVERIFIED,,,0,B,dc2452c3200f204fb2260ae5e5c5098366dad73b2a757b3253bdc3ff1edaa6f5,2026-10-07
a2ae89b965e401fe,T334c8cb1b5,González,https://www.bbc.co.uk/sport/football/articles/c98yqd3z7gro,50000000.00,GBP,200,NOT CONFIRMED (page fetched; figure not found near the player's name),UNVERIFIED,,,0,B,37f5e9da30b2a61f1f3869aae4c30f0193e7fe12f958a312060ba22dcd328411,2026-10-07
a2b4b5b85bfcced6,Tff1d79ea21,Johnson,https://news.bbc.co.uk/sport1/hi/football/teams/l/leeds_united/1607382.stm,7000000.00,GBP,200,NOT CONFIRMED (page fetched; figure not found near the player's name),UNVERIFIED,,,0,B,64b6ffaf1b890076178213009d3f3231c527562ad835aa22fe6c7642d2645f75,2026-10-07
a2b8e35d1f0199bb,Tebf3bf1236,Slimani,https://www.independent.co.uk/sport/football/transfers/islam-slimani-to-leicester-city-premier-league-champions-confirm-clubrecord-ps28m-signing-from-sporting-lisbon-a7218901.html,28000000.00,GBP,200,VERIFIED,VERIFIED,£28m,Islam Slimani to Leicester City: Premier League champions confirm club-record £28m signing from Sporting Lisbon | The Independent | The Independent Than,22,B,921969f88637166dda22e641a603755356354e6a269413c5d9da0386bf9757c8,2026-10-07
a2ba160572650d59,T8e47c30f0e,Anderson,https://www.thetimes.com/sport/football/article/elliot-anderson-manchester-city-transfer-british-record-fee-nottingham-forest-8v3v88rfz,116000000.00,GBP,200,VERIFIED,VERIFIED,£116m,Elliot Anderson: Man City agree record £116m fee with Nottingham Forest Accessibility Links Skip to content Home U,18,D,e143c799f74649a11200459fe9fcd6adeb6d3afd9d83b81d0aed44be8749fcba,2026-10-07
a2d3148337e9c0ce,Tbb1f831a05,Núñez,https://www.independent.co.uk/sport/football/chelsea-transfer-marc-cucurella-fee-brighton-b2138830.html,67500000.00,GBP,200,NOT CONFIRMED (page fetched; figure not found near the player's name),UNVERIFIED,,,0,B,6cfe6829468a9af5d88b826f25336eb2c7ffdc9b054adbf9857113705079a33c,2026-10-07
a2d8ea2a6cc0cfd5,T5789114065,Mustafi,https://www.skysports.com/football/news/10558814/arsenal-complete-deal-to-sign-defender-shkodran-mustafi-from-valencia,35000000.00,GBP,200,VERIFIED,VERIFIED,£35m,"deal at Arsenal, for a fee which could rise to £35m. Image: Mustafi is currently away with the Germany national squad He",22,B,6b6f9faa2cf6297373fbe8932d7d7e2bd4529c0c4b47f16b9c18516a542b8f4d,2026-10-07
a2dcffa86560bad2,T6095af4dfa,Taggart,https://www.independent.co.uk/sport/taggart-deal-clears-stubbs-path-to-highbury-1594424.html,1500000.00,GBP,200,VERIFIED,VERIFIED,pounds 1.5m,"move over the Pennines and into the Premiership in a pounds 1.5m deal. And as this follows Bolton's pounds 500,000 purchase of",22,B,833451627e4415c74cc0f8a06b68dc3726f207c0c973fabe75a4af59d7a68245,2026-10-07
a2e3de8129eef8a3,Tae5a1cce30,Martínez,https://www.bbc.co.uk/sport/football/62262148,57000000.00,GBP,200,NOT CONFIRMED (page fetched; figure not found near the player's name),UNVERIFIED,,,0,B,b0ff33d218fa203697dc0beb5dccd1f9a2cd8f5b86dbf313ded5c823c0553922,2026-10-07
a2f6589222757227,T3648e6e9fd,Tonali,https://www.bbc.co.uk/sport/football/66006906,55000000.00,GBP,200,VERIFIED,VERIFIED,£55m,as his side prepares for Champions League football. The reported £55m fee would make him the most expensive Italian footballer of all,22,B,4dd817ff51cc9154d88c31648d455b254f9d0699d1a6aff78fea2c6e0779943c,2026-10-07
a30cbcf7210c1562,Te6032c20e1,Ferguson,https://www.skysports.com/football/player/21072/duncan-ferguson,4000000.00,GBP,200,NOT CONFIRMED (page fetched; figure not found near the player's name),UNVERIFIED,,,0,B,7efbf22d509729ad3939f51ec7e8517c5bb15bb509ee6ebd2e9edde4dbb0ecca,2026-10-07
a32af162706c2be5,Te860f01b0f,Konsa,https://www.bbc.co.uk/sport/48827145,12000000.00,GBP,200,VERIFIED,VERIFIED,£12m,11 July Premier League Ezri Konsa [Brentford - Aston Villa] £12m English Football League Tyler Denton [Leeds - Stevenage] Undisclosed,20,B,59e753d2abe6bc4b4d7abe459f9e78831835b5d4bd614ce3520a33936961679c,2026-10-07
a42f40d6c0d09393,T25a42b1341,Kramarić,https://www.bbc.co.uk/sport/football/30719419,9000000.00,GBP,200,NOT CONFIRMED (page fetched; figure not found near the player's name),UNVERIFIED,,,0,B,60dc8cbe6b5a6db5f87d397ba986772078efd88d300ae2b4688f5696556bff8b,2026-10-07
a43d7dabb6ec7c1a,T2c3d711e3f,Casemiro,https://www.independent.co.uk/sport/football/casemiro-manchester-united-transfer-fee-cristiano-ronaldo-b2148631.html,60000000.00,EUR,200,VERIFIED,VERIFIED,€60m,Manchester United confirm Casemiro signing in €60m transfer from Real Madrid | The Independent Thank you for registering,18,B,18eb0336070d8d24198ae23f9a264a7a9dfe324b0e5c3f62c84646c4d2668429,2026-10-07
a441dccd849bb132,T4af60a5855,Kranjčar,https://www.theguardian.com/football/2012/jun/06/tottenham-niko-kranjcar-dynamo-kyiv,5750000.00,GBP,410,BLOCKED or gone (HTTP410),UNVERIFIED,,,0,B,,2026-10-07
a47c41c5c59bf842,T98f2762ab4,Gvardiol,https://www.theguardian.com/football/2023/aug/05/manchester-city-josko-gvardiol-signing-transfer-window,90000000.00,EUR,200,VERIFIED,VERIFIED,€90m,This article is more than 3 years old Centre-back completes €90m (£77.6m) move from RB Leipzig Chelsea announce arrival of Brighton ke,22,B,3d75af81a32a70158979b003c888c1cf4ce1f96176aecacb869bcbe1874d1159,2026-10-07
a4831bf27e59e9a1,Tfb7ee259be,Merson,https://www.independent.co.uk/sport/football-merson-s-jibes-anger-robson-1197035.html,6750000.00,GBP,200,VERIFIED,VERIFIED,pounds 6.75m,Already a member? Log in PAUL MERSON yesterday completed his pounds 6.75m move from Middlesbrough to Aston Villa and provoked an angry,22,B,33c67206093c2954c543ad648a953883469e69b80af5cc903795bbefbed1b6bd,2026-10-07
a495ceafba4d5bfa,T5ae53ce5d6,Afobe,https://www.skysports.com/football/news/11743/10125668/bournemouth-finalise-move-for-wolves-striker-benik-afobe,10000000.00,GBP,200,VERIFIED,VERIFIED,£10m,to sign Benik Afobe from Wolves for a club record £10m fee Bournemouth have signed Wolves striker Benik Afobe for an undiscl,22,B,51700ab1ee7abafdd46fc8b7bcab2b3cdfa9991f95dab255e2601ab2978be966,2026-10-07
a4b5fe1f73908bde,Tdd306bbd9c,Rice,https://www.bbc.co.uk/sport/football/65982835,105000000.00,GBP,200,VERIFIED,VERIFIED,£105m,Declan Rice: Arsenal sign England midfielder from West Ham for £105m - BBC Sport BBC Homepage Skip to content Accessibility Help Your,22,B,c17949b4d693fa1d7ddcee38af4a8da8a406753401bc0ef298e6846e4a382240,2026-10-07
a4b71ddf6b37f3ed,T7a4c04a3f0,Sarr,https://www.bbc.co.uk/sport/football/49283719,25000000.00,GBP,200,VERIFIED,VERIFIED,£25m,"Sarr, 21, has joined for a reported fee of over £25m, surpassing the £18.5m the Hornets paid for Andre Gray in 2017.",22,B,c0c34ee74c0bb1f48fa30d128e3b02932be2fd2c8d7b5f58f97f3552c9f90705,2026-10-07
a4e73a43e0741a42,T63b80ed80c,Madueke,https://www.bbc.com/sport/football/articles/cvg8j1l0751o,48500000.00,GBP,200,VERIFIED,VERIFIED,£48.5m,Noni Madueke: Arsenal sign England winger from Chelsea for £48.5m - BBC Sport BBC Homepage Skip to content Accessibility Help Your,21,B,62c1da68ec4bacdbb1878a5829c302511b024edba8e25cc18bd5acda8ca26867,2026-10-07
a4f472c475ad4e89,Td562616654,Hincapié,https://www.bbc.co.uk/sport/football/articles/c8x2189557wo,34500000.00,GBP,200,NOT CONFIRMED (page fetched; figure not found near the player's name),UNVERIFIED,,,0,B,9044d556ad2811b1bd16415dcbf025d440f465c1621c9391955db06f43d6e4a6,2026-10-07
a4f9cd568b83bb83,T654c801545,Tielemans,https://www.bbc.co.uk/sport/football/48913144,40000000.00,GBP,200,VERIFIED,VERIFIED,£40m,"for an undisclosed fee, reported to be a club record £40m. , external Tielemans, 22, scored three goals and provided four assis",22,B,32e8ade659f1c70c51851cd5b8e58c363e43e8da14eb8a5a96f783bf64ce1ae4,2026-10-07
a519d4c6b5b2b69b,Tb761afb16e,Kesler-Hayden,https://www.bbc.com/sport/football/articles/c1ljj27l34zo,3500000.00,GBP,200,VERIFIED,VERIFIED,£3.5m,four-year deal for an undisclosed fee believed to be about £3.5m . The 22-year-old has come through the youth ranks at Villa,22,B,a98a8736d34a13c7fce3079c282afc21f8554afe7a6e4031d8ca0b1f69f5784d,2026-10-07
a54503bfea09bc15,T9a833580fb,Shaw,https://www.bbc.co.uk/sport/football/28048866,27000000.00,GBP,200,VERIFIED,VERIFIED,£27m,Luke Shaw: Man Utd sign Southampton defender for £27m - BBC Sport BBC Homepage Skip to content Accessibility Help Your,20,B,a827f6058866e52ed0f0acb84a58a013ecb298364f3ad036263eb8b34bd1a491,2026-10-07
a564d766cf8344c8,Tafc1080258,Fernandes,https://www.skysports.com/football/news/13559479/mateus-fernandes-tottenham-hotspur-complete-club-record-85m-signing-of-midfielder-from-west-ham,85000000.00,GBP,200,VERIFIED,VERIFIED,£85m,Mateus Fernandes: Tottenham Hotspur complete club-record £85m signing of midfielder from West Ham | Football News | Sky,18,B,466110e08a491ae8ccc1f8019e4ea6637c6925809d9537921b3323075529f2e3,2026-10-07
a5c615c2c3aada04,Tc4ba3257e6,Collymore,https://www.liverpoolfc.com/info/stan-collymore,8500000.00,GBP,200,VERIFIED,VERIFIED,£8.5 m,"signature from Nottingham Forest with a club-record transfer fee of £8.5 million in the summer of 1995. Evans had a dream, a",22,A,73f0942be1add38f9616fcace620b4d0537e5085a23e93399ebebc465f46bb39,2026-10-07
a5d70de01e331841,T7f470960c1,Olise,https://www.bbc.co.uk/sport/football/57768231,8000000.00,GBP,200,VERIFIED,VERIFIED,£8m,"have completed the signing of Reading forward Michael Olise for £8m. Olise, 19, is Patrick Vieira's first signing since becoming Palace m",22,B,f8b1e60225e5969fb53dffa240b577fb9cf58ddabc3985b84ddcac5a9c52321a,2026-10-07
a6182c299971b44a,Tf658b24769,Paqueta,https://www.skysports.com/football/news/20876/12682216/lucas-paqueta-signs-for-west-ham-from-lyon-in-club-record-51m-deal,51000000.00,GBP,200,VERIFIED,VERIFIED,£51m,Lucas Paqueta signs for West Ham from Lyon in club-record £51m deal | Transfer Centre News | Sky Sports Skip to main,22,B,f369d25a01bc4bb63b983fad33d3daaac0b284b016f5cfd90a176dfae936daa6,2026-10-07
a623f4b1706be525,Tc3bdcb052c,McNeil,https://www.bbc.co.uk/sport/football/62328718,20000000.00,GBP,200,VERIFIED,VERIFIED,£20m,Everton sign winger Dwight McNeil from Burnley for £20m - BBC Sport BBC Homepage Skip to content Accessibility Help Your,20,B,2109cfee2e2503e1b42e0c7b05040073d7e91a4963c452a3d836286c7675f8c9,2026-10-07
a627be929cd39f05,T45460385ae,Berge,https://www.bbc.co.uk/sport/football/66455266,12000000.00,GBP,200,VERIFIED,VERIFIED,£12m,from Sheffield United for a fee in the region of £12m. The 25-year-old Norway international joins on a four-year deal at Tu,22,B,2bbb9dd4d6708a39b8b78ede88b95dfa08e443b8d0679020696b7760ee5825c6,2026-10-07
a6604682482bd38d,T41c9da3863,Kuyt,https://www.bbc.co.uk/sport/football/18316612,1000000.00,GBP,200,NOT CONFIRMED (page fetched; figure not found near the player's name),UNVERIFIED,,,0,B,2d9a1b13acb4577aa665989730c75475f55cd1c43a69c838e7f30fd6cee5435a,2026-10-07
a68052f4cec2dd88,T023fb33480,Davies,https://www.espn.com/soccer/story/_/id/37490252/top-tenner-best-swap-deals-cole-gallas-eto-ibrahimovic-more,7500000.00,GBP,202,BLOCKED or gone (202),UNVERIFIED,,,0,B,,2026-10-07
a6809387d1fa54d7,T9e00d4d043,Bergkamp,https://www.the-independent.com/sport/rioch-signs-bergkamp-to-signal-new-era-1587607.html,7500000.00,GBP,200,VERIFIED,VERIFIED,pounds 7.5m,history in more ways than one. Not only did the pounds 7.5m paid by Bruce Rioch for Dennis Bergkamp treble the club's,22,B,fc4b432bc9105027a5b1e1871a93ddf60cee26b22a2d5856168c45d51cde7ab2,2026-10-07
a6bb26c6e8e34440,T1758fe1ef1,Fjortoft,https://www.independent.co.uk/sport/sporting-digest-football-1483666.html,500000.00,GBP,200,NOT CONFIRMED (page fetched; figure not found near the player's name),UNVERIFIED,,,0,B,7c1294dd9c423046f1dece0be03140d442c6f8f5a925fc29a358db5930ea67dc,2026-10-07
a6e7be265cbcb5c2,T934b6e56fc,Matteo,https://www.independent.co.uk/sport/di-matteo-seals-move-to-chelsea-1327518.html,4900000.00,GBP,200,VERIFIED,VERIFIED,pounds 4.9m,"has signed Roberto di Matteo from Lazio in a club-record pounds 4.9m deal. The 26-year-old midfielder, a member of Italy's Euro 92",22,B,ff721d311ffd954951bf1c256a515128bb6b7e0a2b378617a4a2bf416670b8a8,2026-10-07
a6f0c00a4e71064e,Tfee8a995c3,Vušković,https://www.skysports.com/transfer/news/13563294/luka-vuskovic-brighton-complete-50m-deal-to-sign-tottenham-defender,50000000.00,GBP,200,NOT CONFIRMED (page fetched; figure not found near the player's name),UNVERIFIED,,,0,B,59cf1c17dcb384aa00b96005048ab7fbc1219d01cb16dd0fca3aa59384aae6fe,2026-10-07
a6f21f5850d7ac46,Ta589e37cb1,Wieffer,https://www.bbc.com/sport/football/articles/c035mn4pl4zo,25400000.00,GBP,200,VERIFIED,VERIFIED,£25.4m,"2029 and has cost the club a reported 30m euros (£25.4m). The transfer is a record sale for the Eredivisie club, Feyenoord",22,B,2c4e7856cba88bbcc6995cf2fa46fc8cb9c668549b0f43b493aff1aba64df5e4,2026-10-07
a74b466b044ca375,Tbd011c617f,Earnshaw,https://www.theguardian.com/football/2007/jun/29/newsstory.derbycounty,3500000.00,GBP,200,VERIFIED,VERIFIED,£3.5m,Derby snap up £3.5m Earnshaw | Soccer | The Guardian Skip to main content Skip,15,B,360cbf9712d9fb602eb030f57a6852ba7af5fe29a75f08a73ade9ac91e3679b3,2026-10-07
a77bdc65f41eed68,T3cef4ffa09,Milner,https://www.belfasttelegraph.co.uk/news/the-ten-most-expensive-english-transfers/a/119165937.html,18000000.00,GBP,403,BLOCKED or gone (HTTP403),UNVERIFIED,,,0,B,,2026-10-07
a77cf789cc6bd623,T59a2c2bb28,Aubameyang,https://www.bbc.com/sport/football/62760702,12000000.00,GBP,200,NOT CONFIRMED (page fetched; figure not found near the player's name),UNVERIFIED,,,0,B,73bfd4248c93c9114a309a125114dc47f749d5a9f315d7e33bc36d473a7b00ee,2026-10-07
a786bc4c097abd60,Td610e7163d,Adli,https://www.bbc.com/sport/football/articles/c987kwk120zo,25100000.00,GBP,200,VERIFIED,VERIFIED,£25.1m,from Bayer Leverkusen for a fee that could rise to £25.1m. The 25-year-old is the Cherries' seventh signing of the summer and,22,B,52ee7aca940a1bfc8c491e439de9ee563e1991183e0e484d55b9d8af5aeb739a,2026-10-07
a79f07c382aa6a4d,Te30651650b,Naysmith,https://news.bbc.co.uk/sport2/hi/football/teams/e/everton/976335.stm,1500000.00,GBP,200,NOT CONFIRMED (page fetched; figure not found near the player's name),UNVERIFIED,,,0,B,3e48e5cc0edeaaf9fcf296501829a8628c88b96a54cda49704814d9c3f9a0f3c,2026-10-07
a80dca1e5b03b3ff,T87a2e72dc9,Carbone,https://www.independent.co.uk/sport/forest-finished-off-by-carbone-1353200.html,3000000.00,GBP,200,VERIFIED,VERIFIED,pounds 3m,"to wait until the last five minutes before Carbone, the pounds 3m club record signing from Internazionale, to make victory secure with",22,B,103c96d56c24f1e2ec03fe4ac18174ca9fed447141aad06a6bd961cc2b1ab07f,2026-10-07
a8223ca24e7380bd,Tf6730de9e3,Ince,https://www.the-independent.com/sport/ferguson-confronts-ince-critics-1589997.html,7500000.00,GBP,200,VERIFIED,VERIFIED,pounds 7.5m,"when Alex Ferguson, the United manager, confronted critics of the pounds 7.5m deal. Ince, he said, had wanted to go to Milan",22,B,dc88b46ef2b31025a5125fd4d7b8ee92a184130406a023eabcc1a85747dcabad,2026-10-07
a84596581bc899aa,T7afac9e1f1,Beattie,https://www.theguardian.com/football/2005/jan/06/newsstory.everton,6000000.00,GBP,200,VERIFIED,VERIFIED,£6m,"introduced as Everton's No8 yesterday having joined from Southampton for £6m. Yet, though his immediate thoughts are on propelling his new club",22,B,6640fbce1c31864aa446f3bc670a03165680791053301ac90791b78bc2b583a7,2026-10-07
a8a110b65a154ad7,T3c5be8f094,Whelan,http://news.bbc.co.uk/sport1/hi/football/eng_prem/859609.stm,2000000.00,GBP,200,NOT CONFIRMED (page fetched; figure not found near the player's name),UNVERIFIED,,,0,B,819aa8bffd0dabdb1e6e7036ee73dec15a95c2430c9d036c36077cc84448c894,2026-10-07
a8b6e1bf9d91ed30,Ta90f737b4b,Biancone,https://www.bbc.co.uk/sport/football/62026740,5000000.00,GBP,200,VERIFIED,VERIFIED,£5m,"Ligue 1 side say the fee, which is a reported £5m, is a record for them. Biancone, 22, started his career at",22,B,7e6b110b32323c0223a92b2c3b1cd0917f864295e06fd098fd31c914f0af5b49,2026-10-07
a9023611e6b49325,T82b32afca9,Trézéguet,https://www.bbc.co.uk/sport/48827145,8750000.00,GBP,200,NOT CONFIRMED (page fetched; figure not found near the player's name),UNVERIFIED,,,0,B,1fea5c1be36d482762e080fb081bff86c16af415fdd88553d62d37c123acff05,2026-10-07
a98bed903f90dd9e,T9432cab8bf,Prutton,http://news.bbc.co.uk/sport1/hi/football/teams/s/southampton/2713371.stm,2500000.00,GBP,200,NOT CONFIRMED (page fetched; figure not found near the player's name),UNVERIFIED,,,0,B,90a20481aab3f28aa359f80954239990843d88c9805b5e3074c1642ff9a4c0f8,2026-10-07
a9921baee407b1ee,T5552aac3e9,Hause,https://www.bbc.co.uk/sport/48484572,3000000.00,GBP,200,VERIFIED,VERIFIED,£3m,June Premier League Kortney Hause [Wolves - Aston Villa] Reported £3m English Football League Danny Andrew [Doncaster - Fleetwood] Free Mac,21,B,a168d1867703f91ccf3c0b9ac34a9d83e2b1c7b6f79a399b65abdfb3647a9bc8,2026-10-07
a9d13755f0c4703e,T59c622731f,Washington,https://sports.yahoo.com/articles/official-chelsea-sell-8m-deivid-190500481.html,6860000.00,GBP,200,NOT CONFIRMED (page fetched; figure not found near the player's name),UNVERIFIED,,,0,D,02987b3b1e4978b9427551ec704730f5f134553794ee80f3a319c957c06b1638,2026-10-07
aa30bc21b6df23ca,Te0c393e13c,Merino,https://www.bbc.co.uk/sport/football/articles/c89wqwdk5qeo,27400000.00,GBP,200,VERIFIED,VERIFIED,£27.4m,"12 months after the Gunners agreed to pay an initial £27.4m plus £4.2m in add-ons. ""Mikel is a player who will bring",22,B,d837c8a1936acd4694e586a8014c9eb2d76ac0adf97ec9ce06d69e22fad8d602,2026-10-07
aaf6e08221e23228,Te6a2b4b25b,Durán,https://www.bbc.co.uk/sport/football/articles/c20gkk6k1v0o,71000000.00,GBP,200,NOT CONFIRMED (page fetched; figure not found near the player's name),UNVERIFIED,,,0,B,8add9823e186537c27aa67e8b819040f3fc555098d87bc6117cbd5d6a6d6dff5,2026-10-07
aaf98ae3b12f448c,Tf483c0858b,Amenda,https://www.bbc.co.uk/sport/football/articles/czx5xyd2k1no,17000000.00,GBP,200,VERIFIED,VERIFIED,£17m,transfer news: Aurele Amenda signs in deal worth more than £17m - BBC Sport BBC Homepage Skip to content Accessibility Help Your,22,B,dd2198d3e53c91d1c4901c272a58af6653c3497a3dee6bf6bbe913b0d0efdf74,2026-10-07
aafcce99dfb848d4,T234670ff12,Ndiaye,https://www.bbc.com/sport/football/articles/c3g90mplg3mo,15000000.00,GBP,200,VERIFIED,VERIFIED,£15m,a five-year contract for a fee in the region of £15m. The 24-year-old joined Marseille from Sheffield United last summer.,20,B,ee4b058ffc9e3b2eff317073b19fea50b778982291055ec252f3b2ab7f453d7b,2026-10-07
ab10b5783054cb5a,T0897dad71f,Baston,https://www.bbc.co.uk/sport/football/36985781,15000000.00,GBP,200,VERIFIED,VERIFIED,£15m,Borja Baston: Swansea City break record to sign £15m striker from Atletico Madrid - BBC Sport BBC Homepage Skip to,20,B,59a430f6fd3e7c7b52bd45aeda2c90f306572dc8ae34cf7266a8851d127f57c9,2026-10-07
ab3e8aef17b8750b,Tdabe14f3d5,Swailes,https://www.telegraph.co.uk/sport/main.jhtml?xml=/sport/football/john_ley/sftips.xml,225000.00,GBP,404,BLOCKED or gone (HTTP404),UNVERIFIED,,,0,B,,2026-10-07
ab5907c78cf501ad,T5bf02d670d,Bornauw,https://www.bbc.com/sport/football/articles/c20rrvnp1dmo,5100000.00,GBP,200,VERIFIED,VERIFIED,£5.1m,Leeds United news: Sebastiaan Bornauw signs from Wolfsburg for £5.1m - BBC Sport BBC Homepage Skip to content Accessibility Help Your,21,B,a8405b3e1b1db0511f41357653b022f626d7ef6c8ee37406d108fb11ce14e5d3,2026-10-07
ab6bab0f3cb7ca9a,T9e00d4d043,Bergkamp,https://www.skysports.com/football/player/20742/dennis-bergkamp,7500000.00,GBP,200,VERIFIED,VERIFIED,£7.5m,Inter 01 Aug 1993 £12.0m Inter Arsenal 20 Jun 1995 £7.5m Related Dennis Bergkamp News Arsenal to honour Bergkamp Dennis Bergka,21,B,5db87e2787c2b4fcdbac5743bf62a60fd9c24286a989b2c8ca79004600258389,2026-10-07
ab75242326b94742,T2edcd7a5f7,Cherki,https://www.bbc.co.uk/sport/football/articles/cx2jzlxd9eeo,30000000.00,GBP,200,VERIFIED,VERIFIED,£30m,"Cups Gossip Top Scorers European Quizzes Lyon's Cherki completes 'dream' £30m Man City move Image source, Getty Images Image caption, Rayan Cherki",22,B,c71ff3d38b168952e669cb9e68e2ca330ee2b521a15aaf4609fe8bd71d2c3432,2026-10-07
ab85259ed303b2c2,T22573456bd,Burley,https://www.independent.co.uk/sport/football-fa-cup-burley-hopes-for-another-final-chance-1131766.html,3000000.00,GBP,200,VERIFIED,VERIFIED,pounds 3m,"then in a semi-final two seasons later, when the Rams' pounds 3m buy made the error that cost his side victory, his",22,B,0f35fa2caab4e07376ba6aeba7c0e449a6980eecc3f481a8feb159052a8d2910,2026-10-07
ab86c7e1338a88e0,Ta1d5698142,Vieira,https://www.bbc.co.uk/sport/football/61886984,34200000.00,GBP,200,VERIFIED,VERIFIED,£34.2m,Fabio Vieira: Arsenal complete signing of Porto midfielder in £34.2m deal - BBC Sport BBC Homepage Skip to content Accessibility Help,21,B,23bc23a5ca0a4ea1755774a2846d2c284f0c0fa0e93997465b8b9bfe36e6c8f9,2026-10-07
ab955a0766114f0a,T5ecc4cb932,Mbaye,https://www.bbc.co.uk/sport/football/articles/c1kxmjvnl8yo,47000000.00,GBP,200,VERIFIED,VERIFIED,£47m,"arrives from Paris St-Germain for a fee of 55m euros (£47m), while Villa could pay up to £29m for Harwood-Bellis. Villa have",22,B,fbd3af040c406eea045007ad6b19eea1cf7c794fcdcf8982932f1a60c056a4af,2026-10-07
ab9fdee478f6e779,Tf59c4c545b,Huddlestone,https://www.independent.co.uk/sport/football/transfers/transfer-news-tottenham-midfielder-tom-huddlestone-completes-hull-city-switch-in-ps5-25m-deal-8761413.html,5250000.00,GBP,200,VERIFIED,VERIFIED,£5.25m,news: Tottenham midfielder Tom Huddlestone completes Hull City switch in £5.25m deal | The Independent | The Independent Thank you for registering,22,B,484ed317f708a0841120707004729489f2f9077a1e795070f5115db1f0ea0317,2026-10-07
abb63f3e504fe980,T3cca703aa8,Hutchison,https://www.skysports.com/football/player/22259/don-hutchison,5000000.00,GBP,200,NOT CONFIRMED (page fetched; figure not found near the player's name),UNVERIFIED,,,0,B,097a7b19ab83e212a6d3d51ac0c381ea6a0268603a3bbf5133231b72bacae5b9,2026-10-07
abccf00fc32a758d,T4d5adfee09,Cole,https://www.the-independent.com/sport/football-britain-s-big-money-movers-1074330.html,6250000.00,GBP,200,VERIFIED,VERIFIED,pounds 6.25m,98) Kevin Davies (Southampton to Blackburn) 7 pounds 7m (May 97) Stan Collymore (Liverpool to Aston Villa) 8 pounds,19,B,ba8c63b10111904afe8a2b8e9b6695b5e3260116e98cbeda147590752cf854bc,2026-10-07
abdd2e8801db4890,T6d8eef43f2,Sterling,https://www.skysports.com/football/news/11668/12649121/chelsea-agree-47-5m-sterling-fee,47500000.00,GBP,200,VERIFIED,VERIFIED,£47.5m,Raheem Sterling: Chelsea agree £47.5m fee with Man City for forward | Transfer Centre News |,16,B,7457a7f5d5d7561d9ccb32234ae7ccd33ca75c1ca8903c394f807b715b61c7fb,2026-10-07
abe4ec10d17465d0,T17b290cd7e,Jones,https://www.bbc.co.uk/sport/football/articles/czdm9pjd0ero,30000000.00,GBP,200,VERIFIED,VERIFIED,£30m,Inter Milan complete £30m deal for Liverpool's Curtis Jones - BBC Sport BBC Homepage Skip,15,B,33b41da8b36549f58f7da34db5943a26ae006e9c812039048feee2293fd74309,2026-10-07
abebc1cb10a85c1e,T7d83c171ad,Olney,https://www.soccerbase.com/teams/team.sd?teamTabs=records&team_id=1924,750000.00,GBP,200,VERIFIED,VERIFIED,"£750,000","£1,700,000: Earl Barrett Aston Villa February 1992 Transfer fee paid £750,000: Ian Olney Aston Villa June 1992 Football Betting News Free Accumulat",22,C,44c8649c22a1ca5ad06a045b67ff6ba80bcedea0a8c95947e49dc1a3bd08de58,2026-10-07
ac1d97ac0c7ce7ec,T05899e26df,Haaland,https://www.bbc.co.uk/sport/football/60819647,51200000.00,GBP,200,VERIFIED,VERIFIED,£51.2m,City agree to sign Norway striker from Borussia Dortmund for £51.2m - BBC Sport BBC Homepage Skip to content Accessibility Help Your,22,B,138e7400f5a1f964c5dfd242428849897df33bd03b0e60973d61a155cc7375f7,2026-10-07
ac223eed97356c56,T22da6f67dc,Keane,https://www.theguardian.com/football/2009/feb/02/spurs-bid-for-robbie-keane,20300000.00,GBP,200,VERIFIED,VERIFIED,£20.3m,when he was sold to Liverpool last summer because the £20.3m figure then also included several add-ons which have not been enforce,22,B,e5d597170516c38e4082f26191e9b8a91b712d7181b7290e3412844f4e210a72,2026-10-07
ac45a20acb273545,T97164dfc2a,Ferdinand,https://www.skysports.com/football/news/10507078/manchester-uniteds-top-10-transfer-record-signings,29100000.00,GBP,200,VERIFIED,VERIFIED,£29.1m,expensive defender in the world when he joined United Fee: £29.1m Signed from: Leeds United Date: 23 July 2002 What they said:,22,B,f5a7a18389ad8119a539ea675ec870acdcac67c925709659b3d6126b7ed1211e,2026-10-07
ac4a2583f307d7b6,Td9b3bccaa0,Talbi,https://www.bbc.com/sport/football/articles/cvg6d3jxkyno,18000000.00,GBP,200,VERIFIED,VERIFIED,£18m,least 2029. BBC Sport understands Sunderland have paid an initial £18m (21m euros) with a potential £2.5m (3m euros) in add ons.,22,B,afd8b4b1dca37cc52982331297f19ceca91d51b0a0aca5c605e9f1acd322547e,2026-10-07
ac56930f6882a83d,Tf10bc98c9c,Gordon,https://www.bbc.co.uk/sport/football/articles/c0e2jn3lne5o,69300000.00,GBP,200,VERIFIED,VERIFIED,£69.3m,"Newcastle United in a deal worth more than 80m euros (£69.3m). The England forward, 25, has signed a contract with the La",22,B,79f14031f109f310860f30bf5ea956ab0071589f941eb741bc8587df7d088ba7,2026-10-07
ac68ff3acd8308d5,Tee80df8ffa,Tóth,https://www.bbc.co.uk/sport/football/articles/ckgnklxp7j0o,10400000.00,GBP,200,NOT CONFIRMED (page fetched; figure not found near the player's name),UNVERIFIED,,,0,B,61df6b3de8cbf9c8afcf5d0cf2bac9358efdcf5d849759a0c12b5afdf0d79a99,2026-10-07
acb09daf6ea93ec9,T7092e02829,Fernandez,https://www.bbc.co.uk/sport/football/64463077,107000000.00,GBP,200,VERIFIED,VERIFIED,£107m,Enzo Fernandez transfer news: Chelsea complete British record £107m fee for Benfica midfielder - BBC Sport BBC Homepage Skip to,20,B,dca71d740ba57fac439b2da9adeb24b70fdedc655f952e38226f66b31c6618b9,2026-10-07
acc2c7036f87e45f,T83ce711d4b,Collymore,https://www.theguardian.com/football/2001/mar/07/newsstory.sport1,7000000.00,GBP,200,VERIFIED,VERIFIED,£7m,"United fail in New Year signing bid, settling instead for £7million Andy Cole. In February Collymore acquitted of assault charge fo",21,B,85e71435cd6bd61fde2f1c22b4cabd777b8dd23ce3fb395760acd03dcacddb14,2026-10-07
acd62968352d444f,T1455b38cd0,Begović,https://www.theguardian.com/football/2015/jul/13/asmir-begovic-chelsea-stoke,8000000.00,GBP,200,NOT CONFIRMED (page fetched; figure not found near the player's name),UNVERIFIED,,,0,B,a2785621ab9182852169bcd0bb44e77468842ab707d553a2fdb9dbcc3582bab0,2026-10-07
aceb36eb710b2312,Te327aafdfb,Phillips,https://www.bbc.co.uk/sport/football/62036061,45000000.00,GBP,200,VERIFIED,VERIFIED,£45m,Manchester City have signed Leeds United midfielder Kalvin Phillips for £45m. The 26-year-old England international has signed a six-year deal wit,21,B,0df9e71cedeb9afd01c04267db4bfefb9372bc5fd67295ead72c7c6246825197,2026-10-07
acf34517eee5737f,Tdf883470d5,Southgate,https://www.soccerbase.com/players/player.sd?player_id=7497,6500000.00,GBP,200,VERIFIED,VERIFIED,"£6,500,000","GLS APPS GLS Middlesbrough 11 Jul, 01 31 May, 06 £6,500,000 160 (0) 4 15 (1) 0 9 (0) 0 19 (0)",22,C,3ce90bf6eb9879ecf474b75b773f96e15ef7d96f2518eba0f986fc5f50162b81,2026-10-07
ad674060ef1a9f40,T5c9dbeeafe,Bellamy,https://www.independent.co.uk/incoming/bellamy-to-play-his-own-game-696382.html,6500000.00,GBP,200,VERIFIED,VERIFIED,£6.5m,"today Already a member? Log in Craig Bellamy completed his £6.5m move to Coventry City from Norwich City yesterday, but urged fans",22,B,dbc65b703deb9b37735ad8ce576fe5dd74e39eb2bc534eec4aaf497229978d68,2026-10-07
ad851933fd14f5d8,T226e83b846,Johnson,https://www.skysports.com/football/player/21124/seth-johnson,3000000.00,GBP,200,NOT CONFIRMED (page fetched; figure not found near the player's name),UNVERIFIED,,,0,B,a0885ab9efb4cffbce139ba3a63cab988b370d2e26d9d84d95c3ea669b63a714,2026-10-07
add51bf9507d519e,T1ebc760291,Disasi,https://www.bbc.co.uk/sport/football/66403293,38570000.00,GBP,200,NOT CONFIRMED (page fetched; figure not found near the player's name),UNVERIFIED,,,0,B,3fa446a05f2e7e45cbd64c38faaf69c3ed87872efac481f932db41b11207ffaf,2026-10-07
ae022aabb760bd84,Tced09bf980,Beek,https://www.bbc.co.uk/sport/football/53977831,35000000.00,GBP,200,VERIFIED,VERIFIED,£35m,Donny van de Beek: Man Utd sign Ajax midfielder for £35m - BBC Sport BBC Homepage Skip to content Accessibility Help Your,22,B,1416b60159d28ec51e5f8f2362bd8aaf60441042c8758900b70ac2c504cb1b7f,2026-10-07
ae0deb98d8e4de67,Tac5df4048c,Wright,http://news.bbc.co.uk/sport2/hi/football/teams/a/arsenal/1420099.stm,1500000.00,GBP,200,NOT CONFIRMED (page fetched; figure not found near the player's name),UNVERIFIED,,,0,B,43f3bce3983901f857a8f7f300475a19e3696aaecea2f5f39823eb7f9b1fe4bc,2026-10-07
ae142bf96469e27c,T5c302d1bd3,Willian,https://www.bbc.com/sport/football/articles/cn007lxjl84o,29000000.00,GBP,200,VERIFIED,VERIFIED,£29m,Estevao Willian: Chelsea agree initial 34m euro (£29m) fee for teenage forward. - BBC Sport BBC Homepage Skip to,19,B,58e20ef42fdc46fbf6746fff15135b140d42446f4768f4be9f74be5a84358b51,2026-10-07
ae2104e24e3a9cee,T7f65b70601,García,https://www.bbc.co.uk/sport/football/articles/c5yv049xqpzo,34000000.00,GBP,200,NOT CONFIRMED (page fetched; figure not found near the player's name),UNVERIFIED,,,0,B,eb9b0826a1ee3fbd90e9c05705539b9e1c5ac6b6ab641656214cca0f6bec4bc3,2026-10-07
ae5c4e45cfa34b0b,T00c920aa5a,Mascherano,https://www.theguardian.com/football/2008/mar/01/newsstory.liverpool,18000000.00,GBP,200,VERIFIED,VERIFIED,£18m,Mascherano completes £18m transfer to Liverpool | Soccer | The Guardian Skip to main,14,B,41a20e4e3feec96939411efafff11d70b95d4737d8f239688ecd212fb5f727a1,2026-10-07
ae646248cb4666bd,Tdc216444c6,Ashton,https://www.theguardian.com/football/2005/jan/08/newsstory.sport6,2000000.00,GBP,200,VERIFIED,VERIFIED,£2m,Norwich agree to pay £2m for Ashton | Soccer | The Guardian Skip to main content,16,B,eb26f903be4c5240846ecc5411a3e095dcda0e24c84ce276082192ab4e0d4fc9,2026-10-07
ae6925742ebf015a,T98a5e47ad9,Bent,https://www.tottenhamhotspur.com/news/1023470/bent-announcement,16500000.00,GBP,200,VERIFIED,VERIFIED,£16.5 m,registration to Tottenham Hotspur FC for a total consideration of £16.5 million (inclusive of performance related payments) payable in instalme,20,A,b78a3920d272314e857e8ba8f9c9c42ab98f691691a592eb259f7aa0a539f8de,2026-10-07
aecc4e1b4c29d079,T9513750729,Kent,https://www.bbc.co.uk/sport/49542782,7000000.00,GBP,200,VERIFIED,VERIFIED,£7m,- Hibernian] Loan 23:59 - Ryan Kent [Liverpool - Rangers] £7m 23:51 - Lee O'Connor [Manchester United - Celtic] Undisclosed 23:45 -,22,B,d7d9d5ee86f9326cb077a0b88acf4b830373767ea8274606da161fbe7e2bae95,2026-10-07
aece7ffd1419d8ce,T78a9911884,Anelka,https://www.theguardian.com/football/2008/jan/12/newsstory.chelsea,15000000.00,GBP,200,VERIFIED,VERIFIED,£15m,Anelka faces London derby after £15m Chelsea move | Soccer | The Guardian Skip to main content,17,B,f6656e2d107ba141d02ef20f42ca407945bc0786743afee810ec89c5e9cd84c0,2026-10-07
aed96d01f3c4c36d,Tab51478be4,Thiago,https://www.theguardian.com/football/2024/feb/14/brentford-announce-30m-signing-of-club-brugge-striker-igor-thiago,30000000.00,GBP,200,VERIFIED,VERIFIED,£30m,Brentford announce £30m signing of Club Brugge striker Igor Thiago | Brentford | The,14,B,f04a9fc7d5078c52a47cc2f86ab82ee13b057168244c0136a3d76fb2cb09e969,2026-10-07
aee00a12a28dad38,Tc286bdda9b,Tuncay,http://news.bbc.co.uk/sport2/hi/football/teams/s/stoke_city/9381605.stm,4500000.00,GBP,200,VERIFIED,VERIFIED,£4.5m,City striker Tuncay has joined at German club Wolfsburg for £4.5m and signed a three-and-a-half-year deal. The 29-year-old Turkish forw,20,B,b18aa4ffc78a607646f96b268c7e7a84cb97b32dcf7ef93350cfe7a06e47361f,2026-10-07
aefbe0e30124f026,Tece9395d65,Doucouré,https://www.theguardian.com/football/2016/feb/01/watford-abdoulaye-doucoure-rennes-granada,8000000.00,GBP,200,VERIFIED,VERIFIED,£8m,"rival, and agreed a deal valued at a little over £8m. In Étienne Capoue – briefly the club’s record signing himself when",22,B,0ef3b56e9bae9a68aed8683751c056afce1008a941e15d45a2e7e6c5935e56b2,2026-10-07
af00a7dc6ae3760f,T60bcf38494,Fernandez-Pardo,https://www.bbc.co.uk/sport/football/articles/c5ylv97mn58o,51400000.00,GBP,200,VERIFIED,VERIFIED,£51.4m,Newcastle transfer: Matias Fernandez-Pardo joins from Lille for initial £51.4m - BBC Sport BBC Homepage Skip to content Accessibility Help Your,21,B,d1bfb70d8d66c6a5a1ecf033ed14fd9d065898e08a05aa60fa0c98d16a22f540,2026-10-07
af1b132dc004435d,T3ced6ef31c,Reis,https://www.bbc.co.uk/sport/football/articles/c80579xpmgmo,29600000.00,GBP,200,VERIFIED,VERIFIED,£29.6m,Vitor Reis: Man City sign Brazilian defender in £29.6m deal from Palmeiras - BBC Sport BBC Homepage Skip to content,20,B,abc2945754694dab81784d5daf8a4e1e0cad1355cfb67343582d357f87ebeed5,2026-10-07
af8e06e8810d5d6a,T9a3db167f6,Roca,https://www.bbc.co.uk/sport/football/61845729,10000000.00,GBP,200,VERIFIED,VERIFIED,£10m,Bayern Munich on a four-year deal understood to be worth £10m. The 25-year-old becomes the club's third summer signing following th,21,B,c8a67989393a6fb4623a8930da2375e87bde8d8f98a695da68a8b344d804178e,2026-10-07
afdfc0eb4cb38c5a,T5315b7ff40,Doucouré,https://www.bbc.co.uk/sport/football/54068529,20000000.00,GBP,200,NOT CONFIRMED (page fetched; figure not found near the player's name),UNVERIFIED,,,0,B,419fa47b7b2d28a030cba1abf6463eaa19dfb8f3fe9096234396f17fbec8974d,2026-10-07
b024c970f6268cfd,T361e5f850f,Zamora,https://www.bbc.co.uk/sport/football/16811307,4000000.00,GBP,200,VERIFIED,VERIFIED,£4m,for a fee believed to be in the region of £4m. The 31-year-old has signed a two-and-a-half-year contract at Loftus,20,B,5397355d5e56f61b1acd9d617288af247b3f71e230010155b1ffa1d258d78ff5,2026-10-07
b0ac1bbc47b5e71b,T4afa2da0ea,Ulloa,https://www.bbc.co.uk/sport/football/28363371,8000000.00,GBP,200,VERIFIED,VERIFIED,£8m,Leonardo Ulloa: Leicester City seal £8m deal for Brighton striker - BBC Sport BBC Homepage Skip to,17,B,91156b031ac134c4cae8f6c1398667ad9b9ba65f4d9fa89cf9144b70d28793df,2026-10-07
b0c3ec7e01b893be,Tdaa1c15509,Forbs,https://www.bbc.co.uk/sport/football/66401124,17300000.00,GBP,200,NOT CONFIRMED (page fetched; figure not found near the player's name),UNVERIFIED,,,0,B,12613e9e07d79d4f8194e2aa5610d11ad873fe1d91f88f4e2374f525d4255459,2026-10-07
b0c591724332d2fc,Tbb1f831a05,Núñez,https://www.bbc.co.uk/sport/football/61742358,64000000.00,GBP,200,NOT CONFIRMED (page fetched; figure not found near the player's name),UNVERIFIED,,,0,B,9bcffc246ff2d16558b039e85dffaaaf6c0f422cd435fb8bd85a27ccfbf1917f,2026-10-07
b0fbc93e74c45884,T1327a7e69f,Ngumoha,https://www.bbc.co.uk/sport/football/articles/c1dkvy56vn3o,2800000.00,GBP,200,VERIFIED,VERIFIED,£2.8m,Rio Ngumoha: Liverpool told to pay Chelsea initial £2.8m for teenage winger following 2024 signing - BBC Sport BBC Homepage,20,B,723533b78af155e5ae2e90385cc49ecbb0cdd8acff96ecbeea3a0c6bdf9ec211,2026-10-07
b1121ff7c9bfb0ce,T11535da526,Marshall,https://www.the-independent.com/sport/football-marshall-obeys-law-1461170.html,750000.00,GBP,200,NOT CONFIRMED (page fetched; figure not found near the player's name),UNVERIFIED,,,0,B,d83b85e7ee216e08ab721493ac01823ada80dea0cce44de41aa071911366551b,2026-10-07
b14a6e456e67e0d0,T19ae554651,Upson,http://news.bbc.co.uk/sport1/hi/football/teams/b/birmingham_city/2652803.stm,3000000.00,GBP,200,NOT CONFIRMED (page fetched; figure not found near the player's name),UNVERIFIED,,,0,B,b0f0d5a7f40dae0b2bb30cefbd3a03fcce15f30feecbdac597959d410cfd1b17,2026-10-07
b19a210a177949df,T75c15f7cd1,Allan,https://www.bbc.com/sport/football/54040760,21700000.00,GBP,200,VERIFIED,VERIFIED,£21.7m,a three-year contract for a fee believed to be around £21.7m. Allan is Everton's first signing of the summer and the move,22,B,525e4dedace18e6a44800afe406860c06db77c34971ad1150b2ac27a1a696435,2026-10-07
b1a7ff2a5cb78329,Taed16393e6,Hamann,https://www.theguardian.com/football/1999/aug/10/newsstory.sport3,8000000.00,GBP,200,VERIFIED,VERIFIED,£8m,"at Sheffield Wednesday on Saturday. The German international, bought for £8m from Newcastle during the close season, limped off after 25 minutes",22,B,e2bf3d99e843758a7d60820daa79720d08bcb15f2f3ef9e7bc8eb622996fb74b,2026-10-07
b1ab80f400274a4a,T395b7f6c18,Davies,https://www.bbc.com/sport/football/62231124,4000000.00,GBP,200,NOT CONFIRMED (page fetched; figure not found near the player's name),UNVERIFIED,,,0,B,0ae9f9a2e31e8091fd113160656156fcd7416838bae3f146de0d37bcd71c5d81,2026-10-07
b1ef60bd4aace916,Tcbf5f2ad2d,Pogba,https://www.theguardian.com/football/2016/aug/09/manchester-united-sign-paul-pogba-93-million-juventus,110000000.00,EUR,200,VERIFIED,VERIFIED,€110m,"signing of Paul Pogba for a world record fee of €110m (£93.2m) from Juventus, with José Mourinho challenging the France mid",21,B,ecd5ba980584e0dfe938b9fba659d9187dc40bc8b5b08b6975daa6f2b3716bc0,2026-10-07
b1f3a8416ab1c80a,T2193c79d37,Werner,https://www.theguardian.com/football/2020/jun/18/timo-werner-signing-shows-chelsea-mean-business-and-they-are-not-done,47500000.00,GBP,200,VERIFIED,VERIFIED,£47.5m,"Whereas Bayern and Liverpool dithered, Chelsea pounced. They have paid £47.5m for Werner and, with the coronavirus pandemic potentially affecting b",21,B,b6027406e7b7af0b0c1661db09c8fe64feb5928927e1c6e25e80b7cf04deed3f,2026-10-07
b208b360f4b0206e,T3dd23053ad,Keane,https://www.theguardian.com/football/2017/jul/03/everton-sign-sandro-ramirez-malaga-spain-under-21,25000000.00,GBP,200,VERIFIED,VERIFIED,£25m,Everton complete signing of Burnley defender Michael Keane for £25m | Everton | The Guardian Skip to main content Skip to,21,B,07db4f30071dad961c05a49adfcf868d53aa5fb9aae387bb9ffe812be2a8d72d,2026-10-07
b22efae57a314a74,T2007c811a9,Ronaldo,https://www.skysports.com/football/news/5374173/ronaldo-factfile,12240000.00,GBP,200,NOT CONFIRMED (page fetched; figure not found near the player's name),UNVERIFIED,,,0,B,a14616726ceba9e395e61f7c0eda0f54e65d7da971a1e42a35eff643c55efe50,2026-10-07
b24e82b2afcd80ee,T5f279493ca,Lukaku,https://www.bbc.co.uk/sport/football/transfers,74000000.00,GBP,200,NOT CONFIRMED (page fetched; figure not found near the player's name),UNVERIFIED,,,0,B,57070416c6cf39c7e5bfd171b39088219886607e52f6972e531a7b3ee98000b4,2026-10-07
b250a2efd754fa89,Tf63ef97c81,Marmoush,https://www.independent.co.uk/sport/football/manchester-city-eintracht-frankfurt-premier-league-egypt-frankfurt-b2684860.html,59100000.00,GBP,200,VERIFIED,VERIFIED,£59.1m,champions after moving in a deal understood to be worth £59.1million plus a potential further £4.2million in add-ons. Marmoush is Ci,21,B,30d359ccfc7801c1b1092574155011b79b6d83d405fa810c1fefa6f6813e698e,2026-10-07
b25b87415e26b2d1,T27b1443755,Mbeumo,https://www.bbc.co.uk/sport/football/articles/c77vp1x32g5o,65000000.00,GBP,200,VERIFIED,VERIFIED,£65m,"dreams"" after completing his move from Brentford for an initial £65m. The 25-year-old has signed a five-year contract, with the option of",22,B,cf11a5f25add57502c3b29ebde7e654f0147a827a0ebcbebd4d0a23f6e32e863,2026-10-07
b27b6d7a3a932317,T4fd2b38c16,Jesus,https://www.bbc.co.uk/sport/football/articles/cx2zpx27l91o,8600000.00,GBP,200,NOT CONFIRMED (page fetched; figure not found near the player's name),UNVERIFIED,,,0,B,064d5b8b985449b7b7ff2abd7d30c3768a6212e33569ff32389f748224a9863d,2026-10-07
b2ad833850152d1c,Tadd83a8d29,Souttar,https://www.bbc.co.uk/sport/football/64479154,15000000.00,GBP,200,VERIFIED,VERIFIED,£15m,Leicester City transfer news: Harry Souttar signs for £15m from Stoke - BBC Sport BBC Homepage Skip to content Accessibility,20,B,145fb349014d8926d11ae2c30b49fdc1ba392041b86cc0915f2cd69129b163fa,2026-10-07
b2dc9f1918a1d8a8,T771a380b3b,Ferreira,https://www.skysports.com/football/player/7194/paulo-ferreira,13200000.00,GBP,200,VERIFIED,VERIFIED,£13.2m,01 Jul 2002 Undisclosed FC Porto Chelsea 01 Jul 2004 £13.2m Chelsea Unassigned 07 Jun 2013 Undisclosed Related Paulo Ferreira New,21,B,c266b89d9bf6013dc7e706ed997c25bba11ab88b32df5d3401f10e03d8d978e2,2026-10-07
b2e0ef310ff4a317,Tefd9140bd2,Arbeloa,https://www.theguardian.com/football/2009/jul/29/alvaro-arbeloa-liverpool-real-madrid-transfer,3500000.00,GBP,200,VERIFIED,VERIFIED,£3.5m,Alvaro Arbeloa passes medical ahead of £3.5m move to Real Madrid | Transfer window | The Guardian Skip,18,B,073af23082f0a411b40f7f3bd09814c39edf1cf93d6a7ea6f8600f0a60ca2cbc,2026-10-07
b2f7c967f9e91b10,Ta2252ca117,Berbatov,https://www.tottenhamhotspur.com/news/nine-for-berbatov-170506/,10900000.00,GBP,200,NOT CONFIRMED (page fetched; figure not found near the player's name),UNVERIFIED,,,0,A,1dc63f9b35fbb96a3b1c876090f7d1d194823b935216e0f6e7823a4b8230aec2,2026-10-07
b319aa0e53702c5e,Tbccfd036b2,Haller,https://www.bbc.co.uk/sport/football/55576847,20200000.00,GBP,200,NOT CONFIRMED (page fetched; figure not found near the player's name),UNVERIFIED,,,0,B,87be93fcdacfbd726f0d867a11004d49044b91923006c1a2ffcbf52851fb1304,2026-10-07
b329afdf3fc8529e,Teb642e21bd,Tzolakis,https://www.bbc.co.uk/sport/football/articles/ce8l6nn7xkyo,20000000.00,GBP,200,VERIFIED,VERIFIED,£20m,"has confirmed the fee, it is thought to be around £20m plus add-ons. Hull's previous transfer record has stood since 2016 wh",22,B,e6fd58ec850f1075a19a038343d44655a67e2d9190804da386a0a065967bb506,2026-10-07
b32d9ac7e32515f2,T12323bf469,Hazard,https://www.bbc.co.uk/sport/football/18324490,32000000.00,GBP,200,VERIFIED,VERIFIED,£32m,"best project. It's a wonderful club."" Chelsea are reportedly paying £32m to sign the talented youngster, who added on French radio station",22,B,5b13ed1e0334cc2119761ac914c14ac66c555bc4cbe6d166043f80eb20ebb4b1,2026-10-07
b33530967a195787,Tee5927e30b,Robinson,https://news.bbc.co.uk/sport2/hi/football/teams/b/blackburn_rovers/7526434.stm,3500000.00,GBP,200,NOT CONFIRMED (page fetched; figure not found near the player's name),UNVERIFIED,,,0,B,1fb30657356494c4346b9e916cd05093ad6cea31e89f98d1008d16befdcc8d05,2026-10-07
b336285b32f34c3f,T1c77cb34f5,Ideye,https://www.bbc.co.uk/sport/football/28381226,10000000.00,GBP,200,VERIFIED,VERIFIED,£10m,"Brown Ideye for an undisclosed fee, believed to be around £10m. The Baggies announced the arrival of the 25-year-old Dynamo Kiev pla",22,B,9120982b383f173921f1166e51070fad7dfd81beebf5fc9dd9e46de5dbb752f1,2026-10-07
b38065d5d5f7f1f8,T8807826254,Musa,https://www.bbc.co.uk/sport/football/36747438,16000000.00,GBP,200,VERIFIED,VERIFIED,£16m,Ahmed Musa: Leicester City sign forward for club-record £16m fee - BBC Sport BBC Homepage Skip to content Accessibility Help,20,B,130861048f001d6c141c037f6006281cf9cf94dc93ade2f2ba9bfa9d3056ede1,2026-10-07
b3847ba96c9ee9b6,T26729332c3,2001}},https://www.bbc.co.uk/sport/football/64298998,16000000.00,GBP,200,NOT CONFIRMED (page fetched; figure not found near the player's name),UNVERIFIED,,,0,B,947609938fdfa3af8862e16aeda86026de8b0924d658ae8941ef73dd54ba465e,2026-10-07
b3eee28d4dd72f19,Tf483c0858b,Amenda,https://www.theguardian.com/football/2026/aug/04/frank-lampard-coventry-brighton-carl-rushworth-transfer-roundup,17000000.00,GBP,200,VERIFIED,VERIFIED,£17m,"they eclipsed their previous transfer record when paying Eintracht Frankfurt £17m to sign the Switzerland defender Aurèle Amenda, and have also signed",22,B,c3679c5338ee64f3f83edde76c79b832841eb4c8c65f14a0b43823fad1a9e995,2026-10-07
b4474ff65bc65224,Td9f030630e,Fowler,http://news.bbc.co.uk/sport1/hi/football/teams/m/man_city/2702189.stm,6000000.00,GBP,200,NOT CONFIRMED (page fetched; figure not found near the player's name),UNVERIFIED,,,0,B,3b3703e5d5619f820152f8ff7204482af8cc6307ed174ad8215c343a2b4ec516,2026-10-07
b459c4157732e01e,T6b0f63801d,Stam,https://www.the-independent.com/sport/football-britain-s-big-money-movers-1074330.html,10750000.00,GBP,200,VERIFIED,VERIFIED,pounds 10.75m,.6m Dwight Yorke (Aston Villa to Manchester United) 3 pounds 12m Juninho (Middlesbrough to Atletico Madrid) 4 pounds 10.75m Jaap Stam,21,B,720ba156a43fc120ee59bc55db73646f9a433cbbd374f555a49cdab4258f4865,2026-10-07
b4639331d89076ad,T3888fb69c0,Guéhi,https://www.bbc.co.uk/sport/articles/cwy8lve847eo,20000000.00,GBP,200,NOT CONFIRMED (page fetched; figure not found near the player's name),UNVERIFIED,,,0,B,427831ee8f008d29e176dee8c60affb49b2fbc4dc7aa5487397448237c5dd4ae,2026-10-07
b4f745985663bd7b,T8e47c30f0e,Anderson,https://www.reuters.com/sports/soccer/wallsend-boys-club-man-citys-record-signing-anderson-eyes-next-step-2026-07-23/,116000000.00,GBP,401,BLOCKED or gone (HTTP401),UNVERIFIED,,,0,B,,2026-10-07
b5063d916d2c2671,T8cc20fec54,Zirkzee,https://www.bbc.com/sport/football/articles/c80e176xzeko,36500000.00,GBP,200,VERIFIED,VERIFIED,£36.5m,"Am I? Quiz Man Utd sign Bologna striker Zirkzee for £36.5m Image source, Manchester United Image caption, Joshua Zirkzee has two",21,B,976ea1e120790525021f900d4504bbde434e8317c7ee8e9eac93b855509082d3,2026-10-07
b50a61a44acf6f8a,Tf25f015dbf,Austin,https://www.bbc.co.uk/sport/football/transfers,4000000.00,GBP,200,NOT CONFIRMED (page fetched; figure not found near the player's name),UNVERIFIED,,,0,B,c9dcacd2f92591b57f5a0ecfff6ef2316d0d8dbf3255303fed528dee176dc892,2026-10-07
b517b293beef5447,T3068f085c0,Campbell,https://www.independent.co.uk/sport/football/premier-league/holloway-laughs-off-mismatch-talk-in-plotting-city-s-downfall-2108097.html,1250000.00,GBP,200,VERIFIED,VERIFIED,£1.25m,"Zayed al-Nahayan (£16bn) Transfer fees paid in the summer Blackpool: £1.25m DJ Campbell from Leicester, August 2010 Manchester City: £32.5m Robin",21,B,a3b5143141a8ade1d28fb6f799f78743e08786c1fd8e35987b36c21843efc6ba,2026-10-07
b53ca4b8e0b1e110,T0909b95885,Ajeti,https://www.bbc.co.uk/sport/football/53755841,4500000.00,GBP,200,VERIFIED,VERIFIED,£4.5m,Albian Ajeti: Celtic's £4.5m signing from West Ham targets Odsonne Edouard pairing - BBC Sport,15,B,5c3ee14ee4255376a60fd229824aa749604ac89a97b6c7f27e3669b7f37610f2,2026-10-07
b570b4a3d3cab344,Te0970d7046,Lamela,https://www.theguardian.com/football/2013/aug/30/tottenham-hotspur-erik-lamela-christian-eriksen,30000000.00,GBP,200,VERIFIED,VERIFIED,£30m,"Clubs Erik Lamela has joined Tottenham Hotspur from Roma for £30m, a record for the London club. Photograph: Paolo Bruno/Getty Images E",22,B,d9d4e5128b5157e74dfd9315efe463d2ab4b9b6dd1a9a59c823310b6c6de5d11,2026-10-07
b59b8c2ab19ed06d,T3974fbcc13,Sinisterra,https://www.bbc.co.uk/sport/football/62078333,21000000.00,GBP,200,VERIFIED,VERIFIED,£21m,"five-year contract at Elland Road in a deal reportedly worth £21m. , external Sinisterra scored 23 goals and registered 14 assists in",22,B,85789097bb505d4e97163da5d1f60185e5424ddc4a614dab1407c829aab44fc8,2026-10-07
b5e3d1092be8684d,Tc5ea878d8e,Agüero,https://www.theguardian.com/football/2011/jul/28/sergio-aguero-manchester-city,35000000.00,GBP,200,VERIFIED,VERIFIED,£35m,"commit himself to a move that will initially cost City £35m, rising to £38m depending on his success with the FA Cup",22,B,c67ba8e0f0d39cd82dbb03b81be3b902b7aa347f16c6eccc6b148a16ec465960,2026-10-07
b5f210a48e378e88,Tbafb1ea9c4,Wilson,https://www.bbc.co.uk/sport/football/54055640,20000000.00,GBP,200,VERIFIED,VERIFIED,£20m,"Fraser. Wilson joins on a four-year-deal from Bournemouth for about £20m, while free agent Fraser has signed a five-year-contract after leavin",21,B,b934f454326c61ae65703e0d374f2c45e8db9bf3a2dd0270c725d5eec5e97501,2026-10-07
b60c1b68c9e4653b,T87c5c3a1dd,Curtis,https://archive.org/details/manchesterunited0000unse/page/171/,1500000.00,GBP,200,NOT CONFIRMED (page fetched; figure not found near the player's name),UNVERIFIED,,,0,D,bfc4235d8b803018bade268d1b5d76052ced23d70e354139230d80d222dfcfe8,2026-10-07
b62b44946860dc99,Tb98eddf4fe,Gudmundsson,https://www.bbc.com/sport/football/articles/c20rk3m6lpzo,10000000.00,GBP,200,VERIFIED,VERIFIED,£10m,Gabriel Gudmundsson: Sweden left-back joins Leeds United from Lille for £10m - BBC Sport BBC Homepage Skip to content Accessibility Help Your,22,B,2bdf1d4feb6cc08bb2c8edd815412d7368dff4bea9bedb71df211a5981bf16f2,2026-10-07
b636d709c0383e3f,Te0d3a3bc25,Bellingham,https://www.skysports.com/football/news/13381042/jobe-bellingham-transfer-news-sunderland-midfielder-completes-move-to-borussia-dortmund,27800000.00,GBP,200,VERIFIED,VERIFIED,£27.8m,the second-most expensive signing in Dortmund's history at an initial £27.8m; Bellingham expected to withdraw from England U21 duty to feature at,22,B,72575a7f40053fd17d9360abdcffac32b6197aec5838374738ae705202ae7e99,2026-10-07
b64657e3dfad0a5b,Tee82147a73,Udogie,https://www.bbc.co.uk/sport/football/62570638,15000000.00,GBP,200,VERIFIED,VERIFIED,£15m,Destiny Udogie: Tottenham sign Italy Under-21s defender from Udinese for £15m - BBC Sport BBC Homepage Skip to content Accessibility Help Your,22,B,5f72c7d1c629a2cb9d62f5662574cd5a64e0611f6f16d8376cce1e9129852e6c,2026-10-07
b6569aa9d6d2d8f9,T915f09b1e4,Dijk,http://www.liverpoolfc.com/news/first-team/285500-liverpool-agree-deal-to-sign-virgil-van-dijk,75000000.00,GBP,200,NOT CONFIRMED (page fetched; figure not found near the player's name),UNVERIFIED,,,0,A,fb5e451fbb18c487c6ab97bd4129a6f9af5426ad10c8dc0e2dbfc0da53d3f23f,2026-10-07
b687ea4b77f42c56,Tf79784c05d,Baleba,https://www.bbc.co.uk/sport/football/articles/c1mv0rxpd1no,65000000.00,GBP,200,VERIFIED,VERIFIED,£65m,"£70m deal. The Old Trafford club have paid an initial £65m, plus a potential £5m in add-ons, for the 22-year-old, while Brighton",22,B,39837511b841113bf4a7a85435f42a7a346638b35c8ebd090744cca4b0b98b53,2026-10-07
b69b54e35280251b,T4f9aa68261,Bowler,https://www.bbc.com/sport/football/62761807,4000000.00,GBP,200,VERIFIED,VERIFIED,£4m,"was Bowler, in a deal believed to be worth about £4m. The 23-year-old, who has scored two goals in seven Championship game",22,B,954f08b6d6bd6cf3ce90cc59dd5653326761edd5b8ffdffac8e67d6858bf42e5,2026-10-07
b69c696f9652e704,T3dea3af7de,Jiménez,https://www.bbc.co.uk/sport/47118880,30000000.00,GBP,200,NOT CONFIRMED (page fetched; figure not found near the player's name),UNVERIFIED,,,0,B,4fdbde6dde8831b5558241af2d1fa56b3bd2bf8fff09db88d3b5cef92c9fa8f8,2026-10-07
b6a82c01e25ad669,T5634880014,Dendoncker,https://www.bbc.com/sport/football/62753408,13000000.00,GBP,200,VERIFIED,VERIFIED,£13m,Aston Villa have signed Belgium midfielder Leander Dendoncker in a £13m deal from Wolverhampton Wanderers. Villa have also signed Southampton,20,B,8c4e986fded95a923b26f029d9a9d8331cc6ec0100e3053bfde3d1191dc86971,2026-10-07
b6adeb1ebbd2d95f,Tc70fd6e4af,Flemming,https://www.bbc.co.uk/sport/football/articles/c9911x4ygjro,7000000.00,GBP,200,NOT CONFIRMED (page fetched; figure not found near the player's name),UNVERIFIED,,,0,B,38db79bf74efc57ade7e3799e69c494a501a3854e67f3919ec04c4ba0b728295,2026-10-07
b6cc08faced2f77e,T0897dad71f,Baston,https://www.skysports.com/football/news/11731/10528981/swansea-agree-club-record-lb15m-transfer-fee-for-atletico-madrids-borja-baston-sky-sources,15000000.00,GBP,200,VERIFIED,VERIFIED,£15m,Swansea agree club record £15m transfer fee for Atletico Madrid's Borja Baston - Sky sources |,16,B,68ec23c51d30fd4479f02b995fde12446bc0708dff55951319acec37b2bb011c,2026-10-07
b6dcf2b0090a4060,Tad32ba5d09,Zubimendi,https://www.bbc.co.uk/sport/football/articles/c0m88ml0x7mo?pubDate=20250723,60000000.00,GBP,200,VERIFIED,VERIFIED,£60m,Martin Zubimendi: Arsenal sign Sociedad midfielder in £60m deal - BBC Sport BBC Homepage Skip to content Accessibility Help,19,B,2daf53e2bf63b54b78d8ea5c614c913e02ae1f48605f02877d2f4bf1bab7e211,2026-10-07
b71bd80ebe24c16d,Tbd8ddeddae,Valencia,https://www.theguardian.com/football/2009/jun/30/antonio-valencia-manchester-united-16,16000000.00,GBP,200,VERIFIED,VERIFIED,£16m,Manchester United sign Antonio Valencia for £16m from Wigan Athletic | Manchester United | The Guardian Skip to,18,B,110e5c73240a3a3a78561b16b3f6ec0c1c963352b7947b5617ad707be04c820f,2026-10-07
b724420f48b4ccbd,T98f90daf5a,Jhon}},https://www.bbc.co.uk/sport/football/64379882,18000000.00,GBP,200,NOT CONFIRMED (page fetched; figure not found near the player's name),UNVERIFIED,,,0,B,d20efa8fb64334ae9cf9897afafbe3dae7b44e4c84652e1ba0f6e83c1e83c1d9,2026-10-07
b72691bec97dff9e,Te0258593e7,Lauren,https://www.independent.co.uk/sport/football/premier-league/vieira-bears-the-burden-of-hope-696343.html,7200000.00,GBP,200,VERIFIED,VERIFIED,£7.2m,"Marseille and the Cameroon international Lauren from Real Mallorca for £7.2m. Though Pires was the ""cheaper"" buy, securing the services of the",22,B,c6c9845f6035f22fd217cde0db38b271f7f0c8e98b14bd9231bab70dcbb0dfa7,2026-10-07
b72f3a2543caa24b,Tcbf5f2ad2d,Pogba,https://www.theguardian.com/football/2016/aug/09/manchester-united-paul-pogba-real-madrid-world-record,89300000.00,GBP,200,VERIFIED,VERIFIED,£89.3m,Manchester United are hoping Paul Pogba’s acquisition for a world-record £89.3m represents the beginnings of a power shift whereby they no longer,22,B,cb8e373bce287fbc20ed75992fff3a70103a04a7c69d8199e6f2773b83e7e44a,2026-10-07
b74e735d01b7fe0a,T26cf8ee6fd,Henry,https://www.independent.co.uk/sport/football-henry-adds-to-arsenal-s-firepower-1110671.html,11000000.00,GBP,200,VERIFIED,VERIFIED,pounds 11m,"two days when he moved from Juventus for an estimated pounds 11m, a record fee for the Highbury club. Arsene Wenger said",22,B,ce0a3729d51f2e507deb7804b3198c88da0868fe44bd948a2036b4fa6af39d62,2026-10-07
b753502aaa3e1086,Teacfb406c8,Eze,https://www.bbc.co.uk/sport/football/53935833,19500000.00,GBP,200,VERIFIED,VERIFIED,£19.5m,Eberechi Eze: Crystal Palace sign QPR forward in £19.5m deal - BBC Sport BBC Homepage Skip to content Accessibility Help,20,B,042cd7f23da981f8536800b1faa6cbe11ae69635649b66a978735f3fec51e367,2026-10-07
b791e459eae2c7b7,T4c1e0421b7,Faé,https://www.skysports.com/football/news/2637753/reading-snap-up-fae,2500000.00,GBP,200,NOT CONFIRMED (page fetched; figure not found near the player's name),UNVERIFIED,,,0,B,7f97774ca314073410deb94ac79e55f4fd358abd6b1e8b7e1eefcf84f79d27c8,2026-10-07
b7fdba5d02cc71be,Taed3d9ed5d,Tonali,https://www.theguardian.com/football/2026/jul/06/sandro-tonali-seals-move-to-tottenham-newcastle-transfer-window,92500000.00,GBP,200,VERIFIED,VERIFIED,£92.5m,Sandro Tonali seals £92.5m move to Tottenham on back of ‘magic’ sales pitch | Tottenham,15,B,a671d8d0024bb7b52bb57b90d2bd49ab09fa5174efa29a0f7489fbf84d1d644c,2026-10-07
b81f94db741030d9,Tf7245d8ce7,Jakub}},https://www.bbc.com/sport/football/64365376,17600000.00,GBP,200,NOT CONFIRMED (page fetched; figure not found near the player's name),UNVERIFIED,,,0,B,327d50f4a401295f17a4d2787371d2d84b4d26553c9abbf2ad0f4be605231643,2026-10-07
b83f7e57b8e90f40,Tfbd16b8962,Bellegarde,https://www.bbc.co.uk/sport/football/66692352,12800000.00,GBP,200,VERIFIED,VERIFIED,£12.8m,Wolves transfer news: Jean-Ricner Bellegarde signs from Strasbourg for £12.8m - BBC Sport BBC Homepage Skip to content Accessibility Help Your,21,B,063bf30b0bb415e02f6932c20e33692720a91d459e79218efab3df984db68149,2026-10-07
b859f963b49423f5,Te199cd7c19,Mudryk,https://www.skysports.com/football/news/12691/12786942/mykhailo-mudryk-chelsea-sign-winger-for-88-5m-from-shakhtar-donetsk,88500000.00,GBP,200,VERIFIED,VERIFIED,£88.5m,Mykhailo Mudryk: Chelsea sign winger for £88.5m from Shakhtar Donetsk | Football News | Sky Sports Skip to,18,B,89acac6bb4eed5c07546ec0e0972d7697688534198cf5baf8373817a1e866425,2026-10-07
b8858b3184dc7705,T96ead8a346,Sessègnon,https://www.theguardian.com/football/2013/sep/21/west-bromwich-albion-sunderland-premier-league,5500000.00,GBP,200,VERIFIED,VERIFIED,£5.5m,"off? Is that how we will compete?"" Sunderland accepted Albion's £5.5m bid for Sessègnon last month partly because Di Canio doubted his",22,B,a59dd77f9d1e1859309950b2257d9ff197574412d1d0b43839a5cbcd95c41482,2026-10-07
b8ade77918beb64b,T4d2f1b2960,Carroll,https://www.bbc.co.uk/sport/football/22974376,15000000.00,GBP,200,VERIFIED,VERIFIED,£15m,Andy Carroll: West Ham sign Liverpool striker for £15m - BBC Sport BBC Homepage Skip to content Accessibility Help Your,20,B,3c6e54f07db62b7b9fc563ca876ff2e9e51c7bcbc9782b57c5d9533ad0afe587,2026-10-07
b8f3c3844abebbb1,Tedad2b9864,Song,https://www.bbc.co.uk/sport/football/19293825,15000000.00,GBP,200,VERIFIED,VERIFIED,£15m,"contract at the Nou Camp after the clubs agreed a £15m deal. Song, whose contract will contain a release clause of 80m",22,B,0512e3bcdfbf796bfc474c39f04b7589b6c622a0b5f55bb9d9ab67f6eeaa2b89,2026-10-07
b8fce39dff292b14,T5bd5da9f92,Partey,https://www.theguardian.com/football/2020/oct/05/arsenal-make-move-to-sign-thomas-partey-from-atletico-madrid-for-51m,45000000.00,GBP,200,VERIFIED,VERIFIED,£45m,Arsenal sign Atlético Madrid's Thomas Partey after paying £45m release clause | Transfer window | The Guardian Skip to main,20,B,3ae38bac8125899ed0db0ffa6c51f8d0bec3ec19aa26e34a8cc5618eea830838,2026-10-07
b8fea862fcda9e00,T4090a808a6,Scarpa,https://www.nottinghampost.com/sport/football/transfer-news/nottingham-forest-transfers-gustavo-scarpa-9000836,4000000.00,GBP,200,VERIFIED,VERIFIED,£4 m,cancelled and he will return to his homeland on a £4 million permanent move to Atletico Mineiro when the January transfer wi,22,D,cce334230f2272b6e7ba561a076dd42b2ed2ad56c822d2d696a0019c8093d79a,2026-10-07
b97ee03b1910b094,T0f78bc3ea8,Sedgley,https://www.soccerbase.com/players/player.sd?player_id=7150,1000000.00,GBP,200,VERIFIED,VERIFIED,"£1,000,000","0 (0) 0 Ipswich 15 Jun, 94 01 Jul, 97 £1,000,000 39 (0) 14 0 (0) 0 6 (0) 2 2 (0)",22,C,6980bad42046ef7e063f7895e82259304c0e6a5e6c620a66964e702d1ef02fb2,2026-10-07
b9c01b56a30bfa01,Tf82c07a7ad,Cort,https://news.bbc.co.uk/2/hi/sport/football/fa_carling_premiership/821026.stm,7000000.00,GBP,200,NOT CONFIRMED (page fetched; figure not found near the player's name),UNVERIFIED,,,0,B,ed2c1eea8c056e05f69b12971d6eec2fa9c15a0a4dc678b1bdaad34caabd4e32,2026-10-07
b9c13708516ceb6b,Tc66ad56c9e,Silva,https://www.theguardian.com/football/2020/sep/05/wolves-complete-club-record-deal-for-teenage-porto-striker-fabio-silva,40000000.00,EUR,200,VERIFIED,VERIFIED,€40m,"a five-year deal, with Porto claiming the fee paid is €40m (£37m). Men's transfer window summer 2020 – all deals from Europe's",22,B,f94199afbdafdd4cc8e3896f9678e685dbe209f09e81870239302c9c9674fd83,2026-10-07
b9daf0f087843312,T3cd4c7b113,Hall,https://www.bbc.co.uk/sport/football/articles/c7274e3y3neo,28000000.00,GBP,200,VERIFIED,VERIFIED,£28m,Newcastle sign Lewis Hall from Chelsea for £28m - BBC Sport BBC Homepage Skip to content Accessibility Help Your,19,B,27747061f803d8c9f5c451adaa09ec527311eed6779dce1156d259759c95a92d,2026-10-07
ba1742a1cbc0f1b1,T02f32bd343,Trippier,https://www.bbc.com/sport/football/59878158,12000000.00,GBP,200,VERIFIED,VERIFIED,£12m,"Howe says. Trippier, 31, has arrived from Atletico Madrid for £12m plus add-ons - Newcastle 's first signing since October's Saudi Arabi",22,B,43ed0e012d115fe2e196e15d1ffcd992e6f2356ce0b1feab367d3b5b9c27e2f7,2026-10-07
ba88b2c4bf521219,Ta0e6f4b435,Bale,https://www.the-independent.com/sport/football/european/gareth-bale-contract-leak-suggests-real-madrid-a6825496.html,100759418.00,EUR,200,VERIFIED,VERIFIED,"€100,759,418","AS on Thursday, suggest that the fee ultimately amounted to €100,759,418, after Real opted to pay in instalments rather than up front.",22,B,5c569f730d3eb0fb4eaac2ffefeb34579f736e9f8ae326ea4e68e37679cfd095,2026-10-07
ba9054a1dd249f5b,T2414e8b8e5,Stewart,https://bleacherreport.com/articles/762262-liverpool-fc-the-5-worst-transfers-of-the-souness-era,2300000.00,GBP,200,VERIFIED,VERIFIED,£2.3 m,after Liverpool agreed to pay Tottenham Hotspur a fee of £2.3 million. At the time it was believed to be a good,22,D,e191d7d751b01129c47e29cbd32e38acf3f737a105be8172f159471c2929a520,2026-10-07
ba9ac42189656b49,T50c4e095d8,Rodri}},https://www.theguardian.com/football/2026/aug/18/barcelona-snatch-rodri-from-madrid-and-make-him-new-busquets,60000000.00,EUR,200,NOT CONFIRMED (page fetched; figure not found near the player's name),UNVERIFIED,,,0,B,f67e004f9fa3db6762147c804881205f110198f4e436bfe5e8205c87649f6311,2026-10-07
baa6558523e18383,Td8540535c9,Neto,https://www.bbc.co.uk/sport/football/articles/cd05ereye7do,51300000.00,GBP,200,VERIFIED,VERIFIED,£51.3m,"having two bids rejected. The Blues will pay an initial £51.3m for Neto, with a further £2.6m in add-ons. Twelve signings for",22,B,0767461e5645d74f134223b68093dd4732e8b02b6db9d049b1377199f0023351,2026-10-07
bab0e481bc262075,T8fcc27f739,Maguire,https://www.bbc.co.uk/sport/football/49224905,80000000.00,GBP,200,VERIFIED,VERIFIED,£80m,Harry Maguire: Man Utd sign Leicester defender for world record £80m - BBC Sport BBC Homepage Skip to content Accessibility Help Your,22,B,f3c53b2d5d42106f74775ea6491722b77a572814a79f6d2fa03d9ca3929780e1,2026-10-07
bab648fe7f3c7d91,T33c571dfa2,Ekoku,https://www.independent.co.uk/sport/football-boro-offer-ajax-pounds-6m-for-kluivert-1327288.html,920000.00,GBP,200,NOT CONFIRMED (page fetched; figure not found near the player's name),UNVERIFIED,,,0,B,fb49ea03fe5d6100eef34edd67dd2dae844c13b99597d85a78b0dc50cf4981f4,2026-10-07
bab9fe6e9510e2e8,T6d8eef43f2,Sterling,https://www.bbc.co.uk/sport/football/62155029,50000000.00,GBP,200,VERIFIED,VERIFIED,£50m,"of England forward Raheem Sterling from Manchester City in a £50m deal. Sterling, 27, has signed a five-year contract at Stamford Bridg",22,B,d361b5e3a91562278d837d78f6f606cbdec7ddc046e2dde85a249e041a948529,2026-10-07
babcc80c45f1be4f,Tafe3c075c6,Šeško,https://www.skysports.com/football/news/13407644/benjamin-sesko-transfer-news-man-utd-agree-deal-in-principle-for-rb-leipzig-forward-as-newcastle-set-to-miss-out,66300000.00,GBP,200,NOT CONFIRMED (page fetched; figure not found near the player's name),UNVERIFIED,,,0,B,7a30ce4e268ff95419d6cc31a91aacf43ba7829510c20aeea5a22a30ba631908,2026-10-07
baecfeb874c062cc,Tf5a46d2a74,Gascoigne,https://www.soccerbase.com/players/player.sd?player_id=2775,5500000.00,GBP,200,VERIFIED,VERIFIED,"£5,500,000","14 (0) 2 Lazio 01 Jun, 92 10 Jul, 95 £5,500,000 41 (0) 6 0 (0) 0 0 (0) 0 0 (0)",22,C,63e0d8b6cc2149de2bb3bcd4a7146deccc2b6cc21b0f9366ba44c0c726f7705e,2026-10-07
baed97181c885a52,Tc4ba3257e6,Collymore,https://www.independent.co.uk/sport/collymore-joins-the-anfield-strikeforce-1586959.html,8500000.00,GBP,200,VERIFIED,VERIFIED,pounds 8.5m,became Britain's most expensive footballer yesterday when he completed his pounds 8.5m move from Nottingham Forest to Liverpool. The Anfield club overcame,22,B,a7d8b6a493aa67cc8396e8efab5cac1671e9663b7d9c9e9aa7265ccb25617d05,2026-10-07
baf472d15820fa2f,Tebf3bf1236,Slimani,https://www.bbc.co.uk/sport/football/37217072,29000000.00,GBP,200,VERIFIED,VERIFIED,£29m,"Sporting Lisbon for a fee believed to be a club-record £29m. The 28-year-old forward, who has agreed a five-year deal, left Alger",22,B,9ced850ee8337796086da9db518c2f3252101b678b1752d6903c83e2db3825da,2026-10-07
bb0982a08aabf5e9,Tba741a0d0f,Arnautović,https://www.bbc.co.uk/sport/football/48876616,22400000.00,GBP,200,NOT CONFIRMED (page fetched; figure not found near the player's name),UNVERIFIED,,,0,B,cac371f1590005c40700357a87a734cc621480c1222e79d5931c1a4dcb2a1557,2026-10-07
bb11ff0035ac29de,Tac63183824,Diaby,https://www.bbc.com/sport/football/articles/c99we1pzk72o,50400000.00,GBP,200,NOT CONFIRMED (page fetched; figure not found near the player's name),UNVERIFIED,,,0,B,5df62f952edbd31d843df7acedae6e0706bb3c2d5320a49359d00e549bd96f85,2026-10-07
bb4a98764fe01a32,Te10d1a59da,Pienaar,https://news.bbc.co.uk/sport1/hi/football/africa/7338325.stm,2050000.00,GBP,200,NOT CONFIRMED (page fetched; figure not found near the player's name),UNVERIFIED,,,0,B,a56af235c99225c87da089ae2617d802c08901418724cbc30f7dcb8f6cb27366,2026-10-07
bb64bdb4ff0c4791,T1f6d57fab8,Slater,https://www.soccerbase.com/players/player.sd?player_id=7345,750000.00,GBP,200,VERIFIED,VERIFIED,"£750,000","0 (0) 0 Ipswich 30 Sep, 93 09 Sep, 96 £750,000 61 (11) 4 6 (0) 0 6 (0) 0 2 (2)",22,C,6b6e42b72c77688b4f8e6c1f003b70dde49a4908a8870f13cdb055f64e4895d0,2026-10-07
bb77cd128ec755e2,Tcaf39339f6,Havertz,https://www.bbc.co.uk/sport/football/54023395,71000000.00,GBP,200,VERIFIED,VERIFIED,£71m,Kai Havertz: Chelsea sign Bayer Leverkusen midfielder in £71m deal - BBC Sport BBC Homepage Skip to content Accessibility Help,20,B,c2fbac0a08470bd48e71800e2668567fab23ff502e9f023f6e79ff30e4567ec8,2026-10-07
bbc2be9f4682ab8c,Tcf6f65e943,Bergvall,https://www.bbc.co.uk/sport/football/68176095,8500000.00,GBP,200,VERIFIED,VERIFIED,£8.5m,Lucas Bergvall from Swedish side Djurgarden for a fee approaching £8.5m. The 17-year-old will have a medical on Friday and sign a,22,B,8d5109db060934cc5a7c104007d2492ebce3a74abe6353e9e152742424e0486e,2026-10-07
bbcfd513505932d0,Tf7a104c7ab,Danilo,https://www.skysports.com/football/news/11779133/joao-cancelo-joins-man-city-from-juventus-with-danilo-moving-to-italian-club,34000000.00,GBP,200,VERIFIED,VERIFIED,£34m,"at £60m in the deal, while Danilo is rated at £34m. City will pay the fee for Cancelo over three years. Juve",22,B,c7c32db87191547b2b1ff16af03531741e932d7066f3b410084e20965efd0e8c,2026-10-07
bc278fc6d8c1f473,T1ccacb31eb,Gakpo,https://www.bbc.com/sport/football/64104472,35400000.00,GBP,200,VERIFIED,VERIFIED,£35.4m,Dutch club PSV Eindhoven. The deal is worth 40-50m euros (£35.4m-£44.3m) and the Eredivisie club say it is a record transfer fee,22,B,e3b2581bd628345515b24667260b9419898db2316ab185f5ff05294c85386a22,2026-10-07
bc709309adccf417,T0ef7802c45,Brewster,https://www.bbc.co.uk/sport/football/54393687,23500000.00,GBP,200,VERIFIED,VERIFIED,£23.5m,Blades on a five-year contract for a club-record deal worth £23.5m. The package for the England Under-21 forward includes a buy-back opt,22,B,4a3ba7c6be9f5cc10e87927fc270b243b9247756ef74a0c80379515317875c88,2026-10-07
bc90234a219be5bd,T5f60951c98,Toney,https://www.reuters.com/sports/soccer/al-ahli-sign-english-striker-toney-brentford-2024-08-31/,40000000.00,GBP,401,BLOCKED or gone (HTTP401),UNVERIFIED,,,0,B,,2026-10-07
bce8288568df3e22,T6fb82fcdd2,Flo,https://www.theguardian.com/football/2000/nov/23/newsstory.sport1,12000000.00,GBP,200,VERIFIED,VERIFIED,£12m,Flo completes £12m Rangers move | Soccer | The Guardian Skip to main content,14,B,c66ae5e62b805baf0108a7b19e413446ca9d92d534279285f591f1c624b53342,2026-10-07
bd105a68c04c20c1,T509c550cb6,Benteke,https://www.bbc.co.uk/sport/football/37028477,27000000.00,GBP,200,VERIFIED,VERIFIED,£27m,Christian Benteke: Crystal Palace sign striker from Liverpool for £27m - BBC Sport BBC Homepage Skip to content Accessibility Help Your,21,B,d02bee73d48ff691606b85baa015ae033c5f6e1006d1302789b88672529996f4,2026-10-07
bd308f6d1944b21a,T69492f144d,Muñoz,https://www.bbc.co.uk/sport/football/articles/cdjkl44yrg3o,34500000.00,GBP,200,NOT CONFIRMED (page fetched; figure not found near the player's name),UNVERIFIED,,,0,B,0eeb6d601d4ebd10f50358e1fc8b5327d04610537b851094862aec48f3d9d103,2026-10-07
bdd142d23db76adc,Tb92bc5f7cf,1998}},https://www.bbc.co.uk/sport/football/66644536,30000000.00,GBP,200,NOT CONFIRMED (page fetched; figure not found near the player's name),UNVERIFIED,,,0,B,1b201b841e1ceba270b6a1660f1ee83d15a844199fa9c970de84d7c8ff9db419,2026-10-07
bdec3a4402a2d291,T7d83c171ad,Olney,https://www.independent.co.uk/sport/football-villa-pay-pounds-2-3m-for-saunders-1550782.html,700000.00,GBP,200,NOT CONFIRMED (page fetched; figure not found near the player's name),UNVERIFIED,,,0,B,b8acdda95d7742bdbb5fceb91059f0f076387fab472dfa98368f4673b15189db,2026-10-07
bdf0da3d891ec647,T82c99c6895,Calafiori,https://www.bbc.com/sport/football/articles/cv2gydyjp4ro,42000000.00,GBP,200,VERIFIED,VERIFIED,£42m,"Riccardo Calafiori from Bologna for a fee of up to £42m including add-ons. The 22-year-old, who started Italy's three group g",21,B,312376a4e5af9ec9362b3a5e21c2e1bc5e4deb0b36b904fc7e65dc39fd929bf8,2026-10-07
be07942d8657c95d,T374e35997b,Salah,https://www.theguardian.com/football/2017/jun/22/liverpool-transfer-deal-mohamed-salah-roma,36900000.00,GBP,200,VERIFIED,VERIFIED,£36.9m,Liverpool complete record £36.9m signing of Mohamed Salah from Roma | Liverpool | The Guardian,15,B,acda3dbd4b05932832143f2332f56dabb1ff5e565b9d5455c3f46dc46a19ad79,2026-10-07
be155a9f2d556a7a,Tcbba82f4ab,Henry,https://www.skysports.com/football/news/2493027/henry-completes-barca-move,16100000.00,GBP,200,VERIFIED,VERIFIED,£16.1m,a four-year deal at Camp Nou after Arsenal accepted a £16.1million fee for Henry over the weekend. Henry underwent a stringent med,22,B,f9d2c4921ca4aaf28e4017c36938e37454542c9e8f9d3c4a7a4d11060943703a,2026-10-07
be459802479f143e,T4a2f9ecda8,Muharemović,https://www.bbc.co.uk/sport/football/articles/c9w0kl9rjpno,34100000.00,GBP,200,NOT CONFIRMED (page fetched; figure not found near the player's name),UNVERIFIED,,,0,B,b43cfe720efc81c0d6ceede13fa7bdf25442205fab9139cd345937486d455f9f,2026-10-07
be4bec3f730cd231,T9bead99ff5,Cissé,http://www1.skysports.com/football/news/12691/7439451/Cisse-completes-Magpies-move,10000000.00,GBP,200,NOT CONFIRMED (page fetched; figure not found near the player's name),UNVERIFIED,,,0,B,b2a5375346a3182704d98ca9e9ff10b0cb7ec59f2de78a26017ad05b66d3b7bc,2026-10-07
be8932809de451de,T9b68c2c97d,Calderwood,https://www.independent.co.uk/sport/football-calderwood-transfer-set-at-1-25m-pounds-tottenham-are-forced-to-pay-an-extra-pounds-900-000-for-former-1460531.html,1250000.00,GBP,200,VERIFIED,VERIFIED,pounds 1.25m,"central defender, whose value was set by a tribunal at pounds 1.25m. Spurs had offered just pounds 350,000 while Swindon had asked",22,B,cd18e50c63969cb1d112dea9e937993b564394b6a97848fb6038589e4dec6332,2026-10-07
be9c6e8ed4d04b7e,T19d679f84d,María,https://www.independent.co.uk/sport/football/transfers/angel-di-maria-to-psg-manchester-united-winger-set-for-medical-as-ps44-3m-fee-is-agreed-10433184.html,63000000.00,EUR,200,NOT CONFIRMED (page fetched; figure not found near the player's name),UNVERIFIED,,,0,B,ce46641ee9d0f97908004a8dcc91a8ddfd35c5741df823ddf1c2e9091eebf6e5,2026-10-07
bea435ea6956fb48,T025b15ffab,Ayegbeni,https://www.theguardian.com/football/2007/jan/17/newsstory.sport11,7500000.00,GBP,200,NOT CONFIRMED (page fetched; figure not found near the player's name),UNVERIFIED,,,0,B,4d594541ee5719b108a43f9697d61dd5b9073c49765a7c9fa467e7227579a835,2026-10-07
beb04c21ef36d4ae,T37100a5ba9,Stam,https://www.the-independent.com/sport/football/premier-league/ferguson-son-s-role-in-stam-transfer-9276429.html,16500000.00,GBP,200,VERIFIED,VERIFIED,£16.5m,"Sir Alex, played a key role in the Dutchman's controversial £16.5m move from Old Trafford to Lazio. Jason, who is a football",22,B,83dbccb00e42885a1a07ae6ef09814e53fe4c86db163cb566d43e14714e6807c,2026-10-07
bebd8c5a0007c4d7,T358eb395a2,Furlong,https://www.independent.co.uk/sport/football-chelsea-spend-pounds-2-3m-on-furlong-1438538.html,2300000.00,GBP,200,VERIFIED,VERIFIED,pounds 2.3m,Football: Chelsea spend pounds 2.3m on Furlong | The Independent | The Independent Thank you,15,B,f6824429790697c8cc0b9f081cd7adf2b4b403270474369050f22c64cf496ac0,2026-10-07
bec8f6af50c7b145,Tf344da4bf3,Gray,https://www.bbc.co.uk/sport/football/66735350,8000000.00,GBP,200,VERIFIED,VERIFIED,£8m,"suggest , external the 27-year-old Jamaica winger has moved for £8m on a four-year deal. Gray was rebuked by Everton boss Sean",22,B,7ce1a7217f504fca088bef068df30b27180e6cacbcce6d5d6c7ed21d9109fbfe,2026-10-07
becb465b827671d8,T1f6d57fab8,Slater,https://www.independent.co.uk/sport/football-ipswich-sign-slater-for-pounds-750-000-chelsea-lose-out-in-transfer-chase-as-celtic-striker-rejoins-former-manager-1508042.html,750000.00,GBP,200,NOT CONFIRMED (page fetched; figure not found near the player's name),UNVERIFIED,,,0,B,b5c93747aa2ebd8bf567e67d3dc7cae3113489eb281cd89cc3e4cb42ffe9b3b9,2026-10-07
beed767543b11e5e,T5f7c350590,Rodríguez,https://www.bbc.co.uk/sport/football/articles/c93239v347qo,25700000.00,GBP,200,NOT CONFIRMED (page fetched; figure not found near the player's name),UNVERIFIED,,,0,B,7aaa536b3f31141cdc0569612ce80c34167174d98c4eef7e66bf9f00347a4e59,2026-10-07
bf1b6e573d6233c5,T86bd7341b8,Firmino,https://www.theguardian.com/football/blog/2015/dec/17/premier-league-transfers-summer-signings-club-by-club,29500000.00,GBP,200,VERIFIED,VERIFIED,£29.5m,"assured on his three appearances so far. 6 Roberto Firmino £29.5m, 952 minutes played Played an integral part in Liverpool’s best leagu",22,B,39c1f99799634c4a4cfce6372cf10c8c04166b76f4c7846499dfa248ee6cd280,2026-10-07
bf248593776c38a0,T2007c811a9,Ronaldo,https://www.uefa.com/uefachampionsleague/news/0194-0e6a6c959222-e1ebaaf35d92-1000--united-complete-double-signing/,17500000.00,EUR,200,VERIFIED,VERIFIED,€17.5m,"signed a five-year contract after the two teams agreed a €17.5m fee, payable over two years. Ronaldo, who has been capped by",22,B,ebe20b8ec8cb3567503a136dfa4afa08b36de1d4349acadcee5ecf30ab7bd480,2026-10-07
bf33b6cd049d280c,T78b2ca9aeb,Bostock,https://www.the-independent.com/sport/football/news/will-spain-s-blueprint-work-for-england-6258617.html,700000.00,GBP,200,VERIFIED,VERIFIED,"£700,000","Tottenham Hotspur must pay Crystal Palace a down payment of £700,000 for a 16-year-old John Bostock in 2008. Everton were ordered to",22,B,18e5d96dfa91a93e11a67293ec3f248abc337fabb6f6690572c841b978d23a70,2026-10-07
bf406d926b4240bf,T0e9294f356,Luiz,https://www.bbc.co.uk/sport/football/37218241,34000000.00,GBP,200,VERIFIED,VERIFIED,£34m,David Luiz: Chelsea re-sign Brazil defender from PSG for £34m - BBC Sport BBC Homepage Skip to content Accessibility Help Your,21,B,5097044cef74b7cb49cb07c78b84f56e5a3d9b80b3ffa60943820678a4ac179a,2026-10-07
bf408f431653460e,T49eccf989c,Kane,https://www.theguardian.com/football/2023/aug/12/time-to-leave-harry-kane-signs-off-from-spurs-to-join-bayern-munich,100000000.00,GBP,200,VERIFIED,VERIFIED,£100m,curtain down on 19 years with Tottenham Player confirms his £100m departure in video on social media PA Media Sat 12 Aug,22,B,eecdec5e4f6b8adaa4a84f74d2aca8c880eec8fa1a2baa5aa347691a10480e5d,2026-10-07
bf560f6a5f2b12dd,Td41d632223,Costa,https://www.telegraph.co.uk/football/2017/09/21/diego-costa-transfer-chelsea-atletico-madrid-agreed/,50000000.00,GBP,200,NOT CONFIRMED (page fetched; figure not found near the player's name),UNVERIFIED,,,0,B,d302be67ef46af9d2da566b95d13b7e60da538782ec10913676330ae0f117a9a,2026-10-07
bf57b7b3b607e6ad,Ta261835d6a,Aarons,https://www.bbc.co.uk/sport/football/66465443,7000000.00,GBP,200,VERIFIED,VERIFIED,£7m,helped England win the European Under-21 Championship and has cost £7m. Both have signed long-term contracts and take manager Andoni Iraola',21,B,9f382e3940296b563c5723365291ec93d73dab57c8b6c5c17b01f42416bea270,2026-10-07
bfa4d7c8d37248f9,T5779837db1,Bruyne,https://www.bbc.co.uk/sport/football/16721393,6700000.00,GBP,200,VERIFIED,VERIFIED,£6.7m,winger Kevin de Bruyne for a fee believed to be £6.7m. The 20-year-old has signed five-and-a-half-year contract at Stamford,19,B,cdc5a89fade23e086ebed172b222d97ebfc57a1742668e03e705de7de171cea1,2026-10-07
bfc2216d172c697e,T8e3eae128b,Ekitike,https://www.skysports.com/football/news/11669/13399673/hugo-ekitike-joins-liverpool-eintracht-frankfurt-striker-completes-79m-transfer-to-premier-league-champions,79000000.00,GBP,200,VERIFIED,VERIFIED,£79m,Hugo Ekitike joins Liverpool: Eintracht Frankfurt striker completes £79m transfer to Premier League champions | Football News | Sky Sports,20,B,ff42adfeaf438ea767c4f45f46e837384c0666855f2fe9603ac58fe9ae2aa1aa,2026-10-07
bffbc00354153d1d,T4b43efcd4b,Cuyper,https://www.bbc.com/sport/football/articles/cvg6mx7zjz2o,17500000.00,GBP,200,VERIFIED,VERIFIED,£17.5m,"Fabian Hurzeler said the left-back, who joins for a reported £17.5m, ""clearly has a winner's mentality"". De Cuyper, 24, made 54 appearanc",22,B,9f1d1986c4a8cd870f353758b7b6a739b7d025282c0d538291629f681cf22a87,2026-10-07
c042c723479043e0,Ta3988ed780,Cabaye,https://www.bbc.co.uk/sport/football/33474027,10000000.00,GBP,200,VERIFIED,VERIFIED,£10m,"French champions Paris St-Germain for a club-record transfer fee of £10m. The 29-year-old midfielder joins on a three-year deal, with the fee",22,B,2b8d2ee5c778ea6d7a66661e78890434db06d97ccb02109746bb75cae78b6f92,2026-10-07
c06e2017088c9241,T642cb42f79,Cana,https://news.bbc.co.uk/sport2/hi/football/teams/s/sunderland/8168337.stm,5000000.00,GBP,200,VERIFIED,VERIFIED,£5m,"squad,"" added Bruce, who is believed to have spent about £5m on Cana. ""To captain a side of Marseille's stature says a",22,B,7db21a1e073830c72c10e29c53e47269bf4bb387e80bf61d52ebac2e6178695c,2026-10-07
c07d3a588ce288f0,T2068a85bef,Negredo,https://www.skysports.com/football/news/9893206/premier-league-ins-and-outs-all-the-moves-in-the-summer-transfer-window,21300000.00,GBP,200,VERIFIED,VERIFIED,£21.3m,"David Faupala – Lens, Free Out Alvaro Negredo - Valencia, £21.3m Karim Rekik - Marseille, £3.6m Scott Sinclair – Aston Villa, £2.5m",22,B,a3f6660dc756350dfb42ed3ece467ab37fd677745873d4f70670b5f168008ed4,2026-10-07
c0a3e4baba8b0b5a,Tffafe9c0b9,Wolfe,https://www.bbc.co.uk/sport/football/articles/cqxg9e3y0dxo,10000000.00,GBP,200,VERIFIED,VERIFIED,£10m,Wolfe on a five-year deal for a fee of about £10m from Dutch top-flight side AZ Alkmaar. The 23-year-old left-back is V,22,B,e397ae46b8cf2880479ef1a34b42746c36c5046c451c07629782fc4bbb61a0f3,2026-10-07
c0bcee620e088f7d,Tdb89afbf0a,Beckham,https://www.uefa.com/uefachampionsleague/news/0193-0e6a667e0990-1b2a413ffe41-1000--beckham-on-show-in-madrid/,35000000.00,EUR,200,VERIFIED,VERIFIED,€35m,four-year contract yesterday after passing a medical that sealed his €35m move to the nine-time European Champion Clubs' Cup winners. Dream mov,22,B,f1722ac415c414c3e2412a2c0d0ea489433815f04a0d2a2f126d48f42aab8703,2026-10-07
c0e173b54ff40607,T233c2f435d,Lovren,https://www.bbc.co.uk/sport/football/53556646,10900000.00,GBP,200,VERIFIED,VERIFIED,£10.9m,"St Petersburg have signed defender Dejan Lovren from Liverpool for £10.9m on a three-year contract. The Croatia centre-back, 31, has joined the",22,B,0b4a96650d35a93216aa3b5b6f49e090696320883dda0767d9090e6554f8a959,2026-10-07
c0f238ab4cbc1b31,T7092e02829,Fernandez,https://www.skysports.com/football/news/12799395/enzo-fernandez-to-chelsea-blues-agree-premier-league-record-gbp105m-transfer-deal-for-benfica-midfielder,106800000.00,GBP,200,VERIFIED,VERIFIED,£106.8m,Enzo Fernandez: Chelsea sign midfielder in £106.8m British-record transfer deal from Benfica | Transfer Centre News | Sk,18,B,06037ad91be1703ab3e8b86cd64a50a69e8d53f9460f8f4dd3f6946c1ed12419,2026-10-07
c0fff41419fcd34b,T61755e3adb,Wanyama,https://www.bbc.co.uk/sport/football/22969633,12500000.00,GBP,200,VERIFIED,VERIFIED,£12.5m,Victor Wanyama: Southampton sign Celtic midfielder for £12.5m - BBC Sport BBC Homepage Skip to content Accessibility Help Your,19,B,a5ffd0d00e1daef6064140838208ff6fe9d67fa933f2eeb20e868d4e00d73a5a,2026-10-07
c143bcd8dcd00c75,T4b06245507,Coulibaly,https://www.bbc.co.uk/sport/football/articles/cd640nz543eo,3000000.00,GBP,200,VERIFIED,VERIFIED,£3m,Woyo Coulibaly: Leicester sign defender in £3m deal - BBC Sport BBC Homepage Skip to content Accessibility Help,18,B,146071504c218e186a82ab3cea20cd717ee191caf0a2dd360f3184f0aaca1192,2026-10-07
c154181d3d57b759,T2436d0f257,Robert}},https://www.bbc.co.uk/sport/football/66397787,25000000.00,GBP,200,NOT CONFIRMED (page fetched; figure not found near the player's name),UNVERIFIED,,,0,B,ad0bd9effb8771bf76981141fbee3d1587da72eda09793a427a4ec13c21a92e2,2026-10-07
c156d1816271ab9f,Td5ce353a86,Bridges,https://www.skysports.com/football/player/4464/michael-bridges,5000000.00,GBP,200,NOT CONFIRMED (page fetched; figure not found near the player's name),UNVERIFIED,,,0,B,0ac0fcd15d0291e6692419446395ba75191dad0f7dcc953e0a8f08b52f36ff9c,2026-10-07
c15d14631df65c40,T495ff7b333,Cahill,http://soccernet.espn.go.com/news/story/_/id/1009211/gary-cahill-finally-completes-move-from-bolton-to-chelsea?cc=3888,7000000.00,GBP,,BLOCKED or gone (URLError),UNVERIFIED,,,0,B,,2026-10-07
c1699277381a689b,Ta2a6c37635,Benitez,https://www.theguardian.com/football/2010/may/14/birmingham-christian-benitez-permanent,7000000.00,GBP,200,NOT CONFIRMED (page fetched; figure not found near the player's name),UNVERIFIED,,,0,B,3f0f6515f559f92508a72a84fbddebd0c09ad1a08cce6fb170c605ba7589220c,2026-10-07
c16f3206cf7a9b2c,T296af33485,Sturridge,https://www.skysports.com/football/news/5860001/blues-told-sturridge-fee,3500000.00,GBP,200,VERIFIED,VERIFIED,£3.5m,been informed that they must make an initial payment of £3.5million for Daniel Sturridge. More from Football Nations League: Englan,20,B,a74cc8aac0235f54664b7f719937950fdfcf8a665df02c1cfec67abf558ea901,2026-10-07
c19c09bfe3ca10b2,Tb6a700496e,Zabarnyi,https://www.bbc.co.uk/sport/football/articles/c1leezv2r0zo,54500000.00,GBP,200,VERIFIED,VERIFIED,£54.5m,"the best project"". European champions PSG have paid an initial £54.5m plus £2.6m in performance-related add-ons. Zabarnyi joined the Cherri",20,B,49b766f5c738edd73030662054aec8d640a2e5557e282f5b9e9ec43534dabbe8,2026-10-07
c1bf8ac79dc456c0,T30b589c510,Mayenda,https://www.sunderlandecho.com/sport/football/sunderland-afc/sunderland-transfer-news-eliezer-mayenda-8779099,22000000.00,GBP,200,VERIFIED,VERIFIED,£22 m,Sunderland agreed a deal that could net the club around £22 million if all add-ons are realised. A club statement said: “Everyone,22,D,64b44fb1cd80c830a2f952fa76e50115b22ab86b134329cd330f93379866a64e,2026-10-07
c1dd6cedced6fb30,Te199cd7c19,Mudryk,https://www.bbc.co.uk/sport/football/64281139,89000000.00,GBP,200,VERIFIED,VERIFIED,£89m,Mykhailo Mudryk: Chelsea sign Shakhtar Donetsk forward in £89m deal - BBC Sport BBC Homepage Skip to content Accessibility Help,20,B,cdbc8f986598abe29160cd68ad0f0d18db77df03adf29cf420d3633b8ce3c5d8,2026-10-07
c234c48e1a662031,T603c94a0b6,Mount,https://www.bbc.co.uk/sport/football/65807884,55000000.00,GBP,200,VERIFIED,VERIFIED,£55m,"midfielder Mason Mount from Chelsea on a five-year contract for £55m, plus £5m in add-ons. Mount, 24, will be Erik ten Hag's",22,B,e0b852fd2d6d845e9d666be24d1e786e6eb7f48d47f5a3e16c4da3c4e641a305,2026-10-07
c235bf57110a985a,T09464a9bd9,Lacroix,https://www.bbc.co.uk/sport/football/articles/cg4d11g46lpo,52000000.00,GBP,200,VERIFIED,VERIFIED,£52m,Chelsea sign Crystal Palace defender Maxence Lacroix in £52m deal - BBC Sport BBC Homepage Skip to content Accessibility Help,20,B,1e1280a4429c8f0adfac6cbc2d3acc794cf97fe0ab8cfc63e823c59a71815ec0,2026-10-07
c24eb97d83bcfd29,T00d058fb0c,Silva,https://www.theguardian.com/football/2017/may/26/manchester-city-bernardo-silva-record-transfer,43600000.00,GBP,200,VERIFIED,VERIFIED,£43.6m,Monaco’s Bernardo Silva joins Manchester City in £43.6m deal | Manchester City | The Guardian Skip to main content,19,B,6054e74ece67503ccb67d4853369e414c40db5ae2592cd9fd579cad5e9615baa,2026-10-07
c251cade49ad420b,T5f381e4845,Özil,https://www.skysports.com/football/news/10291273/granit-xhaka-becomes-arsenals-third-most-expensive-transfer-at-around-30m,41500000.00,GBP,200,NOT CONFIRMED (page fetched; figure not found near the player's name),UNVERIFIED,,,0,B,436d4b9855c682d824f9d0098f50a845aeae88c9aeae5baa5c46fdafc3be2ab7,2026-10-07
c28331b8d32c3a18,T29b464e761,Strupar,https://www.independent.co.uk/sport/football-powell-s-rare-strike-provides-lift-for-smith-1133402.html,3000000.00,GBP,200,VERIFIED,VERIFIED,pounds 3m,"heights, leaving Georgi Kinkladze on the bench alongside his new pounds 3m Belgian international, Branko Strupar. The latter made a brief, late",22,B,406893d912c4e7fb3ccddc2d39db650c2f66f593ba166d0531f5eafb4da8af54,2026-10-07
c2c392baa65aee41,Tc97943c8d4,Ince,https://www.skysports.com/football/news/11714/9646042/premier-league-hull-city-ordered-to-pay-lb2m-for-tom-ince,2000000.00,GBP,200,VERIFIED,VERIFIED,£2m,Premier League: Hull City ordered to pay £2m for Tom Ince | Football News | Sky Sports Skip to,19,B,49f91ae187859d665b8b190d309948b4aac6e03d99da90eaa85f48e90e3bd3b9,2026-10-07
c30296699f45aa15,Ta25c188236,Guiu,https://www.bbc.com/sport/football/articles/cv2gxljzmy9o,5000000.00,GBP,200,VERIFIED,VERIFIED,£5m,Marc Guiu: Barcelona teenager completes £5m move to Chelsea on a five-year deal - BBC Sport BBC,17,B,9ebd640aa3b3da49a7e0e37a94e8d661ca7173b29be99649a075bd0b0ab085bb,2026-10-07
c30b853ba193ccc6,Tf383cc003e,Sulemana,https://www.skysports.com/football/news/11095/12799739,22000000.00,GBP,200,VERIFIED,VERIFIED,£22m,for Kamaldeen Sulemana and capture of striker Paul Onuachu Saints' £22m plus bonuses for winger Sulemana surpasses fee for previous record bu,22,B,316ce951480c7f5939e931eb12e212fe9beb862043a8a767955e606c47a7f8e0,2026-10-07
c33561ee0431c1f8,T407eabea46,Torres,https://www.bbc.co.uk/sport/football/59800149,46300000.00,GBP,200,VERIFIED,VERIFIED,£46.3m,buyout clause. The 21-year-old forward returns to Spain in a £46.3m deal just 18 months after leaving Valencia to join City. In,22,B,e9901947f5d950eb61e86dd5572be5f654a18cf868ac62811295b52523e16b90,2026-10-07
c33b19ad4a9c7a4b,T75c2f4ec36,Maccarone,https://www.theguardian.com/football/2002/jul/08/newsstory.sport7,8150000.00,GBP,200,VERIFIED,VERIFIED,£8.15m,beat compatriot Fabrizio Ravanelli's goalscoring record at the Riverside. The £8.15m signing from Empoli was unveiled at a press conference this afternoon,22,B,e1491623baab38b7b47549f965cf6383b2035958064eaf3504397dcb96713217,2026-10-07
c3481a02dcce739d,T4e9f6d4e8a,Mahrez,https://www.bbc.co.uk/sport/football/66339153,30000000.00,GBP,200,VERIFIED,VERIFIED,£30m,Manchester City: Algeria winger Riyad Mahrez joins Al-Ahli in £30m deal - BBC Sport BBC Homepage Skip to content Accessibility Help,21,B,93491dfafc3b94c0e0be6df683e4842ea9aa20d56e9054b7c3c1594ba50c3a43,2026-10-07
c349f9a034df8e70,T03cb33e751,Ki-Hyeon,https://www.theguardian.com/p/x935b,1500000.00,GBP,200,VERIFIED,VERIFIED,£1.5m,Reading's acquisition of the Korean midfielder for a club record £1.5m from Wolves represented a rare summer-time transfer market foray for,21,B,a4a078b0fe39c92bc0bd350eb7abe7ed5c1a6f6a4cb5865d3652fd642d98c0d6,2026-10-07
c357913a90ed4d12,T71b3b15501,Sheringham,https://www.independent.co.uk/sport/football-united-capture-sheringham-1258467.html,3500000.00,GBP,200,VERIFIED,VERIFIED,pounds 3.5m,"- Teddy Sheringham, who has joined from Tottenham Hotspur for pounds 3.5m. After a summer of discontent following Cantona's abdication, United",21,B,11792356278dbd434e276b7c9726b0765b3a91bf67b6934d0a536ae0cedfc4e0,2026-10-07
c35cddabbe0601b7,T2c3d711e3f,Casemiro,https://www.bbc.co.uk/sport/football/62601833,59200000.00,GBP,200,VERIFIED,VERIFIED,£59.2m,close in on a deal worth up to 70m euros (£59.2m). Talks have progressed quickly and United are optimistic the deal fo,22,B,37aaae4a6d9d73ffca712002a5e81c386a16ed25033d0842e66608c13d9e3805,2026-10-07
c39117a20bea85d4,T20509c5577,Mousset,https://www.bbc.co.uk/sport/football/49061841,10000000.00,GBP,200,VERIFIED,VERIFIED,£10m,Lys Mousset: Sheffield United sign Bournemouth striker for club record £10m - BBC Sport BBC Homepage Skip to content Accessibility Help Your,22,B,3c5fd4d79748d6e3c80cf0a98b3daa2dc28c8d5f45b6c8367c6624680a749b2a,2026-10-07
c3955f9ae15e9968,Tac3233d33c,Hojlund,https://www.theguardian.com/football/2023/aug/05/manchester-united-unveil-rasmus-hojlund-lens-friendly,72000000.00,GBP,200,NOT CONFIRMED (page fetched; figure not found near the player's name),UNVERIFIED,,,0,B,eb6191b6f2bd219253685cf6d11e831f12d4e4af30d1d83635844e7f46180a72,2026-10-07
c3b47fe075238267,Taa6faacbcb,Bale,https://www.theguardian.com/football/2013/sep/01/gareth-bale-real-madrid-transfer-tottenham,100000000.00,EUR,200,VERIFIED,VERIFIED,€100m,Real Madrid confirm signing of Gareth Bale in reported €100m deal | | The Guardian Skip to main content Skip to,21,B,8c61d2b43a5ab44db12370580440e0ba3583ff7cc7ced713c8eb931a3adadb60,2026-10-07
c3fd123aa8d2b25e,Td7f687af59,Poom,http://news.bbc.co.uk/sport1/hi/football/teams/s/sunderland/2482425.stm,2500000.00,GBP,200,NOT CONFIRMED (page fetched; figure not found near the player's name),UNVERIFIED,,,0,B,8e37f82a4f33a46167788ddadf9cb745e4ace6f34c65fe7b0865ce8f5c0ec959,2026-10-07
c42a78b9ae6dee7a,T3d05256d0a,Mangala,https://www.skysports.com/football/news/11679/10028559/fifa-investigate-eliaquim-mangalas-transfer-to-manchester-city-from-porto,32000000.00,GBP,200,VERIFIED,VERIFIED,£32m,since joining from the Portuguese side in August 2014 for £32m. Doyen Sports - a player representation company with bases in Malta,22,B,39938f06b416eab8b5d2f6b50742e4ef7d48fee0416ba917e143fa1eb5b968b8,2026-10-07
c437a11225605e17,T2797e2de88,Radu}},https://www.bbc.co.uk/sport/football/67932833,25000000.00,GBP,200,NOT CONFIRMED (page fetched; figure not found near the player's name),UNVERIFIED,,,0,B,77d4515be97c5ba4b6205e960ae74fbed45ae6de652568b969578a10281a39dc,2026-10-07
c44551e453dec6bf,T27b1443755,Mbeumo,https://www.bbc.com/sport/football/articles/c77vp1x32g5o,65000000.00,GBP,200,VERIFIED,VERIFIED,£65m,"dreams"" after completing his move from Brentford for an initial £65m. The 25-year-old has signed a five-year contract, with the option of",22,B,89c10f1dd93c021fd802815d5a84499c408dd650b7ba9c7dc98a8798ab75ae57,2026-10-07
c456a4d38cace659,Tcb6872ecac,Suzuki,https://www.bbc.co.uk/sport/football/articles/c7vg4962yp9o,30000000.00,GBP,200,VERIFIED,VERIFIED,£30m,Italian side Parma for a fee in the region of £30m. Italian full-back Ruggeri joins Villa in a deal worth £17m from,22,B,66012da06e7071ca398a543f7d6b83ba909bfab71e918b04772bd5de9f946046,2026-10-07
c45823bb586cbd09,T035439ec22,Hudson-Odoi,https://www.bbc.co.uk/sport/football/66692394,5000000.00,GBP,200,VERIFIED,VERIFIED,£5m,winger Callum Hudson-Odoi also joined for a fee of under £5m as Forest made seven signings on deadline day. Midfielder Nicolas Dom,22,B,feb210845d2f087ef27c404c1660c1fe10d75ad751d7f39345a459fda02577f8,2026-10-07
c45adfdaaa617c06,T3c3b368cb0,Marí,https://www.bbc.co.uk/sport/football/53161746,7200000.00,GBP,200,NOT CONFIRMED (page fetched; figure not found near the player's name),UNVERIFIED,,,0,B,74ecf04dc8037a19ac8f0302ea2a61293673beb7261ea383aa37c1c692a049fc,2026-10-07
c48cec982c607021,Tbcebfc31a9,Jörgensen,https://www.bbc.co.uk/sport/football/articles/cv2gydlv8lzo,20700000.00,GBP,200,NOT CONFIRMED (page fetched; figure not found near the player's name),UNVERIFIED,,,0,B,493959410cb47cc530b10e63c79e8b0a67b5995278678987c7172d7192871b65,2026-10-07
c492dc7b32d06e73,Teb7e1a2bad,Gallagher,https://www.bbc.co.uk/sport/football/articles/cddgzj33r2lo,35000000.00,GBP,200,VERIFIED,VERIFIED,£35m,Conor Gallagher: Tottenham sign England midfielder from Atletico Madrid for £35m - BBC Sport BBC Homepage Skip to content Accessibility Help Your,22,B,3f683377effdd38f783bb3e50612f870e75df47dc3eb4602b832daf1f44a006d,2026-10-07
c4a70e6458cdd5e1,T0b6d36d9a7,Martial,https://www.independent.co.uk/sport/football/premier-league/manchester-united-must-pay-another-ps8-5m-to-monaco-for-anthony-martial-transfer-after-25th-goal-a7697841.html,8500000.00,GBP,200,VERIFIED,VERIFIED,£8.5m,Manchester United must pay another £8.5m to Monaco for Anthony Martial after 25th goal | The Independent,17,B,ffdfac33a34619ae30fc728c89371a6479c115a43ded6dbf9090c80bb04ef7d2,2026-10-07
c4ae9c25ef2259d2,T48754a9bfa,Cissé,https://www.bbc.co.uk/sport/football/16783436,4000000.00,GBP,200,NOT CONFIRMED (page fetched; figure not found near the player's name),UNVERIFIED,,,0,B,783d53d8c0053eb357255094583ad308f71a3a1574c0f18a571360f78827a17b,2026-10-07
c4dea31e58d40274,Tda2226539e,Walker,https://www.bbc.co.uk/sport/football/40598351,45000000.00,GBP,200,VERIFIED,VERIFIED,£45m,Kyle Walker: Man City sign right-back from Tottenham for £45m plus add-ons - BBC Sport BBC Homepage Skip to content Accessibility,21,B,55717edead098270b5f091ba495f015d5a2035dc05a8e9d053804ddfe2da5b24,2026-10-07
c4f2a39a773903d0,T1327a7e69f,Ngumoha,https://www.thetimes.com/sport/football/article/liverpool-chelsea-rio-ngumoha-nqr320cj8,2800000.00,GBP,200,VERIFIED,VERIFIED,£2.8m,for Rio Ngumoha Club have been ordered to pay initial £2.8million fee for winger who joined Anfield from Stamford Bridge in contr,22,D,9321e99f06ea8a7309c8d9018c9bfddc288eb852e0f4be00cd339e9a3ec5f57b,2026-10-07
c51f167c840e19cb,T95c39ea9d6,Morata,https://www.bbc.co.uk/sport/football/48894286,65000000.00,EUR,200,VERIFIED,VERIFIED,65m euros,Morata will join Atletico Madrid on a permanent basis for 65m euros after his 18-month loan expires at the end of next,22,B,cce3358f297550bd0e2ef2e3aeeb87965d49560cbf916d4212ff2b18e3b483bd,2026-10-07
c53602e4036b4043,T99f01145ea,Gallacher,https://www.independent.co.uk/sport/football-on-the-move-1500353.html,2500000.00,GBP,200,VERIFIED,VERIFIED,pounds 2.5m,Log in TRANSFERS Kevin Gallacher Coventry City to Blackburn Rovers (pounds 2.5m); Roy Wegerle Blackburn to Coventry (pounds 1m); Graeme Le Saux,22,B,a013fd98e8b46490dee20c0e93f2284ef59f0aacfd835fdcbb97abbdf476d76e,2026-10-07
c602893ae9b61a70,T76ab561d9c,Shevchenko,https://www.bbc.co.uk/sport/football/18516097,30000000.00,GBP,200,VERIFIED,VERIFIED,£30m,"29-year-old Shevchenko signed for Jose Mourinho's Chelsea , external for £30m in May 2006, but spent a largely unproductive two-season spell in",22,B,12dc67e2888dc146a6ee6d466a7dd8a45a011d5aaa8791f5ebb02571fe96e9dc,2026-10-07
c6321558696b86d2,Tc1f5e23e42,Coutinho,https://www.theguardian.com/football/2018/jan/06/philippe-coutinho-join-barcelona-142m-deal-liverpool,142000000.00,GBP,200,VERIFIED,VERIFIED,£142m,Philippe Coutinho joins Barcelona after £142m deal agreed with Liverpool | Barcelona | The Guardian Skip to,17,B,e6eb1b7842597233096056e3c664f85f1f7ffd56dd640f9d2120746df0ebab43,2026-10-07
c63224c6ef6089cc,T825231e714,Charles,https://theathletic.com/4686538/2023/07/12/southampton-shea-charles-man-city/,10500000.00,GBP,403,BLOCKED or gone (HTTP403),UNVERIFIED,,,0,B,,2026-10-07
c6788c7c7be6b724,T780117c252,Granero,https://www.bbc.co.uk/sport/football/22314331,9000000.00,GBP,200,VERIFIED,VERIFIED,£9m,"free; Júlio César (Inter Milan), undisclosed; Esteban Granero (Real Madrid), £9m*; Sam Magri (Portsmouth), free; Stéphane Mbia (Marseille), £5m*; * re",21,B,4567629c4b10c6f3cde03c336917b142019c2672cc017f3700b0debfb6dcc195,2026-10-07
c691bd62006e300a,Tdb4d0c6992,Petrov,https://news.bbc.co.uk/sport1/hi/football/teams/m/man_city/6917424.stm,4700000.00,GBP,200,NOT CONFIRMED (page fetched; figure not found near the player's name),UNVERIFIED,,,0,B,30ee6ded7bb34d5f7df60f4825dc4cb2df9ae54c47c8594ddb7ea2f03e2a90cb,2026-10-07
c696631e30519bd7,Tbdda21cef0,Sangare,https://www.theguardian.com/football/2023/sep/01/nottingham-forest-bring-in-origi-and-hudson-odoi-with-sangare-set-to-follow,32000000.00,GBP,200,NOT CONFIRMED (page fetched; figure not found near the player's name),UNVERIFIED,,,0,B,2ba4ccd2d85609c90b01a2a66641184f8af993989c929f45ebf0232885dda4fc,2026-10-07
c6967440744b9eb6,Tdfb630386a,Anelka,https://www.theguardian.com/football/2008/jul/02/premierleague.manchestercity,13000000.00,GBP,200,VERIFIED,VERIFIED,£13m,"Nicolas Anelka's transfer from Paris-Saint Germain in 2002 for around £13m ($25.81m), and local media have speculated that the fee for Jo",22,B,ae28d7a72ddb1a049ec0a6b50eacc4fa4a9f10f8191b120775f7c2b85e6b9e85,2026-10-07
c6abda949939681f,T772b1b0d43,Torres,https://soccerschools.liverpoolfc.com/history/timeline/1996-present/transfer-record-smashed-as-torres-signs-in,20000000.00,GBP,200,NOT CONFIRMED (page fetched; figure not found near the player's name),UNVERIFIED,,,0,A,7e88a9e040ddf95a10274b78398443dbb35f0e5509717a65fc3dbcf5dfdd41bd,2026-10-07
c6b54ecfa95db4d9,T424c5d38e0,Monga,https://www.bbc.co.uk/sport/football/articles/cdr4vvlp7d0o,10000000.00,GBP,200,VERIFIED,VERIFIED,£10m,"Friday, has signed a five-year deal for a fee of £10m plus add-ons. ""For any young footballer, to become part of this",22,B,74c645f0625a63dea259875ff86e7e60008edf0b18f854aa9a278b49e73620f6,2026-10-07
c6d8dd3c99bf44c3,T4b2c62dd25,Arrizabalaga,https://www.skysports.com/football/news/11466355/chelsea-seal-gbp71-6m-kepa-arrizabalaga-signing-from-athletic-bilbao,71600000.00,GBP,200,VERIFIED,VERIFIED,£71.6m,Chelsea seal £71.6m Kepa Arrizabalaga signing from Athletic Bilbao | Football News | Sky,14,B,de1ea92da2b5a28b16c56d070d73d77b1d87e1c987708294e498bb553e4fcde4,2026-10-07
c73da29c584bab6c,Tf4eb7ae544,Olise,https://www.theguardian.com/football/article/2024/jul/07/michael-olise-targets-trophies-after-completing-bayern-munich-move,45000000.00,GBP,200,VERIFIED,VERIFIED,£45m,2 years old Winger moves from Crystal Palace for initial £45m ‘I want to win as many titles as possible’ PA Media,22,B,2aa5296c3e19f17d77ef1e42890c7f7b73df14af3363203150455a1c43297c42,2026-10-07
c74d0a831f8f9b6c,Tf7a104c7ab,Danilo,https://www.bbc.co.uk/sport/football/transfers,34100000.00,GBP,200,NOT CONFIRMED (page fetched; figure not found near the player's name),UNVERIFIED,,,0,B,806863eefd9b92ac0878cf3323a39874204a5717d34016830f25aa4ae4b4a5af,2026-10-07
c75637444f58b74d,Td24dfe589e,Omobamidele,https://www.bbc.co.uk/sport/football/66692394,11000000.00,GBP,200,VERIFIED,VERIFIED,£11m,"arrived from Benfica. Defender Andrew Omobamidele joins from Norwich for £11m, while Arsenal full-back Nuno Tavares has signed on loan. Ivory Coast",22,B,feb210845d2f087ef27c404c1660c1fe10d75ad751d7f39345a459fda02577f8,2026-10-07
c794608ced9500b1,Ted26f91380,Samba,https://www.bbc.co.uk/sport/football/21274454,12500000.00,GBP,200,VERIFIED,VERIFIED,£12.5m,Christopher Samba: QPR sign Anzhi defender for £12.5m - BBC Sport BBC Homepage Skip to content Accessibility Help Your,19,B,ff65dd8f90068a54051956d517c9cf32ef50b289d77af1210cc7426df5762a45,2026-10-07
c7bdc795b4af211b,T05899e26df,Haaland,https://www.skysports.com/football/news/11679/12632988/erling-haaland-man-city-confirm-signing-of-borussia-dortmund-striker-in-lb51m-deal,51000000.00,GBP,200,VERIFIED,VERIFIED,£51m,Haaland: Man City confirm signing of Borussia Dortmund striker in £51m deal | Football News | Sky Sports Skip to main content,22,B,5e8767f072f0586375a5fef595c0c5962f38e7494a4aff1dfe3c2ed3e64004bb,2026-10-07
c7ecddd6e6d919ae,Tc75f0155e2,Tevez,https://www.skysports.com/football/news/11679/5553794,25000000.00,GBP,200,VERIFIED,VERIFIED,£25m,"Manchester United. It was originally thought that Tevez cost around £25million, with the fee going to a third party which owned him.",22,B,3d8a34d473835c2c763bd32023b24fe561d23028da24d48c1aaa655ae4d2dd85,2026-10-07
c7f36df872c0a5e8,Tabb5c23a8c,Roberts,https://www.leedsunited.com/news/team-news/22954/leeds-complete-tyler-roberts-transfer,2500000.00,GBP,404,BLOCKED or gone (HTTP404),UNVERIFIED,,,0,A,,2026-10-07
c846588478190f43,T374e35997b,Salah,https://www.asroma.com/en/news/41866/roma-and-liverpool-agree-salah-transfer,42000000.00,EUR,200,VERIFIED,VERIFIED,€42 m,join the Premier League side for an initial fee of €42 million. The move will be formally completed when the transfer window,22,D,c38fd13d169c0c2cf74c69871e2d8703f1d1b90951f2bb149937370398556074,2026-10-07
c8915aa39ba9f2b9,Tad32ba5d09,Zubimendi,https://www.bbc.com/sport/football/articles/c0m88ml0x7mo,60000000.00,GBP,200,VERIFIED,VERIFIED,£60m,Martin Zubimendi: Arsenal sign Sociedad midfielder in £60m deal - BBC Sport BBC Homepage Skip to content Accessibility Help,19,B,7c84672bace7a93c22a16dc9780d8c25476bd9d5f93350db09b01cc322997ae2,2026-10-07
c89e884075f0ec9d,T6a21ab9b3b,Taibi,http://news.bbc.co.uk/2/hi/sport/football/fa_carling_premiership/434743.stm,4500000.00,GBP,200,NOT CONFIRMED (page fetched; figure not found near the player's name),UNVERIFIED,,,0,B,6dc156c2a36462f8b2e3d6b3986647ab2647c061dfff26affe789f9a36de23f0,2026-10-07
c8a4d3e70ec29b2a,T50c4e095d8,Rodri}},https://www.bbc.co.uk/sport/football/articles/c2k7w3vwv5yo,65000000.00,GBP,200,NOT CONFIRMED (page fetched; figure not found near the player's name),UNVERIFIED,,,0,B,ac4e64f31bea23f7368d1abe5dded80c9a4bb5ed7ece25140cdd90929fdfa8aa,2026-10-07
c8a69270e60ad138,Tc001bfa7ea,Nani,https://www.theguardian.com/football/2008/may/20/championsleague.manchesterunited,17300000.00,GBP,200,VERIFIED,VERIFIED,£17.3m,"on/off 4/2 Y/R 0/0 Nani, midfielder, 21 From Sporting Lisbon, £17.3m 2007 He's the one who Looks as if he's been to",22,B,ecb021d5173a5b881b45e03de06a24c75391c1b337f4ac0d5c1290111f851daa,2026-10-07
c8c70d238a0ded3b,Tabff29e108,Earnshaw,https://www.bbc.co.uk/sport/football/35429113,3500000.00,GBP,200,VERIFIED,VERIFIED,£3.5m,broke their transfer record to sign Earnshaw from Cardiff for £3.5m in 2004 before he signed for Norwich in 2006. More from,22,B,82979e78bf3e38c62dfbc1c1dfef5cfb2d4455aff43cd43e2cbd8ea4cbc87d38,2026-10-07
c908f45a97b2bcd3,T97d771871e,Hristov,https://www.independent.co.uk/sport/football-gray-begins-managerial-talks-at-everton-1256485.html,1500000.00,GBP,200,VERIFIED,VERIFIED,pounds 1.5m,newcomers Barnsley have smashed their club transfer record by paying pounds 1.5m to Partizan Belgrade to complete the signing of Macedonian internatio,22,B,f18fc1c9050a7503b14b1cb29d894069186ba0e027c27284dd16f4570269798e,2026-10-07
c92101049b7cfb06,T296af33485,Sturridge,https://www.mancity.com/news/academy/academy-news/archive/2011/october/the-graduates-21-daniel-sturridge,3500000.00,GBP,200,VERIFIED,VERIFIED,£3.5m,"July, 2009. A transfer tribunal set the initial fee at £3.5million, with additional £500,000 payments for 10, 20, 30 and 40 senior",22,A,94e6b2e42af4efe4ddae8ef576bce9e0eb0b1e35af59bdf991edc45c6f18734d,2026-10-07
c9429d5c0a7c562f,T298d2b0c94,Heskey,https://www.theguardian.com/football/2004/may/18/newsstory.sport9,6250000.00,GBP,200,VERIFIED,VERIFIED,£6.25m,Steve Bruce confirmed today that Emile Heskey had signed a £6.25m deal which will keep him at St Andrews for five years.,22,B,51221b76ac56dc3d4de7e81a586ff26f5e57a8b1542e8780e24ba2fe875a73c6,2026-10-07
c94663c25cddf29d,Tc001bfa7ea,Nani,https://www.theguardian.com/football/2007/jul/10/newsstory.sport5,30000000.00,GBP,200,VERIFIED,VERIFIED,£30m,"investment from Bayern Munich and Nani, who cost a combined £30m when joining from Sporting Lisbon along with Porto's Anderson. That w",22,B,80ba9f186b46b110ab6cede3986399323795dcb86763ec1084af6609066a4d6c,2026-10-07
c94c50aaf49bbbf7,Tfecd1f90e2,Khusanov,https://www.bbc.co.uk/sport/football/articles/c391jj8w4dlo,33600000.00,GBP,200,VERIFIED,VERIFIED,£33.6m,"2029. Club sources say the fee for the 20-year-old is £33.6m plus add-ons. French side Lens only paid £84,000 for Khusanov from",22,B,4497491e211d30ded2331ab95061145341a522e76dd36057145e8dcc7867847e,2026-10-07
c94c70caa66f83f1,T59320afdf1,Raphinha,https://www.theguardian.com/football/2022/jul/13/manchester-united-frenkie-de-jong-barcelona-lisandro-martinez-ajax,58000000.00,EUR,200,VERIFIED,VERIFIED,€58m,with Leeds to buy the winger Raphinha for an initial €58m plus up to €9m in add-ons. Raphinha flew to Spain on,22,B,ef54d357cd800d0f937bf1e8de8ff51a3093b6dfb6118a100d0dc4b9ebf83ec8,2026-10-07
c94f893b24a246a9,T52036ef41e,Sissoko,https://www.theguardian.com/football/2016/aug/31/tottenham-moussa-sissoko-everton-newcastle,30000000.00,GBP,200,VERIFIED,VERIFIED,£30m,Tottenham gazump Everton and land Moussa Sissoko for £30m | Tottenham Hotspur | The Guardian Skip to main content Skip,20,B,438a1be71dc4b1fe6aa876a18ae71ce490122a9029cc0a4345eb6711b48ee669,2026-10-07
c964f1fe17b3f102,T8e47c30f0e,Anderson,https://bdnews24.com/sport/a3db657e7878,130000000.00,GBP,200,VERIFIED,VERIFIED,£130m,"City agree record £130mn deal for Anderson: report October 07, 2026 বাংলা World Opinion Enter",15,D,8d3658e3d93f50eb2db2f24985d971bf21b29886d8bb53752a3a3c4205ce6857,2026-10-07
c9882120237f872f,Tfc2d8f0ac8,Werner,https://www.bbc.co.uk/sport/football/62474827,25000000.00,GBP,200,VERIFIED,VERIFIED,£25m,with Werner returning in a deal thought to be about £25m. He has signed a four-year deal to 2026 with his former,22,B,f3e155c95886bf36a5c1d1c6a529ae54ad7f3860cca3c904c491ce9c44e4af87,2026-10-07
c9918fde8d1e6c49,Ta884431ce6,Fletcher,https://www.skysports.com/football/news/12875/6189965/fletcher-moves-to-molineux,6500000.00,GBP,200,VERIFIED,VERIFIED,£6.5m,"paid to land club record signing Kevin Doyle last summer (£6.5m). ""We are delighted to complete the singing of Steven Fletcher,"" chie",22,B,4efbeaba5f91be4559813fa8a86e507f7e9292c40ad8088427d76fac09818640,2026-10-07
c99eaa92c2265402,Tad4578b774,Raducioiu,https://www.theguardian.com/football/2001/may/09/newsstory.sport9,2400000.00,GBP,200,VERIFIED,VERIFIED,£2.4m,1996 Michael Hughes Strasbourg Free Jul 1996 Florin Raducioiu Espanyol £2.4m Jul 1996 Richard Hall Southampton £1.4m Jul 1996 Mark Bowen Norwich,22,B,0ae880ed7cbc06b83511254c8118798bbe8635e867f0aa9e6987d57a799f01e3,2026-10-07
c9a48c57b98dca3d,T83c99c0d94,Dyer,https://www.independent.co.uk/sport/football-ipswich-town-3-nottingham-forest-1-slick-ipswich-punish-pitiful-forest-1111609.html,6000000.00,GBP,200,VERIFIED,VERIFIED,pounds 6m,"Burley. The canny Scot spent wisely this summer, utilising the pounds 6m raised from the sale of Kieron Dyer to Newcastle with",22,B,8e0149d2d0e43f939f3ed5006093ea5ec4c77a00d26c2a893944fed18d0fde03,2026-10-07
c9bfec551e86100c,T072f48c530,Chimbonda,https://www.the-independent.com/sport/football/news/pascal-chimbonda-pressure-on-the-manager-no-he-doesn-t-have-any-pressure-he-s-the-best-manager-who-has-come-to-tottenham-402415.html,4500000.00,GBP,200,VERIFIED,VERIFIED,£4.5m,"31 August, the final day of the transfer window, for £4.5m. Indeed he treats the whole messy saga in a matter-of-fact way.",22,B,3a38e822f341c5695e0fba1d8487d2b75bb7726554e3b0b02712f88352770151,2026-10-07
c9d0f437a731872c,Tc0b5809130,Royal,https://www.bbc.co.uk/sport/football/58402029,25800000.00,GBP,200,NOT CONFIRMED (page fetched; figure not found near the player's name),UNVERIFIED,,,0,B,815a8e15bc5f7dd406b7a1c5c68675e41d2c0f8bbbc24c56900004c58baf60f0,2026-10-07
ca02345f12b720d4,T5694e1fe96,Özcan,https://www.nytimes.com/athletic/6126232/2025/02/10/aston-villa-yasin-ozcan-transfer/?utm_term=Autofeed&utm_medium=Social&utm_source=Bluesky&Echobox=1739282701&redirected=1,5830000.00,GBP,403,BLOCKED or gone (HTTP403),UNVERIFIED,,,0,B,,2026-10-07
ca0c5b2a82ddca24,Tc7b587b69b,Evanilson,https://www.bbc.co.uk/sport/football/articles/c0rw5jwzl4jo,40200000.00,GBP,200,VERIFIED,VERIFIED,£40.2m,"Anything Who Am I? Quiz Bournemouth seal record deal for £40.2m Evanilson Image source, Getty Images Image caption, Evanilson scored",20,B,d518718b84c31901675ffa766d620b293a5658d5421051f66b37d1a44e66f126,2026-10-07
ca2ca6edf2ace5bf,T86bd7341b8,Firmino,https://news.sky.com/story/liverpool-sign-21m-deal-with-firmino-10354868,21000000.00,GBP,403,BLOCKED or gone (HTTP403),UNVERIFIED,,,0,B,,2026-10-07
ca3b07a8b0bdaa74,T29dc590fb5,Ramsey,https://www.bbc.co.uk/sport/football/66584677,12000000.00,GBP,200,VERIFIED,VERIFIED,£12m,"Ramsey from Aston Villa for a fee in excess of £12m. Ramsey, 20, has agreed a five-year contract at Turf Moor and",22,B,c203c4e5f0b4c78aacad69ff99d156529c9eb4e975482e056956edc487272264,2026-10-07
caa507918d042706,T2762133721,Diaby,https://www.bbc.co.uk/sport/football/66265589,51900000.00,GBP,200,VERIFIED,VERIFIED,£51.9m,"has been reported that the deal is worth 60m euros (£51.9m). , external Villa's previous club record was £33m for Argentina midf",22,B,88c84e6ce49fa3323111a55c06c2bd2c31f86426bb482e4c3810743c08b963ad,2026-10-07
cab3a9def173fbc3,T03ad743075,Shearer,https://www.southamptonfc.com/en/1990s,3000000.00,GBP,200,NOT CONFIRMED (page fetched; figure not found near the player's name),UNVERIFIED,,,0,A,11ef2e9d664751d27e8a057e795dcc20e084840b6794f68facef22f319a77ecd,2026-10-07
cae0e2a388e8acb8,T798dc68256,Wan-Bissaka,https://www.bbc.co.uk/sport/48484572,50000000.00,GBP,200,VERIFIED,VERIFIED,£50m,"Images Image caption, Aaron Wan-Bissaka joined Manchester United in a £50m deal The summer transfer window is open, with clubs looking to",22,B,a2d77d7e876750bb21f9a5e9f5870899e5203a7e78998f6a29d925d083c8893d,2026-10-07
cb09d59d38c4003a,T03ad743075,Shearer,https://www.independent.co.uk/sport/football-shearer-s-touch-of-class-1542244.html,3300000.00,GBP,200,VERIFIED,VERIFIED,pounds 3.3m,"Dalglish, have already succeeded in making United look small-minded. At pounds 3.3m, Rovers' official transfer figure for Alan Shearer, the club seem",22,B,b0e37a8c6961f82d032dde21a2efff95f84e8118b1553b36e860440d9a39d586,2026-10-07
cb226009d4b6a87e,Teca18c44a8,Ndombele,https://www.theguardian.com/football/2019/jul/02/tanguy-ndombele-tottenham-medical-lyon-roma-toby-alderweireld,62000000.00,EUR,200,VERIFIED,VERIFIED,€62m,their transfer record to buy the midfielder from Lyon for €62m (£55.45m) plus €10m in add-ons – eclipsing the £42m paid to,22,B,094d048e2a4f5e3d4544e25a488053acf5d63ebaa102e5b07ef0a30b935692dc,2026-10-07
cb3126bf15ea3cb8,T7269d7ddb7,Benjani,https://news.bbc.co.uk/sport2/hi/football/teams/m/man_city/7221987.stm,3870000.00,GBP,200,NOT CONFIRMED (page fetched; figure not found near the player's name),UNVERIFIED,,,0,B,efd323acfac6605246a90e5fd5015993c3e058e1692230566f270154e17439aa,2026-10-07
cb4fcc49caa12dd7,T8484b3972d,Sarr,https://www.bbc.co.uk/sport/football/articles/c9dq883g9dzo,12000000.00,GBP,200,VERIFIED,VERIFIED,£12m,Mamadou Sarr: Chelsea sign defender from Strasbourg for £12m - BBC Sport BBC Homepage Skip to content Accessibility Help Your,20,B,bbaa5791d92ecf4cdba94dc9393337824058dae69038f85a2119f29963384d68,2026-10-07
cb65092e8ab482c1,T1eff8c6243,Kerkez,https://www.bbc.com/sport/football/articles/cy4eekx271wo,40000000.00,GBP,200,VERIFIED,VERIFIED,£40m,Kerkez: Who is 'brilliant' left-back joining Liverpool from Bournemouth for £40m? - BBC Sport BBC Homepage Skip to content Accessibility Help Your,22,B,b5dbfa53441fcf947f95ccbbaa652d68472280a1675e9f525a7d84d2dd215f36,2026-10-07
cb859e3eb7b6642e,T923861783e,Dembélé,https://www.skysports.com/football/news/8031604/dembele-joins-tottenham,15000000.00,GBP,200,NOT CONFIRMED (page fetched; figure not found near the player's name),UNVERIFIED,,,0,B,c45b29ae9d607a68d04b3e4287a59fb62990cdae9eaa5c52af414cf11bc4d2b9,2026-10-07
cb8db1f6eec720b6,Tc635b79ac6,Halford,https://www.theguardian.com/football/2007/jun/12/newsstory.reading,3000000.00,GBP,200,VERIFIED,VERIFIED,£3m,"Halford, who joined Reading from Colchester United in January for £3m and played for them just three times, may be followed by",22,B,b988e2098acc3b5af00c26089254c683ef2e445de2cc7da3b74ecd87d81e7ad6,2026-10-07
cb9f495793239156,Td5b4ee8d02,Danjuma,https://www.bbc.co.uk/sport/football/transfers,13700000.00,GBP,200,NOT CONFIRMED (page fetched; figure not found near the player's name),UNVERIFIED,,,0,B,4fea8a5167c056aac7a2704210daffc0b300ff5928288416a05f003064ee0a71,2026-10-07
cbe1c670b41c555e,T6bd74ea183,Kanchelskis,https://www.independent.co.uk/sport/kanchelskis-to-make-debut-for-everton-1598054.html,5000000.00,GBP,200,VERIFIED,VERIFIED,pounds 5m,"to Kanchelskis's previous club, Shakhtyor Donetsk. The original fee was pounds 5m but the Goodison club have now agreed to pay half",22,B,a6d52928f6962730e475f96fbdb3c7316fcf459835a87b6a1be5598457baa7b0,2026-10-07
cc20c0c5bde21562,T77d215e67e,Fée,https://www.skysports.com/football/live-blog/11661/13375102/sunderland-transfer-news-rumours-and-gossip-live-updates-and-latest-on-deals-signings-loans-and-contracts?postid=9680179#liveblog-body,20000000.00,GBP,200,NOT CONFIRMED (page fetched; figure not found near the player's name),UNVERIFIED,,,0,B,4c3ca08dc00862f83ff1a6fed389649c5a2530e846ccb6d29e6537a7e819c881,2026-10-07
cc2dc75e8cd6c142,T9e19c2d56d,Harley,https://news.bbc.co.uk/sport2/hi/football/teams/f/fulham/1477811.stm,3500000.00,GBP,200,NOT CONFIRMED (page fetched; figure not found near the player's name),UNVERIFIED,,,0,B,1cbf024d48bd6a1c3566aefbcf975f4e9a73aa369fe73ee49017d69a40061a35,2026-10-07
cc323b9b295675da,Tbdec162003,Carbonari,https://www.skysports.com/football/news/2256151/carbonari-departs-derby,2700000.00,GBP,200,VERIFIED,VERIFIED,£2.7 m,"He joined The Rams from there in May 1998 for £2.7 million. Around Sky Upgrade to get all of Sky Sports, including",22,B,80eee3c0a569d692b7ff47c53e2b2fd3ad02aebaf7c0e0f86feca2e9dbb7052a,2026-10-07
cc493b70897e3cc8,Tf59c4c545b,Huddlestone,https://www.bbc.co.uk/sport/football/23699608,5000000.00,GBP,200,VERIFIED,VERIFIED,£5m,"a three-year deal for a fee in the region of £5m, while fellow midfielder Livermore, 23, moves on a season-long loan.",21,B,ee628f8b76f7d62c567694dca7444800eec638032da9f7a22abe870790ace823,2026-10-07
cc81ddf5f62c2376,Tc81b671dd7,Antony,https://www.theguardian.com/football/2022/sep/01/antony-completes-manchester-united-move-ajax,95000000.00,EUR,200,VERIFIED,VERIFIED,€95m,"signing of Antony from Ajax in a deal initially worth €95m (£82m), the forward describing it as an “incredible moment” after agr",22,B,af364cbe042de787acf9459956ae64e82e0ae7f5b80ca767bc4167ea0e9e3c92,2026-10-07
ccbb85b87e12c5a2,T872a30747a,Rodriguez,https://www.bbc.co.uk/sport/football/18372855,7000000.00,GBP,200,VERIFIED,VERIFIED,£7m,four-year deal for a reported club record fee of around £7m. Saints had an offer for the 22-year-old accepted at the end,22,B,41e1867ddae01654622c915e4b987ca64b12349141d517abd9cc3894decc5cb0,2026-10-07
ccc45b19ff305e44,T122f5de76b,Édouard,https://www.bbc.co.uk/sport/football/58396397,14000000.00,GBP,200,NOT CONFIRMED (page fetched; figure not found near the player's name),UNVERIFIED,,,0,B,678ac5162d12ca88abb30eb27fe8126ad8f7c8688fd112ec35285853582616d1,2026-10-07
cd0459e0884aaf4e,Te12b880bb8,Magassa,https://www.bbc.com/sport/football/articles/cg50j6p9pq2o,17300000.00,GBP,200,VERIFIED,VERIFIED,£17.3m,"Magassa, also 21, has joined for a fee of about £17.3m. The France Under-21 international came through the ranks at Monaco a",22,B,376dcd680c773ee9b7ac01c7c6fb132318f46f9dbdca4f8cfcf93af977704834,2026-10-07
cd331a28a9e486d2,T50c4e095d8,Rodri}},https://www.skysports.com/football/news/11095/13574286/rodri-barcelona-complete-lb65-4m-signing-of-spain-midfielder-from-man-city,65400000.00,GBP,200,NOT CONFIRMED (page fetched; figure not found near the player's name),UNVERIFIED,,,0,B,6b791f7b9e835c0bd3b53fea844a58b2219f6b4541e5170d6ff92929ffd5d13c,2026-10-07
cd6ebb46aa75a95a,Tc75f0155e2,Tevez,https://www.theguardian.com/sport/david-conn-inside-sport-blog/2011/aug/23/carlos-tevez-legal-battle-revealed,45000000.00,GBP,200,VERIFIED,VERIFIED,£45m,"fee from Sheikh Mansour bin Zayed Al Nahyan's club of £45m, netting a profit of £21m. Joorabchian declined to discuss with the",22,B,ff311b2e03d8f88e9ba0924471f95a23eb19235642c2eff0af1c8a7b58a6a0d6,2026-10-07
cd79318c38a4273f,T379106b815,Herrera,https://www.uefa.com/news-media/news/0216-0f8a5ef44fbc-e6a663e46d7d-1000--manchester-united-land-herrera-from-athletic/,36000000.00,EUR,200,VERIFIED,VERIFIED,€36m,"of Athletic Club's Ander Herrera for a fee of around €36m, with the midfielder joining on a four-year deal. Article top media",22,B,ff97a1cb56480bd89fe6a149bcbbbd47259b8ce968999a8cce6404bb331669ed,2026-10-07
cdb4608c7f5f8058,T23bf707f5a,Asprilla,https://www.the-independent.com/sport/football-asprilla-s-new-tune-hits-the-wrong-note-with-toon-army-1138997.html,7500000.00,GBP,200,VERIFIED,VERIFIED,pounds 7.5m,"international, who joined Newcastle from Parma in February 1996 for pounds 7.5m, went about training as usual, but the heart the fans",22,B,a49dfa60ad190481019cd29e770d59ff138e1503e3d23270e82dcc96a1cc444e,2026-10-07
cddcdb572a86ab9d,T2fd503d518,Broja,https://www.bbc.com/sport/football/articles/cy0qj00j1jro,20000000.00,GBP,200,VERIFIED,VERIFIED,£20m,for an undisclosed fee believed to be worth up to £20m. The Albania international striker has agreed a five-year contract at,21,B,2d8b71f8cb596c44eb12f6e1d1b831f24aae545c97eeebf4d71ea4d3389aeb7c,2026-10-07
cde58066e9249847,Tac8551ac34,Struijk,https://www.bbc.co.uk/sport/football/articles/c5yzg27xp00o,20000000.00,GBP,200,VERIFIED,VERIFIED,£20m,"Top Scorers Gossip Brighton sign Leeds defender Struijk for about £20m Image source, Getty Images Image caption, Pascal Struijk made 196 app",22,B,8fb3ae920649da4c656dd58fbbe0e92f5850697b293b8dc4d185074e1bc60511,2026-10-07
ce0415fe27a0e9d4,T8805f79790,Luiz,https://www.birminghammail.co.uk/sport/football/transfer-news/breaking-aston-villa-confirm-50m-29408891,42400000.00,GBP,200,NOT CONFIRMED (page fetched; figure not found near the player's name),UNVERIFIED,,,0,D,0f9089858dce8f293434859e5a5a16cc43e1e1e93337d565519a88725b61e516,2026-10-07
ce123db687a4cca5,T26d4dc1a8c,Welbeck,https://www.theguardian.com/football/2026/aug/01/transfer-news-welbeck-joins-chelsea-brentford-complete-record-sangare-deal,5000000.00,GBP,200,VERIFIED,VERIFIED,£5m,more than 2 months old 35-year-old Brighton striker Welbeck seals £5m move Mali international Sangaré joins Bees for reported £39m Agencies,21,B,984ed6fa82e7d67de41e1e23b5ef3eb133c4baa81671d8ed4383accced98699d,2026-10-07
ce79f8dc5161c894,T7290a42351,Legwinski,https://www.theguardian.com/football/2001/aug/22/newsstory.sport11,3300000.00,GBP,200,VERIFIED,VERIFIED,£3.3m,on Google Fulham have signed French midfielder Sylvain Legwinski for £3.3m from Bordeaux. The player put his name to a four-year contract,22,B,36a4fa16cb2c4b87caa3df0f514aa1ebabaacf702668f1b2bebe44d0a0f742b6,2026-10-07
ce97ffa1dfe317c8,T1c970e935b,2003}},"https://www.bbc.co.uk/sport/football/articles/cpwywrxv828o#:~:text=Fulham%20have%20completed%20a%20club,%2C%20too%2C%22%20said%20Kevin.",34600000.00,GBP,200,NOT CONFIRMED (page fetched; figure not found near the player's name),UNVERIFIED,,,0,B,fd2c8719660311ed22567240d09a53267d9f90af90c73eb29dd4017c1b191388,2026-10-07
ce9f087b93651145,T8f88273172,Medel,https://www.theguardian.com/football/blog/2013/sep/03/transfer-window-premier-league-club,9500000.00,GBP,200,VERIFIED,VERIFIED,£9.5m,"for Malky Mackay. The deals (selected) In Gary Medel (Sevilla, £9.5m), Steven Caulker (Tottenham, £8m), Andreas Cornelius (FC Copenhagen,",19,B,796d34a2bf838cd772bd3c4197aa69c05c3164f64286544b68a8ef9955d895bd,2026-10-07
cec0aeeef561995b,T15d3c9ddab,Trafford,https://www.skysports.com/football/news/11708/13402939/james-trafford-transfer-news-man-city-complete-27m-deal-to-re-sign-goalkeeper-from-burnley,27000000.00,GBP,200,VERIFIED,VERIFIED,£27m,"a record fee for a British goalkeeper. City will pay £27m, but the deal is worth £31m. City had a matching clause",22,B,c8cba90fe782be3f242c211903444ac5f0fa96dadb4e127d5d1c86afc8221798,2026-10-07
ced59d4d3c0c2223,T76ab561d9c,Shevchenko,https://www.uefa.com/uefachampionsleague/news/01dc-0e72b9601623-899df150239d-1000--shevchenko-makes-dynamo-return/,36000000.00,EUR,200,VERIFIED,VERIFIED,€36m,"goals in 87 appearances for Ukraine, joined Chelsea in a €36m deal from Milan in 2006, but was unable to recapture the",22,B,f670a92b80f518b9ea4aa21b17c43a4f0e2b0dfb39bb02dce1b13d40f1619e23,2026-10-07
cedca0edbeb46027,T62dbc681ea,Essien,https://www.theguardian.com/football/2005/aug/19/newsstory.sport9,24400000.00,GBP,200,VERIFIED,VERIFIED,£24.4m,"Tables Fixtures Results Competitions Clubs Essien: cheap at the, erm, £24.4m price. Photograph: Michael Regan/PA. Essien: cheap at the, erm, £24.4",21,B,a8dbd15453aef75c25a7966e50cdeb8fc3fd8ba1ff0e33394d7e53b8b1266876,2026-10-07
cf0b33c29cf0037d,Td3cc6eedaa,Gabriel,https://www.skysports.com/football/news/11670/12055098/gabriel-arsenal-sign-defender-from-lille,27000000.00,GBP,200,VERIFIED,VERIFIED,£27m,"season Arsenal have signed Brazilian defender Gabriel from Lille for £27m on a long-term contract. Manchester United , Everton and Serie A",22,B,c809c2bb50f8faf27fa86ebc1910229a71450c36bcbfaab185f2227d7d671e5f,2026-10-07
cf197bef4fd2934e,T94bc682cec,Richarlison,https://www.bbc.co.uk/sport/football/44946473,50000000.00,GBP,200,VERIFIED,VERIFIED,£50m,Richarlison: Everton sign Brazilian from Watford in £50m deal - BBC Sport BBC Homepage Skip to content Accessibility Help,19,B,64c6d0d841f114f8fb09afbd2e6ea88207563988753a320e09cd3148fdba2b69,2026-10-07
cf5c5b4b7019a1d3,Taf4a650456,Fred,https://www.theguardian.com/football/2018/jun/21/manchester-united-sign-fred-five-year-deal,52000000.00,GBP,200,VERIFIED,VERIFIED,£52m,"here in training with Brazil, has joined Manchester United for £52m. Photograph: Tottenham Hotspur FC via Getty View image in fullscreen",21,B,ae197a9acba8cb4667662d25938d8d34c7b1891bd07f8d6c9c0ec3d47a4b8820,2026-10-07
cf6e8d689b4579c8,T331d3dd3f9,Ricketts,http://news.bbc.co.uk/sport1/hi/football/teams/m/middlesbrough/2700925.stm,3500000.00,GBP,200,NOT CONFIRMED (page fetched; figure not found near the player's name),UNVERIFIED,,,0,B,1bd9d86fb5d9e9e262a85cd799611d842cc75743fd4f4ac7196a8794a4145302,2026-10-07
cf6f873b4e282a54,T216886663d,Pickford,https://www.bbc.co.uk/sport/football/40258852,25000000.00,GBP,200,VERIFIED,VERIFIED,£25m,"Jordan Pickford: Everton confirm £25m, rising to £30m, deal with Sunderland - BBC Sport BBC Homepage",16,B,fc714afe8f2c3320333887eeade0056af79bcfeaf665d8a658a77fcc523492c7,2026-10-07
cf9ad34362245e8e,T6b0f63801d,Stam,https://www.skysports.com/football/news/10507078/manchester-uniteds-top-10-transfer-record-signings,10750000.00,GBP,200,VERIFIED,VERIFIED,£10.75m,a mistake in selling Jaap Stam when he did Fee: £10.75m Signed from: PSV Eindhoven Date: 1 July 1998 What they said:,22,B,b5bbf472c7085f91808be9c87b11a547bb5c109bd278ebd147fd4452784c3430,2026-10-07
cfc4a2dca16e08dc,T4d5adfee09,Cole,https://www.independent.ie/sport/the-only-club-i-would-have-left-newcastle-for-was-united/26199629.html,6250000.00,GBP,403,BLOCKED or gone (HTTP403),UNVERIFIED,,,0,D,,2026-10-07
d00adc7a456339cb,Teb94424f9c,Gayle,https://www.skysports.com/football/news/8804133/gayle-completes-palace-move,4500000.00,GBP,200,VERIFIED,VERIFIED,£4.5m,the signing of striker Dwight Gayle from Peterborough United for £4.5million. More from Football Cristiano Ronaldo: Portugal star breaks sil,20,B,3f82c0aad8a33e1c6520a321ff2940b58eed8f333a71bc7d900532bf33e8e8a5,2026-10-07
d03f718df9ce870c,T62dbc681ea,Essien,https://www.uefa.com/uefachampionsleague/news/01ac-0e6ce0251320-8326e09d99a2-1000--chelsea-confirm-essien-arrival/,38000000.00,EUR,200,VERIFIED,VERIFIED,€38m,"Ghana's Michael Essien said he ""is clearly not worth the €38m"" Chelsea FC have paid Olympique Lyonnais for him. Article body Length",22,B,773e977a7e9db3e48787b518e28f4ad3e7c10cd8b963ed3e03c80653055ffe37,2026-10-07
d06b4c3871e8a78b,Tc5ce757011,Boyd,https://www.skysports.com/amp/football/news/11708/9476309/transfer-news-george-boyd-delighted-to-be-at-burnley,3000000.00,GBP,500,BLOCKED or gone (HTTP500),UNVERIFIED,,,0,B,,2026-10-07
d0b22f65e95388b2,T0e9294f356,Luiz,https://www.skysports.com/football/news/10559382/chelsea-re-sign-david-luiz-from-paris-saint-germain-for-30m,30000000.00,GBP,200,VERIFIED,VERIFIED,£30m,Chelsea re-sign David Luiz from Paris Saint-Germain for £30m | Football News | Sky Sports Skip to main content Sky,20,B,2b282d01b21da1da847a043305e2abe9dc094c9198dd9205fbb4c9fc0c57e818,2026-10-07
d0dfc420641e12bc,T0dd8e42c9c,Best,http://www1.skysports.com/football/news/12691/7860544/Rovers-wrap-up-Best-deal,3000000.00,GBP,200,VERIFIED,VERIFIED,£3m,Leon Best: Has joined Blackburn in a deal worth over £3million Blackburn have completed the signing of striker Leon Best from,21,B,4273e11627145fb6e53995aa1eca194da4819b1ce185608d720eee7ac26b4851,2026-10-07
d0f3914d099476bc,Tc6cc881419,Clark,https://www.bbc.co.uk/sport/football/articles/c2ednelrelpo,10000000.00,GBP,200,VERIFIED,VERIFIED,£10m,Red Bull Salzburg for a fee thought to be around £10m. The 19-year-old arrived at Anfield from Newcastle United in August 2,22,B,fa65ec2a6917fb49f7e3ccd67f06c68fbb22738f29a96b2ff656fd2da80b6937,2026-10-07
d11dc4c474338cf1,Te199cd7c19,Mudryk,https://shakhtar.com/en/news/2023/january/15_news/15_thanks_mykhailo-mudryk/,70000000.00,EUR,200,NOT CONFIRMED (page fetched; figure not found near the player's name),UNVERIFIED,,,0,D,e6b57967212d3264363a373848f0fff8e6a2addb1791bae35897f0924fefcd02,2026-10-07
d1a2029d426cab7f,Tadedcdf247,Wharton,https://www.bbc.co.uk/sport/football/68172882,18000000.00,GBP,200,VERIFIED,VERIFIED,£18m,transfer news: Adam Wharton joins club from Blackburn Rovers for £18m - BBC Sport BBC Homepage Skip to content Accessibility Help Your,22,B,54ae1ca7863d17bf3a3f3e0bafa062e50f69e77d080cbac1e7a35527c9a44530,2026-10-07
d1a74b8c30c187e5,Tcaf39339f6,Havertz,https://www.skysports.com/football/news/11668/12060588/kai-havertz-chelsea-agree-eur80m-fee-plus-eur20m-add-ons-with-bayer-leverkusen,80000000.00,EUR,200,VERIFIED,VERIFIED,€80m,Kai Havertz: Chelsea agree €80m fee plus €20m add-ons with Bayer Leverkusen | Football News |,16,B,05b87bebfada040c9273c5dcf3acf265a44eeb24ae00a21a6bd56309354c7c09,2026-10-07
d1bf11c5e8849b81,Tdecb9c1bd0,Duff,https://www.theguardian.com/football/2003/jul/21/newsstory.sport7,17000000.00,GBP,200,VERIFIED,VERIFIED,£17m,Prefer the Guardian on Google Damien Duff has completed his £17million move to Chelsea from Blackburn Rovers. The Republic of Ireland,21,B,770ace9255beb5233bfe65d96455fca1725125864fd4e985893d7631acb40349,2026-10-07
d1cbaa967f168237,T4a43d0c768,Mikel,https://www.theguardian.com/football/2006/jun/03/newsstory.sport,16000000.00,GBP,200,VERIFIED,VERIFIED,£16m,Chelsea agree £16m fee for Mikel | Soccer | The Guardian Skip to main,14,B,13dcddcd1e15d99358614668061130525a36d0d35c8be9059886c5ef46e7bedb,2026-10-07
d1f8d1509f81c469,Tb1646f2690,Gronkjaer,https://www.theguardian.com/football/2000/oct/31/newsstory.ajax,7800000.00,GBP,200,VERIFIED,VERIFIED,£7.8m,Chelsea sign £7.8m Gronkjaer | Soccer | The Guardian Skip to main content Skip,14,B,eb0af355603d0b549d2913fb3af093d18779cff090cf189f9af3a2afb5d96e70,2026-10-07
d25f1ee3ba1c54d8,Tf84aed6d8f,Baines,https://www.skysports.com/football/news/2643417/baines-joins-everton,5000000.00,GBP,200,VERIFIED,VERIFIED,£5m,Athletic have confirmed Leighton Baines has joined Everton in a £5million deal. More from Football Cristiano Ronaldo: Portugal star break,20,B,40fa8d15bb3edd9f3421f25af623fe5e83585ee0213f5b82dfb1cd6b5d15d978,2026-10-07
d26eeb389f853f0e,Tda18505f01,Turner,https://www.theguardian.com/football/2009/nov/03/michael-turner-adam-pearson-hull,2800000.00,GBP,200,VERIFIED,VERIFIED,£2.8m,Hull made only £2.8m from selling Michael Turner says new chairman | Hull City |,15,B,4dd26ebab16258303c6d16d6131eb0bfc4743ca39490ed30acea2dfbb9843ccf,2026-10-07
d29a0cd50ce95e96,T00c920aa5a,Mascherano,https://www.theguardian.com/football/2008/mar/01/newsstory.liverpool,18600000.00,GBP,200,VERIFIED,VERIFIED,£18.6m,"George Gillett's control of the club. The 23-year-old has cost £18.6m, a sum comprising the £1.6m required to take the midfielder on",22,B,ba20bcd02a6546f7a2b48651b7492f9e792f091187d4223b585de5a28a8e7227,2026-10-07
d2e59051f56ccb10,T6928350085,Shaqiri,https://www.bbc.co.uk/sport/football/58300490,9500000.00,GBP,200,VERIFIED,VERIFIED,£9.5m,Xherdan Shaqiri: Liverpool sell Swiss midfielder to Lyon in £9.5m deal - BBC Sport BBC Homepage Skip to content Accessibility Help,21,B,f051840abbafbfcc0644c958dac8da6b304aec34a27fca4139686efe09d9dbda,2026-10-07
d2edaaf892864f99,Tf7e6b0f19d,Modrić,https://www.bbc.co.uk/sport/football/19389191,30000000.00,GBP,200,NOT CONFIRMED (page fetched; figure not found near the player's name),UNVERIFIED,,,0,B,9660c817a765d954a12b7ce4b67d6c90790233d38850ee85211d94996328c704,2026-10-07
d2f3041d887fd24f,Tbd3178886e,Ashton,https://www.skysports.com/football/player/1291/dean-ashton,7200000.00,GBP,200,VERIFIED,VERIFIED,£7.2m,10 Jan 2005 £3.0m Norwich West Ham 23 Jan 2006 £7.2m West Ham Unassigned 11 Dec 2009 Undisclosed Related Dean Ashton News,22,B,de048d2fa3b709d89562143a72848156aaaa521e6b54319981fa839e35e37251,2026-10-07
d313943612147f12,T6e7829a09e,Santos,https://www.bbc.co.uk/sport/football/articles/cn07dpgkj4eo,48000000.00,GBP,200,VERIFIED,VERIFIED,£48m,"Follow Your Team Transfers Top Scorers Gossip Man Utd sign £48m Santos and close in on Tielemans Image source, Getty Images Image",22,B,d10f529b8ff441f3921d7a8ab3a12b6ac54dc925d09cf6eea62433e23d2dec12,2026-10-07
d354b14c88fb03f9,T58b19dee93,Pires,https://www.independent.co.uk/sport/football/premier-league/vieira-bears-the-burden-of-hope-696343.html,6000000.00,GBP,200,VERIFIED,VERIFIED,£6m,"great players in too."" Those two players are Pires for £6m from Marseille and the Cameroon international Lauren from Real Mallor",21,B,122b87c80e77f8b2c4a86ec72596c011a31dd418433be4d8960e2e7384e70287,2026-10-07
d3a284b125a9dbfe,T2c394e8e82,Ismaël,https://www.skysports.com/football/player/6505/valerien-ismael,2800000.00,GBP,200,NOT CONFIRMED (page fetched; figure not found near the player's name),UNVERIFIED,,,0,B,f7dda9f1613bcb375e0196401195987a6b95cdeaa8aa514e6c6f6f0f6d054f8f,2026-10-07
d3aa91691de9b5ae,T0791f4a294,Dewsbury-Hall,https://www.skysports.com/football/news/11095/13398156/jack-grealish-transfer-news-everton-approach-man-city-over-possible-loan-deal-for-england-winger,25000000.00,GBP,200,VERIFIED,VERIFIED,£25m,reported earlier this week that the fee is an initial £25m plus add-ons that could increase it to around £29m. Dewsbury-Hall mad,22,B,60ab3d2e66f23752fb6ea9fde8164e45501e1aeff4be2f261aef35cbaafc6af5,2026-10-07
d3e04767dfe2e8c9,Td8485366de,Phillips,https://www.bbc.co.uk/sport/football/66415714,2000000.00,GBP,200,VERIFIED,VERIFIED,£2m,before making his first-team debut in 2022. Tottenham activated his £2m release clause and the defender becomes their sixth summer signing un,22,B,5af2f067376725f95983190b54bfe5a8aad20b557e182369b8c92750a27ae5e4,2026-10-07
d3f05612ac4b3942,Td0804c9b4a,Wetherall,https://www.theguardian.com/football/2001/dec/01/newsstory.sport5,1400000.00,GBP,200,VERIFIED,VERIFIED,£1.4m,under £1m) PLAYERS OUT June 1999 David Wetherall (to Bradford) £1.4m Aug 1999 J-F Hasselbaink (Atletico Madrid) £12m Oct 1999 Danny Granvi,22,B,5157db9610960d5f59cc4569068cbb94afe03f3142f7421a21d3cbbe2a5875a8,2026-10-07
d3f81ff9de175e84,T0421999c00,Keïta,https://www.bbc.co.uk/sport/football/41075272,48000000.00,GBP,200,NOT CONFIRMED (page fetched; figure not found near the player's name),UNVERIFIED,,,0,B,c9ccf3a0b2076c22fefdb640d5c839e92659fdbf5da9b4195918acccff65b86b,2026-10-07
d408e6e6f1b22a7f,T3d74c0837e,Firpo,https://www.bbc.com/sport/football/57735371,13000000.00,GBP,200,VERIFIED,VERIFIED,£13m,United have signed full-back Junior Firpo from Barcelona for about £13m on a four-year deal. The 24-year-old moved to the Nou Camp,22,B,fd6244ae70bcf427390b1226f60d892129927942065e79e7a154e182e6b5a3a9,2026-10-07
d42341239ee23fb0,T9a65a22dad,Robinho,https://www.mancity.com/news/first-team/first-team-news/archive/2010/january/robinho-in-loan-deal-to-santos,32500000.00,GBP,200,VERIFIED,VERIFIED,£32.5m,window of summer 2008 for a British record fee of £32.5m from Real Madrid. He signed on the first day of Sheikh,22,A,cc299356a56664fbd48216d3e812cbfb2f4b6c4544127a109f5ed72a214a0409,2026-10-07
d45d83e76316bf6c,Td9a8496aa5,Berg,http://news.bbc.co.uk/sport2/hi/football/teams/b/blackburn_rovers/1072157.stm,1750000.00,GBP,200,NOT CONFIRMED (page fetched; figure not found near the player's name),UNVERIFIED,,,0,B,4b07e0309716442c7ad4f7e227109a6d040c79a279ce9b50d772af7b8798458f,2026-10-07
d4880848de5c8578,T9807183879,Röhl,https://www.evertonfc.com/news/2026/july/06/r-hl-confirmed-as-permanent-everton-player/,17300000.00,GBP,200,NOT CONFIRMED (page fetched; figure not found near the player's name),UNVERIFIED,,,0,A,dd6083a58b5b683cf9553e6d2d9736c0acfbf3f13946cd2201c6510b61e3efc6,2026-10-07
d48d2e45ecf8f9a8,Tbc1dee8e24,Pröpper,https://www.theguardian.com/football/2017/aug/07/brighton-davy-propper-club-record,10000000.00,GBP,200,VERIFIED,VERIFIED,£10m,Fee for Pröpper believed to be in the region of £10m Press Association Mon 7 Aug 2017 10.32 EDT Last modified on,22,B,5a821ca5e3a1c3d38e6fcff7374510ff0e0d7cdeb986244345825a2c98cea888,2026-10-07
d4dc58854a5fbc71,T07136b5511,Pereyra,https://www.theguardian.com/football/2016/aug/19/watford-complete-deal-juventus-midfielder-roberto-pereyra,10400000.00,GBP,200,VERIFIED,VERIFIED,£10.4m,Watford complete £10.4m deal for Juventus midfielder Roberto Pereyra | Watford | The Guardian,14,B,e2c4eb5ba2be460a5dceade59f2ed73f7d9c76cd27eb23c9891091fcad77aaa2,2026-10-07
d4ec6dff932e3f3a,T9dc1e03a15,Wiltord,https://www.skysports.com/football/player/12627/sylvain-wiltord,13000000.00,GBP,200,NOT CONFIRMED (page fetched; figure not found near the player's name),UNVERIFIED,,,0,B,d969e84909998531903809c487b4372bd93c9df9e912fa93111b313035b2b3c8,2026-10-07
d4fa3c7cb7912d61,T9e4b2a858b,Gibbs-White,https://www.bbc.co.uk/sport/football/62604283,25000000.00,GBP,200,VERIFIED,VERIFIED,£25m,Morgan Gibbs-White: Nottingham Forest sign Wolves midfielder for club-record £25m plus add-ons - BBC Sport BBC Homepage Skip to content Accessibility,21,B,7e07a3b2b755b5e0458c1d770226e78393e2efc51f5b4b924ce4d4a2eae8b808,2026-10-07
d4fd8123b73c2455,Ta1363fbae6,Holding,https://www.bbc.co.uk/sport/football/66691963,4000000.00,GBP,200,VERIFIED,VERIFIED,£4m,Rob Holding transfer news: Arsenal defender makes £4m move to Crystal Palace - BBC Sport BBC Homepage Skip to,19,B,946fbd80ccde77412bba794837a6252fb50b1c65527fe2679e7c9772fd4a81e0,2026-10-07
d56877d46f01b883,T1232af665b,Bent,http://news.bbc.co.uk/sport1/hi/football/eng_prem/1672212.stm,3000000.00,GBP,200,NOT CONFIRMED (page fetched; figure not found near the player's name),UNVERIFIED,,,0,B,a865a84ae449fc271daf5a76185b1257ef80007b81b044ebcfc5039fdbe91f9e,2026-10-07
d5b8e303a368d67d,T5a579519e9,Hazard,https://www.bbc.co.uk/sport/48484572,89000000.00,GBP,200,VERIFIED,VERIFIED,£89m,June International Eden Hazard [Chelsea - Real Madrid] 100m euros (£89m) English Football League James Bolton [Shrewsbury - Portsmouth] Free,20,B,a2d77d7e876750bb21f9a5e9f5870899e5203a7e78998f6a29d925d083c8893d,2026-10-07
d5be0cf22980801a,T906bcc521b,Pellistri,https://www.bbc.co.uk/sport/football/articles/c5y52j70ev8o,5100000.00,GBP,200,VERIFIED,VERIFIED,£5.1m,"earlier this month. Sources say Manchester United will receive a £5.1m fee for the 22-year-old, with up to £1.7m in possible additional",22,B,e6726a39d568ae9460e74d46236b69d8859cf0dc218d96d34bf0ec331c7fb589,2026-10-07
d5c91d53423df082,Tba4676ed6f,Nketiah,https://www.bbc.co.uk/sport/football/articles/cx2l4wzdn3do,30000000.00,GBP,200,VERIFIED,VERIFIED,£30m,Eddie Nketiah: Crystal Palace sign Arsenal striker for £30m on deadline day - BBC Sport BBC Homepage Skip to content,20,B,236e544b030d4a6e64e3a3df0ce19d6a27657676fa085b214be7a0b9b881b93e,2026-10-07
d60571db26c082d2,Tbdb95c4c71,Drameh,https://www.bbc.co.uk/sport/football/articles/cje8x575v51o,3400000.00,GBP,200,VERIFIED,VERIFIED,£3.4m,opposite direction to Norton-Cuffy - with Genoa set to pay £3.4m. Hull's final signing of the day was 19-year-old Olympiakos midfielde,21,B,6d8bf44cda09da6f693436aabdf1d73c4832f7dfc7aa3b754a910cc21e494f34,2026-10-07
d6242da7ab58a119,T8e3eae128b,Ekitike,https://www.bbc.com/sport/football/articles/c62gp6nqy68o,69000000.00,GBP,200,VERIFIED,VERIFIED,£69m,"Top Scorers European Quizzes Liverpool sign striker Ekitike for initial £69m Image source, Getty Images Image caption, Hugo Ekitike joined Eintrac",21,B,062d49e2dd257dd0fe68950c380e2aba50966942f26ed5caf9d2011f7f2ac465,2026-10-07
d649cffaf05a37ef,Tc75f0155e2,Tevez,https://www.independent.co.uk/sport/football/news/alleged-pound-47m-tevez-deal-denied-1786267.html,47000000.00,GBP,200,VERIFIED,VERIFIED,£47m,Alleged £47m Tevez deal denied | The Independent | The Independent Thank you,13,B,c25dd1d949720fc84fa5a4e3818236aff5dc6ec4e7e1045b80bd6d9345ab3b33,2026-10-07
d668df3d20df73a9,Td0253ef8e8,Hughes,https://www.bbc.co.uk/sport/football/58346821,6000000.00,GBP,200,VERIFIED,VERIFIED,£6m,Crystal Palace: Watford's Will Hughes joins Eagles for £6m - BBC Sport BBC Homepage Skip to content Accessibility Help Your,20,B,d58fa6eb2940cbd1b5304dd19c7a9c53b392afbaa7787d3b60ff1f4828003228,2026-10-07
d6695cc6a7ffefb2,Tf0b67b6897,Rebrov,https://www.theguardian.com/football/2000/may/17/newsstory.sport2,11000000.00,GBP,200,VERIFIED,VERIFIED,£11m,Spurs smash record as they land £11m Rebrov | Soccer | The Guardian Skip to main content Skip,18,B,a20b7a36b4b50a76a22c626d356edb6dce9a18a34955c0d94ac9ad6d8e425a00,2026-10-07
d69d72b3490d09c6,T3d611d9671,Watkins,https://www.bbc.co.uk/sport/football/54080315,28000000.00,GBP,200,VERIFIED,VERIFIED,£28m,Watkins: Aston Villa sign striker from Brentford for club record £28m - BBC Sport BBC Homepage Skip to content Accessibility Help Your,22,B,567cc840b2106887c98d5c386e55b0ef437ba5e013c8abc6a05ef13cc6342c6e,2026-10-07
d6a5c2f47d085c01,T4872cec779,Kluivert,https://www.bbc.co.uk/sport/football/66002640,9600000.00,GBP,200,VERIFIED,VERIFIED,£9.6m,"signed Dutch forward Justin Kluivert from Roma in a reported £9.6m deal. , external The 24-year-old, who arrives on a long-term contract",22,B,956a96c894fd8cb101864a4b78b5e2fa03d19f322f2562f860cada8b2fb72920,2026-10-07
d6a7afb5ca96046d,Tcbd745a4cc,,https://www.bbc.co.uk/sport/football/articles/c93937pkq7qo,17000000.00,GBP,200,VERIFIED,VERIFIED,£17m,Pervis Estupinan: Brighton defender joins AC Milan for £17m - BBC Sport BBC Homepage Skip to content Accessibility Help Your,20,B,69509310cd0e4b723452d8b0aee9af3dad1070633bfc6b5bb6c7984219d3aec8,2026-10-07
d6a8ea9be14dae4f,T102d01754e,Hernández,https://www.bbc.co.uk/sport/football/19421873,5550000.00,GBP,200,NOT CONFIRMED (page fetched; figure not found near the player's name),UNVERIFIED,,,0,B,7997cbcf018e19b12056c69dad4e78d99f4283bc1a27f6f4158e1bde03cad231,2026-10-07
d6c14953a2bef58a,Ta2bbd912ef,Diakité,https://www.bbc.co.uk/sport/football/articles/cwy192l58z2o,30300000.00,GBP,200,NOT CONFIRMED (page fetched; figure not found near the player's name),UNVERIFIED,,,0,B,db41a82a2b11af8a3b2820f20d16092367629a8c72a9d87f14d7312b207e1073,2026-10-07
d6cbf43ded3b778d,Tf003f739a9,Ouaddou,https://news.bbc.co.uk/sport2/hi/football/teams/f/fulham/1469088.stm,2000000.00,GBP,200,NOT CONFIRMED (page fetched; figure not found near the player's name),UNVERIFIED,,,0,B,baa39738fefa6ef1f5000026544de179c820caaf78d06051e36844aa157fc493,2026-10-07
d6d774f234bc10c5,T83cc5317af,Fortune,https://www.independent.co.uk/sport/football-ferguson-defends-strachan-remarks-1115459.html,1500000.00,GBP,200,VERIFIED,VERIFIED,pounds 1.5m,"transfer from Atletico Madrid in a deal worth a reported pounds 1.5m. The midfielder, a member of South Africa's 1998 World Cup",22,B,e5848540c284a78fbbbbdff645d2d169d82ea7fca0b72e7af70a3058817a6fc4,2026-10-07
d6f3407b47a365d8,T16db38b4c7,Ayew,https://www.bbc.co.uk/sport/football/36992750,20000000.00,GBP,200,VERIFIED,VERIFIED,£20m,Andre Ayew: West Ham agree £20m fee with Swansea City - BBC Sport BBC Homepage Skip to,17,B,0ce5937e77424c51f24303eb09b0d271a50ac36d88cae85a14d2dcb478a991d0,2026-10-07
d70e8a446edf3a67,Tc001bfa7ea,Nani,https://www.uefa.com/uefachampionsleague/news/01c5-0e6e8497a41d-640a2940a865-1000--familiar-foes-to-take-on-sporting/,25500000.00,EUR,200,VERIFIED,VERIFIED,€25.5m,"more than €18m. • Nani, who left Sporting in a €25.5m transfer in May, made 59 league appearances and scored nine goals",22,B,eb3ee705abaaae061146950e37852d260f24f875f128e7ca6c314d9a7cb4e5f1,2026-10-07
d71a728c15b22c88,T270ffa7ce5,Mariappa,https://www.bbc.co.uk/sport/football/24348285,2400000.00,GBP,200,VERIFIED,VERIFIED,£2.4m,"£10m in attempting to cement their top-flight status, with the £2.4m purchase of Adrian Mariappa their biggest transfer fee of the summer.",22,B,f126ee295369a73595572633b8cb6c0a3c450992d33622864b08145885f3f93b,2026-10-07
d71f1e681ee1d470,Tb4d4201c06,Salisu,https://www.bbc.co.uk/sport/football/53758877,10900000.00,GBP,200,VERIFIED,VERIFIED,£10.9m,"centre-back Mohammed Salisu from Real Valladolid for a fee of £10.9m. The highly-rated 21-year-old, who made 32 appearances for the Spanis",21,B,e8e0959d11a61e0193f03b77194fc061db90a012aedc029e78d662d5bf8adc9c,2026-10-07
d71f79f8b0612fdc,Tf293197c92,Arokodare,https://www.bbc.com/sport/football/articles/c8e1009pw3lo,24000000.00,GBP,200,VERIFIED,VERIFIED,£24m,Wolves transfer news: Tolu Arokodare signs from Genk in £24m deal - BBC Sport BBC Homepage Skip to content Accessibility Help,21,B,dc4cb3404115e751aa015282361c57546c31e7bfc7be37e3cd2dddcc4f696cce,2026-10-07
d72d44cc08c8ebb4,T4a1aeeb68c,Modrić,https://www.skysports.com/football/news/3493169/spurs-confirm-modric-deal,16600000.00,GBP,200,NOT CONFIRMED (page fetched; figure not found near the player's name),UNVERIFIED,,,0,B,6e60982f434da637680e39e4870b7567fec97e18334d0fada263d586e55e2e3a,2026-10-07
d742908a153de36c,T4d5adfee09,Cole,https://www.independent.co.uk/sport/football-hughes-expected-to-give-way-to-163-7m-cole-1567583.html,6000000.00,GBP,200,VERIFIED,VERIFIED,£6m,"Ireland international winger, went in the opposite direction along with £6m. The signs are that Cole will take Mark Hughes' place in",22,B,4fce88e948640a0db24d2995275d41c38ca1cdcf94752831343ba4b8042ebaca,2026-10-07
d762a133b0ee8595,Tff009bb6cb,Bruyne,https://www.bbc.co.uk/sport/football/33686731,55000000.00,GBP,200,VERIFIED,VERIFIED,£55m,De Bruyne from German side Wolfsburg for a club record £55m. The 24-year-old has agreed a six-year deal and is City's fourth,22,B,ffa7d9f85d7c23c7dc788a3faa6b5987ea26187ca117b701f5f20d290674e531,2026-10-07
d76dcd6f5001a4a0,Tc02db4d374,2006}},https://www.bbc.co.uk/sport/football/articles/cvgpzeyq1pno,24700000.00,GBP,200,NOT CONFIRMED (page fetched; figure not found near the player's name),UNVERIFIED,,,0,B,94da52eec30c8e20cbee38e71fb699f4a49a5ba655c0b6370055caa9b9362216,2026-10-07
d77cd18b51ef3487,T81ef169bbc,García,https://www.bbc.co.uk/sport/football/articles/cly51pjjep3o,6000000.00,GBP,200,NOT CONFIRMED (page fetched; figure not found near the player's name),UNVERIFIED,,,0,B,3b17bd54960313d7e0153c06ffd9e2a1033381de5cbb4534ccd229b13fef51b6,2026-10-07
d839e6b004c4eacf,Tf4bae5af59,Gyökeres,https://www.skysports.com/football/news/11670/13401655/viktor-gyokeres-transfer-news-striker-given-clearance-to-complete-arsenal-move-after-total,63800000.00,GBP,200,NOT CONFIRMED (page fetched; figure not found near the player's name),UNVERIFIED,,,0,B,a5f80fea1e5bb5afdfaa7e51d14470c45d385e25f1c99d57957a1540cf52e5e6,2026-10-07
d86455250d2ae462,Tb5cc4c77e2,Cisse,https://www.liverpoolfc.com/info/djibril-cisse,14000000.00,GBP,200,VERIFIED,VERIFIED,£14 m,"striker Djibril Cisse became a club-record signing when Liverpool paid £14 million for his services in July 2004, and he went on",22,A,24458a126d86636c6a37c7f38d24d4aa6b80f045950c823670c9ec0b58deca0f,2026-10-07
d8b284387684b2e4,T29891e29dc,Berge,https://www.skysports.com/football/news/11683/11921947/sander-berge-sheffield-united-sign-norway-midfielder-from-genk-for-club-record-22m,22000000.00,GBP,200,VERIFIED,VERIFIED,£22m,Berge: Sheffield United sign Norway midfielder from Genk for club-record £22m | Football News | Sky Sports Skip to main content Sky,22,B,2f7256ba40ceee487fb9fa414af7e722d6582c17203e39098e8352f278320891,2026-10-07
d8c3ceb7a56ed5df,T5b4764377b,Amad,https://www.bbc.co.uk/sport/football/55579861,19000000.00,GBP,200,VERIFIED,VERIFIED,£19m,the Champions League this season Manchester United have finalised the £19m signing of Ivory Coast winger Amad Diallo from Italian side Atalanta.,22,B,5ad96f85a57bf39f45552e23f5b97e27c100c922f7db5a8d20e9c6726c7e1bdc,2026-10-07
d8e0fc54b159af72,T863edb2659,Hartson,https://www.the-independent.com/sport/football-hard-graft-as-valuable-as-hard-cash-1094388.html,7000000.00,GBP,200,VERIFIED,VERIFIED,pounds 7m,"hampton to Blackburn Rovers); Christian Dailly (pounds 5.3m, Derby County to Blackburn Rovers), John Hartson (pounds 7m, West",18,B,af369c505279de52ce3260e9d56ec819078d2362409bf9bbffa7fe55d1fcbc30,2026-10-07
d8e437d6f6d71e18,Tc74318cc29,Alexandersson,https://news.bbc.co.uk/sport2/hi/football/teams/e/everton/839581.stm,2500000.00,GBP,200,NOT CONFIRMED (page fetched; figure not found near the player's name),UNVERIFIED,,,0,B,f61d249d6f27fc0efb2ae464efc35a69d291fbf53b16c0748c2a235cea33df3d,2026-10-07
d90168d7117f72ad,Td76a36dedc,Elliott,https://www.thetimes.com/sport/football/article/liverpool-chelsea-rio-ngumoha-nqr320cj8,1200000.00,GBP,200,NOT CONFIRMED (page fetched; figure not found near the player's name),UNVERIFIED,,,0,D,9321e99f06ea8a7309c8d9018c9bfddc288eb852e0f4be00cd339e9a3ec5f57b,2026-10-07
d9062f5cabae8b0a,T8a34b4dc99,Dobbin,https://www.bbc.co.uk/sport/football/articles/c30y085ey17o,9000000.00,GBP,200,VERIFIED,VERIFIED,£9m,Lewis Dobbin: Southampton sign Aston Villa forward for £9m - BBC Sport BBC Homepage Skip to content Accessibility Help Your,20,B,341da000617ee8188c52517cd2299a08750be2ee752b7e955962cce53f548347,2026-10-07
d95e13328deb656e,T2f826068a8,Wirtz,https://www.bbc.co.uk/sport/football/articles/cg4rl52kee2o?pubDate=20250623,116000000.00,GBP,200,VERIFIED,VERIFIED,£116m,Florian Wirtz transfer: Liverpool sign Bayer Leverkusen midfielder in £116m deal - BBC Sport BBC Homepage Skip to content Accessibility Help,21,B,5871a03685f890dbda37eda9c8745863a48b0b359811f05b058c06e1a724918e,2026-10-07
d9622e01982fd33a,Tcb6336af62,Barmby,https://www.independent.co.uk/sport/on-the-move-5593479.html,5300000.00,GBP,200,VERIFIED,VERIFIED,pounds 5.3m,"member? Log in Transfers Nick Barmby (forward) Middlesbrough to Everton (pounds 5.3m) John Hughes (defender) Celtic to Falkirk (pounds 300,000) Steve Finn",22,B,782534845622eecac6a7a13312600ba6478fb6a5e4693e9483d14e9eaf44ad7c,2026-10-07
d976a303664a2fce,Te1eb2cefc8,Mané,https://www.bbc.co.uk/sport/football/36642523,34000000.00,GBP,200,NOT CONFIRMED (page fetched; figure not found near the player's name),UNVERIFIED,,,0,B,24faee45ed5a90d90079be5faae51688d1dd0ce994dc2efb3116e7d991d43c57,2026-10-07
d97f8870ef78b842,Tb8d3338304,Giles,https://www.the-independent.com/sport/football/chelsea-luton-transfers-mauricio-pochettino-b2398818.html,5000000.00,GBP,200,VERIFIED,VERIFIED,£5m,"five more have arrived in that bracket. Even so, the £5m-reported signing of Ryan Giles as a club record addition is roughly",22,B,81dde81c51b893b2b199216418d6323e30fd921c12ffb2e04c025c6dac3853de,2026-10-07
d983b604ef83a444,T1221f9e8ec,Bouaddi,https://www.bbc.co.uk/sport/football/articles/c8d3jej2lqlo,81400000.00,GBP,200,VERIFIED,VERIFIED,£81.4m,"a five-year contract, subject to international clearance, with City paying £81.4m upfront plus £4.2m in add-ons. Enzo Maresca's side moved to sign",22,B,99dc35da3d0f7c4775fb75d60b4ae2f6c65a6f8e8815132e7a3b82cebaaf84b8,2026-10-07
d9866e2d3803b2d9,T6b0b9baf11,Svoboda,https://www.nytimes.com/athletic/7376171/2026/07/02/brighton-transfer-news-svoboda/,4300000.00,GBP,403,BLOCKED or gone (HTTP403),UNVERIFIED,,,0,B,,2026-10-07
d9f4400d748991e3,Taa76770754,Rodri,https://www.bbc.co.uk/sport/48827145,68200000.00,GBP,200,VERIFIED,VERIFIED,£68.2m,[Newcastle - Leicester] £30m Rodri [Atletico Madrid - Manchester City] £68.2m English Football League Dan Bowry [Charlton - Cheltenham] Free Jevani,21,B,c7ed099b15df959bb01f147dbd809ca154b9839b81f740ffc719640fb6acf087,2026-10-07
da06cea35e00aac0,Tb14137bf76,Morata,https://www.chelseafc.com/en/news/2019/07/06/alvaro-morata-leaves-chelsea-loan-to-atletico-madrid-a-permanent,50400000.00,GBP,200,NOT CONFIRMED (page fetched; figure not found near the player's name),UNVERIFIED,,,0,A,9ae8ba834ddb72f1935e6edfcc461dbde2eda8fcfc617e3bd032a7827bb4058d,2026-10-07
da10e8634b05e2c4,T307fc71bc8,Penders,https://www.bbc.com/sport/football/articles/c4gd9nz8wn1o,17000000.00,GBP,200,VERIFIED,VERIFIED,£17m,"for a feel believed to be in the region of £17m. Penders, a Belgium Under-19 international, only made his senior debu",21,B,2219408f07438f566a4f79363d927144485442d122904322ddde0f68e52e1b6f,2026-10-07
da6a2d4bcc28d52a,Tea5a5e75af,Poborský,https://www.independent.co.uk/sport/briefly--poborsky-signs-at-last-1329803.html,3500000.00,GBP,200,NOT CONFIRMED (page fetched; figure not found near the player's name),UNVERIFIED,,,0,B,aa7d0b2fd8ba2e7573936275b2bf9806dbf09bb8475b9ec6e40e0edb04587966,2026-10-07
dabbb53529d859c2,T8a17ef7c96,Wright-Phillips,https://www.theguardian.com/football/2005/jul/18/newsstory.sport,21000000.00,GBP,200,VERIFIED,VERIFIED,£21m,Wright-Phillips moves for £21m | Football | The Guardian Turn autoplay off Turn autoplay on,15,B,80fc740ddc69c6fbc68021a1f25394b65bdfa91bfeba95c084f50992f0f37a16,2026-10-07
dad6dbcab59212bb,T7539cf0639,Buendía,https://www.bbc.co.uk/sport/football/57434337,33000000.00,GBP,200,NOT CONFIRMED (page fetched; figure not found near the player's name),UNVERIFIED,,,0,B,0d5714a72fba6168a4379722c70cea7e2e751fb979aaee7936b8e1cba789ee2a,2026-10-07
db1b1733ae5571d3,T9922d54a4d,Garnacho,https://www.bbc.com/sport/football/articles/cr4ey5z7360o,40000000.00,GBP,200,VERIFIED,VERIFIED,£40m,Alejandro Garnacho: Chelsea sign Man Utd winger for £40m - BBC Sport BBC Homepage Skip to content Accessibility Help Your,20,B,be9b4cb2aaeaab65726f9f3371e322e5bdadc71ddb7bd9b9b6611a0df4fd5b7f,2026-10-07
db4caf1d09515b64,T98f9d9ff58,Guessand,https://www.bbc.co.uk/sport/football/articles/c3361y65x16o,26000000.00,GBP,200,VERIFIED,VERIFIED,£26m,have completed the signing of Nice striker Evann Guessand for £26m plus £4.3m in add-ons. The 24-year-old Ivory Coast forward scored 12,22,B,639b58e54b8cc1cf0f807ad7497f86fd5f31ab9a928f93751eaccbe352da9442,2026-10-07
db6024e1a80af55f,T1f2881cd9a,Ndong,https://www.bbc.co.uk/sport/football/37235209,13600000.00,GBP,200,VERIFIED,VERIFIED,£13.6m,Didier Ndong: Sunderland sign Gabon international for £13.6m - BBC Sport BBC Homepage Skip to content Accessibility Help Your,19,B,0eeb422eebc0b669339e762e69ff0216d6bd12bd515f6817f145f11d79c97e14,2026-10-07
dbda589715a0fbfe,T6998b0da55,Camara,https://www.skysports.com/football/player/8041/henri-camara,3000000.00,GBP,200,NOT CONFIRMED (page fetched; figure not found near the player's name),UNVERIFIED,,,0,B,9871c24124dac2f48c75e0e661388eabb5d9b171f3c0f38b73db6bb8cd50c58c,2026-10-07
dbe79635fc48a916,T85ef9be161,McAllister,https://www.independent.co.uk/sport/mcallister-moves-to-coventry-for-pounds-3m-1330153.html,3000000.00,GBP,200,VERIFIED,VERIFIED,pounds 3m,McAllister moves to Coventry for pounds 3m | The Independent | The Independent Thank you for registering,17,B,85fb48fb50fee01f25f21e8022cf4fedd62105e623a6a3c81a6a0dc7f4addfc3,2026-10-07
dbe9a58403948fad,T98cb1c0c41,Walcott,https://www.bbc.co.uk/sport/football/42715223,20000000.00,GBP,200,VERIFIED,VERIFIED,£20m,"Theo Walcott from Arsenal in a deal worth more than £20m on a three-and-a-half year contract. Walcott, 28, becomes Sam Allardy",21,B,f916d107b488b367c94a68caa72be49ab4ac5da9a418c805f40ea7d179804005,2026-10-07
dbea285de6ff378e,Tee9a119d39,Holdsworth,https://www.bbc.co.uk/sport/football/35630605,3500000.00,GBP,200,VERIFIED,VERIFIED,£3.5m,"with Holdsworth becoming chairman. The one-time club record signing at £3.5m when he joined from Wimbledon in 1997, confirmed current owner Eddie",22,B,5c216d7f7b03ca5a906decd78ad95212339b6406dc4aa9ea706ed69616bd4b4e,2026-10-07
dbf5b8cb09719023,T6a4cdee53d,María,https://www.bbc.co.uk/sport/football/28926665,59700000.00,GBP,200,NOT CONFIRMED (page fetched; figure not found near the player's name),UNVERIFIED,,,0,B,047b8bf43c19b744f3f1e84e60749ff31c0d7059c4591f53acb3bcb687315d11,2026-10-07
dc116cd4d1954fd0,Ta9f2dd5d6f,Jaouen,https://www.bbc.co.uk/sport/football/articles/c892vd99vp9o,18500000.00,GBP,200,VERIFIED,VERIFIED,£18.5m,"for a fee understood to be in the region of £18.5m. ""I'm really excited to become a Newcastle United player,"" Jaouen tol",22,B,52884288f369fb2762382dfdd97424100e34fb36b5e74648b6637594208c3a57,2026-10-07
dc1f49e5f5a9ef33,Tcaf39339f6,Havertz,https://www.theguardian.com/football/2020/sep/04/kai-havertz-completes-move-chelsea-from-bayer-leverkusen,70000000.00,GBP,200,VERIFIED,VERIFIED,£70m,more than 6 years old Germany midfielder joins Chelsea in £70m deal ‘I am very happy and proud to be here’ PA,22,B,9ffea4654ce01d6c4f7a1276e1f6d174206a88962e606828447f320e59ab2c24,2026-10-07
dc25b1ee4e5ae754,T1145b94ece,Camara,https://news.bbc.co.uk/sport2/hi/football/teams/w/west_ham_utd/1073522.stm,1500000.00,GBP,200,NOT CONFIRMED (page fetched; figure not found near the player's name),UNVERIFIED,,,0,B,d236183644624e360c66755550f8d213657e3c889b2a5e2ec00fd6bf41808329,2026-10-07
dc44a520bdae16e2,T4a68d1218e,Bostock,https://www.skysports.com/football/news/3796545/jordan-fury-over-bostock-fee,700000.00,GBP,200,VERIFIED,VERIFIED,"£700,000","is 'scandalous' that a tribunal has decided Spurs should pay £700,000 for John Bostock. More from Football England 3-0 Czech Republic: Harr",22,B,770e75473f537f71c16ebf404d2520debef0720bb5e4aeeea38f468f1297d126,2026-10-07
dc7061f0951746c9,T7acaad50e6,Almirón,https://www.bbc.co.uk/sport/football/articles/cn57lz9wzlro,8000000.00,GBP,200,NOT CONFIRMED (page fetched; figure not found near the player's name),UNVERIFIED,,,0,B,7342f296b295fc272af59b61d1b6b7822631bb04c968eddf13fa7173404c6d68,2026-10-07
dc883702a9ce991a,T46ae7f9da4,Verón,https://www.skysports.com/football/news/15115/10507078/after-paul-pogbas-arrival-manchester-uniteds-previous-top-10-transfer-record-signings,28100000.00,GBP,200,NOT CONFIRMED (page fetched; figure not found near the player's name),UNVERIFIED,,,0,B,d412e1b378d0b79230189fb3a1fc982b4bb8bc9bc543391436ff4c6810b9c4bd,2026-10-07
dc9a7d49b11bc6fc,T0b58a632bd,Felipe,https://www.bbc.co.uk/sport/football/articles/c62wdp4kr3xo,21800000.00,GBP,200,VERIFIED,VERIFIED,£21.8m,"Stadium for a reported fee , external of 25m euros (£21.8m) to become the first signing since Nuno Espirito Santo took charge",22,B,719312883eb4750003f3f7e65d26bfb164638161c78dda12aaf30bfcb87fb7b9,2026-10-07
dcca25212351fa59,T1fddcb6c79,Palmer,https://www.bbc.co.uk/sport/football/articles/cy9lgy4gggdo,5000000.00,GBP,200,VERIFIED,VERIFIED,£5m,"The total amount Ipswich are paying is reportedly up to £5m. ""I'm looking forward to a new challenge,"" said Palmer. ""Ipswich is",22,B,2ff0eb4f25627839146f5a892ccf375436c3aa69a73bcad8f1fe65058e81e014,2026-10-07
dd0c27568105a86c,Tb53607ab1a,Livermore,https://www.bbc.co.uk/sport/football/27957557,8000000.00,GBP,200,VERIFIED,VERIFIED,£8m,"Jake Livermore for a club-record fee, thought to be about £8m. The 24-year-old has signed a three-year contract, with the club hold",22,B,e105f9cc12f8fd32eb489696584b479f51bf28ef3c40be04310fa7d50de5368f,2026-10-07
dd0d64970590e5ec,T0d3629f9d6,Cunha,https://www.bbc.co.uk/sport/football/articles/clyr869q022o,62500000.00,GBP,200,VERIFIED,VERIFIED,£62.5m,first signing of the summer after the club activated a £62.5m release clause in Cunha's Wolves contract. The former Atletico Madrid,21,B,69f98260fde5b61b2808d2e5a9226fc2ca9bb07eb0b4db545b4beb24d052ff0a,2026-10-07
dd519c54884a0591,T2007c811a9,Ronaldo,https://www.theguardian.com/football/2003/aug/12/newsstory.sportinglisbon,12240000.00,GBP,200,VERIFIED,VERIFIED,£12.24m,"Stock Exchange and the deal is worth a total of £12.24m. Ronaldo said: ""I am very happy to be signing for the",22,B,facc704baad8e054e6a4aaa93fa2f0bcb645e45693b87f4c7bf32339a9e83591,2026-10-07
dd76fd7e28686745,T1561ae8862,Ayegbeni,https://www.theguardian.com/football/2007/aug/29/newsstory.everton,11250000.00,GBP,200,VERIFIED,VERIFIED,£11.25m,Prefer the Guardian on Google Ayegbeni Yakubu has completed his £11.25m move to Everton after the club won their appeal to get,22,B,e72393cb8c272a46feea9c52ea9e57863d91726463efbca78db4c30c060b5123,2026-10-07
dd9684a9cc6ae6b6,Tdb89afbf0a,Beckham,https://www.theguardian.com/football/2003/jun/18/newsstory.sport8,24500000.00,GBP,200,VERIFIED,VERIFIED,£24.5m,"10.01 EDT Share Prefer the Guardian on Google Real Madrid's £24.5m capture of David Beckham will be a ""perfect signing"", according to",22,B,10c530d7547e44c9300316cdd3a129d8f55a185096f7e6898a95794602cbfd00,2026-10-07
dd9b3f02c9f4d12c,T6190371840,Diangana,https://www.skysports.com/transfer/news/12061722/grady-diangana-aston-villa-and-fulham-enter-race-to-sign-west-brom-target-from-west-ham,18000000.00,GBP,200,VERIFIED,VERIFIED,£18m,"as the West Ham forward moves closer to finalising a £18m move to The Hawthorns. Although three other clubs remain interested,",21,B,086d45816944a33ae9b1ed2c2ff8da09f9bad53cb26125a911a7d9bf97bb6e08,2026-10-07
ddc350d17171b7b2,Ta15c812ed3,Kellyman,https://www.bbc.co.uk/sport/football/articles/crgkdj6rpzdo,19000000.00,GBP,200,VERIFIED,VERIFIED,£19m,Chelsea sign Aston Villa midfielder Omari Kellyman in £19m deal - BBC Sport BBC Homepage Skip to content Accessibility Help,20,B,f6bcdbf16df2092117c497edbf635bd21bc65a02b5c03066fa7a5fd1865ba88d,2026-10-07
ddc66eb0d483cb43,T0c1eb02997,Cole,https://www.theguardian.com/football/2001/dec/30/newsstory.sport1,8000000.00,GBP,200,VERIFIED,VERIFIED,£8m,Blackburn land £8m Cole | Soccer | The Guardian Skip to main content Skip,14,B,07811cd2e3871a7bae50bf95072ffe921767c084cbf4cfd3fceeb1bf009ffd6e,2026-10-07
dde0df77321c036f,Tc72794d3df,Fofana,https://www.reuters.com/sports/soccer/premier-league-clubs-smash-summer-transfer-spending-record-2026-09-01/,30000000.00,GBP,401,BLOCKED or gone (HTTP401),UNVERIFIED,,,0,B,,2026-10-07
de25854ffd1ff862,Tfa134e16bb,Muamba,https://news.bbc.co.uk/sport1/hi/football/teams/b/bolton_wanderers/7457815.stm,5000000.00,GBP,200,NOT CONFIRMED (page fetched; figure not found near the player's name),UNVERIFIED,,,0,B,a31afae7981671de8176cb96d173c94e69a6a233bfc76b9e39db21638fe1ad9d,2026-10-07
de46be1ef26e0019,T62dbc681ea,Essien,https://www.bbc.co.uk/sport/football/25914346,24400000.00,GBP,200,VERIFIED,VERIFIED,£24.4m,"was Chelsea's record signing when he arrived from Lyon for £24.4m, , external has made nine appearances this season since returning fro",22,B,f6409094e3f62eb436c04c6737235e9b537e5448ed4d4ca4d75853eacabbfaeb,2026-10-07
de7818c50dbfc421,Td9c0a21764,Billing,https://www.bbc.co.uk/sport/48827145,15000000.00,GBP,200,VERIFIED,VERIFIED,£15m,Mirren] 29 July Premier League Philip Billing [Huddersfield - Bournemouth] £15m English Football League Trevor Clarke [Shamrock Rovers - Rotherham] U,21,B,59e753d2abe6bc4b4d7abe459f9e78831835b5d4bd614ce3520a33936961679c,2026-10-07
de895d9c236cbdea,T8cc2a445dd,Caicedo,https://www.bbc.co.uk/sport/football/55894269,4000000.00,GBP,200,VERIFIED,VERIFIED,£4m,midfielder Moises Caicedo from Ecuadorian side Independiente del Valle for £4m. The Seagulls have been trying to finalise the 19-year-old's move for,22,B,e042a4b97548a22b6da652f1623f78b5120e6f97f4ee8bd15e61cb92cd9c5f72,2026-10-07
dec76b521e56ff18,Td07a525af3,Meghoma,https://www.bbc.co.uk/sport/football/articles/cyvp9rl8973o,5000000.00,GBP,200,VERIFIED,VERIFIED,£5m,"a move that will reportedly cost , external an initial £5m with a further £5m in add-ons. Meghoma is Brentford’s fifth signing",22,B,29a8a72a1c5f9bcabb6a67a4b8f3a0fb0b7d1891a50890b8f966efddb9f139a5,2026-10-07
df2897212588656a,Tef7bd5b239,Diop,https://www.bbc.co.uk/sport/football/62478215,15000000.00,GBP,200,VERIFIED,VERIFIED,£15m,Issa Diop: Fulham complete £15m deal for West Ham defender - BBC Sport BBC Homepage Skip,16,B,2a45945ff999e2e894b496a21442ea492fec8540c55cf3aab67db0ce5063c12a,2026-10-07
df353db5409a7f54,Te6a890089d,Ripley,https://www.independent.co.uk/sport/football-ripley-rises-and-sends-out-ripples-1580457.html,1300000.00,GBP,200,VERIFIED,VERIFIED,pounds 1.3m,"Having left his beloved Boro, moving to Ewood Park for pounds 1.3m, he is finally receiving the recognition he deserves. Blackburn are",22,B,cb3832f1e3695c85a518132d40b5b5a3a03e64cd733ebb1e95546d5114c8387c,2026-10-07
df35928163ffd22f,T5ae53ce5d6,Afobe,https://www.theguardian.com/football/2016/jan/10/bournemouth-confirm-signing-benik-afobe-wolves-record-deal,9000000.00,GBP,200,VERIFIED,VERIFIED,£9m,Bournemouth complete £9m record signing of Wolves striker Benik Afobe | Bournemouth | The,14,B,07684921d4facf2fff09bc533768d8126be31e7dadb9440ffb4d6e8b6d134cc6,2026-10-07
df375b59213215e9,T803136c121,Kirkland,https://www.theguardian.com/football/2001/aug/31/newsstory.sport14,6000000.00,GBP,200,NOT CONFIRMED (page fetched; figure not found near the player's name),UNVERIFIED,,,0,B,bc3ec6ca633d75de38b30d78ffe5f00856270bab0e1e786d0772ac06cc251c0e,2026-10-07
df419ead1976f97f,Tbd456f43ad,Mendy,https://www.skysports.com/football/news/11668/12068937/edouard-mendy-chelsea-sign-goalkeeper-from-rennes-for-22m-on-five-year-deal,22000000.00,GBP,200,VERIFIED,VERIFIED,£22m,Edouard Mendy: Chelsea sign goalkeeper from Rennes for £22m on five-year deal | Football News | Sky Sports Skip to,20,B,3e78005e0187f31d288cc3c630acfa2b4b7ea26fd25aeb04ea99b030880a02cc,2026-10-07
df4c177acb9fab39,T560d831ff8,Anderton,https://www.hampshirelive.news/sport/football/football-news/darren-anderton-tottenham-transfer-portsmouth-8364607,1750000.00,GBP,200,VERIFIED,VERIFIED,£1.75m,he reflected on the transfer talk surrounding him before his £1.75million move to Tottenham in the summer of 1992. “It was great!”,22,D,ddd01b6a9fb96295f8856324a4a38c815d4acd34bf76d9693a1e61453f13bb30,2026-10-07
df78be2c808760c1,T4d5adfee09,Cole,https://www.skysports.com/football/news/10507078/manchester-uniteds-top-10-transfer-record-signings,6000000.00,GBP,200,VERIFIED,VERIFIED,£6m,Cole won five Premier League titles at Manchester United Fee: £6m + Keith Gillespie Signed from: Newcastle United Date: 12 January 1995,22,B,895f49a41e04bf23984467b7094f6421df962fc13407225fd903b5f55001cb7e,2026-10-07
dfb125f5b3ba338a,T3230ccc765,Johnson,https://www.theguardian.com/football/2008/aug/08/fulham.premierleague,10500000.00,GBP,200,VERIFIED,VERIFIED,£10.5m,"resurrected and Fulham have now agreed to pay an initial £10.5m in two instalments, rising to an appearance-related £13m and breaking",21,B,cc70973b1cd681c804983037cf30d08da516ab15247fe74904383d685d5c1688,2026-10-07
dfdc3c84d909e121,T529a599370,Eze,https://www.bbc.com/sport/football/articles/c5y077p4z7vo,60000000.00,GBP,200,VERIFIED,VERIFIED,£60m,"from Crystal Palace . The Gunners agreed a deal worth £60m, including £8m in add-ons, for the 27-year-old to become their sevent",22,B,97964559fa5847e78f793e4f9f589d9046299faa1e80b6aac1b583094f468971,2026-10-07
dfeb4b442de8a6fb,T2c3d711e3f,Casemiro,https://www.bbc.co.uk/sport/football/62630965,70000000.00,GBP,200,VERIFIED,VERIFIED,£70m,"after joining from Real Madrid. United will pay up to £70m for the Brazil midfielder, who has signed a four-year deal at",22,B,67efc924d36620cd3abbf7a867c366d334453a976259cc54cfbc36ba1d7437ed,2026-10-07
dffcd2d6812f7124,Tc72794d3df,Fofana,https://www.skysports.com/football/news/13580106/malick-fofana-sunderland-finally-complete-signing-of-lyon-winger-after-deadline-day-drama-with-crystal-palace,30800000.00,GBP,200,VERIFIED,VERIFIED,£30.8m,with Crystal Palace Malick Fofana has joined Sunderland in a £30.8m move - but the player nearly joined Crystal Palace on Deadline,22,B,859f67595f79d6cf2c44986d71f05a6740fb0a26de9d0edd90766baa4f056928,2026-10-07
e0001d227148477b,Tcfd176f1ab,Aubameyang,https://www.theguardian.com/football/2018/jan/31/pierre-emerick-aubameyang-joins-arsenal-deadline-day-transfer,56000000.00,GBP,200,VERIFIED,VERIFIED,£56m,Aubameyang completes £56m Arsenal move as £18m Giroud joins Chelsea | Olivier Giroud |,14,B,0fdcaa74f2d3d6c27929f203b73678e32535618ff0ae476e631f84e207f53074,2026-10-07
e02efd5ff4492c72,T7ef0d76075,Chukwuemeka,https://www.bbc.com/sport/football/articles/cy5pdpp2p6wo,24000000.00,GBP,200,VERIFIED,VERIFIED,£24m,Carney Chukwuemeka: Borussia Dortmund sign Chelsea midfielder in £24m deal - BBC Sport BBC Homepage Skip to content Accessibility Help,20,B,3e8c518fca7629d2670fb8b362ae0dc7f29450f1c61d410df7cc293ce57ce85e,2026-10-07
e039fb1387f1f7a8,Tedd617e267,Manzambi,https://www.skysports.com/transfer/news/13564492/johan-manzambi-aston-villa-sign-newcastle-target-from-freiburg-in-club-record-59-5m-deal,59500000.00,GBP,200,VERIFIED,VERIFIED,£59.5m,Manzambi: Aston Villa sign Newcastle target from Freiburg in club-record £59.5m deal | Football News | Sky Sports Skip to main content,22,B,3c0e006c7ba801cb63f9d93adbafeeaa0e4888e57bfba6bf43c151ce35bf5e38,2026-10-07
e050567ecbd9ab4f,Tbab3e6c941,Barkley,http://www.evertonfc.com/news/2018/01/05/barkley,15000000.00,GBP,200,NOT CONFIRMED (page fetched; figure not found near the player's name),UNVERIFIED,,,0,A,dd6083a58b5b683cf9553e6d2d9736c0acfbf3f13946cd2201c6510b61e3efc6,2026-10-07
e0630daaf9a92cd0,Tdbf52d601f,Luiz,http://news.bbc.co.uk/sport2/hi/football/teams/c/chelsea/9372540.stm,21300000.00,GBP,200,VERIFIED,VERIFIED,£21.3m,"David Luiz from Benfica in a five-and-a-half-year deal worth about £21.3m. The package also sees midfielder Nemanja Matic, currently on loan at",22,B,4fdea5b37b97725f36c05f08b9ab28dd0c361aa9fa5c5a6a71c8de3f1190809c,2026-10-07
e07d711f98bcd0d7,Tcf75cc3442,Tchatchoua,https://www.bbc.com/sport/football/articles/cvgv8w81erwo,10800000.00,GBP,200,VERIFIED,VERIFIED,£10.8m,Tchatchoua: Wolves sign defender named Serie A's fastest player for £10.8million - BBC Sport BBC Homepage Skip to content Accessibility Help You,22,B,85157b2295240a6e15b37f4a28bb04172db4834bfbabb535e9edbbacc839e874,2026-10-07
e09a141a6b2acf85,Tdc18fe5020,Iwobi,https://www.bbc.co.uk/sport/football/66690044,22000000.00,GBP,200,VERIFIED,VERIFIED,£22m,Everton midfielder Alex Iwobi in a deal which could reach £22m. The 27-year-old Nigeria midfielder joined Everton from Arsenal in th,21,B,6b9c3fb20d97db6f6fc7fe7c18d9006a5f4ea3304daa5612be2bdb1aea4c8cfe,2026-10-07
e09c430047a8dac2,T4ea15cdd2c,Carvalho,https://www.theguardian.com/football/2004/jul/28/newsstory.chelsea,30000000.00,EUR,200,VERIFIED,VERIFIED,€30m,"signed the Portuguese international defender Ricardo Carvalho from Porto for €30m (£19.8m). Carvalho, who arrived in London on Tuesday night, passed a",22,B,54765657e5bc1ec6bb7324ccbbd22c95297a3c0ea1f6d25e9a87607992b3d4e3,2026-10-07
e0a6f7dabaef9bc5,Tbe96e74c70,Fernandes,https://www.theguardian.com/football/2020/jan/29/transfer-latest-bruno-fernandes-manchester-united-medical-steven-bergwijn-signs-spurs,55000000.00,EUR,200,VERIFIED,VERIFIED,€55m,is understood the Portugal international will cost United a basic €55m (£46.5m) plus up to €25m in add-ons and that he has,22,B,50cb0223317f7f895227ee97605f9b07b5cc41d65cea6e313cfd04512fa07979,2026-10-07
e0b8467523ff36a2,T9712a25f9c,Grealish,https://www.bbc.co.uk/sport/football/57818660,100000000.00,GBP,200,VERIFIED,VERIFIED,£100m,Grealish: Man City sign England midfielder from Aston Villa for £100m - BBC Sport BBC Homepage Skip to content Accessibility Help Your,22,B,fca1039b4847380b8ae6c50af34a0eeb6f500d2de85fa574f3dfba07811ab478,2026-10-07
e0dc62670716c325,Td57d1468d5,Jahanbakhsh,https://www.skysports.com/football/news/11448610/brighton-sign-alireza-jahanbakhsh-from-az-alkmaar-in-club-record-deal,17000000.00,GBP,200,VERIFIED,VERIFIED,£17m,Sports News understands Brighton are paying in the region of £17m for Jahanbakhsh. Transfer Talk: Can Sarri lure Martial? The Transfer,21,B,612f2dae98257db94715f05b3c13f4392cdaf14af206b2422c211210a84c7614,2026-10-07
e0eff6320162bc09,Td7f026235e,Asprilla,https://www.the-independent.com/news/education/education-news/football-shearer-poised-to-make-comeback-1139212.html,6000000.00,GBP,200,VERIFIED,VERIFIED,pounds 6m,"back to Parma. The fee, believed to be just over pounds 6m, has been agreed and the deal seems likely to be",22,B,be40a95d230485fa263f7881c2fb23ccc1106f3554b8aaa2882dd52c8b885fd9,2026-10-07
e10a1e0a1afea351,Ta3d70d92a1,Kiwomya,https://www.soccerbase.com/players/player.sd?player_id=4243,1200000.00,GBP,200,NOT CONFIRMED (page fetched; figure not found near the player's name),UNVERIFIED,,,0,C,bae5339fa0bb3572620df3fcfdd13ef422b3c13936902e34f8b90ea315b6306b,2026-10-07
e10e418832802571,T357c8b4fa7,Yirenkyi,https://www.theguardian.com/football/2026/aug/20/yirenkyi-completes-rapid-journey-from-ghana-to-coventry-via-denmark,26000000.00,GBP,200,VERIFIED,VERIFIED,£26m,"League This article is more than 1 month old Coventry’s £26m record signing from Nordsjælland, a Right to Dream academy alumnus, c",22,B,344c945025836a5a253a6b2d5d0344e0cfb75e4359b7b39dbad3ac832cb8f553,2026-10-07
e15810eb422adbe0,T890060c616,Omeruo,https://www.football-espana.net/80144/leganes-sign-kenneth-omeruo-chelsea,3800000.00,GBP,404,BLOCKED or gone (HTTP404),UNVERIFIED,,,0,D,,2026-10-07
e1601dffbea1f108,Tdfb630386a,Anelka,https://www.theguardian.com/football/2002/sep/04/newsstory.sport,12000000.00,GBP,200,VERIFIED,VERIFIED,£12m,"World Cup duty with Cameroon Nicolas Anelka (Paris St Germain, £12m) Dynamic French striker signed for club record fee who says he'd",22,B,051f344a324a81cd9c999c6f7e15c959dd098e6c9acd1281d16bcf97d62e60cc,2026-10-07
e18be8c9eb1d5e51,T305d7d3fe0,Tielemans,https://www.bbc.co.uk/sport/football/articles/c9929gzdl2go,35000000.00,GBP,200,VERIFIED,VERIFIED,£35m,"Team Transfers Top Scorers Gossip Man Utd sign Tielemans for £35m from Aston Villa Image source, Getty Images Image caption, Tielemans",21,B,be4fc8407fda13719930e8ebd0c8529cce9f95f1303ef18fe17fd0a4f725e204,2026-10-07
e1c3e225e886453e,Tcbf5f2ad2d,Pogba,https://www.theguardian.com/football/2016/aug/31/premier-league-2016-summer-transfer-window-club-by-club-verdicts,89250000.00,GBP,200,VERIFIED,VERIFIED,£89.25m,Alex Ferguson XIs. JJ Major moves In: Paul Pogba Juventus £89.25m; Eric Bailly Villarreal £30m; Henrikh Mkhitaryan Borussia Dortmund £2,20,B,1ad1a788844d9608e7e220db7556155364963f80050fc6d7a64fc939d94b00fb,2026-10-07
e1d5b0d8e79db003,Tcaed0b7885,Rogers,https://www.bbc.co.uk/sport/football/68154784,8000000.00,GBP,200,VERIFIED,VERIFIED,£8m,"for the 21-year-old, who plays predominantly as a winger, is £8m plus add-ons which may rise to £15m. Rogers has scored seven",22,B,4e66dcc66e96f50463c5167aa7cf85bda3d790fd552a9c0968cdae48fccb2a75,2026-10-07
e1f856563b119413,T86bd7341b8,Firmino,https://www.skysports.com/football/news/9893697/liverpool-sign-roberto-firmino-from-hoffenheim,21300000.00,GBP,200,VERIFIED,VERIFIED,£21.3m,Image: Roberto Firmino: Will join Liverpool for initial fee of £21.3m Liverpool have completed the signing of Brazil forward Roberto Firmin,21,B,0a722e97369b2b2fb1736d747d85e0d09260856ffd073604af8663ada30caa2b,2026-10-07
e2623179b831eeee,Tdc3406e801,Anderson,https://www.theguardian.com/football/2007/may/31/newsstory.sport10,50000000.00,EUR,200,NOT CONFIRMED (page fetched; figure not found near the player's name),UNVERIFIED,,,0,B,9c1b839d21827d8ff298b9e4a0014db637cbbe481cb9ce9091701915131476db,2026-10-07
e274dcb8f830a638,T29891e29dc,Berge,https://www.bbc.co.uk/sport/football/51316601,22000000.00,GBP,200,VERIFIED,VERIFIED,£22m,"international caps, has signed a four-and-a-half year deal for around £22m. He played both matches against Liverpool in the Champions League ear",22,B,97ad187831c0c8ca8cd003020adaebab655d98fd2759f0a201bbf6be06c61b7a,2026-10-07
e29f2b52240eda6e,T689405a5e4,Sancho,https://www.bvb.de/de/en/news/news-overview/news.html/eng/News/Overview/Final-details-clarified-Jadon-Sancho-completes-transfer-to-Manchester-United.html,85000000.00,EUR,200,VERIFIED,VERIFIED,€85 m,"TMS. BVB will then receive a fixed transfer fee of €85 million.</b></p>""}}"" id=""news-xf__teaser-text"" class=""cmp-text""> After",15,A,5cff63da60b0d48aa168e9505dbabab4bab9e4b614fdc2ca50bcb212317894c1,2026-10-07
e2bcda1bfb58b950,Tb1d4918457,Mitrović,https://www.skysports.com/football/news/11681/11454605/aleksandar-mitrovic-joins-fulham-from-newcastle-on-five-year-deal,22000000.00,GBP,200,NOT CONFIRMED (page fetched; figure not found near the player's name),UNVERIFIED,,,0,B,bde38dab5240ece7c7b56fec870692fcb6515c066da6e366bc53afb9d9c6a2b8,2026-10-07
e2c50cb9d4061d9f,Ta45dc0907e,Sosa,https://www.bbc.com/sport/football/articles/cglz8n6ydr0o,10000000.00,GBP,200,VERIFIED,VERIFIED,£10m,Nottingham Forest winger Ramon Sosa has joined Palmeiras for about £10m. The 25-year-old only moved to the City Ground from Argentine side,22,B,44e0e72ec2494aaa69ef37c29edfe1d01a9601ce2d9fa33b78b9d29a38ac6fcd,2026-10-07
e2cc542a47d2dd4e,Tcaf39339f6,Havertz,https://www.skysports.com/football/news/11668/12060458/chelsea-complete-havertz-signing,75800000.00,GBP,200,VERIFIED,VERIFIED,£75.8m,Chelsea sign Kai Havertz from Bayer Leverkusen for fee of £75.8m | Football News | Sky Sports Skip to main content Sky,22,B,26ae64c42c57a8e52b23798533db8cc933d81faf2ad09c34ab9333c95b8051da,2026-10-07
e2eafa686a3ee1da,Tac5df4048c,Wright,https://www.theguardian.com/football/2001/jul/05/newsstory.sport6,6000000.00,GBP,200,VERIFIED,VERIFIED,£6m,"Arsenal from Ipswich, in a deal believed to be worth £6million. The 23-year-old has signed a long-term deal, reported to be fi",22,B,e9fe7431825d9d4e5fc6871b2d7b5d358fba971a8cce7e72938ab554a4f73050,2026-10-07
e2efacc324ee2c29,T51a8f80e33,Wissa,https://www.bbc.com/sport/football/articles/cnv74vg3pnmo,50000000.00,GBP,200,VERIFIED,VERIFIED,£50m,"scored 19 Premier League goals last season, is an initial £50m plus £5m in add-ons. Brentford rejected two previous offers for Wissa",22,B,7d98a7877eb8808afbc0d65aed3f24a5d056e29ddbead9c86c8cba496a28a35c,2026-10-07
e2f7e78d0003049f,T47b1aa653c,Wright,http://news.bbc.co.uk/sport1/hi/football/teams/e/everton/2149205.stm,3500000.00,GBP,200,NOT CONFIRMED (page fetched; figure not found near the player's name),UNVERIFIED,,,0,B,fd5e39be46d7458bea551ed9895c1626d3810358968ecaae356bdfa6bc666b52,2026-10-07
e33a29ed46c755d3,Teadcafd3f4,Barnes,https://www.bbc.co.uk/sport/football/66248254,38000000.00,GBP,200,VERIFIED,VERIFIED,£38m,Harvey Barnes: Newcastle sign England winger from Leicester City for £38m - BBC Sport BBC Homepage Skip to content Accessibility Help Your,22,B,ec5c250ca3627040443aa40d585565cc74b1e8de31c8de4cadb490837a78a07f,2026-10-07
e351061842997ade,T54084537bc,Johnson,https://www.theguardian.com/football/2006/may/27/newsstory.crystalpalace,8500000.00,GBP,200,VERIFIED,VERIFIED,£8.5m,"sign Andrew Johnson from Crystal Palace for a club record £8.5m, with the England striker agreeing to move to Goodison Park in",22,B,391c2ee226843a69689602587e112c52d06cfebb065ba1b0d630e710e2b0290c,2026-10-07
e3586ba2e11caf1f,T3c48f7dfff,Elvedi,https://www.bbc.co.uk/sport/football/articles/ckgd5732mexo,8500000.00,GBP,200,VERIFIED,VERIFIED,£8.5m,"signing of defender Nico Elvedi from Borussia Monchengladbach in an £8.5m deal. The Swiss international, 29, has signed a three-year contract a",22,B,e6f864f763dd2cbc603162a210c2e7d8a9de152aaa41f73e8ba67a5e45ad227f,2026-10-07
e361602bac4fcd9d,Tff1d79ea21,Johnson,https://www.theguardian.com/football/2001/oct/16/newsstory.sport10,7000000.00,GBP,200,VERIFIED,VERIFIED,£7m,Leeds agree £7m fee for Johnson | Soccer | The Guardian Skip to main,14,B,aaa4e4066ef18e81728510b01ee9647b902cba4c9e947d4152a6a8f3b4480b66,2026-10-07
e37738369202ebc8,Ta143e46f8b,Ayari,https://www.bbc.co.uk/sport/football/64454712,3500000.00,GBP,200,VERIFIED,VERIFIED,£3.5m,Brighton sign Swedish teenage midfielder Yasin Ayari from AIK for £3.5m - BBC Sport BBC Homepage Skip to content Accessibility Help Your,22,B,477490ba45e1f3c6a2d689b58b09c45ff352b2979404bc292f764bf2b75ce379,2026-10-07
e37979d414ca7206,Tc3cad44857,Crouch,https://www.theguardian.com/football/2008/jul/11/crouch.portsmouth,11000000.00,GBP,200,VERIFIED,VERIFIED,£11m,his move to Portsmouth for a fee believed to exceed £11m Staff and agencies Fri 11 Jul 2008 09.28 EDT Share Prefer,22,B,66da1918d419df674d75aab69ef3428a84a92a5c5c0e804a6a14ca7ad9cee983,2026-10-07
e37a0075361908e2,T76ab561d9c,Shevchenko,https://www.theguardian.com/football/2006/jun/01/newsstory.chelsea,31000000.00,GBP,200,VERIFIED,VERIFIED,£31m,Shevchenko completes record £31m move as Mourinho gets his man | Soccer | The Guardian,15,B,5f68edd82cbf10ae6c63e85acc73f2f5ac135df26ae84ba7032010797a5af070,2026-10-07
e38564c95fdde277,T2d5c384808,Bobb,https://www.bbc.co.uk/sport/football/articles/c3edk98e49po,27000000.00,GBP,200,VERIFIED,VERIFIED,£27m,Oscar Bobb transfer news: Fulham sign Manchester City winger for £27m - BBC Sport BBC Homepage Skip to content Accessibility Help Your,22,B,dcd742c325109e8e8a95a26912a0be9a370c4558693a6049a84e54f92d8d851f,2026-10-07
e38e9fa5c574688f,T6319ba77b6,Kean,https://www.bbc.co.uk/sport/football/64895570,25000000.00,GBP,200,VERIFIED,VERIFIED,£25m,Juventus from Everton on a permanent deal for 28m euros (£25m). The 23-year-old has been on loan at the Serie A club,22,B,b691579f5afd2d573af1381ced4265ee9bef1c975fd6f892b7ed3fa8aee7194a,2026-10-07
e393abb3bde983ea,T158aa7822f,Barcola,https://www.skysports.com/football/news/13577733/bradley-barcola-transfer-news-liverpool-complete-123m-signing-of-france-winger-from-psg,106000000.00,GBP,200,VERIFIED,VERIFIED,£106m,"a five-year contract at Anfield. Liverpool will pay a guaranteed £106m for the winger, with add-ons potentially taking the fee to £123m.",22,B,2c3abb928faa399690cd9f781d375b3fffe7187466da3ffebb714752fe734da9,2026-10-07
e4228027ca7c8b12,T786551cb16,Awoniyi,https://www.bbc.co.uk/sport/football/61935560,17000000.00,GBP,200,VERIFIED,VERIFIED,£17m,newly promoted Forest on a five-year deal for a reported £17m. Awoniyi scored 20 goals in 43 games across all competitions last,22,B,dc9540918cff93fbcb7be86d0f3d86b7f4e561c80f5b8f8d6091d5c356752c22,2026-10-07
e4270119d44e4397,T77d215e67e,Fée,https://www.skysports.com/football/news/11695/13389620/sunderland-transfer-news-habib-diarra-30m-club-record-deal-agreed-for-se,20000000.00,GBP,200,NOT CONFIRMED (page fetched; figure not found near the player's name),UNVERIFIED,,,0,B,e22c0f992a2859ce6fe7315e1816d0966b4f564e159cf64f5f59aadd22235f9d,2026-10-07
e4310d9bb629ffce,T76ab561d9c,Shevchenko,https://news.bbc.co.uk/sport1/hi/football/teams/c/chelsea/5035604.stm,30000000.00,GBP,200,NOT CONFIRMED (page fetched; figure not found near the player's name),UNVERIFIED,,,0,B,7b571c5df5a05cd42a1b5792dbcda833bce4030b65d8425fd313c5d66208bf13,2026-10-07
e439e30c6d1171ea,T73563a8e1f,Álvarez,https://www.bbc.co.uk/sport/football/articles/czx6kk46d4po,81500000.00,GBP,200,NOT CONFIRMED (page fetched; figure not found near the player's name),UNVERIFIED,,,0,B,4b4fed798300db65f9d1fcbd4150ebecc93ddc3eb616ff8bbaa97675fbd878e3,2026-10-07
e45035c40da0268a,Tb7b4bcb087,Joelinton,https://www.bbc.co.uk/sport/football/49039959,40000000.00,GBP,200,VERIFIED,VERIFIED,£40m,have signed striker Joelinton from Hoffenheim for a club record £40m fee on a six-year deal. The 22-year-old Brazilian is Steve Bruce's,22,B,294c45b4eaaf4467d66fa94f5023cc7da86670d293e95ae064e3b87bd1bcba9a,2026-10-07
e468ded7ead33e1e,Tdbb8b2baf4,Ahamada,https://www.bbc.co.uk/sport/football/64477889,9700000.00,GBP,200,VERIFIED,VERIFIED,£9.7m,"Palace have signed Naouirou Ahamada from Stuttgart for 11m euros (£9.7m), while Arsenal 's Albert Sambi Lokonga has joined the club on",22,B,5bcb9ee0cde89550b2c69ea23ff6060ca393a9227c2173fb003a4b7948722536,2026-10-07
e47afdb69c161c2c,T95fcfc8b8b,Dailly,https://www.the-independent.com/sport/football-dailly-in-pounds-5-5m-move-to-ewood-1173097.html,5500000.00,GBP,200,VERIFIED,VERIFIED,pounds 5.5m,FOOTBALL: Dailly in pounds 5.5m move to Ewood | The Independent | The Independent Thank,15,B,f341eb4a043a0cb985315f41ee72c2ec4c59cd016dc5c46d76e1201c97b01174,2026-10-07
e4854470fa7f0e9d,T6bea404386,Benrahma,https://www.bbc.co.uk/sport/football/55810784,20000000.00,GBP,200,NOT CONFIRMED (page fetched; figure not found near the player's name),UNVERIFIED,,,0,B,efb09f8f4a3e7285fb51ab0be9e0432c4f420ef26f7deed9abf80565e2184df0,2026-10-07
e497fa119f8e938d,Tf6730de9e3,Ince,https://www.independent.co.uk/sport/ince-pledges-himself-to-inter-1587933.html,7000000.00,GBP,200,VERIFIED,VERIFIED,pounds 7m,joined them. The deal is thought to be worth around pounds 7m. The 27-year-old England anch-or man agreed financial terms with the,22,B,904b77b394f08ee801f6d41c44cc7d328b979c28a7f6e08e7bcb7779a32cb0d4,2026-10-07
e49d7e0d2bc943e9,T80777af5c7,Ronaldo,https://www.bbc.co.uk/sport/football/58367537,12850000.00,GBP,200,VERIFIED,VERIFIED,£12.85m,"Sir Alex Ferguson. United have paid an initial 15m euros (£12.85m) to sign the 36-year-old from Juventus, a decade after he left",22,B,f7107f783096cd8146cead3a42781f6b260ced52d174de7d6a68f1c2eabf2668,2026-10-07
e4bda0d361c28a75,T73563a8e1f,Álvarez,https://www.bbc.co.uk/sport/football/articles/czx6kk46d4po,64400000.00,GBP,200,NOT CONFIRMED (page fetched; figure not found near the player's name),UNVERIFIED,,,0,B,4b4fed798300db65f9d1fcbd4150ebecc93ddc3eb616ff8bbaa97675fbd878e3,2026-10-07
e517726ccfb780c7,T39248625b9,Pérez,https://www.bbc.co.uk/sport/48827145,30000000.00,GBP,200,NOT CONFIRMED (page fetched; figure not found near the player's name),UNVERIFIED,,,0,B,83de0686b4b907a6451fc842e43ac67ed25609e2e3bc867c4f769e6b5381cc93,2026-10-07
e519594518306f0c,Tdb5f6cc10c,Wood,https://www.bbc.co.uk/sport/football/59978551,25000000.00,GBP,200,VERIFIED,VERIFIED,£25m,Chris Wood: Newcastle sign New Zealand striker from Burnley for £25m - BBC Sport BBC Homepage Skip to content Accessibility Help Your,22,B,5b65b78691f5158f507097c0574139964abdd4785311c222358af6d9ed784964,2026-10-07
e5238d1188297a4e,T29d50d1ca6,Džeko,http://news.bbc.co.uk/sport1/hi/football/teams/m/man_city/9334876.stm,27000000.00,GBP,200,NOT CONFIRMED (page fetched; figure not found near the player's name),UNVERIFIED,,,0,B,70f6f054b244f6f026cfd8c47b65efe8b590ac9c1394ec16dbbaac3c6e1f54f4,2026-10-07
e528ccc4705ca9f9,Taa6faacbcb,Bale,https://www.theguardian.com/football/2016/jan/21/gareth-bale-agent-demands-inquiry-transfer-leaked-real-madrid-tottenham,91000000.00,EUR,200,VERIFIED,VERIFIED,€91m,has always been disputed. Real have long claimed they paid €91m (£78m) for Bale in 2013 – less than the €96m they,22,B,a097ea6225e11f323c7012a04d736555cfe96687ff2478e3aaa9c9a6e440b15d,2026-10-07
e530a9d7f78eb942,T2d948f934b,Mané,https://www.bbc.co.uk/sport/football/61877332,35000000.00,GBP,200,NOT CONFIRMED (page fetched; figure not found near the player's name),UNVERIFIED,,,0,B,9ce4f6eb713f46933b19affb43f3322d35f72d531573e0bd1337d3d7c3508cd3,2026-10-07
e53121a64ea532d7,Tfbfe2b8e01,Veiga,https://www.bbc.com/sport/football/articles/c25071dpxz2o,12000000.00,GBP,200,VERIFIED,VERIFIED,£12m,Renato Veiga: Chelsea sign Portugal midfielder from Basel in £12m deal - BBC Sport BBC Homepage Skip to content Accessibility Help,21,B,ddfa6448071e2aaeba4ffd155016802f4c13d1c77a10d2c69e7ee763c3e4d6a2,2026-10-07
e5660b3adf8aede7,Ta0a5fdfc5f,Sarr,https://www.bbc.co.uk/sport/football/articles/c1rwvv1d07po,12500000.00,GBP,200,VERIFIED,VERIFIED,£12.5m,"Sarr from Marseille for a fee in the region of £12.5m. The 26-year-old has joined on a five-year contract. ""Thanks to the",22,B,45145432a98c60eef2c9ca8e4abebeae8365f3c7562e91d7b9acfd9f038abe29,2026-10-07
e573cdd05d7fe399,T40800ee92a,Marmoush,https://www.skysports.com/football/news/13491956/antoine-semenyo-transfer-news-manchester-city-sign-forward-from-bournemouth-in-lb65m-deal,63200000.00,GBP,200,VERIFIED,VERIFIED,£63.2m,"Vitor Reis - Palmeiras, £29.6m Omar Marmoush - Eintracht Frankfurt, £63.2m Nico Gonzalez - Porto, £50m Christian McFarlane - New York City,",22,B,dc9d1688d5bd2beb85c2455adf5c271d66a8dd5ce409065113909a1152a39d74,2026-10-07
e57b31571ec13378,Tc633b90927,Bent,http://news.bbc.co.uk/sport2/hi/football/teams/a/aston_villa/9364092.stm,18000000.00,GBP,200,VERIFIED,VERIFIED,£18m,"West Midlands club until June 2015. ""The fee starts at £18m, rising with add-ons to £24m,"" explained BBC Radio 5 live reporter",22,B,1a8dd3a0ebac223d9c4eb245ae4c42bfc19a78bf44b827c7f8aedfda16796f3c,2026-10-07
e5a5c1901b7cc75f,T1eebd4699b,Stanić,http://news.bbc.co.uk/sport2/hi/football/teams/c/chelsea/809869.stm,5600000.00,GBP,200,NOT CONFIRMED (page fetched; figure not found near the player's name),UNVERIFIED,,,0,B,297ff07054521da4237e5a1d56be1c4a5574ec9453898a366d70655d0c840823,2026-10-07
e5f83ef3d0845aa6,T1a75ff1a78,Heung-min,https://www.bbc.co.uk/sport/football/articles/clyrqzjj8ypo,19500000.00,GBP,200,NOT CONFIRMED (page fetched; figure not found near the player's name),UNVERIFIED,,,0,B,959a81ada2f6759147fd45a794939b774896dd5f2a84920904d4dfe2ce7c45fa,2026-10-07
e60e68f2a7520093,T620ff62069,Mkhitaryan,https://www.theguardian.com/football/2016/jul/06/manchester-united-henrikh-mkhitaryan-signs,30000000.00,GBP,200,VERIFIED,VERIFIED,£30m,old Armenia midfielder joins for undisclosed fee believed to be £30m Mkhitaryan: ‘This move is a dream come true for me’ Guardian,22,B,d093118e909573258beac2376cee3f1fbcf82f2bfa7659c8f68b1d12991b719c,2026-10-07
e616136720bea601,T659aa63421,Collins,https://www.bbc.co.uk/sport/football/62134860,20500000.00,GBP,200,VERIFIED,VERIFIED,£20.5m,Nathan Collins: Wolves sign defender from Burnley for £20.5m - BBC Sport BBC Homepage Skip to content Accessibility Help Your,20,B,04a0a90165c19f495d67d7cebd0e73093f3dbaff50c7e7f513fd9d49332f3fd4,2026-10-07
e66489eee2f61a64,Tc99c803df6,Ridgewell,https://www.the-independent.com/sport/football/news/will-spain-s-blueprint-work-for-england-6258617.html,50000.00,GBP,200,VERIFIED,VERIFIED,"£50,000","from West Ham in March 2001, aged 16. Initial fee £50,000. Additional fees £400k after 40 games. Total paid to West Ham",22,B,be1d6e703fd978f83f60333e51794c84c2fde6e2a66392a895c567c4571bacef,2026-10-07
e6726b56518fadf1,Tdda5afce92,Makélélé,https://www.theguardian.com/football/2003/sep/01/newsstory.chelsea,16600000.00,GBP,200,NOT CONFIRMED (page fetched; figure not found near the player's name),UNVERIFIED,,,0,B,a5592577110a22a49808d2b7e9eb5835e9a01eff88ccd1cdd36974c3ef7b4cff,2026-10-07
e67bd3436c658a67,Tedfe0285bc,Roussel,http://news.bbc.co.uk/sport1/hi/football/teams/w/wolverhampton_wanderers/1168036.stm,1500000.00,GBP,200,NOT CONFIRMED (page fetched; figure not found near the player's name),UNVERIFIED,,,0,B,b8b40c9dace8868b11975c73f6fc3dac8e542c2ffa7d4bf60bfc1af93a6632bb,2026-10-07
e6d255265c42747d,T55b64f024c,Flo,https://www.theguardian.com/football/2002/sep/01/match.sport5,8000000.00,GBP,200,VERIFIED,VERIFIED,£8 m,"despite having a clear majority of chances. Sunderland put their £8 million signing Flo straight into attack, but Marcus Stewart, his fello",22,B,96180a6dd596f59d2a9cd71686ffa591b294fcb900b48b2222cef8819ffa2b8d,2026-10-07
e6e62239d91ac2f1,T1fc0075d4a,Ince,https://www.skysports.com/transfer/news/11447178/stoke-sign-tom-ince-from-huddersfield-on-four-year-contract-in-12m-deal,12000000.00,GBP,200,VERIFIED,VERIFIED,£12m,Stoke sign Tom Ince from Huddersfield on four-year contract in £12m deal | Football News | Sky Sports Skip to main content,22,B,96d5cdca0345786d022b8da4b14ccb8b7966846b2b697931aa49deb481d5e505,2026-10-07
e6f8075b954e9017,Tc172053ced,Scowcroft,http://news.bbc.co.uk/sport2/hi/football/teams/l/leicester_city/1437263.stm,3000000.00,GBP,200,NOT CONFIRMED (page fetched; figure not found near the player's name),UNVERIFIED,,,0,B,feff8544fb399b54bc656b9f01c93eb25ba5c12b74587085a14afbf69292ce9b,2026-10-07
e706e1abb60e8c60,T1e77d4ede1,Altay}},https://www.bbc.co.uk/sport/football/66680445,4300000.00,GBP,200,NOT CONFIRMED (page fetched; figure not found near the player's name),UNVERIFIED,,,0,B,92a976768d2125eb400721a0a8ca2eac207bd9282b39896bd1a6c0d6838bd652,2026-10-07
e731a16f3fb93e53,T5aa05ace0a,Bamba,https://www.bbc.co.uk/sport/football/articles/cr593z81lqno,34000000.00,GBP,200,VERIFIED,VERIFIED,£34m,Newcastle transfer news: Aladji Bamba £34m deal completed - BBC Sport BBC Homepage Skip to content Accessibility,17,B,b5b54488dbb8bdd7d9bf59ef6a35682035308985fc0e66da00097ffcd05ad5c8,2026-10-07
e7389d3d9ee5ac3f,T5d64ab5946,Minteh,https://www.bbc.co.uk/sport/football/articles/c6p2jlz017do,30000000.00,GBP,200,VERIFIED,VERIFIED,£30m,Brighton sign Yankuba Minteh from Newcastle for £30m - BBC Sport BBC Homepage Skip to content Accessibility Help Your,19,B,cbd5fdde9a916d0e9102753003d6d345d46c2f72eafc1ba7748afa8cce17586d,2026-10-07
e76931b6a56a2f99,T210c6fe59d,Casadei,https://www.bbc.co.uk/sport/football/articles/c247gynrljgo,12500000.00,GBP,200,VERIFIED,VERIFIED,£12.5m,deal have told BBC Sport the Blues have received a £12.5m fee for the 22-year-old and there is also a sell-on clause.,22,B,4110f2d96826e395ed206d34f0ebf7860113cdcd462554a2361bf8dddd7fe5de,2026-10-07
e7829f3b389b10c2,T7f77657228,Awoniyi,https://www.bbc.co.uk/sport/football/articles/cvgjjr90l0lo,9000000.00,GBP,200,VERIFIED,VERIFIED,£9m,City transfer news: Taiwo Awoniyi signs from Nottingham Forest for £9m - BBC Sport BBC Homepage Skip to content Accessibility Help Your,22,B,fbd9c48388f4eb81f2550edea1b129686567e792b03d4f657b850627fe6fa28e,2026-10-07
e78a888987119a4e,T2f0c89e04c,Merson,https://www.the-independent.com/sport/connelly-s-sweet-touch-1237296.html,5000000.00,GBP,200,VERIFIED,VERIFIED,pounds 5m,"at Edgeley Park last night. Merson, who will cost Middlesbrough pounds 5m if they achieve promotion at the first attempt, fired Bryan",22,B,4ae8df7f298957c284da5620ddf9719c646735e6d67731a0087747214ccef285,2026-10-07
e79238ef7094a1b6,Tc2ed58cb1d,Taibi,http://news.bbc.co.uk/sport2/hi/football/teams/m/man_utd/824566.stm,2500000.00,GBP,200,NOT CONFIRMED (page fetched; figure not found near the player's name),UNVERIFIED,,,0,B,b466a8dc64221bfe7651ca9e7e78ccdcd5620207b4145a1365d712bea5101b91,2026-10-07
e79c989321a3bdba,Te4adf0afff,Thatcher,https://www.skysports.com/football/news/2187711/thatcher-turns-lilywhite,1900000.00,GBP,200,VERIFIED,VERIFIED,£1.9 m,signed for the Dons for a then club record of £1.9 million from Millwall and so his new price tag of £5,22,B,cf08c40bceadb00b1cd4c8d41671bbf70737a590ec5912e697d02d770c40b9a3,2026-10-07
e7d8d2d26e47bf3f,Tc1f5e23e42,Coutinho,https://www.theguardian.com/football/2018/jan/06/philippe-coutinho-join-barcelona-142m-deal-liverpool,105000000.00,GBP,200,VERIFIED,VERIFIED,£105m,"variables, of which £26m should be easily met. After the £105m basic, an additional £17m would be payable for the first 100",22,B,ab11854118452d3615937375ee4e367ed004236c121415a554d35e5a166c9dda,2026-10-07
e7ef46debc6e3aa8,Tf4bae5af59,Gyökeres,https://www.reuters.com/sports/soccer/arsenal-sign-striker-gyokeres-sporting-2025-07-26/,55000000.00,GBP,401,BLOCKED or gone (HTTP401),UNVERIFIED,,,0,B,,2026-10-07
e8026605391435ad,T04b1d203e2,Fofana,https://www.bbc.co.uk/sport/football/62462069,70000000.00,GBP,200,VERIFIED,VERIFIED,£70m,Fofana: Chelsea sign 21-year-old French defender from Leicester City for £70m - BBC Sport BBC Homepage Skip to content Accessibility Help Your,22,B,d630324de020910c3d732ba457ddca9319adcfd2d8920eb2dfb87d5ad26ac709,2026-10-07
e828f06955d63ce8,Td0031bd75b,Lewis-Potter,https://www.bbc.co.uk/sport/football/65878352,16000000.00,GBP,200,VERIFIED,VERIFIED,£16m,"was Keane Lewis-Potter, who joined from Hull last summer for £16m, potentially rising to £20m. , external Giles added: ""When Kevin join",22,B,a9827b334f467fa812568737aefadad1b10eb6beb93d8a384411b784854ecf1e,2026-10-07
e85030654aaa9316,T7263deaec2,Højlund,https://www.bbc.co.uk/sport/football/live/cdrp385eerxt,38000000.00,GBP,200,NOT CONFIRMED (page fetched; figure not found near the player's name),UNVERIFIED,,,0,B,6d57788df70cd51f37922e0b621f70c840ab3bc32d76af20e9ea8693dbb8d02c,2026-10-07
e8a0fce26590eeae,Teab99bd317,Redfearn,https://www.independent.co.uk/sport/football-valley-left-in-deep-shadow-1194561.html,1000000.00,GBP,200,VERIFIED,VERIFIED,pounds 1m,"was aptly demonstrated yesterday. The battling Neil Redfearn, Charlton's only pounds 1m signing, was thoroughly at home on a pitch which chopped",22,B,9ef90dc91000783e5ad42f9708f8fff973965f96f13fa770b56ec0e2063290e7,2026-10-07
e8a2d868db4840eb,Tebebeea038,Smalling,https://www.bbc.co.uk/sport/football/54426435,13600000.00,GBP,200,VERIFIED,VERIFIED,£13.6m,"defender Chris Smalling on a three-year deal worth 15m euros (£13.6m), rising to 20m euros (£18.1m) with add-ons. The Italian FA processed",22,B,75e4335d62e8e158a2a06eecd96af5a833424a63d0ff406818c8efbf5775b6b8,2026-10-07
e8bf1b29092a2f12,T0a7b9bcada,Digne,https://www.bbc.co.uk/sport/football/articles/ce34v2eyn1qo,8500000.00,GBP,200,VERIFIED,VERIFIED,£8.5m,Lucas Digne: PSG sign Aston Villa defender in £8.5m deal - BBC Sport BBC Homepage Skip to content Accessibility Help,20,B,6286f2e83ad3123aad676a65aa70f5755030211ad9f171fdd45a7befa1ad38e3,2026-10-07
e8c994918fe07d44,T1cd8d52ab0,Jô,https://www.skysports.com/amp/football/news/11679/7051141/jo-makes-city-exit,18000000.00,GBP,200,NOT CONFIRMED (page fetched; figure not found near the player's name),UNVERIFIED,,,0,B,727fbb70a9165c293c9fefe28216f57aa8ae6d7271231fa677dce85fa395992b,2026-10-07
e9102dec367f559a,Ta4e4bf9880,Mitrovic,https://www.bbc.co.uk/sport/football/66283815,50000000.00,GBP,200,VERIFIED,VERIFIED,£50m,"Fulham did not disclose the fee but will reportedly receive £50m , external . Announcing the deal, the club said it had",22,B,948352a15847d564966bafdfba1ffdf35d941bba8b28c7d8d4ae2f9400898cee,2026-10-07
e9276f88e35b5dfb,T9b52b69749,Kalimuendo,https://www.bbc.com/sport/football/articles/c4gz4j17lgvo,26000000.00,GBP,200,VERIFIED,VERIFIED,£26m,Arnaud Kalimuendo: Nottingham Forest sign Rennes striker for reported £26m - BBC Sport BBC Homepage Skip to content Accessibility Help Your,21,B,dae64fc8a01eb48bc06bec819dfd16db837d6aa8f883ada3bf34ab75de707f9c,2026-10-07
e93db157bef6207c,T4ef67d8fcc,Rémy,https://www.bbc.co.uk/sport/football/21039302,8000000.00,GBP,200,NOT CONFIRMED (page fetched; figure not found near the player's name),UNVERIFIED,,,0,B,db1a7cb610a1af4cf7d8b1347da7c243e333dbb43fdc5debed3864a0cf42dfdc,2026-10-07
e93e0a1d0212e9d0,T8669b9f7e1,Mangala,https://www.bbc.com/sport/football/articles/c725wrv9k79o,15000000.00,GBP,200,VERIFIED,VERIFIED,£15m,deal for the 25-year-old is believed to be worth about £15m and was completed before the profit and sustainability deadline of 30,22,B,e481a026cde61b0a59cb49e1348360878fc72bf54a62ce3312215eee9ab67eae,2026-10-07
e94ab6ac415a7dcd,Td66ba6f1c7,Benjani,https://www.skysports.com/football/player/914/benjani,4100000.00,GBP,200,VERIFIED,VERIFIED,£4.1m,Auxerre 08 Jul 2002 Undisclosed Auxerre Portsmouth 06 Jan 2006 £4.1m Portsmouth Man City 05 Feb 2008 £3 Man City Sunderland 01,22,B,88b162cb55dd64b6164ec379ce142e95bd225fbadfcbba8b5cea62f9a88fda07,2026-10-07
e9aa1950d919411b,Td4d67c6541,Ángel,https://www.theguardian.com/football/2000/dec/22/newsstory.sport7,9500000.00,GBP,200,NOT CONFIRMED (page fetched; figure not found near the player's name),UNVERIFIED,,,0,B,04833fe59d6f0e2cfc6550ed0ac7c642d1eb1782984a69671f562e05b237ca6a,2026-10-07
e9aa2f37c4362aa2,Te11e277017,Ziege,https://news.bbc.co.uk/sport2/hi/football/teams/l/liverpool/895249.stm,5500000.00,GBP,200,NOT CONFIRMED (page fetched; figure not found near the player's name),UNVERIFIED,,,0,B,dda3f57c9254066c9f991b11d9130b2936a41c59dbafe77ccbd2ca00a67593d7,2026-10-07
e9b7bfc6b30ab4f0,Ta264eaadb9,Robinson,https://www.bbc.co.uk/sport/football/53853586,2000000.00,GBP,200,VERIFIED,VERIFIED,£2m,Athletic on a four-year deal for a fee of about £2m. The 23-year-old left-back joined the Latics permanently last summer,20,B,84ee588153174b1b8b10f6b0b9e22818c7af70995496fc2f6b52572548807bc5,2026-10-07
e9c1234f7e5cf8db,T4185d6e4a2,Amougou,https://www.nytimes.com/athletic/6109419/2025/02/04/chelsea-saint-etienne-amougou-transfer/,12500000.00,GBP,403,BLOCKED or gone (HTTP403),UNVERIFIED,,,0,B,,2026-10-07
e9d88d31599156e0,T81ff5c8f8f,Cantona,https://www.bbc.co.uk/sport/articles/c1kv881wng8o,1200000.00,GBP,200,VERIFIED,VERIFIED,£1.2m,"later - on 26 November 1992 - he made a £1.2m move to fierce rivals Manchester United, who the Whites had pipped",22,B,5ff63022ad130351a89e8a48307c1c127799a5496058d9618aab3ff3cfb59b9d,2026-10-07
e9ee3fdbd529d17b,Te96d31fd51,Boufal,https://www.skysports.com/transfer/news/10551027/southampton-agree-club-record-21m-fee-for-lilles-sofiane-boufal,21000000.00,GBP,200,VERIFIED,VERIFIED,£21m,Southampton agree club-record £21m fee for Lille's Sofiane Boufal - Sky sources | Football News,15,B,4b19a1a89f70d08d933ee8ac8010e8951c96910abeb985334fd59e30bb353e6b,2026-10-07
e9eeb8f556d3c317,T84579c54e9,Cucurella,https://www.theguardian.com/football/2022/aug/05/chelsea-confirm-marc-cucurella-signing-from-brighton-in-62m-deal,55000000.00,GBP,200,VERIFIED,VERIFIED,£55m,is more than 4 years old Defender joining for guaranteed £55m with rest in add-ons Colwill heads to Brighton and Alonso close,22,B,7580f42ad8b24488521c62b9739c6396e949352f8f59dbc419618787c63612cb,2026-10-07
e9f2dd72cd6177db,Tff887bd6da,Jesus,https://www.bbc.com/sport/football/articles/cy8kv7nze22o,10000000.00,GBP,200,VERIFIED,VERIFIED,£10m,"a four-year deal at the City Ground, for a reported £10m fee, as Forest prepare to return to European competition for the",22,B,c37c3ea71d0c0bc5f5f59d8bf4b9382d3fdc84249da508f922b043a69ffa57b5,2026-10-07
ea2bb1442717db84,Ta8668781dd,Forrester,https://www.the-independent.com/sport/football/news/will-spain-s-blueprint-work-for-england-6258617.html,250000.00,GBP,200,VERIFIED,VERIFIED,"£250,000","Villa from Watford in December 2007 aged 16. Initial fee £250,000. Additional fees £750k on 60 first-team games plus £200k for England",22,B,1aa021f6a0f09150e52315a0ea03b46ce8611e3817ffbe8f1351022325fdd981,2026-10-07
ea3b5ad554ea11ba,Tcdf8cd74f8,Rogers,https://www.skysports.com/football/news/11095/13564944/morgan-rogers-transfer-news-chelsea-complete-record-breaking-lb117m-deal-to-sign-forward-from-aston-villa,117000000.00,GBP,200,VERIFIED,VERIFIED,£117m,Morgan Rogers transfer news: Chelsea complete record-breaking £117m deal to sign forward from Aston Villa | Football News |,19,B,ee4b8dd4ad3878b64f339d6feb057792fdd98f94f4b3b2d2a5639fa21dca09ea,2026-10-07
ea41025def7eeef6,T099fb33f54,Ginola,http://www.thefreelibrary.com/Ginola+bit+part+as+Spurs+draw+blank.-a061076431,2000000.00,GBP,403,BLOCKED or gone (HTTP403),UNVERIFIED,,,0,D,,2026-10-07
ea522c31dbef0059,T2593f7e42d,Diarra,https://www.bbc.com/sport/football/articles/czeyyzzzk6lo,30000000.00,GBP,200,VERIFIED,VERIFIED,£30m,"of Senegal midfielder Habib Diarra in a reported club record £30m deal from Strasbourg. The 21-year-old, who scored against England in",21,B,a68bda917dcdc4ed25e5f67ff6e324fa295e0008f76981cd2045b4c983bf1998,2026-10-07
eaebe86722fd07e7,T00cbea8b06,Nkunku,https://www.bbc.com/sport/football/articles/ckgjwkw4dj2o,32000000.00,GBP,200,VERIFIED,VERIFIED,£32m,transfer of Christopher Nkunku to AC Milan for an initial £32m means that Chelsea have now banked at least £263.2m – minus,22,B,c1065e23bf7742d487d3fbb429da973dc522ae5c6bf5abbc729c78954cc56628,2026-10-07
eafb6032abfb34dc,T2260a0e5fb,Abraham,https://www.bbc.co.uk/sport/football/articles/cvgj31r9ym8o,18250000.00,GBP,200,VERIFIED,VERIFIED,£18.25m,Tammy Abraham transfer news: Aston Villa resign striker in £18.25m deal - BBC Sport BBC Homepage Skip to content Accessibility Help,21,B,fab05c3cecc356e353f378d59ddaf6160366b4954ec164608e16a5739bd58c26,2026-10-07
eb138447a910bf59,T443e1cfb26,Pedro,https://www.bbc.co.uk/sport/football/articles/cn0qgpgy5geo,60000000.00,GBP,200,VERIFIED,VERIFIED,£60m,"Your Team Transfers Top Scorers Gossip Chelsea agree deal worth £60m for Brighton's Joao Pedro Image source, Reuters Image caption, Pedro",21,B,39d20177d9b9b4c8185afac4c31c7f3de20c8eb4dd93c773eeb8001ae9b5fa05,2026-10-07
eb3ab1de8619d5d2,Tdd3907841f,Doyle,https://www.bbc.com/sport/football/articles/ceqyvj08vpzo,7500000.00,GBP,200,VERIFIED,VERIFIED,£7.5m,"Welsh club have agreed a fee which could rise to £7.5m for 21-year-old Doyle, who is an England Under-21s international. Cit",21,B,9ec87c3404aae571a3b0828c8dd2e2b7e0d7043f109cfa46f223882365e53082,2026-10-07
eb47005a825b50f7,T5386d19a63,Hirst,https://www.independent.co.uk/news/education/education-news/football-little-hints-in-chase-for-gascoigne-1236614.html,2000000.00,GBP,200,VERIFIED,VERIFIED,pounds 2m,year-old David Hirst became the Saints' most expensive signing at pounds 2m from Sheffield Wednesday. The Football League is to consider turning,22,B,4f325c1a653e55d673c96643d310d2e4e3c00eaaffb256210ee53a45867e43fd,2026-10-07
eb4e90cf1b2a74e5,T96ead8a346,Sessègnon,https://www.bbc.co.uk/sport/football/23935605,6500000.00,GBP,200,NOT CONFIRMED (page fetched; figure not found near the player's name),UNVERIFIED,,,0,B,4b90f4143ba6e4e6953a424052c045d371fcf899dad9bc28f5695215ec560f9a,2026-10-07
eb620dec07176451,Tebe4d8e444,Gray,https://www.yorkshirepost.co.uk/sport/football/leeds-united/leeds-united-transfers-heartbroken-leeds-sell-archie-gray-to-tottenham-hotspur-for-ps40m-as-joe-rodon-joins-for-ps10m-4687091,40000000.00,GBP,200,VERIFIED,VERIFIED,£40m,transfers: 'Heartbroken' Leeds sell Archie Gray to Tottenham Hotspur for £40m as Joe Rodon joins for £10m Skip to main content Contact,22,D,2d937628abf3a004bfd54d5e65408c3665f68001289304c96917b6df6ab45c1e,2026-10-07
eb9a4be8e7886ead,T12323bf469,Hazard,https://www.skysports.com/football/news/11668/7795393/chelsea-confirm-hazard-deal,32000000.00,GBP,200,VERIFIED,VERIFIED,£32m,"war for his services with the fee reported to be £32million and are said to be paying him around £170,000 a week",22,B,8e8feb38e1c486a5af4e3323c2ad6a6f1f7a57e566647df719cf74a8257816e5,2026-10-07
eba40a6e90a7207c,T70d741ff9f,Pedro,https://www.bbc.co.uk/sport/football/65904660,30000000.00,GBP,200,VERIFIED,VERIFIED,£30m,the Premier League club for a fee of just under £30m. Brighton agreed a deal on 5 May and Pedro was able,22,B,912f384126e993c3fb65627f99e3ed8c1d2639d4f0d892353a0a2730b7f2fee9,2026-10-07
ebd43fb63d538452,T00c65c1a3f,Leboeuf,https://www.chelseafc.com/en/news/article/1996-97-remembered-part-one-chelsea-seismic-summer-gullit-vialli,2500000.00,GBP,200,VERIFIED,VERIFIED,£2.5 m,"game superbly and was confident in possession. He cost Chelsea £2.5 million. Hutchinson: I went out to Strasbourg to do the deal,",22,A,c9e3dce79489110b4cbdccc1519817608e819037ff74ffc47cb136c96af89455,2026-10-07
ebec260d4ec9ab32,T6e4ef555df,Silva,https://www.bbc.co.uk/sport/football/articles/cgljn7l17eno,25700000.00,GBP,200,VERIFIED,VERIFIED,£25.7m,signing for the Cherries in a deal worth up to £25.7m. The 22-year-old joins from Benfica where he has been a regular,22,B,3b7e81e17b7a608b3295c09c189c433216d73a4409ce056d55e021d079ec5fd5,2026-10-07
ebffb603d6c97234,T6a4cdee53d,María,https://www.skysports.com/football/news/10507078/manchester-uniteds-top-10-transfer-record-signings,59700000.00,GBP,200,NOT CONFIRMED (page fetched; figure not found near the player's name),UNVERIFIED,,,0,B,64eeb34877abfa5c1d2ee6caa0b173081a88a12d451dd15c6b5fd99259e32ae9,2026-10-07
ec07292ff9f809ef,Td131011ddb,Shaqiri,https://www.bbc.co.uk/sport/football/33847333,12000000.00,GBP,200,VERIFIED,VERIFIED,£12m,Xherdan Shaqiri: Stoke City sign Inter Milan winger for £12m - BBC Sport BBC Homepage Skip to content Accessibility Help Your,21,B,ba5242bf0fb7d83149b8def0ca2c8a58f7523b2b40d5a275c238fc134984e088,2026-10-07
ec0ae10ca5d8ad97,T9dd1ea5a39,Saux,https://www.independent.co.uk/sport/pounds-5m-le-saux-back-at-chelsea-for-big-kickoff-1244592.html,5000000.00,GBP,200,VERIFIED,VERIFIED,pounds 5m,pounds 5m Le Saux back at Chelsea for big kick-off | The,12,B,b5b71f808d6ddfdcc7d7279e1ccfe8a0c571b79112eec2f36ee35e8ee9eb25e0,2026-10-07
ec0c6b2ccdff71f9,Td21b3051be,Chilwell,https://www.skysports.com/football/news/12056806/ben-chilwell-chelsea-complete-50m-signing-of-leicester-left-back-on-five-year-deal,50000000.00,GBP,200,VERIFIED,VERIFIED,£50m,Ben Chilwell: Chelsea complete £50m signing of Leicester left-back on five-year deal | Football News |,16,B,f71dd41d33023cfde2bbd5b12d4d20ea30ff841d6c5aab150d5c631f3cfef1b1,2026-10-07
ec19702bf3b12042,T238fa8268a,Keane,https://www.skysports.com/football/news/10507078/manchester-uniteds-top-10-transfer-record-signings,3750000.00,GBP,200,VERIFIED,VERIFIED,£3.75m,inspirational Manchester United captain under Sir Alex Ferguson's management Fee: £3.75m Signed from: Nottingham Forest Date: 19 July 1993 What they said:,22,B,ec104691a9b68cc9e710006ed0fae25d5dc5a13d760150215ef929cb08cf2771,2026-10-07
ec2da2445a2504b0,T924fe40ee1,Johnson,https://news.bbc.co.uk/sport1/hi/football/teams/b/birmingham_city/8113313.stm,5000000.00,GBP,200,VERIFIED,VERIFIED,£5m,Johnson has moved from Cardiff City to Birmingham City for £5m. The 26-year-old has put pen to paper on a three-year deal,22,B,0bc09ebfa4ef4547711b8f77e31539c462d1bc910bd4bfb93fb8ed06e3bca8df,2026-10-07
ec4e1a4a06988948,Tf181fcb6f9,Fabinho,https://www.theguardian.com/football/2018/may/28/liverpool-fabinho-monaco-close-signing,45000000.00,EUR,200,VERIFIED,VERIFIED,€45m,recruitment drive. Negotiations with the Ligue 1 side over a €45m (£40m) fee plus a potential €5m in add-ons have been ongoing,22,B,218637349a2bc7d7793b69970ece34df7e32beb8feb10b1dcec4305df153432f,2026-10-07
ec62f898bd5861ee,Tbe72609c46,Nyarko,https://news.bbc.co.uk/sport2/hi/football/teams/e/everton/832040.stm,4500000.00,GBP,200,NOT CONFIRMED (page fetched; figure not found near the player's name),UNVERIFIED,,,0,B,2559b344d57a4f696dbd69443de17aaea3d517079546caa4e95226069f1427a1,2026-10-07
ecae6807f0d19a97,T74b189dab0,Johnsen,https://www.independent.co.uk/sport/di-matteo-seals-move-to-chelsea-1327518.html,1200000.00,GBP,200,VERIFIED,VERIFIED,pounds 1.2m,"international defender Ronny Johnsen from another Turkish club, Besiktas, for pounds 1.2m on a five-year deal, while his international colleague, the striker",22,B,dbe02b4dd76b74e2e9b7a0e701e8c3462e4953996c295d7512910785f6df51e1,2026-10-07
ecf2102169f63837,Tca3ab830f6,Dunn,https://www.bbc.co.uk/sport/football/33719166,5500000.00,GBP,200,VERIFIED,VERIFIED,£5.5m,"youth system. He joined Birmingham , external in 2003 for £5.5m but injuries meant just 69 outings, and he returned to Ewood",22,B,bc7479a6c7c89f1ac62f811e4933ad9dd06f8708940640bac80c94b721374a41,2026-10-07
ecf3664d9097a7fc,Td02f847a60,Hazard,https://www.theguardian.com/football/2019/jun/07/eden-hazard-completes-move-from-chelsea-to-real-madrid,100000000.00,EUR,200,VERIFIED,VERIFIED,€100m,and with Real and Chelsea having agreed a fee of €100m (£88.5m) rising to €146.1m (£130m) with add-ons. The fee – as,22,B,f7bcf75a7a4262288d1023ebd42f67b4bbaafae6f50e10d24dc0ce6d832d3f98,2026-10-07
ecf57b8a1c793fe5,Td41d632223,Costa,https://www.theguardian.com/football/2017/sep/21/diego-costa-chelsea-atletico-madrid-confirm-agreement,57000000.00,GBP,200,VERIFIED,VERIFIED,£57m,confirm agreement to sell Diego Costa to Atlético Madrid for £57m | Diego Costa | The Guardian Skip to main content Skip,22,B,f0357963bb992214b059365a6ddef30bd21de50d2a6226ac1cf32374d19221ca,2026-10-07
ed1a7cb9d12903a7,Tac791b3d7e,Ishe}},https://theathletic.com/4671278/2023/07/08/chelsea-transfers-ishe-samuels-smith/,4000000.00,GBP,403,BLOCKED or gone (HTTP403),UNVERIFIED,,,0,B,,2026-10-07
ed2604490c93d027,Tcdf8cd74f8,Rogers,https://www.reuters.com/sports/soccer/chelsea-sign-englands-rogers-villa-record-british-deal-2026-07-21/,117000000.00,GBP,401,BLOCKED or gone (HTTP401),UNVERIFIED,,,0,B,,2026-10-07
ed41b767607d385a,T93d5237070,Hreidarsson,https://www.theguardian.com/football/2001/aug/18/newsstory.sport5,4570000.00,GBP,200,VERIFIED,VERIFIED,£4.57m,not reveal the precise fee but said it exceeded the £4.57m they paid Wimbledon for Hermann Hreidarsson last August. Sereni's mov,21,B,5ad3e1ded841cce39484ec82cda9f4ea818ce27b4b72cb0bf4bf287228a5bf36,2026-10-07
ed49874125a59294,T0aa008a804,Richards,https://www.bbc.co.uk/sport/football/62327681,8500000.00,GBP,200,VERIFIED,VERIFIED,£8.5m,"signing of Bayern Munich defender Chris Richards for an initial £8.5m, plus £2.5m in add-ons, on a five-year deal. The 22-year-old United",22,B,1e556af31e0eb4ac5757a6e67261f73ed2575fef45be6e9a80037bf9e6923d1a,2026-10-07
ed80eaba7f6b7143,Ta6eebc22b3,Beto,https://www.bbc.co.uk/sport/football/articles/cge41yzqenqo,14600000.00,GBP,200,VERIFIED,VERIFIED,£14.6m,"Serie A side Fiorentina for a fee of 17m Euros (£14.6m). The 28-year-old striker, who signed for Everton in August 2023, mad",22,B,85fe08b831e888922bb8e3f66d737f718d404df57958ef672f6dccc6c7407888,2026-10-07
edb12c4e4c529cdf,Ta10ff986fa,Carreras,https://www.nytimes.com/athletic/5460254/2024/05/26/fernandez-man-utd-benfica-transfer/,5100000.00,GBP,403,BLOCKED or gone (HTTP403),UNVERIFIED,,,0,B,,2026-10-07
edbf46912e6c87f5,T3010f0e93d,Balogun,https://www.bbc.co.uk/sport/football/66664738,35000000.00,GBP,200,VERIFIED,VERIFIED,£35m,Folarin Balogun: Monaco sign Arsenal forward on five-year deal for £35m - BBC Sport BBC Homepage Skip to content Accessibility Help Your,22,B,0d756dc0202050aeedbc2cb5ac0e38ae8eb8e319c6e1918ce80d7489530868d8,2026-10-07
edd76b97e976f5f4,Tad32ba5d09,Zubimendi,https://www.skysports.com/football/news/13376347/martin-zubimend,51000000.00,GBP,200,VERIFIED,VERIFIED,£51m,Martin Zubimendi transfer news: Arsenal sign midfielder for £51m from Real Sociedad | Football News | Sky Sports Skip to,20,B,1df5185499b459798fb5cfaac0fe6f2f99c4c514e0e2927d5f58dc022597e96b,2026-10-07
edda618d0b3129f9,T4b52e8a521,Emersonn}},https://www.sportsmole.co.uk/football/man-city/transfer-talk/feature/every-pl-club-that-broke-its-transfer-record-in-summer-2026-window_604298.html,26600000.00,GBP,200,NOT CONFIRMED (page fetched; figure not found near the player's name),UNVERIFIED,,,0,D,bc6c319b13b9330e65ceabbcd0a113d009996f922dcf832948c1da689ee119d2,2026-10-07
ede3b9f1ee123124,T404045f91d,Yalcouyé,https://www.bbc.com/sport/football/articles/crgm4d1y7gyo,6000000.00,GBP,200,NOT CONFIRMED (page fetched; figure not found near the player's name),UNVERIFIED,,,0,B,31b576edcdb96b8d9a9117976c4810edfa8a0179ece57fdb9ef1828383c4b577,2026-10-07
ee3f869bd0a29a6e,Ta5963b4bd6,Miguel,https://www.nytimes.com/athletic/5626232/2024/07/09/nottingham-forest-transfer-news-carlos-miguel/,3400000.00,GBP,403,BLOCKED or gone (HTTP403),UNVERIFIED,,,0,B,,2026-10-07
ee6606097e108d6d,Tccb90fd128,Nunes,https://www.bbc.co.uk/sport/football/articles/cn492g83v7yo,10000000.00,GBP,200,VERIFIED,VERIFIED,£10m,Gustavo Nunes: Brentford sign teenage Brazilian winger for £10m-plus - BBC Sport BBC Homepage Skip to content Accessibility Help Your,20,B,030df0f10777821c9cb992614c67d40663979e8c583c3e2c9bde6b09feace6df,2026-10-07
ee6edd3091795e23,T7e290ac4d7,Sterling,https://www.bbc.co.uk/sport/football/33497488,49000000.00,GBP,200,VERIFIED,VERIFIED,£49m,Raheem Sterling: Man City sign Liverpool winger in £49m deal - BBC Sport BBC Homepage Skip to content Accessibility Help,20,B,f133163da27a2d04dde2de8ab8e5baa6333357bb3650ebc94918e4e4f0d8eeb8,2026-10-07
ee89f4615729b6a2,Tc66ad56c9e,Silva,https://www.bbc.co.uk/sport/football/54043470,35000000.00,GBP,200,NOT CONFIRMED (page fetched; figure not found near the player's name),UNVERIFIED,,,0,B,6d08cb46a70c87a63259fbb62ff2d6ecb859efc6d86c510d3241ce0c8cd99b58,2026-10-07
ee9d540cbb336a17,T0869ef7a16,Guilherme,https://www.bbc.co.uk/sport/football/articles/cy661pded0po,25500000.00,GBP,200,VERIFIED,VERIFIED,£25.5m,Guilherme: West Ham United sign Brazilian teenager from Palmeiras for £25.5m - BBC Sport BBC Homepage Skip to content Accessibility Help Your,22,B,8a1680b6381e1ffeb7c9d3c5ac1d2a34bf1769dd43a8c170b4a78e3ffdf134b8,2026-10-07
eeb11f084cc3feb1,Te642a1fb03,Anthony,https://www.bbc.co.uk/sport/football/articles/c77yd4yxzlno,15000000.00,GBP,200,VERIFIED,VERIFIED,£15m,"for an extra year. The 26-year-old joins the Bees for £15m, which could rise to £17m with add-ons. Anthony contributed nine goal",22,B,401373568606b3058e4a976be5dd1dcdcc34180db91e359b767570d0d8c5f704,2026-10-07
eeecb9ab72ebe5d6,Tf5a46d2a74,Gascoigne,https://www.bbc.co.uk/sport/football/20419354,5500000.00,GBP,200,VERIFIED,VERIFIED,£5.5m,"hero for the Serie A side. He joined them for £5.5m from Tottenham, who he played for from 1988 to 1992. Gascoigne",22,B,79b88de1c1fab45283763c5ce4860763512c6ca418013a0c6da788d4ae2bf69b,2026-10-07
eef3ea9b6920df31,T2d3d7b8e05,Cardoso,https://www.bbc.co.uk/sport/football/transfers,2750000.00,GBP,200,NOT CONFIRMED (page fetched; figure not found near the player's name),UNVERIFIED,,,0,B,06846ada9e4906dff798487f5c43b43db83e209c3a7a72c149e8c08667d6d94f,2026-10-07
eef9e2d7d1831892,Te86fee98b3,Dedić,https://www.bbc.co.uk/sport/football/articles/czekzxd09zlo,30000000.00,GBP,200,NOT CONFIRMED (page fetched; figure not found near the player's name),UNVERIFIED,,,0,B,60cdb85a0047a482c353e99fdf85f8820fb2f88082b153abaf716649fb3531e7,2026-10-07
ef12c622e5e7991e,Tc485dfada0,Dunne,https://news.bbc.co.uk/sport1/hi/northern_ireland/975283.stm,3000000.00,GBP,200,NOT CONFIRMED (page fetched; figure not found near the player's name),UNVERIFIED,,,0,B,4e1780f5306edbbc89677faeb65e8391d3bbd00f652554d28489eed4c3584483,2026-10-07
ef14d57120582ff6,T28747810f9,Edozie,https://www.southamptonfc.com/news/2022-09-01/samuel-edozie-transfer-announcement-southampton-manchester-city,10000000.00,GBP,404,BLOCKED or gone (HTTP404),UNVERIFIED,,,0,A,,2026-10-07
ef18f33b3ff5b842,Tb3965b8cec,Gittens,https://www.bbc.com/sport/football/articles/c3enp85lg1eo,48500000.00,GBP,200,VERIFIED,VERIFIED,£48.5m,"winger Jamie Gittens from Borussia Dortmund for a fee of £48.5m plus the potential for a further £3.5m in add-ons. The 20-year-old,",22,B,708c34be31fb3d22e1ea14479546a74c9eb6f7216516fcfa5d8139051e435b87,2026-10-07
ef3554215477920a,T1fae16a4fa,Sosa,https://www.bbc.com/sport/football/articles/crk687432yjo,3000000.00,GBP,200,VERIFIED,VERIFIED,£3m,season's Europa League . Sosa has joined for a reported £3m but one source has told the BBC it is £2m. Chairman,22,B,65b6e13a0d089d30d30b46b12239e02227e0430faa14bfa23035f430e5f770cb,2026-10-07
ef93e26b8f6b93b1,Tcd12223287,Samuels-Smith,https://www.bbc.com/sport/football/articles/cq582w2vev4o,6500000.00,GBP,200,VERIFIED,VERIFIED,£6.5m,is highly regarded at Stamford Bridge and was valued at £6.5m as he moves across to another Todd Boehly and Clearlake Capital-owned,22,B,cae0d9f8e1bc4b06c222aaf6ca6bcf9bdcfbec71c80ecbf6de8265eee3eff9b6,2026-10-07
efb32bdb1a1a4024,T03337aed41,Chermiti,https://www.bbc.co.uk/sport/football/66474046,15000000.00,GBP,200,VERIFIED,VERIFIED,£15m,Youssef Chermiti: Everton sign Sporting Lisbon striker in £15m deal - BBC Sport BBC Homepage Skip to content Accessibility Help,20,B,b73763e6488b4f5ae6886743bc05f76c707d4f38e5b0939ff3ac8b5557e19af8,2026-10-07
efb6bacc0b299eb7,Te2a79490c6,Bentley,https://news.bbc.co.uk/sport2/hi/football/teams/t/tottenham_hotspur/7530967.stm,15000000.00,GBP,200,NOT CONFIRMED (page fetched; figure not found near the player's name),UNVERIFIED,,,0,B,dc4921995f4356549187efca5afe4b55fcd503393982b9763bfb8ad074ab9765,2026-10-07
efdec966b2a75e2a,Tab51478be4,Thiago,https://www.bbc.co.uk/sport/football/articles/c29dly1l06do,30000000.00,GBP,200,VERIFIED,VERIFIED,£30m,Brentford sign Igor Thiago from Club Bruges for club-record £30m - BBC Sport BBC Homepage Skip to content Accessibility Help Your,21,B,abe6905463edb50fd8fe62a7e733a89f75d209cf7d1e8e1f994df6a55cf5d053,2026-10-07
efef55db50d11665,T10c81fd7ee,Pulisic,https://theathletic.com/4685441/2023/07/13/christian-pulisic-transfer-milan-chelsea-usmnt/,19000000.00,GBP,403,BLOCKED or gone (HTTP403),UNVERIFIED,,,0,B,,2026-10-07
f0075525782e1468,Tbca0a22474,Maatsen,https://www.bbc.co.uk/sport/football/articles/ceqd09exwqqo,35000000.00,GBP,200,VERIFIED,VERIFIED,£35m,"Top Scorers Gossip Aston Villa sign Chelsea left-back Maatsen for £35m Image source, Getty Images Image caption, Maatsen made 16 appearances",21,B,ca49b87c4b298ac113a528ebd5db03a900d1ce12a1f3ae8f19e5facf0d64273b,2026-10-07
f049bd1f20b6e237,T037b61efef,Rodrigo,https://www.bbc.co.uk/sport/football/53914263,26000000.00,GBP,200,VERIFIED,VERIFIED,£26m,"forward Rodrigo from Valencia for a club record 29m euro (£26m) fee. Rodrigo, 29, has signed a four-year contract with Marcelo Biels",22,B,31e4095773b0ac29db0b150863b91146cd4eba25e6f5aab7e11d4e5841a4c4c6,2026-10-07
f06104e7ce934a0f,Tad677d1358,Godfrey,https://www.bbc.co.uk/sport/football/54417152,25000000.00,GBP,200,VERIFIED,VERIFIED,£25m,"have signed defender Ben Godfrey from Norwich City in a £25m deal Godfrey, 22, joins the Toffees on a five-year contract. He",22,B,5e85a54eb0ebfbf5b4f2d12ad91e2dafb72eb460d38668a1f730d1ef1fa7b6d1,2026-10-07
f062dc7143d35219,Tbeae3bcb6e,Wood,https://www.bbc.com/sport/football/articles/cevwkx9w08jo,3000000.00,GBP,200,VERIFIED,VERIFIED,£3m,"2024 Southampton have signed centre-back Nathan Wood for a reported £3m , external from Swansea City on a four-year deal. The 22-year-old",22,B,86a3f45ac8d4dfe88bbda3e553f69f6a63f5999825d2306c99920fd8405f1524,2026-10-07
f06d418f60ea4a4f,Tea72e5b758,Barrera,http://news.bbc.co.uk/sport1/hi/football/teams/w/west_ham_utd/8830249.stm,4000000.00,GBP,200,VERIFIED,VERIFIED,£4m,"striker Frederic Piquionne. Barrera, 23, arrives for a fee of £4m on a four-year deal from UNAM Pumas after impressing during the",22,B,867fac00161a5f77d763ab6fc99fd430d9290baaf2ee8f545d5e95609d16f0f0,2026-10-07
f08dd66fb5ab116a,T67d0a82dd6,Henderson,https://www.bbc.co.uk/sport/football/66185472,12000000.00,GBP,200,VERIFIED,VERIFIED,£12m,"The England midfielder, 33, has moved in a deal worth £12m plus add-ons. In a goodbye video a day earlier, Henderson had",22,B,d6dd2440f5356099eea2dbd800bdd668e56f77f8db043242cf780fbb8f04d0c4,2026-10-07
f09d0c683f941e03,Td8b6cb0187,Larsen,https://www.bbc.com/sport/football/articles/c62ddkd1dv8o,23000000.00,GBP,200,VERIFIED,VERIFIED,£23m,clauses in his contract were met to automatically trigger the £23m deal. The Norway international scored 14 Premier League goals last se,22,B,5ab203e470a45e1e83c935fbb24c09f20bb26b5aa52b4127b718da055fcc5b66,2026-10-07
f0a1fecc12ee81e9,Tca4060abe7,Justin,https://www.bbc.co.uk/sport/football/articles/ckgj4wxqgg5o,10000000.00,GBP,200,VERIFIED,VERIFIED,£10m,James Justin: Leeds sign full-back from Leicester in £10m deal - BBC Sport BBC Homepage Skip to content Accessibility Help,20,B,6db9c7d6ba74dab9f6e79ca89621373b0f5428f5c882402f748cb9c904ca940e,2026-10-07
f0a428413eb1e504,T08c9a3560e,Bony,https://www.theguardian.com/football/2015/jan/14/wilfried-bony-manchester-city-swansea-ivory-coast,25000000.00,GBP,200,VERIFIED,VERIFIED,£25m,Wilfried Bony signs for Manchester City in £25m deal from Swansea | Manchester City | The Guardian Skip to,19,B,050101e5d65de0c7d2f7d07641b4d6fb1a91ae5ecfedfe9bb6a03e4d6417f8c2,2026-10-07
f0c1fa09cf79a6d4,Ta5a85aab26,Díaz,https://www.bbc.com/sport/football/articles/c19k19rrwlxo,7000000.00,GBP,200,NOT CONFIRMED (page fetched; figure not found near the player's name),UNVERIFIED,,,0,B,5963948bd1440fa19484aa161a51ef2c041c96e4271b6ac843a4aed3a59b07f0,2026-10-07
f0e33c525ce598f5,T1f11349de7,Johnson,https://news.bbc.co.uk/sport2/hi/football/teams/n/nottm_forest/1112136.stm,3500000.00,GBP,200,NOT CONFIRMED (page fetched; figure not found near the player's name),UNVERIFIED,,,0,B,f6f124c56fafebd7d4457eabada71f2027fdcc45aed340d8b845545227a2cecb,2026-10-07
f0f97915e8891df5,Tcb9b7e7c29,Casiraghi,https://www.independent.co.uk/news/education/education-news/football-chelsea-sign-up-casiraghi-for-pounds-5-4m-1156957.html,5400000.00,GBP,200,VERIFIED,VERIFIED,pounds 5.4m,Football: Chelsea sign up Casiraghi for pounds 5.4m | The Independent | The Independent Thank you for registering,18,B,f8a6683b5dc5a98ca334d72935bd01e5dab0c57163e94d0e6a4aa771dcad27cc,2026-10-07
f124f765dec09c9e,T9d9c3b1a41,Pulisic,https://www.bbc.co.uk/sport/football/46734487,58000000.00,GBP,200,VERIFIED,VERIFIED,£58m,Christian Pulisic: Chelsea sign Borussia Dortmund forward for £58m - BBC Sport BBC Homepage Skip to content Accessibility Help Your,20,B,dc79930ae0ab72a79225e3c8cc736dbc7c9aa7117415ebcb5b076cb6baf2e00d,2026-10-07
f12fdfa6f97d5357,Ta19633f6e4,Madueke,https://www.bbc.co.uk/sport/football/64339737,30000000.00,GBP,200,VERIFIED,VERIFIED,£30m,Noni Madueke: Chelsea complete £30m signing of winger from PSV Eindhoven - BBC Sport BBC Homepage,16,B,a190beb9bb0008a68d0e033494c65cf5c854404232faacc0217b4cf4c90c735a,2026-10-07
f132117ae06da68d,T863edb2659,Hartson,https://www.independent.co.uk/sport/football/international/john-hartson-hartson-determined-to-pass-his-biggest-test-78393.html,7500000.00,GBP,200,VERIFIED,VERIFIED,£7.5m,"Arsenal to West Ham for £3.2m, then to Wimbledon for £7.5m, then to Coventry for £5m and to Celtic for over £6m.",22,B,68155332ab1fca9478bea14f3cb6b8f6198fca00dc2d860ae4cf37896f2af80d,2026-10-07
f17f97a4898adc27,T569b98a420,Sangaré,https://www.sportsmole.co.uk/football/man-city/transfer-talk/feature/every-pl-club-that-broke-its-transfer-record-in-summer-2026-window_604298.html,40000000.00,GBP,200,NOT CONFIRMED (page fetched; figure not found near the player's name),UNVERIFIED,,,0,D,bc6c319b13b9330e65ceabbcd0a113d009996f922dcf832948c1da689ee119d2,2026-10-07
f207d011d20a2b24,Ta1a27c9a4b,Batty,https://www.skysports.com/football/player/22575/david-batty,3800000.00,GBP,200,VERIFIED,VERIFIED,£3.8m,Blackburn 26 Oct 1993 £2.8m Blackburn Newcastle 02 Mar 1996 £3.8m Newcastle Leeds 08 Dec 1998 £4.4m Leeds Unassigned 31 May 2004,22,B,9b2cafb4d6be737f3864fd70d46f3bb099acc8eb22752cdebbf0ad0aee7edc17,2026-10-07
f2173c298c3e21a4,T5e0aca7b88,Villa,http://news.bbc.co.uk/sport2/hi/football/teams/d/derby_county/7166848.stm,2000000.00,GBP,200,NOT CONFIRMED (page fetched; figure not found near the player's name),UNVERIFIED,,,0,B,a4659dc6baf9a89665792a6d4ddbdb091319b14ea741768a75f94e1bb26a7e29,2026-10-07
f22ff07e231a8df3,T5c78db7ddd,Scott,https://www.bbc.co.uk/sport/football/66465443,25000000.00,GBP,200,VERIFIED,VERIFIED,£25m,"this year and has joined for a reported fee of £25m. Right-back Aarons, 23, recently helped England win the European Unde",21,B,75efbeb7e38cef0a6e74f06537e0bba74cfb947e4dbc25f95e32229ebfe9384e,2026-10-07
f2b42bb12c83397c,T79ce3cd6a3,Fernandes,https://www.bbc.com/sport/football/articles/cg50j6p9pq2o,40000000.00,GBP,200,VERIFIED,VERIFIED,£40m,West Ham sign midfielders Mateus Fernandes from Southampton in £40m-plus deal and Soungoutou Magassa from Monaco - BBC Sport BBC Homepage,21,B,0cb1028c43d0b5109672dd0d17e838748a321177e31ba82c68e762f076d43d2c,2026-10-07
f2c591916ea2d0e9,T4a1aeeb68c,Modrić,https://news.bbc.co.uk/sport2/hi/football/teams/t/tottenham_hotspur/7373163.stm,16500000.00,GBP,200,NOT CONFIRMED (page fetched; figure not found near the player's name),UNVERIFIED,,,0,B,8f6e11d992550dbb36b65119af20bd1aa392d6cc7d5cc1b5b8e0ce3dfa9cf759,2026-10-07
f2cb44eaad4d4656,Tbb1f831a05,Núñez,https://www.skysports.com/football/news/11669/12630828/darwin-nunez-joins-liverpool-in-club-record-gbp85m-transfer-deal-from-benfica?pubDate=20250406,85000000.00,GBP,200,NOT CONFIRMED (page fetched; figure not found near the player's name),UNVERIFIED,,,0,B,9426daf743b6146d66e5189f1cc6e2f4a80ba2b84f2a7a77ed2c7c314f4e8ace,2026-10-07
f345f9cab05f4755,Td036bf4260,Dias,https://www.bbc.co.uk/sport/football/54331554,65000000.00,GBP,200,VERIFIED,VERIFIED,£65m,Ruben Dias from Benfica on a six-year deal for about £65m. Argentine centre-back Nicolas Otamendi has moved the other way for £,22,B,a6a1996eb4369db2e87a9689c9411ae44dac7bb1f148319d1a3a7352c699bfba,2026-10-07
f34df728077d1b75,Tbda30e004b,Ferguson,https://www.the-independent.com/sport/football-hard-graft-as-valuable-as-hard-cash-1094388.html,7000000.00,GBP,200,VERIFIED,VERIFIED,pounds 7m,"hampton to Blackburn Rovers); Christian Dailly (pounds 5.3m, Derby County to Blackburn Rovers), John Hartson (pounds 7m, West",18,B,08bff66bac306d98978d0e9e269e552933aae4a161ec473ed920e68f0fbd1094,2026-10-07
f3638b2cf740099e,Te0970d7046,Lamela,https://www.independent.co.uk/sport/football/transfers/transfer-news-tottenham-complete-club-record-ps30m-deal-for-roma-winger-erik-lamela-8791895.html,30000000.00,GBP,200,VERIFIED,VERIFIED,£30m,Transfer news: Tottenham complete club record £30m deal for Roma winger Erik Lamela | The Independent | The,18,B,4ed70c1165e923c05a8535920e6360b8d9d2bb05323920ba1e664ccd3b76f00c,2026-10-07
f36f26baff831ae0,T4728026008,Paquetá,https://www.bbc.co.uk/sport/football/articles/cly3wdl90wxo,35500000.00,GBP,200,NOT CONFIRMED (page fetched; figure not found near the player's name),UNVERIFIED,,,0,B,049baca1ece36cf7406102b2437d6653aa0c97fd70fc7c59096df540275db92e,2026-10-07
f374f131115fb404,Tc1f5e23e42,Coutinho,https://www.bbc.co.uk/sport/football/42580173,142000000.00,GBP,200,VERIFIED,VERIFIED,£142m,Philippe Coutinho: Barcelona to sign Liverpool and Brazil midfielder in £142m deal - BBC Sport BBC Homepage Skip to content Accessibility Help,22,B,4a5fca9bf48947cccbf41ad5cac8dcb0de99316afc80770d4d1c2e0c7412cf3a,2026-10-07
f37b482a25121cc2,Td21fd91736,Mendy,https://www.skysports.com/football/news/10957340/man-city-agree-51m-deal-for-benjamin-mendy,51000000.00,GBP,200,VERIFIED,VERIFIED,£51m,Man City agree fee in excess of £51m to sign Benjamin Mendy | Football News | Sky Sports Skip,19,B,c811a45d06e64ca2eec4453dd7e7161ad2665493853f7e3be1715f36c2d1da5a,2026-10-07
f430bd6bab658764,T6b0b9baf11,Svoboda,https://www.bbc.co.uk/sport/football/articles/c2lywk1nk19o,4300000.00,GBP,200,NOT CONFIRMED (page fetched; figure not found near the player's name),UNVERIFIED,,,0,B,cb8f5d36e20430422e09c5068de671842fb3bf8eae6f6b09ecd392c8e4c16635,2026-10-07
f45f180bf030af57,T0682adf48b,Suárez,https://www.bbc.co.uk/sport/football/28327201,75000000.00,GBP,200,NOT CONFIRMED (page fetched; figure not found near the player's name),UNVERIFIED,,,0,B,a69851c17536994960b08dc9b9e1b097c8f470b292d4bc93274ccfa24b9988b8,2026-10-07
f46f723694adf8c7,T8626a4217b,Castagne,https://www.bbc.co.uk/sport/football/53985035,25000000.00,GBP,200,NOT CONFIRMED (page fetched; figure not found near the player's name),UNVERIFIED,,,0,B,1810a5f0b98126dbc251211e56e74c6f3be9d63d4e89faeff3cb0df06076d0ba,2026-10-07
f4748eeaaa31b7c2,T41171e28db,Benítez,https://www.theguardian.com/football/2009/jun/03/brimingham-christian-benitez-record,9000000.00,GBP,200,VERIFIED,VERIFIED,£9m,"has not been officially disclosed, but is understood to exceed £9m. Benítez, the son of one of Ecuador's all-time leading goalscorers, E",22,B,0300db86e1e61dd6aff6468cfe5956862e7a4b36cb3c5144d6133fb4def3321a,2026-10-07
f4777d98930b8b2f,T9e4b2a858b,Gibbs-White,https://www.theguardian.com/football/2022/aug/18/nottingham-forest-35m-fee-wolves-morgan-gibbs-white,42500000.00,GBP,200,VERIFIED,VERIFIED,£42.5m,"Morgan Gibbs-White from Wolves in a deal that could reach £42.5m, taking their summer spending to about £140m. Gibbs-White is Forest’s",21,B,36d26774bdad017ad5a3923d9cd1d849bec3b25206dcc89d41acb7b5c0c96b25,2026-10-07
f4aa61b0eaa1f0b3,T9a833580fb,Shaw,http://www1.skysports.com/football/news/11667/9363721/premier-league-manchester-united-buy-luke-shaw-from-southampton-for-16330m,30000000.00,GBP,200,VERIFIED,VERIFIED,£30m,Premier League: Manchester United buy Luke Shaw from Southampton for £30m | Football News | Sky Sports Skip to main content Sky,22,B,4c55a34babd2f750dfdd825a872efabddcc1f66b1f65cd4f08699152d2a65d6f,2026-10-07
f4b77a6d6dd9431a,Tf1f97dfd1d,Tzolis,https://www.skysports.com/football/news/11709/12379381,10000000.00,GBP,200,VERIFIED,VERIFIED,£10m,transfer news: Christos Tzolis joins from Greek side PAOK for £10m | Football News | Sky Sports Skip to main content Sky,22,B,a3832ef6b33da0a785ff2afa8d99431ad51ee91461c1d85f69f5a8c872ea164b,2026-10-07
f4d34a2af642f41a,T446e0581f8,Kalajdžić,https://www.bbc.com/sport/football/62737468,15000000.00,GBP,200,NOT CONFIRMED (page fetched; figure not found near the player's name),UNVERIFIED,,,0,B,0c857353116e65e2881cf9817f5748e564070dadcadfa630289e17901be77d03,2026-10-07
f4eab968851ad2b3,Tdba41d8613,Finnan,https://news.bbc.co.uk/sport2/hi/football/teams/l/liverpool/2973506.stm,3500000.00,GBP,200,NOT CONFIRMED (page fetched; figure not found near the player's name),UNVERIFIED,,,0,B,bde93e19c25dd0ab47fc73f1b7060742cde4c3938dd59140c464ee2c7f1dc5df,2026-10-07
f555d104640d2a77,T5fd4979464,Raphinha,https://www.bbc.co.uk/sport/football/54415316,17000000.00,GBP,200,VERIFIED,VERIFIED,£17m,Leeds Utd transfer news: Raphinha signs from Rennes for £17m - BBC Sport BBC Homepage Skip to content Accessibility Help Your,21,B,5f0cade07f29e88a9b5de96c62452378c02bf9cca879d51e2393adfd6e830a3b,2026-10-07
f558bee3dc6d5141,T6b035bab7a,Coufal,https://www.bbc.co.uk/sport/football/54383255,5400000.00,GBP,200,VERIFIED,VERIFIED,£5.4m,"signed Czech Republic right-back Vladimir Coufal from Slavia Prague for £5.4m. Coufal, who has eight international caps, has arrived at the Premier",22,B,6763ec2a8a1f11ab0add5fa8189c055dd033132f8b277a8fab5b6d24542e7437,2026-10-07
f55e47719a69dc96,T96800bb452,Sung-Yeung,https://www.bbc.co.uk/sport/football/19360295,6000000.00,GBP,200,VERIFIED,VERIFIED,£6m,"contract, with the fee to Celtic believed to be around £6m. ""When I look at Swansea I see a club that is",22,B,63efd75cf4a6e8ef9acce497583e032af3150fe96b789b3c14ee6f33f6b81d0a,2026-10-07
f58535297758185a,Tf5aa70efd0,Pereira,https://www.bbc.co.uk/sport/football/62121407,10000000.00,GBP,200,VERIFIED,VERIFIED,£10m,the fee but the deal is understood to be worth £10m including add-ons . The 26-year-old has signed a four-year deal with,22,B,721df7cb19587866bb0bf5e7e7989e612a66fec1dfe8d0b3e4971459e8c0f9aa,2026-10-07
f591e1749a069590,T63c8941f19,Guedes,https://www.bbc.co.uk/sport/football/62464408,27500000.00,GBP,200,VERIFIED,VERIFIED,£27.5m,Goncalo Guedes: Wolves complete £27.5m signing of Portugal forward from Valencia - BBC Sport BBC Homepage,16,B,a38282e3bf5fb03b55c5c2237f1e00eef596c7804253c0259d302d1aa5f0cf41,2026-10-07
f5b07b4650b28ad4,Tb0c2eb8e4b,Armstrong,https://www.independent.co.uk/sport/armstrong-settles-on-spurs-1587459.html,4500000.00,GBP,200,VERIFIED,VERIFIED,pounds 4.5m,"the Crystal Palace striker, elected to join Tottenham Hotspur for pounds 4.5m rather than move to Goodison Park. Joe Royle, having lost",22,B,e080957f2866a098ade1be52790cfa643636185223018b9dab3d4d819e064c0a,2026-10-07
f5e0ed4358315730,T221424b3df,Eadie,https://www.independent.co.uk/sport/football-eadie-joins-leicester-in-record-deal-1131759.html,3200000.00,GBP,200,NOT CONFIRMED (page fetched; figure not found near the player's name),UNVERIFIED,,,0,B,fc62fb511605411056606be684a72034e0ff8119fd1ded26040dfaa5ec1faba0,2026-10-07
f5f8073166f555ae,Tada2ff4ee0,Peacock-Farrell,https://www.bbc.co.uk/sport/football/transfers,2500000.00,GBP,200,NOT CONFIRMED (page fetched; figure not found near the player's name),UNVERIFIED,,,0,B,c9dcacd2f92591b57f5a0ecfff6ef2316d0d8dbf3255303fed528dee176dc892,2026-10-07
f5febd513fc76d9f,T186928d7ab,Delap,https://www.bbc.co.uk/sport/football/articles/c0k3dkd0gvno,30000000.00,GBP,200,VERIFIED,VERIFIED,£30m,Liam Delap transfer: Chelsea sign Ipswich Town striker in £30m deal - BBC Sport BBC Homepage Skip to content Accessibility Help,21,B,06061d11f3761964bb5606a85c07ce285907c4f3a4023e028edb0836b9b12698,2026-10-07
f6048bbc567b40bd,T84301c8744,Lacazette,https://www.theguardian.com/football/2017/jul/05/alexandre-lacazette-arsenal-club-record-lyon,52700000.00,GBP,200,VERIFIED,VERIFIED,£52.7m,Alexandre Lacazette joins Arsenal for club record fee of £52.7m | Arsenal | The Guardian Skip to main content Skip to,21,B,24dc2f2f5ef5514fc2dba47a441aafabd3f06b1e5459ebe2a89dcd713903538f,2026-10-07
f66937c2997c5cad,T6e4c7b6f38,Isak,https://www.bbc.co.uk/sport/football/62659383,60000000.00,GBP,200,VERIFIED,VERIFIED,£60m,Sociedad on a long-term deal understood to be worth about £60m. The 22-year-old becomes the Magpies' fourth signing of the summer af,22,B,f943b98328f80718b321d3eba753a76d0b0e9d1ef280dc927f08bc548daa43c9,2026-10-07
f68e9081ad56c20a,Tebf3bf1236,Slimani,https://www.theguardian.com/football/2016/aug/31/islam-slimani-leicester-city-sporting-lisbon-club-record,35000000.00,EUR,200,VERIFIED,VERIFIED,€35m,on Google Leicester have agreed a club record fee of €35m (£30m) with Sporting Lisbon for Islam Slimani and the Algeria striker,22,B,937b8f3482fc9afafad38d77f0a0695ad866498dc6d45ec51758426a4c7f458e,2026-10-07
f6b705a64b45f064,T2caa827fac,Berbatov,https://www.skysports.com/football/news/10507078/manchester-uniteds-top-10-transfer-record-signings,30000000.00,GBP,200,VERIFIED,VERIFIED,£30m,Trafford. 3. Dimitar Berbatov Image: Dimitar Berbatov completed a dramatic £30m move from Tottenham on deadline day in the summer of 2008,22,B,35080d58deaa4f944c312182f8df299c1d9bb8916ebbc27476323298645cf7c1,2026-10-07
f6c16e20d551a2eb,Tafe3c075c6,Šeško,https://www.skysports.com/transfer/news/13408955/benjamin-sesko-transfer-news-man-utd-complete-deal-to-sign-forward-from-rb-leipzig-as-newcastle-miss-out,73700000.00,GBP,200,NOT CONFIRMED (page fetched; figure not found near the player's name),UNVERIFIED,,,0,B,95dc4d1aa49b57f2cf681a4dce27bcd9daa3f27811f82e6d50e9de123af56424,2026-10-07
f6fc1b656c52ab1b,T80dadd747b,Quenda,https://www.bbc.co.uk/sport/football/articles/c3vy0v39qkko,40000000.00,GBP,200,VERIFIED,VERIFIED,£40m,Chelsea announce £40m deal for Sporting's Geovany Quenda - BBC Sport BBC Homepage Skip,14,B,d5532bb3d25fbe8992f6874d3602cc99916bf61397107485c5ba77dbbfaaafd3,2026-10-07
f73f16da87f5a272,Tba1f52bbcb,Schwarz,http://www.thefreelibrary.com/SIGN+OR+GET+OUT+RIOCH!%3B+Arsenal+warn+crisis+boss.-a061314883,2300000.00,GBP,403,BLOCKED or gone (HTTP403),UNVERIFIED,,,0,D,,2026-10-07
f743593b0512d5d4,T1e59eb0d32,Caulker,https://www.bbc.co.uk/sport/football/23513785,8000000.00,GBP,200,VERIFIED,VERIFIED,£8m,"a club record fee, understood to be in excess of £8m. Caulker, 21, spent a season on loan with Swansea City in",22,B,2116a79bcefb2efa66714834ccd7da337c1a2edc56c3542e7a27e7f380f49a0d,2026-10-07
f767aea4466d714d,Tda18505f01,Turner,https://www.theguardian.com/football/2009/aug/31/sunderland-michael-turner-hull,12000000.00,GBP,200,VERIFIED,VERIFIED,£12m,"Michael Turner from Hull City on a four-year deal for £12m. Steve Bruce, the Sunderland manager, has made no secret of his",22,B,9bffa5422414b980e0889840bb28f737e12b03269fa091c6b799a484725bc2c0,2026-10-07
f78e4755646bbc8f,T266e87d982,Telles,https://www.bbc.co.uk/sport/football/54425891,13600000.00,GBP,200,VERIFIED,VERIFIED,£13.6m,moves to Old Trafford for a fee of 15m euros (£13.6m) plus 2m euros (£1.8m) in add-ons. United have spent £9m on,22,B,3caa250fda7eee6e334c30e2f6c3d9b92b256bfc1551be44209c5968a32f9164,2026-10-07
f7914b950f9d7972,Taa91ab37e3,Carrick,https://www.independent.co.uk/sport/football/premier-league/united-sign-163-18m-carrick-as-ruud-joins-real-madrid-409529.html,18000000.00,GBP,200,VERIFIED,VERIFIED,£18m,United sign £18m Carrick as Ruud joins Real Madrid | The Independent | The,14,B,ed10fa0277d043ae7b027f5e9785a08fc5cc008382c3bee68257dd0ee1bce581,2026-10-07
f7c5e27c312721f9,Tf658b24769,Paqueta,https://www.theguardian.com/football/2022/aug/29/west-ham-break-club-transfer-record-to-sign-lyon-midfielder-paqueta,60000000.00,EUR,200,NOT CONFIRMED (page fetched; figure not found near the player's name),UNVERIFIED,,,0,B,66b82687a7cf914a85453f8180085608d810f08374a7227e4ceb67e47aea76de,2026-10-07
f8204386230361b0,T20509c5577,Mousset,https://www.bbc.co.uk/sport/48827145,10000000.00,GBP,200,VERIFIED,VERIFIED,£10m,21 July Premier League Lys Mousset [Bournemouth - Sheffield United] £10m English Football League Anthony Knockaert [Brighton - Fulham] Loan 20,21,B,2ce82cec0d5c5abd1b86f218301cd6dfdcf44071e087c5a3e923305dd95a6392,2026-10-07
f842986fcbee88e1,T339cd27d0a,Keane,https://www.theguardian.com/football/1999/aug/21/match.sport17,6000000.00,GBP,200,VERIFIED,VERIFIED,£6 m,give Coventry their first win of the season. The record £6 million signing twice produced cool-as-a-cucumber finishing to score go,20,B,c7bd9fadf1f31db50f862d2e2951a8bdd5f9a06214d034d91999e61076b0647d,2026-10-07
f84a31903e15d3c7,T52925f47c0,George,https://www.nytimes.com/athletic/7408574/2026/07/06/tyrique-george-everton-chelsea-transfer/,18000000.00,GBP,403,BLOCKED or gone (HTTP403),UNVERIFIED,,,0,B,,2026-10-07
f858083b9117e7b5,Tc11e09bf09,Iwobi,https://www.bbc.co.uk/sport/football/transfers,28000000.00,GBP,200,NOT CONFIRMED (page fetched; figure not found near the player's name),UNVERIFIED,,,0,B,a283e034165a638e54324f1fe22c3ac08ded1695aeeb88d5df5331d08448e030,2026-10-07
f86666c0b213e2da,Tb4c133ea7a,Bakwa,https://www.bbc.co.uk/sport/football/articles/ce839rpq59po,30000000.00,GBP,200,VERIFIED,VERIFIED,£30m,winger Dilane Bakwa also signing in deal worth more than £30m. Forest had been trying to bring in Javi Galan from Atletico,22,B,6df542ccc00bfc2cd20251c339a30d7eb96421d8ca1eac89027c178eaacc1b8a,2026-10-07
f86fb66a752253ff,Tf57f1ec72c,Ellington,https://www.independent.co.uk/sport/football/premier-league/west-bromwich-4-everton-0-ellington-seizes-his-chance-to-get-back-in-the-picture-516262.html,3000000.00,GBP,200,VERIFIED,VERIFIED,£3m,"waiting for an opportunity to show why Bryan Robson splashed £3m to bring him from Wigan Athletic to West Bromwich Albion, Nathan",22,B,fcf8b9aa15dca07eccea59bb910a5a58ad99a8f451d16449913ccc591be0b4e4,2026-10-07
f8722f4368518c4b,T90d21cdf75,Dublin,https://www.independent.co.uk/sport/football-villa-win-race-for-pounds-5-75m-dublin-1183145.html,5750000.00,GBP,200,VERIFIED,VERIFIED,pounds 5.75m,Football: Villa win race for pounds 5.75m Dublin | The Independent | The Independent Thank you for,17,B,04cf7041489f7fc52836a75cf8ea8f6bf6f4c931cc20ba90ed93cdce06ff9ce6,2026-10-07
f87f915b0f1124c6,T49e2c28d80,Deane,https://www.independent.co.uk/sport/football-leeds-end-long-wait-by-signing-deane-sheffield-united-remain-divided-over-pounds-2-9m-sale-of-england-striker-to-elland-road-1484538.html,2900000.00,GBP,200,VERIFIED,VERIFIED,pounds 2.9m,long wait by signing Deane: Sheffield United remain divided over pounds 2.9m sale of England striker to Elland Road | The Independent,22,B,7cb946c4e4083ac31e5366f2988d4062dfd742a98ff93c2907f1a7fb6b8aaa53,2026-10-07
f8863dfc9ddfb2bb,Tc07f988573,Fernández,https://www.bbc.com/sport/football/articles/cr7deg1ze03o,125000000.00,GBP,200,NOT CONFIRMED (page fetched; figure not found near the player's name),UNVERIFIED,,,0,B,5c65de436f2157eea8dff2c6fa17b63b36ada54ebcfb01ab73fa67a3514b2780,2026-10-07
f88b29e594d7c056,T97164dfc2a,Ferdinand,https://www.theguardian.com/football/2006/jun/01/newsstory.chelsea,28250000.00,GBP,200,VERIFIED,VERIFIED,£28.25m,set when Rio Ferdinand left Leeds for Manchester United for £28.25m. Mourinho last night told the Portuguese media that he will now,22,B,d34142b42d03d523459b9e246890c3dcf5c2f83ffff5d0adaa73b978852510ee,2026-10-07
f8a810b955874353,T01afba28ad,Marlet,https://www.skysports.com/football/player/21255/steve-marlet,11500000.00,GBP,200,VERIFIED,VERIFIED,£11.5m,history From To Date Fee Lyon Fulham 28 Aug 2001 £11.5m Fulham Marseille 28 Aug 2003 Undisclosed Fulham Wolfsburg 21 Aug 2005,22,B,aed77df2b53743fe143d1ce46461e8932485a80fd5a8eeb4c6da475da7e196a4,2026-10-07
f8ad01832d30b57d,Te1480ed9b6,Boumsong,http://www.juventus.com/uk/news/detail.aspx?lml_language_id=0&trs_id=1370000&ID=8477,3300000.00,GBP,404,BLOCKED or gone (HTTP404),UNVERIFIED,,,0,A,,2026-10-07
f8e5d1fff1c2c1f8,T5daf169ae5,Ings,https://www.bbc.co.uk/sport/football/64342875,15000000.00,GBP,200,VERIFIED,VERIFIED,£15m,"Ham have signed Aston Villa striker Danny Ings in a £15m deal. The Hammers have paid an initial £12m for the 30-year-old,",22,B,2c639ff24659bd45919940431f630d66eec5106efa64182239a64b269eb3fdbb,2026-10-07
f91569dcf39a984e,Tafc1c6dc1c,Trossard,https://www.bbc.co.uk/sport/football/64342770,21000000.00,GBP,200,VERIFIED,VERIFIED,£21m,Arsenal transfer news: Leandro Trossard joins Gunners from Brighton for £21m - BBC Sport BBC Homepage Skip to content Accessibility Help Your,22,B,a88c887e44580fcd6e7a691aab8f9bc8d94d1da0ad2b90c62179ecb029935667,2026-10-07
f9453c893e512fee,T5b4e1d2a77,González,https://www.bbc.co.uk/sport/football/articles/cx2zlnpnk4zo,52000000.00,GBP,200,NOT CONFIRMED (page fetched; figure not found near the player's name),UNVERIFIED,,,0,B,95dc5a0688618e3afa82688394207f024647e3e142e686bc41e7b08dcee012aa,2026-10-07
f9586c36352f228f,T1d7c4c312d,Pistone,https://news.bbc.co.uk/1/hi/sport/football/813978.stm,3000000.00,GBP,200,NOT CONFIRMED (page fetched; figure not found near the player's name),UNVERIFIED,,,0,B,3868625a6fc394563d7c679bd4235f3e543fa43b7b09d9e0ae6b608651e37228,2026-10-07
f959c852c85ac7b9,T3448f820a4,Ibrahim}},https://www.bbc.co.uk/sport/football/66692394,30000000.00,GBP,200,NOT CONFIRMED (page fetched; figure not found near the player's name),UNVERIFIED,,,0,B,e5a2824315126b63776fbb64f804adc548c8741d1112ae87ebea2e47b0d0fdc2,2026-10-07
f974a06612403a18,Ta1caa3c33e,Cruz,https://www.the-independent.com/sport/football/premier-league/santa-cruz-seals-pound-17m-manchester-city-switch-1713887.html,17000000.00,GBP,200,VERIFIED,VERIFIED,£17m,Santa Cruz seals £17m Manchester City switch | The Independent | The Independent Thank you,15,B,2a7acf740f9192df41653426329a424b9b5b99ce97260b166a71a7591da9d2d2,2026-10-07
f9829aebf63f41d2,T3187fd9289,Ings,https://www.bbc.co.uk/sport/football/48831514,20000000.00,GBP,200,VERIFIED,VERIFIED,£20m,Danny Ings: Southampton sign Liverpool striker for £20m - BBC Sport BBC Homepage Skip to content Accessibility Help Your,19,B,2bf895f326a183acb034d4882248bca255f15d0801b5e5274de5ef681a3c2207,2026-10-07
f984e97d8a52ec7d,Tbad97ce3b4,Cornet,https://www.bbc.co.uk/sport/football/62439839,17500000.00,GBP,200,VERIFIED,VERIFIED,£17.5m,a five-year contract for an undisclosed fee after paying his £17.5m release clause. The 25-year-old arrived at Turf Moor from Lyon last,22,B,9c383e21939762f5d9b10914ea70dfa61a190aa3adaddec90398b7b07aefaeab,2026-10-07
f98de06932a0c822,Tc3df900700,Perrone,https://www.bbc.com/sport/football/articles/clyzj57z0j9o,13000000.00,GBP,200,VERIFIED,VERIFIED,£13m,"Scorers Ask Me Anything Who Am I? Quiz Perrone seals £13m permanent Como move Image source, Getty Images By Shamoon Hafez BBC",22,B,a7425dafcdc1413fdce142f4e2bbb670b0314b3fa2a0d7e9252a43a53053b0d0,2026-10-07
f9932723b5e7ff05,T8197b9727d,Žigić,https://www.theguardian.com/football/2010/may/26/birmingham-nikola-zigic-serbia-premier,6000000.00,GBP,200,NOT CONFIRMED (page fetched; figure not found near the player's name),UNVERIFIED,,,0,B,6a8546216d96ef790550bbba4462a06753a4afe5df5d95e6eb9d31830dd1b950,2026-10-07
f9b239605a1e8496,Tab954f67a3,Yorke,https://www.skysports.com/football/news/10507078/manchester-uniteds-top-10-transfer-record-signings,12600000.00,GBP,200,VERIFIED,VERIFIED,£12.6m,(L) struck up a hugely successful partnership with Cole Fee: £12.6m Signed from: Aston Villa Date: 20 August 1998 What they said:,22,B,09c50d67c4e6e6fe988fa141e854adfcb43c3492644d04a6d24b21cf5bd44ea1,2026-10-07
f9bdc40eee4bf5ac,Tdb89afbf0a,Beckham,https://www.uefa.com/uefachampionsleague/news/025a-0eaae3976f7f-2c5198f7bce2-1000--beckham-moves-to-madrid/,35000000.00,EUR,200,VERIFIED,VERIFIED,€35m,United FC on a four-year deal for a fee of €35m. Article body David Beckham has joined Real Madrid CF from Manchester,22,B,1d0a87dfcb5faafa643a1d3a86ab9c5fcd08279187b3d4fc36f7038b622be30a,2026-10-07
f9dbeee7bf375d9a,T76ab561d9c,Shevchenko,https://www.theguardian.com/football/2006/jun/01/newsstory.chelsea,45000000.00,EUR,200,NOT CONFIRMED (page fetched; figure not found near the player's name),UNVERIFIED,,,0,B,5f68edd82cbf10ae6c63e85acc73f2f5ac135df26ae84ba7032010797a5af070,2026-10-07
fa0ddd19e525b664,Te1c3fad6cb,Philogene,https://www.bbc.co.uk/sport/football/articles/c2k5xpw5g75o,20000000.00,GBP,200,VERIFIED,VERIFIED,£20m,Ipswich sign Aston Villa winger for fee in region of £20m - BBC Sport BBC Homepage Skip to content Accessibility Help Your,22,B,627bfa368b981428bb149d0e2cfa1c5e1cbf7a788c0c68dbae108c1ba9e7b890,2026-10-07
fa5a856415815544,Ta5762a8ea9,Hartson,https://www.the-independent.com/sport/football-the-top-teenage-transfers-1612333.html,2500000.00,GBP,200,VERIFIED,VERIFIED,"£2,500,000","To Date Fee John Hartson (19) Luton Arsenal Jan 1995 £2,500,000 Mark Kennedy (18) Millwall Liverpool April 1995 *£2,000,000 Clive All",21,B,a6db2c24375c290d16ca2a1fe02c1a0f08f442cddb16b8173089dc8b019d4e1f,2026-10-07
fa8a460809579247,T937ac47c6d,Ehiogu,https://news.bbc.co.uk/sport2/hi/football/teams/m/middlesbrough/978031.stm,8000000.00,GBP,200,NOT CONFIRMED (page fetched; figure not found near the player's name),UNVERIFIED,,,0,B,aa276a2a85c8cb07b638fb47e1e446976dda95645c34cea6631f4f4cc73fe311,2026-10-07
fa90a5a72ccf3f6d,T2f826068a8,Wirtz,https://www.bbc.com/sport/football/articles/cg4rl52kee2o,100000000.00,GBP,200,VERIFIED,VERIFIED,£100m,"training ground on Friday. The deal, which includes a guaranteed £100m and a further £16m in add-ons, tops Liverpool 's previous club",22,B,903794a1e0499cba4551af60e59c7ed2eb6629627c80e9abfef996362827307e,2026-10-07
fa989d2e854d619f,T0d3629f9d6,Cunha,https://www.bbc.co.uk/sport/football/articles/c0r1lx8vg7jo?pubDate=20250718,62500000.00,GBP,200,VERIFIED,VERIFIED,£62.5m,Man Utd transfer news: Matheus Cunha signs for £62.5m from Wolves - BBC Sport BBC Homepage Skip to content Accessibility,20,B,d6dfe5c490ba4034a93d1cf5b22c34ce2e32ddced30cb9d916d641b33e05b8da,2026-10-07
fab113a5d42d286a,Td985f4c9b9,Núñez,https://www.bbc.co.uk/sport/football/articles/c4gje4j37r9o,46300000.00,GBP,200,NOT CONFIRMED (page fetched; figure not found near the player's name),UNVERIFIED,,,0,B,4ec937d45653c4802a6b62421645c325b2ed941352862ea98038247c36feea6b,2026-10-07
fac5aac2811c7ccc,T84301c8744,Lacazette,https://www.bbc.co.uk/sport/football/40496970,46500000.00,GBP,200,VERIFIED,VERIFIED,£46.5m,Alexandre Lacazette joins Arsenal for club record £46.5m from Lyon - BBC Sport BBC Homepage Skip to content Accessibility,19,B,9b668f257cc257ebfc609e3eccfe7ac2d2f2b2990fb31d8d9c56927c1f63d31c,2026-10-07
face1e9615096da5,Tbce1ee9986,Havertz,https://www.theguardian.com/football/2023/jun/28/arsenal-confirm-kai-havertz-signing-from-chelsea-in-65m-deal,65000000.00,GBP,200,VERIFIED,VERIFIED,£65m,Arsenal confirm Kai Havertz signing from Chelsea in £65m deal | Transfer window | The Guardian Skip to main content,20,B,19aad2604455e2deeb7ba61da2a9c5137370959cf0e7e86d327a09aa47707189,2026-10-07
fb03287afc3eceb7,T15d3c9ddab,Trafford,https://www.bbc.co.uk/sport/football/articles/cgk3k0654x6o,27000000.00,GBP,200,VERIFIED,VERIFIED,£27m,"a British goalkeeper. City sources say the move is worth £27m plus add-ons. However, Burnley sources put the figure at £31m plus",22,B,74327146715a69491f510515edcb890179c998b216d3983ee81274248cf275f3,2026-10-07
fb70c28a2ff72756,T3c1de8b529,Anelka,https://www.independent.co.uk/sport/letter-from-madrid-fever-pitch-real-style-1114510.html,22800000.00,GBP,200,VERIFIED,VERIFIED,pounds 22.8m,"of fixtures. Anelka - whisked from Arsenal for 5,600m pesetas (pounds 22.8m) in Spanish football's costliest signing - briskly shook from his",22,B,ae600a001c3847ac4c048444cfe7b853db20c62736ec823a4e1c9fcf7b328eed,2026-10-07
fb8995cbd49c411c,Tbf058f0621,Pavlyuchenko,https://www.bbc.co.uk/sport/football/16825253,8000000.00,GBP,200,VERIFIED,VERIFIED,£8m,for a fee believed to be in the region of £8m. The 30-year-old has signed a three-and-a-half-year deal. Spurs sanct,20,B,cd8b17c152ea606701402e14f7f7c0d48463a644c464651741596f8ac0e3b5b6,2026-10-07
fbaa520137dd7bfb,T4b52e8a521,Emersonn}},https://www.theguardian.com/football/2026/aug/22/ipswich-sunderland-premier-league-match-report,24000000.00,GBP,200,NOT CONFIRMED (page fetched; figure not found near the player's name),UNVERIFIED,,,0,B,fc7980f45cede1b3f8e66d528d1cf38ac7434db19bb3a4bcd77e868bc1fd983d,2026-10-07
fbb7e43a89a1cab2,T787ef8f50b,Jackson,https://www.skysports.com/football/news/13578279/nicolas-jackson-transfer-news-aston-villa-confirm-club-record-65m-signing-as-deal-agreed-to-sign-ibrahim-mbaye-from-psg,47500000.00,GBP,200,VERIFIED,VERIFIED,£47.5m,"Sports News understands Villa are paying a fixed fee of £47.5m for Jackson, which could reach £65m. The total package surpasses the",22,B,bbab9fd5f9e64e06359b1d3dc043d8450046eaf0d249d84b4291782448a24c29,2026-10-07
fbcb1a2b59ebee85,T62b7dd4231,Aguerd,https://www.bbc.co.uk/sport/football/61867137,30000000.00,GBP,200,VERIFIED,VERIFIED,£30m,Nayef Aguerd: West Ham complete £30m deal to sign Rennes defender - BBC Sport BBC Homepage Skip,17,B,e9d7ee4e36162dc7d17e38c71799b65246d8c278dced62e0952040d9b9930550,2026-10-07
fbd675a3629144ea,T4987af559d,Anderson,https://www.skysports.com/football/news/11678/13161291/newcastle-complete-anderson-and-minteh-sales-for-combined-65m,35000000.00,GBP,200,VERIFIED,VERIFIED,£35m,Newcastle transfers: Elliot Anderson completes £35m move to Nottingham Forest and Yankuba Minteh joins Brighton for £30m,17,B,0e9cab9052078ad852eaabd5d56dd05412dcca7183e2b649fcbbd5eee48f1bb2,2026-10-07
fbd94c3d2d1a029e,T45b032454f,Hoever,https://www.bbc.co.uk/sport/football/54214671,9000000.00,GBP,200,VERIFIED,VERIFIED,£9m,"Liverpool, with defender Ki-Jana Hoever moving the other way for £9m and a possible £4.5m in add-ons. Liverpool have also negotiated a",22,B,ecef04305c4213870e5db559222042638ec4bda6222dbddbbbd23882c9ec1b5e,2026-10-07
fbdbc519fb0c0bcb,T47f0ad22bd,Gravenberch,https://www.bbc.co.uk/sport/football/66680016,34300000.00,GBP,200,VERIFIED,VERIFIED,£34.3m,Ryan Gravenberch from Bayern Munich in a deal worth about £34.3m (40m euros). The 21-year-old Netherlands international has joined the,20,B,126690219a5e00bdcc038d15af6bf6e20b4f74daf93ed2aa0aeba7affed93421,2026-10-07
fc2c457b801a6f66,T16451975b8,Anderson,https://www.theguardian.com/football/2018/jul/15/west-ham-sign-felipe-anderson-in-club-record-deal-from-lazio,33500000.00,GBP,200,VERIFIED,VERIFIED,£33.5m,more than 8 years old West Ham will pay initial £33.5m to Lazio Anderson has agreed a four-year deal with the club,22,B,54719f5989a084c5d6432e98689a379b5bd98912b0c31abe77c8d43954b65bef,2026-10-07
fc2d4ce70d126678,Tcbba82f4ab,Henry,https://www.theguardian.com/football/2007/jun/25/newsstory.barcelona,16150000.00,GBP,200,VERIFIED,VERIFIED,£16.15m,Henry has agreed a four-year contract in a deal worth £16.15m to Arsenal. Henry's arrival at the Camp Nou gives Barça coach,22,B,25da5394c6cf5425e7c4680d87c0d32cc4b328f59e2e0dd1010462f48eb1dfb3,2026-10-07
fc59421e68aab0ce,T84579c54e9,Cucurella,https://www.theguardian.com/football/article/2024/may/15/from-boo-boy-to-cult-hero-how-marc-cucurella-has-sparked-chelsea-revival,55000000.00,GBP,200,VERIFIED,VERIFIED,£55m,"Tables Fixtures Results Competitions Clubs Marc Cucurella joined Chelsea for £55m in the summer of 2022, not long after Clearlake Capital’s takeover",22,B,2f1df1b19a40f0cff525f0418caf0f58e5c3b35e3c8a1d80668e6285a477eb7a,2026-10-07
fc72c79ada8087fa,Tcbba82f4ab,Henry,https://www.uefa.com/news-media/news/0254-0d7b9f6953ce-b41d57b83b2c-1000--barca-welcome-thrills-henry/,24000000.00,EUR,200,VERIFIED,VERIFIED,€24m,"Monday, June 25, 2007 Article summary Thierry Henry completed his €24m move from Arsenal FC to FC Barcelona on Monday saying he",22,B,38fec429a59ce2b6ee2c28020603bef487dab6897592ea1629e93b34d3ab65d0,2026-10-07
fc9244179a9cbae6,T177210a562,Stach,https://www.bbc.com/sport/football/articles/cn0q47l1lrvo,17000000.00,GBP,200,VERIFIED,VERIFIED,£17m,Anton Stach: Leeds Utd complete £17m signing from Hoffenheim - BBC Sport BBC Homepage Skip to content,17,B,bf128437e6be1215634e71f8d721081d15bd472c8952c0e41d66df5e5ddc2ecc,2026-10-07
fcba6fa5f53611b2,T106538fa98,Rodríguez,https://www.bbc.co.uk/sport/football/53992937,12000000.00,GBP,200,NOT CONFIRMED (page fetched; figure not found near the player's name),UNVERIFIED,,,0,B,284f08b3fb1e7ac70444e5b61c832b4f18c1a36f2122eaca626f10643a5c69ba,2026-10-07
fccb1aadee377cc3,T43865b84c7,1993}},https://www.bbc.co.uk/sport/football/articles/c6262dv8712o,12100000.00,GBP,200,NOT CONFIRMED (page fetched; figure not found near the player's name),UNVERIFIED,,,0,B,a2cd818555e31daf63f307d63333a98a10dee015bec30029f2dc38cf9bbb6b60,2026-10-07
fce1100bebac1a26,T3986d3943a,Babb,https://www.independent.co.uk/sport/football-scales-set-to-follow-babb-liverpool-s-pounds-7m-swoop-1446296.html,3500000.00,GBP,200,VERIFIED,VERIFIED,pounds 3.5m,day when Wimbledon's John Scales travelled north to discuss a pounds 3.5m transfer just hours after Phil Babb had signed from Coventry,22,B,2b21edafd13e1fb02784ed812d3782ca2588faded5dcd252b26a26bf6a99882b,2026-10-07
fd0f1d4aed5fcd3f,Tc9fd884ed2,Joao}},https://www.bbc.co.uk/sport/football/64456643,15000000.00,GBP,200,NOT CONFIRMED (page fetched; figure not found near the player's name),UNVERIFIED,,,0,B,cc17b25f0e1dd5018ae86fb0f00e88f10246f68618cee071c15c0a55fc2f4b9c,2026-10-07
fd3df83b2f0fe4ab,T2193c79d37,Werner,https://www.theguardian.com/football/2020/jun/04/chelsea-set-to-beat-liverpool-to-53m-signing-of-timo-werner,53000000.00,GBP,200,VERIFIED,VERIFIED,£53m,Chelsea set to beat Liverpool to £53m signing of RB Leipzig's Timo Werner | Chelsea | The Guardian,18,B,1d851f6034143f6946311ada59180a7be75ad5b88a282913086542b46d528b48,2026-10-07
fd4c9625826bc765,T28b2b8c29f,Grabbi,https://news.bbc.co.uk/sport2/hi/football/teams/b/blackburn_rovers/1390529.stm,7000000.00,GBP,200,NOT CONFIRMED (page fetched; figure not found near the player's name),UNVERIFIED,,,0,B,b5836166d6aa6d82fa20671871f1e356d193a84a4944e1ced343518a3638b483,2026-10-07
fd67577c9e97a034,Tbacf44018b,Ødegaard,https://www.bbc.co.uk/sport/football/58279217,30000000.00,GBP,200,NOT CONFIRMED (page fetched; figure not found near the player's name),UNVERIFIED,,,0,B,6c5e76b98ddb24150737bb154dcd718ed975ee6893495a64351484f7546f40f2,2026-10-07
fd81b8c3f1e977c4,T08c9a3560e,Bony,https://www.skysports.com/football/news/12875/9644669/transfer-news-manchester-city-complete-deal-to-sign-wilfried-bony,25000000.00,GBP,200,VERIFIED,VERIFIED,£25m,contract until the summer of 2019 for a fee of £25m that could rise to £28m. Bony is away on international duty,22,B,023bb022899ab158fbfded8ef94f4493ce34184726bf4e45ebca57363a6088f5,2026-10-07
fd8a9ecba43cf190,T91325caddf,Samba,http://www1.skysports.com/football/news/12691/7544955/Samba-seals-Anzhi-switch,12000000.00,GBP,200,VERIFIED,VERIFIED,£12m,a four-year deal for a fee in the region of £12million. More from Football Nations League: England player ratings agai,20,B,30f5356f869caf40951b3545098fe6781bb7aa904e68ca6cb199a1e1d7cb862f,2026-10-07
fd8c099dc3bd3b0d,T76ab561d9c,Shevchenko,https://www.uefa.com/news-media/news/01b5-0e6d8c59de3d-2285a6b08854-1000--shevchenko-seals-chelsea-switch/,45000000.00,EUR,200,VERIFIED,VERIFIED,€45m,"Shevchenko for a club record fee, thought to be around €45m. Article body Chelsea FC have confirmed the signing of the AC",22,B,0b414cfe81328476238b38b27f7ad9ced3b2dfe9f355c3af3f385e430e6cca79,2026-10-07
fd90b24a8e3cb42e,T771a380b3b,Ferreira,https://www.uefa.com/uefachampionsleague/news/019e-0e6ae9590af9-cd23fa4cb165-1000--ferreira-follows-mourinho/,20000000.00,EUR,200,VERIFIED,VERIFIED,€20m,"EURO 2004™, has agreed to join the London outfit for €20m, although the terms of the contract have not yet been finalised.",22,B,023a447c421e7b2b84826f873e69fc8aea4cb52dc93f7e23a0deab9efa7fd0e5,2026-10-07
fdb56c77591abc91,Tae87f301f5,Alisson,https://www.theguardian.com/football/2018/aug/08/chelsea-kepa-arrizabalaga-athletic-bilbao-transfer,66900000.00,GBP,200,VERIFIED,VERIFIED,£66.9m,"for Kepa eclipses the previous record for a goalkeeper of £66.9m, paid by Liverpool to Roma for Brazil’s No 1, Alisson ,",22,B,2ffc8e1799fcf2449074bb2fc5f0e6d8ab06722fe9ff6b7a13603d8fb3b4eeeb,2026-10-07
fdb6c4e5cc6c6553,T2068a85bef,Negredo,https://www.skysports.com/football/news/11680/10507225/alvaro-negredo-completes-move-to-middlesbrough-on-season-long-loan,19000000.00,GBP,200,NOT CONFIRMED (page fetched; figure not found near the player's name),UNVERIFIED,,,0,B,4612877e975b8e35fa4b5975073135147df4d651dba9e27e52009df94cd2d76e,2026-10-07
fdb8ac71ad6c05e2,Tf56b39c7da,Alves,https://www.independent.co.uk/sport/football/premier-league/boro-strikers-backed-to-shine-next-season-814599.html,12700000.00,GBP,200,VERIFIED,VERIFIED,£12.7m,has since broken the club's transfer record to sign the £12.7m Brazilian Afonso Alves. All four have shown flashes of the talent,22,B,c6a1463850ea0949166bb83af73a33ceb4dea74edd2e5d0215f65900c500c547,2026-10-07
fdc23c7628994784,T94de6ff7a0,Thiaw,https://www.bbc.co.uk/sport/football/articles/c3dpp84lklxo,34600000.00,GBP,200,VERIFIED,VERIFIED,£34.6m,"The Germany centre-back joins Eddie Howe's side for a reported £34.6m, including add-ons. He is Newcastle 's third signing of what has",22,B,f3e87449a54dac2db7e1145b14554cc343a1f8a0179d7de07bd686ae2c0909de,2026-10-07
fdd2840170b6783d,T4d2f1b2960,Carroll,https://www.theguardian.com/football/2013/jun/18/andy-carroll-medical-west-ham,15000000.00,GBP,200,VERIFIED,VERIFIED,£15m,Andy Carroll seals his £15m move to West Ham after completing medical | Andy Carroll |,16,B,9904b4d6b02f0e490e2c3957385fd815771ecb83dc86fbc223b2d20e6390ef27,2026-10-07
fde1fc8af46a2386,T33c571dfa2,Ekoku,https://www.independent.co.uk/sport/football-cort-lays-down-law-to-newcastle-1239200.html,900000.00,GBP,200,NOT CONFIRMED (page fetched; figure not found near the player's name),UNVERIFIED,,,0,B,42952890dcf5b0def4eb8d3011b01ee6c6a33d17f0e0a9a3051c03932716c26a,2026-10-07
fde2afa0d49ae374,T94a3cb0438,Ziyech,https://www.standard.co.uk/sport/football/galatasaray-sign-hakim-ziyech-chelsea-fc-transfer-news-b1090132.html,2500000.00,GBP,200,VERIFIED,VERIFIED,£2.5m,paid £3million to sign Ziyech on loan with a further £2.5m fee for his permanent transfer. And he attended Gala’s 2-0 win,22,D,4dabb39294943bc79ee82f0320454df51a06499f3b1e75827ae884111801abfa,2026-10-07
fe3b234a41b6cefa,Ta933327dff,Touré,http://news.bbc.co.uk/sport1/hi/football/teams/m/man_city/8783455.stm,24000000.00,GBP,200,NOT CONFIRMED (page fetched; figure not found near the player's name),UNVERIFIED,,,0,B,3935b23a9be02dbaa72ca7c86e6715dc1a4fb9881698ef06c194d74ffd4d3964,2026-10-07
fe8087cc8f3d97ea,T3eedae807c,Heskey,https://www.independent.co.uk/sport/football/premier-league/heskey-aiming-for-england-recall-after-163-5-5m-wigan-move-6096020.html,5500000.00,GBP,200,VERIFIED,VERIFIED,£5.5m,Heskey aiming for England recall after £5.5m Wigan move | The Independent | The Independent Thank you for,18,B,21188294ab70160a9355211ce3e4d5e3048577d0f716191544ed085850b5bdaf,2026-10-07
fe88f7976ee651fb,T25a42b1341,Kramarić,https://www.theguardian.com/football/2015/jan/07/leicester-city-transfer-record-croatia-andrej-kramaric,9700000.00,GBP,200,NOT CONFIRMED (page fetched; figure not found near the player's name),UNVERIFIED,,,0,B,cc78afc5a0a780806826c589992bcd334bafab4866a05fc11da04ab94c240a61,2026-10-07
fe925a2293dfabbf,T82214746ca,Carroll,http://news.bbc.co.uk/sport2/hi/football/eng_prem/9382215.stm,35000000.00,GBP,200,VERIFIED,VERIFIED,£35m,"Carroll from Newcastle for a club record fee of about £35m. ""Andy Carroll has completed his move from Newcastle to Liverpool and",22,B,ee8e9b4f82f41d0c445d84972f583f047dce745d0e49ed5eb619930cc78bab79,2026-10-07
fe933240128d1b59,Te233992648,Luiz,https://www.skysports.com/football/news/11668/9348040/transfer-news-paris-saint-germain-confirm-16350million-purchase-of-chelseas-david-luiz,50000000.00,GBP,200,VERIFIED,VERIFIED,£50m,Transfer news: Paris Saint-Germain confirm £50million purchase of Chelsea's David Luiz | Football News | Sky Sports,17,B,72c2f9166ece833f405278ef180b9a0975df3691dd7c1eb209dfc488786cb836,2026-10-07
fea5adcb2a8eb0b4,T892cab0585,Simms,https://www.footballscotland.co.uk/spfl/other-football/ellis-simms-earns-8million-move-27281867,8000000.00,GBP,200,VERIFIED,VERIFIED,£8m,Newsletters Signup SPFL Other Football Hearts FC Ellis Simms earns £8million move as former Hearts star makes big money switch The former,22,D,8709cf98af8789b37987edc866d3cefa924c64b2a90485c806db2c10d445e853,2026-10-07
febc84e683866dca,T076586e54d,Bilić,https://www.theguardian.com/football/2001/may/09/newsstory.sport9,4500000.00,GBP,200,NOT CONFIRMED (page fetched; figure not found near the player's name),UNVERIFIED,,,0,B,51cde6eca9cbf4e66596d3acbd95b3d715e1b936d073c297d59203521eae79c9,2026-10-07
fefee9a109306c7f,Td21fd91736,Mendy,https://www.theguardian.com/football/2017/jul/24/manchester-city-sign-benjamin-mendy-monaco-transfer-window,52000000.00,GBP,200,VERIFIED,VERIFIED,£52m,Manchester City sign £52m Benjamin Mendy to take spending over £200m | Manchester City |,15,B,821711483ccde5b7de41772b7fd7848c95aab770a76da37869be3526bdab0997,2026-10-07
ff4521bfaf140318,Tb714233974,Mamardashvili,https://www.skysports.com/football/news/11095/13203708/giorgi-mamardashvili-liverpool-sign-goalkeeper-from-valencia-in-arne-slots-first-deal-but-he-will-arrive-next-summer,29000000.00,GBP,200,VERIFIED,VERIFIED,£29m,with Valencia; Liverpool have agreed a deal worth up to £29m for the Georgia international; Liverpool already have Alisson and Cao,21,B,61f0c9581f41235df7b52c4dc43b5de6d05fc7945c4a74ce0c11ae3e526d4dad,2026-10-07
ff4ac2e4bf7946ab,Tb757e5a198,Tosun,https://www.bbc.co.uk/sport/football/42567472,27000000.00,GBP,200,VERIFIED,VERIFIED,£27m,Cenk Tosun: Everton agree deal for £27m Besiktas striker - BBC Sport BBC Homepage Skip to content Accessibili,18,B,2833e619d6c0661a2a91204d0b1161ca49c807da45e01da74f96c409b4c00d3d,2026-10-07
ff86ac0f5439fdb3,T00c65c1a3f,Leboeuf,https://www.independent.co.uk/sport/chelsea-import-france-s-leboeuf-1338732.html,2500000.00,GBP,200,VERIFIED,VERIFIED,pounds 2.5m,"French centre-half, Franck Leboeuf, to Stamford Bridge from Strasbourg for pounds 2.5m. The balding 28-year-old defender has signed a four-year deal with",22,B,ec0ca976c0a3d66758d30517a4a4f0018d20abb96e2102f7cc23d9fddb703490,2026-10-07
ffd7b8acf009a0eb,Ta370be3cec,Anelka,https://www.theguardian.com/football/2006/aug/25/newsstory.boltonwanderers,8000000.00,GBP,200,VERIFIED,VERIFIED,£8m,"the Premiership after Sam Allardyce finally secured a club record £8m deal for the Fenerbahce striker. The temperamental Frenchman, who has",21,B,4b403b3b3ac1691fd88915f91dd3ef0dba081b6b120674033f7a46487fee0689,2026-10-07
ffe05749696f2bad,Tadfc57a4f9,Willian,https://www.skysports.com/football/news/11668/8893587/transfer-news-chelsea-complete-signing-of-willian-from-anzhi-makhachkala,25500000.00,GBP,200,VERIFIED,VERIFIED,£25.5m,for a fee thought to be in the region of £25.5m. More from Football Who came out on top? - All the,22,B,96c59c4594e2df805152e86791f0f2711161000015c4b04aef48d1d7677505a5,2026-10-07
ffef1d9a66b82869,T4c7ffd25f1,Ćurčić,https://www.independent.co.uk/sport/little-moves-in-for-pounds-4m-curcic-1309845.html,4000000.00,GBP,200,NOT CONFIRMED (page fetched; figure not found near the player's name),UNVERIFIED,,,0,B,31a0468d3921319f507d1377cd0bca23cc827d12c3edddde3effbde293141a4a,2026-10-07
fff82ac0f5fcae9b,T19b286c384,Heaton,https://www.bbc.co.uk/sport/football/transfers,8000000.00,GBP,200,NOT CONFIRMED (page fetched; figure not found near the player's name),UNVERIFIED,,,0,B,885f5b031788aefba9320caf07fb636108810d6a922abdd5b39f19a62def6b08,2026-10-07
