deal_id,transfer_id,player,date,pl_side
U0001,T23a488d866,Paul Sixsmith,1992-06-30,seller
U0002,Ta716cd737e,Paul Wratten,1992-06-30,seller
U0003,T0ed8e80d9b,Nick Colgan,1992-07-01,buyer
U0004,Te5cd013c44,Romeo Zondervan,1992-07-01,seller
U0005,T395ed76a71,Clive Baker,1992-08-01,buyer+seller
U0006,Ta0b57fbe40,Jamie Forrester,1992-10-20,buyer
U0007,T688c39a9c1,Vlado Bozinovski,1992-12-01,buyer
U0008,Tc5e47f08d1,Vlado Bozinovski,1993-06-30,seller
U0009,T8d86d98ebe,Neil Wypior,1997-07-14,seller
U0010,Tbf391e47e8,Darran Clyde,1997-08-01,seller
U0011,T8a884d7558,Dave Hercock,1997-08-01,seller
U0012,Tb9d7b2493f,Bruce Grobbelaar,1997-09-22,buyer
U0013,T5000e89bd3,David Curtolo,1997-11-27,buyer
U0014,T925a4e4078,Alan Quinn,1997-12-06,buyer
U0015,Te0efadec9b,Karel Poborský,1997-12-30,seller
U0016,T6ca3d1f810,Jean-Guy Wallemme,1998-06-04,buyer
U0017,Tabc80b2623,Leon Mills,1998-07-04,seller
U0018,Tf2b13c987a,Ståle Solbakken,1998-08-01,seller
U0019,Ta531a5bba8,John O'Shea,1998-08-03,buyer
U0020,T0adf896ca7,Juan Cobián,1998-08-11,buyer
U0021,T2c7dcf9973,Luděk Mikloško,1998-12-25,seller
U0022,Tc611d7e175,Bojan Djordjic,1999-02-17,buyer
U0023,T0ce7098e70,Mark McCammon,1999-03-09,buyer
U0024,T3ebd067181,Lee Doherty,1999-03-19,seller
U0025,Te3931cb466,Michael Ryan,1999-03-24,seller
U0026,T39bca0bc3d,Paul Gibson,1999-03-25,seller
U0027,T41a2d03591,Scot Gemmill,1999-03-25,buyer+seller
U0028,T7340e9b7ab,Benito Carbone,1999-10-20,buyer+seller
U0029,T2c7047dc3a,Tomas Gustafsson,1999-12-08,buyer
U0030,Tabfcfab934,Richard Wellens,2000-03-23,seller
U0031,Tdaabb57473,Stephen Wright,2000-08-21,seller
U0032,T765cf2ce75,Ryan McGuffie,2000-08-31,buyer
U0033,T071302f3e4,Dan Petrescu,2001-01-12,buyer+seller
U0034,Tc0e4ff356a,Roy Carroll,2001-07-01,buyer
U0035,T490ab3ce4a,Peter Degn,2001-07-20,seller
U0036,T960e136d0c,Sean Doherty,2001-07-25,buyer+seller
U0037,T803136c121,Chris Kirkland,2001-08-31,buyer
U0038,T8ae5df1a39,Nils-Eric Johansson,2001-10-05,buyer
U0039,T4d4d3c5b6f,Ian Hillier,2001-11-07,seller
U0040,T1232af665b,Marcus Bent,2001-11-23,buyer+seller
U0041,T3d3329a544,Gérald Forschelet,2002-02-01,buyer
U0042,Tec1e273417,Warren Barton,2002-02-01,buyer+seller
U0043,T2c9e2e7aa0,Hakan Ünsal,2002-02-21,buyer
U0044,T0b828b67fe,Paul Dickov,2002-02-22,buyer
U0045,T8c7f144ba2,Damien Johnson,2002-03-08,seller
U0046,T4702986b41,Tyrone Loran,2002-05-21,buyer
U0047,T89e16e9352,Kieran Richardson,2002-07-01,buyer+seller
U0048,T840ee916af,Eddie Lewis,2002-09-04,seller
U0049,Td7eefd6c5c,Keith Southern,2002-11-08,seller
U0050,T3e56c8327d,Federico Arias,2003-01-08,buyer
U0051,Td1f649828f,Dene Shields,2003-01-17,seller
U0052,T26097d22c0,Craig Penman,2003-01-31,seller
U0053,T1bbe926948,Kangana Ndiwa,2003-01-31,buyer
U0054,Tca218f7696,Stuart Naylor,2003-01-31,seller
U0055,T62d49ed8a7,Philippe Senderos,2003-06-01,buyer
U0056,T727d58d226,Niclas Jensen,2003-07-08,seller
U0057,T55c5432a4f,Brett Emerton,2003-07-10,buyer
U0058,Ta28a4589ab,Glen Johnson,2003-07-15,buyer
U0059,T706392b070,Guillaume Warmuz,2003-07-26,seller
U0060,T466cca3845,Jens Lehmann,2003-07-26,buyer
U0061,Ta323aa04cb,Amdy Faye,2003-08-05,buyer
U0062,T51be52d213,Noel Whelan,2003-08-05,seller
U0063,T993153b53b,James Beaumont,2003-08-09,seller
U0064,T0ec724d977,Ross Gardner,2003-08-09,seller
U0065,T0ad90243b4,Mark Crossley,2003-08-13,buyer+seller
U0066,T9e65c5c3f7,Mbulelo Mabizela,2003-08-13,buyer
U0067,T3671c13dae,Sebastian Schemmel,2003-08-13,buyer
U0068,T5a23323843,Carlo Nash,2003-08-14,buyer+seller
U0069,T9f72af40c6,Dexter Blackstock,2003-09-01,buyer
U0070,Tfb4d8f1638,James McFadden,2003-09-01,buyer
U0071,T460bf23928,Mark Pembridge,2003-09-01,buyer+seller
U0072,Tfee6cd0829,Nigel Martyn,2003-09-01,buyer+seller
U0073,Tc60e482c90,Pavel Srníček,2003-09-01,buyer
U0074,Tf6dc080645,Moritz Volz,2004-01-21,buyer+seller
U0075,T1f5c75ccc2,Ivica Mornar,2004-01-30,buyer
U0076,T2f06ca5080,Giovanni van Bronckhorst,2004-05-25,seller
U0077,Tff3bc41c0e,Sean Davis,2004-07-09,buyer+seller
U0078,Tecc0703f4f,Markus Babbel,2004-07-16,seller
U0079,T70ee43e5ab,Tomasz Radzinski,2004-07-23,buyer+seller
U0080,Tbdc13b635a,Papa Bouba Diop,2004-07-27,buyer
U0081,T429a445f26,Mattias Jonson,2004-08-05,buyer
U0082,Tf665b90440,Stephen Carr,2004-08-10,buyer+seller
U0083,Tb3b262173a,Luis Garcia,2004-08-20,buyer
U0084,Tb7b7e31e19,Diego Forlán,2004-08-21,seller
U0085,T6ab1e048ae,Michael Carrick,2004-08-24,buyer
U0086,Tc24cd079ed,Celestine Babayaro,2005-01-03,buyer+seller
U0087,T2ee2dd43bd,Jiri Jarosik,2005-01-06,buyer
U0088,Tbfdf37856b,Mounir El Hamdaoui,2005-01-27,buyer
U0089,T5f7f8b20f6,Olivier Bernard,2005-01-31,buyer+seller
U0090,T7bb182b511,Paul Konchesky,2005-07-05,buyer+seller
U0091,Tf9dba794a4,Damien Francis,2005-08-05,buyer
U0092,Tf4c00dc011,Brian Priske,2005-08-22,buyer
U0093,T279fd0b6f1,Andy van der Meyde,2005-08-31,buyer
U0094,T440c9e064b,Lee Yong-Pyo,2005-08-31,buyer
U0095,T735a70e259,Mikel John Obi,2006-01-01,buyer
U0096,Tc59b25aec7,Ali Al Habsi,2006-01-06,buyer
U0097,Tbb9276886d,Noe Pamarot,2006-01-12,buyer+seller
U0098,Taf5f2dfef2,Pedro Mendes,2006-01-12,buyer+seller
U0099,T2a5c9cce6d,Sean Davis,2006-01-12,buyer+seller
U0100,Te8bee4c0ac,Emmanuel Adebayor,2006-01-13,buyer
U0101,Tb6990bd39f,Dean Kiely,2006-01-25,buyer+seller
U0102,Ta1dc01e2da,David Bentley,2006-01-31,buyer+seller
U0103,Tbf44136896,Hossam Ghaly,2006-01-31,buyer
U0104,Tcf064eaec6,Quincy Owusu-Abeyie,2006-01-31,seller
U0105,T6b454e0457,Salomon Kalou,2006-05-30,buyer
U0106,Tc6975dfb5f,Jiri Jarosik,2006-06-19,seller
U0107,Tcc8ea8afe7,Bruno Cheyrou,2006-06-30,seller
U0108,T5be03b8096,David Bellion,2006-07-01,seller
U0109,T28f3180868,Gabriel Paletta,2006-07-01,buyer
U0110,T3a6d80b41e,Jason Roberts,2006-07-03,buyer+seller
U0111,T85515a3ede,Bradley Wright-Phillips,2006-07-05,seller
U0112,Tbd99f19cb7,Carlton Cole,2006-07-05,buyer+seller
U0113,Tad19029030,Björn Runström,2006-07-12,buyer
U0114,T95e2c02cce,Abdoulaye Méïté,2006-07-14,buyer
U0115,T4f1cea39cd,Dean Marney,2006-07-14,seller
U0116,T0dba2d03ec,Denny Landzaat,2006-07-18,buyer
U0117,Tf61678d919,Bernardo Corradi,2006-07-20,buyer
U0118,Te08968e684,Franck Queudrue,2006-07-27,buyer+seller
U0119,T2728a95d3d,Benni McCarthy,2006-07-28,buyer
U0120,T9dfba46ed4,Willo Flood,2006-08-02,seller
U0121,T4784ca5b07,Jhon Viáfara,2006-08-04,seller
U0122,Tb04811559b,Ryan Smith,2006-08-04,seller
U0123,Td0d27c71db,Zesh Rehman,2006-08-08,seller
U0124,T91e2f4aa14,Khalid Boulahrouz,2006-08-21,buyer
U0125,Tb4f985454d,Andre Ooijer,2006-08-23,buyer
U0126,T17f936e2a1,Mathieu Berson,2006-08-23,seller
U0127,Tace971903f,Andranik Teymourian,2006-08-29,buyer
U0128,Tc732f3b970,Neil Mellor,2006-08-30,seller
U0129,T45f0cda997,Antoine Sibierski,2006-08-31,buyer+seller
U0130,Td8699c30e0,Carlos Tevez,2006-08-31,buyer
U0131,T57f5c45f88,David Connolly,2006-08-31,seller
U0132,T7cfc208180,Jan Kromkamp,2006-08-31,seller
U0133,Td6ce444611,Javier Mascherano,2006-08-31,buyer
U0134,T844fbf860b,Jonathan Douglas,2006-08-31,seller
U0135,T7b1d828173,Júlio Baptista,2006-08-31,buyer
U0136,Te23f550972,Steed Malbranque,2006-08-31,buyer+seller
U0137,T9507b31841,Sylvain Legwinski,2006-08-31,seller
U0138,T5595f42280,Chris Kirkland,2006-10-27,buyer+seller
U0139,T1c01998d3f,Stephan Andersen,2007-01-01,seller
U0140,Td1a789e0e5,Moses Ashikodi,2007-01-02,buyer
U0141,Tf6f3e80c1d,Luís Boa Morte,2007-01-05,buyer+seller
U0142,T5ccd53ec79,Peter Whittingham,2007-01-11,seller
U0143,Te7b481bb3e,David Dunn,2007-01-17,buyer
U0144,Tb63b6fe5a2,Calum Davenport,2007-01-18,buyer+seller
U0145,Tc4a3b39674,Darren Potter,2007-01-18,seller
U0146,Tadcd0f1ed9,John Carew,2007-01-22,buyer
U0147,Tad7e0f7a3e,Lucas Neill,2007-01-22,buyer+seller
U0148,T3307c29d75,Milan Baroš,2007-01-22,seller
U0149,T69fbb956f8,Stephen Warnock,2007-01-22,buyer+seller
U0150,T4199ab6b3c,Ricardo Rocha,2007-01-23,buyer
U0151,T0071211d14,Jordy Brouwer,2007-01-24,buyer
U0152,T8ea7aef3a6,Simon Davies,2007-01-24,buyer+seller
U0153,Tff23b5a392,Christopher Samba,2007-01-25,buyer
U0154,T9be64e39e5,Lee Dong-Gook,2007-01-25,buyer
U0155,Tb894278d87,Mikkel Andersen,2007-01-26,buyer
U0156,T2bb34e2821,Alexey Smertin,2007-01-27,buyer
U0157,Tcbd1722ea6,Alan Bennett,2007-01-29,buyer
U0158,T2edf2dd306,Bruno Berner,2007-01-30,buyer
U0159,T3b04429496,Edgar Davids,2007-01-30,seller
U0160,T9f415132de,Julius Aghahowa,2007-01-30,buyer
U0161,T26502b9f1c,David Thompson,2007-01-31,buyer+seller
U0162,Ta45fd2a8ce,Gareth Williams,2007-01-31,buyer
U0163,T8610a408c1,Javier Mascherano,2007-01-31,buyer+seller
U0164,T52bc244fce,Michael Ball,2007-01-31,buyer
U0165,T7e5c4b4158,Michael Duberry,2007-01-31,buyer
U0166,T4590a7fcb2,Nuno Morais,2007-05-11,seller
U0167,Tc4b6d3b3a2,Zoltán Harsányi,2007-05-17,buyer
U0168,T99facc0ef6,Mart Poom,2007-05-26,seller
U0169,T4e908dd338,András Simon,2007-05-28,buyer
U0170,T330cf412a6,Krisztián Németh,2007-05-28,buyer
U0171,Ta124932041,Jacob Mellis,2007-06-04,buyer
U0172,T1d5a448866,Adel Taarabt,2007-06-08,buyer
U0173,Tf16dac60d6,Yuri Berchiche,2007-06-08,buyer
U0174,Taa2062dd01,Andreas Granqvist,2007-06-19,buyer
U0175,T482738d2a2,Nikolay Mihaylov,2007-06-27,buyer
U0176,T4a98fbeed5,Jonas Elmer,2007-06-28,seller
U0177,Tbcbe91987c,Alan O'Brien,2007-07-01,seller
U0178,T1fdb14f524,Danny Philliskirk,2007-07-01,buyer
U0179,Tc5939d02b7,Łukasz Fabiański,2007-07-01,buyer
U0180,Ted8d77284d,Eduardo da Silva,2007-07-02,buyer
U0181,Tc555ac22b9,Gunnar Nielsen,2007-07-02,buyer
U0182,Ta9b0518cce,Maceo Rigters,2007-07-02,buyer
U0183,Tc2b62fe623,Tomasz Kuszczak,2007-07-02,buyer
U0184,T22416cc570,Håvard Nordtveit,2007-07-03,buyer
U0185,T7a3ff33e38,Mark Yeates,2007-07-03,seller
U0186,Tccc050ee63,Reto Ziegler,2007-07-03,seller
U0187,T1fad8dc9a1,Arnold Mvuemba,2007-07-05,buyer
U0188,Tec5613d567,Callum Reynolds,2007-07-05,buyer
U0189,T915ac72277,Paris Cowan-Hall,2007-07-05,buyer
U0190,T5aef79907b,Steven Davis,2007-07-05,buyer+seller
U0191,T6a3277fbbe,Younes Kaboul,2007-07-05,buyer
U0192,Tcc7f32bc50,Ryan Crowther,2007-07-09,buyer
U0193,T8fc79787bc,David Nugent,2007-07-11,buyer
U0194,Tbb8aab25b9,Emil Hallfreðsson,2007-07-11,seller
U0195,Ta87ef9364b,Harry Forrester,2007-07-11,buyer
U0196,Tc11f8c6fbf,John Utaka,2007-07-11,buyer
U0197,Tc17a4f7ef4,Bacary Sagna,2007-07-12,buyer
U0198,Tb72213491b,Yossi Benayoun,2007-07-12,buyer+seller
U0199,T322aff94f2,Gelson Fernandes,2007-07-14,buyer
U0200,T921ead48f2,Kieran Richardson,2007-07-16,buyer+seller
U0201,T807849855a,Marlon Harewood,2007-07-17,buyer+seller
U0202,Tce052163b7,Lee Cook,2007-07-19,buyer
U0203,Tbf54296708,Stephen Elliott,2007-07-19,seller
U0204,T02166e80f0,Heiðar Helguson,2007-07-23,buyer+seller
U0205,T73a0cf17b1,Danny Rose,2007-07-25,buyer
U0206,Tb9100d1093,Lucas,2007-07-26,buyer
U0207,Tc665e51ea5,Lewis Price,2007-07-27,buyer
U0208,Tc1358a65ab,José Antonio Reyes,2007-07-30,seller
U0209,T2115c0251b,Giuseppe Rossi,2007-07-31,seller
U0210,T4ce9f3520c,Kevin-Prince Boateng,2007-07-31,buyer
U0211,Tf97bcb21be,Michael Brown,2007-07-31,buyer+seller
U0212,Taaa8234523,Roque Santa Cruz,2007-08-01,buyer
U0213,T95e16d52c8,Vedran Ćorluka,2007-08-02,buyer
U0214,T765bffddd1,Daniel Braaten,2007-08-03,buyer
U0215,T3ec20663b0,Valeri Bojinov,2007-08-03,buyer
U0216,Tebcba052cb,Adrian Leijer,2007-08-04,buyer
U0217,Te605a3d06f,Collins Mbesuma,2007-08-04,seller
U0218,T18be564dbc,Hamer Bouazza,2007-08-08,buyer
U0219,T71ff6f2f0a,Charles Itandje,2007-08-09,buyer
U0220,T76c29b57f4,Francis Jeffers,2007-08-09,seller
U0221,T476d1a6694,Roy O'Donovan,2007-08-09,buyer
U0222,Tfb69ed0352,Lomana LuaLua,2007-08-12,seller
U0223,T4bc127de14,Andy O'Brien,2007-08-13,buyer+seller
U0224,Ta098e24940,Eddie Lewis,2007-08-20,buyer
U0225,Tb9359aa448,Gabriel Heinze,2007-08-23,seller
U0226,T647ebfa506,Juliano Belletti,2007-08-23,buyer
U0227,Td28ec0f4e6,Gabriel Paletta,2007-08-26,seller
U0228,T04f02d98c9,Rachid Bouaouzan,2007-08-30,buyer
U0229,Tf0b2538ac4,Abdoulaye Faye,2007-08-31,buyer+seller
U0230,T5f768f7a34,Damien Plessis,2007-08-31,buyer
U0231,Te23a5fca27,Gary O'Neil,2007-08-31,buyer+seller
U0232,T56b358f0f4,Glen Johnson,2007-08-31,buyer+seller
U0233,Te7f1b4dd11,Habib Beye,2007-08-31,buyer
U0234,Tc8e2802256,Lassana Diarra,2007-08-31,buyer+seller
U0235,T676e9ae91b,Liam Rosenior,2007-08-31,buyer+seller
U0236,Tdca997ab4f,Moustapha Salifou,2007-08-31,buyer
U0237,Tf1bada9283,Papa Bouba Diop,2007-08-31,buyer+seller
U0238,T85191513dd,Paul Huntington,2007-08-31,seller
U0239,T2f2a4c3ded,Seol Ki-Hyeon,2007-08-31,buyer+seller
U0240,T5ee005cb3a,Andy Webster,2007-09-04,buyer
U0241,Taf79f4d982,Radoslav Vasilev,2007-12-12,buyer
U0242,T38ebe68d46,Tamir Cohen,2008-01-01,buyer
U0243,Taf967919ae,Hogan Ephraim,2008-01-02,seller
U0244,T8a362d8923,Matthew Connolly,2008-01-02,seller
U0245,Tad392e1267,Fitz Hall,2008-01-04,seller
U0246,T64949ae418,Matty Pattison,2008-01-04,seller
U0247,Taaf70ed92c,Ben Tozer,2008-01-07,buyer
U0248,Td3518cbc77,Danijel Subotić,2008-01-07,buyer
U0249,T78c07e62bb,Andrew Davies,2008-01-10,seller
U0250,T5a0ad17464,Phil Ifil,2008-01-10,seller
U0251,T434418dfba,Martin Škrtel,2008-01-11,buyer
U0252,T4d4f80fa7f,Wilson Palacios,2008-01-11,buyer
U0253,Tc0c2f95aec,Gérald Cid,2008-01-14,seller
U0254,T60c265b988,Jean-Yves Mvoto,2008-01-15,buyer
U0255,T0b429fe24b,Branislav Ivanović,2008-01-16,buyer
U0256,T8032feaa7c,Lassana Diarra,2008-01-17,buyer+seller
U0257,Te9c91ece6f,Matty Taylor,2008-01-17,buyer+seller
U0258,T7a2e6ad32d,Andy Taylor,2008-01-18,seller
U0259,Td0e8e46d5c,Antonio Valencia,2008-01-18,buyer
U0260,T34a85916b8,Brede Hangeland,2008-01-18,buyer
U0261,T85624d1dd5,Jonathan Flynn,2008-01-22,buyer
U0262,T583db49926,Leon Andreasen,2008-01-22,buyer
U0263,Tc0ba234cad,Eddie Johnson,2008-01-23,buyer
U0264,Tcc017e8d9c,Erik Edman,2008-01-23,buyer
U0265,Tdf5bb961c3,Mile Sterjovski,2008-01-23,buyer
U0266,T209b002c3c,Marlon King,2008-01-25,buyer
U0267,T1bba5232dc,Jimmy Kébé,2008-01-28,buyer
U0268,Ta7c59e3862,Jon Macken,2008-01-28,seller
U0269,T3ee2f0d7c0,Jonathan Woodgate,2008-01-28,buyer+seller
U0270,T5247192d84,Gary Cahill,2008-01-30,buyer+seller
U0271,Tb08880b1e9,Anderson de Silva,2008-01-31,seller
U0272,Td8f2b38042,Ben Hutchinson,2008-01-31,seller
U0273,T8521fb668d,Gilberto,2008-01-31,buyer
U0274,Tc5291ac345,Lee Peltier,2008-01-31,seller
U0275,T32225d4e4e,Ousmane Dabo,2008-01-31,seller
U0276,Ta6888b1c58,Przemysław Kazimierczak,2008-01-31,seller
U0277,T62b0249519,Simon Cox,2008-01-31,seller
U0278,T98839ba428,Toni Kallio,2008-01-31,buyer
U0279,Tf258526d99,Ľubomír Michalík,2008-01-31,seller
U0280,Tf805b459dd,Jermain Defoe,2008-02-05,buyer+seller
U0281,T5c5eb5c786,Sam Filler,2008-02-07,buyer
U0282,Tfcb214cb69,Ashley Grimes,2008-05-21,seller
U0283,Td76a764e1f,Gerard Piqué,2008-05-27,seller
U0284,T13caf75b7b,David Stockdale,2008-06-04,buyer
U0285,T36a3d8fdd6,Glen Little,2008-06-20,buyer
U0286,T6625ecf57c,Julius Aghahowa,2008-06-20,seller
U0287,Tc424dcf501,Heurelho Gomes,2008-06-26,buyer
U0288,T8b6aea0afd,Daniel Braaten,2008-06-27,seller
U0289,T4a1208ca60,Deco,2008-06-30,buyer
U0290,T2f7cd03d31,Andreas Isaksson,2008-07-02,seller
U0291,T7282196f62,Anthony Le Tallec,2008-07-02,seller
U0292,T2717a13689,Garry Breen,2008-07-02,seller
U0293,T7c6e26f2eb,Jonás Gutiérrez,2008-07-02,buyer
U0294,T16b4992009,Andrea Dossena,2008-07-04,buyer
U0295,Td6c90d9ea1,Hólmar Örn Eyjólfsson,2008-07-04,buyer
U0296,T0397674a10,Joe Martin,2008-07-04,seller
U0297,Td60b5ffd8c,Tommy Forecast,2008-07-07,seller
U0298,T47c824c911,Vincent Weijl,2008-07-10,buyer
U0299,Tcec54be396,Danny Guthrie,2008-07-11,buyer+seller
U0300,Te3caa6f18a,Diego Cavalieri,2008-07-11,buyer
U0301,T6d505db33e,Samir Nasri,2008-07-11,buyer
U0302,Teea099c705,Bobby Zamora,2008-07-15,buyer+seller
U0303,Te8f2b5cc15,Georgios Samaras,2008-07-15,seller
U0304,Tca46c3e52a,John Paintsil,2008-07-15,buyer+seller
U0305,T0d100a9ba6,George Boateng,2008-07-16,buyer+seller
U0306,Tde4d1f3ddc,Andreas Granqvist,2008-07-17,seller
U0307,Tc6a007aa76,Dejan Stefanovic,2008-07-19,seller
U0308,Ta3e90b5694,Richard Wright,2008-07-21,seller
U0309,T2db78077c7,Teemu Tainio,2008-07-23,buyer+seller
U0310,Ta05f4eea37,David Ngog,2008-07-24,buyer
U0311,T99a959426b,David Meyler,2008-07-25,buyer
U0312,T03b8b23cf1,Nathan Ashton,2008-07-25,seller
U0313,T81c469f526,Brad Friedel,2008-07-26,buyer+seller
U0314,Tc596608e66,Pascal Chimbonda,2008-07-26,buyer+seller
U0315,T8129ddf0c9,El Hadji Diouf,2008-07-28,buyer+seller
U0316,Tfec8d0b403,Mustapha Riga,2008-07-28,buyer
U0317,Tb48180a34d,Chris Eagles,2008-07-29,seller
U0318,T5057f82d60,Lee Cattermole,2008-07-29,buyer+seller
U0319,T77a749107f,Amaury Bischoff,2008-07-30,buyer
U0320,Tc5d99cdebc,Fredrik Stoor,2008-07-30,buyer
U0321,Tae88caf232,Steed Malbranque,2008-07-30,buyer+seller
U0322,T6ba83a67fa,Tal Ben Haim,2008-07-30,buyer+seller
U0323,Tbc5f64ae9c,David Cotterill,2008-07-31,seller
U0324,T22fc93f29e,Brad Guzan,2008-08-01,buyer
U0325,T76b9d1be13,Omar Koroma,2008-08-04,buyer
U0326,Td71e5d429b,Danny Shittu,2008-08-06,buyer
U0327,Tc0cfcc4a5e,Julio Santa Cruz,2008-08-06,buyer
U0328,T9409cbc49f,Luke Young,2008-08-07,buyer+seller
U0329,Ted3226f4d0,Nicky Shorey,2008-08-07,buyer
U0330,T6a65655c8c,Younes Kaboul,2008-08-11,buyer+seller
U0331,T6c23ab6a6f,César Sánchez,2008-08-12,buyer
U0332,T0a8bd64050,Amdy Faye,2008-08-15,buyer
U0333,T60de4f9c0c,Fabricio Coloccini,2008-08-15,buyer
U0334,Tafda702011,Mikaël Silvestre,2008-08-20,buyer+seller
U0335,Tb6e52ebf97,David Healy,2008-08-21,buyer+seller
U0336,Tcee6066ffe,Jerome Thomas,2008-08-21,buyer
U0337,Tfc2979c125,Shaun Maloney,2008-08-22,seller
U0338,T52d18323b5,Vincent Kompany,2008-08-22,buyer
U0339,T48287208ed,Rolando Bianchi,2008-08-23,seller
U0340,T2d583809d7,Andriy Shevchenko,2008-08-25,seller
U0341,T6f602124c6,Vince Grella,2008-08-26,buyer
U0342,T74c0953649,Anton Ferdinand,2008-08-27,buyer+seller
U0343,Td6bd54a357,Lee Young-Pyo,2008-08-27,seller
U0344,Tf94aa6bd34,Keith Andrews,2008-08-28,buyer
U0345,T70103cb07f,Shaun Wright-Phillips,2008-08-28,buyer+seller
U0346,T6644692bb9,Dickson Etuhu,2008-08-29,buyer+seller
U0347,T123658508a,Gláuber,2008-08-31,buyer
U0348,T39f525b238,Pablo Zabaleta,2008-08-31,buyer
U0349,T75c373cb17,Carlo Nash,2008-09-01,buyer+seller
U0350,T510d5b82aa,Daniel Cousin,2008-09-01,buyer
U0351,T390e014c2f,Danny Higginbotham,2008-09-01,buyer+seller
U0352,T9eaef169dd,George McCartney,2008-09-01,buyer+seller
U0353,T967915d76a,Jon Parkin,2008-09-01,seller
U0354,T40ec62fdd7,Louis Saha,2008-09-01,buyer+seller
U0355,T20da4a75e4,Mark Bunn,2008-09-01,buyer
U0356,T7b433c0df8,Péter Gulácsi,2008-09-01,buyer
U0357,T4a5a0fa6d8,Steve Finnan,2008-09-01,seller
U0358,T35cc6081e9,Xisco,2008-09-01,buyer
U0359,T6eba4f9801,Gabriel Zakuani,2008-11-25,seller
U0360,T247fb667de,Manucho,2008-12-21,buyer
U0361,T3339d7abde,Maynor Figueroa,2008-12-23,buyer
U0362,T7a5b0adbd3,Jean-François Christophe,2009-01-01,seller
U0363,Tb0e4496358,Eddie Nolan,2009-01-02,seller
U0364,T84bacea927,Heiðar Helguson,2009-01-02,seller
U0365,Tb2130f3851,Wayne Routledge,2009-01-02,seller
U0366,T1f1dab7906,Zoran Tošić,2009-01-02,buyer
U0367,T8373545ec6,Wayne Bridge,2009-01-03,buyer+seller
U0368,T448de73c22,Marvin Pourie,2009-01-06,seller
U0369,Tf758394c37,Arsenio Halfhuid,2009-01-07,buyer
U0370,T02abc2e488,Lee Cook,2009-01-08,seller
U0371,T9e0b7350ad,Ritchie De Laet,2009-01-08,buyer+seller
U0372,T889223da9f,James Beattie,2009-01-12,buyer
U0373,T738e5da3b2,Nick Blackman,2009-01-12,buyer
U0374,T6e052f7fd8,Ross Wallace,2009-01-12,seller
U0375,T2e573b44a9,Kevin Kilbane,2009-01-15,buyer+seller
U0376,T8175cc25a8,Liam Miller,2009-01-15,seller
U0377,Te77c6887a9,Haris Vučkić,2009-01-16,buyer
U0378,T12dd97828d,Craig Bellamy,2009-01-19,buyer+seller
U0379,T24f56817ae,Nigel de Jong,2009-01-21,buyer
U0380,T8a79799f53,Ben Watson,2009-01-26,buyer
U0381,T0a3e193e62,Hayden Mullins,2009-01-26,buyer+seller
U0382,T94b87bd34c,Hossam Ghaly,2009-01-26,seller
U0383,T92f4e6d034,Lewis Buxton,2009-01-26,seller
U0384,T5610f88a64,Mark Davies,2009-01-26,buyer
U0385,Td7d618ff71,Pascal Chimbonda,2009-01-26,buyer+seller
U0386,T99ab305647,Savio Nsereko,2009-01-26,buyer
U0387,T688b5b8f61,Gökhan Töre,2009-01-30,buyer
U0388,T5456b99e45,Shay Given,2009-02-01,buyer+seller
U0389,Tfe21cc43de,Angelos Basinas,2009-02-02,buyer
U0390,T4a63e8c32e,Julian Gray,2009-02-02,buyer
U0391,T193a187378,Ryan Taylor,2009-02-02,buyer+seller
U0392,T37bb677276,Rade Prica,2009-03-09,seller
U0393,T8c2a02a425,Hérita Ilunga,2009-04-15,buyer
U0394,T8dad6f332d,Jack Hobbs,2009-04-24,seller
U0395,T8653827b4c,Wayne Brown,2009-04-28,seller
U0396,Tc6a6fb5dfe,David Hutton,2009-05-11,seller
U0397,T19c587aaf8,Steven Mouyokolo,2009-06-02,buyer
U0398,Tf8adf0e96f,Scott Dann,2009-06-12,buyer
U0399,Tc69a7ea6ac,Nenad Milijaš,2009-06-15,buyer
U0400,T3793c68cc7,Stephen Kelly,2009-06-16,buyer+seller
U0401,T3fd98255bf,Courtney Cameron,2009-06-18,buyer
U0402,T6a99ecae56,Djimi Traoré,2009-06-19,seller
U0403,T23dde2663c,Stuart Taylor,2009-06-23,buyer+seller
U0404,Ta20acb7191,Giovanny Espinoza,2009-06-24,buyer
U0405,Ta8deea7b81,Matt Derbyshire,2009-06-24,seller
U0406,T5847e51f61,Gaël Givet,2009-06-26,buyer
U0407,T8edb7d80f6,Glen Johnson,2009-06-26,buyer+seller
U0408,Te2c62fe8cb,Kevin Doyle,2009-06-30,buyer
U0409,T8fe1d7ecbf,Steven Nzonzi,2009-06-30,buyer
U0410,T06c8ce1608,Tyrone Mears,2009-06-30,buyer
U0411,Tf5d7c1375e,Andre Blackman,2009-07-01,seller
U0412,T91a80a00f3,Astrit Ajdarević,2009-07-01,seller
U0413,T90b81b9f62,Hendry Thomas,2009-07-02,buyer
U0414,T9965d5c564,Greg Halford,2009-07-03,buyer+seller
U0415,Tc2a8dd3d55,Lee Martin,2009-07-03,seller
U0416,T1b09d50b9a,Ronald Zubar,2009-07-06,buyer
U0417,T3dfa3873de,Yuri Zhirkov,2009-07-06,buyer
U0418,Tc42c2ca062,Didier Zokora,2009-07-08,seller
U0419,T1e4f05f27a,Gabriel Obertan,2009-07-08,buyer
U0420,Tad81fad788,Lee Bowyer,2009-07-08,buyer
U0421,Tb1b93b754e,Darren Potter,2009-07-10,seller
U0422,T9aaf122ad6,Gelson Fernandes,2009-07-10,seller
U0423,Tfcb43adb49,Chris Mavinga,2009-07-11,buyer
U0424,Tf5a2eaf523,Josh O'Keefe,2009-07-13,seller
U0425,T957c1ad516,Paulo da Silva,2009-07-13,buyer
U0426,T0c05b09a78,Mame Biram Diouf,2009-07-17,buyer
U0427,T6b50c8549c,Manucho,2009-07-17,seller
U0428,Tf3859e2839,Emmanuel Adebayor,2009-07-18,buyer+seller
U0429,Tdc8a87b9d8,Bjørn Helge Riise,2009-07-22,buyer
U0430,Ta9a603e916,Kyle Naughton,2009-07-22,buyer
U0431,T97a92adea3,Kyle Walker,2009-07-22,buyer
U0432,T2e7a8d7ba0,Sam Ricketts,2009-07-25,buyer+seller
U0433,T1b6a19b3b1,Zat Knight,2009-07-25,buyer+seller
U0434,Te38f7fa828,Peter Crouch,2009-07-27,buyer+seller
U0435,T2c5f1a95fb,Kolo Touré,2009-07-29,buyer+seller
U0436,T115370836c,Elano,2009-07-30,seller
U0437,T514bc2102b,Fabian Delph,2009-08-04,buyer
U0438,Tbf4047fc5b,Sebastien Bassong,2009-08-06,buyer
U0439,T87daf1c326,Habib Beye,2009-08-07,buyer
U0440,T3702261e13,Adam Hammill,2009-08-10,seller
U0441,Td82962badf,Jay O'Shea,2009-08-10,buyer
U0442,T7eb6dc42e8,Grégory Vignal,2009-08-13,buyer
U0443,T9276ad2fe2,Kamel Ghilas,2009-08-13,buyer
U0444,Tee5f80f827,Stephen Hunt,2009-08-13,buyer
U0445,T757025dc0a,Antonio Amaya,2009-08-14,buyer
U0446,Te7b233ec03,John Paul Kissock,2009-08-14,seller
U0447,T5a8600168a,Kasper Schmeichel,2009-08-14,seller
U0448,T49a75846c7,Lee Chung-Yong,2009-08-14,buyer
U0449,Ta7358a8947,Radoslav Kováč,2009-08-14,buyer
U0450,T1bb54bb54c,André Bikey,2009-08-18,buyer
U0451,Te5575df0c0,Claudio Pizarro,2009-08-18,seller
U0452,T157bd25f44,Damien Duff,2009-08-18,buyer
U0453,Td51ffc938f,Elliott Bennett,2009-08-20,seller
U0454,Ta0da4cc268,Adrian Leijer,2009-08-21,seller
U0455,Te5735be908,Anthony Stokes,2009-08-21,seller
U0456,Tf5807a284f,Paul Gallagher,2009-08-21,seller
U0457,T86b0e00a43,Sotirios Kyrgiakos,2009-08-21,buyer
U0458,Ta50db8e29f,Mohamed Diamé,2009-08-22,buyer
U0459,Tb814c3d4fd,Joleon Lescott,2009-08-25,buyer+seller
U0460,Te3582a5f29,Kagisho Dikgacoi,2009-08-27,buyer
U0461,T407afb078e,Stephen Warnock,2009-08-27,buyer+seller
U0462,T97edd6e467,Tommy Smith,2009-08-27,buyer
U0463,Tda73f5a86e,Alessandro Diamanti,2009-08-28,buyer
U0464,Te010886a64,Michael Brown,2009-08-28,buyer+seller
U0465,Tee91acda9b,Sylvain Distin,2009-08-28,buyer+seller
U0466,T9cb39d6b8c,Paul McShane,2009-08-30,buyer+seller
U0467,Tdffdd424cf,Manuel da Costa,2009-08-31,buyer
U0468,T80ba730590,Savio,2009-08-31,seller
U0469,T62696c6405,Stefan Maierhofer,2009-08-31,buyer
U0470,T8960f039f2,Carlos Edwards,2009-09-01,seller
U0471,T19a3dc3892,David Elm,2009-09-01,buyer
U0472,T0faf7f0863,Grant Leadbitter,2009-09-01,seller
U0473,Td963fc30c5,Niko Kranjčar,2009-09-01,buyer+seller
U0474,Te58c4b7bc8,Shaun Cummings,2009-09-01,seller
U0475,T153de9b8a2,Tal Ben Haim,2009-09-01,buyer+seller
U0476,Tb7aa7ce41c,Ryan Flynn,2009-09-16,seller
U0477,Tbbc99d524c,Kevin Long,2009-11-26,buyer
U0478,T53f8882e6b,Adam Watts,2009-12-31,seller
U0479,T68b4db3f42,Joe Anderson,2009-12-31,seller
U0480,Ta1cabe27b3,Paul Marshall,2010-01-02,seller
U0481,Tc5e6657b31,Neill Collins,2010-01-05,seller
U0482,Tc013a6d652,Richard Cresswell,2010-01-05,seller
U0483,Td4846c9f8a,Tom Taiwo,2010-01-06,seller
U0484,T7676392bd1,Andrea Dossena,2010-01-08,seller
U0485,T552dd9da60,Patrick Vieira,2010-01-08,buyer
U0486,T73ee119ffe,Gary Caldwell,2010-01-13,buyer
U0487,T9310c27464,Danny Simpson,2010-01-20,seller
U0488,T6d6649b549,Matthew Kilgallon,2010-01-21,buyer
U0489,T965fbc87c0,Mike Williamson,2010-01-27,seller
U0490,T47fe099edb,Danny Fox,2010-01-29,buyer
U0491,T7f424d2717,Paul Robinson,2010-01-29,buyer
U0492,Tf4a1b368ac,Benni McCarthy,2010-02-01,buyer+seller
U0493,T5905a8533c,Christopher Buchtmann,2010-02-01,buyer+seller
U0494,T45145fa07c,Ilan Araujo Dall'Igna,2010-02-01,buyer
U0495,Tc09cea2087,Troy Archibald-Henville,2010-02-01,seller
U0496,T823b036538,Cristian Riveros,2010-05-11,buyer
U0497,T66c878be76,Jason Shackell,2010-05-12,seller
U0498,T1c2d500ee3,Ben Foster,2010-05-19,buyer+seller
U0499,T9664d43cd7,Gabriel Tamaş,2010-05-19,buyer
U0500,T74bcc9c397,Javier Hernández,2010-05-27,buyer
U0501,Tf350ea87c4,Chris Iwelumo,2010-06-01,seller
U0502,T4b2088df5e,Jelle Van Damme,2010-06-01,buyer
U0503,T1cecee8565,João Silva,2010-06-09,buyer
U0504,T4745682043,Alex Henshall,2010-06-10,buyer
U0505,T175d8e93f4,Miroslav Stoch,2010-06-10,seller
U0506,T31ab9e961d,Simon Mignolet,2010-06-17,buyer
U0507,T2fb68de081,Steven Mouyokolo,2010-06-18,buyer
U0508,T4078b426a5,Stephen Hunt,2010-06-21,buyer
U0509,T271fbe3190,Andrew Surman,2010-06-22,seller
U0510,T8fd8bef34c,Andy Griffin,2010-07-01,seller
U0511,T946d27a0fc,Chris Smalling,2010-07-01,buyer+seller
U0512,Te5c1531bfb,Jérôme Boateng,2010-07-01,buyer
U0513,Te71d0510fe,Magaye Gueye,2010-07-01,buyer
U0514,T922e320c53,Zoran Tošić,2010-07-01,seller
U0515,Tf868c454a5,Yossi Benayoun,2010-07-02,buyer+seller
U0516,Ta56099ea54,James Perch,2010-07-05,buyer
U0517,T8261261515,John Ruddy,2010-07-05,seller
U0518,Tec4a2bf19b,Laurent Koscielny,2010-07-07,buyer
U0519,T382ecc75e7,Tomáš Kalas,2010-07-07,buyer
U0520,Tf7414a1a89,Florent Cuvelier,2010-07-08,buyer
U0521,T94c58ed1d3,Conor Hourihane,2010-07-16,seller
U0522,Tb1e387e86e,Frédéric Piquionne,2010-07-16,buyer
U0523,T80022c2673,Albert Riera,2010-07-23,seller
U0524,Tcd35adf225,Titus Bramble,2010-07-23,buyer+seller
U0525,T1655013be9,Marcos Angeleri,2010-07-24,buyer
U0526,Td3c8346e9f,Lukas Jutkiewicz,2010-07-26,seller
U0527,T11655a5b44,Marcos Alonso,2010-07-27,buyer
U0528,T7fab40bece,Adel Taarabt,2010-08-05,seller
U0529,Tc3193c0b4b,Márton Fülöp,2010-08-05,seller
U0530,T8dbc8bd9a7,Nicky Shorey,2010-08-09,buyer+seller
U0531,T76eef3ce3d,Elliot Grandin,2010-08-11,buyer
U0532,T6434961e7d,Ludovic Sylvestre,2010-08-11,buyer
U0533,T72d8a4addd,Tom Eaves,2010-08-12,buyer
U0534,Tfc8a482ba3,James Beattie,2010-08-13,seller
U0535,T74bbcc3276,Ramires,2010-08-13,buyer
U0536,Td3e03b494b,Jake Cassidy,2010-08-17,buyer
U0537,Tfb44065eb9,Mousa Dembélé,2010-08-18,buyer
U0538,T14896ffea9,Stephen Ireland,2010-08-18,buyer+seller
U0539,Tb1b1e1edab,Ivelin Popov,2010-08-19,buyer
U0540,Tb273577d33,Jay Simpson,2010-08-19,seller
U0541,T4fb47e2ffa,Krisztián Németh,2010-08-19,seller
U0542,T25681c9cec,Peter Odemwingie,2010-08-20,buyer
U0543,Tcbf39797d4,Somen Tchoyi,2010-08-20,buyer
U0544,T63e8e2f79d,Jason Scotland,2010-08-23,seller
U0545,Ta307779f2b,Rafik Halliche,2010-08-24,buyer
U0546,Tac6908502d,Sébastien Squillaci,2010-08-26,buyer
U0547,Tf5e01cd84a,Carlos Salcido,2010-08-27,buyer
U0548,Te7f303046e,Cheick Tioté,2010-08-27,buyer
U0549,T6f8ae39a46,Marc-Antoine Fortuné,2010-08-27,buyer
U0550,T67aed116e7,Fabio Daprelà,2010-08-30,seller
U0551,T924695fe6e,Adam Clayton,2010-08-31,seller
U0552,Tf449da02e6,Alex Kacaniklic,2010-08-31,buyer+seller
U0553,Tca08fd006a,Craig Dawson,2010-08-31,buyer
U0554,T1ba0488ca1,Damien Plessis,2010-08-31,seller
U0555,T7e005b1acd,Dave Kitson,2010-08-31,seller
U0556,Tf5bbc91030,David Carney,2010-08-31,buyer
U0557,Tb8d0b7046b,Franco Di Santo,2010-08-31,buyer+seller
U0558,T64af0b6983,Jean Beausejour,2010-08-31,buyer
U0559,T006af14351,Lars Jacobsen,2010-08-31,buyer+seller
U0560,T2a72cf25aa,Lauri Dalla Valle,2010-08-31,buyer+seller
U0561,T34e6c16230,Liam Lawrence,2010-08-31,seller
U0562,Tb18cf11a91,Marc Wilson,2010-08-31,buyer
U0563,T5d61e9cf38,Martin Jiránek,2010-08-31,buyer
U0564,Tcc307817c4,Matej Delač,2010-08-31,buyer
U0565,Te51e7960f2,Paul Konchesky,2010-08-31,buyer+seller
U0566,Tce59c839da,Robinho,2010-08-31,seller
U0567,T8e88197fa4,Vincent Weijl,2010-08-31,seller
U0568,T2f866d5a15,James Hurst,2010-09-01,buyer
U0569,Te1dc8f9b2c,Yven Moyo,2010-09-28,buyer
U0570,Tdf9b07613b,Anders Lindegaard,2010-11-27,buyer
U0571,T43b9d10f82,Garry O'Connor,2010-12-11,seller
U0572,T6e71af8773,Jermaine Pennant,2010-12-29,buyer
U0573,T5494dfc0f8,Andy O'Brien,2011-01-01,seller
U0574,T856edf7b8e,Liam Lawrence,2011-01-01,seller
U0575,T16c4bb94cd,Hatem Ben Arfa,2011-01-05,buyer
U0576,Tb3fba9af17,Alex Marrow,2011-01-06,seller
U0577,T1c817c41ff,Luke Moore,2011-01-07,seller
U0578,Te6d9d15b3a,Steve Sidwell,2011-01-07,buyer+seller
U0579,T5547831af0,Jason Banton,2011-01-13,buyer+seller
U0580,T2505ebd917,Alan Judge,2011-01-14,seller
U0581,T24e446c97e,Adam Hammill,2011-01-20,buyer
U0582,T08396a85b9,Gary O'Neil,2011-01-25,buyer
U0583,T199ae6c99c,Valon Behrami,2011-01-26,seller
U0584,T84e9839c4e,Demba Ba,2011-01-28,buyer
U0585,Tb3640f9476,Andy Reid,2011-01-31,buyer+seller
U0586,T30834bcb91,Cameron Stewart,2011-01-31,seller
U0587,Tc30a05f5d3,Mauro Formica,2011-01-31,buyer
U0588,T73115d6757,Paul McCallum,2011-01-31,buyer
U0589,T121463351e,Paulo da Silva,2011-01-31,seller
U0590,T8ed7ac7c8a,Rubén Rochina,2011-01-31,buyer
U0591,T0779c627de,Dan Burn,2011-04-15,buyer
U0592,Tae3f87836d,Nathan Luscombe,2011-04-15,seller
U0593,Tac4039ac99,Frank Fielding,2011-05-09,seller
U0594,T81f4c814f6,Ryan Allsop,2011-05-09,seller
U0595,Tea3978a6f4,Joe Dudgeon,2011-05-10,seller
U0596,T985b401f06,Corry Evans,2011-05-12,seller
U0597,Td6a0692906,James Poole,2011-05-13,seller
U0598,T93a418de7a,Alex O'Hanlon,2011-05-19,buyer
U0599,T2864f5f3c2,Mikele Leigertwood,2011-05-26,seller
U0600,T49e4d53f38,James Vaughan,2011-05-27,buyer+seller
U0601,Ta4e11727dc,Jacopo Sala,2011-06-03,seller
U0602,T956124bcb3,Gökhan Töre,2011-06-06,seller
U0603,Tc993ae7a40,Steve Morison,2011-06-06,buyer
U0604,T1d03f52ffc,Carl Jenkinson,2011-06-08,buyer
U0605,T01849bf4e1,Ahmed Elmohamady,2011-06-09,buyer
U0606,T221f378df3,Jordan Henderson,2011-06-09,buyer+seller
U0607,T1320dc166e,Yohan Cabaye,2011-06-10,buyer
U0608,T35fe482a0f,Phil Jones,2011-06-13,buyer+seller
U0609,T221e8af5a2,Elliott Bennett,2011-06-14,buyer
U0610,T7bd82c746b,Kevin Nolan,2011-06-16,seller
U0611,Tad07dbd365,Ashley Young,2011-06-23,buyer+seller
U0612,T3c2fa18f83,David de Gea,2011-06-29,buyer
U0613,Tbf45ef0bd1,Ji Dong-won,2011-06-30,buyer
U0614,Tc8ea44cfca,Borja Valero,2011-07-01,seller
U0615,T268391fa97,Scott Carson,2011-07-01,seller
U0616,Tc85f1d4b2a,Kagisho Dikgacoi,2011-07-04,seller
U0617,Ta64c37588f,Nicky Ajose,2011-07-05,seller
U0618,Taed487db19,Anthony Pilkington,2011-07-06,buyer
U0619,T99a7e2202a,Stefan Savić,2011-07-06,buyer
U0620,T5e6dec2828,Charlie Adam,2011-07-07,buyer
U0621,T0d603f7202,John O'Shea,2011-07-07,buyer+seller
U0622,T14fc10dbf5,Wes Brown,2011-07-07,buyer+seller
U0623,T60b7377f71,José Moreira,2011-07-08,buyer
U0624,T6dbeaf9b04,Gianni Zuiverloon,2011-07-10,seller
U0625,Tc2c5db0b08,Danny Ward,2011-07-11,seller
U0626,Td796de78dc,Gervinho,2011-07-11,buyer
U0627,T6a456488ec,Greg Halford,2011-07-11,seller
U0628,T09ae1e9ca3,John Arne Riise,2011-07-13,buyer
U0629,Td180433b41,Paul Konchesky,2011-07-13,seller
U0630,T3414aeae16,Stewart Downing,2011-07-15,buyer+seller
U0631,Tb080e23626,Antonio Amaya,2011-07-18,seller
U0632,T5bd4d34098,Gerardo Bruna,2011-07-18,seller
U0633,Td4946ca3a0,Jérôme Boateng,2011-07-18,seller
U0634,T10086994b8,Shay Given,2011-07-18,buyer+seller
U0635,T556e382a8e,Souleymane Coulibaly,2011-07-18,buyer
U0636,Tfb7cb1b51f,Chris Mavinga,2011-07-19,seller
U0637,T392b5d7561,Luke Daley,2011-07-19,seller
U0638,T9e104f16ff,Paul-Jose M'Poku,2011-07-19,seller
U0639,T88d0280927,Jô,2011-07-20,seller
U0640,T93e7f59ce3,Marcel Gecov,2011-07-20,buyer
U0641,Tf6523a23fe,Matthew Taylor,2011-07-23,seller
U0642,T71df81a91b,Pajtim Kasami,2011-07-25,buyer
U0643,Tb363a84727,Jay Emmanuel-Thomas,2011-07-26,seller
U0644,T457d221cbe,Thibaut Courtois,2011-07-26,buyer
U0645,Tde1c2d2c6d,Carl Dickinson,2011-07-29,seller
U0646,T6dcf5e2c2e,Charles N'Zogbia,2011-07-29,buyer+seller
U0647,Tf7bd023d36,Chris Eagles,2011-07-29,buyer
U0648,Tdd8a48bf33,Tyrone Mears,2011-07-29,buyer
U0649,Te4b222ea14,Steed Malbranque,2011-08-03,seller
U0650,Tf7e7bcfb9f,Dudley Campbell,2011-08-04,buyer
U0651,T68501c8d66,Thomas Ince,2011-08-04,seller
U0652,T8e1f64cc6b,Wayne Routledge,2011-08-04,buyer+seller
U0653,T57e4b599f1,Costel Pantilimon,2011-08-05,buyer
U0654,T0375d884ac,Milan Jovanović,2011-08-05,seller
U0655,Tf262ddd104,Yuri Zhirkov,2011-08-06,seller
U0656,Tb77ef543c4,Alex Oxlade-Chamberlain,2011-08-08,buyer
U0657,Tc51c228003,Gabriel Obertan,2011-08-09,buyer+seller
U0658,Tfcedb3bc4e,Radosav Petrović,2011-08-09,buyer
U0659,Tc05f4fed41,Nikola Kalinić,2011-08-11,seller
U0660,T56631fa99b,Robbie Keane,2011-08-15,seller
U0661,Tcf6d4370db,Daniel Ayala,2011-08-16,buyer+seller
U0662,T7cfa665139,Romelu Lukaku,2011-08-18,buyer
U0663,Te622205fd1,Joel Campbell,2011-08-19,buyer
U0664,Tfd9ccfd0d3,Ryan Harley,2011-08-22,seller
U0665,T0c52174d74,Sotirios Kyrgiakos,2011-08-22,seller
U0666,T064dca6111,Simon Vukčević,2011-08-23,buyer
U0667,T94ec09f6ef,Kaspars Gorkšs,2011-08-24,seller
U0668,Te0a88b549b,Emiliano Insúa,2011-08-27,seller
U0669,Ta5ee7766ed,Jonathan Hogg,2011-08-27,seller
U0670,Tc0eb8ad32b,Luke Young,2011-08-27,buyer+seller
U0671,T1dbe4075b7,Ulises Dávila,2011-08-27,buyer
U0672,Td94634bb13,Albert Crusat,2011-08-30,buyer
U0673,T08211e2a0b,Armand Traoré,2011-08-30,buyer+seller
U0674,Tff3865b36f,Davide Santon,2011-08-30,buyer
U0675,T7f03eb456d,Park Chu-young,2011-08-30,buyer
U0676,T2b3e9b9282,Rob Elliot,2011-08-30,buyer
U0677,T9a5226bea3,Sebastián Coates,2011-08-30,buyer
U0678,Td3b439afbb,Alan Hutton,2011-08-31,buyer+seller
U0679,Tf56c1b2c6a,Anton Ferdinand,2011-08-31,buyer+seller
U0680,Tb0a1bac9ec,Callum Tapping,2011-08-31,seller
U0681,T137dc814f5,Cameron Jerome,2011-08-31,buyer
U0682,T3c8e0e3ed1,Christian Poulsen,2011-08-31,seller
U0683,Tec210fdd86,Cody McDonald,2011-08-31,seller
U0684,Tb8a9e14a20,Craig Bellamy,2011-08-31,buyer+seller
U0685,Tfaaa4b5a4e,David Ngog,2011-08-31,buyer+seller
U0686,T87d651c9f1,Gilles Sunu,2011-08-31,seller
U0687,Ta90ec98b1c,Pablo Ibáñez,2011-08-31,seller
U0688,T6cddb67586,Per Mertesacker,2011-08-31,buyer
U0689,T6c12c64bd0,Raul Meireles,2011-08-31,buyer+seller
U0690,T78736e6231,Shaun Wright-Phillips,2011-08-31,buyer+seller
U0691,Td4d1c0c4c7,Villyan Bijev,2011-08-31,buyer
U0692,T36aecac27a,Yakubu,2011-08-31,buyer+seller
U0693,Ta436719d23,Muamer Tankovic,2011-09-01,buyer
U0694,T11a8c8548c,Seyi Ojo,2011-11-17,buyer
U0695,T47ed28964a,Kazenga LuaLua,2011-11-21,seller
U0696,Tcc3c30a6be,Jordon Ibe,2011-12-20,buyer
U0697,T7633445fb6,Scott Malone,2011-12-23,seller
U0698,T303a16caf5,Rory Donnelly,2011-12-30,buyer
U0699,T258b84f123,Eggert Jónsson,2012-01-01,buyer
U0700,T6b567129fa,Nicolas Anelka,2012-01-01,seller
U0701,T9167a0f91d,Danny Pugh,2012-01-03,seller
U0702,T7de74cce0d,Elliot Parish,2012-01-03,seller
U0703,Te0959aa099,Kieran Trippier,2012-01-03,seller
U0704,T5dc6057394,Chris Chantler,2012-01-06,seller
U0705,T75377de306,Jlloyd Samuel,2012-01-09,seller
U0706,T4bf623c785,Scott Allan,2012-01-09,buyer
U0707,Tb18182d7e0,Luke Freeman,2012-01-10,seller
U0708,T2d3969c1af,Nyron Nosworthy,2012-01-10,seller
U0709,T4273dd716f,Ben Mee,2012-01-17,seller
U0710,Tff8833e50f,Danny Drinkwater,2012-01-20,seller
U0711,Tce6eea33a0,Jonny Howson,2012-01-24,buyer
U0712,T0d1ff6ab84,Jean Beausejour,2012-01-25,buyer
U0713,Ted219faae0,Jason Roberts,2012-01-26,seller
U0714,T8113accb86,Nedum Onuoha,2012-01-26,buyer+seller
U0715,T225e549808,Shane Lowry,2012-01-27,seller
U0716,T420b907514,Mame Biram Diouf,2012-01-28,seller
U0717,T3ea471a600,Keanu Marsh-Brown,2012-01-30,seller
U0718,T5eeb94bc4d,Andy Keogh,2012-01-31,seller
U0719,Tfdffc28851,Bradley Orr,2012-01-31,buyer+seller
U0720,Tc831a4f104,Curtis Obeng,2012-01-31,buyer
U0721,T5bac65b788,Frédéric Veseli,2012-01-31,buyer+seller
U0722,Ta6117deac7,Liam Ridgewell,2012-01-31,buyer
U0723,T9687c60679,Louis Saha,2012-01-31,buyer+seller
U0724,T040b7c5a32,Marcus Olsson,2012-01-31,buyer
U0725,T9c3fd061c0,Marvin Sordell,2012-01-31,buyer
U0726,T16bd8a30c4,Pavel Pogrebnyak,2012-01-31,buyer
U0727,T1664aac705,Philipp Prosenik,2012-01-31,seller
U0728,T4cdd91d620,Ravel Morrison,2012-01-31,seller
U0729,T0e4f4381e3,Ryan Bennett,2012-01-31,buyer
U0730,Tb04a1eb14b,Ryan Williams,2012-01-31,buyer
U0731,Td2170172a7,Joao Carlos Teixeira,2012-02-01,buyer
U0732,Td9277e29ee,Matty James,2012-05-15,seller
U0733,Teb676b3911,Ritchie De Laet,2012-05-15,seller
U0734,T19673bebe3,Stephen Henderson,2012-05-21,buyer
U0735,T05365247b5,Nick Powell,2012-06-12,buyer
U0736,Tc667cfdb09,George Williams,2012-06-14,buyer
U0737,T7fcc2d8b8a,Sam Cowler,2012-06-14,seller
U0738,T2ef56f8a9b,Shinji Kagawa,2012-06-22,buyer
U0739,Ta27207476e,James Wallace,2012-06-26,seller
U0740,T0f0461b8c9,Joan Àngel Román,2012-06-27,seller
U0741,Tcc43b855b9,Samba Diakité,2012-06-27,buyer
U0742,T8fa2a6add6,Vedran Ćorluka,2012-06-27,seller
U0743,T7a0c14b068,Ben Foster,2012-06-29,buyer
U0744,T2306409ccd,George McCartney,2012-07-01,buyer+seller
U0745,T8513f01d98,Karim El Ahmadi,2012-07-02,buyer
U0746,T77d7e8509b,Lee Angol,2012-07-03,seller
U0747,T65dca144ab,Greg Cunningham,2012-07-05,seller
U0748,Tef251a9c84,Asamoah Gyan,2012-07-06,seller
U0749,Tc81679df6e,Pierce Sweeney,2012-07-06,buyer
U0750,T816719f690,João Silva,2012-07-10,seller
U0751,T46191bfd6d,Paddy Kenny,2012-07-11,seller
U0752,Tc6e6173339,Jan Vertonghen,2012-07-12,buyer
U0753,Te81fe9ff38,Fraser Fyvie,2012-07-16,buyer
U0754,T64097d0840,Chris Gunter,2012-07-17,buyer
U0755,T8d82e8a82f,Michael Liddle,2012-07-18,seller
U0756,T81a2b75002,Paulo Gazzaniga,2012-07-20,buyer
U0757,Tfc7e8ae521,Marcel Gecov,2012-07-23,seller
U0758,T3cef1110c1,Raphael Spiegel,2012-07-23,buyer
U0759,Te131b6bf78,Thorgan Hazard,2012-07-24,buyer
U0760,T853ef10a91,Danny Collins,2012-07-25,seller
U0761,Tef65e6bf66,Robert Snodgrass,2012-07-26,buyer
U0762,T8014c1da51,Tim Cahill,2012-07-26,seller
U0763,Tdf95182b1c,Michael Turner,2012-07-27,buyer+seller
U0764,T6b650e7263,Dan Harding,2012-07-28,seller
U0765,Te4cd6b816a,Curtis Good,2012-07-31,buyer
U0766,T7fff832ed5,Ron Vlaar,2012-08-01,buyer
U0767,T021818bcdb,Andrew Crofts,2012-08-02,seller
U0768,Tdf966559c1,Heiðar Helguson,2012-08-02,seller
U0769,T3338e43af5,Iván Ramis,2012-08-02,buyer
U0770,T7699860c92,Vladimír Weiss,2012-08-02,seller
U0771,Td5eef209ea,Alberto Aquilani,2012-08-03,seller
U0772,T3a1e6b3e0b,Dickson Etuhu,2012-08-03,seller
U0773,T6229b8d816,Joseph Yobo,2012-08-06,seller
U0774,T1a71fa05ae,Michail Antonio,2012-08-06,seller
U0775,Tcc1aaa2d35,Santi Cazorla,2012-08-07,buyer
U0776,T88d1e972e8,Geoff Cameron,2012-08-08,buyer
U0777,T652fc2876c,Michael Kightly,2012-08-08,buyer
U0778,T77705eb28c,Arouna Koné,2012-08-14,buyer
U0779,T5bb6939bae,Simon Cox,2012-08-14,seller
U0780,T341c1fcdda,Vurnon Anita,2012-08-16,buyer
U0781,Tc1efbfa2ab,Cristian Montaño,2012-08-17,seller
U0782,T9f677ff1f0,Jamie Proctor,2012-08-17,buyer
U0783,Tf1cddddf43,Oussama Assaidi,2012-08-17,buyer
U0784,T3fcb82dbf9,Alexander Büttner,2012-08-21,buyer
U0785,T31ac8099a8,Sam Baldock,2012-08-21,seller
U0786,Te2d0b4e52e,Sebastien Bassong,2012-08-21,buyer+seller
U0787,T148fbf2681,Adam Johnson,2012-08-24,buyer+seller
U0788,Te785b2e09a,Alexander Tettey,2012-08-24,buyer
U0789,Tc2214e6c85,Tommy Smith,2012-08-24,seller
U0790,Tb2410df26d,Victor Moses,2012-08-24,buyer+seller
U0791,Tac66d7a1a5,Maurice Edu,2012-08-25,buyer
U0792,T9f7264459c,David Button,2012-08-28,seller
U0793,T703728582c,Emmanuel Mayuka,2012-08-28,buyer
U0794,Tda18a64c45,Henri Lansbury,2012-08-28,seller
U0795,T3fd1535d16,Joe Bennett,2012-08-29,buyer
U0796,T1e3782c2ee,Júlio César,2012-08-29,buyer
U0797,T1d0c5a7953,Mark Bunn,2012-08-29,buyer
U0798,Tc5ebb209e5,Maya Yoshida,2012-08-30,buyer
U0799,Tafcd48ac68,Andrea Orlandi,2012-08-31,seller
U0800,T8cfc2b4595,Ashkan Dejagah,2012-08-31,buyer
U0801,Tbb4d9d4772,Ashley Westwood,2012-08-31,buyer
U0802,Tf9779384fc,Christian Benteke,2012-08-31,buyer
U0803,T841eaac4ca,Dimitar Berbatov,2012-08-31,buyer+seller
U0804,T74ba3147c4,Gastón Ramírez,2012-08-31,buyer
U0805,T93e12a8195,Giovani dos Santos,2012-08-31,seller
U0806,Tb16adb6b40,Maicon,2012-08-31,buyer
U0807,T6defa40d1e,Matija Nastasić,2012-08-31,buyer
U0808,T1df361bfda,Matthew Kennedy,2012-08-31,buyer
U0809,Tcd66e6a07f,Nathan Eccleston,2012-08-31,seller
U0810,T597bd41d72,Nigel de Jong,2012-08-31,seller
U0811,T817ae3ba20,Stephen Dobbie,2012-08-31,seller
U0812,T09c73a1a55,Stéphane Mbia,2012-08-31,buyer
U0813,T462bfb3e6b,Ángelo Henríquez,2012-09-05,buyer
U0814,Tf972326f93,Wallace,2012-12-04,buyer
U0815,T52d2c41fe2,Chris Wood,2013-01-01,seller
U0816,Tf23e0c664c,Joshua King,2013-01-02,seller
U0817,Ta18fbb658b,Sean Maguire,2013-01-03,buyer
U0818,T41cd9a46d1,Chris David,2013-01-04,buyer
U0819,T89c18d468b,Demba Ba,2013-01-04,buyer+seller
U0820,Tcd715263b3,Mathieu Debuchy,2013-01-04,buyer
U0821,Ta770aae83b,David Meyler,2013-01-08,seller
U0822,T96f4c3e172,Hope Akpan,2013-01-08,buyer
U0823,Tc567ac0ac1,Robbie Brady,2013-01-08,seller
U0824,T69a6fbe39d,Alfred N'Diaye,2013-01-09,buyer
U0825,T8f2ac266c1,Michael Tonge,2013-01-10,seller
U0826,T15a022d382,Stephen Kelly,2013-01-11,buyer+seller
U0827,T8697695a57,Jamie Proctor,2013-01-16,seller
U0828,T5752db2b1d,Blair Adams,2013-01-17,seller
U0829,Tcc2359024d,Vegard Forren,2013-01-18,buyer
U0830,T968b3c7f7f,Fraizer Campbell,2013-01-21,seller
U0831,T3dbd6007c5,Mapou Yanga-Mbiwa,2013-01-22,buyer
U0832,Ta661df958b,Ryan Brunt,2013-01-23,seller
U0833,T862ae7328f,Yoan Gouffran,2013-01-23,buyer
U0834,Tc8d42226eb,Massadio Haïdara,2013-01-24,buyer
U0835,T2a59c5a269,Moussa Sissoko,2013-01-25,buyer
U0836,T947b807436,Nick Blackman,2013-01-30,buyer
U0837,T363d17fcb4,Yun Suk-Young,2013-01-30,buyer
U0838,T2242468e98,Jermaine Jenas,2013-01-31,buyer+seller
U0839,Tb6c02efd26,Kevin Mbabu,2013-01-31,buyer
U0840,Tcac8ab3836,Luciano Becchio,2013-01-31,buyer
U0841,Tfeafcb9d8b,Nacho Monreal,2013-01-31,buyer
U0842,T9b8d7b48df,Lauri Dalla Valle,2013-02-25,seller
U0843,T413f16261c,Frédéric Piquionne,2013-02-28,seller
U0844,T42bb863ed8,Jean Makoun,2013-04-01,seller
U0845,Tfaa1953130,Javier Garrido,2013-05-14,buyer
U0846,Tb386a0b0a9,Sascha Riether,2013-05-17,buyer
U0847,Tb8f7805301,Duncan Watmore,2013-05-24,buyer
U0848,T4e82e46539,Maarten Stekelenburg,2013-06-05,buyer
U0849,T402dc85da5,Aleksandar Tonev,2013-06-07,buyer
U0850,T78f666d8ed,Guillermo Varela,2013-06-07,buyer
U0851,Tcaa483f92d,Jeffrey Bruma,2013-06-13,seller
U0852,Tff1b6270be,Jores Okore,2013-06-13,buyer
U0853,T83c96ad292,Leandro Bacuna,2013-06-13,buyer
U0854,Tade8f8a940,Jake Bidwell,2013-06-17,seller
U0855,T98189d817f,David Moberg Karlsson,2013-06-19,buyer
U0856,T754f4152cb,Antonio Luna,2013-06-20,buyer
U0857,T4c8c0c8881,Danny Whitehead,2013-06-20,buyer
U0858,Tad6ef4d12a,Alejandro Pozuelo,2013-07-02,buyer
U0859,T911aab9311,Gregor Zabret,2013-07-02,buyer
U0860,T24762511f1,Stephen Dobbie,2013-07-02,buyer
U0861,T2fdfd95a96,James Perch,2013-07-03,seller
U0862,T2bf1ebbfb2,James Vaughan,2013-07-03,seller
U0863,T67b5f14a2f,Vito Mannone,2013-07-03,buyer+seller
U0864,Ta3c98c13d2,Olivier Kemen,2013-07-04,buyer
U0865,T09e2f99c70,Alex Marrow,2013-07-09,seller
U0866,Te117c217f3,Joel Robles,2013-07-09,buyer
U0867,T85ca71e235,Jozy Altidore,2013-07-09,buyer
U0868,Tf940624fd2,Nathan Byrne,2013-07-09,seller
U0869,T7f264b6173,Martin Olsson,2013-07-10,buyer
U0870,T321e159428,Vegard Forren,2013-07-11,seller
U0871,Tc8ec7d3fdf,Jérémy Hélan,2013-07-12,seller
U0872,T0f1a605dfd,Leroy Fer,2013-07-13,buyer
U0873,Tc91b5517c3,José Campaña,2013-07-18,buyer
U0874,Tae9470f6a5,Maicon,2013-07-18,seller
U0875,Ta1e5cc5601,André Santos,2013-07-20,seller
U0876,T49d35472ff,Yannick Sagbo,2013-07-26,buyer
U0877,Tc82b742752,Simon Moore,2013-07-29,buyer
U0878,T6db8e20d79,Leon Barnett,2013-08-01,seller
U0879,T3a884367e1,Corry Evans,2013-08-02,seller
U0880,Te9b23bbc63,Jay Spearing,2013-08-09,seller
U0881,Tc24ae33662,Marouane Chamakh,2013-08-12,buyer+seller
U0882,T97ad7f1e07,Scott Parker,2013-08-19,buyer+seller
U0883,Td9a447b755,Scott Wootton,2013-08-21,seller
U0884,T29567a9035,Bradden Inman,2013-08-22,seller
U0885,T68bb0a8173,Charis Mavrias,2013-08-22,buyer
U0886,Tf907d5d7dd,Denis Suárez,2013-08-22,seller
U0887,T87bed5e8ce,Dean Hammond,2013-08-30,seller
U0888,T276a0793cd,Jack Hunt,2013-09-01,buyer
U0889,T9040cc5785,Jimmy Kébé,2013-09-01,buyer
U0890,Tb4415b6385,Adlène Guedioura,2013-09-02,buyer
U0891,T2338522d3b,Adrian Mariappa,2013-09-02,buyer
U0892,T4ce5c5b519,Andrea Dossena,2013-09-02,buyer
U0893,T7f4c44065f,Barry Bannan,2013-09-02,buyer+seller
U0894,T87e0b1edab,Daniel Pacheco,2013-09-02,seller
U0895,T62b278e696,Elsad Zverotić,2013-09-02,buyer
U0896,Tde451a7783,Florent Cuvelier,2013-09-02,seller
U0897,T12fb64e786,Jacob Butterfield,2013-09-02,seller
U0898,T3a3b7ca1e4,Marko Arnautović,2013-09-02,buyer
U0899,T88fb1e187b,Kerim Frei,2013-09-06,seller
U0900,T97897ad48f,Abdul Razak,2013-10-17,seller
U0901,T4dd0d4c5c3,Jaanai Gordon,2013-12-31,buyer
U0902,T78f464d293,Rudy Gestede,2014-01-02,seller
U0903,Tebbca94a67,Tom Cairney,2014-01-02,seller
U0904,Tfe3901b249,Simon Dawkins,2014-01-03,seller
U0905,T93e6b60bc9,Jason Banton,2014-01-08,seller
U0906,T1bb03362af,Magnus Wolff Eikrem,2014-01-08,buyer
U0907,T24ee1e9d11,Aiden McGeady,2014-01-11,buyer
U0908,Tf6717128f0,Mats Møller Dæhli,2014-01-11,buyer
U0909,T866e1858e9,Stephen Ireland,2014-01-14,buyer+seller
U0910,T1f274fe05e,Aaron McLean,2014-01-16,seller
U0911,Tce0e093957,Ji Dong-won,2014-01-16,seller
U0912,T23f33361b7,Matthew Parsons,2014-01-17,seller
U0913,T64181875d0,Kevin De Bruyne,2014-01-18,seller
U0914,T6bc6c2d8b7,Jo Inge Berget,2014-01-24,buyer
U0915,T273632288b,David Ngog,2014-01-27,buyer
U0916,Tf92c9cec37,Michael Essien,2014-01-27,seller
U0917,T165b600b69,Nico Yennaris,2014-01-27,seller
U0918,Tb493b7ae0f,Adam Smith,2014-01-28,seller
U0919,Tad8ee1b7db,Fabio,2014-01-28,buyer+seller
U0920,T016fed30fa,Abdul Razak,2014-01-30,buyer
U0921,T73a2a9edd5,Ignacio Scocco,2014-01-30,buyer
U0922,Tf0b315805f,Aaron Hughes,2014-01-31,seller
U0923,Tec6b0abc42,Craig Conway,2014-01-31,seller
U0924,Tada4102f69,Emmanuel Frimpong,2014-01-31,seller
U0925,T5de028d452,Jack Hobbs,2014-01-31,seller
U0926,Te77c3c239d,Jindrich Stanek,2014-01-31,buyer
U0927,T1c8e2170e9,Joe Ledley,2014-01-31,buyer
U0928,Tf393fa80a6,Larnell Cole,2014-01-31,buyer+seller
U0929,Tb5b8f9c62e,Philippe Senderos,2014-01-31,seller
U0930,Tc142f91549,Ryan Tunnicliffe,2014-01-31,buyer+seller
U0931,T016f621417,Scott Dann,2014-01-31,buyer
U0932,T59ab0c112e,Johan Ter Horst,2014-03-17,buyer
U0933,Tb6c2db8508,Vanja Milinković-Savić,2014-05-17,buyer
U0934,T6dbbfb3792,Mauro Zárate,2014-05-28,buyer
U0935,T1eeb18a533,Ayoze,2014-06-06,buyer
U0936,Ta67f280bee,Jordan Bowery,2014-06-10,seller
U0937,T0766a2e0f8,Dionatan Teixeira,2014-06-11,buyer
U0938,T8093305b55,Cheikhou Kouyaté,2014-06-18,buyer
U0939,Tc85aa1cde5,Michael Kightly,2014-06-27,buyer+seller
U0940,Tfb701d8e9a,James Tavernier,2014-06-28,seller
U0941,T1d6560bd00,Robert Snodgrass,2014-06-30,buyer
U0942,T519e09a871,Stephen Kingsley,2014-06-30,buyer
U0943,Tb597d4c56b,Siem de Jong,2014-07-01,buyer
U0944,T109652e3b4,Marvin Emnes,2014-07-02,buyer
U0945,Td02185accd,Aaron Cresswell,2014-07-03,buyer
U0946,T390cbad93c,Marvin Sordell,2014-07-04,buyer
U0947,T7ec5db5572,Mario Pašalić,2014-07-09,buyer
U0948,T2971a979f0,Gwion Edwards,2014-07-11,seller
U0949,T0269ed7562,Kieran Richardson,2014-07-11,buyer
U0950,Td50081d0b7,Graziano Pellè,2014-07-12,buyer
U0951,Tdf306fffe5,Sébastien Pocognoli,2014-07-12,buyer
U0952,T0c77f9f021,Rémy Cabella,2014-07-13,buyer
U0953,Te05fc4b88b,Emmanuel Rivière,2014-07-16,buyer
U0954,Teb1262ee67,Daryl Janmaat,2014-07-17,buyer
U0955,Tbc1e7d094a,Mathieu Debuchy,2014-07-17,buyer+seller
U0956,T37e172f6ff,George Thorne,2014-07-19,seller
U0957,Td1f046e85a,Bojan,2014-07-22,buyer
U0958,T78b157f02a,José Campaña,2014-07-22,seller
U0959,Ta728d652d9,Steven Caulker,2014-07-22,buyer
U0960,Td8734df629,Ben Davies,2014-07-23,buyer+seller
U0961,Tea2cd6fce0,Gylfi Sigurðsson,2014-07-23,buyer+seller
U0962,T58e930c5da,Michel Vorm,2014-07-23,buyer+seller
U0963,T9b1dac1c61,Thomas Eisfeld,2014-07-23,seller
U0964,Te54c3f67b6,Alejandro Pozuelo,2014-07-24,seller
U0965,Ta982afcd9f,Jefferson Montero,2014-07-24,buyer
U0966,Ta2ebc0fa37,Patrick van Aanholt,2014-07-25,buyer+seller
U0967,Ta94f895343,Esteban Granero,2014-07-28,seller
U0968,Tbf583bfe18,Muhamed Bešić,2014-07-28,buyer
U0969,Tcdaddf0cdc,Iago Falque,2014-08-01,seller
U0970,Tde40240057,Brendan Galloway,2014-08-02,buyer
U0971,Teb109b383f,Cristian Gamboa,2014-08-05,buyer
U0972,Tff5e2e2ff9,Jason Davidson,2014-08-05,buyer
U0973,T530ea5b5a8,Conor Coady,2014-08-06,seller
U0974,T9cc8bd6dd7,Samir Carruthers,2014-08-06,seller
U0975,T916ea407cb,Aly Cissokho,2014-08-08,buyer
U0976,Teeb91ea993,Bruno Zuculini,2014-08-08,buyer
U0977,T82c382a803,Pepe Reina,2014-08-08,seller
U0978,T92134bcf06,Chico Flores,2014-08-09,seller
U0979,Tff4926cfd3,Jamaal Lascelles,2014-08-09,buyer
U0980,T5424e2ebc2,Karl Darlow,2014-08-09,buyer
U0981,T4fa6e8acc9,Billy Sharp,2014-08-13,seller
U0982,Taaa12aa5b9,DeAndre Yedlin,2014-08-13,buyer
U0983,Tc16e734dfd,Martin Kelly,2014-08-14,buyer+seller
U0984,T56224449d8,Will Buckley,2014-08-14,buyer
U0985,T3dc94ed185,Carlos Sánchez,2014-08-15,buyer
U0986,Tc05eb86b63,Diafra Sakho,2014-08-15,buyer
U0987,Tb70404128f,Stephen Ward,2014-08-15,buyer
U0988,T75560bf1d6,Cameron Jerome,2014-08-20,seller
U0989,T0bd892680d,Federico Fernández,2014-08-20,buyer
U0990,T774aea5739,George Saville,2014-08-26,seller
U0991,Te0302a9f2c,Michael Dawson,2014-08-26,buyer+seller
U0992,Tcf35fe5505,Federico Fazio,2014-08-27,buyer
U0993,T0bffd40b8d,Jack Robinson,2014-08-28,buyer+seller
U0994,Td9cd315f5e,Alex McCarthy,2014-08-29,buyer
U0995,T58be3acbe7,Danny Simpson,2014-08-30,buyer+seller
U0996,T63a666e820,Sebastián Blanco,2014-08-30,buyer
U0997,Tb972d77cf7,Brian Lenihan,2014-08-31,buyer
U0998,Tb00a100d7e,Shinji Kagawa,2014-08-31,seller
U0999,T572d008ef8,Benjamin Stambouli,2014-09-01,buyer
U1000,T470db043a8,Emyr Huws,2014-09-01,seller
U1001,T2570a8d2a8,Ignasi Miquel,2014-09-01,seller
U1002,T1662ea25e1,Jonathan Obika,2014-09-01,seller
U1003,Te4329e5f3d,Karim El Ahmadi,2014-09-01,seller
U1004,Tf3bfefb895,Krisztián Adorján,2014-09-01,seller
U1005,T1ea73394e5,Mo Barrow,2014-09-01,buyer
U1006,T0a53380f20,Mohamed Diamé,2014-09-01,buyer+seller
U1007,Tddd77b74ea,Morgan Amalfitano,2014-09-01,buyer
U1008,T2b4e062c1b,Shane Duffy,2014-09-01,seller
U1009,T786e6208d0,Tom Lawrence,2014-09-01,buyer+seller
U1010,T3cf4f53e71,Zeki Fryers,2014-09-01,buyer+seller
U1011,Te1dfab3ac1,George Moncur,2014-11-18,seller
U1012,T61b80a4a4f,Doneil Henry,2015-01-03,buyer
U1013,Tba1b615064,Greg Luer,2015-01-03,buyer
U1014,T530afd0c1e,Hallam Hope,2015-01-03,seller
U1015,Taa1ad95a08,Ryan Shotton,2015-01-03,seller
U1016,T7b088c50ef,Fernando Torres,2015-01-05,seller
U1017,T91d95d34b0,Jordan Graham,2015-01-05,seller
U1018,Tbb4c1491c8,Michael Keane,2015-01-08,buyer+seller
U1019,T913ede0978,Connor Oliver,2015-01-09,seller
U1020,T7f7ecd2041,David Ferguson,2015-01-09,seller
U1021,T8f219adb54,Alex Wynter,2015-01-10,seller
U1022,T828ef93f92,Oussama Assaidi,2015-01-13,seller
U1023,Tb306473fb6,Benik Afobe,2015-01-14,seller
U1024,T7993b07dbd,Jermain Defoe,2015-01-16,buyer
U1025,Tb902a1a63d,Jozy Altidore,2015-01-16,seller
U1026,T84dfd34163,Suso,2015-01-17,seller
U1027,Tcf31543942,Luke Daniels,2015-01-22,seller
U1028,Ta47410820a,Daniel Johnson,2015-01-23,seller
U1029,T76c6491364,Samuel Eto'o,2015-01-27,seller
U1030,Tb2a24462d6,Stuart O'Keefe,2015-01-28,seller
U1031,Tc5e0daed73,Jordon Mutch,2015-01-29,buyer+seller
U1032,Te823933bf9,Jack Cork,2015-01-30,buyer+seller
U1033,T804c9b6080,Pape Souaré,2015-01-30,buyer
U1034,T679d8e23b0,Sadiq El Fitouri,2015-01-30,buyer
U1035,Tec9c6d857c,Andreas Breimyr,2015-02-02,buyer
U1036,T06e17558a1,Dame N'Doye,2015-02-02,buyer
U1037,T8f62a5e3d5,Keshi Anderson,2015-02-02,buyer
U1038,T836538144e,Lee Chung-yong,2015-02-02,buyer
U1039,Td49050fe44,Marnick Vermijl,2015-02-02,seller
U1040,T4dab6e5a8f,Matty Kennedy,2015-02-02,seller
U1041,Tb9c7bb9a3c,Ryan Bertrand,2015-02-02,buyer+seller
U1042,Tff3dcbf351,Scott Harrison,2015-02-02,seller
U1043,Td5f41c1458,Wilfried Zaha,2015-02-02,buyer+seller
U1044,T6197ba11fb,Kemar Roofe,2015-05-12,seller
U1045,Td8c26180c3,Graham Dorrans,2015-05-27,buyer+seller
U1046,T39f6f0b059,Jakob Haugaard,2015-05-27,buyer
U1047,Td25819adff,Cameron McGeehan,2015-06-02,seller
U1048,T215c46085f,Pedro Obiang,2015-06-10,buyer
U1049,T68471d0497,Andreas Weimann,2015-06-18,seller
U1050,Te100ec807c,Franck Tabanou,2015-06-19,buyer
U1051,T3598813516,Matthew Lowton,2015-06-22,seller
U1052,Taef86fdbfe,Yacouba Sylla,2015-06-22,seller
U1053,Tfed210212e,Kristoffer Nordfeldt,2015-06-23,buyer
U1054,T49f08c4050,Mandela Egbo,2015-06-23,seller
U1055,T08b50d2edd,Brett Pitman,2015-06-26,seller
U1056,Te31d888c43,El Hadji Ba,2015-06-29,seller
U1057,Tc80025f315,Donervon Daniels,2015-06-30,seller
U1058,T10423b0e55,Matěj Vydra,2015-07-01,buyer
U1059,Te96d24b464,Sebastian Coates,2015-07-01,buyer+seller
U1060,T8a2df42ba6,Éder,2015-07-01,buyer
U1061,Tade0afa97d,Jazz Richards,2015-07-02,seller
U1062,Tcc6094bd44,Jonathan Bond,2015-07-04,seller
U1063,T9a1230d34e,Enes Ünal,2015-07-06,buyer
U1064,T74a73061ad,Ángelo Henríquez,2015-07-06,seller
U1065,T9d8d4acd69,Cuco Martina,2015-07-07,buyer
U1066,Ta146554f4e,Valon Behrami,2015-07-11,buyer
U1067,T77ddcd915b,Oli McBurnie,2015-07-13,buyer
U1068,Tb371fc6e7c,Allan Nyom,2015-07-14,buyer
U1069,T26c757cd44,Lewis McGugan,2015-07-16,seller
U1070,T6eaa74a85a,Jordy Hiwula,2015-07-17,seller
U1071,T280a83c7f5,Jordan Amavi,2015-07-18,buyer
U1072,T5d943e4fac,Reece James,2015-07-21,seller
U1073,Td5697fb98f,José Jurado,2015-07-22,buyer
U1074,T22caa5bc63,Alex McCarthy,2015-07-23,buyer
U1075,T52bdf734f5,Chancel Mbemba,2015-07-26,buyer
U1076,T2da4ac516f,Jordan Ayew,2015-07-27,buyer
U1077,T6b9e1c2325,Chris Long,2015-07-28,seller
U1078,T76e3e978b6,José Ángel Crespo,2015-07-28,buyer
U1079,T68224bdf04,Jordan Veretout,2015-07-31,buyer
U1080,T04234d636b,Rudy Gestede,2015-07-31,buyer
U1081,T963134d764,Rafael,2015-08-03,seller
U1082,T0efbc80743,Yohan Benalouane,2015-08-03,buyer
U1083,T00062939e9,Max Gradel,2015-08-04,buyer
U1084,Tbf508b4662,Ivan Toney,2015-08-06,buyer
U1085,Td8028e3e60,Rafael Páez,2015-08-06,seller
U1086,Tbe1f3806af,Ryan Fredericks,2015-08-06,seller
U1087,Tcc3d5412af,Grant Hall,2015-08-07,seller
U1088,T4f1dc055d9,Mason Holgate,2015-08-13,buyer
U1089,T6f0e5de9c7,Botti Biabi,2015-08-17,buyer
U1090,T7914f22ff0,Mehdi Abeid,2015-08-21,seller
U1091,T31f2da91cb,Liam O'Neil,2015-08-24,seller
U1092,T7f720aced6,Aleksandar Tonev,2015-08-27,seller
U1093,T5b2a72fd75,Fernando Forestieri,2015-08-29,seller
U1094,T0b9f953de9,Jonny Evans,2015-08-29,buyer+seller
U1095,Tdb52130f25,Barry Bannan,2015-08-31,seller
U1096,T40c92375e1,Brown Ideye,2015-08-31,seller
U1097,Ta259672808,Emmanuel Mayuka,2015-08-31,seller
U1098,T6ca9fddf8e,Modibo Maïga,2015-08-31,seller
U1099,T211cc24b95,Matija Sarkic,2015-09-01,buyer
U1100,T3c69ccf630,Obbi Oularé,2015-09-01,buyer
U1101,Ta69ffd016b,Ulises Dávila,2015-12-05,seller
U1102,T9dc769f0d0,Matthew Foulds,2016-01-02,buyer
U1103,T95b2531ab9,Elliott Bennett,2016-01-05,seller
U1104,Tb21c40ab2a,Shani Tarashaj,2016-01-07,buyer
U1105,Te27cdc0856,Ivo Pinto,2016-01-08,buyer
U1106,Tdb0d51b819,Ben Pearson,2016-01-11,seller
U1107,Tb12fc22057,Henri Saivet,2016-01-11,buyer
U1108,T63acd869cb,Joe Davis,2016-01-11,seller
U1109,T7a8ad67f7a,Jack Hunt,2016-01-13,seller
U1110,T38f377898b,Shilow Tracey,2016-01-13,buyer
U1111,Te9ad766653,Alie Sesay,2016-01-15,seller
U1112,Tb5b896c4da,Anthony Cáceres,2016-01-15,buyer
U1113,Ta25e9633b5,Ben Godfrey,2016-01-15,buyer
U1114,Ted4c3b82f6,Liam Grimshaw,2016-01-18,seller
U1115,Tab6372607f,Nordin Amrabat,2016-01-18,buyer
U1116,Tb1f93545a5,Timm Klose,2016-01-18,buyer
U1117,Te22da2ff98,Costel Pantilimon,2016-01-19,buyer+seller
U1118,T3cd5b4262c,George Evans,2016-01-19,seller
U1119,T17d12c9ff9,Elliott Ward,2016-01-20,seller
U1120,T10a582f9c2,Sam Byram,2016-01-20,buyer
U1121,Td31d08ea38,Yann Kermorgant,2016-01-20,seller
U1122,T04d73c3d1d,Adil Nabi,2016-01-21,seller
U1123,Tf3b7022f02,Gary Hooper,2016-01-22,seller
U1124,Tfdb3a3e410,Shaq Coulthirst,2016-01-22,seller
U1125,Td77deb3488,Shane Ferguson,2016-01-26,seller
U1126,Tf88f5362f8,Andros Townsend,2016-01-27,buyer+seller
U1127,T034c6c5796,Lamine Koné,2016-01-27,buyer
U1128,T97a2d87a0c,Alberto Paloschi,2016-01-29,buyer
U1129,Td707c28576,Daniel Iversen,2016-01-29,buyer
U1130,T9f47f9bdfa,Mike Williamson,2016-01-29,seller
U1131,Tfd54c7ec52,Mario Suárez,2016-01-30,buyer
U1132,T4bc175680c,Matt Miazga,2016-01-30,buyer
U1133,T902da20880,Wahbi Khazri,2016-01-30,buyer
U1134,Tfd23c95d2c,Adalberto Peñaranda,2016-02-01,buyer
U1135,Tf6ddc95dac,James Maddison,2016-02-01,buyer
U1136,T01cb4ed492,Rhoys Wiggins,2016-02-01,buyer
U1137,T5774570f9f,Manuel Lanzini,2016-03-24,buyer
U1138,T9c67e224a4,Freddie Ladapo,2016-03-30,buyer
U1139,Ta7af2c95b1,Toni Martínez,2016-04-22,buyer
U1140,T7bf70b1986,Miguel Layún,2016-05-19,seller
U1141,Ta17550d7ad,Eder,2016-05-24,seller
U1142,T39aa6f3f13,Andrej Kramarić,2016-05-25,seller
U1143,T9e99a5aeaf,Ron-Robert Zieler,2016-06-03,buyer
U1144,Tf554c0b954,Juanmi,2016-06-09,seller
U1145,T6e905cacc8,Stipe Perica,2016-06-15,seller
U1146,Tb545a52314,Alberto Paloschi,2016-06-17,seller
U1147,Tde2696ec8e,Elliot Lee,2016-06-24,seller
U1148,Ta31dfce1b7,Raul Uche,2016-06-29,buyer
U1149,Tbdf0559b3f,Lys Mousset,2016-06-30,buyer
U1150,T61c36423ee,Gabriele Angella,2016-07-01,seller
U1151,Te688401ed4,Maarten Stekelenburg,2016-07-01,buyer
U1152,T06a97b8dd9,Steve Mandanda,2016-07-01,buyer
U1153,Ta6f96ba5a1,Takuma Asano,2016-07-03,buyer
U1154,T2dda3f60e2,José Manuel Jurado,2016-07-04,seller
U1155,T4b969e4454,Oleksandr Zinchenko,2016-07-04,buyer
U1156,T209ef4b434,Leroy Fer,2016-07-05,buyer
U1157,Tb520966f54,Mike van der Hoorn,2016-07-06,buyer
U1158,T460c78e31a,Lewis Cook,2016-07-08,buyer
U1159,T5f03ebd82c,Isaac Hayden,2016-07-11,seller
U1160,Tf9392aa56b,Joe Rothwell,2016-07-12,seller
U1161,T58109c225a,Tyler Reid,2016-07-12,buyer+seller
U1162,Taf4033a7d9,Antonio Barragán,2016-07-15,buyer
U1163,Te6f1158051,Emanuele Giaccherini,2016-07-16,seller
U1164,T909d993c84,Wellington Silva,2016-07-18,seller
U1165,Tbf27340914,Jóhann Berg Guðmundsson,2016-07-19,buyer
U1166,Taa84f73fe9,Nick Pope,2016-07-19,buyer
U1167,Tf33d25b617,Brice Dja Djédjé,2016-07-21,buyer
U1168,T3183b3599e,Almen Abdi,2016-07-28,seller
U1169,T7e2138ff13,Daniel Pudil,2016-07-28,seller
U1170,T672ea4267a,Alex McCarthy,2016-08-01,buyer+seller
U1171,Td0525b05e0,Grant Ward,2016-08-01,seller
U1172,Tc63662c5fb,Jerome Binnom-Williams,2016-08-02,seller
U1173,Te38b755d31,Mohamed Diamé,2016-08-03,seller
U1174,T0968627929,Mohamed Salah,2016-08-03,seller
U1175,Taa3b835455,Alex Pritchard,2016-08-04,seller
U1176,Ta05d9a78ca,Fernando Llorente,2016-08-05,buyer
U1177,T56e53fb9b7,Ryan Sweeney,2016-08-05,buyer
U1178,T22dc0fc3a1,Dominic Ball,2016-08-12,seller
U1179,Tbfa5741b3c,James Chester,2016-08-12,seller
U1180,Tf0e3c21ce6,Shaun MacDonald,2016-08-13,seller
U1181,T59241806be,Jordan Turnbull,2016-08-15,seller
U1182,T0b61af08a7,David Jones,2016-08-16,seller
U1183,Tbc9b9ce71a,Liam Bridcutt,2016-08-16,seller
U1184,T7204d8e401,Mile Jedinak,2016-08-17,seller
U1185,Tb07ab63733,Liam Moore,2016-08-20,seller
U1186,T27ff2e5fb3,Tyler Blackett,2016-08-22,seller
U1187,T60b2fd2d58,Ritchie De Laet,2016-08-23,seller
U1188,Ta94aa962e9,Daryl Janmaat,2016-08-24,buyer
U1189,Tb1b14b0271,Eduardo,2016-08-25,buyer
U1190,Tbab4d76298,Ryan Ledson,2016-08-25,seller
U1191,T6fcad2ca63,Stefano Okaka,2016-08-29,buyer
U1192,Teef3def589,Adam Jackson,2016-08-30,seller
U1193,T29d29951f4,Brad Halliday,2016-08-30,seller
U1194,T7a690a85cf,Cristian Gamboa,2016-08-30,seller
U1195,Tad851c7b01,David Marshall,2016-08-30,buyer
U1196,T7b8bc3d131,Will Keane,2016-08-30,buyer+seller
U1197,Td5d3fdb55a,Adam Reach,2016-08-31,seller
U1198,T625c2175b4,Adama Traoré,2016-08-31,buyer
U1199,T782fb94ae7,Albert Adomah,2016-08-31,seller
U1200,T53ef6ccb96,Allan Nyom,2016-08-31,buyer+seller
U1201,Ta80bb621fc,Cameron Dummigan,2016-08-31,seller
U1202,T577e77b175,Cameron McJannett,2016-08-31,buyer
U1203,T8a6583a175,Eunan O'Kane,2016-08-31,seller
U1204,T61a1195c07,Ikechi Anya,2016-08-31,seller
U1205,T4ff44a1744,James Weir,2016-08-31,buyer+seller
U1206,T09518d1dac,Mika,2016-08-31,buyer
U1207,T242d584227,Renny Smith,2016-08-31,seller
U1208,Tc45f0a3b62,Rickie Lambert,2016-08-31,seller
U1209,T62f9203877,Serge Gnabry,2016-08-31,seller
U1210,Tf46cf61bf2,Dylan Watts,2016-09-01,buyer
U1211,Tee9c9838aa,Rabbi Matondo,2016-09-23,buyer
U1212,Tf95d9b5311,Harry Souttar,2016-09-27,buyer
U1213,T9c9f230bf3,Rudy Gestede,2017-01-04,buyer
U1214,T3f0ab9f5ba,Mikael Soisalo,2017-01-05,buyer
U1215,Tc9e2001ef3,John Mikel Obi,2017-01-06,seller
U1216,T28544c34b0,Lewis Page,2017-01-06,seller
U1217,T228237926b,Markus Henriksen,2017-01-06,buyer
U1218,T1a6c7093c2,David Nugent,2017-01-09,seller
U1219,Tb96c8f7bc3,George Glendon,2017-01-12,seller
U1220,Tadcd32fab0,Luciano Narsingh,2017-01-12,buyer
U1221,T56726d3d7a,Daniel Lafferty,2017-01-13,seller
U1222,Taaced1e367,Evandro,2017-01-13,buyer
U1223,T4b813d3bc6,Ian Lawlor,2017-01-13,seller
U1224,T8a9a2c74d5,Joe Maguire,2017-01-13,seller
U1225,Tc7378fddb5,Emilio Nsue,2017-01-18,seller
U1226,T0dfaae7744,Tiago Ilori,2017-01-18,seller
U1227,T6191669281,Nathan Holland,2017-01-22,buyer+seller
U1228,T2ddced7047,Luis Hernández,2017-01-24,seller
U1229,T48d7269fea,Mauro Zárate,2017-01-25,buyer
U1230,T78d02d9d86,Jonny Burn,2017-01-26,seller
U1231,T495f0bd5fb,Dion Conroy,2017-01-27,seller
U1232,T91cbfaad87,Bryan Oviedo,2017-01-30,buyer+seller
U1233,T7bbf22d2a5,Darron Gibson,2017-01-30,buyer+seller
U1234,Tc33d20729b,Adlène Guedioura,2017-01-31,buyer+seller
U1235,T115d82d103,Arnel Jakupovic,2017-01-31,seller
U1236,Tf7b2c36e3b,Ashley Westwood,2017-01-31,buyer
U1237,T535ee518f2,Glenn Murray,2017-01-31,seller
U1238,T0d7cdea0d7,Luka Milivojević,2017-01-31,buyer
U1239,T4bd0ffee3e,Mark Kitching,2017-01-31,seller
U1240,Tc92d39fa66,Neil Taylor,2017-01-31,seller
U1241,T29716c0288,Ryan Hedges,2017-01-31,seller
U1242,T6910a5331b,Branislav Ivanović,2017-02-01,seller
U1243,T075767c0b4,Jack Byrne,2017-02-01,seller
U1244,Tf805ae1998,Kamil Grosicki,2017-02-01,buyer
U1245,Tcaba5b6732,Sebastián Coates,2017-02-02,seller
U1246,T0da76c394e,Nabil Bentaleb,2017-02-24,seller
U1247,Ta2c227ce57,Alex Bray,2017-03-10,seller
U1248,T1cc7bed400,Tom Cleverley,2017-03-31,buyer+seller
U1249,T091a20c64b,Craig Gardner,2017-05-11,seller
U1250,T5d7a7e2799,Enes Mahmutovic,2017-05-19,buyer
U1251,T836d259665,Josh Kerr,2017-05-23,buyer
U1252,Te401ae1a3d,Christian Atsu,2017-05-24,buyer+seller
U1253,T844a56c002,Asmir Begović,2017-05-30,buyer+seller
U1254,T8b9c7ab2f5,Florian Thauvin,2017-06-09,seller
U1255,Tda49e938e8,Jason McCarthy,2017-06-13,seller
U1256,Tb58b4ca2e2,Kevin Mbabu,2017-06-15,seller
U1257,T160ef41217,Mathew Ryan,2017-06-16,buyer
U1258,T6b25ed669f,Nathangelo Markelo,2017-06-19,buyer
U1259,T01452493b7,Håvard Nordtveit,2017-06-20,seller
U1260,Tfaed44e5a6,Josh Harrop,2017-06-23,seller
U1261,T06ec76d8ce,Bafétimbi Gomis,2017-06-28,seller
U1262,Tb7b58d878b,Zhang Yuning,2017-07-03,buyer
U1263,T3aa327914a,Scott Malone,2017-07-05,buyer
U1264,T6243700b74,Rubén Sobrino,2017-07-06,seller
U1265,T69d0cb8ee1,Josh Bowler,2017-07-07,buyer
U1266,Tca550c2ef5,Kaylen Hinds,2017-07-09,seller
U1267,T3582ad47af,Wayne Rooney,2017-07-09,buyer+seller
U1268,Tad3dbf0af5,Bruno Zuculini,2017-07-11,seller
U1269,T298c34cced,Mario Suárez,2017-07-11,seller
U1270,Tffa3b7bfbb,Ron-Robert Zieler,2017-07-11,seller
U1271,T0df8419186,Steve Mandanda,2017-07-11,seller
U1272,Te1f255f50c,Luke McGee,2017-07-12,seller
U1273,T93730a2c96,Tre Pemberton,2017-07-12,buyer
U1274,T2234065dc3,Aiden McGeady,2017-07-13,seller
U1275,T7f99a53fc5,Enner Valencia,2017-07-13,seller
U1276,Tbd160f4919,Markus Suttner,2017-07-13,buyer
U1277,Ted3248f9fa,Nathaniel Chalobah,2017-07-13,buyer+seller
U1278,T44f11c8b8e,Rob Hunt,2017-07-13,seller
U1279,Tee1e59ba0f,Douglas Luiz,2017-07-15,buyer
U1280,Tf49974fad8,Federico Fazio,2017-07-15,seller
U1281,T437682152c,Clinton N'Jie,2017-07-16,seller
U1282,Tce7c27cca2,George Dobson,2017-07-16,seller
U1283,Tcc98126df4,Cian Harries,2017-07-17,buyer
U1284,Teb4b5e9030,Courtney Duffus,2017-07-17,seller
U1285,T85e36f7e13,Daniel Crowley,2017-07-17,seller
U1286,T4b3ebd54a8,Mukhtar Ali,2017-07-17,seller
U1287,T6b7bcea638,Eldin Jakupović,2017-07-19,buyer
U1288,T6ec4856cbf,Mathias Normann,2017-07-20,buyer
U1289,T4ac0d1212e,Daryl Murphy,2017-07-21,seller
U1290,T35638e2f66,Javier Manquillo,2017-07-21,buyer
U1291,T225533eba0,James Horsfield,2017-07-24,seller
U1292,T96db261159,Phil Bardsley,2017-07-25,buyer+seller
U1293,T187541bbcc,Tendayi Darikwa,2017-07-26,seller
U1294,T1e79a3ded6,Lewis Gibson,2017-07-27,buyer+seller
U1295,Td05843dfa6,Steven Alzate,2017-07-31,buyer
U1296,T0fd28a0f79,Steven Berghuis,2017-07-31,seller
U1297,Tbaa0909ff7,Aleš Matějů,2017-08-04,buyer
U1298,T024015cb6b,Fernando,2017-08-04,seller
U1299,T8b0d361c39,Harry Bunn,2017-08-04,seller
U1300,Tcc55abdc90,Adam Legzdins,2017-08-08,buyer
U1301,Tccffef6830,George Thomas,2017-08-08,buyer
U1302,T439fdb48b3,Harry Cornick,2017-08-08,seller
U1303,Te8737cf425,Soufyan Ahannach,2017-08-10,buyer
U1304,Tdd300b2870,Zackarias Faour,2017-08-11,seller
U1305,Tf07cc2c889,Gareth Barry,2017-08-15,buyer+seller
U1306,Ted03f9a208,Gabriel Paulista,2017-08-18,seller
U1307,T9699188eff,Olarenwaju Kayode,2017-08-18,buyer
U1308,Tf6d727ffbe,Ismaël Bennacer,2017-08-21,seller
U1309,T147320ca70,Savvas Mourgos,2017-08-22,seller
U1310,T5f3e2e85a3,Abdelhamid Sabiri,2017-08-23,buyer
U1311,T7d66e68be3,Paulo Gazzaniga,2017-08-23,buyer+seller
U1312,T12d1c2fc32,Sam Clucas,2017-08-23,buyer
U1313,T072997601c,Stephen Kingsley,2017-08-23,seller
U1314,Tf915c5ffab,Jon Toral,2017-08-24,seller
U1315,Tfae79c7d7a,Emmanuel Rivière,2017-08-25,seller
U1316,T4682226c4f,Grant Hanley,2017-08-30,seller
U1317,T71b1efd17d,Callum McManaman,2017-08-31,seller
U1318,T88dcd02ad3,Davide Zappacosta,2017-08-31,buyer
U1319,T7af9e1fef0,Donyell Malen,2017-08-31,seller
U1320,T5141617526,Ezequiel Schelotto,2017-08-31,buyer
U1321,Td2245e7ce9,Fernando Llorente,2017-08-31,buyer+seller
U1322,Tf66bdb3744,Malakai Mars,2017-08-31,seller
U1323,T5741f34b3e,Marc Wilson,2017-08-31,seller
U1324,T67e9e650af,Marvin Zeegelaar,2017-08-31,buyer
U1325,Td8521e3a3e,Sam Hart,2017-08-31,seller
U1326,Tc32bf68a84,Wilfried Bony,2017-08-31,buyer+seller
U1327,Td3eee0c619,William Miller,2017-08-31,seller
U1328,T02b6b5ebe6,Viktor Gyökeres,2017-09-06,buyer
U1329,Tb66f79eaa0,Fraser Horsfall,2017-12-29,seller
U1330,Te5daa90368,Konstantinos Mavropanos,2018-01-04,buyer
U1331,T702b093e06,Shay Facey,2018-01-05,seller
U1332,Tc16765921b,Moritz Bauer,2018-01-08,buyer
U1333,T9e410a0337,Cameron Brannagan,2018-01-11,seller
U1334,T67d332c6e0,Alex Pritchard,2018-01-12,buyer
U1335,T53664fde6c,Noor Husin,2018-01-12,seller
U1336,T038fb6570d,Fousseni Diabaté,2018-01-13,buyer
U1337,Tf57a494938,Keshi Anderson,2018-01-16,seller
U1338,Tbdecb3c15a,Aaron Lennon,2018-01-23,buyer+seller
U1339,Ta3f190c4d9,Jarosław Jach,2018-01-23,buyer
U1340,Te95a5aa3db,Diafra Sakho,2018-01-29,seller
U1341,T7b6582e60c,Dodi Lukebakio,2018-01-30,buyer
U1342,T713fe43e1d,Jack Harrison,2018-01-30,buyer
U1343,Ta47b659069,Lloyd Jones,2018-01-31,seller
U1344,Tcac393cd63,Olivier Giroud,2018-01-31,buyer+seller
U1345,Tcdaa0f335e,Tino Sardinha,2018-01-31,buyer
U1346,Tdf84fcde9d,Jonas Lössl,2018-03-16,buyer
U1347,T230d7e424b,Pablo Maffeo,2018-05-14,seller
U1348,Te892244fc0,Ricardo Pereira,2018-05-17,buyer
U1349,T327ff0c776,Tom Anderson,2018-05-17,seller
U1350,Tfe14558fd0,Jamie Murphy,2018-05-18,seller
U1351,T5a7b701305,Keanan Bennetts,2018-05-18,seller
U1352,T6547ba28cd,Bailey Vose,2018-05-25,seller
U1353,T8a6febe65c,Ben Wilmot,2018-05-25,buyer
U1354,T34f50a7db0,Florin Andone,2018-05-25,buyer
U1355,Td1e33d1c8e,Joe Riley,2018-05-25,seller
U1356,T2c882f47ab,Martin Dúbravka,2018-05-30,buyer
U1357,T48e268e497,Connor Goldson,2018-06-13,seller
U1358,Tb5e6af68ca,Greg Cunningham,2018-06-13,buyer
U1359,Tcfe16e3ad7,Duckens Nazon,2018-06-14,seller
U1360,Tf86effa420,Marc Navarro,2018-06-15,buyer
U1361,Ta01c2f0eed,James Maddison,2018-06-20,buyer
U1362,T8dbf9493d6,Juninho Bacuna,2018-06-20,buyer
U1363,T6425076914,Connor Wood,2018-06-21,seller
U1364,T8ea4f361ee,Ramiro Funes Mori,2018-06-21,seller
U1365,T4aca5ad21e,Max Gradel,2018-06-25,seller
U1366,T8dca59df3f,Ashley Smith-Brown,2018-06-26,seller
U1367,T1327b0ef30,Ben Marshall,2018-06-30,seller
U1368,Tff2aacfffb,Diogo Jota,2018-06-30,buyer
U1369,T7bf9feab80,Léo Bonatini,2018-06-30,buyer
U1370,T8038605b88,Rúben Vinagre,2018-06-30,buyer
U1371,T0196eee308,David Brooks,2018-07-01,buyer
U1372,T7048d8b87e,Adam Masina,2018-07-02,buyer
U1373,Tdeca369fa2,Jacob Davenport,2018-07-02,seller
U1374,Tce2f5d1ca2,Sokratis Papastathopoulos,2018-07-02,buyer
U1375,Tdc3b0a0b53,Adam Federici,2018-07-03,seller
U1376,Te31acf9030,Costel Pantilimon,2018-07-03,seller
U1377,T73cd8b4ffe,Ben Foster,2018-07-05,buyer
U1378,T0df1506150,Ken Sema,2018-07-05,buyer
U1379,T0721551d02,Lewis Grabban,2018-07-06,seller
U1380,Ta36feda7fd,Reece Burke,2018-07-10,seller
U1381,T30ed25eb7a,Andriy Yarmolenko,2018-07-11,buyer
U1382,T3418b9a386,Maxime Le Marchand,2018-07-12,buyer
U1383,T1e3234c170,Mikel Merino,2018-07-12,seller
U1384,T9be2465479,Prince Oniangué,2018-07-12,seller
U1385,T8efb070f35,Erik Durm,2018-07-13,buyer
U1386,Ta5bf9bcc86,Jannik Vestergaard,2018-07-13,buyer
U1387,T01b718fd73,Fabián Balbuena,2018-07-14,buyer
U1388,T39a61f5e02,David Button,2018-07-16,buyer+seller
U1389,Ta058278624,Isaac Buckley-Ricketts,2018-07-17,seller
U1390,Tedb81c7ea8,Yves Bissouma,2018-07-17,buyer
U1391,Tb4ab52193c,Anton Walkes,2018-07-18,seller
U1392,Ta4ad7fa417,Sean Scannell,2018-07-19,seller
U1393,T18a9499542,Adama Diakhaby,2018-07-20,buyer
U1394,Td0a6c8c8f4,Percy Tau,2018-07-20,buyer
U1395,T960a91ec17,Chancel Mbemba,2018-07-23,seller
U1396,Ta882a3c88a,Tareiq Holmes-Dennis,2018-07-23,seller
U1397,T4a39293974,Diego Rico,2018-07-24,buyer
U1398,T702529c5d8,Fabricio,2018-07-24,buyer
U1399,Tc0e9c96231,Nordin Amrabat,2018-07-25,seller
U1400,Td002261693,Davy Klaassen,2018-07-27,seller
U1401,T7449fafde7,Barry Douglas,2018-07-28,seller
U1402,Tebc57f37a4,Sam Baldock,2018-07-30,seller
U1403,T555c4537f8,Bersant Celina,2018-07-31,seller
U1404,Ta19bb0abcf,Philippe Sandler,2018-07-31,buyer
U1405,T1508d24cdc,Cheikhou Kouyaté,2018-08-01,buyer+seller
U1406,T9ade72af32,Jiří Skalák,2018-08-02,seller
U1407,Taaa4f16a06,Jordy Hiwula,2018-08-02,seller
U1408,T9547b4cc33,Xande Silva,2018-08-02,buyer
U1409,Tb9724fafe3,Yoshinori Mutō,2018-08-02,buyer
U1410,Td9878e5232,Ahmed Musa,2018-08-03,seller
U1411,T64a85ea4f6,Rachid Ghezzal,2018-08-05,buyer
U1412,T3ce6b5dbe5,Adam Armstrong,2018-08-06,seller
U1413,T491636662e,Matěj Vydra,2018-08-07,buyer
U1414,Td8a0a9745d,Jordan Williams,2018-08-08,seller
U1415,T3540e016c8,Scott Malone,2018-08-08,seller
U1416,T312ea2a641,Carlos Sánchez,2018-08-09,buyer
U1417,T87807c55be,Dan Burn,2018-08-09,buyer
U1418,T1f533a9ac7,Daniel Arzani,2018-08-09,buyer
U1419,Te20c988042,Domingos Quina,2018-08-09,buyer+seller
U1420,Tce0779589b,Filip Benković,2018-08-09,buyer
U1421,T0f0ceab950,Ivan Toney,2018-08-09,seller
U1422,Td108122c10,Josh Gordon,2018-08-09,seller
U1423,T13e107ce27,Lucas Pérez,2018-08-09,buyer+seller
U1424,T43a8bd1656,Martín Montoya,2018-08-09,buyer
U1425,Tccbeaebdfe,Michael Hefele,2018-08-09,seller
U1426,T71dfa1d5eb,Peter Gwargis,2018-08-09,buyer
U1427,Tf92e13e507,Thibaut Courtois,2018-08-09,seller
U1428,T89049350c4,Leonardo Ulloa,2018-08-12,seller
U1429,Tda1e6ee5d8,Joel Campbell,2018-08-17,seller
U1430,Tb6550f50a6,David Wang,2019-01-01,buyer
U1431,T1675e4f544,Jonny Williams,2019-01-04,seller
U1432,T5bf074888c,Vicente Iborra,2019-01-07,seller
U1433,T45113c523b,Cesc Fàbregas,2019-01-11,seller
U1434,T987804c288,Manolo Gabbiadini,2019-01-11,seller
U1435,Tad31763c6d,Dion Pereira,2019-01-15,seller
U1436,Tcbe2dbd53a,Yohan Benalouane,2019-01-18,seller
U1437,Tcf3410be34,Emiliano Sala,2019-01-19,buyer
U1438,T8257ebe320,Mathias Normann,2019-01-28,seller
U1439,T3754fae020,Karlan Grant,2019-01-30,buyer
U1440,Tf1e8cd6419,Leandro Bacuna,2019-01-31,buyer
U1441,T45dd30188f,Peter Crouch,2019-01-31,buyer
U1442,T40d28f2500,Sam Vokes,2019-01-31,seller
U1443,T8bb8eaffec,Marouane Fellaini,2019-02-01,seller
U1444,T8575a2d506,Tyias Browning,2019-02-20,seller
U1445,Td02f847a60,Kylian Hazard,2019-05-05,seller
U1446,T18e45765ad,Ethan Ebanks-Landell,2019-05-29,seller
U1447,T85600a0024,Edimilson Fernandes,2019-06-03,seller
U1448,T6b30602e59,Lucas Pérez,2019-06-03,seller
U1449,T4a274496dc,Gary Gardner,2019-06-05,seller
U1450,Tb98c014a3a,Jota,2019-06-05,buyer
U1451,T83845e63ec,Anwar El Ghazi,2019-06-10,buyer
U1452,Te4ba641509,Ola Aina,2019-06-11,seller
U1453,T860727aa84,Moussa Djenepo,2019-06-13,buyer
U1454,Tbee1243ceb,Daniel Adshead,2019-06-18,buyer
U1455,Tb2d40eea04,Nikola Vlašić,2019-06-19,seller
U1456,T2e61a91650,Matthew Clarke,2019-06-21,buyer
U1457,T8e42f46422,Jay Dasilva,2019-06-26,seller
U1458,T55485ffc99,Leandro Trossard,2019-06-26,buyer
U1459,Tc5099e81f2,James Justin,2019-06-28,buyer
U1460,T7d96c2596c,Aleš Matějů,2019-07-01,seller
U1461,T4f62a3d59a,Craig Dawson,2019-07-01,buyer
U1462,Tab0f8b89c0,Lloyd Kelly,2019-07-01,buyer
U1463,T602c6134cf,Matt Targett,2019-07-01,buyer+seller
U1464,Tf725085ea3,Jack Clarke,2019-07-02,buyer
U1465,T07d17f5b7d,Angeliño,2019-07-03,buyer
U1466,Tc0c0aad422,Luke Freeman,2019-07-03,buyer
U1467,T8c30976e35,David Ospina,2019-07-04,seller
U1468,Tb3050a7343,Erik Pieters,2019-07-08,buyer
U1469,Tad5ec12b17,Conor Mahoney,2019-07-09,seller
U1470,Tf2a1afa9e1,Zack Steffen,2019-07-09,buyer
U1471,T50b2063b73,Callum Robinson,2019-07-12,buyer
U1472,T6868c2483c,Sam Gallagher,2019-07-13,seller
U1473,Ta8e97e24c9,Antonee Robinson,2019-07-15,seller
U1474,T33ecb41d61,Fabian Delph,2019-07-15,buyer+seller
U1475,T3807932253,Joselu,2019-07-15,seller
U1476,T045b591651,Björn Engels,2019-07-16,buyer
U1477,Tdef8cebc86,Vincent Janssen,2019-07-23,seller
U1478,Tc3cc78103e,Pedro Obiang,2019-07-24,seller
U1479,T45d15252cd,Ben Osborn,2019-07-26,buyer
U1480,T7dfc10ca67,Marcus Browne,2019-07-26,seller
U1481,Tc19fb3806b,Markus Suttner,2019-07-30,seller
U1482,T149f9f7f95,Joe Williams,2019-07-31,seller
U1483,T2e36380740,Dodi Lukebakio,2019-08-01,seller
U1484,T164052c81c,Elliott Moore,2019-08-01,seller
U1485,T816d202f28,Kasey Palmer,2019-08-01,seller
U1486,T9abfeeec24,Marvelous Nakamba,2019-08-01,buyer
U1487,T8eb67b6502,Bruno Jordão,2019-08-02,buyer
U1488,Tc7dbb39c90,Krystian Bielik,2019-08-02,seller
U1489,Te6c0b59fd7,Pedro Neto,2019-08-02,buyer
U1490,Tf2284c166b,Reece Oxford,2019-08-02,seller
U1491,Tc35df41e3b,Moise Kean,2019-08-04,buyer
U1492,T45d91b32c1,Neal Maupay,2019-08-05,buyer
U1493,Tb884d4f98b,Caolan Lavery,2019-08-06,seller
U1494,T8798adce3f,Ched Evans,2019-08-06,seller
U1495,T1336100ecf,Renat Dadashov,2019-08-06,buyer
U1496,Tb649f2b2ac,Carl Jenkinson,2019-08-07,seller
U1497,Tc4afa7a38c,Callum Elder,2019-08-08,seller
U1498,T4c2fa29cb2,David Luiz,2019-08-08,buyer+seller
U1499,T2b54c41a7f,Dennis Praet,2019-08-08,buyer
U1500,T7d078432ce,Dominic Thompson,2019-08-08,seller
U1501,Tc491281ab3,Kieran Tierney,2019-08-08,buyer
U1502,T7fb262739d,Meritan Shabani,2019-08-08,buyer
U1503,Td6f2373eb7,Romaric Yapi,2019-08-08,buyer
U1504,T4e4ff5ede1,Brandon Barker,2019-08-09,seller
U1505,T91d2ccd2f2,Dan Agyei,2019-08-10,seller
U1506,T3337253bf3,Aaron Tshibola,2019-08-29,seller
U1507,Tb2bb69af17,Nacho Monreal,2019-08-31,seller
U1508,T3a5f1f8c5f,Javier Hernández,2019-09-01,seller
U1509,T65755702a7,Jeremie Frimpong,2019-09-01,seller
U1510,T34ea55556f,Kelechi Nwakali,2019-09-01,seller
U1511,T2e8360d39d,Lee O'Connor,2019-09-01,seller
U1512,Tcd3099d928,Marcus Edwards,2019-09-01,seller
U1513,T29ea844ac0,Matteo Darmian,2019-09-01,seller
U1514,Tb89b96e36c,Stefano Okaka,2019-09-01,seller
U1515,T6403be737e,Michael Hector,2019-09-05,seller
U1516,T044897055f,Emerson Hyndman,2019-12-09,seller
U1517,T36aee7dda1,Mbwana Samatta,2020-01-20,buyer
U1518,Tcf350d70d5,Anthony Scully,2020-02-03,seller
U1519,T03f3e0794e,Robbie Burton,2020-02-18,seller
U1520,T472581eb02,Morgan Schneiderlin,2020-06-23,seller
U1521,T5886abb006,Cédric Soares,2020-07-01,buyer+seller
U1522,Td7f2390967,Danel Sinani,2020-07-01,buyer
U1523,Tb33c32a246,Fraser Hornby,2020-07-01,seller
U1524,Tce4f853ccd,Pape Gueye,2020-07-01,buyer
U1525,Taacbbb32e8,Pape Gueye,2020-07-02,seller
U1526,T8fc821cf03,George Cox,2020-07-06,seller
U1527,T5d1703746a,Zac Emmerson,2020-07-15,buyer
U1528,T2968c1bdb9,Tsun Dai,2020-07-16,seller
U1529,T6408a24391,Jacob Sørensen,2020-07-20,buyer
U1530,T2ecfa985ba,Jensen Weir,2020-07-23,buyer
U1531,Tca68ff9449,Dimitri Foulquier,2020-07-24,seller
U1532,T63253108c9,Elliot Watt,2020-07-27,seller
U1533,T060eb8357e,Fisayo Dele-Bashiru,2020-07-28,seller
U1534,T9ae4b33335,Joël Veltman,2020-07-29,buyer
U1535,Tdafd49466e,Kieran Dowell,2020-07-30,seller
U1536,T52c1b8e6be,Boubacar Hanne,2020-08-07,seller
U1537,Tf3ae4f2bfd,Joe Gelhardt,2020-08-10,buyer
U1538,T231cf3bbc3,Charlie Allen,2020-08-11,buyer
U1539,Tfbc31d4f2d,Jacob Maddox,2020-08-12,seller
U1540,Tc7939a88dc,Cody Drameh,2020-08-13,buyer+seller
U1541,T21491b91f5,Luke Amos,2020-08-17,seller
U1542,T370ff4e9e2,Ben Chrisene,2020-08-19,buyer
U1543,T951a2c02a0,Martín Montoya,2020-08-25,seller
U1544,Te662adbb3a,Aaron Mooy,2020-08-28,seller
U1545,T4cecd34047,Cameron John,2020-08-28,seller
U1546,T0b346b7b91,Jonathan Leko,2020-08-28,seller
U1547,T1c8c8c1593,Ovie Ejaria,2020-08-28,seller
U1548,T31dd2b7001,Robin Koch,2020-08-29,buyer
U1549,T9e4c8b9de7,Harrison Reed,2020-08-30,buyer+seller
U1550,T5211a63394,Matt Doherty,2020-08-30,buyer+seller
U1551,T318ef666a0,James Bree,2020-09-01,seller
U1552,T665fed7541,Alfie Jones,2020-09-04,seller
U1553,Tec7c5adb70,David Button,2020-09-05,buyer+seller
U1554,T9471febb54,Benny Ashley-Seal,2020-09-07,seller
U1555,T9e19b72dc5,Jayden Bogle,2020-09-07,buyer
U1556,T60371c1c93,Max Lowe,2020-09-07,buyer
U1557,Tf2a28d848c,Kenny Tete,2020-09-10,buyer
U1558,T26dff8343a,Scott Hogan,2020-09-16,seller
U1559,T5953d090b9,Rúnar Alex Rúnarsson,2020-09-21,buyer
U1560,Tb849656c1e,Alexander Sørloth,2020-09-22,seller
U1561,Tff42df5749,Dale Stephens,2020-09-24,buyer+seller
U1562,T10bda88433,Diego Llorente,2020-09-24,buyer
U1563,T42e1b87a59,Wesley Fofana,2020-10-02,buyer
U1564,T3ec9f859f8,Ibrahima Diallo,2020-10-04,buyer
U1565,Tae2620d2c9,Rayan Aït-Nouri,2020-10-04,buyer
U1566,Ta9b2e0656a,Josh Cullen,2020-10-05,seller
U1567,T90217235a8,Tosin Adarabioyo,2020-10-05,buyer+seller
U1568,T612d660ca9,Jakub Moder,2020-10-06,buyer
U1569,Tbb5846eb3a,Michał Karbownik,2020-10-06,buyer
U1570,Tcfc35f0a7a,Ryan Inniss,2020-10-13,seller
U1571,T280d3b2c9e,Joel Latibeaudiere,2020-10-16,seller
U1572,Tefd0665be5,Rolando Aarons,2021-01-07,seller
U1573,T1c988f64b3,Robert Snodgrass,2021-01-08,buyer+seller
U1574,Ta0521e69ed,Charlie Brown,2021-01-13,seller
U1575,T807c94debd,Timothy Fosu-Mensah,2021-01-13,seller
U1576,T4e9fdea87f,Jonathan Bond,2021-01-14,seller
U1577,Tbf85ef721a,Lucas Piazon,2021-01-14,seller
U1578,T410382d906,Dan Kemp,2021-01-15,seller
U1579,Ta0cb9368fa,Niall Ennis,2021-01-18,seller
U1580,T4c2cbbe36f,Warren O'Hora,2021-01-18,seller
U1581,Teb2b5977fa,Tyreke Johnson,2021-01-20,seller
U1582,Tf877bf82ba,Anthony Georgiou,2021-01-21,seller
U1583,T286d9ef5d5,Matt O'Riley,2021-01-24,seller
U1584,T18b1f115c2,Nathanael Ogbeta,2021-01-25,seller
U1585,T77caadcffb,Tom Scott,2021-01-25,seller
U1586,Tc4d773bb57,Morgan Sanson,2021-01-26,buyer
U1587,T54154b2808,Demarai Gray,2021-01-31,seller
U1588,T20e566753b,DeAndre Yedlin,2021-02-01,seller
U1589,T1c7fddaffb,Jonas Lössl,2021-02-01,seller
U1590,Te3f8bc26b5,Joshua King,2021-02-01,buyer
U1591,T6831f07fae,Keyendrah Simmonds,2021-02-01,seller
U1592,Tc0a07872b0,Max Sanders,2021-02-01,seller
U1593,Tf20536dc20,Terry Taylor,2021-02-01,seller
U1594,T1e2f4c014a,Marcos Rojo,2021-02-02,seller
U1595,T59aaa3ef17,Angeliño,2021-02-13,seller
U1596,T3063a61712,Sam Field,2021-05-20,seller
U1597,T88f0f0029f,Imran Louza,2021-06-01,buyer
U1598,Tc1cc15a4a9,Juan Foyth,2021-06-11,seller
U1599,T3f38187355,Danilo Pantić,2021-06-16,seller
U1600,T1aa0d708d6,Björn Engels,2021-06-18,seller
U1601,Tc97bb04d1a,Emmanuel Dennis,2021-06-21,buyer
U1602,Tb1cea614f4,Mark McGuinness,2021-06-21,seller
U1603,Td324f9f59b,Trae Coyle,2021-06-21,seller
U1604,Tcacdf20d8a,Zech Medley,2021-06-21,seller
U1605,Tc044d4bf86,Oliver Casey,2021-06-22,seller
U1606,Tfbd7139ea6,Angus Gunn,2021-06-23,buyer+seller
U1607,Tae312713c1,Davy Pröpper,2021-06-23,seller
U1608,T1509fb4f82,Ben Wilmot,2021-06-24,seller
U1609,T92a5eae572,Ben Sheaf,2021-07-01,seller
U1610,T982e18aa53,Jan Mlakar,2021-07-01,seller
U1611,Tb6c8ba95ff,Thierry Nevers,2021-07-01,buyer
U1612,Tbddc837da9,Bernardo,2021-07-02,seller
U1613,T3216168290,Josh Knight,2021-07-02,seller
U1614,Tc392d3ffe4,Romain Perraud,2021-07-02,buyer
U1615,Ta16639ca08,Victor Moses,2021-07-02,seller
U1616,T489e888b29,Kamil Grabara,2021-07-03,seller
U1617,T2deb112012,Mbwana Samatta,2021-07-03,seller
U1618,T1b21d06e1d,Enock Mwepu,2021-07-06,buyer
U1619,Tdb1bb9f0f0,Ajani Burchall,2021-07-09,buyer
U1620,Tb8ca6c1891,Rayan Aït-Nouri,2021-07-09,buyer
U1621,Te205142ca8,Viktor Gyökeres,2021-07-09,seller
U1622,T5124c42c93,Dennis Adeniran,2021-07-10,seller
U1623,Tb9152d8084,Romaric Yapi,2021-07-11,seller
U1624,T337371fac7,Alex Jankewitz,2021-07-12,seller
U1625,T661da353c4,Mathew Ryan,2021-07-12,seller
U1626,T846b9de6a0,Jimmy Dunne,2021-07-13,seller
U1627,T0535dd428f,Rui Patrício,2021-07-13,seller
U1628,Tc90dfb2ed8,Admiral Muskwe,2021-07-15,seller
U1629,T2786300819,José Sá,2021-07-15,buyer
U1630,T1d962d8ba4,Felipe Anderson,2021-07-16,seller
U1631,T1a3358d1fd,Kjell Scherpen,2021-07-16,buyer
U1632,Tf2d8e6c4c7,Lukas Nmecha,2021-07-16,seller
U1633,Teaff2817b9,Alireza Jahanbakhsh,2021-07-17,seller
U1634,T93de1a8033,Bendegúz Bolla,2021-07-17,buyer
U1635,T9c3ab5815c,Olivier Giroud,2021-07-17,seller
U1636,Td2e9374a60,Marc Guéhi,2021-07-18,buyer+seller
U1637,T2abca13a98,Florian Lejeune,2021-07-22,seller
U1638,Td95f0ab1c1,Bernard,2021-07-23,seller
U1639,Tbdd879ce44,Myles Peart-Harris,2021-07-23,buyer+seller
U1640,T4b9777b5e4,Paul McShane,2021-07-23,buyer
U1641,T0c7177ed1d,Callum Slattery,2021-07-24,seller
U1642,Te0a28e73a0,Bryan Gil,2021-07-26,buyer
U1643,Tbdcf71bfcc,Finn Azaz,2021-07-26,buyer
U1644,T0b6f2377b1,Mario Lemina,2021-07-26,seller
U1645,Tdeef744e9c,Toby Alderweireld,2021-07-27,seller
U1646,Tc8cc2ce6bb,Beni Baningime,2021-07-29,seller
U1647,T913dd21375,Joe Hart,2021-08-03,seller
U1648,T3738cc22e7,Danny Ings,2021-08-04,buyer+seller
U1649,T516fa4fc81,Jubril Okedina,2021-08-05,seller
U1650,Ta4dc5e1733,Juraj Kucka,2021-08-06,buyer
U1651,T15af7d6614,Adam Armstrong,2021-08-10,buyer
U1652,T9f6b97c799,Kaoru Mitoma,2021-08-10,buyer
U1653,T98d67a993a,Yoane Wissa,2021-08-10,buyer
U1654,T67bbd8a3a5,Dennis Cirkin,2021-08-11,seller
U1655,Tfc1cecc716,Rachid Ghezzal,2021-08-12,seller
U1656,T313af70a65,Jannik Vestergaard,2021-08-13,buyer+seller
U1657,Tec62f619b4,Caleb Chukwuemeka,2021-08-16,buyer
U1658,T299725af79,TJ Eyoma,2021-08-17,seller
U1659,Tbefa875018,Owen Otasowie,2021-08-20,seller
U1660,T0398ac6ee0,Mamadou Sylla,2021-08-23,seller
U1661,Ta5b106f951,Davide Zappacosta,2021-08-24,seller
U1662,Te44e56f946,Ike Ugbo,2021-08-25,seller
U1663,Tb3577beb92,Lyanco,2021-08-25,buyer
U1664,T4b78ea0684,Isaac Success,2021-08-26,seller
U1665,T67c9c211d1,Mitch Clark,2021-08-26,seller
U1666,Tc7d9df8fe3,Percy Tau,2021-08-26,seller
U1667,T9b319ed5a3,Pape Matar Sarr,2021-08-27,buyer
U1668,T944eaca1fa,Abdallah Sima,2021-08-31,buyer
U1669,T4119260cda,Connor Roberts,2021-08-31,buyer
U1670,Tf9be1d0db0,Michael Obafemi,2021-08-31,seller
U1671,T53530bc71a,Nikola Vlašić,2021-08-31,buyer
U1672,Tfe7ec52d2b,Takehiro Tomiyasu,2021-08-31,buyer
U1673,T10681c2f2c,Xande Silva,2021-08-31,seller
U1674,Tfdca5527c1,Nathaniel Chalobah,2021-09-01,seller
U1675,T1e9397e90d,James Rodríguez,2021-09-22,seller
U1676,T523a685762,Maduka Okoye,2022-01-01,buyer
U1677,T439faff97b,Vitalii Mykolenko,2022-01-01,buyer
U1678,T10471b8f5e,Hayao Kawabe,2022-01-05,buyer
U1679,Td27637b79d,Kacper Kozłowski,2022-01-05,buyer
U1680,T6487af1d2d,Samir,2022-01-06,buyer
U1681,Tfedfef5fee,Edo Kayembe,2022-01-07,buyer
U1682,Tf0cbbc010c,Rosaire Longelo,2022-01-07,seller
U1683,T59bb68094d,Gassan Ahadme,2022-01-13,seller
U1684,T3356a49deb,Jay Rich-Baghuelou,2022-01-14,seller
U1685,T5c33f9a579,Kerr Smith,2022-01-14,buyer
U1686,T02d4a5d668,Lewis Baker,2022-01-15,seller
U1687,T5a10a2066b,Dilan Markanday,2022-01-18,seller
U1688,Tf63f26b308,Christian Walton,2022-01-19,seller
U1689,T25b86d499d,Dylan Williams,2022-01-24,buyer
U1690,Te4d8b6385b,Ollie Webber,2022-01-26,seller
U1691,T25fc8e442f,Samuel Kalu,2022-01-26,buyer
U1692,T359364d682,Tariq Uwakwe,2022-01-28,seller
U1693,T1accfe1e7a,Bruno Guimarães,2022-01-30,buyer
U1694,T569fd4cef6,Ali Reghba,2022-01-31,seller
U1695,Td054736d0f,Auston Trusty,2022-01-31,buyer
U1696,T15ae819bf5,Billy Crellin,2022-01-31,buyer
U1697,Tc69266c635,Deniz Undav,2022-01-31,buyer
U1698,T586c7d66a9,Frederik Alves,2022-01-31,seller
U1699,Te6d145985c,Jean-Philippe Mateta,2022-01-31,buyer
U1700,T0fe3587673,Luke Plange,2022-01-31,buyer
U1701,Td59cb10d65,Matt Smith,2022-01-31,seller
U1702,T53356f3c01,Ryan Longman,2022-01-31,seller
U1703,Tc00054f18b,Sam Hughes,2022-01-31,seller
U1704,T9aa0d72653,Sammy Robinson,2022-01-31,seller
U1705,T9c781275fb,Mason Burstow,2022-02-01,buyer
U1706,T4726fd1d9c,Jack Young,2022-04-04,seller
U1707,T8528e57345,Robin Olsen,2022-06-04,buyer
U1708,T853f34ff32,Patrick Kelly,2022-06-08,buyer
U1709,T3d24291ff9,Marquinhos,2022-06-13,buyer
U1710,T30eaf99f1c,Dom Jefferies,2022-06-16,seller
U1711,T661c30f706,Julio César Enciso,2022-06-17,buyer
U1712,Tc35bf22712,Jayden Richardson,2022-06-20,seller
U1713,T122187f7ac,Freddie Woodman,2022-06-21,seller
U1714,Tadc73d67ed,Nick Pope,2022-06-23,buyer
U1715,Tce9898b7d9,Simon Adingra,2022-06-24,buyer
U1716,T20733f1116,Alex Cochrane,2022-06-25,seller
U1717,T0146dae39b,Malcolm Ebiowei,2022-06-26,buyer
U1718,T7aae52117e,Matt Turner,2022-06-27,buyer
U1719,Tf4888346de,Liam McCarron,2022-06-29,seller
U1720,Tfab0c32baa,André-Frank Zambo Anguissa,2022-07-01,seller
U1721,Tffca5e7255,Jayson Molumby,2022-07-01,seller
U1722,Te3a44dfe15,Trézéguet,2022-07-04,seller
U1723,Te2f8ee85ec,Sam Sherring,2022-07-05,seller
U1724,Tb14d4a0a51,Zak Swanson,2022-07-05,seller
U1725,T144c4686c7,Moussa Niakhaté,2022-07-06,buyer
U1726,T59c1004207,Dylan Levitt,2022-07-07,seller
U1727,T6865680f05,Jack Clarke,2022-07-09,seller
U1728,Tee8b43c5fe,Joe Aribo,2022-07-09,buyer
U1729,T2447240e5d,Cheick Doucouré,2022-07-11,buyer
U1730,T43117652ac,Tom Clayton,2022-07-12,seller
U1731,T81f144762e,Aji Alese,2022-07-15,seller
U1732,T1dee5d274a,Wayne Hennessey,2022-07-15,buyer
U1733,Td43012133d,Brandon Aguilera,2022-07-17,buyer
U1734,T753b2ec81b,Leo Skiri Østigård,2022-07-18,seller
U1735,T9f073255bb,Zeno Ibsen Rossi,2022-07-18,seller
U1736,T8a7847f5b2,Harry Toffolo,2022-07-20,buyer
U1737,T694a35bfcb,Lewis O'Brien,2022-07-20,buyer
U1738,T40709458bc,Arijanet Muric,2022-07-22,seller
U1739,T7adf1eaada,Dwight Gayle,2022-07-22,seller
U1740,T36f751887f,Dominic Thompson,2022-07-25,seller
U1741,Te747d1f3db,Leif Davis,2022-07-25,seller
U1742,Ta70ba2c959,Sékou Mara,2022-07-25,buyer
U1743,T9f3e5058f5,Marcus Forss,2022-07-28,seller
U1744,T18fd072fdb,Kasper Schmeichel,2022-08-03,seller
U1745,T92009bd3f4,Christian Benteke,2022-08-05,seller
U1746,Tc8b6c2c901,Matt Miazga,2022-08-05,seller
U1747,Teea12896a1,Marcos Senesi,2022-08-08,buyer
U1748,Taeb11625f7,Will Ferry,2022-08-09,seller
U1749,Tc91439d76d,Mikkel Damsgaard,2022-08-10,buyer
U1750,T73a5b2c485,Remo Freuler,2022-08-14,buyer
U1751,T6285b4d71e,Pervis Estupiñán,2022-08-16,buyer
U1752,T0aad2c7b7e,Matthew Clarke,2022-08-25,seller
U1753,T4e8bdd5e68,Hwang Ui-jo,2022-08-26,buyer
U1754,T129e33c1ac,Anwar El Ghazi,2022-08-31,seller
U1755,T74a840a523,Callum Wright,2022-09-01,seller
U1756,T26118b9b5b,Carlos Vinícius,2022-09-01,buyer
U1757,Ta39bf9b001,Duje Ćaleta-Car,2022-09-01,buyer
U1758,T4bcdd52a46,Manuel Akanji,2022-09-01,buyer
U1759,T5a38ebfeac,Oriol Romeu,2022-09-01,seller
U1760,T5988529013,Wilfried Gnonto,2022-09-01,buyer
U1761,T04fcb32e3b,Willy Boly,2022-09-01,buyer+seller
U1762,T667131bc7c,Wout Faes,2022-09-01,buyer
U1763,Td762aa4582,Zak Emmerson,2022-09-01,seller
U1764,Teeeb1a98c8,Nathan Redmond,2022-09-08,seller
U1765,T4f16b8e024,Allan,2022-09-25,seller
U1766,Tdaa0f2e0b6,Luizão,2023-01-01,buyer
U1767,T82d004bd86,Maximilian Wöber,2023-01-03,buyer
U1768,Tbaface0c07,Jamie Mullins,2023-01-04,buyer
U1769,T855b77997c,Nathan Broadhead,2023-01-09,seller
U1770,Td6e2a9030e,Tyreik Wright,2023-01-09,seller
U1771,T51d12bbeb6,Edon Pruti,2023-01-13,seller
U1772,Tf5cdff6ec9,Jake Cain,2023-01-16,seller
U1773,T26b91c7ebe,Frédéric Guilbert,2023-01-17,seller
U1774,Tdfdbf639e7,Indiana Vassilev,2023-01-17,seller
U1775,Tac236e50c9,Max Dean,2023-01-19,seller
U1776,Ta1fa65fa22,Sebastian Quirk,2023-01-19,seller
U1777,T7c2b006790,Pierre Ekwah,2023-01-23,seller
U1778,T393b0bff87,Dan Bentley,2023-01-25,buyer
U1779,Ta2f0205763,James Bree,2023-01-26,buyer
U1780,T82f47c0eed,Will Greenidge,2023-01-27,seller
U1781,T2b93d116dd,Adam Hayton,2023-01-31,seller
U1782,T57e7da6df5,Diogo Monteiro,2023-01-31,buyer
U1783,T16d7775f21,Emmanuel Longelo,2023-01-31,seller
U1784,T20a06dadae,Felipe,2023-01-31,buyer
U1785,T761a968853,Joe Anderson,2023-01-31,seller
U1786,T5dbc06c4b6,Jonjo Shelvey,2023-01-31,buyer+seller
U1787,Td8455f713b,Jude Soonsup-Bell,2023-01-31,buyer+seller
U1788,T2cc8e7aed3,Nathan Opoku,2023-01-31,buyer
U1789,T6e4433d2e3,Nathaniel Chalobah,2023-01-31,seller
U1790,T2bd7aed6b4,Paul Onuachu,2023-01-31,buyer
U1791,T6f5c24e1e5,Saša Lukić,2023-01-31,buyer
U1792,T93c462616c,Jeong Sang-bin,2023-03-22,seller
U1793,T7aacc96cbf,Arthur Masuaku,2023-04-17,seller
U1794,Td7d4b3e48e,Antef Tsoungui,2023-06-14,seller
U1795,Te864b525a7,Chris Wood,2023-06-14,buyer+seller
U1796,Ta664f5838c,Christian Saydee,2023-06-14,seller
U1797,Ta6654ac169,Ethan Brierley,2023-06-14,buyer
U1798,Ta519b0c774,George Broadbent,2023-06-14,seller
U1799,T775489c262,Hamed Traorè,2023-06-14,buyer
U1800,T87da0cb1b6,Jordan Beyer,2023-06-14,buyer
U1801,Tdb45fed449,Niels Nkounkou,2023-06-14,seller
U1802,T18962188c2,Taylor Richards,2023-06-14,seller
U1803,T9c4ab1f66c,Will Swan,2023-06-14,seller
U1804,T5118a6cea9,Xavier Simons,2023-06-14,seller
U1805,T946282088a,Leighton Clarkson,2023-06-15,seller
U1806,T803d6eda4b,Romeo Beckham,2023-06-17,buyer
U1807,Tfa429d8a9c,Kim Ji-soo,2023-06-26,buyer
U1808,T6ab502b353,Zidane Iqbal,2023-06-26,seller
U1809,T09653ba75a,Guglielmo Vicario,2023-06-27,buyer
U1810,Taf0d93ddb0,Lawrence Vigouroux,2023-06-27,buyer
U1811,Tb3f331b4c5,Mazeed Ogungbo,2023-06-28,seller
U1812,T10b1ff0fa4,Édouard Mendy,2023-06-28,seller
U1813,T1d68be8d1a,Ethan Laird,2023-06-30,seller
U1814,T72e038d6d7,Pablo Marí,2023-06-30,seller
U1815,Td1730f794b,Boubacar Traoré,2023-07-01,buyer
U1816,T4ee6ebb167,Michael Obafemi,2023-07-01,buyer
U1817,T3218cc1c99,Mads Juel Andersen,2023-07-03,buyer
U1818,T764a179d13,Jake Eastwood,2023-07-04,seller
U1819,T8f302299e5,Hayao Kawabe,2023-07-07,seller
U1820,T74bba6d781,Morgan Rogers,2023-07-07,seller
U1821,Tb971507b8b,Ben Pearson,2023-07-08,seller
U1822,Tf3a23265c6,Cieran Slicker,2023-07-08,seller
U1823,T5fce18f592,Anis Ben Slimane,2023-07-13,buyer
U1824,Td1e320a5dd,Siriki Dembélé,2023-07-14,seller
U1825,T0c22fa141e,Dion Sanderson,2023-07-15,seller
U1826,T7fc0ecf0bc,Mads Bidstrup,2023-07-17,seller
U1827,T90e99c817b,Bénie Traoré,2023-07-19,buyer
U1828,T6070640376,Zeki Amdouni,2023-07-19,buyer
U1829,Tb8bb5b7281,Marvelous Nakamba,2023-07-20,buyer+seller
U1830,T2e3a56a7b3,Milos Kerkez,2023-07-20,buyer
U1831,T4b8c9a1db6,Jackson Smith,2023-07-21,seller
U1832,Td8b4d4a55a,Bobby Thomas,2023-07-22,seller
U1833,T4a7e509cd9,Charlie Savage,2023-07-22,seller
U1834,Tdeac92adec,Layton Stewart,2023-07-22,seller
U1835,T53a2c4de14,Alex Telles,2023-07-23,seller
U1836,T473deee953,Carlos Mendes Gomes,2023-07-24,seller
U1837,T3894dc783b,Wesley,2023-07-28,seller
U1838,T280169dd1f,Karl Darlow,2023-07-29,seller
U1839,Tae260560f8,Allan Saint-Maximin,2023-07-30,seller
U1840,Tbe87fa8d5d,Fabinho,2023-07-31,seller
U1841,T58509f482d,Braian Ojeda,2023-08-01,seller
U1842,Ta91ed11081,Aaron Connolly,2023-08-02,seller
U1843,Tc5c4472902,Nathan Bishop,2023-08-02,seller
U1844,Tda1b67f4bc,Auston Trusty,2023-08-03,buyer+seller
U1845,T59c1f8f791,Matija Sarkic,2023-08-03,seller
U1846,T0d2dbd9fa1,Max Woltman,2023-08-03,seller
U1847,T587b2b0c7c,Thomas Kaminski,2023-08-03,buyer
U1848,T47a305994c,Matheus França,2023-08-05,buyer
U1849,T28e4878c67,Gianluca Scamacca,2023-08-07,seller
U1850,T9a0222b642,Michał Karbownik,2023-08-08,seller
U1851,T0d8bfc5abb,Nikola Vlašić,2023-08-08,seller
U1852,Tc1a80787df,Matt Turner,2023-08-09,buyer+seller
U1853,Tcb84d6897d,Steve Cook,2023-08-09,seller
U1854,Tdf206dd7bd,Vinícius Souza,2023-08-09,buyer
U1855,Ta368fa0363,Ivan Cavaleiro,2023-08-10,seller
U1856,T4cdaa49e37,Jacob Brown,2023-08-10,buyer
U1857,T2d5ce4f386,Noël Bigo Atom,2023-08-11,buyer
U1858,Tba143a7b93,Gustavo Hamer,2023-08-12,buyer
U1859,T69df0140b7,Wilson Odobert,2023-08-12,buyer
U1860,T23c1d283d9,Ben Elliott,2023-08-15,seller
U1861,T1c579c1c75,Matěj Kovář,2023-08-15,seller
U1862,T8e0706aa74,Tim Krul,2023-08-17,buyer
U1863,Taa231dbc11,Lewis Richards,2023-08-18,seller
U1864,Tced4f73142,Ollie Harrison,2023-08-21,buyer+seller
U1865,T7a46700eb7,Sergi Canós,2023-08-21,seller
U1866,Tf30ec098c4,Hannes Delcroix,2023-08-22,buyer
U1867,T691f7bc560,Konstantinos Mavropanos,2023-08-22,buyer
U1868,Te609bcc37c,Tyrese Fornah,2023-08-25,seller
U1869,T4d61ec3d1d,Timothy Castagne,2023-08-29,buyer
U1870,Tbde128ffe9,Steven Benda,2023-08-30,buyer
U1871,T17b2ab1da5,Dean Henderson,2023-08-31,buyer+seller
U1872,Td0e8d9a886,Enso González,2023-08-31,buyer
U1873,Td32d292a5e,Teden Mengi,2023-08-31,buyer+seller
U1874,T6320cd5956,Harvey White,2023-09-01,seller
U1875,T0bf64406fe,Jaden Philogene,2023-09-01,seller
U1876,Ta53d1d7dee,James Furlong,2023-09-01,seller
U1877,T4082ee9989,Keinan Davis,2023-09-01,seller
U1878,Tcb7004c476,Louis Flower,2023-09-01,buyer+seller
U1879,Tff3fdbef99,Marc Jurado,2023-09-01,seller
U1880,T790740f53e,Nicolás Domínguez,2023-09-01,buyer
U1881,T7828b0f550,Odysseas Vlachodimos,2023-09-01,buyer
U1882,T993724b799,Tom Cannon,2023-09-01,seller
U1883,T2e986616b1,Andi Zeqiri,2023-09-05,seller
U1884,T48a1fd42f2,Eric Bailly,2023-09-05,seller
U1885,Te7576179cd,Giulian Biancone,2023-09-18,seller
U1886,T494d00af26,Harrison Neal,2024-01-04,seller
U1887,Tbe14cb005e,Zack Steffen,2024-01-04,seller
U1888,T31ddcc7983,Finn Azaz,2024-01-05,seller
U1889,T15789536ed,Conor Coventry,2024-01-12,seller
U1890,T26608b45a8,Paul Glatzel,2024-01-12,seller
U1891,Taa2c4d7a1a,Pharrell Johnson,2024-01-17,seller
U1892,T91c076a2bc,Tom Holmes,2024-01-17,buyer
U1893,Ta85e8d5c13,Kosta Nedeljković,2024-01-22,buyer
U1894,T1c94a6cc32,Ollie O'Neill,2024-01-23,seller
U1895,T3c9f9173e3,Sam Curtis,2024-01-25,buyer
U1896,T44f2409ac7,Ivo Grbić,2024-01-26,buyer
U1897,T340121151b,Jay Williams,2024-01-29,seller
U1898,T00d521f260,Daiki Hashioka,2024-01-30,buyer
U1899,T8f2969299a,Caylan Vickers,2024-02-01,buyer
U1900,Tac79e2ed1a,Dan Sassi,2024-02-01,seller
U1901,T55c9588e62,Ethan Horvath,2024-02-01,seller
U1902,Tfcb7c7a5e7,Joe Gauci,2024-02-01,buyer
U1903,Tf27fd5be78,Lino Sousa,2024-02-01,buyer+seller
U1904,T79be50c820,Taylan Harris,2024-02-01,buyer
U1905,T860606a958,Cameron Archer,2024-06-14,buyer
U1906,T6799ff8557,Dion Rankine,2024-06-14,seller
U1907,T53f21b4548,Morgan Sanson,2024-06-14,seller
U1908,T6c22a0894c,Ethan Amundsen-Day,2024-06-18,buyer
U1909,Te61669e810,Julian Larsson,2024-06-20,seller
U1910,T56e453b641,Charlie Webster,2024-06-21,seller
U1911,T7c51ee311e,Daniel Oyegoke,2024-06-21,seller
U1912,T2f0803ced3,Marko Stamenić,2024-06-21,buyer
U1913,Tc6706ee5bb,Nathan Trott,2024-06-22,seller
U1914,T265eac429d,Lewis Dobbin,2024-06-23,buyer+seller
U1915,T33a406dc08,Romain Perraud,2024-06-24,seller
U1916,Tbd781e772c,Eric da Silva Moreira,2024-06-25,buyer
U1917,Tc77abedfdb,Jamie Cumming,2024-06-27,seller
U1918,T6068134da5,Saïd Benrahma,2024-06-30,seller
U1919,T57c362dcdb,Alex Paulsen,2024-07-01,buyer
U1920,T5496e3ac36,Odysseas Vlachodimos,2024-07-01,buyer+seller
U1921,T20c23e2a9c,Omar Khedr,2024-07-01,buyer
U1922,T700fe7f7c3,Ross Barkley,2024-07-01,buyer
U1923,T9669747f22,Brandon Aguilera,2024-07-02,seller
U1924,T5cc0a9e813,Lewis Brunt,2024-07-02,seller
U1925,T27da34bf34,Lewis Fiorini,2024-07-02,seller
U1926,T889469f2cc,Pedro Lima,2024-07-02,buyer
U1927,Tbe0b9c473b,Chinoso Chibueze,2024-07-04,seller
U1928,T1884083ec0,Gassan Ahadme,2024-07-04,seller
U1929,Te11cd302fc,Moussa Niakhaté,2024-07-04,seller
U1930,T724e28c8ca,Scott Banks,2024-07-04,seller
U1931,T92e75de4b8,George Feeney,2024-07-05,buyer
U1932,Td4cfe1e5ce,Lyanco,2024-07-05,seller
U1933,T89e423682e,Duje Ćaleta-Car,2024-07-08,seller
U1934,T08a63f1c4e,Mika Biereth,2024-07-08,seller
U1935,T1cc405139c,Caleb Okoli,2024-07-09,buyer
U1936,T43b17f39d6,Jacob Greaves,2024-07-12,buyer
U1937,T1aec0b2e86,Troy Parrott,2024-07-13,seller
U1938,T460887d67f,Kieffer Moore,2024-07-15,seller
U1939,T0139c17e31,Sebastian Revan,2024-07-15,seller
U1940,Ta74c25e443,Willy Kambwala,2024-07-15,seller
U1941,T76b670d8c5,Abdul Fatawu,2024-07-16,buyer
U1942,Td50370a827,Flynn Downes,2024-07-16,buyer+seller
U1943,Tae9283b670,George Wickens,2024-07-20,seller
U1944,T833f894b62,Miodrag Pivaš,2024-07-20,buyer
U1945,T6108fddddb,Tommy Setford,2024-07-21,buyer
U1946,T3c5bc5359f,Marc Leonard,2024-07-25,seller
U1947,Tbd587bb44c,Ben Chrisene,2024-07-30,seller
U1948,T1626e86186,Corrie Ndaba,2024-07-30,seller
U1949,T36f235e121,Kuryu Matsuki,2024-07-30,buyer
U1950,T099c638e22,Jota Silva,2024-08-01,buyer
U1951,T70f555a4e0,Pascal Groß,2024-08-01,seller
U1952,T6d5d2dd445,Crysencio Summerville,2024-08-03,buyer
U1953,T49652d51fa,Jorge Cuenca,2024-08-03,buyer
U1954,Tc524b20769,Tim Ream,2024-08-07,seller
U1955,T1a610e2f8d,William Osula,2024-08-08,buyer
U1956,T36190192af,Deniz Undav,2024-08-09,seller
U1957,T77831feff2,Micah Hamilton,2024-08-09,seller
U1958,T3b62bdb422,Emerson Royal,2024-08-12,seller
U1959,T4a19108b0a,Julián Araujo,2024-08-13,buyer
U1960,T821566c9f9,Brooke Norton-Cuffy,2024-08-14,seller
U1961,T14edb7ef34,Mason Burstow,2024-08-16,seller
U1962,T71f214e61c,Sammie Szmodics,2024-08-16,buyer
U1963,Teba7cff35a,Joe Worrall,2024-08-22,seller
U1964,Tdc49993623,Dara O'Shea,2024-08-25,buyer
U1965,Tbeba0a38ea,David Carmo,2024-08-25,buyer
U1966,Ta77a3025c3,Hannibal Mejbri,2024-08-28,seller
U1967,Ta7b99ecc74,Zach Booth,2024-08-28,seller
U1968,Tcc39efa177,Bastien Meupiyou,2024-08-29,buyer
U1969,T68a4188a84,Gavin Kilkenny,2024-08-29,seller
U1970,T316d362f29,Jensen Weir,2024-08-29,seller
U1971,Tbb8152ca5a,Tino Anjorin,2024-08-29,seller
U1972,Ta593dfbdba,Billy Gee,2024-08-30,seller
U1973,Tcad60244bd,Ethan Sutherland,2024-08-30,buyer
U1974,Tdcb26c9375,Ibane Bowat,2024-08-30,seller
U1975,T07311852ba,Jay Stansfield,2024-08-30,seller
U1976,Tfdc0879e84,Saheed Olagunju,2024-08-30,buyer+seller
U1977,Tae5cdc94e8,Sebastian Lochhead,2024-08-30,buyer
U1978,T4efcce48fd,Yeimar Mosquera,2024-08-30,buyer
U1979,Tf01e4f0d24,Diego Gómez,2025-01-01,buyer
U1980,Teccdea4a18,Yang Min-hyeok,2025-01-01,buyer
U1981,Tcc3e440d71,Kai Crampton,2025-01-06,buyer+seller
U1982,T93499bdfdc,Joachim Kayi Sanda,2025-01-09,buyer
U1983,T54531465cb,Tristan Crama,2025-01-17,seller
U1984,Te79404e911,Zain Silcott-Duberry,2025-01-17,buyer+seller
U1985,Tad8ebf7314,Jakub Moder,2025-01-20,seller
U1986,Tdfae979208,Thomas Hill,2025-01-22,seller
U1987,Te5af9bc731,George Edmundson,2025-01-25,seller
U1988,Tc14f712f4e,Osman Foyo,2025-01-30,seller
U1989,T1aa9fe98a4,Luke Cundle,2025-01-31,seller
U1990,T8783db1abb,Stanley Mills,2025-01-31,seller
U1991,Tfbec27481c,Ayden Heaven,2025-02-01,buyer+seller
U1992,T059ea9797d,Benicio Baker-Boaitey,2025-02-03,seller
U1993,T5d1e5aee98,Ed Turns,2025-02-03,seller
U1994,T3218c324fd,Eli Junior Kroupi,2025-02-03,buyer
U1995,Taba638dfec,Fin Back,2025-02-03,seller
U1996,Tc0fdad0c7a,Harvey Vale,2025-02-03,seller
U1997,Tb672b3e7d7,Kyreece Lisbie,2025-02-03,seller
U1998,T1612da86f4,Marcus Ifill,2025-02-03,seller
U1999,T7b7b24c72e,Marshall Munetsi,2025-02-03,buyer
U2000,T05ca2ac7c1,Nasser Djiga,2025-02-03,buyer
U2001,Tca2f3e252d,Reiss-Alexander Russell-Denny,2025-02-03,buyer+seller
U2002,Tac37132015,Ruairi McConville,2025-02-03,seller
U2003,T7ac2a36108,Ruben Curley,2025-02-03,seller
U2004,T28fff636cd,Somto Boniface,2025-02-03,buyer+seller
U2005,T1306f150c3,Travis Akomeah,2025-02-03,seller
U2006,Tad719ef521,Tyler Bindon,2025-02-03,buyer
U2007,T97c13ce771,Jack Perkins,2025-06-01,seller
U2008,T7f732177e9,Jaidon Anthony,2025-06-01,buyer+seller
U2009,Te0e44fa069,Luka Vušković,2025-06-01,buyer
U2010,T8b2a5e63c8,Marcus Edwards,2025-06-01,buyer
U2011,T726381c5e3,Michael Kayode,2025-06-01,buyer
U2012,Tb01d7fd4eb,Romelle Donovan,2025-06-02,buyer
U2013,T38e4be75ed,Nuno Tavares,2025-06-05,seller
U2014,T917acaaf8d,Jorginho,2025-06-06,seller
U2015,Td42cf4224d,Ármin Pécsi,2025-06-07,buyer
U2016,Ta6f3c38675,Marquinhos,2025-06-09,seller
U2017,Tf09598c872,Chem Campbell,2025-06-10,seller
U2018,T490bcf9ff0,Marcus Bettinelli,2025-06-10,buyer+seller
U2019,T8b07c1fcc9,Diego Coppola,2025-06-17,buyer
U2020,T41520bcb0d,Jaka Bijol,2025-06-23,buyer
U2021,T60504373a1,Nat Phillips,2025-06-23,seller
U2022,Te51cf3affa,Andrew Omobamidele,2025-06-24,seller
U2023,Tf46370cd61,Seán Grehan,2025-06-24,seller
U2024,T390922d60c,Dara Costelloe,2025-06-26,seller
U2025,Tde94aea772,Quilindschy Hartman,2025-06-26,buyer
U2026,T761833ab58,Callum Osmand,2025-06-30,seller
U2027,T028ecc1539,Dylan Williams,2025-07-01,seller
U2028,Tf295e1f9f4,Nathan Bishop,2025-07-01,seller
U2029,T975ceb0216,Yoon Do-young,2025-07-01,buyer
U2030,T3b1b91499b,Joe Rothwell,2025-07-02,seller
U2031,Ta1f6e54c4d,Valentín Barco,2025-07-02,seller
U2032,Tbe728cc19b,Christopher Atherton,2025-07-03,buyer
U2033,T373562172c,Philippe Coutinho,2025-07-04,seller
U2034,Tec85c3a2ba,Diego León,2025-07-05,buyer
U2035,Tc1a8d013b9,Odeluga Offiah,2025-07-05,seller
U2036,Tff54045056,Ben Perry,2025-07-09,seller
U2037,T4db926fa35,Jacob Bruun Larsen,2025-07-11,buyer
U2038,T1c9c6e12b2,Jair Cunha,2025-07-11,buyer
U2039,T6f0cfd08da,Zak Sturge,2025-07-14,seller
U2040,Tc5a5f88ddb,Jamie Mullins,2025-07-15,seller
U2041,Te905bf6d2e,Marco Bizot,2025-07-15,buyer
U2042,Tc94418871c,Mark Travers,2025-07-15,buyer+seller
U2043,Td856789330,Danilo,2025-07-18,seller
U2044,T00e5d0daeb,Josh Keeley,2025-07-19,seller
U2045,T2d95c7c2ac,Bastien Meupiyou,2025-07-22,seller
U2046,T51355bd791,Marvin Kaleta,2025-07-23,seller
U2047,T80ee74ace5,Jenson Metcalfe,2025-07-24,seller
U2048,T0922666e54,Kjell Scherpen,2025-07-24,seller
U2049,T9bcf600647,Lewis O'Brien,2025-07-24,seller
U2050,T74274a022c,Filip Marschall,2025-07-29,seller
U2051,Te8b900fb06,Dan Ndoye,2025-07-31,buyer
U2052,T9ade3cd3e9,Jesse Derry,2025-07-31,buyer+seller
U2053,Tad9b657d76,Matt Turner,2025-08-01,seller
U2054,T9f092ff4d5,Robin Roefs,2025-08-01,buyer
U2055,T31f762f4fd,Lemar Gordon,2025-08-04,seller
U2056,Tfd0a8dbd12,Malcolm Ebiowei,2025-08-05,seller
U2057,Tc2ac93a698,Dale Taylor,2025-08-07,seller
U2058,Te088cb2e73,Martin Dúbravka,2025-08-07,buyer+seller
U2059,Tf08f7d9b19,Leander Dendoncker,2025-08-19,seller
U2060,T7f46c949b2,Marko Stamenić,2025-08-20,seller
U2061,Tad29638cfe,Mads Roerslev,2025-08-21,seller
U2062,Tb4784d2aa8,Àlex Moreno,2025-08-22,seller
U2063,Te99e471f53,True Grant,2025-08-25,seller
U2064,T9d1ea8a28a,Sam Greenwood,2025-08-27,seller
U2065,T48ed2fcdba,Chris Mepham,2025-08-28,seller
U2066,T62b972d191,Abdallah Sima,2025-08-29,seller
U2067,Tdcc488e943,Fábio Silva,2025-08-29,seller
U2068,Td92da5da3d,Andreas Pereira,2025-08-30,seller
U2069,T713e252ed1,John Victor,2025-08-31,buyer
U2070,T2d71c127d8,Albert Sambi Lokonga,2025-09-01,seller
U2071,Td7d006cc65,Alex Matos,2025-09-01,seller
U2072,T565def9c68,Ben Chilwell,2025-09-01,seller
U2073,Td401bedd36,Bryan Gil,2025-09-01,seller
U2074,T7ac69dcfb1,Cuiabano,2025-09-01,buyer
U2075,T311a91c964,Darko Churlinov,2025-09-01,seller
U2076,Td466830d49,Emerson Palmieri,2025-09-01,seller
U2077,Te6ef580727,Franco Umeh,2025-09-01,seller
U2078,T0a04cc483f,Ishé Samuels-Smith,2025-09-01,buyer
U2079,T17bffef215,Jaydee Canvot,2025-09-01,buyer
U2080,Tddc5134f1e,Martial Godo,2025-09-01,seller
U2081,T8d0b452b6b,Nayef Aguerd,2025-09-01,seller
U2082,T24ad9dca45,Odsonne Édouard,2025-09-01,seller
U2083,Tb279b92ee8,Tariq Lamptey,2025-09-01,seller
U2084,T1c90303d6e,Mason Melia,2026-01-01,buyer
U2085,Tc75df0e682,Luis Guilherme,2026-01-05,seller
U2086,T0280681548,Taty Castellanos,2026-01-05,buyer
U2087,T539bfe015c,Luke Browne,2026-01-07,seller
U2088,Ta1c0d25b94,Jay Matete,2026-01-09,seller
U2089,T4745f0848b,Leo Castledine,2026-01-09,seller
U2090,T8d84c707df,Kaye Furo,2026-01-11,buyer
U2091,T053bbf0b63,Brian Madjo,2026-01-12,buyer
U2092,T9f437d1af6,Ben Middlemas,2026-01-13,seller
U2093,Ta624c1e118,Fletcher Holman,2026-01-14,seller
U2094,T5433e18d19,Ade Solanke,2026-01-15,buyer
U2095,T8b4435318c,Chanse Headman,2026-01-15,seller
U2096,T228593dec4,Joe Anderson,2026-01-15,seller
U2097,T3e2d6de1e2,Harry Tyrer,2026-01-16,seller
U2098,T82499ea9bf,Jocelin Ta Bi,2026-01-16,buyer
U2099,T122da53b01,Will Dickson,2026-01-16,seller
U2100,T050836660f,Andy Irving,2026-01-18,seller
U2101,T9df41e3d8c,Jamie McDonnell,2026-01-18,seller
U2102,T341874f6e0,Paris Maghoma,2026-01-26,seller
U2103,T1a1f8cb302,Seb Naylor,2026-01-29,seller
U2104,Te189a34009,Maldini Kacurri,2026-01-30,seller
U2105,Tc7e7e18196,Joe Knight,2026-01-31,seller
U2106,Td32d272f9a,Rhys Bennett,2026-01-31,seller
U2107,T16656d9c54,Adil Aouchiche,2026-02-02,seller
U2108,Tc8bdfd9b84,Ato Ampah,2026-02-02,seller
U2109,Tb2ceabf43f,Evan Mooney,2026-02-02,buyer
U2110,T95918d15a7,Harry McGlinchey,2026-02-02,seller
U2111,T656774ccc4,Joel Philbert,2026-02-02,buyer+seller
U2112,T9ca58ce0e9,Luca Netz,2026-02-02,buyer
U2113,T1ced25f2f9,Patrick Roberts,2026-02-02,seller
U2114,T65262fbe9f,Sam Waller,2026-02-02,seller
U2115,T513d005e29,Yahya Idrissi,2026-02-02,seller
U2116,T2f31011409,Emmanuel Agbadou,2026-02-06,seller
U2117,T9e33c09ba4,Jhon Arias,2026-02-07,seller
U2118,T9e99f13a4d,Chuba Akpom,2026-06-15,buyer
U2119,Tdf80bcfecd,Cédric Kipré,2026-06-15,buyer
U2120,T0a137cdf2b,Jeremy Sarmiento,2026-06-15,seller
U2121,T7dc30d41d5,Harrison Jones,2026-06-18,seller
U2122,T1beb83c266,Zak Johnson,2026-06-26,seller
U2123,T33514f6c9e,Jonah Kusi-Asare,2026-06-27,buyer
U2124,T00455ebc01,Arijanet Muric,2026-06-29,seller
U2125,Td3e6b7b8ee,Frank Onyeka,2026-06-29,buyer+seller
U2126,Te2309d4867,Ethan Brierley,2026-06-30,seller
U2127,Tecff55362a,Akin Famewo,2026-07-01,seller
U2128,T61c9a6339d,Alejo Véliz,2026-07-01,seller
U2129,T78823cd020,Emmanuel Emegha,2026-07-01,buyer
U2130,Tead1450b9f,Frankie Runham,2026-07-01,buyer+seller
U2131,T00369f8dc1,Isaac Smith,2026-07-02,seller
U2132,T7c91150f2a,Jack Butland,2026-07-02,buyer
U2133,T803a5c951c,Joseph Wheeler-Henry,2026-07-02,buyer+seller
U2134,T520b1443b9,Luca Stephenson,2026-07-02,seller
U2135,Td1fb41bce8,Sil Swinkels,2026-07-02,seller
U2136,Tbd77319bb7,Jahmai Simpson-Pusey,2026-07-04,seller
U2137,T9c18e55f76,Kasey Palmer,2026-07-04,seller
U2138,T466d2c013d,Alfie Devine,2026-07-07,seller
U2139,Tabd33f3f2b,Louie Barry,2026-07-09,seller
U2140,T4ced81d764,Kyle Joseph,2026-07-10,seller
U2141,T5008ed62e1,Pierce Charles,2026-07-10,buyer
U2142,Tc7b1fe1c58,Elkan Baggott,2026-07-15,seller
U2143,Tdbbf8bb4eb,Diego Coppola,2026-07-16,seller
U2144,Ta225f23d2d,Isaac Schmidt,2026-07-16,seller
U2145,Tf9afae099d,Timothée Pembélé,2026-07-16,seller
U2146,Tf08ade318f,Yeimar Mosquera,2026-07-16,seller
U2147,Tb8d751d0fd,Christopher Atherton,2026-07-17,buyer+seller
U2148,T1bda337b55,Kayne van Oevelen,2026-07-21,buyer
U2149,Tbc35c28bc2,Matty Warhurst,2026-07-21,seller
U2150,Td1771a0de2,Óscar Zambrano,2026-07-21,buyer
U2151,Tb2fc0c1498,Harrison Bettoni,2026-07-23,buyer
U2152,T0eb51e188a,Jack Harrison,2026-07-26,seller
U2153,Tb642df6b37,Kjell Scherpen,2026-07-28,buyer
U2154,Tde45c16a34,Danny Imray,2026-07-29,seller
U2155,Tfd4d2d578a,Tyler Fredricson,2026-07-30,seller
U2156,T7c8fe0ad70,Conor McManus,2026-08-03,seller
U2157,T1941f726fc,César Palacios,2026-08-03,buyer
U2158,T1832dd3ea5,Ahmed Abdullahi,2026-08-04,seller
U2159,Td2b8bf32be,Florentino Luís,2026-08-04,buyer
U2160,Tc0d15c3714,Archie Harris,2026-08-06,seller
U2161,T54b162448b,Wes Burns,2026-08-06,seller
U2162,T4e66e848d5,Jens Hjertø-Dahl,2026-08-07,buyer
U2163,Ta097b13197,Radek Vítek,2026-08-08,seller
U2164,Tbcfc61baf8,Saša Lukić,2026-08-08,buyer+seller
U2165,Ta71b21ce18,Elliot Stroud,2026-08-09,buyer
U2166,T4234310f57,Abu Kamara,2026-08-10,seller
U2167,T385093526f,Anthony Patterson,2026-08-10,seller
U2168,T0f2ad23d35,Brennan Johnson,2026-08-11,buyer+seller
U2169,T55c0bc1c52,Dwight McNeil,2026-08-11,buyer+seller
U2170,T29b892f1c2,Gustavo Hamer,2026-08-11,buyer
U2171,T0c3df039e6,Lucas Herrington,2026-08-12,buyer
U2172,Tf0d472ce36,Nobel Mendy,2026-08-12,buyer
U2173,Td2ef122a4f,Ethan Williams,2026-08-13,seller
U2174,T761c8edb62,Enis Destan,2026-08-14,seller
U2175,T077a75ec7e,Ashley Phillips,2026-08-15,seller
U2176,T3ae1994bea,Joe Gelhardt,2026-08-15,buyer+seller
U2177,Tadcd32e56e,Lucas Gourna-Douath,2026-08-15,buyer
U2178,T730b3dd2ae,Abdoul Ouattara,2026-08-17,buyer
U2179,Tb07a294a59,Ethan Ennis,2026-08-18,seller
U2180,T53a382d2b1,Harvey Araujo,2026-08-19,seller
U2181,Taeffde082a,Sidiki Cherif,2026-08-19,buyer
U2182,Tc0cf970daf,George Hirst,2026-08-20,seller
U2183,T7fe68f1824,Dan Bentley,2026-08-21,buyer
U2184,Te19a8f45e6,Jaouen Hadjam,2026-08-25,buyer
U2185,T59b6e41cf9,Jeremiah Berkeley-Agyepong,2026-08-25,seller
U2186,T2feda3ac4c,Will Dennis,2026-08-26,seller
U2187,T7684449e74,Exequiel Palacios,2026-08-27,buyer
U2188,Tedec7c0898,Issa Kaboré,2026-08-27,seller
U2189,Tac8325be95,Mohamed-Ali Cho,2026-08-27,buyer
U2190,T714257a3e1,Michael Zetterer,2026-08-29,buyer
U2191,Tb2d432531c,Toby Collyer,2026-08-30,seller
U2192,T5195d7960f,Stefan Bajcetic,2026-08-31,seller
U2193,T6b09cfe2d1,Ainsley Maitland-Niles,2026-09-01,buyer
U2194,T16824cab0c,Ben Chilwell,2026-09-01,buyer
U2195,T64ae8d6662,Caylan Vickers,2026-09-01,seller
U2196,T440bc450d6,David Affengruber,2026-09-01,buyer
U2197,T876a77871e,David Ozoh,2026-09-01,seller
U2198,T2e40766019,Igor Julio,2026-09-01,seller
U2199,T95da0f3a33,Joe Whitworth,2026-09-01,seller
U2200,Tb7d979070c,Juan Riquelme Angulo,2026-09-01,buyer
U2201,T831c8d7aa9,Luís Semedo,2026-09-01,seller
U2202,T54ca510254,Manuel Ángel,2026-09-01,buyer
U2203,Tde77b2d6b9,Nathan Patterson,2026-09-01,seller
U2204,T2c30dd3b2d,Quinten Timber,2026-09-01,buyer
U2205,Tdcea18f3d3,Sorba Thomas,2026-09-01,buyer
