window,page,revid,date,player,from_article,from_name,from_club_id,to_article,to_name,to_club_id,fee_text,citation_only_transfermarkt,cite_urls,cite_publishers,cite_dates
club-season 1992–93,1992–93 Aston Villa F.C. season,1372727199,1992-07-01,Frank McAvennie,West Ham United,West Ham United,west_ham,,Aston Villa F.C.,aston_villa,Free transfer,no,,,
club-season 1992–93,1992–93 Aston Villa F.C. season,1372727199,1992-07-28,Ray Houghton,Liverpool F.C.,Liverpool,liverpool,,Aston Villa F.C.,aston_villa,"£900,000",no,,,
club-season 1992–93,1992–93 Aston Villa F.C. season,1372727199,1992-09-10,Dean Saunders,Liverpool F.C.,Liverpool,liverpool,,Aston Villa F.C.,aston_villa,"£2,300,000",no,,,
club-season 1992–93,1992–93 Aston Villa F.C. season,1372727199,1992-09-21,Gareth Farrelly,Home Farm F.C.,Home Farm,,,Aston Villa F.C.,aston_villa,"£30,000",no,,,
club-season 1992–93,1992–93 Aston Villa F.C. season,1372727199,1992-07-01,Nigel Callaghan,,Aston Villa F.C.,aston_villa,,Retired,,,no,,,
club-season 1992–93,1992–93 Aston Villa F.C. season,1372727199,1992-07-01,Kent Nielsen,,Aston Villa F.C.,aston_villa,Aarhus Gymnastikforening,AGF,,Free transfer,no,,,
club-season 1992–93,1992–93 Aston Villa F.C. season,1372727199,1992-07-07,Ian Olney,,Aston Villa F.C.,aston_villa,Oldham Athletic,Oldham Athletic,oldham_athletic,"£700,000",no,,,
club-season 1992–93,1992–93 Aston Villa F.C. season,1372727199,1992-09-09,Frank McAvennie,,Aston Villa F.C.,aston_villa,Cliftonville F.C.,Cliftonville,,Free transfer,no,,,
club-season 1992–93,1992–93 Aston Villa F.C. season,1372727199,1993-01-06,Les Sealey,,Aston Villa F.C.,aston_villa,Manchester United,Manchester United,manchester_united,Free transfer,no,,,
club-season 1992–93,1992–93 Chelsea F.C. season,1335413497,1992-07-01,Mal Donaghy,Manchester United F.C.,Manchester United,manchester_united,,Chelsea F.C.,chelsea,"£100,800",no,,,
club-season 1992–93,1992–93 Chelsea F.C. season,1335413497,1992-07-01,John Spencer,Rangers F.C.,Rangers,,,Chelsea F.C.,chelsea,free transfer,no,,,
club-season 1992–93,1992–93 Chelsea F.C. season,1335413497,1992-07-01,Nick Colgan,Drogheda United FC,Drogheda United,,,Chelsea F.C.,chelsea,undisclosed,no,,,
club-season 1992–93,1992–93 Chelsea F.C. season,1335413497,1992-07-01,Robert Fleck,Norwich City F.C.,Norwich City,norwich_city,,Chelsea F.C.,chelsea,undisclosed,no,,,
club-season 1992–93,1992–93 Ipswich Town F.C. season,1338376984,1992-07-01,Geraint Williams,Derby County F.C.,Derby County,derby_county,,Ipswich Town F.C.,ipswich_town,"£650,000",no,https://www.soccerbase.com/players/player.sd?player_id=8539,Soccerbase,
club-season 1992–93,1992–93 Ipswich Town F.C. season,1338376984,1992-08-01,Clive Baker,Coventry City F.C.,Coventry City,coventry_city,,Ipswich Town F.C.,ipswich_town,Undisclosed,no,https://www.soccerbase.com/players/player.sd?player_id=341,Soccerbase,
club-season 1992–93,1992–93 Ipswich Town F.C. season,1338376984,1992-08-01,Jason Winters,Chelsea F.C.,Chelsea,chelsea,,Ipswich Town F.C.,ipswich_town,Free transfer,no,http://prideofanglia.com/tmwmtt/details.php?player=Jason+Winters,Pride of Anglia,
club-season 1992–93,1992–93 Ipswich Town F.C. season,1338376984,1992-12-01,Vlado Bozinovski,S.C. Beira-Mar,Beira-Mar,,,Ipswich Town F.C.,ipswich_town,Undisclosed,no,http://prideofanglia.com/tmwmtt/details.php?&player=Vlado%20Bozinoski,Pride of Anglia,
club-season 1992–93,1992–93 Ipswich Town F.C. season,1338376984,1992-12-11,Boncho Genchev,Sporting CP,Sporting CP,,,Ipswich Town F.C.,ipswich_town,"£250,000",no,https://www.soccerbase.com/players/player.sd?player_id=3133,Soccerbase,
club-season 1992–93,1992–93 Ipswich Town F.C. season,1338376984,1992-07-01,Romeo Zondervan,,Ipswich Town F.C.,ipswich_town,NAC Breda,NAC Breda,,Undisclosed,no,,Ipswich Town F.C. programme v Aston Villa F.C.,"August 15, 1992"
club-season 1992–93,1992–93 Ipswich Town F.C. season,1338376984,1992-07-13,David Lowe,,Ipswich Town F.C.,ipswich_town,Leicester City F.C.,Leicester City,leicester_city,"£300,000",no,https://www.soccerbase.com/players/player.sd?player_id=4622,Soccerbase,
club-season 1992–93,1992–93 Ipswich Town F.C. season,1338376984,1992-08-13,Simon Betts,,Ipswich Town F.C.,ipswich_town,Wrexham A.F.C.,Wrexham,,Free transfer,no,https://www.soccerbase.com/players/player.sd?player_id=660,Soccerbase,
club-season 1992–93,1992–93 Ipswich Town F.C. season,1338376984,1993-03-01,Glenn Pennyfather,,Ipswich Town F.C.,ipswich_town,Bristol City F.C.,Bristol City,,"£80,000",no,http://prideofanglia.com/tmwmtt/details.php?player=Glenn+Pennyfather,Pride of Anglia,
club-season 1992–93,1992–93 Liverpool F.C. season,1354427539,1992-07-06,David James,Watford F.C.,Watford,watford,,Liverpool F.C.,liverpool,"£1,000,000",no,,,
club-season 1992–93,1992–93 Liverpool F.C. season,1354427539,1992-07-29,Paul Stewart,Tottenham Hotspur F.C.,Tottenham Hotspur,tottenham_hotspur,,Liverpool F.C.,liverpool,"£2,300,000",no,,,
club-season 1992–93,1992–93 Liverpool F.C. season,1354427539,1992-08-01,Torben Piechnik,F.C. Copenhagen,FCK,,,Liverpool F.C.,liverpool,"£500,000",no,,,
club-season 1992–93,1992–93 Liverpool F.C. season,1354427539,1992-12-18,Stig Inge Bjørnebye,Rosenborg BK,Rosenborg,,,Liverpool F.C.,liverpool,"£600,000",no,,,
club-season 1992–93,1992–93 Liverpool F.C. season,1354427539,1992-07-10,Barry Jones,,Liverpool F.C.,liverpool,Wrexham F.C.,Wrexham,,Free,no,,,
club-season 1992–93,1992–93 Liverpool F.C. season,1354427539,1992-07-28,Ray Houghton,,Liverpool F.C.,liverpool,Aston Villa F.C.,Aston Villa,aston_villa,"£825,000",no,,,
club-season 1992–93,1992–93 Liverpool F.C. season,1354427539,1992-07-31,Barry Venison,,Liverpool F.C.,liverpool,Newcastle United F.C.,Newcastle United,newcastle_united,"£250,000",no,,,
club-season 1992–93,1992–93 Liverpool F.C. season,1354427539,1992-09-10,Dean Saunders,,Liverpool F.C.,liverpool,Aston Villa F.C.,Aston Villa,aston_villa,"£2,300,000",no,,,
club-season 1992–93,1992–93 Liverpool F.C. season,1354427539,1993-04,Tony Cousins,,Liverpool F.C.,liverpool,Middlesbrough F.C.,Middlesbrough,middlesbrough,Free,no,,,
club-season 1992–93,1992–93 Manchester United F.C. season,1365820424,1992-07-02,Jovan Kirovski,,Youth System,,,Manchester United F.C.,manchester_united,Free,no,,,
club-season 1992–93,1992–93 Manchester United F.C. season,1365820424,1992-08-01,Pat McGibbon,Portadown F.C.,Portadown,,,Manchester United F.C.,manchester_united,£100k,no,,,
club-season 1992–93,1992–93 Manchester United F.C. season,1365820424,1992-08-07,Dion Dublin,Cambridge United F.C.,Cambridge United,,,Manchester United F.C.,manchester_united,£1.1m,no,,,
club-season 1992–93,1992–93 Manchester United F.C. season,1365820424,1992-11-27,Eric Cantona,Leeds United A.F.C.,Leeds United,leeds_united,,Manchester United F.C.,manchester_united,£1.2m,no,,,
club-season 1992–93,1992–93 Manchester United F.C. season,1365820424,1993-01-06,Les Sealey,Aston Villa F.C.,Aston Villa,aston_villa,,Manchester United F.C.,manchester_united,£650k,no,,,
club-season 1992–93,1992–93 Manchester United F.C. season,1365820424,1992-08-13,Mal Donaghy,,Manchester United F.C.,manchester_united,Chelsea F.C.,Chelsea,chelsea,£150k,no,,,
club-season 1992–93,1992–93 Manchester United F.C. season,1365820424,1992-08-14,Mark Robins,,Manchester United F.C.,manchester_united,Norwich City F.C.,Norwich City,norwich_city,£850k,no,,,
club-season 1992–93,1992–93 Manchester United F.C. season,1365820424,1992-08-24,Derek Brazil,,Manchester United F.C.,manchester_united,Cardiff City F.C.,Cardiff City,cardiff_city,£185k,no,,,
club-season 1992–93,1992–93 Manchester United F.C. season,1365820424,1992-09-07,Colin Telford,,Manchester United F.C.,manchester_united,Raith Rovers F.C.,Raith Rovers,,Free,no,,,
club-season 1992–93,1992–93 Manchester United F.C. season,1365820424,1992-11-23,Neil Webb,,Manchester United F.C.,manchester_united,Nottingham Forest F.C.,Nottingham Forest,nottingham_forest,£820k,no,,,
club-season 1992–93,1992–93 Manchester United F.C. season,1365820424,1993-03-19,Kieran Toal,,Manchester United F.C.,manchester_united,Motherwell F.C.,Motherwell,,£320k,no,,,
club-season 1992–93,1992–93 Manchester United F.C. season,1365820424,1993-04-10,Raphael Burke,,Manchester United F.C.,manchester_united,Exeter  City F.C.,Exeter City,,Free,no,,,
club-season 1992–93,1992–93 Manchester United F.C. season,1365820424,1993-06-29,Russell Beardsmore,,Manchester United F.C.,manchester_united,A.F.C. Bournemouth,Bournemouth,bournemouth,£210k,no,,,
club-season 1992–93,1992–93 Manchester United F.C. season,1365820424,1993-06-30,Adrian Doherty,,Manchester United F.C.,manchester_united,Derry City F.C.,Derry City,,Free,no,,,
club-season 1992–93,1992–93 Manchester United F.C. season,1365820424,1993-06-30,George Switzer,,Manchester United F.C.,manchester_united,Darlington F.C.,Darlington,,Free,no,,,
club-season 1992–93,1992–93 Manchester United F.C. season,1365820424,1993-06-30,Ian Wilkinson,,Manchester United F.C.,manchester_united,Stockport County F.C.,Stockport County,,Free,no,,,
club-season 1992–93,1992–93 Queens Park Rangers F.C. season,1360318037,,Andy Tillson,Grimsby Town F.C.,Grimsby Town,,,Queens Park Rangers F.C.,qpr,"£400,000",no,,,
club-season 1992–93,1992–93 Queens Park Rangers F.C. season,1360318037,1988-03,Robbie Herrera,,Queens Park Rangers Juniors,,,Queens Park Rangers F.C.,qpr,,no,,,
club-season 1992–93,1992–93 Queens Park Rangers F.C. season,1360318037,,Gary Waddock,,Millwall,,,Queens Park Rangers F.C.,qpr,"£50,000",no,,,
club-season 1992–93,1992–93 Queens Park Rangers F.C. season,1360318037,,Justin Channing,,Queens Park Rangers Juniors,,,Queens Park Rangers F.C.,qpr,,no,,,
club-season 1992–93,1992–93 Queens Park Rangers F.C. season,1360318037,,David McEnroe,,Queens Park Rangers Juniors,,,Queens Park Rangers F.C.,qpr,,no,,,
club-season 1992–93,1992–93 Queens Park Rangers F.C. season,1360318037,,Marvin Bryan,,Queens Park Rangers Juniors,,,Queens Park Rangers F.C.,qpr,,no,,,
club-season 1992–93,1992–93 Queens Park Rangers F.C. season,1360318037,,Brian Croft,Chester City F.C.,Chester City,,,Queens Park Rangers F.C.,qpr,"£60,000",no,,,
club-season 1992–93,1992–93 Queens Park Rangers F.C. season,1360318037,,Kevin Gallen,,Queens Park Rangers Juniors,,,Queens Park Rangers F.C.,qpr,,no,,,
club-season 1992–93,1992–93 Queens Park Rangers F.C. season,1360318037,,Devon White,,Cambridge United,,,Queens Park Rangers F.C.,qpr,"£100,000",no,,,
club-season 1992–93,1992–93 Queens Park Rangers F.C. season,1360318037,1993-05-15,Danny Dichio,,Queens Park Rangers Juniors,,,Queens Park Rangers F.C.,qpr,,no,,,
club-season 1992–93,1992–93 Queens Park Rangers F.C. season,1360318037,,Mark Graham,,Queens Park Rangers Juniors,,,Queens Park Rangers F.C.,qpr,,no,,,
club-season 1992–93,1992–93 Southampton F.C. season,1367318555,,,,19 July 1992,,,Southampton F.C.,southampton,,no,https://www.saintsplayers.co.uk/player/kerry-dixon/,SaintsPlayers.co.uk,
club-season 1992–93,1992–93 Southampton F.C. season,1367318555,,,,27 July 1992,,,Southampton F.C.,southampton,,no,https://www.saintsplayers.co.uk/player/david-speedie/,SaintsPlayers.co.uk,
club-season 1992–93,1992–93 Southampton F.C. season,1367318555,,,,21 August 1992,,,Southampton F.C.,southampton,,no,https://www.saintsplayers.co.uk/player/ken-monkou/,SaintsPlayers.co.uk,
club-season 1992–93,1992–93 Southampton F.C. season,1367318555,,,,24 August 1992,,,Southampton F.C.,southampton,,no,https://www.saintsplayers.co.uk/player/perry-groves/,SaintsPlayers.co.uk,
club-season 1992–93,1992–93 Southampton F.C. season,1367318555,,,,1 October 1992,,,Southampton F.C.,southampton,,no,,,
club-season 1992–93,1992–93 Southampton F.C. season,1367318555,,,,24 February 1993,,,Southampton F.C.,southampton,,no,https://www.saintsplayers.co.uk/player/frankie-bennett/,SaintsPlayers.co.uk,
club-season 1992–93,1992–93 Southampton F.C. season,1367318555,,,,16 March 1993,,,Southampton F.C.,southampton,,no,https://www.saintsplayers.co.uk/player/derek-allan/,SaintsPlayers.co.uk,
club-season 1992–93,1992–93 Southampton F.C. season,1367318555,,,,Southampton F.C.,southampton,,1 July 1992,,,no,https://www.saintsplayers.co.uk/player/barry-horne/,SaintsPlayers.co.uk,
club-season 1992–93,1992–93 Southampton F.C. season,1367318555,,,,Southampton F.C.,southampton,,27 July 1992,,,no,https://www.saintsplayers.co.uk/player/jon-gittens/,SaintsPlayers.co.uk,
club-season 1992–93,1992–93 Southampton F.C. season,1367318555,,,,Southampton F.C.,southampton,,27 July 1992,,,no,http://www.independent.co.uk/sport/football-shearer-set-to-sign-for-blackburn-1535887.html,The Independent,27 July 1992
club-season 1992–93,1992–93 Southampton F.C. season,1367318555,,,,Southampton F.C.,southampton,,29 July 1992,,,no,https://www.saintsplayers.co.uk/player/neil-ruddock/,SaintsPlayers.co.uk,
club-season 1992–93,1992–93 Southampton F.C. season,1367318555,,,,Southampton F.C.,southampton,,December 1992,,,no,https://www.saintsplayers.co.uk/player/david-lee/,SaintsPlayers.co.uk,
club-season 1992–93,1992–93 Tottenham Hotspur F.C. season,1335716938,1992-07,Gerry McMahon,Glenavon F.C.,Glenavon,,,Tottenham Hotspur F.C.,tottenham_hotspur,"£100,000",no,https://www.belfasttelegraph.co.uk/sport/football/irish-league/white-hart-lane-catch-up-on-the-cards-as-ex-ni-and-spurs-star-gerard-mcmahon-turns-50/a1484299171.html,BelfastTelegraph.co.uk,2024-01-07
club-season 1992–93,1992–93 Tottenham Hotspur F.C. season,1335716938,1992-07-01,Darren Anderton,Portsmouth F.C.,Portsmouth,portsmouth,,Tottenham Hotspur F.C.,tottenham_hotspur,"£1,750,000",no,https://www.hampshirelive.news/sport/football/football-news/darren-anderton-tottenham-transfer-portsmouth-8364607,Hampshire Live,2023-04-19
club-season 1992–93,1992–93 Tottenham Hotspur F.C. season,1335716938,1992-07-01,Dean Austin,Southend United F.C.,Southend,,,Tottenham Hotspur F.C.,tottenham_hotspur,"£375,000",no,https://www.skysports.com/football/player/21746/dean-austin,SkySports,
club-season 1992–93,1992–93 Tottenham Hotspur F.C. season,1335716938,1992-07-02,Jason Cundy,Chelsea F.C.,Chelsea,chelsea,,Tottenham Hotspur F.C.,tottenham_hotspur,"£850,000",no,,,
club-season 1992–93,1992–93 Tottenham Hotspur F.C. season,1335716938,1992-07-29,Neil Ruddock,Southampton F.C.,Southampton,southampton,,Tottenham Hotspur F.C.,tottenham_hotspur,"£750,000",no,https://www.gordonpoole.com/talent/neil-razor-ruddock/,Gordon Poole Agency,
club-season 1992–93,1992–93 Tottenham Hotspur F.C. season,1335716938,1992-08-28,Teddy Sheringham,Nottingham Forest F.C.,Nottingham Forest,nottingham_forest,,Tottenham Hotspur F.C.,tottenham_hotspur,"£2,100,000",no,https://www.soccerbase.com/players/player.sd?player_id=7239,www.soccerbase.com,
club-season 1992–93,1992–93 Tottenham Hotspur F.C. season,1335716938,1992-07-01,Paul Gascoigne,,Tottenham Hotspur F.C.,tottenham_hotspur,S.S. Lazio,Lazio,,"£5,500,000",no,https://www.soccerbase.com/players/player.sd?player_id=2775,www.soccerbase.com,
club-season 1992–93,1992–93 Tottenham Hotspur F.C. season,1335716938,1992-07-01,Gary Lineker,,Tottenham Hotspur F.C.,tottenham_hotspur,Nagoya Grampus,Nagoya Grampus 8,,"£2,000,000",no,https://www.givemesport.com/gary-lineker-career-stats/,GiveMeSport,2023-08-09
club-season 1992–93,1992–93 Tottenham Hotspur F.C. season,1335716938,1992-07-01,Paul Walsh,,Tottenham Hotspur F.C.,tottenham_hotspur,Portsmouth F.C.,Portsmouth,portsmouth,"£400,000",no,https://www.hampshirelive.news/sport/football/paul-walsh-guy-whittingham-portsmouth-5921906,Hampshire Live,2021-09-15
club-season 1992–93,1992–93 Tottenham Hotspur F.C. season,1335716938,1992-07-29,Paul Stewart,,Tottenham Hotspur F.C.,tottenham_hotspur,Liverpool F.C.,Liverpool,liverpool,"£2,300,000",no,https://bleacherreport.com/articles/762262-liverpool-fc-the-5-worst-transfers-of-the-souness-era,Bleacher Report,
club-season 1993–94,1993–94 Aston Villa F.C. season,1367347090,1993-07-05,Gordon Cowans,Blackburn Rovers,Blackburn Rovers,blackburn_rovers,,Aston Villa F.C.,aston_villa,Free transfer,no,,,
club-season 1993–94,1993–94 Aston Villa F.C. season,1367347090,1993-07-26,Andy Townsend,Chelsea F.C.,Chelsea,chelsea,,Aston Villa F.C.,aston_villa,"£2,100,000",no,,,
club-season 1993–94,1993–94 Aston Villa F.C. season,1367347090,1993-08-03,Guy Whittingham,Portsmouth F.C.,Portsmouth,portsmouth,,Aston Villa F.C.,aston_villa,"1,200,000",no,,,
club-season 1993–94,1993–94 Aston Villa F.C. season,1367347090,1993-07-05,Martin Carruthers,,Aston Villa F.C.,aston_villa,Stoke City,Stoke City,stoke_city,"£300,000",no,,,
club-season 1993–94,1993–94 Aston Villa F.C. season,1367347090,1993-08-03,Cyrille Regis,,Aston Villa F.C.,aston_villa,Wolverhampton Wanderers,Wolverhampton Wanderers,wolves,Free transfer,no,,,
club-season 1993–94,1993–94 Aston Villa F.C. season,1367347090,1993-08-05,Mark Blake,,Aston Villa F.C.,aston_villa,Portsmouth F.C.,Portsmouth,portsmouth,"£400,000",no,,,
club-season 1993–94,1993–94 Aston Villa F.C. season,1367347090,1994-02-26,Gordon Cowans,,Aston Villa F.C.,aston_villa,Derby County,Derby County,derby_county,"£80,000",no,,,
club-season 1993–94,1993–94 Ipswich Town F.C. season,1338376942,1993-06-18,Paul Mason,Aberdeen F.C.,Aberdeen,,,Ipswich Town F.C.,ipswich_town,"£400,000",no,https://www.soccerbase.com/players/player.sd?player_id=4885,Soccerbase,
club-season 1993–94,1993–94 Ipswich Town F.C. season,1338376942,1993-08-09,Ian Marshall,Oldham Athletic A.F.C.,Oldham Athletic,oldham_athletic,,Ipswich Town F.C.,ipswich_town,"£750,000",no,https://www.soccerbase.com/players/player.sd?player_id=4846,Soccerbase,
club-season 1993–94,1993–94 Ipswich Town F.C. season,1338376942,1993-09-30,Stuart Slater,Celtic F.C.,Celtic,,,Ipswich Town F.C.,ipswich_town,"£750,000",no,https://www.soccerbase.com/players/player.sd?player_id=7345,Soccerbase,
club-season 1993–94,1993–94 Ipswich Town F.C. season,1338376942,1993-07-01,Jason Winters,,Ipswich Town F.C.,ipswich_town,Free agent,Free agent,,Released,no,http://prideofanglia.com/tmwmtt/details.php?player=Jason+Winters,Pride of Anglia,
club-season 1993–94,1993–94 Ipswich Town F.C. season,1338376942,1993-06-30,Vlado Bozinovski,,Ipswich Town F.C.,ipswich_town,F.C. Paços de Ferreira,Paços de Ferreira,,Undisclosed,no,http://prideofanglia.com/tmwmtt/details.php?&player=Vlado%20Bozinoski,Pride of Anglia,
club-season 1993–94,1993–94 Ipswich Town F.C. season,1338376942,1993-08-01,Jason Dozzell,,Ipswich Town F.C.,ipswich_town,Tottenham Hotspur F.C.,Tottenham Hotspur,tottenham_hotspur,"£1,900,000",no,https://www.soccerbase.com/players/player.sd?player_id=2159,Soccerbase,
club-season 1993–94,1993–94 Ipswich Town F.C. season,1338376942,1994-03-24,Steve Whitton,,Ipswich Town F.C.,ipswich_town,Colchester United F.C.,Colchester United,,"£10,000",no,https://www.soccerbase.com/players/player.sd?player_id=8483,Soccerbase,
club-season 1993–94,1993–94 Liverpool F.C. season,1374917425,,Nigel Clough,Nottingham Forest F.C.,Nottingham Forest,nottingham_forest,,Liverpool F.C.,liverpool,"£2,275,000",no,,,
club-season 1993–94,1993–94 Liverpool F.C. season,1374917425,,Neil Ruddock,Tottenham Hotspur F.C.,Tottenham Hotspur,tottenham_hotspur,,Liverpool F.C.,liverpool,"£2,500,000",no,,,
club-season 1993–94,1993–94 Liverpool F.C. season,1374917425,,Julian Dicks,West Ham United F.C.,West Ham United,west_ham,,Liverpool F.C.,liverpool,Player exchange,no,,,
club-season 1993–94,1993–94 Liverpool F.C. season,1374917425,,István Kozma,,Liverpool F.C.,liverpool,Újpest FC,Újpest,,Free,no,,,
club-season 1993–94,1993–94 Liverpool F.C. season,1374917425,,David Burrows,,Liverpool F.C.,liverpool,West Ham United F.C.,West Ham United,west_ham,Player exchange,no,,,
club-season 1993–94,1993–94 Liverpool F.C. season,1374917425,,Mike Marsh,,Liverpool F.C.,liverpool,West Ham United F.C.,West Ham United,west_ham,Player exchange,no,,,
club-season 1993–94,1993–94 Liverpool F.C. season,1374917425,,Mike Hooper,,Liverpool F.C.,liverpool,Newcastle United F.C.,Newcastle United,newcastle_united,"£550,000",no,,,
club-season 1993–94,1993–94 Liverpool F.C. season,1374917425,,Ronny Rosenthal,,Liverpool F.C.,liverpool,Tottenham Hotspur F.C.,Tottenham Hotspur,tottenham_hotspur,"£250,000",no,,,
club-season 1993–94,1993–94 Manchester United F.C. season,1368529229,1993-07-19,Roy Keane,Nottingham Forest F.C.,Nottingham Forest,nottingham_forest,,Manchester United F.C.,manchester_united,£3.75m,no,,,
club-season 1993–94,1993–94 Manchester United F.C. season,1368529229,1993-11,Brian Carey,,Manchester United F.C.,manchester_united,Leicester City F.C.,Leicester City,leicester_city,£250k,no,,,
club-season 1993–94,1993–94 Manchester United F.C. season,1368529229,1994-01-13,Darren Ferguson,,Manchester United F.C.,manchester_united,Wolverhampton Wanderers F.C.,Wolverhampton Wanderers,wolves,£320k,no,,,
club-season 1993–94,1993–94 Manchester United F.C. season,1368529229,1994-01-19,Lee Martin,,Manchester United F.C.,manchester_united,Celtic F.C.,Celtic,,Free,no,,,
club-season 1993–94,1993–94 Manchester United F.C. season,1368529229,1994-05-18,Bryan Robson,,Manchester United F.C.,manchester_united,Middlesbrough F.C.,Middlesbrough,middlesbrough,Free,no,,,
club-season 1993–94,1993–94 Newcastle United F.C. season,1367351292,1993-07-16,Peter Beardsley,Everton F.C.,Everton,everton,,Newcastle United F.C.,newcastle_united,"£1,500,000",no,,,
club-season 1993–94,1993–94 Newcastle United F.C. season,1367351292,1993-07,Nikki Papavasiliou,OFI Crete F.C.,OFI,,,Newcastle United F.C.,newcastle_united,"£120,000",no,,,
club-season 1993–94,1993–94 Newcastle United F.C. season,1367351292,1993-07-30,Alex Mathie,Greenock Morton F.C.,Greenock Morton,,,Newcastle United F.C.,newcastle_united,"£250,000",no,,,
club-season 1993–94,1993–94 Newcastle United F.C. season,1367351292,1993-08-13,John Burridge,Hibernian F.C.,Hibernian,,,Newcastle United F.C.,newcastle_united,Free,no,,,
club-season 1993–94,1993–94 Newcastle United F.C. season,1367351292,1993-08-13,Malcolm Allen,Millwall F.C.,Millwall,,,Newcastle United F.C.,newcastle_united,"£300,000",no,,,
club-season 1993–94,1993–94 Newcastle United F.C. season,1367351292,1993-09-23,Mike Hooper,Liverpool F.C.,Liverpool,liverpool,,Newcastle United F.C.,newcastle_united,"£550,000",no,,,
club-season 1993–94,1993–94 Newcastle United F.C. season,1367351292,1993-10-04,Mike Jeffrey,Doncaster Rovers F.C.,Doncaster Rovers,,,Newcastle United F.C.,newcastle_united,"£85,000 + David Roche",no,,,
club-season 1993–94,1993–94 Newcastle United F.C. season,1367351292,1994-01-20,Chris Holland,Preston North End F.C.,Preston North End,,,Newcastle United F.C.,newcastle_united,"£100,000",no,,,
club-season 1993–94,1993–94 Newcastle United F.C. season,1367351292,1994-02-02,Ruel Fox,Norwich City F.C.,Norwich City,norwich_city,,Newcastle United F.C.,newcastle_united,"£2,225,000",no,,,
club-season 1993–94,1993–94 Newcastle United F.C. season,1367351292,1994-03-24,Darren Peacock,Queens Park Rangers F.C.,Queens Park Rangers,qpr,,Newcastle United F.C.,newcastle_united,"£2,700,000",no,,,
club-season 1993–94,1993–94 Newcastle United F.C. season,1367351292,1993-06-18,Andy Hunt,,Newcastle United F.C.,newcastle_united,West Bromwich Albion F.C.,West Bromwich Albion,west_brom,"£100,000",no,,,
club-season 1993–94,1993–94 Newcastle United F.C. season,1367351292,1993-06-23,Republic of Ireland,,Newcastle United F.C.,newcastle_united,Wolverhampton Wanderers F.C.,Wolverhampton Wanderers,wolves,"£750,000",no,,,
club-season 1993–94,1993–94 Newcastle United F.C. season,1367351292,1993-07-23,Mark Stimson,,Newcastle United F.C.,newcastle_united,Portsmouth F.C.,Portsmouth,portsmouth,"£100,000",no,,,
club-season 1993–94,1993–94 Newcastle United F.C. season,1367351292,1993-08-05,Alan Thompson,,Newcastle United F.C.,newcastle_united,Bolton Wanderers F.C.,Bolton Wanderers,bolton_wanderers,"£250,000",no,,,
club-season 1993–94,1993–94 Newcastle United F.C. season,1367351292,1993-08-12,Gavin Peacock,,Newcastle United F.C.,newcastle_united,Chelsea F.C.,Chelsea,chelsea,"£1,250,000",no,,,
club-season 1993–94,1993–94 Newcastle United F.C. season,1367351292,1993-09-24,Tommy Wright,,Newcastle United F.C.,newcastle_united,Nottingham Forest F.C.,Nottingham Forest,nottingham_forest,"£450,000",no,,,
club-season 1993–94,1993–94 Newcastle United F.C. season,1367351292,1993-10-01,David Roche,,Newcastle United F.C.,newcastle_united,Doncaster Rovers F.C.,Doncaster Rovers,,Part-exchange for Mike Jeffrey,no,,,
club-season 1993–94,1993–94 Newcastle United F.C. season,1367351292,1993-10-29,John Burridge,,Newcastle United F.C.,newcastle_united,Scarborough F.C.,Scarborough,,Free,no,,,
club-season 1993–94,1993–94 Newcastle United F.C. season,1367351292,1994-01-20,Brian Kilcline,,Newcastle United F.C.,newcastle_united,Swindon Town F.C.,Swindon Town,swindon_town,"£90,000",no,,,
club-season 1993–94,1993–94 Newcastle United F.C. season,1367351292,1994-01-21,Liam O'Brien,,Newcastle United F.C.,newcastle_united,Tranmere Rovers F.C.,Tranmere Rovers,,"£300,000",no,,,
club-season 1993–94,1993–94 Newcastle United F.C. season,1367351292,1994-02-01,Kevin Scott,,Newcastle United F.C.,newcastle_united,Tottenham Hotspur F.C.,Tottenham Hotspur,tottenham_hotspur,"£850,000",no,,,
club-season 1993–94,1993–94 Queens Park Rangers F.C. season,1358653302,,Garry Thompson,Crystal Palace F.C.,Crystal Palace,crystal_palace,,Queens Park Rangers F.C.,qpr,"£100,000",no,,,
club-season 1993–94,1993–94 Queens Park Rangers F.C. season,1358653302,,Andy Sinton,,Brentford,brentford,,Queens Park Rangers F.C.,qpr,"£350,000",no,,,
club-season 1993–94,1993–94 Queens Park Rangers F.C. season,1358653302,1991-07-02,Dennis Bailey,Birmingham City F.C.,Birmingham City,birmingham_city,,Queens Park Rangers F.C.,qpr,"£175,000",no,,,
club-season 1993–94,1993–94 Queens Park Rangers F.C. season,1358653302,1989-12,Alan McCarthy,,Queens Park Rangers Juniors,,,Queens Park Rangers F.C.,qpr,,no,,,
club-season 1993–94,1993–94 Queens Park Rangers F.C. season,1358653302,1992-08,Brian Croft,Chester City F.C.,Chester City,,,Queens Park Rangers F.C.,qpr,"£60,000",no,,,
club-season 1993–94,1993–94 Queens Park Rangers F.C. season,1358653302,1989-12,Alan McCarthy,,Queens Park Rangers Juniors,,,Queens Park Rangers F.C.,qpr,,no,,,
club-season 1993–94,1993–94 Queens Park Rangers F.C. season,1358653302,1991-07-02,Dennis Bailey,Birmingham City F.C.,Birmingham City,birmingham_city,,Queens Park Rangers F.C.,qpr,"£175,000",no,,,
club-season 1993–94,1993–94 Queens Park Rangers F.C. season,1358653302,1988-02,Robert Herrera,,Queens Park Rangers Juniors,,,Queens Park Rangers F.C.,qpr,,no,,,
club-season 1993–94,1993–94 Queens Park Rangers F.C. season,1358653302,,Darren Peacock,Hereford United F.C.,Hereford United,,,Queens Park Rangers F.C.,qpr,"£200,000",no,,,
club-season 1993–94,1993–94 Queens Park Rangers F.C. season,1358653302,,Ray Wilkins,,Glasgow Rangers,,,Queens Park Rangers F.C.,qpr,Free,no,,,
club-season 1993–94,1993–94 Queens Park Rangers F.C. season,1358653302,1992-05,Darren Finlay,,Queens Park Rangers Juniors,,,Queens Park Rangers F.C.,qpr,,no,,,
club-season 1993–94,1993–94 Queens Park Rangers F.C. season,1358653302,1992-06,Steve Gallen,,Queens Park Rangers Juniors,,,Queens Park Rangers F.C.,qpr,,no,,,
club-season 1993–94,1993–94 Queens Park Rangers F.C. season,1358653302,,Steve Yates,,Bristol Rovers,,,Queens Park Rangers F.C.,qpr,"£650,000",no,,,
club-season 1993–94,1993–94 Queens Park Rangers F.C. season,1358653302,,Trevor Sinclair,,Blackpool,blackpool,,Queens Park Rangers F.C.,qpr,"£600,000",no,,,
club-season 1993–94,1993–94 Southampton F.C. season,1365907298,,,,8 June 1993,,,Southampton F.C.,southampton,,no,https://www.saintsplayers.co.uk/player/simon-charlton/,SaintsPlayers.co.uk,
club-season 1993–94,1993–94 Southampton F.C. season,1365907298,,,,8 June 1993,,,Southampton F.C.,southampton,,no,https://www.saintsplayers.co.uk/player/colin-cramb/,SaintsPlayers.co.uk,
club-season 1993–94,1993–94 Southampton F.C. season,1365907298,,,,July 1993,,,Southampton F.C.,southampton,,no,https://www.saintsplayers.co.uk/player/matt-oakley/ https://www.saintsplayers.co.uk/player/matt-oakley/,SaintsPlayers.co.uk | SaintsPlayers.co.uk, | 
club-season 1993–94,1993–94 Southampton F.C. season,1365907298,,,,16 September 1993,,,Southampton F.C.,southampton,,no,https://www.saintsplayers.co.uk/player/paul-allen/,SaintsPlayers.co.uk,
club-season 1993–94,1993–94 Southampton F.C. season,1365907298,,,,1 October 1993,,,Southampton F.C.,southampton,,no,https://www.saintsplayers.co.uk/player/peter-reid/,SaintsPlayers.co.uk,
club-season 1993–94,1993–94 Southampton F.C. season,1365907298,,,,4 November 1993,,,Southampton F.C.,southampton,,no,https://www.saintsplayers.co.uk/player/dave-beasant/,SaintsPlayers.co.uk,
club-season 1993–94,1993–94 Southampton F.C. season,1365907298,,,,December 1993,,,Southampton F.C.,southampton,,no,https://www.saintsplayers.co.uk/player/shayne-bradley/ https://www.saintsplayers.co.uk/player/shayne-bradley/,SaintsPlayers.co.uk | SaintsPlayers.co.uk, | 
club-season 1993–94,1993–94 Southampton F.C. season,1365907298,,,,7 February 1994,,,Southampton F.C.,southampton,,no,https://www.saintsplayers.co.uk/player/craig-maskell/,SaintsPlayers.co.uk,
club-season 1993–94,1993–94 Southampton F.C. season,1365907298,,,,11 February 1994,,,Southampton F.C.,southampton,,no,https://www.saintsplayers.co.uk/player/jim-magilton/,SaintsPlayers.co.uk,
club-season 1993–94,1993–94 Southampton F.C. season,1365907298,,,,22 March 1994,,,Southampton F.C.,southampton,,no,https://www.saintsplayers.co.uk/player/neil-heaney/,SaintsPlayers.co.uk,
club-season 1993–94,1993–94 Southampton F.C. season,1365907298,,,,Southampton F.C.,southampton,,October 1993,,,no,https://www.saintsplayers.co.uk/player/kerry-dixon/,SaintsPlayers.co.uk,
club-season 1993–94,1993–94 Southampton F.C. season,1365907298,,,,Southampton F.C.,southampton,,4 November 1993,,,no,https://www.saintsplayers.co.uk/player/tim-flowers/,SaintsPlayers.co.uk,
club-season 1993–94,1993–94 Southampton F.C. season,1365907298,,,,Southampton F.C.,southampton,,10 December 1993,,,no,https://www.saintsplayers.co.uk/player/glenn-cockerill/,SaintsPlayers.co.uk,
club-season 1993–94,1993–94 Southampton F.C. season,1365907298,,,,Southampton F.C.,southampton,,2 February 1994,,,no,https://www.saintsplayers.co.uk/player/peter-reid/,SaintsPlayers.co.uk,
club-season 1993–94,1993–94 Southampton F.C. season,1365907298,,,,Southampton F.C.,southampton,,19 February 1994,,,no,https://www.saintsplayers.co.uk/player/paul-moody/,SaintsPlayers.co.uk,
club-season 1993–94,1993–94 Southampton F.C. season,1365907298,,,,Southampton F.C.,southampton,,25 February 1994,,,no,https://www.saintsplayers.co.uk/player/terry-hurlock/,SaintsPlayers.co.uk,
club-season 1993–94,1993–94 Southampton F.C. season,1365907298,,,,Southampton F.C.,southampton,,24 March 1994,,,no,https://www.saintsplayers.co.uk/player/micky-adams/,SaintsPlayers.co.uk,
club-season 1993–94,1993–94 Southampton F.C. season,1365907298,,,,Southampton F.C.,southampton,,24 March 1994,,,no,https://www.saintsplayers.co.uk/player/martin-thomas/,SaintsPlayers.co.uk,
club-season 1993–94,1993–94 Southampton F.C. season,1365907298,,,,Southampton F.C.,southampton,,March 1994,,,no,https://www.saintsplayers.co.uk/player/lee-powell/,SaintsPlayers.co.uk,
club-season 1993–94,1993–94 Swindon Town F.C. season,1368992160,1993-07-20,Luc Nijholt,Motherwell F.C.,Motherwell,,,Swindon Town F.C.,swindon_town,"£175,000",no,,,
club-season 1993–94,1993–94 Swindon Town F.C. season,1368992160,1993-07-29,Jan Åge Fjørtoft,SK Rapid Wien,Rapid Vienna,,,Swindon Town F.C.,swindon_town,"£500,000",no,,,
club-season 1993–94,1993–94 Swindon Town F.C. season,1368992160,1993-07-30,Adrian Whitbread,Leyton Orient,Leyton Orient,,,Swindon Town F.C.,swindon_town,"£500,000",no,,,
club-season 1993–94,1993–94 Swindon Town F.C. season,1368992160,1993-08-20,Andy Mutch,Wolverhampton Wanderers,Wolverhampton Wanderers,wolves,,Swindon Town F.C.,swindon_town,"£250,000",no,,,
club-season 1993–94,1993–94 Swindon Town F.C. season,1368992160,1993-09-06,Terry Fenwick,Tottenham Hotspur,Tottenham Hotspur,tottenham_hotspur,,Swindon Town F.C.,swindon_town,Free transfer,no,,,
club-season 1993–94,1993–94 Swindon Town F.C. season,1368992160,1993-09-17,Ty Gooden,Wycombe Wanderers,Wycombe Wanderers,,,Swindon Town F.C.,swindon_town,Free transfer,no,,,
club-season 1993–94,1993–94 Swindon Town F.C. season,1368992160,1993-11-18,Keith Scott,Wycombe Wanderers,Wycombe Wanderers,,,Swindon Town F.C.,swindon_town,"£300,000",no,,,
club-season 1993–94,1993–94 Swindon Town F.C. season,1368992160,1994-01-20,Brian Kilcline,Newcastle United,Newcastle United,newcastle_united,,Swindon Town F.C.,swindon_town,"£90,000",no,,,
club-season 1993–94,1993–94 Swindon Town F.C. season,1368992160,1994-03-17,Lawrie Sanchez,Wimbledon F.C.,Wimbledon,wimbledon_fc,,Swindon Town F.C.,swindon_town,Free transfer,no,,,
club-season 1993–94,1993–94 Swindon Town F.C. season,1368992160,1993-06-01,Paul Hunt,,Swindon Town F.C.,swindon_town,Gloucester City F.C.,Gloucester City,,Free transfer,no,,,
club-season 1993–94,1993–94 Swindon Town F.C. season,1368992160,1993-06-01,Brian Marwood,,Swindon Town F.C.,swindon_town,Barnet F.C.,Barnet,,Free transfer,no,,,
club-season 1993–94,1993–94 Swindon Town F.C. season,1368992160,1993-07-15,Glenn Hoddle,,Swindon Town F.C.,swindon_town,Chelsea F.C.,Chelsea,chelsea,Free transfer,no,,,
club-season 1993–94,1993–94 Swindon Town F.C. season,1368992160,1993-07-19,Colin Calderwood,,Swindon Town F.C.,swindon_town,Tottenham Hotspur,Tottenham Hotspur,tottenham_hotspur,"£1,250,000",no,,,
club-season 1993–94,1993–94 Swindon Town F.C. season,1368992160,1993-07-27,Dave Mitchell,,Swindon Town F.C.,swindon_town,Altay S.K.,Altay,,"£20,000",no,,,
club-season 1993–94,1993–94 Swindon Town F.C. season,1368992160,1993-11-03,Micky Hazard,,Swindon Town F.C.,swindon_town,Tottenham Hotspur,Tottenham Hotspur,tottenham_hotspur,"£50,000",no,,,
club-season 1993–94,1993–94 Swindon Town F.C. season,1368992160,1994-02-07,Craig Maskell,,Swindon Town F.C.,swindon_town,Southampton F.C.,Southampton,southampton,"£250,000",no,,,
club-season 1993–94,1993–94 Tottenham Hotspur F.C. season,1375559849,1993-07-22,Colin Calderwood,Swindon Town F.C.,Swindon Town,swindon_town,,Tottenham Hotspur F.C.,tottenham_hotspur,"£1,250,000",no,,,
club-season 1993–94,1993–94 Tottenham Hotspur F.C. season,1375559849,1993-08-01,Jason Dozzell,Ipswich Town F.C.,Ipswich Town,ipswich_town,,Tottenham Hotspur F.C.,tottenham_hotspur,"£1,900,000",no,,,
club-season 1993–94,1993–94 Tottenham Hotspur F.C. season,1375559849,1993-09-24,David Kerslake,Leeds United F.C.,Leeds United,leeds_united,,Tottenham Hotspur F.C.,tottenham_hotspur,"£450,000",no,,,
club-season 1993–94,1993–94 Tottenham Hotspur F.C. season,1375559849,1993-11,Micky Hazard,Swindon Town F.C.,Swindon Town,swindon_town,,Tottenham Hotspur F.C.,tottenham_hotspur,"£50,000",no,,,
club-season 1993–94,1993–94 Tottenham Hotspur F.C. season,1375559849,1994-01-26,Ronny Rosenthal,Liverpool F.C.,Liverpool,liverpool,,Tottenham Hotspur F.C.,tottenham_hotspur,"£250,000",no,,,
club-season 1993–94,1993–94 Tottenham Hotspur F.C. season,1375559849,1994-02-01,Kevin Scott,Newcastle United F.C.,Newcastle United,newcastle_united,,Tottenham Hotspur F.C.,tottenham_hotspur,"£850,000",no,,,
club-season 1993–94,1993–94 Tottenham Hotspur F.C. season,1375559849,1993-05-31,Nayim,,Tottenham Hotspur F.C.,tottenham_hotspur,Real Zaragoza,Real Zaragoza,,"£500,000",no,,,
club-season 1993–94,1993–94 Tottenham Hotspur F.C. season,1375559849,1993-07-22,Neil Ruddock,,Tottenham Hotspur F.C.,tottenham_hotspur,Liverpool F.C.,Liverpool,liverpool,"£2,500,000",no,,,
club-season 1993–94,1993–94 Tottenham Hotspur F.C. season,1375559849,1993-08-01,David Tuttle,,Tottenham Hotspur F.C.,tottenham_hotspur,Sheffield United F.C.,Sheffield United,sheffield_united,"£350,000",no,,,
club-season 1993–94,1993–94 Tottenham Hotspur F.C. season,1375559849,1993-08-10,Scott Houghton,,Tottenham Hotspur F.C.,tottenham_hotspur,Luton Town F.C.,Luton Town,luton_town,Free,no,,,
club-season 1993–94,1993–94 Tottenham Hotspur F.C. season,1375559849,1993-09-09,Pat Van Den Hauwe,,Tottenham Hotspur F.C.,tottenham_hotspur,Millwall F.C.,Millwall,,Free,no,,,
club-season 1993–94,1993–94 Tottenham Hotspur F.C. season,1375559849,1993-09-16,Paul Allen,,Tottenham Hotspur F.C.,tottenham_hotspur,Southampton F.C.,Southampton,southampton,"£550,000",no,,,
club-season 1993–94,1993–94 Tottenham Hotspur F.C. season,1375559849,1993-11-24,Gordon Durie,,Tottenham Hotspur F.C.,tottenham_hotspur,Rangers F.C.,Rangers,,"£1,200,000",no,,,
club-season 1994–95,1994–95 Aston Villa F.C. season,1367392128,1994-08-01,Phil King,Sheffield Wednesday,Sheffield Wednesday,sheffield_wednesday,,Aston Villa F.C.,aston_villa,"£200,000",no,,,
club-season 1994–95,1994–95 Aston Villa F.C. season,1367392128,1994-08-03,Nii Lamptey,PSV Eindhoven,PSV Eindhoven,,,Aston Villa F.C.,aston_villa,"£200,000",no,,,
club-season 1994–95,1994–95 Aston Villa F.C. season,1367392128,1994-08-04,John Fashanu,Wimbledon F.C.,Wimbledon,wimbledon_fc,,Aston Villa F.C.,aston_villa,"£1,350,000",no,,,
club-season 1994–95,1994–95 Aston Villa F.C. season,1367392128,1994-12-21,Ian Taylor,Sheffield Wednesday,Sheffield Wednesday,sheffield_wednesday,,Aston Villa F.C.,aston_villa,"£1,000,000",no,,,
club-season 1994–95,1994–95 Aston Villa F.C. season,1367392128,1995-01-06,Gary Charles,Derby County,Derby County,derby_county,,Aston Villa F.C.,aston_villa,"£1,450,000",no,,,
club-season 1994–95,1994–95 Aston Villa F.C. season,1367392128,1995-01-06,Tommy Johnson,Derby County,Derby County,derby_county,,Aston Villa F.C.,aston_villa,"£1,450,000",no,,,
club-season 1994–95,1994–95 Aston Villa F.C. season,1367392128,1995-02-10,Franz Carr,Leicester City,Leicester City,leicester_city,,Aston Villa F.C.,aston_villa,"£250,000",no,,,
club-season 1994–95,1994–95 Aston Villa F.C. season,1367392128,1995-03-10,Alan Wright,Blackburn Rovers,Blackburn Rovers,blackburn_rovers,,Aston Villa F.C.,aston_villa,"£1,000,000",no,,,
club-season 1994–95,1994–95 Aston Villa F.C. season,1367392128,1994-07-06,Tony Daley,,Aston Villa F.C.,aston_villa,Wolverhampton Wanderers,Wolverhampton Wanderers,wolves,"£1,250,000",no,,,
club-season 1994–95,1994–95 Aston Villa F.C. season,1367392128,1994-07-01,Stefan Beinlich,,Aston Villa F.C.,aston_villa,Hansa Rostock,Hansa Rostock,,"£190,000",no,,,
club-season 1994–95,1994–95 Aston Villa F.C. season,1367392128,1994-07-01,Matthias Breitkreutz,,Aston Villa F.C.,aston_villa,Hansa Rostock,Hansa Rostock,,"£190,000",no,,,
club-season 1994–95,1994–95 Aston Villa F.C. season,1367392128,1994-07-11,Steve Froggatt,,Aston Villa F.C.,aston_villa,Wolverhampton Wanderers,Wolverhampton Wanderers,wolves,"£1,000,000",no,,,
club-season 1994–95,1994–95 Aston Villa F.C. season,1367392128,1994-07-14,Dariusz Kubicki,,Aston Villa F.C.,aston_villa,Sunderland A.F.C.,Sunderland,sunderland,"£100,000",no,,,
club-season 1994–95,1994–95 Aston Villa F.C. season,1367392128,1994-07-19,Neil Cox,,Aston Villa F.C.,aston_villa,Middlesbrough F.C.,Middlesbrough,middlesbrough,"£1,000,000",no,,,
club-season 1994–95,1994–95 Aston Villa F.C. season,1367392128,1994-12-21,Guy Whittingham,,Aston Villa F.C.,aston_villa,Sheffield Wednesday,Sheffield Wednesday,sheffield_wednesday,"£700,000",no,,,
club-season 1994–95,1994–95 Aston Villa F.C. season,1367392128,1995-01-30,Earl Barrett,,Aston Villa F.C.,aston_villa,Everton F.C.,Everton,everton,"£1,700,000",no,,,
club-season 1994–95,1994–95 Aston Villa F.C. season,1367392128,1995-02-10,Garry Parker,,Aston Villa F.C.,aston_villa,Leicester City,Leicester City,leicester_city,"£300,000",no,,,
club-season 1994–95,1994–95 Aston Villa F.C. season,1367392128,1995-02-16,Kevin Richardson,,Aston Villa F.C.,aston_villa,Coventry City,Coventry City,coventry_city,"£300,000",no,,,
club-season 1994–95,1994–95 Aston Villa F.C. season,1367392128,1995-03-23,Ray Houghton,,Aston Villa F.C.,aston_villa,Crystal Palace F.C.,Crystal Palace,crystal_palace,"£300,000",no,,,
club-season 1994–95,1994–95 Aston Villa F.C. season,1367392128,1995-03-24,Chris Boden,,Aston Villa F.C.,aston_villa,Derby County,Derby County,derby_county,"£150,000",no,,,
club-season 1994–95,1994–95 Chelsea F.C. season,1365907313,1994-05-26,Paul Furlong,Watford F.C.,Watford,watford,,Chelsea F.C.,chelsea,"£2,300,000",no,,,
club-season 1994–95,1994–95 Chelsea F.C. season,1365907313,1994-05-28,Scott Minto,Charlton Athletic F.C.,Charlton Athletic,charlton_athletic,,Chelsea F.C.,chelsea,"£775,000",no,,,
club-season 1994–95,1994–95 Chelsea F.C. season,1365907313,1994-08-12,David Rocastle,Manchester City F.C.,Manchester City,manchester_city,,Chelsea F.C.,chelsea,"£1,250,000",no,,,
club-season 1994–95,1994–95 Chelsea F.C. season,1365907313,1995-01-06,Neil Shipperley,,Chelsea F.C.,chelsea,Southampton F.C.,Southampton,southampton,"£1,250,000",no,,,
club-season 1994–95,1994–95 Coventry City F.C. season,1356470605,1994-08-18,Paul Cook,Wolverhampton Wanderers F.C.,Wolverhampton Wanderers,wolves,,Coventry City F.C.,coventry_city,Transfer,no,,,
club-season 1994–95,1994–95 Coventry City F.C. season,1356470605,1994-08-28,Gary Gillespie,Celtic F.C.,Celtic,,,Coventry City F.C.,coventry_city,Free transfer,no,,,
club-season 1994–95,1994–95 Coventry City F.C. season,1356470605,1994-09-09,Dion Dublin,Manchester United F.C.,Manchester United,manchester_united,,Coventry City F.C.,coventry_city,"£2,000,000",no,,,
club-season 1994–95,1994–95 Coventry City F.C. season,1356470605,1994-10-19,Steven Pressley,Rangers F.C.,Rangers,,,Coventry City F.C.,coventry_city,"£600,000",no,,,
club-season 1994–95,1994–95 Coventry City F.C. season,1356470605,1994-12-30,Mike Marsh,West Ham United F.C.,West Ham United,west_ham,,Coventry City F.C.,coventry_city,"£450,000",no,,,
club-season 1994–95,1994–95 Coventry City F.C. season,1356470605,1995-02-16,Kevin Richardson,Aston Villa F.C.,Aston Villa,aston_villa,,Coventry City F.C.,coventry_city,"£300,000",no,,,
club-season 1994–95,1994–95 Coventry City F.C. season,1356470605,1995-03-02,David Burrows,Everton F.C.,Everton,everton,,Coventry City F.C.,coventry_city,"£1,100,000",no,,,
club-season 1994–95,1994–95 Coventry City F.C. season,1356470605,1995-03-02,John Filan,Cambridge United F.C.,Cambridge United,,,Coventry City F.C.,coventry_city,"£300,000",no,,,
club-season 1994–95,1994–95 Coventry City F.C. season,1356470605,1995-03-22,Gordon Strachan,Leeds United A.F.C.,Leeds United,leeds_united,,Coventry City F.C.,coventry_city,Free transfer,no,,,
club-season 1994–95,1994–95 Coventry City F.C. season,1356470605,1994-06-01,Peter Atherton,,Coventry City F.C.,coventry_city,Sheffield Wednesday F.C.,Sheffield Wednesday,sheffield_wednesday,"£800,000",no,,,
club-season 1994–95,1994–95 Coventry City F.C. season,1356470605,1994-07-01,Lee Hirst,,Coventry City F.C.,coventry_city,Alfreton Town F.C.,Alfreton Town,,Free transfer,no,,,
club-season 1994–95,1994–95 Coventry City F.C. season,1356470605,1994-08-17,John Gayle,,Coventry City F.C.,coventry_city,Burnley F.C.,Burnley,burnley,"£70,000",no,,,
club-season 1994–95,1994–95 Coventry City F.C. season,1356470605,1994-08-18,Mick Harford,,Coventry City F.C.,coventry_city,Wimbledon F.C.,Wimbledon,wimbledon_fc,"£50,000",no,,,
club-season 1994–95,1994–95 Coventry City F.C. season,1356470605,1994-09-01,Phil Babb,,Coventry City F.C.,coventry_city,Liverpool F.C.,Liverpool,liverpool,"£3,600,000",no,,,
club-season 1994–95,1994–95 Coventry City F.C. season,1356470605,1994-10-13,Lloyd McGrath,,Coventry City F.C.,coventry_city,Portsmouth F.C.,Portsmouth,portsmouth,Free transfer,no,,,
club-season 1994–95,1994–95 Crystal Palace F.C. season,1356470688,1994-05-26,Ray Wilkins,Queens Park Rangers F.C.,QPR,qpr,,Crystal Palace F.C.,crystal_palace,Free transfer,no,,,
club-season 1994–95,1994–95 Crystal Palace F.C. season,1356470688,1994-06-23,Andy Preece,Stockport County F.C.,Stockport County,,,Crystal Palace F.C.,crystal_palace,"£350,000",no,,,
club-season 1994–95,1994–95 Crystal Palace F.C. season,1356470688,1994-07-05,Darren Pitcher,Charlton Athletic F.C.,Charlton Athletic,charlton_athletic,,Crystal Palace F.C.,crystal_palace,"£700,000",no,,,
club-season 1994–95,1994–95 Crystal Palace F.C. season,1356470688,1994-08-09,Rhys Wilmot,Grimsby Town F.C.,Grimsby Town,,,Crystal Palace F.C.,crystal_palace,"£80,000",no,,,
club-season 1994–95,1994–95 Crystal Palace F.C. season,1356470688,1995-01-13,Iain Dowie,Southampton F.C.,Southampton,southampton,,Crystal Palace F.C.,crystal_palace,"£400,000",no,,,
club-season 1994–95,1994–95 Crystal Palace F.C. season,1356470688,1995-02-10,Björn Enqvist,Malmö FF,Malmö FF,,,Crystal Palace F.C.,crystal_palace,Signed,no,,,
club-season 1994–95,1994–95 Crystal Palace F.C. season,1356470688,1995-03-23,Ray Houghton,Aston Villa F.C.,Aston Villa,aston_villa,,Crystal Palace F.C.,crystal_palace,"£300,000",no,,,
club-season 1994–95,1994–95 Crystal Palace F.C. season,1356470688,1994-07-04,Andy Woodman,,Crystal Palace F.C.,crystal_palace,Exeter City F.C.,Exeter City,,Free transfer,no,,,
club-season 1994–95,1994–95 Crystal Palace F.C. season,1356470688,1994-07-05,Stuart Massey,,Crystal Palace F.C.,crystal_palace,Oxford United F.C.,Oxford United,,Free transfer,no,,,
club-season 1994–95,1994–95 Crystal Palace F.C. season,1356470688,1994-07-05,David Whyte,,Crystal Palace F.C.,crystal_palace,Charlton Athletic F.C.,Charlton Athletic,charlton_athletic,"£450,000",no,,,
club-season 1994–95,1994–95 Crystal Palace F.C. season,1356470688,1994-07-05,Paul Mortimer,,Crystal Palace F.C.,crystal_palace,Charlton Athletic F.C.,Charlton Athletic,charlton_athletic,"£200,000",no,,,
club-season 1994–95,1994–95 Crystal Palace F.C. season,1356470688,1994-08-16,Mark Hawthorne,,Crystal Palace F.C.,crystal_palace,Sheffield United F.C.,Sheffield United,sheffield_united,Free transfer,no,,,
club-season 1994–95,1994–95 Crystal Palace F.C. season,1356470688,1994-08-17,Simon Osborn,,Crystal Palace F.C.,crystal_palace,Reading F.C.,Reading,reading,"£90,000",no,,,
club-season 1994–95,1994–95 Crystal Palace F.C. season,1356470688,1994-10-05,Andy Thorn,,Crystal Palace F.C.,crystal_palace,Wimbledon F.C.,Wimbledon,wimbledon_fc,Free transfer,no,,,
club-season 1994–95,1994–95 Crystal Palace F.C. season,1356470688,1994-11-17,Ray Wilkins,,Crystal Palace F.C.,crystal_palace,Queens Park Rangers F.C.,QPR,qpr,Free transfer,no,,,
club-season 1994–95,1994–95 Everton F.C. season,1357096621,1994-08-02,Vinny Samways,Tottenham Hotspur F.C.,Tottenham Hotspur,tottenham_hotspur,,Everton F.C.,everton,"£2,200,000",no,,,
club-season 1994–95,1994–95 Everton F.C. season,1357096621,1994-08-27,Daniel Amokachi,Club Brugge KV,Club Brugge,,,Everton F.C.,everton,"£3,000,000",no,,,
club-season 1994–95,1994–95 Everton F.C. season,1357096621,1994-09-06,David Burrows,West Ham United F.C.,West Ham United,west_ham,,Everton F.C.,everton,Transfer,no,,,
club-season 1994–95,1994–95 Everton F.C. season,1357096621,1994-12-11,Duncan Ferguson,Rangers F.C.,Rangers,,,Everton F.C.,everton,"£4,000,000",no,,,
club-season 1994–95,1994–95 Everton F.C. season,1357096621,1995-01-30,Earl Barrett,Aston Villa F.C.,Aston Villa,aston_villa,,Everton F.C.,everton,"£1,700,000",no,,,
club-season 1994–95,1994–95 Everton F.C. season,1357096621,1994-07-22,Paul Tait,,Everton F.C.,everton,Wigan Athletic F.C.,Wigan Athletic,wigan_athletic,Free transfer,no,,,
club-season 1994–95,1994–95 Everton F.C. season,1357096621,1994-09-02,John Doolan,,Everton F.C.,everton,Mansfield Town F.C.,Mansfield Town,,Free transfer,no,,,
club-season 1994–95,1994–95 Everton F.C. season,1357096621,1994-09-07,Tony Cottee,,Everton F.C.,everton,West Ham United F.C.,West Ham United,west_ham,Transfer,no,,,
club-season 1994–95,1994–95 Everton F.C. season,1357096621,1995-01-09,Ian Snodin,,Everton F.C.,everton,Oldham Athletic A.F.C.,Oldham Athletic,oldham_athletic,Free transfer,no,,,
club-season 1994–95,1994–95 Everton F.C. season,1357096621,1995-03-02,David Burrows,,Everton F.C.,everton,Coventry City F.C.,Coventry City,coventry_city,"£1,100,000",no,,,
club-season 1994–95,1994–95 Everton F.C. season,1357096621,1995-03-23,Brett Angell,,Everton F.C.,everton,Sunderland A.F.C.,Sunderland,sunderland,"£600,000",no,,,
club-season 1994–95,1994–95 Ipswich Town F.C. season,1338376923,1994-06-15,Claus Thomsen,Aarhus Gymnastikforening,AGF Aarhus,,,Ipswich Town F.C.,ipswich_town,"£250,000",no,https://www.soccerbase.com/players/player.sd?player_id=7916,Soccerbase,
club-season 1994–95,1994–95 Ipswich Town F.C. season,1338376923,1994-06-15,Steve Sedgley,Tottenham Hotspur F.C.,Tottenham Hotspur,tottenham_hotspur,,Ipswich Town F.C.,ipswich_town,"£1,000,000",no,https://www.soccerbase.com/players/player.sd?player_id=7150,Soccerbase,
club-season 1994–95,1994–95 Ipswich Town F.C. season,1338376923,1994-09-01,Adrián Paz,Estudiantes de La Plata,Estudiantes de La Plata,,,Ipswich Town F.C.,ipswich_town,Undisclosed,no,http://www.tmwmtt.com/sql/players/profile.phtml?fullname=Adrian%20Paz,Pride of Anglia,
club-season 1994–95,1994–95 Ipswich Town F.C. season,1338376923,1994-09-09,Mauricio Taricco,Argentinos Juniors,Argentinos Juniors,,,Ipswich Town F.C.,ipswich_town,"£175,000",no,http://www.wsc.co.uk/the-archive/31-Players/5381-ceased-anglian,www.wsc.co.uk,
club-season 1994–95,1994–95 Ipswich Town F.C. season,1338376923,1995-01-19,Lee Chapman,West Ham United F.C.,West Ham United,west_ham,,Ipswich Town F.C.,ipswich_town,"£70,000",no,https://www.soccerbase.com/players/player.sd?player_id=1412,Soccerbase,
club-season 1994–95,1994–95 Ipswich Town F.C. season,1338376923,1995-02-24,Alex Mathie,Newcastle United F.C.,Newcastle United,newcastle_united,,Ipswich Town F.C.,ipswich_town,"£500,000",no,https://www.soccerbase.com/players/player.sd?player_id=4901,Soccerbase,
club-season 1994–95,1994–95 Ipswich Town F.C. season,1338376923,1995-03-23,Chris Swailes,Doncaster Rovers F.C.,Doncaster Rovers,,,Ipswich Town F.C.,ipswich_town,"£225,000",no,https://www.telegraph.co.uk/sport/main.jhtml?xml=/sport/football/john_ley/sftips.xml,,July 2021
club-season 1994–95,1994–95 Ipswich Town F.C. season,1338376923,1994-07-01,Paul Goddard,,Ipswich Town F.C.,ipswich_town,Retirement,Retired,,,no,http://prideofanglia.com/tmwmtt/details.php?&player=Paul%20Goddard,Pride of Anglia,
club-season 1994–95,1994–95 Ipswich Town F.C. season,1338376923,1994-07-01,Gary Thompson,,Ipswich Town F.C.,ipswich_town,Free agent,Free agent,,Released,no,http://prideofanglia.com/tmwmtt/details.php?&player=Gary%20Thompson,Pride of Anglia,
club-season 1994–95,1994–95 Ipswich Town F.C. season,1338376923,1994-07-01,Lee Honeywood,,Ipswich Town F.C.,ipswich_town,Free agent,Free agent,,Released,no,http://prideofanglia.com/tmwmtt/details.php?&player=Lee%20Honeywood,Pride of Anglia,
club-season 1994–95,1994–95 Ipswich Town F.C. season,1338376923,1995-01-13,Chris Kiwomya,,Ipswich Town F.C.,ipswich_town,Arsenal F.C.,Arsenal,arsenal,"£1,200,000",no,https://www.soccerbase.com/players/player.sd?player_id=4243,Soccerbase,
club-season 1994–95,1994–95 Ipswich Town F.C. season,1338376923,1995-03-03,Phil Whelan,,Ipswich Town F.C.,ipswich_town,Middlesbrough F.C.,Middlesbrough,middlesbrough,"£300,000",no,https://www.soccerbase.com/players/player.sd?player_id=8436,Soccerbase,
club-season 1994–95,1994–95 Ipswich Town F.C. season,1338376923,1995-03-17,Eddie Youds,,Ipswich Town F.C.,ipswich_town,Bradford City A.F.C.,Bradford City,bradford_city,"£250,000",no,https://www.soccerbase.com/players/player.sd?player_id=8761,Soccerbase,
club-season 1994–95,1994–95 Leicester City F.C. season,1356470837,1994-07-07,Nicky Mohan,Middlesbrough F.C.,Middlesbrough,middlesbrough,,Leicester City F.C.,leicester_city,"£330,000",no,,,
club-season 1994–95,1994–95 Leicester City F.C. season,1356470837,1994-07-22,Mark Draper,Notts County F.C.,Notts County,,,Leicester City F.C.,leicester_city,"£1,250,000",no,,,
club-season 1994–95,1994–95 Leicester City F.C. season,1356470837,1994-08-12,Lee Ellison,Darlington F.C.,Darlington,,,Leicester City F.C.,leicester_city,Free transfer,no,,,
club-season 1994–95,1994–95 Leicester City F.C. season,1356470837,1994-10-11,Franz Carr,Sheffield United F.C.,Sheffield United,sheffield_united,,Leicester City F.C.,leicester_city,"£100,000",no,,,
club-season 1994–95,1994–95 Leicester City F.C. season,1356470837,1995-01-06,Jamie Lawrence,Doncaster Rovers F.C.,Doncaster Rovers,,,Leicester City F.C.,leicester_city,"£125,000",no,,,
club-season 1994–95,1994–95 Leicester City F.C. season,1356470837,1995-01-16,Mark Robins,Norwich City F.C.,Norwich City,norwich_city,,Leicester City F.C.,leicester_city,"£1,000,000",no,,,
club-season 1994–95,1994–95 Leicester City F.C. season,1356470837,1995-02-10,Garry Parker,Aston Villa F.C.,Aston Villa,aston_villa,,Leicester City F.C.,leicester_city,"£300,000",no,,,
club-season 1994–95,1994–95 Leicester City F.C. season,1356470837,1994-07-25,Neal Timson,,Leicester City F.C.,leicester_city,Hereford United F.C.,Hereford United,,Free transfer,no,,,
club-season 1994–95,1994–95 Leicester City F.C. season,1356470837,1994-08-12,Colin Gibson,,Leicester City F.C.,leicester_city,Blackpool F.C.,Blackpool,blackpool,Free transfer,no,,,
club-season 1994–95,1994–95 Leicester City F.C. season,1356470837,1994-09-26,Gary Mills,,Leicester City F.C.,leicester_city,Notts County F.C.,Notts County,,"£50,000",no,,,
club-season 1994–95,1994–95 Leicester City F.C. season,1356470837,1995-01-11,Steve Agnew,,Leicester City F.C.,leicester_city,Sunderland A.F.C.,Sunderland,sunderland,"£250,000",no,,,
club-season 1994–95,1994–95 Leicester City F.C. season,1356470837,1995-02-10,Franz Carr,,Leicester City F.C.,leicester_city,Aston Villa F.C.,Aston Villa,aston_villa,"£250,000",no,,,
club-season 1994–95,1994–95 Leicester City F.C. season,1356470837,1995-02-24,Steve Thompson,,Leicester City F.C.,leicester_city,Burnley F.C.,Burnley,burnley,"£200,000",no,,,
club-season 1994–95,1994–95 Liverpool F.C. season,1365907233,1994-06-01,Michael Stensgaard,Hvidovre IF,Hvidovre IF,,,Liverpool F.C.,liverpool,"£400,000",no,,,
club-season 1994–95,1994–95 Liverpool F.C. season,1365907233,1994-09-01,Phil Babb,Coventry City F.C.,Coventry City,coventry_city,,Liverpool F.C.,liverpool,"£3,600,000",no,,,
club-season 1994–95,1994–95 Liverpool F.C. season,1365907233,1994-09-02,John Scales,Wimbledon F.C.,Wimbledon,wimbledon_fc,,Liverpool F.C.,liverpool,"£3,500,000",no,,,
club-season 1994–95,1994–95 Liverpool F.C. season,1365907233,1995-03-21,Mark Kennedy,Millwall F.C.,Millwall,,,Liverpool F.C.,liverpool,"£1,500,000",no,,,
club-season 1994–95,1994–95 Liverpool F.C. season,1365907233,1994-05-20,Julian Dicks,,Liverpool F.C.,liverpool,West Ham United F.C.,West Ham United,west_ham,"£300,000",no,,,
club-season 1994–95,1994–95 Liverpool F.C. season,1365907233,1994-06-01,Torben Piechnik,,Liverpool F.C.,liverpool,Aarhus Gymnastikforening,AGF,,Free,no,,,
club-season 1994–95,1994–95 Liverpool F.C. season,1365907233,1994-08-11,Zimbabwe,,Liverpool F.C.,liverpool,Southampton F.C.,Southampton,southampton,Free,no,,,
club-season 1994–95,1994–95 Liverpool F.C. season,1365907233,1994-08-30,Don Hutchison,,Liverpool F.C.,liverpool,West Ham United F.C.,West Ham United,west_ham,"£1,500,000",no,,,
club-season 1994–95,1994–95 Liverpool F.C. season,1365907233,1994-09-09,Ronnie Whelan,,Liverpool F.C.,liverpool,Southend United F.C.,Southend United,,Free,no,,,
club-season 1994–95,1994–95 Liverpool F.C. season,1365907233,1995-01-20,Steve Nicol,,Liverpool F.C.,liverpool,Notts County F.C.,Notts County,,Free,no,,,
club-season 1994–95,1994–95 Manchester City F.C. season,1357436524,1994-06-24,Nicky Summerbee,Swindon Town F.C.,Swindon Town,swindon_town,,Manchester City F.C.,manchester_city,"£1,500,000",no,,,
club-season 1994–95,1994–95 Manchester City F.C. season,1357436524,1994-08-01,Ray Kelly,Athlone Town A.F.C.,Athlone Town,,,Manchester City F.C.,manchester_city,"£30,000",no,,,
club-season 1994–95,1994–95 Manchester City F.C. season,1357436524,1994-12-15,John Burridge,Falkirk F.C.,Falkirk,,,Manchester City F.C.,manchester_city,Free transfer,no,,,
club-season 1994–95,1994–95 Manchester City F.C. season,1357436524,1994-08-12,David Rocastle,,Manchester City F.C.,manchester_city,Chelsea F.C.,Chelsea,chelsea,"£1,250,000",no,,,
club-season 1994–95,1994–95 Manchester City F.C. season,1357436524,1994-08-26,Mike Sheron,,Manchester City F.C.,manchester_city,Norwich City F.C.,Norwich City,norwich_city,"£1,000,000",no,,,
club-season 1994–95,1994–95 Manchester City F.C. season,1357436524,1994-12-01,Steve McMahon,,Manchester City F.C.,manchester_city,Swindon Town F.C.,Swindon Town,swindon_town,Free transfer,no,,,
club-season 1994–95,1994–95 Manchester United F.C. season,1367397711,1994-07-01,David May,Blackburn Rovers F.C.,Blackburn Rovers,blackburn_rovers,,Manchester United F.C.,manchester_united,£1.4m,no,,,
club-season 1994–95,1994–95 Manchester United F.C. season,1367397711,1994-07-12,Graeme Tomlinson,Bradford City A.F.C.,Bradford City,bradford_city,,Manchester United F.C.,manchester_united,£100k,no,,,
club-season 1994–95,1994–95 Manchester United F.C. season,1367397711,1995-01-10,Andy Cole,Newcastle United F.C.,Newcastle United,newcastle_united,,Manchester United F.C.,manchester_united,£6m + Keith Gillespie,no,,,
club-season 1994–95,1994–95 Manchester United F.C. season,1367397711,1994-07-11,Mike Phelan,,Manchester United F.C.,manchester_united,West Bromwich Albion F.C.,West Bromwich Albion,west_brom,Free,no,,,
club-season 1994–95,1994–95 Manchester United F.C. season,1367397711,1994-07-18,Les Sealey,,Manchester United F.C.,manchester_united,Blackpool F.C.,Blackpool,blackpool,Free,no,,,
club-season 1994–95,1994–95 Manchester United F.C. season,1367397711,1994-07-22,Robbie Savage,,Manchester United F.C.,manchester_united,Crewe Alexandra F.C.,Crewe Alexandra,,Free,no,,,
club-season 1994–95,1994–95 Manchester United F.C. season,1367397711,1994-09-05,Colin McKee,,Manchester United F.C.,manchester_united,Kilmarnock F.C.,Kilmarnock,,£350k,no,,,
club-season 1994–95,1994–95 Manchester United F.C. season,1367397711,1994-09-09,Dion Dublin,,Manchester United F.C.,manchester_united,Coventry City F.C.,Coventry City,coventry_city,£2m,no,,,
club-season 1994–95,1994–95 Manchester United F.C. season,1367397711,1995-01-01,Giuliano Maiorana,,Manchester United F.C.,manchester_united,Ljungskile SK,Ljungskile SK,,Free,no,,,
club-season 1994–95,1994–95 Manchester United F.C. season,1367397711,1995-01-10,Keith Gillespie,,Manchester United F.C.,manchester_united,Newcastle United F.C.,Newcastle United,newcastle_united,£1m + Andy Cole,no,,,
club-season 1994–95,1994–95 Manchester United F.C. season,1367397711,1995-06-15,Paul Ince,,Manchester United F.C.,manchester_united,Inter Milan,Inter Milan,,£7.5m,no,,,
club-season 1994–95,1994–95 Manchester United F.C. season,1367397711,1995-06-23,Mark Hughes,,Manchester United F.C.,manchester_united,Chelsea F.C.,Chelsea,chelsea,£1m,no,,,
club-season 1994–95,1994–95 Newcastle United F.C. season,1367398519,1994-08-01,Marc Hottiger,FC Sion,FC Sion,,,Newcastle United F.C.,newcastle_united,"£600,000",no,,,
club-season 1994–95,1994–95 Newcastle United F.C. season,1367398519,1994-08-02,Steve Guppy,Wycombe Wanderers F.C.,Wycombe Wanderers,,,Newcastle United F.C.,newcastle_united,"£150,000",no,,,
club-season 1994–95,1994–95 Newcastle United F.C. season,1367398519,1994-08-03,Jason Drysdale,Watford F.C.,Watford,watford,,Newcastle United F.C.,newcastle_united,"£425,000",no,,,
club-season 1994–95,1994–95 Newcastle United F.C. season,1367398519,1994-08-10,Philippe Albert,R.S.C. Anderlecht,Anderlecht,,,Newcastle United F.C.,newcastle_united,"£2,700,000",no,,,
club-season 1994–95,1994–95 Newcastle United F.C. season,1367398519,1994-09-26,Paul Kitson,Derby County F.C.,Derby County,derby_county,,Newcastle United F.C.,newcastle_united,"£2,300,000",no,,,
club-season 1994–95,1994–95 Newcastle United F.C. season,1367398519,1995-01-10,Keith Gillespie,Manchester United F.C.,Manchester United,manchester_united,,Newcastle United F.C.,newcastle_united,"£750,000",no,,,
club-season 1994–95,1994–95 Newcastle United F.C. season,1367398519,1995-03-01,Jimmy Crawford,Bohemian F.C.,Bohemians,,,Newcastle United F.C.,newcastle_united,"£75,000",no,,,
club-season 1994–95,1994–95 Newcastle United F.C. season,1367398519,,John Burridge,Aberdeen F.C.,Aberdeen,,,Newcastle United F.C.,newcastle_united,Free,no,,,
club-season 1994–95,1994–95 Newcastle United F.C. season,1367398519,1994-06-16,Matty Appleby,,Newcastle United F.C.,newcastle_united,Darlington F.C.,Darlington,,Free,no,,,
club-season 1994–95,1994–95 Newcastle United F.C. season,1367398519,1994-06-19,Alun Armstrong,,Newcastle United F.C.,newcastle_united,Stockport County F.C.,Stockport County,,"£35,000",no,,,
club-season 1994–95,1994–95 Newcastle United F.C. season,1367398519,1994-07-22,Mark Robinson,,Newcastle United F.C.,newcastle_united,Swindon Town F.C.,Swindon Town,swindon_town,"£600,000",no,,,
club-season 1994–95,1994–95 Newcastle United F.C. season,1367398519,1994-11-25,Steve Guppy,,Newcastle United F.C.,newcastle_united,Port Vale F.C.,Port Vale,,"£225,000",no,,,
club-season 1994–95,1994–95 Newcastle United F.C. season,1367398519,1994-12,Nikki Papavasiliou,,Newcastle United F.C.,newcastle_united,OFI Crete F.C.,OFI,,"£25,000",no,,,
club-season 1994–95,1994–95 Newcastle United F.C. season,1367398519,1995-01-12,Andy Cole,,Newcastle United F.C.,newcastle_united,Manchester United F.C.,Manchester United,manchester_united,"£6,250,000",no,,,
club-season 1994–95,1994–95 Newcastle United F.C. season,1367398519,1995-02-24,Alex Mathie,,Newcastle United F.C.,newcastle_united,Ipswich Town F.C.,Ipswich Town,ipswich_town,"£500,000",no,,,
club-season 1994–95,1994–95 Newcastle United F.C. season,1367398519,1995-03-23,Jason Drysdale,,Newcastle United F.C.,newcastle_united,Swindon Town F.C.,Swindon Town,swindon_town,"£340,000",no,,,
club-season 1994–95,1994–95 Newcastle United F.C. season,1367398519,1995-05-23,Paul Bracewell,,Newcastle United F.C.,newcastle_united,Sunderland A.F.C.,Sunderland,sunderland,"£50,000",no,,,
club-season 1994–95,1994–95 Newcastle United F.C. season,1367398519,,John Burridge,,Newcastle United F.C.,newcastle_united,Dunfermline Athletic F.C.,Dunfermline Athletic,,Free,no,,,
club-season 1994–95,1994–95 Norwich City F.C. season,1358701199,1994-06-30,Jon Newsome,Leeds United A.F.C.,Leeds United,leeds_united,,Norwich City F.C.,norwich_city,"£1,000,000",no,,,
club-season 1994–95,1994–95 Norwich City F.C. season,1358701199,1994-07-28,Carl Bradshaw,Sheffield United F.C.,Sheffield United,sheffield_united,,Norwich City F.C.,norwich_city,"£500,000",no,,,
club-season 1994–95,1994–95 Norwich City F.C. season,1358701199,1994-08-26,Mike Sheron,Manchester City F.C.,Manchester City,manchester_city,,Norwich City F.C.,norwich_city,"£1,000,000",no,,,
club-season 1994–95,1994–95 Norwich City F.C. season,1358701199,1994-12-08,Ashley Ward,Crewe Alexandra F.C.,Crewe Alexandra,,,Norwich City F.C.,norwich_city,"£500,000",no,,,
club-season 1994–95,1994–95 Norwich City F.C. season,1358701199,1994-07-05,David Smith,,Norwich City F.C.,norwich_city,Oxford United F.C.,Oxford United,,"£100,000",no,,,
club-season 1994–95,1994–95 Norwich City F.C. season,1358701199,1994-07-13,Chris Sutton,,Norwich City F.C.,norwich_city,Blackburn Rovers F.C.,Blackburn Rovers,blackburn_rovers,"£5,000,000",no,,,
club-season 1994–95,1994–95 Norwich City F.C. season,1358701199,1994-07-19,Colin Woodthorpe,,Norwich City F.C.,norwich_city,Aberdeen F.C.,Aberdeen,,"£400,000",no,,,
club-season 1994–95,1994–95 Norwich City F.C. season,1358701199,1994-10-13,Scott Howie,,Norwich City F.C.,norwich_city,Motherwell F.C.,Motherwell,,"£300,000",no,,,
club-season 1994–95,1994–95 Norwich City F.C. season,1358701199,1994-10-14,Efan Ekoku,,Norwich City F.C.,norwich_city,Wimbledon F.C.,Wimbledon,wimbledon_fc,"£900,000",no,,,
club-season 1994–95,1994–95 Norwich City F.C. season,1358701199,1994-12-09,Ian Culverhouse,,Norwich City F.C.,norwich_city,Swindon Town F.C.,Swindon Town,swindon_town,"£250,000",no,,,
club-season 1994–95,1994–95 Norwich City F.C. season,1358701199,1995-01-16,Mark Robins,,Norwich City F.C.,norwich_city,Leicester City F.C.,Leicester City,leicester_city,"£1,000,000",no,,,
club-season 1994–95,1994–95 Nottingham Forest F.C. season,1369133212,1994-08-01,John Burns,Belvedere F.C.,Belvedere,,,Nottingham Forest F.C.,nottingham_forest,Signed,no,,,
club-season 1994–95,1994–95 Nottingham Forest F.C. season,1369133212,1994-08-01,Malcolm Rigby,Notts County F.C.,Notts County,,,Nottingham Forest F.C.,nottingham_forest,"£50,000",no,,,
club-season 1994–95,1994–95 Nottingham Forest F.C. season,1369133212,1994-08-04,Bryan Roy,Foggia Calcio,Foggia,,,Nottingham Forest F.C.,nottingham_forest,"£2,500,000",no,,,
club-season 1994–95,1994–95 Nottingham Forest F.C. season,1369133212,1994-07-13,Mark Statham,,Nottingham Forest F.C.,nottingham_forest,Wigan Athletic F.C.,Wigan Athletic,wigan_athletic,Free transfer,no,,,
club-season 1994–95,1994–95 Nottingham Forest F.C. season,1369133212,1994-07-13,Ian Kilford,,Nottingham Forest F.C.,nottingham_forest,Wigan Athletic F.C.,Wigan Athletic,wigan_athletic,Free transfer,no,,,
club-season 1994–95,1994–95 Nottingham Forest F.C. season,1369133212,1994-08-02,Lee Glover,,Nottingham Forest F.C.,nottingham_forest,Port Vale F.C.,Port Vale,,"£200,000",no,,,
club-season 1994–95,1994–95 Nottingham Forest F.C. season,1369133212,1994-09-27,Gary Crosby,,Nottingham Forest F.C.,nottingham_forest,Huddersfield Town A.F.C.,Huddersfield Town,huddersfield_town,Free transfer,no,,,
club-season 1994–95,1994–95 Nottingham Forest F.C. season,1369133212,1994-12-01,Brian Laws,,Nottingham Forest F.C.,nottingham_forest,Grimsby Town F.C.,Grimsby Town,,Free transfer,no,,,
club-season 1994–95,1994–95 Nottingham Forest F.C. season,1369133212,1995-03-20,Lee Marshall,,Nottingham Forest F.C.,nottingham_forest,Stockport County F.C.,Stockport County,,Free transfer,no,,,
club-season 1994–95,1994–95 Queens Park Rangers F.C. season,1369042896,1992-05-15,Dougie Freedman,Dougie Freedman,Dougie Freedman,,,Queens Park Rangers F.C.,qpr,,no,,,
club-season 1994–95,1994–95 Queens Park Rangers F.C. season,1369042896,1990-07-23,Jan Stejskal,AC Sparta Prague,Sparta Prague,,,Queens Park Rangers F.C.,qpr,"£625,000",no,,,
club-season 1994–95,1994–95 Queens Park Rangers F.C. season,1369042896,,Tony Witter,Crystal Palace F.C.,Crystal Palace,crystal_palace,,Queens Park Rangers F.C.,qpr,"£125,000",no,,,
club-season 1994–95,1994–95 Queens Park Rangers F.C. season,1369042896,,Devon White,,Cambridge United,,,Queens Park Rangers F.C.,qpr,"£100,000",no,,,
club-season 1994–95,1994–95 Queens Park Rangers F.C. season,1369042896,1992-08,Marvin Bryan,,Queens Park Rangers Juniors,,,Queens Park Rangers F.C.,qpr,,no,,,
club-season 1994–95,1994–95 Queens Park Rangers F.C. season,1369042896,1987-08,Brian Law,,Queens Park Rangers Juniors,,,Queens Park Rangers F.C.,qpr,,no,,,
club-season 1994–95,1994–95 Queens Park Rangers F.C. season,1369042896,,Maurice Doyle,,Crewe Alexandra,,,Queens Park Rangers F.C.,qpr,"£80,000",no,,,
club-season 1994–95,1994–95 Queens Park Rangers F.C. season,1369042896,,Les Ferdinand,,Hayes,,,Queens Park Rangers F.C.,qpr,"£50,000",no,,,
club-season 1994–95,1994–95 Queens Park Rangers F.C. season,1369042896,1994-07-01,Trevor Challis,,Queens Park Rangers Juniors,,,Queens Park Rangers F.C.,qpr,,no,,,
club-season 1994–95,1994–95 Queens Park Rangers F.C. season,1369042896,1994-07,Matt Brazier,,Queens Park Rangers Juniors,,,Queens Park Rangers F.C.,qpr,,no,,,
club-season 1994–95,1994–95 Queens Park Rangers F.C. season,1369042896,1994-07-01,Chris Plummer,,Queens Park Rangers Juniors,,,Queens Park Rangers F.C.,qpr,,no,,,
club-season 1994–95,1994–95 Queens Park Rangers F.C. season,1369042896,,John Cross,,,,,Queens Park Rangers F.C.,qpr,,no,,,
club-season 1994–95,1994–95 Queens Park Rangers F.C. season,1369042896,1994-07-22,Sieb Dijkstra,Motherwell F.C.,Motherwell,,,Queens Park Rangers F.C.,qpr,"£250,000",no,,,
club-season 1994–95,1994–95 Queens Park Rangers F.C. season,1369042896,1994-10-28,Steve Hodge,Leeds United A.F.C.,Leeds United,leeds_united,,Queens Park Rangers F.C.,qpr,"£300,000",no,,,
club-season 1994–95,1994–95 Queens Park Rangers F.C. season,1369042896,1994-11-17,Ray Wilkins,Crystal Palace F.C.,Crystal Palace,crystal_palace,,Queens Park Rangers F.C.,qpr,Free transfer,no,,,
club-season 1994–95,1994–95 Queens Park Rangers F.C. season,1369042896,1995-04,Michael Mahoney-Johnson,,Queens Park Rangers Juniors,,,Queens Park Rangers F.C.,qpr,,no,,,
club-season 1994–95,1994–95 Queens Park Rangers F.C. season,1369042896,,Graeme Power,,Queens Park Rangers Juniors,,,Queens Park Rangers F.C.,qpr,,no,,,
club-season 1994–95,1994–95 Queens Park Rangers F.C. season,1369042896,1995-05-02,Matt Lockwood,,Queens Park Rangers Juniors,,,Queens Park Rangers F.C.,qpr,,no,,,
club-season 1994–95,1994–95 Queens Park Rangers F.C. season,1369042896,1995-05-02,Steve Parmenter,,Queens Park Rangers Juniors,,,Queens Park Rangers F.C.,qpr,,no,,,
club-season 1994–95,1994–95 Queens Park Rangers F.C. season,1369042896,,Richard Hurst,,Queens Park Rangers Juniors,,,Queens Park Rangers F.C.,qpr,,no,,,
club-season 1994–95,1994–95 Sheffield Wednesday F.C. season,1376704601,1994-06-01,Peter Atherton,Coventry City F.C.,Coventry City,coventry_city,,Sheffield Wednesday F.C.,sheffield_wednesday,"£800,000",no,,,
club-season 1994–95,1994–95 Sheffield Wednesday F.C. season,1376704601,1994-07-12,Ian Taylor,Port Vale F.C.,Port Vale,,,Sheffield Wednesday F.C.,sheffield_wednesday,"£1,000,000",no,,,
club-season 1994–95,1994–95 Sheffield Wednesday F.C. season,1376704601,1994-08-06,Dan Petrescu,Genoa C.F.C.,Genoa,,,Sheffield Wednesday F.C.,sheffield_wednesday,"£1,300,000",no,,,
club-season 1994–95,1994–95 Sheffield Wednesday F.C. season,1376704601,1994-08-17,Ian Nolan,Tranmere Rovers F.C.,Tranmere Rovers,,,Sheffield Wednesday F.C.,sheffield_wednesday,"£1,500,000",no,,,
club-season 1994–95,1994–95 Sheffield Wednesday F.C. season,1376704601,1994-09-01,Klas Ingesson,PSV Eindhoven,PSV Eindhoven,,,Sheffield Wednesday F.C.,sheffield_wednesday,"£800,000",no,,,
club-season 1994–95,1994–95 Sheffield Wednesday F.C. season,1376704601,1994-12-21,Guy Whittingham,Aston Villa F.C.,Aston Villa,aston_villa,,Sheffield Wednesday F.C.,sheffield_wednesday,"£700,000",no,,,
club-season 1994–95,1994–95 Sheffield Wednesday F.C. season,1376704601,1995-01-09,O'Neill Donaldson,Mansfield Town F.C.,Mansfield Town,,,Sheffield Wednesday F.C.,sheffield_wednesday,"£50,000",no,,,
club-season 1994–95,1994–95 Sheffield Wednesday F.C. season,1376704601,1994-06-30,Carlton Palmer,,Sheffield Wednesday F.C.,sheffield_wednesday,Leeds United F.C.,Leeds United,leeds_united,"£2,600,000",no,,,
club-season 1994–95,1994–95 Sheffield Wednesday F.C. season,1376704601,1994-07-04,Nigel Worthington,,Sheffield Wednesday F.C.,sheffield_wednesday,Leeds United F.C.,Leeds United,leeds_united,"£325,000",no,,,
club-season 1994–95,1994–95 Sheffield Wednesday F.C. season,1376704601,1994-07-19,Nigel Pearson,,Sheffield Wednesday F.C.,sheffield_wednesday,Middlesbrough F.C.,Middlesbrough,middlesbrough,"£500,000",no,,,
club-season 1994–95,1994–95 Sheffield Wednesday F.C. season,1376704601,1994-08-01,Phil King,,Sheffield Wednesday F.C.,sheffield_wednesday,Aston Villa F.C.,Aston Villa,aston_villa,"£200,000",no,,,
club-season 1994–95,1994–95 Sheffield Wednesday F.C. season,1376704601,1994-08-12,Leroy Chambers,,Sheffield Wednesday F.C.,sheffield_wednesday,Chester City F.C.,Chester City,,Free transfer,no,,,
club-season 1994–95,1994–95 Sheffield Wednesday F.C. season,1376704601,1994-09-08,Nigel Jemson,,Sheffield Wednesday F.C.,sheffield_wednesday,Notts County F.C.,Notts County,,"£300,000",no,,,
club-season 1994–95,1994–95 Sheffield Wednesday F.C. season,1376704601,1994-10-05,Simon Coleman,,Sheffield Wednesday F.C.,sheffield_wednesday,Bolton Wanderers F.C.,Bolton Wanderers,bolton_wanderers,"£350,000",no,,,
club-season 1994–95,1994–95 Sheffield Wednesday F.C. season,1376704601,1994-12-21,Ian Taylor,,Sheffield Wednesday F.C.,sheffield_wednesday,Aston Villa F.C.,Aston Villa,aston_villa,"£1,000,000",no,,,
club-season 1994–95,1994–95 Sheffield Wednesday F.C. season,1376704601,1995-03-17,Gordon Watson,,Sheffield Wednesday F.C.,sheffield_wednesday,Southampton F.C.,Southampton,southampton,"£1,200,000",no,,,
club-season 1994–95,1994–95 Southampton F.C. season,1365907448,,,,July 1994,,,Southampton F.C.,southampton,,no,https://www.saintsplayers.co.uk/player/steve-basham/ https://www.saintsplayers.co.uk/player/steve-basham/,SaintsPlayers.co.uk | SaintsPlayers.co.uk, | 
club-season 1994–95,1994–95 Southampton F.C. season,1365907448,,,,July 1994,,,Southampton F.C.,southampton,,no,https://www.saintsplayers.co.uk/player/duncan-spedding/ https://www.saintsplayers.co.uk/player/duncan-spedding/,SaintsPlayers.co.uk | SaintsPlayers.co.uk, | 
club-season 1994–95,1994–95 Southampton F.C. season,1365907448,,,,10 August 1994,,,Southampton F.C.,southampton,,no,https://www.saintsplayers.co.uk/player/peter-whiston/,SaintsPlayers.co.uk,
club-season 1994–95,1994–95 Southampton F.C. season,1365907448,,,,11 August 1994,,,Southampton F.C.,southampton,,no,https://www.saintsplayers.co.uk/player/bruce-grobbelaar/,SaintsPlayers.co.uk,
club-season 1994–95,1994–95 Southampton F.C. season,1365907448,,,,6 January 1995,,,Southampton F.C.,southampton,,no,https://www.saintsplayers.co.uk/player/neil-shipperley/,SaintsPlayers.co.uk,
club-season 1994–95,1994–95 Southampton F.C. season,1365907448,,,,17 March 1995,,,Southampton F.C.,southampton,,no,https://www.saintsplayers.co.uk/player/gordon-watson/,SaintsPlayers.co.uk,
club-season 1994–95,1994–95 Southampton F.C. season,1365907448,,,,31 March 1995,,,Southampton F.C.,southampton,,no,https://www.saintsplayers.co.uk/player/christer-warren/,SaintsPlayers.co.uk,
club-season 1994–95,1994–95 Southampton F.C. season,1365907448,,,,Southampton F.C.,southampton,,July 1994,,,no,https://www.saintsplayers.co.uk/player/kevin-moore/,SaintsPlayers.co.uk,
club-season 1994–95,1994–95 Southampton F.C. season,1365907448,,,,Southampton F.C.,southampton,,July 1994,,,no,https://www.saintsplayers.co.uk/player/steve-wood/,SaintsPlayers.co.uk,
club-season 1994–95,1994–95 Southampton F.C. season,1365907448,,,,Southampton F.C.,southampton,,30 August 1994,,,no,https://www.saintsplayers.co.uk/player/colin-cramb/,SaintsPlayers.co.uk,
club-season 1994–95,1994–95 Southampton F.C. season,1365907448,,,,Southampton F.C.,southampton,,5 September 1994,,,no,https://www.saintsplayers.co.uk/player/ian-andrews/,SaintsPlayers.co.uk,
club-season 1994–95,1994–95 Southampton F.C. season,1365907448,,,,Southampton F.C.,southampton,,27 October 1994,,,no,https://www.saintsplayers.co.uk/player/matthew-bound/,SaintsPlayers.co.uk,
club-season 1994–95,1994–95 Southampton F.C. season,1365907448,,,,Southampton F.C.,southampton,,4 November 1994,,,no,https://www.saintsplayers.co.uk/player/nicky-banger/,SaintsPlayers.co.uk,
club-season 1994–95,1994–95 Southampton F.C. season,1365907448,,,,Southampton F.C.,southampton,,18 November 1994,,,no,,,
club-season 1994–95,1994–95 Southampton F.C. season,1365907448,,,,Southampton F.C.,southampton,,2 December 1994,,,no,https://www.saintsplayers.co.uk/player/neal-bartlett/,SaintsPlayers.co.uk,
club-season 1994–95,1994–95 Southampton F.C. season,1365907448,,,,Southampton F.C.,southampton,,13 January 1995,,,no,https://www.saintsplayers.co.uk/player/iain-dowie/,SaintsPlayers.co.uk,
club-season 1994–95,1994–95 Southampton F.C. season,1365907448,,,,Southampton F.C.,southampton,,15 March 1995,,,no,https://www.saintsplayers.co.uk/player/jeff-kenna/,SaintsPlayers.co.uk,
club-season 1994–95,1994–95 Tottenham Hotspur F.C. season,1356886104,1994-07-01,Owen Coll,Enfield F.C.,Enfield,,,Tottenham Hotspur F.C.,tottenham_hotspur,Free,no,,,
club-season 1994–95,1994–95 Tottenham Hotspur F.C. season,1356886104,1994-08-03,Jürgen Klinsmann,Monaco,Monaco,,,Tottenham Hotspur F.C.,tottenham_hotspur,"£2,300,000",no,,,
club-season 1994–95,1994–95 Tottenham Hotspur F.C. season,1356886104,1994-08-03,Ilie Dumitrescu,FC Steaua București,Steaua București,,,Tottenham Hotspur F.C.,tottenham_hotspur,"£2,600,000",no,,,
club-season 1994–95,1994–95 Tottenham Hotspur F.C. season,1356886104,1994-08-12,Gheorghe Popescu,PSV Eindhoven,PSV Eindhoven,,,Tottenham Hotspur F.C.,tottenham_hotspur,"£2,900,000",no,,,
club-season 1994–95,1994–95 Tottenham Hotspur F.C. season,1356886104,1994-05-31,Lee Hodges,,Tottenham Hotspur F.C.,tottenham_hotspur,Barnet F.C.,Barnet,,Free transfer,no,,,
club-season 1994–95,1994–95 Tottenham Hotspur F.C. season,1356886104,1994-05-31,Andy Gray,,Tottenham Hotspur F.C.,tottenham_hotspur,CA Marbella,CA Marbella,,Signed,no,,,
club-season 1994–95,1994–95 Tottenham Hotspur F.C. season,1356886104,1994-06-15,Steve Sedgley,,Tottenham Hotspur F.C.,tottenham_hotspur,Ipswich Town F.C.,Ipswich Town,ipswich_town,"£1,000,000",no,,,
club-season 1994–95,1994–95 Tottenham Hotspur F.C. season,1356886104,1994-07-12,Andy Quy,,Tottenham Hotspur F.C.,tottenham_hotspur,Derby County F.C.,Derby County,derby_county,Free transfer,no,,,
club-season 1994–95,1994–95 Tottenham Hotspur F.C. season,1356886104,1994-07-13,Glynn Hurst,,Tottenham Hotspur F.C.,tottenham_hotspur,Barnsley F.C.,Barnsley,barnsley,Free transfer,no,,,
club-season 1994–95,1994–95 Tottenham Hotspur F.C. season,1356886104,1994-07-13,Neil Le Bihan,,Tottenham Hotspur F.C.,tottenham_hotspur,Peterborough United F.C.,Peterborough United,,Free transfer,no,,,
club-season 1994–95,1994–95 Tottenham Hotspur F.C. season,1356886104,1994-07-25,Jeff Minton,,Tottenham Hotspur F.C.,tottenham_hotspur,Brighton & Hove Albion F.C.,Brighton & Hove Albion,brighton,Free transfer,no,,,
club-season 1994–95,1994–95 Tottenham Hotspur F.C. season,1356886104,1994-08-02,Ijah Anderson,,Tottenham Hotspur F.C.,tottenham_hotspur,Southend United F.C.,Southend United,,Free transfer,no,,,
club-season 1994–95,1994–95 Tottenham Hotspur F.C. season,1356886104,1994-08-02,Vinny Samways,,Tottenham Hotspur F.C.,tottenham_hotspur,Everton F.C.,Everton,everton,"£2,200,000",no,,,
club-season 1994–95,1994–95 Tottenham Hotspur F.C. season,1356886104,1994-09-12,Peter Beadle,,Tottenham Hotspur F.C.,tottenham_hotspur,Watford F.C.,Watford,watford,Signed,no,,,
club-season 1994–95,1994–95 Tottenham Hotspur F.C. season,1356886104,1994-10-11,Neil Young,,Tottenham Hotspur F.C.,tottenham_hotspur,A.F.C. Bournemouth,Bournemouth,bournemouth,Free transfer,no,,,
club-season 1994–95,1994–95 Tottenham Hotspur F.C. season,1356886104,1994-10-20,Steve Robinson,,Tottenham Hotspur F.C.,tottenham_hotspur,A.F.C. Bournemouth,Bournemouth,bournemouth,Free transfer,no,,,
club-season 1994–95,1994–95 Tottenham Hotspur F.C. season,1356886104,1995-03-21,Guðni Bergsson,,Tottenham Hotspur F.C.,tottenham_hotspur,Bolton Wanderers F.C.,Bolton Wanderers,bolton_wanderers,"£65,000",no,,,
club-season 1994–95,1994–95 West Ham United F.C. season,1362431404,1994-06-22,Joey Beauchamp,Oxford United F.C.,Oxford United,,,West Ham United F.C.,west_ham,"£1,000,000",no,,,
club-season 1994–95,1994–95 West Ham United F.C. season,1362431404,1994-06-24,John Moncur,Swindon Town F.C.,Swindon Town,swindon_town,,West Ham United F.C.,west_ham,"£900,000",no,,,
club-season 1994–95,1994–95 West Ham United F.C. season,1362431404,1994-08-17,Adrian Whitbread,Swindon Town F.C.,Swindon Town,swindon_town,,West Ham United F.C.,west_ham,"£500,000",no,,,
club-season 1994–95,1994–95 West Ham United F.C. season,1362431404,1994-08-30,Don Hutchison,Liverpool F.C.,Liverpool,liverpool,,West Ham United F.C.,west_ham,"£1,500,000",no,,,
club-season 1994–95,1994–95 West Ham United F.C. season,1362431404,1994-09-07,Tony Cottee,Everton F.C.,Everton,everton,,West Ham United F.C.,west_ham,Transfer,no,,,
club-season 1994–95,1994–95 West Ham United F.C. season,1362431404,1994-11-28,Les Sealey,Blackpool F.C.,Blackpool,blackpool,,West Ham United F.C.,west_ham,Free transfer,no,,,
club-season 1994–95,1994–95 West Ham United F.C. season,1362431404,1995-05-06,Mark Watson,Sutton United F.C.,Sutton United,,,West Ham United F.C.,west_ham,Signed,no,,,
club-season 1994–95,1994–95 West Ham United F.C. season,1362431404,1995-05-13,Marc Rieper,Brøndby IF,Brøndby,,,West Ham United F.C.,west_ham,"£1,100,000",no,,,
club-season 1994–95,1994–95 West Ham United F.C. season,1362431404,1994-05-31,Tony Gale,,West Ham United F.C.,west_ham,Wealdstone F.C.,Wealdstone,,Free transfer,no,,,
club-season 1994–95,1994–95 West Ham United F.C. season,1362431404,1994-08-18,Joey Beauchamp,,West Ham United F.C.,west_ham,Swindon Town F.C.,Swindon Town,swindon_town,"£850,000",no,,,
club-season 1994–95,1994–95 West Ham United F.C. season,1362431404,1994-09-06,David Burrows,,West Ham United F.C.,west_ham,Everton F.C.,Everton,everton,Transfer,no,,,
club-season 1994–95,1994–95 West Ham United F.C. season,1362431404,1994-10-04,Peter Butler,,West Ham United F.C.,west_ham,Notts County F.C.,Notts County,,"£350,000",no,,,
club-season 1994–95,1994–95 West Ham United F.C. season,1362431404,1994-10-21,Steve Jones,,West Ham United F.C.,west_ham,A.F.C. Bournemouth,Bournemouth,bournemouth,"£150,000",no,,,
club-season 1994–95,1994–95 West Ham United F.C. season,1362431404,1994-12-30,Mike Marsh,,West Ham United F.C.,west_ham,Coventry City F.C.,Coventry City,coventry_city,"£450,000",no,,,
club-season 1994–95,1994–95 West Ham United F.C. season,1362431404,1995-01-19,Lee Chapman,,West Ham United F.C.,west_ham,Ipswich Town F.C.,Ipswich Town,ipswich_town,"£70,000",no,,,
club-season 1994–95,1994–95 West Ham United F.C. season,1362431404,1995-04-25,Matt Holland,,West Ham United F.C.,west_ham,A.F.C. Bournemouth,Bournemouth,bournemouth,Free transfer,no,,,
club-season 1994–95,1994–95 Wimbledon F.C. season,1365774829,1994-08-18,Mick Harford,Coventry City F.C.,Coventry City,coventry_city,,Wimbledon F.C.,wimbledon_fc,"£50,000",no,,,
club-season 1994–95,1994–95 Wimbledon F.C. season,1365774829,1994-09-06,Alan Reeves,Rochdale A.F.C.,Rochdale,,,Wimbledon F.C.,wimbledon_fc,"£200,000",no,,,
club-season 1994–95,1994–95 Wimbledon F.C. season,1365774829,1994-09-26,Brendan Murphy,Bradford City A.F.C.,Bradford City,bradford_city,,Wimbledon F.C.,wimbledon_fc,Free transfer,no,,,
club-season 1994–95,1994–95 Wimbledon F.C. season,1365774829,1994-10-05,Andy Thorn,Crystal Palace F.C.,Crystal Palace,crystal_palace,,Wimbledon F.C.,wimbledon_fc,Free transfer,no,,,
club-season 1994–95,1994–95 Wimbledon F.C. season,1365774829,1994-10-14,Efan Ekoku,Norwich City F.C.,Norwich City,norwich_city,,Wimbledon F.C.,wimbledon_fc,"£900,000",no,,,
club-season 1994–95,1994–95 Wimbledon F.C. season,1365774829,1994-11-08,Øyvind Leonhardsen,Rosenborg BK,Rosenborg,,,Wimbledon F.C.,wimbledon_fc,"£650,000",no,,,
club-season 1994–95,1994–95 Wimbledon F.C. season,1365774829,1994-11-09,Jon Goodman,Millwall F.C.,Millwall,,,Wimbledon F.C.,wimbledon_fc,"£650,000",no,,,
club-season 1994–95,1994–95 Wimbledon F.C. season,1365774829,1994-11-09,Kenny Cunningham,Millwall F.C.,Millwall,,,Wimbledon F.C.,wimbledon_fc,"£650,000",no,,,
club-season 1994–95,1994–95 Wimbledon F.C. season,1365774829,1995-02-10,Peter Shilton,Plymouth Argyle F.C.,Plymouth Argyle,,,Wimbledon F.C.,wimbledon_fc,Free transfer,no,,,
club-season 1994–95,1994–95 Wimbledon F.C. season,1365774829,1994-08-16,Paul Miller,,Wimbledon F.C.,wimbledon_fc,Bristol Rovers F.C.,Bristol Rovers,,Signed,no,,,
club-season 1994–95,1994–95 Wimbledon F.C. season,1365774829,1994-09-02,John Scales,,Wimbledon F.C.,wimbledon_fc,Liverpool F.C.,Liverpool,liverpool,"£3,500,000",no,,,
club-season 1994–95,1994–95 Wimbledon F.C. season,1365774829,1995-03-11,Peter Shilton,,Wimbledon F.C.,wimbledon_fc,Bolton Wanderers F.C.,Bolton Wanderers,bolton_wanderers,Free transfer,no,,,
club-season 1995–96,1995–96 Arsenal F.C. season,1377987529,1995-07-11,David Platt,U.C. Sampdoria,Sampdoria,,,Arsenal F.C.,arsenal,"£4,750,000",no,https://www.independent.co.uk/sport/platt-in-pounds-475m-move-to-arsenal-1590988.html,,11 July 1995
club-season 1995–96,1995–96 Arsenal F.C. season,1377987529,1995-06-21,Dennis Bergkamp,Inter Milan,Internazionale,,,Arsenal F.C.,arsenal,"£7,500,000",no,https://www.independent.co.uk/sport/rioch-signs-bergkamp-to-signal-new-era-1587607.html,,21 June 1995
club-season 1995–96,1995–96 Arsenal F.C. season,1377987529,1995-07-12,Stefan Schwarz,,Arsenal F.C.,arsenal,ACF Fiorentina,Fiorentina,,"£2,300,000",no,http://www.thefreelibrary.com/SIGN+OR+GET+OUT+RIOCH!%3B+Arsenal+warn+crisis+boss.-a061314883,The Free Library,31 July 1996
club-season 1995–96,1995–96 Arsenal F.C. season,1377987529,,Kevin Campbell,,Arsenal F.C.,arsenal,Nottingham Forest F.C.,Nottingham Forest,nottingham_forest,Undisclosed,no,,,
club-season 1995–96,1995–96 Aston Villa F.C. season,1360326048,1995-06-26,Savo Milošević,FK Partizan Belgrade,Partizan,,,Aston Villa F.C.,aston_villa,"£3,500,000",no,,,
club-season 1995–96,1995–96 Aston Villa F.C. season,1360326048,1995-07-01,Gareth Southgate,Crystal Palace F.C.,Crystal Palace,crystal_palace,,Aston Villa F.C.,aston_villa,"£2,500,000",no,,,
club-season 1995–96,1995–96 Aston Villa F.C. season,1360326048,1995-07-05,Mark Draper,Leicester City,Leicester City,leicester_city,,Aston Villa F.C.,aston_villa,"£3,250,000",no,,,
club-season 1995–96,1995–96 Aston Villa F.C. season,1360326048,1995-10-28,Carl Tiler,Nottingham Forest,Nottingham Forest,nottingham_forest,,Aston Villa F.C.,aston_villa,"£750,000",no,,,
club-season 1995–96,1995–96 Aston Villa F.C. season,1360326048,1996-02-24,Julian Joachim,Leicester City,Leicester City,leicester_city,,Aston Villa F.C.,aston_villa,"£1,890,000",no,,,
club-season 1995–96,1995–96 Aston Villa F.C. season,1360326048,1995-07-01,John Fashanu,,Aston Villa F.C.,aston_villa,,Retired,,,no,,,
club-season 1995–96,1995–96 Aston Villa F.C. season,1360326048,1995-07-01,Dean Saunders,,Aston Villa F.C.,aston_villa,Galatasaray S.K.,Galatasaray,,"£2,350,000",no,,,
club-season 1995–96,1995–96 Aston Villa F.C. season,1360326048,1995-07-31,Nii Lamptey,,Aston Villa F.C.,aston_villa,Coventry City,Coventry City,coventry_city,"£150,000",no,,,
club-season 1995–96,1995–96 Aston Villa F.C. season,1360326048,1995-08-01,Dalian Atkinson,,Aston Villa F.C.,aston_villa,Fenerbahçe S.K. (football),Fenerbahçe,,"£1,600,000",no,,,
club-season 1995–96,1995–96 Aston Villa F.C. season,1360326048,1995-08-14,Shaun Teale,,Aston Villa F.C.,aston_villa,Tranmere Rovers,Tranmere Rovers,,"£450,000",no,,,
club-season 1995–96,1995–96 Aston Villa F.C. season,1360326048,1995-09-14,David Farrell,,Aston Villa F.C.,aston_villa,Wycombe Wanderers,Wycombe Wanderers,,"£100,000",no,,,
club-season 1995–96,1995–96 Aston Villa F.C. season,1360326048,1995-10-13,Trevor Berry,,Aston Villa F.C.,aston_villa,Wycombe Wanderers,Wycombe Wanderers,,"£100,000",no,,,
club-season 1995–96,1995–96 Aston Villa F.C. season,1360326048,1995-11-06,Graham Fenton,,Aston Villa F.C.,aston_villa,Blackburn Rovers,Blackburn Rovers,blackburn_rovers,"£1,500,000",no,,,
club-season 1995–96,1995–96 Aston Villa F.C. season,1360326048,1996-01-30,Nigel Spink,,Aston Villa F.C.,aston_villa,West Bromwich Albion,West Bromwich Albion,west_brom,Free transfer,no,,,
club-season 1995–96,1995–96 Aston Villa F.C. season,1360326048,1996-03-01,Bryan Small,,Aston Villa F.C.,aston_villa,Bolton Wanderers,Bolton Wanderers,bolton_wanderers,Free transfer,no,,,
club-season 1995–96,1995–96 Aston Villa F.C. season,1360326048,1996-03-21,Steve Cowe,,Aston Villa F.C.,aston_villa,Swindon Town,Swindon Town,swindon_town,"£100,000",no,,,
club-season 1995–96,1995–96 Blackburn Rovers F.C. season,1356932787,1995-08-09,Adam Reed,Darlington F.C.,Darlington,,,Blackburn Rovers F.C.,blackburn_rovers,"£200,000",no,,,
club-season 1995–96,1995–96 Blackburn Rovers F.C. season,1356932787,1995-08-15,Matty Holmes,West Ham United F.C.,West Ham United,west_ham,,Blackburn Rovers F.C.,blackburn_rovers,"£1,200,000",no,,,
club-season 1995–96,1995–96 Blackburn Rovers F.C. season,1356932787,1995-10-01,Lars Bohinen,Nottingham Forest,Nottingham Forest,nottingham_forest,,Blackburn Rovers F.C.,blackburn_rovers,"£700,000",no,,,
club-season 1995–96,1995–96 Blackburn Rovers F.C. season,1356932787,1995-10-10,Billy McKinlay,Dundee United,Dundee United,,,Blackburn Rovers F.C.,blackburn_rovers,"£1,750,000",no,,,
club-season 1995–96,1995–96 Blackburn Rovers F.C. season,1356932787,1995-10-14,Graham Coughlan,Bray Wanderers A.F.C.,Bray Wanderers,,,Blackburn Rovers F.C.,blackburn_rovers,"£100,000",no,,,
club-season 1995–96,1995–96 Blackburn Rovers F.C. season,1356932787,1995-11-06,Graham Fenton,Aston Villa,Aston Villa,aston_villa,,Blackburn Rovers F.C.,blackburn_rovers,"£1,500,000",no,,,
club-season 1995–96,1995–96 Blackburn Rovers F.C. season,1356932787,1995-12-21,Chris Coleman,Crystal Palace F.C.,Crystal Palace,crystal_palace,,Blackburn Rovers F.C.,blackburn_rovers,"£2,800,000",no,,,
club-season 1995–96,1995–96 Blackburn Rovers F.C. season,1356932787,1996-03-01,Niklas Gudmundsson,Halmstads BK,Halmstads BK,,,Blackburn Rovers F.C.,blackburn_rovers,"£750,000",no,,,
club-season 1995–96,1995–96 Blackburn Rovers F.C. season,1356932787,1996-03-28,Garry Flitcroft,Manchester City,Manchester City,manchester_city,,Blackburn Rovers F.C.,blackburn_rovers,"£3,500,000",no,,,
club-season 1995–96,1995–96 Blackburn Rovers F.C. season,1356932787,1996-03-29,Gary Croft,Grimsby Town,Grimsby Town,,,Blackburn Rovers F.C.,blackburn_rovers,"£1,600,000",no,,,
club-season 1995–96,1995–96 Blackburn Rovers F.C. season,1356932787,1995-08-11,Tony Carss,,Blackburn Rovers F.C.,blackburn_rovers,Darlington F.C.,Darlington,,Free transfer,no,,,
club-season 1995–96,1995–96 Blackburn Rovers F.C. season,1356932787,1995-08-14,Robbie Slater,,Blackburn Rovers F.C.,blackburn_rovers,West Ham United F.C.,West Ham United,west_ham,"£600,000",no,,,
club-season 1995–96,1995–96 Blackburn Rovers F.C. season,1356932787,1995-09-10,Mark Atkins,,Blackburn Rovers F.C.,blackburn_rovers,Wolverhampton Wanderers,Wolverhampton Wanderers,wolves,"£1,000,000",no,,,
club-season 1995–96,1995–96 Blackburn Rovers F.C. season,1356932787,1995-10-13,Lee Makel,,Blackburn Rovers F.C.,blackburn_rovers,Huddersfield Town A.F.C.,Huddersfield Town,huddersfield_town,"£300,000",no,,,
club-season 1995–96,1995–96 Blackburn Rovers F.C. season,1356932787,1995-11-09,Frank Talia,,Blackburn Rovers F.C.,blackburn_rovers,Swindon Town F.C.,Swindon Town,swindon_town,"£150,000",no,,,
club-season 1995–96,1995–96 Blackburn Rovers F.C. season,1356932787,1996-02-24,David Batty,,Blackburn Rovers F.C.,blackburn_rovers,Newcastle United,Newcastle United,newcastle_united,"£3,750,000",no,,,
club-season 1995–96,1995–96 Coventry City F.C. season,1356895195,1995-06-07,Calita,S.C. Farense,Farense,,,Coventry City F.C.,coventry_city,"£250,000",no,,,
club-season 1995–96,1995–96 Coventry City F.C. season,1356895195,1995-07-05,Isaías,S.L. Benfica,Benfica,,,Coventry City F.C.,coventry_city,"£500,000",no,,,
club-season 1995–96,1995–96 Coventry City F.C. season,1356895195,1995-07-11,Paul Telfer,Luton Town F.C.,Luton Town,luton_town,,Coventry City F.C.,coventry_city,"£1,150,000",no,,,
club-season 1995–96,1995–96 Coventry City F.C. season,1356895195,1995-08-03,John Salako,Crystal Palace F.C.,Crystal Palace,crystal_palace,,Coventry City F.C.,coventry_city,"£1,500,000",no,,,
club-season 1995–96,1995–96 Coventry City F.C. season,1356895195,1995-08-06,Paul Williams,Derby County F.C.,Derby County,derby_county,,Coventry City F.C.,coventry_city,"£750,000",no,,,
club-season 1995–96,1995–96 Coventry City F.C. season,1356895195,1996-02-12,Liam Daish,Birmingham City F.C.,Birmingham City,birmingham_city,,Coventry City F.C.,coventry_city,"£1,500,000",no,,,
club-season 1995–96,1995–96 Coventry City F.C. season,1356895195,1996-02-23,Eoin Jess,Aberdeen F.C.,Aberdeen,,,Coventry City F.C.,coventry_city,"£2,000,000",no,,,
club-season 1995–96,1995–96 Coventry City F.C. season,1356895195,1995-06-26,Mike Marsh,,Coventry City F.C.,coventry_city,Galatasaray S.K. (football),Galatasaray,,"£500,000",no,,,
club-season 1995–96,1995–96 Coventry City F.C. season,1356895195,1995-07-25,Steven Pressley,,Coventry City F.C.,coventry_city,Dundee United F.C.,Dundee United,,"£750,000",no,,,
club-season 1995–96,1995–96 Coventry City F.C. season,1356895195,1995-07-28,Sandy Robertson,,Coventry City F.C.,coventry_city,Dundee United F.C.,Dundee United,,"£250,000",no,,,
club-season 1995–96,1995–96 Coventry City F.C. season,1356895195,1995-08-02,Martin Davies,,Coventry City F.C.,coventry_city,Cambridge United F.C.,Cambridge United,,Free transfer,no,,,
club-season 1995–96,1995–96 Coventry City F.C. season,1356895195,1995-08-10,Paul Williams,,Coventry City F.C.,coventry_city,Plymouth Argyle F.C.,Plymouth Argyle,,"£50,000",no,,,
club-season 1995–96,1995–96 Coventry City F.C. season,1356895195,1995-08-11,Sean Flynn,,Coventry City F.C.,coventry_city,Derby County F.C.,Derby County,derby_county,"£225,000",no,,,
club-season 1995–96,1995–96 Coventry City F.C. season,1356895195,1995-09-15,John Williams,,Coventry City F.C.,coventry_city,Wycombe Wanderers F.C.,Wycombe Wanderers,,"£150,000",no,,,
club-season 1995–96,1995–96 Coventry City F.C. season,1356895195,1995-11-24,Julian Darby,,Coventry City F.C.,coventry_city,West Bromwich Albion F.C.,West Bromwich Albion,west_brom,"£250,000",no,,,
club-season 1995–96,1995–96 Coventry City F.C. season,1356895195,1995-12-08,Leigh Jenkinson,,Coventry City F.C.,coventry_city,St Johnstone F.C.,St Johnstone,,Signed,no,,,
club-season 1995–96,1995–96 Coventry City F.C. season,1356895195,1996-01-11,Peter Shilton,,Coventry City F.C.,coventry_city,West Ham United F.C.,West Ham United,west_ham,Free transfer,no,,,
club-season 1995–96,1995–96 Coventry City F.C. season,1356895195,1996-02-29,Paul Cook,,Coventry City F.C.,coventry_city,Tranmere Rovers F.C.,Tranmere Rovers,,"£250,000",no,,,
club-season 1995–96,1995–96 Everton F.C. season,1358633616,1995-08-01,Craig Short,Derby County F.C.,Derby County,derby_county,,Everton F.C.,everton,"£2,400,000",no,,,
club-season 1995–96,1995–96 Everton F.C. season,1358633616,1995-08-25,Andrei Kanchelskis,Manchester United F.C.,Manchester United,manchester_united,,Everton F.C.,everton,"£5,000,000",no,,,
club-season 1995–96,1995–96 Everton F.C. season,1358633616,1995-11-03,John Hills,Blackpool F.C.,Blackpool,blackpool,,Everton F.C.,everton,"£90,000",no,,,
club-season 1995–96,1995–96 Everton F.C. season,1358633616,1995-07-20,Gary Rowett,,Everton F.C.,everton,Derby County F.C.,Derby County,derby_county,"£300,000",no,,,
club-season 1995–96,1995–96 Everton F.C. season,1358633616,1995-11-20,Stuart Barlow,,Everton F.C.,everton,Oldham Athletic A.F.C.,Oldham Athletic,oldham_athletic,"£350,000",no,,,
club-season 1995–96,1995–96 Liverpool F.C. season,1367476464,1995-07-01,Stan Collymore,Nottingham Forest F.C.,Nottingham Forest,nottingham_forest,,Liverpool F.C.,liverpool,"£8,500,000",no,,,
club-season 1995–96,1995–96 Liverpool F.C. season,1367476464,1995-08-14,Stephen Pears,Middlesbrough F.C.,Middlesbrough,middlesbrough,,Liverpool F.C.,liverpool,Free,no,,,
club-season 1995–96,1995–96 Liverpool F.C. season,1367476464,1995-09-07,Jason McAteer,Bolton Wanderers F.C.,Bolton Wanderers,bolton_wanderers,,Liverpool F.C.,liverpool,"£4,500,000",no,,,
club-season 1995–96,1995–96 Liverpool F.C. season,1367476464,1996-01-17,Mark Walters,,Liverpool F.C.,liverpool,Southampton F.C.,Southampton,southampton,Free,no,,,
club-season 1995–96,1995–96 Liverpool F.C. season,1367476464,1996-01-24,Nigel Clough,,Liverpool F.C.,liverpool,Manchester City F.C.,Manchester City,manchester_city,"£1,500,000",no,,,
club-season 1995–96,1995–96 Liverpool F.C. season,1367476464,1996-02-21,Jan Mølby,,Liverpool F.C.,liverpool,Swansea City A.F.C.,Swansea City,swansea_city,Free,no,,,
club-season 1995–96,1995–96 Liverpool F.C. season,1367476464,1996-03-05,Paul Stewart,,Liverpool F.C.,liverpool,Sunderland A.F.C.,Sunderland,sunderland,Free,no,,,
club-season 1995–96,1995–96 Liverpool F.C. season,1367476464,1996-05-20,Ian Rush,,Liverpool F.C.,liverpool,Leeds United A.F.C.,Leeds United,leeds_united,Free,no,,,
club-season 1995–96,1995–96 Manchester United F.C. season,1372113462,1995-09-25,Nick Culkin,York City F.C.,York City,,,Manchester United F.C.,manchester_united,£250k,no,,,
club-season 1995–96,1995–96 Manchester United F.C. season,1372113462,1996-01-31,Tony Coton,Manchester City F.C.,Manchester City,manchester_city,,Manchester United F.C.,manchester_united,£500k,no,,,
club-season 1995–96,1995–96 Manchester United F.C. season,1372113462,1996-06-25,Raimond van der Gouw,SBV Vitesse,Vitesse,,,Manchester United F.C.,manchester_united,Free,no,,,
club-season 1995–96,1995–96 Manchester United F.C. season,1372113462,1995-07-01,Matthew Barrass,,Manchester United F.C.,manchester_united,San Diego Nomads,San Diego Nomads,,Free,no,,,
club-season 1995–96,1995–96 Manchester United F.C. season,1372113462,1995-07-02,David Gardner,,Manchester United F.C.,manchester_united,,Released,,Free,no,,,
club-season 1995–96,1995–96 Manchester United F.C. season,1372113462,1995-07-02,Paul Heckingbottom,,Manchester United F.C.,manchester_united,Sunderland A.F.C.,Sunderland,sunderland,Free,no,,,
club-season 1995–96,1995–96 Manchester United F.C. season,1372113462,1995-07-02,Patrick Lee,,Manchester United F.C.,manchester_united,Middlesbrough F.C.,Middlesbrough,middlesbrough,Free,no,,,
club-season 1995–96,1995–96 Manchester United F.C. season,1372113462,1995-07-02,Paul Lyons,,Manchester United F.C.,manchester_united,Rochdale A.F.C.,Rochdale,,Free,no,,,
club-season 1995–96,1995–96 Manchester United F.C. season,1372113462,1995-07-19,Richard Irving,,Manchester United F.C.,manchester_united,Nottingham Forest F.C.,Nottingham Forest,nottingham_forest,£75k,no,,,
club-season 1995–96,1995–96 Manchester United F.C. season,1372113462,1995-07-26,Ashley Westwood,,Manchester United F.C.,manchester_united,Crewe Alexandra F.C.,Crewe Alexandra,,£40k,no,,,
club-season 1995–96,1995–96 Manchester United F.C. season,1372113462,1995-08-11,Gary Walsh,,Manchester United F.C.,manchester_united,Middlesbrough F.C.,Middlesbrough,middlesbrough,£250k,no,,,
club-season 1995–96,1995–96 Manchester United F.C. season,1372113462,1995-08-25,Andrei Kanchelskis,,Manchester United F.C.,manchester_united,Everton F.C.,Everton,everton,£5m,no,,,
club-season 1995–96,1995–96 Manchester United F.C. season,1372113462,1995-09-27,Elliott Dickman,,Manchester United F.C.,manchester_united,Sunderland A.F.C.,Sunderland,sunderland,Free,no,,,
club-season 1995–96,1995–96 Manchester United F.C. season,1372113462,1995-09-30,Stephen Hall,,Manchester United F.C.,manchester_united,,Released,,Free,no,,,
club-season 1995–96,1995–96 Manchester United F.C. season,1372113462,1995-11-05,John Hudson,,Manchester United F.C.,manchester_united,,Released,,Free,no,,,
club-season 1995–96,1995–96 Manchester United F.C. season,1372113462,1996-01-23,Matt Wicks,,Manchester United F.C.,manchester_united,Arsenal F.C.,Arsenal,arsenal,Free,no,,,
club-season 1995–96,1995–96 Manchester United F.C. season,1372113462,1996-05-22,Steve Bruce,,Manchester United F.C.,manchester_united,Birmingham City F.C.,Birmingham City,birmingham_city,Free,no,,,
club-season 1995–96,1995–96 Manchester United F.C. season,1372113462,1996-06-30,Dessie Baker,,Manchester United F.C.,manchester_united,,Released,,Free,no,,,
club-season 1995–96,1995–96 Manchester United F.C. season,1372113462,1996-06-30,Daniel Hall,,Manchester United F.C.,manchester_united,,Released,,Free,no,,,
club-season 1995–96,1995–96 Manchester United F.C. season,1372113462,1996-06-30,Paul Parker,,Manchester United F.C.,manchester_united,Derby County F.C.,Derby County,derby_county,Free,no,,,
club-season 1995–96,1995–96 Manchester United F.C. season,1372113462,1996-06-30,Phillip Whittam,,Manchester United F.C.,manchester_united,,Released,,Free,no,,,
club-season 1995–96,1995–96 Nottingham Forest F.C. season,1368547831,1995-07-01,Chris Bart-Williams,Sheffield Wednesday F.C.,Sheffield Wednesday,sheffield_wednesday,,Nottingham Forest F.C.,nottingham_forest,"£2,500,000",no,,,
club-season 1995–96,1995–96 Nottingham Forest F.C. season,1368547831,1995-07-01,Kevin Campbell,Arsenal F.C.,Arsenal,arsenal,,Nottingham Forest F.C.,nottingham_forest,"£2,800,000",no,,,
club-season 1995–96,1995–96 Nottingham Forest F.C. season,1368547831,1995-07-19,Richard Irving,Manchester United F.C.,Manchester United,manchester_united,,Nottingham Forest F.C.,nottingham_forest,"£75,000",no,,,
club-season 1995–96,1995–96 Nottingham Forest F.C. season,1368547831,1995-08-16,Andrea Silenzi,Torino F.C.,Torino,,,Nottingham Forest F.C.,nottingham_forest,"£1,800,000",no,,,
club-season 1995–96,1995–96 Nottingham Forest F.C. season,1368547831,1996-01-13,Alan Fettis,Hull City A.F.C.,Hull City,hull_city,,Nottingham Forest F.C.,nottingham_forest,"£250,000",no,,,
club-season 1995–96,1995–96 Nottingham Forest F.C. season,1368547831,1995-07-01,Stan Collymore,,Nottingham Forest F.C.,nottingham_forest,Liverpool F.C.,Liverpool,liverpool,"£8,500,000",no,,,
club-season 1995–96,1995–96 Nottingham Forest F.C. season,1368547831,1995-08-02,Gary Bowyer,,Nottingham Forest F.C.,nottingham_forest,Rotherham United F.C.,Rotherham United,,Free transfer,no,,,
club-season 1995–96,1995–96 Nottingham Forest F.C. season,1368547831,1995-10-14,Lars Bohinen,,Nottingham Forest F.C.,nottingham_forest,Blackburn Rovers F.C.,Blackburn Rovers,blackburn_rovers,"£750,000",no,,,
club-season 1995–96,1995–96 Nottingham Forest F.C. season,1368547831,1995-10-28,Carl Tiler,,Nottingham Forest F.C.,nottingham_forest,Aston Villa F.C.,Aston Villa,aston_villa,"£750,000",no,,,
club-season 1995–96,1995–96 Nottingham Forest F.C. season,1368547831,1995-12-29,Gary Bull,,Nottingham Forest F.C.,nottingham_forest,Birmingham City F.C.,Birmingham City,birmingham_city,Free transfer,no,,,
club-season 1995–96,1995–96 Nottingham Forest F.C. season,1368547831,1996-02-28,Danny Hinshelwood,,Nottingham Forest F.C.,nottingham_forest,Portsmouth F.C.,Portsmouth,portsmouth,Free transfer,no,,,
club-season 1995–96,1995–96 Queens Park Rangers F.C. season,1369043073,1990-07-03,Clive Wilson,,Chelsea,chelsea,,Queens Park Rangers F.C.,qpr,"£450,000",no,,,
club-season 1995–96,1995–96 Queens Park Rangers F.C. season,1369043073,,Michael Meaker,,Queens Park Rangers Juniors,,,Queens Park Rangers F.C.,qpr,,no,,,
club-season 1995–96,1995–96 Queens Park Rangers F.C. season,1369043073,,Peter Caldwell,,Queens Park Rangers Juniors,,,Queens Park Rangers F.C.,qpr,,no,,,
club-season 1995–96,1995–96 Queens Park Rangers F.C. season,1369043073,1991-07-02,Dennis Bailey,Birmingham City F.C.,Birmingham City,birmingham_city,,Queens Park Rangers F.C.,qpr,"£175,000",no,,,
club-season 1995–96,1995–96 Queens Park Rangers F.C. season,1369043073,,Marvin Bryan,,Queens Park Rangers Juniors,,,Queens Park Rangers F.C.,qpr,,no,,,
club-season 1995–96,1995–96 Queens Park Rangers F.C. season,1369043073,,Alan McCarthy,,Queens Park Rangers Juniors,,,Queens Park Rangers F.C.,qpr,,no,,,
club-season 1995–96,1995–96 Queens Park Rangers F.C. season,1369043073,,Brian Croft,Chester City F.C.,Chester City,,,Queens Park Rangers F.C.,qpr,"£60,000",no,,,
club-season 1995–96,1995–96 Queens Park Rangers F.C. season,1369043073,1994-07-22,Sieb Dijkstra,Motherwell F.C.,Motherwell,,,Queens Park Rangers F.C.,qpr,"£250,000",no,,,
club-season 1995–96,1995–96 Queens Park Rangers F.C. season,1369043073,1991-10-29,Gary Penrice,Aston Villa F.C.,Aston Villa,aston_villa,,Queens Park Rangers F.C.,qpr,"£625,000",no,,,
club-season 1995–96,1995–96 Queens Park Rangers F.C. season,1369043073,1994-10-28,Steve Hodge,Leeds United A.F.C.,Leeds United,leeds_united,,Queens Park Rangers F.C.,qpr,"£300,000",no,,,
club-season 1995–96,1995–96 Queens Park Rangers F.C. season,1369043073,1995-07-26,Ned Zelic,Borussia Mönchengladbach,Borussia Mönchengladbach,,,Queens Park Rangers F.C.,qpr,"£1,250,000",no,,,
club-season 1995–96,1995–96 Queens Park Rangers F.C. season,1369043073,1995-07-10,Simon Osborn,Reading F.C.,Reading,reading,,Queens Park Rangers F.C.,qpr,"£1,100,000",no,,,
club-season 1995–96,1995–96 Queens Park Rangers F.C. season,1369043073,,Bradley Allen,,Queens Park Rangers Juniors,,,Queens Park Rangers F.C.,qpr,,no,,,
club-season 1995–96,1995–96 Queens Park Rangers F.C. season,1369043073,1991-08-12,Ian Holloway,Bristol Rovers F.C.,Bristol Rovers,,,Queens Park Rangers F.C.,qpr,"£230,000",no,,,
club-season 1995–96,1995–96 Queens Park Rangers F.C. season,1369043073,,John Cross,,Queens Park Rangers Juniors,,,Queens Park Rangers F.C.,qpr,,no,,,
club-season 1995–96,1995–96 Queens Park Rangers F.C. season,1369043073,,Graeme Power,,Queens Park Rangers Juniors,,,Queens Park Rangers F.C.,qpr,,no,,,
club-season 1995–96,1995–96 Queens Park Rangers F.C. season,1369043073,1995-05-02,Matt Lockwood,,Queens Park Rangers Juniors,,,Queens Park Rangers F.C.,qpr,,no,,,
club-season 1995–96,1995–96 Queens Park Rangers F.C. season,1369043073,1995-05-02,Steve Parmenter,,Queens Park Rangers Juniors,,,Queens Park Rangers F.C.,qpr,,no,,,
club-season 1995–96,1995–96 Queens Park Rangers F.C. season,1369043073,1995-07-10,Simon Osborn,Reading F.C.,Reading,reading,,Queens Park Rangers F.C.,qpr,"£1,100,000",no,,,
club-season 1995–96,1995–96 Queens Park Rangers F.C. season,1369043073,1995-07-26,Ned Zelic,Borussia Mönchengladbach,Borussia Mönchengladbach,,,Queens Park Rangers F.C.,qpr,"£1,250,000",no,,,
club-season 1995–96,1995–96 Queens Park Rangers F.C. season,1369043073,1995-07-20,Nigel Quashie,,Queens Park Rangers Juniors,,,Queens Park Rangers F.C.,qpr,,no,,,
club-season 1995–96,1995–96 Queens Park Rangers F.C. season,1369043073,1995-08-04,Lee Charles,Chertsey Town F.C.,Chertsey Town,,,Queens Park Rangers F.C.,qpr,"£67,500",no,,,
club-season 1995–96,1995–96 Queens Park Rangers F.C. season,1369043073,1995-08-05,Andy McDermott,Australian Institute of Sport (Soccer),Australian Institute of Sport,,,Queens Park Rangers F.C.,qpr,"£20,000",no,,,
club-season 1995–96,1995–96 Queens Park Rangers F.C. season,1369043073,1995-08-09,Gregory Goodridge,Torquay United F.C.,Torquay United,,,Queens Park Rangers F.C.,qpr,"£100,000",no,,,
club-season 1995–96,1995–96 Queens Park Rangers F.C. season,1369043073,1995-08-29,Juergen Sommer,Luton Town F.C.,Luton Town,luton_town,,Queens Park Rangers F.C.,qpr,"£600,000",no,,,
club-season 1995–96,1995–96 Queens Park Rangers F.C. season,1369043073,1995-08,Nigel Quashie,,Queens Park Rangers Juniors,,,Queens Park Rangers F.C.,qpr,,no,,,
club-season 1995–96,1995–96 Queens Park Rangers F.C. season,1369043073,1995-10-27,Lee Sharp,Lincoln United F.C.,Lincoln United,,,Queens Park Rangers F.C.,qpr,,no,,,
club-season 1995–96,1995–96 Queens Park Rangers F.C. season,1369043073,,Mark Perry,,Queens Park Rangers Juniors,,,Queens Park Rangers F.C.,qpr,,no,,,
club-season 1995–96,1995–96 Queens Park Rangers F.C. season,1369043073,1995-11-03,Mark Hateley,Rangers F.C.,Rangers,,,Queens Park Rangers F.C.,qpr,"£1,500,000",no,,,
club-season 1995–96,1995–96 Queens Park Rangers F.C. season,1369043073,,Paul Murray,,Carlisle,,,Queens Park Rangers F.C.,qpr,Loan,no,,,
club-season 1995–96,1995–96 Queens Park Rangers F.C. season,1369043073,1996-05-02,Paul Murray,Carlisle United F.C.,Carlisle United,,,Queens Park Rangers F.C.,qpr,"£300,000",no,,,
club-season 1995–96,1995–96 Sheffield Wednesday F.C. season,1376704592,1995-07-19,Mark Pembridge,Derby County F.C.,Derby County,derby_county,,Sheffield Wednesday F.C.,sheffield_wednesday,"£900,000",no,,,
club-season 1995–96,1995–96 Sheffield Wednesday F.C. season,1376704592,1995-07-19,Marc Degryse,R.S.C. Anderlecht,Anderlecht,,,Sheffield Wednesday F.C.,sheffield_wednesday,"£1,500,000",no,,,
club-season 1995–96,1995–96 Sheffield Wednesday F.C. season,1376704592,1995-11-25,Steve Nicol,Notts County F.C.,Notts County,,,Sheffield Wednesday F.C.,sheffield_wednesday,Free transfer,no,,,
club-season 1995–96,1995–96 Sheffield Wednesday F.C. season,1376704592,1995-12-22,Dejan Stefanović,Red Star Belgrade,Red Star Belgrade,,,Sheffield Wednesday F.C.,sheffield_wednesday,"£2,000,000",no,,,
club-season 1995–96,1995–96 Sheffield Wednesday F.C. season,1376704592,1995-12-22,Darko Kovačević,Red Star Belgrade,Red Star Belgrade,,,Sheffield Wednesday F.C.,sheffield_wednesday,"£3,000,000",no,,,
club-season 1995–96,1995–96 Sheffield Wednesday F.C. season,1376704592,1996-03-04,Regi Blinker,Feyenoord,Feyenoord,,,Sheffield Wednesday F.C.,sheffield_wednesday,"£275,000",no,,,
club-season 1995–96,1995–96 Sheffield Wednesday F.C. season,1376704592,1996-03-16,Jon Newsome,Norwich City F.C.,Norwich City,norwich_city,,Sheffield Wednesday F.C.,sheffield_wednesday,"£1,500,000",no,,,
club-season 1995–96,1995–96 Sheffield Wednesday F.C. season,1376704592,1995-07-01,Chris Bart-Williams,,Sheffield Wednesday F.C.,sheffield_wednesday,Nottingham Forest F.C.,Nottingham Forest,nottingham_forest,"£2,500,000",no,,,
club-season 1995–96,1995–96 Sheffield Wednesday F.C. season,1376704592,1995-11-08,Dan Petrescu,,Sheffield Wednesday F.C.,sheffield_wednesday,Chelsea F.C.,Chelsea,chelsea,"£2,300,000",no,,,
club-season 1995–96,1995–96 Sheffield Wednesday F.C. season,1376704592,1995-11-15,Klas Ingesson,,Sheffield Wednesday F.C.,sheffield_wednesday,AS Bari,Bari,,"£900,000",no,,,
club-season 1995–96,1995–96 Sheffield Wednesday F.C. season,1376704592,1995-11-22,Andy Pearce,,Sheffield Wednesday F.C.,sheffield_wednesday,Wimbledon F.C.,Wimbledon,wimbledon_fc,"£600,000",no,,,
club-season 1995–96,1995–96 Sheffield Wednesday F.C. season,1376704592,1996-01-23,Andy Sinton,,Sheffield Wednesday F.C.,sheffield_wednesday,Tottenham Hotspur F.C.,Tottenham Hotspur,tottenham_hotspur,"£1,500,000",no,,,
club-season 1995–96,1995–96 Sheffield Wednesday F.C. season,1376704592,1996-03-29,Julian Watts,,Sheffield Wednesday F.C.,sheffield_wednesday,Leicester City F.C.,Leicester City,leicester_city,"£210,000",no,,,
club-season 1995–96,1995–96 Southampton F.C. season,1365907464,,,,1 June 1995,,,Southampton F.C.,southampton,,no,https://www.saintsplayers.co.uk/player/alan-neilson/,SaintsPlayers.co.uk,
club-season 1995–96,1995–96 Southampton F.C. season,1365907464,,,,July 1995,,,Southampton F.C.,southampton,,no,https://www.saintsplayers.co.uk/player/phil-warner/,SaintsPlayers.co.uk,
club-season 1995–96,1995–96 Southampton F.C. season,1365907464,,,,25 October 1995,,,Southampton F.C.,southampton,,no,https://www.saintsplayers.co.uk/player/barry-venison/,SaintsPlayers.co.uk,
club-season 1995–96,1995–96 Southampton F.C. season,1365907464,,,,20 December 1995,,,Southampton F.C.,southampton,,no,https://www.saintsplayers.co.uk/player/neil-moss/ https://www.saintsplayers.co.uk/player/neil-moss/, | SaintsPlayers.co.uk | SaintsPlayers.co.uk, |  | 
club-season 1995–96,1995–96 Southampton F.C. season,1365907464,,,,18 January 1996,,,Southampton F.C.,southampton,,no,https://www.saintsplayers.co.uk/player/mark-walters/,SaintsPlayers.co.uk,
club-season 1995–96,1995–96 Southampton F.C. season,1365907464,,,,Southampton F.C.,southampton,,11 October 1995,,,no,https://www.saintsplayers.co.uk/player/paul-allen/,SaintsPlayers.co.uk,
club-season 1995–96,1995–96 Southampton F.C. season,1365907464,,,,Southampton F.C.,southampton,,20 October 1995,,,no,https://www.saintsplayers.co.uk/player/peter-whiston/,SaintsPlayers.co.uk,
club-season 1995–96,1995–96 Southampton F.C. season,1365907464,,,,Southampton F.C.,southampton,,16 February 1996,,,no,https://www.saintsplayers.co.uk/player/paul-mcdonald/ https://www.saintsplayers.co.uk/player/paul-mcdonald/, | SaintsPlayers.co.uk | SaintsPlayers.co.uk, |  | 
club-season 1995–96,1995–96 Southampton F.C. season,1365907464,,,,Southampton F.C.,southampton,,1 March 1996,,,no,https://www.saintsplayers.co.uk/player/craig-maskell/,SaintsPlayers.co.uk,
club-season 1995–96,1995–96 Tottenham Hotspur F.C. season,1357096657,1995-06-12,Clive Wilson,Queens Park Rangers F.C.,QPR,qpr,,Tottenham Hotspur F.C.,tottenham_hotspur,Free transfer,no,,,
club-season 1995–96,1995–96 Tottenham Hotspur F.C. season,1357096657,1995-06-30,Chris Armstrong,Crystal Palace F.C.,Crystal Palace,crystal_palace,,Tottenham Hotspur F.C.,tottenham_hotspur,"£4,500,000",no,,,
club-season 1995–96,1995–96 Tottenham Hotspur F.C. season,1357096657,1995-10-06,Ruel Fox,Newcastle United F.C.,Newcastle United,newcastle_united,,Tottenham Hotspur F.C.,tottenham_hotspur,"£4,200,000",no,,,
club-season 1995–96,1995–96 Tottenham Hotspur F.C. season,1357096657,1996-01-23,Andy Sinton,Sheffield Wednesday F.C.,Sheffield Wednesday,sheffield_wednesday,,Tottenham Hotspur F.C.,tottenham_hotspur,"£1,500,000",no,,,
club-season 1995–96,1995–96 Tottenham Hotspur F.C. season,1357096657,1995-05-22,Gheorghe Popescu,,Tottenham Hotspur F.C.,tottenham_hotspur,FC Barcelona,Barcelona,,"£2,800,000",no,,,
club-season 1995–96,1995–96 Tottenham Hotspur F.C. season,1357096657,1995-07-01,Jürgen Klinsmann,,Tottenham Hotspur F.C.,tottenham_hotspur,FC Bayern Munich,FC Bayern Munich,,"€1,400,000",no,,,
club-season 1995–96,1995–96 Tottenham Hotspur F.C. season,1357096657,1995-07-11,John Hendry,,Tottenham Hotspur F.C.,tottenham_hotspur,Motherwell F.C.,Motherwell,,"£200,000",no,,,
club-season 1995–96,1995–96 Tottenham Hotspur F.C. season,1357096657,1995-08-08,Nick Barmby,,Tottenham Hotspur F.C.,tottenham_hotspur,Middlesbrough F.C.,Middlesbrough,middlesbrough,"£5,250,000",no,,,
club-season 1995–96,1995–96 Tottenham Hotspur F.C. season,1357096657,1996-02-28,Darren Caskey,,Tottenham Hotspur F.C.,tottenham_hotspur,Reading F.C.,Reading,reading,"£700,000",no,,,
club-season 1995–96,1995–96 Tottenham Hotspur F.C. season,1357096657,1996-03-09,Ilie Dumitrescu,,Tottenham Hotspur F.C.,tottenham_hotspur,West Ham United F.C.,West Ham United,west_ham,"£1,500,000",no,,,
club-season 1995–96,1995–96 Tottenham Hotspur F.C. season,1357096657,1996-03-27,Owen Coll,,Tottenham Hotspur F.C.,tottenham_hotspur,A.F.C. Bournemouth,Bournemouth,bournemouth,Signed,no,,,
club-season 1995–96,1995–96 West Ham United F.C. season,1357130164,1995-07-01,Marco Boogers,Sparta Rotterdam,Sparta Rotterdam,,,West Ham United F.C.,west_ham,"£1,000,000",no,,,
club-season 1995–96,1995–96 West Ham United F.C. season,1357130164,1995-08-14,Robbie Slater,Blackburn Rovers F.C.,Blackburn Rovers,blackburn_rovers,,West Ham United F.C.,west_ham,"£600,000",no,,,
club-season 1995–96,1995–96 West Ham United F.C. season,1357130164,1995-09-08,Iain Dowie,Crystal Palace F.C.,Crystal Palace,crystal_palace,,West Ham United F.C.,west_ham,"£500,000",no,,,
club-season 1995–96,1995–96 West Ham United F.C. season,1357130164,1995-09-08,Stan Lazaridis,West Adelaide SC,West Adelaide,,,West Ham United F.C.,west_ham,"£300,000",no,,,
club-season 1995–96,1995–96 West Ham United F.C. season,1357130164,1996-01-11,Peter Shilton,Coventry City F.C.,Coventry City,coventry_city,,West Ham United F.C.,west_ham,Free transfer,no,,,
club-season 1995–96,1995–96 West Ham United F.C. season,1357130164,1996-03-29,Steve Mautone,Canberra Cosmos,Canberra Cosmos,,,West Ham United F.C.,west_ham,"£30,000",no,,,
club-season 1995–96,1995–96 West Ham United F.C. season,1357130164,1995-07-01,Jamie Victory,,West Ham United F.C.,west_ham,A.F.C. Bournemouth,Bournemouth,bournemouth,Free transfer,no,,,
club-season 1995–96,1995–96 West Ham United F.C. season,1357130164,1995-08-15,Matty Holmes,,West Ham United F.C.,west_ham,Blackburn Rovers F.C.,Blackburn Rovers,blackburn_rovers,"£1,200,000",no,,,
club-season 1995–96,1995–96 West Ham United F.C. season,1357130164,1995-08-18,Matthew Rush,,West Ham United F.C.,west_ham,Norwich City F.C.,Norwich City,norwich_city,"£330,000",no,,,
club-season 1995–96,1995–96 West Ham United F.C. season,1357130164,1995-09-07,Jeroen Boere,,West Ham United F.C.,west_ham,Crystal Palace F.C.,Crystal Palace,crystal_palace,"£375,000",no,,,
club-season 1995–96,1995–96 West Ham United F.C. season,1357130164,1995-11-03,Chris Moors,,West Ham United F.C.,west_ham,Torquay United F.C.,Torquay United,,Free transfer,no,,,
club-season 1995–96,1995–96 West Ham United F.C. season,1357130164,1995-12-16,Ian Feuer,,West Ham United F.C.,west_ham,Luton Town F.C.,Luton Town,luton_town,"£580,000",no,,,
club-season 1995–96,1995–96 West Ham United F.C. season,1357130164,1996-01-10,Don Hutchison,,West Ham United F.C.,west_ham,Sheffield United F.C.,Sheffield United,sheffield_united,"£1,200,000",no,,,
club-season 1995–96,1995–96 West Ham United F.C. season,1357130164,1996-02-07,Darren Currie,,West Ham United F.C.,west_ham,Shrewsbury Town F.C.,Shrewsbury Town,,"£70,000",no,,,
club-season 1995–96,1995–96 West Ham United F.C. season,1357130164,1996-02-22,Martin Allen,,West Ham United F.C.,west_ham,Portsmouth F.C.,Portsmouth,portsmouth,"£500,000",no,,,
club-season 1995–96,1995–96 West Ham United F.C. season,1357130164,1996-03-28,Paul Mitchell,,West Ham United F.C.,west_ham,A.F.C. Bournemouth,Bournemouth,bournemouth,Free transfer,no,,,
club-season 1995–96,1995–96 Wimbledon F.C. season,1357118980,1995-07-25,Paul Heald,Leyton Orient F.C.,Leyton Orient,,,Wimbledon F.C.,wimbledon_fc,"£125,000",no,,,
club-season 1995–96,1995–96 Wimbledon F.C. season,1357118980,1995-06-05,Warren Barton,Newcastle United F.C.,Newcastle United,newcastle_united,,Wimbledon F.C.,wimbledon_fc,"£4,000,000",no,,,
club-season 1995–96,1995–96 Wimbledon F.C. season,1357118980,1995-08-08,Steve Anthrobus,Shrewsbury Town F.C.,Shrewsbury Town,,,Wimbledon F.C.,wimbledon_fc,"£25,000",no,,,
club-season 1996–97,1996–97 Arsenal F.C. season,1369856790,,KR Reykjavík,,Undisclosed,,,Arsenal F.C.,arsenal,16 July 1996,no,http://www.soccerbase.com/players/home.sd?search=Valur+GIslason&type=playerAll,Soccerbase,
club-season 1996–97,1996–97 Arsenal F.C. season,1369856790,,Leeds United,,Free,,,Arsenal F.C.,arsenal,26 July 1996,no,,,27 July 1996
club-season 1996–97,1996–97 Arsenal F.C. season,1369856790,,RC Strasbourg,,Free,,,Arsenal F.C.,arsenal,14 August 1996,no,,,15 August 1996
club-season 1996–97,1996–97 Arsenal F.C. season,1369856790,,AC Milan,,"£3,500,000",,,Arsenal F.C.,arsenal,14 August 1996,no,,,15 August 1996
club-season 1996–97,1996–97 Arsenal F.C. season,1369856790,,Paris Saint-Germain,,Undisclosed,,,Arsenal F.C.,arsenal,22 February 1997,no,,,23 February 1997
club-season 1996–97,1996–97 Arsenal F.C. season,1369856790,,Manchester City,,Arsenal F.C.,arsenal,,"£1,000,000",,23 August 1996,no,,,24 August 1996
club-season 1996–97,1996–97 Arsenal F.C. season,1369856790,,Manchester City,,Arsenal F.C.,arsenal,,"£250,000",,31 October 1996,no,,,1 November 1996
club-season 1996–97,1996–97 Arsenal F.C. season,1369856790,,Portsmouth,,Arsenal F.C.,arsenal,,"£250,000",,1 November 1996,no,,,1 November 1996
club-season 1996–97,1996–97 Arsenal F.C. season,1369856790,,West Ham United,,Arsenal F.C.,arsenal,,"£5,000,000",,14 February 1997,no,,,15 February 1997
club-season 1996–97,1996–97 Arsenal F.C. season,1369856790,,Crystal Palace,,Arsenal F.C.,arsenal,,"£500,000",,21 January 1997,no,,,22 January 1997
club-season 1996–97,1996–97 Arsenal F.C. season,1369856790,,Queens Park Rangers,,Arsenal F.C.,arsenal,,"£500,000",,27 March 1997,no,,,27 March 1997
club-season 1996–97,1996–97 Aston Villa F.C. season,1371087515,1996-08-02,Fernando Nélson,Sporting CP,Sporting,,,Aston Villa F.C.,aston_villa,"£1,700,000",no,,,
club-season 1996–97,1996–97 Aston Villa F.C. season,1371087515,1996-08-23,Saša Ćurčić,Bolton Wanderers,Bolton Wanderers,bolton_wanderers,,Aston Villa F.C.,aston_villa,"£4,000,000",no,,,
club-season 1996–97,1996–97 Aston Villa F.C. season,1371087515,1996-07-03,Paul Browne,,Aston Villa F.C.,aston_villa,Raith Rovers,Raith Rovers,,"£70,000",no,,,
club-season 1996–97,1996–97 Aston Villa F.C. season,1371087515,1996-10-01,Paul McGrath,,Aston Villa F.C.,aston_villa,Derby County,Derby County,derby_county,"£100,000",no,,,
club-season 1996–97,1996–97 Aston Villa F.C. season,1371087515,1996-10-01,Franz Carr,,Aston Villa F.C.,aston_villa,A.C. Reggiana 1919,Reggiana,,Free transfer,no,,,
club-season 1996–97,1996–97 Aston Villa F.C. season,1371087515,1997-03-26,Phil King,,Aston Villa F.C.,aston_villa,Swindon Town,Swindon Town,swindon_town,Free transfer,no,,,
club-season 1996–97,1996–97 Aston Villa F.C. season,1371087515,1997-03-26,Carl Tiler,,Aston Villa F.C.,aston_villa,Sheffield United,Sheffield United,sheffield_united,"£650,000",no,,,
club-season 1996–97,1996–97 Aston Villa F.C. season,1371087515,1997-03-27,Tommy Johnson,,Aston Villa F.C.,aston_villa,Celtic F.C.,Celtic,,"£2,300,000",no,,,
club-season 1996–97,1996–97 Chelsea F.C. season,1375834452,1996-05-24,Gianluca Vialli,Juventus FC,Juventus,,,Chelsea F.C.,chelsea,Free,no,,,
club-season 1996–97,1996–97 Chelsea F.C. season,1375834452,1996-07-01,Roberto Di Matteo,S.S. Lazio,Lazio,,,Chelsea F.C.,chelsea,"£4,900,000",no,,,
club-season 1996–97,1996–97 Chelsea F.C. season,1375834452,1996-07-01,Frank Leboeuf,RC Strasbourg,Strasbourg,,,Chelsea F.C.,chelsea,"£2,500,000",no,,,
club-season 1996–97,1996–97 Chelsea F.C. season,1375834452,1996-11-01,Frode Grodås,Lillestrøm SK,LSK,,,Chelsea F.C.,chelsea,Free,no,,,
club-season 1996–97,1996–97 Chelsea F.C. season,1375834452,1996-11-08,Gianfranco Zola,Parma F.C.,Parma,,,Chelsea F.C.,chelsea,"£4,500,000",no,,,
club-season 1996–97,1996–97 Chelsea F.C. season,1375834452,1997-03-20,Danny Granville,Cambridge United F.C.,Cambridge United,,,Chelsea F.C.,chelsea,"£300,000",no,,,
club-season 1996–97,1996–97 Chelsea F.C. season,1375834452,1997-04-21,Celestine Babayaro,R.S.C. Anderlecht,Anderlecht,,,Chelsea F.C.,chelsea,"£2,250,000",no,,,
club-season 1996–97,1996–97 Chelsea F.C. season,1375834452,1996-07-04,Zeke Rowe,,Chelsea F.C.,chelsea,Peterborough United F.C.,Peterborough United,,Free,no,,,
club-season 1996–97,1996–97 Chelsea F.C. season,1375834452,1996-07-08,Muzzy Izzet,,Chelsea F.C.,chelsea,Leicester City F.C.,Leicester City,leicester_city,"£650,000",no,,,
club-season 1996–97,1996–97 Chelsea F.C. season,1375834452,1996-07-10,Ritchie Hanlon,,Chelsea F.C.,chelsea,Southend United F.C.,Southend United,,Free,no,,,
club-season 1996–97,1996–97 Chelsea F.C. season,1375834452,1996-07-17,Paul Furlong,,Chelsea F.C.,chelsea,Birmingham City F.C.,Birmingham City,birmingham_city,"£1,500,000",no,,,
club-season 1996–97,1996–97 Chelsea F.C. season,1375834452,1996-08-01,Anthony Barness,,Chelsea F.C.,chelsea,Charlton Athletic F.C.,Charlton Athletic,charlton_athletic,"£165,000",no,,,
club-season 1996–97,1996–97 Chelsea F.C. season,1375834452,1996-08-16,Russell Kelly,,Chelsea F.C.,chelsea,Darlington F.C.,Darlington,,Free,no,,,
club-season 1996–97,1996–97 Chelsea F.C. season,1375834452,1996-11-21,John Spencer,,Chelsea F.C.,chelsea,Queens Park Rangers F.C.,QPR,qpr,"£2,500,000",no,,,
club-season 1996–97,1996–97 Chelsea F.C. season,1375834452,1996-12-23,Gavin Peacock,,Chelsea F.C.,chelsea,Queens Park Rangers F.C.,QPR,qpr,"£800,000",no,,,
club-season 1996–97,1996–97 Chelsea F.C. season,1375834452,1996-12-30,Terry Phelan,,Chelsea F.C.,chelsea,Everton F.C.,Everton,everton,"£850,000",no,,,
club-season 1996–97,1996–97 Coventry City F.C. season,1365069898,1996-07-26,Gary McAllister,Leeds United,Leeds United,leeds_united,,Coventry City F.C.,coventry_city,"£3,000,000",no,,,
club-season 1996–97,1996–97 Coventry City F.C. season,1365069898,1996-08-10,Régis Genaux,Standard Liège,Standard Liège,,,Coventry City F.C.,coventry_city,"£750,000",no,,,
club-season 1996–97,1996–97 Coventry City F.C. season,1365069898,1996-11-23,Darren Huckerby,Newcastle United F.C.,Newcastle United,newcastle_united,,Coventry City F.C.,coventry_city,"£1,000,000",no,,,
club-season 1996–97,1996–97 Coventry City F.C. season,1365069898,1997-01-30,Gary Breen,Birmingham City F.C.,Birmingham City,birmingham_city,,Coventry City F.C.,coventry_city,"£2,500,000",no,,,
club-season 1996–97,1996–97 Coventry City F.C. season,1365069898,1997-01-30,Oleksandr Yevtushok,FC Dnipro Dnipropetrovsk,Dnipro Dnipropetrovsk,,,Coventry City F.C.,coventry_city,"£800,000",no,,,
club-season 1996–97,1996–97 Coventry City F.C. season,1365069898,1997-05-21,Simon Haworth,Cardiff City F.C.,Cardiff City,cardiff_city,,Coventry City F.C.,coventry_city,"£500,000",no,,,
club-season 1996–97,1996–97 Coventry City F.C. season,1365069898,1997-06-19,Trond Egil Soltvedt,Rosenborg BK,Rosenborg,,,Coventry City F.C.,coventry_city,"£500,000",no,,,
club-season 1996–97,1996–97 Coventry City F.C. season,1365069898,1997-07-04,Kyle Lightbourne,Walsall F.C.,Walsall,,,Coventry City F.C.,coventry_city,"£500,000",no,,,
club-season 1996–97,1996–97 Coventry City F.C. season,1365069898,1997-07-07,Magnus Hedman,AIK Fotboll,AIK,,,Coventry City F.C.,coventry_city,Free,no,,,
club-season 1996–97,1996–97 Coventry City F.C. season,1365069898,1997-07-09,Martin Johansen,F.C. Copenhagen,Copenhagen,,,Coventry City F.C.,coventry_city,Free,no,,,
club-season 1996–97,1996–97 Coventry City F.C. season,1365069898,1996-08-05,David Rennie,,Coventry City F.C.,coventry_city,Northampton Town F.C.,Northampton Town,,Free,no,,,
club-season 1996–97,1996–97 Coventry City F.C. season,1365069898,1996-08-15,Ally Pickering,,Coventry City F.C.,coventry_city,Stoke City F.C.,Stoke City,stoke_city,"£280,000",no,,,
club-season 1996–97,1996–97 Coventry City F.C. season,1365069898,1997-01-28,Régis Genaux,,Coventry City F.C.,coventry_city,Udinese Calcio,Udinese,,"£800,000",no,,,
club-season 1996–97,1996–97 Coventry City F.C. season,1365069898,1997-07-01,Chris McMenamin,,Coventry City F.C.,coventry_city,Peterborough United F.C.,Peterborough United,,Free,no,,,
club-season 1996–97,1996–97 Coventry City F.C. season,1365069898,1997-07-04,Eoin Jess,,Coventry City F.C.,coventry_city,Aberdeen F.C.,Aberdeen,,"£700,000",no,,,
club-season 1996–97,1996–97 Coventry City F.C. season,1365069898,1997-07-14,Peter Ndlovu,,Coventry City F.C.,coventry_city,Birmingham City F.C.,Birmingham City,birmingham_city,"£1,600,000",no,,,
club-season 1996–97,1996–97 Coventry City F.C. season,1365069898,1997-07-14,Neil Wypior,,Coventry City F.C.,coventry_city,West Bromwich Albion F.C,West Bromwich Albion,west_brom,Undisclosed,no,,,
club-season 1996–97,1996–97 Leicester City F.C. season,1370389719,1996-08-17,Spencer Prior,Norwich City F.C.,Norwich City,norwich_city,,Leicester City F.C.,leicester_city,"£600,000",no,https://www.independent.co.uk/sport/on-the-move-1310342.html,Independent Print Limited,18 August 1996
club-season 1996–97,1996–97 Leicester City F.C. season,1370389719,1996-08-17,Kasey Keller,Millwall F.C.,Millwall,,,Leicester City F.C.,leicester_city,"£900,000",no,,,
club-season 1996–97,1996–97 Leicester City F.C. season,1370389719,1996-08-31,Ian Marshall,Ipswich Town F.C.,Ipswich Town,ipswich_town,,Leicester City F.C.,leicester_city,"£800,000",no,,,
club-season 1996–97,1996–97 Leicester City F.C. season,1370389719,1996-09-01,Sascha Lenhart,Royal Antwerp F.C.,Royal Antwerp,,,Leicester City F.C.,leicester_city,Free transfer,no,,,
club-season 1996–97,1996–97 Leicester City F.C. season,1370389719,1997-01-16,Matt Elliott,Oxford United F.C.,Oxford United,,,Leicester City F.C.,leicester_city,"£1,600,000",no,,,
club-season 1996–97,1996–97 Leicester City F.C. season,1370389719,1997-02-17,Robert Ullathorne,CA Osasuna,Osasuna,,,Leicester City F.C.,leicester_city,"£600,000",no,,,
club-season 1996–97,1996–97 Leicester City F.C. season,1370389719,1997-02-28,Steve Guppy,Port Vale F.C.,Port Vale,,,Leicester City F.C.,leicester_city,"£850,000",no,,,
club-season 1996–97,1996–97 Leicester City F.C. season,1370389719,1996-08-23,Mark Blake,,Leicester City F.C.,leicester_city,Walsall F.C.,Walsall,,Free transfer,no,,,
club-season 1996–97,1996–97 Leicester City F.C. season,1370389719,1996-11-27,Stuart Slater,,Leicester City F.C.,leicester_city,Watford F.C.,Watford,watford,Free transfer,no,,,
club-season 1996–97,1996–97 Leicester City F.C. season,1370389719,1997-03-14,Paul Hyde,,Leicester City F.C.,leicester_city,Leyton Orient F.C.,Leyton Orient,,Free transfer,no,,,
club-season 1996–97,1996–97 Leicester City F.C. season,1370389719,1997-06-22,Jamie Lawrence,,Leicester City F.C.,leicester_city,Bradford City A.F.C.,Bradford City,bradford_city,"£50,000",no,,,
club-season 1996–97,1996–97 Leicester City F.C. season,1370389719,1997-06-22,Neil Lewis,,Leicester City F.C.,leicester_city,Peterborough United F.C.,Peterborough United,,"£75,000",no,,,
club-season 1996–97,1996–97 Leicester City F.C. season,1370389719,1997-06-26,Simon Grayson,,Leicester City F.C.,leicester_city,Aston Villa F.C.,Aston Villa,aston_villa,"£1,300,000",no,,,
club-season 1996–97,1996–97 Liverpool F.C. season,1306469522,1996-08-15,Patrik Berger,Borussia Dortmund,Borussia Dortmund,,,Liverpool F.C.,liverpool,"£3,250,000",no,,,
club-season 1996–97,1996–97 Liverpool F.C. season,1306469522,1996-09-01,Nick Rizzo,Sydney Olympic Football Club,Sydney Olympic,,,Liverpool F.C.,liverpool,Free,no,,,
club-season 1996–97,1996–97 Liverpool F.C. season,1306469522,1997-01-10,Bjørn Tore Kvarme,Rosenborg BK,Rosenborg,,,Liverpool F.C.,liverpool,Free,no,,,
club-season 1996–97,1996–97 Liverpool F.C. season,1306469522,1996-06-01,Stephen Pears,,Liverpool F.C.,liverpool,Hartlepool United F.C.,Hartlepool United,,Free,no,,,
club-season 1996–97,1996–97 Liverpool F.C. season,1306469522,1996-12-06,Phil Charnock,,Liverpool F.C.,liverpool,Crewe Alexandra F.C.,Crewe Alexandra,,Free,no,,,
club-season 1996–97,1996–97 Liverpool F.C. season,1306469522,1996-12-11,John Scales,,Liverpool F.C.,liverpool,Tottenham Hotspur F.C.,Tottenham Hotspur,tottenham_hotspur,"£2,600,000",no,,,
club-season 1996–97,1996–97 Manchester United F.C. season,1366660527,1996-07-10,Ronny Johnsen,Beşiktaş J.K.,Beşiktaş,,,Manchester United F.C.,manchester_united,£1.2m,no,https://www.independent.co.uk/sport/di-matteo-seals-move-to-chelsea-1327518.html,The Independent,6 July 1996
club-season 1996–97,1996–97 Manchester United F.C. season,1366660527,1996-07-20,Karel Poborský,SK Slavia Prague,Slavia Prague,,,Manchester United F.C.,manchester_united,£3.5m,no,https://www.independent.co.uk/sport/briefly--poborsky-signs-at-last-1329803.html,The Independent,21 July 1996
club-season 1996–97,1996–97 Manchester United F.C. season,1366660527,1996-07-23,Ole Gunnar Solskjær,Molde FK,Molde,,,Manchester United F.C.,manchester_united,£1.5m,no,https://www.independent.co.uk/sport/di-matteo-seals-move-to-chelsea-1327518.html,The Independent,6 July 1996
club-season 1996–97,1996–97 Manchester United F.C. season,1366660527,1996-08-08,Jordi Cruyff,FC Barcelona,Barcelona,,,Manchester United F.C.,manchester_united,£1.4m,no,,,
club-season 1996–97,1996–97 Manchester United F.C. season,1366660527,1997-06-27,Teddy Sheringham,Tottenham Hotspur F.C.,Tottenham Hotspur,tottenham_hotspur,,Manchester United F.C.,manchester_united,£3.5m,no,https://www.independent.co.uk/sport/football-united-capture-sheringham-1258467.html,The Independent,28 June 1997
club-season 1996–97,1996–97 Manchester United F.C. season,1366660527,1996-07-02,Hasney Aljofree,,Manchester United F.C.,manchester_united,Bolton Wanderers F.C.,Bolton Wanderers,bolton_wanderers,Free,no,,,
club-season 1996–97,1996–97 Manchester United F.C. season,1366660527,1996-07-06,Heath Maxon,,Manchester United F.C.,manchester_united,,Released,,Free,no,,,
club-season 1996–97,1996–97 Manchester United F.C. season,1366660527,1996-07-12,Tony Coton,,Manchester United F.C.,manchester_united,Sunderland A.F.C.,Sunderland,sunderland,£600k,no,https://www.independent.co.uk/sport/nelson-finalises-move-to-villa-1328527.html,The Independent,13 July 1996
club-season 1996–97,1996–97 Manchester United F.C. season,1366660527,1996-08-12,Lee Sharpe,,Manchester United F.C.,manchester_united,Leeds United F.C.,Leeds United,leeds_united,£4.5m,no,,,
club-season 1996–97,1996–97 Manchester United F.C. season,1366660527,1996-12-08,Jovan Kirovski,,Manchester United F.C.,manchester_united,Borussia Dortmund,Borussia Dortmund,,Free,no,,,
club-season 1996–97,1996–97 Manchester United F.C. season,1366660527,1997-05-01,David Fish,,Manchester United F.C.,manchester_united,Stockport County F.C.,Stockport County,,Free,no,,,
club-season 1996–97,1996–97 Manchester United F.C. season,1366660527,1997-05-02,David Hilton,,Manchester United F.C.,manchester_united,,Released,,Free,no,,,
club-season 1996–97,1996–97 Manchester United F.C. season,1366660527,1997-05-15,Colin Murdock,,Manchester United F.C.,manchester_united,Preston North End F.C.,Preston North End,,£100k,no,,,
club-season 1996–97,1996–97 Manchester United F.C. season,1366660527,1997-06-30,Robert Trees,,Manchester United F.C.,manchester_united,,Released,,Free,no,,,
club-season 1996–97,1996–97 Newcastle United F.C. season,1369516237,,Blackburn Rovers,,"£15,000,000",,,Newcastle United F.C.,newcastle_united,30 July 1996,no,https://www.independent.co.uk/sport/shearer-goes-home-for-pounds-15m-1331235.html,The Independent,30 July 1996
club-season 1996–97,1996–97 Newcastle United F.C. season,1369516237,,Bradford City,,"£2,500,000",,,Newcastle United F.C.,newcastle_united,27 March 1997,no,https://www.independent.co.uk/sport/football-dalglish-snaps-up-hamilton-for-pounds-25m-1275353.html,The Independent,27 March 1997
club-season 1996–97,1996–97 Newcastle United F.C. season,1369516237,,Coventry City,,Newcastle United F.C.,newcastle_united,,"£1,000,000",,23 November 1996,no,,The Independent,22 November 1996
club-season 1996–97,1996–97 Newcastle United F.C. season,1369516237,,West Ham United,,Newcastle United F.C.,newcastle_united,,"£1,200,000",,6 February 1997,no,https://www.theguardian.com/sport/blog/2010/jan/29/joy-of-six-game-breaking-transfers,TheGuardian.com,29 January 2010
club-season 1996–97,1996–97 Nottingham Forest F.C. season,1368547881,1996-07-03,Chris Allen,Oxford United F.C.,Oxford United,,,Nottingham Forest F.C.,nottingham_forest,"£500,000",no,,,
club-season 1996–97,1996–97 Nottingham Forest F.C. season,1368547881,1996-07-16,Dean Saunders,Galatasaray S.K. (football team),Galatasaray,,,Nottingham Forest F.C.,nottingham_forest,"£1,500,000",no,,,
club-season 1996–97,1996–97 Nottingham Forest F.C. season,1368547881,1996-07-26,Nikola Jerkan,Real Oviedo,Real Oviedo,,,Nottingham Forest F.C.,nottingham_forest,"£1,000,000",no,,,
club-season 1996–97,1996–97 Nottingham Forest F.C. season,1368547881,1997-03-10,Pierre van Hooijdonk,Celtic F.C.,Celtic,,,Nottingham Forest F.C.,nottingham_forest,"£4,500,000",no,,,
club-season 1996–97,1996–97 Nottingham Forest F.C. season,1368547881,1997-03-15,Ian Thomas-Moore,Tranmere Rovers F.C.,Tranmere Rovers,,,Nottingham Forest F.C.,nottingham_forest,"£1,000,000",no,,,
club-season 1996–97,1996–97 Nottingham Forest F.C. season,1368547881,1996-07-16,Kingsley Black,,Nottingham Forest F.C.,nottingham_forest,Grimsby Town F.C.,Grimsby Town,,"£25,000",no,,,
club-season 1996–97,1996–97 Nottingham Forest F.C. season,1368547881,1996-08-16,Neil Webb,,Nottingham Forest F.C.,nottingham_forest,Grimsby Town F.C.,Grimsby Town,,Free transfer,no,,,
club-season 1996–97,1996–97 Nottingham Forest F.C. season,1368547881,1996-08-22,Darren Watkins,,Nottingham Forest F.C.,nottingham_forest,Berwick Rangers F.C.,Berwick Rangers,,Signed,no,,,
club-season 1996–97,1996–97 Nottingham Forest F.C. season,1368547881,1997-03-04,Tommy Wright,,Nottingham Forest F.C.,nottingham_forest,Manchester City F.C.,Manchester City,manchester_city,"£450,000",no,,,
club-season 1996–97,1996–97 Nottingham Forest F.C. season,1368547881,1997-05-09,Justin Walker,,Nottingham Forest F.C.,nottingham_forest,Scunthorpe United F.C.,Scunthorpe United,,Unknown,no,,,
club-season 1996–97,1996–97 Nottingham Forest F.C. season,1368547881,1997-05-28,Jason Lee,,Nottingham Forest F.C.,nottingham_forest,Watford F.C.,Watford,watford,"£200,000",no,,,
club-season 1996–97,1996–97 Sheffield Wednesday F.C. season,1376687106,1996-07-08,Andy Booth,Huddersfield Town A.F.C.,Huddersfield Town,huddersfield_town,,Sheffield Wednesday F.C.,sheffield_wednesday,"£2,700,000",no,,,
club-season 1996–97,1996–97 Sheffield Wednesday F.C. season,1376687106,1996-07-11,Matt Clarke,Rotherham United F.C.,Rotherham United,,,Sheffield Wednesday F.C.,sheffield_wednesday,"£325,000",no,,,
club-season 1996–97,1996–97 Sheffield Wednesday F.C. season,1376687106,1996-08-07,Scott Oakes,Luton Town F.C.,Luton Town,luton_town,,Sheffield Wednesday F.C.,sheffield_wednesday,"£425,000",no,,,
club-season 1996–97,1996–97 Sheffield Wednesday F.C. season,1376687106,1996-08-09,Wayne Collins,Crewe Alexandra F.C.,Crewe Alexandra,,,Sheffield Wednesday F.C.,sheffield_wednesday,"£600,000",no,,,
club-season 1996–97,1996–97 Sheffield Wednesday F.C. season,1376687106,1996-08-20,Orlando Trustfull,Feyenoord,Feyenoord,,,Sheffield Wednesday F.C.,sheffield_wednesday,"£750,000",no,,,
club-season 1996–97,1996–97 Sheffield Wednesday F.C. season,1376687106,1996-09-01,Dave Hercock,Cambridge City F.C.,Cambridge City,,,Sheffield Wednesday F.C.,sheffield_wednesday,Free transfer,no,,,
club-season 1996–97,1996–97 Sheffield Wednesday F.C. season,1376687106,1996-10-14,Benito Carbone,Inter Milan,Inter Milan,,,Sheffield Wednesday F.C.,sheffield_wednesday,"£3,000,000",no,,,
club-season 1996–97,1996–97 Sheffield Wednesday F.C. season,1376687106,1997-04-03,David Billington,Peterborough United F.C.,Peterborough United,,,Sheffield Wednesday F.C.,sheffield_wednesday,"£500,000",no,,,
club-season 1996–97,1996–97 Sheffield Wednesday F.C. season,1376687106,1997-04-15,Mark McKeever,Peterborough United F.C.,Peterborough United,,,Sheffield Wednesday F.C.,sheffield_wednesday,"£500,000",no,,,
club-season 1996–97,1996–97 Sheffield Wednesday F.C. season,1376687106,1996-06-01,Chris Woods,,Sheffield Wednesday F.C.,sheffield_wednesday,Colorado Rapids,Colorado Rapids,,Free transfer,no,,,
club-season 1996–97,1996–97 Sheffield Wednesday F.C. season,1376687106,1996-06-17,Simon Stewart,,Sheffield Wednesday F.C.,sheffield_wednesday,Fulham F.C.,Fulham,fulham,Free transfer,no,,,
club-season 1996–97,1996–97 Sheffield Wednesday F.C. season,1376687106,1996-07-01,Darko Kovačević,,Sheffield Wednesday F.C.,sheffield_wednesday,Real Sociedad,Real Sociedad,,Signed,no,,,
club-season 1996–97,1996–97 Sheffield Wednesday F.C. season,1376687106,1996-07-26,Lance Key,,Sheffield Wednesday F.C.,sheffield_wednesday,Dundee United F.C.,Dundee United,,Free transfer,no,,,
club-season 1996–97,1996–97 Sheffield Wednesday F.C. season,1376687106,1996-08-01,Marc Degryse,,Sheffield Wednesday F.C.,sheffield_wednesday,PSV Eindhoven,PSV Eindhoven,,Signed,no,,,
club-season 1996–97,1996–97 Sheffield Wednesday F.C. season,1376687106,1996-08-15,David Faulkner,,Sheffield Wednesday F.C.,sheffield_wednesday,Darlington F.C.,Darlington,,Free transfer,no,,,
club-season 1996–97,1996–97 Sheffield Wednesday F.C. season,1376687106,1996-09-12,Chris Waddle,,Sheffield Wednesday F.C.,sheffield_wednesday,Falkirk F.C.,Falkirk,,Free transfer,no,,,
club-season 1996–97,1996–97 Sheffield Wednesday F.C. season,1376687106,1996-12-19,John Sheridan,,Sheffield Wednesday F.C.,sheffield_wednesday,Bolton Wanderers F.C.,Bolton Wanderers,bolton_wanderers,"£180,000",no,,,
club-season 1996–97,1996–97 Sheffield Wednesday F.C. season,1376687106,1997-01-01,Mark Bright,,Sheffield Wednesday F.C.,sheffield_wednesday,FC Sion,FC Sion,,"£70,000",no,,,
club-season 1996–97,1996–97 Sheffield Wednesday F.C. season,1376687106,1997-03-11,Sam Sharman,,Sheffield Wednesday F.C.,sheffield_wednesday,Hull City A.F.C.,Hull City,hull_city,Free transfer,no,,,
club-season 1996–97,1996–97 Sheffield Wednesday F.C. season,1376687106,1997-08-30,Matthew Daly,,Sheffield Wednesday F.C.,sheffield_wednesday,Sligo Rovers F.C.,Sligo Rovers,,Free,no,,,
club-season 1996–97,1996–97 Southampton F.C. season,1356622041,,,,23 July 1996,,,Southampton F.C.,southampton,,no,https://www.saintsplayers.co.uk/player/graham-potter/,SaintsPlayers.co.uk,
club-season 1996–97,1996–97 Southampton F.C. season,1356622041,,,,July 1996,,,Southampton F.C.,southampton,,no,https://www.saintsplayers.co.uk/player/wayne-bridge/ https://www.saintsplayers.co.uk/player/wayne-bridge/,SaintsPlayers.co.uk | SaintsPlayers.co.uk, | 
club-season 1996–97,1996–97 Southampton F.C. season,1356622041,,,,July 1996,,,Southampton F.C.,southampton,,no,https://www.saintsplayers.co.uk/player/kevin-gibbins/ https://www.saintsplayers.co.uk/player/kevin-gibbins/,SaintsPlayers.co.uk | SaintsPlayers.co.uk, | 
club-season 1996–97,1996–97 Southampton F.C. season,1356622041,,,,July 1996,,,Southampton F.C.,southampton,,no,https://www.saintsplayers.co.uk/player/garry-monk/ https://www.saintsplayers.co.uk/player/garry-monk/,SaintsPlayers.co.uk | SaintsPlayers.co.uk, | 
club-season 1996–97,1996–97 Southampton F.C. season,1356622041,,,,6 August 1996,,,Southampton F.C.,southampton,,no,https://www.saintsplayers.co.uk/player/richard-dryden/,SaintsPlayers.co.uk,
club-season 1996–97,1996–97 Southampton F.C. season,1356622041,,,,1 September 1996,,,Southampton F.C.,southampton,,no,https://www.saintsplayers.co.uk/player/russell-watkinson/,SaintsPlayers.co.uk,
club-season 1996–97,1996–97 Southampton F.C. season,1356622041,,,,2 September 1996,,,Southampton F.C.,southampton,,no,https://www.saintsplayers.co.uk/player/claus-lundekvam/,SaintsPlayers.co.uk,
club-season 1996–97,1996–97 Southampton F.C. season,1356622041,,,,3 September 1996,,,Southampton F.C.,southampton,,no,https://www.saintsplayers.co.uk/player/robbie-slater/,SaintsPlayers.co.uk,
club-season 1996–97,1996–97 Southampton F.C. season,1356622041,,,,3 October 1996,,,Southampton F.C.,southampton,,no,https://www.saintsplayers.co.uk/player/egil-ostenstad/,SaintsPlayers.co.uk,
club-season 1996–97,1996–97 Southampton F.C. season,1356622041,,,,15 October 1996,,,Southampton F.C.,southampton,,no,https://www.saintsplayers.co.uk/player/ulrich-van-gobbel/,SaintsPlayers.co.uk,
club-season 1996–97,1996–97 Southampton F.C. season,1356622041,,,,November 1996,,,Southampton F.C.,southampton,,no,https://www.saintsplayers.co.uk/player/aly-dia/ https://www.saintsplayers.co.uk/player/aly-dia/,SaintsPlayers.co.uk | SaintsPlayers.co.uk, | 
club-season 1996–97,1996–97 Southampton F.C. season,1356622041,,,,31 December 1996,,,Southampton F.C.,southampton,,no,https://www.saintsplayers.co.uk/player/maik-taylor/,SaintsPlayers.co.uk,
club-season 1996–97,1996–97 Southampton F.C. season,1356622041,,,,3 March 1997,,,Southampton F.C.,southampton,,no,https://www.saintsplayers.co.uk/player/micky-evans/,SaintsPlayers.co.uk,
club-season 1996–97,1996–97 Southampton F.C. season,1356622041,,,,8 May 1997,,,Southampton F.C.,southampton,,no,https://www.saintsplayers.co.uk/player/kevin-davies/,SaintsPlayers.co.uk,
club-season 1996–97,1996–97 Southampton F.C. season,1356622041,,,,Southampton F.C.,southampton,,11 July 1996,,,no,https://www.saintsplayers.co.uk/player/tommy-widdrington/,SaintsPlayers.co.uk,
club-season 1996–97,1996–97 Southampton F.C. season,1356622041,,,,Southampton F.C.,southampton,,19 July 1996,,,no,https://www.saintsplayers.co.uk/player/richard-hall/,SaintsPlayers.co.uk,
club-season 1996–97,1996–97 Southampton F.C. season,1356622041,,,,Southampton F.C.,southampton,,31 July 1996,,,no,https://www.saintsplayers.co.uk/player/mark-walters/,SaintsPlayers.co.uk,
club-season 1996–97,1996–97 Southampton F.C. season,1356622041,,,,Southampton F.C.,southampton,,1 August 1996,,,no,https://www.saintsplayers.co.uk/player/derek-allan/,SaintsPlayers.co.uk,
club-season 1996–97,1996–97 Southampton F.C. season,1356622041,,,,Southampton F.C.,southampton,,12 August 1996,,,no,https://www.saintsplayers.co.uk/player/bruce-grobbelaar/,SaintsPlayers.co.uk,
club-season 1996–97,1996–97 Southampton F.C. season,1356622041,,,,Southampton F.C.,southampton,,25 October 1996,,,no,https://www.saintsplayers.co.uk/player/neil-shipperley/,SaintsPlayers.co.uk,
club-season 1996–97,1996–97 Southampton F.C. season,1356622041,,,,Southampton F.C.,southampton,,23 November 1996,,,no,https://www.saintsplayers.co.uk/player/neil-heaney/,SaintsPlayers.co.uk,
club-season 1996–97,1996–97 Southampton F.C. season,1356622041,,,,Southampton F.C.,southampton,,29 November 1996,,,no,https://www.saintsplayers.co.uk/player/frankie-bennett/,SaintsPlayers.co.uk,
club-season 1996–97,1996–97 Southampton F.C. season,1356622041,,,,Southampton F.C.,southampton,,15 January 1997,,,no,https://www.saintsplayers.co.uk/player/gordon-watson/,SaintsPlayers.co.uk,
club-season 1996–97,1996–97 Southampton F.C. season,1356622041,,,,Southampton F.C.,southampton,,14 February 1997,,,no,https://www.saintsplayers.co.uk/player/graham-potter/,SaintsPlayers.co.uk,
club-season 1996–97,1996–97 Sunderland A.F.C. season,1356622070,1996-06-01,Alex Rae,Millwall F.C.,Millwall,,,Sunderland A.F.C.,sunderland,"£1,000,000",no,,,
club-season 1996–97,1996–97 Sunderland A.F.C. season,1356622070,1996-07-11,Paul Conlon,Hartlepool United F.C.,Hartlepool United,,,Sunderland A.F.C.,sunderland,Free transfer,no,,,
club-season 1996–97,1996–97 Sunderland A.F.C. season,1356622070,1996-07-18,Tony Coton,Manchester United F.C.,Manchester United,manchester_united,,Sunderland A.F.C.,sunderland,"£600,000",no,,,
club-season 1996–97,1996–97 Sunderland A.F.C. season,1356622070,1996-08-01,Chris Tate,York City F.C.,York City,,,Sunderland A.F.C.,sunderland,Signed,no,,,
club-season 1996–97,1996–97 Sunderland A.F.C. season,1356622070,1996-08-01,Lionel Perez,FC Girondins de Bordeaux,Bordeaux,,,Sunderland A.F.C.,sunderland,"£200,000",no,,,
club-season 1996–97,1996–97 Sunderland A.F.C. season,1356622070,1996-08-17,Niall Quinn,Manchester City F.C.,Manchester City,manchester_city,,Sunderland A.F.C.,sunderland,"£1,300,000",no,,,
club-season 1996–97,1996–97 Sunderland A.F.C. season,1356622070,1996-10-18,Darren Williams,York City F.C.,York City,,,Sunderland A.F.C.,sunderland,"£50,000",no,,,
club-season 1996–97,1996–97 Sunderland A.F.C. season,1356622070,1997-01-07,Jan Eriksson,Helsingborgs IF,Helsingborgs IF,,,Sunderland A.F.C.,sunderland,"£250,000",no,,,
club-season 1996–97,1996–97 Sunderland A.F.C. season,1356622070,1997-03-17,Chris Waddle,Bradford City A.F.C.,Bradford City,bradford_city,,Sunderland A.F.C.,sunderland,"£75,000",no,,,
club-season 1996–97,1996–97 Sunderland A.F.C. season,1356622070,1997-03-21,Kim Heiselberg,Esbjerg fB,Esbjerg fB,,,Sunderland A.F.C.,sunderland,"£125,000",no,,,
club-season 1996–97,1996–97 Sunderland A.F.C. season,1356622070,1997-03-26,Chris Woods,Colorado Rapids,Colorado Rapids,,,Sunderland A.F.C.,sunderland,Signed,no,,,
club-season 1996–97,1996–97 Sunderland A.F.C. season,1356622070,1997-04-01,Allan Johnston,Stade Rennais F.C.,Rennes,,,Sunderland A.F.C.,sunderland,"£550,000",no,,,
club-season 1996–97,1996–97 Sunderland A.F.C. season,1356622070,1996-07-10,Alec Chamberlain,,Sunderland A.F.C.,sunderland,Watford F.C.,Watford,watford,"£40,000",no,,,
club-season 1996–97,1996–97 Sunderland A.F.C. season,1356622070,1996-07-27,Scott Coates,,Sunderland A.F.C.,sunderland,Berwick Rangers F.C.,Berwick Rangers,,Signed,no,,,
club-season 1996–97,1996–97 Sunderland A.F.C. season,1356622070,1996-08-01,Brian Atkinson,,Sunderland A.F.C.,sunderland,Darlington F.C.,Darlington,,Free transfer,no,,,
club-season 1996–97,1996–97 Sunderland A.F.C. season,1356622070,1996-08-01,Gordon Armstrong,,Sunderland A.F.C.,sunderland,Bury F.C.,Bury,,Free transfer,no,,,
club-season 1996–97,1996–97 Sunderland A.F.C. season,1356622070,1996-11-22,Brett Angell,,Sunderland A.F.C.,sunderland,Stockport County F.C.,Stockport County,,"£120,000",no,,,
club-season 1996–97,1996–97 Sunderland A.F.C. season,1356622070,1997-02-14,Steve Brodie,,Sunderland A.F.C.,sunderland,Scarborough F.C.,Scarborough,,Free transfer,no,,,
club-season 1996–97,1996–97 Wimbledon F.C. season,1362175875,1996-07-01,Duncan Jupp,Fulham F.C.,Fulham,fulham,,Wimbledon F.C.,wimbledon_fc,"£200,000",no,,,
club-season 1996–97,1996–97 Wimbledon F.C. season,1362175875,1996-07-05,Ben Thatcher,Millwall F.C.,Millwall,,,Wimbledon F.C.,wimbledon_fc,"£1,700,000",no,,,
club-season 1996–97,1996–97 Wimbledon F.C. season,1362175875,1996-07-22,Lenny Piper,,Wimbledon F.C.,wimbledon_fc,Gillingham F.C.,Gillingham,,"£40,000",no,,,
club-season 1996–97,1996–97 Wimbledon F.C. season,1362175875,1996-07-25,Steve Talboys,,Wimbledon F.C.,wimbledon_fc,Watford F.C.,Watford,watford,Free transfer,no,,,
club-season 1996–97,1996–97 Wimbledon F.C. season,1362175875,1996-09-16,Andy Thorn,,Wimbledon F.C.,wimbledon_fc,Heart of Midlothian F.C.,Hearts,,Non-contract,no,,,
club-season 1996–97,1996–97 Wimbledon F.C. season,1362175875,1996-09-18,Gary Elkins,,Wimbledon F.C.,wimbledon_fc,Swindon Town F.C.,Swindon Town,swindon_town,"£100,000",no,,,
club-season 1997–98,1997–98 Arsenal F.C. season,1378444853,,Luton Town,,£1.2M,,,Arsenal F.C.,arsenal,10 May 1997,no,,,8 August 1997
club-season 1997–98,1997–98 Arsenal F.C. season,1378444853,,Monaco,,£1.75M,,,Arsenal F.C.,arsenal,4 June 1997,no,,,8 August 1997
club-season 1997–98,1997–98 Arsenal F.C. season,1378444853,,Sporting CP,,£1.75M,,,Arsenal F.C.,arsenal,14 June 1997,no,,,8 August 1997
club-season 1997–98,1997–98 Arsenal F.C. season,1378444853,,1. SC Feucht,,"£250,000",,,Arsenal F.C.,arsenal,17 June 1997,no,,,8 August 1997
club-season 1997–98,1997–98 Arsenal F.C. season,1378444853,,Ajax,,£7.0M,,,Arsenal F.C.,arsenal,1 July 1997,no,,,8 August 1997
club-season 1997–98,1997–98 Arsenal F.C. season,1378444853,,Monaco,,£3.5M,,,Arsenal F.C.,arsenal,1 July 1997,no,,,8 August 1997
club-season 1997–98,1997–98 Arsenal F.C. season,1378444853,,Grazer AK,,£1.0M,,,Arsenal F.C.,arsenal,3 July 1997,no,,,8 August 1997
club-season 1997–98,1997–98 Arsenal F.C. season,1378444853,,Monaco,,"£300,000",,,Arsenal F.C.,arsenal,7 August 1997,no,,,8 August 1997
club-season 1997–98,1997–98 Arsenal F.C. season,1378444853,,Queens Park Rangers,,Arsenal F.C.,arsenal,,"£500,000",,20 May 1997,no,,,7 February 1998
club-season 1997–98,1997–98 Arsenal F.C. season,1378444853,,Southend United,,Arsenal F.C.,arsenal,,Free,,31 May 1997,no,,,7 February 1998
club-season 1997–98,1997–98 Arsenal F.C. season,1378444853,,Middlesbrough,,Arsenal F.C.,arsenal,,£4.5M,,7 July 1997,no,,,7 February 1998
club-season 1997–98,1997–98 Arsenal F.C. season,1378444853,,Queens Park Rangers,,Arsenal F.C.,arsenal,,"£250,000",,9 July 1997,no,,,7 February 1998
club-season 1997–98,1997–98 Arsenal F.C. season,1378444853,,Millwall,,Arsenal F.C.,arsenal,,"£300,000",,15 September 1997,no,,,7 February 1998
club-season 1997–98,1997–98 Arsenal F.C. season,1378444853,,Fulham,,Arsenal F.C.,arsenal,,"£500,000",,17 October 1997,no,,,7 February 1998
club-season 1997–98,1997–98 Arsenal F.C. season,1378444853,,NAC Breda,,Arsenal F.C.,arsenal,,"£150,000",,24 October 1997,no,,,7 February 1998
club-season 1997–98,1997–98 Arsenal F.C. season,1378444853,,Bristol City,,Arsenal F.C.,arsenal,,Free,,30 January 1998,no,http://www.soccerbase.com/players/player.sd?player_id=12930,Soccerbase,
club-season 1997–98,1997–98 Aston Villa F.C. season,1371087532,1997-05-13,Stan Collymore,Liverpool F.C.,Liverpool,liverpool,,Aston Villa F.C.,aston_villa,"£7,200,000",no,,,
club-season 1997–98,1997–98 Aston Villa F.C. season,1371087532,1997-06-26,Simon Grayson,Leicester City,Leicester City,leicester_city,,Aston Villa F.C.,aston_villa,"£1,300,000",no,,,
club-season 1997–98,1997–98 Aston Villa F.C. season,1371087532,1997-11-27,David Curtolo,Västerås SK Fotboll,Västerås,,,Aston Villa F.C.,aston_villa,"£315,000",no,,,
club-season 1997–98,1997–98 Aston Villa F.C. season,1371087532,1997-07-01,Gareth Farrelly,,Aston Villa F.C.,aston_villa,Everton F.C.,Everton,everton,"£750,000",no,,,
club-season 1997–98,1997–98 Aston Villa F.C. season,1371087532,1997-08-29,Andy Townsend,,Aston Villa F.C.,aston_villa,Middlesbrough F.C.,Middlesbrough,middlesbrough,"£500,000",no,,,
club-season 1997–98,1997–98 Aston Villa F.C. season,1371087532,1997-09-01,Stuart Brock,,Aston Villa F.C.,aston_villa,Kidderminster Harriers,Kidderminster,,Free transfer,no,,,
club-season 1997–98,1997–98 Aston Villa F.C. season,1371087532,1997-12-09,Scott Murray,,Aston Villa F.C.,aston_villa,Bristol City,Bristol City,,"£150,000",no,,,
club-season 1997–98,1997–98 Aston Villa F.C. season,1371087532,1998-03-26,Saša Ćurčić,,Aston Villa F.C.,aston_villa,Crystal Palace F.C.,Crystal Palace,crystal_palace,"£1,000,000",no,,,
club-season 1997–98,1997–98 Barnsley F.C. season,1356932726,1997-06-01,Lars Leese,Bayer 04 Leverkusen,Bayer Leverkusen,,,Barnsley F.C.,barnsley,"£250,000",no,,,
club-season 1997–98,1997–98 Barnsley F.C. season,1356932726,1997-06-13,Georgi Hristov,FK Partizan,FK Partizan,,,Barnsley F.C.,barnsley,"£1,500,000",no,,,
club-season 1997–98,1997–98 Barnsley F.C. season,1356932726,1997-07-01,Eric Tinkler,Cagliari Calcio,Cagliari,,,Barnsley F.C.,barnsley,"£650,000",no,,,
club-season 1997–98,1997–98 Barnsley F.C. season,1356932726,1997-07-02,Aleš Križan,NK Maribor,NK Maribor,,,Barnsley F.C.,barnsley,"£500,000",no,,,
club-season 1997–98,1997–98 Barnsley F.C. season,1356932726,1997-08-05,Darren Barnard,Bristol City F.C.,Bristol City,,,Barnsley F.C.,barnsley,"£750,000",no,,,
club-season 1997–98,1997–98 Barnsley F.C. season,1356932726,1997-09-04,Ashley Ward,Derby County F.C.,Derby County,derby_county,,Barnsley F.C.,barnsley,"£1,300,000",no,,,
club-season 1997–98,1997–98 Barnsley F.C. season,1356932726,1997-10-31,Paul Heritage,Sheffield United F.C.,Sheffield United,sheffield_united,,Barnsley F.C.,barnsley,Signed,no,,,
club-season 1997–98,1997–98 Barnsley F.C. season,1356932726,1998-01-15,Jan Åge Fjørtoft,Sheffield United F.C.,Sheffield United,sheffield_united,,Barnsley F.C.,barnsley,"£800,000",no,,,
club-season 1997–98,1997–98 Barnsley F.C. season,1356932726,1997-08-01,Carel van der Velden,,Barnsley F.C.,barnsley,Scarborough F.C.,Scarborough,,Free transfer,no,,,
club-season 1997–98,1997–98 Barnsley F.C. season,1356932726,1997-08-01,Glyn Clyde,,Barnsley F.C.,barnsley,Macclesfield Town F.C.,Macclesfield Town,,Free transfer,no,,,
club-season 1997–98,1997–98 Barnsley F.C. season,1356932726,1997-08-01,Darran Clyde,,Barnsley F.C.,barnsley,Gateshead F.C.,Gateshead,,Undisclosed,no,,,
club-season 1997–98,1997–98 Barnsley F.C. season,1356932726,1997-09-18,Paul Wilkinson,,Barnsley F.C.,barnsley,Millwall F.C.,Millwall,,"£150,000",no,,,
club-season 1997–98,1997–98 Barnsley F.C. season,1356932726,1997-10-31,Dave Regis,,Barnsley F.C.,barnsley,Leyton Orient F.C.,Leyton Orient,,Free transfer,no,,,
club-season 1997–98,1997–98 Barnsley F.C. season,1356932726,1998-03-18,Steve Davis,,Barnsley F.C.,barnsley,Oxford United F.C.,Oxford United,,Signed,no,,,
club-season 1997–98,1997–98 Barnsley F.C. season,1356932726,1998-05-15,Luke Beckett,,Barnsley F.C.,barnsley,Chester City F.C.,Chester City,,Free transfer,no,,,
club-season 1997–98,1997–98 Blackburn Rovers F.C. season,1369560566,1997-06-17,Stéphane Henchoz,Hamburger SV,HSV,,,Blackburn Rovers F.C.,blackburn_rovers,"£3,000,000",no,,,
club-season 1997–98,1997–98 Blackburn Rovers F.C. season,1369560566,1997-06-24,Patrick Valéry,SC Bastia,Bastia,,,Blackburn Rovers F.C.,blackburn_rovers,Free transfer,no,,,
club-season 1997–98,1997–98 Blackburn Rovers F.C. season,1369560566,1997-07-08,Martin Dahlin,A.S. Roma,Roma,,,Blackburn Rovers F.C.,blackburn_rovers,"£2,500,000",no,,,
club-season 1997–98,1997–98 Blackburn Rovers F.C. season,1369560566,1997-07-08,Anders Andersson,Malmö FF,Malmö FF,,,Blackburn Rovers F.C.,blackburn_rovers,"£500,000",no,,,
club-season 1997–98,1997–98 Blackburn Rovers F.C. season,1369560566,1997-08-01,John Filan,Coventry City F.C.,Coventry City,coventry_city,,Blackburn Rovers F.C.,blackburn_rovers,"£700,000",no,,,
club-season 1997–98,1997–98 Blackburn Rovers F.C. season,1369560566,1997-09-08,Tore Pedersen,FC St. Pauli,FC St. Pauli,,,Blackburn Rovers F.C.,blackburn_rovers,"£500,000",no,,,
club-season 1997–98,1997–98 Blackburn Rovers F.C. season,1369560566,1997-09-10,Alan Fettis,Nottingham Forest F.C.,Nottingham Forest,nottingham_forest,,Blackburn Rovers F.C.,blackburn_rovers,"£300,000",no,,,
club-season 1997–98,1997–98 Blackburn Rovers F.C. season,1369560566,1998-02-10,Callum Davidson,St Johnstone F.C.,St Johnstone,,,Blackburn Rovers F.C.,blackburn_rovers,"£1,750,000",no,,,
club-season 1997–98,1997–98 Blackburn Rovers F.C. season,1369560566,1998-05-21,Jimmy Corbett,Gillingham F.C.,Gillingham,,,Blackburn Rovers F.C.,blackburn_rovers,"£525,000",no,,,
club-season 1997–98,1997–98 Blackburn Rovers F.C. season,1369560566,1997-07-21,Matty Holmes,,Blackburn Rovers F.C.,blackburn_rovers,Charlton Athletic F.C.,Charlton Athletic,charlton_athletic,"£250,000",no,,,
club-season 1997–98,1997–98 Blackburn Rovers F.C. season,1369560566,1997-08-01,Graham Fenton,,Blackburn Rovers F.C.,blackburn_rovers,Leicester City F.C.,Leicester City,leicester_city,"£1,100,000",no,,,
club-season 1997–98,1997–98 Blackburn Rovers F.C. season,1369560566,1997-08-01,Nicky Marker,,Blackburn Rovers F.C.,blackburn_rovers,Sheffield United F.C.,Sheffield United,sheffield_united,Signed,no,,,
club-season 1997–98,1997–98 Blackburn Rovers F.C. season,1369560566,1997-08-01,Paul Warhurst,,Blackburn Rovers F.C.,blackburn_rovers,Crystal Palace F.C.,Crystal Palace,crystal_palace,Signed,no,,,
club-season 1997–98,1997–98 Blackburn Rovers F.C. season,1369560566,1997-08-08,Graeme Le Saux,,Blackburn Rovers F.C.,blackburn_rovers,Chelsea F.C.,Chelsea,chelsea,"£7,000,000",no,,,
club-season 1997–98,1997–98 Blackburn Rovers F.C. season,1369560566,1997-08-11,Henning Berg,,Blackburn Rovers F.C.,blackburn_rovers,Manchester United F.C.,Manchester United,manchester_united,"£5,000,000",no,,,
club-season 1997–98,1997–98 Blackburn Rovers F.C. season,1369560566,1997-09-18,Ian Pearce,,Blackburn Rovers F.C.,blackburn_rovers,West Ham United F.C.,West Ham United,west_ham,"£2,300,000",no,,,
club-season 1997–98,1997–98 Blackburn Rovers F.C. season,1369560566,1997-09-22,Georgios Donis,,Blackburn Rovers F.C.,blackburn_rovers,AEK Athens F.C.,AEK Athens,,Free transfer,no,,,
club-season 1997–98,1997–98 Blackburn Rovers F.C. season,1369560566,1997-12-01,Chris Coleman,,Blackburn Rovers F.C.,blackburn_rovers,Fulham F.C.,Fulham,fulham,"£2,000,000",no,,,
club-season 1997–98,1997–98 Blackburn Rovers F.C. season,1369560566,1998-03-25,Lars Bohinen,,Blackburn Rovers F.C.,blackburn_rovers,Derby County F.C.,Derby County,derby_county,"£1,450,000",no,,,
club-season 1997–98,1997–98 Bolton Wanderers F.C. season,1356925318,1997-07-01,Robbie Elliott,Newcastle United F.C.,Newcastle United,newcastle_united,,Bolton Wanderers F.C.,bolton_wanderers,"£2,500,000",no,,,
club-season 1997–98,1997–98 Bolton Wanderers F.C. season,1356925318,1997-07-10,Arnar Gunnlaugsson,Íþróttabandalag Akraness,IA Akranes,,,Bolton Wanderers F.C.,bolton_wanderers,"£100,000",no,,,
club-season 1997–98,1997–98 Bolton Wanderers F.C. season,1356925318,1997-08-18,Peter Beardsley,Newcastle United F.C.,Newcastle United,newcastle_united,,Bolton Wanderers F.C.,bolton_wanderers,"£450,000",no,,,
club-season 1997–98,1997–98 Bolton Wanderers F.C. season,1356925318,1997-09-19,Mark Fish,S.S. Lazio,Lazio,,,Bolton Wanderers F.C.,bolton_wanderers,"£2,000,000",no,,,
club-season 1997–98,1997–98 Bolton Wanderers F.C. season,1356925318,1997-09-19,Mike Whitlow,Leicester City F.C.,Leicester City,leicester_city,,Bolton Wanderers F.C.,bolton_wanderers,"£500,000",no,,,
club-season 1997–98,1997–98 Bolton Wanderers F.C. season,1356925318,1997-10-02,Dean Holdsworth,Wimbledon F.C.,Wimbledon,wimbledon_fc,,Bolton Wanderers F.C.,bolton_wanderers,"£3,500,000",no,,,
club-season 1997–98,1997–98 Bolton Wanderers F.C. season,1356925318,1997-11-11,Jussi Jääskeläinen,VPS Vaasa,VPS Vaasa,,,Bolton Wanderers F.C.,bolton_wanderers,"£100,000",no,,,
club-season 1997–98,1997–98 Bolton Wanderers F.C. season,1356925318,1997-07-01,Scott Green,,Bolton Wanderers F.C.,bolton_wanderers,Wigan Athletic A.F.C.,Wigan Athletic,wigan_athletic,"£300,000",no,,,
club-season 1997–98,1997–98 Bolton Wanderers F.C. season,1356925318,1997-07-14,David Lee,,Bolton Wanderers F.C.,bolton_wanderers,Wigan Athletic A.F.C.,Wigan Athletic,wigan_athletic,"£250,000",no,,,
club-season 1997–98,1997–98 Bolton Wanderers F.C. season,1356925318,1997-08-08,Mixu Paatelainen,,Bolton Wanderers F.C.,bolton_wanderers,Wolverhampton Wanderers F.C.,Wolverhampton Wanderers,wolves,"£200,000",no,,,
club-season 1997–98,1997–98 Bolton Wanderers F.C. season,1356925318,1997-11-06,John McGinlay,,Bolton Wanderers F.C.,bolton_wanderers,Bradford City A.F.C.,Bradford City,bradford_city,"£625,000",no,,,
club-season 1997–98,1997–98 Bolton Wanderers F.C. season,1356925318,1997-11-27,Steve McAnespie,,Bolton Wanderers F.C.,bolton_wanderers,Fulham F.C.,Fulham,fulham,"£100,000",no,,,
club-season 1997–98,1997–98 Bolton Wanderers F.C. season,1356925318,1998-02-20,Simon Coleman,,Bolton Wanderers F.C.,bolton_wanderers,Southend United F.C.,Southend,,Free,no,,,
club-season 1997–98,1997–98 Bolton Wanderers F.C. season,1356925318,1998-03-20,Jamie Pollock,,Bolton Wanderers F.C.,bolton_wanderers,Manchester City F.C.,Manchester City,manchester_city,"£1,000,000",no,,,
club-season 1997–98,1997–98 Bolton Wanderers F.C. season,1356925318,1998-06-05,Alan Thompson,,Bolton Wanderers F.C.,bolton_wanderers,Aston Villa F.C.,Aston Villa,aston_villa,"£4,500,000",no,,,
club-season 1997–98,1997–98 Coventry City F.C. season,1303972091,1997-06-19,Trond Egil Soltvedt,Rosenborg BK,Rosenborg,,,Coventry City F.C.,coventry_city,"£500,000",no,,,
club-season 1997–98,1997–98 Coventry City F.C. season,1303972091,1997-07-04,Kyle Lightbourne,Walsall F.C.,Walsall,,,Coventry City F.C.,coventry_city,"£500,000",no,,,
club-season 1997–98,1997–98 Coventry City F.C. season,1303972091,1997-07-07,Magnus Hedman,AIK Fotboll,AIK,,,Coventry City F.C.,coventry_city,Free transfer,no,,,
club-season 1997–98,1997–98 Coventry City F.C. season,1303972091,1997-06-19,Martin Johansen,F.C. Copenhagen,Copenhagen,,,Coventry City F.C.,coventry_city,Free transfer,no,,,
club-season 1997–98,1997–98 Coventry City F.C. season,1303972091,1997-07-29,Roland Nilsson,Helsingborgs IF,Helsingborg,,,Coventry City F.C.,coventry_city,"£200,000",no,,,
club-season 1997–98,1997–98 Coventry City F.C. season,1303972091,1997-12-18,George Boateng,Feyenoord,Feyenoord,,,Coventry City F.C.,coventry_city,"£250,000",no,,,
club-season 1997–98,1997–98 Coventry City F.C. season,1303972091,1998-01-02,Viorel Moldovan,Grasshopper Club Zürich,Grasshoppers,,,Coventry City F.C.,coventry_city,"£3,250,000",no,,,
club-season 1997–98,1997–98 Coventry City F.C. season,1303972091,1998-03-26,Philippe Clement,K.R.C. Genk,Racing Genk,,,Coventry City F.C.,coventry_city,"£625,000",no,,,
club-season 1997–98,1997–98 Coventry City F.C. season,1303972091,1997-07-01,Chris McMenamin,,Coventry City F.C.,coventry_city,Peterborough United F.C.,Peterborough United,,Free transfer,no,,,
club-season 1997–98,1997–98 Coventry City F.C. season,1303972091,1997-07-04,Eoin Jess,,Coventry City F.C.,coventry_city,Aberdeen F.C.,Aberdeen,,"£700,000",no,,,
club-season 1997–98,1997–98 Coventry City F.C. season,1303972091,1997-07-14,Peter Ndlovu,,Coventry City F.C.,coventry_city,Birmingham City F.C.,Birmingham City,birmingham_city,"£1,600,000",no,,,
club-season 1997–98,1997–98 Coventry City F.C. season,1303972091,1997-08-01,John Filan,,Coventry City F.C.,coventry_city,Blackburn Rovers F.C.,Blackburn Rovers,blackburn_rovers,"£700,000",no,,,
club-season 1997–98,1997–98 Coventry City F.C. season,1303972091,1997-08-01,Jed Sumner,,Coventry City F.C.,coventry_city,Cambridge United F.C.,Cambridge United,,Free transfer,no,,,
club-season 1997–98,1997–98 Coventry City F.C. season,1303972091,1997-09-09,Kevin Richardson,,Coventry City F.C.,coventry_city,Southampton F.C.,Southampton,southampton,Transfer,no,,,
club-season 1997–98,1997–98 Coventry City F.C. season,1303972091,1997-11-14,Brian Borrows,,Coventry City F.C.,coventry_city,Swindon Town F.C.,Swindon Town,swindon_town,Free transfer,no,,,
club-season 1997–98,1997–98 Coventry City F.C. season,1303972091,1998-02-16,Kyle Lightbourne,,Coventry City F.C.,coventry_city,Stoke City F.C.,Stoke City,stoke_city,"£500,000",no,,,
club-season 1997–98,1997–98 Crystal Palace F.C. season,1376687670,1997-06-12,Kevin Miller,Watford F.C.,Watford,watford,,Crystal Palace F.C.,crystal_palace,"£1,550,000",no,,,
club-season 1997–98,1997–98 Crystal Palace F.C. season,1376687670,1997-08-01,Attilio Lombardo,Juventus FC,Juventus,,,Crystal Palace F.C.,crystal_palace,"£1,600,000",no,,,
club-season 1997–98,1997–98 Crystal Palace F.C. season,1376687670,1997-08-01,Gareth Ormshaw,Ramblers F.C.,Ramblers,,,Crystal Palace F.C.,crystal_palace,Free transfer,no,,,
club-season 1997–98,1997–98 Crystal Palace F.C. season,1376687670,1997-08-01,Paul Warhurst,Blackburn Rovers F.C.,Blackburn Rovers,blackburn_rovers,,Crystal Palace F.C.,crystal_palace,Signed,no,,,
club-season 1997–98,1997–98 Crystal Palace F.C. season,1376687670,1997-08-01,Hermann Hreiðarsson,Íþróttabandalag Vestmannaeyja,ÍBV,,,Crystal Palace F.C.,crystal_palace,Unknown,no,,,
club-season 1997–98,1997–98 Crystal Palace F.C. season,1376687670,1997-08-01,Jamie Fullarton,SC Bastia,SC Bastia,,,Crystal Palace F.C.,crystal_palace,Free transfer,no,,,
club-season 1997–98,1997–98 Crystal Palace F.C. season,1376687670,1997-08-12,Neil Emblen,Wolverhampton Wanderers F.C.,Wolverhampton Wanderers,wolves,,Crystal Palace F.C.,crystal_palace,"£2,000,000",no,,,
club-season 1997–98,1997–98 Crystal Palace F.C. season,1376687670,1997-08-19,Itzik Zohar,Beitar Jerusalem F.C.,Beitar Jerusalem,,,Crystal Palace F.C.,crystal_palace,"£1,200,000",no,,,
club-season 1997–98,1997–98 Crystal Palace F.C. season,1376687670,1997-10-21,Jamie Smith,Wolverhampton Wanderers F.C.,Wolverhampton Wanderers,wolves,,Crystal Palace F.C.,crystal_palace,"£1,000,000",no,,,
club-season 1997–98,1997–98 Crystal Palace F.C. season,1376687670,1997-11-12,Michele Padovano,Juventus FC,Juventus,,,Crystal Palace F.C.,crystal_palace,"£1,700,000",no,,,
club-season 1997–98,1997–98 Crystal Palace F.C. season,1376687670,1998-01-08,Marcus Bent,Brentford F.C.,Brentford,brentford,,Crystal Palace F.C.,crystal_palace,"£300,000",no,,,
club-season 1997–98,1997–98 Crystal Palace F.C. season,1376687670,1998-01-15,Valérien Ismaël,RC Strasbourg,Strasbourg,,,Crystal Palace F.C.,crystal_palace,"£2,750,000",no,,,
club-season 1997–98,1997–98 Crystal Palace F.C. season,1376687670,1998-02-10,Matt Jansen,Carlisle United F.C.,Carlisle United,,,Crystal Palace F.C.,crystal_palace,"£1,000,000",no,,,
club-season 1997–98,1997–98 Crystal Palace F.C. season,1376687670,1998-03-26,Saša Ćurčić,Aston Villa F.C.,Aston Villa,aston_villa,,Crystal Palace F.C.,crystal_palace,"£1,000,000",no,,,
club-season 1997–98,1997–98 Crystal Palace F.C. season,1376687670,1997-07-15,Ray Houghton,,Crystal Palace F.C.,crystal_palace,Reading F.C.,Reading,reading,Free transfer,no,,,
club-season 1997–98,1997–98 Crystal Palace F.C. season,1376687670,1997-07-21,David Hopkin,,Crystal Palace F.C.,crystal_palace,Leeds United A.F.C.,Leeds United,leeds_united,"£3,250,000",no,,,
club-season 1997–98,1997–98 Crystal Palace F.C. season,1376687670,1997-08-01,Andy Cyrus,,Crystal Palace F.C.,crystal_palace,Exeter City F.C.,Exeter City,,Free transfer,no,,,
club-season 1997–98,1997–98 Crystal Palace F.C. season,1376687670,1997-08-01,Chris Day,,Crystal Palace F.C.,crystal_palace,Watford F.C.,Watford,watford,Swap,no,,,
club-season 1997–98,1997–98 Crystal Palace F.C. season,1376687670,1997-08-10,Tony Scully,,Crystal Palace F.C.,crystal_palace,Manchester City F.C.,Manchester City,manchester_city,"£200,000",no,,,
club-season 1997–98,1997–98 Crystal Palace F.C. season,1376687670,1997-09-26,Jason Harris,,Crystal Palace F.C.,crystal_palace,Leyton Orient F.C.,Leyton Orient,,"£25,000",no,,,
club-season 1997–98,1997–98 Crystal Palace F.C. season,1376687670,1997-10-02,Dean Wordsworth,,Crystal Palace F.C.,crystal_palace,Bromley F.C.,Bromley,,Free transfer,no,,,
club-season 1997–98,1997–98 Crystal Palace F.C. season,1376687670,1997-10-21,Kevin Muscat,,Crystal Palace F.C.,crystal_palace,Wolverhampton Wanderers F.C.,Wolverhampton Wanderers,wolves,"£200,000",no,,,
club-season 1997–98,1997–98 Crystal Palace F.C. season,1376687670,1997-10-21,Dougie Freedman,,Crystal Palace F.C.,crystal_palace,Wolverhampton Wanderers F.C.,Wolverhampton Wanderers,wolves,"£800,000",no,,,
club-season 1997–98,1997–98 Crystal Palace F.C. season,1376687670,1997-10-30,Ivano Bonetti,,Crystal Palace F.C.,crystal_palace,Genoa C.F.C.,Genoa,,Free transfer,no,,,
club-season 1997–98,1997–98 Crystal Palace F.C. season,1376687670,1997-11-21,George Ndah,,Crystal Palace F.C.,crystal_palace,Swindon Town F.C.,Swindon Town,swindon_town,"£500,000",no,,,
club-season 1997–98,1997–98 Crystal Palace F.C. season,1376687670,1997-12-11,Carl Veart,,Crystal Palace F.C.,crystal_palace,Millwall F.C.,Millwall,,"£100,000",no,,,
club-season 1997–98,1997–98 Crystal Palace F.C. season,1376687670,1998-03-09,Andy Roberts,,Crystal Palace F.C.,crystal_palace,Wimbledon F.C.,Wimbledon,wimbledon_fc,"£2,000,000",no,,,
club-season 1997–98,1997–98 Crystal Palace F.C. season,1376687670,1998-03-26,Neil Emblen,,Crystal Palace F.C.,crystal_palace,Wolverhampton Wanderers F.C.,Wolverhampton Wanderers,wolves,Signed,no,,,
club-season 1997–98,1997–98 Derby County F.C. season,1303978357,1997-05-20,Stefano Eranio,A.C. Milan,Milan,,,Derby County F.C.,derby_county,Free transfer,no,,,
club-season 1997–98,1997–98 Derby County F.C. season,1303978357,1997-08-01,Francesco Baiano,ACF Fiorentina,Fiorentina,,,Derby County F.C.,derby_county,"£650,000",no,,,
club-season 1997–98,1997–98 Derby County F.C. season,1303978357,1997-08-06,Deon Burton,Portsmouth F.C.,Portsmouth,portsmouth,,Derby County F.C.,derby_county,"£1,000,000",no,,,
club-season 1997–98,1997–98 Derby County F.C. season,1303978357,1998-02-06,Rory Delap,Carlisle United F.C.,Carlisle United,,,Derby County F.C.,derby_county,"£200,000",no,,,
club-season 1997–98,1997–98 Derby County F.C. season,1303978357,1998-03-25,Lars Bohinen,Blackburn Rovers F.C.,Blackburn Rovers,blackburn_rovers,,Derby County F.C.,derby_county,"£1,450,000",no,,,
club-season 1997–98,1997–98 Derby County F.C. season,1303978357,1998-05-23,Horacio Carbonari,Rosario Central,Rosario Central,,,Derby County F.C.,derby_county,"£2,700,000",no,,,
club-season 1997–98,1997–98 Derby County F.C. season,1303978357,1997-06-12,Martin Taylor,,Derby County F.C.,derby_county,Wycombe Wanderers F.C.,Wycombe Wanderers,,Free transfer,no,,,
club-season 1997–98,1997–98 Derby County F.C. season,1303978357,1997-08-06,Sean Flynn,,Derby County F.C.,derby_county,West Bromwich Albion F.C.,West Bromwich Albion,west_brom,"£260,000",no,,,
club-season 1997–98,1997–98 Derby County F.C. season,1303978357,1997-08-07,Kevin Cooper,,Derby County F.C.,derby_county,Stockport County F.C.,Stockport County,,"£150,000",no,,,
club-season 1997–98,1997–98 Derby County F.C. season,1303978357,1997-09-04,Ashley Ward,,Derby County F.C.,derby_county,Barnsley F.C.,Barnsley,barnsley,"£1,300,000",no,,,
club-season 1997–98,1997–98 Derby County F.C. season,1303978357,1997-11-01,Andrew Tretton,,Derby County F.C.,derby_county,Chesterfield F.C.,Chesterfield,,Non-contract,no,,,
club-season 1997–98,1997–98 Derby County F.C. season,1303978357,1997-11-11,Paul Simpson,,Derby County F.C.,derby_county,Wolverhampton Wanderers F.C.,Wolverhampton Wanderers,wolves,"£75,000",no,,,
club-season 1997–98,1997–98 Derby County F.C. season,1303978357,1997-11-27,Paul Trollope,,Derby County F.C.,derby_county,Fulham F.C.,Fulham,fulham,"£600,000",no,,,
club-season 1997–98,1997–98 Derby County F.C. season,1303978357,1997-12-29,Aljoša Asanović,,Derby County F.C.,derby_county,S.S.C. Napoli,Napoli,,"£350,000",no,,,
club-season 1997–98,1997–98 Derby County F.C. season,1303978357,1998-01-26,Matt Carbon,,Derby County F.C.,derby_county,West Bromwich Albion F.C.,West Bromwich Albion,west_brom,"£800,000",no,,,
club-season 1997–98,1997–98 Derby County F.C. season,1303978357,1998-02-12,Nick Wright,,Derby County F.C.,derby_county,Carlisle United F.C.,Carlisle United,,Transfer,no,,,
club-season 1997–98,1997–98 Everton F.C. season,1310775329,1997-07-01,Gareth Farrelly,Aston Villa F.C.,Aston Villa,aston_villa,,Everton F.C.,everton,Transfer,no,,,
club-season 1997–98,1997–98 Everton F.C. season,1310775329,1997-08-01,John Oster,Grimsby Town F.C.,Grimsby Town,,,Everton F.C.,everton,"£1,500,000",no,,,
club-season 1997–98,1997–98 Everton F.C. season,1310775329,1997-08-06,Tony Thomas,Tranmere Rovers F.C.,Tranmere Rovers,,,Everton F.C.,everton,"£400,000",no,,,
club-season 1997–98,1997–98 Everton F.C. season,1310775329,1997-08-15,Danny Williamson,West Ham United F.C.,West Ham United,west_ham,,Everton F.C.,everton,Swap,no,,,
club-season 1997–98,1997–98 Everton F.C. season,1310775329,1997-11-27,Thomas Myhre,Viking FK,Viking,,,Everton F.C.,everton,"£800,000",no,,,
club-season 1997–98,1997–98 Everton F.C. season,1310775329,1997-11-28,Mitch Ward,Sheffield United F.C.,Sheffield United,sheffield_united,,Everton F.C.,everton,"£750,000",no,,,
club-season 1997–98,1997–98 Everton F.C. season,1310775329,1997-11-28,Carl Tiler,Sheffield United F.C.,Sheffield United,sheffield_united,,Everton F.C.,everton,"£750,000",no,,,
club-season 1997–98,1997–98 Everton F.C. season,1310775329,1997-12-30,Mickaël Madar,Deportivo de La Coruña,Deportivo La Coruña,,,Everton F.C.,everton,Free transfer,no,,,
club-season 1997–98,1997–98 Everton F.C. season,1310775329,1998-01-28,John O'Kane,Manchester United F.C.,Manchester United,manchester_united,,Everton F.C.,everton,"£400,000",no,,,
club-season 1997–98,1997–98 Everton F.C. season,1310775329,1998-02-26,Don Hutchison,Sheffield United F.C.,Sheffield United,sheffield_united,,Everton F.C.,everton,"£1,000,000",no,,,
club-season 1997–98,1997–98 Everton F.C. season,1310775329,1998-03-26,Matt McKay,Chester City F.C.,Chester City,,,Everton F.C.,everton,Signed,no,,,
club-season 1997–98,1997–98 Everton F.C. season,1310775329,1997-08-15,David Unsworth,,Everton F.C.,everton,West Ham United F.C.,West Ham United,west_ham,Swap,no,,,
club-season 1997–98,1997–98 Everton F.C. season,1310775329,1997-11-28,Graham Stuart,,Everton F.C.,everton,Sheffield United F.C.,Sheffield United,sheffield_united,"£500,000",no,,,
club-season 1997–98,1997–98 Everton F.C. season,1310775329,1998-01-30,Andy Hinchcliffe,,Everton F.C.,everton,Sheffield Wednesday F.C.,Sheffield Wednesday,sheffield_wednesday,"£3,000,000",no,,,
club-season 1997–98,1997–98 Everton F.C. season,1310775329,1998-02-06,Gary Speed,,Everton F.C.,everton,Newcastle United F.C.,Newcastle United,newcastle_united,"£5,500,000",no,,,
club-season 1997–98,1997–98 Everton F.C. season,1310775329,1998-02-13,John Hills,,Everton F.C.,everton,Blackpool F.C.,Blackpool,blackpool,Signed,no,,,
club-season 1997–98,1997–98 Everton F.C. season,1310775329,1998-02-24,Earl Barrett,,Everton F.C.,everton,Sheffield Wednesday F.C.,Sheffield Wednesday,sheffield_wednesday,Free transfer,no,,,
club-season 1997–98,1997–98 Everton F.C. season,1310775329,1998-02-26,Jon O'Connor,,Everton F.C.,everton,Sheffield United F.C.,Sheffield United,sheffield_united,Transfer,no,,,
club-season 1997–98,1997–98 Everton F.C. season,1310775329,1998-03-03,Claus Thomsen,,Everton F.C.,everton,Akademisk Boldklub,AB,,"£500,000",no,,,
club-season 1997–98,1997–98 Everton F.C. season,1310775329,1998-03-12,Neville Southall,,Everton F.C.,everton,Stoke City F.C.,Stoke City,stoke_city,Free transfer,no,,,
club-season 1997–98,1997–98 Leicester City F.C. season,1357968526,1997-06-17,Jamie Lawrence,,Leicester City F.C.,leicester_city,Bradford City A.F.C.,Bradford City,bradford_city,"£50,000",no,,,
club-season 1997–98,1997–98 Leicester City F.C. season,1357968526,1997-06-22,Neil Lewis,,Leicester City F.C.,leicester_city,Peterborough United F.C.,Peterborough United,,"£75,000",no,,,
club-season 1997–98,1997–98 Leicester City F.C. season,1357968526,1997-07-23,Simon Grayson,,Leicester City F.C.,leicester_city,Aston Villa F.C.,Aston Villa,aston_villa,"£1,350,000",no,,,
club-season 1997–98,1997–98 Leicester City F.C. season,1357968526,1997-08-02,Kevin Poole,,Leicester City F.C.,leicester_city,Birmingham City F.C.,Birmingham City,birmingham_city,Free transfer,no,,,
club-season 1997–98,1997–98 Leicester City F.C. season,1357968526,1997-09-19,Mike Whitlow,,Leicester City F.C.,leicester_city,Bolton Wanderers F.C.,Bolton Wanderers,bolton_wanderers,"£500,000",no,,,
club-season 1997–98,1997–98 Leicester City F.C. season,1357968526,1998-01-16,Mark Robins,,Leicester City F.C.,leicester_city,CD Ourense,Ourense,,Signed,no,,,
club-season 1997–98,1997–98 Leicester City F.C. season,1357968526,1998-03-26,Steve Claridge,,Leicester City F.C.,leicester_city,Wolverhampton Wanderers F.C.,Wolverhampton Wanderers,wolves,"£350,000",no,,,
club-season 1997–98,1997–98 Manchester United F.C. season,1370139145,1997-07-02,Erik Nevland,Viking FK,Viking,,,Manchester United F.C.,manchester_united,£1.5m,no,https://www.independent.co.uk/sport/football-united-snap-up-nevland-1264444.html,The Independent,31 May 1997
club-season 1997–98,1997–98 Manchester United F.C. season,1370139145,1997-08-11,Henning Berg,Blackburn Rovers F.C.,Blackburn Rovers,blackburn_rovers,,Manchester United F.C.,manchester_united,£5m,no,https://www.independent.co.uk/sport/football-berg-makes-pounds-5m-move-to-united-1245136.html,The Independent,12 August 1997
club-season 1997–98,1997–98 Manchester United F.C. season,1370139145,1998-03-24,Jonathan Greening,York City F.C.,York City,,,Manchester United F.C.,manchester_united,£750k,no,https://www.independent.co.uk/sport/football-seaman-blow-for-arsenal-1152373.html,The Independent,25 March 1998
club-season 1997–98,1997–98 Manchester United F.C. season,1370139145,1997-07-01,Gareth Macklin,,Manchester United F.C.,manchester_united,Newcastle United F.C.,Newcastle United,newcastle_united,Free,no,,,
club-season 1997–98,1997–98 Manchester United F.C. season,1370139145,1997-07-06,Gary Bickerton,,Manchester United F.C.,manchester_united,,Released,,Free,no,,,
club-season 1997–98,1997–98 Manchester United F.C. season,1370139145,1997-07-06,Jamie Byers,,Manchester United F.C.,manchester_united,,Released,,Free,no,,,
club-season 1997–98,1997–98 Manchester United F.C. season,1370139145,1997-07-06,Christopher Calderone,,Manchester United F.C.,manchester_united,,Released,,Free,no,,,
club-season 1997–98,1997–98 Manchester United F.C. season,1370139145,1997-07-06,Jonathan Phillips,,Manchester United F.C.,manchester_united,,Released,,Free,no,,,
club-season 1997–98,1997–98 Manchester United F.C. season,1370139145,1997-07-22,Jon Macken,,Manchester United F.C.,manchester_united,Preston North End F.C.,Preston North End,,£250k,no,,,
club-season 1997–98,1997–98 Manchester United F.C. season,1370139145,1997-07-28,Pat McGibbon,,Manchester United F.C.,manchester_united,Wigan Athletic F.C.,Wigan Athletic,wigan_athletic,£250k,no,https://www.independent.co.uk/sport/football-rovers-will-sell-le-saux-for-pounds-75m-1253333.html,The Independent,30 July 1997
club-season 1997–98,1997–98 Manchester United F.C. season,1370139145,1997-08-01,Simon Davies,,Manchester United F.C.,manchester_united,Luton Town F.C.,Luton Town,luton_town,£200k,no,,,
club-season 1997–98,1997–98 Manchester United F.C. season,1370139145,1997-08-08,Michael Appleton,,Manchester United F.C.,manchester_united,Preston North End F.C.,Preston North End,,£500k,no,,,
club-season 1997–98,1997–98 Manchester United F.C. season,1370139145,1997-09-26,Stephen Newham,,Manchester United F.C.,manchester_united,Middlesbrough F.C.,Middlesbrough,middlesbrough,Free,no,,,
club-season 1997–98,1997–98 Manchester United F.C. season,1370139145,1997-12-30,Karel Poborský,,Manchester United F.C.,manchester_united,S.L. Benfica,Benfica,,£2m,no,http://news.bbc.co.uk/2/hi/sport/42890.stm,BBC,27 December 1997
club-season 1997–98,1997–98 Manchester United F.C. season,1370139145,1997-12-31,Neil Mustoe,,Manchester United F.C.,manchester_united,Wigan Athletic F.C.,Wigan Athletic,wigan_athletic,Free,no,https://www.independent.co.uk/news/education/education-news/football-transfers-1136565.html,The Independent,3 January 1998
club-season 1997–98,1997–98 Manchester United F.C. season,1370139145,1998-01-29,John O'Kane,,Manchester United F.C.,manchester_united,Everton F.C.,Everton,everton,£400k,no,https://www.independent.co.uk/news/education/education-news/football-sideslines-1142004.html,The Independent,31 January 1998
club-season 1997–98,1997–98 Manchester United F.C. season,1370139145,1998-04-01,Andy Duncan,,Manchester United F.C.,manchester_united,Cambridge United F.C.,Cambridge United,,£20k,no,,,
club-season 1997–98,1997–98 Manchester United F.C. season,1370139145,1998-06-12,Grant Brebner,,Manchester United F.C.,manchester_united,Reading F.C.,Reading,reading,£100k,no,https://www.independent.co.uk/sport/sporting-digest-football-1164706.html,The Independent,13 June 1998
club-season 1997–98,1997–98 Manchester United F.C. season,1370139145,1998-06-14,Robert Trees,,Manchester United F.C.,manchester_united,Bristol Rovers F.C.,Bristol Rovers,,Free,no,,,
club-season 1997–98,1997–98 Manchester United F.C. season,1370139145,1998-06-30,Stuart Brightwell,,Manchester United F.C.,manchester_united,Hartlepool United F.C.,Hartlepool United,,Free,no,,,
club-season 1997–98,1997–98 Manchester United F.C. season,1370139145,1998-06-30,David Brown,,Manchester United F.C.,manchester_united,Hull City A.F.C.,Hull City,hull_city,Free,no,,,
club-season 1997–98,1997–98 Manchester United F.C. season,1370139145,1998-06-30,Brian McClair,,Manchester United F.C.,manchester_united,Motherwell F.C.,Motherwell,,Free,no,https://www.independent.co.uk/sport/football-united-move-to-keep-kidd-from-everton-1167652.html,The Independent,26 June 1998
club-season 1997–98,1997–98 Manchester United F.C. season,1370139145,1998-06-30,Ross Millard,,Manchester United F.C.,manchester_united,Northwich Victoria F.C.,Northwich Victoria,,Free,no,,,
club-season 1997–98,1997–98 Manchester United F.C. season,1370139145,1998-06-30,Gavin Naylor,,Manchester United F.C.,manchester_united,Middlesbrough F.C.,Middlesbrough,middlesbrough,Free,no,,,
club-season 1997–98,1997–98 Manchester United F.C. season,1370139145,1998-06-30,Kevin Pilkington,,Manchester United F.C.,manchester_united,Port Vale F.C.,Port Vale,,Free,no,,,
club-season 1997–98,1997–98 Newcastle United F.C. season,1369516130,1997-06,Paddy Kelly,Celtic F.C.,Celtic,,,Newcastle United F.C.,newcastle_united,Free,no,,,
club-season 1997–98,1997–98 Newcastle United F.C. season,1369516130,1997-06,Shay Given,Blackburn Rovers F.C.,Blackburn Rovers,blackburn_rovers,,Newcastle United F.C.,newcastle_united,"£1,500,000",no,,,
club-season 1997–98,1997–98 Newcastle United F.C. season,1369516130,1997-06,Temuri Ketsbaia,AEK Athens F.C.,AEK Athens,,,Newcastle United F.C.,newcastle_united,Free,no,,,
club-season 1997–98,1997–98 Newcastle United F.C. season,1369516130,1997-07,Jon Dahl Tomasson,SC Heerenveen,Heerenveen,,,Newcastle United F.C.,newcastle_united,"£2,200,000",no,http://www.thefreelibrary.com/DAHL+JOINS+TOON+FOR+PETE'S+SAKE.-a061071257,The Free Library,18 July 1997
club-season 1997–98,1997–98 Newcastle United F.C. season,1369516130,1997-07,Stuart Pearce,Nottingham Forest F.C.,Nottingham Forest,nottingham_forest,,Newcastle United F.C.,newcastle_united,Free,no,http://www.thefreelibrary.com/pounds+1m%3b+a+year+Pearce+joins+Kenny%3b+Top-flight+says+Stu.-a061076436,The Free Library,19 July 1997
club-season 1997–98,1997–98 Newcastle United F.C. season,1369516130,1997-07,Alessandro Pistone,Inter Milan,Inter Milan,,,Newcastle United F.C.,newcastle_united,"£4,300,000",no,,,
club-season 1997–98,1997–98 Newcastle United F.C. season,1369516130,1997-07,Brian Pinas,Feyenoord,Feyenoord,,,Newcastle United F.C.,newcastle_united,Free,no,,,
club-season 1997–98,1997–98 Newcastle United F.C. season,1369516130,1997-08,John Barnes,Liverpool F.C.,Liverpool,liverpool,,Newcastle United F.C.,newcastle_united,Free,no,,,
club-season 1997–98,1997–98 Newcastle United F.C. season,1369516130,1997-08,Ian Rush,Leeds United F.C.,Leeds United,leeds_united,,Newcastle United F.C.,newcastle_united,Free,no,,,
club-season 1997–98,1997–98 Newcastle United F.C. season,1369516130,1997-10,Carlos Gonzalez,Sydney Olympic FC,Sydney Olympic,,,Newcastle United F.C.,newcastle_united,Free,no,,,
club-season 1997–98,1997–98 Newcastle United F.C. season,1369516130,1997-11,Ralf Keidel,1. FC Schweinfurt 05,Schweinfurt 05,,,Newcastle United F.C.,newcastle_united,Free,no,,,
club-season 1997–98,1997–98 Newcastle United F.C. season,1369516130,1997-11,Paul Dalglish,Liverpool F.C.,Liverpool,liverpool,,Newcastle United F.C.,newcastle_united,Free,no,,,
club-season 1997–98,1997–98 Newcastle United F.C. season,1369516130,1997-11,David Terrier,West Ham United F.C.,West Ham United,west_ham,,Newcastle United F.C.,newcastle_united,Free,no,,,
club-season 1997–98,1997–98 Newcastle United F.C. season,1369516130,1998-01,Andreas Andersson,A.C. Milan,Milan,,,Newcastle United F.C.,newcastle_united,"£3,600,000",no,,,
club-season 1997–98,1997–98 Newcastle United F.C. season,1369516130,1998-01,Andy Griffin,Stoke City F.C.,Stoke City,stoke_city,,Newcastle United F.C.,newcastle_united,"£1,500,000",no,,,
club-season 1997–98,1997–98 Newcastle United F.C. season,1369516130,1998-02,Gary Speed,Everton F.C.,Everton,everton,,Newcastle United F.C.,newcastle_united,"£5,500,000",no,,,
club-season 1997–98,1997–98 Newcastle United F.C. season,1369516130,1998-03,James Coppinger,Darlington F.C.,Darlington,,,Newcastle United F.C.,newcastle_united,"£250,000",no,,,
club-season 1997–98,1997–98 Newcastle United F.C. season,1369516130,1998-03,Paul Robinson,Darlington F.C.,Darlington,,,Newcastle United F.C.,newcastle_united,"£250,000",no,,,
club-season 1997–98,1997–98 Newcastle United F.C. season,1369516130,1998-03,Stephen Glass,Aberdeen F.C.,Aberdeen,,,Newcastle United F.C.,newcastle_united,"£650,000",no,,,
club-season 1997–98,1997–98 Newcastle United F.C. season,1369516130,1998-03,Nikos Dabizas,Olympiacos F.C.,Olympiacos,,,Newcastle United F.C.,newcastle_united,"£1,400,000",no,,,
club-season 1997–98,1997–98 Newcastle United F.C. season,1369516130,1997-06,Lee Clark,,Newcastle United F.C.,newcastle_united,Sunderland A.F.C.,Sunderland,sunderland,"£2,500,000",no,http://www.thefreelibrary.com/CLARK%3A+GLAD+TO+BE+WEAR.-a064828151,,28 August 1997
club-season 1997–98,1997–98 Newcastle United F.C. season,1369516130,1997-07,Robbie Elliott,,Newcastle United F.C.,newcastle_united,Bolton Wanderers F.C.,Bolton Wanderers,bolton_wanderers,"£2,250,000",no,http://www.thefreelibrary.com/ELLIOTT%3A+I'LL+BOUNCE+BACK.-a061059921,,4 September 1997
club-season 1997–98,1997–98 Newcastle United F.C. season,1369516130,1997-07,David Ginola,,Newcastle United F.C.,newcastle_united,Tottenham Hotspur F.C.,Tottenham Hotspur,tottenham_hotspur,"£2,000,000",no,http://www.thefreelibrary.com/Ginola+bit+part+as+Spurs+draw+blank.-a061076431,,19 July 1997
club-season 1997–98,1997–98 Newcastle United F.C. season,1369516130,1997-07,Les Ferdinand,,Newcastle United F.C.,newcastle_united,Tottenham Hotspur F.C.,Tottenham Hotspur,tottenham_hotspur,"£6,000,000",no,,,
club-season 1997–98,1997–98 Newcastle United F.C. season,1369516130,1997-08,Peter Beardsley,,Newcastle United F.C.,newcastle_united,Bolton Wanderers F.C.,Bolton Wanderers,bolton_wanderers,"£450,000",no,,,
club-season 1997–98,1997–98 Newcastle United F.C. season,1369516130,1998-01,Faustino Asprilla,,Newcastle United F.C.,newcastle_united,Parma Calcio 1913,Parma,,"£6,200,000",no,,,
club-season 1997–98,1997–98 Newcastle United F.C. season,1369516130,1998-02,John Beresford,,Newcastle United F.C.,newcastle_united,Southampton F.C.,Southampton,southampton,"£1,500,000",no,,,
club-season 1997–98,1997–98 Newcastle United F.C. season,1369516130,1998-03,Jim Crawford,,Newcastle United F.C.,newcastle_united,Reading F.C.,Reading,reading,"£100,000",no,,,
club-season 1997–98,1997–98 Newcastle United F.C. season,1369516130,1998-03,Paul Brayson,,Newcastle United F.C.,newcastle_united,Reading F.C.,Reading,reading,Free,no,,,
club-season 1997–98,1997–98 Newcastle United F.C. season,1369516130,1998-05,Brian Pinas,,Newcastle United F.C.,newcastle_united,Feyenoord,Feyenoord,,"£150,000",no,,,
club-season 1997–98,1997–98 Newcastle United F.C. season,1369516130,1998-05,Ian Rush,,Newcastle United F.C.,newcastle_united,Wrexham F.C.,Wrexham,,Free,no,,,
club-season 1997–98,1997–98 Newcastle United F.C. season,1369516130,1998-05,Carlos Gonzalez,,Newcastle United F.C.,newcastle_united,,Released,,Free,no,,,
club-season 1997–98,1997–98 Sheffield Wednesday F.C. season,1376697599,1997-06-24,Patrick Blondeau,AS Monaco FC,AS Monaco,,,Sheffield Wednesday F.C.,sheffield_wednesday,"£1,800,000",no,,,
club-season 1997–98,1997–98 Sheffield Wednesday F.C. season,1376697599,1997-08-06,Paolo Di Canio,Celtic F.C.,Celtic,,,Sheffield Wednesday F.C.,sheffield_wednesday,"£3,000,000",no,,,
club-season 1997–98,1997–98 Sheffield Wednesday F.C. season,1376697599,1997-09-09,Jim Magilton,Southampton F.C.,Southampton,southampton,,Sheffield Wednesday F.C.,sheffield_wednesday,"£1,600,000",no,,,
club-season 1997–98,1997–98 Sheffield Wednesday F.C. season,1376697599,1997-09-22,Bruce Grobbelaar,Oxford United F.C.,Oxford United,,,Sheffield Wednesday F.C.,sheffield_wednesday,Nominal,no,,,
club-season 1997–98,1997–98 Sheffield Wednesday F.C. season,1376697599,1997-10-02,Petter Rudi,Molde FK,Molde,,,Sheffield Wednesday F.C.,sheffield_wednesday,"£800,000",no,,,
club-season 1997–98,1997–98 Sheffield Wednesday F.C. season,1376697599,1997-11-17,Derek Geary,,Rivermount Boys,,,Sheffield Wednesday F.C.,sheffield_wednesday,Signed,no,,,
club-season 1997–98,1997–98 Sheffield Wednesday F.C. season,1376697599,1997-12-05,Niclas Alexandersson,IFK Göteborg,IFK Göteborg,,,Sheffield Wednesday F.C.,sheffield_wednesday,"£750,000",no,,,
club-season 1997–98,1997–98 Sheffield Wednesday F.C. season,1376697599,1997-12-06,Alan Quinn,Cherry Orchard F.C.,Cherry Orchard,,,Sheffield Wednesday F.C.,sheffield_wednesday,Nominal,no,,,
club-season 1997–98,1997–98 Sheffield Wednesday F.C. season,1376697599,1998-01-30,Andy Hinchcliffe,Everton F.C.,Everton,everton,,Sheffield Wednesday F.C.,sheffield_wednesday,"£3,000,000",no,,,
club-season 1997–98,1997–98 Sheffield Wednesday F.C. season,1376697599,1998-02-19,Goce Sedloski,HNK Hajduk Split,Hajduk Split,,,Sheffield Wednesday F.C.,sheffield_wednesday,"£750,000",no,,,
club-season 1997–98,1997–98 Sheffield Wednesday F.C. season,1376697599,1998-02-24,Earl Barrett,Everton F.C.,Everton,everton,,Sheffield Wednesday F.C.,sheffield_wednesday,Free transfer,no,,,
club-season 1997–98,1997–98 Sheffield Wednesday F.C. season,1376697599,1998-03-26,Stuart Jones,Weston-super-Mare A.F.C.,Weston-super-Mare,,,Sheffield Wednesday F.C.,sheffield_wednesday,"£20,000",no,,,
club-season 1997–98,1997–98 Sheffield Wednesday F.C. season,1376697599,1998-03-26,Emerson Thome,S.L. Benfica,Benfica,,,Sheffield Wednesday F.C.,sheffield_wednesday,Signed,no,,,
club-season 1997–98,1997–98 Sheffield Wednesday F.C. season,1376697599,1998-04-30,Francesco Sanetti,Genoa C.F.C.,Genoa,,,Sheffield Wednesday F.C.,sheffield_wednesday,Free transfer,no,,,
club-season 1997–98,1997–98 Sheffield Wednesday F.C. season,1376697599,1997-08-01,Dave Hercock,,Sheffield Wednesday F.C.,sheffield_wednesday,Kettering Town F.C.,Kettering Town,,Undisclosed,no,,,
club-season 1997–98,1997–98 Sheffield Wednesday F.C. season,1376697599,1997-08-05,Orlando Trustfull,,Sheffield Wednesday F.C.,sheffield_wednesday,Vitesse Arnhem,Vitesse Arnhem,,"£800,000",no,,,
club-season 1997–98,1997–98 Sheffield Wednesday F.C. season,1376697599,1997-08-06,Regi Blinker,,Sheffield Wednesday F.C.,sheffield_wednesday,Celtic F.C.,Celtic,,"£1,500,000",no,,,
club-season 1997–98,1997–98 Sheffield Wednesday F.C. season,1376697599,1997-10-17,David Hirst,,Sheffield Wednesday F.C.,sheffield_wednesday,Southampton F.C.,Southampton,southampton,"£2,000,000",no,,,
club-season 1997–98,1997–98 Sheffield Wednesday F.C. season,1376697599,1997-11-01,Steve Lenagh,,Sheffield Wednesday F.C.,sheffield_wednesday,Chesterfield F.C.,Chesterfield,,Monthly,no,,,
club-season 1997–98,1997–98 Sheffield Wednesday F.C. season,1376697599,1998-01-01,James Simpkins,,Sheffield Wednesday F.C.,sheffield_wednesday,Chesterfield F.C.,Chesterfield,,Non-contract,no,,,
club-season 1997–98,1997–98 Sheffield Wednesday F.C. season,1376697599,1998-01-14,Patrick Blondeau,,Sheffield Wednesday F.C.,sheffield_wednesday,FC Girondins de Bordeaux,Bordeaux,,"£1,200,000",no,,,
club-season 1997–98,1997–98 Sheffield Wednesday F.C. season,1376697599,1998-01-22,Wayne Collins,,Sheffield Wednesday F.C.,sheffield_wednesday,Fulham F.C.,Fulham,fulham,"£400,000",no,,,
club-season 1997–98,1997–98 Sheffield Wednesday F.C. season,1376697599,1998-03-13,O'Neill Donaldson,,Sheffield Wednesday F.C.,sheffield_wednesday,Stoke City F.C.,Stoke City,stoke_city,Free transfer,no,,,
club-season 1997–98,1997–98 Sheffield Wednesday F.C. season,1376697599,1998-03-27,Adem Poric,,Sheffield Wednesday F.C.,sheffield_wednesday,Notts County F.C.,Notts County,,Free transfer,no,,,
club-season 1997–98,1997–98 Southampton F.C. season,1357311977,,,,1 July 1997,,,Southampton F.C.,southampton,,no,https://www.saintsplayers.co.uk/player/paul-jones/,SaintsPlayers.co.uk,
club-season 1997–98,1997–98 Southampton F.C. season,1357311977,,,,1 July 1997,,,Southampton F.C.,southampton,,no,https://www.saintsplayers.co.uk/player/lee-todd/,SaintsPlayers.co.uk,
club-season 1997–98,1997–98 Southampton F.C. season,1357311977,,,,6 August 1997,,,Southampton F.C.,southampton,,no,https://www.saintsplayers.co.uk/player/stig-johansen/,SaintsPlayers.co.uk,
club-season 1997–98,1997–98 Southampton F.C. season,1357311977,,,,9 September 1997,,,Southampton F.C.,southampton,,no,https://www.saintsplayers.co.uk/player/kevin-richardson/,SaintsPlayers.co.uk,
club-season 1997–98,1997–98 Southampton F.C. season,1357311977,,,,23 September 1997,,,Southampton F.C.,southampton,,no,https://www.saintsplayers.co.uk/player/carlton-palmer/,SaintsPlayers.co.uk,
club-season 1997–98,1997–98 Southampton F.C. season,1357311977,,,,17 October 1997,,,Southampton F.C.,southampton,,no,https://www.saintsplayers.co.uk/player/david-hirst/,SaintsPlayers.co.uk,
club-season 1997–98,1997–98 Southampton F.C. season,1357311977,,,,6 February 1998,,,Southampton F.C.,southampton,,no,https://www.saintsplayers.co.uk/player/john-beresford/,SaintsPlayers.co.uk,
club-season 1997–98,1997–98 Southampton F.C. season,1357311977,,,,26 March 1998,,,Southampton F.C.,southampton,,no,https://www.soccerbase.com/players/player.sd?player_id=14019,Soccerbase,
club-season 1997–98,1997–98 Southampton F.C. season,1357311977,,,,Southampton F.C.,southampton,,14 August 1997,,,no,https://www.saintsplayers.co.uk/player/ulrich-van-gobbel/,SaintsPlayers.co.uk,
club-season 1997–98,1997–98 Southampton F.C. season,1357311977,,,,Southampton F.C.,southampton,,9 September 1997,,,no,https://www.saintsplayers.co.uk/player/jim-magilton/,SaintsPlayers.co.uk,
club-season 1997–98,1997–98 Southampton F.C. season,1357311977,,,,Southampton F.C.,southampton,,10 October 1997,,,no,https://www.saintsplayers.co.uk/player/christer-warren/,SaintsPlayers.co.uk,
club-season 1997–98,1997–98 Southampton F.C. season,1357311977,,,,Southampton F.C.,southampton,,24 October 1997,,,no,https://www.saintsplayers.co.uk/player/micky-evans/,SaintsPlayers.co.uk,
club-season 1997–98,1997–98 Southampton F.C. season,1357311977,,,,Southampton F.C.,southampton,,28 October 1997,,,no,https://www.saintsplayers.co.uk/player/neil-maddison/,SaintsPlayers.co.uk,
club-season 1997–98,1997–98 Southampton F.C. season,1357311977,,,,Southampton F.C.,southampton,,3 November 1997,,,no,https://www.saintsplayers.co.uk/player/dave-beasant/,SaintsPlayers.co.uk,
club-season 1997–98,1997–98 Southampton F.C. season,1357311977,,,,Southampton F.C.,southampton,,14 November 1997,,,no,https://www.saintsplayers.co.uk/player/maik-taylor/,SaintsPlayers.co.uk,
club-season 1997–98,1997–98 Southampton F.C. season,1357311977,,,,Southampton F.C.,southampton,,26 November 1997,,,no,https://www.saintsplayers.co.uk/player/alan-neilson/,SaintsPlayers.co.uk,
club-season 1997–98,1997–98 Southampton F.C. season,1357311977,,,,Southampton F.C.,southampton,,8 January 1998,,,no,https://www.saintsplayers.co.uk/player/simon-charlton/,SaintsPlayers.co.uk,
club-season 1997–98,1997–98 Southampton F.C. season,1357311977,,,,Southampton F.C.,southampton,,20 February 1998,,,no,https://www.saintsplayers.co.uk/player/matthew-robinson/,SaintsPlayers.co.uk,
club-season 1997–98,1997–98 Southampton F.C. season,1357311977,,,,Southampton F.C.,southampton,,26 March 1998,,,no,https://www.saintsplayers.co.uk/player/robbie-slater/,SaintsPlayers.co.uk,
club-season 1997–98,1997–98 Tottenham Hotspur F.C. season,1343152672,1997-07-15,David Ginola,Newcastle United F.C.,Newcastle United,newcastle_united,,Tottenham Hotspur F.C.,tottenham_hotspur,"£2,000,000",no,,,
club-season 1997–98,1997–98 Tottenham Hotspur F.C. season,1343152672,1997-07-28,Les Ferdinand,Newcastle United F.C.,Newcastle United,newcastle_united,,Tottenham Hotspur F.C.,tottenham_hotspur,"£6,000,000",no,,,
club-season 1997–98,1997–98 Tottenham Hotspur F.C. season,1343152672,1997-08-08,José Dominguez,Sporting Clube de Portugal,Sporting CP,,,Tottenham Hotspur F.C.,tottenham_hotspur,"£1,600,000",no,,,
club-season 1997–98,1997–98 Tottenham Hotspur F.C. season,1343152672,1997-12-28,Jürgen Klinsmann,Sampdoria,Sampdoria,,,Tottenham Hotspur F.C.,tottenham_hotspur,Free transfer,no,,,
club-season 1997–98,1997–98 Tottenham Hotspur F.C. season,1343152672,1998-01-08,Nicola Berti,Inter Milan,Inter Milan,,,Tottenham Hotspur F.C.,tottenham_hotspur,Free transfer,no,,,
club-season 1997–98,1997–98 Tottenham Hotspur F.C. season,1343152672,1998-01-30,Frode Grodås,Chelsea F.C.,Chelsea,chelsea,,Tottenham Hotspur F.C.,tottenham_hotspur,"£250,000",no,,,
club-season 1997–98,1997–98 Tottenham Hotspur F.C. season,1343152672,1998-02-23,Moussa Saïb,Valencia CF,Valencia,,,Tottenham Hotspur F.C.,tottenham_hotspur,"£2,300,000",no,,,
club-season 1997–98,1997–98 Tottenham Hotspur F.C. season,1343152672,1997-06-27,Teddy Sheringham,,Tottenham Hotspur F.C.,tottenham_hotspur,Manchester United F.C.,Manchester United,manchester_united,"£3,500,000",no,,,
club-season 1997–98,1997–98 Tottenham Hotspur F.C. season,1343152672,1997-08-01,Simon Wormull,,Tottenham Hotspur F.C.,tottenham_hotspur,Brentford F.C.,Brentford,brentford,Free transfer,no,,,
club-season 1997–98,1997–98 Tottenham Hotspur F.C. season,1343152672,1997-08-10,Ronny Rosenthal,,Tottenham Hotspur F.C.,tottenham_hotspur,Watford F.C.,Watford,watford,Free transfer,no,,,
club-season 1997–98,1997–98 Tottenham Hotspur F.C. season,1343152672,1997-09-19,Leon Townley,,Tottenham Hotspur F.C.,tottenham_hotspur,Brentford F.C.,Brentford,brentford,"£55,000",no,,,
club-season 1997–98,1997–98 Tottenham Hotspur F.C. season,1343152672,1998-01-23,Kevin Maher,,Tottenham Hotspur F.C.,tottenham_hotspur,Southend United F.C.,Southend United,,Free transfer,no,,,
club-season 1997–98,1997–98 Tottenham Hotspur F.C. season,1343152672,1998-03-13,Jamie Clapham,,Tottenham Hotspur F.C.,tottenham_hotspur,Ipswich Town F.C.,Ipswich Town,ipswich_town,"£300,000",no,,,
club-season 1997–98,1997–98 Tottenham Hotspur F.C. season,1343152672,1998-03-20,Paul Mahorn,,Tottenham Hotspur F.C.,tottenham_hotspur,Port Vale F.C.,Port Vale,,Non-contract,no,,,
club-season 1997–98,1997–98 West Ham United F.C. season,1372814150,1997-06-02,Eyal Berkovic,Maccabi Haifa F.C.,Maccabi Haifa,,,West Ham United F.C.,west_ham,"£1,750,000",no,,,
club-season 1997–98,1997–98 West Ham United F.C. season,1372814150,1997-07-09,David Terrier,FC Metz,Metz,,,West Ham United F.C.,west_ham,Free transfer,no,,,
club-season 1997–98,1997–98 West Ham United F.C. season,1372814150,1997-07-21,Craig Forrest,Ipswich Town F.C.,Ipswich Town,ipswich_town,,West Ham United F.C.,west_ham,"£500,000",no,,,
club-season 1997–98,1997–98 West Ham United F.C. season,1372814150,1997-08-15,David Unsworth,Everton F.C.,Everton,everton,,West Ham United F.C.,west_ham,Swap,no,,,
club-season 1997–98,1997–98 West Ham United F.C. season,1372814150,1997-09-18,Ian Pearce,Blackburn Rovers F.C.,Blackburn Rovers,blackburn_rovers,,West Ham United F.C.,west_ham,"£2,300,000",no,,,
club-season 1997–98,1997–98 West Ham United F.C. season,1372814150,1997-09-26,Andrew Impey,Queens Park Rangers F.C.,QPR,qpr,,West Ham United F.C.,west_ham,"£1,200,000",no,,,
club-season 1997–98,1997–98 West Ham United F.C. season,1372814150,1997-10-28,Samassi Abou,AS Cannes,Cannes,,,West Ham United F.C.,west_ham,"£250,000",no,,,
club-season 1997–98,1997–98 West Ham United F.C. season,1372814150,1998-01-29,Trevor Sinclair,Queens Park Rangers F.C.,QPR,qpr,,West Ham United F.C.,west_ham,"£2,300,000",no,,,
club-season 1997–98,1997–98 West Ham United F.C. season,1372814150,1998-02-20,Stephen Bywater,Rochdale A.F.C.,Rochdale,,,West Ham United F.C.,west_ham,"£300,000",no,,,
club-season 1997–98,1997–98 West Ham United F.C. season,1372814150,1997-05-14,Slaven Bilić,,West Ham United F.C.,west_ham,Everton F.C.,Everton,everton,"£4,500,000",no,,,
club-season 1997–98,1997–98 West Ham United F.C. season,1372814150,1997-08-15,Danny Williamson,,West Ham United F.C.,west_ham,Everton F.C.,Everton,everton,Swap,no,,,
club-season 1997–98,1997–98 West Ham United F.C. season,1372814150,1997-09-12,Marc Rieper,,West Ham United F.C.,west_ham,Celtic F.C.,Celtic,,"£1,400,000",no,,,
club-season 1997–98,1997–98 West Ham United F.C. season,1372814150,1997-09-25,Michael Hughes,,West Ham United F.C.,west_ham,Wimbledon F.C.,Wimbledon,wimbledon_fc,"£1,600,000",no,,,
club-season 1997–98,1997–98 West Ham United F.C. season,1372814150,1998-01-29,Keith Rowland,,West Ham United F.C.,west_ham,Queens Park Rangers F.C.,QPR,qpr,Swap,no,,,
club-season 1997–98,1997–98 West Ham United F.C. season,1372814150,1998-01-29,Iain Dowie,,West Ham United F.C.,west_ham,Queens Park Rangers F.C.,QPR,qpr,"£1,600,000",no,,,
club-season 1997–98,1997–98 West Ham United F.C. season,1372814150,1998-03-26,Ian Bishop,,West Ham United F.C.,west_ham,Manchester City F.C.,Manchester City,manchester_city,Free transfer,no,,,
club-season 1997–98,1997–98 Wimbledon F.C. season,1336821723,1997-07-02,Ceri Hughes,Luton Town F.C.,Luton Town,luton_town,,Wimbledon F.C.,wimbledon_fc,"£400,000",no,,,
club-season 1997–98,1997–98 Wimbledon F.C. season,1336821723,1997-09-25,Michael Hughes,West Ham United F.C.,West Ham United,west_ham,,Wimbledon F.C.,wimbledon_fc,"£1,600,000",no,,,
club-season 1997–98,1997–98 Wimbledon F.C. season,1336821723,1997-10-13,Ståle Solbakken,Lillestrøm SK,Lillestrøm,,,Wimbledon F.C.,wimbledon_fc,"£250,000",no,,,
club-season 1997–98,1997–98 Wimbledon F.C. season,1336821723,1998-01-08,Carl Leaburn,Charlton Athletic F.C.,Charlton Athletic,charlton_athletic,,Wimbledon F.C.,wimbledon_fc,"£300,000",no,,,
club-season 1997–98,1997–98 Wimbledon F.C. season,1336821723,1998-03-09,Andy Roberts,Crystal Palace F.C.,Crystal Palace,crystal_palace,,Wimbledon F.C.,wimbledon_fc,"£2,000,000",no,,,
club-season 1997–98,1997–98 Wimbledon F.C. season,1336821723,1998-03-26,Mark Kennedy,Liverpool F.C.,Liverpool,liverpool,,Wimbledon F.C.,wimbledon_fc,"£1,750,000",no,,,
club-season 1997–98,1997–98 Wimbledon F.C. season,1336821723,1997-06-02,Øyvind Leonhardsen,,Wimbledon F.C.,wimbledon_fc,Liverpool F.C.,Liverpool,liverpool,"£3,500,000",no,,,
club-season 1997–98,1997–98 Wimbledon F.C. season,1336821723,1997-08-01,Scott Fitzgerald,,Wimbledon F.C.,wimbledon_fc,Millwall F.C.,Millwall,,"£50,000",no,,,
club-season 1997–98,1997–98 Wimbledon F.C. season,1336821723,1997-10-02,Dean Holdsworth,,Wimbledon F.C.,wimbledon_fc,Bolton Wanderers F.C.,Bolton Wanderers,bolton_wanderers,"£3,500,000",no,,,
club-season 1997–98,1997–98 Wimbledon F.C. season,1336821723,1998-03-26,Vinnie Jones,,Wimbledon F.C.,wimbledon_fc,Queens Park Rangers F.C.,Queens Park Rangers,qpr,"£750,000",no,,,
club-season 1998–99,1998–99 Arsenal F.C. season,1375540281,,Saint-Étienne,,"£500,000",,,Arsenal F.C.,arsenal,19 June 1998,no,,,9 August 1998
club-season 1998–99,1998–99 Arsenal F.C. season,1375540281,,Lugano,,"£1,600,000",,,Arsenal F.C.,arsenal,5 August 1998,no,http://www.arsenal.co.uk/content/vivasarrive.htm,Arsenal Football Club,
club-season 1998–99,1998–99 Arsenal F.C. season,1375540281,,Halmstad,,Undisclosed,,,Arsenal F.C.,arsenal,11 September 1998,no,http://www.arsenal.co.uk/content/lun_join.htm,Arsenal Football Club,
club-season 1998–99,1998–99 Arsenal F.C. season,1375540281,,Cerro Porteño,,Loan,,,Arsenal F.C.,arsenal,29 October 1998,no,http://arseweb.com/people/res_squad_9899.html http://arseweb.com/98-99/news/Transfers.html#news, | , | 
club-season 1998–99,1998–99 Arsenal F.C. season,1375540281,,Notts County,,"£2,000,000",,,Arsenal F.C.,arsenal,8 January 1999,no,,,8 January 1999
club-season 1998–99,1998–99 Arsenal F.C. season,1375540281,,Internazionale,,Undisclosed,,,Arsenal F.C.,arsenal,15 January 1999,no,http://www.arsenal.co.uk/content/kanusign.htm,Arsenal Football Club,
club-season 1998–99,1998–99 Arsenal F.C. season,1375540281,,Bordeaux,,Undisclosed,,,Arsenal F.C.,arsenal,29 January 1999,no,http://www.arsenal.co.uk/content/kabasign.htm,Arsenal Football Club,
club-season 1998–99,1998–99 Arsenal F.C. season,1375540281,,Gillingham,,Arsenal F.C.,arsenal,,Free,,20 March 1998,no,,,15 August 1998
club-season 1998–99,1998–99 Arsenal F.C. season,1375540281,,Luton Town,,Arsenal F.C.,arsenal,,Free,,26 June 1998,no,,,15 August 1998
club-season 1998–99,1998–99 Arsenal F.C. season,1375540281,,Bournemouth,,Arsenal F.C.,arsenal,,"£20,000",,1 July 1998,no,,,15 August 1998
club-season 1998–99,1998–99 Arsenal F.C. season,1375540281,,West Ham United,,Arsenal F.C.,arsenal,,"£750,000",,13 July 1998,no,,,14 July 1998
club-season 1998–99,1998–99 Arsenal F.C. season,1375540281,,Southampton,,Arsenal F.C.,arsenal,,Free,,14 July 1998,no,,,15 August 1998
club-season 1998–99,1998–99 Arsenal F.C. season,1375540281,,Bradford City,,Arsenal F.C.,arsenal,,"£1,300,000",,13 August 1998,no,http://www.soccerbase.com/players/player.sd?player_id=10491,Soccerbase,
club-season 1998–99,1998–99 Aston Villa F.C. season,1371087547,1998-06-05,Alan Thompson,Bolton Wanderers,Bolton Wanderers,bolton_wanderers,,Aston Villa F.C.,aston_villa,"£4,500,000",no,,,
club-season 1998–99,1998–99 Aston Villa F.C. season,1371087547,1998-06-24,Fabio Ferraresi,A.C. Cesena,Cesena,,,Aston Villa F.C.,aston_villa,Free transfer,no,,,
club-season 1998–99,1998–99 Aston Villa F.C. season,1371087547,1998-06-24,David Unsworth,West Ham United,West Ham United,west_ham,,Aston Villa F.C.,aston_villa,"£3,000,000",no,,,
club-season 1998–99,1998–99 Aston Villa F.C. season,1371087547,1998-09-08,Paul Merson,Middlesbrough F.C.,Middlesbrough,middlesbrough,,Aston Villa F.C.,aston_villa,"£6,750,000",no,,,
club-season 1998–99,1998–99 Aston Villa F.C. season,1371087547,1998-10-15,Steve Watson,Newcastle United,Newcastle United,newcastle_united,,Aston Villa F.C.,aston_villa,"£4,000,000",no,,,
club-season 1998–99,1998–99 Aston Villa F.C. season,1371087547,1998-11-05,Dion Dublin,Coventry City,Coventry City,coventry_city,,Aston Villa F.C.,aston_villa,"£5,750,000",no,,,
club-season 1998–99,1998–99 Aston Villa F.C. season,1371087547,1999-02-01,Peter Enckelman,Turun Palloseura,TPS,,,Aston Villa F.C.,aston_villa,"£200,000",no,,,
club-season 1998–99,1998–99 Aston Villa F.C. season,1371087547,1999-03-09,Mark Delaney,Cardiff City,Cardiff City,cardiff_city,,Aston Villa F.C.,aston_villa,"£250,000",no,,,
club-season 1998–99,1998–99 Aston Villa F.C. season,1371087547,1999-03-11,Steve Stone,Nottingham Forest,Nottingham Forest,nottingham_forest,,Aston Villa F.C.,aston_villa,"£5,500,000",no,,,
club-season 1998–99,1998–99 Aston Villa F.C. season,1371087547,1999-03-23,Colin Calderwood,Tottenham Hotspur,Tottenham Hotspur,tottenham_hotspur,,Aston Villa F.C.,aston_villa,"£230,000",no,,,
club-season 1998–99,1998–99 Aston Villa F.C. season,1371087547,1999-04-28,Neil Tarrant,Ross County F.C.,Ross County,,,Aston Villa F.C.,aston_villa,"£250,000",no,,,
club-season 1998–99,1998–99 Aston Villa F.C. season,1371087547,1998-07-01,Neil Davis,,Aston Villa F.C.,aston_villa,Walsall F.C.,Walsall,,Free transfer,no,,,
club-season 1998–99,1998–99 Aston Villa F.C. season,1371087547,1998-07-01,Steve Staunton,,Aston Villa F.C.,aston_villa,Liverpool F.C.,Liverpool,liverpool,Free transfer,no,,,
club-season 1998–99,1998–99 Aston Villa F.C. season,1371087547,1998-07-01,Savo Milošević,,Aston Villa F.C.,aston_villa,Real Zaragoza,Real Zaragoza,,"£3,500,000",no,,,
club-season 1998–99,1998–99 Aston Villa F.C. season,1371087547,1998-07-07,Fernando Nélson,,Aston Villa F.C.,aston_villa,FC Porto,Porto,,"£1,100,000",no,,,
club-season 1998–99,1998–99 Aston Villa F.C. season,1371087547,1998-08-20,Dwight Yorke,,Aston Villa F.C.,aston_villa,Manchester United,Manchester United,manchester_united,"£12,600,000",no,,,
club-season 1998–99,1998–99 Aston Villa F.C. season,1371087547,1998-08-21,David Unsworth,,Aston Villa F.C.,aston_villa,Everton F.C.,Everton,everton,"£3,000,000",no,,,
club-season 1998–99,1998–99 Aston Villa F.C. season,1371087547,1998-11-27,Ben Petty,,Aston Villa F.C.,aston_villa,Stoke City,Stoke City,stoke_city,"£100,000",no,,,
club-season 1998–99,1998–99 Aston Villa F.C. season,1371087547,1999-01-14,Gary Charles,,Aston Villa F.C.,aston_villa,SL Benfica,Benfica,,"£1,000,000",no,,,
club-season 1998–99,1998–99 Aston Villa F.C. season,1371087547,1999-01-14,Lee Collins,,Aston Villa F.C.,aston_villa,Stoke City,Stoke City,stoke_city,Free transfer,no,,,
club-season 1998–99,1998–99 Blackburn Rovers F.C. season,1369560477,1998-07-01,Darren Peacock,Newcastle United F.C.,Newcastle United,newcastle_united,,Blackburn Rovers F.C.,blackburn_rovers,Free,no,,,
club-season 1998–99,1998–99 Blackburn Rovers F.C. season,1369560477,1998-07-06,Jimmy Corbett,Gillingham Town F.C. (Dorset),Gillingham,,,Blackburn Rovers F.C.,blackburn_rovers,"£535,00",no,,,
club-season 1998–99,1998–99 Blackburn Rovers F.C. season,1369560477,1998-07-09,Kevin Davies,Southampton F.C.,Southampton,southampton,,Blackburn Rovers F.C.,blackburn_rovers,"£7,250,000",no,,,
club-season 1998–99,1998–99 Blackburn Rovers F.C. season,1369560477,1998-07-21,Sébastien Pérez,SC Bastia,SC Bastia,,,Blackburn Rovers F.C.,blackburn_rovers,"£3,000,000",no,,,
club-season 1998–99,1998–99 Blackburn Rovers F.C. season,1369560477,1998-08-21,Christian Dailly,Derby County F.C.,Derby County,derby_county,,Blackburn Rovers F.C.,blackburn_rovers,"£5,300,000",no,,,
club-season 1998–99,1998–99 Blackburn Rovers F.C. season,1369560477,1998-10-26,Oumar Kondé,FC Basel,FC Basel,,,Blackburn Rovers F.C.,blackburn_rovers,"£500,000",no,,,
club-season 1998–99,1998–99 Blackburn Rovers F.C. season,1369560477,1998-10-30,Nathan Blake,Bolton Wanderers F.C.,Bolton Wanderers,bolton_wanderers,,Blackburn Rovers F.C.,blackburn_rovers,"£4,250,000",no,,,
club-season 1998–99,1998–99 Blackburn Rovers F.C. season,1369560477,1998-12-16,Keith Gillespie,Newcastle United F.C.,Newcastle United,newcastle_united,,Blackburn Rovers F.C.,blackburn_rovers,"£2,350,000",no,,,
club-season 1998–99,1998–99 Blackburn Rovers F.C. season,1369560477,1998-12-29,Ashley Ward,Barnsley F.C.,Barnsley,barnsley,,Blackburn Rovers F.C.,blackburn_rovers,"£4,500,000",no,,,
club-season 1998–99,1998–99 Blackburn Rovers F.C. season,1369560477,1999-01-18,Matt Jansen,Crystal Palace F.C.,Crystal Palace,crystal_palace,,Blackburn Rovers F.C.,blackburn_rovers,"£4,100,000",no,,,
club-season 1998–99,1998–99 Blackburn Rovers F.C. season,1369560477,1999-01-27,Jason McAteer,Liverpool F.C.,Liverpool,liverpool,,Blackburn Rovers F.C.,blackburn_rovers,"£4,000,000",no,,,
club-season 1998–99,1998–99 Blackburn Rovers F.C. season,1369560477,1999-02-12,David McNamee,St Mirren F.C.,St Mirren,,,Blackburn Rovers F.C.,blackburn_rovers,"£300,000",no,,,
club-season 1998–99,1998–99 Blackburn Rovers F.C. season,1369560477,1999-02-12,Burton O'Brien,St Mirren F.C.,St Mirren,,,Blackburn Rovers F.C.,blackburn_rovers,"£300,000",no,,,
club-season 1998–99,1998–99 Blackburn Rovers F.C. season,1369560477,1999-03-22,Lee Carsley,Derby County F.C.,Derby County,derby_county,,Blackburn Rovers F.C.,blackburn_rovers,"£3,400,000",no,,,
club-season 1998–99,1998–99 Blackburn Rovers F.C. season,1369560477,1998-08-01,Michael Lomax,,Blackburn Rovers F.C.,blackburn_rovers,Macclesfield Town F.C.,Macclesfield Town,,Free,no,,,
club-season 1998–99,1998–99 Blackburn Rovers F.C. season,1369560477,1998-08-01,Per Pedersen,,Blackburn Rovers F.C.,blackburn_rovers,RC Strasbourg,Strasbourg,,"£900,000",no,,,
club-season 1998–99,1998–99 Blackburn Rovers F.C. season,1369560477,1998-08-04,Colin Hendry,,Blackburn Rovers F.C.,blackburn_rovers,Rangers F.C.,Rangers,,"£4,000,000",no,,,
club-season 1998–99,1998–99 Blackburn Rovers F.C. season,1369560477,1998-10-26,Tore Pedersen,,Blackburn Rovers F.C.,blackburn_rovers,Eintracht Frankfurt,Eintracht Frankfurt,,"£225,000",no,,,
club-season 1998–99,1998–99 Blackburn Rovers F.C. season,1369560477,1999-01-05,Luke Staton,,Blackburn Rovers F.C.,blackburn_rovers,Bolton Wanderers F.C.,Bolton Wanderers,bolton_wanderers,Free,no,,,
club-season 1998–99,1998–99 Blackburn Rovers F.C. season,1369560477,1999-02-04,Tim Sherwood,,Blackburn Rovers F.C.,blackburn_rovers,Tottenham Hotspur F.C.,Tottenham Hotspur,tottenham_hotspur,"£4,000,000",no,,,
club-season 1998–99,1998–99 Blackburn Rovers F.C. season,1369560477,1999-03-30,David Worrell,,Blackburn Rovers F.C.,blackburn_rovers,Dundee United F.C.,Dundee United,,"£50,000",no,,,
club-season 1998–99,1998–99 Blackburn Rovers F.C. season,1369560477,1999-05-31,Graham Coughlan,,Blackburn Rovers F.C.,blackburn_rovers,Livingston F.C.,Livingston,,Free,no,,,
club-season 1998–99,1998–99 Blackburn Rovers F.C. season,1369560477,1999-06-01,Sébastien Pérez,,Blackburn Rovers F.C.,blackburn_rovers,Olympique de Marseille,Marseille,,"£2,500,000",no,,,
club-season 1998–99,1998–99 Charlton Athletic F.C. season,1357259433,1998-06-22,Chris Powell,Derby County F.C.,Derby County,derby_county,,Charlton Athletic F.C.,charlton_athletic,"£800,000",no,,,
club-season 1998–99,1998–99 Charlton Athletic F.C. season,1357259433,1998-06-25,Neil Redfearn,Barnsley F.C.,Barnsley,barnsley,,Charlton Athletic F.C.,charlton_athletic,"£1,000,000",no,,,
club-season 1998–99,1998–99 Charlton Athletic F.C. season,1357259433,1998-07-01,Andy Hunt,West Bromwich Albion F.C.,West Bromwich Albion,west_brom,,Charlton Athletic F.C.,charlton_athletic,Free transfer,no,,,
club-season 1998–99,1998–99 Charlton Athletic F.C. season,1357259433,1998-07-02,Paul Smith,Walton and Hersham F.C.,Walton and Hersham,,,Charlton Athletic F.C.,charlton_athletic,Free transfer,no,,,
club-season 1998–99,1998–99 Charlton Athletic F.C. season,1357259433,1998-09-29,Carl Tiler,Everton F.C.,Everton,everton,,Charlton Athletic F.C.,charlton_athletic,"£700,000",no,,,
club-season 1998–99,1998–99 Charlton Athletic F.C. season,1357259433,1999-02-08,John Barnes,Newcastle United F.C.,Newcastle United,newcastle_united,,Charlton Athletic F.C.,charlton_athletic,Free transfer,no,,,
club-season 1998–99,1998–99 Charlton Athletic F.C. season,1357259433,1999-03-05,Martin Pringle,S.L. Benfica,Benfica,,,Charlton Athletic F.C.,charlton_athletic,"£800,000",no,,,
club-season 1998–99,1998–99 Charlton Athletic F.C. season,1357259433,1999-03-09,Mark McCammon,Cambridge United F.C.,Cambridge United,,,Charlton Athletic F.C.,charlton_athletic,Undisclosed,no,,,
club-season 1998–99,1998–99 Charlton Athletic F.C. season,1357259433,1999-03-23,Graham Stuart,Sheffield United F.C.,Sheffield United,sheffield_united,,Charlton Athletic F.C.,charlton_athletic,"£1,100,000",no,,,
club-season 1998–99,1998–99 Charlton Athletic F.C. season,1357259433,1999-05-25,Dean Kiely,Bury F.C.,Bury,,,Charlton Athletic F.C.,charlton_athletic,"£1,000,000",no,,,
club-season 1998–99,1998–99 Charlton Athletic F.C. season,1357259433,1998-07-01,Phil Chapple,,Charlton Athletic F.C.,charlton_athletic,Peterborough United F.C.,Peterborough United,,Free transfer,no,,,
club-season 1998–99,1998–99 Charlton Athletic F.C. season,1357259433,1998-09-17,Paul Emblen,,Charlton Athletic F.C.,charlton_athletic,Wycombe Wanderers F.C.,Wycombe Wanderers,,"£60,000",no,,,
club-season 1998–99,1998–99 Charlton Athletic F.C. season,1357259433,1998-09-18,Stuart Balmer,,Charlton Athletic F.C.,charlton_athletic,Wigan Athletic F.C.,Wigan Athletic,wigan_athletic,"£200,000",no,,,
club-season 1998–99,1998–99 Charlton Athletic F.C. season,1357259433,1999-03-19,Lee Doherty,,Charlton Athletic F.C.,charlton_athletic,Brighton & Hove Albion F.C.,Brighton & Hove Albion,brighton,Undisclosed,no,,,
club-season 1998–99,1998–99 Charlton Athletic F.C. season,1357259433,1999-05-24,Adrian Webster,,Charlton Athletic F.C.,charlton_athletic,Colchester United,Colchester United,,Free transfer,no,,,
club-season 1998–99,1998–99 Coventry City F.C. season,1328753630,1998-06-04,Jean-Guy Wallemme,RC Lens,RC Lens,,,Coventry City F.C.,coventry_city,Undisclosed,no,,,
club-season 1998–99,1998–99 Coventry City F.C. season,1328753630,1998-08-01,Robert Jarni,Real Betis,Real Betis,,,Coventry City F.C.,coventry_city,"£2,600,000",no,,,
club-season 1998–99,1998–99 Coventry City F.C. season,1328753630,1998-08-07,Paul Hall,Portsmouth F.C.,Portsmouth,portsmouth,,Coventry City F.C.,coventry_city,"£300,000",no,,,
club-season 1998–99,1998–99 Coventry City F.C. season,1328753630,1998-08-26,Marc Edworthy,Crystal Palace F.C.,Crystal Palace,crystal_palace,,Coventry City F.C.,coventry_city,"£1,200,000",no,,,
club-season 1998–99,1998–99 Coventry City F.C. season,1328753630,1998-10-01,Steve Froggatt,Wolverhampton Wanderers F.C.,Wolverhampton Wanderers,wolves,,Coventry City F.C.,coventry_city,"£1,900,000",no,,,
club-season 1998–99,1998–99 Coventry City F.C. season,1328753630,1998-10-12,Laurent Delorge,K.A.A. Gent,Gent,,,Coventry City F.C.,coventry_city,"£1,250,000",no,,,
club-season 1998–99,1998–99 Coventry City F.C. season,1328753630,1998-12-17,John Aloisi,Portsmouth F.C.,Portsmouth,portsmouth,,Coventry City F.C.,coventry_city,"£650,000",no,,,
club-season 1998–99,1998–99 Coventry City F.C. season,1328753630,1998-12-30,Morten Hyldgaard,Ikast FS,Ikast FS,,,Coventry City F.C.,coventry_city,"£200,000",no,,,
club-season 1998–99,1998–99 Coventry City F.C. season,1328753630,1999-01-13,Muhamed Konjić,AS Monaco FC,AS Monaco,,,Coventry City F.C.,coventry_city,"£2,000,000",no,,,
club-season 1998–99,1998–99 Coventry City F.C. season,1328753630,1999-05-28,Youssef Chippo,F.C. Porto,Porto,,,Coventry City F.C.,coventry_city,"£1,200,000",no,,,
club-season 1998–99,1998–99 Coventry City F.C. season,1328753630,1998-07-08,John Salako,,Coventry City F.C.,coventry_city,Fulham F.C.,Fulham,fulham,Free transfer,no,,,
club-season 1998–99,1998–99 Coventry City F.C. season,1328753630,1998-07-16,Viorel Moldovan,,Coventry City F.C.,coventry_city,Fenerbahçe S.K. (football team),Fenerbahçe,,"£4,000,000",no,,,
club-season 1998–99,1998–99 Coventry City F.C. season,1328753630,1998-08-15,Robert Jarni,,Coventry City F.C.,coventry_city,Real Madrid C.F.,Real Madrid,,"£3,400,000",no,,,
club-season 1998–99,1998–99 Coventry City F.C. season,1328753630,1998-10-02,Simon Haworth,,Coventry City F.C.,coventry_city,Wigan Athletic F.C.,Wigan Athletic,wigan_athletic,"£600,000",no,,,
club-season 1998–99,1998–99 Coventry City F.C. season,1328753630,1998-11-05,Dion Dublin,,Coventry City F.C.,coventry_city,Aston Villa F.C.,Aston Villa,aston_villa,"£5,750,000",no,,,
club-season 1998–99,1998–99 Coventry City F.C. season,1328753630,1998-12-30,Jean-Guy Wallemme,,Coventry City F.C.,coventry_city,FC Sochaux-Montbéliard,Sochaux,,"£400,000",no,,,
club-season 1998–99,1998–99 Derby County F.C. season,1304072789,1998-06-23,Stefan Schnoor,Hamburger SV,Hamburger SV,,,Derby County F.C.,derby_county,Free transfer,no,,,
club-season 1998–99,1998–99 Derby County F.C. season,1304072789,1998-08-21,Spencer Prior,Leicester City F.C.,Leicester City,leicester_city,,Derby County F.C.,derby_county,"£700,000",no,,,
club-season 1998–99,1998–99 Derby County F.C. season,1304072789,1998-09-10,Kevin Harper,Hibernian F.C.,Hibernian,,,Derby County F.C.,derby_county,"£300,000",no,,,
club-season 1998–99,1998–99 Derby County F.C. season,1304072789,1998-09-19,Brian Launders,BV Veendam,BV Veendam,,,Derby County F.C.,derby_county,Free transfer,no,,,
club-season 1998–99,1998–99 Derby County F.C. season,1304072789,1998-10-16,Tony Dorigo,Torino F.C.,Torino,,,Derby County F.C.,derby_county,Monthly contract,no,,,
club-season 1998–99,1998–99 Derby County F.C. season,1304072789,1998-10-28,Malcolm Christie,Nuneaton Borough A.F.C.,Nuneaton Borough,,,Derby County F.C.,derby_county,"£50,000",no,,,
club-season 1998–99,1998–99 Derby County F.C. season,1304072789,1999-02-19,Gerard Doherty,Derry City F.C.,Derry City,,,Derby County F.C.,derby_county,"£20,000",no,,,
club-season 1998–99,1998–99 Derby County F.C. season,1304072789,1999-03-12,Vassilios Borbokis,Sheffield United F.C.,Sheffield United,sheffield_united,,Derby County F.C.,derby_county,"£500,000",no,,,
club-season 1998–99,1998–99 Derby County F.C. season,1304072789,1999-03-24,Richard Jackson,Scarborough F.C.,Scarborough,,,Derby County F.C.,derby_county,"£30,000",no,,,
club-season 1998–99,1998–99 Derby County F.C. season,1304072789,1999-03-25,Paul Boertien,Carlisle United F.C.,Carlisle United,,,Derby County F.C.,derby_county,"£250,000",no,,,
club-season 1998–99,1998–99 Derby County F.C. season,1304072789,1999-03-25,Mikkel Beck,Middlesbrough F.C.,Middlesbrough,middlesbrough,,Derby County F.C.,derby_county,"£500,000",no,,,
club-season 1998–99,1998–99 Derby County F.C. season,1304072789,1999-05-18,Seth Johnson,Crewe Alexandra F.C.,Crewe Alexandra,,,Derby County F.C.,derby_county,"£3,000,000",no,,,
club-season 1998–99,1998–99 Derby County F.C. season,1304072789,1998-06-22,Chris Powell,,Derby County F.C.,derby_county,Charlton Athletic F.C.,Charlton Athletic,charlton_athletic,"£800,000",no,,,
club-season 1998–99,1998–99 Derby County F.C. season,1304072789,1998-07-13,Dean Yates,,Derby County F.C.,derby_county,Watford F.C.,Watford,watford,Free transfer,no,,,
club-season 1998–99,1998–99 Derby County F.C. season,1304072789,1998-07-15,Robin van der Laan,,Derby County F.C.,derby_county,Barnsley F.C.,Barnsley,barnsley,"£325,000",no,,,
club-season 1998–99,1998–99 Derby County F.C. season,1304072789,1998-08-13,Gary Rowett,,Derby County F.C.,derby_county,Birmingham City F.C.,Birmingham City,birmingham_city,"£1,000,000",no,,,
club-season 1998–99,1998–99 Derby County F.C. season,1304072789,1998-08-21,Christian Dailly,,Derby County F.C.,derby_county,Blackburn Rovers F.C.,Blackburn Rovers,blackburn_rovers,"£5,300,000",no,,,
club-season 1998–99,1998–99 Derby County F.C. season,1304072789,1999-03-12,Rob Kozluk,,Derby County F.C.,derby_county,Sheffield United F.C.,Sheffield United,sheffield_united,Swap,no,,,
club-season 1998–99,1998–99 Derby County F.C. season,1304072789,1999-03-12,Jonathan Hunt,,Derby County F.C.,derby_county,Sheffield United F.C.,Sheffield United,sheffield_united,Swap,no,,,
club-season 1998–99,1998–99 Derby County F.C. season,1304072789,1999-03-22,Lee Carsley,,Derby County F.C.,derby_county,Blackburn Rovers F.C.,Blackburn Rovers,blackburn_rovers,"£3,400,000",no,,,
club-season 1998–99,1998–99 Derby County F.C. season,1304072789,1999-05-28,Brian Launders,,Derby County F.C.,derby_county,Colchester United F.C.,Colchester United,,Signed,no,,,
club-season 1998–99,1998–99 Leicester City F.C. season,1356622333,1998-06-19,Julian Watts,,Leicester City F.C.,leicester_city,Bristol City F.C.,Bristol City,,Free transfer,no,,,
club-season 1998–99,1998–99 Leicester City F.C. season,1356622333,1998-07-03,Graeme Jaffa,,Leicester City F.C.,leicester_city,Dunfermline Athletic F.C.,Dunfermline Athletic,,Signed,no,,,
club-season 1998–99,1998–99 Leicester City F.C. season,1356622333,1998-08-21,Spencer Prior,,Leicester City F.C.,leicester_city,Derby County F.C.,Derby County,derby_county,"£700,000",no,,,
club-season 1998–99,1998–99 Leicester City F.C. season,1356622333,1999-02-01,Sam McMahon,,Leicester City F.C.,leicester_city,Cambridge United F.C.,Cambridge United,,Free transfer,no,,,
club-season 1998–99,1998–99 Manchester United F.C. season,1367188307,1998-07-01,Jaap Stam,PSV Eindhoven,PSV Eindhoven,,,Manchester United F.C.,manchester_united,£10.75m,no,http://www.independent.ie/sport/stam-the-man-as-reds-fork-out-record-pound10m-450000.html,Irish Independent,27 April 1998
club-season 1998–99,1998–99 Manchester United F.C. season,1367188307,1998-07-08,Russell Best,Notts County F.C.,Notts County,,,Manchester United F.C.,manchester_united,Free,no,http://www.transferleague.co.uk/premiership-transfers/manchester-united-transfers.html,Transfer League,
club-season 1998–99,1998–99 Manchester United F.C. season,1367188307,1998-07-21,Jesper Blomqvist,Parma F.C.,Parma,,,Manchester United F.C.,manchester_united,£4.4m,no,"https://news.google.com/newspapers?id=z_VOAAAAIBAJ&pg=5849,205321&dq=jesper+blomqvist&hl=en",New Straits Times,23 July 1998
club-season 1998–99,1998–99 Manchester United F.C. season,1367188307,1998-08-03,John O'Shea,,Waterford Bohemians,,,Manchester United F.C.,manchester_united,Undisclosed,no,,,
club-season 1998–99,1998–99 Manchester United F.C. season,1367188307,1998-08-20,Dwight Yorke,Aston Villa F.C.,Aston Villa,aston_villa,,Manchester United F.C.,manchester_united,£12.6m,no,https://www.independent.co.uk/sport/football-united-win-pounds-12m-battle-for-yorke-1173103.html,[[The Independent,21 August 1998
club-season 1998–99,1998–99 Manchester United F.C. season,1367188307,1999-02-17,Bojan Djordjic,IF Brommapojkarna,Brommapojkarna,,,Manchester United F.C.,manchester_united,Undisclosed,no,http://www.transferleague.co.uk/premiership-transfers/manchester-united-transfers.html,Transfer League,
club-season 1998–99,1998–99 Manchester United F.C. season,1367188307,1999-06-02,Mark Bosnich,Aston Villa F.C.,Aston Villa,aston_villa,,Manchester United F.C.,manchester_united,Free,no,http://news.bbc.co.uk/1/hi/sport/football/fa_carling_premiership/358845.stm,BBC News (British Broadcasting Corporation),2 June 1999
club-season 1998–99,1998–99 Manchester United F.C. season,1367188307,1998-07-03,Ben Thornley,,Manchester United F.C.,manchester_united,Huddersfield Town A.F.C.,Huddersfield Town,huddersfield_town,£175k,no,http://www.transferleague.co.uk/premiership-transfers/manchester-united-transfers.html,Transfer League,
club-season 1998–99,1998–99 Manchester United F.C. season,1367188307,1998-07-04,Leon Mills,,Manchester United F.C.,manchester_united,Wigan Athletic F.C.,Wigan Athletic,wigan_athletic,Undisclosed,no,,,
club-season 1998–99,1998–99 Manchester United F.C. season,1367188307,1998-07-09,Gary Pallister,,Manchester United F.C.,manchester_united,Middlesbrough F.C.,Middlesbrough,middlesbrough,£2.5m,no,https://news.bbc.co.uk/1/hi/sport/football/129636.stm,BBC Sport,9 July 1998
club-season 1998–99,1998–99 Manchester United F.C. season,1367188307,1998-11-04,Chris Casper,,Manchester United F.C.,manchester_united,Reading F.C.,Reading,reading,£300k,no,http://www.transferleague.co.uk/premiership-transfers/manchester-united-transfers.html,Transfer League,
club-season 1998–99,1998–99 Manchester United F.C. season,1367188307,1999-03-24,Michael Ryan,,Manchester United F.C.,manchester_united,Wrexham F.C.,Wrexham,,Undisclosed,no,http://www.transferleague.co.uk/premiership-transfers/manchester-united-transfers.html,Transfer League,
club-season 1998–99,1998–99 Manchester United F.C. season,1367188307,1999-03-25,Paul Gibson,,Manchester United F.C.,manchester_united,Notts County F.C.,Notts County,,Undisclosed,no,http://www.transferleague.co.uk/premiership-transfers/manchester-united-transfers.html,Transfer League,
club-season 1998–99,1998–99 Manchester United F.C. season,1367188307,1999-03-25,Philip Mulryne,,Manchester United F.C.,manchester_united,Norwich City F.C.,Norwich City,norwich_city,£500k,no,http://www.transferleague.co.uk/premiership-transfers/manchester-united-transfers.html,Transfer League,
club-season 1998–99,1998–99 Manchester United F.C. season,1367188307,1999-04-16,Terry Cooke,,Manchester United F.C.,manchester_united,Manchester City F.C.,Manchester City,manchester_city,£1m,no,http://www.transferleague.co.uk/premiership-transfers/manchester-united-transfers.html,Transfer League,
club-season 1998–99,1998–99 Middlesbrough F.C. season,1303978086,1998-07-06,Dean Gordon,Crystal Palace F.C.,Crystal Palace,crystal_palace,,Middlesbrough F.C.,middlesbrough,"£900,000",no,,,
club-season 1998–99,1998–99 Middlesbrough F.C. season,1303978086,1998-07-06,Gary Pallister,Manchester United F.C.,Manchester United,manchester_united,,Middlesbrough F.C.,middlesbrough,"£2,500,000",no,,,
club-season 1998–99,1998–99 Middlesbrough F.C. season,1303978086,1998-08-18,Colin Cooper,Nottingham Forest F.C.,Nottingham Forest,nottingham_forest,,Middlesbrough F.C.,middlesbrough,"£2,500,000",no,,,
club-season 1998–99,1998–99 Middlesbrough F.C. season,1303978086,1998-10-12,Brian Deane,S.L. Benfica,Benfica,,,Middlesbrough F.C.,middlesbrough,"£3,000,000",no,,,
club-season 1998–99,1998–99 Middlesbrough F.C. season,1303978086,1999-03-18,Keith O'Neill,Norwich City F.C.,Norwich City,norwich_city,,Middlesbrough F.C.,middlesbrough,"£700,000",no,,,
club-season 1998–99,1998–99 Middlesbrough F.C. season,1303978086,1998-07-01,Craig Liddle,,Middlesbrough F.C.,middlesbrough,Darlington F.C.,Darlington,,Free transfer,no,,,
club-season 1998–99,1998–99 Middlesbrough F.C. season,1303978086,1998-09-08,Paul Merson,,Middlesbrough F.C.,middlesbrough,Aston Villa F.C.,Aston Villa,aston_villa,"£6,750,000",no,,,
club-season 1998–99,1998–99 Middlesbrough F.C. season,1303978086,1999-02-25,Clayton Blackmore,,Middlesbrough F.C.,middlesbrough,Barnsley F.C.,Barnsley,barnsley,Free transfer,no,,,
club-season 1998–99,1998–99 Middlesbrough F.C. season,1303978086,1999-03-25,Mikkel Beck,,Middlesbrough F.C.,middlesbrough,Derby County F.C.,Derby County,derby_county,"£500,000",no,,,
club-season 1998–99,1998–99 Middlesbrough F.C. season,1303978086,1999-03-25,Kris Trevor,,Middlesbrough F.C.,middlesbrough,Gateshead F.C.,Gateshead,,Free transfer,no,,,
club-season 1998–99,1998–99 Middlesbrough F.C. season,1303978086,1999-05-20,Paul Connor,,Middlesbrough F.C.,middlesbrough,Stoke City F.C.,Stoke City,stoke_city,Free transfer,no,,,
club-season 1998–99,1998–99 Newcastle United F.C. season,1351820966,1998-06,Georgios Georgiadis,Panathinaikos F.C.,Panathinaikos,,,Newcastle United F.C.,newcastle_united,"£500,000",no,,,
club-season 1998–99,1998–99 Newcastle United F.C. season,1351820966,1998-06,Lionel Perez,Sunderland A.F.C.,Sunderland,sunderland,,Newcastle United F.C.,newcastle_united,Free,no,,,
club-season 1998–99,1998–99 Newcastle United F.C. season,1351820966,1998-06,Stéphane Guivarc'h,AJ Auxerre,Auxerre,,,Newcastle United F.C.,newcastle_united,"£3,500,000",no,,,
club-season 1998–99,1998–99 Newcastle United F.C. season,1351820966,1998-07,Carl Serrant,Oldham Athletic A.F.C.,Oldham Athletic,oldham_athletic,,Newcastle United F.C.,newcastle_united,"£500,000",no,,,
club-season 1998–99,1998–99 Newcastle United F.C. season,1351820966,1998-07,Garry Brady,Tottenham Hotspur F.C.,Tottenham Hotspur,tottenham_hotspur,,Newcastle United F.C.,newcastle_united,"£650,000",no,,,
club-season 1998–99,1998–99 Newcastle United F.C. season,1351820966,1998-07,Laurent Charvet,AS Cannes,Cannes,,,Newcastle United F.C.,newcastle_united,"£750,000",no,,,
club-season 1998–99,1998–99 Newcastle United F.C. season,1351820966,1998-08,Dietmar Hamann,FC Bayern Munich,Bayern Munich,,,Newcastle United F.C.,newcastle_united,"£4,500,000",no,,,
club-season 1998–99,1998–99 Newcastle United F.C. season,1351820966,1998-08,Nolberto Solano,Boca Juniors,Boca Juniors,,,Newcastle United F.C.,newcastle_united,"£2,500,000",no,,,
club-season 1998–99,1998–99 Newcastle United F.C. season,1351820966,1998-11,Duncan Ferguson,Everton F.C.,Everton,everton,,Newcastle United F.C.,newcastle_united,"£8,000,000",no,,,
club-season 1998–99,1998–99 Newcastle United F.C. season,1351820966,1999-01,Louis Saha,FC Metz,Metz,,,Newcastle United F.C.,newcastle_united,Loan,no,,,
club-season 1998–99,1998–99 Newcastle United F.C. season,1351820966,1999-01,Didier Domi,Paris Saint-Germain F.C.,PSG,,,Newcastle United F.C.,newcastle_united,"£4,000,000",no,,,
club-season 1998–99,1998–99 Newcastle United F.C. season,1351820966,1999-03,Silvio Marić,NK Dinamo Zagreb,Croatia Zagreb,,,Newcastle United F.C.,newcastle_united,"£3,650,000",no,,,
club-season 1998–99,1998–99 Newcastle United F.C. season,1351820966,1998-06,Jon Dahl Tomasson,Feyenoord,Feyenoord,,,Newcastle United F.C.,newcastle_united,"£2,500,000",no,,,
club-season 1998–99,1998–99 Newcastle United F.C. season,1351820966,1998-06,Darren Peacock,Blackburn Rovers F.C.,Blackburn Rovers,blackburn_rovers,,Newcastle United F.C.,newcastle_united,"£100,000",no,,,
club-season 1998–99,1998–99 Newcastle United F.C. season,1351820966,1998-07,Shaka Hislop,West Ham United F.C.,West Ham United,west_ham,,Newcastle United F.C.,newcastle_united,Free,no,,,
club-season 1998–99,1998–99 Newcastle United F.C. season,1351820966,1998-07,Pavel Srníček,FC Baník Ostrava,Banik Ostrava,,,Newcastle United F.C.,newcastle_united,Free,no,,,
club-season 1998–99,1998–99 Newcastle United F.C. season,1351820966,1998-12-08,David Batty,Leeds United F.C.,Leeds United,leeds_united,,Newcastle United F.C.,newcastle_united,"£4,400,000",no,,,
club-season 1998–99,1998–99 Nottingham Forest F.C. season,1357977047,1998-08-01,Dougie Freedman,Wolverhampton Wanderers F.C.,Wolverhampton Wanderers,wolves,,Nottingham Forest F.C.,nottingham_forest,"£950,000",no,,,
club-season 1998–99,1998–99 Nottingham Forest F.C. season,1357977047,1998-08-21,Nigel Quashie,Queens Park Rangers F.C.,Queens Park Rangers,qpr,,Nottingham Forest F.C.,nottingham_forest,"£2,500,000",no,,,
club-season 1998–99,1998–99 Nottingham Forest F.C. season,1357977047,1998-08-29,Andy Gray,Leeds United A.F.C.,Leeds United,leeds_united,,Nottingham Forest F.C.,nottingham_forest,"£200,000",no,,,
club-season 1998–99,1998–99 Nottingham Forest F.C. season,1357977047,1998-09-21,Neil Shipperley,Crystal Palace F.C.,Crystal Palace,crystal_palace,,Nottingham Forest F.C.,nottingham_forest,"£1,500,000",no,,,
club-season 1998–99,1998–99 Nottingham Forest F.C. season,1357977047,1998-12-10,Jesper Mattsson,Halmstads BK,Halmstad,,,Nottingham Forest F.C.,nottingham_forest,"£300,000",no,,,
club-season 1998–99,1998–99 Nottingham Forest F.C. season,1357977047,1999-01-19,Carlton Palmer,Southampton F.C.,Southampton,southampton,,Nottingham Forest F.C.,nottingham_forest,"£1,100,000",no,,,
club-season 1998–99,1998–99 Nottingham Forest F.C. season,1357977047,1998-06-06,John Finnigan,,Nottingham Forest F.C.,nottingham_forest,Lincoln City F.C.,Lincoln City,,Free transfer,no,,,
club-season 1998–99,1998–99 Nottingham Forest F.C. season,1357977047,1998-07-29,Kevin Campbell,,Nottingham Forest F.C.,nottingham_forest,Trabzonspor,Trabzonspor,,"£2,500,000",no,,,
club-season 1998–99,1998–99 Nottingham Forest F.C. season,1357977047,1998-08-01,Ian Thomas-Moore,,Nottingham Forest F.C.,nottingham_forest,Stockport County F.C.,Stockport County,,"£800,000",no,,,
club-season 1998–99,1998–99 Nottingham Forest F.C. season,1357977047,1998-08-18,Colin Cooper,,Nottingham Forest F.C.,nottingham_forest,Middlesbrough F.C.,Middlesbrough,middlesbrough,"£2,500,000",no,,,
club-season 1998–99,1998–99 Nottingham Forest F.C. season,1357977047,1998-10-16,Stuart Thom,,Nottingham Forest F.C.,nottingham_forest,Oldham Athletic A.F.C.,Oldham Athletic,oldham_athletic,"£45,000",no,,,
club-season 1998–99,1998–99 Nottingham Forest F.C. season,1357977047,1999-02-20,Craig Armstrong,,Nottingham Forest F.C.,nottingham_forest,Huddersfield Town A.F.C.,Huddersfield Town,huddersfield_town,"£750,000",no,,,
club-season 1998–99,1998–99 Nottingham Forest F.C. season,1357977047,1999-03-05,Chris Allen,,Nottingham Forest F.C.,nottingham_forest,Port Vale F.C.,Port Vale,,Free transfer,no,,,
club-season 1998–99,1998–99 Nottingham Forest F.C. season,1357977047,1999-03-11,Steve Stone,,Nottingham Forest F.C.,nottingham_forest,Aston Villa F.C.,Aston Villa,aston_villa,"£5,500,000",no,,,
club-season 1998–99,1998–99 Nottingham Forest F.C. season,1357977047,1999-03-19,Andy Dawson,,Nottingham Forest F.C.,nottingham_forest,Scunthorpe United F.C.,Scunthorpe United,,"£50,000",no,,,
club-season 1998–99,1998–99 Nottingham Forest F.C. season,1357977047,1999-03-25,Scot Gemmill,,Nottingham Forest F.C.,nottingham_forest,Everton F.C.,Everton,everton,Nominal,no,,,
club-season 1998–99,1998–99 Sheffield Wednesday F.C. season,1364741788,1998-08-06,Wim Jonk,PSV Eindhoven,PSV Eindhoven,,,Sheffield Wednesday F.C.,sheffield_wednesday,"£2,500,000",no,,,
club-season 1998–99,1998–99 Sheffield Wednesday F.C. season,1364741788,1998-08-11,Juan Cobián,Boca Juniors,Boca Juniors,,,Sheffield Wednesday F.C.,sheffield_wednesday,Undisclosed,no,,,
club-season 1998–99,1998–99 Sheffield Wednesday F.C. season,1364741788,1998-10-14,Danny Sonner,Ipswich Town F.C.,Ipswich Town,ipswich_town,,Sheffield Wednesday F.C.,sheffield_wednesday,"£75,000",no,,,
club-season 1998–99,1998–99 Sheffield Wednesday F.C. season,1364741788,1998-11-11,Pavel Srníček,Cosenza Calcio 1914,Consenza,,,Sheffield Wednesday F.C.,sheffield_wednesday,Free,no,,,
club-season 1998–99,1998–99 Sheffield Wednesday F.C. season,1364741788,1999-03-25,Richard Cresswell,York City F.C.,York City,,,Sheffield Wednesday F.C.,sheffield_wednesday,"£950,000",no,,,
club-season 1998–99,1998–99 Sheffield Wednesday F.C. season,1364741788,1999-03-25,Philip Scott,St Johnstone F.C.,St Johnstone,,,Sheffield Wednesday F.C.,sheffield_wednesday,"£75,000",no,,,
club-season 1998–99,1998–99 Sheffield Wednesday F.C. season,1364741788,1999-01-27,Paolo Di Canio,,Sheffield Wednesday F.C.,sheffield_wednesday,West Ham United F.C.,West Ham United,west_ham,"£1,750,000",no,,,
club-season 1998–99,1998–99 Sheffield Wednesday F.C. season,1364741788,1999-02-05,Graham Hyde,,Sheffield Wednesday F.C.,sheffield_wednesday,Birmingham City F.C.,Birmingham City,birmingham_city,Free,no,,,
club-season 1998–99,1998–99 Sheffield Wednesday F.C. season,1364741788,1999-03-22,Jim Magilton,,Sheffield Wednesday F.C.,sheffield_wednesday,Ipswich Town F.C.,Ipswich Town,ipswich_town,"£682,500",no,,,
club-season 1998–99,1998–99 Sheffield Wednesday F.C. season,1364741788,1999-03-25,Mark Platts,,Sheffield Wednesday F.C.,sheffield_wednesday,Torquay United F.C.,Torquay United,,Free,no,,,
club-season 1998–99,1998–99 Southampton F.C. season,1368547914,,,,14 June 1998,,,Southampton F.C.,southampton,,no,https://www.saintsplayers.co.uk/player/david-howells/,SaintsPlayers.co.uk,
club-season 1998–99,1998–99 Southampton F.C. season,1368547914,,,,6 July 1998,,,Southampton F.C.,southampton,,no,https://www.saintsplayers.co.uk/player/stuart-ripley/,SaintsPlayers.co.uk,
club-season 1998–99,1998–99 Southampton F.C. season,1368547914,,,,9 July 1998,,,Southampton F.C.,southampton,,no,https://www.soccerbase.com/players/player.sd?player_id=14723,Soccerbase,
club-season 1998–99,1998–99 Southampton F.C. season,1368547914,,,,10 July 1998,,,Southampton F.C.,southampton,,no,https://www.saintsplayers.co.uk/player/james-beattie/,SaintsPlayers.co.uk,
club-season 1998–99,1998–99 Southampton F.C. season,1368547914,,,,11 July 1998,,,Southampton F.C.,southampton,,no,https://www.saintsplayers.co.uk/player/mark-hughes/,SaintsPlayers.co.uk,
club-season 1998–99,1998–99 Southampton F.C. season,1368547914,,,,14 July 1998,,,Southampton F.C.,southampton,,no,https://www.saintsplayers.co.uk/player/scott-marshall/,SaintsPlayers.co.uk,
club-season 1998–99,1998–99 Southampton F.C. season,1368547914,,,,July 1998,,,Southampton F.C.,southampton,,no,https://www.saintsplayers.co.uk/player/alan-blayney/ https://www.saintsplayers.co.uk/player/alan-blayney/,SaintsPlayers.co.uk | SaintsPlayers.co.uk, | 
club-season 1998–99,1998–99 Southampton F.C. season,1368547914,,,,21 August 1998,,,Southampton F.C.,southampton,,no,https://www.saintsplayers.co.uk/player/scott-hiley/,SaintsPlayers.co.uk,
club-season 1998–99,1998–99 Southampton F.C. season,1368547914,,,,August 1998,,,Southampton F.C.,southampton,,no,, | , | 
club-season 1998–99,1998–99 Southampton F.C. season,1368547914,,,,16 October 1998,,,Southampton F.C.,southampton,,no,https://www.saintsplayers.co.uk/player/hassan-kachloul/,SaintsPlayers.co.uk,
club-season 1998–99,1998–99 Southampton F.C. season,1368547914,,,,2 December 1998,,,Southampton F.C.,southampton,,no,,,
club-season 1998–99,1998–99 Southampton F.C. season,1368547914,,,,24 December 1998,,,Southampton F.C.,southampton,,no,https://www.saintsplayers.co.uk/player/patrick-colleter/,SaintsPlayers.co.uk,
club-season 1998–99,1998–99 Southampton F.C. season,1368547914,,,,1 February 1999,,,Southampton F.C.,southampton,,no,https://www.saintsplayers.co.uk/player/chris-marsden/,SaintsPlayers.co.uk,
club-season 1998–99,1998–99 Southampton F.C. season,1368547914,,,,23 February 1999,,,Southampton F.C.,southampton,,no,https://www.saintsplayers.co.uk/player/dani-rodrigues/,SaintsPlayers.co.uk,
club-season 1998–99,1998–99 Southampton F.C. season,1368547914,,,,26 March 1999,,,Southampton F.C.,southampton,,no,https://www.saintsplayers.co.uk/player/marian-pahars/,SaintsPlayers.co.uk,
club-season 1998–99,1998–99 Southampton F.C. season,1368547914,,,,Southampton F.C.,southampton,,1 June 1998,,,no,https://www.saintsplayers.co.uk/player/kevin-davies/,SaintsPlayers.co.uk,
club-season 1998–99,1998–99 Southampton F.C. season,1368547914,,,,Southampton F.C.,southampton,,1 July 1998,,,no,https://www.saintsplayers.co.uk/player/duncan-spedding/,SaintsPlayers.co.uk,
club-season 1998–99,1998–99 Southampton F.C. season,1368547914,,,,Southampton F.C.,southampton,,15 July 1998,,,no,https://www.saintsplayers.co.uk/player/kevin-richardson/,SaintsPlayers.co.uk,
club-season 1998–99,1998–99 Southampton F.C. season,1368547914,,,,Southampton F.C.,southampton,,1 August 1998,,,no,https://www.saintsplayers.co.uk/player/lee-todd/,SaintsPlayers.co.uk,
club-season 1998–99,1998–99 Southampton F.C. season,1368547914,,,,Southampton F.C.,southampton,,24 August 1998,,,no,https://www.saintsplayers.co.uk/player/stig-johansen/,SaintsPlayers.co.uk,
club-season 1998–99,1998–99 Southampton F.C. season,1368547914,,,,Southampton F.C.,southampton,,19 January 1999,,,no,https://www.saintsplayers.co.uk/player/carlton-palmer/,SaintsPlayers.co.uk,
club-season 1998–99,1998–99 Southampton F.C. season,1368547914,,,,Southampton F.C.,southampton,,8 February 1999,,,no,https://www.soccerbase.com/players/player.sd?player_id=14019,Soccerbase,
club-season 1998–99,1998–99 Tottenham Hotspur F.C. season,1332302913,1998-06-29,Paolo Tramezzani,Piacenza Calcio,Piacenza,,,Tottenham Hotspur F.C.,tottenham_hotspur,"£1,350,000",no,,,
club-season 1998–99,1998–99 Tottenham Hotspur F.C. season,1332302913,1998-11-09,Mauricio Taricco,Ipswich Town F.C.,Ipswich Town,ipswich_town,,Tottenham Hotspur F.C.,tottenham_hotspur,"£1,775,000",no,,,
club-season 1998–99,1998–99 Tottenham Hotspur F.C. season,1332302913,1998-12-24,Steffen Freund,Borussia Dortmund,Borussia Dortmund,,,Tottenham Hotspur F.C.,tottenham_hotspur,"£750,000",no,,,
club-season 1998–99,1998–99 Tottenham Hotspur F.C. season,1332302913,1999-02-04,Tim Sherwood,Blackburn Rovers F.C.,Blackburn Rovers,blackburn_rovers,,Tottenham Hotspur F.C.,tottenham_hotspur,"£4,000,000",no,,,
club-season 1998–99,1998–99 Tottenham Hotspur F.C. season,1332302913,1999-03-25,Roger Nilsen,Sheffield United F.C.,Sheffield United,sheffield_united,,Tottenham Hotspur F.C.,tottenham_hotspur,Free transfer,no,,,
club-season 1998–99,1998–99 Tottenham Hotspur F.C. season,1332302913,1999-05-17,Willem Korsten,Vitesse Arnhem,Vitesse Arnhem,,,Tottenham Hotspur F.C.,tottenham_hotspur,"£1,500,000",no,,,
club-season 1998–99,1998–99 Tottenham Hotspur F.C. season,1332302913,1998-06-14,David Howells,,Tottenham Hotspur F.C.,tottenham_hotspur,Southampton F.C.,Southampton,southampton,Free transfer,no,,,
club-season 1998–99,1998–99 Tottenham Hotspur F.C. season,1332302913,1998-06-17,Danny Hill,,Tottenham Hotspur F.C.,tottenham_hotspur,Oxford United F.C.,Oxford United,,Free transfer,no,,,
club-season 1998–99,1998–99 Tottenham Hotspur F.C. season,1332302913,1998-07-01,Dean Austin,,Tottenham Hotspur F.C.,tottenham_hotspur,Crystal Palace F.C.,Crystal Palace,crystal_palace,Free transfer,no,,,
club-season 1998–99,1998–99 Tottenham Hotspur F.C. season,1332302913,1998-07-07,Garry Brady,,Tottenham Hotspur F.C.,tottenham_hotspur,Newcastle United F.C.,Newcastle United,newcastle_united,Free transfer,no,,,
club-season 1998–99,1998–99 Tottenham Hotspur F.C. season,1332302913,1998-11-20,Mark Arber,,Tottenham Hotspur F.C.,tottenham_hotspur,Barnet F.C.,Barnet,,"£75,000",no,,,
club-season 1998–99,1998–99 Tottenham Hotspur F.C. season,1332302913,1998-12-31,Nicola Berti,,Tottenham Hotspur F.C.,tottenham_hotspur,Deportivo Alavés,Alavés,,Free transfer,no,,,
club-season 1998–99,1998–99 Tottenham Hotspur F.C. season,1332302913,1999-03-23,Colin Calderwood,,Tottenham Hotspur F.C.,tottenham_hotspur,Aston Villa F.C.,Aston Villa,aston_villa,"£225,000",no,,,
club-season 1998–99,1998–99 Tottenham Hotspur F.C. season,1332302913,1999-03-25,Peter Gain,,Tottenham Hotspur F.C.,tottenham_hotspur,Lincoln City F.C.,Lincoln City,,"£15,000",no,,,
club-season 1998–99,1998–99 Tottenham Hotspur F.C. season,1332302913,1999-05-18,Ross Fitzsimon,,Tottenham Hotspur F.C.,tottenham_hotspur,Norwich City F.C.,Norwich City,norwich_city,Free transfer,no,,,
club-season 1998–99,1998–99 West Ham United F.C. season,1369956420,1998-07-13,Ian Wright,Arsenal F.C.,Arsenal,arsenal,,West Ham United F.C.,west_ham,"£500,000",no,,,
club-season 1998–99,1998–99 West Ham United F.C. season,1369956420,1998-07-30,Neil Ruddock,Liverpool F.C.,Liverpool,liverpool,,West Ham United F.C.,west_ham,"£100,000",no,,,
club-season 1998–99,1998–99 West Ham United F.C. season,1369956420,1998-07-30,Javier Margas,Universidad Católica (football club),Universidad Católica,,,West Ham United F.C.,west_ham,"£1,800,000",no,,,
club-season 1998–99,1998–99 West Ham United F.C. season,1369956420,1998-11-25,Gavin Holligan,Kingstonian F.C.,Kingstonian,,,West Ham United F.C.,west_ham,"£100,000",no,,,
club-season 1998–99,1998–99 West Ham United F.C. season,1369956420,1999-01-14,Scott Minto,S.L. Benfica,Benfica,,,West Ham United F.C.,west_ham,"£1,000,000",no,,,
club-season 1998–99,1998–99 West Ham United F.C. season,1369956420,1999-01-27,Paolo Di Canio,Sheffield Wednesday F.C.,Sheffield Wednesday,sheffield_wednesday,,West Ham United F.C.,west_ham,"£1,750,000",no,,,
club-season 1998–99,1998–99 West Ham United F.C. season,1369956420,1999-01-27,Marc-Vivien Foé,RC Lens,Lens,,,West Ham United F.C.,west_ham,"£4,000,000",no,,,
club-season 1998–99,1998–99 West Ham United F.C. season,1369956420,1999-02-09,Jimmy Bullard,Ebbsfleet United F.C.,Ebbsfleet United,,,West Ham United F.C.,west_ham,"£30,000",no,,,
club-season 1998–99,1998–99 West Ham United F.C. season,1369956420,1998-08-01,Lee Goodwin,,West Ham United F.C.,west_ham,Dagenham & Redbridge F.C.,Dagenham & Redbridge,,Free transfer,no,,,
club-season 1998–99,1998–99 West Ham United F.C. season,1369956420,1998-11-24,Andy Impey,,West Ham United F.C.,west_ham,Leicester City F.C.,Leicester City,leicester_city,"£1,600,000",no,,,
club-season 1998–99,1998–99 West Ham United F.C. season,1369956420,1998-12-25,Luděk Mikloško,,West Ham United F.C.,west_ham,Queens Park Rangers F.C.,Queens Park Rangers,qpr,Nominal,no,,,
club-season 1998–99,1998–99 West Ham United F.C. season,1369956420,1999-01-14,John Hartson,,West Ham United F.C.,west_ham,Wimbledon F.C.,Wimbledon,wimbledon_fc,"£7,500,000",no,,,
club-season 1998–99,1998–99 West Ham United F.C. season,1369956420,1999-02-10,Tim Breacker,,West Ham United F.C.,west_ham,Queens Park Rangers F.C.,Queens Park Rangers,qpr,Free transfer,no,,,
club-season 1998–99,1998–99 West Ham United F.C. season,1369956420,1999-03-12,David Partridge,,West Ham United F.C.,west_ham,Dundee United F.C.,Dundee United,,"£40,000",no,,,
club-season 1998–99,1998–99 West Ham United F.C. season,1369956420,1999-05-24,Joe Keith,,West Ham United F.C.,west_ham,Colchester United F.C.,Colchester United,,Free transfer,no,,,
club-season 1998–99,1998–99 Wimbledon F.C. season,1336821914,1998-10-29,Gareth Ainsworth,Port Vale F.C.,Port Vale,,,Wimbledon F.C.,wimbledon_fc,"£2,000,000",no,,,
club-season 1998–99,1998–99 Wimbledon F.C. season,1336821914,1999-01-14,John Hartson,West Ham United F.C.,West Ham United,west_ham,,Wimbledon F.C.,wimbledon_fc,"£7,500,000",no,,,
club-season 1998–99,1998–99 Wimbledon F.C. season,1336821914,1998-06-15,Alan Reeves,,Wimbledon F.C.,wimbledon_fc,Swindon Town F.C.,Swindon Town,swindon_town,Free transfer,no,,,
club-season 1998–99,1998–99 Wimbledon F.C. season,1336821914,1998-08-01,Ståle Solbakken,,Wimbledon F.C.,wimbledon_fc,Aalborg Boldspilklub,Aalborg BK,,Undisclosed,no,,,
club-season 1999–2000,1999–2000 Arsenal F.C. season,1374696605,,Dynamo Kyiv,,"£1,800,000",,,Arsenal F.C.,arsenal,28 May 1999,no,,,29 May 1999
club-season 1999–2000,1999–2000 Arsenal F.C. season,1374696605,,Schalke 04,,Undisclosed,,,Arsenal F.C.,arsenal,1 June 1999,no,,,13 June 1999
club-season 1999–2000,1999–2000 Arsenal F.C. season,1374696605,,1860 Munich,,"£650,000",,,Arsenal F.C.,arsenal,24 June 1999,no,https://www.theguardian.com/football/1999/jun/25/newsstory.sport1,,3 August 1999
club-season 1999–2000,1999–2000 Arsenal F.C. season,1374696605,,Corinthians,,"£4,000,000",,,Arsenal F.C.,arsenal,30 June 1999,no,,,30 June 1999
club-season 1999–2000,1999–2000 Arsenal F.C. season,1374696605,,Real Madrid,,"£3,500,000",,,Arsenal F.C.,arsenal,2 August 1999,no,http://news.bbc.co.uk/1/hi/sport/football/fa_carling_premiership/408603.stm,BBC,2 August 1999
club-season 1999–2000,1999–2000 Arsenal F.C. season,1374696605,,Juventus,,"£11,000,000",,,Arsenal F.C.,arsenal,3 August 1999,no,http://news.bbc.co.uk/1/hi/sport/football/410855.stm,BBC,3 August 1999
club-season 1999–2000,1999–2000 Arsenal F.C. season,1374696605,,Marseille,,Arsenal F.C.,arsenal,,Undisclosed,,1 June 1999,no,,,2 June 1999
club-season 1999–2000,1999–2000 Arsenal F.C. season,1374696605,,Tembetary,,Arsenal F.C.,arsenal,,Undisclosed,,9 June 1999,no,http://www.arsenal.co.uk/content/remi_cab.htm,Arsenal Football Club,
club-season 1999–2000,1999–2000 Arsenal F.C. season,1374696605,,Sunderland,,Arsenal F.C.,arsenal,,"£500,000",,2 July 1999,no,,,3 July 1999
club-season 1999–2000,1999–2000 Arsenal F.C. season,1374696605,,Portsmouth,,Arsenal F.C.,arsenal,,Free,,7 July 1999,no,http://www.arsenal.co.uk/content/crowe_off.htm,Arsenal Football Club,
club-season 1999–2000,1999–2000 Arsenal F.C. season,1374696605,,Tranmere Rovers,,Arsenal F.C.,arsenal,,Free,,8 July 1999,no,http://www.arsenal.co.uk/content/mblack_off.htm,Arsenal Football Club,
club-season 1999–2000,1999–2000 Arsenal F.C. season,1374696605,,Real Madrid,,Arsenal F.C.,arsenal,,"£23,500,000",,4 August 1999,no,,,5 August 1999
club-season 1999–2000,1999–2000 Arsenal F.C. season,1374696605,,Southampton,,Arsenal F.C.,arsenal,,Undisclosed,,26 August 1999,no,,,26 August 1999
club-season 1999–2000,1999–2000 Arsenal F.C. season,1374696605,,West Ham United,,Arsenal F.C.,arsenal,,Undisclosed,,8 December 1999,no,http://www.arsenal.co.uk/content/omer_wham.htm,Arsenal Football Club,
club-season 1999–2000,1999–2000 Arsenal F.C. season,1374696605,,Everton,,Arsenal F.C.,arsenal,,Undisclosed,,7 March 2000,no,http://news.bbc.co.uk/1/hi/sport/football/655056.stm,BBC News,6 March 2000
club-season 1999–2000,1999–2000 Aston Villa F.C. season,1367755227,1999-06-17,David James,Liverpool F.C.,Liverpool,liverpool,,Aston Villa F.C.,aston_villa,"£1,700,000",no,,,
club-season 1999–2000,1999–2000 Aston Villa F.C. season,1367755227,1999-07-20,Najwan Ghrayib,Hapoel Haifa,Hapoel Haifa,,,Aston Villa F.C.,aston_villa,"£1,000,000",no,,,
club-season 1999–2000,1999–2000 Aston Villa F.C. season,1367755227,1999-07-20,George Boateng,Coventry City,Coventry City,coventry_city,,Aston Villa F.C.,aston_villa,"£4,500,000",no,,,
club-season 1999–2000,1999–2000 Aston Villa F.C. season,1367755227,1999-10-20,Benito Carbone,Sheffield Wednesday,Sheffield Wednesday,sheffield_wednesday,,Aston Villa F.C.,aston_villa,"£800,000",no,,,
club-season 1999–2000,1999–2000 Aston Villa F.C. season,1367755227,1999-11-30,Neil Cutler,Chester City F.C.,Chester City,,,Aston Villa F.C.,aston_villa,Free transfer,no,,,
club-season 1999–2000,1999–2000 Aston Villa F.C. season,1367755227,1999-07-01,Mark Bosnich,,Aston Villa F.C.,aston_villa,Manchester United,Manchester United,manchester_united,Free transfer,no,,,
club-season 1999–2000,1999–2000 Aston Villa F.C. season,1367755227,1999-07-07,Alan Lee,,Aston Villa F.C.,aston_villa,Burnley F.C.,Burnley,burnley,"£200,000",no,,,
club-season 1999–2000,1999–2000 Aston Villa F.C. season,1367755227,1999-07-13,Fabio Ferraresi,,Aston Villa F.C.,aston_villa,Chievo Verona,Verona,,Free transfer,no,,,
club-season 1999–2000,1999–2000 Aston Villa F.C. season,1367755227,1999-07-22,Riccardo Scimeca,,Aston Villa F.C.,aston_villa,Nottingham Forest,Nottingham Forest,nottingham_forest,"£3,000,000",no,,,
club-season 1999–2000,1999–2000 Aston Villa F.C. season,1367755227,1999-07-29,Simon Grayson,,Aston Villa F.C.,aston_villa,Blackburn Rovers,Blackburn Rovers,blackburn_rovers,"£750,000",no,,,
club-season 1999–2000,1999–2000 Aston Villa F.C. season,1367755227,1999-09-24,David Hughes,,Aston Villa F.C.,aston_villa,Shrewsbury Town,Shrewsbury Town,,Free transfer,no,,,
club-season 1999–2000,1999–2000 Aston Villa F.C. season,1367755227,1999-09-27,Adam Rachel,,Aston Villa F.C.,aston_villa,Blackpool F.C.,Blackpool,blackpool,Free transfer,no,,,
club-season 1999–2000,1999–2000 Aston Villa F.C. season,1367755227,1999-10-29,Michael Oakes,,Aston Villa F.C.,aston_villa,Wolverhampton Wanderers,Wolverhampton Wanderers,wolves,"£500,000",no,,,
club-season 1999–2000,1999–2000 Aston Villa F.C. season,1367755227,2000-01-20,Tommy Jaszczun,,Aston Villa F.C.,aston_villa,Blackpool F.C.,Blackpool,blackpool,"£50,000",no,,,
club-season 1999–2000,1999–2000 Aston Villa F.C. season,1367755227,2000-02-10,Stan Collymore,,Aston Villa F.C.,aston_villa,Leicester City,Leicester City,leicester_city,Free transfer,no,,,
club-season 1999–2000,1999–2000 Aston Villa F.C. season,1367755227,2000-03-14,Colin Calderwood,,Aston Villa F.C.,aston_villa,Nottingham Forest,Nottingham Forest,nottingham_forest,"£70,000",no,,,
club-season 1999–2000,1999–2000 Bradford City A.F.C. season,1311392341,1999-06-11,Gunnar Halle,Leeds United F.C.,Leeds United,leeds_united,,Bradford City A.F.C.,bradford_city,"£200,000",no,,,
club-season 1999–2000,1999–2000 Bradford City A.F.C. season,1311392341,1999-06-15,Lee Sharpe,Leeds United F.C.,Leeds United,leeds_united,,Bradford City A.F.C.,bradford_city,"£200,000",no,,,
club-season 1999–2000,1999–2000 Bradford City A.F.C. season,1311392341,1999-06-22,Matt Clarke,Sheffield Wednesday F.C.,Sheffield Wednesday,sheffield_wednesday,,Bradford City A.F.C.,bradford_city,Free,no,,,
club-season 1999–2000,1999–2000 Bradford City A.F.C. season,1311392341,1999-06-30,David Wetherall,Leeds United F.C.,Leeds United,leeds_united,,Bradford City A.F.C.,bradford_city,"£1,400,000",no,,,
club-season 1999–2000,1999–2000 Bradford City A.F.C. season,1311392341,1999-07-08,Andy Myers,Chelsea F.C.,Chelsea,chelsea,,Bradford City A.F.C.,bradford_city,"£800,000",no,,,
club-season 1999–2000,1999–2000 Bradford City A.F.C. season,1311392341,1999-07-31,Neil Redfearn,Charlton Athletic F.C.,Charlton Athletic,charlton_athletic,,Bradford City A.F.C.,bradford_city,"£250,000",no,,,
club-season 1999–2000,1999–2000 Bradford City A.F.C. season,1311392341,1999-08-05,Dean Saunders,S.L. Benfica,Benfica,,,Bradford City A.F.C.,bradford_city,Free,no,,,
club-season 1999–2000,1999–2000 Bradford City A.F.C. season,1311392341,1999-09-09,Bruno Rodriguez,Paris Saint Germain F.C.,Paris Saint Germain,,,Bradford City A.F.C.,bradford_city,Loan,no,,,
club-season 1999–2000,1999–2000 Bradford City A.F.C. season,1311392341,2000-02-03,Neville Southall,Torquay United F.C.,Torquay United,,,Bradford City A.F.C.,bradford_city,Free,no,,,
club-season 1999–2000,1999–2000 Bradford City A.F.C. season,1311392341,2000-03-14,Aidan Davison,Sheffield United F.C.,Sheffield United,sheffield_united,,Bradford City A.F.C.,bradford_city,Free,no,,,
club-season 1999–2000,1999–2000 Bradford City A.F.C. season,1311392341,2000-02-17,Jorge Cadete,S.L. Benfica,Benfica,,,Bradford City A.F.C.,bradford_city,Loan,no,,,
club-season 1999–2000,1999–2000 Bradford City A.F.C. season,1311392341,2000-03-21,Ademola Bankole,Queens Park Rangers F.C.,Queens Park Rangers,qpr,,Bradford City A.F.C.,bradford_city,Loan,no,,,
club-season 1999–2000,1999–2000 Bradford City A.F.C. season,1311392341,1999-07-26,Robert Steiner,,Bradford City A.F.C.,bradford_city,Queens Park Rangers F.C.,Queens Park Rangers,qpr,"£215,000",no,,,
club-season 1999–2000,1999–2000 Bradford City A.F.C. season,1311392341,1999-08-01,Craig Ramage,,Bradford City A.F.C.,bradford_city,Notts County F.C.,Notts County,,Free,no,,,
club-season 1999–2000,1999–2000 Bradford City A.F.C. season,1311392341,1999-08-20,Gordon Watson,,Bradford City A.F.C.,bradford_city,A.F.C. Bournemouth,Bournemouth,bournemouth,Free,no,,,
club-season 1999–2000,1999–2000 Bradford City A.F.C. season,1311392341,1999-10-23,Bruno Rodriguez,,Bradford City A.F.C.,bradford_city,Paris Saint Germain F.C.,Paris Saint Germain,,Loan return,no,,,
club-season 1999–2000,1999–2000 Bradford City A.F.C. season,1311392341,1999-11-08,Mark Prudhoe,,Bradford City A.F.C.,bradford_city,Southend United F.C.,Southend United,,Free,no,,,
club-season 1999–2000,1999–2000 Bradford City A.F.C. season,1311392341,1999-11-17,Darren Moore,,Bradford City A.F.C.,bradford_city,Portsmouth F.C.,Portsmouth,portsmouth,"£500,000",no,,,
club-season 1999–2000,1999–2000 Bradford City A.F.C. season,1311392341,2000-03-17,Neil Redfearn,,Bradford City A.F.C.,bradford_city,Wigan Athletic F.C.,Wigan Athletic,wigan_athletic,"£112,500",no,,,
club-season 1999–2000,1999–2000 Coventry City F.C. season,1311385723,1999-06-22,Raffaele Nuzzo,Internazionale Milano,Inter,,,Coventry City F.C.,coventry_city,Free,no,,,
club-season 1999–2000,1999–2000 Coventry City F.C. season,1311385723,1999-07-19,Mustapha Hadji,Deportivo de La Coruña,Deportivo,,,Coventry City F.C.,coventry_city,"£4,000,000",no,,,
club-season 1999–2000,1999–2000 Coventry City F.C. season,1311385723,1999-07-26,Stefano Gioacchini,S.S.C. Venezia,Venezia,,,Coventry City F.C.,coventry_city,"£2,000,000",no,,,
club-season 1999–2000,1999–2000 Coventry City F.C. season,1311385723,1999-07-31,Runar Normann,Lillestrøm SK,Lillestrøm,,,Coventry City F.C.,coventry_city,"£1,000,000",no,,,
club-season 1999–2000,1999–2000 Coventry City F.C. season,1311385723,1999-08-18,Robbie Keane,Wolverhampton Wanderers F.C.,Wolverhampton Wanderers,wolves,,Coventry City F.C.,coventry_city,"£6,000,000",no,,,
club-season 1999–2000,1999–2000 Coventry City F.C. season,1311385723,1999-09-17,Carlton Palmer,Nottingham Forest F.C.,Nottingham Forest,nottingham_forest,,Coventry City F.C.,coventry_city,"£500,000",no,,,
club-season 1999–2000,1999–2000 Coventry City F.C. season,1311385723,1999-12-08,Tomas Gustafsson,AIK Fotboll,AIK,,,Coventry City F.C.,coventry_city,"£250,000",no,,,
club-season 1999–2000,1999–2000 Coventry City F.C. season,1311385723,1999-12-16,Richard Spong,IF Brommapojkarna,IF Brommapojkarna,,,Coventry City F.C.,coventry_city,"£80,000",no,,,
club-season 1999–2000,1999–2000 Coventry City F.C. season,1311385723,2000-01-20,Cedric Roussel,AA Gent,AA Gent,,,Coventry City F.C.,coventry_city,"£1,200,000",no,,,
club-season 1999–2000,1999–2000 Coventry City F.C. season,1311385723,2000-01-21,Ysrael Zúñiga,FBC Melgar,FBC Melgar,,,Coventry City F.C.,coventry_city,"£750,000",no,,,
club-season 1999–2000,1999–2000 Coventry City F.C. season,1311385723,2000-02-24,Colin Hendry,Rangers F.C.,Rangers,,,Coventry City F.C.,coventry_city,"£750,000",no,,,
club-season 1999–2000,1999–2000 Coventry City F.C. season,1311385723,1999-06-02,Barry Prenderville,,Coventry City F.C.,coventry_city,Ayr United F.C.,Ayr United,,Free,no,,,
club-season 1999–2000,1999–2000 Coventry City F.C. season,1311385723,1999-06-23,Willie Boland,,Coventry City F.C.,coventry_city,Cardiff City F.C.,Cardiff City,cardiff_city,Free,no,,,
club-season 1999–2000,1999–2000 Coventry City F.C. season,1311385723,1999-06-29,Philippe Clement,,Coventry City F.C.,coventry_city,Club Brugge K.V.,Club Brugge,,"£800,000",no,,,
club-season 1999–2000,1999–2000 Coventry City F.C. season,1311385723,1999-07-01,Tynan Scope,,Coventry City F.C.,coventry_city,Bristol City F.C.,Bristol City,,Free,no,,,
club-season 1999–2000,1999–2000 Coventry City F.C. season,1311385723,1999-07-01,Martin Devaney,,Coventry City F.C.,coventry_city,Cheltenham Town F.C.,Cheltenham Town,,Free,no,,,
club-season 1999–2000,1999–2000 Coventry City F.C. season,1311385723,1999-07-20,George Boateng,,Coventry City F.C.,coventry_city,Aston Villa F.C.,Aston Villa,aston_villa,"£4,500,000",no,,,
club-season 1999–2000,1999–2000 Coventry City F.C. season,1311385723,1999-08-01,Rob Miller,,Coventry City F.C.,coventry_city,Cambridge United F.C.,Cambridge United,,Free,no,,,
club-season 1999–2000,1999–2000 Coventry City F.C. season,1311385723,1999-08-11,Darren Huckerby,,Coventry City F.C.,coventry_city,Leeds United A.F.C.,Leeds United,leeds_united,"£4,000,000",no,,,
club-season 1999–2000,1999–2000 Coventry City F.C. season,1311385723,1999-08-12,Trond Egil Soltvedt,,Coventry City F.C.,coventry_city,Southampton F.C.,Southampton,southampton,"£300,000",no,,,
club-season 1999–2000,1999–2000 Coventry City F.C. season,1311385723,1999-09-16,Sam Shilton,,Coventry City F.C.,coventry_city,Hartlepool United F.C.,Hartlepool United,,Free,no,,,
club-season 1999–2000,1999–2000 Coventry City F.C. season,1311385723,1999-11-17,Raffaele Nuzzo,,Coventry City F.C.,coventry_city,Reggina,Reggina,,Free,no,,,
club-season 1999–2000,1999–2000 Coventry City F.C. season,1311385723,2000-03-23,Paul Hall,,Coventry City F.C.,coventry_city,Walsall F.C.,Walsall,,Free,no,,,
club-season 1999–2000,1999–2000 Derby County F.C. season,1323913670,1999-05-18,Seth Johnson,Crewe Alexandra F.C.,Crewe Alexandra,,,Derby County F.C.,derby_county,"£4,100,000",no,,,
club-season 1999–2000,1999–2000 Derby County F.C. season,1323913670,1999-06-03,Andy Oakes,Hull City A.F.C.,Hull City,hull_city,,Derby County F.C.,derby_county,"£460,000",no,,,
club-season 1999–2000,1999–2000 Derby County F.C. season,1323913670,1999-10-14,Lee Morris,Sheffield United F.C.,Sheffield United,sheffield_united,,Derby County F.C.,derby_county,"£3,000,000",no,,,
club-season 1999–2000,1999–2000 Derby County F.C. season,1323913670,1999-11-25,Avi Nimni,Maccabi Tel Aviv F.C.,Maccabi Tel Aviv,,,Derby County F.C.,derby_county,Loan,no,,,
club-season 1999–2000,1999–2000 Derby County F.C. season,1323913670,1999-12-01,Craig Burley,Celtic F.C.,Celtic,,,Derby County F.C.,derby_county,"£3,000,000",no,,,
club-season 1999–2000,1999–2000 Derby County F.C. season,1323913670,1999-12-17,Branko Strupar,K.R.C. Genk,Racing Genk,,,Derby County F.C.,derby_county,"£3,000,000",no,,,
club-season 1999–2000,1999–2000 Derby County F.C. season,1323913670,2000-03-27,Adam Bolder,Hull City A.F.C.,Hull City,hull_city,,Derby County F.C.,derby_county,"£113,000",no,,,
club-season 1999–2000,1999–2000 Derby County F.C. season,1323913670,2000-04-19,Georgi Kinkladze,AFC Ajax,Ajax,,,Derby County F.C.,derby_county,"£3,000,000",no,,,
club-season 1999–2000,1999–2000 Derby County F.C. season,1323913670,1999-06-10,Tom Phillips,,Derby County F.C.,derby_county,Hibernian F.C.,Hibernian,,Free,no,,,
club-season 1999–2000,1999–2000 Derby County F.C. season,1323913670,1999-06-10,Colin Morton,,Derby County F.C.,derby_county,Hibernian F.C.,Hibernian,,Free,no,,,
club-season 1999–2000,1999–2000 Derby County F.C. season,1323913670,1999-06-15,James Wall,,Derby County F.C.,derby_county,Hereford United F.C.,Hereford United,,Free,no,,,
club-season 1999–2000,1999–2000 Derby County F.C. season,1323913670,1999-07-16,Paulo Wanchope,,Derby County F.C.,derby_county,West Ham United F.C.,West Ham United,west_ham,"£3,500,000",no,,,
club-season 1999–2000,1999–2000 Derby County F.C. season,1323913670,1999-08-29,Igor Štimac,,Derby County F.C.,derby_county,West Ham United F.C.,West Ham United,west_ham,"£600,000",no,,,
club-season 1999–2000,1999–2000 Derby County F.C. season,1323913670,1999-11-11,Francesco Baiano,,Derby County F.C.,derby_county,Ternana Calcio,Ternana,,Free,no,,,
club-season 1999–2000,1999–2000 Derby County F.C. season,1323913670,1999-12-31,Vasilios Borbokis,,Derby County F.C.,derby_county,PAOK FC,PAOK,,Free,no,,,
club-season 1999–2000,1999–2000 Derby County F.C. season,1323913670,2000-03-01,Avi Nimni,,Derby County F.C.,derby_county,Maccabi Tel Aviv F.C.,Maccabi Tel Aviv,,Loan Return,no,,,
club-season 1999–2000,1999–2000 Derby County F.C. season,1323913670,2000-03-06,Kevin Harper,,Derby County F.C.,derby_county,Portsmouth F.C.,Portsmouth,portsmouth,"£300,000",no,,,
club-season 1999–2000,1999–2000 Derby County F.C. season,1323913670,2000-03-22,Spencer Prior,,Derby County F.C.,derby_county,Manchester City F.C.,Manchester City,manchester_city,"£500,000",no,,,
club-season 1999–2000,1999–2000 Derby County F.C. season,1323913670,2000-03-23,Russell Hoult,,Derby County F.C.,derby_county,Portsmouth F.C.,Portsmouth,portsmouth,"£300,000",no,,,
club-season 1999–2000,1999–2000 Everton F.C. season,1311392356,1999-07-14,Kevin Campbell,Trabzonspor,Trabzonspor,,,Everton F.C.,everton,"£3,000,000",no,,,
club-season 1999–2000,1999–2000 Everton F.C. season,1311392356,1999-08-05,Mark Pembridge,S.L. Benfica,Benfica,,,Everton F.C.,everton,"£800,000",no,,,
club-season 1999–2000,1999–2000 Everton F.C. season,1311392356,1999-09-03,Abel Xavier,PSV Eindhoven,PSV Eindhoven,,,Everton F.C.,everton,"£1,500,000",no,,,
club-season 1999–2000,1999–2000 Everton F.C. season,1311392356,1999-12-03,Joe-Max Moore,New England Revolution,New England Revolution,,,Everton F.C.,everton,Free transfer,no,,,
club-season 1999–2000,1999–2000 Everton F.C. season,1311392356,2000-03-07,Stephen Hughes,Arsenal F.C.,Arsenal,arsenal,,Everton F.C.,everton,"£3,000,000",no,,,
club-season 1999–2000,1999–2000 Everton F.C. season,1311392356,2000-03-14,Mark Hughes,Southampton F.C.,Southampton,southampton,,Everton F.C.,everton,Free transfer,no,,,
club-season 1999–2000,1999–2000 Everton F.C. season,1311392356,1999-06-22,Ibrahima Bakayoko,,Everton F.C.,everton,Olympique de Marseille,Marseille,,"£4,000,000",no,,,
club-season 1999–2000,1999–2000 Everton F.C. season,1311392356,1999-06-23,Adam Eaton,,Everton F.C.,everton,Preston North End F.C.,Preston North End,,"£5,000",no,,,
club-season 1999–2000,1999–2000 Everton F.C. season,1311392356,1999-06-29,Olivier Dacourt,,Everton F.C.,everton,RC Lens,Lens,,"£6,500,000",no,,,
club-season 1999–2000,1999–2000 Everton F.C. season,1311392356,1999-07-08,Marco Materazzi,,Everton F.C.,everton,Perugia Calcio,Perugia,,"£3,000,000",no,,,
club-season 1999–2000,1999–2000 Everton F.C. season,1311392356,1999-07-30,Craig Short,,Everton F.C.,everton,Blackburn Rovers F.C.,Blackburn Rovers,blackburn_rovers,"£1,700,000",no,,,
club-season 1999–2000,1999–2000 Everton F.C. season,1311392356,1999-08-01,Mick O'Brien,,Everton F.C.,everton,Torquay United F.C.,Torquay United,,Free transfer,no,,,
club-season 1999–2000,1999–2000 Everton F.C. season,1311392356,1999-08-06,David Poppleton,,Everton F.C.,everton,Lincoln City F.C.,Lincoln City,,Free transfer,no,,,
club-season 1999–2000,1999–2000 Everton F.C. season,1311392356,1999-08-06,John Oster,,Everton F.C.,everton,Sunderland A.F.C.,Sunderland,sunderland,"£1,000,000",no,,,
club-season 1999–2000,1999–2000 Everton F.C. season,1311392356,1999-11-10,Joe Parkinson,,Everton F.C.,everton,,Retired,,Free transfer,no,,,
club-season 1999–2000,1999–2000 Everton F.C. season,1311392356,1999-12-17,Wayne McDermott,,Everton F.C.,everton,Nuneaton Borough F.C.,Nuneaton Borough,,Non-contract,no,,,
club-season 1999–2000,1999–2000 Everton F.C. season,1311392356,1999-12-17,Gareth Farrelly,,Everton F.C.,everton,Bolton Wanderers F.C.,Bolton Wanderers,bolton_wanderers,Free transfer,no,,,
club-season 1999–2000,1999–2000 Everton F.C. season,1311392356,1999-12-23,John O'Kane,,Everton F.C.,everton,Bolton Wanderers F.C.,Bolton Wanderers,bolton_wanderers,Free transfer,no,,,
club-season 1999–2000,1999–2000 Everton F.C. season,1311392356,1999-12-24,Tony Grant,,Everton F.C.,everton,Manchester City F.C.,Manchester City,manchester_city,"£450,000",no,,,
club-season 1999–2000,1999–2000 Everton F.C. season,1311392356,2000-01-20,Michael Branch,,Everton F.C.,everton,Wolverhampton Wanderers F.C.,Wolverhampton Wanderers,wolves,"£500,000",no,,,
club-season 1999–2000,1999–2000 Everton F.C. season,1311392356,2000-02-02,Terry Phelan,,Everton F.C.,everton,Fulham F.C.,Fulham,fulham,Free transfer,no,,,
club-season 1999–2000,1999–2000 Everton F.C. season,1311392356,2000-03-02,Slaven Bilić,,Everton F.C.,everton,HNK Hajduk Split,Hajduk Split,,Free transfer,no,,,
club-season 1999–2000,1999–2000 Leicester City F.C. season,1378908241,1999-07-30,Tim Flowers,Blackburn Rovers F.C.,Blackburn Rovers,blackburn_rovers,,Leicester City F.C.,leicester_city,"£2,100,000",no,,,
club-season 1999–2000,1999–2000 Leicester City F.C. season,1378908241,1999-08-10,Phil Gilchrist,Oxford United F.C.,Oxford United,,,Leicester City F.C.,leicester_city,"£500,000",no,https://www.independent.co.uk/sport/football-gilchrists-pounds-500000-move-to-leicester-1112103.html,The Independent,11 August 1999
club-season 1999–2000,1999–2000 Leicester City F.C. season,1378908241,1999-12-10,Darren Eadie,Norwich City F.C.,Norwich City,norwich_city,,Leicester City F.C.,leicester_city,"£3,200,000",no,https://www.independent.co.uk/sport/football-eadie-joins-leicester-in-record-deal-1131759.html,The Independent,11 December 1999
club-season 1999–2000,1999–2000 Leicester City F.C. season,1378908241,2000-02-10,Stan Collymore,Aston Villa F.C.,Aston Villa,aston_villa,,Leicester City F.C.,leicester_city,Free,no,http://news.bbc.co.uk/1/hi/sport/football/fa_carling_premiership/637792.stm,BBC Sport,10 February 2000
club-season 1999–2000,1999–2000 Leicester City F.C. season,1378908241,2000-03-23,Fernando Pasquinelli,Boca Juniors,Boca Juniors,,,Leicester City F.C.,leicester_city,Loan,no,,,
club-season 1999–2000,1999–2000 Leicester City F.C. season,1378908241,1999-07-27,Kasey Keller,,Leicester City F.C.,leicester_city,Rayo Vallecano,Rayo Vallecano,,Free,no,,,
club-season 1999–2000,1999–2000 Leicester City F.C. season,1378908241,1999-10-08,Scott Taylor,,Leicester City F.C.,leicester_city,Wolverhampton Wanderers F.C.,Wolverhampton Wanderers,wolves,Free,no,,,
club-season 1999–2000,1999–2000 Leicester City F.C. season,1378908241,1999-11-18,Guy Branston,,Leicester City F.C.,leicester_city,Rotherham United F.C.,Rotherham United,,"£500,000",no,,,
club-season 1999–2000,1999–2000 Leicester City F.C. season,1378908241,2000-03-10,Emile Heskey,,Leicester City F.C.,leicester_city,Liverpool F.C.,Liverpool,liverpool,"£11,200,000",no,http://news.bbc.co.uk/1/hi/sport/football/fa_carling_premiership/672844.stm,BBC Sport,10 March 2000
club-season 1999–2000,1999–2000 Manchester United F.C. season,1375078044,1999-08-21,Quinton Fortune,Atlético Madrid,Atlético Madrid,,,Manchester United F.C.,manchester_united,£1.5m,no,https://www.independent.co.uk/sport/football-ferguson-defends-strachan-remarks-1115459.html,The Independent,26 August 1999
club-season 1999–2000,1999–2000 Manchester United F.C. season,1375078044,1999-08-31,Massimo Taibi,S.S.C. Venezia,Venezia,,,Manchester United F.C.,manchester_united,£4.5m,no,http://news.bbc.co.uk/2/hi/sport/football/fa_carling_premiership/434743.stm,BBC,31 August 1999
club-season 1999–2000,1999–2000 Manchester United F.C. season,1375078044,1999-09-10,Mikaël Silvestre,Inter Milan,Inter Milan,,,Manchester United F.C.,manchester_united,£4m,no,http://news.bbc.co.uk/1/hi/sport/443765.stm,BBC News (British Broadcasting Corporation),10 September 1999
club-season 1999–2000,1999–2000 Manchester United F.C. season,1375078044,2000-05-21,Fabien Barthez,AS Monaco FC,Monaco,,,Manchester United F.C.,manchester_united,£7.8m,no,http://news.bbc.co.uk/2/hi/euro2000/teams/france/771367.stm,BBC,31 May 2000
club-season 1999–2000,1999–2000 Manchester United F.C. season,1375078044,1999-12-20,Erik Nevland,,Manchester United F.C.,manchester_united,Viking FK,Viking,,£250k,no,https://archive.org/details/manchesterunited0000unse/page/171/,Carlton Books Limited,June 2000
club-season 1999–2000,1999–2000 Manchester United F.C. season,1375078044,2000-03-23,Richard Wellens,,Manchester United F.C.,manchester_united,Blackpool F.C.,Blackpool,blackpool,Nominal,no,https://archive.org/details/manchesterunited0000unse/page/171/,Carlton Books Limited,June 2000
club-season 1999–2000,1999–2000 Manchester United F.C. season,1375078044,2000-05-31,John Curtis,,Manchester United F.C.,manchester_united,Blackburn Rovers F.C.,Blackburn Rovers,blackburn_rovers,£1.5m,no,https://archive.org/details/manchesterunited0000unse/page/171/,Carlton Books Limited,June 2000
club-season 1999–2000,1999–2000 Manchester United F.C. season,1375078044,2000-07-25,Michael Twiss,,Manchester United F.C.,manchester_united,Port Vale F.C.,Port Vale,,Free,no,http://news.bbc.co.uk/sport2/hi/football/teams/p/port_vale/850898.stm,BBC,25 July 2000
club-season 1999–2000,1999–2000 Middlesbrough F.C. season,1356468084,1999-07-30,Paul Ince,Liverpool F.C.,Liverpool,liverpool,,Middlesbrough F.C.,middlesbrough,"£1,000,000",no,,,
club-season 1999–2000,1999–2000 Middlesbrough F.C. season,1356468084,1999-07-31,Christian Ziege,A.C. Milan,A.C. Milan,,,Middlesbrough F.C.,middlesbrough,"£4,000,000",no,,,
club-season 1999–2000,1999–2000 Middlesbrough F.C. season,1356468084,1999-10-27,Carlos Marinelli,Boca Juniors,Boca Juniors,,,Middlesbrough F.C.,middlesbrough,"£1,500,000",no,,,
club-season 1999–2000,1999–2000 Middlesbrough F.C. season,1356468084,2000-03-23,Arthuro,Criciúma Esporte Clube,Criciúma,,,Middlesbrough F.C.,middlesbrough,Free transfer,no,,,
club-season 1999–2000,1999–2000 Middlesbrough F.C. season,1356468084,1999-09-17,Andy Townsend,,Middlesbrough F.C.,middlesbrough,West Bromwich Albion F.C.,West Bromwich Albion,west_brom,"£50,000",no,,,
club-season 1999–2000,1999–2000 Middlesbrough F.C. season,1356468084,2000-03-17,Micky Cummins,,Middlesbrough F.C.,middlesbrough,Port Vale F.C.,Port Vale,,Free,no,,,
club-season 1999–2000,1999–2000 Sheffield Wednesday F.C. season,1306466847,1999-06-29,Phil O'Donnell,Celtic F.C.,Celtic,,,Sheffield Wednesday F.C.,sheffield_wednesday,Free transfer,no,,,
club-season 1999–2000,1999–2000 Sheffield Wednesday F.C. season,1306466847,1999-06-29,Simon Donnelly,Celtic F.C.,Celtic,,,Sheffield Wednesday F.C.,sheffield_wednesday,Free transfer,no,,,
club-season 1999–2000,1999–2000 Sheffield Wednesday F.C. season,1306466847,1999-07-10,Gerald Sibon,AFC Ajax,Ajax,,,Sheffield Wednesday F.C.,sheffield_wednesday,"£2,000,000",no,,,
club-season 1999–2000,1999–2000 Sheffield Wednesday F.C. season,1306466847,1999-07-10,Gilles De Bilde,PSV Eindhoven,PSV Eindhoven,,,Sheffield Wednesday F.C.,sheffield_wednesday,"£3,000,000",no,,,
club-season 1999–2000,1999–2000 Sheffield Wednesday F.C. season,1306466847,2000-03-23,Barry Horne,Huddersfield Town A.F.C.,Huddersfield Town,huddersfield_town,,Sheffield Wednesday F.C.,sheffield_wednesday,Non-contract,no,,,
club-season 1999–2000,1999–2000 Sheffield Wednesday F.C. season,1306466847,1999-06-15,Krystof Kotylo,,Sheffield Wednesday F.C.,sheffield_wednesday,Nuneaton Town F.C.,Nuneaton Borough,,Free transfer,no,,,
club-season 1999–2000,1999–2000 Sheffield Wednesday F.C. season,1306466847,1999-06-22,Matt Clarke,,Sheffield Wednesday F.C.,sheffield_wednesday,Bradford City A.F.C.,Bradford City,bradford_city,Free transfer,no,,,
club-season 1999–2000,1999–2000 Sheffield Wednesday F.C. season,1306466847,1999-07-01,Juan Cobián,,Sheffield Wednesday F.C.,sheffield_wednesday,Charlton Athletic F.C.,Charlton Athletic,charlton_athletic,Signed,no,,,
club-season 1999–2000,1999–2000 Sheffield Wednesday F.C. season,1306466847,1999-07-13,Guy Whittingham,,Sheffield Wednesday F.C.,sheffield_wednesday,Portsmouth F.C.,Portsmouth,portsmouth,Free transfer,no,,,
club-season 1999–2000,1999–2000 Sheffield Wednesday F.C. season,1306466847,1999-10-20,Benito Carbone,,Sheffield Wednesday F.C.,sheffield_wednesday,Aston Villa F.C.,Aston Villa,aston_villa,"£805,000",no,,,
club-season 1999–2000,1999–2000 Sheffield Wednesday F.C. season,1306466847,1999-12-23,Emerson Thome,,Sheffield Wednesday F.C.,sheffield_wednesday,Chelsea F.C.,Chelsea,chelsea,"£2,700,000",no,,,
club-season 1999–2000,1999–2000 Sheffield Wednesday F.C. season,1306466847,2000-01-26,Junior Agogo,,Sheffield Wednesday F.C.,sheffield_wednesday,,Free agent,,Released,no,,,
club-season 1999–2000,1999–2000 Sheffield Wednesday F.C. season,1306466847,2000-03-09,Stuart Jones,,Sheffield Wednesday F.C.,sheffield_wednesday,Torquay United F.C.,Torquay United,,"£30,000",no,,,
club-season 1999–2000,1999–2000 Southampton F.C. season,1357312019,,,,8 July 1999,,,Southampton F.C.,southampton,,no,https://www.soccerbase.com/players/player.sd?player_id=16832,Soccerbase,
club-season 1999–2000,1999–2000 Southampton F.C. season,1357312019,,,,14 July 1999,,,Southampton F.C.,southampton,,no,https://www.saintsplayers.co.uk/player/dean-richards/,SaintsPlayers.co.uk,
club-season 1999–2000,1999–2000 Southampton F.C. season,1357312019,,,,12 August 1999,,,Southampton F.C.,southampton,,no,https://www.saintsplayers.co.uk/player/trond-solvedt/,SaintsPlayers.co.uk,
club-season 1999–2000,1999–2000 Southampton F.C. season,1357312019,,,,17 August 1999,,,Southampton F.C.,southampton,,no,https://www.saintsplayers.co.uk/player/kevin-davies/,SaintsPlayers.co.uk,
club-season 1999–2000,1999–2000 Southampton F.C. season,1357312019,,,,25 August 1999,,,Southampton F.C.,southampton,,no,https://www.saintsplayers.co.uk/player/luis-boa-morte/,SaintsPlayers.co.uk,
club-season 1999–2000,1999–2000 Southampton F.C. season,1357312019,,,,20 November 1999,,,Southampton F.C.,southampton,,no,https://www.saintsplayers.co.uk/player/jo-tessem/,SaintsPlayers.co.uk,
club-season 1999–2000,1999–2000 Southampton F.C. season,1357312019,,,,2 February 2000,,,Southampton F.C.,southampton,,no,https://www.saintsplayers.co.uk/player/imants-bleidelis/,SaintsPlayers.co.uk,
club-season 1999–2000,1999–2000 Southampton F.C. season,1357312019,,,,10 March 2000,,,Southampton F.C.,southampton,,no,https://www.saintsplayers.co.uk/player/tahar-el-khalej/,SaintsPlayers.co.uk,
club-season 1999–2000,1999–2000 Southampton F.C. season,1357312019,,,,23 March 2000,,,Southampton F.C.,southampton,,no,https://www.saintsplayers.co.uk/player/mark-hughes/,SaintsPlayers.co.uk,
club-season 1999–2000,1999–2000 Southampton F.C. season,1357312019,,,,Southampton F.C.,southampton,,10 June 1999,,,no,https://www.soccerbase.com/players/player.sd?player_id=16531,Soccerbase,
club-season 1999–2000,1999–2000 Southampton F.C. season,1357312019,,,,Southampton F.C.,southampton,,15 June 1999,,,no,https://www.saintsplayers.co.uk/player/steve-basham/,SaintsPlayers.co.uk,
club-season 1999–2000,1999–2000 Southampton F.C. season,1357312019,,,,Southampton F.C.,southampton,,1 July 1999,,,no,https://www.soccerbase.com/players/player.sd?player_id=7593,Soccerbase,
club-season 1999–2000,1999–2000 Southampton F.C. season,1357312019,,,,Southampton F.C.,southampton,,17 August 1999,,,no,https://www.saintsplayers.co.uk/player/ken-monkou/,SaintsPlayers.co.uk,
club-season 1999–2000,1999–2000 Southampton F.C. season,1357312019,,,,Southampton F.C.,southampton,,17 August 1999,,,no,https://www.saintsplayers.co.uk/player/egil-ostenstad/,SaintsPlayers.co.uk,
club-season 1999–2000,1999–2000 Southampton F.C. season,1357312019,,,,Southampton F.C.,southampton,,1 October 1999,,,no,https://www.saintsplayers.co.uk/player/andy-williams/,SaintsPlayers.co.uk,
club-season 1999–2000,1999–2000 Southampton F.C. season,1357312019,,,,Southampton F.C.,southampton,,29 October 1999,,,no,https://www.saintsplayers.co.uk/player/scott-marshall/,SaintsPlayers.co.uk,
club-season 1999–2000,1999–2000 Southampton F.C. season,1357312019,,,,Southampton F.C.,southampton,,3 December 1999,,,no,https://www.saintsplayers.co.uk/player/scott-hiley/,SaintsPlayers.co.uk,
club-season 1999–2000,1999–2000 Southampton F.C. season,1357312019,,,,Southampton F.C.,southampton,,25 January 2000,,,no,https://www.saintsplayers.co.uk/player/david-hirst/,SaintsPlayers.co.uk,
club-season 1999–2000,1999–2000 Southampton F.C. season,1357312019,,,,Southampton F.C.,southampton,,14 March 2000,,,no,https://www.saintsplayers.co.uk/player/mark-hughes/,SaintsPlayers.co.uk,
club-season 1999–2000,1999–2000 Sunderland A.F.C. season,1353271995,1999-07-01,Michael Ingham,Cliftonville F.C.,Cliftonville,,,Sunderland A.F.C.,sunderland,"£30,000",no,,,
club-season 1999–2000,1999–2000 Sunderland A.F.C. season,1353271995,1999-07-02,Steve Bould,Arsenal F.C.,Arsenal,arsenal,,Sunderland A.F.C.,sunderland,"£500,000",no,,,
club-season 1999–2000,1999–2000 Sunderland A.F.C. season,1353271995,1999-07-07,Thomas Helmer,FC Bayern Munich,Bayern Munich,,,Sunderland A.F.C.,sunderland,Free transfer,no,,,
club-season 1999–2000,1999–2000 Sunderland A.F.C. season,1353271995,1999-07-29,Stefan Schwarz,Valencia F.C.,Valencia,,,Sunderland A.F.C.,sunderland,"£4,000,000",no,,,
club-season 1999–2000,1999–2000 Sunderland A.F.C. season,1353271995,1999-08-06,John Oster,Everton F.C.,Everton,everton,,Sunderland A.F.C.,sunderland,"£1,000,000",no,,,
club-season 1999–2000,1999–2000 Sunderland A.F.C. season,1353271995,1999-08-15,Éric Roy,Olympique de Marseille,Marseille,,,Sunderland A.F.C.,sunderland,"£200,000",no,,,
club-season 1999–2000,1999–2000 Sunderland A.F.C. season,1353271995,1999-12-15,Kevin Kilbane,West Bromwich Albion F.C.,West Bromwich Albion,west_brom,,Sunderland A.F.C.,sunderland,"£2,500,000",no,,,
club-season 1999–2000,1999–2000 Sunderland A.F.C. season,1353271995,2000-03-23,Milton Núñez,PAOK FC,PAOK,,,Sunderland A.F.C.,sunderland,"£1,600,000",no,,,
club-season 1999–2000,1999–2000 Sunderland A.F.C. season,1353271995,2000-03-23,Jon Kennedy,Worksop Town F.C.,Worksop Town,,,Sunderland A.F.C.,sunderland,"£90,000",no,,,
club-season 1999–2000,1999–2000 Sunderland A.F.C. season,1353271995,1999-06-02,Andy Melville,,Sunderland A.F.C.,sunderland,Fulham F.C.,Fulham,fulham,Free transfer,no,,,
club-season 1999–2000,1999–2000 Sunderland A.F.C. season,1353271995,1999-07-07,Lee Clark,,Sunderland A.F.C.,sunderland,Fulham F.C.,Fulham,fulham,"£3,000,000",no,,,
club-season 1999–2000,1999–2000 Sunderland A.F.C. season,1353271995,1999-07-13,John Mullin,,Sunderland A.F.C.,sunderland,Burnley F.C.,Burnley,burnley,Free transfer,no,,,
club-season 1999–2000,1999–2000 Sunderland A.F.C. season,1353271995,1999-07-17,Matthew Pitts,,Sunderland A.F.C.,sunderland,Carlisle United F.C.,Carlisle United,,Free transfer,no,,,
club-season 1999–2000,1999–2000 Sunderland A.F.C. season,1353271995,1999-07-23,Michael Bridges,,Sunderland A.F.C.,sunderland,Leeds United A.F.C.,Leeds United,leeds_united,"£5,000,000",no,,,
club-season 1999–2000,1999–2000 Sunderland A.F.C. season,1353271995,1999-08-06,Martin Smith,,Sunderland A.F.C.,sunderland,Sheffield United F.C.,Sheffield United,sheffield_united,Free transfer,no,,,
club-season 1999–2000,1999–2000 Sunderland A.F.C. season,1353271995,1999-08-07,Paul Beavers,,Sunderland A.F.C.,sunderland,Oldham Athletic A.F.C.,Oldham Athletic,oldham_athletic,Free transfer,no,,,
club-season 1999–2000,1999–2000 Sunderland A.F.C. season,1353271995,1999-09-08,Luke Weaver,,Sunderland A.F.C.,sunderland,Carlisle United F.C.,Carlisle United,,Free transfer,no,,,
club-season 1999–2000,1999–2000 Sunderland A.F.C. season,1353271995,1999-12-08,Kevin Ball,,Sunderland A.F.C.,sunderland,Fulham F.C.,Fulham,fulham,"£200,000",no,,,
club-season 1999–2000,1999–2000 Sunderland A.F.C. season,1353271995,2000-03-07,Chris Porter,,Sunderland A.F.C.,sunderland,Darlington F.C.,Darlington,,Free transfer,no,,,
club-season 1999–2000,1999–2000 Tottenham Hotspur F.C. season,1311385771,1999-07-03,Chris Perry,Wimbledon F.C.,Wimbledon,wimbledon_fc,,Tottenham Hotspur F.C.,tottenham_hotspur,"£4,000,000",no,,,
club-season 1999–2000,1999–2000 Tottenham Hotspur F.C. season,1311385771,1999-08-01,Yannick Kamanan,Le Mans FC,Le Mans Union Club 72,,,Tottenham Hotspur F.C.,tottenham_hotspur,Free,no,,,
club-season 1999–2000,1999–2000 Tottenham Hotspur F.C. season,1311385771,1999-08-06,Øyvind Leonhardsen,Liverpool F.C.,Liverpool,liverpool,,Tottenham Hotspur F.C.,tottenham_hotspur,"£3,000,000",no,,,
club-season 1999–2000,1999–2000 Tottenham Hotspur F.C. season,1311385771,1999-12-31,Matthew Etherington,Peterborough United F.C.,Peterborough United,,,Tottenham Hotspur F.C.,tottenham_hotspur,"£500,000",no,,,
club-season 1999–2000,1999–2000 Tottenham Hotspur F.C. season,1311385771,1999-12-31,Simon Davies,Peterborough United F.C.,Peterborough United,,,Tottenham Hotspur F.C.,tottenham_hotspur,"£700,000",no,,,
club-season 1999–2000,1999–2000 Tottenham Hotspur F.C. season,1311385771,2000-01-17,Dave McEwen,Dulwich Hamlet F.C.,Dulwich Hamlet,,,Tottenham Hotspur F.C.,tottenham_hotspur,Free,no,,,
club-season 1999–2000,1999–2000 Tottenham Hotspur F.C. season,1311385771,2000-01-24,Anthony Gardner,Port Vale F.C.,Port Vale,,,Tottenham Hotspur F.C.,tottenham_hotspur,"£1,000,000",no,,,
club-season 1999–2000,1999–2000 Tottenham Hotspur F.C. season,1311385771,2000-01-25,Jon Jönsson,IFK Hässleholm,IFK Hässleholm,,,Tottenham Hotspur F.C.,tottenham_hotspur,"£250,000",no,,,
club-season 1999–2000,1999–2000 Tottenham Hotspur F.C. season,1311385771,2000-03-27,Gary Doherty,Luton Town F.C.,Luton Town,luton_town,,Tottenham Hotspur F.C.,tottenham_hotspur,"£1,000,000",no,,,
club-season 1999–2000,1999–2000 Tottenham Hotspur F.C. season,1311385771,1999-06-30,Roger Nilsen,,Tottenham Hotspur F.C.,tottenham_hotspur,Grazer AK,Grazer AK,,Free,no,,,
club-season 1999–2000,1999–2000 Tottenham Hotspur F.C. season,1311385771,1999-07-06,Andy Sinton,,Tottenham Hotspur F.C.,tottenham_hotspur,Wolverhampton Wanderers F.C.,Wolverhampton Wanderers,wolves,Free,no,,,
club-season 1999–2000,1999–2000 Tottenham Hotspur F.C. season,1311385771,1999-07-15,Rory Allen,,Tottenham Hotspur F.C.,tottenham_hotspur,Portsmouth F.C.,Portsmouth,portsmouth,"£1,000,000",no,,,
club-season 1999–2000,1999–2000 Tottenham Hotspur F.C. season,1311385771,1999-07-20,Simon Brown,,Tottenham Hotspur F.C.,tottenham_hotspur,Colchester United F.C.,Colchester United,,Free,no,,,
club-season 1999–2000,1999–2000 Tottenham Hotspur F.C. season,1311385771,1999-07-28,Clive Wilson,,Tottenham Hotspur F.C.,tottenham_hotspur,Cambridge United F.C.,Cambridge United,,Free,no,,,
club-season 1999–2000,1999–2000 Tottenham Hotspur F.C. season,1311385771,1999-08-05,Alan Marriott,,Tottenham Hotspur F.C.,tottenham_hotspur,Lincoln City F.C.,Lincoln City,,Free,no,,,
club-season 1999–2000,1999–2000 Tottenham Hotspur F.C. season,1311385771,1999-10-08,Simon Webb,,Tottenham Hotspur F.C.,tottenham_hotspur,Leyton Orient F.C.,Leyton Orient,,Free,no,,,
club-season 1999–2000,1999–2000 Tottenham Hotspur F.C. season,1311385771,2000-01-01,Moussa Saïb,,Tottenham Hotspur F.C.,tottenham_hotspur,Al Nassr FC,Al Nassr,,"£640,000",no,,,
club-season 1999–2000,1999–2000 Tottenham Hotspur F.C. season,1311385771,2000-02-04,Paolo Tramezzani,,Tottenham Hotspur F.C.,tottenham_hotspur,Pistoiese,Pistoiese,,Free,no,,,
club-season 1999–2000,1999–2000 Tottenham Hotspur F.C. season,1311385771,2000-03-10,Justin Edinburgh,,Tottenham Hotspur F.C.,tottenham_hotspur,Portsmouth F.C.,Portsmouth,portsmouth,"£175,000",no,,,
club-season 1999–2000,1999–2000 Tottenham Hotspur F.C. season,1311385771,2000-03-23,Paul McVeigh,,Tottenham Hotspur F.C.,tottenham_hotspur,Norwich City F.C.,Norwich City,norwich_city,Free,no,,,
club-season 1999–2000,1999–2000 Watford F.C. season,1314079739,1999-07-07,Mark Williams,Chesterfield F.C.,Chesterfield,,,Watford F.C.,watford,Free,no,,,
club-season 1999–2000,1999–2000 Watford F.C. season,1314079739,1999-07-08,Des Lyttle,Nottingham Forest F.C.,Nottingham Forest,nottingham_forest,,Watford F.C.,watford,Free,no,,,
club-season 1999–2000,1999–2000 Watford F.C. season,1314079739,1999-07-09,Dominic Foley,Wolverhampton Wanderers F.C.,Wolverhampton Wanderers,wolves,,Watford F.C.,watford,Free,no,,,
club-season 1999–2000,1999–2000 Watford F.C. season,1314079739,1999-08-01,Alexandre Bonnot,SCO Angers,Angers,,,Watford F.C.,watford,Free,no,,,
club-season 1999–2000,1999–2000 Watford F.C. season,1314079739,1999-08-06,Herwig Walker,SK Vorwärts Steyr,Vorwärts Steyr,,,Watford F.C.,watford,Free,no,,,
club-season 1999–2000,1999–2000 Watford F.C. season,1314079739,1999-09-13,Nordin Wooter,Real Zaragoza,Real Zaragoza,,,Watford F.C.,watford,"£950,000",no,,,
club-season 1999–2000,1999–2000 Watford F.C. season,1314079739,1999-09-29,Charlie Miller,Rangers F.C.,Rangers,,,Watford F.C.,watford,"£450,000",no,,,
club-season 1999–2000,1999–2000 Watford F.C. season,1314079739,1999-11-01,Lee Cook,Aylesbury F.C.,Aylesbury,,,Watford F.C.,watford,Free,no,,,
club-season 1999–2000,1999–2000 Watford F.C. season,1314079739,1999-11-04,Neil Cox,Bolton Wanderers F.C.,Bolton Wanderers,bolton_wanderers,,Watford F.C.,watford,"£500,000",no,,,
club-season 1999–2000,1999–2000 Watford F.C. season,1314079739,1999-11-09,Xavier Gravelaine,Paris Saint-Germain F.C.,Paris Saint-Germain,,,Watford F.C.,watford,Free,no,,,
club-season 1999–2000,1999–2000 Watford F.C. season,1314079739,2000-01-02,David Warner,A.F.C. Hayes,Brook House,,,Watford F.C.,watford,Free,no,,,
club-season 1999–2000,1999–2000 Watford F.C. season,1314079739,2000-01-11,Heiðar Helguson,Lillestrøm SK,Lillestrøm,,,Watford F.C.,watford,"£1,500,000",no,,,
club-season 1999–2000,1999–2000 Watford F.C. season,1314079739,1999-06-22,Tony Daley,,Watford F.C.,watford,Walsall F.C.,Walsall,,Free transfer,no,,,
club-season 1999–2000,1999–2000 Watford F.C. season,1314079739,1999-07-06,Darren Bazeley,,Watford F.C.,watford,Wolverhampton Wanderers F.C.,Wolverhampton Wanderers,wolves,Free,no,,,
club-season 1999–2000,1999–2000 Watford F.C. season,1314079739,1999-08-06,Alon Hazan,,Watford F.C.,watford,F.C. Ashdod,F.C. Ashdod,,Free,no,,,
club-season 1999–2000,1999–2000 Watford F.C. season,1314079739,1999-08-18,Stuart Slater,,Watford F.C.,watford,Carlton SC,Carlton SC,,Free,no,,,
club-season 1999–2000,1999–2000 Watford F.C. season,1314079739,1999-11-11,Keith Millen,,Watford F.C.,watford,Bristol City F.C.,Bristol City,,"£35,000",no,,,
club-season 1999–2000,1999–2000 Watford F.C. season,1314079739,2000-01-29,Xavier Gravelaine,,Watford F.C.,watford,Le Havre AC,Le Havre,,"£300,000",no,,,
club-season 1999–2000,1999–2000 Watford F.C. season,1314079739,2000-02-05,Colin Miles,,Watford F.C.,watford,Greenock Morton F.C.,Greenock Morton,,Free,no,,,
club-season 2000–01,2000–01 Arsenal F.C. season,1367990274,,Mallorca,,Undisclosed,,,Arsenal F.C.,arsenal,30 May 2000,no,http://www.arsenal.co.uk/content/lauren_sign.htm,Arsenal Football Club,
club-season 2000–01,2000–01 Arsenal F.C. season,1367990274,,Marseille,,Undisclosed,,,Arsenal F.C.,arsenal,3 July 2000,no,http://www.arsenal.com/content/edu_pires.htm,Arsenal Football Club,
club-season 2000–01,2000–01 Arsenal F.C. season,1367990274,,Corinthians,,Undisclosed,,,Arsenal F.C.,arsenal,3 July 2000,no,http://www.arsenal.com/content/edu_pires.htm,Arsenal Football Club,
club-season 2000–01,2000–01 Arsenal F.C. season,1367990274,,Nîmes,,Undisclosed,,,Arsenal F.C.,arsenal,7 August 2000,no,http://www.arsenal.co.uk/content/demel_sign.htm,Arsenal Football Club,
club-season 2000–01,2000–01 Arsenal F.C. season,1367990274,,Bordeaux,,Undisclosed,,,Arsenal F.C.,arsenal,26 August 2000,no,http://www.arsenal.co.uk/content/wiltord_sign.htm,Arsenal Football Club,
club-season 2000–01,2000–01 Arsenal F.C. season,1367990274,,Skonto Riga,,Undisclosed,,,Arsenal F.C.,arsenal,4 September 2000,no,http://www.arsenal.co.uk/content/step_sign.htm,Arsenal Football Club,
club-season 2000–01,2000–01 Arsenal F.C. season,1367990274,,Kjøbenhavns Boldklub,,Undisclosed,,,Arsenal F.C.,arsenal,27 November 2000,no,,,28 November 2000
club-season 2000–01,2000–01 Arsenal F.C. season,1367990274,,Lausanne-Sport,,"£1,000,000",,,Arsenal F.C.,arsenal,13 December 2000,no,,,14 December 2000
club-season 2000–01,2000–01 Arsenal F.C. season,1367990274,,West Ham United,,Arsenal F.C.,arsenal,,Free,,22 June 2000,no,http://www.arsenal.co.uk/content/winterburn_sold.htm,Arsenal Football Club,
club-season 2000–01,2000–01 Arsenal F.C. season,1367990274,,West Ham United,,Arsenal F.C.,arsenal,,Free,,28 June 2000,no,http://news.bbc.co.uk/sport1/hi/football/teams/w/west_ham_utd/810508.stm,BBC Sport,28 June 2000
club-season 2000–01,2000–01 Arsenal F.C. season,1367990274,,Coventry City,,Arsenal F.C.,arsenal,,"£1,000,000",,11 July 2000,no,,,12 July 2000
club-season 2000–01,2000–01 Arsenal F.C. season,1367990274,,Crystal Palace,,Arsenal F.C.,arsenal,,"|£500,000",,12 July 2000,no,http://www.arseweb.com/people/res_squad_9900.html,Arseweb,12 July 2000
club-season 2000–01,2000–01 Arsenal F.C. season,1367990274,,Crystal Palace,,Arsenal F.C.,arsenal,,"|£500,000",,12 July 2000,no,http://www.arseweb.com/people/res_squad_9900.html,Arseweb,12 July 2000
club-season 2000–01,2000–01 Arsenal F.C. season,1367990274,,Barcelona,,Arsenal F.C.,arsenal,,"£25,000,000",,28 July 2000,no,https://www.independent.co.uk/sport/football/premier-league/barca-pay-pound32m-for-overmars-and-petit-709285.html,The Independent,29 July 2000
club-season 2000–01,2000–01 Arsenal F.C. season,1367990274,,Barcelona,,Arsenal F.C.,arsenal,,"£7,000,000",,28 July 2000,no,https://www.independent.co.uk/sport/football/premier-league/barca-pay-pound32m-for-overmars-and-petit-709285.html,The Independent,29 July 2000
club-season 2000–01,2000–01 Arsenal F.C. season,1367990274,,Norwich City,,Arsenal F.C.,arsenal,,Undisclosed,,23 August 2000,no,http://www.arsenal.co.uk/content/mcgovern_sold.htm,Arsenal Football Club,
club-season 2000–01,2000–01 Arsenal F.C. season,1367990274,,Cardiff City,,Arsenal F.C.,arsenal,,"£50,000",,15 November 2000,no,,,15 November 2000
club-season 2000–01,2000–01 Arsenal F.C. season,1367990274,,Watford,,Arsenal F.C.,arsenal,,"£350,000",,15 December 2000,no,,,15 November 2000
club-season 2000–01,2000–01 Arsenal F.C. season,1367990274,,Al-Hilal,,Arsenal F.C.,arsenal,,Undisclosed,,15 December 2000,no,https://www.theguardian.com/football/2000/dec/16/newsstory.sport6,The Guardian,16 December 2000
club-season 2000–01,2000–01 Arsenal F.C. season,1367990274,,Reading,,Arsenal F.C.,arsenal,,Free,,2 March 2001,no,,,3 March 2001
club-season 2000–01,2000–01 Aston Villa F.C. season,1367990459,2000-07-01,Luc Nilis,PSV Eindhoven,PSV Eindhoven,,,Aston Villa F.C.,aston_villa,Free transfer,no,,,
club-season 2000–01,2000–01 Aston Villa F.C. season,1367990459,2000-07-28,Alpay Özalan,Fenerbahçe S.K. (football),Fenerbahçe,,,Aston Villa F.C.,aston_villa,"£5,600,000",no,,,
club-season 2000–01,2000–01 Aston Villa F.C. season,1367990459,2000-07-30,David Ginola,Tottenham Hotspur,Tottenham Hotspur,tottenham_hotspur,,Aston Villa F.C.,aston_villa,"£3,000,000",no,,,
club-season 2000–01,2000–01 Aston Villa F.C. season,1367990459,2000-08-05,Thomas Hitzlsperger,Bayern Munich,Bayern Munich,,,Aston Villa F.C.,aston_villa,Free transfer,no,,,
club-season 2000–01,2000–01 Aston Villa F.C. season,1367990459,2000-12-06,Steve Staunton,Liverpool F.C.,Liverpool,liverpool,,Aston Villa F.C.,aston_villa,Free transfer,no,,,
club-season 2000–01,2000–01 Aston Villa F.C. season,1367990459,2001-01-13,Juan Pablo Ángel,Club Atlético River Plate,River Plate,,,Aston Villa F.C.,aston_villa,"£9,500,000",no,,,
club-season 2000–01,2000–01 Aston Villa F.C. season,1367990459,2000-07-01,Darren Byfield,,Aston Villa F.C.,aston_villa,Walsall F.C.,Walsall,,Free transfer,no,,,
club-season 2000–01,2000–01 Aston Villa F.C. season,1367990459,2000-07-04,Steve Watson,,Aston Villa F.C.,aston_villa,Everton F.C.,Everton,everton,"£2,500,000",no,,,
club-season 2000–01,2000–01 Aston Villa F.C. season,1367990459,2000-07-17,Mark Draper,,Aston Villa F.C.,aston_villa,Southampton F.C.,Southampton,southampton,"£1,250,000",no,,,
club-season 2000–01,2000–01 Aston Villa F.C. season,1367990459,2000-08-09,Benito Carbone,,Aston Villa F.C.,aston_villa,Bradford City,Bradford City,bradford_city,Free transfer,no,,,
club-season 2000–01,2000–01 Aston Villa F.C. season,1367990459,2000-09-01,Alan Thompson,,Aston Villa F.C.,aston_villa,Celtic F.C.,Celtic,,"£2,750,000",no,,,
club-season 2000–01,2000–01 Aston Villa F.C. season,1367990459,2000-10-03,Aaron Lescott,,Aston Villa F.C.,aston_villa,Sheffield Wednesday,Sheffield Wednesday,sheffield_wednesday,"£100,000",no,,,
club-season 2000–01,2000–01 Aston Villa F.C. season,1367990459,2000-10-20,Ugo Ehiogu,,Aston Villa F.C.,aston_villa,Middlesbrough F.C.,Middlesbrough,middlesbrough,"£8,000,000",no,,,
club-season 2000–01,2000–01 Aston Villa F.C. season,1367990459,2000-12-02,Matthew Ghent,,Aston Villa F.C.,aston_villa,Lincoln City F.C.,Lincoln City,,Free transfer,no,,,
club-season 2000–01,2000–01 Aston Villa F.C. season,1367990459,2001-01-24,Luc Nilis,,Aston Villa F.C.,aston_villa,,Retired,,,no,,,
club-season 2000–01,2000–01 Aston Villa F.C. season,1367990459,2001-01-26,Mark DeBolla,,Aston Villa F.C.,aston_villa,Charlton Athletic,Charlton Athletic,charlton_athletic,Free transfer,no,,,
club-season 2000–01,2000–01 Aston Villa F.C. season,1367990459,2001-02-13,Najwan Ghrayib,,Aston Villa F.C.,aston_villa,Hapoel Haifa,Hapoel Haifa,,"£150,000",no,,,
club-season 2000–01,2000–01 Bradford City A.F.C. season,1356468245,2000-07-04,Ian Nolan,Sheffield Wednesday F.C.,Sheffield Wednesday,sheffield_wednesday,,Bradford City A.F.C.,bradford_city,Free transfer,no,https://news.bbc.co.uk/sport2/hi/football/teams/b/bradford_city/816237.stm,BBC Sport,2000-07-02
club-season 2000–01,2000–01 Bradford City A.F.C. season,1356468245,2000-07-04,Peter Atherton,Sheffield Wednesday F.C.,Sheffield Wednesday,sheffield_wednesday,,Bradford City A.F.C.,bradford_city,Free transfer,no,https://news.bbc.co.uk/sport2/hi/football/teams/b/bradford_city/816237.stm,BBC Sport,2000-07-02
club-season 2000–01,2000–01 Bradford City A.F.C. season,1356468245,2000-07-07,David Hopkin,Leeds United F.C.,Leeds United,leeds_united,,Bradford City A.F.C.,bradford_city,"£2,500,000",no,https://news.bbc.co.uk/sport2/hi/football/teams/b/bradford_city/821823.stm,BBC Sport,2000-07-06
club-season 2000–01,2000–01 Bradford City A.F.C. season,1356468245,2000-07-30,Dan Petrescu,Chelsea F.C.,Chelsea,chelsea,,Bradford City A.F.C.,bradford_city,"£1,000,000",no,http://news.bbc.co.uk/sport/hi/english/football/teams/b/bradford_city/newsid_857000/857787.stm,BBC Sport,2000-07-30
club-season 2000–01,2000–01 Bradford City A.F.C. season,1356468245,2000-08-09,Benito Carbone,Aston Villa F.C.,Aston Villa,aston_villa,,Bradford City A.F.C.,bradford_city,Free transfer,no,https://news.bbc.co.uk/sport1/hi/football/teams/b/bradford_city/871949.stm,BBC Sport,2000-08-09
club-season 2000–01,2000–01 Bradford City A.F.C. season,1356468245,2000-08-18,Ashley Ward,Blackburn Rovers F.C.,Blackburn Rovers,blackburn_rovers,,Bradford City A.F.C.,bradford_city,"£1,500,000",no,https://news.bbc.co.uk/sport2/hi/football/teams/b/bradford_city/885664.stm,BBC Sport,2000-08-18
club-season 2000–01,2000–01 Bradford City A.F.C. season,1356468245,2000-10-26,Stan Collymore,Leicester City F.C.,Leicester City,leicester_city,,Bradford City A.F.C.,bradford_city,Free transfer,no,https://www.theguardian.com/football/2000/oct/27/newsstory.bradford,The Guardian,2000-10-27
club-season 2000–01,2000–01 Bradford City A.F.C. season,1356468245,2000-11-24,Billy McKinlay,Blackburn Rovers F.C.,Blackburn Rovers,blackburn_rovers,,Bradford City A.F.C.,bradford_city,Free transfer,no,,,
club-season 2000–01,2000–01 Bradford City A.F.C. season,1356468245,2000-12-01,Robert Molenaar,Leeds United F.C.,Leeds United,leeds_united,,Bradford City A.F.C.,bradford_city,"£500,000",no,,,
club-season 2000–01,2000–01 Bradford City A.F.C. season,1356468245,2001-01-25,Gary Locke,Heart of Midlothian F.C.,Hearts,,,Bradford City A.F.C.,bradford_city,Free transfer,no,,,
club-season 2000–01,2000–01 Bradford City A.F.C. season,1356468245,2000-07-14,John Dreyer,,Bradford City A.F.C.,bradford_city,Cambridge United F.C.,Cambridge United,,Free transfer,no,,,
club-season 2000–01,2000–01 Bradford City A.F.C. season,1356468245,2000-08-02,Lee Todd,,Bradford City A.F.C.,bradford_city,Rochdale A.F.C.,Rochdale,,Free transfer,no,,,
club-season 2000–01,2000–01 Bradford City A.F.C. season,1356468245,2000-08-11,Lee Mills,,Bradford City A.F.C.,bradford_city,Portsmouth F.C.,Portsmouth,portsmouth,"£1,000,000",no,,,
club-season 2000–01,2000–01 Bradford City A.F.C. season,1356468245,2000-08-21,Stephen Wright,,Bradford City A.F.C.,bradford_city,Dundee United F.C.,Dundee United,,Nominal,no,,,
club-season 2000–01,2000–01 Bradford City A.F.C. season,1356468245,2000-09-11,Ashley Westwood,,Bradford City A.F.C.,bradford_city,Sheffield Wednesday F.C.,Sheffield Wednesday,sheffield_wednesday,"£150,000",no,,,
club-season 2000–01,2000–01 Bradford City A.F.C. season,1356468245,2001-01-12,Dan Petrescu,,Bradford City A.F.C.,bradford_city,Southampton F.C.,Southampton,southampton,Nominal,no,https://news.bbc.co.uk/sport2/hi/football/teams/s/southampton/1111947.stm,BBC Sport,2001-01-12
club-season 2000–01,2000–01 Bradford City A.F.C. season,1356468245,2001-01-19,Isaiah Rankin,,Bradford City A.F.C.,bradford_city,Barnsley F.C.,Barnsley,barnsley,"£350,000",no,,,
club-season 2000–01,2000–01 Bradford City A.F.C. season,1356468245,2001-01-30,Stan Collymore,,Bradford City A.F.C.,bradford_city,Real Oviedo,Real Oviedo,,Free transfer,no,https://www.theguardian.com/football/2001/jan/31/newsstory.bradford,The Guardian,2001-01-31
club-season 2000–01,2000–01 Bradford City A.F.C. season,1356468245,2001-03-08,Dean Windass,,Bradford City A.F.C.,bradford_city,Middlesbrough F.C.,Middlesbrough,middlesbrough,"£600,000",no,,,
club-season 2000–01,2000–01 Bradford City A.F.C. season,1356468245,2001-03-15,David Hopkin,,Bradford City A.F.C.,bradford_city,Crystal Palace F.C.,Crystal Palace,crystal_palace,"£1,500,000",no,,,
club-season 2000–01,2000–01 Bradford City A.F.C. season,1356468245,2001-03-19,Andy O'Brien,,Bradford City A.F.C.,bradford_city,Newcastle United F.C.,Newcastle United,newcastle_united,"£2,000,000",no,,,
club-season 2000–01,2000–01 Charlton Athletic F.C. season,1357108615,2000-07-13,Ben Roberts,Middlesbrough F.C.,Middlesbrough,middlesbrough,,Charlton Athletic F.C.,charlton_athletic,Free transfer,no,,,
club-season 2000–01,2000–01 Charlton Athletic F.C. season,1357108615,2000-07-20,Claus Jensen,Bolton Wanderers F.C.,Bolton Wanderers,bolton_wanderers,,Charlton Athletic F.C.,charlton_athletic,"£4,000,000",no,,,
club-season 2000–01,2000–01 Charlton Athletic F.C. season,1357108615,2000-07-31,Jonatan Johansson,Rangers F.C.,Rangers,,,Charlton Athletic F.C.,charlton_athletic,"£3,750,000",no,,,
club-season 2000–01,2000–01 Charlton Athletic F.C. season,1357108615,2000-08-05,Radostin Kishishev,PFC Litex Lovech,Litex Lovech,,,Charlton Athletic F.C.,charlton_athletic,"£300,000",no,,,
club-season 2000–01,2000–01 Charlton Athletic F.C. season,1357108615,2000-08-14,Karim Bagheri,Persepolis F.C.,Persepolis,,,Charlton Athletic F.C.,charlton_athletic,"£400,000",no,,,
club-season 2000–01,2000–01 Charlton Athletic F.C. season,1357108615,2000-11-08,Mark Fish,Bolton Wanderers F.C.,Bolton Wanderers,bolton_wanderers,,Charlton Athletic F.C.,charlton_athletic,"£700,000",no,,,
club-season 2000–01,2000–01 Charlton Athletic F.C. season,1357108615,2001-01-08,Tony Caig,Blackpool F.C.,Blackpool,blackpool,,Charlton Athletic F.C.,charlton_athletic,Free transfer,no,,,
club-season 2000–01,2000–01 Charlton Athletic F.C. season,1357108615,2001-01-26,Mark DeBolla,Aston Villa F.C.,Aston Villa,aston_villa,,Charlton Athletic F.C.,charlton_athletic,Free transfer,no,,,
club-season 2000–01,2000–01 Charlton Athletic F.C. season,1357108615,2000-06-07,Sam Turner,,Charlton Athletic F.C.,charlton_athletic,Stockport County F.C.,Stockport County,,Free transfer,no,,,
club-season 2000–01,2000–01 Charlton Athletic F.C. season,1357108615,2000-07-03,Keith Jones,,Charlton Athletic F.C.,charlton_athletic,Reading F.C.,Reading,reading,Free transfer,no,,,
club-season 2000–01,2000–01 Charlton Athletic F.C. season,1357108615,2000-07-04,Anthony Barness,,Charlton Athletic F.C.,charlton_athletic,Bolton Wanderers F.C.,Bolton Wanderers,bolton_wanderers,Free transfer,no,,,
club-season 2000–01,2000–01 Charlton Athletic F.C. season,1357108615,2000-07-11,Simon Royce,,Charlton Athletic F.C.,charlton_athletic,Leicester City F.C.,Leicester City,leicester_city,Free transfer,no,,,
club-season 2000–01,2000–01 Charlton Athletic F.C. season,1357108615,2000-07-14,Mark McCammon,,Charlton Athletic F.C.,charlton_athletic,Brentford F.C.,Brentford,brentford,"£100,000",no,,,
club-season 2000–01,2000–01 Charlton Athletic F.C. season,1357108615,2000-08-22,Kevin James,,Charlton Athletic F.C.,charlton_athletic,Gillingham F.C.,Gillingham,,Free transfer,no,,,
club-season 2000–01,2000–01 Charlton Athletic F.C. season,1357108615,2001-03-13,Carl Tiler,,Charlton Athletic F.C.,charlton_athletic,Portsmouth F.C.,Portsmouth,portsmouth,"£250,000",no,,,
club-season 2000–01,2000–01 Charlton Athletic F.C. season,1357108615,2001-03-16,Jason Brown,,Charlton Athletic F.C.,charlton_athletic,Gillingham F.C.,Gillingham,,Free transfer,no,,,
club-season 2000–01,2000–01 Charlton Athletic F.C. season,1357108615,2001-04-13,Kemal Izzet,,Charlton Athletic F.C.,charlton_athletic,Colchester United F.C.,Colchester United,,Free transfer,no,,,
club-season 2000–01,2000–01 Chelsea F.C. season,1377271991,2000-05-31,Jimmy Floyd Hasselbaink,Atlético Madrid,Atlético Madrid,,,Chelsea F.C.,chelsea,"£15,000,000",no,http://news.bbc.co.uk/2/hi/euro2000/teams/holland/770936.stm,BBC News,31 May 2000
club-season 2000–01,2000–01 Chelsea F.C. season,1377271991,2000-06-19,Eiður Guðjohnsen,Bolton Wanderers F.C.,Bolton Wanderers,bolton_wanderers,,Chelsea F.C.,chelsea,"£4,000,000",no,http://news.bbc.co.uk/2/hi/sport/football/fa_carling_premiership/797974.stm,BBC News,19 June 2000
club-season 2000–01,2000–01 Chelsea F.C. season,1377271991,2000-06-28,Mario Stanić,Parma F.C.,Parma,,,Chelsea F.C.,chelsea,"£5,600,000",no,http://news.bbc.co.uk/sport2/hi/football/teams/c/chelsea/809869.stm,BBC News,28 June 2000
club-season 2000–01,2000–01 Chelsea F.C. season,1377271991,2000-07-03,Carlo Cudicini,Castel di Sangro Calcio,Castel di Sangro,,,Chelsea F.C.,chelsea,Free,no,,,
club-season 2000–01,2000–01 Chelsea F.C. season,1377271991,2000-08-31,Winston Bogarde,FC Barcelona,Barcelona,,,Chelsea F.C.,chelsea,Free,no,http://news.bbc.co.uk/sport1/hi/football/europe/904852.stm,BBC Sport,31 August 2000
club-season 2000–01,2000–01 Chelsea F.C. season,1377271991,2000-10-10,Slaviša Jokanović,Deportivo de La Coruña,Deportivo,,,Chelsea F.C.,chelsea,"£1,700,000",no,https://www.independent.co.uk/sport/football/premier-league/chelsea-search-ends-in-pound17m-jokanovic-deal-637216.html,The Independent,11 October 2000
club-season 2000–01,2000–01 Chelsea F.C. season,1377271991,2000-12-29,Jesper Grønkjær,Ajax Amsterdam,Ajax,,,Chelsea F.C.,chelsea,"£7,800,000",no,https://www.theguardian.com/football/2000/oct/31/newsstory.ajax,The Guardian,31 October 2000
club-season 2000–01,2000–01 Chelsea F.C. season,1377271991,2001-01-18,Mark Bosnich,Manchester United F.C.,Manchester United,manchester_united,,Chelsea F.C.,chelsea,Free,no,https://www.independent.co.uk/sport/football/premier-league/bosnich-moves-on-free-transfer-to-chelsea-693431.html,The Independent,19 January 2001
club-season 2000–01,2000–01 Chelsea F.C. season,1377271991,2000-07-10,Chris Sutton,,Chelsea F.C.,chelsea,Celtic F.C.,Celtic,,"£6,000,000",no,http://news.bbc.co.uk/sport2/hi/football/teams/c/celtic/825260.stm,BBC News,9 July 2000
club-season 2000–01,2000–01 Chelsea F.C. season,1377271991,2000-07-28,Didier Deschamps,,Chelsea F.C.,chelsea,Valencia C.F.,Valencia,,"£2,300,000",no,http://news.bbc.co.uk/sport2/hi/football/teams/c/chelsea/855704.stm,BBC News,28 July 2000
club-season 2000–01,2000–01 Chelsea F.C. season,1377271991,2000-11-23,Tore Andre Flo,,Chelsea F.C.,chelsea,Rangers F.C.,Rangers,,"£12,000,000",no,http://news.bbc.co.uk/sport2/hi/football/1033258.stm,BBC News,23 November 2000
club-season 2000–01,2000–01 Coventry City F.C. season,1356469057,2000-07-12,Jay Bothroyd,Arsenal F.C.,Arsenal,arsenal,,Coventry City F.C.,coventry_city,"£1,000,000",no,http://news.bbc.co.uk/sport1/hi/football/teams/c/coventry_city/830130.stm,BBC Sport,12 July 2000
club-season 2000–01,2000–01 Coventry City F.C. season,1356469057,2000-08-02,David Thompson,Liverpool F.C.,Liverpool,liverpool,,Coventry City F.C.,coventry_city,"£2,500,000",no,http://news.bbc.co.uk/sport1/hi/football/teams/c/coventry_city/863426.stm,BBC Sport,2 August 2000
club-season 2000–01,2000–01 Coventry City F.C. season,1356469057,2000-08-16,Craig Bellamy,Norwich City F.C.,Norwich City,norwich_city,,Coventry City F.C.,coventry_city,"£6,500,000",no,https://www.theguardian.com/football/2000/aug/17/newsstory.sport,The Guardian,17 August 2000
club-season 2000–01,2000–01 Coventry City F.C. season,1356469057,2000-09-06,Jairo Martínez,C.D. Motagua,Motagua,,,Coventry City F.C.,coventry_city,Signed,no,http://news.bbc.co.uk/sport1/hi/football/teams/c/coventry_city/913400.stm,BBC Sport,6 September 2000
club-season 2000–01,2000–01 Coventry City F.C. season,1356469057,2000-10-19,Iván Guerrero,C.D. Motagua,Motagua,,,Coventry City F.C.,coventry_city,Signed,no,,,
club-season 2000–01,2000–01 Coventry City F.C. season,1356469057,2000-12-01,Lee Carsley,Blackburn Rovers F.C.,Blackburn Rovers,blackburn_rovers,,Coventry City F.C.,coventry_city,"£2,500,000",no,http://news.bbc.co.uk/sport1/hi/football/teams/c/coventry_city/1048934.stm,BBC Sport,1 December 2000
club-season 2000–01,2000–01 Coventry City F.C. season,1356469057,2000-12-22,Andreas Dahl,IFK Hässleholm,IFK Hässleholm,,,Coventry City F.C.,coventry_city,"£300,000",no,,,
club-season 2000–01,2000–01 Coventry City F.C. season,1356469057,2001-02-08,John Hartson,Wimbledon F.C.,Wimbledon,wimbledon_fc,,Coventry City F.C.,coventry_city,Signed,no,http://news.bbc.co.uk/sport1/hi/football/teams/c/coventry_city/1144409.stm,BBC Sport,8 February 2001
club-season 2000–01,2000–01 Coventry City F.C. season,1356469057,2000-06-09,Chukki Eribenne,,Coventry City F.C.,coventry_city,A.F.C. Bournemouth,Bournemouth,bournemouth,Free transfer,no,,,
club-season 2000–01,2000–01 Coventry City F.C. season,1356469057,2000-06-28,David Burrows,,Coventry City F.C.,coventry_city,Birmingham City F.C.,Birmingham City,birmingham_city,Free transfer,no,,,
club-season 2000–01,2000–01 Coventry City F.C. season,1356469057,2000-07-01,Gary McAllister,,Coventry City F.C.,coventry_city,Liverpool F.C.,Liverpool,liverpool,Free transfer,no,http://news.bbc.co.uk/1/hi/sport/football/fa_carling_premiership/763889.stm,BBC News,25 May 2000
club-season 2000–01,2000–01 Coventry City F.C. season,1356469057,2000-07-05,Ian Brightwell,,Coventry City F.C.,coventry_city,Walsall F.C.,Walsall,,Free transfer,no,,,
club-season 2000–01,2000–01 Coventry City F.C. season,1356469057,2000-07-06,Mark Burrows,,Coventry City F.C.,coventry_city,Exeter City F.C.,Exeter City,,Free transfer,no,,,
club-season 2000–01,2000–01 Coventry City F.C. season,1356469057,2000-07-30,Robbie Keane,,Coventry City F.C.,coventry_city,Inter Milan,Inter Milan,,"£13,000,000",no,http://news.bbc.co.uk/sport1/hi/football/teams/c/coventry_city/856399.stm,BBC Sport,30 July 2000
club-season 2000–01,2000–01 Coventry City F.C. season,1356469057,2000-07-31,Noel Whelan,,Coventry City F.C.,coventry_city,Middlesbrough F.C.,Middlesbrough,middlesbrough,"£2,000,000",no,http://news.bbc.co.uk/sport1/hi/football/eng_prem/859609.stm,BBC Sport,31 July 2000
club-season 2000–01,2000–01 Coventry City F.C. season,1356469057,2001-01-12,Daire Doyle,,Coventry City F.C.,coventry_city,Kidderminster Harriers F.C.,Kidderminster Harriers,,Free transfer,no,,,
club-season 2000–01,2000–01 Coventry City F.C. season,1356469057,2001-02-13,Colin Hendry,,Coventry City F.C.,coventry_city,Bolton Wanderers F.C.,Bolton Wanderers,bolton_wanderers,"£250,000",no,http://news.bbc.co.uk/sport1/hi/football/teams/b/bolton_wanderers/1168533.stm,BBC Sport,13 February 2001
club-season 2000–01,2000–01 Coventry City F.C. season,1356469057,2001-02-15,Cédric Roussel,,Coventry City F.C.,coventry_city,Wolverhampton Wanderers F.C.,Wolverhampton Wanderers,wolves,"£1,500,000",no,http://news.bbc.co.uk/sport1/hi/football/teams/w/wolverhampton_wanderers/1168036.stm,BBC Sport,15 February 2001
club-season 2000–01,2000–01 Derby County F.C. season,1356469080,2000-06-01,Simo Valakari,Motherwell F.C.,Motherwell,,,Derby County F.C.,derby_county,Free transfer,no,,,
club-season 2000–01,2000–01 Derby County F.C. season,1356469080,2000-07-05,Danny Higginbotham,Manchester United F.C.,Manchester United,manchester_united,,Derby County F.C.,derby_county,"£2,000,000",no,,,
club-season 2000–01,2000–01 Derby County F.C. season,1356469080,2000-07-26,Bjørn Otto Bragstad,Rosenborg BK,Rosenborg,,,Derby County F.C.,derby_county,"£1,500,000",no,,,
club-season 2000–01,2000–01 Derby County F.C. season,1356469080,2000-08-02,Youl Mawéné,RC Lens,RC Lens,,,Derby County F.C.,derby_county,"£500,000",no,,,
club-season 2000–01,2000–01 Derby County F.C. season,1356469080,2000-08-08,Con Blatsis,South Melbourne FC,South Melbourne,,,Derby County F.C.,derby_county,"£150,000",no,,,
club-season 2000–01,2000–01 Derby County F.C. season,1356469080,2000-11-01,Lilian Martin,Olympique de Marseille,Marseille,,,Derby County F.C.,derby_county,Loan,no,,,
club-season 2000–01,2000–01 Derby County F.C. season,1356469080,2000-11-02,Taribo West,A.C. Milan,Milan,,,Derby County F.C.,derby_county,Monthly,no,,,
club-season 2000–01,2000–01 Derby County F.C. season,1356469080,2000-11-13,Brian O'Neil,VfL Wolfsburg,VfL Wolfsburg,,,Derby County F.C.,derby_county,Swap,no,,,
club-season 2000–01,2000–01 Derby County F.C. season,1356469080,2001-03-01,Þórður Guðjónsson,UD Las Palmas,Las Palmas,,,Derby County F.C.,derby_county,Loan,no,,,
club-season 2000–01,2000–01 Derby County F.C. season,1356469080,2000-05-20,Marc Bridge-Wilkinson,,Derby County F.C.,derby_county,Port Vale F.C.,Port Vale,,Free transfer,no,,,
club-season 2000–01,2000–01 Derby County F.C. season,1356469080,2000-06-06,Richard Knight,,Derby County F.C.,derby_county,Oxford United F.C.,Oxford United,,Free transfer,no,,,
club-season 2000–01,2000–01 Derby County F.C. season,1356469080,2000-06-16,Esteban Fuertes,,Derby County F.C.,derby_county,RC Lens,RC Lens,,"£2,800,000",no,,,
club-season 2000–01,2000–01 Derby County F.C. season,1356469080,2000-07-05,Mikkel Beck,,Derby County F.C.,derby_county,Lille OSC,Lille,,"£500,000",no,,,
club-season 2000–01,2000–01 Derby County F.C. season,1356469080,2000-07-11,Sinclair Le Geyt,,Derby County F.C.,derby_county,Port Vale F.C.,Port Vale,,Free transfer,no,,,
club-season 2000–01,2000–01 Derby County F.C. season,1356469080,2000-07-12,Tony Dorigo,,Derby County F.C.,derby_county,Stoke City F.C.,Stoke City,stoke_city,Free transfer,no,,,
club-season 2000–01,2000–01 Derby County F.C. season,1356469080,2000-08-24,Jacob Laursen,,Derby County F.C.,derby_county,FC Copenhagen,FC Copenhagen,,Free transfer,no,,,
club-season 2000–01,2000–01 Derby County F.C. season,1356469080,2000-11-13,Stefan Schnoor,,Derby County F.C.,derby_county,VfL Wolfsburg,VfL Wolfsburg,,Swap,no,,,
club-season 2000–01,2000–01 Derby County F.C. season,1356469080,2001-01-19,Dean Sturridge,,Derby County F.C.,derby_county,Leicester City F.C.,Leicester City,leicester_city,"£350,000",no,,,
club-season 2000–01,2000–01 Derby County F.C. season,1356469080,2001-01-23,Lars Bohinen,,Derby County F.C.,derby_county,Lyngby Boldklub,Lyngby Boldklub,,Free transfer,no,,,
club-season 2000–01,2000–01 Everton F.C. season,1356469148,2000-06-30,Alessandro Pistone,Newcastle United F.C.,Newcastle United,newcastle_united,,Everton F.C.,everton,"£3,000,000",no,https://news.bbc.co.uk/1/hi/sport/football/813978.stm,BBC News,30 June 2000
club-season 2000–01,2000–01 Everton F.C. season,1356469148,2000-07-01,Andy Pettinger,Scunthorpe United F.C.,Scunthorpe United,,,Everton F.C.,everton,"£45,000",no,,,
club-season 2000–01,2000–01 Everton F.C. season,1356469148,2000-07-04,Steve Watson,Aston Villa F.C.,Aston Villa,aston_villa,,Everton F.C.,everton,"£2,500,000",no,https://news.bbc.co.uk/sport1/hi/football/teams/e/everton/818680.stm,BBC Sport,4 July 2000
club-season 2000–01,2000–01 Everton F.C. season,1356469148,2000-07-13,Alex Nyarko,RC Lens,RC Lens,,,Everton F.C.,everton,"£4,500,000",no,https://news.bbc.co.uk/sport2/hi/football/teams/e/everton/832040.stm,BBC Sport,13 July 2000
club-season 2000–01,2000–01 Everton F.C. season,1356469148,2000-07-17,Paul Gascoigne,Middlesbrough F.C.,Middlesbrough,middlesbrough,,Everton F.C.,everton,Free transfer,no,https://news.bbc.co.uk/sport2/hi/football/teams/e/everton/837023.stm,BBC Sport,17 July 2000
club-season 2000–01,2000–01 Everton F.C. season,1356469148,2000-07-19,Niclas Alexandersson,Sheffield Wednesday F.C.,Sheffield Wednesday,sheffield_wednesday,,Everton F.C.,everton,"£2,500,000",no,https://news.bbc.co.uk/sport2/hi/football/teams/e/everton/839581.stm,BBC Sport,19 July 2000
club-season 2000–01,2000–01 Everton F.C. season,1356469148,2000-07-24,Thomas Gravesen,Hamburger SV,Hamburg,,,Everton F.C.,everton,"£2,500,000",no,https://news.bbc.co.uk/sport2/hi/football/teams/e/everton/843612.stm,BBC Sport,20 July 2000
club-season 2000–01,2000–01 Everton F.C. season,1356469148,2000-08-17,Duncan Ferguson,Newcastle United F.C.,Newcastle United,newcastle_united,,Everton F.C.,everton,"£3,750,000",no,https://news.bbc.co.uk/sport2/hi/football/teams/e/everton/884163.stm,BBC Sport,17 August 2000
club-season 2000–01,2000–01 Everton F.C. season,1356469148,2000-10-17,Gary Naysmith,Heart of Midlothian F.C.,Hearts,,,Everton F.C.,everton,"£1,500,000",no,https://news.bbc.co.uk/sport2/hi/football/teams/e/everton/976335.stm,BBC Sport,17 October 2000
club-season 2000–01,2000–01 Everton F.C. season,1356469148,2000-10-17,Idan Tal,Maccabi Petah Tikva F.C.,Maccabi Petah Tikva,,,Everton F.C.,everton,"£700,000",no,https://news.bbc.co.uk/sport2/hi/football/teams/e/everton/976919.stm,BBC Sport,17 October 2000
club-season 2000–01,2000–01 Everton F.C. season,1356469148,2000-06-09,Dean Delany,,Everton F.C.,everton,Port Vale F.C.,Port Vale,,Free transfer,no,,,
club-season 2000–01,2000–01 Everton F.C. season,1356469148,2000-06-15,Carl Regan,,Everton F.C.,everton,Barnsley F.C.,Barnsley,barnsley,Free transfer,no,,,
club-season 2000–01,2000–01 Everton F.C. season,1356469148,2000-07-13,Mitch Ward,,Everton F.C.,everton,Barnsley F.C.,Barnsley,barnsley,"£200,000",no,,,
club-season 2000–01,2000–01 Everton F.C. season,1356469148,2000-07-14,Don Hutchison,,Everton F.C.,everton,Sunderland A.F.C.,Sunderland,sunderland,"£2,500,000",no,,,
club-season 2000–01,2000–01 Everton F.C. season,1356469148,2000-07-14,John Collins,,Everton F.C.,everton,Fulham F.C.,Fulham,fulham,"£2,000,000",no,,,
club-season 2000–01,2000–01 Everton F.C. season,1356469148,2000-07-18,Nick Barmby,,Everton F.C.,everton,Liverpool F.C.,Liverpool,liverpool,"£6,000,000",no,https://news.bbc.co.uk/sport2/hi/football/teams/l/liverpool/834045.stm,BBC Sport,14 July 2000
club-season 2000–01,2000–01 Everton F.C. season,1356469148,2000-10-16,Richard Dunne,,Everton F.C.,everton,Manchester City F.C.,Manchester City,manchester_city,"£3,000,000",no,https://news.bbc.co.uk/sport1/hi/northern_ireland/975283.stm,BBC Sport,16 October 2000
club-season 2000–01,2000–01 Everton F.C. season,1356469148,2000-10-24,Mark Hughes,,Everton F.C.,everton,Blackburn Rovers F.C.,Blackburn Rovers,blackburn_rovers,Free transfer,no,https://news.bbc.co.uk/sport2/hi/wales/988079.stm,BBC Sport,24 October 2000
club-season 2000–01,2000–01 Everton F.C. season,1356469148,2001-03-21,Jamie Milligan,,Everton F.C.,everton,Blackpool F.C.,Blackpool,blackpool,Free transfer,no,,,
club-season 2000–01,2000–01 Ipswich Town F.C. season,1367996303,2000-06-23,Martijn Reuser,AFC Ajax,Ajax,,,Ipswich Town F.C.,ipswich_town,"£1,000,000",no,https://news.bbc.co.uk/1/hi/sport/football/fa_carling_premiership/803050.stm,BBC Sport,23 June 2000
club-season 2000–01,2000–01 Ipswich Town F.C. season,1367996303,2000-07-05,John Scales,Tottenham Hotspur F.C.,Tottenham Hotspur,tottenham_hotspur,,Ipswich Town F.C.,ipswich_town,Free transfer,no,https://news.bbc.co.uk/sport1/hi/football/teams/i/ipswich_town/820895.stm,BBC Sport,5 July 2000
club-season 2000–01,2000–01 Ipswich Town F.C. season,1367996303,2000-07-08,Nabil Abidallah,AFC Ajax,Ajax,,,Ipswich Town F.C.,ipswich_town,Free transfer,no,https://news.bbc.co.uk/sport2/hi/football/teams/i/ipswich_town/825088.stm,BBC News,8 July 2000
club-season 2000–01,2000–01 Ipswich Town F.C. season,1367996303,2000-07-08,Guillermo Graaven,AFC Ajax,Ajax,,,Ipswich Town F.C.,ipswich_town,Free transfer,no,https://news.bbc.co.uk/sport2/hi/football/teams/i/ipswich_town/825088.stm,BBC News,8 July 2000
club-season 2000–01,2000–01 Ipswich Town F.C. season,1367996303,2000-08-18,Hermann Hreiðarsson,Wimbledon F.C.,Wimbledon,wimbledon_fc,,Ipswich Town F.C.,ipswich_town,"£4,000,000",no,https://news.bbc.co.uk/sport2/hi/football/teams/i/ipswich_town/885695.stm,BBC Sport,18 August 2000
club-season 2000–01,2000–01 Ipswich Town F.C. season,1367996303,2000-09-18,Amir Karić,NK Maribor,NK Maribor,,,Ipswich Town F.C.,ipswich_town,"£700,000",no,https://news.bbc.co.uk/sport2/hi/football/teams/i/ipswich_town/931049.stm,BBC Sport,18 September 2000
club-season 2000–01,2000–01 Ipswich Town F.C. season,1367996303,2000-12-07,Alun Armstrong,Middlesbrough F.C.,Middlesbrough,middlesbrough,,Ipswich Town F.C.,ipswich_town,"£500,000",no,https://news.bbc.co.uk/sport2/hi/football/teams/m/middlesbrough/1059661.stm,BBC Sport,7 December 2000
club-season 2000–01,2000–01 Ipswich Town F.C. season,1367996303,2001-03-07,Chris Makin,Sunderland A.F.C.,Sunderland,sunderland,,Ipswich Town F.C.,ipswich_town,"£1,250,000",no,https://news.bbc.co.uk/sport2/hi/football/teams/i/ipswich_town/1205564.stm,BBC Sport,7 March 2001
club-season 2000–01,2000–01 Ipswich Town F.C. season,1367996303,2000-06-01,Marco Holster,,Ipswich Town F.C.,ipswich_town,Go Ahead Eagles,Go Ahead Eagles,,Free transfer,no,https://www.twtd.co.uk/ipswich-town-news/347/holster-joins-the-eagles,TWTD,26 April 2000
club-season 2000–01,2000–01 Ipswich Town F.C. season,1367996303,2000-07-01,John Kennedy,,Ipswich Town F.C.,ipswich_town,Free agent,Free agent,,Released,no,https://www.twtd.co.uk/ipswich-town-news/323/kennedy-out,TWTD,31 March 2000
club-season 2000–01,2000–01 Ipswich Town F.C. season,1367996303,2000-07-23,Mick Stockwell,,Ipswich Town F.C.,ipswich_town,Colchester United F.C.,Colchester United,,Free transfer,no,https://www.twtd.co.uk/ipswich-town-news/389/stockwell-off,TWTD,1 June 2000
club-season 2000–01,2000–01 Ipswich Town F.C. season,1367996303,2000-08-22,Jonas Axeldal,,Ipswich Town F.C.,ipswich_town,Cambridge United F.C.,Cambridge United,,Free transfer,no,https://www.twtd.co.uk/ipswich-town-news/391/axeldal-released,TWTD,1 June 2000
club-season 2000–01,2000–01 Ipswich Town F.C. season,1367996303,2000-09-29,Stuart Niven,,Ipswich Town F.C.,ipswich_town,Barnet F.C.,Barnet,,Free transfer,no,https://www.twtd.co.uk/ipswich-town-news/1197/midgley-leaves,TWTD,22 March 2001
club-season 2000–01,2000–01 Ipswich Town F.C. season,1367996303,2001-01-04,Jean-Manuel Thetis,,Ipswich Town F.C.,ipswich_town,Free agent,Free agent,,Mutual consent,no,https://www.twtd.co.uk/ipswich-town-news/899/manu-released,TWTD,4 January 2001
club-season 2000–01,2000–01 Ipswich Town F.C. season,1367996303,2001-01-12,David Johnson,,Ipswich Town F.C.,ipswich_town,Nottingham Forest F.C.,Nottingham Forest,nottingham_forest,"£3,500,000",no,https://news.bbc.co.uk/sport2/hi/football/teams/n/nottm_forest/1112136.stm,BBC Sport,12 January 2001
club-season 2000–01,2000–01 Ipswich Town F.C. season,1367996303,2001-03-22,Neil Midgley,,Ipswich Town F.C.,ipswich_town,Barnet F.C.,Barnet,,Free transfer,no,https://www.twtd.co.uk/ipswich-town-news/1197/midgley-leaves,TWTD,22 March 2001
club-season 2000–01,2000–01 Leicester City F.C. season,1374669572,2000-06-01,Theodoros Zagorakis,,Leicester City F.C.,leicester_city,AEK Athens F.C.,AEK Athens,,Free transfer,no,,,
club-season 2000–01,2000–01 Leicester City F.C. season,1374669572,2000-07-01,Pegguy Arphexad,,Leicester City F.C.,leicester_city,Liverpool F.C.,Liverpool,liverpool,Free transfer,no,,,
club-season 2000–01,2000–01 Leicester City F.C. season,1374669572,2000-08-01,Ian Marshall,,Leicester City F.C.,leicester_city,Bolton Wanderers F.C.,Bolton Wanderers,bolton_wanderers,Free transfer,no,,,
club-season 2000–01,2000–01 Leicester City F.C. season,1374669572,2000-08-10,Graham Fenton,,Leicester City F.C.,leicester_city,Stoke City F.C.,Stoke City,stoke_city,Monthly,no,https://news.bbc.co.uk/sport2/hi/football/teams/s/stoke_city/874202.stm,BBC Sport,10 August 2000
club-season 2000–01,2000–01 Leicester City F.C. season,1374669572,2000-09-10,Tony Cottee,,Leicester City F.C.,leicester_city,Norwich City F.C.,Norwich City,norwich_city,Free transfer,no,https://news.bbc.co.uk/sport2/hi/football/teams/n/norwich/919040.stm,BBC Sport,10 September 2000
club-season 2000–01,2000–01 Leicester City F.C. season,1374669572,2000-09-15,Steve Walsh,,Leicester City F.C.,leicester_city,Norwich City F.C.,Norwich City,norwich_city,Signed,no,https://news.bbc.co.uk/sport2/hi/football/teams/n/norwich/926666.stm,BBC Sport,15 September 2000
club-season 2000–01,2000–01 Leicester City F.C. season,1374669572,2000-10-26,Stan Collymore,,Leicester City F.C.,leicester_city,Bradford City A.F.C.,Bradford City,bradford_city,Free transfer,no,https://news.bbc.co.uk/sport2/hi/football/teams/b/bradford_city/991922.stm,BBC Sport,26 October 2000
club-season 2000–01,2000–01 Leicester City F.C. season,1374669572,2000-12-08,Neil Lennon,,Leicester City F.C.,leicester_city,Celtic F.C.,Celtic,,"£5,750,000",no,https://www.telegraph.co.uk/sport/football/competitions/scottish-premier/2994143/Lennon-realises-dream-to-join-his-idols-Celtic.html,www.telegraph.co.uk,2000-12-07
club-season 2000–01,2000–01 Leicester City F.C. season,1374669572,2000-12-22,Stuart Wilson,,Leicester City F.C.,leicester_city,Cambridge United F.C.,Cambridge United,,Free transfer,no,,,
club-season 2000–01,2000–01 Leicester City F.C. season,1374669572,2001-03-23,Phil Gilchrist,,Leicester City F.C.,leicester_city,West Bromwich Albion F.C.,West Bromwich Albion,west_brom,"£500,000",no,https://news.bbc.co.uk/sport2/hi/football/teams/w/west_bromwich_albion/1236395.stm,BBC Sport,23 March 2001
club-season 2000–01,2000–01 Manchester United F.C. season,1366449772,2000-07-05,Danny Higginbotham,,Manchester United F.C.,manchester_united,Derby County F.C.,Derby County,derby_county,£2m,no,http://news.bbc.co.uk/sport2/hi/football/teams/m/man_utd/820824.stm,BBC,5 July 2000
club-season 2000–01,2000–01 Manchester United F.C. season,1366449772,2000-07-08,Massimo Taibi,,Manchester United F.C.,manchester_united,Reggina Calcio,Reggina,,£2.5m,no,http://news.bbc.co.uk/sport2/hi/football/teams/m/man_utd/824566.stm,BBC,8 July 2000
club-season 2000–01,2000–01 Manchester United F.C. season,1366449772,2000-07-10,Jordi Cruyff,,Manchester United F.C.,manchester_united,Deportivo Alavés,Alavés,,Free,no,http://news.bbc.co.uk/sport2/hi/football/teams/m/man_utd/825098.stm,BBC,10 July 2000
club-season 2000–01,2000–01 Manchester United F.C. season,1366449772,2000-11-28,Alex Notman,,Manchester United F.C.,manchester_united,Norwich City F.C.,Norwich City,norwich_city,£250k,no,http://news.bbc.co.uk/sport2/hi/football/teams/n/norwich/1045463.stm,BBC,28 November 2000
club-season 2000–01,2000–01 Manchester United F.C. season,1366449772,2000-12-15,Henning Berg,,Manchester United F.C.,manchester_united,Blackburn Rovers F.C.,Blackburn Rovers,blackburn_rovers,£1.75m,no,http://news.bbc.co.uk/sport2/hi/football/teams/b/blackburn_rovers/1072157.stm,BBC,15 December 2000
club-season 2000–01,2000–01 Manchester United F.C. season,1366449772,2001-01-03,David Healy,,Manchester United F.C.,manchester_united,Preston North End F.C.,Preston North End,,£1.5m,no,http://news.bbc.co.uk/sport2/hi/football/teams/m/man_utd/1093869.stm,BBC,30 December 2000
club-season 2000–01,2000–01 Manchester United F.C. season,1366449772,2001-01-18,Mark Bosnich,,Manchester United F.C.,manchester_united,Chelsea F.C.,Chelsea,chelsea,Free,no,http://news.bbc.co.uk/sport2/hi/football/teams/m/man_utd/1124106.stm,BBC,18 January 2001
club-season 2000–01,2000–01 Manchester United F.C. season,1366449772,2001-05-26,Teddy Sheringham,,Manchester United F.C.,manchester_united,Tottenham Hotspur F.C.,Tottenham Hotspur,tottenham_hotspur,Free,no,http://news.bbc.co.uk/sport2/hi/football/teams/t/tottenham_hotspur/1346721.stm,BBC,26 May 2001
club-season 2000–01,2000–01 Manchester United F.C. season,1366449772,2001-03-22,Andy Goram,Motherwell F.C.,Motherwell,,,Manchester United F.C.,manchester_united,Loan £100k,no,http://news.bbc.co.uk/sport2/hi/football/teams/m/man_utd/1232453.stm,BBC,22 March 2001
club-season 2000–01,2000–01 Middlesbrough F.C. season,1356469324,2000-07-05,Christian Karembeu,Real Madrid C.F.,Real Madrid,,,Middlesbrough F.C.,middlesbrough,"£2,100,000",no,https://news.bbc.co.uk/sport1/hi/football/teams/m/middlesbrough/820738.stm,BBC News,5 July 2000
club-season 2000–01,2000–01 Middlesbrough F.C. season,1356469324,2000-07-05,Paul Okon,ACF Fiorentina,Fiorentina,,,Middlesbrough F.C.,middlesbrough,Free transfer,no,,,
club-season 2000–01,2000–01 Middlesbrough F.C. season,1356469324,2000-07-18,Mark Crossley,Nottingham Forest F.C.,Nottingham Forest,nottingham_forest,,Middlesbrough F.C.,middlesbrough,Free transfer,no,https://news.bbc.co.uk/sport1/hi/football/teams/m/middlesbrough/840399.stm,BBC Sport,18 July 2000
club-season 2000–01,2000–01 Middlesbrough F.C. season,1356469324,2000-07-31,Noel Whelan,Coventry City F.C.,Coventry City,coventry_city,,Middlesbrough F.C.,middlesbrough,"£2,000,000",no,https://news.bbc.co.uk/sport2/hi/football/teams/m/middlesbrough/859609.stm,BBC Sport,31 July 2000
club-season 2000–01,2000–01 Middlesbrough F.C. season,1356469324,2000-07-31,Joseph-Désiré Job,RC Lens,RC Lens,,,Middlesbrough F.C.,middlesbrough,"£3,000,000",no,,,
club-season 2000–01,2000–01 Middlesbrough F.C. season,1356469324,2000-08-07,Alen Bokšić,S.S. Lazio,Lazio,,,Middlesbrough F.C.,middlesbrough,"£2,500,000",no,https://news.bbc.co.uk/sport2/hi/football/teams/m/middlesbrough/870175.stm,BBC Sport,7 August 2000
club-season 2000–01,2000–01 Middlesbrough F.C. season,1356469324,2000-10-20,Ugo Ehiogu,Aston Villa F.C.,Aston Villa,aston_villa,,Middlesbrough F.C.,middlesbrough,"£8,000,000",no,https://news.bbc.co.uk/sport2/hi/football/teams/m/middlesbrough/978031.stm,BBC Sport,20 October 2000
club-season 2000–01,2000–01 Middlesbrough F.C. season,1356469324,2001-03-08,Dean Windass,Bradford City A.F.C.,Bradford City,bradford_city,,Middlesbrough F.C.,middlesbrough,"£600,000",no,,,
club-season 2000–01,2000–01 Middlesbrough F.C. season,1356469324,2000-07-13,Ben Roberts,,Middlesbrough F.C.,middlesbrough,Charlton Athletic F.C.,Charlton Athletic,charlton_athletic,Free transfer,no,https://news.bbc.co.uk/sport2/hi/football/teams/c/charlton_athletic/832096.stm,BBC Sport,13 July 2000
club-season 2000–01,2000–01 Middlesbrough F.C. season,1356469324,2000-07-17,Paul Gascoigne,,Middlesbrough F.C.,middlesbrough,Everton F.C.,Everton,everton,Free transfer,no,https://news.bbc.co.uk/sport2/hi/football/teams/e/everton/837023.stm,BBC Sport,17 July 2000
club-season 2000–01,2000–01 Middlesbrough F.C. season,1356469324,2000-08-25,Christian Ziege,,Middlesbrough F.C.,middlesbrough,Liverpool F.C.,Liverpool,liverpool,"£5,500,000",no,https://news.bbc.co.uk/sport2/hi/football/teams/l/liverpool/895249.stm,BBC Sport,25 August 2000
club-season 2000–01,2000–01 Middlesbrough F.C. season,1356469324,2000-09-01,Craig Harrison,,Middlesbrough F.C.,middlesbrough,Crystal Palace F.C.,Crystal Palace,crystal_palace,"£200,000",no,,,
club-season 2000–01,2000–01 Middlesbrough F.C. season,1356469324,2000-12-07,Alun Armstrong,,Middlesbrough F.C.,middlesbrough,Ipswich Town F.C.,Ipswich Town,ipswich_town,"£500,000",no,https://news.bbc.co.uk/sport2/hi/football/teams/m/middlesbrough/1059661.stm,BBC Sport,7 December 2000
club-season 2000–01,2000–01 Middlesbrough F.C. season,1356469324,2001-03-09,Richard Kell,,Middlesbrough F.C.,middlesbrough,Torquay United F.C.,Torquay United,,Free transfer,no,,,
club-season 2000–01,2000–01 Newcastle United F.C. season,1374735262,2000-06-01,Christian Bassedas,Club Atlético Vélez Sársfield,Vélez Sársfield,,,Newcastle United F.C.,newcastle_united,"£3,500,000",no,https://news.bbc.co.uk/2/hi/sport/football/772566.stm,BBC News,1 June 2000
club-season 2000–01,2000–01 Newcastle United F.C. season,1374735262,2000-06-26,Daniel Cordone,Racing Club de Avellaneda,Racing Club,,,Newcastle United F.C.,newcastle_united,"£500,000 (loan)",no,https://news.bbc.co.uk/2/hi/sport/football/806598.stm,BBC News,26 June 2000
club-season 2000–01,2000–01 Newcastle United F.C. season,1374735262,2000-07-05,Carl Cort,Wimbledon F.C.,Wimbledon,wimbledon_fc,,Newcastle United F.C.,newcastle_united,"£7,000,000",no,https://news.bbc.co.uk/2/hi/sport/football/fa_carling_premiership/821026.stm,BBC News,5 July 2000
club-season 2000–01,2000–01 Newcastle United F.C. season,1374735262,2000-08,Ryan McGuffie,Annan Athletic,Annan Athletic,,,Newcastle United F.C.,newcastle_united,Nominal fee,no,,,
club-season 2000–01,2000–01 Newcastle United F.C. season,1374735262,2000-09,Olivier Bernard,Olympique Lyonnais,Lyon,,,Newcastle United F.C.,newcastle_united,Free,no,,,
club-season 2000–01,2000–01 Newcastle United F.C. season,1374735262,2000-09,Lomana LuaLua,Colchester United F.C.,Colchester United,,,Newcastle United F.C.,newcastle_united,"£2,200,000",no,,,
club-season 2000–01,2000–01 Newcastle United F.C. season,1374735262,2000-10,Clarence Acuña,C.F. Universidad de Chile,Universidad de Chile,,,Newcastle United F.C.,newcastle_united,"£1,000,000",no,,,
club-season 2000–01,2000–01 Newcastle United F.C. season,1374735262,2001-02,Wayne Quinn,Sheffield United F.C.,Sheffield United,sheffield_united,,Newcastle United F.C.,newcastle_united,"£1,000,000",no,https://news.bbc.co.uk/sport1/hi/football/teams/n/newcastle_united/1166848.stm,BBC News,12 February 2001
club-season 2000–01,2000–01 Newcastle United F.C. season,1374735262,2001-03,Andy O'Brien,Bradford City A.F.C.,Bradford City,bradford_city,,Newcastle United F.C.,newcastle_united,"£2,000,000",no,https://news.bbc.co.uk/sport2/hi/football/teams/n/newcastle_united/1229323.stm,BBC News,19 March 2001
club-season 2000–01,2000–01 Newcastle United F.C. season,1374735262,2000-06,Fumaça,,Newcastle United F.C.,newcastle_united,,Unattched,,Free,no,,,
club-season 2000–01,2000–01 Newcastle United F.C. season,1374735262,2000-06-30,Alessandro Pistone,,Newcastle United F.C.,newcastle_united,Everton F.C.,Everton,everton,"£3,000,000",no,https://news.bbc.co.uk/sport2/hi/football/teams/e/everton/813978.stm,BBC News,30 June 2000
club-season 2000–01,2000–01 Newcastle United F.C. season,1374735262,2000-07-21,Stuart Elliott,,Newcastle United F.C.,newcastle_united,Darlington F.C.,Darlington,,Free,no,https://news.bbc.co.uk/sport2/hi/football/teams/d/darlington/842702.stm,BBC News,21 July 2000
club-season 2000–01,2000–01 Newcastle United F.C. season,1374735262,2000-07-21,Silvio Marić,,Newcastle United F.C.,newcastle_united,F.C. Porto,Porto,,"£2,000,000",no,https://news.bbc.co.uk/sport2/hi/football/teams/n/newcastle_united/835244.stm,BBC News,21 July 2000
club-season 2000–01,2000–01 Newcastle United F.C. season,1374735262,2000-07,Paul Robinson,,Newcastle United F.C.,newcastle_united,Wimbledon F.C.,Wimbledon,wimbledon_fc,"£1,500,000",no,,,
club-season 2000–01,2000–01 Newcastle United F.C. season,1374735262,2000-07,Lionel Perez,,Newcastle United F.C.,newcastle_united,Cambridge United F.C.,Cambridge United,,Free,no,,,
club-season 2000–01,2000–01 Newcastle United F.C. season,1374735262,2000-08,Temur Ketsbaia,,Newcastle United F.C.,newcastle_united,Wolverhampton Wanderers F.C.,Wolverhampton Wanderers,wolves,"£900,000",no,,,
club-season 2000–01,2000–01 Newcastle United F.C. season,1374735262,2000-08,Steve Howey,,Newcastle United F.C.,newcastle_united,Manchester City F.C.,Manchester City,manchester_city,"£3,000,000",no,,,
club-season 2000–01,2000–01 Newcastle United F.C. season,1374735262,2000-08,Duncan Ferguson,,Newcastle United F.C.,newcastle_united,Everton F.C.,Everton,everton,"£4,000,000",no,,,
club-season 2000–01,2000–01 Newcastle United F.C. season,1374735262,2000-10,Laurent Charvet,,Newcastle United F.C.,newcastle_united,Manchester City F.C.,Manchester City,manchester_city,"£1,500,000",no,,,
club-season 2000–01,2000–01 Newcastle United F.C. season,1374735262,2001-01,Didier Domi,,Newcastle United F.C.,newcastle_united,Paris Saint-Germain F.C.,Paris Saint-Germain,,"£3,000,000",no,,,
club-season 2000–01,2000–01 Newcastle United F.C. season,1374735262,2001-03,Alain Goma,,Newcastle United F.C.,newcastle_united,Fulham F.C.,Fulham,fulham,"£3,500,000",no,,,
club-season 2000–01,2000–01 Southampton F.C. season,1356469457,,,,3 July 2000,,,Southampton F.C.,southampton,,no,https://www.saintsplayers.co.uk/player/uwe-rosler/,SaintsPlayers.co.uk,
club-season 2000–01,2000–01 Southampton F.C. season,1356469457,,,,5 July 2000,,,Southampton F.C.,southampton,,no,https://www.dailyecho.co.uk/news/5628164.hoddle-signs-young-french-starlet-tano/,Southern Daily Echo,5 July 2000
club-season 2000–01,2000–01 Southampton F.C. season,1356469457,,,,17 July 2000,,,Southampton F.C.,southampton,,no,https://www.saintsplayers.co.uk/player/mark-draper/,SaintsPlayers.co.uk,
club-season 2000–01,2000–01 Southampton F.C. season,1356469457,,,,1 September 2000,,,Southampton F.C.,southampton,,no,https://www.soccerbase.com/players/player.sd?player_id=23968,Soccerbase,
club-season 2000–01,2000–01 Southampton F.C. season,1356469457,,,,12 January 2001,,,Southampton F.C.,southampton,,no,https://www.saintsplayers.co.uk/player/dan-petrescu/,SaintsPlayers.co.uk,
club-season 2000–01,2000–01 Southampton F.C. season,1356469457,,,,Southampton F.C.,southampton,,22 August 2000,,,no,https://www.saintsplayers.co.uk/player/shayne-bradley/,SaintsPlayers.co.uk,
club-season 2000–01,2000–01 Southampton F.C. season,1356469457,,,,Southampton F.C.,southampton,,November 2000,,,no,https://www.saintsplayers.co.uk/player/patrick-colleter/,SaintsPlayers.co.uk,
club-season 2000–01,2000–01 Southampton F.C. season,1356469457,,,,Southampton F.C.,southampton,,4 December 2000,,,no,,,
club-season 2000–01,2000–01 Southampton F.C. season,1356469457,,,,Southampton F.C.,southampton,,2 February 2001,,,no,https://www.saintsplayers.co.uk/player/richard-dryden/,SaintsPlayers.co.uk,
club-season 2000–01,2000–01 Southampton F.C. season,1356469457,,,,Southampton F.C.,southampton,,2 March 2001,,,no,https://www.soccerbase.com/players/player.sd?player_id=24297,Soccerbase,
club-season 2000–01,2000–01 Southampton F.C. season,1356469457,,,,Southampton F.C.,southampton,,22 March 2001,,,no,https://www.saintsplayers.co.uk/player/trond-solvedt/,SaintsPlayers.co.uk,
club-season 2000–01,2000–01 Sunderland A.F.C. season,1368006257,2000-07-14,Tom Peeters,KV Mechelen,KV Mechelen,,,Sunderland A.F.C.,sunderland,"£250,000",no,,,
club-season 2000–01,2000–01 Sunderland A.F.C. season,1368006257,2000-07-14,Jurgen Macho,First Vienna FC,First Vienna,,,Sunderland A.F.C.,sunderland,Free,no,,,
club-season 2000–01,2000–01 Sunderland A.F.C. season,1368006257,2000-07-14,Don Hutchison,Everton F.C.,Everton,everton,,Sunderland A.F.C.,sunderland,"£2,500,000",no,,,
club-season 2000–01,2000–01 Sunderland A.F.C. season,1368006257,2000-07-25,Julio Arca,Argentinos Juniors,Argentinos Juniors,,,Sunderland A.F.C.,sunderland,"£3,500,000",no,,,
club-season 2000–01,2000–01 Sunderland A.F.C. season,1368006257,2000-07-27,Stanislav Varga,ŠK Slovan Bratislava,Slovan Bratislava,,,Sunderland A.F.C.,sunderland,"£875,000",no,,,
club-season 2000–01,2000–01 Sunderland A.F.C. season,1368006257,2000-08-31,Emerson Thome,Chelsea F.C.,Chelsea,chelsea,,Sunderland A.F.C.,sunderland,"£4,500,000",no,,,
club-season 2000–01,2000–01 Sunderland A.F.C. season,1368006257,2001-03-07,Patrice Carteron,AS Saint-Étienne,Saint-Étienne,,,Sunderland A.F.C.,sunderland,Season-long loan,no,,,
club-season 2000–01,2000–01 Sunderland A.F.C. season,1368006257,2000-06-01,Thomas Helmer,,Sunderland A.F.C.,sunderland,,Retired,,Retired,no,,,
club-season 2000–01,2000–01 Sunderland A.F.C. season,1368006257,2000-06-01,Darren Holloway,,Sunderland A.F.C.,sunderland,Wimbledon F.C.,Wimbledon,wimbledon_fc,"£1,200,000",no,,,
club-season 2000–01,2000–01 Sunderland A.F.C. season,1368006257,2000-08-11,Michael Ingham,,Sunderland A.F.C.,sunderland,Cliftonville F.C.,Cliftonville,,Loan,no,,,
club-season 2000–01,2000–01 Sunderland A.F.C. season,1368006257,2000-09-01,Steve Bould,,Sunderland A.F.C.,sunderland,,Retired,,Retired,no,,,
club-season 2000–01,2000–01 Sunderland A.F.C. season,1368006257,2001-01-01,Éric Roy,,Sunderland A.F.C.,sunderland,Troyes AC,Troyes,,Free,no,,,
club-season 2000–01,2000–01 Sunderland A.F.C. season,1368006257,2001-01-04,Nicky Summerbee,,Sunderland A.F.C.,sunderland,Bolton Wanderers F.C.,Bolton Wanderers,bolton_wanderers,Free,no,,,
club-season 2000–01,2000–01 Sunderland A.F.C. season,1368006257,2001-01-31,Paul Butler,,Sunderland A.F.C.,sunderland,Wolverhampton Wanderers F.C.,Wolverhampton Wanderers,wolves,"£1,000,000",no,,,
club-season 2000–01,2000–01 Sunderland A.F.C. season,1368006257,2001-03-07,Chris Makin,,Sunderland A.F.C.,sunderland,Ipswich Town F.C.,Ipswich Town,ipswich_town,"£1,250,000",no,,,
club-season 2000–01,2000–01 West Ham United F.C. season,1369956168,2000-06-22,Nigel Winterburn,Arsenal F.C.,Arsenal,arsenal,,West Ham United F.C.,west_ham,Signed,no,https://news.bbc.co.uk/2/hi/sport/football/fa_carling_premiership/801598.stm,BBC News,22 June 2000
club-season 2000–01,2000–01 West Ham United F.C. season,1369956168,2000-06-28,Davor Šuker,Arsenal F.C.,Arsenal,arsenal,,West Ham United F.C.,west_ham,Free transfer,no,https://news.bbc.co.uk/sport1/hi/football/teams/w/west_ham_utd/810508.stm,BBC Sport,28 June 2000
club-season 2000–01,2000–01 West Ham United F.C. season,1369956168,2000-11-28,Rigobert Song,Liverpool F.C.,Liverpool,liverpool,,West Ham United F.C.,west_ham,"£2,500,000",no,https://news.bbc.co.uk/sport2/hi/football/teams/w/west_ham_utd/1036838.stm,BBC Sport,28 November 2000
club-season 2000–01,2000–01 West Ham United F.C. season,1369956168,2000-12-21,Titi Camara,Liverpool F.C.,Liverpool,liverpool,,West Ham United F.C.,west_ham,"£1,500,000",no,https://news.bbc.co.uk/sport2/hi/football/teams/w/west_ham_utd/1073522.stm,BBC Sport,21 December 2000
club-season 2000–01,2000–01 West Ham United F.C. season,1369956168,2001-01-17,Ragnvald Soma,Bryne FK,Bryne FK,,,West Ham United F.C.,west_ham,"£800,000",no,https://news.bbc.co.uk/sport2/hi/football/teams/w/west_ham_utd/1122655.stm,BBC Sport,17 January 2001
club-season 2000–01,2000–01 West Ham United F.C. season,1369956168,2001-01-18,Christian Dailly,Blackburn Rovers F.C.,Blackburn Rovers,blackburn_rovers,,West Ham United F.C.,west_ham,"£1,750,000",no,https://news.bbc.co.uk/sport1/hi/football/teams/w/west_ham_utd/1120082.stm,BBC Sport,16 January 2001
club-season 2000–01,2000–01 West Ham United F.C. season,1369956168,2001-01-22,Svetoslav Todorov,PFC Litex Lovech,PFC Litex Lovech,,,West Ham United F.C.,west_ham,"£500,000",no,https://news.bbc.co.uk/sport1/hi/football/teams/w/west_ham_utd/1130932.stm,BBC Sport,22 January 2001
club-season 2000–01,2000–01 West Ham United F.C. season,1369956168,2001-03-14,Hayden Foxe,Sanfrecce Hiroshima,Sanfrecce Hiroshima,,,West Ham United F.C.,west_ham,Free transfer,no,https://news.bbc.co.uk/sport2/hi/football/eng_prem/1219797.stm,BBC Sport,14 March 2001
club-season 2000–01,2000–01 West Ham United F.C. season,1369956168,2000-06-02,Stephen Purches,,West Ham United F.C.,west_ham,A.F.C. Bournemouth,Bournemouth,bournemouth,Free transfer,no,,,
club-season 2000–01,2000–01 West Ham United F.C. season,1369956168,2000-06-23,Emmanuel Omoyinmi,,West Ham United F.C.,west_ham,Oxford United F.C.,Oxford United,,Free transfer,no,,,
club-season 2000–01,2000–01 West Ham United F.C. season,1369956168,2000-06-23,Ian Feuer,,West Ham United F.C.,west_ham,Wimbledon F.C.,Wimbledon,wimbledon_fc,Free transfer,no,,,
club-season 2000–01,2000–01 West Ham United F.C. season,1369956168,2000-07-27,Neil Ruddock,,West Ham United F.C.,west_ham,Crystal Palace F.C.,Crystal Palace,crystal_palace,Signed,no,https://news.bbc.co.uk/sport2/hi/football/eng_div_1/854608.stm,BBC Sport,27 July 2000
club-season 2000–01,2000–01 West Ham United F.C. season,1369956168,2000-08-07,Gary Alexander,,West Ham United F.C.,west_ham,Swindon Town F.C.,Swindon Town,swindon_town,"£200,000",no,,,
club-season 2000–01,2000–01 West Ham United F.C. season,1369956168,2000-08-08,Paulo Wanchope,,West Ham United F.C.,west_ham,Manchester City F.C.,Manchester City,manchester_city,"£3,650,000",no,https://news.bbc.co.uk/sport1/hi/football/teams/m/man_city/867912.stm,BBC Sport,8 August 2000
club-season 2000–01,2000–01 West Ham United F.C. season,1369956168,2000-11-25,Rio Ferdinand,,West Ham United F.C.,west_ham,Leeds United A.F.C.,Leeds United,leeds_united,"£18,000,000",no,https://news.bbc.co.uk/sport1/hi/football/teams/l/leeds_united/1040833.stm,BBC Sport,25 November 2000
club-season 2000–01,2000–01 West Ham United F.C. season,1369956168,2000-11-29,Daniel Sjölund,,West Ham United F.C.,west_ham,Liverpool F.C.,Liverpool,liverpool,"£1,000,000",no,https://news.bbc.co.uk/sport1/hi/football/teams/l/liverpool/1047409.stm,BBC Sport,29 November 2000
club-season 2000–01,2000–01 West Ham United F.C. season,1369956168,2001-03-22,Tom Williams,,West Ham United F.C.,west_ham,Peterborough United F.C.,Peterborough United,,Free transfer,no,,,
club-season 2000–01,2000–01 West Ham United F.C. season,1369956168,2001-03-22,Alex O'Reilly,,West Ham United F.C.,west_ham,Bristol Rovers F.C.,Bristol Rovers,,Monthly,no,,,
club-season 2000–01,2000–01 West Ham United F.C. season,1369956168,2001-05-10,Jimmy Bullard,,West Ham United F.C.,west_ham,Peterborough United F.C.,Peterborough United,,Free transfer,no,,,
club-season 2001–02,2001–02 Arsenal F.C. season,1368121213,,São Paulo,,Undisclosed,,,Arsenal F.C.,arsenal,1 May 2001,no,http://www.soccerbase.com/players/player.sd?player_id=29308,Soccerbase,
club-season 2001–02,2001–02 Arsenal F.C. season,1368121213,,Everton,,"£10,000,000",,,Arsenal F.C.,arsenal,14 June 2001,no,http://news.bbc.co.uk/sport2/hi/football/eng_prem/1369272.stm,British Broadcasting Corporation,14 June 2001
club-season 2001–02,2001–02 Arsenal F.C. season,1368121213,,Rangers,,"£8,500,000",,,Arsenal F.C.,arsenal,19 June 2001,no,http://news.bbc.co.uk/sport2/hi/football/1389615.stm,British Broadcasting Corporation,20 June 2001
club-season 2001–02,2001–02 Arsenal F.C. season,1368121213,,Tottenham Hotspur,,Free transfer,,,Arsenal F.C.,arsenal,3 July 2001,no,http://news.bbc.co.uk/sport2/hi/football/teams/a/arsenal/1420259.stm,BBC,3 July 2001
club-season 2001–02,2001–02 Arsenal F.C. season,1368121213,,Ipswich Town,,"£6,000,000",,,Arsenal F.C.,arsenal,5 July 2001,no,http://news.bbc.co.uk/sport2/hi/football/teams/a/arsenal/1420099.stm,BBC,5 July 2001
club-season 2001–02,2001–02 Arsenal F.C. season,1368121213,,Gamba Osaka,,"£3,500,000",,,Arsenal F.C.,arsenal,23 July 2001,no,http://news.bbc.co.uk/sport2/hi/football/teams/a/arsenal/1454850.stm,BBC,23 July 2001
club-season 2001–02,2001–02 Arsenal F.C. season,1368121213,,Iraklis,,"£1,000,000",,,Arsenal F.C.,arsenal,19 September 2001,no,http://www.soccerbase.com/players/home.sd?search=Efstathios+Tavlaridis&type=playerAll,Soccerbase,
club-season 2001–02,2001–02 Arsenal F.C. season,1368121213,,ASEC Mimosas,,"£150,000",,,Arsenal F.C.,arsenal,14 February 2002,no,,,15 February 2002
club-season 2001–02,2001–02 Arsenal F.C. season,1368121213,,Torquay United,,Arsenal F.C.,arsenal,,Free transfer,,1 June 2001,no,,,18 September 2001
club-season 2001–02,2001–02 Arsenal F.C. season,1368121213,,Retired,,Arsenal F.C.,arsenal,,Free transfer,,1 June 2001,no,http://news.bbc.co.uk/sport1/hi/funny_old_game/1787387.stm,British Broadcasting Corporation,29 January 2002
club-season 2001–02,2001–02 Arsenal F.C. season,1368121213,,Internazionale,,Arsenal F.C.,arsenal,,Free transfer,,12 June 2001,no,http://www.arsenal.co.uk/content/vivas_leaves.htm,Arsenal Football Club,
club-season 2001–02,2001–02 Arsenal F.C. season,1368121213,,Kaiserslautern,,Arsenal F.C.,arsenal,,"£580,000",,24 June 2001,no,,,21 June 2001
club-season 2001–02,2001–02 Arsenal F.C. season,1368121213,,Lorient,,Arsenal F.C.,arsenal,,Free transfer,,25 July 2001,no,https://sport24.lefigaro.fr/football/fiches-joueurs/france/guillaume-norbert,,
club-season 2001–02,2001–02 Arsenal F.C. season,1368121213,,Borussia Dortmund,,Arsenal F.C.,arsenal,,"£194,000",,25 July 2001,no,https://sport24.lefigaro.fr/football/fiches-joueurs/france/guillaume-norbert,,
club-season 2001–02,2001–02 Arsenal F.C. season,1368121213,,Celta Vigo,,Arsenal F.C.,arsenal,,"£5,000,000",,31 August 2001,no,http://news.bbc.co.uk/sport2/hi/football/eng_prem/1369272.stm,BBC,31 August 2001
club-season 2001–02,2001–02 Arsenal F.C. season,1368121213,,Stevenage Borough,,Arsenal F.C.,arsenal,,Free transfer,,1 September 2001,no,,,18 September 2001
club-season 2001–02,2001–02 Aston Villa F.C. season,1358243596,2001-06-20,Hassan Kachloul,Southampton F.C.,Southampton,southampton,,Aston Villa F.C.,aston_villa,Free transfer,no,,,
club-season 2001–02,2001–02 Aston Villa F.C. season,1358243596,2001-07-07,Mustapha Hadji,Coventry City,Coventry City,coventry_city,,Aston Villa F.C.,aston_villa,"£4,500,000",no,,,
club-season 2001–02,2001–02 Aston Villa F.C. season,1358243596,2001-07-12,Peter Schmeichel,Sporting CP,Sporting,,,Aston Villa F.C.,aston_villa,Free transfer,no,,,
club-season 2001–02,2001–02 Aston Villa F.C. season,1358243596,2001-07-19,Olof Mellberg,Racing de Santander,Racing Santander,,,Aston Villa F.C.,aston_villa,"£5,000,000",no,,,
club-season 2001–02,2001–02 Aston Villa F.C. season,1358243596,2001-08-24,Boško Balaban,Dinamo Zagreb,Dinamo Zagreb,,,Aston Villa F.C.,aston_villa,"£5,800,000",no,,,
club-season 2001–02,2001–02 Aston Villa F.C. season,1358243596,2002-03-27,Peter Crouch,Portsmouth F.C.,Portsmouth,portsmouth,,Aston Villa F.C.,aston_villa,"£5,000,000",no,,,
club-season 2001–02,2001–02 Aston Villa F.C. season,1358243596,2001-07-01,David Curtolo,,Aston Villa F.C.,aston_villa,,-,,Released,no,,,
club-season 2001–02,2001–02 Aston Villa F.C. season,1358243596,2001-07-01,Neil Cutler,,Aston Villa F.C.,aston_villa,Stoke City,Stoke City,stoke_city,Free transfer,no,,,
club-season 2001–02,2001–02 Aston Villa F.C. season,1358243596,2001-07-07,Julian Joachim,,Aston Villa F.C.,aston_villa,Coventry City,Coventry City,coventry_city,"£2,000,000",no,,,
club-season 2001–02,2001–02 Aston Villa F.C. season,1358243596,2001-07-11,David James,,Aston Villa F.C.,aston_villa,West Ham United,West Ham United,west_ham,"£3,500,000",no,,,
club-season 2001–02,2001–02 Aston Villa F.C. season,1358243596,2001-07-11,Gareth Southgate,,Aston Villa F.C.,aston_villa,Middlesbrough F.C.,Middlesbrough,middlesbrough,"£6,500,000",no,,,
club-season 2001–02,2001–02 Aston Villa F.C. season,1358243596,2001-10-31,Neil Tarrant,,Aston Villa F.C.,aston_villa,Ross County F.C.,Ross County,,Free transfer,no,,,
club-season 2001–02,2001–02 Aston Villa F.C. season,1358243596,2001-12-20,Richard Walker,,Aston Villa F.C.,aston_villa,Blackpool F.C.,Blackpool,blackpool,"£50,000",no,,,
club-season 2001–02,2001–02 Aston Villa F.C. season,1358243596,2002-02-08,David Ginola,,Aston Villa F.C.,aston_villa,Everton F.C.,Everton,everton,Free transfer,no,,,
club-season 2001–02,2001–02 Aston Villa F.C. season,1358243596,2002-03-19,Michael Standing,,Aston Villa F.C.,aston_villa,Bradford City,Bradford City,bradford_city,Free transfer,no,,,
club-season 2001–02,2001–02 Blackburn Rovers F.C. season,1321443254,2001-05-11,Gordon Greer,Clyde F.C.,Clyde,,,Blackburn Rovers F.C.,blackburn_rovers,£250k,no,https://news.bbc.co.uk/sport2/hi/football/teams/b/blackburn_rovers/1323020.stm,BBC Sport,2001-05-11
club-season 2001–02,2001–02 Blackburn Rovers F.C. season,1321443254,2001-05-17,Tugay Kerimoğlu,Rangers F.C.,Rangers,,,Blackburn Rovers F.C.,blackburn_rovers,£1.3 million,no,https://news.bbc.co.uk/sport2/hi/football/teams/b/blackburn_rovers/1333788.stm,BBC Sport,2001-05-17
club-season 2001–02,2001–02 Blackburn Rovers F.C. season,1321443254,2001-06-18,Corrado Grabbi,Ternana Calcio,Ternana,,,Blackburn Rovers F.C.,blackburn_rovers,£7 million,no,https://news.bbc.co.uk/sport2/hi/football/teams/b/blackburn_rovers/1390529.stm,BBC Sport,2001-06-18
club-season 2001–02,2001–02 Blackburn Rovers F.C. season,1321443254,2001-06-29,Alan Mahon,Sporting CP,Sporting CP,,,Blackburn Rovers F.C.,blackburn_rovers,£1.5 million,no,https://news.bbc.co.uk/sport2/hi/football/teams/b/blackburn_rovers/1413713.stm,BBC Sport,2001-06-29
club-season 2001–02,2001–02 Blackburn Rovers F.C. season,1321443254,2001-09-07,Lucas Neill,Millwall F.C.,Millwall,,,Blackburn Rovers F.C.,blackburn_rovers,£600k,no,https://news.bbc.co.uk/sport1/hi/football/teams/m/millwall/1526879.stm,BBC Sport,2001-09-07
club-season 2001–02,2001–02 Blackburn Rovers F.C. season,1321443254,2001-10-05,Nils-Eric Johansson,1. FC Nürnberg,Nurenburg,,,Blackburn Rovers F.C.,blackburn_rovers,Undisclosed,no,https://news.bbc.co.uk/sport2/hi/football/teams/b/blackburn_rovers/1580888.stm,BBC Sport,2001-10-05
club-season 2001–02,2001–02 Blackburn Rovers F.C. season,1321443254,2001-12-29,Andy Cole,Manchester United F.C.,Manchester United,manchester_united,,Blackburn Rovers F.C.,blackburn_rovers,£7.6 million,no,https://www.theguardian.com/football/2001/dec/30/newsstory.sport1,The Guardian,2001-12-30
club-season 2001–02,2001–02 Blackburn Rovers F.C. season,1321443254,2002-02-21,Hakan Ünsal,Galatasaray S.K. (football),Galatasaray,,,Blackburn Rovers F.C.,blackburn_rovers,Undisclosed,no,http://news.bbc.co.uk/sport/hi/english/football/teams/b/blackburn_rovers/newsid_1827000/1827212.stm,BBC Sport,2002-02-21
club-season 2001–02,2001–02 Blackburn Rovers F.C. season,1321443254,2001-09-13,Nathan Blake,,Blackburn Rovers F.C.,blackburn_rovers,Wolverhampton Wanderers F.C.,Wolverhampton Wanderers,wolves,£1.5 million,no,https://news.bbc.co.uk/sport2/hi/football/teams/w/wolverhampton_wanderers/1539889.stm,BBC Sport,2001-09-13
club-season 2001–02,2001–02 Blackburn Rovers F.C. season,1321443254,2001-10-19,Jason McAteer,,Blackburn Rovers F.C.,blackburn_rovers,Sunderland A.F.C.,Sunderland,sunderland,Undisclosed,no,https://news.bbc.co.uk/sport2/hi/football/teams/b/blackburn_rovers/1602623.stm,BBC Sport,2001-10-19
club-season 2001–02,2001–02 Blackburn Rovers F.C. season,1321443254,2001-11-23,Marcus Bent,,Blackburn Rovers F.C.,blackburn_rovers,Ipswich Town F.C.,Ipswich Town,ipswich_town,Undisclosed,no,https://news.bbc.co.uk/sport2/hi/football/teams/b/blackburn_rovers/1672212.stm,BBC Sport,2001-11-23
club-season 2001–02,2001–02 Blackburn Rovers F.C. season,1321443254,2001-12-12,Marlon Broomes,,Blackburn Rovers F.C.,blackburn_rovers,Sheffield Wednesday F.C.,Sheffield Wednesday,sheffield_wednesday,Free Transfer,no,https://news.bbc.co.uk/sport2/hi/football/teams/s/sheff_wed/1706453.stm,BBC Sport,2001-12-12
club-season 2001–02,2001–02 Blackburn Rovers F.C. season,1321443254,2001-12-14,John Filan,,Blackburn Rovers F.C.,blackburn_rovers,Wigan Athletic F.C.,Wigan Athletic,wigan_athletic,£600k,no,http://news.bbc.co.uk/sport/hi/english/football/teams/b/blackburn_rovers/newsid_1708000/1708580.stm,BBC Sport,2001-12-14
club-season 2001–02,2001–02 Blackburn Rovers F.C. season,1321443254,2002-02-01,Jeff Kenna,,Blackburn Rovers F.C.,blackburn_rovers,Birmingham City F.C.,Birmingham City,birmingham_city,Free transfer,no,https://news.bbc.co.uk/sport2/hi/football/teams/b/birmingham_city/1795425.stm,BBC Sport,2002-02-01
club-season 2001–02,2001–02 Blackburn Rovers F.C. season,1321443254,2002-03-08,Damien Johnson,,Blackburn Rovers F.C.,blackburn_rovers,Birmingham City F.C.,Birmingham City,birmingham_city,Undisclosed,no,https://news.bbc.co.uk/sport2/hi/football/1861185.stm,BBC Sport,2002-03-08
club-season 2001–02,2001–02 Bolton Wanderers F.C. season,1319372400,2001-06-11,Nicky Southall,Gillingham F.C.,Gillingham,,,Bolton Wanderers F.C.,bolton_wanderers,Free,no,,,
club-season 2001–02,2001–02 Bolton Wanderers F.C. season,1319372400,2001-07-03,Henrik Pedersen,Silkeborg IF,Silkeborg,,,Bolton Wanderers F.C.,bolton_wanderers,"£650,000",no,https://news.bbc.co.uk/sport1/hi/football/teams/b/bolton_wanderers/1420715.stm,British Broadcasting Corporation,3 July 2001
club-season 2001–02,2001–02 Bolton Wanderers F.C. season,1319372400,2001-09-17,Rod Wallace,Rangers F.C.,Rangers,,,Bolton Wanderers F.C.,bolton_wanderers,Free,no,https://news.bbc.co.uk/sport2/hi/football/eng_prem/1548810.stm,BBC News,17 September 2001
club-season 2001–02,2001–02 Bolton Wanderers F.C. season,1319372400,2001-10-26,Kevin Poole,Birmingham City F.C.,Birmingham City,birmingham_city,,Bolton Wanderers F.C.,bolton_wanderers,Free,no,,,
club-season 2001–02,2001–02 Bolton Wanderers F.C. season,1319372400,2001-11-28,Derek Niven,Raith Rovers F.C.,Raith Rovers,,,Bolton Wanderers F.C.,bolton_wanderers,Free,no,,,
club-season 2001–02,2001–02 Bolton Wanderers F.C. season,1319372400,2002-01-02,Jeremy Bon,Bordeaux,Bordeaux,,,Bolton Wanderers F.C.,bolton_wanderers,Free,no,https://news.bbc.co.uk/sport2/hi/football/teams/b/bolton_wanderers/1739004.stm,BBC News,2 January 2002
club-season 2001–02,2001–02 Bolton Wanderers F.C. season,1319372400,2002-01-28,Bruno Ngotty,Olympique de Marseille,Marseille,,,Bolton Wanderers F.C.,bolton_wanderers,"£500,000",no,https://news.bbc.co.uk/sport2/hi/football/teams/b/bolton_wanderers/1766585.stm,BBC News,28 January 2002
club-season 2001–02,2001–02 Bolton Wanderers F.C. season,1319372400,2002-02-01,Gérald Forschelet,AS Cannes,Cannes,,,Bolton Wanderers F.C.,bolton_wanderers,Undisclosed,no,https://news.bbc.co.uk/sport2/hi/football/teams/b/bolton_wanderers/1796578.stm,BBC News,1 February 2002
club-season 2001–02,2001–02 Bolton Wanderers F.C. season,1319372400,2002-02-08,Stig Tøfting,Hamburger SV,Hamburg,,,Bolton Wanderers F.C.,bolton_wanderers,"£250,000",no,https://news.bbc.co.uk/sport2/hi/football/teams/b/bolton_wanderers/1806461.stm,BBC News,7 February 2002
club-season 2001–02,2001–02 Bolton Wanderers F.C. season,1319372400,2002-02-13,Youri Djorkaeff,1. FC Kaiserslautern,Kaiserslautern,,,Bolton Wanderers F.C.,bolton_wanderers,Free,no,https://news.bbc.co.uk/sport2/hi/football/teams/b/bolton_wanderers/1814484.stm,BBC News,13 February 2002
club-season 2001–02,2001–02 Bolton Wanderers F.C. season,1319372400,2001-06-14,John O'Kane,,Bolton Wanderers F.C.,bolton_wanderers,Blackpool F.C.,Blackpool,blackpool,Free,no,https://news.bbc.co.uk/sport2/hi/football/teams/b/blackpool/1388503.stm,BBC News,14 June 2001
club-season 2001–02,2001–02 Bolton Wanderers F.C. season,1319372400,2001-06-14,Matt Glennon,,Bolton Wanderers F.C.,bolton_wanderers,Hull City A.F.C.,Hull City,hull_city,"£50,000",no,,,
club-season 2001–02,2001–02 Bolton Wanderers F.C. season,1319372400,2001-07-02,Robbie Elliott,,Bolton Wanderers F.C.,bolton_wanderers,Newcastle United F.C.,Newcastle United,newcastle_united,Free,no,http://news.bbc.co.uk/sport/hi/english/football/teams/n/newcastle_united/newsid_1408000/1408706.stm,BBC News,2 July 2001
club-season 2001–02,2001–02 Bolton Wanderers F.C. season,1319372400,2001-09-04,Nicky Summerbee,,Bolton Wanderers F.C.,bolton_wanderers,Manchester City F.C.,Manchester City,manchester_city,Free,no,https://news.bbc.co.uk/sport2/hi/football/teams/b/bolton_wanderers/1525299.stm,BBC News,4 September 2001
club-season 2001–02,2001–02 Bolton Wanderers F.C. season,1319372400,2002-01-07,Ian Marshall,,Bolton Wanderers F.C.,bolton_wanderers,Blackpool F.C.,Blackpool,blackpool,Free,no,,,
club-season 2001–02,2001–02 Charlton Athletic F.C. season,1337153206,2001-05-22,Shaun Bartlett,FC Zürich,FC Zürich,,,Charlton Athletic F.C.,charlton_athletic,"£2,000,000",no,https://news.bbc.co.uk/sport1/hi/football/teams/c/charlton_athletic/1345349.stm,BBC Sport,22 May 2001
club-season 2001–02,2001–02 Charlton Athletic F.C. season,1337153206,2001-07-04,Jason Euell,Wimbledon F.C.,Wimbledon,wimbledon_fc,,Charlton Athletic F.C.,charlton_athletic,"£4,750,000",no,https://news.bbc.co.uk/sport2/hi/football/teams/c/charlton_athletic/1422376.stm,BBC Sport,4 July 2001
club-season 2001–02,2001–02 Charlton Athletic F.C. season,1337153206,2001-07-25,Luke Young,Tottenham Hotspur F.C.,Tottenham Hotspur,tottenham_hotspur,,Charlton Athletic F.C.,charlton_athletic,"£3,000,000",no,https://news.bbc.co.uk/sport2/hi/football/teams/c/charlton_athletic/1457424.stm,BBC Sport,25 July 2001
club-season 2001–02,2001–02 Charlton Athletic F.C. season,1337153206,2001-12-03,Chris Bart-Williams,Nottingham Forest F.C.,Nottingham Forest,nottingham_forest,,Charlton Athletic F.C.,charlton_athletic,Free,no,https://news.bbc.co.uk/sport2/hi/football/teams/c/charlton_athletic/1689171.stm,BBC Sport,3 December 2001
club-season 2001–02,2001–02 Charlton Athletic F.C. season,1337153206,2001-06-01,Karim Bagheri,,Charlton Athletic F.C.,charlton_athletic,Al-Sadd Sports Club,Al-Sadd,,Free,no,,,
club-season 2001–02,2001–02 Charlton Athletic F.C. season,1337153206,2001-07-27,Tony Caig,,Charlton Athletic F.C.,charlton_athletic,Hibernian F.C.,Hibernian,,Free,no,https://news.bbc.co.uk/sport2/hi/football/teams/h/hibernian/1460863.stm,BBC Sport,27 July 2001
club-season 2001–02,2001–02 Charlton Athletic F.C. season,1337153206,2001-07-30,Anthony Allman,,Charlton Athletic F.C.,charlton_athletic,Colchester United F.C.,Colchester United,,Free,no,https://news.bbc.co.uk/sport2/hi/football/teams/c/colchester_united/1464785.stm,BBC Sport,30 July 2001
club-season 2001–02,2001–02 Charlton Athletic F.C. season,1337153206,2001-08-07,Shaun Newton,,Charlton Athletic F.C.,charlton_athletic,Wolverhampton Wanderers F.C.,Wolverhampton Wanderers,wolves,"£850,000",no,https://news.bbc.co.uk/sport2/hi/football/teams/w/wolverhampton_wanderers/1476357.stm,BBC Sport,7 August 2001
club-season 2001–02,2001–02 Charlton Athletic F.C. season,1337153206,2002-01-07,Danny Shittu,,Charlton Athletic F.C.,charlton_athletic,Queens Park Rangers F.C.,Queens Park Rangers,qpr,"£350,000",no,https://news.bbc.co.uk/sport2/hi/football/teams/q/qpr/1747701.stm,BBC Sport,7 January 2002
club-season 2001–02,2001–02 Charlton Athletic F.C. season,1337153206,2002-01-26,John Salako,,Charlton Athletic F.C.,charlton_athletic,Reading F.C.,Reading,reading,"£50,000",no,https://news.bbc.co.uk/sport2/hi/football/teams/r/reading/1784242.stm,BBC Sport,26 January 2002
club-season 2001–02,2001–02 Chelsea F.C. season,1377237935,,William Gallas,Olympique de Marseille,Marseille,,,Chelsea F.C.,chelsea,"£6,200,000",no,https://www.theguardian.com/football/2001/may/21/newsstory.sport3,The Guardian,2001-05-21
club-season 2001–02,2001–02 Chelsea F.C. season,1377237935,,Frank Lampard,West Ham United F.C.,West Ham United,west_ham,,Chelsea F.C.,chelsea,"£11,000,000",no,https://news.bbc.co.uk/sport1/hi/football/1383370.stm,BBC Sport,2001-06-11
club-season 2001–02,2001–02 Chelsea F.C. season,1377237935,,Emmanuel Petit,FC Barcelona,Barcelona,,,Chelsea F.C.,chelsea,"£7,500,000",no,http://news.bbc.co.uk/sport1/low/football/teams/c/chelsea/1406463.stm,BBC Sport,2001-06-25
club-season 2001–02,2001–02 Chelsea F.C. season,1377237935,,Boudewijn Zenden,FC Barcelona,Barcelona,,,Chelsea F.C.,chelsea,"£7,500,000",no,,,
club-season 2001–02,2001–02 Chelsea F.C. season,1377237935,,Gustavo Poyet,,Chelsea F.C.,chelsea,Tottenham Hotspur F.C.,Tottenham Hotspur,tottenham_hotspur,"£2,250,000",no,https://news.bbc.co.uk/sport1/hi/football/teams/t/tottenham_hotspur/1381165.stm,BBC News,10 June 2001
club-season 2001–02,2001–02 Chelsea F.C. season,1377237935,,Dennis Wise,,Chelsea F.C.,chelsea,Leicester City F.C.,Leicester City,leicester_city,"£2,000,000",no,https://news.bbc.co.uk/sport1/hi/football/eng_prem/1370717.stm,BBC Sport,2001-06-25
club-season 2001–02,2001–02 Chelsea F.C. season,1377237935,,Bernard Lambourde,,Chelsea F.C.,chelsea,SC Bastia,Bastia,,Free,no,,,
club-season 2001–02,2001–02 Chelsea F.C. season,1377237935,,Jay Richardson,,Chelsea F.C.,chelsea,Exeter City F.C.,Exeter City,,Free,no,,,
club-season 2001–02,2001–02 Chelsea F.C. season,1377237935,,Frank Leboeuf,,Chelsea F.C.,chelsea,Olympique de Marseille,Marseille,,"£1,200,000",no,https://news.bbc.co.uk/sport2/hi/football/teams/c/chelsea/1454076.stm,BBC Sport,2001-07-25
club-season 2001–02,2001–02 Chelsea F.C. season,1377237935,,Jon Harley,,Chelsea F.C.,chelsea,Fulham F.C.,Fulham,fulham,"£3,500,000",no,https://news.bbc.co.uk/sport2/hi/football/teams/f/fulham/1477811.stm,BBC Sport,2001-08-08
club-season 2001–02,2001–02 Derby County F.C. season,1345653135,2001-07-27,Fabrizio Ravanelli,S.S. Lazio,Lazio,,,Derby County F.C.,derby_county,Free,no,https://news.bbc.co.uk/sport2/hi/football/teams/d/derby_county/1454445.stm,British Broadcasting Corporation,27 July 2001
club-season 2001–02,2001–02 Derby County F.C. season,1345653135,2001-10-16,Luciano Zavagno,Troyes AC,Troyes,,,Derby County F.C.,derby_county,Signed,no,https://news.bbc.co.uk/sport2/hi/football/teams/d/derby_county/1600789.stm,BBC News,16 October 2001
club-season 2001–02,2001–02 Derby County F.C. season,1345653135,2001-11-01,François Grenet,FC Girondins de Bordeaux,Bordeaux,,,Derby County F.C.,derby_county,"£3,000,000",no,https://news.bbc.co.uk/sport2/hi/football/teams/d/derby_county/1633253.stm,BBC News,1 November 2001
club-season 2001–02,2001–02 Derby County F.C. season,1345653135,2002-02-01,Warren Barton,Newcastle United F.C.,Newcastle United,newcastle_united,,Derby County F.C.,derby_county,"£200,000",no,https://news.bbc.co.uk/sport2/hi/football/teams/d/derby_county/1795552.stm,BBC News,1 February 2002
club-season 2001–02,2001–02 Derby County F.C. season,1345653135,2002-02-07,Rob Lee,Newcastle United F.C.,Newcastle United,newcastle_united,,Derby County F.C.,derby_county,"£250,000",no,https://news.bbc.co.uk/sport1/hi/football/teams/d/derby_county/1800770.stm,BBC News,7 February 2002
club-season 2001–02,2001–02 Derby County F.C. season,1345653135,2002-02-21,Patrick Foletti,FC Luzern,FC Luzern,,,Derby County F.C.,derby_county,Free,no,https://news.bbc.co.uk/sport2/hi/football/eng_prem/1834516.stm,BBC Sport,21 February 2002
club-season 2001–02,2001–02 Derby County F.C. season,1345653135,2001-07-10,Rory Delap,,Derby County F.C.,derby_county,Southampton F.C.,Southampton,southampton,"£4,000,000",no,https://news.bbc.co.uk/sport2/hi/football/teams/s/southampton/1432893.stm,BBC News,10 July 2001
club-season 2001–02,2001–02 Derby County F.C. season,1345653135,2001-10-18,Seth Johnson,,Derby County F.C.,derby_county,Leeds United A.F.C.,Leeds United,leeds_united,"£7,000,000",no,https://news.bbc.co.uk/sport1/hi/football/teams/l/leeds_united/1607382.stm,BBC News,18 October 2001
club-season 2001–02,2001–02 Derby County F.C. season,1345653135,2002-03-15,Con Blatsis,,Derby County F.C.,derby_county,Colchester United F.C.,Colchester United,,Free,no,https://news.bbc.co.uk/sport2/hi/football/896023.stm,BBC News,1 August 2002
club-season 2001–02,2001–02 Everton F.C. season,1319022729,2001-07-05,Alan Stubbs,Celtic F.C.,Celtic,,,Everton F.C.,everton,Free,no,,,
club-season 2001–02,2001–02 Everton F.C. season,1319022729,2001-07-17,Tomasz Radzinski,R.S.C. Anderlecht,Anderlecht,,,Everton F.C.,everton,"£4,500,000",no,,,
club-season 2001–02,2001–02 Everton F.C. season,1319022729,2001-11-08,Jesper Blomqvist,Manchester United F.C.,Manchester United,manchester_united,,Everton F.C.,everton,Free,no,,,
club-season 2001–02,2001–02 Everton F.C. season,1319022729,2002-01-31,Tobias Linderoth,Stabæk Fotball,Stabæk,,,Everton F.C.,everton,"£2,500,000",no,,,
club-season 2001–02,2001–02 Everton F.C. season,1319022729,2002-02-08,David Ginola,Aston Villa F.C.,Aston Villa,aston_villa,,Everton F.C.,everton,Free,no,,,
club-season 2001–02,2001–02 Everton F.C. season,1319022729,2002-02-08,Lee Carsley,Coventry City F.C.,Coventry City,coventry_city,,Everton F.C.,everton,"£1,900,000",no,,,
club-season 2001–02,2001–02 Everton F.C. season,1319022729,2001-07-04,Stephen Hughes,,Everton F.C.,everton,Watford F.C.,Watford,watford,Free,no,,,
club-season 2001–02,2001–02 Everton F.C. season,1319022729,2001-07-06,Phil Jevons,,Everton F.C.,everton,Grimsby Town F.C.,Grimsby Town,,"£250,000",no,,,
club-season 2001–02,2001–02 Everton F.C. season,1319022729,2001-07-20,Peter Degn,,Everton F.C.,everton,Brøndby IF,Brøndby,,Nominal,no,,,
club-season 2001–02,2001–02 Everton F.C. season,1319022729,2001-08-17,Michael Ball,,Everton F.C.,everton,Rangers F.C.,Rangers,,"£6,500,000",no,,,
club-season 2001–02,2001–02 Everton F.C. season,1319022729,2001-11-15,Thomas Myhre,,Everton F.C.,everton,Beşiktaş J.K.,Beşiktaş,,"£375,000",no,,,
club-season 2001–02,2001–02 Everton F.C. season,1319022729,2002-01-30,Abel Xavier,,Everton F.C.,everton,Liverpool F.C.,Liverpool,liverpool,"£800,000",no,,,
club-season 2001–02,2001–02 Everton F.C. season,1319022729,2002-02-21,Danny Cadamarteri,,Everton F.C.,everton,Bradford City A.F.C.,Bradford City,bradford_city,Free,no,,,
club-season 2001–02,2001–02 Everton F.C. season,1319022729,2002-03-17,Paul Gascoigne,,Everton F.C.,everton,Burnley F.C.,Burnley,burnley,Free,no,,,
club-season 2001–02,2001–02 Everton F.C. season,1319022729,2002-03-21,Tom Kearney,,Everton F.C.,everton,Bradford City A.F.C.,Bradford City,bradford_city,Free,no,,,
club-season 2001–02,2001–02 Fulham F.C. season,1359282388,2001-07-25,Sean Doherty,Everton F.C.,Everton,everton,,Fulham F.C.,fulham,Undisclosed,no,https://news.bbc.co.uk/sport2/hi/football/teams/f/fulham/1456296.stm,,2001-07-25
club-season 2001–02,2001–02 Fulham F.C. season,1359282388,2001-08-01,Edwin van Der Sar,Juventus FC,Juventus,,,Fulham F.C.,fulham,"Undisclosed (estimated £7,000,000)",no,https://news.bbc.co.uk/sport2/hi/football/teams/f/fulham/1467554.stm,,2001-08-01
club-season 2001–02,2001–02 Fulham F.C. season,1359282388,2001-08-01,Abdeslam Ouaddou,AS Nancy,Nancy,,,Fulham F.C.,fulham,"£2,000,000",no,https://news.bbc.co.uk/sport2/hi/football/teams/f/fulham/1469088.stm,,2001-08-01
club-season 2001–02,2001–02 Fulham F.C. season,1359282388,2001-08-02,Steed Malbranque,Olympique Lyonnais,Lyon,,,Fulham F.C.,fulham,"£5,000,000",no,,,
club-season 2001–02,2001–02 Fulham F.C. season,1359282388,2001-08-08,Jon Harley,Chelsea F.C.,Chelsea,chelsea,,Fulham F.C.,fulham,"£3,500,000",no,https://news.bbc.co.uk/sport2/hi/football/teams/f/fulham/1477811.stm,,2001-08-08
club-season 2001–02,2001–02 Fulham F.C. season,1359282388,2001-08-22,Sylvain Legwinski,FC Girondins de Bordeaux,Bordeaux,,,Fulham F.C.,fulham,"£3,300,000",no,https://www.theguardian.com/football/2001/aug/22/newsstory.sport11,The Guardian,2001-08-22
club-season 2001–02,2001–02 Fulham F.C. season,1359282388,2001-08-29,Steve Marlet,Olympique Lyonnais,Lyon,,,Fulham F.C.,fulham,"£11,500,000",no,https://www.theguardian.com/football/2001/aug/28/newsstory.sport2,The Guardian,2001-08-28
club-season 2001–02,2001–02 Ipswich Town F.C. season,1324788265,2001-07-01,Pablo Couñago,RC Celta de Vigo,Celta Vigo,,,Ipswich Town F.C.,ipswich_town,Free transfer,no,https://www.twtd.co.uk/ipswich-town-news/1433/town-sign-pablo-couandntilde;ago/on-this-day,TWTD,23 May 2001
club-season 2001–02,2001–02 Ipswich Town F.C. season,1324788265,2001-07-02,Andy Marshall,Norwich City F.C.,Norwich City,norwich_city,,Ipswich Town F.C.,ipswich_town,Free transfer,no,http://news.bbc.co.uk/sport2/hi/football/teams/i/ipswich_town/1412585.stm,BBC News,2 July 2001
club-season 2001–02,2001–02 Ipswich Town F.C. season,1324788265,2001-07-16,Tommy Miller,Hartlepool United F.C.,Hartlepool United,,,Ipswich Town F.C.,ipswich_town,"£750,000",no,http://news.bbc.co.uk/sport2/hi/football/teams/i/ipswich_town/1441828.stm,BBC News,16 July 2001
club-season 2001–02,2001–02 Ipswich Town F.C. season,1324788265,2001-08-16,Finidi George,RCD Mallorca,Mallorca,,,Ipswich Town F.C.,ipswich_town,"£3,100,000",no,http://news.bbc.co.uk/sport2/hi/football/teams/i/ipswich_town/1495068.stm,,
club-season 2001–02,2001–02 Ipswich Town F.C. season,1324788265,2001-08-17,Matteo Sereni,U.C. Sampdoria,Sampdoria,,,Ipswich Town F.C.,ipswich_town,"£4,500,000",no,http://news.bbc.co.uk/sport2/hi/football/teams/i/ipswich_town/1493344.stm,BBC,2001-08-17
club-season 2001–02,2001–02 Ipswich Town F.C. season,1324788265,2001-08-28,Thomas Gaardsøe,AaB Fodbold,AaB,,,Ipswich Town F.C.,ipswich_town,"£1,000,000",no,http://news.bbc.co.uk/sport2/hi/football/teams/i/ipswich_town/1512359.stm,BBC News,28 August 2001
club-season 2001–02,2001–02 Ipswich Town F.C. season,1324788265,2001-11-13,Ulrich Le Pen,FC Lorient,Lorient,,,Ipswich Town F.C.,ipswich_town,Undisclosed,no,http://news.bbc.co.uk/sport2/hi/football/teams/i/ipswich_town/1653883.stm,BBC News,13 November 2001
club-season 2001–02,2001–02 Ipswich Town F.C. season,1324788265,2001-11-23,Marcus Bent,Blackburn Rovers F.C.,Blackburn Rovers,blackburn_rovers,,Ipswich Town F.C.,ipswich_town,"£3,000,000",no,http://news.bbc.co.uk/sport1/hi/football/eng_prem/1672212.stm,BBC Sport,23 November 2003
club-season 2001–02,2001–02 Ipswich Town F.C. season,1324788265,2001-07-01,John Scales,,Ipswich Town F.C.,ipswich_town,Retirement,Retired,,,no,https://www.twtd.co.uk/ipswich-town-news/1335/scales-contract-terminated,TWTD,27 August 2001
club-season 2001–02,2001–02 Ipswich Town F.C. season,1324788265,2001-07-05,Richard Wright,,Ipswich Town F.C.,ipswich_town,Arsenal F.C.,Arsenal,arsenal,"£1,500,000",no,http://news.bbc.co.uk/sport2/hi/football/teams/a/arsenal/1420099.stm,BBC News,5 July 2001
club-season 2001–02,2001–02 Ipswich Town F.C. season,1324788265,2001-07-31,James Scowcroft,,Ipswich Town F.C.,ipswich_town,Leicester City F.C.,Leicester City,leicester_city,"£3,000,000",no,http://news.bbc.co.uk/sport2/hi/football/teams/l/leicester_city/1437263.stm,BBC News,31 July 2001
club-season 2001–02,2001–02 Ipswich Town F.C. season,1324788265,2001-08-08,Sean Friars,,Ipswich Town F.C.,ipswich_town,Newry City F.C.,Newry City,,Free transfer,no,https://www.twtd.co.uk/ipswich-town-news/1671/friars-signs-for-newry,TWTD,8 August 2001
club-season 2001–02,2001–02 Ipswich Town F.C. season,1324788265,2001-10-28,Amir Karić,,Ipswich Town F.C.,ipswich_town,Free agent,Free agent,,Mutual Consent,no,https://www.twtd.co.uk/ipswich-town-news/4227/karic-leaves-town,TWTD,28 October 2001
club-season 2001–02,2001–02 Ipswich Town F.C. season,1324788265,2001-12-03,Guillermo Graaven,,Ipswich Town F.C.,ipswich_town,Free agent,Free agent,,Released,no,https://www.twtd.co.uk/ipswich-town-news/2260/graaven-released,TWTD,3 December 2001
club-season 2001–02,2001–02 Leicester City F.C. season,1356089437,2001-06-25,Dennis Wise,Chelsea F.C.,Chelsea,chelsea,,Leicester City F.C.,leicester_city,"£1,600,000",no,https://news.bbc.co.uk/sport1/hi/football/eng_prem/1370717.stm,BBC Sport,25 June 2001
club-season 2001–02,2001–02 Leicester City F.C. season,1356089437,2001-07-09,Ian Walker,Tottenham Hotspur F.C.,Tottenham Hotspur,tottenham_hotspur,,Leicester City F.C.,leicester_city,"£2,500,000",no,https://news.bbc.co.uk/sport2/hi/football/teams/l/leicester_city/1430128.stm,BBC Sport,9 July 2001
club-season 2001–02,2001–02 Leicester City F.C. season,1356089437,2001-07-31,James Scowcroft,Ipswich Town F.C.,Ipswich Town,ipswich_town,,Leicester City F.C.,leicester_city,"£3,000,000",no,https://news.bbc.co.uk/sport2/hi/football/teams/l/leicester_city/1437263.stm,BBC Sport,31 July 2001
club-season 2001–02,2001–02 Leicester City F.C. season,1356089437,2001-11-16,Alan Rogers,Nottingham Forest F.C.,Nottingham Forest,nottingham_forest,,Leicester City F.C.,leicester_city,"£300,000",no,,,
club-season 2001–02,2001–02 Leicester City F.C. season,1356089437,2001-11-29,Brian Deane,Middlesbrough F.C.,Middlesbrough,middlesbrough,,Leicester City F.C.,leicester_city,"£150,000",no,,,
club-season 2001–02,2001–02 Leicester City F.C. season,1356089437,2002-01-10,Jacob Laursen,F.C. Copenhagen,Copenhagen,,,Leicester City F.C.,leicester_city,"£400,000",no,https://news.bbc.co.uk/sport2/hi/football/teams/l/leicester_city/1748690.stm,BBC Sport,10 January 2002
club-season 2001–02,2001–02 Leicester City F.C. season,1356089437,2002-02-22,Paul Dickov,Manchester City F.C.,Manchester City,manchester_city,,Leicester City F.C.,leicester_city,Nominal,no,https://news.bbc.co.uk/sport1/hi/football/teams/l/leicester_city/1835587.stm,BBC Sport,22 February 2002
club-season 2001–02,2001–02 Leicester City F.C. season,1356089437,2001-05-30,Stuart Campbell,,Leicester City F.C.,leicester_city,Grimsby Town F.C.,Grimsby Town,,"£200,000",no,,,
club-season 2001–02,2001–02 Leicester City F.C. season,1356089437,2001-06-22,Lawrie Dudfield,,Leicester City F.C.,leicester_city,Hull City A.F.C.,Hull City,hull_city,"£250,000",no,,,
club-season 2001–02,2001–02 Leicester City F.C. season,1356089437,2001-07-13,Richard Cresswell,,Leicester City F.C.,leicester_city,Preston North End F.C.,Preston North End,,"£500,000",no,https://news.bbc.co.uk/sport1/hi/football/1437457.stm,BBC Sport,13 July 2001
club-season 2001–02,2001–02 Leicester City F.C. season,1356089437,2001-08-02,Steve Guppy,,Leicester City F.C.,leicester_city,Celtic F.C.,Celtic,,"£350,000",no,https://news.bbc.co.uk/sport1/hi/football/1464876.stm,BBC Sport,2 August 2001
club-season 2001–02,2001–02 Leicester City F.C. season,1356089437,2001-11-29,Kevin Ellison,,Leicester City F.C.,leicester_city,Stockport County F.C.,Stockport County,,"£55,000",no,,,
club-season 2001–02,2001–02 Leicester City F.C. season,1356089437,2001-12-24,Dean Sturridge,,Leicester City F.C.,leicester_city,Wolverhampton Wanderers F.C.,Wolverhampton Wanderers,wolves,"£350,000",no,https://news.bbc.co.uk/sport1/hi/football/teams/w/wolverhampton_wanderers/1717699.stm,BBC Sport,24 December 2001
club-season 2001–02,2001–02 Leicester City F.C. season,1356089437,2002-02-05,Ade Akinbiyi,,Leicester City F.C.,leicester_city,Crystal Palace F.C.,Crystal Palace,crystal_palace,"£2,200,000",no,https://news.bbc.co.uk/sport2/hi/football/teams/c/crystal_palace/1801306.stm,BBC Sport,5 February 2002
club-season 2001–02,2001–02 Leicester City F.C. season,1356089437,2002-02-12,Danny Thomas,,Leicester City F.C.,leicester_city,A.F.C. Bournemouth,Bournemouth,bournemouth,Free,no,https://news.bbc.co.uk/sport1/hi/football/teams/b/bournemouth/1816286.stm,BBC Sport,12 February 2002
club-season 2001–02,2001–02 Leicester City F.C. season,1356089437,2002-05-12,Gary Rowett,,Leicester City F.C.,leicester_city,Charlton Athletic F.C.,Charlton Athletic,charlton_athletic,"£3,500,000",no,https://news.bbc.co.uk/sport2/hi/football/teams/l/leicester_city/1981926.stm,BBC Sport,11 May 2002
club-season 2001–02,2001–02 Liverpool F.C. season,1372778775,2001-06-20,John Arne Riise,AS Monaco FC,Monaco,,,Liverpool F.C.,liverpool,"£4,000,000",no,http://news.bbc.co.uk/sport2/hi/football/eng_prem/1373396.stm,BBC News,20 June 2001
club-season 2001–02,2001–02 Liverpool F.C. season,1372778775,2001-07-26,Milan Baroš,FC Baník Ostrava,Baník Ostrava,,,Liverpool F.C.,liverpool,"£3,200,000",no,http://news.bbc.co.uk/sport2/hi/football/teams/l/liverpool/1458068.stm,BBC News,13 August 2001
club-season 2001–02,2001–02 Liverpool F.C. season,1372778775,2001-08-31,Chris Kirkland,Coventry City F.C.,Coventry City,coventry_city,,Liverpool F.C.,liverpool,"Undisclosed (estimated £6,000,000)",no,https://www.theguardian.com/football/2001/aug/31/newsstory.sport14,The Guardian,31 August 2001
club-season 2001–02,2001–02 Liverpool F.C. season,1372778775,2001-08-31,Jerzy Dudek,Feyenoord,Feyenoord,,,Liverpool F.C.,liverpool,"£4,850,000",no,http://news.bbc.co.uk/sport2/hi/football/teams/l/liverpool/1432558.stm,BBC News,30 August 2001
club-season 2001–02,2001–02 Liverpool F.C. season,1372778775,2001-12-20,Nicolas Anelka,Paris Saint-Germain F.C.,Paris Saint-Germain,,,Liverpool F.C.,liverpool,Loan,no,http://news.bbc.co.uk/sport2/hi/football/teams/a/arsenal/1724511.stm,BBC News,22 December 2001
club-season 2001–02,2001–02 Liverpool F.C. season,1372778775,2002-01-30,Abel Xavier,Everton F.C.,Everton,everton,,Liverpool F.C.,liverpool,"£750,000",no,http://news.bbc.co.uk/sport2/hi/football/teams/l/liverpool/1787989.stm,BBC News,30 January 2002
club-season 2001–02,2001–02 Liverpool F.C. season,1372778775,2001-07-17,Christian Ziege,,Liverpool F.C.,liverpool,Tottenham Hotspur F.C.,Tottenham Hotspur,tottenham_hotspur,"£4,000,000",no,,,
club-season 2001–02,2001–02 Liverpool F.C. season,1372778775,2001-11-29,Robbie Fowler,,Liverpool F.C.,liverpool,Leeds United F.C.,Leeds United,leeds_united,"£11,000,000",no,,,
club-season 2001–02,2001–02 Liverpool F.C. season,1372778775,2001-12-17,Sander Westerveld,,Liverpool F.C.,liverpool,Real Sociedad,Real Sociedad,,"£3,750,000",no,,,
club-season 2001–02,2001–02 Liverpool F.C. season,1372778775,2002-04-14,Gary McAllister,,Liverpool F.C.,liverpool,Coventry City F.C.,Coventry City,coventry_city,Free,no,,,
club-season 2001–02,2001–02 Liverpool F.C. season,1372778775,2002-04-16,Jamie Redknapp,,Liverpool F.C.,liverpool,Tottenham Hotspur F.C.,Tottenham Hotspur,tottenham_hotspur,Free,no,,,
club-season 2001–02,2001–02 Liverpool F.C. season,1372778775,2002-05-12,Nicolas Anelka,,Liverpool F.C.,liverpool,Paris Saint-Germain F.C.,Paris Saint-Germain,,Loan expired,no,,,
club-season 2001–02,2001–02 Manchester United F.C. season,1370739684,2001-07-01,Roy Carroll,Wigan Athletic F.C.,Wigan Athletic,wigan_athletic,,Manchester United F.C.,manchester_united,Undisclosed,no,,,
club-season 2001–02,2001–02 Manchester United F.C. season,1370739684,2001-07-01,Ruud van Nistelrooy,PSV Eindhoven,PSV Eindhoven,,,Manchester United F.C.,manchester_united,£19m,no,,,
club-season 2001–02,2001–02 Manchester United F.C. season,1370739684,2001-07-12,Juan Sebastián Verón,S.S. Lazio,Lazio,,,Manchester United F.C.,manchester_united,£28.1m,no,,,
club-season 2001–02,2001–02 Manchester United F.C. season,1370739684,2001-08-30,Laurent Blanc,Inter Milan,Inter Milan,,,Manchester United F.C.,manchester_united,Free,no,,,
club-season 2001–02,2001–02 Manchester United F.C. season,1370739684,2002-01-22,Diego Forlán,Club Atlético Independiente,Independiente,,,Manchester United F.C.,manchester_united,£7.5m,no,,,
club-season 2001–02,2001–02 Manchester United F.C. season,1370739684,2002-05-11,Luke Steele,Peterborough United F.C.,Peterborough United,,,Manchester United F.C.,manchester_united,£500k,no,,,
club-season 2001–02,2001–02 Manchester United F.C. season,1370739684,2001-08-09,Jonathan Greening,,Manchester United F.C.,manchester_united,Middlesbrough F.C.,Middlesbrough,middlesbrough,£2m,no,https://news.bbc.co.uk/sport2/hi/football/teams/m/middlesbrough/1471894.stm,BBC Sport,9 August 2001
club-season 2001–02,2001–02 Manchester United F.C. season,1370739684,2001-08-09,Mark Wilson,,Manchester United F.C.,manchester_united,Middlesbrough F.C.,Middlesbrough,middlesbrough,£1.5m,no,https://news.bbc.co.uk/sport2/hi/football/teams/m/middlesbrough/1471894.stm,BBC Sport,9 August 2001
club-season 2001–02,2001–02 Manchester United F.C. season,1370739684,2001-08-27,Jaap Stam,,Manchester United F.C.,manchester_united,S.S. Lazio,Lazio,,£16.5m,no,http://news.bbc.co.uk/sport1/hi/football/teams/m/man_utd/1508902.stm,BBC Sport,27 August 2001
club-season 2001–02,2001–02 Manchester United F.C. season,1370739684,2001-11-08,Jesper Blomqvist,,Manchester United F.C.,manchester_united,Everton F.C.,Everton,everton,Free,no,http://news.bbc.co.uk/sport/hi/english/football/newsid_896000/896023.stm,BBC Sport,8 November 2001
club-season 2001–02,2001–02 Manchester United F.C. season,1370739684,2001-12-29,Andy Cole,,Manchester United F.C.,manchester_united,Blackburn Rovers F.C.,Blackburn Rovers,blackburn_rovers,Undisclosed,no,https://news.bbc.co.uk/sport2/hi/football/teams/m/man_utd/1733313.stm,BBC Sport,30 December 2001
club-season 2001–02,2001–02 Manchester United F.C. season,1370739684,2002-02-19,Michael Clegg,,Manchester United F.C.,manchester_united,Oldham Athletic A.F.C.,Oldham Athletic,oldham_athletic,Free,no,https://news.bbc.co.uk/sport2/hi/football/teams/o/oldham_athletic/1829412.stm,BBC Sport,19 February 2002
club-season 2001–02,2001–02 Manchester United F.C. season,1370739684,2002-05-17,Paul Rachubka,,Manchester United F.C.,manchester_united,Charlton Athletic F.C.,Charlton Athletic,charlton_athletic,£200k,no,https://news.bbc.co.uk/sport2/hi/football/2239108.stm http://www.charlton-athletic.co.uk/01_latest_news.shtml,BBC Sport | Charlton Athletic Football Club,17 May 2002 | 17 May 2002
club-season 2001–02,2001–02 Manchester United F.C. season,1370739684,2002-06-28,Raimond van der Gouw,,Manchester United F.C.,manchester_united,West Ham United F.C.,West Ham United,west_ham,Free,no,https://news.bbc.co.uk/sport2/hi/football/teams/w/west_ham_utd/2069212.stm,BBC Sport,28 June 2002
club-season 2001–02,2001–02 Manchester United F.C. season,1370739684,2002-06-30,Denis Irwin,,Manchester United F.C.,manchester_united,Wolverhampton Wanderers F.C.,Wolverhampton Wanderers,wolves,Free,no,,,
club-season 2001–02,2001–02 Manchester United F.C. season,1370739684,2002-06-30,Ronny Johnsen,,Manchester United F.C.,manchester_united,Aston Villa F.C.,Aston Villa,aston_villa,Free,no,,,
club-season 2001–02,2001–02 Manchester United F.C. season,1370739684,2002-06-30,Ronnie Wallwork,,Manchester United F.C.,manchester_united,West Bromwich Albion F.C.,West Bromwich Albion,west_brom,Free,no,,,
club-season 2001–02,2001–02 Middlesbrough F.C. season,1316775555,2001-07-01,Szilárd Németh,Inter Bratislava,Inter Bratislava,,,Middlesbrough F.C.,middlesbrough,Free,no,https://www.soccerbase.com/players/player.sd?player_id=15662,soccerbase.com,
club-season 2001–02,2001–02 Middlesbrough F.C. season,1316775555,2001-07-11,Gareth Southgate,Aston Villa,Aston Villa,aston_villa,,Middlesbrough F.C.,middlesbrough,£6.5 million,no,https://www.soccerbase.com/players/player.sd?player_id=7497,soccerbase.com,
club-season 2001–02,2001–02 Middlesbrough F.C. season,1316775555,2001-08-09,Mark Wilson,Manchester United,Manchester United,manchester_united,,Middlesbrough F.C.,middlesbrough,£1.5 million,no,https://www.soccerbase.com/players/player.sd?player_id=13854,soccerbase.com,
club-season 2001–02,2001–02 Middlesbrough F.C. season,1316775555,2001-08-09,Jonathan Greening,Manchester United,Manchester United,manchester_united,,Middlesbrough F.C.,middlesbrough,£2 million,no,https://www.soccerbase.com/players/player.sd?player_id=10769,soccerbase.com,
club-season 2001–02,2001–02 Middlesbrough F.C. season,1316775555,2001-09-09,Allan Johnston,Rangers F.C.,Rangers,,,Middlesbrough F.C.,middlesbrough,"£600,000",no,https://www.soccerbase.com/players/player.sd?player_id=9199,soccerbase.com,
club-season 2001–02,2001–02 Middlesbrough F.C. season,1316775555,2001-10-12,Franck Queudrue,RC Lens,Lens,,,Middlesbrough F.C.,middlesbrough,Loan,no,https://www.soccerbase.com/players/player.sd?player_id=20101,soccerbase.com,
club-season 2001–02,2001–02 Middlesbrough F.C. season,1316775555,2002-02-07,Benito Carbone,Bradford City A.F.C.,Bradford City,bradford_city,,Middlesbrough F.C.,middlesbrough,Loan,no,https://www.soccerbase.com/players/player.sd?player_id=9723,soccerbase.com,
club-season 2001–02,2001–02 Middlesbrough F.C. season,1316775555,2002-02-27,Mickael Debeve,RC Lens,Lens,,,Middlesbrough F.C.,middlesbrough,Loan,no,https://www.soccerbase.com/players/player.sd?player_id=15724,soccerbase.com,
club-season 2001–02,2001–02 Middlesbrough F.C. season,1316775555,2001-05-31,Neil Maddison,,Middlesbrough F.C.,middlesbrough,Darlington F.C.,Darlington,,Free,no,https://www.soccerbase.com/players/player.sd?player_id=4717,soccerbase.com,
club-season 2001–02,2001–02 Middlesbrough F.C. season,1316775555,2001-07-19,Christian Karembeu,,Middlesbrough F.C.,middlesbrough,Olympiacos F.C.,Olympiacos,,£2 million,no,https://www.soccerbase.com/players/player.sd?player_id=9355,soccerbase.com,
club-season 2001–02,2001–02 Middlesbrough F.C. season,1316775555,2001-08-07,Alan Moore,,Middlesbrough F.C.,middlesbrough,Burnley F.C.,Burnley,burnley,Free,no,https://www.soccerbase.com/players/player.sd?player_id=5552,soccerbase.com,
club-season 2001–02,2001–02 Middlesbrough F.C. season,1316775555,2001-08-08,Keith O'Neill,,Middlesbrough F.C.,middlesbrough,Coventry City,Coventry,coventry_city,Free,no,https://www.soccerbase.com/players/player.sd?player_id=5936,soccerbase.com,
club-season 2001–02,2001–02 Middlesbrough F.C. season,1316775555,2001-11-29,Brian Deane,,Middlesbrough F.C.,middlesbrough,Leicester City,Leicester,leicester_city,"£150,000",no,https://www.soccerbase.com/players/player.sd?player_id=1983,soccerbase.com,
club-season 2001–02,2001–02 Middlesbrough F.C. season,1316775555,2001-12-14,Steve Vickers,,Middlesbrough F.C.,middlesbrough,Birmingham City,Birmingham,birmingham_city,"£400,000",no,https://www.soccerbase.com/players/player.sd?player_id=8155,soccerbase.com,
club-season 2001–02,2001–02 Middlesbrough F.C. season,1316775555,2001-12-31,Curtis Fleming,,Middlesbrough F.C.,middlesbrough,Crystal Palace F.C.,Crystal Palace,crystal_palace,"£150,000",no,https://www.soccerbase.com/players/player.sd?player_id=2548,soccerbase.com,
club-season 2001–02,2001–02 Middlesbrough F.C. season,1316775555,2002-03-23,Sean Kilgannon,,Middlesbrough F.C.,middlesbrough,Dunfermline Athletic,Dunfermline,,Free,no,https://www.soccerbase.com/players/player.sd?player_id=19089,soccerbase.com,
club-season 2001–02,2001–02 Middlesbrough F.C. season,1316775555,2002-06-01,Hamilton Ricard,,Middlesbrough F.C.,middlesbrough,,Released,,-,no,https://www.soccerbase.com/players/player.sd?player_id=13814,soccerbase.com,
club-season 2001–02,2001–02 Middlesbrough F.C. season,1316775555,2002-03-23,Andy Campbell,,Middlesbrough F.C.,middlesbrough,,Released,,-,no,https://www.soccerbase.com/players/player.sd?player_id=9175,soccerbase.com,
club-season 2001–02,2001–02 Middlesbrough F.C. season,1316775555,2002-06-01,Dean Gordon,,Middlesbrough F.C.,middlesbrough,Coventry City,Coventry,coventry_city,Free,no,https://www.soccerbase.com/players/player.sd?player_id=2964,soccerbase.com,
club-season 2001–02,2001–02 Newcastle United F.C. season,1341111528,2001-06,Craig Bellamy,Coventry City F.C.,Coventry City,coventry_city,,Newcastle United F.C.,newcastle_united,"£6,000,000",no,,,
club-season 2001–02,2001–02 Newcastle United F.C. season,1341111528,2001-07,Robbie Elliott,Bolton Wanderers F.C.,Bolton Wanderers,bolton_wanderers,,Newcastle United F.C.,newcastle_united,Free,no,,,
club-season 2001–02,2001–02 Newcastle United F.C. season,1341111528,2001-08-01,Laurent Robert,Paris Saint-Germain F.C.,PSG,,,Newcastle United F.C.,newcastle_united,"£9,500,000",no,https://news.bbc.co.uk/sport2/hi/football/teams/n/newcastle_united/1465404.stm,BBC Sport,2001-08-01
club-season 2001–02,2001–02 Newcastle United F.C. season,1341111528,2001-09-11,Sylvain Distin,Paris Saint-Germain F.C.,PSG,,,Newcastle United F.C.,newcastle_united,"£500,000 (loan fee)",no,https://news.bbc.co.uk/sport2/hi/football/teams/n/newcastle_united/1537100.stm,BBC Sport,2001-09-11
club-season 2001–02,2001–02 Newcastle United F.C. season,1341111528,2002-02-04,Jermaine Jenas,Nottingham Forest F.C.,Nottingham Forest,nottingham_forest,,Newcastle United F.C.,newcastle_united,"£5,000,000",no,http://news.bbc.co.uk/sport/hi/english/football/teams/n/newcastle_united/newsid_1795000/1795337.stm,BBC Sport,2002-02-04
club-season 2001–02,2001–02 Newcastle United F.C. season,1341111528,2001-05,Des Hamilton,,Newcastle United F.C.,newcastle_united,Cardiff City F.C.,Cardiff City,cardiff_city,Free,no,,,
club-season 2001–02,2001–02 Newcastle United F.C. season,1341111528,2001-05,Stephen Glass,,Newcastle United F.C.,newcastle_united,Watford F.C.,Watford,watford,Free,no,,,
club-season 2001–02,2001–02 Newcastle United F.C. season,1341111528,2001-05,Kevin Gallacher,,Newcastle United F.C.,newcastle_united,Preston North End F.C.,Preston North End,,Free,no,,,
club-season 2001–02,2001–02 Newcastle United F.C. season,1341111528,2001-05,Daniel Cordone,,Newcastle United F.C.,newcastle_united,Racing Club de Avellaneda,Racing Club,,Loan ended,no,,,
club-season 2001–02,2001–02 Newcastle United F.C. season,1341111528,2001-05,Carl Serrant,,Newcastle United F.C.,newcastle_united,,-,,Retired,no,,,
club-season 2001–02,2001–02 Newcastle United F.C. season,1341111528,2002-01,Christian Bassedas,,Newcastle United F.C.,newcastle_united,C.D. Tenerife,Tenerife,,Loan,no,,,
club-season 2001–02,2001–02 Newcastle United F.C. season,1341111528,2002-02-01,Warren Barton,,Newcastle United F.C.,newcastle_united,Derby County F.C.,Derby County,derby_county,Nominal,no,https://news.bbc.co.uk/sport2/hi/football/teams/d/derby_county/1795552.stm,BBC Sport,2002-02-01
club-season 2001–02,2001–02 Newcastle United F.C. season,1341111528,2002-02-07,Rob Lee,,Newcastle United F.C.,newcastle_united,Derby County F.C.,Derby County,derby_county,Undisclosed,no,https://news.bbc.co.uk/sport1/hi/football/teams/d/derby_county/1800770.stm,BBC Sport,2002-02-07
club-season 2001–02,2001–02 Newcastle United F.C. season,1341111528,2002-03,David Beharall,,Newcastle United F.C.,newcastle_united,Oldham Athletic A.F.C.,Oldham Athletic,oldham_athletic,"£150,000",no,,,
club-season 2001–02,2001–02 Southampton F.C. season,1361500200,,,,12 June 2001,,,Southampton F.C.,southampton,,no,https://www.saintsplayers.co.uk/player/anders-svensson/,SaintsPlayers.co.uk,
club-season 2001–02,2001–02 Southampton F.C. season,1361500200,,,,10 July 2001,,,Southampton F.C.,southampton,,no,http://news.bbc.co.uk/sport1/hi/football/teams/s/southampton/1432893.stm,BBC Sport,10 July 2001
club-season 2001–02,2001–02 Southampton F.C. season,1361500200,,,,11 July 2001,,,Southampton F.C.,southampton,,no,http://news.bbc.co.uk/sport1/hi/football/eng_prem/1484472.stm,BBC Sport,13 August 2001
club-season 2001–02,2001–02 Southampton F.C. season,1361500200,,,,23 July 2001,,,Southampton F.C.,southampton,,no,http://news.bbc.co.uk/sport1/hi/football/teams/s/southampton/1466517.stm,BBC Sport,31 July 2001
club-season 2001–02,2001–02 Southampton F.C. season,1361500200,,,,31 October 2001,,,Southampton F.C.,southampton,,no,http://news.bbc.co.uk/sport1/hi/football/teams/s/southampton/1630351.stm,BBC Sport,31 October 2001
club-season 2001–02,2001–02 Southampton F.C. season,1361500200,,,,31 October 2001,,,Southampton F.C.,southampton,,no,http://news.bbc.co.uk/sport1/hi/football/teams/s/southampton/1630351.stm,BBC Sport,31 October 2001
club-season 2001–02,2001–02 Southampton F.C. season,1361500200,,,,13 November 2001,,,Southampton F.C.,southampton,,no,http://news.bbc.co.uk/sport1/hi/football/teams/s/southampton/1624514.stm,BBC Sport,13 November 2001
club-season 2001–02,2001–02 Southampton F.C. season,1361500200,,,,16 November 2001,,,Southampton F.C.,southampton,,no,http://news.bbc.co.uk/sport1/hi/football/teams/s/southampton/1657644.stm,BBC Sport,15 November 2001
club-season 2001–02,2001–02 Southampton F.C. season,1361500200,,,,20 November 2001,,,Southampton F.C.,southampton,,no,http://news.bbc.co.uk/sport1/hi/football/teams/s/southampton/1658095.stm,BBC Sport,24 November 2001
club-season 2001–02,2001–02 Southampton F.C. season,1361500200,,,,5 December 2001,,,Southampton F.C.,southampton,,no,http://news.bbc.co.uk/sport1/hi/football/teams/s/southampton/1678709.stm,BBC Sport,5 December 2001
club-season 2001–02,2001–02 Southampton F.C. season,1361500200,,,,28 December 2001,,,Southampton F.C.,southampton,,no,http://news.bbc.co.uk/sport1/hi/football/teams/s/southampton/1731148.stm,BBC Sport,28 December 2001
club-season 2001–02,2001–02 Southampton F.C. season,1361500200,,,,Southampton F.C.,southampton,,31 May 2001,,,no,http://news.bbc.co.uk/sport1/hi/football/eng_prem/1484472.stm,BBC Sport,13 August 2001
club-season 2001–02,2001–02 Southampton F.C. season,1361500200,,,,Southampton F.C.,southampton,,14 June 2001,,,no,http://news.bbc.co.uk/sport1/hi/football/eng_prem/1484472.stm,BBC Sport,13 August 2001
club-season 2001–02,2001–02 Southampton F.C. season,1361500200,,,,Southampton F.C.,southampton,,20 June 2001,,,no,http://news.bbc.co.uk/sport1/hi/football/eng_prem/1484472.stm,BBC Sport,13 August 2001
club-season 2001–02,2001–02 Southampton F.C. season,1361500200,,,,Southampton F.C.,southampton,,10 August 2001,,,no,https://www.soccerbase.com/players/player.sd?player_id=3704,Soccerbase,
club-season 2001–02,2001–02 Southampton F.C. season,1361500200,,,,Southampton F.C.,southampton,,21 September 2001,,,no,http://news.bbc.co.uk/sport1/hi/football/teams/t/tottenham_hotspur/1535060.stm,BBC Sport,21 September 2001
club-season 2001–02,2001–02 Southampton F.C. season,1361500200,,,,Southampton F.C.,southampton,,11 December 2001,,,no,https://www.saintsplayers.co.uk/player/paul-murray/,SaintsPlayers.co.uk,
club-season 2001–02,2001–02 Southampton F.C. season,1361500200,,,,Southampton F.C.,southampton,,8 January 2002,,,no,https://www.saintsplayers.co.uk/player/uwe-rosler/,SaintsPlayers.co.uk,
club-season 2001–02,2001–02 Southampton F.C. season,1361500200,,,,Southampton F.C.,southampton,,15 February 2002,,,no,http://www.espnfc.com/england/news/2002/0220/brentford_20020220_petersforbees.html,ESPN FC,20 February 2002
club-season 2001–02,2001–02 Southampton F.C. season,1361500200,,,,Southampton F.C.,southampton,,18 March 2002,,,no,https://www.skysports.com/football/news/2233167/tigers-snap-up-caceres,Sky Sports,18 March 2002
club-season 2001–02,2001–02 Southampton F.C. season,1361500200,,,,Southampton F.C.,southampton,,28 March 2002,,,no,http://news.bbc.co.uk/sport1/hi/football/1895200.stm,BBC Sport,28 March 2002
club-season 2001–02,2001–02 Southampton F.C. season,1361500200,,,,Southampton F.C.,southampton,,28 March 2002,,,no,http://news.bbc.co.uk/sport1/hi/football/1895200.stm,BBC Sport,28 March 2002
club-season 2001–02,2001–02 Southampton F.C. season,1361500200,,,,Southampton F.C.,southampton,,28 March 2002,,,no,http://news.bbc.co.uk/sport1/hi/football/1895200.stm,BBC Sport,28 March 2002
club-season 2001–02,2001–02 Sunderland A.F.C. season,1309633035,2001-05-18,Nicolas Medina,Argentinos Juniors,Argentinos Juniors,,,Sunderland A.F.C.,sunderland,"£3,500,000",no,https://news.bbc.co.uk/sport2/hi/football/teams/s/sunderland/1338372.stm,BBC Sport,2001-05-18
club-season 2001–02,2001–02 Sunderland A.F.C. season,1309633035,2001-06-13,Baki Mercimek,HFC Haarlem,Haarlem,,,Sunderland A.F.C.,sunderland,Free,no,https://news.bbc.co.uk/sport2/hi/football/teams/s/sunderland/1386924.stm,BBC Sport,2001-06-13
club-season 2001–02,2001–02 Sunderland A.F.C. season,1309633035,2001-06-28,Lilian Laslandes,FC Girondins de Bordeaux,Bordeaux,,,Sunderland A.F.C.,sunderland,"£3,600,000",no,https://news.bbc.co.uk/sport2/hi/football/teams/s/sunderland/1411413.stm,BBC Sport,2001-06-28
club-season 2001–02,2001–02 Sunderland A.F.C. season,1309633035,2001-07-03,David Bellion,AS Cannes,Cannes,,,Sunderland A.F.C.,sunderland,Free,no,https://news.bbc.co.uk/sport2/hi/football/teams/s/sunderland/1420221.stm,BBC Sport,2001-07-03
club-season 2001–02,2001–02 Sunderland A.F.C. season,1309633035,2001-08-03,Bernt Haas,Grasshopper-Club Zurich,Grasshopper,,,Sunderland A.F.C.,sunderland,"£750,000",no,https://news.bbc.co.uk/sport2/hi/football/teams/s/sunderland/1468454.stm,BBC Sport,2001-08-03
club-season 2001–02,2001–02 Sunderland A.F.C. season,1309633035,2001-10-19,Jason McAteer,Blackburn Rovers F.C.,Blackburn Rovers,blackburn_rovers,,Sunderland A.F.C.,sunderland,£1 million,no,,,
club-season 2001–02,2001–02 Sunderland A.F.C. season,1309633035,2001-12-07,Claudio Reyna,Rangers F.C.,Rangers,,,Sunderland A.F.C.,sunderland,£4 million,no,,,
club-season 2001–02,2001–02 Sunderland A.F.C. season,1309633035,2002-01-28,Joachim Björklund,Venezia F.C.,Venezia,,,Sunderland A.F.C.,sunderland,£1.5 million,no,,,
club-season 2001–02,2001–02 Sunderland A.F.C. season,1309633035,2001-07-01,Carsten Fredgaard,,Sunderland A.F.C.,sunderland,F.C. Copenhagen,FC Copenhagen,,"£500,000",no,https://news.bbc.co.uk/sport2/hi/football/teams/s/sunderland/1331517.stm,BBC Sport,2001-05-15
club-season 2001–02,2001–02 Sunderland A.F.C. season,1309633035,2001-08-18,Neil Wainwright,,Sunderland A.F.C.,sunderland,Darlington F.C.,Darlington,,"£50,000",no,,,
club-season 2001–02,2001–02 Sunderland A.F.C. season,1309633035,2001-08-30,Don Hutchison,,Sunderland A.F.C.,sunderland,West Ham United F.C.,West Ham United,west_ham,£5 million,no,https://news.bbc.co.uk/sport2/hi/football/teams/w/west_ham_utd/1514594.stm,BBC Sport,2001-08-30
club-season 2001–02,2001–02 Sunderland A.F.C. season,1309633035,2001-09-19,Alex Rae,,Sunderland A.F.C.,sunderland,Wolverhampton Wanderers F.C.,Wolverhampton Wanderers,wolves,£1.2 million,no,,,
club-season 2001–02,2001–02 Sunderland A.F.C. season,1309633035,2001-11-30,Danny Dichio,,Sunderland A.F.C.,sunderland,West Bromwich Albion F.C.,West Bromwich Albion,west_brom,£1.25 million,no,,,
club-season 2001–02,2001–02 Sunderland A.F.C. season,1309633035,2001-12-11,Chris Lumsdon,,Sunderland A.F.C.,sunderland,Barnsley F.C.,Barnsley,barnsley,"£350,000",no,,,
club-season 2001–02,2001–02 Tottenham Hotspur F.C. season,1356091548,2001-05-26,Teddy Sheringham,Manchester United F.C.,Manchester United,manchester_united,,Tottenham Hotspur F.C.,tottenham_hotspur,Free,no,,,
club-season 2001–02,2001–02 Tottenham Hotspur F.C. season,1356091548,,Christian Ziege,Liverpool F.C.,Liverpool,liverpool,,Tottenham Hotspur F.C.,tottenham_hotspur,Undisclosed,no,,,
club-season 2001–02,2001–02 Tottenham Hotspur F.C. season,1356091548,,Gus Poyet,Chelsea F.C.,Chelsea,chelsea,,Tottenham Hotspur F.C.,tottenham_hotspur,Free,no,,,
club-season 2001–02,2001–02 Tottenham Hotspur F.C. season,1356091548,,Goran Bunjevčević,Red Star Belgrade F.C.,Red Star Belgrade,,,Tottenham Hotspur F.C.,tottenham_hotspur,Undisclosed,no,,,
club-season 2001–02,2001–02 Tottenham Hotspur F.C. season,1356091548,2001-09-21,Dean Richards,Southampton F.C.,Southampton,southampton,,Tottenham Hotspur F.C.,tottenham_hotspur,£8.1 million,no,,,
club-season 2001–02,2001–02 Tottenham Hotspur F.C. season,1356091548,2001-07-03,Sol Campbell,,Tottenham Hotspur F.C.,tottenham_hotspur,Arsenal F.C.,Arsenal,arsenal,Free,no,,,
club-season 2001–02,2001–02 Tottenham Hotspur F.C. season,1356091548,,Ian Walker,,Tottenham Hotspur F.C.,tottenham_hotspur,Leicester City F.C.,Leicester,leicester_city,Free,no,,,
club-season 2001–02,2001–02 Tottenham Hotspur F.C. season,1356091548,2001-11-07,Ian Hillier,,Tottenham Hotspur F.C.,tottenham_hotspur,Luton Town F.C.,Luton Town,luton_town,Undisclosed,no,https://www.tottenhamhotspur.com/news-archive-1/hilliers-a-hatter/,Tottenham Hotspur F.C.,7 November 2001
club-season 2001–02,2001–02 West Ham United F.C. season,1356091263,2001-07-04,Sebastien Schemmel,FC Metz,FC Metz,,,West Ham United F.C.,west_ham,"£465,000",no,,,
club-season 2001–02,2001–02 West Ham United F.C. season,1356091263,2001-07-11,David James,Aston Villa F.C.,Aston Villa,aston_villa,,West Ham United F.C.,west_ham,"£4,300,000",no,,,
club-season 2001–02,2001–02 West Ham United F.C. season,1356091263,2001-08-07,Laurent Courtois,Toulouse F.C.,Toulouse,,,West Ham United F.C.,west_ham,Free,no,,,
club-season 2001–02,2001–02 West Ham United F.C. season,1356091263,2001-08-30,Don Hutchison,Sunderland A.F.C.,Sunderland,sunderland,,West Ham United F.C.,west_ham,"£5,000,000",no,https://news.bbc.co.uk/sport2/hi/football/teams/w/west_ham_utd/1514594.stm,BBC,30 August 2001
club-season 2001–02,2001–02 West Ham United F.C. season,1356091263,2001-09-14,Tomáš Řepka,ACF Fiorentina,Fiorentina,,,West Ham United F.C.,west_ham,"£5,500,000",no,https://news.bbc.co.uk/sport2/hi/football/teams/w/west_ham_utd/1516567.stm,BBC,14 September 2001
club-season 2001–02,2001–02 West Ham United F.C. season,1356091263,2001-11-25,Sven Andersson,Helsingborgs IF,Helsingborgs IF,,,West Ham United F.C.,west_ham,Free,no,,,
club-season 2001–02,2001–02 West Ham United F.C. season,1356091263,2002-01-11,Vladimír Labant,AC Sparta Prague,Sparta Prague,,,West Ham United F.C.,west_ham,"£1,200,000",no,,,
club-season 2001–02,2001–02 West Ham United F.C. season,1356091263,2002-02-01,David Forde,Barry Town F.C.,Barry Town,,,West Ham United F.C.,west_ham,"£15,000",no,,,
club-season 2001–02,2001–02 West Ham United F.C. season,1356091263,2001-06-14,Frank Lampard,,West Ham United F.C.,west_ham,Chelsea F.C.,Chelsea,chelsea,"£11,000,000",no,https://news.bbc.co.uk/sport2/hi/football/teams/c/chelsea/1388696.stm,British Broadcasting Corporation,14 June 2001
club-season 2001–02,2001–02 West Ham United F.C. season,1356091263,2001-06-20,Stuart Pearce,,West Ham United F.C.,west_ham,Manchester City F.C.,Manchester City,manchester_city,Free,no,https://news.bbc.co.uk/sport2/hi/football/1398512.stm,British Broadcasting Corporation,20 June 2001
club-season 2001–02,2001–02 West Ham United F.C. season,1356091263,2001-07-05,Amos Foyewa,,West Ham United F.C.,west_ham,AFC Bournemouth,Bournemouth,bournemouth,Free,no,,,
club-season 2001–02,2001–02 West Ham United F.C. season,1356091263,2001-07-11,Stevland Angus,,West Ham United F.C.,west_ham,Cambridge United F.C.,Cambridge United,,Free,no,,,
club-season 2001–02,2001–02 West Ham United F.C. season,1356091263,2001-07-13,Igor Štimac,,West Ham United F.C.,west_ham,Hajduk Split,Hajduk Split,,Free,no,https://news.bbc.co.uk/sport1/hi/football/teams/w/west_ham_utd/1438037.stm,British Broadcasting Corporation,13 July 2001
club-season 2001–02,2001–02 West Ham United F.C. season,1356091263,2001-07-14,Terrell Forbes,,West Ham United F.C.,west_ham,Queens Park Rangers F.C.,Queens Park Rangers,qpr,Free,no,,,
club-season 2001–02,2001–02 West Ham United F.C. season,1356091263,2001-08-09,Gavin Holligan,,West Ham United F.C.,west_ham,Wycombe Wanderers F.C.,Wycombe Wanderers,,Free,no,,,
club-season 2001–02,2001–02 West Ham United F.C. season,1356091263,2001-11-16,Davor Šuker,,West Ham United F.C.,west_ham,TSV 1860 Munich,1860 Munich,,Free,no,,,
club-season 2001–02,2001–02 West Ham United F.C. season,1356091263,2002-01-17,Steve Laurie,,West Ham United F.C.,west_ham,Peterborough United F.C.,Peterborough United,,Free,no,,,
club-season 2001–02,2001–02 West Ham United F.C. season,1356091263,2002-01-25,Steven Clark,,West Ham United F.C.,west_ham,Southend United F.C.,Southend United,,"£15,000",no,,,
club-season 2001–02,2001–02 West Ham United F.C. season,1356091263,2002-02-27,Anwar Uddin,,West Ham United F.C.,west_ham,Sheffield Wednesday F.C.,Sheffield Wednesday,sheffield_wednesday,Free,no,,,
club-season 2001–02,2001–02 West Ham United F.C. season,1356091263,2002-03-19,Svetoslav Todorov,,West Ham United F.C.,west_ham,Portsmouth F.C.,Portsmouth,portsmouth,"£750,000",no,https://news.bbc.co.uk/sport1/hi/football/teams/w/west_ham_utd/1866917.stm,British Broadcasting Corporation,19 March 2002
club-season 2001–02,2001–02 West Ham United F.C. season,1356091263,2002-05-01,Adam Newton,,West Ham United F.C.,west_ham,Peterborough United F.C.,Peterborough United,,Free,no,,,
