race_index,season,round,race_date,grand_prix,Giuseppe Farina,Juan Manuel Fangio,Johnnie Parsons,Lee Wallard,Luigi Fagioli,José Froilán González,Alberto Ascari,Piero Taruffi,Troy Ruttman,Bill Vukovich,Mike Hawthorn,Maurice Trintignant,Bob Sweikert,Stirling Moss,Luigi Musso,Pat Flaherty,Peter Collins,Sam Hanks,Tony Brooks,Jimmy Bryan,Jack Brabham,Rodger Ward,Jo Bonnier,Bruce McLaren,Jim Rathmann,Phil Hill,Wolfgang von Trips,Giancarlo Baghetti,Innes Ireland,Graham Hill,Jim Clark,Dan Gurney,John Surtees,Lorenzo Bandini,Jackie Stewart,Richie Ginther,Ludovico Scarfiotti,Pedro Rodríguez,Denny Hulme,Jacky Ickx,Jo Siffert,Jochen Rindt,Clay Regazzoni,Emerson Fittipaldi,Mario Andretti,Peter Gethin,François Cevert,Jean-Pierre Beltoise,Ronnie Peterson,Peter Revson,Carlos Reutemann,Niki Lauda,Jody Scheckter,Carlos Pace,Jochen Mass,James Hunt,Vittorio Brambilla,John Watson,Gunnar Nilsson,Jacques Laffite,Alan Jones,Patrick Depailler,Gilles Villeneuve,Jean-Pierre Jabouille,René Arnoux,Nelson Piquet,Didier Pironi,Alain Prost,Riccardo Patrese,Patrick Tambay,Elio de Angelis,Keke Rosberg,Michele Alboreto,Ayrton Senna,Nigel Mansell,Gerhard Berger,Thierry Boutsen,Alessandro Nannini,Michael Schumacher,Damon Hill,Jean Alesi,Johnny Herbert,David Coulthard,Jacques Villeneuve,Olivier Panis,Heinz-Harald Frentzen,Mika Häkkinen,Eddie Irvine,Rubens Barrichello,Ralf Schumacher,Juan Pablo Montoya,Kimi Räikkönen,Giancarlo Fisichella,Fernando Alonso,Jarno Trulli,Jenson Button,Felipe Massa,Lewis Hamilton,Robert Kubica,Heikki Kovalainen,Sebastian Vettel,Mark Webber,Nico Rosberg,Pastor Maldonado,Daniel Ricciardo,Max Verstappen,Valtteri Bottas,Charles Leclerc,Pierre Gasly,Sergio Pérez,Esteban Ocon,Carlos Sainz Jr.,George Russell,Lando Norris,Oscar Piastri,Kimi Antonelli
1,1950,1,1950-05-13,British Grand Prix,1,0,0,0,0,0,0,0,0,0,0,0,0,0,0,0,0,0,0,0,0,0,0,0,0,0,0,0,0,0,0,0,0,0,0,0,0,0,0,0,0,0,0,0,0,0,0,0,0,0,0,0,0,0,0,0,0,0,0,0,0,0,0,0,0,0,0,0,0,0,0,0,0,0,0,0,0,0,0,0,0,0,0,0,0,0,0,0,0,0,0,0,0,0,0,0,0,0,0,0,0,0,0,0,0,0,0,0,0,0,0,0,0,0,0,0
2,1950,2,1950-05-21,Monaco Grand Prix,1,1,0,0,0,0,0,0,0,0,0,0,0,0,0,0,0,0,0,0,0,0,0,0,0,0,0,0,0,0,0,0,0,0,0,0,0,0,0,0,0,0,0,0,0,0,0,0,0,0,0,0,0,0,0,0,0,0,0,0,0,0,0,0,0,0,0,0,0,0,0,0,0,0,0,0,0,0,0,0,0,0,0,0,0,0,0,0,0,0,0,0,0,0,0,0,0,0,0,0,0,0,0,0,0,0,0,0,0,0,0,0,0,0,0,0
3,1950,3,1950-05-30,Indianapolis 500,1,1,1,0,0,0,0,0,0,0,0,0,0,0,0,0,0,0,0,0,0,0,0,0,0,0,0,0,0,0,0,0,0,0,0,0,0,0,0,0,0,0,0,0,0,0,0,0,0,0,0,0,0,0,0,0,0,0,0,0,0,0,0,0,0,0,0,0,0,0,0,0,0,0,0,0,0,0,0,0,0,0,0,0,0,0,0,0,0,0,0,0,0,0,0,0,0,0,0,0,0,0,0,0,0,0,0,0,0,0,0,0,0,0,0,0
4,1950,4,1950-06-04,Swiss Grand Prix,2,1,1,0,0,0,0,0,0,0,0,0,0,0,0,0,0,0,0,0,0,0,0,0,0,0,0,0,0,0,0,0,0,0,0,0,0,0,0,0,0,0,0,0,0,0,0,0,0,0,0,0,0,0,0,0,0,0,0,0,0,0,0,0,0,0,0,0,0,0,0,0,0,0,0,0,0,0,0,0,0,0,0,0,0,0,0,0,0,0,0,0,0,0,0,0,0,0,0,0,0,0,0,0,0,0,0,0,0,0,0,0,0,0,0,0
5,1950,5,1950-06-18,Belgian Grand Prix,2,2,1,0,0,0,0,0,0,0,0,0,0,0,0,0,0,0,0,0,0,0,0,0,0,0,0,0,0,0,0,0,0,0,0,0,0,0,0,0,0,0,0,0,0,0,0,0,0,0,0,0,0,0,0,0,0,0,0,0,0,0,0,0,0,0,0,0,0,0,0,0,0,0,0,0,0,0,0,0,0,0,0,0,0,0,0,0,0,0,0,0,0,0,0,0,0,0,0,0,0,0,0,0,0,0,0,0,0,0,0,0,0,0,0,0
6,1950,6,1950-07-02,French Grand Prix,2,3,1,0,0,0,0,0,0,0,0,0,0,0,0,0,0,0,0,0,0,0,0,0,0,0,0,0,0,0,0,0,0,0,0,0,0,0,0,0,0,0,0,0,0,0,0,0,0,0,0,0,0,0,0,0,0,0,0,0,0,0,0,0,0,0,0,0,0,0,0,0,0,0,0,0,0,0,0,0,0,0,0,0,0,0,0,0,0,0,0,0,0,0,0,0,0,0,0,0,0,0,0,0,0,0,0,0,0,0,0,0,0,0,0,0
7,1950,7,1950-09-03,Italian Grand Prix,3,3,1,0,0,0,0,0,0,0,0,0,0,0,0,0,0,0,0,0,0,0,0,0,0,0,0,0,0,0,0,0,0,0,0,0,0,0,0,0,0,0,0,0,0,0,0,0,0,0,0,0,0,0,0,0,0,0,0,0,0,0,0,0,0,0,0,0,0,0,0,0,0,0,0,0,0,0,0,0,0,0,0,0,0,0,0,0,0,0,0,0,0,0,0,0,0,0,0,0,0,0,0,0,0,0,0,0,0,0,0,0,0,0,0,0
8,1951,1,1951-05-27,Swiss Grand Prix,3,4,1,0,0,0,0,0,0,0,0,0,0,0,0,0,0,0,0,0,0,0,0,0,0,0,0,0,0,0,0,0,0,0,0,0,0,0,0,0,0,0,0,0,0,0,0,0,0,0,0,0,0,0,0,0,0,0,0,0,0,0,0,0,0,0,0,0,0,0,0,0,0,0,0,0,0,0,0,0,0,0,0,0,0,0,0,0,0,0,0,0,0,0,0,0,0,0,0,0,0,0,0,0,0,0,0,0,0,0,0,0,0,0,0,0
9,1951,2,1951-05-30,Indianapolis 500,3,4,1,1,0,0,0,0,0,0,0,0,0,0,0,0,0,0,0,0,0,0,0,0,0,0,0,0,0,0,0,0,0,0,0,0,0,0,0,0,0,0,0,0,0,0,0,0,0,0,0,0,0,0,0,0,0,0,0,0,0,0,0,0,0,0,0,0,0,0,0,0,0,0,0,0,0,0,0,0,0,0,0,0,0,0,0,0,0,0,0,0,0,0,0,0,0,0,0,0,0,0,0,0,0,0,0,0,0,0,0,0,0,0,0,0
10,1951,3,1951-06-17,Belgian Grand Prix,4,4,1,1,0,0,0,0,0,0,0,0,0,0,0,0,0,0,0,0,0,0,0,0,0,0,0,0,0,0,0,0,0,0,0,0,0,0,0,0,0,0,0,0,0,0,0,0,0,0,0,0,0,0,0,0,0,0,0,0,0,0,0,0,0,0,0,0,0,0,0,0,0,0,0,0,0,0,0,0,0,0,0,0,0,0,0,0,0,0,0,0,0,0,0,0,0,0,0,0,0,0,0,0,0,0,0,0,0,0,0,0,0,0,0,0
11,1951,4,1951-07-01,French Grand Prix,4,5,1,1,1,0,0,0,0,0,0,0,0,0,0,0,0,0,0,0,0,0,0,0,0,0,0,0,0,0,0,0,0,0,0,0,0,0,0,0,0,0,0,0,0,0,0,0,0,0,0,0,0,0,0,0,0,0,0,0,0,0,0,0,0,0,0,0,0,0,0,0,0,0,0,0,0,0,0,0,0,0,0,0,0,0,0,0,0,0,0,0,0,0,0,0,0,0,0,0,0,0,0,0,0,0,0,0,0,0,0,0,0,0,0,0
12,1951,5,1951-07-14,British Grand Prix,4,5,1,1,1,1,0,0,0,0,0,0,0,0,0,0,0,0,0,0,0,0,0,0,0,0,0,0,0,0,0,0,0,0,0,0,0,0,0,0,0,0,0,0,0,0,0,0,0,0,0,0,0,0,0,0,0,0,0,0,0,0,0,0,0,0,0,0,0,0,0,0,0,0,0,0,0,0,0,0,0,0,0,0,0,0,0,0,0,0,0,0,0,0,0,0,0,0,0,0,0,0,0,0,0,0,0,0,0,0,0,0,0,0,0,0
13,1951,6,1951-07-29,German Grand Prix,4,5,1,1,1,1,1,0,0,0,0,0,0,0,0,0,0,0,0,0,0,0,0,0,0,0,0,0,0,0,0,0,0,0,0,0,0,0,0,0,0,0,0,0,0,0,0,0,0,0,0,0,0,0,0,0,0,0,0,0,0,0,0,0,0,0,0,0,0,0,0,0,0,0,0,0,0,0,0,0,0,0,0,0,0,0,0,0,0,0,0,0,0,0,0,0,0,0,0,0,0,0,0,0,0,0,0,0,0,0,0,0,0,0,0,0
14,1951,7,1951-09-16,Italian Grand Prix,4,5,1,1,1,1,2,0,0,0,0,0,0,0,0,0,0,0,0,0,0,0,0,0,0,0,0,0,0,0,0,0,0,0,0,0,0,0,0,0,0,0,0,0,0,0,0,0,0,0,0,0,0,0,0,0,0,0,0,0,0,0,0,0,0,0,0,0,0,0,0,0,0,0,0,0,0,0,0,0,0,0,0,0,0,0,0,0,0,0,0,0,0,0,0,0,0,0,0,0,0,0,0,0,0,0,0,0,0,0,0,0,0,0,0,0
15,1951,8,1951-10-28,Spanish Grand Prix,4,6,1,1,1,1,2,0,0,0,0,0,0,0,0,0,0,0,0,0,0,0,0,0,0,0,0,0,0,0,0,0,0,0,0,0,0,0,0,0,0,0,0,0,0,0,0,0,0,0,0,0,0,0,0,0,0,0,0,0,0,0,0,0,0,0,0,0,0,0,0,0,0,0,0,0,0,0,0,0,0,0,0,0,0,0,0,0,0,0,0,0,0,0,0,0,0,0,0,0,0,0,0,0,0,0,0,0,0,0,0,0,0,0,0,0
16,1952,1,1952-05-18,Swiss Grand Prix,4,6,1,1,1,1,2,1,0,0,0,0,0,0,0,0,0,0,0,0,0,0,0,0,0,0,0,0,0,0,0,0,0,0,0,0,0,0,0,0,0,0,0,0,0,0,0,0,0,0,0,0,0,0,0,0,0,0,0,0,0,0,0,0,0,0,0,0,0,0,0,0,0,0,0,0,0,0,0,0,0,0,0,0,0,0,0,0,0,0,0,0,0,0,0,0,0,0,0,0,0,0,0,0,0,0,0,0,0,0,0,0,0,0,0,0
17,1952,2,1952-05-30,Indianapolis 500,4,6,1,1,1,1,2,1,1,0,0,0,0,0,0,0,0,0,0,0,0,0,0,0,0,0,0,0,0,0,0,0,0,0,0,0,0,0,0,0,0,0,0,0,0,0,0,0,0,0,0,0,0,0,0,0,0,0,0,0,0,0,0,0,0,0,0,0,0,0,0,0,0,0,0,0,0,0,0,0,0,0,0,0,0,0,0,0,0,0,0,0,0,0,0,0,0,0,0,0,0,0,0,0,0,0,0,0,0,0,0,0,0,0,0,0
18,1952,3,1952-06-22,Belgian Grand Prix,4,6,1,1,1,1,3,1,1,0,0,0,0,0,0,0,0,0,0,0,0,0,0,0,0,0,0,0,0,0,0,0,0,0,0,0,0,0,0,0,0,0,0,0,0,0,0,0,0,0,0,0,0,0,0,0,0,0,0,0,0,0,0,0,0,0,0,0,0,0,0,0,0,0,0,0,0,0,0,0,0,0,0,0,0,0,0,0,0,0,0,0,0,0,0,0,0,0,0,0,0,0,0,0,0,0,0,0,0,0,0,0,0,0,0,0
19,1952,4,1952-07-06,French Grand Prix,4,6,1,1,1,1,4,1,1,0,0,0,0,0,0,0,0,0,0,0,0,0,0,0,0,0,0,0,0,0,0,0,0,0,0,0,0,0,0,0,0,0,0,0,0,0,0,0,0,0,0,0,0,0,0,0,0,0,0,0,0,0,0,0,0,0,0,0,0,0,0,0,0,0,0,0,0,0,0,0,0,0,0,0,0,0,0,0,0,0,0,0,0,0,0,0,0,0,0,0,0,0,0,0,0,0,0,0,0,0,0,0,0,0,0,0
20,1952,5,1952-07-19,British Grand Prix,4,6,1,1,1,1,5,1,1,0,0,0,0,0,0,0,0,0,0,0,0,0,0,0,0,0,0,0,0,0,0,0,0,0,0,0,0,0,0,0,0,0,0,0,0,0,0,0,0,0,0,0,0,0,0,0,0,0,0,0,0,0,0,0,0,0,0,0,0,0,0,0,0,0,0,0,0,0,0,0,0,0,0,0,0,0,0,0,0,0,0,0,0,0,0,0,0,0,0,0,0,0,0,0,0,0,0,0,0,0,0,0,0,0,0,0
21,1952,6,1952-08-03,German Grand Prix,4,6,1,1,1,1,6,1,1,0,0,0,0,0,0,0,0,0,0,0,0,0,0,0,0,0,0,0,0,0,0,0,0,0,0,0,0,0,0,0,0,0,0,0,0,0,0,0,0,0,0,0,0,0,0,0,0,0,0,0,0,0,0,0,0,0,0,0,0,0,0,0,0,0,0,0,0,0,0,0,0,0,0,0,0,0,0,0,0,0,0,0,0,0,0,0,0,0,0,0,0,0,0,0,0,0,0,0,0,0,0,0,0,0,0,0
22,1952,7,1952-08-17,Dutch Grand Prix,4,6,1,1,1,1,7,1,1,0,0,0,0,0,0,0,0,0,0,0,0,0,0,0,0,0,0,0,0,0,0,0,0,0,0,0,0,0,0,0,0,0,0,0,0,0,0,0,0,0,0,0,0,0,0,0,0,0,0,0,0,0,0,0,0,0,0,0,0,0,0,0,0,0,0,0,0,0,0,0,0,0,0,0,0,0,0,0,0,0,0,0,0,0,0,0,0,0,0,0,0,0,0,0,0,0,0,0,0,0,0,0,0,0,0,0
23,1952,8,1952-09-07,Italian Grand Prix,4,6,1,1,1,1,8,1,1,0,0,0,0,0,0,0,0,0,0,0,0,0,0,0,0,0,0,0,0,0,0,0,0,0,0,0,0,0,0,0,0,0,0,0,0,0,0,0,0,0,0,0,0,0,0,0,0,0,0,0,0,0,0,0,0,0,0,0,0,0,0,0,0,0,0,0,0,0,0,0,0,0,0,0,0,0,0,0,0,0,0,0,0,0,0,0,0,0,0,0,0,0,0,0,0,0,0,0,0,0,0,0,0,0,0,0
24,1953,1,1953-01-18,Argentine Grand Prix,4,6,1,1,1,1,9,1,1,0,0,0,0,0,0,0,0,0,0,0,0,0,0,0,0,0,0,0,0,0,0,0,0,0,0,0,0,0,0,0,0,0,0,0,0,0,0,0,0,0,0,0,0,0,0,0,0,0,0,0,0,0,0,0,0,0,0,0,0,0,0,0,0,0,0,0,0,0,0,0,0,0,0,0,0,0,0,0,0,0,0,0,0,0,0,0,0,0,0,0,0,0,0,0,0,0,0,0,0,0,0,0,0,0,0,0
25,1953,2,1953-05-30,Indianapolis 500,4,6,1,1,1,1,9,1,1,1,0,0,0,0,0,0,0,0,0,0,0,0,0,0,0,0,0,0,0,0,0,0,0,0,0,0,0,0,0,0,0,0,0,0,0,0,0,0,0,0,0,0,0,0,0,0,0,0,0,0,0,0,0,0,0,0,0,0,0,0,0,0,0,0,0,0,0,0,0,0,0,0,0,0,0,0,0,0,0,0,0,0,0,0,0,0,0,0,0,0,0,0,0,0,0,0,0,0,0,0,0,0,0,0,0,0
26,1953,3,1953-06-07,Dutch Grand Prix,4,6,1,1,1,1,10,1,1,1,0,0,0,0,0,0,0,0,0,0,0,0,0,0,0,0,0,0,0,0,0,0,0,0,0,0,0,0,0,0,0,0,0,0,0,0,0,0,0,0,0,0,0,0,0,0,0,0,0,0,0,0,0,0,0,0,0,0,0,0,0,0,0,0,0,0,0,0,0,0,0,0,0,0,0,0,0,0,0,0,0,0,0,0,0,0,0,0,0,0,0,0,0,0,0,0,0,0,0,0,0,0,0,0,0,0
27,1953,4,1953-06-21,Belgian Grand Prix,4,6,1,1,1,1,11,1,1,1,0,0,0,0,0,0,0,0,0,0,0,0,0,0,0,0,0,0,0,0,0,0,0,0,0,0,0,0,0,0,0,0,0,0,0,0,0,0,0,0,0,0,0,0,0,0,0,0,0,0,0,0,0,0,0,0,0,0,0,0,0,0,0,0,0,0,0,0,0,0,0,0,0,0,0,0,0,0,0,0,0,0,0,0,0,0,0,0,0,0,0,0,0,0,0,0,0,0,0,0,0,0,0,0,0,0
28,1953,5,1953-07-05,French Grand Prix,4,6,1,1,1,1,11,1,1,1,1,0,0,0,0,0,0,0,0,0,0,0,0,0,0,0,0,0,0,0,0,0,0,0,0,0,0,0,0,0,0,0,0,0,0,0,0,0,0,0,0,0,0,0,0,0,0,0,0,0,0,0,0,0,0,0,0,0,0,0,0,0,0,0,0,0,0,0,0,0,0,0,0,0,0,0,0,0,0,0,0,0,0,0,0,0,0,0,0,0,0,0,0,0,0,0,0,0,0,0,0,0,0,0,0,0
29,1953,6,1953-07-18,British Grand Prix,4,6,1,1,1,1,12,1,1,1,1,0,0,0,0,0,0,0,0,0,0,0,0,0,0,0,0,0,0,0,0,0,0,0,0,0,0,0,0,0,0,0,0,0,0,0,0,0,0,0,0,0,0,0,0,0,0,0,0,0,0,0,0,0,0,0,0,0,0,0,0,0,0,0,0,0,0,0,0,0,0,0,0,0,0,0,0,0,0,0,0,0,0,0,0,0,0,0,0,0,0,0,0,0,0,0,0,0,0,0,0,0,0,0,0,0
30,1953,7,1953-08-02,German Grand Prix,5,6,1,1,1,1,12,1,1,1,1,0,0,0,0,0,0,0,0,0,0,0,0,0,0,0,0,0,0,0,0,0,0,0,0,0,0,0,0,0,0,0,0,0,0,0,0,0,0,0,0,0,0,0,0,0,0,0,0,0,0,0,0,0,0,0,0,0,0,0,0,0,0,0,0,0,0,0,0,0,0,0,0,0,0,0,0,0,0,0,0,0,0,0,0,0,0,0,0,0,0,0,0,0,0,0,0,0,0,0,0,0,0,0,0,0
31,1953,8,1953-08-23,Swiss Grand Prix,5,6,1,1,1,1,13,1,1,1,1,0,0,0,0,0,0,0,0,0,0,0,0,0,0,0,0,0,0,0,0,0,0,0,0,0,0,0,0,0,0,0,0,0,0,0,0,0,0,0,0,0,0,0,0,0,0,0,0,0,0,0,0,0,0,0,0,0,0,0,0,0,0,0,0,0,0,0,0,0,0,0,0,0,0,0,0,0,0,0,0,0,0,0,0,0,0,0,0,0,0,0,0,0,0,0,0,0,0,0,0,0,0,0,0,0
32,1953,9,1953-09-13,Italian Grand Prix,5,7,1,1,1,1,13,1,1,1,1,0,0,0,0,0,0,0,0,0,0,0,0,0,0,0,0,0,0,0,0,0,0,0,0,0,0,0,0,0,0,0,0,0,0,0,0,0,0,0,0,0,0,0,0,0,0,0,0,0,0,0,0,0,0,0,0,0,0,0,0,0,0,0,0,0,0,0,0,0,0,0,0,0,0,0,0,0,0,0,0,0,0,0,0,0,0,0,0,0,0,0,0,0,0,0,0,0,0,0,0,0,0,0,0,0
33,1954,1,1954-01-17,Argentine Grand Prix,5,8,1,1,1,1,13,1,1,1,1,0,0,0,0,0,0,0,0,0,0,0,0,0,0,0,0,0,0,0,0,0,0,0,0,0,0,0,0,0,0,0,0,0,0,0,0,0,0,0,0,0,0,0,0,0,0,0,0,0,0,0,0,0,0,0,0,0,0,0,0,0,0,0,0,0,0,0,0,0,0,0,0,0,0,0,0,0,0,0,0,0,0,0,0,0,0,0,0,0,0,0,0,0,0,0,0,0,0,0,0,0,0,0,0,0
34,1954,2,1954-05-31,Indianapolis 500,5,8,1,1,1,1,13,1,1,2,1,0,0,0,0,0,0,0,0,0,0,0,0,0,0,0,0,0,0,0,0,0,0,0,0,0,0,0,0,0,0,0,0,0,0,0,0,0,0,0,0,0,0,0,0,0,0,0,0,0,0,0,0,0,0,0,0,0,0,0,0,0,0,0,0,0,0,0,0,0,0,0,0,0,0,0,0,0,0,0,0,0,0,0,0,0,0,0,0,0,0,0,0,0,0,0,0,0,0,0,0,0,0,0,0,0
35,1954,3,1954-06-20,Belgian Grand Prix,5,9,1,1,1,1,13,1,1,2,1,0,0,0,0,0,0,0,0,0,0,0,0,0,0,0,0,0,0,0,0,0,0,0,0,0,0,0,0,0,0,0,0,0,0,0,0,0,0,0,0,0,0,0,0,0,0,0,0,0,0,0,0,0,0,0,0,0,0,0,0,0,0,0,0,0,0,0,0,0,0,0,0,0,0,0,0,0,0,0,0,0,0,0,0,0,0,0,0,0,0,0,0,0,0,0,0,0,0,0,0,0,0,0,0,0
36,1954,4,1954-07-04,French Grand Prix,5,10,1,1,1,1,13,1,1,2,1,0,0,0,0,0,0,0,0,0,0,0,0,0,0,0,0,0,0,0,0,0,0,0,0,0,0,0,0,0,0,0,0,0,0,0,0,0,0,0,0,0,0,0,0,0,0,0,0,0,0,0,0,0,0,0,0,0,0,0,0,0,0,0,0,0,0,0,0,0,0,0,0,0,0,0,0,0,0,0,0,0,0,0,0,0,0,0,0,0,0,0,0,0,0,0,0,0,0,0,0,0,0,0,0,0
37,1954,5,1954-07-17,British Grand Prix,5,10,1,1,1,2,13,1,1,2,1,0,0,0,0,0,0,0,0,0,0,0,0,0,0,0,0,0,0,0,0,0,0,0,0,0,0,0,0,0,0,0,0,0,0,0,0,0,0,0,0,0,0,0,0,0,0,0,0,0,0,0,0,0,0,0,0,0,0,0,0,0,0,0,0,0,0,0,0,0,0,0,0,0,0,0,0,0,0,0,0,0,0,0,0,0,0,0,0,0,0,0,0,0,0,0,0,0,0,0,0,0,0,0,0,0
38,1954,6,1954-08-01,German Grand Prix,5,11,1,1,1,2,13,1,1,2,1,0,0,0,0,0,0,0,0,0,0,0,0,0,0,0,0,0,0,0,0,0,0,0,0,0,0,0,0,0,0,0,0,0,0,0,0,0,0,0,0,0,0,0,0,0,0,0,0,0,0,0,0,0,0,0,0,0,0,0,0,0,0,0,0,0,0,0,0,0,0,0,0,0,0,0,0,0,0,0,0,0,0,0,0,0,0,0,0,0,0,0,0,0,0,0,0,0,0,0,0,0,0,0,0,0
39,1954,7,1954-08-22,Swiss Grand Prix,5,12,1,1,1,2,13,1,1,2,1,0,0,0,0,0,0,0,0,0,0,0,0,0,0,0,0,0,0,0,0,0,0,0,0,0,0,0,0,0,0,0,0,0,0,0,0,0,0,0,0,0,0,0,0,0,0,0,0,0,0,0,0,0,0,0,0,0,0,0,0,0,0,0,0,0,0,0,0,0,0,0,0,0,0,0,0,0,0,0,0,0,0,0,0,0,0,0,0,0,0,0,0,0,0,0,0,0,0,0,0,0,0,0,0,0
40,1954,8,1954-09-05,Italian Grand Prix,5,13,1,1,1,2,13,1,1,2,1,0,0,0,0,0,0,0,0,0,0,0,0,0,0,0,0,0,0,0,0,0,0,0,0,0,0,0,0,0,0,0,0,0,0,0,0,0,0,0,0,0,0,0,0,0,0,0,0,0,0,0,0,0,0,0,0,0,0,0,0,0,0,0,0,0,0,0,0,0,0,0,0,0,0,0,0,0,0,0,0,0,0,0,0,0,0,0,0,0,0,0,0,0,0,0,0,0,0,0,0,0,0,0,0,0
41,1954,9,1954-10-24,Spanish Grand Prix,5,13,1,1,1,2,13,1,1,2,2,0,0,0,0,0,0,0,0,0,0,0,0,0,0,0,0,0,0,0,0,0,0,0,0,0,0,0,0,0,0,0,0,0,0,0,0,0,0,0,0,0,0,0,0,0,0,0,0,0,0,0,0,0,0,0,0,0,0,0,0,0,0,0,0,0,0,0,0,0,0,0,0,0,0,0,0,0,0,0,0,0,0,0,0,0,0,0,0,0,0,0,0,0,0,0,0,0,0,0,0,0,0,0,0,0
42,1955,1,1955-01-16,Argentine Grand Prix,5,14,1,1,1,2,13,1,1,2,2,0,0,0,0,0,0,0,0,0,0,0,0,0,0,0,0,0,0,0,0,0,0,0,0,0,0,0,0,0,0,0,0,0,0,0,0,0,0,0,0,0,0,0,0,0,0,0,0,0,0,0,0,0,0,0,0,0,0,0,0,0,0,0,0,0,0,0,0,0,0,0,0,0,0,0,0,0,0,0,0,0,0,0,0,0,0,0,0,0,0,0,0,0,0,0,0,0,0,0,0,0,0,0,0,0
43,1955,2,1955-05-22,Monaco Grand Prix,5,14,1,1,1,2,13,1,1,2,2,1,0,0,0,0,0,0,0,0,0,0,0,0,0,0,0,0,0,0,0,0,0,0,0,0,0,0,0,0,0,0,0,0,0,0,0,0,0,0,0,0,0,0,0,0,0,0,0,0,0,0,0,0,0,0,0,0,0,0,0,0,0,0,0,0,0,0,0,0,0,0,0,0,0,0,0,0,0,0,0,0,0,0,0,0,0,0,0,0,0,0,0,0,0,0,0,0,0,0,0,0,0,0,0,0
44,1955,3,1955-05-30,Indianapolis 500,5,14,1,1,1,2,13,1,1,2,2,1,1,0,0,0,0,0,0,0,0,0,0,0,0,0,0,0,0,0,0,0,0,0,0,0,0,0,0,0,0,0,0,0,0,0,0,0,0,0,0,0,0,0,0,0,0,0,0,0,0,0,0,0,0,0,0,0,0,0,0,0,0,0,0,0,0,0,0,0,0,0,0,0,0,0,0,0,0,0,0,0,0,0,0,0,0,0,0,0,0,0,0,0,0,0,0,0,0,0,0,0,0,0,0,0
45,1955,4,1955-06-05,Belgian Grand Prix,5,15,1,1,1,2,13,1,1,2,2,1,1,0,0,0,0,0,0,0,0,0,0,0,0,0,0,0,0,0,0,0,0,0,0,0,0,0,0,0,0,0,0,0,0,0,0,0,0,0,0,0,0,0,0,0,0,0,0,0,0,0,0,0,0,0,0,0,0,0,0,0,0,0,0,0,0,0,0,0,0,0,0,0,0,0,0,0,0,0,0,0,0,0,0,0,0,0,0,0,0,0,0,0,0,0,0,0,0,0,0,0,0,0,0,0
46,1955,5,1955-06-19,Dutch Grand Prix,5,16,1,1,1,2,13,1,1,2,2,1,1,0,0,0,0,0,0,0,0,0,0,0,0,0,0,0,0,0,0,0,0,0,0,0,0,0,0,0,0,0,0,0,0,0,0,0,0,0,0,0,0,0,0,0,0,0,0,0,0,0,0,0,0,0,0,0,0,0,0,0,0,0,0,0,0,0,0,0,0,0,0,0,0,0,0,0,0,0,0,0,0,0,0,0,0,0,0,0,0,0,0,0,0,0,0,0,0,0,0,0,0,0,0,0
47,1955,6,1955-07-16,British Grand Prix,5,16,1,1,1,2,13,1,1,2,2,1,1,1,0,0,0,0,0,0,0,0,0,0,0,0,0,0,0,0,0,0,0,0,0,0,0,0,0,0,0,0,0,0,0,0,0,0,0,0,0,0,0,0,0,0,0,0,0,0,0,0,0,0,0,0,0,0,0,0,0,0,0,0,0,0,0,0,0,0,0,0,0,0,0,0,0,0,0,0,0,0,0,0,0,0,0,0,0,0,0,0,0,0,0,0,0,0,0,0,0,0,0,0,0,0
48,1955,7,1955-09-11,Italian Grand Prix,5,17,1,1,1,2,13,1,1,2,2,1,1,1,0,0,0,0,0,0,0,0,0,0,0,0,0,0,0,0,0,0,0,0,0,0,0,0,0,0,0,0,0,0,0,0,0,0,0,0,0,0,0,0,0,0,0,0,0,0,0,0,0,0,0,0,0,0,0,0,0,0,0,0,0,0,0,0,0,0,0,0,0,0,0,0,0,0,0,0,0,0,0,0,0,0,0,0,0,0,0,0,0,0,0,0,0,0,0,0,0,0,0,0,0,0
49,1956,1,1956-01-22,Argentine Grand Prix,5,18,1,1,1,2,13,1,1,2,2,1,1,1,1,0,0,0,0,0,0,0,0,0,0,0,0,0,0,0,0,0,0,0,0,0,0,0,0,0,0,0,0,0,0,0,0,0,0,0,0,0,0,0,0,0,0,0,0,0,0,0,0,0,0,0,0,0,0,0,0,0,0,0,0,0,0,0,0,0,0,0,0,0,0,0,0,0,0,0,0,0,0,0,0,0,0,0,0,0,0,0,0,0,0,0,0,0,0,0,0,0,0,0,0,0
50,1956,2,1956-05-13,Monaco Grand Prix,5,18,1,1,1,2,13,1,1,2,2,1,1,2,1,0,0,0,0,0,0,0,0,0,0,0,0,0,0,0,0,0,0,0,0,0,0,0,0,0,0,0,0,0,0,0,0,0,0,0,0,0,0,0,0,0,0,0,0,0,0,0,0,0,0,0,0,0,0,0,0,0,0,0,0,0,0,0,0,0,0,0,0,0,0,0,0,0,0,0,0,0,0,0,0,0,0,0,0,0,0,0,0,0,0,0,0,0,0,0,0,0,0,0,0,0
51,1956,3,1956-05-30,Indianapolis 500,5,18,1,1,1,2,13,1,1,2,2,1,1,2,1,1,0,0,0,0,0,0,0,0,0,0,0,0,0,0,0,0,0,0,0,0,0,0,0,0,0,0,0,0,0,0,0,0,0,0,0,0,0,0,0,0,0,0,0,0,0,0,0,0,0,0,0,0,0,0,0,0,0,0,0,0,0,0,0,0,0,0,0,0,0,0,0,0,0,0,0,0,0,0,0,0,0,0,0,0,0,0,0,0,0,0,0,0,0,0,0,0,0,0,0,0
52,1956,4,1956-06-03,Belgian Grand Prix,5,18,1,1,1,2,13,1,1,2,2,1,1,2,1,1,1,0,0,0,0,0,0,0,0,0,0,0,0,0,0,0,0,0,0,0,0,0,0,0,0,0,0,0,0,0,0,0,0,0,0,0,0,0,0,0,0,0,0,0,0,0,0,0,0,0,0,0,0,0,0,0,0,0,0,0,0,0,0,0,0,0,0,0,0,0,0,0,0,0,0,0,0,0,0,0,0,0,0,0,0,0,0,0,0,0,0,0,0,0,0,0,0,0,0,0
53,1956,5,1956-07-01,French Grand Prix,5,18,1,1,1,2,13,1,1,2,2,1,1,2,1,1,2,0,0,0,0,0,0,0,0,0,0,0,0,0,0,0,0,0,0,0,0,0,0,0,0,0,0,0,0,0,0,0,0,0,0,0,0,0,0,0,0,0,0,0,0,0,0,0,0,0,0,0,0,0,0,0,0,0,0,0,0,0,0,0,0,0,0,0,0,0,0,0,0,0,0,0,0,0,0,0,0,0,0,0,0,0,0,0,0,0,0,0,0,0,0,0,0,0,0,0
54,1956,6,1956-07-14,British Grand Prix,5,19,1,1,1,2,13,1,1,2,2,1,1,2,1,1,2,0,0,0,0,0,0,0,0,0,0,0,0,0,0,0,0,0,0,0,0,0,0,0,0,0,0,0,0,0,0,0,0,0,0,0,0,0,0,0,0,0,0,0,0,0,0,0,0,0,0,0,0,0,0,0,0,0,0,0,0,0,0,0,0,0,0,0,0,0,0,0,0,0,0,0,0,0,0,0,0,0,0,0,0,0,0,0,0,0,0,0,0,0,0,0,0,0,0,0
55,1956,7,1956-08-05,German Grand Prix,5,20,1,1,1,2,13,1,1,2,2,1,1,2,1,1,2,0,0,0,0,0,0,0,0,0,0,0,0,0,0,0,0,0,0,0,0,0,0,0,0,0,0,0,0,0,0,0,0,0,0,0,0,0,0,0,0,0,0,0,0,0,0,0,0,0,0,0,0,0,0,0,0,0,0,0,0,0,0,0,0,0,0,0,0,0,0,0,0,0,0,0,0,0,0,0,0,0,0,0,0,0,0,0,0,0,0,0,0,0,0,0,0,0,0,0
56,1956,8,1956-09-02,Italian Grand Prix,5,20,1,1,1,2,13,1,1,2,2,1,1,3,1,1,2,0,0,0,0,0,0,0,0,0,0,0,0,0,0,0,0,0,0,0,0,0,0,0,0,0,0,0,0,0,0,0,0,0,0,0,0,0,0,0,0,0,0,0,0,0,0,0,0,0,0,0,0,0,0,0,0,0,0,0,0,0,0,0,0,0,0,0,0,0,0,0,0,0,0,0,0,0,0,0,0,0,0,0,0,0,0,0,0,0,0,0,0,0,0,0,0,0,0,0
57,1957,1,1957-01-13,Argentine Grand Prix,5,21,1,1,1,2,13,1,1,2,2,1,1,3,1,1,2,0,0,0,0,0,0,0,0,0,0,0,0,0,0,0,0,0,0,0,0,0,0,0,0,0,0,0,0,0,0,0,0,0,0,0,0,0,0,0,0,0,0,0,0,0,0,0,0,0,0,0,0,0,0,0,0,0,0,0,0,0,0,0,0,0,0,0,0,0,0,0,0,0,0,0,0,0,0,0,0,0,0,0,0,0,0,0,0,0,0,0,0,0,0,0,0,0,0,0
58,1957,2,1957-05-19,Monaco Grand Prix,5,22,1,1,1,2,13,1,1,2,2,1,1,3,1,1,2,0,0,0,0,0,0,0,0,0,0,0,0,0,0,0,0,0,0,0,0,0,0,0,0,0,0,0,0,0,0,0,0,0,0,0,0,0,0,0,0,0,0,0,0,0,0,0,0,0,0,0,0,0,0,0,0,0,0,0,0,0,0,0,0,0,0,0,0,0,0,0,0,0,0,0,0,0,0,0,0,0,0,0,0,0,0,0,0,0,0,0,0,0,0,0,0,0,0,0
59,1957,3,1957-05-30,Indianapolis 500,5,22,1,1,1,2,13,1,1,2,2,1,1,3,1,1,2,1,0,0,0,0,0,0,0,0,0,0,0,0,0,0,0,0,0,0,0,0,0,0,0,0,0,0,0,0,0,0,0,0,0,0,0,0,0,0,0,0,0,0,0,0,0,0,0,0,0,0,0,0,0,0,0,0,0,0,0,0,0,0,0,0,0,0,0,0,0,0,0,0,0,0,0,0,0,0,0,0,0,0,0,0,0,0,0,0,0,0,0,0,0,0,0,0,0,0
60,1957,4,1957-07-07,French Grand Prix,5,23,1,1,1,2,13,1,1,2,2,1,1,3,1,1,2,1,0,0,0,0,0,0,0,0,0,0,0,0,0,0,0,0,0,0,0,0,0,0,0,0,0,0,0,0,0,0,0,0,0,0,0,0,0,0,0,0,0,0,0,0,0,0,0,0,0,0,0,0,0,0,0,0,0,0,0,0,0,0,0,0,0,0,0,0,0,0,0,0,0,0,0,0,0,0,0,0,0,0,0,0,0,0,0,0,0,0,0,0,0,0,0,0,0,0
61,1957,5,1957-07-20,British Grand Prix,5,23,1,1,1,2,13,1,1,2,2,1,1,4,1,1,2,1,1,0,0,0,0,0,0,0,0,0,0,0,0,0,0,0,0,0,0,0,0,0,0,0,0,0,0,0,0,0,0,0,0,0,0,0,0,0,0,0,0,0,0,0,0,0,0,0,0,0,0,0,0,0,0,0,0,0,0,0,0,0,0,0,0,0,0,0,0,0,0,0,0,0,0,0,0,0,0,0,0,0,0,0,0,0,0,0,0,0,0,0,0,0,0,0,0,0
62,1957,6,1957-08-04,German Grand Prix,5,24,1,1,1,2,13,1,1,2,2,1,1,4,1,1,2,1,1,0,0,0,0,0,0,0,0,0,0,0,0,0,0,0,0,0,0,0,0,0,0,0,0,0,0,0,0,0,0,0,0,0,0,0,0,0,0,0,0,0,0,0,0,0,0,0,0,0,0,0,0,0,0,0,0,0,0,0,0,0,0,0,0,0,0,0,0,0,0,0,0,0,0,0,0,0,0,0,0,0,0,0,0,0,0,0,0,0,0,0,0,0,0,0,0,0
63,1957,7,1957-08-18,Pescara Grand Prix,5,24,1,1,1,2,13,1,1,2,2,1,1,5,1,1,2,1,1,0,0,0,0,0,0,0,0,0,0,0,0,0,0,0,0,0,0,0,0,0,0,0,0,0,0,0,0,0,0,0,0,0,0,0,0,0,0,0,0,0,0,0,0,0,0,0,0,0,0,0,0,0,0,0,0,0,0,0,0,0,0,0,0,0,0,0,0,0,0,0,0,0,0,0,0,0,0,0,0,0,0,0,0,0,0,0,0,0,0,0,0,0,0,0,0,0
64,1957,8,1957-09-08,Italian Grand Prix,5,24,1,1,1,2,13,1,1,2,2,1,1,6,1,1,2,1,1,0,0,0,0,0,0,0,0,0,0,0,0,0,0,0,0,0,0,0,0,0,0,0,0,0,0,0,0,0,0,0,0,0,0,0,0,0,0,0,0,0,0,0,0,0,0,0,0,0,0,0,0,0,0,0,0,0,0,0,0,0,0,0,0,0,0,0,0,0,0,0,0,0,0,0,0,0,0,0,0,0,0,0,0,0,0,0,0,0,0,0,0,0,0,0,0,0
65,1958,1,1958-01-19,Argentine Grand Prix,5,24,1,1,1,2,13,1,1,2,2,1,1,7,1,1,2,1,1,0,0,0,0,0,0,0,0,0,0,0,0,0,0,0,0,0,0,0,0,0,0,0,0,0,0,0,0,0,0,0,0,0,0,0,0,0,0,0,0,0,0,0,0,0,0,0,0,0,0,0,0,0,0,0,0,0,0,0,0,0,0,0,0,0,0,0,0,0,0,0,0,0,0,0,0,0,0,0,0,0,0,0,0,0,0,0,0,0,0,0,0,0,0,0,0,0
66,1958,2,1958-05-18,Monaco Grand Prix,5,24,1,1,1,2,13,1,1,2,2,2,1,7,1,1,2,1,1,0,0,0,0,0,0,0,0,0,0,0,0,0,0,0,0,0,0,0,0,0,0,0,0,0,0,0,0,0,0,0,0,0,0,0,0,0,0,0,0,0,0,0,0,0,0,0,0,0,0,0,0,0,0,0,0,0,0,0,0,0,0,0,0,0,0,0,0,0,0,0,0,0,0,0,0,0,0,0,0,0,0,0,0,0,0,0,0,0,0,0,0,0,0,0,0,0
67,1958,3,1958-05-26,Dutch Grand Prix,5,24,1,1,1,2,13,1,1,2,2,2,1,8,1,1,2,1,1,0,0,0,0,0,0,0,0,0,0,0,0,0,0,0,0,0,0,0,0,0,0,0,0,0,0,0,0,0,0,0,0,0,0,0,0,0,0,0,0,0,0,0,0,0,0,0,0,0,0,0,0,0,0,0,0,0,0,0,0,0,0,0,0,0,0,0,0,0,0,0,0,0,0,0,0,0,0,0,0,0,0,0,0,0,0,0,0,0,0,0,0,0,0,0,0,0
68,1958,4,1958-05-30,Indianapolis 500,5,24,1,1,1,2,13,1,1,2,2,2,1,8,1,1,2,1,1,1,0,0,0,0,0,0,0,0,0,0,0,0,0,0,0,0,0,0,0,0,0,0,0,0,0,0,0,0,0,0,0,0,0,0,0,0,0,0,0,0,0,0,0,0,0,0,0,0,0,0,0,0,0,0,0,0,0,0,0,0,0,0,0,0,0,0,0,0,0,0,0,0,0,0,0,0,0,0,0,0,0,0,0,0,0,0,0,0,0,0,0,0,0,0,0,0
69,1958,5,1958-06-15,Belgian Grand Prix,5,24,1,1,1,2,13,1,1,2,2,2,1,8,1,1,2,1,2,1,0,0,0,0,0,0,0,0,0,0,0,0,0,0,0,0,0,0,0,0,0,0,0,0,0,0,0,0,0,0,0,0,0,0,0,0,0,0,0,0,0,0,0,0,0,0,0,0,0,0,0,0,0,0,0,0,0,0,0,0,0,0,0,0,0,0,0,0,0,0,0,0,0,0,0,0,0,0,0,0,0,0,0,0,0,0,0,0,0,0,0,0,0,0,0,0
70,1958,6,1958-07-06,French Grand Prix,5,24,1,1,1,2,13,1,1,2,3,2,1,8,1,1,2,1,2,1,0,0,0,0,0,0,0,0,0,0,0,0,0,0,0,0,0,0,0,0,0,0,0,0,0,0,0,0,0,0,0,0,0,0,0,0,0,0,0,0,0,0,0,0,0,0,0,0,0,0,0,0,0,0,0,0,0,0,0,0,0,0,0,0,0,0,0,0,0,0,0,0,0,0,0,0,0,0,0,0,0,0,0,0,0,0,0,0,0,0,0,0,0,0,0,0
71,1958,7,1958-07-19,British Grand Prix,5,24,1,1,1,2,13,1,1,2,3,2,1,8,1,1,3,1,2,1,0,0,0,0,0,0,0,0,0,0,0,0,0,0,0,0,0,0,0,0,0,0,0,0,0,0,0,0,0,0,0,0,0,0,0,0,0,0,0,0,0,0,0,0,0,0,0,0,0,0,0,0,0,0,0,0,0,0,0,0,0,0,0,0,0,0,0,0,0,0,0,0,0,0,0,0,0,0,0,0,0,0,0,0,0,0,0,0,0,0,0,0,0,0,0,0
72,1958,8,1958-08-03,German Grand Prix,5,24,1,1,1,2,13,1,1,2,3,2,1,8,1,1,3,1,3,1,0,0,0,0,0,0,0,0,0,0,0,0,0,0,0,0,0,0,0,0,0,0,0,0,0,0,0,0,0,0,0,0,0,0,0,0,0,0,0,0,0,0,0,0,0,0,0,0,0,0,0,0,0,0,0,0,0,0,0,0,0,0,0,0,0,0,0,0,0,0,0,0,0,0,0,0,0,0,0,0,0,0,0,0,0,0,0,0,0,0,0,0,0,0,0,0
73,1958,9,1958-08-24,Portuguese Grand Prix,5,24,1,1,1,2,13,1,1,2,3,2,1,9,1,1,3,1,3,1,0,0,0,0,0,0,0,0,0,0,0,0,0,0,0,0,0,0,0,0,0,0,0,0,0,0,0,0,0,0,0,0,0,0,0,0,0,0,0,0,0,0,0,0,0,0,0,0,0,0,0,0,0,0,0,0,0,0,0,0,0,0,0,0,0,0,0,0,0,0,0,0,0,0,0,0,0,0,0,0,0,0,0,0,0,0,0,0,0,0,0,0,0,0,0,0
74,1958,10,1958-09-07,Italian Grand Prix,5,24,1,1,1,2,13,1,1,2,3,2,1,9,1,1,3,1,4,1,0,0,0,0,0,0,0,0,0,0,0,0,0,0,0,0,0,0,0,0,0,0,0,0,0,0,0,0,0,0,0,0,0,0,0,0,0,0,0,0,0,0,0,0,0,0,0,0,0,0,0,0,0,0,0,0,0,0,0,0,0,0,0,0,0,0,0,0,0,0,0,0,0,0,0,0,0,0,0,0,0,0,0,0,0,0,0,0,0,0,0,0,0,0,0,0
75,1958,11,1958-10-19,Moroccan Grand Prix,5,24,1,1,1,2,13,1,1,2,3,2,1,10,1,1,3,1,4,1,0,0,0,0,0,0,0,0,0,0,0,0,0,0,0,0,0,0,0,0,0,0,0,0,0,0,0,0,0,0,0,0,0,0,0,0,0,0,0,0,0,0,0,0,0,0,0,0,0,0,0,0,0,0,0,0,0,0,0,0,0,0,0,0,0,0,0,0,0,0,0,0,0,0,0,0,0,0,0,0,0,0,0,0,0,0,0,0,0,0,0,0,0,0,0,0
76,1959,1,1959-05-10,Monaco Grand Prix,5,24,1,1,1,2,13,1,1,2,3,2,1,10,1,1,3,1,4,1,1,0,0,0,0,0,0,0,0,0,0,0,0,0,0,0,0,0,0,0,0,0,0,0,0,0,0,0,0,0,0,0,0,0,0,0,0,0,0,0,0,0,0,0,0,0,0,0,0,0,0,0,0,0,0,0,0,0,0,0,0,0,0,0,0,0,0,0,0,0,0,0,0,0,0,0,0,0,0,0,0,0,0,0,0,0,0,0,0,0,0,0,0,0,0,0
77,1959,2,1959-05-30,Indianapolis 500,5,24,1,1,1,2,13,1,1,2,3,2,1,10,1,1,3,1,4,1,1,1,0,0,0,0,0,0,0,0,0,0,0,0,0,0,0,0,0,0,0,0,0,0,0,0,0,0,0,0,0,0,0,0,0,0,0,0,0,0,0,0,0,0,0,0,0,0,0,0,0,0,0,0,0,0,0,0,0,0,0,0,0,0,0,0,0,0,0,0,0,0,0,0,0,0,0,0,0,0,0,0,0,0,0,0,0,0,0,0,0,0,0,0,0,0
78,1959,3,1959-05-31,Dutch Grand Prix,5,24,1,1,1,2,13,1,1,2,3,2,1,10,1,1,3,1,4,1,1,1,1,0,0,0,0,0,0,0,0,0,0,0,0,0,0,0,0,0,0,0,0,0,0,0,0,0,0,0,0,0,0,0,0,0,0,0,0,0,0,0,0,0,0,0,0,0,0,0,0,0,0,0,0,0,0,0,0,0,0,0,0,0,0,0,0,0,0,0,0,0,0,0,0,0,0,0,0,0,0,0,0,0,0,0,0,0,0,0,0,0,0,0,0,0
79,1959,4,1959-07-05,French Grand Prix,5,24,1,1,1,2,13,1,1,2,3,2,1,10,1,1,3,1,5,1,1,1,1,0,0,0,0,0,0,0,0,0,0,0,0,0,0,0,0,0,0,0,0,0,0,0,0,0,0,0,0,0,0,0,0,0,0,0,0,0,0,0,0,0,0,0,0,0,0,0,0,0,0,0,0,0,0,0,0,0,0,0,0,0,0,0,0,0,0,0,0,0,0,0,0,0,0,0,0,0,0,0,0,0,0,0,0,0,0,0,0,0,0,0,0,0
80,1959,5,1959-07-18,British Grand Prix,5,24,1,1,1,2,13,1,1,2,3,2,1,10,1,1,3,1,5,1,2,1,1,0,0,0,0,0,0,0,0,0,0,0,0,0,0,0,0,0,0,0,0,0,0,0,0,0,0,0,0,0,0,0,0,0,0,0,0,0,0,0,0,0,0,0,0,0,0,0,0,0,0,0,0,0,0,0,0,0,0,0,0,0,0,0,0,0,0,0,0,0,0,0,0,0,0,0,0,0,0,0,0,0,0,0,0,0,0,0,0,0,0,0,0,0
81,1959,6,1959-08-02,German Grand Prix,5,24,1,1,1,2,13,1,1,2,3,2,1,10,1,1,3,1,6,1,2,1,1,0,0,0,0,0,0,0,0,0,0,0,0,0,0,0,0,0,0,0,0,0,0,0,0,0,0,0,0,0,0,0,0,0,0,0,0,0,0,0,0,0,0,0,0,0,0,0,0,0,0,0,0,0,0,0,0,0,0,0,0,0,0,0,0,0,0,0,0,0,0,0,0,0,0,0,0,0,0,0,0,0,0,0,0,0,0,0,0,0,0,0,0,0
82,1959,7,1959-08-23,Portuguese Grand Prix,5,24,1,1,1,2,13,1,1,2,3,2,1,11,1,1,3,1,6,1,2,1,1,0,0,0,0,0,0,0,0,0,0,0,0,0,0,0,0,0,0,0,0,0,0,0,0,0,0,0,0,0,0,0,0,0,0,0,0,0,0,0,0,0,0,0,0,0,0,0,0,0,0,0,0,0,0,0,0,0,0,0,0,0,0,0,0,0,0,0,0,0,0,0,0,0,0,0,0,0,0,0,0,0,0,0,0,0,0,0,0,0,0,0,0,0
83,1959,8,1959-09-13,Italian Grand Prix,5,24,1,1,1,2,13,1,1,2,3,2,1,12,1,1,3,1,6,1,2,1,1,0,0,0,0,0,0,0,0,0,0,0,0,0,0,0,0,0,0,0,0,0,0,0,0,0,0,0,0,0,0,0,0,0,0,0,0,0,0,0,0,0,0,0,0,0,0,0,0,0,0,0,0,0,0,0,0,0,0,0,0,0,0,0,0,0,0,0,0,0,0,0,0,0,0,0,0,0,0,0,0,0,0,0,0,0,0,0,0,0,0,0,0,0
84,1959,9,1959-12-12,United States Grand Prix,5,24,1,1,1,2,13,1,1,2,3,2,1,12,1,1,3,1,6,1,2,1,1,1,0,0,0,0,0,0,0,0,0,0,0,0,0,0,0,0,0,0,0,0,0,0,0,0,0,0,0,0,0,0,0,0,0,0,0,0,0,0,0,0,0,0,0,0,0,0,0,0,0,0,0,0,0,0,0,0,0,0,0,0,0,0,0,0,0,0,0,0,0,0,0,0,0,0,0,0,0,0,0,0,0,0,0,0,0,0,0,0,0,0,0,0
85,1960,1,1960-02-07,Argentine Grand Prix,5,24,1,1,1,2,13,1,1,2,3,2,1,12,1,1,3,1,6,1,2,1,1,2,0,0,0,0,0,0,0,0,0,0,0,0,0,0,0,0,0,0,0,0,0,0,0,0,0,0,0,0,0,0,0,0,0,0,0,0,0,0,0,0,0,0,0,0,0,0,0,0,0,0,0,0,0,0,0,0,0,0,0,0,0,0,0,0,0,0,0,0,0,0,0,0,0,0,0,0,0,0,0,0,0,0,0,0,0,0,0,0,0,0,0,0
86,1960,2,1960-05-29,Monaco Grand Prix,5,24,1,1,1,2,13,1,1,2,3,2,1,13,1,1,3,1,6,1,2,1,1,2,0,0,0,0,0,0,0,0,0,0,0,0,0,0,0,0,0,0,0,0,0,0,0,0,0,0,0,0,0,0,0,0,0,0,0,0,0,0,0,0,0,0,0,0,0,0,0,0,0,0,0,0,0,0,0,0,0,0,0,0,0,0,0,0,0,0,0,0,0,0,0,0,0,0,0,0,0,0,0,0,0,0,0,0,0,0,0,0,0,0,0,0
87,1960,3,1960-05-30,Indianapolis 500,5,24,1,1,1,2,13,1,1,2,3,2,1,13,1,1,3,1,6,1,2,1,1,2,1,0,0,0,0,0,0,0,0,0,0,0,0,0,0,0,0,0,0,0,0,0,0,0,0,0,0,0,0,0,0,0,0,0,0,0,0,0,0,0,0,0,0,0,0,0,0,0,0,0,0,0,0,0,0,0,0,0,0,0,0,0,0,0,0,0,0,0,0,0,0,0,0,0,0,0,0,0,0,0,0,0,0,0,0,0,0,0,0,0,0,0
88,1960,4,1960-06-06,Dutch Grand Prix,5,24,1,1,1,2,13,1,1,2,3,2,1,13,1,1,3,1,6,1,3,1,1,2,1,0,0,0,0,0,0,0,0,0,0,0,0,0,0,0,0,0,0,0,0,0,0,0,0,0,0,0,0,0,0,0,0,0,0,0,0,0,0,0,0,0,0,0,0,0,0,0,0,0,0,0,0,0,0,0,0,0,0,0,0,0,0,0,0,0,0,0,0,0,0,0,0,0,0,0,0,0,0,0,0,0,0,0,0,0,0,0,0,0,0,0
89,1960,5,1960-06-19,Belgian Grand Prix,5,24,1,1,1,2,13,1,1,2,3,2,1,13,1,1,3,1,6,1,4,1,1,2,1,0,0,0,0,0,0,0,0,0,0,0,0,0,0,0,0,0,0,0,0,0,0,0,0,0,0,0,0,0,0,0,0,0,0,0,0,0,0,0,0,0,0,0,0,0,0,0,0,0,0,0,0,0,0,0,0,0,0,0,0,0,0,0,0,0,0,0,0,0,0,0,0,0,0,0,0,0,0,0,0,0,0,0,0,0,0,0,0,0,0,0
90,1960,6,1960-07-03,French Grand Prix,5,24,1,1,1,2,13,1,1,2,3,2,1,13,1,1,3,1,6,1,5,1,1,2,1,0,0,0,0,0,0,0,0,0,0,0,0,0,0,0,0,0,0,0,0,0,0,0,0,0,0,0,0,0,0,0,0,0,0,0,0,0,0,0,0,0,0,0,0,0,0,0,0,0,0,0,0,0,0,0,0,0,0,0,0,0,0,0,0,0,0,0,0,0,0,0,0,0,0,0,0,0,0,0,0,0,0,0,0,0,0,0,0,0,0,0
91,1960,7,1960-07-16,British Grand Prix,5,24,1,1,1,2,13,1,1,2,3,2,1,13,1,1,3,1,6,1,6,1,1,2,1,0,0,0,0,0,0,0,0,0,0,0,0,0,0,0,0,0,0,0,0,0,0,0,0,0,0,0,0,0,0,0,0,0,0,0,0,0,0,0,0,0,0,0,0,0,0,0,0,0,0,0,0,0,0,0,0,0,0,0,0,0,0,0,0,0,0,0,0,0,0,0,0,0,0,0,0,0,0,0,0,0,0,0,0,0,0,0,0,0,0,0
92,1960,8,1960-08-14,Portuguese Grand Prix,5,24,1,1,1,2,13,1,1,2,3,2,1,13,1,1,3,1,6,1,7,1,1,2,1,0,0,0,0,0,0,0,0,0,0,0,0,0,0,0,0,0,0,0,0,0,0,0,0,0,0,0,0,0,0,0,0,0,0,0,0,0,0,0,0,0,0,0,0,0,0,0,0,0,0,0,0,0,0,0,0,0,0,0,0,0,0,0,0,0,0,0,0,0,0,0,0,0,0,0,0,0,0,0,0,0,0,0,0,0,0,0,0,0,0,0
93,1960,9,1960-09-04,Italian Grand Prix,5,24,1,1,1,2,13,1,1,2,3,2,1,13,1,1,3,1,6,1,7,1,1,2,1,1,0,0,0,0,0,0,0,0,0,0,0,0,0,0,0,0,0,0,0,0,0,0,0,0,0,0,0,0,0,0,0,0,0,0,0,0,0,0,0,0,0,0,0,0,0,0,0,0,0,0,0,0,0,0,0,0,0,0,0,0,0,0,0,0,0,0,0,0,0,0,0,0,0,0,0,0,0,0,0,0,0,0,0,0,0,0,0,0,0,0
94,1960,10,1960-11-20,United States Grand Prix,5,24,1,1,1,2,13,1,1,2,3,2,1,14,1,1,3,1,6,1,7,1,1,2,1,1,0,0,0,0,0,0,0,0,0,0,0,0,0,0,0,0,0,0,0,0,0,0,0,0,0,0,0,0,0,0,0,0,0,0,0,0,0,0,0,0,0,0,0,0,0,0,0,0,0,0,0,0,0,0,0,0,0,0,0,0,0,0,0,0,0,0,0,0,0,0,0,0,0,0,0,0,0,0,0,0,0,0,0,0,0,0,0,0,0,0
95,1961,1,1961-05-14,Monaco Grand Prix,5,24,1,1,1,2,13,1,1,2,3,2,1,15,1,1,3,1,6,1,7,1,1,2,1,1,0,0,0,0,0,0,0,0,0,0,0,0,0,0,0,0,0,0,0,0,0,0,0,0,0,0,0,0,0,0,0,0,0,0,0,0,0,0,0,0,0,0,0,0,0,0,0,0,0,0,0,0,0,0,0,0,0,0,0,0,0,0,0,0,0,0,0,0,0,0,0,0,0,0,0,0,0,0,0,0,0,0,0,0,0,0,0,0,0,0
96,1961,2,1961-05-22,Dutch Grand Prix,5,24,1,1,1,2,13,1,1,2,3,2,1,15,1,1,3,1,6,1,7,1,1,2,1,1,1,0,0,0,0,0,0,0,0,0,0,0,0,0,0,0,0,0,0,0,0,0,0,0,0,0,0,0,0,0,0,0,0,0,0,0,0,0,0,0,0,0,0,0,0,0,0,0,0,0,0,0,0,0,0,0,0,0,0,0,0,0,0,0,0,0,0,0,0,0,0,0,0,0,0,0,0,0,0,0,0,0,0,0,0,0,0,0,0,0
97,1961,3,1961-06-18,Belgian Grand Prix,5,24,1,1,1,2,13,1,1,2,3,2,1,15,1,1,3,1,6,1,7,1,1,2,1,2,1,0,0,0,0,0,0,0,0,0,0,0,0,0,0,0,0,0,0,0,0,0,0,0,0,0,0,0,0,0,0,0,0,0,0,0,0,0,0,0,0,0,0,0,0,0,0,0,0,0,0,0,0,0,0,0,0,0,0,0,0,0,0,0,0,0,0,0,0,0,0,0,0,0,0,0,0,0,0,0,0,0,0,0,0,0,0,0,0,0
98,1961,4,1961-07-02,French Grand Prix,5,24,1,1,1,2,13,1,1,2,3,2,1,15,1,1,3,1,6,1,7,1,1,2,1,2,1,1,0,0,0,0,0,0,0,0,0,0,0,0,0,0,0,0,0,0,0,0,0,0,0,0,0,0,0,0,0,0,0,0,0,0,0,0,0,0,0,0,0,0,0,0,0,0,0,0,0,0,0,0,0,0,0,0,0,0,0,0,0,0,0,0,0,0,0,0,0,0,0,0,0,0,0,0,0,0,0,0,0,0,0,0,0,0,0,0
99,1961,5,1961-07-15,British Grand Prix,5,24,1,1,1,2,13,1,1,2,3,2,1,15,1,1,3,1,6,1,7,1,1,2,1,2,2,1,0,0,0,0,0,0,0,0,0,0,0,0,0,0,0,0,0,0,0,0,0,0,0,0,0,0,0,0,0,0,0,0,0,0,0,0,0,0,0,0,0,0,0,0,0,0,0,0,0,0,0,0,0,0,0,0,0,0,0,0,0,0,0,0,0,0,0,0,0,0,0,0,0,0,0,0,0,0,0,0,0,0,0,0,0,0,0,0
100,1961,6,1961-08-06,German Grand Prix,5,24,1,1,1,2,13,1,1,2,3,2,1,16,1,1,3,1,6,1,7,1,1,2,1,2,2,1,0,0,0,0,0,0,0,0,0,0,0,0,0,0,0,0,0,0,0,0,0,0,0,0,0,0,0,0,0,0,0,0,0,0,0,0,0,0,0,0,0,0,0,0,0,0,0,0,0,0,0,0,0,0,0,0,0,0,0,0,0,0,0,0,0,0,0,0,0,0,0,0,0,0,0,0,0,0,0,0,0,0,0,0,0,0,0,0
101,1961,7,1961-09-10,Italian Grand Prix,5,24,1,1,1,2,13,1,1,2,3,2,1,16,1,1,3,1,6,1,7,1,1,2,1,3,2,1,0,0,0,0,0,0,0,0,0,0,0,0,0,0,0,0,0,0,0,0,0,0,0,0,0,0,0,0,0,0,0,0,0,0,0,0,0,0,0,0,0,0,0,0,0,0,0,0,0,0,0,0,0,0,0,0,0,0,0,0,0,0,0,0,0,0,0,0,0,0,0,0,0,0,0,0,0,0,0,0,0,0,0,0,0,0,0,0
102,1961,8,1961-10-08,United States Grand Prix,5,24,1,1,1,2,13,1,1,2,3,2,1,16,1,1,3,1,6,1,7,1,1,2,1,3,2,1,1,0,0,0,0,0,0,0,0,0,0,0,0,0,0,0,0,0,0,0,0,0,0,0,0,0,0,0,0,0,0,0,0,0,0,0,0,0,0,0,0,0,0,0,0,0,0,0,0,0,0,0,0,0,0,0,0,0,0,0,0,0,0,0,0,0,0,0,0,0,0,0,0,0,0,0,0,0,0,0,0,0,0,0,0,0,0,0
103,1962,1,1962-05-20,Dutch Grand Prix,5,24,1,1,1,2,13,1,1,2,3,2,1,16,1,1,3,1,6,1,7,1,1,2,1,3,2,1,1,1,0,0,0,0,0,0,0,0,0,0,0,0,0,0,0,0,0,0,0,0,0,0,0,0,0,0,0,0,0,0,0,0,0,0,0,0,0,0,0,0,0,0,0,0,0,0,0,0,0,0,0,0,0,0,0,0,0,0,0,0,0,0,0,0,0,0,0,0,0,0,0,0,0,0,0,0,0,0,0,0,0,0,0,0,0,0
104,1962,2,1962-06-03,Monaco Grand Prix,5,24,1,1,1,2,13,1,1,2,3,2,1,16,1,1,3,1,6,1,7,1,1,3,1,3,2,1,1,1,0,0,0,0,0,0,0,0,0,0,0,0,0,0,0,0,0,0,0,0,0,0,0,0,0,0,0,0,0,0,0,0,0,0,0,0,0,0,0,0,0,0,0,0,0,0,0,0,0,0,0,0,0,0,0,0,0,0,0,0,0,0,0,0,0,0,0,0,0,0,0,0,0,0,0,0,0,0,0,0,0,0,0,0,0,0
105,1962,3,1962-06-17,Belgian Grand Prix,5,24,1,1,1,2,13,1,1,2,3,2,1,16,1,1,3,1,6,1,7,1,1,3,1,3,2,1,1,1,1,0,0,0,0,0,0,0,0,0,0,0,0,0,0,0,0,0,0,0,0,0,0,0,0,0,0,0,0,0,0,0,0,0,0,0,0,0,0,0,0,0,0,0,0,0,0,0,0,0,0,0,0,0,0,0,0,0,0,0,0,0,0,0,0,0,0,0,0,0,0,0,0,0,0,0,0,0,0,0,0,0,0,0,0,0
106,1962,4,1962-07-08,French Grand Prix,5,24,1,1,1,2,13,1,1,2,3,2,1,16,1,1,3,1,6,1,7,1,1,3,1,3,2,1,1,1,1,1,0,0,0,0,0,0,0,0,0,0,0,0,0,0,0,0,0,0,0,0,0,0,0,0,0,0,0,0,0,0,0,0,0,0,0,0,0,0,0,0,0,0,0,0,0,0,0,0,0,0,0,0,0,0,0,0,0,0,0,0,0,0,0,0,0,0,0,0,0,0,0,0,0,0,0,0,0,0,0,0,0,0,0,0
107,1962,5,1962-07-21,British Grand Prix,5,24,1,1,1,2,13,1,1,2,3,2,1,16,1,1,3,1,6,1,7,1,1,3,1,3,2,1,1,1,2,1,0,0,0,0,0,0,0,0,0,0,0,0,0,0,0,0,0,0,0,0,0,0,0,0,0,0,0,0,0,0,0,0,0,0,0,0,0,0,0,0,0,0,0,0,0,0,0,0,0,0,0,0,0,0,0,0,0,0,0,0,0,0,0,0,0,0,0,0,0,0,0,0,0,0,0,0,0,0,0,0,0,0,0,0
108,1962,6,1962-08-05,German Grand Prix,5,24,1,1,1,2,13,1,1,2,3,2,1,16,1,1,3,1,6,1,7,1,1,3,1,3,2,1,1,2,2,1,0,0,0,0,0,0,0,0,0,0,0,0,0,0,0,0,0,0,0,0,0,0,0,0,0,0,0,0,0,0,0,0,0,0,0,0,0,0,0,0,0,0,0,0,0,0,0,0,0,0,0,0,0,0,0,0,0,0,0,0,0,0,0,0,0,0,0,0,0,0,0,0,0,0,0,0,0,0,0,0,0,0,0,0
109,1962,7,1962-09-16,Italian Grand Prix,5,24,1,1,1,2,13,1,1,2,3,2,1,16,1,1,3,1,6,1,7,1,1,3,1,3,2,1,1,3,2,1,0,0,0,0,0,0,0,0,0,0,0,0,0,0,0,0,0,0,0,0,0,0,0,0,0,0,0,0,0,0,0,0,0,0,0,0,0,0,0,0,0,0,0,0,0,0,0,0,0,0,0,0,0,0,0,0,0,0,0,0,0,0,0,0,0,0,0,0,0,0,0,0,0,0,0,0,0,0,0,0,0,0,0,0
110,1962,8,1962-10-07,United States Grand Prix,5,24,1,1,1,2,13,1,1,2,3,2,1,16,1,1,3,1,6,1,7,1,1,3,1,3,2,1,1,3,3,1,0,0,0,0,0,0,0,0,0,0,0,0,0,0,0,0,0,0,0,0,0,0,0,0,0,0,0,0,0,0,0,0,0,0,0,0,0,0,0,0,0,0,0,0,0,0,0,0,0,0,0,0,0,0,0,0,0,0,0,0,0,0,0,0,0,0,0,0,0,0,0,0,0,0,0,0,0,0,0,0,0,0,0,0
111,1962,9,1962-12-29,South African Grand Prix,5,24,1,1,1,2,13,1,1,2,3,2,1,16,1,1,3,1,6,1,7,1,1,3,1,3,2,1,1,4,3,1,0,0,0,0,0,0,0,0,0,0,0,0,0,0,0,0,0,0,0,0,0,0,0,0,0,0,0,0,0,0,0,0,0,0,0,0,0,0,0,0,0,0,0,0,0,0,0,0,0,0,0,0,0,0,0,0,0,0,0,0,0,0,0,0,0,0,0,0,0,0,0,0,0,0,0,0,0,0,0,0,0,0,0,0
112,1963,1,1963-05-26,Monaco Grand Prix,5,24,1,1,1,2,13,1,1,2,3,2,1,16,1,1,3,1,6,1,7,1,1,3,1,3,2,1,1,5,3,1,0,0,0,0,0,0,0,0,0,0,0,0,0,0,0,0,0,0,0,0,0,0,0,0,0,0,0,0,0,0,0,0,0,0,0,0,0,0,0,0,0,0,0,0,0,0,0,0,0,0,0,0,0,0,0,0,0,0,0,0,0,0,0,0,0,0,0,0,0,0,0,0,0,0,0,0,0,0,0,0,0,0,0,0
113,1963,2,1963-06-09,Belgian Grand Prix,5,24,1,1,1,2,13,1,1,2,3,2,1,16,1,1,3,1,6,1,7,1,1,3,1,3,2,1,1,5,4,1,0,0,0,0,0,0,0,0,0,0,0,0,0,0,0,0,0,0,0,0,0,0,0,0,0,0,0,0,0,0,0,0,0,0,0,0,0,0,0,0,0,0,0,0,0,0,0,0,0,0,0,0,0,0,0,0,0,0,0,0,0,0,0,0,0,0,0,0,0,0,0,0,0,0,0,0,0,0,0,0,0,0,0,0
114,1963,3,1963-06-23,Dutch Grand Prix,5,24,1,1,1,2,13,1,1,2,3,2,1,16,1,1,3,1,6,1,7,1,1,3,1,3,2,1,1,5,5,1,0,0,0,0,0,0,0,0,0,0,0,0,0,0,0,0,0,0,0,0,0,0,0,0,0,0,0,0,0,0,0,0,0,0,0,0,0,0,0,0,0,0,0,0,0,0,0,0,0,0,0,0,0,0,0,0,0,0,0,0,0,0,0,0,0,0,0,0,0,0,0,0,0,0,0,0,0,0,0,0,0,0,0,0
115,1963,4,1963-06-30,French Grand Prix,5,24,1,1,1,2,13,1,1,2,3,2,1,16,1,1,3,1,6,1,7,1,1,3,1,3,2,1,1,5,6,1,0,0,0,0,0,0,0,0,0,0,0,0,0,0,0,0,0,0,0,0,0,0,0,0,0,0,0,0,0,0,0,0,0,0,0,0,0,0,0,0,0,0,0,0,0,0,0,0,0,0,0,0,0,0,0,0,0,0,0,0,0,0,0,0,0,0,0,0,0,0,0,0,0,0,0,0,0,0,0,0,0,0,0,0
116,1963,5,1963-07-20,British Grand Prix,5,24,1,1,1,2,13,1,1,2,3,2,1,16,1,1,3,1,6,1,7,1,1,3,1,3,2,1,1,5,7,1,0,0,0,0,0,0,0,0,0,0,0,0,0,0,0,0,0,0,0,0,0,0,0,0,0,0,0,0,0,0,0,0,0,0,0,0,0,0,0,0,0,0,0,0,0,0,0,0,0,0,0,0,0,0,0,0,0,0,0,0,0,0,0,0,0,0,0,0,0,0,0,0,0,0,0,0,0,0,0,0,0,0,0,0
117,1963,6,1963-08-04,German Grand Prix,5,24,1,1,1,2,13,1,1,2,3,2,1,16,1,1,3,1,6,1,7,1,1,3,1,3,2,1,1,5,7,1,1,0,0,0,0,0,0,0,0,0,0,0,0,0,0,0,0,0,0,0,0,0,0,0,0,0,0,0,0,0,0,0,0,0,0,0,0,0,0,0,0,0,0,0,0,0,0,0,0,0,0,0,0,0,0,0,0,0,0,0,0,0,0,0,0,0,0,0,0,0,0,0,0,0,0,0,0,0,0,0,0,0,0,0
118,1963,7,1963-09-08,Italian Grand Prix,5,24,1,1,1,2,13,1,1,2,3,2,1,16,1,1,3,1,6,1,7,1,1,3,1,3,2,1,1,5,8,1,1,0,0,0,0,0,0,0,0,0,0,0,0,0,0,0,0,0,0,0,0,0,0,0,0,0,0,0,0,0,0,0,0,0,0,0,0,0,0,0,0,0,0,0,0,0,0,0,0,0,0,0,0,0,0,0,0,0,0,0,0,0,0,0,0,0,0,0,0,0,0,0,0,0,0,0,0,0,0,0,0,0,0,0
119,1963,8,1963-10-06,United States Grand Prix,5,24,1,1,1,2,13,1,1,2,3,2,1,16,1,1,3,1,6,1,7,1,1,3,1,3,2,1,1,6,8,1,1,0,0,0,0,0,0,0,0,0,0,0,0,0,0,0,0,0,0,0,0,0,0,0,0,0,0,0,0,0,0,0,0,0,0,0,0,0,0,0,0,0,0,0,0,0,0,0,0,0,0,0,0,0,0,0,0,0,0,0,0,0,0,0,0,0,0,0,0,0,0,0,0,0,0,0,0,0,0,0,0,0,0,0
120,1963,9,1963-10-27,Mexican Grand Prix,5,24,1,1,1,2,13,1,1,2,3,2,1,16,1,1,3,1,6,1,7,1,1,3,1,3,2,1,1,6,9,1,1,0,0,0,0,0,0,0,0,0,0,0,0,0,0,0,0,0,0,0,0,0,0,0,0,0,0,0,0,0,0,0,0,0,0,0,0,0,0,0,0,0,0,0,0,0,0,0,0,0,0,0,0,0,0,0,0,0,0,0,0,0,0,0,0,0,0,0,0,0,0,0,0,0,0,0,0,0,0,0,0,0,0,0
121,1963,10,1963-12-28,South African Grand Prix,5,24,1,1,1,2,13,1,1,2,3,2,1,16,1,1,3,1,6,1,7,1,1,3,1,3,2,1,1,6,10,1,1,0,0,0,0,0,0,0,0,0,0,0,0,0,0,0,0,0,0,0,0,0,0,0,0,0,0,0,0,0,0,0,0,0,0,0,0,0,0,0,0,0,0,0,0,0,0,0,0,0,0,0,0,0,0,0,0,0,0,0,0,0,0,0,0,0,0,0,0,0,0,0,0,0,0,0,0,0,0,0,0,0,0,0
122,1964,1,1964-05-10,Monaco Grand Prix,5,24,1,1,1,2,13,1,1,2,3,2,1,16,1,1,3,1,6,1,7,1,1,3,1,3,2,1,1,7,10,1,1,0,0,0,0,0,0,0,0,0,0,0,0,0,0,0,0,0,0,0,0,0,0,0,0,0,0,0,0,0,0,0,0,0,0,0,0,0,0,0,0,0,0,0,0,0,0,0,0,0,0,0,0,0,0,0,0,0,0,0,0,0,0,0,0,0,0,0,0,0,0,0,0,0,0,0,0,0,0,0,0,0,0,0
123,1964,2,1964-05-24,Dutch Grand Prix,5,24,1,1,1,2,13,1,1,2,3,2,1,16,1,1,3,1,6,1,7,1,1,3,1,3,2,1,1,7,11,1,1,0,0,0,0,0,0,0,0,0,0,0,0,0,0,0,0,0,0,0,0,0,0,0,0,0,0,0,0,0,0,0,0,0,0,0,0,0,0,0,0,0,0,0,0,0,0,0,0,0,0,0,0,0,0,0,0,0,0,0,0,0,0,0,0,0,0,0,0,0,0,0,0,0,0,0,0,0,0,0,0,0,0,0
124,1964,3,1964-06-14,Belgian Grand Prix,5,24,1,1,1,2,13,1,1,2,3,2,1,16,1,1,3,1,6,1,7,1,1,3,1,3,2,1,1,7,12,1,1,0,0,0,0,0,0,0,0,0,0,0,0,0,0,0,0,0,0,0,0,0,0,0,0,0,0,0,0,0,0,0,0,0,0,0,0,0,0,0,0,0,0,0,0,0,0,0,0,0,0,0,0,0,0,0,0,0,0,0,0,0,0,0,0,0,0,0,0,0,0,0,0,0,0,0,0,0,0,0,0,0,0,0
125,1964,4,1964-06-28,French Grand Prix,5,24,1,1,1,2,13,1,1,2,3,2,1,16,1,1,3,1,6,1,7,1,1,3,1,3,2,1,1,7,12,2,1,0,0,0,0,0,0,0,0,0,0,0,0,0,0,0,0,0,0,0,0,0,0,0,0,0,0,0,0,0,0,0,0,0,0,0,0,0,0,0,0,0,0,0,0,0,0,0,0,0,0,0,0,0,0,0,0,0,0,0,0,0,0,0,0,0,0,0,0,0,0,0,0,0,0,0,0,0,0,0,0,0,0,0
126,1964,5,1964-07-11,British Grand Prix,5,24,1,1,1,2,13,1,1,2,3,2,1,16,1,1,3,1,6,1,7,1,1,3,1,3,2,1,1,7,13,2,1,0,0,0,0,0,0,0,0,0,0,0,0,0,0,0,0,0,0,0,0,0,0,0,0,0,0,0,0,0,0,0,0,0,0,0,0,0,0,0,0,0,0,0,0,0,0,0,0,0,0,0,0,0,0,0,0,0,0,0,0,0,0,0,0,0,0,0,0,0,0,0,0,0,0,0,0,0,0,0,0,0,0,0
127,1964,6,1964-08-02,German Grand Prix,5,24,1,1,1,2,13,1,1,2,3,2,1,16,1,1,3,1,6,1,7,1,1,3,1,3,2,1,1,7,13,2,2,0,0,0,0,0,0,0,0,0,0,0,0,0,0,0,0,0,0,0,0,0,0,0,0,0,0,0,0,0,0,0,0,0,0,0,0,0,0,0,0,0,0,0,0,0,0,0,0,0,0,0,0,0,0,0,0,0,0,0,0,0,0,0,0,0,0,0,0,0,0,0,0,0,0,0,0,0,0,0,0,0,0,0
128,1964,7,1964-08-23,Austrian Grand Prix,5,24,1,1,1,2,13,1,1,2,3,2,1,16,1,1,3,1,6,1,7,1,1,3,1,3,2,1,1,7,13,2,2,1,0,0,0,0,0,0,0,0,0,0,0,0,0,0,0,0,0,0,0,0,0,0,0,0,0,0,0,0,0,0,0,0,0,0,0,0,0,0,0,0,0,0,0,0,0,0,0,0,0,0,0,0,0,0,0,0,0,0,0,0,0,0,0,0,0,0,0,0,0,0,0,0,0,0,0,0,0,0,0,0,0,0
129,1964,8,1964-09-06,Italian Grand Prix,5,24,1,1,1,2,13,1,1,2,3,2,1,16,1,1,3,1,6,1,7,1,1,3,1,3,2,1,1,7,13,2,3,1,0,0,0,0,0,0,0,0,0,0,0,0,0,0,0,0,0,0,0,0,0,0,0,0,0,0,0,0,0,0,0,0,0,0,0,0,0,0,0,0,0,0,0,0,0,0,0,0,0,0,0,0,0,0,0,0,0,0,0,0,0,0,0,0,0,0,0,0,0,0,0,0,0,0,0,0,0,0,0,0,0,0
130,1964,9,1964-10-04,United States Grand Prix,5,24,1,1,1,2,13,1,1,2,3,2,1,16,1,1,3,1,6,1,7,1,1,3,1,3,2,1,1,8,13,2,3,1,0,0,0,0,0,0,0,0,0,0,0,0,0,0,0,0,0,0,0,0,0,0,0,0,0,0,0,0,0,0,0,0,0,0,0,0,0,0,0,0,0,0,0,0,0,0,0,0,0,0,0,0,0,0,0,0,0,0,0,0,0,0,0,0,0,0,0,0,0,0,0,0,0,0,0,0,0,0,0,0,0,0
131,1964,10,1964-10-25,Mexican Grand Prix,5,24,1,1,1,2,13,1,1,2,3,2,1,16,1,1,3,1,6,1,7,1,1,3,1,3,2,1,1,8,13,3,3,1,0,0,0,0,0,0,0,0,0,0,0,0,0,0,0,0,0,0,0,0,0,0,0,0,0,0,0,0,0,0,0,0,0,0,0,0,0,0,0,0,0,0,0,0,0,0,0,0,0,0,0,0,0,0,0,0,0,0,0,0,0,0,0,0,0,0,0,0,0,0,0,0,0,0,0,0,0,0,0,0,0,0
132,1965,1,1965-01-01,South African Grand Prix,5,24,1,1,1,2,13,1,1,2,3,2,1,16,1,1,3,1,6,1,7,1,1,3,1,3,2,1,1,8,14,3,3,1,0,0,0,0,0,0,0,0,0,0,0,0,0,0,0,0,0,0,0,0,0,0,0,0,0,0,0,0,0,0,0,0,0,0,0,0,0,0,0,0,0,0,0,0,0,0,0,0,0,0,0,0,0,0,0,0,0,0,0,0,0,0,0,0,0,0,0,0,0,0,0,0,0,0,0,0,0,0,0,0,0,0
133,1965,2,1965-05-30,Monaco Grand Prix,5,24,1,1,1,2,13,1,1,2,3,2,1,16,1,1,3,1,6,1,7,1,1,3,1,3,2,1,1,9,14,3,3,1,0,0,0,0,0,0,0,0,0,0,0,0,0,0,0,0,0,0,0,0,0,0,0,0,0,0,0,0,0,0,0,0,0,0,0,0,0,0,0,0,0,0,0,0,0,0,0,0,0,0,0,0,0,0,0,0,0,0,0,0,0,0,0,0,0,0,0,0,0,0,0,0,0,0,0,0,0,0,0,0,0,0
134,1965,3,1965-06-13,Belgian Grand Prix,5,24,1,1,1,2,13,1,1,2,3,2,1,16,1,1,3,1,6,1,7,1,1,3,1,3,2,1,1,9,15,3,3,1,0,0,0,0,0,0,0,0,0,0,0,0,0,0,0,0,0,0,0,0,0,0,0,0,0,0,0,0,0,0,0,0,0,0,0,0,0,0,0,0,0,0,0,0,0,0,0,0,0,0,0,0,0,0,0,0,0,0,0,0,0,0,0,0,0,0,0,0,0,0,0,0,0,0,0,0,0,0,0,0,0,0
135,1965,4,1965-06-27,French Grand Prix,5,24,1,1,1,2,13,1,1,2,3,2,1,16,1,1,3,1,6,1,7,1,1,3,1,3,2,1,1,9,16,3,3,1,0,0,0,0,0,0,0,0,0,0,0,0,0,0,0,0,0,0,0,0,0,0,0,0,0,0,0,0,0,0,0,0,0,0,0,0,0,0,0,0,0,0,0,0,0,0,0,0,0,0,0,0,0,0,0,0,0,0,0,0,0,0,0,0,0,0,0,0,0,0,0,0,0,0,0,0,0,0,0,0,0,0
136,1965,5,1965-07-10,British Grand Prix,5,24,1,1,1,2,13,1,1,2,3,2,1,16,1,1,3,1,6,1,7,1,1,3,1,3,2,1,1,9,17,3,3,1,0,0,0,0,0,0,0,0,0,0,0,0,0,0,0,0,0,0,0,0,0,0,0,0,0,0,0,0,0,0,0,0,0,0,0,0,0,0,0,0,0,0,0,0,0,0,0,0,0,0,0,0,0,0,0,0,0,0,0,0,0,0,0,0,0,0,0,0,0,0,0,0,0,0,0,0,0,0,0,0,0,0
137,1965,6,1965-07-18,Dutch Grand Prix,5,24,1,1,1,2,13,1,1,2,3,2,1,16,1,1,3,1,6,1,7,1,1,3,1,3,2,1,1,9,18,3,3,1,0,0,0,0,0,0,0,0,0,0,0,0,0,0,0,0,0,0,0,0,0,0,0,0,0,0,0,0,0,0,0,0,0,0,0,0,0,0,0,0,0,0,0,0,0,0,0,0,0,0,0,0,0,0,0,0,0,0,0,0,0,0,0,0,0,0,0,0,0,0,0,0,0,0,0,0,0,0,0,0,0,0
138,1965,7,1965-08-01,German Grand Prix,5,24,1,1,1,2,13,1,1,2,3,2,1,16,1,1,3,1,6,1,7,1,1,3,1,3,2,1,1,9,19,3,3,1,0,0,0,0,0,0,0,0,0,0,0,0,0,0,0,0,0,0,0,0,0,0,0,0,0,0,0,0,0,0,0,0,0,0,0,0,0,0,0,0,0,0,0,0,0,0,0,0,0,0,0,0,0,0,0,0,0,0,0,0,0,0,0,0,0,0,0,0,0,0,0,0,0,0,0,0,0,0,0,0,0,0
139,1965,8,1965-09-12,Italian Grand Prix,5,24,1,1,1,2,13,1,1,2,3,2,1,16,1,1,3,1,6,1,7,1,1,3,1,3,2,1,1,9,19,3,3,1,1,0,0,0,0,0,0,0,0,0,0,0,0,0,0,0,0,0,0,0,0,0,0,0,0,0,0,0,0,0,0,0,0,0,0,0,0,0,0,0,0,0,0,0,0,0,0,0,0,0,0,0,0,0,0,0,0,0,0,0,0,0,0,0,0,0,0,0,0,0,0,0,0,0,0,0,0,0,0,0,0,0
140,1965,9,1965-10-03,United States Grand Prix,5,24,1,1,1,2,13,1,1,2,3,2,1,16,1,1,3,1,6,1,7,1,1,3,1,3,2,1,1,10,19,3,3,1,1,0,0,0,0,0,0,0,0,0,0,0,0,0,0,0,0,0,0,0,0,0,0,0,0,0,0,0,0,0,0,0,0,0,0,0,0,0,0,0,0,0,0,0,0,0,0,0,0,0,0,0,0,0,0,0,0,0,0,0,0,0,0,0,0,0,0,0,0,0,0,0,0,0,0,0,0,0,0,0,0,0
141,1965,10,1965-10-24,Mexican Grand Prix,5,24,1,1,1,2,13,1,1,2,3,2,1,16,1,1,3,1,6,1,7,1,1,3,1,3,2,1,1,10,19,3,3,1,1,1,0,0,0,0,0,0,0,0,0,0,0,0,0,0,0,0,0,0,0,0,0,0,0,0,0,0,0,0,0,0,0,0,0,0,0,0,0,0,0,0,0,0,0,0,0,0,0,0,0,0,0,0,0,0,0,0,0,0,0,0,0,0,0,0,0,0,0,0,0,0,0,0,0,0,0,0,0,0,0,0
142,1966,1,1966-05-22,Monaco Grand Prix,5,24,1,1,1,2,13,1,1,2,3,2,1,16,1,1,3,1,6,1,7,1,1,3,1,3,2,1,1,10,19,3,3,1,2,1,0,0,0,0,0,0,0,0,0,0,0,0,0,0,0,0,0,0,0,0,0,0,0,0,0,0,0,0,0,0,0,0,0,0,0,0,0,0,0,0,0,0,0,0,0,0,0,0,0,0,0,0,0,0,0,0,0,0,0,0,0,0,0,0,0,0,0,0,0,0,0,0,0,0,0,0,0,0,0,0
143,1966,2,1966-06-12,Belgian Grand Prix,5,24,1,1,1,2,13,1,1,2,3,2,1,16,1,1,3,1,6,1,7,1,1,3,1,3,2,1,1,10,19,3,4,1,2,1,0,0,0,0,0,0,0,0,0,0,0,0,0,0,0,0,0,0,0,0,0,0,0,0,0,0,0,0,0,0,0,0,0,0,0,0,0,0,0,0,0,0,0,0,0,0,0,0,0,0,0,0,0,0,0,0,0,0,0,0,0,0,0,0,0,0,0,0,0,0,0,0,0,0,0,0,0,0,0,0
144,1966,3,1966-07-03,French Grand Prix,5,24,1,1,1,2,13,1,1,2,3,2,1,16,1,1,3,1,6,1,8,1,1,3,1,3,2,1,1,10,19,3,4,1,2,1,0,0,0,0,0,0,0,0,0,0,0,0,0,0,0,0,0,0,0,0,0,0,0,0,0,0,0,0,0,0,0,0,0,0,0,0,0,0,0,0,0,0,0,0,0,0,0,0,0,0,0,0,0,0,0,0,0,0,0,0,0,0,0,0,0,0,0,0,0,0,0,0,0,0,0,0,0,0,0,0
145,1966,4,1966-07-16,British Grand Prix,5,24,1,1,1,2,13,1,1,2,3,2,1,16,1,1,3,1,6,1,9,1,1,3,1,3,2,1,1,10,19,3,4,1,2,1,0,0,0,0,0,0,0,0,0,0,0,0,0,0,0,0,0,0,0,0,0,0,0,0,0,0,0,0,0,0,0,0,0,0,0,0,0,0,0,0,0,0,0,0,0,0,0,0,0,0,0,0,0,0,0,0,0,0,0,0,0,0,0,0,0,0,0,0,0,0,0,0,0,0,0,0,0,0,0,0
146,1966,5,1966-07-24,Dutch Grand Prix,5,24,1,1,1,2,13,1,1,2,3,2,1,16,1,1,3,1,6,1,10,1,1,3,1,3,2,1,1,10,19,3,4,1,2,1,0,0,0,0,0,0,0,0,0,0,0,0,0,0,0,0,0,0,0,0,0,0,0,0,0,0,0,0,0,0,0,0,0,0,0,0,0,0,0,0,0,0,0,0,0,0,0,0,0,0,0,0,0,0,0,0,0,0,0,0,0,0,0,0,0,0,0,0,0,0,0,0,0,0,0,0,0,0,0,0
147,1966,6,1966-08-07,German Grand Prix,5,24,1,1,1,2,13,1,1,2,3,2,1,16,1,1,3,1,6,1,11,1,1,3,1,3,2,1,1,10,19,3,4,1,2,1,0,0,0,0,0,0,0,0,0,0,0,0,0,0,0,0,0,0,0,0,0,0,0,0,0,0,0,0,0,0,0,0,0,0,0,0,0,0,0,0,0,0,0,0,0,0,0,0,0,0,0,0,0,0,0,0,0,0,0,0,0,0,0,0,0,0,0,0,0,0,0,0,0,0,0,0,0,0,0,0
148,1966,7,1966-09-04,Italian Grand Prix,5,24,1,1,1,2,13,1,1,2,3,2,1,16,1,1,3,1,6,1,11,1,1,3,1,3,2,1,1,10,19,3,4,1,2,1,1,0,0,0,0,0,0,0,0,0,0,0,0,0,0,0,0,0,0,0,0,0,0,0,0,0,0,0,0,0,0,0,0,0,0,0,0,0,0,0,0,0,0,0,0,0,0,0,0,0,0,0,0,0,0,0,0,0,0,0,0,0,0,0,0,0,0,0,0,0,0,0,0,0,0,0,0,0,0,0
149,1966,8,1966-10-02,United States Grand Prix,5,24,1,1,1,2,13,1,1,2,3,2,1,16,1,1,3,1,6,1,11,1,1,3,1,3,2,1,1,10,20,3,4,1,2,1,1,0,0,0,0,0,0,0,0,0,0,0,0,0,0,0,0,0,0,0,0,0,0,0,0,0,0,0,0,0,0,0,0,0,0,0,0,0,0,0,0,0,0,0,0,0,0,0,0,0,0,0,0,0,0,0,0,0,0,0,0,0,0,0,0,0,0,0,0,0,0,0,0,0,0,0,0,0,0,0
150,1966,9,1966-10-23,Mexican Grand Prix,5,24,1,1,1,2,13,1,1,2,3,2,1,16,1,1,3,1,6,1,11,1,1,3,1,3,2,1,1,10,20,3,5,1,2,1,1,0,0,0,0,0,0,0,0,0,0,0,0,0,0,0,0,0,0,0,0,0,0,0,0,0,0,0,0,0,0,0,0,0,0,0,0,0,0,0,0,0,0,0,0,0,0,0,0,0,0,0,0,0,0,0,0,0,0,0,0,0,0,0,0,0,0,0,0,0,0,0,0,0,0,0,0,0,0,0
151,1967,1,1967-01-02,South African Grand Prix,5,24,1,1,1,2,13,1,1,2,3,2,1,16,1,1,3,1,6,1,11,1,1,3,1,3,2,1,1,10,20,3,5,1,2,1,1,1,0,0,0,0,0,0,0,0,0,0,0,0,0,0,0,0,0,0,0,0,0,0,0,0,0,0,0,0,0,0,0,0,0,0,0,0,0,0,0,0,0,0,0,0,0,0,0,0,0,0,0,0,0,0,0,0,0,0,0,0,0,0,0,0,0,0,0,0,0,0,0,0,0,0,0,0,0,0
152,1967,2,1967-05-07,Monaco Grand Prix,5,24,1,1,1,2,13,1,1,2,3,2,1,16,1,1,3,1,6,1,11,1,1,3,1,3,2,1,1,10,20,3,5,1,2,1,1,1,1,0,0,0,0,0,0,0,0,0,0,0,0,0,0,0,0,0,0,0,0,0,0,0,0,0,0,0,0,0,0,0,0,0,0,0,0,0,0,0,0,0,0,0,0,0,0,0,0,0,0,0,0,0,0,0,0,0,0,0,0,0,0,0,0,0,0,0,0,0,0,0,0,0,0,0,0,0
153,1967,3,1967-06-04,Dutch Grand Prix,5,24,1,1,1,2,13,1,1,2,3,2,1,16,1,1,3,1,6,1,11,1,1,3,1,3,2,1,1,10,21,3,5,1,2,1,1,1,1,0,0,0,0,0,0,0,0,0,0,0,0,0,0,0,0,0,0,0,0,0,0,0,0,0,0,0,0,0,0,0,0,0,0,0,0,0,0,0,0,0,0,0,0,0,0,0,0,0,0,0,0,0,0,0,0,0,0,0,0,0,0,0,0,0,0,0,0,0,0,0,0,0,0,0,0,0
154,1967,4,1967-06-18,Belgian Grand Prix,5,24,1,1,1,2,13,1,1,2,3,2,1,16,1,1,3,1,6,1,11,1,1,3,1,3,2,1,1,10,21,4,5,1,2,1,1,1,1,0,0,0,0,0,0,0,0,0,0,0,0,0,0,0,0,0,0,0,0,0,0,0,0,0,0,0,0,0,0,0,0,0,0,0,0,0,0,0,0,0,0,0,0,0,0,0,0,0,0,0,0,0,0,0,0,0,0,0,0,0,0,0,0,0,0,0,0,0,0,0,0,0,0,0,0,0
155,1967,5,1967-07-02,French Grand Prix,5,24,1,1,1,2,13,1,1,2,3,2,1,16,1,1,3,1,6,1,12,1,1,3,1,3,2,1,1,10,21,4,5,1,2,1,1,1,1,0,0,0,0,0,0,0,0,0,0,0,0,0,0,0,0,0,0,0,0,0,0,0,0,0,0,0,0,0,0,0,0,0,0,0,0,0,0,0,0,0,0,0,0,0,0,0,0,0,0,0,0,0,0,0,0,0,0,0,0,0,0,0,0,0,0,0,0,0,0,0,0,0,0,0,0,0
156,1967,6,1967-07-15,British Grand Prix,5,24,1,1,1,2,13,1,1,2,3,2,1,16,1,1,3,1,6,1,12,1,1,3,1,3,2,1,1,10,22,4,5,1,2,1,1,1,1,0,0,0,0,0,0,0,0,0,0,0,0,0,0,0,0,0,0,0,0,0,0,0,0,0,0,0,0,0,0,0,0,0,0,0,0,0,0,0,0,0,0,0,0,0,0,0,0,0,0,0,0,0,0,0,0,0,0,0,0,0,0,0,0,0,0,0,0,0,0,0,0,0,0,0,0,0
157,1967,7,1967-08-06,German Grand Prix,5,24,1,1,1,2,13,1,1,2,3,2,1,16,1,1,3,1,6,1,12,1,1,3,1,3,2,1,1,10,22,4,5,1,2,1,1,1,2,0,0,0,0,0,0,0,0,0,0,0,0,0,0,0,0,0,0,0,0,0,0,0,0,0,0,0,0,0,0,0,0,0,0,0,0,0,0,0,0,0,0,0,0,0,0,0,0,0,0,0,0,0,0,0,0,0,0,0,0,0,0,0,0,0,0,0,0,0,0,0,0,0,0,0,0,0
158,1967,8,1967-08-27,Canadian Grand Prix,5,24,1,1,1,2,13,1,1,2,3,2,1,16,1,1,3,1,6,1,13,1,1,3,1,3,2,1,1,10,22,4,5,1,2,1,1,1,2,0,0,0,0,0,0,0,0,0,0,0,0,0,0,0,0,0,0,0,0,0,0,0,0,0,0,0,0,0,0,0,0,0,0,0,0,0,0,0,0,0,0,0,0,0,0,0,0,0,0,0,0,0,0,0,0,0,0,0,0,0,0,0,0,0,0,0,0,0,0,0,0,0,0,0,0,0
159,1967,9,1967-09-10,Italian Grand Prix,5,24,1,1,1,2,13,1,1,2,3,2,1,16,1,1,3,1,6,1,13,1,1,3,1,3,2,1,1,10,22,4,6,1,2,1,1,1,2,0,0,0,0,0,0,0,0,0,0,0,0,0,0,0,0,0,0,0,0,0,0,0,0,0,0,0,0,0,0,0,0,0,0,0,0,0,0,0,0,0,0,0,0,0,0,0,0,0,0,0,0,0,0,0,0,0,0,0,0,0,0,0,0,0,0,0,0,0,0,0,0,0,0,0,0,0
160,1967,10,1967-10-01,United States Grand Prix,5,24,1,1,1,2,13,1,1,2,3,2,1,16,1,1,3,1,6,1,13,1,1,3,1,3,2,1,1,10,23,4,6,1,2,1,1,1,2,0,0,0,0,0,0,0,0,0,0,0,0,0,0,0,0,0,0,0,0,0,0,0,0,0,0,0,0,0,0,0,0,0,0,0,0,0,0,0,0,0,0,0,0,0,0,0,0,0,0,0,0,0,0,0,0,0,0,0,0,0,0,0,0,0,0,0,0,0,0,0,0,0,0,0,0,0
161,1967,11,1967-10-22,Mexican Grand Prix,5,24,1,1,1,2,13,1,1,2,3,2,1,16,1,1,3,1,6,1,13,1,1,3,1,3,2,1,1,10,24,4,6,1,2,1,1,1,2,0,0,0,0,0,0,0,0,0,0,0,0,0,0,0,0,0,0,0,0,0,0,0,0,0,0,0,0,0,0,0,0,0,0,0,0,0,0,0,0,0,0,0,0,0,0,0,0,0,0,0,0,0,0,0,0,0,0,0,0,0,0,0,0,0,0,0,0,0,0,0,0,0,0,0,0,0
162,1968,1,1968-01-01,South African Grand Prix,5,24,1,1,1,2,13,1,1,2,3,2,1,16,1,1,3,1,6,1,13,1,1,3,1,3,2,1,1,10,25,4,6,1,2,1,1,1,2,0,0,0,0,0,0,0,0,0,0,0,0,0,0,0,0,0,0,0,0,0,0,0,0,0,0,0,0,0,0,0,0,0,0,0,0,0,0,0,0,0,0,0,0,0,0,0,0,0,0,0,0,0,0,0,0,0,0,0,0,0,0,0,0,0,0,0,0,0,0,0,0,0,0,0,0,0
163,1968,2,1968-05-12,Spanish Grand Prix,5,24,1,1,1,2,13,1,1,2,3,2,1,16,1,1,3,1,6,1,13,1,1,3,1,3,2,1,1,11,25,4,6,1,2,1,1,1,2,0,0,0,0,0,0,0,0,0,0,0,0,0,0,0,0,0,0,0,0,0,0,0,0,0,0,0,0,0,0,0,0,0,0,0,0,0,0,0,0,0,0,0,0,0,0,0,0,0,0,0,0,0,0,0,0,0,0,0,0,0,0,0,0,0,0,0,0,0,0,0,0,0,0,0,0,0
164,1968,3,1968-05-26,Monaco Grand Prix,5,24,1,1,1,2,13,1,1,2,3,2,1,16,1,1,3,1,6,1,13,1,1,3,1,3,2,1,1,12,25,4,6,1,2,1,1,1,2,0,0,0,0,0,0,0,0,0,0,0,0,0,0,0,0,0,0,0,0,0,0,0,0,0,0,0,0,0,0,0,0,0,0,0,0,0,0,0,0,0,0,0,0,0,0,0,0,0,0,0,0,0,0,0,0,0,0,0,0,0,0,0,0,0,0,0,0,0,0,0,0,0,0,0,0,0
165,1968,4,1968-06-09,Belgian Grand Prix,5,24,1,1,1,2,13,1,1,2,3,2,1,16,1,1,3,1,6,1,13,1,1,4,1,3,2,1,1,12,25,4,6,1,2,1,1,1,2,0,0,0,0,0,0,0,0,0,0,0,0,0,0,0,0,0,0,0,0,0,0,0,0,0,0,0,0,0,0,0,0,0,0,0,0,0,0,0,0,0,0,0,0,0,0,0,0,0,0,0,0,0,0,0,0,0,0,0,0,0,0,0,0,0,0,0,0,0,0,0,0,0,0,0,0,0
166,1968,5,1968-06-23,Dutch Grand Prix,5,24,1,1,1,2,13,1,1,2,3,2,1,16,1,1,3,1,6,1,13,1,1,4,1,3,2,1,1,12,25,4,6,1,3,1,1,1,2,0,0,0,0,0,0,0,0,0,0,0,0,0,0,0,0,0,0,0,0,0,0,0,0,0,0,0,0,0,0,0,0,0,0,0,0,0,0,0,0,0,0,0,0,0,0,0,0,0,0,0,0,0,0,0,0,0,0,0,0,0,0,0,0,0,0,0,0,0,0,0,0,0,0,0,0,0
167,1968,6,1968-07-07,French Grand Prix,5,24,1,1,1,2,13,1,1,2,3,2,1,16,1,1,3,1,6,1,13,1,1,4,1,3,2,1,1,12,25,4,6,1,3,1,1,1,2,1,0,0,0,0,0,0,0,0,0,0,0,0,0,0,0,0,0,0,0,0,0,0,0,0,0,0,0,0,0,0,0,0,0,0,0,0,0,0,0,0,0,0,0,0,0,0,0,0,0,0,0,0,0,0,0,0,0,0,0,0,0,0,0,0,0,0,0,0,0,0,0,0,0,0,0,0
168,1968,7,1968-07-20,British Grand Prix,5,24,1,1,1,2,13,1,1,2,3,2,1,16,1,1,3,1,6,1,13,1,1,4,1,3,2,1,1,12,25,4,6,1,3,1,1,1,2,1,1,0,0,0,0,0,0,0,0,0,0,0,0,0,0,0,0,0,0,0,0,0,0,0,0,0,0,0,0,0,0,0,0,0,0,0,0,0,0,0,0,0,0,0,0,0,0,0,0,0,0,0,0,0,0,0,0,0,0,0,0,0,0,0,0,0,0,0,0,0,0,0,0,0,0,0
169,1968,8,1968-08-04,German Grand Prix,5,24,1,1,1,2,13,1,1,2,3,2,1,16,1,1,3,1,6,1,13,1,1,4,1,3,2,1,1,12,25,4,6,1,4,1,1,1,2,1,1,0,0,0,0,0,0,0,0,0,0,0,0,0,0,0,0,0,0,0,0,0,0,0,0,0,0,0,0,0,0,0,0,0,0,0,0,0,0,0,0,0,0,0,0,0,0,0,0,0,0,0,0,0,0,0,0,0,0,0,0,0,0,0,0,0,0,0,0,0,0,0,0,0,0,0
170,1968,9,1968-09-08,Italian Grand Prix,5,24,1,1,1,2,13,1,1,2,3,2,1,16,1,1,3,1,6,1,13,1,1,4,1,3,2,1,1,12,25,4,6,1,4,1,1,1,3,1,1,0,0,0,0,0,0,0,0,0,0,0,0,0,0,0,0,0,0,0,0,0,0,0,0,0,0,0,0,0,0,0,0,0,0,0,0,0,0,0,0,0,0,0,0,0,0,0,0,0,0,0,0,0,0,0,0,0,0,0,0,0,0,0,0,0,0,0,0,0,0,0,0,0,0,0
171,1968,10,1968-09-22,Canadian Grand Prix,5,24,1,1,1,2,13,1,1,2,3,2,1,16,1,1,3,1,6,1,13,1,1,4,1,3,2,1,1,12,25,4,6,1,4,1,1,1,4,1,1,0,0,0,0,0,0,0,0,0,0,0,0,0,0,0,0,0,0,0,0,0,0,0,0,0,0,0,0,0,0,0,0,0,0,0,0,0,0,0,0,0,0,0,0,0,0,0,0,0,0,0,0,0,0,0,0,0,0,0,0,0,0,0,0,0,0,0,0,0,0,0,0,0,0,0
172,1968,11,1968-10-06,United States Grand Prix,5,24,1,1,1,2,13,1,1,2,3,2,1,16,1,1,3,1,6,1,13,1,1,4,1,3,2,1,1,12,25,4,6,1,5,1,1,1,4,1,1,0,0,0,0,0,0,0,0,0,0,0,0,0,0,0,0,0,0,0,0,0,0,0,0,0,0,0,0,0,0,0,0,0,0,0,0,0,0,0,0,0,0,0,0,0,0,0,0,0,0,0,0,0,0,0,0,0,0,0,0,0,0,0,0,0,0,0,0,0,0,0,0,0,0,0
173,1968,12,1968-11-03,Mexican Grand Prix,5,24,1,1,1,2,13,1,1,2,3,2,1,16,1,1,3,1,6,1,13,1,1,4,1,3,2,1,1,13,25,4,6,1,5,1,1,1,4,1,1,0,0,0,0,0,0,0,0,0,0,0,0,0,0,0,0,0,0,0,0,0,0,0,0,0,0,0,0,0,0,0,0,0,0,0,0,0,0,0,0,0,0,0,0,0,0,0,0,0,0,0,0,0,0,0,0,0,0,0,0,0,0,0,0,0,0,0,0,0,0,0,0,0,0,0
174,1969,1,1969-03-01,South African Grand Prix,5,24,1,1,1,2,13,1,1,2,3,2,1,16,1,1,3,1,6,1,13,1,1,4,1,3,2,1,1,13,25,4,6,1,6,1,1,1,4,1,1,0,0,0,0,0,0,0,0,0,0,0,0,0,0,0,0,0,0,0,0,0,0,0,0,0,0,0,0,0,0,0,0,0,0,0,0,0,0,0,0,0,0,0,0,0,0,0,0,0,0,0,0,0,0,0,0,0,0,0,0,0,0,0,0,0,0,0,0,0,0,0,0,0,0,0
175,1969,2,1969-05-04,Spanish Grand Prix,5,24,1,1,1,2,13,1,1,2,3,2,1,16,1,1,3,1,6,1,13,1,1,4,1,3,2,1,1,13,25,4,6,1,7,1,1,1,4,1,1,0,0,0,0,0,0,0,0,0,0,0,0,0,0,0,0,0,0,0,0,0,0,0,0,0,0,0,0,0,0,0,0,0,0,0,0,0,0,0,0,0,0,0,0,0,0,0,0,0,0,0,0,0,0,0,0,0,0,0,0,0,0,0,0,0,0,0,0,0,0,0,0,0,0,0
176,1969,3,1969-05-18,Monaco Grand Prix,5,24,1,1,1,2,13,1,1,2,3,2,1,16,1,1,3,1,6,1,13,1,1,4,1,3,2,1,1,14,25,4,6,1,7,1,1,1,4,1,1,0,0,0,0,0,0,0,0,0,0,0,0,0,0,0,0,0,0,0,0,0,0,0,0,0,0,0,0,0,0,0,0,0,0,0,0,0,0,0,0,0,0,0,0,0,0,0,0,0,0,0,0,0,0,0,0,0,0,0,0,0,0,0,0,0,0,0,0,0,0,0,0,0,0,0
177,1969,4,1969-06-21,Dutch Grand Prix,5,24,1,1,1,2,13,1,1,2,3,2,1,16,1,1,3,1,6,1,13,1,1,4,1,3,2,1,1,14,25,4,6,1,8,1,1,1,4,1,1,0,0,0,0,0,0,0,0,0,0,0,0,0,0,0,0,0,0,0,0,0,0,0,0,0,0,0,0,0,0,0,0,0,0,0,0,0,0,0,0,0,0,0,0,0,0,0,0,0,0,0,0,0,0,0,0,0,0,0,0,0,0,0,0,0,0,0,0,0,0,0,0,0,0,0
178,1969,5,1969-07-06,French Grand Prix,5,24,1,1,1,2,13,1,1,2,3,2,1,16,1,1,3,1,6,1,13,1,1,4,1,3,2,1,1,14,25,4,6,1,9,1,1,1,4,1,1,0,0,0,0,0,0,0,0,0,0,0,0,0,0,0,0,0,0,0,0,0,0,0,0,0,0,0,0,0,0,0,0,0,0,0,0,0,0,0,0,0,0,0,0,0,0,0,0,0,0,0,0,0,0,0,0,0,0,0,0,0,0,0,0,0,0,0,0,0,0,0,0,0,0,0
179,1969,6,1969-07-19,British Grand Prix,5,24,1,1,1,2,13,1,1,2,3,2,1,16,1,1,3,1,6,1,13,1,1,4,1,3,2,1,1,14,25,4,6,1,10,1,1,1,4,1,1,0,0,0,0,0,0,0,0,0,0,0,0,0,0,0,0,0,0,0,0,0,0,0,0,0,0,0,0,0,0,0,0,0,0,0,0,0,0,0,0,0,0,0,0,0,0,0,0,0,0,0,0,0,0,0,0,0,0,0,0,0,0,0,0,0,0,0,0,0,0,0,0,0,0,0
180,1969,7,1969-08-03,German Grand Prix,5,24,1,1,1,2,13,1,1,2,3,2,1,16,1,1,3,1,6,1,13,1,1,4,1,3,2,1,1,14,25,4,6,1,10,1,1,1,4,2,1,0,0,0,0,0,0,0,0,0,0,0,0,0,0,0,0,0,0,0,0,0,0,0,0,0,0,0,0,0,0,0,0,0,0,0,0,0,0,0,0,0,0,0,0,0,0,0,0,0,0,0,0,0,0,0,0,0,0,0,0,0,0,0,0,0,0,0,0,0,0,0,0,0,0,0
181,1969,8,1969-09-07,Italian Grand Prix,5,24,1,1,1,2,13,1,1,2,3,2,1,16,1,1,3,1,6,1,13,1,1,4,1,3,2,1,1,14,25,4,6,1,11,1,1,1,4,2,1,0,0,0,0,0,0,0,0,0,0,0,0,0,0,0,0,0,0,0,0,0,0,0,0,0,0,0,0,0,0,0,0,0,0,0,0,0,0,0,0,0,0,0,0,0,0,0,0,0,0,0,0,0,0,0,0,0,0,0,0,0,0,0,0,0,0,0,0,0,0,0,0,0,0,0
182,1969,9,1969-09-20,Canadian Grand Prix,5,24,1,1,1,2,13,1,1,2,3,2,1,16,1,1,3,1,6,1,13,1,1,4,1,3,2,1,1,14,25,4,6,1,11,1,1,1,4,3,1,0,0,0,0,0,0,0,0,0,0,0,0,0,0,0,0,0,0,0,0,0,0,0,0,0,0,0,0,0,0,0,0,0,0,0,0,0,0,0,0,0,0,0,0,0,0,0,0,0,0,0,0,0,0,0,0,0,0,0,0,0,0,0,0,0,0,0,0,0,0,0,0,0,0,0
183,1969,10,1969-10-05,United States Grand Prix,5,24,1,1,1,2,13,1,1,2,3,2,1,16,1,1,3,1,6,1,13,1,1,4,1,3,2,1,1,14,25,4,6,1,11,1,1,1,4,3,1,1,0,0,0,0,0,0,0,0,0,0,0,0,0,0,0,0,0,0,0,0,0,0,0,0,0,0,0,0,0,0,0,0,0,0,0,0,0,0,0,0,0,0,0,0,0,0,0,0,0,0,0,0,0,0,0,0,0,0,0,0,0,0,0,0,0,0,0,0,0,0,0,0,0,0
184,1969,11,1969-10-19,Mexican Grand Prix,5,24,1,1,1,2,13,1,1,2,3,2,1,16,1,1,3,1,6,1,13,1,1,4,1,3,2,1,1,14,25,4,6,1,11,1,1,1,5,3,1,1,0,0,0,0,0,0,0,0,0,0,0,0,0,0,0,0,0,0,0,0,0,0,0,0,0,0,0,0,0,0,0,0,0,0,0,0,0,0,0,0,0,0,0,0,0,0,0,0,0,0,0,0,0,0,0,0,0,0,0,0,0,0,0,0,0,0,0,0,0,0,0,0,0,0
185,1970,1,1970-03-07,South African Grand Prix,5,24,1,1,1,2,13,1,1,2,3,2,1,16,1,1,3,1,6,1,14,1,1,4,1,3,2,1,1,14,25,4,6,1,11,1,1,1,5,3,1,1,0,0,0,0,0,0,0,0,0,0,0,0,0,0,0,0,0,0,0,0,0,0,0,0,0,0,0,0,0,0,0,0,0,0,0,0,0,0,0,0,0,0,0,0,0,0,0,0,0,0,0,0,0,0,0,0,0,0,0,0,0,0,0,0,0,0,0,0,0,0,0,0,0,0
186,1970,2,1970-04-19,Spanish Grand Prix,5,24,1,1,1,2,13,1,1,2,3,2,1,16,1,1,3,1,6,1,14,1,1,4,1,3,2,1,1,14,25,4,6,1,12,1,1,1,5,3,1,1,0,0,0,0,0,0,0,0,0,0,0,0,0,0,0,0,0,0,0,0,0,0,0,0,0,0,0,0,0,0,0,0,0,0,0,0,0,0,0,0,0,0,0,0,0,0,0,0,0,0,0,0,0,0,0,0,0,0,0,0,0,0,0,0,0,0,0,0,0,0,0,0,0,0
187,1970,3,1970-05-10,Monaco Grand Prix,5,24,1,1,1,2,13,1,1,2,3,2,1,16,1,1,3,1,6,1,14,1,1,4,1,3,2,1,1,14,25,4,6,1,12,1,1,1,5,3,1,2,0,0,0,0,0,0,0,0,0,0,0,0,0,0,0,0,0,0,0,0,0,0,0,0,0,0,0,0,0,0,0,0,0,0,0,0,0,0,0,0,0,0,0,0,0,0,0,0,0,0,0,0,0,0,0,0,0,0,0,0,0,0,0,0,0,0,0,0,0,0,0,0,0,0
188,1970,4,1970-06-07,Belgian Grand Prix,5,24,1,1,1,2,13,1,1,2,3,2,1,16,1,1,3,1,6,1,14,1,1,4,1,3,2,1,1,14,25,4,6,1,12,1,1,2,5,3,1,2,0,0,0,0,0,0,0,0,0,0,0,0,0,0,0,0,0,0,0,0,0,0,0,0,0,0,0,0,0,0,0,0,0,0,0,0,0,0,0,0,0,0,0,0,0,0,0,0,0,0,0,0,0,0,0,0,0,0,0,0,0,0,0,0,0,0,0,0,0,0,0,0,0,0
189,1970,5,1970-06-21,Dutch Grand Prix,5,24,1,1,1,2,13,1,1,2,3,2,1,16,1,1,3,1,6,1,14,1,1,4,1,3,2,1,1,14,25,4,6,1,12,1,1,2,5,3,1,3,0,0,0,0,0,0,0,0,0,0,0,0,0,0,0,0,0,0,0,0,0,0,0,0,0,0,0,0,0,0,0,0,0,0,0,0,0,0,0,0,0,0,0,0,0,0,0,0,0,0,0,0,0,0,0,0,0,0,0,0,0,0,0,0,0,0,0,0,0,0,0,0,0,0
190,1970,6,1970-07-05,French Grand Prix,5,24,1,1,1,2,13,1,1,2,3,2,1,16,1,1,3,1,6,1,14,1,1,4,1,3,2,1,1,14,25,4,6,1,12,1,1,2,5,3,1,4,0,0,0,0,0,0,0,0,0,0,0,0,0,0,0,0,0,0,0,0,0,0,0,0,0,0,0,0,0,0,0,0,0,0,0,0,0,0,0,0,0,0,0,0,0,0,0,0,0,0,0,0,0,0,0,0,0,0,0,0,0,0,0,0,0,0,0,0,0,0,0,0,0,0
191,1970,7,1970-07-18,British Grand Prix,5,24,1,1,1,2,13,1,1,2,3,2,1,16,1,1,3,1,6,1,14,1,1,4,1,3,2,1,1,14,25,4,6,1,12,1,1,2,5,3,1,5,0,0,0,0,0,0,0,0,0,0,0,0,0,0,0,0,0,0,0,0,0,0,0,0,0,0,0,0,0,0,0,0,0,0,0,0,0,0,0,0,0,0,0,0,0,0,0,0,0,0,0,0,0,0,0,0,0,0,0,0,0,0,0,0,0,0,0,0,0,0,0,0,0,0
192,1970,8,1970-08-02,German Grand Prix,5,24,1,1,1,2,13,1,1,2,3,2,1,16,1,1,3,1,6,1,14,1,1,4,1,3,2,1,1,14,25,4,6,1,12,1,1,2,5,3,1,6,0,0,0,0,0,0,0,0,0,0,0,0,0,0,0,0,0,0,0,0,0,0,0,0,0,0,0,0,0,0,0,0,0,0,0,0,0,0,0,0,0,0,0,0,0,0,0,0,0,0,0,0,0,0,0,0,0,0,0,0,0,0,0,0,0,0,0,0,0,0,0,0,0,0
193,1970,9,1970-08-16,Austrian Grand Prix,5,24,1,1,1,2,13,1,1,2,3,2,1,16,1,1,3,1,6,1,14,1,1,4,1,3,2,1,1,14,25,4,6,1,12,1,1,2,5,4,1,6,0,0,0,0,0,0,0,0,0,0,0,0,0,0,0,0,0,0,0,0,0,0,0,0,0,0,0,0,0,0,0,0,0,0,0,0,0,0,0,0,0,0,0,0,0,0,0,0,0,0,0,0,0,0,0,0,0,0,0,0,0,0,0,0,0,0,0,0,0,0,0,0,0,0
194,1970,10,1970-09-06,Italian Grand Prix,5,24,1,1,1,2,13,1,1,2,3,2,1,16,1,1,3,1,6,1,14,1,1,4,1,3,2,1,1,14,25,4,6,1,12,1,1,2,5,4,1,6,1,0,0,0,0,0,0,0,0,0,0,0,0,0,0,0,0,0,0,0,0,0,0,0,0,0,0,0,0,0,0,0,0,0,0,0,0,0,0,0,0,0,0,0,0,0,0,0,0,0,0,0,0,0,0,0,0,0,0,0,0,0,0,0,0,0,0,0,0,0,0,0,0,0
195,1970,11,1970-09-20,Canadian Grand Prix,5,24,1,1,1,2,13,1,1,2,3,2,1,16,1,1,3,1,6,1,14,1,1,4,1,3,2,1,1,14,25,4,6,1,12,1,1,2,5,5,1,6,1,0,0,0,0,0,0,0,0,0,0,0,0,0,0,0,0,0,0,0,0,0,0,0,0,0,0,0,0,0,0,0,0,0,0,0,0,0,0,0,0,0,0,0,0,0,0,0,0,0,0,0,0,0,0,0,0,0,0,0,0,0,0,0,0,0,0,0,0,0,0,0,0,0
196,1970,12,1970-10-04,United States Grand Prix,5,24,1,1,1,2,13,1,1,2,3,2,1,16,1,1,3,1,6,1,14,1,1,4,1,3,2,1,1,14,25,4,6,1,12,1,1,2,5,5,1,6,1,1,0,0,0,0,0,0,0,0,0,0,0,0,0,0,0,0,0,0,0,0,0,0,0,0,0,0,0,0,0,0,0,0,0,0,0,0,0,0,0,0,0,0,0,0,0,0,0,0,0,0,0,0,0,0,0,0,0,0,0,0,0,0,0,0,0,0,0,0,0,0,0,0
197,1970,13,1970-10-25,Mexican Grand Prix,5,24,1,1,1,2,13,1,1,2,3,2,1,16,1,1,3,1,6,1,14,1,1,4,1,3,2,1,1,14,25,4,6,1,12,1,1,2,5,6,1,6,1,1,0,0,0,0,0,0,0,0,0,0,0,0,0,0,0,0,0,0,0,0,0,0,0,0,0,0,0,0,0,0,0,0,0,0,0,0,0,0,0,0,0,0,0,0,0,0,0,0,0,0,0,0,0,0,0,0,0,0,0,0,0,0,0,0,0,0,0,0,0,0,0,0
198,1971,1,1971-03-06,South African Grand Prix,5,24,1,1,1,2,13,1,1,2,3,2,1,16,1,1,3,1,6,1,14,1,1,4,1,3,2,1,1,14,25,4,6,1,12,1,1,2,5,6,1,6,1,1,1,0,0,0,0,0,0,0,0,0,0,0,0,0,0,0,0,0,0,0,0,0,0,0,0,0,0,0,0,0,0,0,0,0,0,0,0,0,0,0,0,0,0,0,0,0,0,0,0,0,0,0,0,0,0,0,0,0,0,0,0,0,0,0,0,0,0,0,0,0,0,0
199,1971,2,1971-04-18,Spanish Grand Prix,5,24,1,1,1,2,13,1,1,2,3,2,1,16,1,1,3,1,6,1,14,1,1,4,1,3,2,1,1,14,25,4,6,1,13,1,1,2,5,6,1,6,1,1,1,0,0,0,0,0,0,0,0,0,0,0,0,0,0,0,0,0,0,0,0,0,0,0,0,0,0,0,0,0,0,0,0,0,0,0,0,0,0,0,0,0,0,0,0,0,0,0,0,0,0,0,0,0,0,0,0,0,0,0,0,0,0,0,0,0,0,0,0,0,0,0
200,1971,3,1971-05-23,Monaco Grand Prix,5,24,1,1,1,2,13,1,1,2,3,2,1,16,1,1,3,1,6,1,14,1,1,4,1,3,2,1,1,14,25,4,6,1,14,1,1,2,5,6,1,6,1,1,1,0,0,0,0,0,0,0,0,0,0,0,0,0,0,0,0,0,0,0,0,0,0,0,0,0,0,0,0,0,0,0,0,0,0,0,0,0,0,0,0,0,0,0,0,0,0,0,0,0,0,0,0,0,0,0,0,0,0,0,0,0,0,0,0,0,0,0,0,0,0,0
201,1971,4,1971-06-20,Dutch Grand Prix,5,24,1,1,1,2,13,1,1,2,3,2,1,16,1,1,3,1,6,1,14,1,1,4,1,3,2,1,1,14,25,4,6,1,14,1,1,2,5,7,1,6,1,1,1,0,0,0,0,0,0,0,0,0,0,0,0,0,0,0,0,0,0,0,0,0,0,0,0,0,0,0,0,0,0,0,0,0,0,0,0,0,0,0,0,0,0,0,0,0,0,0,0,0,0,0,0,0,0,0,0,0,0,0,0,0,0,0,0,0,0,0,0,0,0,0
202,1971,5,1971-07-04,French Grand Prix,5,24,1,1,1,2,13,1,1,2,3,2,1,16,1,1,3,1,6,1,14,1,1,4,1,3,2,1,1,14,25,4,6,1,15,1,1,2,5,7,1,6,1,1,1,0,0,0,0,0,0,0,0,0,0,0,0,0,0,0,0,0,0,0,0,0,0,0,0,0,0,0,0,0,0,0,0,0,0,0,0,0,0,0,0,0,0,0,0,0,0,0,0,0,0,0,0,0,0,0,0,0,0,0,0,0,0,0,0,0,0,0,0,0,0,0
203,1971,6,1971-07-17,British Grand Prix,5,24,1,1,1,2,13,1,1,2,3,2,1,16,1,1,3,1,6,1,14,1,1,4,1,3,2,1,1,14,25,4,6,1,16,1,1,2,5,7,1,6,1,1,1,0,0,0,0,0,0,0,0,0,0,0,0,0,0,0,0,0,0,0,0,0,0,0,0,0,0,0,0,0,0,0,0,0,0,0,0,0,0,0,0,0,0,0,0,0,0,0,0,0,0,0,0,0,0,0,0,0,0,0,0,0,0,0,0,0,0,0,0,0,0,0
204,1971,7,1971-08-01,German Grand Prix,5,24,1,1,1,2,13,1,1,2,3,2,1,16,1,1,3,1,6,1,14,1,1,4,1,3,2,1,1,14,25,4,6,1,17,1,1,2,5,7,1,6,1,1,1,0,0,0,0,0,0,0,0,0,0,0,0,0,0,0,0,0,0,0,0,0,0,0,0,0,0,0,0,0,0,0,0,0,0,0,0,0,0,0,0,0,0,0,0,0,0,0,0,0,0,0,0,0,0,0,0,0,0,0,0,0,0,0,0,0,0,0,0,0,0,0
205,1971,8,1971-08-15,Austrian Grand Prix,5,24,1,1,1,2,13,1,1,2,3,2,1,16,1,1,3,1,6,1,14,1,1,4,1,3,2,1,1,14,25,4,6,1,17,1,1,2,5,7,2,6,1,1,1,0,0,0,0,0,0,0,0,0,0,0,0,0,0,0,0,0,0,0,0,0,0,0,0,0,0,0,0,0,0,0,0,0,0,0,0,0,0,0,0,0,0,0,0,0,0,0,0,0,0,0,0,0,0,0,0,0,0,0,0,0,0,0,0,0,0,0,0,0,0,0
206,1971,9,1971-09-05,Italian Grand Prix,5,24,1,1,1,2,13,1,1,2,3,2,1,16,1,1,3,1,6,1,14,1,1,4,1,3,2,1,1,14,25,4,6,1,17,1,1,2,5,7,2,6,1,1,1,1,0,0,0,0,0,0,0,0,0,0,0,0,0,0,0,0,0,0,0,0,0,0,0,0,0,0,0,0,0,0,0,0,0,0,0,0,0,0,0,0,0,0,0,0,0,0,0,0,0,0,0,0,0,0,0,0,0,0,0,0,0,0,0,0,0,0,0,0,0,0
207,1971,10,1971-09-19,Canadian Grand Prix,5,24,1,1,1,2,13,1,1,2,3,2,1,16,1,1,3,1,6,1,14,1,1,4,1,3,2,1,1,14,25,4,6,1,18,1,1,2,5,7,2,6,1,1,1,1,0,0,0,0,0,0,0,0,0,0,0,0,0,0,0,0,0,0,0,0,0,0,0,0,0,0,0,0,0,0,0,0,0,0,0,0,0,0,0,0,0,0,0,0,0,0,0,0,0,0,0,0,0,0,0,0,0,0,0,0,0,0,0,0,0,0,0,0,0,0
208,1971,11,1971-10-03,United States Grand Prix,5,24,1,1,1,2,13,1,1,2,3,2,1,16,1,1,3,1,6,1,14,1,1,4,1,3,2,1,1,14,25,4,6,1,18,1,1,2,5,7,2,6,1,1,1,1,1,0,0,0,0,0,0,0,0,0,0,0,0,0,0,0,0,0,0,0,0,0,0,0,0,0,0,0,0,0,0,0,0,0,0,0,0,0,0,0,0,0,0,0,0,0,0,0,0,0,0,0,0,0,0,0,0,0,0,0,0,0,0,0,0,0,0,0,0,0
209,1972,1,1972-01-23,Argentine Grand Prix,5,24,1,1,1,2,13,1,1,2,3,2,1,16,1,1,3,1,6,1,14,1,1,4,1,3,2,1,1,14,25,4,6,1,19,1,1,2,5,7,2,6,1,1,1,1,1,0,0,0,0,0,0,0,0,0,0,0,0,0,0,0,0,0,0,0,0,0,0,0,0,0,0,0,0,0,0,0,0,0,0,0,0,0,0,0,0,0,0,0,0,0,0,0,0,0,0,0,0,0,0,0,0,0,0,0,0,0,0,0,0,0,0,0,0,0
210,1972,2,1972-03-04,South African Grand Prix,5,24,1,1,1,2,13,1,1,2,3,2,1,16,1,1,3,1,6,1,14,1,1,4,1,3,2,1,1,14,25,4,6,1,19,1,1,2,6,7,2,6,1,1,1,1,1,0,0,0,0,0,0,0,0,0,0,0,0,0,0,0,0,0,0,0,0,0,0,0,0,0,0,0,0,0,0,0,0,0,0,0,0,0,0,0,0,0,0,0,0,0,0,0,0,0,0,0,0,0,0,0,0,0,0,0,0,0,0,0,0,0,0,0,0,0
211,1972,3,1972-05-01,Spanish Grand Prix,5,24,1,1,1,2,13,1,1,2,3,2,1,16,1,1,3,1,6,1,14,1,1,4,1,3,2,1,1,14,25,4,6,1,19,1,1,2,6,7,2,6,1,2,1,1,1,0,0,0,0,0,0,0,0,0,0,0,0,0,0,0,0,0,0,0,0,0,0,0,0,0,0,0,0,0,0,0,0,0,0,0,0,0,0,0,0,0,0,0,0,0,0,0,0,0,0,0,0,0,0,0,0,0,0,0,0,0,0,0,0,0,0,0,0,0
212,1972,4,1972-05-14,Monaco Grand Prix,5,24,1,1,1,2,13,1,1,2,3,2,1,16,1,1,3,1,6,1,14,1,1,4,1,3,2,1,1,14,25,4,6,1,19,1,1,2,6,7,2,6,1,2,1,1,1,1,0,0,0,0,0,0,0,0,0,0,0,0,0,0,0,0,0,0,0,0,0,0,0,0,0,0,0,0,0,0,0,0,0,0,0,0,0,0,0,0,0,0,0,0,0,0,0,0,0,0,0,0,0,0,0,0,0,0,0,0,0,0,0,0,0,0,0,0
213,1972,5,1972-06-04,Belgian Grand Prix,5,24,1,1,1,2,13,1,1,2,3,2,1,16,1,1,3,1,6,1,14,1,1,4,1,3,2,1,1,14,25,4,6,1,19,1,1,2,6,7,2,6,1,3,1,1,1,1,0,0,0,0,0,0,0,0,0,0,0,0,0,0,0,0,0,0,0,0,0,0,0,0,0,0,0,0,0,0,0,0,0,0,0,0,0,0,0,0,0,0,0,0,0,0,0,0,0,0,0,0,0,0,0,0,0,0,0,0,0,0,0,0,0,0,0,0
214,1972,6,1972-07-02,French Grand Prix,5,24,1,1,1,2,13,1,1,2,3,2,1,16,1,1,3,1,6,1,14,1,1,4,1,3,2,1,1,14,25,4,6,1,20,1,1,2,6,7,2,6,1,3,1,1,1,1,0,0,0,0,0,0,0,0,0,0,0,0,0,0,0,0,0,0,0,0,0,0,0,0,0,0,0,0,0,0,0,0,0,0,0,0,0,0,0,0,0,0,0,0,0,0,0,0,0,0,0,0,0,0,0,0,0,0,0,0,0,0,0,0,0,0,0,0
215,1972,7,1972-07-15,British Grand Prix,5,24,1,1,1,2,13,1,1,2,3,2,1,16,1,1,3,1,6,1,14,1,1,4,1,3,2,1,1,14,25,4,6,1,20,1,1,2,6,7,2,6,1,4,1,1,1,1,0,0,0,0,0,0,0,0,0,0,0,0,0,0,0,0,0,0,0,0,0,0,0,0,0,0,0,0,0,0,0,0,0,0,0,0,0,0,0,0,0,0,0,0,0,0,0,0,0,0,0,0,0,0,0,0,0,0,0,0,0,0,0,0,0,0,0,0
216,1972,8,1972-07-30,German Grand Prix,5,24,1,1,1,2,13,1,1,2,3,2,1,16,1,1,3,1,6,1,14,1,1,4,1,3,2,1,1,14,25,4,6,1,20,1,1,2,6,8,2,6,1,4,1,1,1,1,0,0,0,0,0,0,0,0,0,0,0,0,0,0,0,0,0,0,0,0,0,0,0,0,0,0,0,0,0,0,0,0,0,0,0,0,0,0,0,0,0,0,0,0,0,0,0,0,0,0,0,0,0,0,0,0,0,0,0,0,0,0,0,0,0,0,0,0
217,1972,9,1972-08-13,Austrian Grand Prix,5,24,1,1,1,2,13,1,1,2,3,2,1,16,1,1,3,1,6,1,14,1,1,4,1,3,2,1,1,14,25,4,6,1,20,1,1,2,6,8,2,6,1,5,1,1,1,1,0,0,0,0,0,0,0,0,0,0,0,0,0,0,0,0,0,0,0,0,0,0,0,0,0,0,0,0,0,0,0,0,0,0,0,0,0,0,0,0,0,0,0,0,0,0,0,0,0,0,0,0,0,0,0,0,0,0,0,0,0,0,0,0,0,0,0,0
218,1972,10,1972-09-10,Italian Grand Prix,5,24,1,1,1,2,13,1,1,2,3,2,1,16,1,1,3,1,6,1,14,1,1,4,1,3,2,1,1,14,25,4,6,1,20,1,1,2,6,8,2,6,1,6,1,1,1,1,0,0,0,0,0,0,0,0,0,0,0,0,0,0,0,0,0,0,0,0,0,0,0,0,0,0,0,0,0,0,0,0,0,0,0,0,0,0,0,0,0,0,0,0,0,0,0,0,0,0,0,0,0,0,0,0,0,0,0,0,0,0,0,0,0,0,0,0
219,1972,11,1972-09-24,Canadian Grand Prix,5,24,1,1,1,2,13,1,1,2,3,2,1,16,1,1,3,1,6,1,14,1,1,4,1,3,2,1,1,14,25,4,6,1,21,1,1,2,6,8,2,6,1,6,1,1,1,1,0,0,0,0,0,0,0,0,0,0,0,0,0,0,0,0,0,0,0,0,0,0,0,0,0,0,0,0,0,0,0,0,0,0,0,0,0,0,0,0,0,0,0,0,0,0,0,0,0,0,0,0,0,0,0,0,0,0,0,0,0,0,0,0,0,0,0,0
220,1972,12,1972-10-08,United States Grand Prix,5,24,1,1,1,2,13,1,1,2,3,2,1,16,1,1,3,1,6,1,14,1,1,4,1,3,2,1,1,14,25,4,6,1,22,1,1,2,6,8,2,6,1,6,1,1,1,1,0,0,0,0,0,0,0,0,0,0,0,0,0,0,0,0,0,0,0,0,0,0,0,0,0,0,0,0,0,0,0,0,0,0,0,0,0,0,0,0,0,0,0,0,0,0,0,0,0,0,0,0,0,0,0,0,0,0,0,0,0,0,0,0,0,0,0,0
221,1973,1,1973-01-28,Argentine Grand Prix,5,24,1,1,1,2,13,1,1,2,3,2,1,16,1,1,3,1,6,1,14,1,1,4,1,3,2,1,1,14,25,4,6,1,22,1,1,2,6,8,2,6,1,7,1,1,1,1,0,0,0,0,0,0,0,0,0,0,0,0,0,0,0,0,0,0,0,0,0,0,0,0,0,0,0,0,0,0,0,0,0,0,0,0,0,0,0,0,0,0,0,0,0,0,0,0,0,0,0,0,0,0,0,0,0,0,0,0,0,0,0,0,0,0,0,0
222,1973,2,1973-02-11,Brazilian Grand Prix,5,24,1,1,1,2,13,1,1,2,3,2,1,16,1,1,3,1,6,1,14,1,1,4,1,3,2,1,1,14,25,4,6,1,22,1,1,2,6,8,2,6,1,8,1,1,1,1,0,0,0,0,0,0,0,0,0,0,0,0,0,0,0,0,0,0,0,0,0,0,0,0,0,0,0,0,0,0,0,0,0,0,0,0,0,0,0,0,0,0,0,0,0,0,0,0,0,0,0,0,0,0,0,0,0,0,0,0,0,0,0,0,0,0,0,0
223,1973,3,1973-03-03,South African Grand Prix,5,24,1,1,1,2,13,1,1,2,3,2,1,16,1,1,3,1,6,1,14,1,1,4,1,3,2,1,1,14,25,4,6,1,23,1,1,2,6,8,2,6,1,8,1,1,1,1,0,0,0,0,0,0,0,0,0,0,0,0,0,0,0,0,0,0,0,0,0,0,0,0,0,0,0,0,0,0,0,0,0,0,0,0,0,0,0,0,0,0,0,0,0,0,0,0,0,0,0,0,0,0,0,0,0,0,0,0,0,0,0,0,0,0,0,0
224,1973,4,1973-04-29,Spanish Grand Prix,5,24,1,1,1,2,13,1,1,2,3,2,1,16,1,1,3,1,6,1,14,1,1,4,1,3,2,1,1,14,25,4,6,1,23,1,1,2,6,8,2,6,1,9,1,1,1,1,0,0,0,0,0,0,0,0,0,0,0,0,0,0,0,0,0,0,0,0,0,0,0,0,0,0,0,0,0,0,0,0,0,0,0,0,0,0,0,0,0,0,0,0,0,0,0,0,0,0,0,0,0,0,0,0,0,0,0,0,0,0,0,0,0,0,0,0
225,1973,5,1973-05-20,Belgian Grand Prix,5,24,1,1,1,2,13,1,1,2,3,2,1,16,1,1,3,1,6,1,14,1,1,4,1,3,2,1,1,14,25,4,6,1,24,1,1,2,6,8,2,6,1,9,1,1,1,1,0,0,0,0,0,0,0,0,0,0,0,0,0,0,0,0,0,0,0,0,0,0,0,0,0,0,0,0,0,0,0,0,0,0,0,0,0,0,0,0,0,0,0,0,0,0,0,0,0,0,0,0,0,0,0,0,0,0,0,0,0,0,0,0,0,0,0,0
226,1973,6,1973-06-03,Monaco Grand Prix,5,24,1,1,1,2,13,1,1,2,3,2,1,16,1,1,3,1,6,1,14,1,1,4,1,3,2,1,1,14,25,4,6,1,25,1,1,2,6,8,2,6,1,9,1,1,1,1,0,0,0,0,0,0,0,0,0,0,0,0,0,0,0,0,0,0,0,0,0,0,0,0,0,0,0,0,0,0,0,0,0,0,0,0,0,0,0,0,0,0,0,0,0,0,0,0,0,0,0,0,0,0,0,0,0,0,0,0,0,0,0,0,0,0,0,0
227,1973,7,1973-06-17,Swedish Grand Prix,5,24,1,1,1,2,13,1,1,2,3,2,1,16,1,1,3,1,6,1,14,1,1,4,1,3,2,1,1,14,25,4,6,1,25,1,1,2,7,8,2,6,1,9,1,1,1,1,0,0,0,0,0,0,0,0,0,0,0,0,0,0,0,0,0,0,0,0,0,0,0,0,0,0,0,0,0,0,0,0,0,0,0,0,0,0,0,0,0,0,0,0,0,0,0,0,0,0,0,0,0,0,0,0,0,0,0,0,0,0,0,0,0,0,0,0
228,1973,8,1973-07-01,French Grand Prix,5,24,1,1,1,2,13,1,1,2,3,2,1,16,1,1,3,1,6,1,14,1,1,4,1,3,2,1,1,14,25,4,6,1,25,1,1,2,7,8,2,6,1,9,1,1,1,1,1,0,0,0,0,0,0,0,0,0,0,0,0,0,0,0,0,0,0,0,0,0,0,0,0,0,0,0,0,0,0,0,0,0,0,0,0,0,0,0,0,0,0,0,0,0,0,0,0,0,0,0,0,0,0,0,0,0,0,0,0,0,0,0,0,0,0,0
229,1973,9,1973-07-14,British Grand Prix,5,24,1,1,1,2,13,1,1,2,3,2,1,16,1,1,3,1,6,1,14,1,1,4,1,3,2,1,1,14,25,4,6,1,25,1,1,2,7,8,2,6,1,9,1,1,1,1,1,1,0,0,0,0,0,0,0,0,0,0,0,0,0,0,0,0,0,0,0,0,0,0,0,0,0,0,0,0,0,0,0,0,0,0,0,0,0,0,0,0,0,0,0,0,0,0,0,0,0,0,0,0,0,0,0,0,0,0,0,0,0,0,0,0,0,0
230,1973,10,1973-07-29,Dutch Grand Prix,5,24,1,1,1,2,13,1,1,2,3,2,1,16,1,1,3,1,6,1,14,1,1,4,1,3,2,1,1,14,25,4,6,1,26,1,1,2,7,8,2,6,1,9,1,1,1,1,1,1,0,0,0,0,0,0,0,0,0,0,0,0,0,0,0,0,0,0,0,0,0,0,0,0,0,0,0,0,0,0,0,0,0,0,0,0,0,0,0,0,0,0,0,0,0,0,0,0,0,0,0,0,0,0,0,0,0,0,0,0,0,0,0,0,0,0
231,1973,11,1973-08-05,German Grand Prix,5,24,1,1,1,2,13,1,1,2,3,2,1,16,1,1,3,1,6,1,14,1,1,4,1,3,2,1,1,14,25,4,6,1,27,1,1,2,7,8,2,6,1,9,1,1,1,1,1,1,0,0,0,0,0,0,0,0,0,0,0,0,0,0,0,0,0,0,0,0,0,0,0,0,0,0,0,0,0,0,0,0,0,0,0,0,0,0,0,0,0,0,0,0,0,0,0,0,0,0,0,0,0,0,0,0,0,0,0,0,0,0,0,0,0,0
232,1973,12,1973-08-19,Austrian Grand Prix,5,24,1,1,1,2,13,1,1,2,3,2,1,16,1,1,3,1,6,1,14,1,1,4,1,3,2,1,1,14,25,4,6,1,27,1,1,2,7,8,2,6,1,9,1,1,1,1,2,1,0,0,0,0,0,0,0,0,0,0,0,0,0,0,0,0,0,0,0,0,0,0,0,0,0,0,0,0,0,0,0,0,0,0,0,0,0,0,0,0,0,0,0,0,0,0,0,0,0,0,0,0,0,0,0,0,0,0,0,0,0,0,0,0,0,0
233,1973,13,1973-09-09,Italian Grand Prix,5,24,1,1,1,2,13,1,1,2,3,2,1,16,1,1,3,1,6,1,14,1,1,4,1,3,2,1,1,14,25,4,6,1,27,1,1,2,7,8,2,6,1,9,1,1,1,1,3,1,0,0,0,0,0,0,0,0,0,0,0,0,0,0,0,0,0,0,0,0,0,0,0,0,0,0,0,0,0,0,0,0,0,0,0,0,0,0,0,0,0,0,0,0,0,0,0,0,0,0,0,0,0,0,0,0,0,0,0,0,0,0,0,0,0,0
234,1973,14,1973-09-23,Canadian Grand Prix,5,24,1,1,1,2,13,1,1,2,3,2,1,16,1,1,3,1,6,1,14,1,1,4,1,3,2,1,1,14,25,4,6,1,27,1,1,2,7,8,2,6,1,9,1,1,1,1,3,2,0,0,0,0,0,0,0,0,0,0,0,0,0,0,0,0,0,0,0,0,0,0,0,0,0,0,0,0,0,0,0,0,0,0,0,0,0,0,0,0,0,0,0,0,0,0,0,0,0,0,0,0,0,0,0,0,0,0,0,0,0,0,0,0,0,0
235,1973,15,1973-10-07,United States Grand Prix,5,24,1,1,1,2,13,1,1,2,3,2,1,16,1,1,3,1,6,1,14,1,1,4,1,3,2,1,1,14,25,4,6,1,27,1,1,2,7,8,2,6,1,9,1,1,1,1,4,2,0,0,0,0,0,0,0,0,0,0,0,0,0,0,0,0,0,0,0,0,0,0,0,0,0,0,0,0,0,0,0,0,0,0,0,0,0,0,0,0,0,0,0,0,0,0,0,0,0,0,0,0,0,0,0,0,0,0,0,0,0,0,0,0,0,0
236,1974,1,1974-01-13,Argentine Grand Prix,5,24,1,1,1,2,13,1,1,2,3,2,1,16,1,1,3,1,6,1,14,1,1,4,1,3,2,1,1,14,25,4,6,1,27,1,1,2,8,8,2,6,1,9,1,1,1,1,4,2,0,0,0,0,0,0,0,0,0,0,0,0,0,0,0,0,0,0,0,0,0,0,0,0,0,0,0,0,0,0,0,0,0,0,0,0,0,0,0,0,0,0,0,0,0,0,0,0,0,0,0,0,0,0,0,0,0,0,0,0,0,0,0,0,0,0
237,1974,2,1974-01-27,Brazilian Grand Prix,5,24,1,1,1,2,13,1,1,2,3,2,1,16,1,1,3,1,6,1,14,1,1,4,1,3,2,1,1,14,25,4,6,1,27,1,1,2,8,8,2,6,1,10,1,1,1,1,4,2,0,0,0,0,0,0,0,0,0,0,0,0,0,0,0,0,0,0,0,0,0,0,0,0,0,0,0,0,0,0,0,0,0,0,0,0,0,0,0,0,0,0,0,0,0,0,0,0,0,0,0,0,0,0,0,0,0,0,0,0,0,0,0,0,0,0
238,1974,3,1974-03-30,South African Grand Prix,5,24,1,1,1,2,13,1,1,2,3,2,1,16,1,1,3,1,6,1,14,1,1,4,1,3,2,1,1,14,25,4,6,1,27,1,1,2,8,8,2,6,1,10,1,1,1,1,4,2,1,0,0,0,0,0,0,0,0,0,0,0,0,0,0,0,0,0,0,0,0,0,0,0,0,0,0,0,0,0,0,0,0,0,0,0,0,0,0,0,0,0,0,0,0,0,0,0,0,0,0,0,0,0,0,0,0,0,0,0,0,0,0,0,0,0
239,1974,4,1974-04-28,Spanish Grand Prix,5,24,1,1,1,2,13,1,1,2,3,2,1,16,1,1,3,1,6,1,14,1,1,4,1,3,2,1,1,14,25,4,6,1,27,1,1,2,8,8,2,6,1,10,1,1,1,1,4,2,1,1,0,0,0,0,0,0,0,0,0,0,0,0,0,0,0,0,0,0,0,0,0,0,0,0,0,0,0,0,0,0,0,0,0,0,0,0,0,0,0,0,0,0,0,0,0,0,0,0,0,0,0,0,0,0,0,0,0,0,0,0,0,0,0,0
240,1974,5,1974-05-12,Belgian Grand Prix,5,24,1,1,1,2,13,1,1,2,3,2,1,16,1,1,3,1,6,1,14,1,1,4,1,3,2,1,1,14,25,4,6,1,27,1,1,2,8,8,2,6,1,11,1,1,1,1,4,2,1,1,0,0,0,0,0,0,0,0,0,0,0,0,0,0,0,0,0,0,0,0,0,0,0,0,0,0,0,0,0,0,0,0,0,0,0,0,0,0,0,0,0,0,0,0,0,0,0,0,0,0,0,0,0,0,0,0,0,0,0,0,0,0,0,0
241,1974,6,1974-05-26,Monaco Grand Prix,5,24,1,1,1,2,13,1,1,2,3,2,1,16,1,1,3,1,6,1,14,1,1,4,1,3,2,1,1,14,25,4,6,1,27,1,1,2,8,8,2,6,1,11,1,1,1,1,5,2,1,1,0,0,0,0,0,0,0,0,0,0,0,0,0,0,0,0,0,0,0,0,0,0,0,0,0,0,0,0,0,0,0,0,0,0,0,0,0,0,0,0,0,0,0,0,0,0,0,0,0,0,0,0,0,0,0,0,0,0,0,0,0,0,0,0
242,1974,7,1974-06-09,Swedish Grand Prix,5,24,1,1,1,2,13,1,1,2,3,2,1,16,1,1,3,1,6,1,14,1,1,4,1,3,2,1,1,14,25,4,6,1,27,1,1,2,8,8,2,6,1,11,1,1,1,1,5,2,1,1,1,0,0,0,0,0,0,0,0,0,0,0,0,0,0,0,0,0,0,0,0,0,0,0,0,0,0,0,0,0,0,0,0,0,0,0,0,0,0,0,0,0,0,0,0,0,0,0,0,0,0,0,0,0,0,0,0,0,0,0,0,0,0,0
243,1974,8,1974-06-23,Dutch Grand Prix,5,24,1,1,1,2,13,1,1,2,3,2,1,16,1,1,3,1,6,1,14,1,1,4,1,3,2,1,1,14,25,4,6,1,27,1,1,2,8,8,2,6,1,11,1,1,1,1,5,2,1,2,1,0,0,0,0,0,0,0,0,0,0,0,0,0,0,0,0,0,0,0,0,0,0,0,0,0,0,0,0,0,0,0,0,0,0,0,0,0,0,0,0,0,0,0,0,0,0,0,0,0,0,0,0,0,0,0,0,0,0,0,0,0,0,0
244,1974,9,1974-07-07,French Grand Prix,5,24,1,1,1,2,13,1,1,2,3,2,1,16,1,1,3,1,6,1,14,1,1,4,1,3,2,1,1,14,25,4,6,1,27,1,1,2,8,8,2,6,1,11,1,1,1,1,6,2,1,2,1,0,0,0,0,0,0,0,0,0,0,0,0,0,0,0,0,0,0,0,0,0,0,0,0,0,0,0,0,0,0,0,0,0,0,0,0,0,0,0,0,0,0,0,0,0,0,0,0,0,0,0,0,0,0,0,0,0,0,0,0,0,0,0
245,1974,10,1974-07-20,British Grand Prix,5,24,1,1,1,2,13,1,1,2,3,2,1,16,1,1,3,1,6,1,14,1,1,4,1,3,2,1,1,14,25,4,6,1,27,1,1,2,8,8,2,6,1,11,1,1,1,1,6,2,1,2,2,0,0,0,0,0,0,0,0,0,0,0,0,0,0,0,0,0,0,0,0,0,0,0,0,0,0,0,0,0,0,0,0,0,0,0,0,0,0,0,0,0,0,0,0,0,0,0,0,0,0,0,0,0,0,0,0,0,0,0,0,0,0,0
246,1974,11,1974-08-04,German Grand Prix,5,24,1,1,1,2,13,1,1,2,3,2,1,16,1,1,3,1,6,1,14,1,1,4,1,3,2,1,1,14,25,4,6,1,27,1,1,2,8,8,2,6,2,11,1,1,1,1,6,2,1,2,2,0,0,0,0,0,0,0,0,0,0,0,0,0,0,0,0,0,0,0,0,0,0,0,0,0,0,0,0,0,0,0,0,0,0,0,0,0,0,0,0,0,0,0,0,0,0,0,0,0,0,0,0,0,0,0,0,0,0,0,0,0,0,0
247,1974,12,1974-08-18,Austrian Grand Prix,5,24,1,1,1,2,13,1,1,2,3,2,1,16,1,1,3,1,6,1,14,1,1,4,1,3,2,1,1,14,25,4,6,1,27,1,1,2,8,8,2,6,2,11,1,1,1,1,6,2,2,2,2,0,0,0,0,0,0,0,0,0,0,0,0,0,0,0,0,0,0,0,0,0,0,0,0,0,0,0,0,0,0,0,0,0,0,0,0,0,0,0,0,0,0,0,0,0,0,0,0,0,0,0,0,0,0,0,0,0,0,0,0,0,0,0
248,1974,13,1974-09-08,Italian Grand Prix,5,24,1,1,1,2,13,1,1,2,3,2,1,16,1,1,3,1,6,1,14,1,1,4,1,3,2,1,1,14,25,4,6,1,27,1,1,2,8,8,2,6,2,11,1,1,1,1,7,2,2,2,2,0,0,0,0,0,0,0,0,0,0,0,0,0,0,0,0,0,0,0,0,0,0,0,0,0,0,0,0,0,0,0,0,0,0,0,0,0,0,0,0,0,0,0,0,0,0,0,0,0,0,0,0,0,0,0,0,0,0,0,0,0,0,0
249,1974,14,1974-09-22,Canadian Grand Prix,5,24,1,1,1,2,13,1,1,2,3,2,1,16,1,1,3,1,6,1,14,1,1,4,1,3,2,1,1,14,25,4,6,1,27,1,1,2,8,8,2,6,2,12,1,1,1,1,7,2,2,2,2,0,0,0,0,0,0,0,0,0,0,0,0,0,0,0,0,0,0,0,0,0,0,0,0,0,0,0,0,0,0,0,0,0,0,0,0,0,0,0,0,0,0,0,0,0,0,0,0,0,0,0,0,0,0,0,0,0,0,0,0,0,0,0
250,1974,15,1974-10-06,United States Grand Prix,5,24,1,1,1,2,13,1,1,2,3,2,1,16,1,1,3,1,6,1,14,1,1,4,1,3,2,1,1,14,25,4,6,1,27,1,1,2,8,8,2,6,2,12,1,1,1,1,7,2,3,2,2,0,0,0,0,0,0,0,0,0,0,0,0,0,0,0,0,0,0,0,0,0,0,0,0,0,0,0,0,0,0,0,0,0,0,0,0,0,0,0,0,0,0,0,0,0,0,0,0,0,0,0,0,0,0,0,0,0,0,0,0,0,0,0
251,1975,1,1975-01-12,Argentine Grand Prix,5,24,1,1,1,2,13,1,1,2,3,2,1,16,1,1,3,1,6,1,14,1,1,4,1,3,2,1,1,14,25,4,6,1,27,1,1,2,8,8,2,6,2,13,1,1,1,1,7,2,3,2,2,0,0,0,0,0,0,0,0,0,0,0,0,0,0,0,0,0,0,0,0,0,0,0,0,0,0,0,0,0,0,0,0,0,0,0,0,0,0,0,0,0,0,0,0,0,0,0,0,0,0,0,0,0,0,0,0,0,0,0,0,0,0,0
252,1975,2,1975-01-26,Brazilian Grand Prix,5,24,1,1,1,2,13,1,1,2,3,2,1,16,1,1,3,1,6,1,14,1,1,4,1,3,2,1,1,14,25,4,6,1,27,1,1,2,8,8,2,6,2,13,1,1,1,1,7,2,3,2,2,1,0,0,0,0,0,0,0,0,0,0,0,0,0,0,0,0,0,0,0,0,0,0,0,0,0,0,0,0,0,0,0,0,0,0,0,0,0,0,0,0,0,0,0,0,0,0,0,0,0,0,0,0,0,0,0,0,0,0,0,0,0,0
253,1975,3,1975-03-01,South African Grand Prix,5,24,1,1,1,2,13,1,1,2,3,2,1,16,1,1,3,1,6,1,14,1,1,4,1,3,2,1,1,14,25,4,6,1,27,1,1,2,8,8,2,6,2,13,1,1,1,1,7,2,3,2,3,1,0,0,0,0,0,0,0,0,0,0,0,0,0,0,0,0,0,0,0,0,0,0,0,0,0,0,0,0,0,0,0,0,0,0,0,0,0,0,0,0,0,0,0,0,0,0,0,0,0,0,0,0,0,0,0,0,0,0,0,0,0,0
254,1975,4,1975-04-27,Spanish Grand Prix,5,24,1,1,1,2,13,1,1,2,3,2,1,16,1,1,3,1,6,1,14,1,1,4,1,3,2,1,1,14,25,4,6,1,27,1,1,2,8,8,2,6,2,13,1,1,1,1,7,2,3,2,3,1,1,0,0,0,0,0,0,0,0,0,0,0,0,0,0,0,0,0,0,0,0,0,0,0,0,0,0,0,0,0,0,0,0,0,0,0,0,0,0,0,0,0,0,0,0,0,0,0,0,0,0,0,0,0,0,0,0,0,0,0,0,0
255,1975,5,1975-05-11,Monaco Grand Prix,5,24,1,1,1,2,13,1,1,2,3,2,1,16,1,1,3,1,6,1,14,1,1,4,1,3,2,1,1,14,25,4,6,1,27,1,1,2,8,8,2,6,2,13,1,1,1,1,7,2,3,3,3,1,1,0,0,0,0,0,0,0,0,0,0,0,0,0,0,0,0,0,0,0,0,0,0,0,0,0,0,0,0,0,0,0,0,0,0,0,0,0,0,0,0,0,0,0,0,0,0,0,0,0,0,0,0,0,0,0,0,0,0,0,0,0
256,1975,6,1975-05-25,Belgian Grand Prix,5,24,1,1,1,2,13,1,1,2,3,2,1,16,1,1,3,1,6,1,14,1,1,4,1,3,2,1,1,14,25,4,6,1,27,1,1,2,8,8,2,6,2,13,1,1,1,1,7,2,3,4,3,1,1,0,0,0,0,0,0,0,0,0,0,0,0,0,0,0,0,0,0,0,0,0,0,0,0,0,0,0,0,0,0,0,0,0,0,0,0,0,0,0,0,0,0,0,0,0,0,0,0,0,0,0,0,0,0,0,0,0,0,0,0,0
257,1975,7,1975-06-08,Swedish Grand Prix,5,24,1,1,1,2,13,1,1,2,3,2,1,16,1,1,3,1,6,1,14,1,1,4,1,3,2,1,1,14,25,4,6,1,27,1,1,2,8,8,2,6,2,13,1,1,1,1,7,2,3,5,3,1,1,0,0,0,0,0,0,0,0,0,0,0,0,0,0,0,0,0,0,0,0,0,0,0,0,0,0,0,0,0,0,0,0,0,0,0,0,0,0,0,0,0,0,0,0,0,0,0,0,0,0,0,0,0,0,0,0,0,0,0,0,0
258,1975,8,1975-06-22,Dutch Grand Prix,5,24,1,1,1,2,13,1,1,2,3,2,1,16,1,1,3,1,6,1,14,1,1,4,1,3,2,1,1,14,25,4,6,1,27,1,1,2,8,8,2,6,2,13,1,1,1,1,7,2,3,5,3,1,1,1,0,0,0,0,0,0,0,0,0,0,0,0,0,0,0,0,0,0,0,0,0,0,0,0,0,0,0,0,0,0,0,0,0,0,0,0,0,0,0,0,0,0,0,0,0,0,0,0,0,0,0,0,0,0,0,0,0,0,0,0
259,1975,9,1975-07-06,French Grand Prix,5,24,1,1,1,2,13,1,1,2,3,2,1,16,1,1,3,1,6,1,14,1,1,4,1,3,2,1,1,14,25,4,6,1,27,1,1,2,8,8,2,6,2,13,1,1,1,1,7,2,3,6,3,1,1,1,0,0,0,0,0,0,0,0,0,0,0,0,0,0,0,0,0,0,0,0,0,0,0,0,0,0,0,0,0,0,0,0,0,0,0,0,0,0,0,0,0,0,0,0,0,0,0,0,0,0,0,0,0,0,0,0,0,0,0,0
260,1975,10,1975-07-19,British Grand Prix,5,24,1,1,1,2,13,1,1,2,3,2,1,16,1,1,3,1,6,1,14,1,1,4,1,3,2,1,1,14,25,4,6,1,27,1,1,2,8,8,2,6,2,14,1,1,1,1,7,2,3,6,3,1,1,1,0,0,0,0,0,0,0,0,0,0,0,0,0,0,0,0,0,0,0,0,0,0,0,0,0,0,0,0,0,0,0,0,0,0,0,0,0,0,0,0,0,0,0,0,0,0,0,0,0,0,0,0,0,0,0,0,0,0,0,0
261,1975,11,1975-08-03,German Grand Prix,5,24,1,1,1,2,13,1,1,2,3,2,1,16,1,1,3,1,6,1,14,1,1,4,1,3,2,1,1,14,25,4,6,1,27,1,1,2,8,8,2,6,2,14,1,1,1,1,7,2,4,6,3,1,1,1,0,0,0,0,0,0,0,0,0,0,0,0,0,0,0,0,0,0,0,0,0,0,0,0,0,0,0,0,0,0,0,0,0,0,0,0,0,0,0,0,0,0,0,0,0,0,0,0,0,0,0,0,0,0,0,0,0,0,0,0
262,1975,12,1975-08-17,Austrian Grand Prix,5,24,1,1,1,2,13,1,1,2,3,2,1,16,1,1,3,1,6,1,14,1,1,4,1,3,2,1,1,14,25,4,6,1,27,1,1,2,8,8,2,6,2,14,1,1,1,1,7,2,4,6,3,1,1,1,1,0,0,0,0,0,0,0,0,0,0,0,0,0,0,0,0,0,0,0,0,0,0,0,0,0,0,0,0,0,0,0,0,0,0,0,0,0,0,0,0,0,0,0,0,0,0,0,0,0,0,0,0,0,0,0,0,0,0,0
263,1975,13,1975-09-07,Italian Grand Prix,5,24,1,1,1,2,13,1,1,2,3,2,1,16,1,1,3,1,6,1,14,1,1,4,1,3,2,1,1,14,25,4,6,1,27,1,1,2,8,8,2,6,3,14,1,1,1,1,7,2,4,6,3,1,1,1,1,0,0,0,0,0,0,0,0,0,0,0,0,0,0,0,0,0,0,0,0,0,0,0,0,0,0,0,0,0,0,0,0,0,0,0,0,0,0,0,0,0,0,0,0,0,0,0,0,0,0,0,0,0,0,0,0,0,0,0
264,1975,14,1975-10-05,United States Grand Prix,5,24,1,1,1,2,13,1,1,2,3,2,1,16,1,1,3,1,6,1,14,1,1,4,1,3,2,1,1,14,25,4,6,1,27,1,1,2,8,8,2,6,3,14,1,1,1,1,7,2,4,7,3,1,1,1,1,0,0,0,0,0,0,0,0,0,0,0,0,0,0,0,0,0,0,0,0,0,0,0,0,0,0,0,0,0,0,0,0,0,0,0,0,0,0,0,0,0,0,0,0,0,0,0,0,0,0,0,0,0,0,0,0,0,0,0
265,1976,1,1976-01-25,Brazilian Grand Prix,5,24,1,1,1,2,13,1,1,2,3,2,1,16,1,1,3,1,6,1,14,1,1,4,1,3,2,1,1,14,25,4,6,1,27,1,1,2,8,8,2,6,3,14,1,1,1,1,7,2,4,8,3,1,1,1,1,0,0,0,0,0,0,0,0,0,0,0,0,0,0,0,0,0,0,0,0,0,0,0,0,0,0,0,0,0,0,0,0,0,0,0,0,0,0,0,0,0,0,0,0,0,0,0,0,0,0,0,0,0,0,0,0,0,0,0
266,1976,2,1976-03-06,South African Grand Prix,5,24,1,1,1,2,13,1,1,2,3,2,1,16,1,1,3,1,6,1,14,1,1,4,1,3,2,1,1,14,25,4,6,1,27,1,1,2,8,8,2,6,3,14,1,1,1,1,7,2,4,9,3,1,1,1,1,0,0,0,0,0,0,0,0,0,0,0,0,0,0,0,0,0,0,0,0,0,0,0,0,0,0,0,0,0,0,0,0,0,0,0,0,0,0,0,0,0,0,0,0,0,0,0,0,0,0,0,0,0,0,0,0,0,0,0
267,1976,3,1976-03-28,United States Grand Prix West,5,24,1,1,1,2,13,1,1,2,3,2,1,16,1,1,3,1,6,1,14,1,1,4,1,3,2,1,1,14,25,4,6,1,27,1,1,2,8,8,2,6,4,14,1,1,1,1,7,2,4,9,3,1,1,1,1,0,0,0,0,0,0,0,0,0,0,0,0,0,0,0,0,0,0,0,0,0,0,0,0,0,0,0,0,0,0,0,0,0,0,0,0,0,0,0,0,0,0,0,0,0,0,0,0,0,0,0,0,0,0,0,0,0,0,0
268,1976,4,1976-05-02,Spanish Grand Prix,5,24,1,1,1,2,13,1,1,2,3,2,1,16,1,1,3,1,6,1,14,1,1,4,1,3,2,1,1,14,25,4,6,1,27,1,1,2,8,8,2,6,4,14,1,1,1,1,7,2,4,9,3,1,1,2,1,0,0,0,0,0,0,0,0,0,0,0,0,0,0,0,0,0,0,0,0,0,0,0,0,0,0,0,0,0,0,0,0,0,0,0,0,0,0,0,0,0,0,0,0,0,0,0,0,0,0,0,0,0,0,0,0,0,0,0
269,1976,5,1976-05-16,Belgian Grand Prix,5,24,1,1,1,2,13,1,1,2,3,2,1,16,1,1,3,1,6,1,14,1,1,4,1,3,2,1,1,14,25,4,6,1,27,1,1,2,8,8,2,6,4,14,1,1,1,1,7,2,4,10,3,1,1,2,1,0,0,0,0,0,0,0,0,0,0,0,0,0,0,0,0,0,0,0,0,0,0,0,0,0,0,0,0,0,0,0,0,0,0,0,0,0,0,0,0,0,0,0,0,0,0,0,0,0,0,0,0,0,0,0,0,0,0,0
270,1976,6,1976-05-30,Monaco Grand Prix,5,24,1,1,1,2,13,1,1,2,3,2,1,16,1,1,3,1,6,1,14,1,1,4,1,3,2,1,1,14,25,4,6,1,27,1,1,2,8,8,2,6,4,14,1,1,1,1,7,2,4,11,3,1,1,2,1,0,0,0,0,0,0,0,0,0,0,0,0,0,0,0,0,0,0,0,0,0,0,0,0,0,0,0,0,0,0,0,0,0,0,0,0,0,0,0,0,0,0,0,0,0,0,0,0,0,0,0,0,0,0,0,0,0,0,0
271,1976,7,1976-06-13,Swedish Grand Prix,5,24,1,1,1,2,13,1,1,2,3,2,1,16,1,1,3,1,6,1,14,1,1,4,1,3,2,1,1,14,25,4,6,1,27,1,1,2,8,8,2,6,4,14,1,1,1,1,7,2,4,11,4,1,1,2,1,0,0,0,0,0,0,0,0,0,0,0,0,0,0,0,0,0,0,0,0,0,0,0,0,0,0,0,0,0,0,0,0,0,0,0,0,0,0,0,0,0,0,0,0,0,0,0,0,0,0,0,0,0,0,0,0,0,0,0
272,1976,8,1976-07-04,French Grand Prix,5,24,1,1,1,2,13,1,1,2,3,2,1,16,1,1,3,1,6,1,14,1,1,4,1,3,2,1,1,14,25,4,6,1,27,1,1,2,8,8,2,6,4,14,1,1,1,1,7,2,4,11,4,1,1,3,1,0,0,0,0,0,0,0,0,0,0,0,0,0,0,0,0,0,0,0,0,0,0,0,0,0,0,0,0,0,0,0,0,0,0,0,0,0,0,0,0,0,0,0,0,0,0,0,0,0,0,0,0,0,0,0,0,0,0,0
273,1976,9,1976-07-18,British Grand Prix,5,24,1,1,1,2,13,1,1,2,3,2,1,16,1,1,3,1,6,1,14,1,1,4,1,3,2,1,1,14,25,4,6,1,27,1,1,2,8,8,2,6,4,14,1,1,1,1,7,2,4,12,4,1,1,3,1,0,0,0,0,0,0,0,0,0,0,0,0,0,0,0,0,0,0,0,0,0,0,0,0,0,0,0,0,0,0,0,0,0,0,0,0,0,0,0,0,0,0,0,0,0,0,0,0,0,0,0,0,0,0,0,0,0,0,0
274,1976,10,1976-08-01,German Grand Prix,5,24,1,1,1,2,13,1,1,2,3,2,1,16,1,1,3,1,6,1,14,1,1,4,1,3,2,1,1,14,25,4,6,1,27,1,1,2,8,8,2,6,4,14,1,1,1,1,7,2,4,12,4,1,1,4,1,0,0,0,0,0,0,0,0,0,0,0,0,0,0,0,0,0,0,0,0,0,0,0,0,0,0,0,0,0,0,0,0,0,0,0,0,0,0,0,0,0,0,0,0,0,0,0,0,0,0,0,0,0,0,0,0,0,0,0
275,1976,11,1976-08-15,Austrian Grand Prix,5,24,1,1,1,2,13,1,1,2,3,2,1,16,1,1,3,1,6,1,14,1,1,4,1,3,2,1,1,14,25,4,6,1,27,1,1,2,8,8,2,6,4,14,1,1,1,1,7,2,4,12,4,1,1,4,1,1,0,0,0,0,0,0,0,0,0,0,0,0,0,0,0,0,0,0,0,0,0,0,0,0,0,0,0,0,0,0,0,0,0,0,0,0,0,0,0,0,0,0,0,0,0,0,0,0,0,0,0,0,0,0,0,0,0,0
276,1976,12,1976-08-29,Dutch Grand Prix,5,24,1,1,1,2,13,1,1,2,3,2,1,16,1,1,3,1,6,1,14,1,1,4,1,3,2,1,1,14,25,4,6,1,27,1,1,2,8,8,2,6,4,14,1,1,1,1,7,2,4,12,4,1,1,5,1,1,0,0,0,0,0,0,0,0,0,0,0,0,0,0,0,0,0,0,0,0,0,0,0,0,0,0,0,0,0,0,0,0,0,0,0,0,0,0,0,0,0,0,0,0,0,0,0,0,0,0,0,0,0,0,0,0,0,0
277,1976,13,1976-09-12,Italian Grand Prix,5,24,1,1,1,2,13,1,1,2,3,2,1,16,1,1,3,1,6,1,14,1,1,4,1,3,2,1,1,14,25,4,6,1,27,1,1,2,8,8,2,6,4,14,1,1,1,1,8,2,4,12,4,1,1,5,1,1,0,0,0,0,0,0,0,0,0,0,0,0,0,0,0,0,0,0,0,0,0,0,0,0,0,0,0,0,0,0,0,0,0,0,0,0,0,0,0,0,0,0,0,0,0,0,0,0,0,0,0,0,0,0,0,0,0,0
278,1976,14,1976-10-03,Canadian Grand Prix,5,24,1,1,1,2,13,1,1,2,3,2,1,16,1,1,3,1,6,1,14,1,1,4,1,3,2,1,1,14,25,4,6,1,27,1,1,2,8,8,2,6,4,14,1,1,1,1,8,2,4,12,4,1,1,6,1,1,0,0,0,0,0,0,0,0,0,0,0,0,0,0,0,0,0,0,0,0,0,0,0,0,0,0,0,0,0,0,0,0,0,0,0,0,0,0,0,0,0,0,0,0,0,0,0,0,0,0,0,0,0,0,0,0,0,0
279,1976,15,1976-10-10,United States Grand Prix,5,24,1,1,1,2,13,1,1,2,3,2,1,16,1,1,3,1,6,1,14,1,1,4,1,3,2,1,1,14,25,4,6,1,27,1,1,2,8,8,2,6,4,14,1,1,1,1,8,2,4,12,4,1,1,7,1,1,0,0,0,0,0,0,0,0,0,0,0,0,0,0,0,0,0,0,0,0,0,0,0,0,0,0,0,0,0,0,0,0,0,0,0,0,0,0,0,0,0,0,0,0,0,0,0,0,0,0,0,0,0,0,0,0,0,0
280,1976,16,1976-10-24,Japanese Grand Prix,5,24,1,1,1,2,13,1,1,2,3,2,1,16,1,1,3,1,6,1,14,1,1,4,1,3,2,1,1,14,25,4,6,1,27,1,1,2,8,8,2,6,4,14,2,1,1,1,8,2,4,12,4,1,1,7,1,1,0,0,0,0,0,0,0,0,0,0,0,0,0,0,0,0,0,0,0,0,0,0,0,0,0,0,0,0,0,0,0,0,0,0,0,0,0,0,0,0,0,0,0,0,0,0,0,0,0,0,0,0,0,0,0,0,0,0
281,1977,1,1977-01-09,Argentine Grand Prix,5,24,1,1,1,2,13,1,1,2,3,2,1,16,1,1,3,1,6,1,14,1,1,4,1,3,2,1,1,14,25,4,6,1,27,1,1,2,8,8,2,6,4,14,2,1,1,1,8,2,4,12,5,1,1,7,1,1,0,0,0,0,0,0,0,0,0,0,0,0,0,0,0,0,0,0,0,0,0,0,0,0,0,0,0,0,0,0,0,0,0,0,0,0,0,0,0,0,0,0,0,0,0,0,0,0,0,0,0,0,0,0,0,0,0,0
282,1977,2,1977-01-23,Brazilian Grand Prix,5,24,1,1,1,2,13,1,1,2,3,2,1,16,1,1,3,1,6,1,14,1,1,4,1,3,2,1,1,14,25,4,6,1,27,1,1,2,8,8,2,6,4,14,2,1,1,1,8,2,5,12,5,1,1,7,1,1,0,0,0,0,0,0,0,0,0,0,0,0,0,0,0,0,0,0,0,0,0,0,0,0,0,0,0,0,0,0,0,0,0,0,0,0,0,0,0,0,0,0,0,0,0,0,0,0,0,0,0,0,0,0,0,0,0,0
283,1977,3,1977-03-05,South African Grand Prix,5,24,1,1,1,2,13,1,1,2,3,2,1,16,1,1,3,1,6,1,14,1,1,4,1,3,2,1,1,14,25,4,6,1,27,1,1,2,8,8,2,6,4,14,2,1,1,1,8,2,5,13,5,1,1,7,1,1,0,0,0,0,0,0,0,0,0,0,0,0,0,0,0,0,0,0,0,0,0,0,0,0,0,0,0,0,0,0,0,0,0,0,0,0,0,0,0,0,0,0,0,0,0,0,0,0,0,0,0,0,0,0,0,0,0,0
284,1977,4,1977-04-03,United States Grand Prix West,5,24,1,1,1,2,13,1,1,2,3,2,1,16,1,1,3,1,6,1,14,1,1,4,1,3,2,1,1,14,25,4,6,1,27,1,1,2,8,8,2,6,4,14,3,1,1,1,8,2,5,13,5,1,1,7,1,1,0,0,0,0,0,0,0,0,0,0,0,0,0,0,0,0,0,0,0,0,0,0,0,0,0,0,0,0,0,0,0,0,0,0,0,0,0,0,0,0,0,0,0,0,0,0,0,0,0,0,0,0,0,0,0,0,0,0
285,1977,5,1977-05-08,Spanish Grand Prix,5,24,1,1,1,2,13,1,1,2,3,2,1,16,1,1,3,1,6,1,14,1,1,4,1,3,2,1,1,14,25,4,6,1,27,1,1,2,8,8,2,6,4,14,4,1,1,1,8,2,5,13,5,1,1,7,1,1,0,0,0,0,0,0,0,0,0,0,0,0,0,0,0,0,0,0,0,0,0,0,0,0,0,0,0,0,0,0,0,0,0,0,0,0,0,0,0,0,0,0,0,0,0,0,0,0,0,0,0,0,0,0,0,0,0,0
286,1977,6,1977-05-22,Monaco Grand Prix,5,24,1,1,1,2,13,1,1,2,3,2,1,16,1,1,3,1,6,1,14,1,1,4,1,3,2,1,1,14,25,4,6,1,27,1,1,2,8,8,2,6,4,14,4,1,1,1,8,2,5,13,6,1,1,7,1,1,0,0,0,0,0,0,0,0,0,0,0,0,0,0,0,0,0,0,0,0,0,0,0,0,0,0,0,0,0,0,0,0,0,0,0,0,0,0,0,0,0,0,0,0,0,0,0,0,0,0,0,0,0,0,0,0,0,0
287,1977,7,1977-06-05,Belgian Grand Prix,5,24,1,1,1,2,13,1,1,2,3,2,1,16,1,1,3,1,6,1,14,1,1,4,1,3,2,1,1,14,25,4,6,1,27,1,1,2,8,8,2,6,4,14,4,1,1,1,8,2,5,13,6,1,1,7,1,1,1,0,0,0,0,0,0,0,0,0,0,0,0,0,0,0,0,0,0,0,0,0,0,0,0,0,0,0,0,0,0,0,0,0,0,0,0,0,0,0,0,0,0,0,0,0,0,0,0,0,0,0,0,0,0,0,0,0
288,1977,8,1977-06-19,Swedish Grand Prix,5,24,1,1,1,2,13,1,1,2,3,2,1,16,1,1,3,1,6,1,14,1,1,4,1,3,2,1,1,14,25,4,6,1,27,1,1,2,8,8,2,6,4,14,4,1,1,1,8,2,5,13,6,1,1,7,1,1,1,1,0,0,0,0,0,0,0,0,0,0,0,0,0,0,0,0,0,0,0,0,0,0,0,0,0,0,0,0,0,0,0,0,0,0,0,0,0,0,0,0,0,0,0,0,0,0,0,0,0,0,0,0,0,0,0,0
289,1977,9,1977-07-03,French Grand Prix,5,24,1,1,1,2,13,1,1,2,3,2,1,16,1,1,3,1,6,1,14,1,1,4,1,3,2,1,1,14,25,4,6,1,27,1,1,2,8,8,2,6,4,14,5,1,1,1,8,2,5,13,6,1,1,7,1,1,1,1,0,0,0,0,0,0,0,0,0,0,0,0,0,0,0,0,0,0,0,0,0,0,0,0,0,0,0,0,0,0,0,0,0,0,0,0,0,0,0,0,0,0,0,0,0,0,0,0,0,0,0,0,0,0,0,0
290,1977,10,1977-07-16,British Grand Prix,5,24,1,1,1,2,13,1,1,2,3,2,1,16,1,1,3,1,6,1,14,1,1,4,1,3,2,1,1,14,25,4,6,1,27,1,1,2,8,8,2,6,4,14,5,1,1,1,8,2,5,13,6,1,1,8,1,1,1,1,0,0,0,0,0,0,0,0,0,0,0,0,0,0,0,0,0,0,0,0,0,0,0,0,0,0,0,0,0,0,0,0,0,0,0,0,0,0,0,0,0,0,0,0,0,0,0,0,0,0,0,0,0,0,0,0
291,1977,11,1977-07-31,German Grand Prix,5,24,1,1,1,2,13,1,1,2,3,2,1,16,1,1,3,1,6,1,14,1,1,4,1,3,2,1,1,14,25,4,6,1,27,1,1,2,8,8,2,6,4,14,5,1,1,1,8,2,5,14,6,1,1,8,1,1,1,1,0,0,0,0,0,0,0,0,0,0,0,0,0,0,0,0,0,0,0,0,0,0,0,0,0,0,0,0,0,0,0,0,0,0,0,0,0,0,0,0,0,0,0,0,0,0,0,0,0,0,0,0,0,0,0,0
292,1977,12,1977-08-14,Austrian Grand Prix,5,24,1,1,1,2,13,1,1,2,3,2,1,16,1,1,3,1,6,1,14,1,1,4,1,3,2,1,1,14,25,4,6,1,27,1,1,2,8,8,2,6,4,14,5,1,1,1,8,2,5,14,6,1,1,8,1,1,1,1,1,0,0,0,0,0,0,0,0,0,0,0,0,0,0,0,0,0,0,0,0,0,0,0,0,0,0,0,0,0,0,0,0,0,0,0,0,0,0,0,0,0,0,0,0,0,0,0,0,0,0,0,0,0,0,0
293,1977,13,1977-08-28,Dutch Grand Prix,5,24,1,1,1,2,13,1,1,2,3,2,1,16,1,1,3,1,6,1,14,1,1,4,1,3,2,1,1,14,25,4,6,1,27,1,1,2,8,8,2,6,4,14,5,1,1,1,8,2,5,15,6,1,1,8,1,1,1,1,1,0,0,0,0,0,0,0,0,0,0,0,0,0,0,0,0,0,0,0,0,0,0,0,0,0,0,0,0,0,0,0,0,0,0,0,0,0,0,0,0,0,0,0,0,0,0,0,0,0,0,0,0,0,0,0
294,1977,14,1977-09-11,Italian Grand Prix,5,24,1,1,1,2,13,1,1,2,3,2,1,16,1,1,3,1,6,1,14,1,1,4,1,3,2,1,1,14,25,4,6,1,27,1,1,2,8,8,2,6,4,14,6,1,1,1,8,2,5,15,6,1,1,8,1,1,1,1,1,0,0,0,0,0,0,0,0,0,0,0,0,0,0,0,0,0,0,0,0,0,0,0,0,0,0,0,0,0,0,0,0,0,0,0,0,0,0,0,0,0,0,0,0,0,0,0,0,0,0,0,0,0,0,0
295,1977,15,1977-10-02,United States Grand Prix,5,24,1,1,1,2,13,1,1,2,3,2,1,16,1,1,3,1,6,1,14,1,1,4,1,3,2,1,1,14,25,4,6,1,27,1,1,2,8,8,2,6,4,14,6,1,1,1,8,2,5,15,6,1,1,9,1,1,1,1,1,0,0,0,0,0,0,0,0,0,0,0,0,0,0,0,0,0,0,0,0,0,0,0,0,0,0,0,0,0,0,0,0,0,0,0,0,0,0,0,0,0,0,0,0,0,0,0,0,0,0,0,0,0,0,0
296,1977,16,1977-10-09,Canadian Grand Prix,5,24,1,1,1,2,13,1,1,2,3,2,1,16,1,1,3,1,6,1,14,1,1,4,1,3,2,1,1,14,25,4,6,1,27,1,1,2,8,8,2,6,4,14,6,1,1,1,8,2,5,15,7,1,1,9,1,1,1,1,1,0,0,0,0,0,0,0,0,0,0,0,0,0,0,0,0,0,0,0,0,0,0,0,0,0,0,0,0,0,0,0,0,0,0,0,0,0,0,0,0,0,0,0,0,0,0,0,0,0,0,0,0,0,0,0
297,1977,17,1977-10-23,Japanese Grand Prix,5,24,1,1,1,2,13,1,1,2,3,2,1,16,1,1,3,1,6,1,14,1,1,4,1,3,2,1,1,14,25,4,6,1,27,1,1,2,8,8,2,6,4,14,6,1,1,1,8,2,5,15,7,1,1,10,1,1,1,1,1,0,0,0,0,0,0,0,0,0,0,0,0,0,0,0,0,0,0,0,0,0,0,0,0,0,0,0,0,0,0,0,0,0,0,0,0,0,0,0,0,0,0,0,0,0,0,0,0,0,0,0,0,0,0,0
298,1978,1,1978-01-15,Argentine Grand Prix,5,24,1,1,1,2,13,1,1,2,3,2,1,16,1,1,3,1,6,1,14,1,1,4,1,3,2,1,1,14,25,4,6,1,27,1,1,2,8,8,2,6,4,14,7,1,1,1,8,2,5,15,7,1,1,10,1,1,1,1,1,0,0,0,0,0,0,0,0,0,0,0,0,0,0,0,0,0,0,0,0,0,0,0,0,0,0,0,0,0,0,0,0,0,0,0,0,0,0,0,0,0,0,0,0,0,0,0,0,0,0,0,0,0,0,0
299,1978,2,1978-01-29,Brazilian Grand Prix,5,24,1,1,1,2,13,1,1,2,3,2,1,16,1,1,3,1,6,1,14,1,1,4,1,3,2,1,1,14,25,4,6,1,27,1,1,2,8,8,2,6,4,14,7,1,1,1,8,2,6,15,7,1,1,10,1,1,1,1,1,0,0,0,0,0,0,0,0,0,0,0,0,0,0,0,0,0,0,0,0,0,0,0,0,0,0,0,0,0,0,0,0,0,0,0,0,0,0,0,0,0,0,0,0,0,0,0,0,0,0,0,0,0,0,0
300,1978,3,1978-03-04,South African Grand Prix,5,24,1,1,1,2,13,1,1,2,3,2,1,16,1,1,3,1,6,1,14,1,1,4,1,3,2,1,1,14,25,4,6,1,27,1,1,2,8,8,2,6,4,14,7,1,1,1,9,2,6,15,7,1,1,10,1,1,1,1,1,0,0,0,0,0,0,0,0,0,0,0,0,0,0,0,0,0,0,0,0,0,0,0,0,0,0,0,0,0,0,0,0,0,0,0,0,0,0,0,0,0,0,0,0,0,0,0,0,0,0,0,0,0,0,0
301,1978,4,1978-04-02,United States Grand Prix West,5,24,1,1,1,2,13,1,1,2,3,2,1,16,1,1,3,1,6,1,14,1,1,4,1,3,2,1,1,14,25,4,6,1,27,1,1,2,8,8,2,6,4,14,7,1,1,1,9,2,7,15,7,1,1,10,1,1,1,1,1,0,0,0,0,0,0,0,0,0,0,0,0,0,0,0,0,0,0,0,0,0,0,0,0,0,0,0,0,0,0,0,0,0,0,0,0,0,0,0,0,0,0,0,0,0,0,0,0,0,0,0,0,0,0,0
302,1978,5,1978-05-07,Monaco Grand Prix,5,24,1,1,1,2,13,1,1,2,3,2,1,16,1,1,3,1,6,1,14,1,1,4,1,3,2,1,1,14,25,4,6,1,27,1,1,2,8,8,2,6,4,14,7,1,1,1,9,2,7,15,7,1,1,10,1,1,1,1,1,1,0,0,0,0,0,0,0,0,0,0,0,0,0,0,0,0,0,0,0,0,0,0,0,0,0,0,0,0,0,0,0,0,0,0,0,0,0,0,0,0,0,0,0,0,0,0,0,0,0,0,0,0,0,0
303,1978,6,1978-05-21,Belgian Grand Prix,5,24,1,1,1,2,13,1,1,2,3,2,1,16,1,1,3,1,6,1,14,1,1,4,1,3,2,1,1,14,25,4,6,1,27,1,1,2,8,8,2,6,4,14,8,1,1,1,9,2,7,15,7,1,1,10,1,1,1,1,1,1,0,0,0,0,0,0,0,0,0,0,0,0,0,0,0,0,0,0,0,0,0,0,0,0,0,0,0,0,0,0,0,0,0,0,0,0,0,0,0,0,0,0,0,0,0,0,0,0,0,0,0,0,0,0
304,1978,7,1978-06-04,Spanish Grand Prix,5,24,1,1,1,2,13,1,1,2,3,2,1,16,1,1,3,1,6,1,14,1,1,4,1,3,2,1,1,14,25,4,6,1,27,1,1,2,8,8,2,6,4,14,9,1,1,1,9,2,7,15,7,1,1,10,1,1,1,1,1,1,0,0,0,0,0,0,0,0,0,0,0,0,0,0,0,0,0,0,0,0,0,0,0,0,0,0,0,0,0,0,0,0,0,0,0,0,0,0,0,0,0,0,0,0,0,0,0,0,0,0,0,0,0,0
305,1978,8,1978-06-17,Swedish Grand Prix,5,24,1,1,1,2,13,1,1,2,3,2,1,16,1,1,3,1,6,1,14,1,1,4,1,3,2,1,1,14,25,4,6,1,27,1,1,2,8,8,2,6,4,14,9,1,1,1,9,2,7,16,7,1,1,10,1,1,1,1,1,1,0,0,0,0,0,0,0,0,0,0,0,0,0,0,0,0,0,0,0,0,0,0,0,0,0,0,0,0,0,0,0,0,0,0,0,0,0,0,0,0,0,0,0,0,0,0,0,0,0,0,0,0,0,0
306,1978,9,1978-07-02,French Grand Prix,5,24,1,1,1,2,13,1,1,2,3,2,1,16,1,1,3,1,6,1,14,1,1,4,1,3,2,1,1,14,25,4,6,1,27,1,1,2,8,8,2,6,4,14,10,1,1,1,9,2,7,16,7,1,1,10,1,1,1,1,1,1,0,0,0,0,0,0,0,0,0,0,0,0,0,0,0,0,0,0,0,0,0,0,0,0,0,0,0,0,0,0,0,0,0,0,0,0,0,0,0,0,0,0,0,0,0,0,0,0,0,0,0,0,0,0
307,1978,10,1978-07-16,British Grand Prix,5,24,1,1,1,2,13,1,1,2,3,2,1,16,1,1,3,1,6,1,14,1,1,4,1,3,2,1,1,14,25,4,6,1,27,1,1,2,8,8,2,6,4,14,10,1,1,1,9,2,8,16,7,1,1,10,1,1,1,1,1,1,0,0,0,0,0,0,0,0,0,0,0,0,0,0,0,0,0,0,0,0,0,0,0,0,0,0,0,0,0,0,0,0,0,0,0,0,0,0,0,0,0,0,0,0,0,0,0,0,0,0,0,0,0,0
308,1978,11,1978-07-30,German Grand Prix,5,24,1,1,1,2,13,1,1,2,3,2,1,16,1,1,3,1,6,1,14,1,1,4,1,3,2,1,1,14,25,4,6,1,27,1,1,2,8,8,2,6,4,14,11,1,1,1,9,2,8,16,7,1,1,10,1,1,1,1,1,1,0,0,0,0,0,0,0,0,0,0,0,0,0,0,0,0,0,0,0,0,0,0,0,0,0,0,0,0,0,0,0,0,0,0,0,0,0,0,0,0,0,0,0,0,0,0,0,0,0,0,0,0,0,0
309,1978,12,1978-08-13,Austrian Grand Prix,5,24,1,1,1,2,13,1,1,2,3,2,1,16,1,1,3,1,6,1,14,1,1,4,1,3,2,1,1,14,25,4,6,1,27,1,1,2,8,8,2,6,4,14,11,1,1,1,10,2,8,16,7,1,1,10,1,1,1,1,1,1,0,0,0,0,0,0,0,0,0,0,0,0,0,0,0,0,0,0,0,0,0,0,0,0,0,0,0,0,0,0,0,0,0,0,0,0,0,0,0,0,0,0,0,0,0,0,0,0,0,0,0,0,0,0
310,1978,13,1978-08-27,Dutch Grand Prix,5,24,1,1,1,2,13,1,1,2,3,2,1,16,1,1,3,1,6,1,14,1,1,4,1,3,2,1,1,14,25,4,6,1,27,1,1,2,8,8,2,6,4,14,12,1,1,1,10,2,8,16,7,1,1,10,1,1,1,1,1,1,0,0,0,0,0,0,0,0,0,0,0,0,0,0,0,0,0,0,0,0,0,0,0,0,0,0,0,0,0,0,0,0,0,0,0,0,0,0,0,0,0,0,0,0,0,0,0,0,0,0,0,0,0,0
311,1978,14,1978-09-10,Italian Grand Prix,5,24,1,1,1,2,13,1,1,2,3,2,1,16,1,1,3,1,6,1,14,1,1,4,1,3,2,1,1,14,25,4,6,1,27,1,1,2,8,8,2,6,4,14,12,1,1,1,10,2,8,17,7,1,1,10,1,1,1,1,1,1,0,0,0,0,0,0,0,0,0,0,0,0,0,0,0,0,0,0,0,0,0,0,0,0,0,0,0,0,0,0,0,0,0,0,0,0,0,0,0,0,0,0,0,0,0,0,0,0,0,0,0,0,0,0
312,1978,15,1978-10-01,United States Grand Prix,5,24,1,1,1,2,13,1,1,2,3,2,1,16,1,1,3,1,6,1,14,1,1,4,1,3,2,1,1,14,25,4,6,1,27,1,1,2,8,8,2,6,4,14,12,1,1,1,10,2,9,17,7,1,1,10,1,1,1,1,1,1,0,0,0,0,0,0,0,0,0,0,0,0,0,0,0,0,0,0,0,0,0,0,0,0,0,0,0,0,0,0,0,0,0,0,0,0,0,0,0,0,0,0,0,0,0,0,0,0,0,0,0,0,0,0
313,1978,16,1978-10-08,Canadian Grand Prix,5,24,1,1,1,2,13,1,1,2,3,2,1,16,1,1,3,1,6,1,14,1,1,4,1,3,2,1,1,14,25,4,6,1,27,1,1,2,8,8,2,6,4,14,12,1,1,1,10,2,9,17,7,1,1,10,1,1,1,1,1,1,1,0,0,0,0,0,0,0,0,0,0,0,0,0,0,0,0,0,0,0,0,0,0,0,0,0,0,0,0,0,0,0,0,0,0,0,0,0,0,0,0,0,0,0,0,0,0,0,0,0,0,0,0,0
314,1979,1,1979-01-21,Argentine Grand Prix,5,24,1,1,1,2,13,1,1,2,3,2,1,16,1,1,3,1,6,1,14,1,1,4,1,3,2,1,1,14,25,4,6,1,27,1,1,2,8,8,2,6,4,14,12,1,1,1,10,2,9,17,7,1,1,10,1,1,1,2,1,1,1,0,0,0,0,0,0,0,0,0,0,0,0,0,0,0,0,0,0,0,0,0,0,0,0,0,0,0,0,0,0,0,0,0,0,0,0,0,0,0,0,0,0,0,0,0,0,0,0,0,0,0,0,0
315,1979,2,1979-02-04,Brazilian Grand Prix,5,24,1,1,1,2,13,1,1,2,3,2,1,16,1,1,3,1,6,1,14,1,1,4,1,3,2,1,1,14,25,4,6,1,27,1,1,2,8,8,2,6,4,14,12,1,1,1,10,2,9,17,7,1,1,10,1,1,1,3,1,1,1,0,0,0,0,0,0,0,0,0,0,0,0,0,0,0,0,0,0,0,0,0,0,0,0,0,0,0,0,0,0,0,0,0,0,0,0,0,0,0,0,0,0,0,0,0,0,0,0,0,0,0,0,0
316,1979,3,1979-03-03,South African Grand Prix,5,24,1,1,1,2,13,1,1,2,3,2,1,16,1,1,3,1,6,1,14,1,1,4,1,3,2,1,1,14,25,4,6,1,27,1,1,2,8,8,2,6,4,14,12,1,1,1,10,2,9,17,7,1,1,10,1,1,1,3,1,1,2,0,0,0,0,0,0,0,0,0,0,0,0,0,0,0,0,0,0,0,0,0,0,0,0,0,0,0,0,0,0,0,0,0,0,0,0,0,0,0,0,0,0,0,0,0,0,0,0,0,0,0,0,0
317,1979,4,1979-04-08,United States Grand Prix West,5,24,1,1,1,2,13,1,1,2,3,2,1,16,1,1,3,1,6,1,14,1,1,4,1,3,2,1,1,14,25,4,6,1,27,1,1,2,8,8,2,6,4,14,12,1,1,1,10,2,9,17,7,1,1,10,1,1,1,3,1,1,3,0,0,0,0,0,0,0,0,0,0,0,0,0,0,0,0,0,0,0,0,0,0,0,0,0,0,0,0,0,0,0,0,0,0,0,0,0,0,0,0,0,0,0,0,0,0,0,0,0,0,0,0,0
318,1979,5,1979-04-29,Spanish Grand Prix,5,24,1,1,1,2,13,1,1,2,3,2,1,16,1,1,3,1,6,1,14,1,1,4,1,3,2,1,1,14,25,4,6,1,27,1,1,2,8,8,2,6,4,14,12,1,1,1,10,2,9,17,7,1,1,10,1,1,1,3,1,2,3,0,0,0,0,0,0,0,0,0,0,0,0,0,0,0,0,0,0,0,0,0,0,0,0,0,0,0,0,0,0,0,0,0,0,0,0,0,0,0,0,0,0,0,0,0,0,0,0,0,0,0,0,0
319,1979,6,1979-05-13,Belgian Grand Prix,5,24,1,1,1,2,13,1,1,2,3,2,1,16,1,1,3,1,6,1,14,1,1,4,1,3,2,1,1,14,25,4,6,1,27,1,1,2,8,8,2,6,4,14,12,1,1,1,10,2,9,17,8,1,1,10,1,1,1,3,1,2,3,0,0,0,0,0,0,0,0,0,0,0,0,0,0,0,0,0,0,0,0,0,0,0,0,0,0,0,0,0,0,0,0,0,0,0,0,0,0,0,0,0,0,0,0,0,0,0,0,0,0,0,0,0
320,1979,7,1979-05-27,Monaco Grand Prix,5,24,1,1,1,2,13,1,1,2,3,2,1,16,1,1,3,1,6,1,14,1,1,4,1,3,2,1,1,14,25,4,6,1,27,1,1,2,8,8,2,6,4,14,12,1,1,1,10,2,9,17,9,1,1,10,1,1,1,3,1,2,3,0,0,0,0,0,0,0,0,0,0,0,0,0,0,0,0,0,0,0,0,0,0,0,0,0,0,0,0,0,0,0,0,0,0,0,0,0,0,0,0,0,0,0,0,0,0,0,0,0,0,0,0,0
321,1979,8,1979-07-01,French Grand Prix,5,24,1,1,1,2,13,1,1,2,3,2,1,16,1,1,3,1,6,1,14,1,1,4,1,3,2,1,1,14,25,4,6,1,27,1,1,2,8,8,2,6,4,14,12,1,1,1,10,2,9,17,9,1,1,10,1,1,1,3,1,2,3,1,0,0,0,0,0,0,0,0,0,0,0,0,0,0,0,0,0,0,0,0,0,0,0,0,0,0,0,0,0,0,0,0,0,0,0,0,0,0,0,0,0,0,0,0,0,0,0,0,0,0,0,0
322,1979,9,1979-07-14,British Grand Prix,5,24,1,1,1,2,13,1,1,2,3,2,1,16,1,1,3,1,6,1,14,1,1,4,1,3,2,1,1,14,25,4,6,1,27,1,1,2,8,8,2,6,5,14,12,1,1,1,10,2,9,17,9,1,1,10,1,1,1,3,1,2,3,1,0,0,0,0,0,0,0,0,0,0,0,0,0,0,0,0,0,0,0,0,0,0,0,0,0,0,0,0,0,0,0,0,0,0,0,0,0,0,0,0,0,0,0,0,0,0,0,0,0,0,0,0
323,1979,10,1979-07-29,German Grand Prix,5,24,1,1,1,2,13,1,1,2,3,2,1,16,1,1,3,1,6,1,14,1,1,4,1,3,2,1,1,14,25,4,6,1,27,1,1,2,8,8,2,6,5,14,12,1,1,1,10,2,9,17,9,1,1,10,1,1,1,3,2,2,3,1,0,0,0,0,0,0,0,0,0,0,0,0,0,0,0,0,0,0,0,0,0,0,0,0,0,0,0,0,0,0,0,0,0,0,0,0,0,0,0,0,0,0,0,0,0,0,0,0,0,0,0,0
324,1979,11,1979-08-12,Austrian Grand Prix,5,24,1,1,1,2,13,1,1,2,3,2,1,16,1,1,3,1,6,1,14,1,1,4,1,3,2,1,1,14,25,4,6,1,27,1,1,2,8,8,2,6,5,14,12,1,1,1,10,2,9,17,9,1,1,10,1,1,1,3,3,2,3,1,0,0,0,0,0,0,0,0,0,0,0,0,0,0,0,0,0,0,0,0,0,0,0,0,0,0,0,0,0,0,0,0,0,0,0,0,0,0,0,0,0,0,0,0,0,0,0,0,0,0,0,0
325,1979,12,1979-08-26,Dutch Grand Prix,5,24,1,1,1,2,13,1,1,2,3,2,1,16,1,1,3,1,6,1,14,1,1,4,1,3,2,1,1,14,25,4,6,1,27,1,1,2,8,8,2,6,5,14,12,1,1,1,10,2,9,17,9,1,1,10,1,1,1,3,4,2,3,1,0,0,0,0,0,0,0,0,0,0,0,0,0,0,0,0,0,0,0,0,0,0,0,0,0,0,0,0,0,0,0,0,0,0,0,0,0,0,0,0,0,0,0,0,0,0,0,0,0,0,0,0
326,1979,13,1979-09-09,Italian Grand Prix,5,24,1,1,1,2,13,1,1,2,3,2,1,16,1,1,3,1,6,1,14,1,1,4,1,3,2,1,1,14,25,4,6,1,27,1,1,2,8,8,2,6,5,14,12,1,1,1,10,2,9,17,10,1,1,10,1,1,1,3,4,2,3,1,0,0,0,0,0,0,0,0,0,0,0,0,0,0,0,0,0,0,0,0,0,0,0,0,0,0,0,0,0,0,0,0,0,0,0,0,0,0,0,0,0,0,0,0,0,0,0,0,0,0,0,0
327,1979,14,1979-09-30,Canadian Grand Prix,5,24,1,1,1,2,13,1,1,2,3,2,1,16,1,1,3,1,6,1,14,1,1,4,1,3,2,1,1,14,25,4,6,1,27,1,1,2,8,8,2,6,5,14,12,1,1,1,10,2,9,17,10,1,1,10,1,1,1,3,5,2,3,1,0,0,0,0,0,0,0,0,0,0,0,0,0,0,0,0,0,0,0,0,0,0,0,0,0,0,0,0,0,0,0,0,0,0,0,0,0,0,0,0,0,0,0,0,0,0,0,0,0,0,0,0
328,1979,15,1979-10-07,United States Grand Prix,5,24,1,1,1,2,13,1,1,2,3,2,1,16,1,1,3,1,6,1,14,1,1,4,1,3,2,1,1,14,25,4,6,1,27,1,1,2,8,8,2,6,5,14,12,1,1,1,10,2,9,17,10,1,1,10,1,1,1,3,5,2,4,1,0,0,0,0,0,0,0,0,0,0,0,0,0,0,0,0,0,0,0,0,0,0,0,0,0,0,0,0,0,0,0,0,0,0,0,0,0,0,0,0,0,0,0,0,0,0,0,0,0,0,0,0
329,1980,1,1980-01-13,Argentine Grand Prix,5,24,1,1,1,2,13,1,1,2,3,2,1,16,1,1,3,1,6,1,14,1,1,4,1,3,2,1,1,14,25,4,6,1,27,1,1,2,8,8,2,6,5,14,12,1,1,1,10,2,9,17,10,1,1,10,1,1,1,3,6,2,4,1,0,0,0,0,0,0,0,0,0,0,0,0,0,0,0,0,0,0,0,0,0,0,0,0,0,0,0,0,0,0,0,0,0,0,0,0,0,0,0,0,0,0,0,0,0,0,0,0,0,0,0,0
330,1980,2,1980-01-27,Brazilian Grand Prix,5,24,1,1,1,2,13,1,1,2,3,2,1,16,1,1,3,1,6,1,14,1,1,4,1,3,2,1,1,14,25,4,6,1,27,1,1,2,8,8,2,6,5,14,12,1,1,1,10,2,9,17,10,1,1,10,1,1,1,3,6,2,4,1,1,0,0,0,0,0,0,0,0,0,0,0,0,0,0,0,0,0,0,0,0,0,0,0,0,0,0,0,0,0,0,0,0,0,0,0,0,0,0,0,0,0,0,0,0,0,0,0,0,0,0,0
331,1980,3,1980-03-01,South African Grand Prix,5,24,1,1,1,2,13,1,1,2,3,2,1,16,1,1,3,1,6,1,14,1,1,4,1,3,2,1,1,14,25,4,6,1,27,1,1,2,8,8,2,6,5,14,12,1,1,1,10,2,9,17,10,1,1,10,1,1,1,3,6,2,4,1,2,0,0,0,0,0,0,0,0,0,0,0,0,0,0,0,0,0,0,0,0,0,0,0,0,0,0,0,0,0,0,0,0,0,0,0,0,0,0,0,0,0,0,0,0,0,0,0,0,0,0,0
332,1980,4,1980-03-30,United States Grand Prix West,5,24,1,1,1,2,13,1,1,2,3,2,1,16,1,1,3,1,6,1,14,1,1,4,1,3,2,1,1,14,25,4,6,1,27,1,1,2,8,8,2,6,5,14,12,1,1,1,10,2,9,17,10,1,1,10,1,1,1,3,6,2,4,1,2,1,0,0,0,0,0,0,0,0,0,0,0,0,0,0,0,0,0,0,0,0,0,0,0,0,0,0,0,0,0,0,0,0,0,0,0,0,0,0,0,0,0,0,0,0,0,0,0,0,0,0
333,1980,5,1980-05-04,Belgian Grand Prix,5,24,1,1,1,2,13,1,1,2,3,2,1,16,1,1,3,1,6,1,14,1,1,4,1,3,2,1,1,14,25,4,6,1,27,1,1,2,8,8,2,6,5,14,12,1,1,1,10,2,9,17,10,1,1,10,1,1,1,3,6,2,4,1,2,1,1,0,0,0,0,0,0,0,0,0,0,0,0,0,0,0,0,0,0,0,0,0,0,0,0,0,0,0,0,0,0,0,0,0,0,0,0,0,0,0,0,0,0,0,0,0,0,0,0,0
334,1980,6,1980-05-18,Monaco Grand Prix,5,24,1,1,1,2,13,1,1,2,3,2,1,16,1,1,3,1,6,1,14,1,1,4,1,3,2,1,1,14,25,4,6,1,27,1,1,2,8,8,2,6,5,14,12,1,1,1,10,2,10,17,10,1,1,10,1,1,1,3,6,2,4,1,2,1,1,0,0,0,0,0,0,0,0,0,0,0,0,0,0,0,0,0,0,0,0,0,0,0,0,0,0,0,0,0,0,0,0,0,0,0,0,0,0,0,0,0,0,0,0,0,0,0,0,0
335,1980,7,1980-06-29,French Grand Prix,5,24,1,1,1,2,13,1,1,2,3,2,1,16,1,1,3,1,6,1,14,1,1,4,1,3,2,1,1,14,25,4,6,1,27,1,1,2,8,8,2,6,5,14,12,1,1,1,10,2,10,17,10,1,1,10,1,1,1,3,7,2,4,1,2,1,1,0,0,0,0,0,0,0,0,0,0,0,0,0,0,0,0,0,0,0,0,0,0,0,0,0,0,0,0,0,0,0,0,0,0,0,0,0,0,0,0,0,0,0,0,0,0,0,0,0
336,1980,8,1980-07-13,British Grand Prix,5,24,1,1,1,2,13,1,1,2,3,2,1,16,1,1,3,1,6,1,14,1,1,4,1,3,2,1,1,14,25,4,6,1,27,1,1,2,8,8,2,6,5,14,12,1,1,1,10,2,10,17,10,1,1,10,1,1,1,3,8,2,4,1,2,1,1,0,0,0,0,0,0,0,0,0,0,0,0,0,0,0,0,0,0,0,0,0,0,0,0,0,0,0,0,0,0,0,0,0,0,0,0,0,0,0,0,0,0,0,0,0,0,0,0,0
337,1980,9,1980-08-10,German Grand Prix,5,24,1,1,1,2,13,1,1,2,3,2,1,16,1,1,3,1,6,1,14,1,1,4,1,3,2,1,1,14,25,4,6,1,27,1,1,2,8,8,2,6,5,14,12,1,1,1,10,2,10,17,10,1,1,10,1,1,1,4,8,2,4,1,2,1,1,0,0,0,0,0,0,0,0,0,0,0,0,0,0,0,0,0,0,0,0,0,0,0,0,0,0,0,0,0,0,0,0,0,0,0,0,0,0,0,0,0,0,0,0,0,0,0,0,0
338,1980,10,1980-08-17,Austrian Grand Prix,5,24,1,1,1,2,13,1,1,2,3,2,1,16,1,1,3,1,6,1,14,1,1,4,1,3,2,1,1,14,25,4,6,1,27,1,1,2,8,8,2,6,5,14,12,1,1,1,10,2,10,17,10,1,1,10,1,1,1,4,8,2,4,2,2,1,1,0,0,0,0,0,0,0,0,0,0,0,0,0,0,0,0,0,0,0,0,0,0,0,0,0,0,0,0,0,0,0,0,0,0,0,0,0,0,0,0,0,0,0,0,0,0,0,0,0
339,1980,11,1980-08-31,Dutch Grand Prix,5,24,1,1,1,2,13,1,1,2,3,2,1,16,1,1,3,1,6,1,14,1,1,4,1,3,2,1,1,14,25,4,6,1,27,1,1,2,8,8,2,6,5,14,12,1,1,1,10,2,10,17,10,1,1,10,1,1,1,4,8,2,4,2,2,2,1,0,0,0,0,0,0,0,0,0,0,0,0,0,0,0,0,0,0,0,0,0,0,0,0,0,0,0,0,0,0,0,0,0,0,0,0,0,0,0,0,0,0,0,0,0,0,0,0,0
340,1980,12,1980-09-14,Italian Grand Prix,5,24,1,1,1,2,13,1,1,2,3,2,1,16,1,1,3,1,6,1,14,1,1,4,1,3,2,1,1,14,25,4,6,1,27,1,1,2,8,8,2,6,5,14,12,1,1,1,10,2,10,17,10,1,1,10,1,1,1,4,8,2,4,2,2,3,1,0,0,0,0,0,0,0,0,0,0,0,0,0,0,0,0,0,0,0,0,0,0,0,0,0,0,0,0,0,0,0,0,0,0,0,0,0,0,0,0,0,0,0,0,0,0,0,0,0
341,1980,13,1980-09-28,Canadian Grand Prix,5,24,1,1,1,2,13,1,1,2,3,2,1,16,1,1,3,1,6,1,14,1,1,4,1,3,2,1,1,14,25,4,6,1,27,1,1,2,8,8,2,6,5,14,12,1,1,1,10,2,10,17,10,1,1,10,1,1,1,4,9,2,4,2,2,3,1,0,0,0,0,0,0,0,0,0,0,0,0,0,0,0,0,0,0,0,0,0,0,0,0,0,0,0,0,0,0,0,0,0,0,0,0,0,0,0,0,0,0,0,0,0,0,0,0,0
342,1980,14,1980-10-05,United States Grand Prix,5,24,1,1,1,2,13,1,1,2,3,2,1,16,1,1,3,1,6,1,14,1,1,4,1,3,2,1,1,14,25,4,6,1,27,1,1,2,8,8,2,6,5,14,12,1,1,1,10,2,10,17,10,1,1,10,1,1,1,4,10,2,4,2,2,3,1,0,0,0,0,0,0,0,0,0,0,0,0,0,0,0,0,0,0,0,0,0,0,0,0,0,0,0,0,0,0,0,0,0,0,0,0,0,0,0,0,0,0,0,0,0,0,0,0,0
343,1981,1,1981-03-15,United States Grand Prix West,5,24,1,1,1,2,13,1,1,2,3,2,1,16,1,1,3,1,6,1,14,1,1,4,1,3,2,1,1,14,25,4,6,1,27,1,1,2,8,8,2,6,5,14,12,1,1,1,10,2,10,17,10,1,1,10,1,1,1,4,11,2,4,2,2,3,1,0,0,0,0,0,0,0,0,0,0,0,0,0,0,0,0,0,0,0,0,0,0,0,0,0,0,0,0,0,0,0,0,0,0,0,0,0,0,0,0,0,0,0,0,0,0,0,0,0
344,1981,2,1981-03-29,Brazilian Grand Prix,5,24,1,1,1,2,13,1,1,2,3,2,1,16,1,1,3,1,6,1,14,1,1,4,1,3,2,1,1,14,25,4,6,1,27,1,1,2,8,8,2,6,5,14,12,1,1,1,10,2,11,17,10,1,1,10,1,1,1,4,11,2,4,2,2,3,1,0,0,0,0,0,0,0,0,0,0,0,0,0,0,0,0,0,0,0,0,0,0,0,0,0,0,0,0,0,0,0,0,0,0,0,0,0,0,0,0,0,0,0,0,0,0,0,0,0
345,1981,3,1981-04-12,Argentine Grand Prix,5,24,1,1,1,2,13,1,1,2,3,2,1,16,1,1,3,1,6,1,14,1,1,4,1,3,2,1,1,14,25,4,6,1,27,1,1,2,8,8,2,6,5,14,12,1,1,1,10,2,11,17,10,1,1,10,1,1,1,4,11,2,4,2,2,4,1,0,0,0,0,0,0,0,0,0,0,0,0,0,0,0,0,0,0,0,0,0,0,0,0,0,0,0,0,0,0,0,0,0,0,0,0,0,0,0,0,0,0,0,0,0,0,0,0,0
346,1981,4,1981-05-03,San Marino Grand Prix,5,24,1,1,1,2,13,1,1,2,3,2,1,16,1,1,3,1,6,1,14,1,1,4,1,3,2,1,1,14,25,4,6,1,27,1,1,2,8,8,2,6,5,14,12,1,1,1,10,2,11,17,10,1,1,10,1,1,1,4,11,2,4,2,2,5,1,0,0,0,0,0,0,0,0,0,0,0,0,0,0,0,0,0,0,0,0,0,0,0,0,0,0,0,0,0,0,0,0,0,0,0,0,0,0,0,0,0,0,0,0,0,0,0,0,0
347,1981,5,1981-05-17,Belgian Grand Prix,5,24,1,1,1,2,13,1,1,2,3,2,1,16,1,1,3,1,6,1,14,1,1,4,1,3,2,1,1,14,25,4,6,1,27,1,1,2,8,8,2,6,5,14,12,1,1,1,10,2,12,17,10,1,1,10,1,1,1,4,11,2,4,2,2,5,1,0,0,0,0,0,0,0,0,0,0,0,0,0,0,0,0,0,0,0,0,0,0,0,0,0,0,0,0,0,0,0,0,0,0,0,0,0,0,0,0,0,0,0,0,0,0,0,0,0
348,1981,6,1981-05-31,Monaco Grand Prix,5,24,1,1,1,2,13,1,1,2,3,2,1,16,1,1,3,1,6,1,14,1,1,4,1,3,2,1,1,14,25,4,6,1,27,1,1,2,8,8,2,6,5,14,12,1,1,1,10,2,12,17,10,1,1,10,1,1,1,4,11,2,5,2,2,5,1,0,0,0,0,0,0,0,0,0,0,0,0,0,0,0,0,0,0,0,0,0,0,0,0,0,0,0,0,0,0,0,0,0,0,0,0,0,0,0,0,0,0,0,0,0,0,0,0,0
349,1981,7,1981-06-21,Spanish Grand Prix,5,24,1,1,1,2,13,1,1,2,3,2,1,16,1,1,3,1,6,1,14,1,1,4,1,3,2,1,1,14,25,4,6,1,27,1,1,2,8,8,2,6,5,14,12,1,1,1,10,2,12,17,10,1,1,10,1,1,1,4,11,2,6,2,2,5,1,0,0,0,0,0,0,0,0,0,0,0,0,0,0,0,0,0,0,0,0,0,0,0,0,0,0,0,0,0,0,0,0,0,0,0,0,0,0,0,0,0,0,0,0,0,0,0,0,0
350,1981,8,1981-07-05,French Grand Prix,5,24,1,1,1,2,13,1,1,2,3,2,1,16,1,1,3,1,6,1,14,1,1,4,1,3,2,1,1,14,25,4,6,1,27,1,1,2,8,8,2,6,5,14,12,1,1,1,10,2,12,17,10,1,1,10,1,1,1,4,11,2,6,2,2,5,1,1,0,0,0,0,0,0,0,0,0,0,0,0,0,0,0,0,0,0,0,0,0,0,0,0,0,0,0,0,0,0,0,0,0,0,0,0,0,0,0,0,0,0,0,0,0,0,0,0
351,1981,9,1981-07-18,British Grand Prix,5,24,1,1,1,2,13,1,1,2,3,2,1,16,1,1,3,1,6,1,14,1,1,4,1,3,2,1,1,14,25,4,6,1,27,1,1,2,8,8,2,6,5,14,12,1,1,1,10,2,12,17,10,1,1,10,1,2,1,4,11,2,6,2,2,5,1,1,0,0,0,0,0,0,0,0,0,0,0,0,0,0,0,0,0,0,0,0,0,0,0,0,0,0,0,0,0,0,0,0,0,0,0,0,0,0,0,0,0,0,0,0,0,0,0,0
352,1981,10,1981-08-02,German Grand Prix,5,24,1,1,1,2,13,1,1,2,3,2,1,16,1,1,3,1,6,1,14,1,1,4,1,3,2,1,1,14,25,4,6,1,27,1,1,2,8,8,2,6,5,14,12,1,1,1,10,2,12,17,10,1,1,10,1,2,1,4,11,2,6,2,2,6,1,1,0,0,0,0,0,0,0,0,0,0,0,0,0,0,0,0,0,0,0,0,0,0,0,0,0,0,0,0,0,0,0,0,0,0,0,0,0,0,0,0,0,0,0,0,0,0,0,0
353,1981,11,1981-08-16,Austrian Grand Prix,5,24,1,1,1,2,13,1,1,2,3,2,1,16,1,1,3,1,6,1,14,1,1,4,1,3,2,1,1,14,25,4,6,1,27,1,1,2,8,8,2,6,5,14,12,1,1,1,10,2,12,17,10,1,1,10,1,2,1,5,11,2,6,2,2,6,1,1,0,0,0,0,0,0,0,0,0,0,0,0,0,0,0,0,0,0,0,0,0,0,0,0,0,0,0,0,0,0,0,0,0,0,0,0,0,0,0,0,0,0,0,0,0,0,0,0
354,1981,12,1981-08-30,Dutch Grand Prix,5,24,1,1,1,2,13,1,1,2,3,2,1,16,1,1,3,1,6,1,14,1,1,4,1,3,2,1,1,14,25,4,6,1,27,1,1,2,8,8,2,6,5,14,12,1,1,1,10,2,12,17,10,1,1,10,1,2,1,5,11,2,6,2,2,6,1,2,0,0,0,0,0,0,0,0,0,0,0,0,0,0,0,0,0,0,0,0,0,0,0,0,0,0,0,0,0,0,0,0,0,0,0,0,0,0,0,0,0,0,0,0,0,0,0,0
355,1981,13,1981-09-13,Italian Grand Prix,5,24,1,1,1,2,13,1,1,2,3,2,1,16,1,1,3,1,6,1,14,1,1,4,1,3,2,1,1,14,25,4,6,1,27,1,1,2,8,8,2,6,5,14,12,1,1,1,10,2,12,17,10,1,1,10,1,2,1,5,11,2,6,2,2,6,1,3,0,0,0,0,0,0,0,0,0,0,0,0,0,0,0,0,0,0,0,0,0,0,0,0,0,0,0,0,0,0,0,0,0,0,0,0,0,0,0,0,0,0,0,0,0,0,0,0
356,1981,14,1981-09-27,Canadian Grand Prix,5,24,1,1,1,2,13,1,1,2,3,2,1,16,1,1,3,1,6,1,14,1,1,4,1,3,2,1,1,14,25,4,6,1,27,1,1,2,8,8,2,6,5,14,12,1,1,1,10,2,12,17,10,1,1,10,1,2,1,6,11,2,6,2,2,6,1,3,0,0,0,0,0,0,0,0,0,0,0,0,0,0,0,0,0,0,0,0,0,0,0,0,0,0,0,0,0,0,0,0,0,0,0,0,0,0,0,0,0,0,0,0,0,0,0,0
357,1981,15,1981-10-17,Caesars Palace Grand Prix,5,24,1,1,1,2,13,1,1,2,3,2,1,16,1,1,3,1,6,1,14,1,1,4,1,3,2,1,1,14,25,4,6,1,27,1,1,2,8,8,2,6,5,14,12,1,1,1,10,2,12,17,10,1,1,10,1,2,1,6,12,2,6,2,2,6,1,3,0,0,0,0,0,0,0,0,0,0,0,0,0,0,0,0,0,0,0,0,0,0,0,0,0,0,0,0,0,0,0,0,0,0,0,0,0,0,0,0,0,0,0,0,0,0,0,0
358,1982,1,1982-01-23,South African Grand Prix,5,24,1,1,1,2,13,1,1,2,3,2,1,16,1,1,3,1,6,1,14,1,1,4,1,3,2,1,1,14,25,4,6,1,27,1,1,2,8,8,2,6,5,14,12,1,1,1,10,2,12,17,10,1,1,10,1,2,1,6,12,2,6,2,2,6,1,4,0,0,0,0,0,0,0,0,0,0,0,0,0,0,0,0,0,0,0,0,0,0,0,0,0,0,0,0,0,0,0,0,0,0,0,0,0,0,0,0,0,0,0,0,0,0,0,0
359,1982,2,1982-03-21,Brazilian Grand Prix,5,24,1,1,1,2,13,1,1,2,3,2,1,16,1,1,3,1,6,1,14,1,1,4,1,3,2,1,1,14,25,4,6,1,27,1,1,2,8,8,2,6,5,14,12,1,1,1,10,2,12,17,10,1,1,10,1,2,1,6,12,2,6,2,2,6,1,5,0,0,0,0,0,0,0,0,0,0,0,0,0,0,0,0,0,0,0,0,0,0,0,0,0,0,0,0,0,0,0,0,0,0,0,0,0,0,0,0,0,0,0,0,0,0,0,0
360,1982,3,1982-04-04,United States Grand Prix West,5,24,1,1,1,2,13,1,1,2,3,2,1,16,1,1,3,1,6,1,14,1,1,4,1,3,2,1,1,14,25,4,6,1,27,1,1,2,8,8,2,6,5,14,12,1,1,1,10,2,12,18,10,1,1,10,1,2,1,6,12,2,6,2,2,6,1,5,0,0,0,0,0,0,0,0,0,0,0,0,0,0,0,0,0,0,0,0,0,0,0,0,0,0,0,0,0,0,0,0,0,0,0,0,0,0,0,0,0,0,0,0,0,0,0,0
361,1982,4,1982-04-25,San Marino Grand Prix,5,24,1,1,1,2,13,1,1,2,3,2,1,16,1,1,3,1,6,1,14,1,1,4,1,3,2,1,1,14,25,4,6,1,27,1,1,2,8,8,2,6,5,14,12,1,1,1,10,2,12,18,10,1,1,10,1,2,1,6,12,2,6,2,2,6,2,5,0,0,0,0,0,0,0,0,0,0,0,0,0,0,0,0,0,0,0,0,0,0,0,0,0,0,0,0,0,0,0,0,0,0,0,0,0,0,0,0,0,0,0,0,0,0,0,0
362,1982,5,1982-05-09,Belgian Grand Prix,5,24,1,1,1,2,13,1,1,2,3,2,1,16,1,1,3,1,6,1,14,1,1,4,1,3,2,1,1,14,25,4,6,1,27,1,1,2,8,8,2,6,5,14,12,1,1,1,10,2,12,18,10,1,1,10,1,3,1,6,12,2,6,2,2,6,2,5,0,0,0,0,0,0,0,0,0,0,0,0,0,0,0,0,0,0,0,0,0,0,0,0,0,0,0,0,0,0,0,0,0,0,0,0,0,0,0,0,0,0,0,0,0,0,0,0
363,1982,6,1982-05-23,Monaco Grand Prix,5,24,1,1,1,2,13,1,1,2,3,2,1,16,1,1,3,1,6,1,14,1,1,4,1,3,2,1,1,14,25,4,6,1,27,1,1,2,8,8,2,6,5,14,12,1,1,1,10,2,12,18,10,1,1,10,1,3,1,6,12,2,6,2,2,6,2,5,1,0,0,0,0,0,0,0,0,0,0,0,0,0,0,0,0,0,0,0,0,0,0,0,0,0,0,0,0,0,0,0,0,0,0,0,0,0,0,0,0,0,0,0,0,0,0,0
364,1982,7,1982-06-06,Detroit Grand Prix,5,24,1,1,1,2,13,1,1,2,3,2,1,16,1,1,3,1,6,1,14,1,1,4,1,3,2,1,1,14,25,4,6,1,27,1,1,2,8,8,2,6,5,14,12,1,1,1,10,2,12,18,10,1,1,10,1,4,1,6,12,2,6,2,2,6,2,5,1,0,0,0,0,0,0,0,0,0,0,0,0,0,0,0,0,0,0,0,0,0,0,0,0,0,0,0,0,0,0,0,0,0,0,0,0,0,0,0,0,0,0,0,0,0,0,0
365,1982,8,1982-06-13,Canadian Grand Prix,5,24,1,1,1,2,13,1,1,2,3,2,1,16,1,1,3,1,6,1,14,1,1,4,1,3,2,1,1,14,25,4,6,1,27,1,1,2,8,8,2,6,5,14,12,1,1,1,10,2,12,18,10,1,1,10,1,4,1,6,12,2,6,2,2,7,2,5,1,0,0,0,0,0,0,0,0,0,0,0,0,0,0,0,0,0,0,0,0,0,0,0,0,0,0,0,0,0,0,0,0,0,0,0,0,0,0,0,0,0,0,0,0,0,0,0
366,1982,9,1982-07-03,Dutch Grand Prix,5,24,1,1,1,2,13,1,1,2,3,2,1,16,1,1,3,1,6,1,14,1,1,4,1,3,2,1,1,14,25,4,6,1,27,1,1,2,8,8,2,6,5,14,12,1,1,1,10,2,12,18,10,1,1,10,1,4,1,6,12,2,6,2,2,7,3,5,1,0,0,0,0,0,0,0,0,0,0,0,0,0,0,0,0,0,0,0,0,0,0,0,0,0,0,0,0,0,0,0,0,0,0,0,0,0,0,0,0,0,0,0,0,0,0,0
367,1982,10,1982-07-18,British Grand Prix,5,24,1,1,1,2,13,1,1,2,3,2,1,16,1,1,3,1,6,1,14,1,1,4,1,3,2,1,1,14,25,4,6,1,27,1,1,2,8,8,2,6,5,14,12,1,1,1,10,2,12,19,10,1,1,10,1,4,1,6,12,2,6,2,2,7,3,5,1,0,0,0,0,0,0,0,0,0,0,0,0,0,0,0,0,0,0,0,0,0,0,0,0,0,0,0,0,0,0,0,0,0,0,0,0,0,0,0,0,0,0,0,0,0,0,0
368,1982,11,1982-07-25,French Grand Prix,5,24,1,1,1,2,13,1,1,2,3,2,1,16,1,1,3,1,6,1,14,1,1,4,1,3,2,1,1,14,25,4,6,1,27,1,1,2,8,8,2,6,5,14,12,1,1,1,10,2,12,19,10,1,1,10,1,4,1,6,12,2,6,2,3,7,3,5,1,0,0,0,0,0,0,0,0,0,0,0,0,0,0,0,0,0,0,0,0,0,0,0,0,0,0,0,0,0,0,0,0,0,0,0,0,0,0,0,0,0,0,0,0,0,0,0
369,1982,12,1982-08-08,German Grand Prix,5,24,1,1,1,2,13,1,1,2,3,2,1,16,1,1,3,1,6,1,14,1,1,4,1,3,2,1,1,14,25,4,6,1,27,1,1,2,8,8,2,6,5,14,12,1,1,1,10,2,12,19,10,1,1,10,1,4,1,6,12,2,6,2,3,7,3,5,1,1,0,0,0,0,0,0,0,0,0,0,0,0,0,0,0,0,0,0,0,0,0,0,0,0,0,0,0,0,0,0,0,0,0,0,0,0,0,0,0,0,0,0,0,0,0,0
370,1982,13,1982-08-15,Austrian Grand Prix,5,24,1,1,1,2,13,1,1,2,3,2,1,16,1,1,3,1,6,1,14,1,1,4,1,3,2,1,1,14,25,4,6,1,27,1,1,2,8,8,2,6,5,14,12,1,1,1,10,2,12,19,10,1,1,10,1,4,1,6,12,2,6,2,3,7,3,5,1,1,1,0,0,0,0,0,0,0,0,0,0,0,0,0,0,0,0,0,0,0,0,0,0,0,0,0,0,0,0,0,0,0,0,0,0,0,0,0,0,0,0,0,0,0,0,0
371,1982,14,1982-08-29,Swiss Grand Prix,5,24,1,1,1,2,13,1,1,2,3,2,1,16,1,1,3,1,6,1,14,1,1,4,1,3,2,1,1,14,25,4,6,1,27,1,1,2,8,8,2,6,5,14,12,1,1,1,10,2,12,19,10,1,1,10,1,4,1,6,12,2,6,2,3,7,3,5,1,1,1,1,0,0,0,0,0,0,0,0,0,0,0,0,0,0,0,0,0,0,0,0,0,0,0,0,0,0,0,0,0,0,0,0,0,0,0,0,0,0,0,0,0,0,0,0
372,1982,15,1982-09-12,Italian Grand Prix,5,24,1,1,1,2,13,1,1,2,3,2,1,16,1,1,3,1,6,1,14,1,1,4,1,3,2,1,1,14,25,4,6,1,27,1,1,2,8,8,2,6,5,14,12,1,1,1,10,2,12,19,10,1,1,10,1,4,1,6,12,2,6,2,4,7,3,5,1,1,1,1,0,0,0,0,0,0,0,0,0,0,0,0,0,0,0,0,0,0,0,0,0,0,0,0,0,0,0,0,0,0,0,0,0,0,0,0,0,0,0,0,0,0,0,0
373,1982,16,1982-09-25,Caesars Palace Grand Prix,5,24,1,1,1,2,13,1,1,2,3,2,1,16,1,1,3,1,6,1,14,1,1,4,1,3,2,1,1,14,25,4,6,1,27,1,1,2,8,8,2,6,5,14,12,1,1,1,10,2,12,19,10,1,1,10,1,4,1,6,12,2,6,2,4,7,3,5,1,1,1,1,1,0,0,0,0,0,0,0,0,0,0,0,0,0,0,0,0,0,0,0,0,0,0,0,0,0,0,0,0,0,0,0,0,0,0,0,0,0,0,0,0,0,0,0
374,1983,1,1983-03-13,Brazilian Grand Prix,5,24,1,1,1,2,13,1,1,2,3,2,1,16,1,1,3,1,6,1,14,1,1,4,1,3,2,1,1,14,25,4,6,1,27,1,1,2,8,8,2,6,5,14,12,1,1,1,10,2,12,19,10,1,1,10,1,4,1,6,12,2,6,2,4,8,3,5,1,1,1,1,1,0,0,0,0,0,0,0,0,0,0,0,0,0,0,0,0,0,0,0,0,0,0,0,0,0,0,0,0,0,0,0,0,0,0,0,0,0,0,0,0,0,0,0
375,1983,2,1983-03-27,United States Grand Prix West,5,24,1,1,1,2,13,1,1,2,3,2,1,16,1,1,3,1,6,1,14,1,1,4,1,3,2,1,1,14,25,4,6,1,27,1,1,2,8,8,2,6,5,14,12,1,1,1,10,2,12,19,10,1,1,10,1,5,1,6,12,2,6,2,4,8,3,5,1,1,1,1,1,0,0,0,0,0,0,0,0,0,0,0,0,0,0,0,0,0,0,0,0,0,0,0,0,0,0,0,0,0,0,0,0,0,0,0,0,0,0,0,0,0,0,0
376,1983,3,1983-04-17,French Grand Prix,5,24,1,1,1,2,13,1,1,2,3,2,1,16,1,1,3,1,6,1,14,1,1,4,1,3,2,1,1,14,25,4,6,1,27,1,1,2,8,8,2,6,5,14,12,1,1,1,10,2,12,19,10,1,1,10,1,5,1,6,12,2,6,2,4,8,3,6,1,1,1,1,1,0,0,0,0,0,0,0,0,0,0,0,0,0,0,0,0,0,0,0,0,0,0,0,0,0,0,0,0,0,0,0,0,0,0,0,0,0,0,0,0,0,0,0
377,1983,4,1983-05-01,San Marino Grand Prix,5,24,1,1,1,2,13,1,1,2,3,2,1,16,1,1,3,1,6,1,14,1,1,4,1,3,2,1,1,14,25,4,6,1,27,1,1,2,8,8,2,6,5,14,12,1,1,1,10,2,12,19,10,1,1,10,1,5,1,6,12,2,6,2,4,8,3,6,1,2,1,1,1,0,0,0,0,0,0,0,0,0,0,0,0,0,0,0,0,0,0,0,0,0,0,0,0,0,0,0,0,0,0,0,0,0,0,0,0,0,0,0,0,0,0,0
378,1983,5,1983-05-15,Monaco Grand Prix,5,24,1,1,1,2,13,1,1,2,3,2,1,16,1,1,3,1,6,1,14,1,1,4,1,3,2,1,1,14,25,4,6,1,27,1,1,2,8,8,2,6,5,14,12,1,1,1,10,2,12,19,10,1,1,10,1,5,1,6,12,2,6,2,4,8,3,6,1,2,1,2,1,0,0,0,0,0,0,0,0,0,0,0,0,0,0,0,0,0,0,0,0,0,0,0,0,0,0,0,0,0,0,0,0,0,0,0,0,0,0,0,0,0,0,0
379,1983,6,1983-05-22,Belgian Grand Prix,5,24,1,1,1,2,13,1,1,2,3,2,1,16,1,1,3,1,6,1,14,1,1,4,1,3,2,1,1,14,25,4,6,1,27,1,1,2,8,8,2,6,5,14,12,1,1,1,10,2,12,19,10,1,1,10,1,5,1,6,12,2,6,2,4,8,3,7,1,2,1,2,1,0,0,0,0,0,0,0,0,0,0,0,0,0,0,0,0,0,0,0,0,0,0,0,0,0,0,0,0,0,0,0,0,0,0,0,0,0,0,0,0,0,0,0
380,1983,7,1983-06-05,Detroit Grand Prix,5,24,1,1,1,2,13,1,1,2,3,2,1,16,1,1,3,1,6,1,14,1,1,4,1,3,2,1,1,14,25,4,6,1,27,1,1,2,8,8,2,6,5,14,12,1,1,1,10,2,12,19,10,1,1,10,1,5,1,6,12,2,6,2,4,8,3,7,1,2,1,2,2,0,0,0,0,0,0,0,0,0,0,0,0,0,0,0,0,0,0,0,0,0,0,0,0,0,0,0,0,0,0,0,0,0,0,0,0,0,0,0,0,0,0,0
381,1983,8,1983-06-12,Canadian Grand Prix,5,24,1,1,1,2,13,1,1,2,3,2,1,16,1,1,3,1,6,1,14,1,1,4,1,3,2,1,1,14,25,4,6,1,27,1,1,2,8,8,2,6,5,14,12,1,1,1,10,2,12,19,10,1,1,10,1,5,1,6,12,2,6,2,5,8,3,7,1,2,1,2,2,0,0,0,0,0,0,0,0,0,0,0,0,0,0,0,0,0,0,0,0,0,0,0,0,0,0,0,0,0,0,0,0,0,0,0,0,0,0,0,0,0,0,0
382,1983,9,1983-07-16,British Grand Prix,5,24,1,1,1,2,13,1,1,2,3,2,1,16,1,1,3,1,6,1,14,1,1,4,1,3,2,1,1,14,25,4,6,1,27,1,1,2,8,8,2,6,5,14,12,1,1,1,10,2,12,19,10,1,1,10,1,5,1,6,12,2,6,2,5,8,3,8,1,2,1,2,2,0,0,0,0,0,0,0,0,0,0,0,0,0,0,0,0,0,0,0,0,0,0,0,0,0,0,0,0,0,0,0,0,0,0,0,0,0,0,0,0,0,0,0
383,1983,10,1983-08-07,German Grand Prix,5,24,1,1,1,2,13,1,1,2,3,2,1,16,1,1,3,1,6,1,14,1,1,4,1,3,2,1,1,14,25,4,6,1,27,1,1,2,8,8,2,6,5,14,12,1,1,1,10,2,12,19,10,1,1,10,1,5,1,6,12,2,6,2,6,8,3,8,1,2,1,2,2,0,0,0,0,0,0,0,0,0,0,0,0,0,0,0,0,0,0,0,0,0,0,0,0,0,0,0,0,0,0,0,0,0,0,0,0,0,0,0,0,0,0,0
384,1983,11,1983-08-14,Austrian Grand Prix,5,24,1,1,1,2,13,1,1,2,3,2,1,16,1,1,3,1,6,1,14,1,1,4,1,3,2,1,1,14,25,4,6,1,27,1,1,2,8,8,2,6,5,14,12,1,1,1,10,2,12,19,10,1,1,10,1,5,1,6,12,2,6,2,6,8,3,9,1,2,1,2,2,0,0,0,0,0,0,0,0,0,0,0,0,0,0,0,0,0,0,0,0,0,0,0,0,0,0,0,0,0,0,0,0,0,0,0,0,0,0,0,0,0,0,0
385,1983,12,1983-08-28,Dutch Grand Prix,5,24,1,1,1,2,13,1,1,2,3,2,1,16,1,1,3,1,6,1,14,1,1,4,1,3,2,1,1,14,25,4,6,1,27,1,1,2,8,8,2,6,5,14,12,1,1,1,10,2,12,19,10,1,1,10,1,5,1,6,12,2,6,2,7,8,3,9,1,2,1,2,2,0,0,0,0,0,0,0,0,0,0,0,0,0,0,0,0,0,0,0,0,0,0,0,0,0,0,0,0,0,0,0,0,0,0,0,0,0,0,0,0,0,0,0
386,1983,13,1983-09-11,Italian Grand Prix,5,24,1,1,1,2,13,1,1,2,3,2,1,16,1,1,3,1,6,1,14,1,1,4,1,3,2,1,1,14,25,4,6,1,27,1,1,2,8,8,2,6,5,14,12,1,1,1,10,2,12,19,10,1,1,10,1,5,1,6,12,2,6,2,7,9,3,9,1,2,1,2,2,0,0,0,0,0,0,0,0,0,0,0,0,0,0,0,0,0,0,0,0,0,0,0,0,0,0,0,0,0,0,0,0,0,0,0,0,0,0,0,0,0,0,0
387,1983,14,1983-09-25,European Grand Prix,5,24,1,1,1,2,13,1,1,2,3,2,1,16,1,1,3,1,6,1,14,1,1,4,1,3,2,1,1,14,25,4,6,1,27,1,1,2,8,8,2,6,5,14,12,1,1,1,10,2,12,19,10,1,1,10,1,5,1,6,12,2,6,2,7,10,3,9,1,2,1,2,2,0,0,0,0,0,0,0,0,0,0,0,0,0,0,0,0,0,0,0,0,0,0,0,0,0,0,0,0,0,0,0,0,0,0,0,0,0,0,0,0,0,0,0
388,1983,15,1983-10-15,South African Grand Prix,5,24,1,1,1,2,13,1,1,2,3,2,1,16,1,1,3,1,6,1,14,1,1,4,1,3,2,1,1,14,25,4,6,1,27,1,1,2,8,8,2,6,5,14,12,1,1,1,10,2,12,19,10,1,1,10,1,5,1,6,12,2,6,2,7,10,3,9,2,2,1,2,2,0,0,0,0,0,0,0,0,0,0,0,0,0,0,0,0,0,0,0,0,0,0,0,0,0,0,0,0,0,0,0,0,0,0,0,0,0,0,0,0,0,0,0
389,1984,1,1984-03-25,Brazilian Grand Prix,5,24,1,1,1,2,13,1,1,2,3,2,1,16,1,1,3,1,6,1,14,1,1,4,1,3,2,1,1,14,25,4,6,1,27,1,1,2,8,8,2,6,5,14,12,1,1,1,10,2,12,19,10,1,1,10,1,5,1,6,12,2,6,2,7,10,3,10,2,2,1,2,2,0,0,0,0,0,0,0,0,0,0,0,0,0,0,0,0,0,0,0,0,0,0,0,0,0,0,0,0,0,0,0,0,0,0,0,0,0,0,0,0,0,0,0
390,1984,2,1984-04-07,South African Grand Prix,5,24,1,1,1,2,13,1,1,2,3,2,1,16,1,1,3,1,6,1,14,1,1,4,1,3,2,1,1,14,25,4,6,1,27,1,1,2,8,8,2,6,5,14,12,1,1,1,10,2,12,20,10,1,1,10,1,5,1,6,12,2,6,2,7,10,3,10,2,2,1,2,2,0,0,0,0,0,0,0,0,0,0,0,0,0,0,0,0,0,0,0,0,0,0,0,0,0,0,0,0,0,0,0,0,0,0,0,0,0,0,0,0,0,0,0
391,1984,3,1984-04-29,Belgian Grand Prix,5,24,1,1,1,2,13,1,1,2,3,2,1,16,1,1,3,1,6,1,14,1,1,4,1,3,2,1,1,14,25,4,6,1,27,1,1,2,8,8,2,6,5,14,12,1,1,1,10,2,12,20,10,1,1,10,1,5,1,6,12,2,6,2,7,10,3,10,2,2,1,2,3,0,0,0,0,0,0,0,0,0,0,0,0,0,0,0,0,0,0,0,0,0,0,0,0,0,0,0,0,0,0,0,0,0,0,0,0,0,0,0,0,0,0,0
392,1984,4,1984-05-06,San Marino Grand Prix,5,24,1,1,1,2,13,1,1,2,3,2,1,16,1,1,3,1,6,1,14,1,1,4,1,3,2,1,1,14,25,4,6,1,27,1,1,2,8,8,2,6,5,14,12,1,1,1,10,2,12,20,10,1,1,10,1,5,1,6,12,2,6,2,7,10,3,11,2,2,1,2,3,0,0,0,0,0,0,0,0,0,0,0,0,0,0,0,0,0,0,0,0,0,0,0,0,0,0,0,0,0,0,0,0,0,0,0,0,0,0,0,0,0,0,0
393,1984,5,1984-05-20,French Grand Prix,5,24,1,1,1,2,13,1,1,2,3,2,1,16,1,1,3,1,6,1,14,1,1,4,1,3,2,1,1,14,25,4,6,1,27,1,1,2,8,8,2,6,5,14,12,1,1,1,10,2,12,21,10,1,1,10,1,5,1,6,12,2,6,2,7,10,3,11,2,2,1,2,3,0,0,0,0,0,0,0,0,0,0,0,0,0,0,0,0,0,0,0,0,0,0,0,0,0,0,0,0,0,0,0,0,0,0,0,0,0,0,0,0,0,0,0
394,1984,6,1984-06-03,Monaco Grand Prix,5,24,1,1,1,2,13,1,1,2,3,2,1,16,1,1,3,1,6,1,14,1,1,4,1,3,2,1,1,14,25,4,6,1,27,1,1,2,8,8,2,6,5,14,12,1,1,1,10,2,12,21,10,1,1,10,1,5,1,6,12,2,6,2,7,10,3,12,2,2,1,2,3,0,0,0,0,0,0,0,0,0,0,0,0,0,0,0,0,0,0,0,0,0,0,0,0,0,0,0,0,0,0,0,0,0,0,0,0,0,0,0,0,0,0,0
395,1984,7,1984-06-17,Canadian Grand Prix,5,24,1,1,1,2,13,1,1,2,3,2,1,16,1,1,3,1,6,1,14,1,1,4,1,3,2,1,1,14,25,4,6,1,27,1,1,2,8,8,2,6,5,14,12,1,1,1,10,2,12,21,10,1,1,10,1,5,1,6,12,2,6,2,7,11,3,12,2,2,1,2,3,0,0,0,0,0,0,0,0,0,0,0,0,0,0,0,0,0,0,0,0,0,0,0,0,0,0,0,0,0,0,0,0,0,0,0,0,0,0,0,0,0,0,0
396,1984,8,1984-06-24,Detroit Grand Prix,5,24,1,1,1,2,13,1,1,2,3,2,1,16,1,1,3,1,6,1,14,1,1,4,1,3,2,1,1,14,25,4,6,1,27,1,1,2,8,8,2,6,5,14,12,1,1,1,10,2,12,21,10,1,1,10,1,5,1,6,12,2,6,2,7,12,3,12,2,2,1,2,3,0,0,0,0,0,0,0,0,0,0,0,0,0,0,0,0,0,0,0,0,0,0,0,0,0,0,0,0,0,0,0,0,0,0,0,0,0,0,0,0,0,0,0
397,1984,9,1984-07-08,Dallas Grand Prix,5,24,1,1,1,2,13,1,1,2,3,2,1,16,1,1,3,1,6,1,14,1,1,4,1,3,2,1,1,14,25,4,6,1,27,1,1,2,8,8,2,6,5,14,12,1,1,1,10,2,12,21,10,1,1,10,1,5,1,6,12,2,6,2,7,12,3,12,2,2,1,3,3,0,0,0,0,0,0,0,0,0,0,0,0,0,0,0,0,0,0,0,0,0,0,0,0,0,0,0,0,0,0,0,0,0,0,0,0,0,0,0,0,0,0,0
398,1984,10,1984-07-22,British Grand Prix,5,24,1,1,1,2,13,1,1,2,3,2,1,16,1,1,3,1,6,1,14,1,1,4,1,3,2,1,1,14,25,4,6,1,27,1,1,2,8,8,2,6,5,14,12,1,1,1,10,2,12,22,10,1,1,10,1,5,1,6,12,2,6,2,7,12,3,12,2,2,1,3,3,0,0,0,0,0,0,0,0,0,0,0,0,0,0,0,0,0,0,0,0,0,0,0,0,0,0,0,0,0,0,0,0,0,0,0,0,0,0,0,0,0,0,0
399,1984,11,1984-08-05,German Grand Prix,5,24,1,1,1,2,13,1,1,2,3,2,1,16,1,1,3,1,6,1,14,1,1,4,1,3,2,1,1,14,25,4,6,1,27,1,1,2,8,8,2,6,5,14,12,1,1,1,10,2,12,22,10,1,1,10,1,5,1,6,12,2,6,2,7,12,3,13,2,2,1,3,3,0,0,0,0,0,0,0,0,0,0,0,0,0,0,0,0,0,0,0,0,0,0,0,0,0,0,0,0,0,0,0,0,0,0,0,0,0,0,0,0,0,0,0
400,1984,12,1984-08-19,Austrian Grand Prix,5,24,1,1,1,2,13,1,1,2,3,2,1,16,1,1,3,1,6,1,14,1,1,4,1,3,2,1,1,14,25,4,6,1,27,1,1,2,8,8,2,6,5,14,12,1,1,1,10,2,12,23,10,1,1,10,1,5,1,6,12,2,6,2,7,12,3,13,2,2,1,3,3,0,0,0,0,0,0,0,0,0,0,0,0,0,0,0,0,0,0,0,0,0,0,0,0,0,0,0,0,0,0,0,0,0,0,0,0,0,0,0,0,0,0,0
401,1984,13,1984-08-26,Dutch Grand Prix,5,24,1,1,1,2,13,1,1,2,3,2,1,16,1,1,3,1,6,1,14,1,1,4,1,3,2,1,1,14,25,4,6,1,27,1,1,2,8,8,2,6,5,14,12,1,1,1,10,2,12,23,10,1,1,10,1,5,1,6,12,2,6,2,7,12,3,14,2,2,1,3,3,0,0,0,0,0,0,0,0,0,0,0,0,0,0,0,0,0,0,0,0,0,0,0,0,0,0,0,0,0,0,0,0,0,0,0,0,0,0,0,0,0,0,0
402,1984,14,1984-09-09,Italian Grand Prix,5,24,1,1,1,2,13,1,1,2,3,2,1,16,1,1,3,1,6,1,14,1,1,4,1,3,2,1,1,14,25,4,6,1,27,1,1,2,8,8,2,6,5,14,12,1,1,1,10,2,12,24,10,1,1,10,1,5,1,6,12,2,6,2,7,12,3,14,2,2,1,3,3,0,0,0,0,0,0,0,0,0,0,0,0,0,0,0,0,0,0,0,0,0,0,0,0,0,0,0,0,0,0,0,0,0,0,0,0,0,0,0,0,0,0,0
403,1984,15,1984-10-07,European Grand Prix,5,24,1,1,1,2,13,1,1,2,3,2,1,16,1,1,3,1,6,1,14,1,1,4,1,3,2,1,1,14,25,4,6,1,27,1,1,2,8,8,2,6,5,14,12,1,1,1,10,2,12,24,10,1,1,10,1,5,1,6,12,2,6,2,7,12,3,15,2,2,1,3,3,0,0,0,0,0,0,0,0,0,0,0,0,0,0,0,0,0,0,0,0,0,0,0,0,0,0,0,0,0,0,0,0,0,0,0,0,0,0,0,0,0,0,0
404,1984,16,1984-10-21,Portuguese Grand Prix,5,24,1,1,1,2,13,1,1,2,3,2,1,16,1,1,3,1,6,1,14,1,1,4,1,3,2,1,1,14,25,4,6,1,27,1,1,2,8,8,2,6,5,14,12,1,1,1,10,2,12,24,10,1,1,10,1,5,1,6,12,2,6,2,7,12,3,16,2,2,1,3,3,0,0,0,0,0,0,0,0,0,0,0,0,0,0,0,0,0,0,0,0,0,0,0,0,0,0,0,0,0,0,0,0,0,0,0,0,0,0,0,0,0,0,0
405,1985,1,1985-04-07,Brazilian Grand Prix,5,24,1,1,1,2,13,1,1,2,3,2,1,16,1,1,3,1,6,1,14,1,1,4,1,3,2,1,1,14,25,4,6,1,27,1,1,2,8,8,2,6,5,14,12,1,1,1,10,2,12,24,10,1,1,10,1,5,1,6,12,2,6,2,7,12,3,17,2,2,1,3,3,0,0,0,0,0,0,0,0,0,0,0,0,0,0,0,0,0,0,0,0,0,0,0,0,0,0,0,0,0,0,0,0,0,0,0,0,0,0,0,0,0,0,0
406,1985,2,1985-04-21,Portuguese Grand Prix,5,24,1,1,1,2,13,1,1,2,3,2,1,16,1,1,3,1,6,1,14,1,1,4,1,3,2,1,1,14,25,4,6,1,27,1,1,2,8,8,2,6,5,14,12,1,1,1,10,2,12,24,10,1,1,10,1,5,1,6,12,2,6,2,7,12,3,17,2,2,1,3,3,1,0,0,0,0,0,0,0,0,0,0,0,0,0,0,0,0,0,0,0,0,0,0,0,0,0,0,0,0,0,0,0,0,0,0,0,0,0,0,0,0,0,0
407,1985,3,1985-05-05,San Marino Grand Prix,5,24,1,1,1,2,13,1,1,2,3,2,1,16,1,1,3,1,6,1,14,1,1,4,1,3,2,1,1,14,25,4,6,1,27,1,1,2,8,8,2,6,5,14,12,1,1,1,10,2,12,24,10,1,1,10,1,5,1,6,12,2,6,2,7,12,3,17,2,2,2,3,3,1,0,0,0,0,0,0,0,0,0,0,0,0,0,0,0,0,0,0,0,0,0,0,0,0,0,0,0,0,0,0,0,0,0,0,0,0,0,0,0,0,0,0
408,1985,4,1985-05-19,Monaco Grand Prix,5,24,1,1,1,2,13,1,1,2,3,2,1,16,1,1,3,1,6,1,14,1,1,4,1,3,2,1,1,14,25,4,6,1,27,1,1,2,8,8,2,6,5,14,12,1,1,1,10,2,12,24,10,1,1,10,1,5,1,6,12,2,6,2,7,12,3,18,2,2,2,3,3,1,0,0,0,0,0,0,0,0,0,0,0,0,0,0,0,0,0,0,0,0,0,0,0,0,0,0,0,0,0,0,0,0,0,0,0,0,0,0,0,0,0,0
409,1985,5,1985-06-16,Canadian Grand Prix,5,24,1,1,1,2,13,1,1,2,3,2,1,16,1,1,3,1,6,1,14,1,1,4,1,3,2,1,1,14,25,4,6,1,27,1,1,2,8,8,2,6,5,14,12,1,1,1,10,2,12,24,10,1,1,10,1,5,1,6,12,2,6,2,7,12,3,18,2,2,2,3,4,1,0,0,0,0,0,0,0,0,0,0,0,0,0,0,0,0,0,0,0,0,0,0,0,0,0,0,0,0,0,0,0,0,0,0,0,0,0,0,0,0,0,0
410,1985,6,1985-06-23,Detroit Grand Prix,5,24,1,1,1,2,13,1,1,2,3,2,1,16,1,1,3,1,6,1,14,1,1,4,1,3,2,1,1,14,25,4,6,1,27,1,1,2,8,8,2,6,5,14,12,1,1,1,10,2,12,24,10,1,1,10,1,5,1,6,12,2,6,2,7,12,3,18,2,2,2,4,4,1,0,0,0,0,0,0,0,0,0,0,0,0,0,0,0,0,0,0,0,0,0,0,0,0,0,0,0,0,0,0,0,0,0,0,0,0,0,0,0,0,0,0
411,1985,7,1985-07-07,French Grand Prix,5,24,1,1,1,2,13,1,1,2,3,2,1,16,1,1,3,1,6,1,14,1,1,4,1,3,2,1,1,14,25,4,6,1,27,1,1,2,8,8,2,6,5,14,12,1,1,1,10,2,12,24,10,1,1,10,1,5,1,6,12,2,6,2,7,13,3,18,2,2,2,4,4,1,0,0,0,0,0,0,0,0,0,0,0,0,0,0,0,0,0,0,0,0,0,0,0,0,0,0,0,0,0,0,0,0,0,0,0,0,0,0,0,0,0,0
412,1985,8,1985-07-21,British Grand Prix,5,24,1,1,1,2,13,1,1,2,3,2,1,16,1,1,3,1,6,1,14,1,1,4,1,3,2,1,1,14,25,4,6,1,27,1,1,2,8,8,2,6,5,14,12,1,1,1,10,2,12,24,10,1,1,10,1,5,1,6,12,2,6,2,7,13,3,19,2,2,2,4,4,1,0,0,0,0,0,0,0,0,0,0,0,0,0,0,0,0,0,0,0,0,0,0,0,0,0,0,0,0,0,0,0,0,0,0,0,0,0,0,0,0,0,0
413,1985,9,1985-08-04,German Grand Prix,5,24,1,1,1,2,13,1,1,2,3,2,1,16,1,1,3,1,6,1,14,1,1,4,1,3,2,1,1,14,25,4,6,1,27,1,1,2,8,8,2,6,5,14,12,1,1,1,10,2,12,24,10,1,1,10,1,5,1,6,12,2,6,2,7,13,3,19,2,2,2,4,5,1,0,0,0,0,0,0,0,0,0,0,0,0,0,0,0,0,0,0,0,0,0,0,0,0,0,0,0,0,0,0,0,0,0,0,0,0,0,0,0,0,0,0
414,1985,10,1985-08-18,Austrian Grand Prix,5,24,1,1,1,2,13,1,1,2,3,2,1,16,1,1,3,1,6,1,14,1,1,4,1,3,2,1,1,14,25,4,6,1,27,1,1,2,8,8,2,6,5,14,12,1,1,1,10,2,12,24,10,1,1,10,1,5,1,6,12,2,6,2,7,13,3,20,2,2,2,4,5,1,0,0,0,0,0,0,0,0,0,0,0,0,0,0,0,0,0,0,0,0,0,0,0,0,0,0,0,0,0,0,0,0,0,0,0,0,0,0,0,0,0,0
415,1985,11,1985-08-25,Dutch Grand Prix,5,24,1,1,1,2,13,1,1,2,3,2,1,16,1,1,3,1,6,1,14,1,1,4,1,3,2,1,1,14,25,4,6,1,27,1,1,2,8,8,2,6,5,14,12,1,1,1,10,2,12,25,10,1,1,10,1,5,1,6,12,2,6,2,7,13,3,20,2,2,2,4,5,1,0,0,0,0,0,0,0,0,0,0,0,0,0,0,0,0,0,0,0,0,0,0,0,0,0,0,0,0,0,0,0,0,0,0,0,0,0,0,0,0,0,0
416,1985,12,1985-09-08,Italian Grand Prix,5,24,1,1,1,2,13,1,1,2,3,2,1,16,1,1,3,1,6,1,14,1,1,4,1,3,2,1,1,14,25,4,6,1,27,1,1,2,8,8,2,6,5,14,12,1,1,1,10,2,12,25,10,1,1,10,1,5,1,6,12,2,6,2,7,13,3,21,2,2,2,4,5,1,0,0,0,0,0,0,0,0,0,0,0,0,0,0,0,0,0,0,0,0,0,0,0,0,0,0,0,0,0,0,0,0,0,0,0,0,0,0,0,0,0,0
417,1985,13,1985-09-15,Belgian Grand Prix,5,24,1,1,1,2,13,1,1,2,3,2,1,16,1,1,3,1,6,1,14,1,1,4,1,3,2,1,1,14,25,4,6,1,27,1,1,2,8,8,2,6,5,14,12,1,1,1,10,2,12,25,10,1,1,10,1,5,1,6,12,2,6,2,7,13,3,21,2,2,2,4,5,2,0,0,0,0,0,0,0,0,0,0,0,0,0,0,0,0,0,0,0,0,0,0,0,0,0,0,0,0,0,0,0,0,0,0,0,0,0,0,0,0,0,0
418,1985,14,1985-10-06,European Grand Prix,5,24,1,1,1,2,13,1,1,2,3,2,1,16,1,1,3,1,6,1,14,1,1,4,1,3,2,1,1,14,25,4,6,1,27,1,1,2,8,8,2,6,5,14,12,1,1,1,10,2,12,25,10,1,1,10,1,5,1,6,12,2,6,2,7,13,3,21,2,2,2,4,5,2,1,0,0,0,0,0,0,0,0,0,0,0,0,0,0,0,0,0,0,0,0,0,0,0,0,0,0,0,0,0,0,0,0,0,0,0,0,0,0,0,0,0
419,1985,15,1985-10-19,South African Grand Prix,5,24,1,1,1,2,13,1,1,2,3,2,1,16,1,1,3,1,6,1,14,1,1,4,1,3,2,1,1,14,25,4,6,1,27,1,1,2,8,8,2,6,5,14,12,1,1,1,10,2,12,25,10,1,1,10,1,5,1,6,12,2,6,2,7,13,3,21,2,2,2,4,5,2,2,0,0,0,0,0,0,0,0,0,0,0,0,0,0,0,0,0,0,0,0,0,0,0,0,0,0,0,0,0,0,0,0,0,0,0,0,0,0,0,0,0
420,1985,16,1985-11-03,Australian Grand Prix,5,24,1,1,1,2,13,1,1,2,3,2,1,16,1,1,3,1,6,1,14,1,1,4,1,3,2,1,1,14,25,4,6,1,27,1,1,2,8,8,2,6,5,14,12,1,1,1,10,2,12,25,10,1,1,10,1,5,1,6,12,2,6,2,7,13,3,21,2,2,2,5,5,2,2,0,0,0,0,0,0,0,0,0,0,0,0,0,0,0,0,0,0,0,0,0,0,0,0,0,0,0,0,0,0,0,0,0,0,0,0,0,0,0,0,0
421,1986,1,1986-03-23,Brazilian Grand Prix,5,24,1,1,1,2,13,1,1,2,3,2,1,16,1,1,3,1,6,1,14,1,1,4,1,3,2,1,1,14,25,4,6,1,27,1,1,2,8,8,2,6,5,14,12,1,1,1,10,2,12,25,10,1,1,10,1,5,1,6,12,2,6,2,7,14,3,21,2,2,2,5,5,2,2,0,0,0,0,0,0,0,0,0,0,0,0,0,0,0,0,0,0,0,0,0,0,0,0,0,0,0,0,0,0,0,0,0,0,0,0,0,0,0,0,0
422,1986,2,1986-04-13,Spanish Grand Prix,5,24,1,1,1,2,13,1,1,2,3,2,1,16,1,1,3,1,6,1,14,1,1,4,1,3,2,1,1,14,25,4,6,1,27,1,1,2,8,8,2,6,5,14,12,1,1,1,10,2,12,25,10,1,1,10,1,5,1,6,12,2,6,2,7,14,3,21,2,2,2,5,5,3,2,0,0,0,0,0,0,0,0,0,0,0,0,0,0,0,0,0,0,0,0,0,0,0,0,0,0,0,0,0,0,0,0,0,0,0,0,0,0,0,0,0
423,1986,3,1986-04-27,San Marino Grand Prix,5,24,1,1,1,2,13,1,1,2,3,2,1,16,1,1,3,1,6,1,14,1,1,4,1,3,2,1,1,14,25,4,6,1,27,1,1,2,8,8,2,6,5,14,12,1,1,1,10,2,12,25,10,1,1,10,1,5,1,6,12,2,6,2,7,14,3,22,2,2,2,5,5,3,2,0,0,0,0,0,0,0,0,0,0,0,0,0,0,0,0,0,0,0,0,0,0,0,0,0,0,0,0,0,0,0,0,0,0,0,0,0,0,0,0,0
424,1986,4,1986-05-11,Monaco Grand Prix,5,24,1,1,1,2,13,1,1,2,3,2,1,16,1,1,3,1,6,1,14,1,1,4,1,3,2,1,1,14,25,4,6,1,27,1,1,2,8,8,2,6,5,14,12,1,1,1,10,2,12,25,10,1,1,10,1,5,1,6,12,2,6,2,7,14,3,23,2,2,2,5,5,3,2,0,0,0,0,0,0,0,0,0,0,0,0,0,0,0,0,0,0,0,0,0,0,0,0,0,0,0,0,0,0,0,0,0,0,0,0,0,0,0,0,0
425,1986,5,1986-05-25,Belgian Grand Prix,5,24,1,1,1,2,13,1,1,2,3,2,1,16,1,1,3,1,6,1,14,1,1,4,1,3,2,1,1,14,25,4,6,1,27,1,1,2,8,8,2,6,5,14,12,1,1,1,10,2,12,25,10,1,1,10,1,5,1,6,12,2,6,2,7,14,3,23,2,2,2,5,5,3,3,0,0,0,0,0,0,0,0,0,0,0,0,0,0,0,0,0,0,0,0,0,0,0,0,0,0,0,0,0,0,0,0,0,0,0,0,0,0,0,0,0
426,1986,6,1986-06-15,Canadian Grand Prix,5,24,1,1,1,2,13,1,1,2,3,2,1,16,1,1,3,1,6,1,14,1,1,4,1,3,2,1,1,14,25,4,6,1,27,1,1,2,8,8,2,6,5,14,12,1,1,1,10,2,12,25,10,1,1,10,1,5,1,6,12,2,6,2,7,14,3,23,2,2,2,5,5,3,4,0,0,0,0,0,0,0,0,0,0,0,0,0,0,0,0,0,0,0,0,0,0,0,0,0,0,0,0,0,0,0,0,0,0,0,0,0,0,0,0,0
427,1986,7,1986-06-22,Detroit Grand Prix,5,24,1,1,1,2,13,1,1,2,3,2,1,16,1,1,3,1,6,1,14,1,1,4,1,3,2,1,1,14,25,4,6,1,27,1,1,2,8,8,2,6,5,14,12,1,1,1,10,2,12,25,10,1,1,10,1,5,1,6,12,2,6,2,7,14,3,23,2,2,2,5,5,4,4,0,0,0,0,0,0,0,0,0,0,0,0,0,0,0,0,0,0,0,0,0,0,0,0,0,0,0,0,0,0,0,0,0,0,0,0,0,0,0,0,0
428,1986,8,1986-07-06,French Grand Prix,5,24,1,1,1,2,13,1,1,2,3,2,1,16,1,1,3,1,6,1,14,1,1,4,1,3,2,1,1,14,25,4,6,1,27,1,1,2,8,8,2,6,5,14,12,1,1,1,10,2,12,25,10,1,1,10,1,5,1,6,12,2,6,2,7,14,3,23,2,2,2,5,5,4,5,0,0,0,0,0,0,0,0,0,0,0,0,0,0,0,0,0,0,0,0,0,0,0,0,0,0,0,0,0,0,0,0,0,0,0,0,0,0,0,0,0
429,1986,9,1986-07-13,British Grand Prix,5,24,1,1,1,2,13,1,1,2,3,2,1,16,1,1,3,1,6,1,14,1,1,4,1,3,2,1,1,14,25,4,6,1,27,1,1,2,8,8,2,6,5,14,12,1,1,1,10,2,12,25,10,1,1,10,1,5,1,6,12,2,6,2,7,14,3,23,2,2,2,5,5,4,6,0,0,0,0,0,0,0,0,0,0,0,0,0,0,0,0,0,0,0,0,0,0,0,0,0,0,0,0,0,0,0,0,0,0,0,0,0,0,0,0,0
430,1986,10,1986-07-27,German Grand Prix,5,24,1,1,1,2,13,1,1,2,3,2,1,16,1,1,3,1,6,1,14,1,1,4,1,3,2,1,1,14,25,4,6,1,27,1,1,2,8,8,2,6,5,14,12,1,1,1,10,2,12,25,10,1,1,10,1,5,1,6,12,2,6,2,7,15,3,23,2,2,2,5,5,4,6,0,0,0,0,0,0,0,0,0,0,0,0,0,0,0,0,0,0,0,0,0,0,0,0,0,0,0,0,0,0,0,0,0,0,0,0,0,0,0,0,0
431,1986,11,1986-08-10,Hungarian Grand Prix,5,24,1,1,1,2,13,1,1,2,3,2,1,16,1,1,3,1,6,1,14,1,1,4,1,3,2,1,1,14,25,4,6,1,27,1,1,2,8,8,2,6,5,14,12,1,1,1,10,2,12,25,10,1,1,10,1,5,1,6,12,2,6,2,7,16,3,23,2,2,2,5,5,4,6,0,0,0,0,0,0,0,0,0,0,0,0,0,0,0,0,0,0,0,0,0,0,0,0,0,0,0,0,0,0,0,0,0,0,0,0,0,0,0,0,0
432,1986,12,1986-08-17,Austrian Grand Prix,5,24,1,1,1,2,13,1,1,2,3,2,1,16,1,1,3,1,6,1,14,1,1,4,1,3,2,1,1,14,25,4,6,1,27,1,1,2,8,8,2,6,5,14,12,1,1,1,10,2,12,25,10,1,1,10,1,5,1,6,12,2,6,2,7,16,3,24,2,2,2,5,5,4,6,0,0,0,0,0,0,0,0,0,0,0,0,0,0,0,0,0,0,0,0,0,0,0,0,0,0,0,0,0,0,0,0,0,0,0,0,0,0,0,0,0
433,1986,13,1986-09-07,Italian Grand Prix,5,24,1,1,1,2,13,1,1,2,3,2,1,16,1,1,3,1,6,1,14,1,1,4,1,3,2,1,1,14,25,4,6,1,27,1,1,2,8,8,2,6,5,14,12,1,1,1,10,2,12,25,10,1,1,10,1,5,1,6,12,2,6,2,7,17,3,24,2,2,2,5,5,4,6,0,0,0,0,0,0,0,0,0,0,0,0,0,0,0,0,0,0,0,0,0,0,0,0,0,0,0,0,0,0,0,0,0,0,0,0,0,0,0,0,0
434,1986,14,1986-09-21,Portuguese Grand Prix,5,24,1,1,1,2,13,1,1,2,3,2,1,16,1,1,3,1,6,1,14,1,1,4,1,3,2,1,1,14,25,4,6,1,27,1,1,2,8,8,2,6,5,14,12,1,1,1,10,2,12,25,10,1,1,10,1,5,1,6,12,2,6,2,7,17,3,24,2,2,2,5,5,4,7,0,0,0,0,0,0,0,0,0,0,0,0,0,0,0,0,0,0,0,0,0,0,0,0,0,0,0,0,0,0,0,0,0,0,0,0,0,0,0,0,0
435,1986,15,1986-10-12,Mexican Grand Prix,5,24,1,1,1,2,13,1,1,2,3,2,1,16,1,1,3,1,6,1,14,1,1,4,1,3,2,1,1,14,25,4,6,1,27,1,1,2,8,8,2,6,5,14,12,1,1,1,10,2,12,25,10,1,1,10,1,5,1,6,12,2,6,2,7,17,3,24,2,2,2,5,5,4,7,1,0,0,0,0,0,0,0,0,0,0,0,0,0,0,0,0,0,0,0,0,0,0,0,0,0,0,0,0,0,0,0,0,0,0,0,0,0,0,0,0
436,1986,16,1986-10-26,Australian Grand Prix,5,24,1,1,1,2,13,1,1,2,3,2,1,16,1,1,3,1,6,1,14,1,1,4,1,3,2,1,1,14,25,4,6,1,27,1,1,2,8,8,2,6,5,14,12,1,1,1,10,2,12,25,10,1,1,10,1,5,1,6,12,2,6,2,7,17,3,25,2,2,2,5,5,4,7,1,0,0,0,0,0,0,0,0,0,0,0,0,0,0,0,0,0,0,0,0,0,0,0,0,0,0,0,0,0,0,0,0,0,0,0,0,0,0,0,0
437,1987,1,1987-04-12,Brazilian Grand Prix,5,24,1,1,1,2,13,1,1,2,3,2,1,16,1,1,3,1,6,1,14,1,1,4,1,3,2,1,1,14,25,4,6,1,27,1,1,2,8,8,2,6,5,14,12,1,1,1,10,2,12,25,10,1,1,10,1,5,1,6,12,2,6,2,7,17,3,26,2,2,2,5,5,4,7,1,0,0,0,0,0,0,0,0,0,0,0,0,0,0,0,0,0,0,0,0,0,0,0,0,0,0,0,0,0,0,0,0,0,0,0,0,0,0,0,0
438,1987,2,1987-05-03,San Marino Grand Prix,5,24,1,1,1,2,13,1,1,2,3,2,1,16,1,1,3,1,6,1,14,1,1,4,1,3,2,1,1,14,25,4,6,1,27,1,1,2,8,8,2,6,5,14,12,1,1,1,10,2,12,25,10,1,1,10,1,5,1,6,12,2,6,2,7,17,3,26,2,2,2,5,5,4,8,1,0,0,0,0,0,0,0,0,0,0,0,0,0,0,0,0,0,0,0,0,0,0,0,0,0,0,0,0,0,0,0,0,0,0,0,0,0,0,0,0
439,1987,3,1987-05-17,Belgian Grand Prix,5,24,1,1,1,2,13,1,1,2,3,2,1,16,1,1,3,1,6,1,14,1,1,4,1,3,2,1,1,14,25,4,6,1,27,1,1,2,8,8,2,6,5,14,12,1,1,1,10,2,12,25,10,1,1,10,1,5,1,6,12,2,6,2,7,17,3,27,2,2,2,5,5,4,8,1,0,0,0,0,0,0,0,0,0,0,0,0,0,0,0,0,0,0,0,0,0,0,0,0,0,0,0,0,0,0,0,0,0,0,0,0,0,0,0,0
440,1987,4,1987-05-31,Monaco Grand Prix,5,24,1,1,1,2,13,1,1,2,3,2,1,16,1,1,3,1,6,1,14,1,1,4,1,3,2,1,1,14,25,4,6,1,27,1,1,2,8,8,2,6,5,14,12,1,1,1,10,2,12,25,10,1,1,10,1,5,1,6,12,2,6,2,7,17,3,27,2,2,2,5,5,5,8,1,0,0,0,0,0,0,0,0,0,0,0,0,0,0,0,0,0,0,0,0,0,0,0,0,0,0,0,0,0,0,0,0,0,0,0,0,0,0,0,0
441,1987,5,1987-06-21,Detroit Grand Prix,5,24,1,1,1,2,13,1,1,2,3,2,1,16,1,1,3,1,6,1,14,1,1,4,1,3,2,1,1,14,25,4,6,1,27,1,1,2,8,8,2,6,5,14,12,1,1,1,10,2,12,25,10,1,1,10,1,5,1,6,12,2,6,2,7,17,3,27,2,2,2,5,5,6,8,1,0,0,0,0,0,0,0,0,0,0,0,0,0,0,0,0,0,0,0,0,0,0,0,0,0,0,0,0,0,0,0,0,0,0,0,0,0,0,0,0
442,1987,6,1987-07-05,French Grand Prix,5,24,1,1,1,2,13,1,1,2,3,2,1,16,1,1,3,1,6,1,14,1,1,4,1,3,2,1,1,14,25,4,6,1,27,1,1,2,8,8,2,6,5,14,12,1,1,1,10,2,12,25,10,1,1,10,1,5,1,6,12,2,6,2,7,17,3,27,2,2,2,5,5,6,9,1,0,0,0,0,0,0,0,0,0,0,0,0,0,0,0,0,0,0,0,0,0,0,0,0,0,0,0,0,0,0,0,0,0,0,0,0,0,0,0,0
443,1987,7,1987-07-12,British Grand Prix,5,24,1,1,1,2,13,1,1,2,3,2,1,16,1,1,3,1,6,1,14,1,1,4,1,3,2,1,1,14,25,4,6,1,27,1,1,2,8,8,2,6,5,14,12,1,1,1,10,2,12,25,10,1,1,10,1,5,1,6,12,2,6,2,7,17,3,27,2,2,2,5,5,6,10,1,0,0,0,0,0,0,0,0,0,0,0,0,0,0,0,0,0,0,0,0,0,0,0,0,0,0,0,0,0,0,0,0,0,0,0,0,0,0,0,0
444,1987,8,1987-07-26,German Grand Prix,5,24,1,1,1,2,13,1,1,2,3,2,1,16,1,1,3,1,6,1,14,1,1,4,1,3,2,1,1,14,25,4,6,1,27,1,1,2,8,8,2,6,5,14,12,1,1,1,10,2,12,25,10,1,1,10,1,5,1,6,12,2,6,2,7,18,3,27,2,2,2,5,5,6,10,1,0,0,0,0,0,0,0,0,0,0,0,0,0,0,0,0,0,0,0,0,0,0,0,0,0,0,0,0,0,0,0,0,0,0,0,0,0,0,0,0
445,1987,9,1987-08-09,Hungarian Grand Prix,5,24,1,1,1,2,13,1,1,2,3,2,1,16,1,1,3,1,6,1,14,1,1,4,1,3,2,1,1,14,25,4,6,1,27,1,1,2,8,8,2,6,5,14,12,1,1,1,10,2,12,25,10,1,1,10,1,5,1,6,12,2,6,2,7,19,3,27,2,2,2,5,5,6,10,1,0,0,0,0,0,0,0,0,0,0,0,0,0,0,0,0,0,0,0,0,0,0,0,0,0,0,0,0,0,0,0,0,0,0,0,0,0,0,0,0
446,1987,10,1987-08-16,Austrian Grand Prix,5,24,1,1,1,2,13,1,1,2,3,2,1,16,1,1,3,1,6,1,14,1,1,4,1,3,2,1,1,14,25,4,6,1,27,1,1,2,8,8,2,6,5,14,12,1,1,1,10,2,12,25,10,1,1,10,1,5,1,6,12,2,6,2,7,19,3,27,2,2,2,5,5,6,11,1,0,0,0,0,0,0,0,0,0,0,0,0,0,0,0,0,0,0,0,0,0,0,0,0,0,0,0,0,0,0,0,0,0,0,0,0,0,0,0,0
447,1987,11,1987-09-06,Italian Grand Prix,5,24,1,1,1,2,13,1,1,2,3,2,1,16,1,1,3,1,6,1,14,1,1,4,1,3,2,1,1,14,25,4,6,1,27,1,1,2,8,8,2,6,5,14,12,1,1,1,10,2,12,25,10,1,1,10,1,5,1,6,12,2,6,2,7,20,3,27,2,2,2,5,5,6,11,1,0,0,0,0,0,0,0,0,0,0,0,0,0,0,0,0,0,0,0,0,0,0,0,0,0,0,0,0,0,0,0,0,0,0,0,0,0,0,0,0
448,1987,12,1987-09-20,Portuguese Grand Prix,5,24,1,1,1,2,13,1,1,2,3,2,1,16,1,1,3,1,6,1,14,1,1,4,1,3,2,1,1,14,25,4,6,1,27,1,1,2,8,8,2,6,5,14,12,1,1,1,10,2,12,25,10,1,1,10,1,5,1,6,12,2,6,2,7,20,3,28,2,2,2,5,5,6,11,1,0,0,0,0,0,0,0,0,0,0,0,0,0,0,0,0,0,0,0,0,0,0,0,0,0,0,0,0,0,0,0,0,0,0,0,0,0,0,0,0
449,1987,13,1987-09-27,Spanish Grand Prix,5,24,1,1,1,2,13,1,1,2,3,2,1,16,1,1,3,1,6,1,14,1,1,4,1,3,2,1,1,14,25,4,6,1,27,1,1,2,8,8,2,6,5,14,12,1,1,1,10,2,12,25,10,1,1,10,1,5,1,6,12,2,6,2,7,20,3,28,2,2,2,5,5,6,12,1,0,0,0,0,0,0,0,0,0,0,0,0,0,0,0,0,0,0,0,0,0,0,0,0,0,0,0,0,0,0,0,0,0,0,0,0,0,0,0,0
450,1987,14,1987-10-18,Mexican Grand Prix,5,24,1,1,1,2,13,1,1,2,3,2,1,16,1,1,3,1,6,1,14,1,1,4,1,3,2,1,1,14,25,4,6,1,27,1,1,2,8,8,2,6,5,14,12,1,1,1,10,2,12,25,10,1,1,10,1,5,1,6,12,2,6,2,7,20,3,28,2,2,2,5,5,6,13,1,0,0,0,0,0,0,0,0,0,0,0,0,0,0,0,0,0,0,0,0,0,0,0,0,0,0,0,0,0,0,0,0,0,0,0,0,0,0,0,0
451,1987,15,1987-11-01,Japanese Grand Prix,5,24,1,1,1,2,13,1,1,2,3,2,1,16,1,1,3,1,6,1,14,1,1,4,1,3,2,1,1,14,25,4,6,1,27,1,1,2,8,8,2,6,5,14,12,1,1,1,10,2,12,25,10,1,1,10,1,5,1,6,12,2,6,2,7,20,3,28,2,2,2,5,5,6,13,2,0,0,0,0,0,0,0,0,0,0,0,0,0,0,0,0,0,0,0,0,0,0,0,0,0,0,0,0,0,0,0,0,0,0,0,0,0,0,0,0
452,1987,16,1987-11-15,Australian Grand Prix,5,24,1,1,1,2,13,1,1,2,3,2,1,16,1,1,3,1,6,1,14,1,1,4,1,3,2,1,1,14,25,4,6,1,27,1,1,2,8,8,2,6,5,14,12,1,1,1,10,2,12,25,10,1,1,10,1,5,1,6,12,2,6,2,7,20,3,28,2,2,2,5,5,6,13,3,0,0,0,0,0,0,0,0,0,0,0,0,0,0,0,0,0,0,0,0,0,0,0,0,0,0,0,0,0,0,0,0,0,0,0,0,0,0,0,0
453,1988,1,1988-04-03,Brazilian Grand Prix,5,24,1,1,1,2,13,1,1,2,3,2,1,16,1,1,3,1,6,1,14,1,1,4,1,3,2,1,1,14,25,4,6,1,27,1,1,2,8,8,2,6,5,14,12,1,1,1,10,2,12,25,10,1,1,10,1,5,1,6,12,2,6,2,7,20,3,29,2,2,2,5,5,6,13,3,0,0,0,0,0,0,0,0,0,0,0,0,0,0,0,0,0,0,0,0,0,0,0,0,0,0,0,0,0,0,0,0,0,0,0,0,0,0,0,0
454,1988,2,1988-05-01,San Marino Grand Prix,5,24,1,1,1,2,13,1,1,2,3,2,1,16,1,1,3,1,6,1,14,1,1,4,1,3,2,1,1,14,25,4,6,1,27,1,1,2,8,8,2,6,5,14,12,1,1,1,10,2,12,25,10,1,1,10,1,5,1,6,12,2,6,2,7,20,3,29,2,2,2,5,5,7,13,3,0,0,0,0,0,0,0,0,0,0,0,0,0,0,0,0,0,0,0,0,0,0,0,0,0,0,0,0,0,0,0,0,0,0,0,0,0,0,0,0
455,1988,3,1988-05-15,Monaco Grand Prix,5,24,1,1,1,2,13,1,1,2,3,2,1,16,1,1,3,1,6,1,14,1,1,4,1,3,2,1,1,14,25,4,6,1,27,1,1,2,8,8,2,6,5,14,12,1,1,1,10,2,12,25,10,1,1,10,1,5,1,6,12,2,6,2,7,20,3,30,2,2,2,5,5,7,13,3,0,0,0,0,0,0,0,0,0,0,0,0,0,0,0,0,0,0,0,0,0,0,0,0,0,0,0,0,0,0,0,0,0,0,0,0,0,0,0,0
456,1988,4,1988-05-29,Mexican Grand Prix,5,24,1,1,1,2,13,1,1,2,3,2,1,16,1,1,3,1,6,1,14,1,1,4,1,3,2,1,1,14,25,4,6,1,27,1,1,2,8,8,2,6,5,14,12,1,1,1,10,2,12,25,10,1,1,10,1,5,1,6,12,2,6,2,7,20,3,31,2,2,2,5,5,7,13,3,0,0,0,0,0,0,0,0,0,0,0,0,0,0,0,0,0,0,0,0,0,0,0,0,0,0,0,0,0,0,0,0,0,0,0,0,0,0,0,0
457,1988,5,1988-06-12,Canadian Grand Prix,5,24,1,1,1,2,13,1,1,2,3,2,1,16,1,1,3,1,6,1,14,1,1,4,1,3,2,1,1,14,25,4,6,1,27,1,1,2,8,8,2,6,5,14,12,1,1,1,10,2,12,25,10,1,1,10,1,5,1,6,12,2,6,2,7,20,3,31,2,2,2,5,5,8,13,3,0,0,0,0,0,0,0,0,0,0,0,0,0,0,0,0,0,0,0,0,0,0,0,0,0,0,0,0,0,0,0,0,0,0,0,0,0,0,0,0
458,1988,6,1988-06-19,Detroit Grand Prix,5,24,1,1,1,2,13,1,1,2,3,2,1,16,1,1,3,1,6,1,14,1,1,4,1,3,2,1,1,14,25,4,6,1,27,1,1,2,8,8,2,6,5,14,12,1,1,1,10,2,12,25,10,1,1,10,1,5,1,6,12,2,6,2,7,20,3,31,2,2,2,5,5,9,13,3,0,0,0,0,0,0,0,0,0,0,0,0,0,0,0,0,0,0,0,0,0,0,0,0,0,0,0,0,0,0,0,0,0,0,0,0,0,0,0,0
459,1988,7,1988-07-03,French Grand Prix,5,24,1,1,1,2,13,1,1,2,3,2,1,16,1,1,3,1,6,1,14,1,1,4,1,3,2,1,1,14,25,4,6,1,27,1,1,2,8,8,2,6,5,14,12,1,1,1,10,2,12,25,10,1,1,10,1,5,1,6,12,2,6,2,7,20,3,32,2,2,2,5,5,9,13,3,0,0,0,0,0,0,0,0,0,0,0,0,0,0,0,0,0,0,0,0,0,0,0,0,0,0,0,0,0,0,0,0,0,0,0,0,0,0,0,0
460,1988,8,1988-07-10,British Grand Prix,5,24,1,1,1,2,13,1,1,2,3,2,1,16,1,1,3,1,6,1,14,1,1,4,1,3,2,1,1,14,25,4,6,1,27,1,1,2,8,8,2,6,5,14,12,1,1,1,10,2,12,25,10,1,1,10,1,5,1,6,12,2,6,2,7,20,3,32,2,2,2,5,5,10,13,3,0,0,0,0,0,0,0,0,0,0,0,0,0,0,0,0,0,0,0,0,0,0,0,0,0,0,0,0,0,0,0,0,0,0,0,0,0,0,0,0
461,1988,9,1988-07-24,German Grand Prix,5,24,1,1,1,2,13,1,1,2,3,2,1,16,1,1,3,1,6,1,14,1,1,4,1,3,2,1,1,14,25,4,6,1,27,1,1,2,8,8,2,6,5,14,12,1,1,1,10,2,12,25,10,1,1,10,1,5,1,6,12,2,6,2,7,20,3,32,2,2,2,5,5,11,13,3,0,0,0,0,0,0,0,0,0,0,0,0,0,0,0,0,0,0,0,0,0,0,0,0,0,0,0,0,0,0,0,0,0,0,0,0,0,0,0,0
462,1988,10,1988-08-07,Hungarian Grand Prix,5,24,1,1,1,2,13,1,1,2,3,2,1,16,1,1,3,1,6,1,14,1,1,4,1,3,2,1,1,14,25,4,6,1,27,1,1,2,8,8,2,6,5,14,12,1,1,1,10,2,12,25,10,1,1,10,1,5,1,6,12,2,6,2,7,20,3,32,2,2,2,5,5,12,13,3,0,0,0,0,0,0,0,0,0,0,0,0,0,0,0,0,0,0,0,0,0,0,0,0,0,0,0,0,0,0,0,0,0,0,0,0,0,0,0,0
463,1988,11,1988-08-28,Belgian Grand Prix,5,24,1,1,1,2,13,1,1,2,3,2,1,16,1,1,3,1,6,1,14,1,1,4,1,3,2,1,1,14,25,4,6,1,27,1,1,2,8,8,2,6,5,14,12,1,1,1,10,2,12,25,10,1,1,10,1,5,1,6,12,2,6,2,7,20,3,32,2,2,2,5,5,13,13,3,0,0,0,0,0,0,0,0,0,0,0,0,0,0,0,0,0,0,0,0,0,0,0,0,0,0,0,0,0,0,0,0,0,0,0,0,0,0,0,0
464,1988,12,1988-09-11,Italian Grand Prix,5,24,1,1,1,2,13,1,1,2,3,2,1,16,1,1,3,1,6,1,14,1,1,4,1,3,2,1,1,14,25,4,6,1,27,1,1,2,8,8,2,6,5,14,12,1,1,1,10,2,12,25,10,1,1,10,1,5,1,6,12,2,6,2,7,20,3,32,2,2,2,5,5,13,13,4,0,0,0,0,0,0,0,0,0,0,0,0,0,0,0,0,0,0,0,0,0,0,0,0,0,0,0,0,0,0,0,0,0,0,0,0,0,0,0,0
465,1988,13,1988-09-25,Portuguese Grand Prix,5,24,1,1,1,2,13,1,1,2,3,2,1,16,1,1,3,1,6,1,14,1,1,4,1,3,2,1,1,14,25,4,6,1,27,1,1,2,8,8,2,6,5,14,12,1,1,1,10,2,12,25,10,1,1,10,1,5,1,6,12,2,6,2,7,20,3,33,2,2,2,5,5,13,13,4,0,0,0,0,0,0,0,0,0,0,0,0,0,0,0,0,0,0,0,0,0,0,0,0,0,0,0,0,0,0,0,0,0,0,0,0,0,0,0,0
466,1988,14,1988-10-02,Spanish Grand Prix,5,24,1,1,1,2,13,1,1,2,3,2,1,16,1,1,3,1,6,1,14,1,1,4,1,3,2,1,1,14,25,4,6,1,27,1,1,2,8,8,2,6,5,14,12,1,1,1,10,2,12,25,10,1,1,10,1,5,1,6,12,2,6,2,7,20,3,34,2,2,2,5,5,13,13,4,0,0,0,0,0,0,0,0,0,0,0,0,0,0,0,0,0,0,0,0,0,0,0,0,0,0,0,0,0,0,0,0,0,0,0,0,0,0,0,0
467,1988,15,1988-10-30,Japanese Grand Prix,5,24,1,1,1,2,13,1,1,2,3,2,1,16,1,1,3,1,6,1,14,1,1,4,1,3,2,1,1,14,25,4,6,1,27,1,1,2,8,8,2,6,5,14,12,1,1,1,10,2,12,25,10,1,1,10,1,5,1,6,12,2,6,2,7,20,3,34,2,2,2,5,5,14,13,4,0,0,0,0,0,0,0,0,0,0,0,0,0,0,0,0,0,0,0,0,0,0,0,0,0,0,0,0,0,0,0,0,0,0,0,0,0,0,0,0
468,1988,16,1988-11-13,Australian Grand Prix,5,24,1,1,1,2,13,1,1,2,3,2,1,16,1,1,3,1,6,1,14,1,1,4,1,3,2,1,1,14,25,4,6,1,27,1,1,2,8,8,2,6,5,14,12,1,1,1,10,2,12,25,10,1,1,10,1,5,1,6,12,2,6,2,7,20,3,35,2,2,2,5,5,14,13,4,0,0,0,0,0,0,0,0,0,0,0,0,0,0,0,0,0,0,0,0,0,0,0,0,0,0,0,0,0,0,0,0,0,0,0,0,0,0,0,0
469,1989,1,1989-03-26,Brazilian Grand Prix,5,24,1,1,1,2,13,1,1,2,3,2,1,16,1,1,3,1,6,1,14,1,1,4,1,3,2,1,1,14,25,4,6,1,27,1,1,2,8,8,2,6,5,14,12,1,1,1,10,2,12,25,10,1,1,10,1,5,1,6,12,2,6,2,7,20,3,35,2,2,2,5,5,14,14,4,0,0,0,0,0,0,0,0,0,0,0,0,0,0,0,0,0,0,0,0,0,0,0,0,0,0,0,0,0,0,0,0,0,0,0,0,0,0,0,0
470,1989,2,1989-04-23,San Marino Grand Prix,5,24,1,1,1,2,13,1,1,2,3,2,1,16,1,1,3,1,6,1,14,1,1,4,1,3,2,1,1,14,25,4,6,1,27,1,1,2,8,8,2,6,5,14,12,1,1,1,10,2,12,25,10,1,1,10,1,5,1,6,12,2,6,2,7,20,3,35,2,2,2,5,5,15,14,4,0,0,0,0,0,0,0,0,0,0,0,0,0,0,0,0,0,0,0,0,0,0,0,0,0,0,0,0,0,0,0,0,0,0,0,0,0,0,0,0
471,1989,3,1989-05-07,Monaco Grand Prix,5,24,1,1,1,2,13,1,1,2,3,2,1,16,1,1,3,1,6,1,14,1,1,4,1,3,2,1,1,14,25,4,6,1,27,1,1,2,8,8,2,6,5,14,12,1,1,1,10,2,12,25,10,1,1,10,1,5,1,6,12,2,6,2,7,20,3,35,2,2,2,5,5,16,14,4,0,0,0,0,0,0,0,0,0,0,0,0,0,0,0,0,0,0,0,0,0,0,0,0,0,0,0,0,0,0,0,0,0,0,0,0,0,0,0,0
472,1989,4,1989-05-28,Mexican Grand Prix,5,24,1,1,1,2,13,1,1,2,3,2,1,16,1,1,3,1,6,1,14,1,1,4,1,3,2,1,1,14,25,4,6,1,27,1,1,2,8,8,2,6,5,14,12,1,1,1,10,2,12,25,10,1,1,10,1,5,1,6,12,2,6,2,7,20,3,35,2,2,2,5,5,17,14,4,0,0,0,0,0,0,0,0,0,0,0,0,0,0,0,0,0,0,0,0,0,0,0,0,0,0,0,0,0,0,0,0,0,0,0,0,0,0,0,0
473,1989,5,1989-06-04,United States Grand Prix,5,24,1,1,1,2,13,1,1,2,3,2,1,16,1,1,3,1,6,1,14,1,1,4,1,3,2,1,1,14,25,4,6,1,27,1,1,2,8,8,2,6,5,14,12,1,1,1,10,2,12,25,10,1,1,10,1,5,1,6,12,2,6,2,7,20,3,36,2,2,2,5,5,17,14,4,0,0,0,0,0,0,0,0,0,0,0,0,0,0,0,0,0,0,0,0,0,0,0,0,0,0,0,0,0,0,0,0,0,0,0,0,0,0,0,0
474,1989,6,1989-06-18,Canadian Grand Prix,5,24,1,1,1,2,13,1,1,2,3,2,1,16,1,1,3,1,6,1,14,1,1,4,1,3,2,1,1,14,25,4,6,1,27,1,1,2,8,8,2,6,5,14,12,1,1,1,10,2,12,25,10,1,1,10,1,5,1,6,12,2,6,2,7,20,3,36,2,2,2,5,5,17,14,4,1,0,0,0,0,0,0,0,0,0,0,0,0,0,0,0,0,0,0,0,0,0,0,0,0,0,0,0,0,0,0,0,0,0,0,0,0,0,0,0
475,1989,7,1989-07-09,French Grand Prix,5,24,1,1,1,2,13,1,1,2,3,2,1,16,1,1,3,1,6,1,14,1,1,4,1,3,2,1,1,14,25,4,6,1,27,1,1,2,8,8,2,6,5,14,12,1,1,1,10,2,12,25,10,1,1,10,1,5,1,6,12,2,6,2,7,20,3,37,2,2,2,5,5,17,14,4,1,0,0,0,0,0,0,0,0,0,0,0,0,0,0,0,0,0,0,0,0,0,0,0,0,0,0,0,0,0,0,0,0,0,0,0,0,0,0,0
476,1989,8,1989-07-16,British Grand Prix,5,24,1,1,1,2,13,1,1,2,3,2,1,16,1,1,3,1,6,1,14,1,1,4,1,3,2,1,1,14,25,4,6,1,27,1,1,2,8,8,2,6,5,14,12,1,1,1,10,2,12,25,10,1,1,10,1,5,1,6,12,2,6,2,7,20,3,38,2,2,2,5,5,17,14,4,1,0,0,0,0,0,0,0,0,0,0,0,0,0,0,0,0,0,0,0,0,0,0,0,0,0,0,0,0,0,0,0,0,0,0,0,0,0,0,0
477,1989,9,1989-07-30,German Grand Prix,5,24,1,1,1,2,13,1,1,2,3,2,1,16,1,1,3,1,6,1,14,1,1,4,1,3,2,1,1,14,25,4,6,1,27,1,1,2,8,8,2,6,5,14,12,1,1,1,10,2,12,25,10,1,1,10,1,5,1,6,12,2,6,2,7,20,3,38,2,2,2,5,5,18,14,4,1,0,0,0,0,0,0,0,0,0,0,0,0,0,0,0,0,0,0,0,0,0,0,0,0,0,0,0,0,0,0,0,0,0,0,0,0,0,0,0
478,1989,10,1989-08-13,Hungarian Grand Prix,5,24,1,1,1,2,13,1,1,2,3,2,1,16,1,1,3,1,6,1,14,1,1,4,1,3,2,1,1,14,25,4,6,1,27,1,1,2,8,8,2,6,5,14,12,1,1,1,10,2,12,25,10,1,1,10,1,5,1,6,12,2,6,2,7,20,3,38,2,2,2,5,5,18,15,4,1,0,0,0,0,0,0,0,0,0,0,0,0,0,0,0,0,0,0,0,0,0,0,0,0,0,0,0,0,0,0,0,0,0,0,0,0,0,0,0
479,1989,11,1989-08-27,Belgian Grand Prix,5,24,1,1,1,2,13,1,1,2,3,2,1,16,1,1,3,1,6,1,14,1,1,4,1,3,2,1,1,14,25,4,6,1,27,1,1,2,8,8,2,6,5,14,12,1,1,1,10,2,12,25,10,1,1,10,1,5,1,6,12,2,6,2,7,20,3,38,2,2,2,5,5,19,15,4,1,0,0,0,0,0,0,0,0,0,0,0,0,0,0,0,0,0,0,0,0,0,0,0,0,0,0,0,0,0,0,0,0,0,0,0,0,0,0,0
480,1989,12,1989-09-10,Italian Grand Prix,5,24,1,1,1,2,13,1,1,2,3,2,1,16,1,1,3,1,6,1,14,1,1,4,1,3,2,1,1,14,25,4,6,1,27,1,1,2,8,8,2,6,5,14,12,1,1,1,10,2,12,25,10,1,1,10,1,5,1,6,12,2,6,2,7,20,3,39,2,2,2,5,5,19,15,4,1,0,0,0,0,0,0,0,0,0,0,0,0,0,0,0,0,0,0,0,0,0,0,0,0,0,0,0,0,0,0,0,0,0,0,0,0,0,0,0
481,1989,13,1989-09-24,Portuguese Grand Prix,5,24,1,1,1,2,13,1,1,2,3,2,1,16,1,1,3,1,6,1,14,1,1,4,1,3,2,1,1,14,25,4,6,1,27,1,1,2,8,8,2,6,5,14,12,1,1,1,10,2,12,25,10,1,1,10,1,5,1,6,12,2,6,2,7,20,3,39,2,2,2,5,5,19,15,5,1,0,0,0,0,0,0,0,0,0,0,0,0,0,0,0,0,0,0,0,0,0,0,0,0,0,0,0,0,0,0,0,0,0,0,0,0,0,0,0
482,1989,14,1989-10-01,Spanish Grand Prix,5,24,1,1,1,2,13,1,1,2,3,2,1,16,1,1,3,1,6,1,14,1,1,4,1,3,2,1,1,14,25,4,6,1,27,1,1,2,8,8,2,6,5,14,12,1,1,1,10,2,12,25,10,1,1,10,1,5,1,6,12,2,6,2,7,20,3,39,2,2,2,5,5,20,15,5,1,0,0,0,0,0,0,0,0,0,0,0,0,0,0,0,0,0,0,0,0,0,0,0,0,0,0,0,0,0,0,0,0,0,0,0,0,0,0,0
483,1989,15,1989-10-22,Japanese Grand Prix,5,24,1,1,1,2,13,1,1,2,3,2,1,16,1,1,3,1,6,1,14,1,1,4,1,3,2,1,1,14,25,4,6,1,27,1,1,2,8,8,2,6,5,14,12,1,1,1,10,2,12,25,10,1,1,10,1,5,1,6,12,2,6,2,7,20,3,39,2,2,2,5,5,20,15,5,1,1,0,0,0,0,0,0,0,0,0,0,0,0,0,0,0,0,0,0,0,0,0,0,0,0,0,0,0,0,0,0,0,0,0,0,0,0,0,0
484,1989,16,1989-11-05,Australian Grand Prix,5,24,1,1,1,2,13,1,1,2,3,2,1,16,1,1,3,1,6,1,14,1,1,4,1,3,2,1,1,14,25,4,6,1,27,1,1,2,8,8,2,6,5,14,12,1,1,1,10,2,12,25,10,1,1,10,1,5,1,6,12,2,6,2,7,20,3,39,2,2,2,5,5,20,15,5,2,1,0,0,0,0,0,0,0,0,0,0,0,0,0,0,0,0,0,0,0,0,0,0,0,0,0,0,0,0,0,0,0,0,0,0,0,0,0,0
485,1990,1,1990-03-11,United States Grand Prix,5,24,1,1,1,2,13,1,1,2,3,2,1,16,1,1,3,1,6,1,14,1,1,4,1,3,2,1,1,14,25,4,6,1,27,1,1,2,8,8,2,6,5,14,12,1,1,1,10,2,12,25,10,1,1,10,1,5,1,6,12,2,6,2,7,20,3,39,2,2,2,5,5,21,15,5,2,1,0,0,0,0,0,0,0,0,0,0,0,0,0,0,0,0,0,0,0,0,0,0,0,0,0,0,0,0,0,0,0,0,0,0,0,0,0,0
486,1990,2,1990-03-25,Brazilian Grand Prix,5,24,1,1,1,2,13,1,1,2,3,2,1,16,1,1,3,1,6,1,14,1,1,4,1,3,2,1,1,14,25,4,6,1,27,1,1,2,8,8,2,6,5,14,12,1,1,1,10,2,12,25,10,1,1,10,1,5,1,6,12,2,6,2,7,20,3,40,2,2,2,5,5,21,15,5,2,1,0,0,0,0,0,0,0,0,0,0,0,0,0,0,0,0,0,0,0,0,0,0,0,0,0,0,0,0,0,0,0,0,0,0,0,0,0,0
487,1990,3,1990-05-13,San Marino Grand Prix,5,24,1,1,1,2,13,1,1,2,3,2,1,16,1,1,3,1,6,1,14,1,1,4,1,3,2,1,1,14,25,4,6,1,27,1,1,2,8,8,2,6,5,14,12,1,1,1,10,2,12,25,10,1,1,10,1,5,1,6,12,2,6,2,7,20,3,40,3,2,2,5,5,21,15,5,2,1,0,0,0,0,0,0,0,0,0,0,0,0,0,0,0,0,0,0,0,0,0,0,0,0,0,0,0,0,0,0,0,0,0,0,0,0,0,0
488,1990,4,1990-05-27,Monaco Grand Prix,5,24,1,1,1,2,13,1,1,2,3,2,1,16,1,1,3,1,6,1,14,1,1,4,1,3,2,1,1,14,25,4,6,1,27,1,1,2,8,8,2,6,5,14,12,1,1,1,10,2,12,25,10,1,1,10,1,5,1,6,12,2,6,2,7,20,3,40,3,2,2,5,5,22,15,5,2,1,0,0,0,0,0,0,0,0,0,0,0,0,0,0,0,0,0,0,0,0,0,0,0,0,0,0,0,0,0,0,0,0,0,0,0,0,0,0
489,1990,5,1990-06-10,Canadian Grand Prix,5,24,1,1,1,2,13,1,1,2,3,2,1,16,1,1,3,1,6,1,14,1,1,4,1,3,2,1,1,14,25,4,6,1,27,1,1,2,8,8,2,6,5,14,12,1,1,1,10,2,12,25,10,1,1,10,1,5,1,6,12,2,6,2,7,20,3,40,3,2,2,5,5,23,15,5,2,1,0,0,0,0,0,0,0,0,0,0,0,0,0,0,0,0,0,0,0,0,0,0,0,0,0,0,0,0,0,0,0,0,0,0,0,0,0,0
490,1990,6,1990-06-24,Mexican Grand Prix,5,24,1,1,1,2,13,1,1,2,3,2,1,16,1,1,3,1,6,1,14,1,1,4,1,3,2,1,1,14,25,4,6,1,27,1,1,2,8,8,2,6,5,14,12,1,1,1,10,2,12,25,10,1,1,10,1,5,1,6,12,2,6,2,7,20,3,41,3,2,2,5,5,23,15,5,2,1,0,0,0,0,0,0,0,0,0,0,0,0,0,0,0,0,0,0,0,0,0,0,0,0,0,0,0,0,0,0,0,0,0,0,0,0,0,0
491,1990,7,1990-07-08,French Grand Prix,5,24,1,1,1,2,13,1,1,2,3,2,1,16,1,1,3,1,6,1,14,1,1,4,1,3,2,1,1,14,25,4,6,1,27,1,1,2,8,8,2,6,5,14,12,1,1,1,10,2,12,25,10,1,1,10,1,5,1,6,12,2,6,2,7,20,3,42,3,2,2,5,5,23,15,5,2,1,0,0,0,0,0,0,0,0,0,0,0,0,0,0,0,0,0,0,0,0,0,0,0,0,0,0,0,0,0,0,0,0,0,0,0,0,0,0
492,1990,8,1990-07-15,British Grand Prix,5,24,1,1,1,2,13,1,1,2,3,2,1,16,1,1,3,1,6,1,14,1,1,4,1,3,2,1,1,14,25,4,6,1,27,1,1,2,8,8,2,6,5,14,12,1,1,1,10,2,12,25,10,1,1,10,1,5,1,6,12,2,6,2,7,20,3,43,3,2,2,5,5,23,15,5,2,1,0,0,0,0,0,0,0,0,0,0,0,0,0,0,0,0,0,0,0,0,0,0,0,0,0,0,0,0,0,0,0,0,0,0,0,0,0,0
493,1990,9,1990-07-29,German Grand Prix,5,24,1,1,1,2,13,1,1,2,3,2,1,16,1,1,3,1,6,1,14,1,1,4,1,3,2,1,1,14,25,4,6,1,27,1,1,2,8,8,2,6,5,14,12,1,1,1,10,2,12,25,10,1,1,10,1,5,1,6,12,2,6,2,7,20,3,43,3,2,2,5,5,24,15,5,2,1,0,0,0,0,0,0,0,0,0,0,0,0,0,0,0,0,0,0,0,0,0,0,0,0,0,0,0,0,0,0,0,0,0,0,0,0,0,0
494,1990,10,1990-08-12,Hungarian Grand Prix,5,24,1,1,1,2,13,1,1,2,3,2,1,16,1,1,3,1,6,1,14,1,1,4,1,3,2,1,1,14,25,4,6,1,27,1,1,2,8,8,2,6,5,14,12,1,1,1,10,2,12,25,10,1,1,10,1,5,1,6,12,2,6,2,7,20,3,43,3,2,2,5,5,24,15,5,3,1,0,0,0,0,0,0,0,0,0,0,0,0,0,0,0,0,0,0,0,0,0,0,0,0,0,0,0,0,0,0,0,0,0,0,0,0,0,0
495,1990,11,1990-08-26,Belgian Grand Prix,5,24,1,1,1,2,13,1,1,2,3,2,1,16,1,1,3,1,6,1,14,1,1,4,1,3,2,1,1,14,25,4,6,1,27,1,1,2,8,8,2,6,5,14,12,1,1,1,10,2,12,25,10,1,1,10,1,5,1,6,12,2,6,2,7,20,3,43,3,2,2,5,5,25,15,5,3,1,0,0,0,0,0,0,0,0,0,0,0,0,0,0,0,0,0,0,0,0,0,0,0,0,0,0,0,0,0,0,0,0,0,0,0,0,0,0
496,1990,12,1990-09-09,Italian Grand Prix,5,24,1,1,1,2,13,1,1,2,3,2,1,16,1,1,3,1,6,1,14,1,1,4,1,3,2,1,1,14,25,4,6,1,27,1,1,2,8,8,2,6,5,14,12,1,1,1,10,2,12,25,10,1,1,10,1,5,1,6,12,2,6,2,7,20,3,43,3,2,2,5,5,26,15,5,3,1,0,0,0,0,0,0,0,0,0,0,0,0,0,0,0,0,0,0,0,0,0,0,0,0,0,0,0,0,0,0,0,0,0,0,0,0,0,0
497,1990,13,1990-09-23,Portuguese Grand Prix,5,24,1,1,1,2,13,1,1,2,3,2,1,16,1,1,3,1,6,1,14,1,1,4,1,3,2,1,1,14,25,4,6,1,27,1,1,2,8,8,2,6,5,14,12,1,1,1,10,2,12,25,10,1,1,10,1,5,1,6,12,2,6,2,7,20,3,43,3,2,2,5,5,26,16,5,3,1,0,0,0,0,0,0,0,0,0,0,0,0,0,0,0,0,0,0,0,0,0,0,0,0,0,0,0,0,0,0,0,0,0,0,0,0,0,0
498,1990,14,1990-09-30,Spanish Grand Prix,5,24,1,1,1,2,13,1,1,2,3,2,1,16,1,1,3,1,6,1,14,1,1,4,1,3,2,1,1,14,25,4,6,1,27,1,1,2,8,8,2,6,5,14,12,1,1,1,10,2,12,25,10,1,1,10,1,5,1,6,12,2,6,2,7,20,3,44,3,2,2,5,5,26,16,5,3,1,0,0,0,0,0,0,0,0,0,0,0,0,0,0,0,0,0,0,0,0,0,0,0,0,0,0,0,0,0,0,0,0,0,0,0,0,0,0
499,1990,15,1990-10-21,Japanese Grand Prix,5,24,1,1,1,2,13,1,1,2,3,2,1,16,1,1,3,1,6,1,14,1,1,4,1,3,2,1,1,14,25,4,6,1,27,1,1,2,8,8,2,6,5,14,12,1,1,1,10,2,12,25,10,1,1,10,1,5,1,6,12,2,6,2,7,21,3,44,3,2,2,5,5,26,16,5,3,1,0,0,0,0,0,0,0,0,0,0,0,0,0,0,0,0,0,0,0,0,0,0,0,0,0,0,0,0,0,0,0,0,0,0,0,0,0,0
500,1990,16,1990-11-04,Australian Grand Prix,5,24,1,1,1,2,13,1,1,2,3,2,1,16,1,1,3,1,6,1,14,1,1,4,1,3,2,1,1,14,25,4,6,1,27,1,1,2,8,8,2,6,5,14,12,1,1,1,10,2,12,25,10,1,1,10,1,5,1,6,12,2,6,2,7,22,3,44,3,2,2,5,5,26,16,5,3,1,0,0,0,0,0,0,0,0,0,0,0,0,0,0,0,0,0,0,0,0,0,0,0,0,0,0,0,0,0,0,0,0,0,0,0,0,0,0
501,1991,1,1991-03-10,United States Grand Prix,5,24,1,1,1,2,13,1,1,2,3,2,1,16,1,1,3,1,6,1,14,1,1,4,1,3,2,1,1,14,25,4,6,1,27,1,1,2,8,8,2,6,5,14,12,1,1,1,10,2,12,25,10,1,1,10,1,5,1,6,12,2,6,2,7,22,3,44,3,2,2,5,5,27,16,5,3,1,0,0,0,0,0,0,0,0,0,0,0,0,0,0,0,0,0,0,0,0,0,0,0,0,0,0,0,0,0,0,0,0,0,0,0,0,0,0
502,1991,2,1991-03-24,Brazilian Grand Prix,5,24,1,1,1,2,13,1,1,2,3,2,1,16,1,1,3,1,6,1,14,1,1,4,1,3,2,1,1,14,25,4,6,1,27,1,1,2,8,8,2,6,5,14,12,1,1,1,10,2,12,25,10,1,1,10,1,5,1,6,12,2,6,2,7,22,3,44,3,2,2,5,5,28,16,5,3,1,0,0,0,0,0,0,0,0,0,0,0,0,0,0,0,0,0,0,0,0,0,0,0,0,0,0,0,0,0,0,0,0,0,0,0,0,0,0
503,1991,3,1991-04-28,San Marino Grand Prix,5,24,1,1,1,2,13,1,1,2,3,2,1,16,1,1,3,1,6,1,14,1,1,4,1,3,2,1,1,14,25,4,6,1,27,1,1,2,8,8,2,6,5,14,12,1,1,1,10,2,12,25,10,1,1,10,1,5,1,6,12,2,6,2,7,22,3,44,3,2,2,5,5,29,16,5,3,1,0,0,0,0,0,0,0,0,0,0,0,0,0,0,0,0,0,0,0,0,0,0,0,0,0,0,0,0,0,0,0,0,0,0,0,0,0,0
504,1991,4,1991-05-12,Monaco Grand Prix,5,24,1,1,1,2,13,1,1,2,3,2,1,16,1,1,3,1,6,1,14,1,1,4,1,3,2,1,1,14,25,4,6,1,27,1,1,2,8,8,2,6,5,14,12,1,1,1,10,2,12,25,10,1,1,10,1,5,1,6,12,2,6,2,7,22,3,44,3,2,2,5,5,30,16,5,3,1,0,0,0,0,0,0,0,0,0,0,0,0,0,0,0,0,0,0,0,0,0,0,0,0,0,0,0,0,0,0,0,0,0,0,0,0,0,0
505,1991,5,1991-06-02,Canadian Grand Prix,5,24,1,1,1,2,13,1,1,2,3,2,1,16,1,1,3,1,6,1,14,1,1,4,1,3,2,1,1,14,25,4,6,1,27,1,1,2,8,8,2,6,5,14,12,1,1,1,10,2,12,25,10,1,1,10,1,5,1,6,12,2,6,2,7,23,3,44,3,2,2,5,5,30,16,5,3,1,0,0,0,0,0,0,0,0,0,0,0,0,0,0,0,0,0,0,0,0,0,0,0,0,0,0,0,0,0,0,0,0,0,0,0,0,0,0
506,1991,6,1991-06-16,Mexican Grand Prix,5,24,1,1,1,2,13,1,1,2,3,2,1,16,1,1,3,1,6,1,14,1,1,4,1,3,2,1,1,14,25,4,6,1,27,1,1,2,8,8,2,6,5,14,12,1,1,1,10,2,12,25,10,1,1,10,1,5,1,6,12,2,6,2,7,23,3,44,4,2,2,5,5,30,16,5,3,1,0,0,0,0,0,0,0,0,0,0,0,0,0,0,0,0,0,0,0,0,0,0,0,0,0,0,0,0,0,0,0,0,0,0,0,0,0,0
507,1991,7,1991-07-07,French Grand Prix,5,24,1,1,1,2,13,1,1,2,3,2,1,16,1,1,3,1,6,1,14,1,1,4,1,3,2,1,1,14,25,4,6,1,27,1,1,2,8,8,2,6,5,14,12,1,1,1,10,2,12,25,10,1,1,10,1,5,1,6,12,2,6,2,7,23,3,44,4,2,2,5,5,30,17,5,3,1,0,0,0,0,0,0,0,0,0,0,0,0,0,0,0,0,0,0,0,0,0,0,0,0,0,0,0,0,0,0,0,0,0,0,0,0,0,0
508,1991,8,1991-07-14,British Grand Prix,5,24,1,1,1,2,13,1,1,2,3,2,1,16,1,1,3,1,6,1,14,1,1,4,1,3,2,1,1,14,25,4,6,1,27,1,1,2,8,8,2,6,5,14,12,1,1,1,10,2,12,25,10,1,1,10,1,5,1,6,12,2,6,2,7,23,3,44,4,2,2,5,5,30,18,5,3,1,0,0,0,0,0,0,0,0,0,0,0,0,0,0,0,0,0,0,0,0,0,0,0,0,0,0,0,0,0,0,0,0,0,0,0,0,0,0
509,1991,9,1991-07-28,German Grand Prix,5,24,1,1,1,2,13,1,1,2,3,2,1,16,1,1,3,1,6,1,14,1,1,4,1,3,2,1,1,14,25,4,6,1,27,1,1,2,8,8,2,6,5,14,12,1,1,1,10,2,12,25,10,1,1,10,1,5,1,6,12,2,6,2,7,23,3,44,4,2,2,5,5,30,19,5,3,1,0,0,0,0,0,0,0,0,0,0,0,0,0,0,0,0,0,0,0,0,0,0,0,0,0,0,0,0,0,0,0,0,0,0,0,0,0,0
510,1991,10,1991-08-11,Hungarian Grand Prix,5,24,1,1,1,2,13,1,1,2,3,2,1,16,1,1,3,1,6,1,14,1,1,4,1,3,2,1,1,14,25,4,6,1,27,1,1,2,8,8,2,6,5,14,12,1,1,1,10,2,12,25,10,1,1,10,1,5,1,6,12,2,6,2,7,23,3,44,4,2,2,5,5,31,19,5,3,1,0,0,0,0,0,0,0,0,0,0,0,0,0,0,0,0,0,0,0,0,0,0,0,0,0,0,0,0,0,0,0,0,0,0,0,0,0,0
511,1991,11,1991-08-25,Belgian Grand Prix,5,24,1,1,1,2,13,1,1,2,3,2,1,16,1,1,3,1,6,1,14,1,1,4,1,3,2,1,1,14,25,4,6,1,27,1,1,2,8,8,2,6,5,14,12,1,1,1,10,2,12,25,10,1,1,10,1,5,1,6,12,2,6,2,7,23,3,44,4,2,2,5,5,32,19,5,3,1,0,0,0,0,0,0,0,0,0,0,0,0,0,0,0,0,0,0,0,0,0,0,0,0,0,0,0,0,0,0,0,0,0,0,0,0,0,0
512,1991,12,1991-09-08,Italian Grand Prix,5,24,1,1,1,2,13,1,1,2,3,2,1,16,1,1,3,1,6,1,14,1,1,4,1,3,2,1,1,14,25,4,6,1,27,1,1,2,8,8,2,6,5,14,12,1,1,1,10,2,12,25,10,1,1,10,1,5,1,6,12,2,6,2,7,23,3,44,4,2,2,5,5,32,20,5,3,1,0,0,0,0,0,0,0,0,0,0,0,0,0,0,0,0,0,0,0,0,0,0,0,0,0,0,0,0,0,0,0,0,0,0,0,0,0,0
513,1991,13,1991-09-22,Portuguese Grand Prix,5,24,1,1,1,2,13,1,1,2,3,2,1,16,1,1,3,1,6,1,14,1,1,4,1,3,2,1,1,14,25,4,6,1,27,1,1,2,8,8,2,6,5,14,12,1,1,1,10,2,12,25,10,1,1,10,1,5,1,6,12,2,6,2,7,23,3,44,5,2,2,5,5,32,20,5,3,1,0,0,0,0,0,0,0,0,0,0,0,0,0,0,0,0,0,0,0,0,0,0,0,0,0,0,0,0,0,0,0,0,0,0,0,0,0,0
514,1991,14,1991-09-29,Spanish Grand Prix,5,24,1,1,1,2,13,1,1,2,3,2,1,16,1,1,3,1,6,1,14,1,1,4,1,3,2,1,1,14,25,4,6,1,27,1,1,2,8,8,2,6,5,14,12,1,1,1,10,2,12,25,10,1,1,10,1,5,1,6,12,2,6,2,7,23,3,44,5,2,2,5,5,32,21,5,3,1,0,0,0,0,0,0,0,0,0,0,0,0,0,0,0,0,0,0,0,0,0,0,0,0,0,0,0,0,0,0,0,0,0,0,0,0,0,0
515,1991,15,1991-10-20,Japanese Grand Prix,5,24,1,1,1,2,13,1,1,2,3,2,1,16,1,1,3,1,6,1,14,1,1,4,1,3,2,1,1,14,25,4,6,1,27,1,1,2,8,8,2,6,5,14,12,1,1,1,10,2,12,25,10,1,1,10,1,5,1,6,12,2,6,2,7,23,3,44,5,2,2,5,5,32,21,6,3,1,0,0,0,0,0,0,0,0,0,0,0,0,0,0,0,0,0,0,0,0,0,0,0,0,0,0,0,0,0,0,0,0,0,0,0,0,0,0
516,1991,16,1991-11-03,Australian Grand Prix,5,24,1,1,1,2,13,1,1,2,3,2,1,16,1,1,3,1,6,1,14,1,1,4,1,3,2,1,1,14,25,4,6,1,27,1,1,2,8,8,2,6,5,14,12,1,1,1,10,2,12,25,10,1,1,10,1,5,1,6,12,2,6,2,7,23,3,44,5,2,2,5,5,33,21,6,3,1,0,0,0,0,0,0,0,0,0,0,0,0,0,0,0,0,0,0,0,0,0,0,0,0,0,0,0,0,0,0,0,0,0,0,0,0,0,0
517,1992,1,1992-03-01,South African Grand Prix,5,24,1,1,1,2,13,1,1,2,3,2,1,16,1,1,3,1,6,1,14,1,1,4,1,3,2,1,1,14,25,4,6,1,27,1,1,2,8,8,2,6,5,14,12,1,1,1,10,2,12,25,10,1,1,10,1,5,1,6,12,2,6,2,7,23,3,44,5,2,2,5,5,33,22,6,3,1,0,0,0,0,0,0,0,0,0,0,0,0,0,0,0,0,0,0,0,0,0,0,0,0,0,0,0,0,0,0,0,0,0,0,0,0,0,0
518,1992,2,1992-03-22,Mexican Grand Prix,5,24,1,1,1,2,13,1,1,2,3,2,1,16,1,1,3,1,6,1,14,1,1,4,1,3,2,1,1,14,25,4,6,1,27,1,1,2,8,8,2,6,5,14,12,1,1,1,10,2,12,25,10,1,1,10,1,5,1,6,12,2,6,2,7,23,3,44,5,2,2,5,5,33,23,6,3,1,0,0,0,0,0,0,0,0,0,0,0,0,0,0,0,0,0,0,0,0,0,0,0,0,0,0,0,0,0,0,0,0,0,0,0,0,0,0
519,1992,3,1992-04-05,Brazilian Grand Prix,5,24,1,1,1,2,13,1,1,2,3,2,1,16,1,1,3,1,6,1,14,1,1,4,1,3,2,1,1,14,25,4,6,1,27,1,1,2,8,8,2,6,5,14,12,1,1,1,10,2,12,25,10,1,1,10,1,5,1,6,12,2,6,2,7,23,3,44,5,2,2,5,5,33,24,6,3,1,0,0,0,0,0,0,0,0,0,0,0,0,0,0,0,0,0,0,0,0,0,0,0,0,0,0,0,0,0,0,0,0,0,0,0,0,0,0
520,1992,4,1992-05-03,Spanish Grand Prix,5,24,1,1,1,2,13,1,1,2,3,2,1,16,1,1,3,1,6,1,14,1,1,4,1,3,2,1,1,14,25,4,6,1,27,1,1,2,8,8,2,6,5,14,12,1,1,1,10,2,12,25,10,1,1,10,1,5,1,6,12,2,6,2,7,23,3,44,5,2,2,5,5,33,25,6,3,1,0,0,0,0,0,0,0,0,0,0,0,0,0,0,0,0,0,0,0,0,0,0,0,0,0,0,0,0,0,0,0,0,0,0,0,0,0,0
521,1992,5,1992-05-17,San Marino Grand Prix,5,24,1,1,1,2,13,1,1,2,3,2,1,16,1,1,3,1,6,1,14,1,1,4,1,3,2,1,1,14,25,4,6,1,27,1,1,2,8,8,2,6,5,14,12,1,1,1,10,2,12,25,10,1,1,10,1,5,1,6,12,2,6,2,7,23,3,44,5,2,2,5,5,33,26,6,3,1,0,0,0,0,0,0,0,0,0,0,0,0,0,0,0,0,0,0,0,0,0,0,0,0,0,0,0,0,0,0,0,0,0,0,0,0,0,0
522,1992,6,1992-05-31,Monaco Grand Prix,5,24,1,1,1,2,13,1,1,2,3,2,1,16,1,1,3,1,6,1,14,1,1,4,1,3,2,1,1,14,25,4,6,1,27,1,1,2,8,8,2,6,5,14,12,1,1,1,10,2,12,25,10,1,1,10,1,5,1,6,12,2,6,2,7,23,3,44,5,2,2,5,5,34,26,6,3,1,0,0,0,0,0,0,0,0,0,0,0,0,0,0,0,0,0,0,0,0,0,0,0,0,0,0,0,0,0,0,0,0,0,0,0,0,0,0
523,1992,7,1992-06-14,Canadian Grand Prix,5,24,1,1,1,2,13,1,1,2,3,2,1,16,1,1,3,1,6,1,14,1,1,4,1,3,2,1,1,14,25,4,6,1,27,1,1,2,8,8,2,6,5,14,12,1,1,1,10,2,12,25,10,1,1,10,1,5,1,6,12,2,6,2,7,23,3,44,5,2,2,5,5,34,26,7,3,1,0,0,0,0,0,0,0,0,0,0,0,0,0,0,0,0,0,0,0,0,0,0,0,0,0,0,0,0,0,0,0,0,0,0,0,0,0,0
524,1992,8,1992-07-05,French Grand Prix,5,24,1,1,1,2,13,1,1,2,3,2,1,16,1,1,3,1,6,1,14,1,1,4,1,3,2,1,1,14,25,4,6,1,27,1,1,2,8,8,2,6,5,14,12,1,1,1,10,2,12,25,10,1,1,10,1,5,1,6,12,2,6,2,7,23,3,44,5,2,2,5,5,34,27,7,3,1,0,0,0,0,0,0,0,0,0,0,0,0,0,0,0,0,0,0,0,0,0,0,0,0,0,0,0,0,0,0,0,0,0,0,0,0,0,0
525,1992,9,1992-07-12,British Grand Prix,5,24,1,1,1,2,13,1,1,2,3,2,1,16,1,1,3,1,6,1,14,1,1,4,1,3,2,1,1,14,25,4,6,1,27,1,1,2,8,8,2,6,5,14,12,1,1,1,10,2,12,25,10,1,1,10,1,5,1,6,12,2,6,2,7,23,3,44,5,2,2,5,5,34,28,7,3,1,0,0,0,0,0,0,0,0,0,0,0,0,0,0,0,0,0,0,0,0,0,0,0,0,0,0,0,0,0,0,0,0,0,0,0,0,0,0
526,1992,10,1992-07-26,German Grand Prix,5,24,1,1,1,2,13,1,1,2,3,2,1,16,1,1,3,1,6,1,14,1,1,4,1,3,2,1,1,14,25,4,6,1,27,1,1,2,8,8,2,6,5,14,12,1,1,1,10,2,12,25,10,1,1,10,1,5,1,6,12,2,6,2,7,23,3,44,5,2,2,5,5,34,29,7,3,1,0,0,0,0,0,0,0,0,0,0,0,0,0,0,0,0,0,0,0,0,0,0,0,0,0,0,0,0,0,0,0,0,0,0,0,0,0,0
527,1992,11,1992-08-16,Hungarian Grand Prix,5,24,1,1,1,2,13,1,1,2,3,2,1,16,1,1,3,1,6,1,14,1,1,4,1,3,2,1,1,14,25,4,6,1,27,1,1,2,8,8,2,6,5,14,12,1,1,1,10,2,12,25,10,1,1,10,1,5,1,6,12,2,6,2,7,23,3,44,5,2,2,5,5,35,29,7,3,1,0,0,0,0,0,0,0,0,0,0,0,0,0,0,0,0,0,0,0,0,0,0,0,0,0,0,0,0,0,0,0,0,0,0,0,0,0,0
528,1992,12,1992-08-30,Belgian Grand Prix,5,24,1,1,1,2,13,1,1,2,3,2,1,16,1,1,3,1,6,1,14,1,1,4,1,3,2,1,1,14,25,4,6,1,27,1,1,2,8,8,2,6,5,14,12,1,1,1,10,2,12,25,10,1,1,10,1,5,1,6,12,2,6,2,7,23,3,44,5,2,2,5,5,35,29,7,3,1,1,0,0,0,0,0,0,0,0,0,0,0,0,0,0,0,0,0,0,0,0,0,0,0,0,0,0,0,0,0,0,0,0,0,0,0,0,0
529,1992,13,1992-09-13,Italian Grand Prix,5,24,1,1,1,2,13,1,1,2,3,2,1,16,1,1,3,1,6,1,14,1,1,4,1,3,2,1,1,14,25,4,6,1,27,1,1,2,8,8,2,6,5,14,12,1,1,1,10,2,12,25,10,1,1,10,1,5,1,6,12,2,6,2,7,23,3,44,5,2,2,5,5,36,29,7,3,1,1,0,0,0,0,0,0,0,0,0,0,0,0,0,0,0,0,0,0,0,0,0,0,0,0,0,0,0,0,0,0,0,0,0,0,0,0,0
530,1992,14,1992-09-27,Portuguese Grand Prix,5,24,1,1,1,2,13,1,1,2,3,2,1,16,1,1,3,1,6,1,14,1,1,4,1,3,2,1,1,14,25,4,6,1,27,1,1,2,8,8,2,6,5,14,12,1,1,1,10,2,12,25,10,1,1,10,1,5,1,6,12,2,6,2,7,23,3,44,5,2,2,5,5,36,30,7,3,1,1,0,0,0,0,0,0,0,0,0,0,0,0,0,0,0,0,0,0,0,0,0,0,0,0,0,0,0,0,0,0,0,0,0,0,0,0,0
531,1992,15,1992-10-25,Japanese Grand Prix,5,24,1,1,1,2,13,1,1,2,3,2,1,16,1,1,3,1,6,1,14,1,1,4,1,3,2,1,1,14,25,4,6,1,27,1,1,2,8,8,2,6,5,14,12,1,1,1,10,2,12,25,10,1,1,10,1,5,1,6,12,2,6,2,7,23,3,44,6,2,2,5,5,36,30,7,3,1,1,0,0,0,0,0,0,0,0,0,0,0,0,0,0,0,0,0,0,0,0,0,0,0,0,0,0,0,0,0,0,0,0,0,0,0,0,0
532,1992,16,1992-11-08,Australian Grand Prix,5,24,1,1,1,2,13,1,1,2,3,2,1,16,1,1,3,1,6,1,14,1,1,4,1,3,2,1,1,14,25,4,6,1,27,1,1,2,8,8,2,6,5,14,12,1,1,1,10,2,12,25,10,1,1,10,1,5,1,6,12,2,6,2,7,23,3,44,6,2,2,5,5,36,30,8,3,1,1,0,0,0,0,0,0,0,0,0,0,0,0,0,0,0,0,0,0,0,0,0,0,0,0,0,0,0,0,0,0,0,0,0,0,0,0,0
533,1993,1,1993-03-14,South African Grand Prix,5,24,1,1,1,2,13,1,1,2,3,2,1,16,1,1,3,1,6,1,14,1,1,4,1,3,2,1,1,14,25,4,6,1,27,1,1,2,8,8,2,6,5,14,12,1,1,1,10,2,12,25,10,1,1,10,1,5,1,6,12,2,6,2,7,23,3,45,6,2,2,5,5,36,30,8,3,1,1,0,0,0,0,0,0,0,0,0,0,0,0,0,0,0,0,0,0,0,0,0,0,0,0,0,0,0,0,0,0,0,0,0,0,0,0,0
534,1993,2,1993-03-28,Brazilian Grand Prix,5,24,1,1,1,2,13,1,1,2,3,2,1,16,1,1,3,1,6,1,14,1,1,4,1,3,2,1,1,14,25,4,6,1,27,1,1,2,8,8,2,6,5,14,12,1,1,1,10,2,12,25,10,1,1,10,1,5,1,6,12,2,6,2,7,23,3,45,6,2,2,5,5,37,30,8,3,1,1,0,0,0,0,0,0,0,0,0,0,0,0,0,0,0,0,0,0,0,0,0,0,0,0,0,0,0,0,0,0,0,0,0,0,0,0,0
535,1993,3,1993-04-11,European Grand Prix,5,24,1,1,1,2,13,1,1,2,3,2,1,16,1,1,3,1,6,1,14,1,1,4,1,3,2,1,1,14,25,4,6,1,27,1,1,2,8,8,2,6,5,14,12,1,1,1,10,2,12,25,10,1,1,10,1,5,1,6,12,2,6,2,7,23,3,45,6,2,2,5,5,38,30,8,3,1,1,0,0,0,0,0,0,0,0,0,0,0,0,0,0,0,0,0,0,0,0,0,0,0,0,0,0,0,0,0,0,0,0,0,0,0,0,0
536,1993,4,1993-04-25,San Marino Grand Prix,5,24,1,1,1,2,13,1,1,2,3,2,1,16,1,1,3,1,6,1,14,1,1,4,1,3,2,1,1,14,25,4,6,1,27,1,1,2,8,8,2,6,5,14,12,1,1,1,10,2,12,25,10,1,1,10,1,5,1,6,12,2,6,2,7,23,3,46,6,2,2,5,5,38,30,8,3,1,1,0,0,0,0,0,0,0,0,0,0,0,0,0,0,0,0,0,0,0,0,0,0,0,0,0,0,0,0,0,0,0,0,0,0,0,0,0
537,1993,5,1993-05-09,Spanish Grand Prix,5,24,1,1,1,2,13,1,1,2,3,2,1,16,1,1,3,1,6,1,14,1,1,4,1,3,2,1,1,14,25,4,6,1,27,1,1,2,8,8,2,6,5,14,12,1,1,1,10,2,12,25,10,1,1,10,1,5,1,6,12,2,6,2,7,23,3,47,6,2,2,5,5,38,30,8,3,1,1,0,0,0,0,0,0,0,0,0,0,0,0,0,0,0,0,0,0,0,0,0,0,0,0,0,0,0,0,0,0,0,0,0,0,0,0,0
538,1993,6,1993-05-23,Monaco Grand Prix,5,24,1,1,1,2,13,1,1,2,3,2,1,16,1,1,3,1,6,1,14,1,1,4,1,3,2,1,1,14,25,4,6,1,27,1,1,2,8,8,2,6,5,14,12,1,1,1,10,2,12,25,10,1,1,10,1,5,1,6,12,2,6,2,7,23,3,47,6,2,2,5,5,39,30,8,3,1,1,0,0,0,0,0,0,0,0,0,0,0,0,0,0,0,0,0,0,0,0,0,0,0,0,0,0,0,0,0,0,0,0,0,0,0,0,0
539,1993,7,1993-06-13,Canadian Grand Prix,5,24,1,1,1,2,13,1,1,2,3,2,1,16,1,1,3,1,6,1,14,1,1,4,1,3,2,1,1,14,25,4,6,1,27,1,1,2,8,8,2,6,5,14,12,1,1,1,10,2,12,25,10,1,1,10,1,5,1,6,12,2,6,2,7,23,3,48,6,2,2,5,5,39,30,8,3,1,1,0,0,0,0,0,0,0,0,0,0,0,0,0,0,0,0,0,0,0,0,0,0,0,0,0,0,0,0,0,0,0,0,0,0,0,0,0
540,1993,8,1993-07-04,French Grand Prix,5,24,1,1,1,2,13,1,1,2,3,2,1,16,1,1,3,1,6,1,14,1,1,4,1,3,2,1,1,14,25,4,6,1,27,1,1,2,8,8,2,6,5,14,12,1,1,1,10,2,12,25,10,1,1,10,1,5,1,6,12,2,6,2,7,23,3,49,6,2,2,5,5,39,30,8,3,1,1,0,0,0,0,0,0,0,0,0,0,0,0,0,0,0,0,0,0,0,0,0,0,0,0,0,0,0,0,0,0,0,0,0,0,0,0,0
541,1993,9,1993-07-11,British Grand Prix,5,24,1,1,1,2,13,1,1,2,3,2,1,16,1,1,3,1,6,1,14,1,1,4,1,3,2,1,1,14,25,4,6,1,27,1,1,2,8,8,2,6,5,14,12,1,1,1,10,2,12,25,10,1,1,10,1,5,1,6,12,2,6,2,7,23,3,50,6,2,2,5,5,39,30,8,3,1,1,0,0,0,0,0,0,0,0,0,0,0,0,0,0,0,0,0,0,0,0,0,0,0,0,0,0,0,0,0,0,0,0,0,0,0,0,0
542,1993,10,1993-07-25,German Grand Prix,5,24,1,1,1,2,13,1,1,2,3,2,1,16,1,1,3,1,6,1,14,1,1,4,1,3,2,1,1,14,25,4,6,1,27,1,1,2,8,8,2,6,5,14,12,1,1,1,10,2,12,25,10,1,1,10,1,5,1,6,12,2,6,2,7,23,3,51,6,2,2,5,5,39,30,8,3,1,1,0,0,0,0,0,0,0,0,0,0,0,0,0,0,0,0,0,0,0,0,0,0,0,0,0,0,0,0,0,0,0,0,0,0,0,0,0
543,1993,11,1993-08-15,Hungarian Grand Prix,5,24,1,1,1,2,13,1,1,2,3,2,1,16,1,1,3,1,6,1,14,1,1,4,1,3,2,1,1,14,25,4,6,1,27,1,1,2,8,8,2,6,5,14,12,1,1,1,10,2,12,25,10,1,1,10,1,5,1,6,12,2,6,2,7,23,3,51,6,2,2,5,5,39,30,8,3,1,1,1,0,0,0,0,0,0,0,0,0,0,0,0,0,0,0,0,0,0,0,0,0,0,0,0,0,0,0,0,0,0,0,0,0,0,0,0
544,1993,12,1993-08-29,Belgian Grand Prix,5,24,1,1,1,2,13,1,1,2,3,2,1,16,1,1,3,1,6,1,14,1,1,4,1,3,2,1,1,14,25,4,6,1,27,1,1,2,8,8,2,6,5,14,12,1,1,1,10,2,12,25,10,1,1,10,1,5,1,6,12,2,6,2,7,23,3,51,6,2,2,5,5,39,30,8,3,1,1,2,0,0,0,0,0,0,0,0,0,0,0,0,0,0,0,0,0,0,0,0,0,0,0,0,0,0,0,0,0,0,0,0,0,0,0,0
545,1993,13,1993-09-12,Italian Grand Prix,5,24,1,1,1,2,13,1,1,2,3,2,1,16,1,1,3,1,6,1,14,1,1,4,1,3,2,1,1,14,25,4,6,1,27,1,1,2,8,8,2,6,5,14,12,1,1,1,10,2,12,25,10,1,1,10,1,5,1,6,12,2,6,2,7,23,3,51,6,2,2,5,5,39,30,8,3,1,1,3,0,0,0,0,0,0,0,0,0,0,0,0,0,0,0,0,0,0,0,0,0,0,0,0,0,0,0,0,0,0,0,0,0,0,0,0
546,1993,14,1993-09-26,Portuguese Grand Prix,5,24,1,1,1,2,13,1,1,2,3,2,1,16,1,1,3,1,6,1,14,1,1,4,1,3,2,1,1,14,25,4,6,1,27,1,1,2,8,8,2,6,5,14,12,1,1,1,10,2,12,25,10,1,1,10,1,5,1,6,12,2,6,2,7,23,3,51,6,2,2,5,5,39,30,8,3,1,2,3,0,0,0,0,0,0,0,0,0,0,0,0,0,0,0,0,0,0,0,0,0,0,0,0,0,0,0,0,0,0,0,0,0,0,0,0
547,1993,15,1993-10-24,Japanese Grand Prix,5,24,1,1,1,2,13,1,1,2,3,2,1,16,1,1,3,1,6,1,14,1,1,4,1,3,2,1,1,14,25,4,6,1,27,1,1,2,8,8,2,6,5,14,12,1,1,1,10,2,12,25,10,1,1,10,1,5,1,6,12,2,6,2,7,23,3,51,6,2,2,5,5,40,30,8,3,1,2,3,0,0,0,0,0,0,0,0,0,0,0,0,0,0,0,0,0,0,0,0,0,0,0,0,0,0,0,0,0,0,0,0,0,0,0,0
548,1993,16,1993-11-07,Australian Grand Prix,5,24,1,1,1,2,13,1,1,2,3,2,1,16,1,1,3,1,6,1,14,1,1,4,1,3,2,1,1,14,25,4,6,1,27,1,1,2,8,8,2,6,5,14,12,1,1,1,10,2,12,25,10,1,1,10,1,5,1,6,12,2,6,2,7,23,3,51,6,2,2,5,5,41,30,8,3,1,2,3,0,0,0,0,0,0,0,0,0,0,0,0,0,0,0,0,0,0,0,0,0,0,0,0,0,0,0,0,0,0,0,0,0,0,0,0
549,1994,1,1994-03-27,Brazilian Grand Prix,5,24,1,1,1,2,13,1,1,2,3,2,1,16,1,1,3,1,6,1,14,1,1,4,1,3,2,1,1,14,25,4,6,1,27,1,1,2,8,8,2,6,5,14,12,1,1,1,10,2,12,25,10,1,1,10,1,5,1,6,12,2,6,2,7,23,3,51,6,2,2,5,5,41,30,8,3,1,3,3,0,0,0,0,0,0,0,0,0,0,0,0,0,0,0,0,0,0,0,0,0,0,0,0,0,0,0,0,0,0,0,0,0,0,0,0
550,1994,2,1994-04-17,Pacific Grand Prix,5,24,1,1,1,2,13,1,1,2,3,2,1,16,1,1,3,1,6,1,14,1,1,4,1,3,2,1,1,14,25,4,6,1,27,1,1,2,8,8,2,6,5,14,12,1,1,1,10,2,12,25,10,1,1,10,1,5,1,6,12,2,6,2,7,23,3,51,6,2,2,5,5,41,30,8,3,1,4,3,0,0,0,0,0,0,0,0,0,0,0,0,0,0,0,0,0,0,0,0,0,0,0,0,0,0,0,0,0,0,0,0,0,0,0,0
551,1994,3,1994-05-01,San Marino Grand Prix,5,24,1,1,1,2,13,1,1,2,3,2,1,16,1,1,3,1,6,1,14,1,1,4,1,3,2,1,1,14,25,4,6,1,27,1,1,2,8,8,2,6,5,14,12,1,1,1,10,2,12,25,10,1,1,10,1,5,1,6,12,2,6,2,7,23,3,51,6,2,2,5,5,41,30,8,3,1,5,3,0,0,0,0,0,0,0,0,0,0,0,0,0,0,0,0,0,0,0,0,0,0,0,0,0,0,0,0,0,0,0,0,0,0,0,0
552,1994,4,1994-05-15,Monaco Grand Prix,5,24,1,1,1,2,13,1,1,2,3,2,1,16,1,1,3,1,6,1,14,1,1,4,1,3,2,1,1,14,25,4,6,1,27,1,1,2,8,8,2,6,5,14,12,1,1,1,10,2,12,25,10,1,1,10,1,5,1,6,12,2,6,2,7,23,3,51,6,2,2,5,5,41,30,8,3,1,6,3,0,0,0,0,0,0,0,0,0,0,0,0,0,0,0,0,0,0,0,0,0,0,0,0,0,0,0,0,0,0,0,0,0,0,0,0
553,1994,5,1994-05-29,Spanish Grand Prix,5,24,1,1,1,2,13,1,1,2,3,2,1,16,1,1,3,1,6,1,14,1,1,4,1,3,2,1,1,14,25,4,6,1,27,1,1,2,8,8,2,6,5,14,12,1,1,1,10,2,12,25,10,1,1,10,1,5,1,6,12,2,6,2,7,23,3,51,6,2,2,5,5,41,30,8,3,1,6,4,0,0,0,0,0,0,0,0,0,0,0,0,0,0,0,0,0,0,0,0,0,0,0,0,0,0,0,0,0,0,0,0,0,0,0,0
554,1994,6,1994-06-12,Canadian Grand Prix,5,24,1,1,1,2,13,1,1,2,3,2,1,16,1,1,3,1,6,1,14,1,1,4,1,3,2,1,1,14,25,4,6,1,27,1,1,2,8,8,2,6,5,14,12,1,1,1,10,2,12,25,10,1,1,10,1,5,1,6,12,2,6,2,7,23,3,51,6,2,2,5,5,41,30,8,3,1,7,4,0,0,0,0,0,0,0,0,0,0,0,0,0,0,0,0,0,0,0,0,0,0,0,0,0,0,0,0,0,0,0,0,0,0,0,0
555,1994,7,1994-07-03,French Grand Prix,5,24,1,1,1,2,13,1,1,2,3,2,1,16,1,1,3,1,6,1,14,1,1,4,1,3,2,1,1,14,25,4,6,1,27,1,1,2,8,8,2,6,5,14,12,1,1,1,10,2,12,25,10,1,1,10,1,5,1,6,12,2,6,2,7,23,3,51,6,2,2,5,5,41,30,8,3,1,8,4,0,0,0,0,0,0,0,0,0,0,0,0,0,0,0,0,0,0,0,0,0,0,0,0,0,0,0,0,0,0,0,0,0,0,0,0
556,1994,8,1994-07-10,British Grand Prix,5,24,1,1,1,2,13,1,1,2,3,2,1,16,1,1,3,1,6,1,14,1,1,4,1,3,2,1,1,14,25,4,6,1,27,1,1,2,8,8,2,6,5,14,12,1,1,1,10,2,12,25,10,1,1,10,1,5,1,6,12,2,6,2,7,23,3,51,6,2,2,5,5,41,30,8,3,1,8,5,0,0,0,0,0,0,0,0,0,0,0,0,0,0,0,0,0,0,0,0,0,0,0,0,0,0,0,0,0,0,0,0,0,0,0,0
557,1994,9,1994-07-31,German Grand Prix,5,24,1,1,1,2,13,1,1,2,3,2,1,16,1,1,3,1,6,1,14,1,1,4,1,3,2,1,1,14,25,4,6,1,27,1,1,2,8,8,2,6,5,14,12,1,1,1,10,2,12,25,10,1,1,10,1,5,1,6,12,2,6,2,7,23,3,51,6,2,2,5,5,41,30,9,3,1,8,5,0,0,0,0,0,0,0,0,0,0,0,0,0,0,0,0,0,0,0,0,0,0,0,0,0,0,0,0,0,0,0,0,0,0,0,0
558,1994,10,1994-08-14,Hungarian Grand Prix,5,24,1,1,1,2,13,1,1,2,3,2,1,16,1,1,3,1,6,1,14,1,1,4,1,3,2,1,1,14,25,4,6,1,27,1,1,2,8,8,2,6,5,14,12,1,1,1,10,2,12,25,10,1,1,10,1,5,1,6,12,2,6,2,7,23,3,51,6,2,2,5,5,41,30,9,3,1,9,5,0,0,0,0,0,0,0,0,0,0,0,0,0,0,0,0,0,0,0,0,0,0,0,0,0,0,0,0,0,0,0,0,0,0,0,0
559,1994,11,1994-08-28,Belgian Grand Prix,5,24,1,1,1,2,13,1,1,2,3,2,1,16,1,1,3,1,6,1,14,1,1,4,1,3,2,1,1,14,25,4,6,1,27,1,1,2,8,8,2,6,5,14,12,1,1,1,10,2,12,25,10,1,1,10,1,5,1,6,12,2,6,2,7,23,3,51,6,2,2,5,5,41,30,9,3,1,9,6,0,0,0,0,0,0,0,0,0,0,0,0,0,0,0,0,0,0,0,0,0,0,0,0,0,0,0,0,0,0,0,0,0,0,0,0
560,1994,12,1994-09-11,Italian Grand Prix,5,24,1,1,1,2,13,1,1,2,3,2,1,16,1,1,3,1,6,1,14,1,1,4,1,3,2,1,1,14,25,4,6,1,27,1,1,2,8,8,2,6,5,14,12,1,1,1,10,2,12,25,10,1,1,10,1,5,1,6,12,2,6,2,7,23,3,51,6,2,2,5,5,41,30,9,3,1,9,7,0,0,0,0,0,0,0,0,0,0,0,0,0,0,0,0,0,0,0,0,0,0,0,0,0,0,0,0,0,0,0,0,0,0,0,0
561,1994,13,1994-09-25,Portuguese Grand Prix,5,24,1,1,1,2,13,1,1,2,3,2,1,16,1,1,3,1,6,1,14,1,1,4,1,3,2,1,1,14,25,4,6,1,27,1,1,2,8,8,2,6,5,14,12,1,1,1,10,2,12,25,10,1,1,10,1,5,1,6,12,2,6,2,7,23,3,51,6,2,2,5,5,41,30,9,3,1,9,8,0,0,0,0,0,0,0,0,0,0,0,0,0,0,0,0,0,0,0,0,0,0,0,0,0,0,0,0,0,0,0,0,0,0,0,0
562,1994,14,1994-10-16,European Grand Prix,5,24,1,1,1,2,13,1,1,2,3,2,1,16,1,1,3,1,6,1,14,1,1,4,1,3,2,1,1,14,25,4,6,1,27,1,1,2,8,8,2,6,5,14,12,1,1,1,10,2,12,25,10,1,1,10,1,5,1,6,12,2,6,2,7,23,3,51,6,2,2,5,5,41,30,9,3,1,10,8,0,0,0,0,0,0,0,0,0,0,0,0,0,0,0,0,0,0,0,0,0,0,0,0,0,0,0,0,0,0,0,0,0,0,0,0
563,1994,15,1994-11-06,Japanese Grand Prix,5,24,1,1,1,2,13,1,1,2,3,2,1,16,1,1,3,1,6,1,14,1,1,4,1,3,2,1,1,14,25,4,6,1,27,1,1,2,8,8,2,6,5,14,12,1,1,1,10,2,12,25,10,1,1,10,1,5,1,6,12,2,6,2,7,23,3,51,6,2,2,5,5,41,30,9,3,1,10,9,0,0,0,0,0,0,0,0,0,0,0,0,0,0,0,0,0,0,0,0,0,0,0,0,0,0,0,0,0,0,0,0,0,0,0,0
564,1994,16,1994-11-13,Australian Grand Prix,5,24,1,1,1,2,13,1,1,2,3,2,1,16,1,1,3,1,6,1,14,1,1,4,1,3,2,1,1,14,25,4,6,1,27,1,1,2,8,8,2,6,5,14,12,1,1,1,10,2,12,25,10,1,1,10,1,5,1,6,12,2,6,2,7,23,3,51,6,2,2,5,5,41,31,9,3,1,10,9,0,0,0,0,0,0,0,0,0,0,0,0,0,0,0,0,0,0,0,0,0,0,0,0,0,0,0,0,0,0,0,0,0,0,0,0
565,1995,1,1995-03-26,Brazilian Grand Prix,5,24,1,1,1,2,13,1,1,2,3,2,1,16,1,1,3,1,6,1,14,1,1,4,1,3,2,1,1,14,25,4,6,1,27,1,1,2,8,8,2,6,5,14,12,1,1,1,10,2,12,25,10,1,1,10,1,5,1,6,12,2,6,2,7,23,3,51,6,2,2,5,5,41,31,9,3,1,11,9,0,0,0,0,0,0,0,0,0,0,0,0,0,0,0,0,0,0,0,0,0,0,0,0,0,0,0,0,0,0,0,0,0,0,0,0
566,1995,2,1995-04-09,Argentine Grand Prix,5,24,1,1,1,2,13,1,1,2,3,2,1,16,1,1,3,1,6,1,14,1,1,4,1,3,2,1,1,14,25,4,6,1,27,1,1,2,8,8,2,6,5,14,12,1,1,1,10,2,12,25,10,1,1,10,1,5,1,6,12,2,6,2,7,23,3,51,6,2,2,5,5,41,31,9,3,1,11,10,0,0,0,0,0,0,0,0,0,0,0,0,0,0,0,0,0,0,0,0,0,0,0,0,0,0,0,0,0,0,0,0,0,0,0,0
567,1995,3,1995-04-30,San Marino Grand Prix,5,24,1,1,1,2,13,1,1,2,3,2,1,16,1,1,3,1,6,1,14,1,1,4,1,3,2,1,1,14,25,4,6,1,27,1,1,2,8,8,2,6,5,14,12,1,1,1,10,2,12,25,10,1,1,10,1,5,1,6,12,2,6,2,7,23,3,51,6,2,2,5,5,41,31,9,3,1,11,11,0,0,0,0,0,0,0,0,0,0,0,0,0,0,0,0,0,0,0,0,0,0,0,0,0,0,0,0,0,0,0,0,0,0,0,0
568,1995,4,1995-05-14,Spanish Grand Prix,5,24,1,1,1,2,13,1,1,2,3,2,1,16,1,1,3,1,6,1,14,1,1,4,1,3,2,1,1,14,25,4,6,1,27,1,1,2,8,8,2,6,5,14,12,1,1,1,10,2,12,25,10,1,1,10,1,5,1,6,12,2,6,2,7,23,3,51,6,2,2,5,5,41,31,9,3,1,12,11,0,0,0,0,0,0,0,0,0,0,0,0,0,0,0,0,0,0,0,0,0,0,0,0,0,0,0,0,0,0,0,0,0,0,0,0
569,1995,5,1995-05-28,Monaco Grand Prix,5,24,1,1,1,2,13,1,1,2,3,2,1,16,1,1,3,1,6,1,14,1,1,4,1,3,2,1,1,14,25,4,6,1,27,1,1,2,8,8,2,6,5,14,12,1,1,1,10,2,12,25,10,1,1,10,1,5,1,6,12,2,6,2,7,23,3,51,6,2,2,5,5,41,31,9,3,1,13,11,0,0,0,0,0,0,0,0,0,0,0,0,0,0,0,0,0,0,0,0,0,0,0,0,0,0,0,0,0,0,0,0,0,0,0,0
570,1995,6,1995-06-11,Canadian Grand Prix,5,24,1,1,1,2,13,1,1,2,3,2,1,16,1,1,3,1,6,1,14,1,1,4,1,3,2,1,1,14,25,4,6,1,27,1,1,2,8,8,2,6,5,14,12,1,1,1,10,2,12,25,10,1,1,10,1,5,1,6,12,2,6,2,7,23,3,51,6,2,2,5,5,41,31,9,3,1,13,11,1,0,0,0,0,0,0,0,0,0,0,0,0,0,0,0,0,0,0,0,0,0,0,0,0,0,0,0,0,0,0,0,0,0,0,0
571,1995,7,1995-07-02,French Grand Prix,5,24,1,1,1,2,13,1,1,2,3,2,1,16,1,1,3,1,6,1,14,1,1,4,1,3,2,1,1,14,25,4,6,1,27,1,1,2,8,8,2,6,5,14,12,1,1,1,10,2,12,25,10,1,1,10,1,5,1,6,12,2,6,2,7,23,3,51,6,2,2,5,5,41,31,9,3,1,14,11,1,0,0,0,0,0,0,0,0,0,0,0,0,0,0,0,0,0,0,0,0,0,0,0,0,0,0,0,0,0,0,0,0,0,0,0
572,1995,8,1995-07-16,British Grand Prix,5,24,1,1,1,2,13,1,1,2,3,2,1,16,1,1,3,1,6,1,14,1,1,4,1,3,2,1,1,14,25,4,6,1,27,1,1,2,8,8,2,6,5,14,12,1,1,1,10,2,12,25,10,1,1,10,1,5,1,6,12,2,6,2,7,23,3,51,6,2,2,5,5,41,31,9,3,1,14,11,1,1,0,0,0,0,0,0,0,0,0,0,0,0,0,0,0,0,0,0,0,0,0,0,0,0,0,0,0,0,0,0,0,0,0,0
573,1995,9,1995-07-30,German Grand Prix,5,24,1,1,1,2,13,1,1,2,3,2,1,16,1,1,3,1,6,1,14,1,1,4,1,3,2,1,1,14,25,4,6,1,27,1,1,2,8,8,2,6,5,14,12,1,1,1,10,2,12,25,10,1,1,10,1,5,1,6,12,2,6,2,7,23,3,51,6,2,2,5,5,41,31,9,3,1,15,11,1,1,0,0,0,0,0,0,0,0,0,0,0,0,0,0,0,0,0,0,0,0,0,0,0,0,0,0,0,0,0,0,0,0,0,0
574,1995,10,1995-08-13,Hungarian Grand Prix,5,24,1,1,1,2,13,1,1,2,3,2,1,16,1,1,3,1,6,1,14,1,1,4,1,3,2,1,1,14,25,4,6,1,27,1,1,2,8,8,2,6,5,14,12,1,1,1,10,2,12,25,10,1,1,10,1,5,1,6,12,2,6,2,7,23,3,51,6,2,2,5,5,41,31,9,3,1,15,12,1,1,0,0,0,0,0,0,0,0,0,0,0,0,0,0,0,0,0,0,0,0,0,0,0,0,0,0,0,0,0,0,0,0,0,0
575,1995,11,1995-08-27,Belgian Grand Prix,5,24,1,1,1,2,13,1,1,2,3,2,1,16,1,1,3,1,6,1,14,1,1,4,1,3,2,1,1,14,25,4,6,1,27,1,1,2,8,8,2,6,5,14,12,1,1,1,10,2,12,25,10,1,1,10,1,5,1,6,12,2,6,2,7,23,3,51,6,2,2,5,5,41,31,9,3,1,16,12,1,1,0,0,0,0,0,0,0,0,0,0,0,0,0,0,0,0,0,0,0,0,0,0,0,0,0,0,0,0,0,0,0,0,0,0
576,1995,12,1995-09-10,Italian Grand Prix,5,24,1,1,1,2,13,1,1,2,3,2,1,16,1,1,3,1,6,1,14,1,1,4,1,3,2,1,1,14,25,4,6,1,27,1,1,2,8,8,2,6,5,14,12,1,1,1,10,2,12,25,10,1,1,10,1,5,1,6,12,2,6,2,7,23,3,51,6,2,2,5,5,41,31,9,3,1,16,12,1,2,0,0,0,0,0,0,0,0,0,0,0,0,0,0,0,0,0,0,0,0,0,0,0,0,0,0,0,0,0,0,0,0,0,0
577,1995,13,1995-09-24,Portuguese Grand Prix,5,24,1,1,1,2,13,1,1,2,3,2,1,16,1,1,3,1,6,1,14,1,1,4,1,3,2,1,1,14,25,4,6,1,27,1,1,2,8,8,2,6,5,14,12,1,1,1,10,2,12,25,10,1,1,10,1,5,1,6,12,2,6,2,7,23,3,51,6,2,2,5,5,41,31,9,3,1,16,12,1,2,1,0,0,0,0,0,0,0,0,0,0,0,0,0,0,0,0,0,0,0,0,0,0,0,0,0,0,0,0,0,0,0,0,0
578,1995,14,1995-10-01,European Grand Prix,5,24,1,1,1,2,13,1,1,2,3,2,1,16,1,1,3,1,6,1,14,1,1,4,1,3,2,1,1,14,25,4,6,1,27,1,1,2,8,8,2,6,5,14,12,1,1,1,10,2,12,25,10,1,1,10,1,5,1,6,12,2,6,2,7,23,3,51,6,2,2,5,5,41,31,9,3,1,17,12,1,2,1,0,0,0,0,0,0,0,0,0,0,0,0,0,0,0,0,0,0,0,0,0,0,0,0,0,0,0,0,0,0,0,0,0
579,1995,15,1995-10-22,Pacific Grand Prix,5,24,1,1,1,2,13,1,1,2,3,2,1,16,1,1,3,1,6,1,14,1,1,4,1,3,2,1,1,14,25,4,6,1,27,1,1,2,8,8,2,6,5,14,12,1,1,1,10,2,12,25,10,1,1,10,1,5,1,6,12,2,6,2,7,23,3,51,6,2,2,5,5,41,31,9,3,1,18,12,1,2,1,0,0,0,0,0,0,0,0,0,0,0,0,0,0,0,0,0,0,0,0,0,0,0,0,0,0,0,0,0,0,0,0,0
580,1995,16,1995-10-29,Japanese Grand Prix,5,24,1,1,1,2,13,1,1,2,3,2,1,16,1,1,3,1,6,1,14,1,1,4,1,3,2,1,1,14,25,4,6,1,27,1,1,2,8,8,2,6,5,14,12,1,1,1,10,2,12,25,10,1,1,10,1,5,1,6,12,2,6,2,7,23,3,51,6,2,2,5,5,41,31,9,3,1,19,12,1,2,1,0,0,0,0,0,0,0,0,0,0,0,0,0,0,0,0,0,0,0,0,0,0,0,0,0,0,0,0,0,0,0,0,0
581,1995,17,1995-11-12,Australian Grand Prix,5,24,1,1,1,2,13,1,1,2,3,2,1,16,1,1,3,1,6,1,14,1,1,4,1,3,2,1,1,14,25,4,6,1,27,1,1,2,8,8,2,6,5,14,12,1,1,1,10,2,12,25,10,1,1,10,1,5,1,6,12,2,6,2,7,23,3,51,6,2,2,5,5,41,31,9,3,1,19,13,1,2,1,0,0,0,0,0,0,0,0,0,0,0,0,0,0,0,0,0,0,0,0,0,0,0,0,0,0,0,0,0,0,0,0,0
582,1996,1,1996-03-10,Australian Grand Prix,5,24,1,1,1,2,13,1,1,2,3,2,1,16,1,1,3,1,6,1,14,1,1,4,1,3,2,1,1,14,25,4,6,1,27,1,1,2,8,8,2,6,5,14,12,1,1,1,10,2,12,25,10,1,1,10,1,5,1,6,12,2,6,2,7,23,3,51,6,2,2,5,5,41,31,9,3,1,19,14,1,2,1,0,0,0,0,0,0,0,0,0,0,0,0,0,0,0,0,0,0,0,0,0,0,0,0,0,0,0,0,0,0,0,0,0
583,1996,2,1996-03-31,Brazilian Grand Prix,5,24,1,1,1,2,13,1,1,2,3,2,1,16,1,1,3,1,6,1,14,1,1,4,1,3,2,1,1,14,25,4,6,1,27,1,1,2,8,8,2,6,5,14,12,1,1,1,10,2,12,25,10,1,1,10,1,5,1,6,12,2,6,2,7,23,3,51,6,2,2,5,5,41,31,9,3,1,19,15,1,2,1,0,0,0,0,0,0,0,0,0,0,0,0,0,0,0,0,0,0,0,0,0,0,0,0,0,0,0,0,0,0,0,0,0
584,1996,3,1996-04-07,Argentine Grand Prix,5,24,1,1,1,2,13,1,1,2,3,2,1,16,1,1,3,1,6,1,14,1,1,4,1,3,2,1,1,14,25,4,6,1,27,1,1,2,8,8,2,6,5,14,12,1,1,1,10,2,12,25,10,1,1,10,1,5,1,6,12,2,6,2,7,23,3,51,6,2,2,5,5,41,31,9,3,1,19,16,1,2,1,0,0,0,0,0,0,0,0,0,0,0,0,0,0,0,0,0,0,0,0,0,0,0,0,0,0,0,0,0,0,0,0,0
585,1996,4,1996-04-28,European Grand Prix,5,24,1,1,1,2,13,1,1,2,3,2,1,16,1,1,3,1,6,1,14,1,1,4,1,3,2,1,1,14,25,4,6,1,27,1,1,2,8,8,2,6,5,14,12,1,1,1,10,2,12,25,10,1,1,10,1,5,1,6,12,2,6,2,7,23,3,51,6,2,2,5,5,41,31,9,3,1,19,16,1,2,1,1,0,0,0,0,0,0,0,0,0,0,0,0,0,0,0,0,0,0,0,0,0,0,0,0,0,0,0,0,0,0,0,0
586,1996,5,1996-05-05,San Marino Grand Prix,5,24,1,1,1,2,13,1,1,2,3,2,1,16,1,1,3,1,6,1,14,1,1,4,1,3,2,1,1,14,25,4,6,1,27,1,1,2,8,8,2,6,5,14,12,1,1,1,10,2,12,25,10,1,1,10,1,5,1,6,12,2,6,2,7,23,3,51,6,2,2,5,5,41,31,9,3,1,19,17,1,2,1,1,0,0,0,0,0,0,0,0,0,0,0,0,0,0,0,0,0,0,0,0,0,0,0,0,0,0,0,0,0,0,0,0
587,1996,6,1996-05-19,Monaco Grand Prix,5,24,1,1,1,2,13,1,1,2,3,2,1,16,1,1,3,1,6,1,14,1,1,4,1,3,2,1,1,14,25,4,6,1,27,1,1,2,8,8,2,6,5,14,12,1,1,1,10,2,12,25,10,1,1,10,1,5,1,6,12,2,6,2,7,23,3,51,6,2,2,5,5,41,31,9,3,1,19,17,1,2,1,1,1,0,0,0,0,0,0,0,0,0,0,0,0,0,0,0,0,0,0,0,0,0,0,0,0,0,0,0,0,0,0,0
588,1996,7,1996-06-02,Spanish Grand Prix,5,24,1,1,1,2,13,1,1,2,3,2,1,16,1,1,3,1,6,1,14,1,1,4,1,3,2,1,1,14,25,4,6,1,27,1,1,2,8,8,2,6,5,14,12,1,1,1,10,2,12,25,10,1,1,10,1,5,1,6,12,2,6,2,7,23,3,51,6,2,2,5,5,41,31,9,3,1,20,17,1,2,1,1,1,0,0,0,0,0,0,0,0,0,0,0,0,0,0,0,0,0,0,0,0,0,0,0,0,0,0,0,0,0,0,0
589,1996,8,1996-06-16,Canadian Grand Prix,5,24,1,1,1,2,13,1,1,2,3,2,1,16,1,1,3,1,6,1,14,1,1,4,1,3,2,1,1,14,25,4,6,1,27,1,1,2,8,8,2,6,5,14,12,1,1,1,10,2,12,25,10,1,1,10,1,5,1,6,12,2,6,2,7,23,3,51,6,2,2,5,5,41,31,9,3,1,20,18,1,2,1,1,1,0,0,0,0,0,0,0,0,0,0,0,0,0,0,0,0,0,0,0,0,0,0,0,0,0,0,0,0,0,0,0
590,1996,9,1996-06-30,French Grand Prix,5,24,1,1,1,2,13,1,1,2,3,2,1,16,1,1,3,1,6,1,14,1,1,4,1,3,2,1,1,14,25,4,6,1,27,1,1,2,8,8,2,6,5,14,12,1,1,1,10,2,12,25,10,1,1,10,1,5,1,6,12,2,6,2,7,23,3,51,6,2,2,5,5,41,31,9,3,1,20,19,1,2,1,1,1,0,0,0,0,0,0,0,0,0,0,0,0,0,0,0,0,0,0,0,0,0,0,0,0,0,0,0,0,0,0,0
591,1996,10,1996-07-14,British Grand Prix,5,24,1,1,1,2,13,1,1,2,3,2,1,16,1,1,3,1,6,1,14,1,1,4,1,3,2,1,1,14,25,4,6,1,27,1,1,2,8,8,2,6,5,14,12,1,1,1,10,2,12,25,10,1,1,10,1,5,1,6,12,2,6,2,7,23,3,51,6,2,2,5,5,41,31,9,3,1,20,19,1,2,1,2,1,0,0,0,0,0,0,0,0,0,0,0,0,0,0,0,0,0,0,0,0,0,0,0,0,0,0,0,0,0,0,0
592,1996,11,1996-07-28,German Grand Prix,5,24,1,1,1,2,13,1,1,2,3,2,1,16,1,1,3,1,6,1,14,1,1,4,1,3,2,1,1,14,25,4,6,1,27,1,1,2,8,8,2,6,5,14,12,1,1,1,10,2,12,25,10,1,1,10,1,5,1,6,12,2,6,2,7,23,3,51,6,2,2,5,5,41,31,9,3,1,20,20,1,2,1,2,1,0,0,0,0,0,0,0,0,0,0,0,0,0,0,0,0,0,0,0,0,0,0,0,0,0,0,0,0,0,0,0
593,1996,12,1996-08-11,Hungarian Grand Prix,5,24,1,1,1,2,13,1,1,2,3,2,1,16,1,1,3,1,6,1,14,1,1,4,1,3,2,1,1,14,25,4,6,1,27,1,1,2,8,8,2,6,5,14,12,1,1,1,10,2,12,25,10,1,1,10,1,5,1,6,12,2,6,2,7,23,3,51,6,2,2,5,5,41,31,9,3,1,20,20,1,2,1,3,1,0,0,0,0,0,0,0,0,0,0,0,0,0,0,0,0,0,0,0,0,0,0,0,0,0,0,0,0,0,0,0
594,1996,13,1996-08-25,Belgian Grand Prix,5,24,1,1,1,2,13,1,1,2,3,2,1,16,1,1,3,1,6,1,14,1,1,4,1,3,2,1,1,14,25,4,6,1,27,1,1,2,8,8,2,6,5,14,12,1,1,1,10,2,12,25,10,1,1,10,1,5,1,6,12,2,6,2,7,23,3,51,6,2,2,5,5,41,31,9,3,1,21,20,1,2,1,3,1,0,0,0,0,0,0,0,0,0,0,0,0,0,0,0,0,0,0,0,0,0,0,0,0,0,0,0,0,0,0,0
595,1996,14,1996-09-08,Italian Grand Prix,5,24,1,1,1,2,13,1,1,2,3,2,1,16,1,1,3,1,6,1,14,1,1,4,1,3,2,1,1,14,25,4,6,1,27,1,1,2,8,8,2,6,5,14,12,1,1,1,10,2,12,25,10,1,1,10,1,5,1,6,12,2,6,2,7,23,3,51,6,2,2,5,5,41,31,9,3,1,22,20,1,2,1,3,1,0,0,0,0,0,0,0,0,0,0,0,0,0,0,0,0,0,0,0,0,0,0,0,0,0,0,0,0,0,0,0
596,1996,15,1996-09-22,Portuguese Grand Prix,5,24,1,1,1,2,13,1,1,2,3,2,1,16,1,1,3,1,6,1,14,1,1,4,1,3,2,1,1,14,25,4,6,1,27,1,1,2,8,8,2,6,5,14,12,1,1,1,10,2,12,25,10,1,1,10,1,5,1,6,12,2,6,2,7,23,3,51,6,2,2,5,5,41,31,9,3,1,22,20,1,2,1,4,1,0,0,0,0,0,0,0,0,0,0,0,0,0,0,0,0,0,0,0,0,0,0,0,0,0,0,0,0,0,0,0
597,1996,16,1996-10-13,Japanese Grand Prix,5,24,1,1,1,2,13,1,1,2,3,2,1,16,1,1,3,1,6,1,14,1,1,4,1,3,2,1,1,14,25,4,6,1,27,1,1,2,8,8,2,6,5,14,12,1,1,1,10,2,12,25,10,1,1,10,1,5,1,6,12,2,6,2,7,23,3,51,6,2,2,5,5,41,31,9,3,1,22,21,1,2,1,4,1,0,0,0,0,0,0,0,0,0,0,0,0,0,0,0,0,0,0,0,0,0,0,0,0,0,0,0,0,0,0,0
598,1997,1,1997-03-09,Australian Grand Prix,5,24,1,1,1,2,13,1,1,2,3,2,1,16,1,1,3,1,6,1,14,1,1,4,1,3,2,1,1,14,25,4,6,1,27,1,1,2,8,8,2,6,5,14,12,1,1,1,10,2,12,25,10,1,1,10,1,5,1,6,12,2,6,2,7,23,3,51,6,2,2,5,5,41,31,9,3,1,22,21,1,2,2,4,1,0,0,0,0,0,0,0,0,0,0,0,0,0,0,0,0,0,0,0,0,0,0,0,0,0,0,0,0,0,0,0
599,1997,2,1997-03-30,Brazilian Grand Prix,5,24,1,1,1,2,13,1,1,2,3,2,1,16,1,1,3,1,6,1,14,1,1,4,1,3,2,1,1,14,25,4,6,1,27,1,1,2,8,8,2,6,5,14,12,1,1,1,10,2,12,25,10,1,1,10,1,5,1,6,12,2,6,2,7,23,3,51,6,2,2,5,5,41,31,9,3,1,22,21,1,2,2,5,1,0,0,0,0,0,0,0,0,0,0,0,0,0,0,0,0,0,0,0,0,0,0,0,0,0,0,0,0,0,0,0
600,1997,3,1997-04-13,Argentine Grand Prix,5,24,1,1,1,2,13,1,1,2,3,2,1,16,1,1,3,1,6,1,14,1,1,4,1,3,2,1,1,14,25,4,6,1,27,1,1,2,8,8,2,6,5,14,12,1,1,1,10,2,12,25,10,1,1,10,1,5,1,6,12,2,6,2,7,23,3,51,6,2,2,5,5,41,31,9,3,1,22,21,1,2,2,6,1,0,0,0,0,0,0,0,0,0,0,0,0,0,0,0,0,0,0,0,0,0,0,0,0,0,0,0,0,0,0,0
601,1997,4,1997-04-27,San Marino Grand Prix,5,24,1,1,1,2,13,1,1,2,3,2,1,16,1,1,3,1,6,1,14,1,1,4,1,3,2,1,1,14,25,4,6,1,27,1,1,2,8,8,2,6,5,14,12,1,1,1,10,2,12,25,10,1,1,10,1,5,1,6,12,2,6,2,7,23,3,51,6,2,2,5,5,41,31,9,3,1,22,21,1,2,2,6,1,1,0,0,0,0,0,0,0,0,0,0,0,0,0,0,0,0,0,0,0,0,0,0,0,0,0,0,0,0,0,0
602,1997,5,1997-05-11,Monaco Grand Prix,5,24,1,1,1,2,13,1,1,2,3,2,1,16,1,1,3,1,6,1,14,1,1,4,1,3,2,1,1,14,25,4,6,1,27,1,1,2,8,8,2,6,5,14,12,1,1,1,10,2,12,25,10,1,1,10,1,5,1,6,12,2,6,2,7,23,3,51,6,2,2,5,5,41,31,9,3,1,23,21,1,2,2,6,1,1,0,0,0,0,0,0,0,0,0,0,0,0,0,0,0,0,0,0,0,0,0,0,0,0,0,0,0,0,0,0
603,1997,6,1997-05-25,Spanish Grand Prix,5,24,1,1,1,2,13,1,1,2,3,2,1,16,1,1,3,1,6,1,14,1,1,4,1,3,2,1,1,14,25,4,6,1,27,1,1,2,8,8,2,6,5,14,12,1,1,1,10,2,12,25,10,1,1,10,1,5,1,6,12,2,6,2,7,23,3,51,6,2,2,5,5,41,31,9,3,1,23,21,1,2,2,7,1,1,0,0,0,0,0,0,0,0,0,0,0,0,0,0,0,0,0,0,0,0,0,0,0,0,0,0,0,0,0,0
604,1997,7,1997-06-15,Canadian Grand Prix,5,24,1,1,1,2,13,1,1,2,3,2,1,16,1,1,3,1,6,1,14,1,1,4,1,3,2,1,1,14,25,4,6,1,27,1,1,2,8,8,2,6,5,14,12,1,1,1,10,2,12,25,10,1,1,10,1,5,1,6,12,2,6,2,7,23,3,51,6,2,2,5,5,41,31,9,3,1,24,21,1,2,2,7,1,1,0,0,0,0,0,0,0,0,0,0,0,0,0,0,0,0,0,0,0,0,0,0,0,0,0,0,0,0,0,0
605,1997,8,1997-06-29,French Grand Prix,5,24,1,1,1,2,13,1,1,2,3,2,1,16,1,1,3,1,6,1,14,1,1,4,1,3,2,1,1,14,25,4,6,1,27,1,1,2,8,8,2,6,5,14,12,1,1,1,10,2,12,25,10,1,1,10,1,5,1,6,12,2,6,2,7,23,3,51,6,2,2,5,5,41,31,9,3,1,25,21,1,2,2,7,1,1,0,0,0,0,0,0,0,0,0,0,0,0,0,0,0,0,0,0,0,0,0,0,0,0,0,0,0,0,0,0
606,1997,9,1997-07-13,British Grand Prix,5,24,1,1,1,2,13,1,1,2,3,2,1,16,1,1,3,1,6,1,14,1,1,4,1,3,2,1,1,14,25,4,6,1,27,1,1,2,8,8,2,6,5,14,12,1,1,1,10,2,12,25,10,1,1,10,1,5,1,6,12,2,6,2,7,23,3,51,6,2,2,5,5,41,31,9,3,1,25,21,1,2,2,8,1,1,0,0,0,0,0,0,0,0,0,0,0,0,0,0,0,0,0,0,0,0,0,0,0,0,0,0,0,0,0,0
607,1997,10,1997-07-27,German Grand Prix,5,24,1,1,1,2,13,1,1,2,3,2,1,16,1,1,3,1,6,1,14,1,1,4,1,3,2,1,1,14,25,4,6,1,27,1,1,2,8,8,2,6,5,14,12,1,1,1,10,2,12,25,10,1,1,10,1,5,1,6,12,2,6,2,7,23,3,51,6,2,2,5,5,41,31,10,3,1,25,21,1,2,2,8,1,1,0,0,0,0,0,0,0,0,0,0,0,0,0,0,0,0,0,0,0,0,0,0,0,0,0,0,0,0,0,0
608,1997,11,1997-08-10,Hungarian Grand Prix,5,24,1,1,1,2,13,1,1,2,3,2,1,16,1,1,3,1,6,1,14,1,1,4,1,3,2,1,1,14,25,4,6,1,27,1,1,2,8,8,2,6,5,14,12,1,1,1,10,2,12,25,10,1,1,10,1,5,1,6,12,2,6,2,7,23,3,51,6,2,2,5,5,41,31,10,3,1,25,21,1,2,2,9,1,1,0,0,0,0,0,0,0,0,0,0,0,0,0,0,0,0,0,0,0,0,0,0,0,0,0,0,0,0,0,0
609,1997,12,1997-08-24,Belgian Grand Prix,5,24,1,1,1,2,13,1,1,2,3,2,1,16,1,1,3,1,6,1,14,1,1,4,1,3,2,1,1,14,25,4,6,1,27,1,1,2,8,8,2,6,5,14,12,1,1,1,10,2,12,25,10,1,1,10,1,5,1,6,12,2,6,2,7,23,3,51,6,2,2,5,5,41,31,10,3,1,26,21,1,2,2,9,1,1,0,0,0,0,0,0,0,0,0,0,0,0,0,0,0,0,0,0,0,0,0,0,0,0,0,0,0,0,0,0
610,1997,13,1997-09-07,Italian Grand Prix,5,24,1,1,1,2,13,1,1,2,3,2,1,16,1,1,3,1,6,1,14,1,1,4,1,3,2,1,1,14,25,4,6,1,27,1,1,2,8,8,2,6,5,14,12,1,1,1,10,2,12,25,10,1,1,10,1,5,1,6,12,2,6,2,7,23,3,51,6,2,2,5,5,41,31,10,3,1,26,21,1,2,3,9,1,1,0,0,0,0,0,0,0,0,0,0,0,0,0,0,0,0,0,0,0,0,0,0,0,0,0,0,0,0,0,0
611,1997,14,1997-09-21,Austrian Grand Prix,5,24,1,1,1,2,13,1,1,2,3,2,1,16,1,1,3,1,6,1,14,1,1,4,1,3,2,1,1,14,25,4,6,1,27,1,1,2,8,8,2,6,5,14,12,1,1,1,10,2,12,25,10,1,1,10,1,5,1,6,12,2,6,2,7,23,3,51,6,2,2,5,5,41,31,10,3,1,26,21,1,2,3,10,1,1,0,0,0,0,0,0,0,0,0,0,0,0,0,0,0,0,0,0,0,0,0,0,0,0,0,0,0,0,0,0
612,1997,15,1997-09-28,Luxembourg Grand Prix,5,24,1,1,1,2,13,1,1,2,3,2,1,16,1,1,3,1,6,1,14,1,1,4,1,3,2,1,1,14,25,4,6,1,27,1,1,2,8,8,2,6,5,14,12,1,1,1,10,2,12,25,10,1,1,10,1,5,1,6,12,2,6,2,7,23,3,51,6,2,2,5,5,41,31,10,3,1,26,21,1,2,3,11,1,1,0,0,0,0,0,0,0,0,0,0,0,0,0,0,0,0,0,0,0,0,0,0,0,0,0,0,0,0,0,0
613,1997,16,1997-10-12,Japanese Grand Prix,5,24,1,1,1,2,13,1,1,2,3,2,1,16,1,1,3,1,6,1,14,1,1,4,1,3,2,1,1,14,25,4,6,1,27,1,1,2,8,8,2,6,5,14,12,1,1,1,10,2,12,25,10,1,1,10,1,5,1,6,12,2,6,2,7,23,3,51,6,2,2,5,5,41,31,10,3,1,27,21,1,2,3,11,1,1,0,0,0,0,0,0,0,0,0,0,0,0,0,0,0,0,0,0,0,0,0,0,0,0,0,0,0,0,0,0
614,1997,17,1997-10-26,European Grand Prix,5,24,1,1,1,2,13,1,1,2,3,2,1,16,1,1,3,1,6,1,14,1,1,4,1,3,2,1,1,14,25,4,6,1,27,1,1,2,8,8,2,6,5,14,12,1,1,1,10,2,12,25,10,1,1,10,1,5,1,6,12,2,6,2,7,23,3,51,6,2,2,5,5,41,31,10,3,1,27,21,1,2,3,11,1,1,1,0,0,0,0,0,0,0,0,0,0,0,0,0,0,0,0,0,0,0,0,0,0,0,0,0,0,0,0,0
615,1998,1,1998-03-08,Australian Grand Prix,5,24,1,1,1,2,13,1,1,2,3,2,1,16,1,1,3,1,6,1,14,1,1,4,1,3,2,1,1,14,25,4,6,1,27,1,1,2,8,8,2,6,5,14,12,1,1,1,10,2,12,25,10,1,1,10,1,5,1,6,12,2,6,2,7,23,3,51,6,2,2,5,5,41,31,10,3,1,27,21,1,2,3,11,1,1,2,0,0,0,0,0,0,0,0,0,0,0,0,0,0,0,0,0,0,0,0,0,0,0,0,0,0,0,0,0
616,1998,2,1998-03-29,Brazilian Grand Prix,5,24,1,1,1,2,13,1,1,2,3,2,1,16,1,1,3,1,6,1,14,1,1,4,1,3,2,1,1,14,25,4,6,1,27,1,1,2,8,8,2,6,5,14,12,1,1,1,10,2,12,25,10,1,1,10,1,5,1,6,12,2,6,2,7,23,3,51,6,2,2,5,5,41,31,10,3,1,27,21,1,2,3,11,1,1,3,0,0,0,0,0,0,0,0,0,0,0,0,0,0,0,0,0,0,0,0,0,0,0,0,0,0,0,0,0
617,1998,3,1998-04-12,Argentine Grand Prix,5,24,1,1,1,2,13,1,1,2,3,2,1,16,1,1,3,1,6,1,14,1,1,4,1,3,2,1,1,14,25,4,6,1,27,1,1,2,8,8,2,6,5,14,12,1,1,1,10,2,12,25,10,1,1,10,1,5,1,6,12,2,6,2,7,23,3,51,6,2,2,5,5,41,31,10,3,1,28,21,1,2,3,11,1,1,3,0,0,0,0,0,0,0,0,0,0,0,0,0,0,0,0,0,0,0,0,0,0,0,0,0,0,0,0,0
618,1998,4,1998-04-26,San Marino Grand Prix,5,24,1,1,1,2,13,1,1,2,3,2,1,16,1,1,3,1,6,1,14,1,1,4,1,3,2,1,1,14,25,4,6,1,27,1,1,2,8,8,2,6,5,14,12,1,1,1,10,2,12,25,10,1,1,10,1,5,1,6,12,2,6,2,7,23,3,51,6,2,2,5,5,41,31,10,3,1,28,21,1,2,4,11,1,1,3,0,0,0,0,0,0,0,0,0,0,0,0,0,0,0,0,0,0,0,0,0,0,0,0,0,0,0,0,0
619,1998,5,1998-05-10,Spanish Grand Prix,5,24,1,1,1,2,13,1,1,2,3,2,1,16,1,1,3,1,6,1,14,1,1,4,1,3,2,1,1,14,25,4,6,1,27,1,1,2,8,8,2,6,5,14,12,1,1,1,10,2,12,25,10,1,1,10,1,5,1,6,12,2,6,2,7,23,3,51,6,2,2,5,5,41,31,10,3,1,28,21,1,2,4,11,1,1,4,0,0,0,0,0,0,0,0,0,0,0,0,0,0,0,0,0,0,0,0,0,0,0,0,0,0,0,0,0
620,1998,6,1998-05-24,Monaco Grand Prix,5,24,1,1,1,2,13,1,1,2,3,2,1,16,1,1,3,1,6,1,14,1,1,4,1,3,2,1,1,14,25,4,6,1,27,1,1,2,8,8,2,6,5,14,12,1,1,1,10,2,12,25,10,1,1,10,1,5,1,6,12,2,6,2,7,23,3,51,6,2,2,5,5,41,31,10,3,1,28,21,1,2,4,11,1,1,5,0,0,0,0,0,0,0,0,0,0,0,0,0,0,0,0,0,0,0,0,0,0,0,0,0,0,0,0,0
621,1998,7,1998-06-07,Canadian Grand Prix,5,24,1,1,1,2,13,1,1,2,3,2,1,16,1,1,3,1,6,1,14,1,1,4,1,3,2,1,1,14,25,4,6,1,27,1,1,2,8,8,2,6,5,14,12,1,1,1,10,2,12,25,10,1,1,10,1,5,1,6,12,2,6,2,7,23,3,51,6,2,2,5,5,41,31,10,3,1,29,21,1,2,4,11,1,1,5,0,0,0,0,0,0,0,0,0,0,0,0,0,0,0,0,0,0,0,0,0,0,0,0,0,0,0,0,0
622,1998,8,1998-06-28,French Grand Prix,5,24,1,1,1,2,13,1,1,2,3,2,1,16,1,1,3,1,6,1,14,1,1,4,1,3,2,1,1,14,25,4,6,1,27,1,1,2,8,8,2,6,5,14,12,1,1,1,10,2,12,25,10,1,1,10,1,5,1,6,12,2,6,2,7,23,3,51,6,2,2,5,5,41,31,10,3,1,30,21,1,2,4,11,1,1,5,0,0,0,0,0,0,0,0,0,0,0,0,0,0,0,0,0,0,0,0,0,0,0,0,0,0,0,0,0
623,1998,9,1998-07-12,British Grand Prix,5,24,1,1,1,2,13,1,1,2,3,2,1,16,1,1,3,1,6,1,14,1,1,4,1,3,2,1,1,14,25,4,6,1,27,1,1,2,8,8,2,6,5,14,12,1,1,1,10,2,12,25,10,1,1,10,1,5,1,6,12,2,6,2,7,23,3,51,6,2,2,5,5,41,31,10,3,1,31,21,1,2,4,11,1,1,5,0,0,0,0,0,0,0,0,0,0,0,0,0,0,0,0,0,0,0,0,0,0,0,0,0,0,0,0,0
624,1998,10,1998-07-26,Austrian Grand Prix,5,24,1,1,1,2,13,1,1,2,3,2,1,16,1,1,3,1,6,1,14,1,1,4,1,3,2,1,1,14,25,4,6,1,27,1,1,2,8,8,2,6,5,14,12,1,1,1,10,2,12,25,10,1,1,10,1,5,1,6,12,2,6,2,7,23,3,51,6,2,2,5,5,41,31,10,3,1,31,21,1,2,4,11,1,1,6,0,0,0,0,0,0,0,0,0,0,0,0,0,0,0,0,0,0,0,0,0,0,0,0,0,0,0,0,0
625,1998,11,1998-08-02,German Grand Prix,5,24,1,1,1,2,13,1,1,2,3,2,1,16,1,1,3,1,6,1,14,1,1,4,1,3,2,1,1,14,25,4,6,1,27,1,1,2,8,8,2,6,5,14,12,1,1,1,10,2,12,25,10,1,1,10,1,5,1,6,12,2,6,2,7,23,3,51,6,2,2,5,5,41,31,10,3,1,31,21,1,2,4,11,1,1,7,0,0,0,0,0,0,0,0,0,0,0,0,0,0,0,0,0,0,0,0,0,0,0,0,0,0,0,0,0
626,1998,12,1998-08-16,Hungarian Grand Prix,5,24,1,1,1,2,13,1,1,2,3,2,1,16,1,1,3,1,6,1,14,1,1,4,1,3,2,1,1,14,25,4,6,1,27,1,1,2,8,8,2,6,5,14,12,1,1,1,10,2,12,25,10,1,1,10,1,5,1,6,12,2,6,2,7,23,3,51,6,2,2,5,5,41,31,10,3,1,32,21,1,2,4,11,1,1,7,0,0,0,0,0,0,0,0,0,0,0,0,0,0,0,0,0,0,0,0,0,0,0,0,0,0,0,0,0
627,1998,13,1998-08-30,Belgian Grand Prix,5,24,1,1,1,2,13,1,1,2,3,2,1,16,1,1,3,1,6,1,14,1,1,4,1,3,2,1,1,14,25,4,6,1,27,1,1,2,8,8,2,6,5,14,12,1,1,1,10,2,12,25,10,1,1,10,1,5,1,6,12,2,6,2,7,23,3,51,6,2,2,5,5,41,31,10,3,1,32,22,1,2,4,11,1,1,7,0,0,0,0,0,0,0,0,0,0,0,0,0,0,0,0,0,0,0,0,0,0,0,0,0,0,0,0,0
628,1998,14,1998-09-13,Italian Grand Prix,5,24,1,1,1,2,13,1,1,2,3,2,1,16,1,1,3,1,6,1,14,1,1,4,1,3,2,1,1,14,25,4,6,1,27,1,1,2,8,8,2,6,5,14,12,1,1,1,10,2,12,25,10,1,1,10,1,5,1,6,12,2,6,2,7,23,3,51,6,2,2,5,5,41,31,10,3,1,33,22,1,2,4,11,1,1,7,0,0,0,0,0,0,0,0,0,0,0,0,0,0,0,0,0,0,0,0,0,0,0,0,0,0,0,0,0
629,1998,15,1998-09-27,Luxembourg Grand Prix,5,24,1,1,1,2,13,1,1,2,3,2,1,16,1,1,3,1,6,1,14,1,1,4,1,3,2,1,1,14,25,4,6,1,27,1,1,2,8,8,2,6,5,14,12,1,1,1,10,2,12,25,10,1,1,10,1,5,1,6,12,2,6,2,7,23,3,51,6,2,2,5,5,41,31,10,3,1,33,22,1,2,4,11,1,1,8,0,0,0,0,0,0,0,0,0,0,0,0,0,0,0,0,0,0,0,0,0,0,0,0,0,0,0,0,0
630,1998,16,1998-11-01,Japanese Grand Prix,5,24,1,1,1,2,13,1,1,2,3,2,1,16,1,1,3,1,6,1,14,1,1,4,1,3,2,1,1,14,25,4,6,1,27,1,1,2,8,8,2,6,5,14,12,1,1,1,10,2,12,25,10,1,1,10,1,5,1,6,12,2,6,2,7,23,3,51,6,2,2,5,5,41,31,10,3,1,33,22,1,2,4,11,1,1,9,0,0,0,0,0,0,0,0,0,0,0,0,0,0,0,0,0,0,0,0,0,0,0,0,0,0,0,0,0
631,1999,1,1999-03-07,Australian Grand Prix,5,24,1,1,1,2,13,1,1,2,3,2,1,16,1,1,3,1,6,1,14,1,1,4,1,3,2,1,1,14,25,4,6,1,27,1,1,2,8,8,2,6,5,14,12,1,1,1,10,2,12,25,10,1,1,10,1,5,1,6,12,2,6,2,7,23,3,51,6,2,2,5,5,41,31,10,3,1,33,22,1,2,4,11,1,1,9,1,0,0,0,0,0,0,0,0,0,0,0,0,0,0,0,0,0,0,0,0,0,0,0,0,0,0,0,0
632,1999,2,1999-04-11,Brazilian Grand Prix,5,24,1,1,1,2,13,1,1,2,3,2,1,16,1,1,3,1,6,1,14,1,1,4,1,3,2,1,1,14,25,4,6,1,27,1,1,2,8,8,2,6,5,14,12,1,1,1,10,2,12,25,10,1,1,10,1,5,1,6,12,2,6,2,7,23,3,51,6,2,2,5,5,41,31,10,3,1,33,22,1,2,4,11,1,1,10,1,0,0,0,0,0,0,0,0,0,0,0,0,0,0,0,0,0,0,0,0,0,0,0,0,0,0,0,0
633,1999,3,1999-05-02,San Marino Grand Prix,5,24,1,1,1,2,13,1,1,2,3,2,1,16,1,1,3,1,6,1,14,1,1,4,1,3,2,1,1,14,25,4,6,1,27,1,1,2,8,8,2,6,5,14,12,1,1,1,10,2,12,25,10,1,1,10,1,5,1,6,12,2,6,2,7,23,3,51,6,2,2,5,5,41,31,10,3,1,34,22,1,2,4,11,1,1,10,1,0,0,0,0,0,0,0,0,0,0,0,0,0,0,0,0,0,0,0,0,0,0,0,0,0,0,0,0
634,1999,4,1999-05-16,Monaco Grand Prix,5,24,1,1,1,2,13,1,1,2,3,2,1,16,1,1,3,1,6,1,14,1,1,4,1,3,2,1,1,14,25,4,6,1,27,1,1,2,8,8,2,6,5,14,12,1,1,1,10,2,12,25,10,1,1,10,1,5,1,6,12,2,6,2,7,23,3,51,6,2,2,5,5,41,31,10,3,1,35,22,1,2,4,11,1,1,10,1,0,0,0,0,0,0,0,0,0,0,0,0,0,0,0,0,0,0,0,0,0,0,0,0,0,0,0,0
635,1999,5,1999-05-30,Spanish Grand Prix,5,24,1,1,1,2,13,1,1,2,3,2,1,16,1,1,3,1,6,1,14,1,1,4,1,3,2,1,1,14,25,4,6,1,27,1,1,2,8,8,2,6,5,14,12,1,1,1,10,2,12,25,10,1,1,10,1,5,1,6,12,2,6,2,7,23,3,51,6,2,2,5,5,41,31,10,3,1,35,22,1,2,4,11,1,1,11,1,0,0,0,0,0,0,0,0,0,0,0,0,0,0,0,0,0,0,0,0,0,0,0,0,0,0,0,0
636,1999,6,1999-06-13,Canadian Grand Prix,5,24,1,1,1,2,13,1,1,2,3,2,1,16,1,1,3,1,6,1,14,1,1,4,1,3,2,1,1,14,25,4,6,1,27,1,1,2,8,8,2,6,5,14,12,1,1,1,10,2,12,25,10,1,1,10,1,5,1,6,12,2,6,2,7,23,3,51,6,2,2,5,5,41,31,10,3,1,35,22,1,2,4,11,1,1,12,1,0,0,0,0,0,0,0,0,0,0,0,0,0,0,0,0,0,0,0,0,0,0,0,0,0,0,0,0
637,1999,7,1999-06-27,French Grand Prix,5,24,1,1,1,2,13,1,1,2,3,2,1,16,1,1,3,1,6,1,14,1,1,4,1,3,2,1,1,14,25,4,6,1,27,1,1,2,8,8,2,6,5,14,12,1,1,1,10,2,12,25,10,1,1,10,1,5,1,6,12,2,6,2,7,23,3,51,6,2,2,5,5,41,31,10,3,1,35,22,1,2,4,11,1,2,12,1,0,0,0,0,0,0,0,0,0,0,0,0,0,0,0,0,0,0,0,0,0,0,0,0,0,0,0,0
638,1999,8,1999-07-11,British Grand Prix,5,24,1,1,1,2,13,1,1,2,3,2,1,16,1,1,3,1,6,1,14,1,1,4,1,3,2,1,1,14,25,4,6,1,27,1,1,2,8,8,2,6,5,14,12,1,1,1,10,2,12,25,10,1,1,10,1,5,1,6,12,2,6,2,7,23,3,51,6,2,2,5,5,41,31,10,3,1,35,22,1,2,5,11,1,2,12,1,0,0,0,0,0,0,0,0,0,0,0,0,0,0,0,0,0,0,0,0,0,0,0,0,0,0,0,0
639,1999,9,1999-07-25,Austrian Grand Prix,5,24,1,1,1,2,13,1,1,2,3,2,1,16,1,1,3,1,6,1,14,1,1,4,1,3,2,1,1,14,25,4,6,1,27,1,1,2,8,8,2,6,5,14,12,1,1,1,10,2,12,25,10,1,1,10,1,5,1,6,12,2,6,2,7,23,3,51,6,2,2,5,5,41,31,10,3,1,35,22,1,2,5,11,1,2,12,2,0,0,0,0,0,0,0,0,0,0,0,0,0,0,0,0,0,0,0,0,0,0,0,0,0,0,0,0
640,1999,10,1999-08-01,German Grand Prix,5,24,1,1,1,2,13,1,1,2,3,2,1,16,1,1,3,1,6,1,14,1,1,4,1,3,2,1,1,14,25,4,6,1,27,1,1,2,8,8,2,6,5,14,12,1,1,1,10,2,12,25,10,1,1,10,1,5,1,6,12,2,6,2,7,23,3,51,6,2,2,5,5,41,31,10,3,1,35,22,1,2,5,11,1,2,12,3,0,0,0,0,0,0,0,0,0,0,0,0,0,0,0,0,0,0,0,0,0,0,0,0,0,0,0,0
641,1999,11,1999-08-15,Hungarian Grand Prix,5,24,1,1,1,2,13,1,1,2,3,2,1,16,1,1,3,1,6,1,14,1,1,4,1,3,2,1,1,14,25,4,6,1,27,1,1,2,8,8,2,6,5,14,12,1,1,1,10,2,12,25,10,1,1,10,1,5,1,6,12,2,6,2,7,23,3,51,6,2,2,5,5,41,31,10,3,1,35,22,1,2,5,11,1,2,13,3,0,0,0,0,0,0,0,0,0,0,0,0,0,0,0,0,0,0,0,0,0,0,0,0,0,0,0,0
642,1999,12,1999-08-29,Belgian Grand Prix,5,24,1,1,1,2,13,1,1,2,3,2,1,16,1,1,3,1,6,1,14,1,1,4,1,3,2,1,1,14,25,4,6,1,27,1,1,2,8,8,2,6,5,14,12,1,1,1,10,2,12,25,10,1,1,10,1,5,1,6,12,2,6,2,7,23,3,51,6,2,2,5,5,41,31,10,3,1,35,22,1,2,6,11,1,2,13,3,0,0,0,0,0,0,0,0,0,0,0,0,0,0,0,0,0,0,0,0,0,0,0,0,0,0,0,0
643,1999,13,1999-09-12,Italian Grand Prix,5,24,1,1,1,2,13,1,1,2,3,2,1,16,1,1,3,1,6,1,14,1,1,4,1,3,2,1,1,14,25,4,6,1,27,1,1,2,8,8,2,6,5,14,12,1,1,1,10,2,12,25,10,1,1,10,1,5,1,6,12,2,6,2,7,23,3,51,6,2,2,5,5,41,31,10,3,1,35,22,1,2,6,11,1,3,13,3,0,0,0,0,0,0,0,0,0,0,0,0,0,0,0,0,0,0,0,0,0,0,0,0,0,0,0,0
644,1999,14,1999-09-26,European Grand Prix,5,24,1,1,1,2,13,1,1,2,3,2,1,16,1,1,3,1,6,1,14,1,1,4,1,3,2,1,1,14,25,4,6,1,27,1,1,2,8,8,2,6,5,14,12,1,1,1,10,2,12,25,10,1,1,10,1,5,1,6,12,2,6,2,7,23,3,51,6,2,2,5,5,41,31,10,3,1,35,22,1,3,6,11,1,3,13,3,0,0,0,0,0,0,0,0,0,0,0,0,0,0,0,0,0,0,0,0,0,0,0,0,0,0,0,0
645,1999,15,1999-10-17,Malaysian Grand Prix,5,24,1,1,1,2,13,1,1,2,3,2,1,16,1,1,3,1,6,1,14,1,1,4,1,3,2,1,1,14,25,4,6,1,27,1,1,2,8,8,2,6,5,14,12,1,1,1,10,2,12,25,10,1,1,10,1,5,1,6,12,2,6,2,7,23,3,51,6,2,2,5,5,41,31,10,3,1,35,22,1,3,6,11,1,3,13,4,0,0,0,0,0,0,0,0,0,0,0,0,0,0,0,0,0,0,0,0,0,0,0,0,0,0,0,0
646,1999,16,1999-10-31,Japanese Grand Prix,5,24,1,1,1,2,13,1,1,2,3,2,1,16,1,1,3,1,6,1,14,1,1,4,1,3,2,1,1,14,25,4,6,1,27,1,1,2,8,8,2,6,5,14,12,1,1,1,10,2,12,25,10,1,1,10,1,5,1,6,12,2,6,2,7,23,3,51,6,2,2,5,5,41,31,10,3,1,35,22,1,3,6,11,1,3,14,4,0,0,0,0,0,0,0,0,0,0,0,0,0,0,0,0,0,0,0,0,0,0,0,0,0,0,0,0
647,2000,1,2000-03-12,Australian Grand Prix,5,24,1,1,1,2,13,1,1,2,3,2,1,16,1,1,3,1,6,1,14,1,1,4,1,3,2,1,1,14,25,4,6,1,27,1,1,2,8,8,2,6,5,14,12,1,1,1,10,2,12,25,10,1,1,10,1,5,1,6,12,2,6,2,7,23,3,51,6,2,2,5,5,41,31,10,3,1,36,22,1,3,6,11,1,3,14,4,0,0,0,0,0,0,0,0,0,0,0,0,0,0,0,0,0,0,0,0,0,0,0,0,0,0,0,0
648,2000,2,2000-03-26,Brazilian Grand Prix,5,24,1,1,1,2,13,1,1,2,3,2,1,16,1,1,3,1,6,1,14,1,1,4,1,3,2,1,1,14,25,4,6,1,27,1,1,2,8,8,2,6,5,14,12,1,1,1,10,2,12,25,10,1,1,10,1,5,1,6,12,2,6,2,7,23,3,51,6,2,2,5,5,41,31,10,3,1,37,22,1,3,6,11,1,3,14,4,0,0,0,0,0,0,0,0,0,0,0,0,0,0,0,0,0,0,0,0,0,0,0,0,0,0,0,0
649,2000,3,2000-04-09,San Marino Grand Prix,5,24,1,1,1,2,13,1,1,2,3,2,1,16,1,1,3,1,6,1,14,1,1,4,1,3,2,1,1,14,25,4,6,1,27,1,1,2,8,8,2,6,5,14,12,1,1,1,10,2,12,25,10,1,1,10,1,5,1,6,12,2,6,2,7,23,3,51,6,2,2,5,5,41,31,10,3,1,38,22,1,3,6,11,1,3,14,4,0,0,0,0,0,0,0,0,0,0,0,0,0,0,0,0,0,0,0,0,0,0,0,0,0,0,0,0
650,2000,4,2000-04-23,British Grand Prix,5,24,1,1,1,2,13,1,1,2,3,2,1,16,1,1,3,1,6,1,14,1,1,4,1,3,2,1,1,14,25,4,6,1,27,1,1,2,8,8,2,6,5,14,12,1,1,1,10,2,12,25,10,1,1,10,1,5,1,6,12,2,6,2,7,23,3,51,6,2,2,5,5,41,31,10,3,1,38,22,1,3,7,11,1,3,14,4,0,0,0,0,0,0,0,0,0,0,0,0,0,0,0,0,0,0,0,0,0,0,0,0,0,0,0,0
651,2000,5,2000-05-07,Spanish Grand Prix,5,24,1,1,1,2,13,1,1,2,3,2,1,16,1,1,3,1,6,1,14,1,1,4,1,3,2,1,1,14,25,4,6,1,27,1,1,2,8,8,2,6,5,14,12,1,1,1,10,2,12,25,10,1,1,10,1,5,1,6,12,2,6,2,7,23,3,51,6,2,2,5,5,41,31,10,3,1,38,22,1,3,7,11,1,3,15,4,0,0,0,0,0,0,0,0,0,0,0,0,0,0,0,0,0,0,0,0,0,0,0,0,0,0,0,0
652,2000,6,2000-05-21,European Grand Prix,5,24,1,1,1,2,13,1,1,2,3,2,1,16,1,1,3,1,6,1,14,1,1,4,1,3,2,1,1,14,25,4,6,1,27,1,1,2,8,8,2,6,5,14,12,1,1,1,10,2,12,25,10,1,1,10,1,5,1,6,12,2,6,2,7,23,3,51,6,2,2,5,5,41,31,10,3,1,39,22,1,3,7,11,1,3,15,4,0,0,0,0,0,0,0,0,0,0,0,0,0,0,0,0,0,0,0,0,0,0,0,0,0,0,0,0
653,2000,7,2000-06-04,Monaco Grand Prix,5,24,1,1,1,2,13,1,1,2,3,2,1,16,1,1,3,1,6,1,14,1,1,4,1,3,2,1,1,14,25,4,6,1,27,1,1,2,8,8,2,6,5,14,12,1,1,1,10,2,12,25,10,1,1,10,1,5,1,6,12,2,6,2,7,23,3,51,6,2,2,5,5,41,31,10,3,1,39,22,1,3,8,11,1,3,15,4,0,0,0,0,0,0,0,0,0,0,0,0,0,0,0,0,0,0,0,0,0,0,0,0,0,0,0,0
654,2000,8,2000-06-18,Canadian Grand Prix,5,24,1,1,1,2,13,1,1,2,3,2,1,16,1,1,3,1,6,1,14,1,1,4,1,3,2,1,1,14,25,4,6,1,27,1,1,2,8,8,2,6,5,14,12,1,1,1,10,2,12,25,10,1,1,10,1,5,1,6,12,2,6,2,7,23,3,51,6,2,2,5,5,41,31,10,3,1,40,22,1,3,8,11,1,3,15,4,0,0,0,0,0,0,0,0,0,0,0,0,0,0,0,0,0,0,0,0,0,0,0,0,0,0,0,0
655,2000,9,2000-07-02,French Grand Prix,5,24,1,1,1,2,13,1,1,2,3,2,1,16,1,1,3,1,6,1,14,1,1,4,1,3,2,1,1,14,25,4,6,1,27,1,1,2,8,8,2,6,5,14,12,1,1,1,10,2,12,25,10,1,1,10,1,5,1,6,12,2,6,2,7,23,3,51,6,2,2,5,5,41,31,10,3,1,40,22,1,3,9,11,1,3,15,4,0,0,0,0,0,0,0,0,0,0,0,0,0,0,0,0,0,0,0,0,0,0,0,0,0,0,0,0
656,2000,10,2000-07-16,Austrian Grand Prix,5,24,1,1,1,2,13,1,1,2,3,2,1,16,1,1,3,1,6,1,14,1,1,4,1,3,2,1,1,14,25,4,6,1,27,1,1,2,8,8,2,6,5,14,12,1,1,1,10,2,12,25,10,1,1,10,1,5,1,6,12,2,6,2,7,23,3,51,6,2,2,5,5,41,31,10,3,1,40,22,1,3,9,11,1,3,16,4,0,0,0,0,0,0,0,0,0,0,0,0,0,0,0,0,0,0,0,0,0,0,0,0,0,0,0,0
657,2000,11,2000-07-30,German Grand Prix,5,24,1,1,1,2,13,1,1,2,3,2,1,16,1,1,3,1,6,1,14,1,1,4,1,3,2,1,1,14,25,4,6,1,27,1,1,2,8,8,2,6,5,14,12,1,1,1,10,2,12,25,10,1,1,10,1,5,1,6,12,2,6,2,7,23,3,51,6,2,2,5,5,41,31,10,3,1,40,22,1,3,9,11,1,3,16,4,1,0,0,0,0,0,0,0,0,0,0,0,0,0,0,0,0,0,0,0,0,0,0,0,0,0,0,0
658,2000,12,2000-08-13,Hungarian Grand Prix,5,24,1,1,1,2,13,1,1,2,3,2,1,16,1,1,3,1,6,1,14,1,1,4,1,3,2,1,1,14,25,4,6,1,27,1,1,2,8,8,2,6,5,14,12,1,1,1,10,2,12,25,10,1,1,10,1,5,1,6,12,2,6,2,7,23,3,51,6,2,2,5,5,41,31,10,3,1,40,22,1,3,9,11,1,3,17,4,1,0,0,0,0,0,0,0,0,0,0,0,0,0,0,0,0,0,0,0,0,0,0,0,0,0,0,0
659,2000,13,2000-08-27,Belgian Grand Prix,5,24,1,1,1,2,13,1,1,2,3,2,1,16,1,1,3,1,6,1,14,1,1,4,1,3,2,1,1,14,25,4,6,1,27,1,1,2,8,8,2,6,5,14,12,1,1,1,10,2,12,25,10,1,1,10,1,5,1,6,12,2,6,2,7,23,3,51,6,2,2,5,5,41,31,10,3,1,40,22,1,3,9,11,1,3,18,4,1,0,0,0,0,0,0,0,0,0,0,0,0,0,0,0,0,0,0,0,0,0,0,0,0,0,0,0
660,2000,14,2000-09-10,Italian Grand Prix,5,24,1,1,1,2,13,1,1,2,3,2,1,16,1,1,3,1,6,1,14,1,1,4,1,3,2,1,1,14,25,4,6,1,27,1,1,2,8,8,2,6,5,14,12,1,1,1,10,2,12,25,10,1,1,10,1,5,1,6,12,2,6,2,7,23,3,51,6,2,2,5,5,41,31,10,3,1,41,22,1,3,9,11,1,3,18,4,1,0,0,0,0,0,0,0,0,0,0,0,0,0,0,0,0,0,0,0,0,0,0,0,0,0,0,0
661,2000,15,2000-09-24,United States Grand Prix,5,24,1,1,1,2,13,1,1,2,3,2,1,16,1,1,3,1,6,1,14,1,1,4,1,3,2,1,1,14,25,4,6,1,27,1,1,2,8,8,2,6,5,14,12,1,1,1,10,2,12,25,10,1,1,10,1,5,1,6,12,2,6,2,7,23,3,51,6,2,2,5,5,41,31,10,3,1,42,22,1,3,9,11,1,3,18,4,1,0,0,0,0,0,0,0,0,0,0,0,0,0,0,0,0,0,0,0,0,0,0,0,0,0,0,0
662,2000,16,2000-10-08,Japanese Grand Prix,5,24,1,1,1,2,13,1,1,2,3,2,1,16,1,1,3,1,6,1,14,1,1,4,1,3,2,1,1,14,25,4,6,1,27,1,1,2,8,8,2,6,5,14,12,1,1,1,10,2,12,25,10,1,1,10,1,5,1,6,12,2,6,2,7,23,3,51,6,2,2,5,5,41,31,10,3,1,43,22,1,3,9,11,1,3,18,4,1,0,0,0,0,0,0,0,0,0,0,0,0,0,0,0,0,0,0,0,0,0,0,0,0,0,0,0
663,2000,17,2000-10-22,Malaysian Grand Prix,5,24,1,1,1,2,13,1,1,2,3,2,1,16,1,1,3,1,6,1,14,1,1,4,1,3,2,1,1,14,25,4,6,1,27,1,1,2,8,8,2,6,5,14,12,1,1,1,10,2,12,25,10,1,1,10,1,5,1,6,12,2,6,2,7,23,3,51,6,2,2,5,5,41,31,10,3,1,44,22,1,3,9,11,1,3,18,4,1,0,0,0,0,0,0,0,0,0,0,0,0,0,0,0,0,0,0,0,0,0,0,0,0,0,0,0
664,2001,1,2001-03-04,Australian Grand Prix,5,24,1,1,1,2,13,1,1,2,3,2,1,16,1,1,3,1,6,1,14,1,1,4,1,3,2,1,1,14,25,4,6,1,27,1,1,2,8,8,2,6,5,14,12,1,1,1,10,2,12,25,10,1,1,10,1,5,1,6,12,2,6,2,7,23,3,51,6,2,2,5,5,41,31,10,3,1,45,22,1,3,9,11,1,3,18,4,1,0,0,0,0,0,0,0,0,0,0,0,0,0,0,0,0,0,0,0,0,0,0,0,0,0,0,0
665,2001,2,2001-03-18,Malaysian Grand Prix,5,24,1,1,1,2,13,1,1,2,3,2,1,16,1,1,3,1,6,1,14,1,1,4,1,3,2,1,1,14,25,4,6,1,27,1,1,2,8,8,2,6,5,14,12,1,1,1,10,2,12,25,10,1,1,10,1,5,1,6,12,2,6,2,7,23,3,51,6,2,2,5,5,41,31,10,3,1,46,22,1,3,9,11,1,3,18,4,1,0,0,0,0,0,0,0,0,0,0,0,0,0,0,0,0,0,0,0,0,0,0,0,0,0,0,0
666,2001,3,2001-04-01,Brazilian Grand Prix,5,24,1,1,1,2,13,1,1,2,3,2,1,16,1,1,3,1,6,1,14,1,1,4,1,3,2,1,1,14,25,4,6,1,27,1,1,2,8,8,2,6,5,14,12,1,1,1,10,2,12,25,10,1,1,10,1,5,1,6,12,2,6,2,7,23,3,51,6,2,2,5,5,41,31,10,3,1,46,22,1,3,10,11,1,3,18,4,1,0,0,0,0,0,0,0,0,0,0,0,0,0,0,0,0,0,0,0,0,0,0,0,0,0,0,0
667,2001,4,2001-04-15,San Marino Grand Prix,5,24,1,1,1,2,13,1,1,2,3,2,1,16,1,1,3,1,6,1,14,1,1,4,1,3,2,1,1,14,25,4,6,1,27,1,1,2,8,8,2,6,5,14,12,1,1,1,10,2,12,25,10,1,1,10,1,5,1,6,12,2,6,2,7,23,3,51,6,2,2,5,5,41,31,10,3,1,46,22,1,3,10,11,1,3,18,4,1,1,0,0,0,0,0,0,0,0,0,0,0,0,0,0,0,0,0,0,0,0,0,0,0,0,0,0
668,2001,5,2001-04-29,Spanish Grand Prix,5,24,1,1,1,2,13,1,1,2,3,2,1,16,1,1,3,1,6,1,14,1,1,4,1,3,2,1,1,14,25,4,6,1,27,1,1,2,8,8,2,6,5,14,12,1,1,1,10,2,12,25,10,1,1,10,1,5,1,6,12,2,6,2,7,23,3,51,6,2,2,5,5,41,31,10,3,1,47,22,1,3,10,11,1,3,18,4,1,1,0,0,0,0,0,0,0,0,0,0,0,0,0,0,0,0,0,0,0,0,0,0,0,0,0,0
669,2001,6,2001-05-13,Austrian Grand Prix,5,24,1,1,1,2,13,1,1,2,3,2,1,16,1,1,3,1,6,1,14,1,1,4,1,3,2,1,1,14,25,4,6,1,27,1,1,2,8,8,2,6,5,14,12,1,1,1,10,2,12,25,10,1,1,10,1,5,1,6,12,2,6,2,7,23,3,51,6,2,2,5,5,41,31,10,3,1,47,22,1,3,11,11,1,3,18,4,1,1,0,0,0,0,0,0,0,0,0,0,0,0,0,0,0,0,0,0,0,0,0,0,0,0,0,0
670,2001,7,2001-05-27,Monaco Grand Prix,5,24,1,1,1,2,13,1,1,2,3,2,1,16,1,1,3,1,6,1,14,1,1,4,1,3,2,1,1,14,25,4,6,1,27,1,1,2,8,8,2,6,5,14,12,1,1,1,10,2,12,25,10,1,1,10,1,5,1,6,12,2,6,2,7,23,3,51,6,2,2,5,5,41,31,10,3,1,48,22,1,3,11,11,1,3,18,4,1,1,0,0,0,0,0,0,0,0,0,0,0,0,0,0,0,0,0,0,0,0,0,0,0,0,0,0
671,2001,8,2001-06-10,Canadian Grand Prix,5,24,1,1,1,2,13,1,1,2,3,2,1,16,1,1,3,1,6,1,14,1,1,4,1,3,2,1,1,14,25,4,6,1,27,1,1,2,8,8,2,6,5,14,12,1,1,1,10,2,12,25,10,1,1,10,1,5,1,6,12,2,6,2,7,23,3,51,6,2,2,5,5,41,31,10,3,1,48,22,1,3,11,11,1,3,18,4,1,2,0,0,0,0,0,0,0,0,0,0,0,0,0,0,0,0,0,0,0,0,0,0,0,0,0,0
672,2001,9,2001-06-24,European Grand Prix,5,24,1,1,1,2,13,1,1,2,3,2,1,16,1,1,3,1,6,1,14,1,1,4,1,3,2,1,1,14,25,4,6,1,27,1,1,2,8,8,2,6,5,14,12,1,1,1,10,2,12,25,10,1,1,10,1,5,1,6,12,2,6,2,7,23,3,51,6,2,2,5,5,41,31,10,3,1,49,22,1,3,11,11,1,3,18,4,1,2,0,0,0,0,0,0,0,0,0,0,0,0,0,0,0,0,0,0,0,0,0,0,0,0,0,0
673,2001,10,2001-07-01,French Grand Prix,5,24,1,1,1,2,13,1,1,2,3,2,1,16,1,1,3,1,6,1,14,1,1,4,1,3,2,1,1,14,25,4,6,1,27,1,1,2,8,8,2,6,5,14,12,1,1,1,10,2,12,25,10,1,1,10,1,5,1,6,12,2,6,2,7,23,3,51,6,2,2,5,5,41,31,10,3,1,50,22,1,3,11,11,1,3,18,4,1,2,0,0,0,0,0,0,0,0,0,0,0,0,0,0,0,0,0,0,0,0,0,0,0,0,0,0
674,2001,11,2001-07-15,British Grand Prix,5,24,1,1,1,2,13,1,1,2,3,2,1,16,1,1,3,1,6,1,14,1,1,4,1,3,2,1,1,14,25,4,6,1,27,1,1,2,8,8,2,6,5,14,12,1,1,1,10,2,12,25,10,1,1,10,1,5,1,6,12,2,6,2,7,23,3,51,6,2,2,5,5,41,31,10,3,1,50,22,1,3,11,11,1,3,19,4,1,2,0,0,0,0,0,0,0,0,0,0,0,0,0,0,0,0,0,0,0,0,0,0,0,0,0,0
675,2001,12,2001-07-29,German Grand Prix,5,24,1,1,1,2,13,1,1,2,3,2,1,16,1,1,3,1,6,1,14,1,1,4,1,3,2,1,1,14,25,4,6,1,27,1,1,2,8,8,2,6,5,14,12,1,1,1,10,2,12,25,10,1,1,10,1,5,1,6,12,2,6,2,7,23,3,51,6,2,2,5,5,41,31,10,3,1,50,22,1,3,11,11,1,3,19,4,1,3,0,0,0,0,0,0,0,0,0,0,0,0,0,0,0,0,0,0,0,0,0,0,0,0,0,0
676,2001,13,2001-08-19,Hungarian Grand Prix,5,24,1,1,1,2,13,1,1,2,3,2,1,16,1,1,3,1,6,1,14,1,1,4,1,3,2,1,1,14,25,4,6,1,27,1,1,2,8,8,2,6,5,14,12,1,1,1,10,2,12,25,10,1,1,10,1,5,1,6,12,2,6,2,7,23,3,51,6,2,2,5,5,41,31,10,3,1,51,22,1,3,11,11,1,3,19,4,1,3,0,0,0,0,0,0,0,0,0,0,0,0,0,0,0,0,0,0,0,0,0,0,0,0,0,0
677,2001,14,2001-09-02,Belgian Grand Prix,5,24,1,1,1,2,13,1,1,2,3,2,1,16,1,1,3,1,6,1,14,1,1,4,1,3,2,1,1,14,25,4,6,1,27,1,1,2,8,8,2,6,5,14,12,1,1,1,10,2,12,25,10,1,1,10,1,5,1,6,12,2,6,2,7,23,3,51,6,2,2,5,5,41,31,10,3,1,52,22,1,3,11,11,1,3,19,4,1,3,0,0,0,0,0,0,0,0,0,0,0,0,0,0,0,0,0,0,0,0,0,0,0,0,0,0
678,2001,15,2001-09-16,Italian Grand Prix,5,24,1,1,1,2,13,1,1,2,3,2,1,16,1,1,3,1,6,1,14,1,1,4,1,3,2,1,1,14,25,4,6,1,27,1,1,2,8,8,2,6,5,14,12,1,1,1,10,2,12,25,10,1,1,10,1,5,1,6,12,2,6,2,7,23,3,51,6,2,2,5,5,41,31,10,3,1,52,22,1,3,11,11,1,3,19,4,1,3,1,0,0,0,0,0,0,0,0,0,0,0,0,0,0,0,0,0,0,0,0,0,0,0,0,0
679,2001,16,2001-09-30,United States Grand Prix,5,24,1,1,1,2,13,1,1,2,3,2,1,16,1,1,3,1,6,1,14,1,1,4,1,3,2,1,1,14,25,4,6,1,27,1,1,2,8,8,2,6,5,14,12,1,1,1,10,2,12,25,10,1,1,10,1,5,1,6,12,2,6,2,7,23,3,51,6,2,2,5,5,41,31,10,3,1,52,22,1,3,11,11,1,3,20,4,1,3,1,0,0,0,0,0,0,0,0,0,0,0,0,0,0,0,0,0,0,0,0,0,0,0,0,0
680,2001,17,2001-10-14,Japanese Grand Prix,5,24,1,1,1,2,13,1,1,2,3,2,1,16,1,1,3,1,6,1,14,1,1,4,1,3,2,1,1,14,25,4,6,1,27,1,1,2,8,8,2,6,5,14,12,1,1,1,10,2,12,25,10,1,1,10,1,5,1,6,12,2,6,2,7,23,3,51,6,2,2,5,5,41,31,10,3,1,53,22,1,3,11,11,1,3,20,4,1,3,1,0,0,0,0,0,0,0,0,0,0,0,0,0,0,0,0,0,0,0,0,0,0,0,0,0
681,2002,1,2002-03-03,Australian Grand Prix,5,24,1,1,1,2,13,1,1,2,3,2,1,16,1,1,3,1,6,1,14,1,1,4,1,3,2,1,1,14,25,4,6,1,27,1,1,2,8,8,2,6,5,14,12,1,1,1,10,2,12,25,10,1,1,10,1,5,1,6,12,2,6,2,7,23,3,51,6,2,2,5,5,41,31,10,3,1,54,22,1,3,11,11,1,3,20,4,1,3,1,0,0,0,0,0,0,0,0,0,0,0,0,0,0,0,0,0,0,0,0,0,0,0,0,0
682,2002,2,2002-03-17,Malaysian Grand Prix,5,24,1,1,1,2,13,1,1,2,3,2,1,16,1,1,3,1,6,1,14,1,1,4,1,3,2,1,1,14,25,4,6,1,27,1,1,2,8,8,2,6,5,14,12,1,1,1,10,2,12,25,10,1,1,10,1,5,1,6,12,2,6,2,7,23,3,51,6,2,2,5,5,41,31,10,3,1,54,22,1,3,11,11,1,3,20,4,1,4,1,0,0,0,0,0,0,0,0,0,0,0,0,0,0,0,0,0,0,0,0,0,0,0,0,0
683,2002,3,2002-03-31,Brazilian Grand Prix,5,24,1,1,1,2,13,1,1,2,3,2,1,16,1,1,3,1,6,1,14,1,1,4,1,3,2,1,1,14,25,4,6,1,27,1,1,2,8,8,2,6,5,14,12,1,1,1,10,2,12,25,10,1,1,10,1,5,1,6,12,2,6,2,7,23,3,51,6,2,2,5,5,41,31,10,3,1,55,22,1,3,11,11,1,3,20,4,1,4,1,0,0,0,0,0,0,0,0,0,0,0,0,0,0,0,0,0,0,0,0,0,0,0,0,0
684,2002,4,2002-04-14,San Marino Grand Prix,5,24,1,1,1,2,13,1,1,2,3,2,1,16,1,1,3,1,6,1,14,1,1,4,1,3,2,1,1,14,25,4,6,1,27,1,1,2,8,8,2,6,5,14,12,1,1,1,10,2,12,25,10,1,1,10,1,5,1,6,12,2,6,2,7,23,3,51,6,2,2,5,5,41,31,10,3,1,56,22,1,3,11,11,1,3,20,4,1,4,1,0,0,0,0,0,0,0,0,0,0,0,0,0,0,0,0,0,0,0,0,0,0,0,0,0
685,2002,5,2002-04-28,Spanish Grand Prix,5,24,1,1,1,2,13,1,1,2,3,2,1,16,1,1,3,1,6,1,14,1,1,4,1,3,2,1,1,14,25,4,6,1,27,1,1,2,8,8,2,6,5,14,12,1,1,1,10,2,12,25,10,1,1,10,1,5,1,6,12,2,6,2,7,23,3,51,6,2,2,5,5,41,31,10,3,1,57,22,1,3,11,11,1,3,20,4,1,4,1,0,0,0,0,0,0,0,0,0,0,0,0,0,0,0,0,0,0,0,0,0,0,0,0,0
686,2002,6,2002-05-12,Austrian Grand Prix,5,24,1,1,1,2,13,1,1,2,3,2,1,16,1,1,3,1,6,1,14,1,1,4,1,3,2,1,1,14,25,4,6,1,27,1,1,2,8,8,2,6,5,14,12,1,1,1,10,2,12,25,10,1,1,10,1,5,1,6,12,2,6,2,7,23,3,51,6,2,2,5,5,41,31,10,3,1,58,22,1,3,11,11,1,3,20,4,1,4,1,0,0,0,0,0,0,0,0,0,0,0,0,0,0,0,0,0,0,0,0,0,0,0,0,0
687,2002,7,2002-05-26,Monaco Grand Prix,5,24,1,1,1,2,13,1,1,2,3,2,1,16,1,1,3,1,6,1,14,1,1,4,1,3,2,1,1,14,25,4,6,1,27,1,1,2,8,8,2,6,5,14,12,1,1,1,10,2,12,25,10,1,1,10,1,5,1,6,12,2,6,2,7,23,3,51,6,2,2,5,5,41,31,10,3,1,58,22,1,3,12,11,1,3,20,4,1,4,1,0,0,0,0,0,0,0,0,0,0,0,0,0,0,0,0,0,0,0,0,0,0,0,0,0
688,2002,8,2002-06-09,Canadian Grand Prix,5,24,1,1,1,2,13,1,1,2,3,2,1,16,1,1,3,1,6,1,14,1,1,4,1,3,2,1,1,14,25,4,6,1,27,1,1,2,8,8,2,6,5,14,12,1,1,1,10,2,12,25,10,1,1,10,1,5,1,6,12,2,6,2,7,23,3,51,6,2,2,5,5,41,31,10,3,1,59,22,1,3,12,11,1,3,20,4,1,4,1,0,0,0,0,0,0,0,0,0,0,0,0,0,0,0,0,0,0,0,0,0,0,0,0,0
689,2002,9,2002-06-23,European Grand Prix,5,24,1,1,1,2,13,1,1,2,3,2,1,16,1,1,3,1,6,1,14,1,1,4,1,3,2,1,1,14,25,4,6,1,27,1,1,2,8,8,2,6,5,14,12,1,1,1,10,2,12,25,10,1,1,10,1,5,1,6,12,2,6,2,7,23,3,51,6,2,2,5,5,41,31,10,3,1,59,22,1,3,12,11,1,3,20,4,2,4,1,0,0,0,0,0,0,0,0,0,0,0,0,0,0,0,0,0,0,0,0,0,0,0,0,0
690,2002,10,2002-07-07,British Grand Prix,5,24,1,1,1,2,13,1,1,2,3,2,1,16,1,1,3,1,6,1,14,1,1,4,1,3,2,1,1,14,25,4,6,1,27,1,1,2,8,8,2,6,5,14,12,1,1,1,10,2,12,25,10,1,1,10,1,5,1,6,12,2,6,2,7,23,3,51,6,2,2,5,5,41,31,10,3,1,60,22,1,3,12,11,1,3,20,4,2,4,1,0,0,0,0,0,0,0,0,0,0,0,0,0,0,0,0,0,0,0,0,0,0,0,0,0
691,2002,11,2002-07-21,French Grand Prix,5,24,1,1,1,2,13,1,1,2,3,2,1,16,1,1,3,1,6,1,14,1,1,4,1,3,2,1,1,14,25,4,6,1,27,1,1,2,8,8,2,6,5,14,12,1,1,1,10,2,12,25,10,1,1,10,1,5,1,6,12,2,6,2,7,23,3,51,6,2,2,5,5,41,31,10,3,1,61,22,1,3,12,11,1,3,20,4,2,4,1,0,0,0,0,0,0,0,0,0,0,0,0,0,0,0,0,0,0,0,0,0,0,0,0,0
692,2002,12,2002-07-28,German Grand Prix,5,24,1,1,1,2,13,1,1,2,3,2,1,16,1,1,3,1,6,1,14,1,1,4,1,3,2,1,1,14,25,4,6,1,27,1,1,2,8,8,2,6,5,14,12,1,1,1,10,2,12,25,10,1,1,10,1,5,1,6,12,2,6,2,7,23,3,51,6,2,2,5,5,41,31,10,3,1,62,22,1,3,12,11,1,3,20,4,2,4,1,0,0,0,0,0,0,0,0,0,0,0,0,0,0,0,0,0,0,0,0,0,0,0,0,0
693,2002,13,2002-08-18,Hungarian Grand Prix,5,24,1,1,1,2,13,1,1,2,3,2,1,16,1,1,3,1,6,1,14,1,1,4,1,3,2,1,1,14,25,4,6,1,27,1,1,2,8,8,2,6,5,14,12,1,1,1,10,2,12,25,10,1,1,10,1,5,1,6,12,2,6,2,7,23,3,51,6,2,2,5,5,41,31,10,3,1,62,22,1,3,12,11,1,3,20,4,3,4,1,0,0,0,0,0,0,0,0,0,0,0,0,0,0,0,0,0,0,0,0,0,0,0,0,0
694,2002,14,2002-09-01,Belgian Grand Prix,5,24,1,1,1,2,13,1,1,2,3,2,1,16,1,1,3,1,6,1,14,1,1,4,1,3,2,1,1,14,25,4,6,1,27,1,1,2,8,8,2,6,5,14,12,1,1,1,10,2,12,25,10,1,1,10,1,5,1,6,12,2,6,2,7,23,3,51,6,2,2,5,5,41,31,10,3,1,63,22,1,3,12,11,1,3,20,4,3,4,1,0,0,0,0,0,0,0,0,0,0,0,0,0,0,0,0,0,0,0,0,0,0,0,0,0
695,2002,15,2002-09-15,Italian Grand Prix,5,24,1,1,1,2,13,1,1,2,3,2,1,16,1,1,3,1,6,1,14,1,1,4,1,3,2,1,1,14,25,4,6,1,27,1,1,2,8,8,2,6,5,14,12,1,1,1,10,2,12,25,10,1,1,10,1,5,1,6,12,2,6,2,7,23,3,51,6,2,2,5,5,41,31,10,3,1,63,22,1,3,12,11,1,3,20,4,4,4,1,0,0,0,0,0,0,0,0,0,0,0,0,0,0,0,0,0,0,0,0,0,0,0,0,0
696,2002,16,2002-09-29,United States Grand Prix,5,24,1,1,1,2,13,1,1,2,3,2,1,16,1,1,3,1,6,1,14,1,1,4,1,3,2,1,1,14,25,4,6,1,27,1,1,2,8,8,2,6,5,14,12,1,1,1,10,2,12,25,10,1,1,10,1,5,1,6,12,2,6,2,7,23,3,51,6,2,2,5,5,41,31,10,3,1,63,22,1,3,12,11,1,3,20,4,5,4,1,0,0,0,0,0,0,0,0,0,0,0,0,0,0,0,0,0,0,0,0,0,0,0,0,0
697,2002,17,2002-10-13,Japanese Grand Prix,5,24,1,1,1,2,13,1,1,2,3,2,1,16,1,1,3,1,6,1,14,1,1,4,1,3,2,1,1,14,25,4,6,1,27,1,1,2,8,8,2,6,5,14,12,1,1,1,10,2,12,25,10,1,1,10,1,5,1,6,12,2,6,2,7,23,3,51,6,2,2,5,5,41,31,10,3,1,64,22,1,3,12,11,1,3,20,4,5,4,1,0,0,0,0,0,0,0,0,0,0,0,0,0,0,0,0,0,0,0,0,0,0,0,0,0
698,2003,1,2003-03-09,Australian Grand Prix,5,24,1,1,1,2,13,1,1,2,3,2,1,16,1,1,3,1,6,1,14,1,1,4,1,3,2,1,1,14,25,4,6,1,27,1,1,2,8,8,2,6,5,14,12,1,1,1,10,2,12,25,10,1,1,10,1,5,1,6,12,2,6,2,7,23,3,51,6,2,2,5,5,41,31,10,3,1,64,22,1,3,13,11,1,3,20,4,5,4,1,0,0,0,0,0,0,0,0,0,0,0,0,0,0,0,0,0,0,0,0,0,0,0,0,0
699,2003,2,2003-03-23,Malaysian Grand Prix,5,24,1,1,1,2,13,1,1,2,3,2,1,16,1,1,3,1,6,1,14,1,1,4,1,3,2,1,1,14,25,4,6,1,27,1,1,2,8,8,2,6,5,14,12,1,1,1,10,2,12,25,10,1,1,10,1,5,1,6,12,2,6,2,7,23,3,51,6,2,2,5,5,41,31,10,3,1,64,22,1,3,13,11,1,3,20,4,5,4,1,1,0,0,0,0,0,0,0,0,0,0,0,0,0,0,0,0,0,0,0,0,0,0,0,0
700,2003,3,2003-04-06,Brazilian Grand Prix,5,24,1,1,1,2,13,1,1,2,3,2,1,16,1,1,3,1,6,1,14,1,1,4,1,3,2,1,1,14,25,4,6,1,27,1,1,2,8,8,2,6,5,14,12,1,1,1,10,2,12,25,10,1,1,10,1,5,1,6,12,2,6,2,7,23,3,51,6,2,2,5,5,41,31,10,3,1,64,22,1,3,13,11,1,3,20,4,5,4,1,1,1,0,0,0,0,0,0,0,0,0,0,0,0,0,0,0,0,0,0,0,0,0,0,0
701,2003,4,2003-04-20,San Marino Grand Prix,5,24,1,1,1,2,13,1,1,2,3,2,1,16,1,1,3,1,6,1,14,1,1,4,1,3,2,1,1,14,25,4,6,1,27,1,1,2,8,8,2,6,5,14,12,1,1,1,10,2,12,25,10,1,1,10,1,5,1,6,12,2,6,2,7,23,3,51,6,2,2,5,5,41,31,10,3,1,65,22,1,3,13,11,1,3,20,4,5,4,1,1,1,0,0,0,0,0,0,0,0,0,0,0,0,0,0,0,0,0,0,0,0,0,0,0
702,2003,5,2003-05-04,Spanish Grand Prix,5,24,1,1,1,2,13,1,1,2,3,2,1,16,1,1,3,1,6,1,14,1,1,4,1,3,2,1,1,14,25,4,6,1,27,1,1,2,8,8,2,6,5,14,12,1,1,1,10,2,12,25,10,1,1,10,1,5,1,6,12,2,6,2,7,23,3,51,6,2,2,5,5,41,31,10,3,1,66,22,1,3,13,11,1,3,20,4,5,4,1,1,1,0,0,0,0,0,0,0,0,0,0,0,0,0,0,0,0,0,0,0,0,0,0,0
703,2003,6,2003-05-18,Austrian Grand Prix,5,24,1,1,1,2,13,1,1,2,3,2,1,16,1,1,3,1,6,1,14,1,1,4,1,3,2,1,1,14,25,4,6,1,27,1,1,2,8,8,2,6,5,14,12,1,1,1,10,2,12,25,10,1,1,10,1,5,1,6,12,2,6,2,7,23,3,51,6,2,2,5,5,41,31,10,3,1,67,22,1,3,13,11,1,3,20,4,5,4,1,1,1,0,0,0,0,0,0,0,0,0,0,0,0,0,0,0,0,0,0,0,0,0,0,0
704,2003,7,2003-06-01,Monaco Grand Prix,5,24,1,1,1,2,13,1,1,2,3,2,1,16,1,1,3,1,6,1,14,1,1,4,1,3,2,1,1,14,25,4,6,1,27,1,1,2,8,8,2,6,5,14,12,1,1,1,10,2,12,25,10,1,1,10,1,5,1,6,12,2,6,2,7,23,3,51,6,2,2,5,5,41,31,10,3,1,67,22,1,3,13,11,1,3,20,4,5,4,2,1,1,0,0,0,0,0,0,0,0,0,0,0,0,0,0,0,0,0,0,0,0,0,0,0
705,2003,8,2003-06-15,Canadian Grand Prix,5,24,1,1,1,2,13,1,1,2,3,2,1,16,1,1,3,1,6,1,14,1,1,4,1,3,2,1,1,14,25,4,6,1,27,1,1,2,8,8,2,6,5,14,12,1,1,1,10,2,12,25,10,1,1,10,1,5,1,6,12,2,6,2,7,23,3,51,6,2,2,5,5,41,31,10,3,1,68,22,1,3,13,11,1,3,20,4,5,4,2,1,1,0,0,0,0,0,0,0,0,0,0,0,0,0,0,0,0,0,0,0,0,0,0,0
706,2003,9,2003-06-29,European Grand Prix,5,24,1,1,1,2,13,1,1,2,3,2,1,16,1,1,3,1,6,1,14,1,1,4,1,3,2,1,1,14,25,4,6,1,27,1,1,2,8,8,2,6,5,14,12,1,1,1,10,2,12,25,10,1,1,10,1,5,1,6,12,2,6,2,7,23,3,51,6,2,2,5,5,41,31,10,3,1,68,22,1,3,13,11,1,3,20,4,5,5,2,1,1,0,0,0,0,0,0,0,0,0,0,0,0,0,0,0,0,0,0,0,0,0,0,0
707,2003,10,2003-07-06,French Grand Prix,5,24,1,1,1,2,13,1,1,2,3,2,1,16,1,1,3,1,6,1,14,1,1,4,1,3,2,1,1,14,25,4,6,1,27,1,1,2,8,8,2,6,5,14,12,1,1,1,10,2,12,25,10,1,1,10,1,5,1,6,12,2,6,2,7,23,3,51,6,2,2,5,5,41,31,10,3,1,68,22,1,3,13,11,1,3,20,4,5,6,2,1,1,0,0,0,0,0,0,0,0,0,0,0,0,0,0,0,0,0,0,0,0,0,0,0
708,2003,11,2003-07-20,British Grand Prix,5,24,1,1,1,2,13,1,1,2,3,2,1,16,1,1,3,1,6,1,14,1,1,4,1,3,2,1,1,14,25,4,6,1,27,1,1,2,8,8,2,6,5,14,12,1,1,1,10,2,12,25,10,1,1,10,1,5,1,6,12,2,6,2,7,23,3,51,6,2,2,5,5,41,31,10,3,1,68,22,1,3,13,11,1,3,20,4,6,6,2,1,1,0,0,0,0,0,0,0,0,0,0,0,0,0,0,0,0,0,0,0,0,0,0,0
709,2003,12,2003-08-03,German Grand Prix,5,24,1,1,1,2,13,1,1,2,3,2,1,16,1,1,3,1,6,1,14,1,1,4,1,3,2,1,1,14,25,4,6,1,27,1,1,2,8,8,2,6,5,14,12,1,1,1,10,2,12,25,10,1,1,10,1,5,1,6,12,2,6,2,7,23,3,51,6,2,2,5,5,41,31,10,3,1,68,22,1,3,13,11,1,3,20,4,6,6,3,1,1,0,0,0,0,0,0,0,0,0,0,0,0,0,0,0,0,0,0,0,0,0,0,0
710,2003,13,2003-08-24,Hungarian Grand Prix,5,24,1,1,1,2,13,1,1,2,3,2,1,16,1,1,3,1,6,1,14,1,1,4,1,3,2,1,1,14,25,4,6,1,27,1,1,2,8,8,2,6,5,14,12,1,1,1,10,2,12,25,10,1,1,10,1,5,1,6,12,2,6,2,7,23,3,51,6,2,2,5,5,41,31,10,3,1,68,22,1,3,13,11,1,3,20,4,6,6,3,1,1,1,0,0,0,0,0,0,0,0,0,0,0,0,0,0,0,0,0,0,0,0,0,0
711,2003,14,2003-09-14,Italian Grand Prix,5,24,1,1,1,2,13,1,1,2,3,2,1,16,1,1,3,1,6,1,14,1,1,4,1,3,2,1,1,14,25,4,6,1,27,1,1,2,8,8,2,6,5,14,12,1,1,1,10,2,12,25,10,1,1,10,1,5,1,6,12,2,6,2,7,23,3,51,6,2,2,5,5,41,31,10,3,1,69,22,1,3,13,11,1,3,20,4,6,6,3,1,1,1,0,0,0,0,0,0,0,0,0,0,0,0,0,0,0,0,0,0,0,0,0,0
712,2003,15,2003-09-28,United States Grand Prix,5,24,1,1,1,2,13,1,1,2,3,2,1,16,1,1,3,1,6,1,14,1,1,4,1,3,2,1,1,14,25,4,6,1,27,1,1,2,8,8,2,6,5,14,12,1,1,1,10,2,12,25,10,1,1,10,1,5,1,6,12,2,6,2,7,23,3,51,6,2,2,5,5,41,31,10,3,1,70,22,1,3,13,11,1,3,20,4,6,6,3,1,1,1,0,0,0,0,0,0,0,0,0,0,0,0,0,0,0,0,0,0,0,0,0,0
713,2003,16,2003-10-12,Japanese Grand Prix,5,24,1,1,1,2,13,1,1,2,3,2,1,16,1,1,3,1,6,1,14,1,1,4,1,3,2,1,1,14,25,4,6,1,27,1,1,2,8,8,2,6,5,14,12,1,1,1,10,2,12,25,10,1,1,10,1,5,1,6,12,2,6,2,7,23,3,51,6,2,2,5,5,41,31,10,3,1,70,22,1,3,13,11,1,3,20,4,7,6,3,1,1,1,0,0,0,0,0,0,0,0,0,0,0,0,0,0,0,0,0,0,0,0,0,0
714,2004,1,2004-03-07,Australian Grand Prix,5,24,1,1,1,2,13,1,1,2,3,2,1,16,1,1,3,1,6,1,14,1,1,4,1,3,2,1,1,14,25,4,6,1,27,1,1,2,8,8,2,6,5,14,12,1,1,1,10,2,12,25,10,1,1,10,1,5,1,6,12,2,6,2,7,23,3,51,6,2,2,5,5,41,31,10,3,1,71,22,1,3,13,11,1,3,20,4,7,6,3,1,1,1,0,0,0,0,0,0,0,0,0,0,0,0,0,0,0,0,0,0,0,0,0,0
715,2004,2,2004-03-21,Malaysian Grand Prix,5,24,1,1,1,2,13,1,1,2,3,2,1,16,1,1,3,1,6,1,14,1,1,4,1,3,2,1,1,14,25,4,6,1,27,1,1,2,8,8,2,6,5,14,12,1,1,1,10,2,12,25,10,1,1,10,1,5,1,6,12,2,6,2,7,23,3,51,6,2,2,5,5,41,31,10,3,1,72,22,1,3,13,11,1,3,20,4,7,6,3,1,1,1,0,0,0,0,0,0,0,0,0,0,0,0,0,0,0,0,0,0,0,0,0,0
716,2004,3,2004-04-04,Bahrain Grand Prix,5,24,1,1,1,2,13,1,1,2,3,2,1,16,1,1,3,1,6,1,14,1,1,4,1,3,2,1,1,14,25,4,6,1,27,1,1,2,8,8,2,6,5,14,12,1,1,1,10,2,12,25,10,1,1,10,1,5,1,6,12,2,6,2,7,23,3,51,6,2,2,5,5,41,31,10,3,1,73,22,1,3,13,11,1,3,20,4,7,6,3,1,1,1,0,0,0,0,0,0,0,0,0,0,0,0,0,0,0,0,0,0,0,0,0,0
717,2004,4,2004-04-25,San Marino Grand Prix,5,24,1,1,1,2,13,1,1,2,3,2,1,16,1,1,3,1,6,1,14,1,1,4,1,3,2,1,1,14,25,4,6,1,27,1,1,2,8,8,2,6,5,14,12,1,1,1,10,2,12,25,10,1,1,10,1,5,1,6,12,2,6,2,7,23,3,51,6,2,2,5,5,41,31,10,3,1,74,22,1,3,13,11,1,3,20,4,7,6,3,1,1,1,0,0,0,0,0,0,0,0,0,0,0,0,0,0,0,0,0,0,0,0,0,0
718,2004,5,2004-05-09,Spanish Grand Prix,5,24,1,1,1,2,13,1,1,2,3,2,1,16,1,1,3,1,6,1,14,1,1,4,1,3,2,1,1,14,25,4,6,1,27,1,1,2,8,8,2,6,5,14,12,1,1,1,10,2,12,25,10,1,1,10,1,5,1,6,12,2,6,2,7,23,3,51,6,2,2,5,5,41,31,10,3,1,75,22,1,3,13,11,1,3,20,4,7,6,3,1,1,1,0,0,0,0,0,0,0,0,0,0,0,0,0,0,0,0,0,0,0,0,0,0
719,2004,6,2004-05-23,Monaco Grand Prix,5,24,1,1,1,2,13,1,1,2,3,2,1,16,1,1,3,1,6,1,14,1,1,4,1,3,2,1,1,14,25,4,6,1,27,1,1,2,8,8,2,6,5,14,12,1,1,1,10,2,12,25,10,1,1,10,1,5,1,6,12,2,6,2,7,23,3,51,6,2,2,5,5,41,31,10,3,1,75,22,1,3,13,11,1,3,20,4,7,6,3,1,1,1,1,0,0,0,0,0,0,0,0,0,0,0,0,0,0,0,0,0,0,0,0,0
720,2004,7,2004-05-30,European Grand Prix,5,24,1,1,1,2,13,1,1,2,3,2,1,16,1,1,3,1,6,1,14,1,1,4,1,3,2,1,1,14,25,4,6,1,27,1,1,2,8,8,2,6,5,14,12,1,1,1,10,2,12,25,10,1,1,10,1,5,1,6,12,2,6,2,7,23,3,51,6,2,2,5,5,41,31,10,3,1,76,22,1,3,13,11,1,3,20,4,7,6,3,1,1,1,1,0,0,0,0,0,0,0,0,0,0,0,0,0,0,0,0,0,0,0,0,0
721,2004,8,2004-06-13,Canadian Grand Prix,5,24,1,1,1,2,13,1,1,2,3,2,1,16,1,1,3,1,6,1,14,1,1,4,1,3,2,1,1,14,25,4,6,1,27,1,1,2,8,8,2,6,5,14,12,1,1,1,10,2,12,25,10,1,1,10,1,5,1,6,12,2,6,2,7,23,3,51,6,2,2,5,5,41,31,10,3,1,77,22,1,3,13,11,1,3,20,4,7,6,3,1,1,1,1,0,0,0,0,0,0,0,0,0,0,0,0,0,0,0,0,0,0,0,0,0
722,2004,9,2004-06-20,United States Grand Prix,5,24,1,1,1,2,13,1,1,2,3,2,1,16,1,1,3,1,6,1,14,1,1,4,1,3,2,1,1,14,25,4,6,1,27,1,1,2,8,8,2,6,5,14,12,1,1,1,10,2,12,25,10,1,1,10,1,5,1,6,12,2,6,2,7,23,3,51,6,2,2,5,5,41,31,10,3,1,78,22,1,3,13,11,1,3,20,4,7,6,3,1,1,1,1,0,0,0,0,0,0,0,0,0,0,0,0,0,0,0,0,0,0,0,0,0
723,2004,10,2004-07-04,French Grand Prix,5,24,1,1,1,2,13,1,1,2,3,2,1,16,1,1,3,1,6,1,14,1,1,4,1,3,2,1,1,14,25,4,6,1,27,1,1,2,8,8,2,6,5,14,12,1,1,1,10,2,12,25,10,1,1,10,1,5,1,6,12,2,6,2,7,23,3,51,6,2,2,5,5,41,31,10,3,1,79,22,1,3,13,11,1,3,20,4,7,6,3,1,1,1,1,0,0,0,0,0,0,0,0,0,0,0,0,0,0,0,0,0,0,0,0,0
724,2004,11,2004-07-11,British Grand Prix,5,24,1,1,1,2,13,1,1,2,3,2,1,16,1,1,3,1,6,1,14,1,1,4,1,3,2,1,1,14,25,4,6,1,27,1,1,2,8,8,2,6,5,14,12,1,1,1,10,2,12,25,10,1,1,10,1,5,1,6,12,2,6,2,7,23,3,51,6,2,2,5,5,41,31,10,3,1,80,22,1,3,13,11,1,3,20,4,7,6,3,1,1,1,1,0,0,0,0,0,0,0,0,0,0,0,0,0,0,0,0,0,0,0,0,0
725,2004,12,2004-07-25,German Grand Prix,5,24,1,1,1,2,13,1,1,2,3,2,1,16,1,1,3,1,6,1,14,1,1,4,1,3,2,1,1,14,25,4,6,1,27,1,1,2,8,8,2,6,5,14,12,1,1,1,10,2,12,25,10,1,1,10,1,5,1,6,12,2,6,2,7,23,3,51,6,2,2,5,5,41,31,10,3,1,81,22,1,3,13,11,1,3,20,4,7,6,3,1,1,1,1,0,0,0,0,0,0,0,0,0,0,0,0,0,0,0,0,0,0,0,0,0
726,2004,13,2004-08-15,Hungarian Grand Prix,5,24,1,1,1,2,13,1,1,2,3,2,1,16,1,1,3,1,6,1,14,1,1,4,1,3,2,1,1,14,25,4,6,1,27,1,1,2,8,8,2,6,5,14,12,1,1,1,10,2,12,25,10,1,1,10,1,5,1,6,12,2,6,2,7,23,3,51,6,2,2,5,5,41,31,10,3,1,82,22,1,3,13,11,1,3,20,4,7,6,3,1,1,1,1,0,0,0,0,0,0,0,0,0,0,0,0,0,0,0,0,0,0,0,0,0
727,2004,14,2004-08-29,Belgian Grand Prix,5,24,1,1,1,2,13,1,1,2,3,2,1,16,1,1,3,1,6,1,14,1,1,4,1,3,2,1,1,14,25,4,6,1,27,1,1,2,8,8,2,6,5,14,12,1,1,1,10,2,12,25,10,1,1,10,1,5,1,6,12,2,6,2,7,23,3,51,6,2,2,5,5,41,31,10,3,1,82,22,1,3,13,11,1,3,20,4,7,6,3,2,1,1,1,0,0,0,0,0,0,0,0,0,0,0,0,0,0,0,0,0,0,0,0,0
728,2004,15,2004-09-12,Italian Grand Prix,5,24,1,1,1,2,13,1,1,2,3,2,1,16,1,1,3,1,6,1,14,1,1,4,1,3,2,1,1,14,25,4,6,1,27,1,1,2,8,8,2,6,5,14,12,1,1,1,10,2,12,25,10,1,1,10,1,5,1,6,12,2,6,2,7,23,3,51,6,2,2,5,5,41,31,10,3,1,82,22,1,3,13,11,1,3,20,4,8,6,3,2,1,1,1,0,0,0,0,0,0,0,0,0,0,0,0,0,0,0,0,0,0,0,0,0
729,2004,16,2004-09-26,Chinese Grand Prix,5,24,1,1,1,2,13,1,1,2,3,2,1,16,1,1,3,1,6,1,14,1,1,4,1,3,2,1,1,14,25,4,6,1,27,1,1,2,8,8,2,6,5,14,12,1,1,1,10,2,12,25,10,1,1,10,1,5,1,6,12,2,6,2,7,23,3,51,6,2,2,5,5,41,31,10,3,1,82,22,1,3,13,11,1,3,20,4,9,6,3,2,1,1,1,0,0,0,0,0,0,0,0,0,0,0,0,0,0,0,0,0,0,0,0,0
730,2004,17,2004-10-10,Japanese Grand Prix,5,24,1,1,1,2,13,1,1,2,3,2,1,16,1,1,3,1,6,1,14,1,1,4,1,3,2,1,1,14,25,4,6,1,27,1,1,2,8,8,2,6,5,14,12,1,1,1,10,2,12,25,10,1,1,10,1,5,1,6,12,2,6,2,7,23,3,51,6,2,2,5,5,41,31,10,3,1,83,22,1,3,13,11,1,3,20,4,9,6,3,2,1,1,1,0,0,0,0,0,0,0,0,0,0,0,0,0,0,0,0,0,0,0,0,0
731,2004,18,2004-10-24,Brazilian Grand Prix,5,24,1,1,1,2,13,1,1,2,3,2,1,16,1,1,3,1,6,1,14,1,1,4,1,3,2,1,1,14,25,4,6,1,27,1,1,2,8,8,2,6,5,14,12,1,1,1,10,2,12,25,10,1,1,10,1,5,1,6,12,2,6,2,7,23,3,51,6,2,2,5,5,41,31,10,3,1,83,22,1,3,13,11,1,3,20,4,9,6,4,2,1,1,1,0,0,0,0,0,0,0,0,0,0,0,0,0,0,0,0,0,0,0,0,0
732,2005,1,2005-03-06,Australian Grand Prix,5,24,1,1,1,2,13,1,1,2,3,2,1,16,1,1,3,1,6,1,14,1,1,4,1,3,2,1,1,14,25,4,6,1,27,1,1,2,8,8,2,6,5,14,12,1,1,1,10,2,12,25,10,1,1,10,1,5,1,6,12,2,6,2,7,23,3,51,6,2,2,5,5,41,31,10,3,1,83,22,1,3,13,11,1,3,20,4,9,6,4,2,2,1,1,0,0,0,0,0,0,0,0,0,0,0,0,0,0,0,0,0,0,0,0,0
733,2005,2,2005-03-20,Malaysian Grand Prix,5,24,1,1,1,2,13,1,1,2,3,2,1,16,1,1,3,1,6,1,14,1,1,4,1,3,2,1,1,14,25,4,6,1,27,1,1,2,8,8,2,6,5,14,12,1,1,1,10,2,12,25,10,1,1,10,1,5,1,6,12,2,6,2,7,23,3,51,6,2,2,5,5,41,31,10,3,1,83,22,1,3,13,11,1,3,20,4,9,6,4,2,2,2,1,0,0,0,0,0,0,0,0,0,0,0,0,0,0,0,0,0,0,0,0,0
734,2005,3,2005-04-03,Bahrain Grand Prix,5,24,1,1,1,2,13,1,1,2,3,2,1,16,1,1,3,1,6,1,14,1,1,4,1,3,2,1,1,14,25,4,6,1,27,1,1,2,8,8,2,6,5,14,12,1,1,1,10,2,12,25,10,1,1,10,1,5,1,6,12,2,6,2,7,23,3,51,6,2,2,5,5,41,31,10,3,1,83,22,1,3,13,11,1,3,20,4,9,6,4,2,2,3,1,0,0,0,0,0,0,0,0,0,0,0,0,0,0,0,0,0,0,0,0,0
735,2005,4,2005-04-24,San Marino Grand Prix,5,24,1,1,1,2,13,1,1,2,3,2,1,16,1,1,3,1,6,1,14,1,1,4,1,3,2,1,1,14,25,4,6,1,27,1,1,2,8,8,2,6,5,14,12,1,1,1,10,2,12,25,10,1,1,10,1,5,1,6,12,2,6,2,7,23,3,51,6,2,2,5,5,41,31,10,3,1,83,22,1,3,13,11,1,3,20,4,9,6,4,2,2,4,1,0,0,0,0,0,0,0,0,0,0,0,0,0,0,0,0,0,0,0,0,0
736,2005,5,2005-05-08,Spanish Grand Prix,5,24,1,1,1,2,13,1,1,2,3,2,1,16,1,1,3,1,6,1,14,1,1,4,1,3,2,1,1,14,25,4,6,1,27,1,1,2,8,8,2,6,5,14,12,1,1,1,10,2,12,25,10,1,1,10,1,5,1,6,12,2,6,2,7,23,3,51,6,2,2,5,5,41,31,10,3,1,83,22,1,3,13,11,1,3,20,4,9,6,4,3,2,4,1,0,0,0,0,0,0,0,0,0,0,0,0,0,0,0,0,0,0,0,0,0
737,2005,6,2005-05-22,Monaco Grand Prix,5,24,1,1,1,2,13,1,1,2,3,2,1,16,1,1,3,1,6,1,14,1,1,4,1,3,2,1,1,14,25,4,6,1,27,1,1,2,8,8,2,6,5,14,12,1,1,1,10,2,12,25,10,1,1,10,1,5,1,6,12,2,6,2,7,23,3,51,6,2,2,5,5,41,31,10,3,1,83,22,1,3,13,11,1,3,20,4,9,6,4,4,2,4,1,0,0,0,0,0,0,0,0,0,0,0,0,0,0,0,0,0,0,0,0,0
738,2005,7,2005-05-29,European Grand Prix,5,24,1,1,1,2,13,1,1,2,3,2,1,16,1,1,3,1,6,1,14,1,1,4,1,3,2,1,1,14,25,4,6,1,27,1,1,2,8,8,2,6,5,14,12,1,1,1,10,2,12,25,10,1,1,10,1,5,1,6,12,2,6,2,7,23,3,51,6,2,2,5,5,41,31,10,3,1,83,22,1,3,13,11,1,3,20,4,9,6,4,4,2,5,1,0,0,0,0,0,0,0,0,0,0,0,0,0,0,0,0,0,0,0,0,0
739,2005,8,2005-06-12,Canadian Grand Prix,5,24,1,1,1,2,13,1,1,2,3,2,1,16,1,1,3,1,6,1,14,1,1,4,1,3,2,1,1,14,25,4,6,1,27,1,1,2,8,8,2,6,5,14,12,1,1,1,10,2,12,25,10,1,1,10,1,5,1,6,12,2,6,2,7,23,3,51,6,2,2,5,5,41,31,10,3,1,83,22,1,3,13,11,1,3,20,4,9,6,4,5,2,5,1,0,0,0,0,0,0,0,0,0,0,0,0,0,0,0,0,0,0,0,0,0
740,2005,9,2005-06-19,United States Grand Prix,5,24,1,1,1,2,13,1,1,2,3,2,1,16,1,1,3,1,6,1,14,1,1,4,1,3,2,1,1,14,25,4,6,1,27,1,1,2,8,8,2,6,5,14,12,1,1,1,10,2,12,25,10,1,1,10,1,5,1,6,12,2,6,2,7,23,3,51,6,2,2,5,5,41,31,10,3,1,84,22,1,3,13,11,1,3,20,4,9,6,4,5,2,5,1,0,0,0,0,0,0,0,0,0,0,0,0,0,0,0,0,0,0,0,0,0
741,2005,10,2005-07-03,French Grand Prix,5,24,1,1,1,2,13,1,1,2,3,2,1,16,1,1,3,1,6,1,14,1,1,4,1,3,2,1,1,14,25,4,6,1,27,1,1,2,8,8,2,6,5,14,12,1,1,1,10,2,12,25,10,1,1,10,1,5,1,6,12,2,6,2,7,23,3,51,6,2,2,5,5,41,31,10,3,1,84,22,1,3,13,11,1,3,20,4,9,6,4,5,2,6,1,0,0,0,0,0,0,0,0,0,0,0,0,0,0,0,0,0,0,0,0,0
742,2005,11,2005-07-10,British Grand Prix,5,24,1,1,1,2,13,1,1,2,3,2,1,16,1,1,3,1,6,1,14,1,1,4,1,3,2,1,1,14,25,4,6,1,27,1,1,2,8,8,2,6,5,14,12,1,1,1,10,2,12,25,10,1,1,10,1,5,1,6,12,2,6,2,7,23,3,51,6,2,2,5,5,41,31,10,3,1,84,22,1,3,13,11,1,3,20,4,9,6,5,5,2,6,1,0,0,0,0,0,0,0,0,0,0,0,0,0,0,0,0,0,0,0,0,0
743,2005,12,2005-07-24,German Grand Prix,5,24,1,1,1,2,13,1,1,2,3,2,1,16,1,1,3,1,6,1,14,1,1,4,1,3,2,1,1,14,25,4,6,1,27,1,1,2,8,8,2,6,5,14,12,1,1,1,10,2,12,25,10,1,1,10,1,5,1,6,12,2,6,2,7,23,3,51,6,2,2,5,5,41,31,10,3,1,84,22,1,3,13,11,1,3,20,4,9,6,5,5,2,7,1,0,0,0,0,0,0,0,0,0,0,0,0,0,0,0,0,0,0,0,0,0
744,2005,13,2005-07-31,Hungarian Grand Prix,5,24,1,1,1,2,13,1,1,2,3,2,1,16,1,1,3,1,6,1,14,1,1,4,1,3,2,1,1,14,25,4,6,1,27,1,1,2,8,8,2,6,5,14,12,1,1,1,10,2,12,25,10,1,1,10,1,5,1,6,12,2,6,2,7,23,3,51,6,2,2,5,5,41,31,10,3,1,84,22,1,3,13,11,1,3,20,4,9,6,5,6,2,7,1,0,0,0,0,0,0,0,0,0,0,0,0,0,0,0,0,0,0,0,0,0
745,2005,14,2005-08-21,Turkish Grand Prix,5,24,1,1,1,2,13,1,1,2,3,2,1,16,1,1,3,1,6,1,14,1,1,4,1,3,2,1,1,14,25,4,6,1,27,1,1,2,8,8,2,6,5,14,12,1,1,1,10,2,12,25,10,1,1,10,1,5,1,6,12,2,6,2,7,23,3,51,6,2,2,5,5,41,31,10,3,1,84,22,1,3,13,11,1,3,20,4,9,6,5,7,2,7,1,0,0,0,0,0,0,0,0,0,0,0,0,0,0,0,0,0,0,0,0,0
746,2005,15,2005-09-04,Italian Grand Prix,5,24,1,1,1,2,13,1,1,2,3,2,1,16,1,1,3,1,6,1,14,1,1,4,1,3,2,1,1,14,25,4,6,1,27,1,1,2,8,8,2,6,5,14,12,1,1,1,10,2,12,25,10,1,1,10,1,5,1,6,12,2,6,2,7,23,3,51,6,2,2,5,5,41,31,10,3,1,84,22,1,3,13,11,1,3,20,4,9,6,6,7,2,7,1,0,0,0,0,0,0,0,0,0,0,0,0,0,0,0,0,0,0,0,0,0
747,2005,16,2005-09-11,Belgian Grand Prix,5,24,1,1,1,2,13,1,1,2,3,2,1,16,1,1,3,1,6,1,14,1,1,4,1,3,2,1,1,14,25,4,6,1,27,1,1,2,8,8,2,6,5,14,12,1,1,1,10,2,12,25,10,1,1,10,1,5,1,6,12,2,6,2,7,23,3,51,6,2,2,5,5,41,31,10,3,1,84,22,1,3,13,11,1,3,20,4,9,6,6,8,2,7,1,0,0,0,0,0,0,0,0,0,0,0,0,0,0,0,0,0,0,0,0,0
748,2005,17,2005-09-25,Brazilian Grand Prix,5,24,1,1,1,2,13,1,1,2,3,2,1,16,1,1,3,1,6,1,14,1,1,4,1,3,2,1,1,14,25,4,6,1,27,1,1,2,8,8,2,6,5,14,12,1,1,1,10,2,12,25,10,1,1,10,1,5,1,6,12,2,6,2,7,23,3,51,6,2,2,5,5,41,31,10,3,1,84,22,1,3,13,11,1,3,20,4,9,6,7,8,2,7,1,0,0,0,0,0,0,0,0,0,0,0,0,0,0,0,0,0,0,0,0,0
749,2005,18,2005-10-09,Japanese Grand Prix,5,24,1,1,1,2,13,1,1,2,3,2,1,16,1,1,3,1,6,1,14,1,1,4,1,3,2,1,1,14,25,4,6,1,27,1,1,2,8,8,2,6,5,14,12,1,1,1,10,2,12,25,10,1,1,10,1,5,1,6,12,2,6,2,7,23,3,51,6,2,2,5,5,41,31,10,3,1,84,22,1,3,13,11,1,3,20,4,9,6,7,9,2,7,1,0,0,0,0,0,0,0,0,0,0,0,0,0,0,0,0,0,0,0,0,0
750,2005,19,2005-10-16,Chinese Grand Prix,5,24,1,1,1,2,13,1,1,2,3,2,1,16,1,1,3,1,6,1,14,1,1,4,1,3,2,1,1,14,25,4,6,1,27,1,1,2,8,8,2,6,5,14,12,1,1,1,10,2,12,25,10,1,1,10,1,5,1,6,12,2,6,2,7,23,3,51,6,2,2,5,5,41,31,10,3,1,84,22,1,3,13,11,1,3,20,4,9,6,7,9,2,8,1,0,0,0,0,0,0,0,0,0,0,0,0,0,0,0,0,0,0,0,0,0
751,2006,1,2006-03-12,Bahrain Grand Prix,5,24,1,1,1,2,13,1,1,2,3,2,1,16,1,1,3,1,6,1,14,1,1,4,1,3,2,1,1,14,25,4,6,1,27,1,1,2,8,8,2,6,5,14,12,1,1,1,10,2,12,25,10,1,1,10,1,5,1,6,12,2,6,2,7,23,3,51,6,2,2,5,5,41,31,10,3,1,84,22,1,3,13,11,1,3,20,4,9,6,7,9,2,9,1,0,0,0,0,0,0,0,0,0,0,0,0,0,0,0,0,0,0,0,0,0
752,2006,2,2006-03-19,Malaysian Grand Prix,5,24,1,1,1,2,13,1,1,2,3,2,1,16,1,1,3,1,6,1,14,1,1,4,1,3,2,1,1,14,25,4,6,1,27,1,1,2,8,8,2,6,5,14,12,1,1,1,10,2,12,25,10,1,1,10,1,5,1,6,12,2,6,2,7,23,3,51,6,2,2,5,5,41,31,10,3,1,84,22,1,3,13,11,1,3,20,4,9,6,7,9,3,9,1,0,0,0,0,0,0,0,0,0,0,0,0,0,0,0,0,0,0,0,0,0
753,2006,3,2006-04-02,Australian Grand Prix,5,24,1,1,1,2,13,1,1,2,3,2,1,16,1,1,3,1,6,1,14,1,1,4,1,3,2,1,1,14,25,4,6,1,27,1,1,2,8,8,2,6,5,14,12,1,1,1,10,2,12,25,10,1,1,10,1,5,1,6,12,2,6,2,7,23,3,51,6,2,2,5,5,41,31,10,3,1,84,22,1,3,13,11,1,3,20,4,9,6,7,9,3,10,1,0,0,0,0,0,0,0,0,0,0,0,0,0,0,0,0,0,0,0,0,0
754,2006,4,2006-04-23,San Marino Grand Prix,5,24,1,1,1,2,13,1,1,2,3,2,1,16,1,1,3,1,6,1,14,1,1,4,1,3,2,1,1,14,25,4,6,1,27,1,1,2,8,8,2,6,5,14,12,1,1,1,10,2,12,25,10,1,1,10,1,5,1,6,12,2,6,2,7,23,3,51,6,2,2,5,5,41,31,10,3,1,85,22,1,3,13,11,1,3,20,4,9,6,7,9,3,10,1,0,0,0,0,0,0,0,0,0,0,0,0,0,0,0,0,0,0,0,0,0
755,2006,5,2006-05-07,European Grand Prix,5,24,1,1,1,2,13,1,1,2,3,2,1,16,1,1,3,1,6,1,14,1,1,4,1,3,2,1,1,14,25,4,6,1,27,1,1,2,8,8,2,6,5,14,12,1,1,1,10,2,12,25,10,1,1,10,1,5,1,6,12,2,6,2,7,23,3,51,6,2,2,5,5,41,31,10,3,1,86,22,1,3,13,11,1,3,20,4,9,6,7,9,3,10,1,0,0,0,0,0,0,0,0,0,0,0,0,0,0,0,0,0,0,0,0,0
756,2006,6,2006-05-14,Spanish Grand Prix,5,24,1,1,1,2,13,1,1,2,3,2,1,16,1,1,3,1,6,1,14,1,1,4,1,3,2,1,1,14,25,4,6,1,27,1,1,2,8,8,2,6,5,14,12,1,1,1,10,2,12,25,10,1,1,10,1,5,1,6,12,2,6,2,7,23,3,51,6,2,2,5,5,41,31,10,3,1,86,22,1,3,13,11,1,3,20,4,9,6,7,9,3,11,1,0,0,0,0,0,0,0,0,0,0,0,0,0,0,0,0,0,0,0,0,0
757,2006,7,2006-05-28,Monaco Grand Prix,5,24,1,1,1,2,13,1,1,2,3,2,1,16,1,1,3,1,6,1,14,1,1,4,1,3,2,1,1,14,25,4,6,1,27,1,1,2,8,8,2,6,5,14,12,1,1,1,10,2,12,25,10,1,1,10,1,5,1,6,12,2,6,2,7,23,3,51,6,2,2,5,5,41,31,10,3,1,86,22,1,3,13,11,1,3,20,4,9,6,7,9,3,12,1,0,0,0,0,0,0,0,0,0,0,0,0,0,0,0,0,0,0,0,0,0
758,2006,8,2006-06-11,British Grand Prix,5,24,1,1,1,2,13,1,1,2,3,2,1,16,1,1,3,1,6,1,14,1,1,4,1,3,2,1,1,14,25,4,6,1,27,1,1,2,8,8,2,6,5,14,12,1,1,1,10,2,12,25,10,1,1,10,1,5,1,6,12,2,6,2,7,23,3,51,6,2,2,5,5,41,31,10,3,1,86,22,1,3,13,11,1,3,20,4,9,6,7,9,3,13,1,0,0,0,0,0,0,0,0,0,0,0,0,0,0,0,0,0,0,0,0,0
759,2006,9,2006-06-25,Canadian Grand Prix,5,24,1,1,1,2,13,1,1,2,3,2,1,16,1,1,3,1,6,1,14,1,1,4,1,3,2,1,1,14,25,4,6,1,27,1,1,2,8,8,2,6,5,14,12,1,1,1,10,2,12,25,10,1,1,10,1,5,1,6,12,2,6,2,7,23,3,51,6,2,2,5,5,41,31,10,3,1,86,22,1,3,13,11,1,3,20,4,9,6,7,9,3,14,1,0,0,0,0,0,0,0,0,0,0,0,0,0,0,0,0,0,0,0,0,0
760,2006,10,2006-07-02,United States Grand Prix,5,24,1,1,1,2,13,1,1,2,3,2,1,16,1,1,3,1,6,1,14,1,1,4,1,3,2,1,1,14,25,4,6,1,27,1,1,2,8,8,2,6,5,14,12,1,1,1,10,2,12,25,10,1,1,10,1,5,1,6,12,2,6,2,7,23,3,51,6,2,2,5,5,41,31,10,3,1,87,22,1,3,13,11,1,3,20,4,9,6,7,9,3,14,1,0,0,0,0,0,0,0,0,0,0,0,0,0,0,0,0,0,0,0,0,0
761,2006,11,2006-07-16,French Grand Prix,5,24,1,1,1,2,13,1,1,2,3,2,1,16,1,1,3,1,6,1,14,1,1,4,1,3,2,1,1,14,25,4,6,1,27,1,1,2,8,8,2,6,5,14,12,1,1,1,10,2,12,25,10,1,1,10,1,5,1,6,12,2,6,2,7,23,3,51,6,2,2,5,5,41,31,10,3,1,88,22,1,3,13,11,1,3,20,4,9,6,7,9,3,14,1,0,0,0,0,0,0,0,0,0,0,0,0,0,0,0,0,0,0,0,0,0
762,2006,12,2006-07-30,German Grand Prix,5,24,1,1,1,2,13,1,1,2,3,2,1,16,1,1,3,1,6,1,14,1,1,4,1,3,2,1,1,14,25,4,6,1,27,1,1,2,8,8,2,6,5,14,12,1,1,1,10,2,12,25,10,1,1,10,1,5,1,6,12,2,6,2,7,23,3,51,6,2,2,5,5,41,31,10,3,1,89,22,1,3,13,11,1,3,20,4,9,6,7,9,3,14,1,0,0,0,0,0,0,0,0,0,0,0,0,0,0,0,0,0,0,0,0,0
763,2006,13,2006-08-06,Hungarian Grand Prix,5,24,1,1,1,2,13,1,1,2,3,2,1,16,1,1,3,1,6,1,14,1,1,4,1,3,2,1,1,14,25,4,6,1,27,1,1,2,8,8,2,6,5,14,12,1,1,1,10,2,12,25,10,1,1,10,1,5,1,6,12,2,6,2,7,23,3,51,6,2,2,5,5,41,31,10,3,1,89,22,1,3,13,11,1,3,20,4,9,6,7,9,3,14,1,1,0,0,0,0,0,0,0,0,0,0,0,0,0,0,0,0,0,0,0,0
764,2006,14,2006-08-27,Turkish Grand Prix,5,24,1,1,1,2,13,1,1,2,3,2,1,16,1,1,3,1,6,1,14,1,1,4,1,3,2,1,1,14,25,4,6,1,27,1,1,2,8,8,2,6,5,14,12,1,1,1,10,2,12,25,10,1,1,10,1,5,1,6,12,2,6,2,7,23,3,51,6,2,2,5,5,41,31,10,3,1,89,22,1,3,13,11,1,3,20,4,9,6,7,9,3,14,1,1,1,0,0,0,0,0,0,0,0,0,0,0,0,0,0,0,0,0,0,0
765,2006,15,2006-09-10,Italian Grand Prix,5,24,1,1,1,2,13,1,1,2,3,2,1,16,1,1,3,1,6,1,14,1,1,4,1,3,2,1,1,14,25,4,6,1,27,1,1,2,8,8,2,6,5,14,12,1,1,1,10,2,12,25,10,1,1,10,1,5,1,6,12,2,6,2,7,23,3,51,6,2,2,5,5,41,31,10,3,1,90,22,1,3,13,11,1,3,20,4,9,6,7,9,3,14,1,1,1,0,0,0,0,0,0,0,0,0,0,0,0,0,0,0,0,0,0,0
766,2006,16,2006-10-01,Chinese Grand Prix,5,24,1,1,1,2,13,1,1,2,3,2,1,16,1,1,3,1,6,1,14,1,1,4,1,3,2,1,1,14,25,4,6,1,27,1,1,2,8,8,2,6,5,14,12,1,1,1,10,2,12,25,10,1,1,10,1,5,1,6,12,2,6,2,7,23,3,51,6,2,2,5,5,41,31,10,3,1,91,22,1,3,13,11,1,3,20,4,9,6,7,9,3,14,1,1,1,0,0,0,0,0,0,0,0,0,0,0,0,0,0,0,0,0,0,0
767,2006,17,2006-10-08,Japanese Grand Prix,5,24,1,1,1,2,13,1,1,2,3,2,1,16,1,1,3,1,6,1,14,1,1,4,1,3,2,1,1,14,25,4,6,1,27,1,1,2,8,8,2,6,5,14,12,1,1,1,10,2,12,25,10,1,1,10,1,5,1,6,12,2,6,2,7,23,3,51,6,2,2,5,5,41,31,10,3,1,91,22,1,3,13,11,1,3,20,4,9,6,7,9,3,15,1,1,1,0,0,0,0,0,0,0,0,0,0,0,0,0,0,0,0,0,0,0
768,2006,18,2006-10-22,Brazilian Grand Prix,5,24,1,1,1,2,13,1,1,2,3,2,1,16,1,1,3,1,6,1,14,1,1,4,1,3,2,1,1,14,25,4,6,1,27,1,1,2,8,8,2,6,5,14,12,1,1,1,10,2,12,25,10,1,1,10,1,5,1,6,12,2,6,2,7,23,3,51,6,2,2,5,5,41,31,10,3,1,91,22,1,3,13,11,1,3,20,4,9,6,7,9,3,15,1,1,2,0,0,0,0,0,0,0,0,0,0,0,0,0,0,0,0,0,0,0
769,2007,1,2007-03-18,Australian Grand Prix,5,24,1,1,1,2,13,1,1,2,3,2,1,16,1,1,3,1,6,1,14,1,1,4,1,3,2,1,1,14,25,4,6,1,27,1,1,2,8,8,2,6,5,14,12,1,1,1,10,2,12,25,10,1,1,10,1,5,1,6,12,2,6,2,7,23,3,51,6,2,2,5,5,41,31,10,3,1,91,22,1,3,13,11,1,3,20,4,9,6,7,10,3,15,1,1,2,0,0,0,0,0,0,0,0,0,0,0,0,0,0,0,0,0,0,0
770,2007,2,2007-04-08,Malaysian Grand Prix,5,24,1,1,1,2,13,1,1,2,3,2,1,16,1,1,3,1,6,1,14,1,1,4,1,3,2,1,1,14,25,4,6,1,27,1,1,2,8,8,2,6,5,14,12,1,1,1,10,2,12,25,10,1,1,10,1,5,1,6,12,2,6,2,7,23,3,51,6,2,2,5,5,41,31,10,3,1,91,22,1,3,13,11,1,3,20,4,9,6,7,10,3,16,1,1,2,0,0,0,0,0,0,0,0,0,0,0,0,0,0,0,0,0,0,0
771,2007,3,2007-04-15,Bahrain Grand Prix,5,24,1,1,1,2,13,1,1,2,3,2,1,16,1,1,3,1,6,1,14,1,1,4,1,3,2,1,1,14,25,4,6,1,27,1,1,2,8,8,2,6,5,14,12,1,1,1,10,2,12,25,10,1,1,10,1,5,1,6,12,2,6,2,7,23,3,51,6,2,2,5,5,41,31,10,3,1,91,22,1,3,13,11,1,3,20,4,9,6,7,10,3,16,1,1,3,0,0,0,0,0,0,0,0,0,0,0,0,0,0,0,0,0,0,0
772,2007,4,2007-05-13,Spanish Grand Prix,5,24,1,1,1,2,13,1,1,2,3,2,1,16,1,1,3,1,6,1,14,1,1,4,1,3,2,1,1,14,25,4,6,1,27,1,1,2,8,8,2,6,5,14,12,1,1,1,10,2,12,25,10,1,1,10,1,5,1,6,12,2,6,2,7,23,3,51,6,2,2,5,5,41,31,10,3,1,91,22,1,3,13,11,1,3,20,4,9,6,7,10,3,16,1,1,4,0,0,0,0,0,0,0,0,0,0,0,0,0,0,0,0,0,0,0
773,2007,5,2007-05-27,Monaco Grand Prix,5,24,1,1,1,2,13,1,1,2,3,2,1,16,1,1,3,1,6,1,14,1,1,4,1,3,2,1,1,14,25,4,6,1,27,1,1,2,8,8,2,6,5,14,12,1,1,1,10,2,12,25,10,1,1,10,1,5,1,6,12,2,6,2,7,23,3,51,6,2,2,5,5,41,31,10,3,1,91,22,1,3,13,11,1,3,20,4,9,6,7,10,3,17,1,1,4,0,0,0,0,0,0,0,0,0,0,0,0,0,0,0,0,0,0,0
774,2007,6,2007-06-10,Canadian Grand Prix,5,24,1,1,1,2,13,1,1,2,3,2,1,16,1,1,3,1,6,1,14,1,1,4,1,3,2,1,1,14,25,4,6,1,27,1,1,2,8,8,2,6,5,14,12,1,1,1,10,2,12,25,10,1,1,10,1,5,1,6,12,2,6,2,7,23,3,51,6,2,2,5,5,41,31,10,3,1,91,22,1,3,13,11,1,3,20,4,9,6,7,10,3,17,1,1,4,1,0,0,0,0,0,0,0,0,0,0,0,0,0,0,0,0,0,0
775,2007,7,2007-06-17,United States Grand Prix,5,24,1,1,1,2,13,1,1,2,3,2,1,16,1,1,3,1,6,1,14,1,1,4,1,3,2,1,1,14,25,4,6,1,27,1,1,2,8,8,2,6,5,14,12,1,1,1,10,2,12,25,10,1,1,10,1,5,1,6,12,2,6,2,7,23,3,51,6,2,2,5,5,41,31,10,3,1,91,22,1,3,13,11,1,3,20,4,9,6,7,10,3,17,1,1,4,2,0,0,0,0,0,0,0,0,0,0,0,0,0,0,0,0,0,0
776,2007,8,2007-07-01,French Grand Prix,5,24,1,1,1,2,13,1,1,2,3,2,1,16,1,1,3,1,6,1,14,1,1,4,1,3,2,1,1,14,25,4,6,1,27,1,1,2,8,8,2,6,5,14,12,1,1,1,10,2,12,25,10,1,1,10,1,5,1,6,12,2,6,2,7,23,3,51,6,2,2,5,5,41,31,10,3,1,91,22,1,3,13,11,1,3,20,4,9,6,7,11,3,17,1,1,4,2,0,0,0,0,0,0,0,0,0,0,0,0,0,0,0,0,0,0
777,2007,9,2007-07-08,British Grand Prix,5,24,1,1,1,2,13,1,1,2,3,2,1,16,1,1,3,1,6,1,14,1,1,4,1,3,2,1,1,14,25,4,6,1,27,1,1,2,8,8,2,6,5,14,12,1,1,1,10,2,12,25,10,1,1,10,1,5,1,6,12,2,6,2,7,23,3,51,6,2,2,5,5,41,31,10,3,1,91,22,1,3,13,11,1,3,20,4,9,6,7,12,3,17,1,1,4,2,0,0,0,0,0,0,0,0,0,0,0,0,0,0,0,0,0,0
778,2007,10,2007-07-22,European Grand Prix,5,24,1,1,1,2,13,1,1,2,3,2,1,16,1,1,3,1,6,1,14,1,1,4,1,3,2,1,1,14,25,4,6,1,27,1,1,2,8,8,2,6,5,14,12,1,1,1,10,2,12,25,10,1,1,10,1,5,1,6,12,2,6,2,7,23,3,51,6,2,2,5,5,41,31,10,3,1,91,22,1,3,13,11,1,3,20,4,9,6,7,12,3,18,1,1,4,2,0,0,0,0,0,0,0,0,0,0,0,0,0,0,0,0,0,0
779,2007,11,2007-08-05,Hungarian Grand Prix,5,24,1,1,1,2,13,1,1,2,3,2,1,16,1,1,3,1,6,1,14,1,1,4,1,3,2,1,1,14,25,4,6,1,27,1,1,2,8,8,2,6,5,14,12,1,1,1,10,2,12,25,10,1,1,10,1,5,1,6,12,2,6,2,7,23,3,51,6,2,2,5,5,41,31,10,3,1,91,22,1,3,13,11,1,3,20,4,9,6,7,12,3,18,1,1,4,3,0,0,0,0,0,0,0,0,0,0,0,0,0,0,0,0,0,0
780,2007,12,2007-08-26,Turkish Grand Prix,5,24,1,1,1,2,13,1,1,2,3,2,1,16,1,1,3,1,6,1,14,1,1,4,1,3,2,1,1,14,25,4,6,1,27,1,1,2,8,8,2,6,5,14,12,1,1,1,10,2,12,25,10,1,1,10,1,5,1,6,12,2,6,2,7,23,3,51,6,2,2,5,5,41,31,10,3,1,91,22,1,3,13,11,1,3,20,4,9,6,7,12,3,18,1,1,5,3,0,0,0,0,0,0,0,0,0,0,0,0,0,0,0,0,0,0
781,2007,13,2007-09-09,Italian Grand Prix,5,24,1,1,1,2,13,1,1,2,3,2,1,16,1,1,3,1,6,1,14,1,1,4,1,3,2,1,1,14,25,4,6,1,27,1,1,2,8,8,2,6,5,14,12,1,1,1,10,2,12,25,10,1,1,10,1,5,1,6,12,2,6,2,7,23,3,51,6,2,2,5,5,41,31,10,3,1,91,22,1,3,13,11,1,3,20,4,9,6,7,12,3,19,1,1,5,3,0,0,0,0,0,0,0,0,0,0,0,0,0,0,0,0,0,0
782,2007,14,2007-09-16,Belgian Grand Prix,5,24,1,1,1,2,13,1,1,2,3,2,1,16,1,1,3,1,6,1,14,1,1,4,1,3,2,1,1,14,25,4,6,1,27,1,1,2,8,8,2,6,5,14,12,1,1,1,10,2,12,25,10,1,1,10,1,5,1,6,12,2,6,2,7,23,3,51,6,2,2,5,5,41,31,10,3,1,91,22,1,3,13,11,1,3,20,4,9,6,7,13,3,19,1,1,5,3,0,0,0,0,0,0,0,0,0,0,0,0,0,0,0,0,0,0
783,2007,15,2007-09-30,Japanese Grand Prix,5,24,1,1,1,2,13,1,1,2,3,2,1,16,1,1,3,1,6,1,14,1,1,4,1,3,2,1,1,14,25,4,6,1,27,1,1,2,8,8,2,6,5,14,12,1,1,1,10,2,12,25,10,1,1,10,1,5,1,6,12,2,6,2,7,23,3,51,6,2,2,5,5,41,31,10,3,1,91,22,1,3,13,11,1,3,20,4,9,6,7,13,3,19,1,1,5,4,0,0,0,0,0,0,0,0,0,0,0,0,0,0,0,0,0,0
784,2007,16,2007-10-07,Chinese Grand Prix,5,24,1,1,1,2,13,1,1,2,3,2,1,16,1,1,3,1,6,1,14,1,1,4,1,3,2,1,1,14,25,4,6,1,27,1,1,2,8,8,2,6,5,14,12,1,1,1,10,2,12,25,10,1,1,10,1,5,1,6,12,2,6,2,7,23,3,51,6,2,2,5,5,41,31,10,3,1,91,22,1,3,13,11,1,3,20,4,9,6,7,14,3,19,1,1,5,4,0,0,0,0,0,0,0,0,0,0,0,0,0,0,0,0,0,0
785,2007,17,2007-10-21,Brazilian Grand Prix,5,24,1,1,1,2,13,1,1,2,3,2,1,16,1,1,3,1,6,1,14,1,1,4,1,3,2,1,1,14,25,4,6,1,27,1,1,2,8,8,2,6,5,14,12,1,1,1,10,2,12,25,10,1,1,10,1,5,1,6,12,2,6,2,7,23,3,51,6,2,2,5,5,41,31,10,3,1,91,22,1,3,13,11,1,3,20,4,9,6,7,15,3,19,1,1,5,4,0,0,0,0,0,0,0,0,0,0,0,0,0,0,0,0,0,0
786,2008,1,2008-03-16,Australian Grand Prix,5,24,1,1,1,2,13,1,1,2,3,2,1,16,1,1,3,1,6,1,14,1,1,4,1,3,2,1,1,14,25,4,6,1,27,1,1,2,8,8,2,6,5,14,12,1,1,1,10,2,12,25,10,1,1,10,1,5,1,6,12,2,6,2,7,23,3,51,6,2,2,5,5,41,31,10,3,1,91,22,1,3,13,11,1,3,20,4,9,6,7,15,3,19,1,1,5,5,0,0,0,0,0,0,0,0,0,0,0,0,0,0,0,0,0,0
787,2008,2,2008-03-23,Malaysian Grand Prix,5,24,1,1,1,2,13,1,1,2,3,2,1,16,1,1,3,1,6,1,14,1,1,4,1,3,2,1,1,14,25,4,6,1,27,1,1,2,8,8,2,6,5,14,12,1,1,1,10,2,12,25,10,1,1,10,1,5,1,6,12,2,6,2,7,23,3,51,6,2,2,5,5,41,31,10,3,1,91,22,1,3,13,11,1,3,20,4,9,6,7,16,3,19,1,1,5,5,0,0,0,0,0,0,0,0,0,0,0,0,0,0,0,0,0,0
788,2008,3,2008-04-06,Bahrain Grand Prix,5,24,1,1,1,2,13,1,1,2,3,2,1,16,1,1,3,1,6,1,14,1,1,4,1,3,2,1,1,14,25,4,6,1,27,1,1,2,8,8,2,6,5,14,12,1,1,1,10,2,12,25,10,1,1,10,1,5,1,6,12,2,6,2,7,23,3,51,6,2,2,5,5,41,31,10,3,1,91,22,1,3,13,11,1,3,20,4,9,6,7,16,3,19,1,1,6,5,0,0,0,0,0,0,0,0,0,0,0,0,0,0,0,0,0,0
789,2008,4,2008-04-27,Spanish Grand Prix,5,24,1,1,1,2,13,1,1,2,3,2,1,16,1,1,3,1,6,1,14,1,1,4,1,3,2,1,1,14,25,4,6,1,27,1,1,2,8,8,2,6,5,14,12,1,1,1,10,2,12,25,10,1,1,10,1,5,1,6,12,2,6,2,7,23,3,51,6,2,2,5,5,41,31,10,3,1,91,22,1,3,13,11,1,3,20,4,9,6,7,17,3,19,1,1,6,5,0,0,0,0,0,0,0,0,0,0,0,0,0,0,0,0,0,0
790,2008,5,2008-05-11,Turkish Grand Prix,5,24,1,1,1,2,13,1,1,2,3,2,1,16,1,1,3,1,6,1,14,1,1,4,1,3,2,1,1,14,25,4,6,1,27,1,1,2,8,8,2,6,5,14,12,1,1,1,10,2,12,25,10,1,1,10,1,5,1,6,12,2,6,2,7,23,3,51,6,2,2,5,5,41,31,10,3,1,91,22,1,3,13,11,1,3,20,4,9,6,7,17,3,19,1,1,7,5,0,0,0,0,0,0,0,0,0,0,0,0,0,0,0,0,0,0
791,2008,6,2008-05-25,Monaco Grand Prix,5,24,1,1,1,2,13,1,1,2,3,2,1,16,1,1,3,1,6,1,14,1,1,4,1,3,2,1,1,14,25,4,6,1,27,1,1,2,8,8,2,6,5,14,12,1,1,1,10,2,12,25,10,1,1,10,1,5,1,6,12,2,6,2,7,23,3,51,6,2,2,5,5,41,31,10,3,1,91,22,1,3,13,11,1,3,20,4,9,6,7,17,3,19,1,1,7,6,0,0,0,0,0,0,0,0,0,0,0,0,0,0,0,0,0,0
792,2008,7,2008-06-08,Canadian Grand Prix,5,24,1,1,1,2,13,1,1,2,3,2,1,16,1,1,3,1,6,1,14,1,1,4,1,3,2,1,1,14,25,4,6,1,27,1,1,2,8,8,2,6,5,14,12,1,1,1,10,2,12,25,10,1,1,10,1,5,1,6,12,2,6,2,7,23,3,51,6,2,2,5,5,41,31,10,3,1,91,22,1,3,13,11,1,3,20,4,9,6,7,17,3,19,1,1,7,6,1,0,0,0,0,0,0,0,0,0,0,0,0,0,0,0,0,0
793,2008,8,2008-06-22,French Grand Prix,5,24,1,1,1,2,13,1,1,2,3,2,1,16,1,1,3,1,6,1,14,1,1,4,1,3,2,1,1,14,25,4,6,1,27,1,1,2,8,8,2,6,5,14,12,1,1,1,10,2,12,25,10,1,1,10,1,5,1,6,12,2,6,2,7,23,3,51,6,2,2,5,5,41,31,10,3,1,91,22,1,3,13,11,1,3,20,4,9,6,7,17,3,19,1,1,8,6,1,0,0,0,0,0,0,0,0,0,0,0,0,0,0,0,0,0
794,2008,9,2008-07-06,British Grand Prix,5,24,1,1,1,2,13,1,1,2,3,2,1,16,1,1,3,1,6,1,14,1,1,4,1,3,2,1,1,14,25,4,6,1,27,1,1,2,8,8,2,6,5,14,12,1,1,1,10,2,12,25,10,1,1,10,1,5,1,6,12,2,6,2,7,23,3,51,6,2,2,5,5,41,31,10,3,1,91,22,1,3,13,11,1,3,20,4,9,6,7,17,3,19,1,1,8,7,1,0,0,0,0,0,0,0,0,0,0,0,0,0,0,0,0,0
795,2008,10,2008-07-20,German Grand Prix,5,24,1,1,1,2,13,1,1,2,3,2,1,16,1,1,3,1,6,1,14,1,1,4,1,3,2,1,1,14,25,4,6,1,27,1,1,2,8,8,2,6,5,14,12,1,1,1,10,2,12,25,10,1,1,10,1,5,1,6,12,2,6,2,7,23,3,51,6,2,2,5,5,41,31,10,3,1,91,22,1,3,13,11,1,3,20,4,9,6,7,17,3,19,1,1,8,8,1,0,0,0,0,0,0,0,0,0,0,0,0,0,0,0,0,0
796,2008,11,2008-08-03,Hungarian Grand Prix,5,24,1,1,1,2,13,1,1,2,3,2,1,16,1,1,3,1,6,1,14,1,1,4,1,3,2,1,1,14,25,4,6,1,27,1,1,2,8,8,2,6,5,14,12,1,1,1,10,2,12,25,10,1,1,10,1,5,1,6,12,2,6,2,7,23,3,51,6,2,2,5,5,41,31,10,3,1,91,22,1,3,13,11,1,3,20,4,9,6,7,17,3,19,1,1,8,8,1,1,0,0,0,0,0,0,0,0,0,0,0,0,0,0,0,0
797,2008,12,2008-08-24,European Grand Prix,5,24,1,1,1,2,13,1,1,2,3,2,1,16,1,1,3,1,6,1,14,1,1,4,1,3,2,1,1,14,25,4,6,1,27,1,1,2,8,8,2,6,5,14,12,1,1,1,10,2,12,25,10,1,1,10,1,5,1,6,12,2,6,2,7,23,3,51,6,2,2,5,5,41,31,10,3,1,91,22,1,3,13,11,1,3,20,4,9,6,7,17,3,19,1,1,9,8,1,1,0,0,0,0,0,0,0,0,0,0,0,0,0,0,0,0
798,2008,13,2008-09-07,Belgian Grand Prix,5,24,1,1,1,2,13,1,1,2,3,2,1,16,1,1,3,1,6,1,14,1,1,4,1,3,2,1,1,14,25,4,6,1,27,1,1,2,8,8,2,6,5,14,12,1,1,1,10,2,12,25,10,1,1,10,1,5,1,6,12,2,6,2,7,23,3,51,6,2,2,5,5,41,31,10,3,1,91,22,1,3,13,11,1,3,20,4,9,6,7,17,3,19,1,1,10,8,1,1,0,0,0,0,0,0,0,0,0,0,0,0,0,0,0,0
799,2008,14,2008-09-14,Italian Grand Prix,5,24,1,1,1,2,13,1,1,2,3,2,1,16,1,1,3,1,6,1,14,1,1,4,1,3,2,1,1,14,25,4,6,1,27,1,1,2,8,8,2,6,5,14,12,1,1,1,10,2,12,25,10,1,1,10,1,5,1,6,12,2,6,2,7,23,3,51,6,2,2,5,5,41,31,10,3,1,91,22,1,3,13,11,1,3,20,4,9,6,7,17,3,19,1,1,10,8,1,1,1,0,0,0,0,0,0,0,0,0,0,0,0,0,0,0
800,2008,15,2008-09-28,Singapore Grand Prix,5,24,1,1,1,2,13,1,1,2,3,2,1,16,1,1,3,1,6,1,14,1,1,4,1,3,2,1,1,14,25,4,6,1,27,1,1,2,8,8,2,6,5,14,12,1,1,1,10,2,12,25,10,1,1,10,1,5,1,6,12,2,6,2,7,23,3,51,6,2,2,5,5,41,31,10,3,1,91,22,1,3,13,11,1,3,20,4,9,6,7,17,3,20,1,1,10,8,1,1,1,0,0,0,0,0,0,0,0,0,0,0,0,0,0,0
801,2008,16,2008-10-12,Japanese Grand Prix,5,24,1,1,1,2,13,1,1,2,3,2,1,16,1,1,3,1,6,1,14,1,1,4,1,3,2,1,1,14,25,4,6,1,27,1,1,2,8,8,2,6,5,14,12,1,1,1,10,2,12,25,10,1,1,10,1,5,1,6,12,2,6,2,7,23,3,51,6,2,2,5,5,41,31,10,3,1,91,22,1,3,13,11,1,3,20,4,9,6,7,17,3,21,1,1,10,8,1,1,1,0,0,0,0,0,0,0,0,0,0,0,0,0,0,0
802,2008,17,2008-10-19,Chinese Grand Prix,5,24,1,1,1,2,13,1,1,2,3,2,1,16,1,1,3,1,6,1,14,1,1,4,1,3,2,1,1,14,25,4,6,1,27,1,1,2,8,8,2,6,5,14,12,1,1,1,10,2,12,25,10,1,1,10,1,5,1,6,12,2,6,2,7,23,3,51,6,2,2,5,5,41,31,10,3,1,91,22,1,3,13,11,1,3,20,4,9,6,7,17,3,21,1,1,10,9,1,1,1,0,0,0,0,0,0,0,0,0,0,0,0,0,0,0
803,2008,18,2008-11-02,Brazilian Grand Prix,5,24,1,1,1,2,13,1,1,2,3,2,1,16,1,1,3,1,6,1,14,1,1,4,1,3,2,1,1,14,25,4,6,1,27,1,1,2,8,8,2,6,5,14,12,1,1,1,10,2,12,25,10,1,1,10,1,5,1,6,12,2,6,2,7,23,3,51,6,2,2,5,5,41,31,10,3,1,91,22,1,3,13,11,1,3,20,4,9,6,7,17,3,21,1,1,11,9,1,1,1,0,0,0,0,0,0,0,0,0,0,0,0,0,0,0
804,2009,1,2009-03-29,Australian Grand Prix,5,24,1,1,1,2,13,1,1,2,3,2,1,16,1,1,3,1,6,1,14,1,1,4,1,3,2,1,1,14,25,4,6,1,27,1,1,2,8,8,2,6,5,14,12,1,1,1,10,2,12,25,10,1,1,10,1,5,1,6,12,2,6,2,7,23,3,51,6,2,2,5,5,41,31,10,3,1,91,22,1,3,13,11,1,3,20,4,9,6,7,17,3,21,1,2,11,9,1,1,1,0,0,0,0,0,0,0,0,0,0,0,0,0,0,0
805,2009,2,2009-04-05,Malaysian Grand Prix,5,24,1,1,1,2,13,1,1,2,3,2,1,16,1,1,3,1,6,1,14,1,1,4,1,3,2,1,1,14,25,4,6,1,27,1,1,2,8,8,2,6,5,14,12,1,1,1,10,2,12,25,10,1,1,10,1,5,1,6,12,2,6,2,7,23,3,51,6,2,2,5,5,41,31,10,3,1,91,22,1,3,13,11,1,3,20,4,9,6,7,17,3,21,1,3,11,9,1,1,1,0,0,0,0,0,0,0,0,0,0,0,0,0,0,0
806,2009,3,2009-04-19,Chinese Grand Prix,5,24,1,1,1,2,13,1,1,2,3,2,1,16,1,1,3,1,6,1,14,1,1,4,1,3,2,1,1,14,25,4,6,1,27,1,1,2,8,8,2,6,5,14,12,1,1,1,10,2,12,25,10,1,1,10,1,5,1,6,12,2,6,2,7,23,3,51,6,2,2,5,5,41,31,10,3,1,91,22,1,3,13,11,1,3,20,4,9,6,7,17,3,21,1,3,11,9,1,1,2,0,0,0,0,0,0,0,0,0,0,0,0,0,0,0
807,2009,4,2009-04-26,Bahrain Grand Prix,5,24,1,1,1,2,13,1,1,2,3,2,1,16,1,1,3,1,6,1,14,1,1,4,1,3,2,1,1,14,25,4,6,1,27,1,1,2,8,8,2,6,5,14,12,1,1,1,10,2,12,25,10,1,1,10,1,5,1,6,12,2,6,2,7,23,3,51,6,2,2,5,5,41,31,10,3,1,91,22,1,3,13,11,1,3,20,4,9,6,7,17,3,21,1,4,11,9,1,1,2,0,0,0,0,0,0,0,0,0,0,0,0,0,0,0
808,2009,5,2009-05-10,Spanish Grand Prix,5,24,1,1,1,2,13,1,1,2,3,2,1,16,1,1,3,1,6,1,14,1,1,4,1,3,2,1,1,14,25,4,6,1,27,1,1,2,8,8,2,6,5,14,12,1,1,1,10,2,12,25,10,1,1,10,1,5,1,6,12,2,6,2,7,23,3,51,6,2,2,5,5,41,31,10,3,1,91,22,1,3,13,11,1,3,20,4,9,6,7,17,3,21,1,5,11,9,1,1,2,0,0,0,0,0,0,0,0,0,0,0,0,0,0,0
809,2009,6,2009-05-24,Monaco Grand Prix,5,24,1,1,1,2,13,1,1,2,3,2,1,16,1,1,3,1,6,1,14,1,1,4,1,3,2,1,1,14,25,4,6,1,27,1,1,2,8,8,2,6,5,14,12,1,1,1,10,2,12,25,10,1,1,10,1,5,1,6,12,2,6,2,7,23,3,51,6,2,2,5,5,41,31,10,3,1,91,22,1,3,13,11,1,3,20,4,9,6,7,17,3,21,1,6,11,9,1,1,2,0,0,0,0,0,0,0,0,0,0,0,0,0,0,0
810,2009,7,2009-06-07,Turkish Grand Prix,5,24,1,1,1,2,13,1,1,2,3,2,1,16,1,1,3,1,6,1,14,1,1,4,1,3,2,1,1,14,25,4,6,1,27,1,1,2,8,8,2,6,5,14,12,1,1,1,10,2,12,25,10,1,1,10,1,5,1,6,12,2,6,2,7,23,3,51,6,2,2,5,5,41,31,10,3,1,91,22,1,3,13,11,1,3,20,4,9,6,7,17,3,21,1,7,11,9,1,1,2,0,0,0,0,0,0,0,0,0,0,0,0,0,0,0
811,2009,8,2009-06-21,British Grand Prix,5,24,1,1,1,2,13,1,1,2,3,2,1,16,1,1,3,1,6,1,14,1,1,4,1,3,2,1,1,14,25,4,6,1,27,1,1,2,8,8,2,6,5,14,12,1,1,1,10,2,12,25,10,1,1,10,1,5,1,6,12,2,6,2,7,23,3,51,6,2,2,5,5,41,31,10,3,1,91,22,1,3,13,11,1,3,20,4,9,6,7,17,3,21,1,7,11,9,1,1,3,0,0,0,0,0,0,0,0,0,0,0,0,0,0,0
812,2009,9,2009-07-12,German Grand Prix,5,24,1,1,1,2,13,1,1,2,3,2,1,16,1,1,3,1,6,1,14,1,1,4,1,3,2,1,1,14,25,4,6,1,27,1,1,2,8,8,2,6,5,14,12,1,1,1,10,2,12,25,10,1,1,10,1,5,1,6,12,2,6,2,7,23,3,51,6,2,2,5,5,41,31,10,3,1,91,22,1,3,13,11,1,3,20,4,9,6,7,17,3,21,1,7,11,9,1,1,3,1,0,0,0,0,0,0,0,0,0,0,0,0,0,0
813,2009,10,2009-07-26,Hungarian Grand Prix,5,24,1,1,1,2,13,1,1,2,3,2,1,16,1,1,3,1,6,1,14,1,1,4,1,3,2,1,1,14,25,4,6,1,27,1,1,2,8,8,2,6,5,14,12,1,1,1,10,2,12,25,10,1,1,10,1,5,1,6,12,2,6,2,7,23,3,51,6,2,2,5,5,41,31,10,3,1,91,22,1,3,13,11,1,3,20,4,9,6,7,17,3,21,1,7,11,10,1,1,3,1,0,0,0,0,0,0,0,0,0,0,0,0,0,0
814,2009,11,2009-08-23,European Grand Prix,5,24,1,1,1,2,13,1,1,2,3,2,1,16,1,1,3,1,6,1,14,1,1,4,1,3,2,1,1,14,25,4,6,1,27,1,1,2,8,8,2,6,5,14,12,1,1,1,10,2,12,25,10,1,1,10,1,5,1,6,12,2,6,2,7,23,3,51,6,2,2,5,5,41,31,10,3,1,91,22,1,3,13,11,1,3,20,4,10,6,7,17,3,21,1,7,11,10,1,1,3,1,0,0,0,0,0,0,0,0,0,0,0,0,0,0
815,2009,12,2009-08-30,Belgian Grand Prix,5,24,1,1,1,2,13,1,1,2,3,2,1,16,1,1,3,1,6,1,14,1,1,4,1,3,2,1,1,14,25,4,6,1,27,1,1,2,8,8,2,6,5,14,12,1,1,1,10,2,12,25,10,1,1,10,1,5,1,6,12,2,6,2,7,23,3,51,6,2,2,5,5,41,31,10,3,1,91,22,1,3,13,11,1,3,20,4,10,6,7,18,3,21,1,7,11,10,1,1,3,1,0,0,0,0,0,0,0,0,0,0,0,0,0,0
816,2009,13,2009-09-13,Italian Grand Prix,5,24,1,1,1,2,13,1,1,2,3,2,1,16,1,1,3,1,6,1,14,1,1,4,1,3,2,1,1,14,25,4,6,1,27,1,1,2,8,8,2,6,5,14,12,1,1,1,10,2,12,25,10,1,1,10,1,5,1,6,12,2,6,2,7,23,3,51,6,2,2,5,5,41,31,10,3,1,91,22,1,3,13,11,1,3,20,4,11,6,7,18,3,21,1,7,11,10,1,1,3,1,0,0,0,0,0,0,0,0,0,0,0,0,0,0
817,2009,14,2009-09-27,Singapore Grand Prix,5,24,1,1,1,2,13,1,1,2,3,2,1,16,1,1,3,1,6,1,14,1,1,4,1,3,2,1,1,14,25,4,6,1,27,1,1,2,8,8,2,6,5,14,12,1,1,1,10,2,12,25,10,1,1,10,1,5,1,6,12,2,6,2,7,23,3,51,6,2,2,5,5,41,31,10,3,1,91,22,1,3,13,11,1,3,20,4,11,6,7,18,3,21,1,7,11,11,1,1,3,1,0,0,0,0,0,0,0,0,0,0,0,0,0,0
818,2009,15,2009-10-04,Japanese Grand Prix,5,24,1,1,1,2,13,1,1,2,3,2,1,16,1,1,3,1,6,1,14,1,1,4,1,3,2,1,1,14,25,4,6,1,27,1,1,2,8,8,2,6,5,14,12,1,1,1,10,2,12,25,10,1,1,10,1,5,1,6,12,2,6,2,7,23,3,51,6,2,2,5,5,41,31,10,3,1,91,22,1,3,13,11,1,3,20,4,11,6,7,18,3,21,1,7,11,11,1,1,4,1,0,0,0,0,0,0,0,0,0,0,0,0,0,0
819,2009,16,2009-10-18,Brazilian Grand Prix,5,24,1,1,1,2,13,1,1,2,3,2,1,16,1,1,3,1,6,1,14,1,1,4,1,3,2,1,1,14,25,4,6,1,27,1,1,2,8,8,2,6,5,14,12,1,1,1,10,2,12,25,10,1,1,10,1,5,1,6,12,2,6,2,7,23,3,51,6,2,2,5,5,41,31,10,3,1,91,22,1,3,13,11,1,3,20,4,11,6,7,18,3,21,1,7,11,11,1,1,4,2,0,0,0,0,0,0,0,0,0,0,0,0,0,0
820,2009,17,2009-11-01,Abu Dhabi Grand Prix,5,24,1,1,1,2,13,1,1,2,3,2,1,16,1,1,3,1,6,1,14,1,1,4,1,3,2,1,1,14,25,4,6,1,27,1,1,2,8,8,2,6,5,14,12,1,1,1,10,2,12,25,10,1,1,10,1,5,1,6,12,2,6,2,7,23,3,51,6,2,2,5,5,41,31,10,3,1,91,22,1,3,13,11,1,3,20,4,11,6,7,18,3,21,1,7,11,11,1,1,5,2,0,0,0,0,0,0,0,0,0,0,0,0,0,0
821,2010,1,2010-03-14,Bahrain Grand Prix,5,24,1,1,1,2,13,1,1,2,3,2,1,16,1,1,3,1,6,1,14,1,1,4,1,3,2,1,1,14,25,4,6,1,27,1,1,2,8,8,2,6,5,14,12,1,1,1,10,2,12,25,10,1,1,10,1,5,1,6,12,2,6,2,7,23,3,51,6,2,2,5,5,41,31,10,3,1,91,22,1,3,13,11,1,3,20,4,11,6,7,18,3,22,1,7,11,11,1,1,5,2,0,0,0,0,0,0,0,0,0,0,0,0,0,0
822,2010,2,2010-03-28,Australian Grand Prix,5,24,1,1,1,2,13,1,1,2,3,2,1,16,1,1,3,1,6,1,14,1,1,4,1,3,2,1,1,14,25,4,6,1,27,1,1,2,8,8,2,6,5,14,12,1,1,1,10,2,12,25,10,1,1,10,1,5,1,6,12,2,6,2,7,23,3,51,6,2,2,5,5,41,31,10,3,1,91,22,1,3,13,11,1,3,20,4,11,6,7,18,3,22,1,8,11,11,1,1,5,2,0,0,0,0,0,0,0,0,0,0,0,0,0,0
823,2010,3,2010-04-04,Malaysian Grand Prix,5,24,1,1,1,2,13,1,1,2,3,2,1,16,1,1,3,1,6,1,14,1,1,4,1,3,2,1,1,14,25,4,6,1,27,1,1,2,8,8,2,6,5,14,12,1,1,1,10,2,12,25,10,1,1,10,1,5,1,6,12,2,6,2,7,23,3,51,6,2,2,5,5,41,31,10,3,1,91,22,1,3,13,11,1,3,20,4,11,6,7,18,3,22,1,8,11,11,1,1,6,2,0,0,0,0,0,0,0,0,0,0,0,0,0,0
824,2010,4,2010-04-18,Chinese Grand Prix,5,24,1,1,1,2,13,1,1,2,3,2,1,16,1,1,3,1,6,1,14,1,1,4,1,3,2,1,1,14,25,4,6,1,27,1,1,2,8,8,2,6,5,14,12,1,1,1,10,2,12,25,10,1,1,10,1,5,1,6,12,2,6,2,7,23,3,51,6,2,2,5,5,41,31,10,3,1,91,22,1,3,13,11,1,3,20,4,11,6,7,18,3,22,1,9,11,11,1,1,6,2,0,0,0,0,0,0,0,0,0,0,0,0,0,0
825,2010,5,2010-05-09,Spanish Grand Prix,5,24,1,1,1,2,13,1,1,2,3,2,1,16,1,1,3,1,6,1,14,1,1,4,1,3,2,1,1,14,25,4,6,1,27,1,1,2,8,8,2,6,5,14,12,1,1,1,10,2,12,25,10,1,1,10,1,5,1,6,12,2,6,2,7,23,3,51,6,2,2,5,5,41,31,10,3,1,91,22,1,3,13,11,1,3,20,4,11,6,7,18,3,22,1,9,11,11,1,1,6,3,0,0,0,0,0,0,0,0,0,0,0,0,0,0
826,2010,6,2010-05-16,Monaco Grand Prix,5,24,1,1,1,2,13,1,1,2,3,2,1,16,1,1,3,1,6,1,14,1,1,4,1,3,2,1,1,14,25,4,6,1,27,1,1,2,8,8,2,6,5,14,12,1,1,1,10,2,12,25,10,1,1,10,1,5,1,6,12,2,6,2,7,23,3,51,6,2,2,5,5,41,31,10,3,1,91,22,1,3,13,11,1,3,20,4,11,6,7,18,3,22,1,9,11,11,1,1,6,4,0,0,0,0,0,0,0,0,0,0,0,0,0,0
827,2010,7,2010-05-30,Turkish Grand Prix,5,24,1,1,1,2,13,1,1,2,3,2,1,16,1,1,3,1,6,1,14,1,1,4,1,3,2,1,1,14,25,4,6,1,27,1,1,2,8,8,2,6,5,14,12,1,1,1,10,2,12,25,10,1,1,10,1,5,1,6,12,2,6,2,7,23,3,51,6,2,2,5,5,41,31,10,3,1,91,22,1,3,13,11,1,3,20,4,11,6,7,18,3,22,1,9,11,12,1,1,6,4,0,0,0,0,0,0,0,0,0,0,0,0,0,0
828,2010,8,2010-06-13,Canadian Grand Prix,5,24,1,1,1,2,13,1,1,2,3,2,1,16,1,1,3,1,6,1,14,1,1,4,1,3,2,1,1,14,25,4,6,1,27,1,1,2,8,8,2,6,5,14,12,1,1,1,10,2,12,25,10,1,1,10,1,5,1,6,12,2,6,2,7,23,3,51,6,2,2,5,5,41,31,10,3,1,91,22,1,3,13,11,1,3,20,4,11,6,7,18,3,22,1,9,11,13,1,1,6,4,0,0,0,0,0,0,0,0,0,0,0,0,0,0
829,2010,9,2010-06-27,European Grand Prix,5,24,1,1,1,2,13,1,1,2,3,2,1,16,1,1,3,1,6,1,14,1,1,4,1,3,2,1,1,14,25,4,6,1,27,1,1,2,8,8,2,6,5,14,12,1,1,1,10,2,12,25,10,1,1,10,1,5,1,6,12,2,6,2,7,23,3,51,6,2,2,5,5,41,31,10,3,1,91,22,1,3,13,11,1,3,20,4,11,6,7,18,3,22,1,9,11,13,1,1,7,4,0,0,0,0,0,0,0,0,0,0,0,0,0,0
830,2010,10,2010-07-11,British Grand Prix,5,24,1,1,1,2,13,1,1,2,3,2,1,16,1,1,3,1,6,1,14,1,1,4,1,3,2,1,1,14,25,4,6,1,27,1,1,2,8,8,2,6,5,14,12,1,1,1,10,2,12,25,10,1,1,10,1,5,1,6,12,2,6,2,7,23,3,51,6,2,2,5,5,41,31,10,3,1,91,22,1,3,13,11,1,3,20,4,11,6,7,18,3,22,1,9,11,13,1,1,7,5,0,0,0,0,0,0,0,0,0,0,0,0,0,0
831,2010,11,2010-07-25,German Grand Prix,5,24,1,1,1,2,13,1,1,2,3,2,1,16,1,1,3,1,6,1,14,1,1,4,1,3,2,1,1,14,25,4,6,1,27,1,1,2,8,8,2,6,5,14,12,1,1,1,10,2,12,25,10,1,1,10,1,5,1,6,12,2,6,2,7,23,3,51,6,2,2,5,5,41,31,10,3,1,91,22,1,3,13,11,1,3,20,4,11,6,7,18,3,23,1,9,11,13,1,1,7,5,0,0,0,0,0,0,0,0,0,0,0,0,0,0
832,2010,12,2010-08-01,Hungarian Grand Prix,5,24,1,1,1,2,13,1,1,2,3,2,1,16,1,1,3,1,6,1,14,1,1,4,1,3,2,1,1,14,25,4,6,1,27,1,1,2,8,8,2,6,5,14,12,1,1,1,10,2,12,25,10,1,1,10,1,5,1,6,12,2,6,2,7,23,3,51,6,2,2,5,5,41,31,10,3,1,91,22,1,3,13,11,1,3,20,4,11,6,7,18,3,23,1,9,11,13,1,1,7,6,0,0,0,0,0,0,0,0,0,0,0,0,0,0
833,2010,13,2010-08-29,Belgian Grand Prix,5,24,1,1,1,2,13,1,1,2,3,2,1,16,1,1,3,1,6,1,14,1,1,4,1,3,2,1,1,14,25,4,6,1,27,1,1,2,8,8,2,6,5,14,12,1,1,1,10,2,12,25,10,1,1,10,1,5,1,6,12,2,6,2,7,23,3,51,6,2,2,5,5,41,31,10,3,1,91,22,1,3,13,11,1,3,20,4,11,6,7,18,3,23,1,9,11,14,1,1,7,6,0,0,0,0,0,0,0,0,0,0,0,0,0,0
834,2010,14,2010-09-12,Italian Grand Prix,5,24,1,1,1,2,13,1,1,2,3,2,1,16,1,1,3,1,6,1,14,1,1,4,1,3,2,1,1,14,25,4,6,1,27,1,1,2,8,8,2,6,5,14,12,1,1,1,10,2,12,25,10,1,1,10,1,5,1,6,12,2,6,2,7,23,3,51,6,2,2,5,5,41,31,10,3,1,91,22,1,3,13,11,1,3,20,4,11,6,7,18,3,24,1,9,11,14,1,1,7,6,0,0,0,0,0,0,0,0,0,0,0,0,0,0
835,2010,15,2010-09-26,Singapore Grand Prix,5,24,1,1,1,2,13,1,1,2,3,2,1,16,1,1,3,1,6,1,14,1,1,4,1,3,2,1,1,14,25,4,6,1,27,1,1,2,8,8,2,6,5,14,12,1,1,1,10,2,12,25,10,1,1,10,1,5,1,6,12,2,6,2,7,23,3,51,6,2,2,5,5,41,31,10,3,1,91,22,1,3,13,11,1,3,20,4,11,6,7,18,3,25,1,9,11,14,1,1,7,6,0,0,0,0,0,0,0,0,0,0,0,0,0,0
836,2010,16,2010-10-10,Japanese Grand Prix,5,24,1,1,1,2,13,1,1,2,3,2,1,16,1,1,3,1,6,1,14,1,1,4,1,3,2,1,1,14,25,4,6,1,27,1,1,2,8,8,2,6,5,14,12,1,1,1,10,2,12,25,10,1,1,10,1,5,1,6,12,2,6,2,7,23,3,51,6,2,2,5,5,41,31,10,3,1,91,22,1,3,13,11,1,3,20,4,11,6,7,18,3,25,1,9,11,14,1,1,8,6,0,0,0,0,0,0,0,0,0,0,0,0,0,0
837,2010,17,2010-10-24,Korean Grand Prix,5,24,1,1,1,2,13,1,1,2,3,2,1,16,1,1,3,1,6,1,14,1,1,4,1,3,2,1,1,14,25,4,6,1,27,1,1,2,8,8,2,6,5,14,12,1,1,1,10,2,12,25,10,1,1,10,1,5,1,6,12,2,6,2,7,23,3,51,6,2,2,5,5,41,31,10,3,1,91,22,1,3,13,11,1,3,20,4,11,6,7,18,3,26,1,9,11,14,1,1,8,6,0,0,0,0,0,0,0,0,0,0,0,0,0,0
838,2010,18,2010-11-07,Brazilian Grand Prix,5,24,1,1,1,2,13,1,1,2,3,2,1,16,1,1,3,1,6,1,14,1,1,4,1,3,2,1,1,14,25,4,6,1,27,1,1,2,8,8,2,6,5,14,12,1,1,1,10,2,12,25,10,1,1,10,1,5,1,6,12,2,6,2,7,23,3,51,6,2,2,5,5,41,31,10,3,1,91,22,1,3,13,11,1,3,20,4,11,6,7,18,3,26,1,9,11,14,1,1,9,6,0,0,0,0,0,0,0,0,0,0,0,0,0,0
839,2010,19,2010-11-14,Abu Dhabi Grand Prix,5,24,1,1,1,2,13,1,1,2,3,2,1,16,1,1,3,1,6,1,14,1,1,4,1,3,2,1,1,14,25,4,6,1,27,1,1,2,8,8,2,6,5,14,12,1,1,1,10,2,12,25,10,1,1,10,1,5,1,6,12,2,6,2,7,23,3,51,6,2,2,5,5,41,31,10,3,1,91,22,1,3,13,11,1,3,20,4,11,6,7,18,3,26,1,9,11,14,1,1,10,6,0,0,0,0,0,0,0,0,0,0,0,0,0,0
840,2011,1,2011-03-27,Australian Grand Prix,5,24,1,1,1,2,13,1,1,2,3,2,1,16,1,1,3,1,6,1,14,1,1,4,1,3,2,1,1,14,25,4,6,1,27,1,1,2,8,8,2,6,5,14,12,1,1,1,10,2,12,25,10,1,1,10,1,5,1,6,12,2,6,2,7,23,3,51,6,2,2,5,5,41,31,10,3,1,91,22,1,3,13,11,1,3,20,4,11,6,7,18,3,26,1,9,11,14,1,1,11,6,0,0,0,0,0,0,0,0,0,0,0,0,0,0
841,2011,2,2011-04-10,Malaysian Grand Prix,5,24,1,1,1,2,13,1,1,2,3,2,1,16,1,1,3,1,6,1,14,1,1,4,1,3,2,1,1,14,25,4,6,1,27,1,1,2,8,8,2,6,5,14,12,1,1,1,10,2,12,25,10,1,1,10,1,5,1,6,12,2,6,2,7,23,3,51,6,2,2,5,5,41,31,10,3,1,91,22,1,3,13,11,1,3,20,4,11,6,7,18,3,26,1,9,11,14,1,1,12,6,0,0,0,0,0,0,0,0,0,0,0,0,0,0
842,2011,3,2011-04-17,Chinese Grand Prix,5,24,1,1,1,2,13,1,1,2,3,2,1,16,1,1,3,1,6,1,14,1,1,4,1,3,2,1,1,14,25,4,6,1,27,1,1,2,8,8,2,6,5,14,12,1,1,1,10,2,12,25,10,1,1,10,1,5,1,6,12,2,6,2,7,23,3,51,6,2,2,5,5,41,31,10,3,1,91,22,1,3,13,11,1,3,20,4,11,6,7,18,3,26,1,9,11,15,1,1,12,6,0,0,0,0,0,0,0,0,0,0,0,0,0,0
843,2011,4,2011-05-08,Turkish Grand Prix,5,24,1,1,1,2,13,1,1,2,3,2,1,16,1,1,3,1,6,1,14,1,1,4,1,3,2,1,1,14,25,4,6,1,27,1,1,2,8,8,2,6,5,14,12,1,1,1,10,2,12,25,10,1,1,10,1,5,1,6,12,2,6,2,7,23,3,51,6,2,2,5,5,41,31,10,3,1,91,22,1,3,13,11,1,3,20,4,11,6,7,18,3,26,1,9,11,15,1,1,13,6,0,0,0,0,0,0,0,0,0,0,0,0,0,0
844,2011,5,2011-05-22,Spanish Grand Prix,5,24,1,1,1,2,13,1,1,2,3,2,1,16,1,1,3,1,6,1,14,1,1,4,1,3,2,1,1,14,25,4,6,1,27,1,1,2,8,8,2,6,5,14,12,1,1,1,10,2,12,25,10,1,1,10,1,5,1,6,12,2,6,2,7,23,3,51,6,2,2,5,5,41,31,10,3,1,91,22,1,3,13,11,1,3,20,4,11,6,7,18,3,26,1,9,11,15,1,1,14,6,0,0,0,0,0,0,0,0,0,0,0,0,0,0
845,2011,6,2011-05-29,Monaco Grand Prix,5,24,1,1,1,2,13,1,1,2,3,2,1,16,1,1,3,1,6,1,14,1,1,4,1,3,2,1,1,14,25,4,6,1,27,1,1,2,8,8,2,6,5,14,12,1,1,1,10,2,12,25,10,1,1,10,1,5,1,6,12,2,6,2,7,23,3,51,6,2,2,5,5,41,31,10,3,1,91,22,1,3,13,11,1,3,20,4,11,6,7,18,3,26,1,9,11,15,1,1,15,6,0,0,0,0,0,0,0,0,0,0,0,0,0,0
846,2011,7,2011-06-12,Canadian Grand Prix,5,24,1,1,1,2,13,1,1,2,3,2,1,16,1,1,3,1,6,1,14,1,1,4,1,3,2,1,1,14,25,4,6,1,27,1,1,2,8,8,2,6,5,14,12,1,1,1,10,2,12,25,10,1,1,10,1,5,1,6,12,2,6,2,7,23,3,51,6,2,2,5,5,41,31,10,3,1,91,22,1,3,13,11,1,3,20,4,11,6,7,18,3,26,1,10,11,15,1,1,15,6,0,0,0,0,0,0,0,0,0,0,0,0,0,0
847,2011,8,2011-06-26,European Grand Prix,5,24,1,1,1,2,13,1,1,2,3,2,1,16,1,1,3,1,6,1,14,1,1,4,1,3,2,1,1,14,25,4,6,1,27,1,1,2,8,8,2,6,5,14,12,1,1,1,10,2,12,25,10,1,1,10,1,5,1,6,12,2,6,2,7,23,3,51,6,2,2,5,5,41,31,10,3,1,91,22,1,3,13,11,1,3,20,4,11,6,7,18,3,26,1,10,11,15,1,1,16,6,0,0,0,0,0,0,0,0,0,0,0,0,0,0
848,2011,9,2011-07-10,British Grand Prix,5,24,1,1,1,2,13,1,1,2,3,2,1,16,1,1,3,1,6,1,14,1,1,4,1,3,2,1,1,14,25,4,6,1,27,1,1,2,8,8,2,6,5,14,12,1,1,1,10,2,12,25,10,1,1,10,1,5,1,6,12,2,6,2,7,23,3,51,6,2,2,5,5,41,31,10,3,1,91,22,1,3,13,11,1,3,20,4,11,6,7,18,3,27,1,10,11,15,1,1,16,6,0,0,0,0,0,0,0,0,0,0,0,0,0,0
849,2011,10,2011-07-24,German Grand Prix,5,24,1,1,1,2,13,1,1,2,3,2,1,16,1,1,3,1,6,1,14,1,1,4,1,3,2,1,1,14,25,4,6,1,27,1,1,2,8,8,2,6,5,14,12,1,1,1,10,2,12,25,10,1,1,10,1,5,1,6,12,2,6,2,7,23,3,51,6,2,2,5,5,41,31,10,3,1,91,22,1,3,13,11,1,3,20,4,11,6,7,18,3,27,1,10,11,16,1,1,16,6,0,0,0,0,0,0,0,0,0,0,0,0,0,0
850,2011,11,2011-07-31,Hungarian Grand Prix,5,24,1,1,1,2,13,1,1,2,3,2,1,16,1,1,3,1,6,1,14,1,1,4,1,3,2,1,1,14,25,4,6,1,27,1,1,2,8,8,2,6,5,14,12,1,1,1,10,2,12,25,10,1,1,10,1,5,1,6,12,2,6,2,7,23,3,51,6,2,2,5,5,41,31,10,3,1,91,22,1,3,13,11,1,3,20,4,11,6,7,18,3,27,1,11,11,16,1,1,16,6,0,0,0,0,0,0,0,0,0,0,0,0,0,0
851,2011,12,2011-08-28,Belgian Grand Prix,5,24,1,1,1,2,13,1,1,2,3,2,1,16,1,1,3,1,6,1,14,1,1,4,1,3,2,1,1,14,25,4,6,1,27,1,1,2,8,8,2,6,5,14,12,1,1,1,10,2,12,25,10,1,1,10,1,5,1,6,12,2,6,2,7,23,3,51,6,2,2,5,5,41,31,10,3,1,91,22,1,3,13,11,1,3,20,4,11,6,7,18,3,27,1,11,11,16,1,1,17,6,0,0,0,0,0,0,0,0,0,0,0,0,0,0
852,2011,13,2011-09-11,Italian Grand Prix,5,24,1,1,1,2,13,1,1,2,3,2,1,16,1,1,3,1,6,1,14,1,1,4,1,3,2,1,1,14,25,4,6,1,27,1,1,2,8,8,2,6,5,14,12,1,1,1,10,2,12,25,10,1,1,10,1,5,1,6,12,2,6,2,7,23,3,51,6,2,2,5,5,41,31,10,3,1,91,22,1,3,13,11,1,3,20,4,11,6,7,18,3,27,1,11,11,16,1,1,18,6,0,0,0,0,0,0,0,0,0,0,0,0,0,0
853,2011,14,2011-09-25,Singapore Grand Prix,5,24,1,1,1,2,13,1,1,2,3,2,1,16,1,1,3,1,6,1,14,1,1,4,1,3,2,1,1,14,25,4,6,1,27,1,1,2,8,8,2,6,5,14,12,1,1,1,10,2,12,25,10,1,1,10,1,5,1,6,12,2,6,2,7,23,3,51,6,2,2,5,5,41,31,10,3,1,91,22,1,3,13,11,1,3,20,4,11,6,7,18,3,27,1,11,11,16,1,1,19,6,0,0,0,0,0,0,0,0,0,0,0,0,0,0
854,2011,15,2011-10-09,Japanese Grand Prix,5,24,1,1,1,2,13,1,1,2,3,2,1,16,1,1,3,1,6,1,14,1,1,4,1,3,2,1,1,14,25,4,6,1,27,1,1,2,8,8,2,6,5,14,12,1,1,1,10,2,12,25,10,1,1,10,1,5,1,6,12,2,6,2,7,23,3,51,6,2,2,5,5,41,31,10,3,1,91,22,1,3,13,11,1,3,20,4,11,6,7,18,3,27,1,12,11,16,1,1,19,6,0,0,0,0,0,0,0,0,0,0,0,0,0,0
855,2011,16,2011-10-16,Korean Grand Prix,5,24,1,1,1,2,13,1,1,2,3,2,1,16,1,1,3,1,6,1,14,1,1,4,1,3,2,1,1,14,25,4,6,1,27,1,1,2,8,8,2,6,5,14,12,1,1,1,10,2,12,25,10,1,1,10,1,5,1,6,12,2,6,2,7,23,3,51,6,2,2,5,5,41,31,10,3,1,91,22,1,3,13,11,1,3,20,4,11,6,7,18,3,27,1,12,11,16,1,1,20,6,0,0,0,0,0,0,0,0,0,0,0,0,0,0
856,2011,17,2011-10-30,Indian Grand Prix,5,24,1,1,1,2,13,1,1,2,3,2,1,16,1,1,3,1,6,1,14,1,1,4,1,3,2,1,1,14,25,4,6,1,27,1,1,2,8,8,2,6,5,14,12,1,1,1,10,2,12,25,10,1,1,10,1,5,1,6,12,2,6,2,7,23,3,51,6,2,2,5,5,41,31,10,3,1,91,22,1,3,13,11,1,3,20,4,11,6,7,18,3,27,1,12,11,16,1,1,21,6,0,0,0,0,0,0,0,0,0,0,0,0,0,0
857,2011,18,2011-11-13,Abu Dhabi Grand Prix,5,24,1,1,1,2,13,1,1,2,3,2,1,16,1,1,3,1,6,1,14,1,1,4,1,3,2,1,1,14,25,4,6,1,27,1,1,2,8,8,2,6,5,14,12,1,1,1,10,2,12,25,10,1,1,10,1,5,1,6,12,2,6,2,7,23,3,51,6,2,2,5,5,41,31,10,3,1,91,22,1,3,13,11,1,3,20,4,11,6,7,18,3,27,1,12,11,17,1,1,21,6,0,0,0,0,0,0,0,0,0,0,0,0,0,0
858,2011,19,2011-11-27,Brazilian Grand Prix,5,24,1,1,1,2,13,1,1,2,3,2,1,16,1,1,3,1,6,1,14,1,1,4,1,3,2,1,1,14,25,4,6,1,27,1,1,2,8,8,2,6,5,14,12,1,1,1,10,2,12,25,10,1,1,10,1,5,1,6,12,2,6,2,7,23,3,51,6,2,2,5,5,41,31,10,3,1,91,22,1,3,13,11,1,3,20,4,11,6,7,18,3,27,1,12,11,17,1,1,21,7,0,0,0,0,0,0,0,0,0,0,0,0,0,0
859,2012,1,2012-03-18,Australian Grand Prix,5,24,1,1,1,2,13,1,1,2,3,2,1,16,1,1,3,1,6,1,14,1,1,4,1,3,2,1,1,14,25,4,6,1,27,1,1,2,8,8,2,6,5,14,12,1,1,1,10,2,12,25,10,1,1,10,1,5,1,6,12,2,6,2,7,23,3,51,6,2,2,5,5,41,31,10,3,1,91,22,1,3,13,11,1,3,20,4,11,6,7,18,3,27,1,13,11,17,1,1,21,7,0,0,0,0,0,0,0,0,0,0,0,0,0,0
860,2012,2,2012-03-25,Malaysian Grand Prix,5,24,1,1,1,2,13,1,1,2,3,2,1,16,1,1,3,1,6,1,14,1,1,4,1,3,2,1,1,14,25,4,6,1,27,1,1,2,8,8,2,6,5,14,12,1,1,1,10,2,12,25,10,1,1,10,1,5,1,6,12,2,6,2,7,23,3,51,6,2,2,5,5,41,31,10,3,1,91,22,1,3,13,11,1,3,20,4,11,6,7,18,3,28,1,13,11,17,1,1,21,7,0,0,0,0,0,0,0,0,0,0,0,0,0,0
861,2012,3,2012-04-15,Chinese Grand Prix,5,24,1,1,1,2,13,1,1,2,3,2,1,16,1,1,3,1,6,1,14,1,1,4,1,3,2,1,1,14,25,4,6,1,27,1,1,2,8,8,2,6,5,14,12,1,1,1,10,2,12,25,10,1,1,10,1,5,1,6,12,2,6,2,7,23,3,51,6,2,2,5,5,41,31,10,3,1,91,22,1,3,13,11,1,3,20,4,11,6,7,18,3,28,1,13,11,17,1,1,21,7,1,0,0,0,0,0,0,0,0,0,0,0,0,0
862,2012,4,2012-04-22,Bahrain Grand Prix,5,24,1,1,1,2,13,1,1,2,3,2,1,16,1,1,3,1,6,1,14,1,1,4,1,3,2,1,1,14,25,4,6,1,27,1,1,2,8,8,2,6,5,14,12,1,1,1,10,2,12,25,10,1,1,10,1,5,1,6,12,2,6,2,7,23,3,51,6,2,2,5,5,41,31,10,3,1,91,22,1,3,13,11,1,3,20,4,11,6,7,18,3,28,1,13,11,17,1,1,22,7,1,0,0,0,0,0,0,0,0,0,0,0,0,0
863,2012,5,2012-05-13,Spanish Grand Prix,5,24,1,1,1,2,13,1,1,2,3,2,1,16,1,1,3,1,6,1,14,1,1,4,1,3,2,1,1,14,25,4,6,1,27,1,1,2,8,8,2,6,5,14,12,1,1,1,10,2,12,25,10,1,1,10,1,5,1,6,12,2,6,2,7,23,3,51,6,2,2,5,5,41,31,10,3,1,91,22,1,3,13,11,1,3,20,4,11,6,7,18,3,28,1,13,11,17,1,1,22,7,1,1,0,0,0,0,0,0,0,0,0,0,0,0
864,2012,6,2012-05-27,Monaco Grand Prix,5,24,1,1,1,2,13,1,1,2,3,2,1,16,1,1,3,1,6,1,14,1,1,4,1,3,2,1,1,14,25,4,6,1,27,1,1,2,8,8,2,6,5,14,12,1,1,1,10,2,12,25,10,1,1,10,1,5,1,6,12,2,6,2,7,23,3,51,6,2,2,5,5,41,31,10,3,1,91,22,1,3,13,11,1,3,20,4,11,6,7,18,3,28,1,13,11,17,1,1,22,8,1,1,0,0,0,0,0,0,0,0,0,0,0,0
865,2012,7,2012-06-10,Canadian Grand Prix,5,24,1,1,1,2,13,1,1,2,3,2,1,16,1,1,3,1,6,1,14,1,1,4,1,3,2,1,1,14,25,4,6,1,27,1,1,2,8,8,2,6,5,14,12,1,1,1,10,2,12,25,10,1,1,10,1,5,1,6,12,2,6,2,7,23,3,51,6,2,2,5,5,41,31,10,3,1,91,22,1,3,13,11,1,3,20,4,11,6,7,18,3,28,1,13,11,18,1,1,22,8,1,1,0,0,0,0,0,0,0,0,0,0,0,0
866,2012,8,2012-06-24,European Grand Prix,5,24,1,1,1,2,13,1,1,2,3,2,1,16,1,1,3,1,6,1,14,1,1,4,1,3,2,1,1,14,25,4,6,1,27,1,1,2,8,8,2,6,5,14,12,1,1,1,10,2,12,25,10,1,1,10,1,5,1,6,12,2,6,2,7,23,3,51,6,2,2,5,5,41,31,10,3,1,91,22,1,3,13,11,1,3,20,4,11,6,7,18,3,29,1,13,11,18,1,1,22,8,1,1,0,0,0,0,0,0,0,0,0,0,0,0
867,2012,9,2012-07-08,British Grand Prix,5,24,1,1,1,2,13,1,1,2,3,2,1,16,1,1,3,1,6,1,14,1,1,4,1,3,2,1,1,14,25,4,6,1,27,1,1,2,8,8,2,6,5,14,12,1,1,1,10,2,12,25,10,1,1,10,1,5,1,6,12,2,6,2,7,23,3,51,6,2,2,5,5,41,31,10,3,1,91,22,1,3,13,11,1,3,20,4,11,6,7,18,3,29,1,13,11,18,1,1,22,9,1,1,0,0,0,0,0,0,0,0,0,0,0,0
868,2012,10,2012-07-22,German Grand Prix,5,24,1,1,1,2,13,1,1,2,3,2,1,16,1,1,3,1,6,1,14,1,1,4,1,3,2,1,1,14,25,4,6,1,27,1,1,2,8,8,2,6,5,14,12,1,1,1,10,2,12,25,10,1,1,10,1,5,1,6,12,2,6,2,7,23,3,51,6,2,2,5,5,41,31,10,3,1,91,22,1,3,13,11,1,3,20,4,11,6,7,18,3,30,1,13,11,18,1,1,22,9,1,1,0,0,0,0,0,0,0,0,0,0,0,0
869,2012,11,2012-07-29,Hungarian Grand Prix,5,24,1,1,1,2,13,1,1,2,3,2,1,16,1,1,3,1,6,1,14,1,1,4,1,3,2,1,1,14,25,4,6,1,27,1,1,2,8,8,2,6,5,14,12,1,1,1,10,2,12,25,10,1,1,10,1,5,1,6,12,2,6,2,7,23,3,51,6,2,2,5,5,41,31,10,3,1,91,22,1,3,13,11,1,3,20,4,11,6,7,18,3,30,1,13,11,19,1,1,22,9,1,1,0,0,0,0,0,0,0,0,0,0,0,0
870,2012,12,2012-09-02,Belgian Grand Prix,5,24,1,1,1,2,13,1,1,2,3,2,1,16,1,1,3,1,6,1,14,1,1,4,1,3,2,1,1,14,25,4,6,1,27,1,1,2,8,8,2,6,5,14,12,1,1,1,10,2,12,25,10,1,1,10,1,5,1,6,12,2,6,2,7,23,3,51,6,2,2,5,5,41,31,10,3,1,91,22,1,3,13,11,1,3,20,4,11,6,7,18,3,30,1,14,11,19,1,1,22,9,1,1,0,0,0,0,0,0,0,0,0,0,0,0
871,2012,13,2012-09-09,Italian Grand Prix,5,24,1,1,1,2,13,1,1,2,3,2,1,16,1,1,3,1,6,1,14,1,1,4,1,3,2,1,1,14,25,4,6,1,27,1,1,2,8,8,2,6,5,14,12,1,1,1,10,2,12,25,10,1,1,10,1,5,1,6,12,2,6,2,7,23,3,51,6,2,2,5,5,41,31,10,3,1,91,22,1,3,13,11,1,3,20,4,11,6,7,18,3,30,1,14,11,20,1,1,22,9,1,1,0,0,0,0,0,0,0,0,0,0,0,0
872,2012,14,2012-09-23,Singapore Grand Prix,5,24,1,1,1,2,13,1,1,2,3,2,1,16,1,1,3,1,6,1,14,1,1,4,1,3,2,1,1,14,25,4,6,1,27,1,1,2,8,8,2,6,5,14,12,1,1,1,10,2,12,25,10,1,1,10,1,5,1,6,12,2,6,2,7,23,3,51,6,2,2,5,5,41,31,10,3,1,91,22,1,3,13,11,1,3,20,4,11,6,7,18,3,30,1,14,11,20,1,1,23,9,1,1,0,0,0,0,0,0,0,0,0,0,0,0
873,2012,15,2012-10-07,Japanese Grand Prix,5,24,1,1,1,2,13,1,1,2,3,2,1,16,1,1,3,1,6,1,14,1,1,4,1,3,2,1,1,14,25,4,6,1,27,1,1,2,8,8,2,6,5,14,12,1,1,1,10,2,12,25,10,1,1,10,1,5,1,6,12,2,6,2,7,23,3,51,6,2,2,5,5,41,31,10,3,1,91,22,1,3,13,11,1,3,20,4,11,6,7,18,3,30,1,14,11,20,1,1,24,9,1,1,0,0,0,0,0,0,0,0,0,0,0,0
874,2012,16,2012-10-14,Korean Grand Prix,5,24,1,1,1,2,13,1,1,2,3,2,1,16,1,1,3,1,6,1,14,1,1,4,1,3,2,1,1,14,25,4,6,1,27,1,1,2,8,8,2,6,5,14,12,1,1,1,10,2,12,25,10,1,1,10,1,5,1,6,12,2,6,2,7,23,3,51,6,2,2,5,5,41,31,10,3,1,91,22,1,3,13,11,1,3,20,4,11,6,7,18,3,30,1,14,11,20,1,1,25,9,1,1,0,0,0,0,0,0,0,0,0,0,0,0
875,2012,17,2012-10-28,Indian Grand Prix,5,24,1,1,1,2,13,1,1,2,3,2,1,16,1,1,3,1,6,1,14,1,1,4,1,3,2,1,1,14,25,4,6,1,27,1,1,2,8,8,2,6,5,14,12,1,1,1,10,2,12,25,10,1,1,10,1,5,1,6,12,2,6,2,7,23,3,51,6,2,2,5,5,41,31,10,3,1,91,22,1,3,13,11,1,3,20,4,11,6,7,18,3,30,1,14,11,20,1,1,26,9,1,1,0,0,0,0,0,0,0,0,0,0,0,0
876,2012,18,2012-11-04,Abu Dhabi Grand Prix,5,24,1,1,1,2,13,1,1,2,3,2,1,16,1,1,3,1,6,1,14,1,1,4,1,3,2,1,1,14,25,4,6,1,27,1,1,2,8,8,2,6,5,14,12,1,1,1,10,2,12,25,10,1,1,10,1,5,1,6,12,2,6,2,7,23,3,51,6,2,2,5,5,41,31,10,3,1,91,22,1,3,13,11,1,3,20,4,11,6,7,19,3,30,1,14,11,20,1,1,26,9,1,1,0,0,0,0,0,0,0,0,0,0,0,0
877,2012,19,2012-11-18,United States Grand Prix,5,24,1,1,1,2,13,1,1,2,3,2,1,16,1,1,3,1,6,1,14,1,1,4,1,3,2,1,1,14,25,4,6,1,27,1,1,2,8,8,2,6,5,14,12,1,1,1,10,2,12,25,10,1,1,10,1,5,1,6,12,2,6,2,7,23,3,51,6,2,2,5,5,41,31,10,3,1,91,22,1,3,13,11,1,3,20,4,11,6,7,19,3,30,1,14,11,21,1,1,26,9,1,1,0,0,0,0,0,0,0,0,0,0,0,0
878,2012,20,2012-11-25,Brazilian Grand Prix,5,24,1,1,1,2,13,1,1,2,3,2,1,16,1,1,3,1,6,1,14,1,1,4,1,3,2,1,1,14,25,4,6,1,27,1,1,2,8,8,2,6,5,14,12,1,1,1,10,2,12,25,10,1,1,10,1,5,1,6,12,2,6,2,7,23,3,51,6,2,2,5,5,41,31,10,3,1,91,22,1,3,13,11,1,3,20,4,11,6,7,19,3,30,1,15,11,21,1,1,26,9,1,1,0,0,0,0,0,0,0,0,0,0,0,0
879,2013,1,2013-03-17,Australian Grand Prix,5,24,1,1,1,2,13,1,1,2,3,2,1,16,1,1,3,1,6,1,14,1,1,4,1,3,2,1,1,14,25,4,6,1,27,1,1,2,8,8,2,6,5,14,12,1,1,1,10,2,12,25,10,1,1,10,1,5,1,6,12,2,6,2,7,23,3,51,6,2,2,5,5,41,31,10,3,1,91,22,1,3,13,11,1,3,20,4,11,6,7,20,3,30,1,15,11,21,1,1,26,9,1,1,0,0,0,0,0,0,0,0,0,0,0,0
880,2013,2,2013-03-24,Malaysian Grand Prix,5,24,1,1,1,2,13,1,1,2,3,2,1,16,1,1,3,1,6,1,14,1,1,4,1,3,2,1,1,14,25,4,6,1,27,1,1,2,8,8,2,6,5,14,12,1,1,1,10,2,12,25,10,1,1,10,1,5,1,6,12,2,6,2,7,23,3,51,6,2,2,5,5,41,31,10,3,1,91,22,1,3,13,11,1,3,20,4,11,6,7,20,3,30,1,15,11,21,1,1,27,9,1,1,0,0,0,0,0,0,0,0,0,0,0,0
881,2013,3,2013-04-14,Chinese Grand Prix,5,24,1,1,1,2,13,1,1,2,3,2,1,16,1,1,3,1,6,1,14,1,1,4,1,3,2,1,1,14,25,4,6,1,27,1,1,2,8,8,2,6,5,14,12,1,1,1,10,2,12,25,10,1,1,10,1,5,1,6,12,2,6,2,7,23,3,51,6,2,2,5,5,41,31,10,3,1,91,22,1,3,13,11,1,3,20,4,11,6,7,20,3,31,1,15,11,21,1,1,27,9,1,1,0,0,0,0,0,0,0,0,0,0,0,0
882,2013,4,2013-04-21,Bahrain Grand Prix,5,24,1,1,1,2,13,1,1,2,3,2,1,16,1,1,3,1,6,1,14,1,1,4,1,3,2,1,1,14,25,4,6,1,27,1,1,2,8,8,2,6,5,14,12,1,1,1,10,2,12,25,10,1,1,10,1,5,1,6,12,2,6,2,7,23,3,51,6,2,2,5,5,41,31,10,3,1,91,22,1,3,13,11,1,3,20,4,11,6,7,20,3,31,1,15,11,21,1,1,28,9,1,1,0,0,0,0,0,0,0,0,0,0,0,0
883,2013,5,2013-05-12,Spanish Grand Prix,5,24,1,1,1,2,13,1,1,2,3,2,1,16,1,1,3,1,6,1,14,1,1,4,1,3,2,1,1,14,25,4,6,1,27,1,1,2,8,8,2,6,5,14,12,1,1,1,10,2,12,25,10,1,1,10,1,5,1,6,12,2,6,2,7,23,3,51,6,2,2,5,5,41,31,10,3,1,91,22,1,3,13,11,1,3,20,4,11,6,7,20,3,32,1,15,11,21,1,1,28,9,1,1,0,0,0,0,0,0,0,0,0,0,0,0
884,2013,6,2013-05-26,Monaco Grand Prix,5,24,1,1,1,2,13,1,1,2,3,2,1,16,1,1,3,1,6,1,14,1,1,4,1,3,2,1,1,14,25,4,6,1,27,1,1,2,8,8,2,6,5,14,12,1,1,1,10,2,12,25,10,1,1,10,1,5,1,6,12,2,6,2,7,23,3,51,6,2,2,5,5,41,31,10,3,1,91,22,1,3,13,11,1,3,20,4,11,6,7,20,3,32,1,15,11,21,1,1,28,9,2,1,0,0,0,0,0,0,0,0,0,0,0,0
885,2013,7,2013-06-09,Canadian Grand Prix,5,24,1,1,1,2,13,1,1,2,3,2,1,16,1,1,3,1,6,1,14,1,1,4,1,3,2,1,1,14,25,4,6,1,27,1,1,2,8,8,2,6,5,14,12,1,1,1,10,2,12,25,10,1,1,10,1,5,1,6,12,2,6,2,7,23,3,51,6,2,2,5,5,41,31,10,3,1,91,22,1,3,13,11,1,3,20,4,11,6,7,20,3,32,1,15,11,21,1,1,29,9,2,1,0,0,0,0,0,0,0,0,0,0,0,0
886,2013,8,2013-06-30,British Grand Prix,5,24,1,1,1,2,13,1,1,2,3,2,1,16,1,1,3,1,6,1,14,1,1,4,1,3,2,1,1,14,25,4,6,1,27,1,1,2,8,8,2,6,5,14,12,1,1,1,10,2,12,25,10,1,1,10,1,5,1,6,12,2,6,2,7,23,3,51,6,2,2,5,5,41,31,10,3,1,91,22,1,3,13,11,1,3,20,4,11,6,7,20,3,32,1,15,11,21,1,1,29,9,3,1,0,0,0,0,0,0,0,0,0,0,0,0
887,2013,9,2013-07-07,German Grand Prix,5,24,1,1,1,2,13,1,1,2,3,2,1,16,1,1,3,1,6,1,14,1,1,4,1,3,2,1,1,14,25,4,6,1,27,1,1,2,8,8,2,6,5,14,12,1,1,1,10,2,12,25,10,1,1,10,1,5,1,6,12,2,6,2,7,23,3,51,6,2,2,5,5,41,31,10,3,1,91,22,1,3,13,11,1,3,20,4,11,6,7,20,3,32,1,15,11,21,1,1,30,9,3,1,0,0,0,0,0,0,0,0,0,0,0,0
888,2013,10,2013-07-28,Hungarian Grand Prix,5,24,1,1,1,2,13,1,1,2,3,2,1,16,1,1,3,1,6,1,14,1,1,4,1,3,2,1,1,14,25,4,6,1,27,1,1,2,8,8,2,6,5,14,12,1,1,1,10,2,12,25,10,1,1,10,1,5,1,6,12,2,6,2,7,23,3,51,6,2,2,5,5,41,31,10,3,1,91,22,1,3,13,11,1,3,20,4,11,6,7,20,3,32,1,15,11,22,1,1,30,9,3,1,0,0,0,0,0,0,0,0,0,0,0,0
889,2013,11,2013-08-25,Belgian Grand Prix,5,24,1,1,1,2,13,1,1,2,3,2,1,16,1,1,3,1,6,1,14,1,1,4,1,3,2,1,1,14,25,4,6,1,27,1,1,2,8,8,2,6,5,14,12,1,1,1,10,2,12,25,10,1,1,10,1,5,1,6,12,2,6,2,7,23,3,51,6,2,2,5,5,41,31,10,3,1,91,22,1,3,13,11,1,3,20,4,11,6,7,20,3,32,1,15,11,22,1,1,31,9,3,1,0,0,0,0,0,0,0,0,0,0,0,0
890,2013,12,2013-09-08,Italian Grand Prix,5,24,1,1,1,2,13,1,1,2,3,2,1,16,1,1,3,1,6,1,14,1,1,4,1,3,2,1,1,14,25,4,6,1,27,1,1,2,8,8,2,6,5,14,12,1,1,1,10,2,12,25,10,1,1,10,1,5,1,6,12,2,6,2,7,23,3,51,6,2,2,5,5,41,31,10,3,1,91,22,1,3,13,11,1,3,20,4,11,6,7,20,3,32,1,15,11,22,1,1,32,9,3,1,0,0,0,0,0,0,0,0,0,0,0,0
891,2013,13,2013-09-22,Singapore Grand Prix,5,24,1,1,1,2,13,1,1,2,3,2,1,16,1,1,3,1,6,1,14,1,1,4,1,3,2,1,1,14,25,4,6,1,27,1,1,2,8,8,2,6,5,14,12,1,1,1,10,2,12,25,10,1,1,10,1,5,1,6,12,2,6,2,7,23,3,51,6,2,2,5,5,41,31,10,3,1,91,22,1,3,13,11,1,3,20,4,11,6,7,20,3,32,1,15,11,22,1,1,33,9,3,1,0,0,0,0,0,0,0,0,0,0,0,0
892,2013,14,2013-10-06,Korean Grand Prix,5,24,1,1,1,2,13,1,1,2,3,2,1,16,1,1,3,1,6,1,14,1,1,4,1,3,2,1,1,14,25,4,6,1,27,1,1,2,8,8,2,6,5,14,12,1,1,1,10,2,12,25,10,1,1,10,1,5,1,6,12,2,6,2,7,23,3,51,6,2,2,5,5,41,31,10,3,1,91,22,1,3,13,11,1,3,20,4,11,6,7,20,3,32,1,15,11,22,1,1,34,9,3,1,0,0,0,0,0,0,0,0,0,0,0,0
893,2013,15,2013-10-13,Japanese Grand Prix,5,24,1,1,1,2,13,1,1,2,3,2,1,16,1,1,3,1,6,1,14,1,1,4,1,3,2,1,1,14,25,4,6,1,27,1,1,2,8,8,2,6,5,14,12,1,1,1,10,2,12,25,10,1,1,10,1,5,1,6,12,2,6,2,7,23,3,51,6,2,2,5,5,41,31,10,3,1,91,22,1,3,13,11,1,3,20,4,11,6,7,20,3,32,1,15,11,22,1,1,35,9,3,1,0,0,0,0,0,0,0,0,0,0,0,0
894,2013,16,2013-10-27,Indian Grand Prix,5,24,1,1,1,2,13,1,1,2,3,2,1,16,1,1,3,1,6,1,14,1,1,4,1,3,2,1,1,14,25,4,6,1,27,1,1,2,8,8,2,6,5,14,12,1,1,1,10,2,12,25,10,1,1,10,1,5,1,6,12,2,6,2,7,23,3,51,6,2,2,5,5,41,31,10,3,1,91,22,1,3,13,11,1,3,20,4,11,6,7,20,3,32,1,15,11,22,1,1,36,9,3,1,0,0,0,0,0,0,0,0,0,0,0,0
895,2013,17,2013-11-03,Abu Dhabi Grand Prix,5,24,1,1,1,2,13,1,1,2,3,2,1,16,1,1,3,1,6,1,14,1,1,4,1,3,2,1,1,14,25,4,6,1,27,1,1,2,8,8,2,6,5,14,12,1,1,1,10,2,12,25,10,1,1,10,1,5,1,6,12,2,6,2,7,23,3,51,6,2,2,5,5,41,31,10,3,1,91,22,1,3,13,11,1,3,20,4,11,6,7,20,3,32,1,15,11,22,1,1,37,9,3,1,0,0,0,0,0,0,0,0,0,0,0,0
896,2013,18,2013-11-17,United States Grand Prix,5,24,1,1,1,2,13,1,1,2,3,2,1,16,1,1,3,1,6,1,14,1,1,4,1,3,2,1,1,14,25,4,6,1,27,1,1,2,8,8,2,6,5,14,12,1,1,1,10,2,12,25,10,1,1,10,1,5,1,6,12,2,6,2,7,23,3,51,6,2,2,5,5,41,31,10,3,1,91,22,1,3,13,11,1,3,20,4,11,6,7,20,3,32,1,15,11,22,1,1,38,9,3,1,0,0,0,0,0,0,0,0,0,0,0,0
897,2013,19,2013-11-24,Brazilian Grand Prix,5,24,1,1,1,2,13,1,1,2,3,2,1,16,1,1,3,1,6,1,14,1,1,4,1,3,2,1,1,14,25,4,6,1,27,1,1,2,8,8,2,6,5,14,12,1,1,1,10,2,12,25,10,1,1,10,1,5,1,6,12,2,6,2,7,23,3,51,6,2,2,5,5,41,31,10,3,1,91,22,1,3,13,11,1,3,20,4,11,6,7,20,3,32,1,15,11,22,1,1,39,9,3,1,0,0,0,0,0,0,0,0,0,0,0,0
898,2014,1,2014-03-16,Australian Grand Prix,5,24,1,1,1,2,13,1,1,2,3,2,1,16,1,1,3,1,6,1,14,1,1,4,1,3,2,1,1,14,25,4,6,1,27,1,1,2,8,8,2,6,5,14,12,1,1,1,10,2,12,25,10,1,1,10,1,5,1,6,12,2,6,2,7,23,3,51,6,2,2,5,5,41,31,10,3,1,91,22,1,3,13,11,1,3,20,4,11,6,7,20,3,32,1,15,11,22,1,1,39,9,4,1,0,0,0,0,0,0,0,0,0,0,0,0
899,2014,2,2014-03-30,Malaysian Grand Prix,5,24,1,1,1,2,13,1,1,2,3,2,1,16,1,1,3,1,6,1,14,1,1,4,1,3,2,1,1,14,25,4,6,1,27,1,1,2,8,8,2,6,5,14,12,1,1,1,10,2,12,25,10,1,1,10,1,5,1,6,12,2,6,2,7,23,3,51,6,2,2,5,5,41,31,10,3,1,91,22,1,3,13,11,1,3,20,4,11,6,7,20,3,32,1,15,11,23,1,1,39,9,4,1,0,0,0,0,0,0,0,0,0,0,0,0
900,2014,3,2014-04-06,Bahrain Grand Prix,5,24,1,1,1,2,13,1,1,2,3,2,1,16,1,1,3,1,6,1,14,1,1,4,1,3,2,1,1,14,25,4,6,1,27,1,1,2,8,8,2,6,5,14,12,1,1,1,10,2,12,25,10,1,1,10,1,5,1,6,12,2,6,2,7,23,3,51,6,2,2,5,5,41,31,10,3,1,91,22,1,3,13,11,1,3,20,4,11,6,7,20,3,32,1,15,11,24,1,1,39,9,4,1,0,0,0,0,0,0,0,0,0,0,0,0
901,2014,4,2014-04-20,Chinese Grand Prix,5,24,1,1,1,2,13,1,1,2,3,2,1,16,1,1,3,1,6,1,14,1,1,4,1,3,2,1,1,14,25,4,6,1,27,1,1,2,8,8,2,6,5,14,12,1,1,1,10,2,12,25,10,1,1,10,1,5,1,6,12,2,6,2,7,23,3,51,6,2,2,5,5,41,31,10,3,1,91,22,1,3,13,11,1,3,20,4,11,6,7,20,3,32,1,15,11,25,1,1,39,9,4,1,0,0,0,0,0,0,0,0,0,0,0,0
902,2014,5,2014-05-11,Spanish Grand Prix,5,24,1,1,1,2,13,1,1,2,3,2,1,16,1,1,3,1,6,1,14,1,1,4,1,3,2,1,1,14,25,4,6,1,27,1,1,2,8,8,2,6,5,14,12,1,1,1,10,2,12,25,10,1,1,10,1,5,1,6,12,2,6,2,7,23,3,51,6,2,2,5,5,41,31,10,3,1,91,22,1,3,13,11,1,3,20,4,11,6,7,20,3,32,1,15,11,26,1,1,39,9,4,1,0,0,0,0,0,0,0,0,0,0,0,0
903,2014,6,2014-05-25,Monaco Grand Prix,5,24,1,1,1,2,13,1,1,2,3,2,1,16,1,1,3,1,6,1,14,1,1,4,1,3,2,1,1,14,25,4,6,1,27,1,1,2,8,8,2,6,5,14,12,1,1,1,10,2,12,25,10,1,1,10,1,5,1,6,12,2,6,2,7,23,3,51,6,2,2,5,5,41,31,10,3,1,91,22,1,3,13,11,1,3,20,4,11,6,7,20,3,32,1,15,11,26,1,1,39,9,5,1,0,0,0,0,0,0,0,0,0,0,0,0
904,2014,7,2014-06-08,Canadian Grand Prix,5,24,1,1,1,2,13,1,1,2,3,2,1,16,1,1,3,1,6,1,14,1,1,4,1,3,2,1,1,14,25,4,6,1,27,1,1,2,8,8,2,6,5,14,12,1,1,1,10,2,12,25,10,1,1,10,1,5,1,6,12,2,6,2,7,23,3,51,6,2,2,5,5,41,31,10,3,1,91,22,1,3,13,11,1,3,20,4,11,6,7,20,3,32,1,15,11,26,1,1,39,9,5,1,1,0,0,0,0,0,0,0,0,0,0,0
905,2014,8,2014-06-22,Austrian Grand Prix,5,24,1,1,1,2,13,1,1,2,3,2,1,16,1,1,3,1,6,1,14,1,1,4,1,3,2,1,1,14,25,4,6,1,27,1,1,2,8,8,2,6,5,14,12,1,1,1,10,2,12,25,10,1,1,10,1,5,1,6,12,2,6,2,7,23,3,51,6,2,2,5,5,41,31,10,3,1,91,22,1,3,13,11,1,3,20,4,11,6,7,20,3,32,1,15,11,26,1,1,39,9,6,1,1,0,0,0,0,0,0,0,0,0,0,0
906,2014,9,2014-07-06,British Grand Prix,5,24,1,1,1,2,13,1,1,2,3,2,1,16,1,1,3,1,6,1,14,1,1,4,1,3,2,1,1,14,25,4,6,1,27,1,1,2,8,8,2,6,5,14,12,1,1,1,10,2,12,25,10,1,1,10,1,5,1,6,12,2,6,2,7,23,3,51,6,2,2,5,5,41,31,10,3,1,91,22,1,3,13,11,1,3,20,4,11,6,7,20,3,32,1,15,11,27,1,1,39,9,6,1,1,0,0,0,0,0,0,0,0,0,0,0
907,2014,10,2014-07-20,German Grand Prix,5,24,1,1,1,2,13,1,1,2,3,2,1,16,1,1,3,1,6,1,14,1,1,4,1,3,2,1,1,14,25,4,6,1,27,1,1,2,8,8,2,6,5,14,12,1,1,1,10,2,12,25,10,1,1,10,1,5,1,6,12,2,6,2,7,23,3,51,6,2,2,5,5,41,31,10,3,1,91,22,1,3,13,11,1,3,20,4,11,6,7,20,3,32,1,15,11,27,1,1,39,9,7,1,1,0,0,0,0,0,0,0,0,0,0,0
908,2014,11,2014-07-27,Hungarian Grand Prix,5,24,1,1,1,2,13,1,1,2,3,2,1,16,1,1,3,1,6,1,14,1,1,4,1,3,2,1,1,14,25,4,6,1,27,1,1,2,8,8,2,6,5,14,12,1,1,1,10,2,12,25,10,1,1,10,1,5,1,6,12,2,6,2,7,23,3,51,6,2,2,5,5,41,31,10,3,1,91,22,1,3,13,11,1,3,20,4,11,6,7,20,3,32,1,15,11,27,1,1,39,9,7,1,2,0,0,0,0,0,0,0,0,0,0,0
909,2014,12,2014-08-24,Belgian Grand Prix,5,24,1,1,1,2,13,1,1,2,3,2,1,16,1,1,3,1,6,1,14,1,1,4,1,3,2,1,1,14,25,4,6,1,27,1,1,2,8,8,2,6,5,14,12,1,1,1,10,2,12,25,10,1,1,10,1,5,1,6,12,2,6,2,7,23,3,51,6,2,2,5,5,41,31,10,3,1,91,22,1,3,13,11,1,3,20,4,11,6,7,20,3,32,1,15,11,27,1,1,39,9,7,1,3,0,0,0,0,0,0,0,0,0,0,0
910,2014,13,2014-09-07,Italian Grand Prix,5,24,1,1,1,2,13,1,1,2,3,2,1,16,1,1,3,1,6,1,14,1,1,4,1,3,2,1,1,14,25,4,6,1,27,1,1,2,8,8,2,6,5,14,12,1,1,1,10,2,12,25,10,1,1,10,1,5,1,6,12,2,6,2,7,23,3,51,6,2,2,5,5,41,31,10,3,1,91,22,1,3,13,11,1,3,20,4,11,6,7,20,3,32,1,15,11,28,1,1,39,9,7,1,3,0,0,0,0,0,0,0,0,0,0,0
911,2014,14,2014-09-21,Singapore Grand Prix,5,24,1,1,1,2,13,1,1,2,3,2,1,16,1,1,3,1,6,1,14,1,1,4,1,3,2,1,1,14,25,4,6,1,27,1,1,2,8,8,2,6,5,14,12,1,1,1,10,2,12,25,10,1,1,10,1,5,1,6,12,2,6,2,7,23,3,51,6,2,2,5,5,41,31,10,3,1,91,22,1,3,13,11,1,3,20,4,11,6,7,20,3,32,1,15,11,29,1,1,39,9,7,1,3,0,0,0,0,0,0,0,0,0,0,0
912,2014,15,2014-10-05,Japanese Grand Prix,5,24,1,1,1,2,13,1,1,2,3,2,1,16,1,1,3,1,6,1,14,1,1,4,1,3,2,1,1,14,25,4,6,1,27,1,1,2,8,8,2,6,5,14,12,1,1,1,10,2,12,25,10,1,1,10,1,5,1,6,12,2,6,2,7,23,3,51,6,2,2,5,5,41,31,10,3,1,91,22,1,3,13,11,1,3,20,4,11,6,7,20,3,32,1,15,11,30,1,1,39,9,7,1,3,0,0,0,0,0,0,0,0,0,0,0
913,2014,16,2014-10-12,Russian Grand Prix,5,24,1,1,1,2,13,1,1,2,3,2,1,16,1,1,3,1,6,1,14,1,1,4,1,3,2,1,1,14,25,4,6,1,27,1,1,2,8,8,2,6,5,14,12,1,1,1,10,2,12,25,10,1,1,10,1,5,1,6,12,2,6,2,7,23,3,51,6,2,2,5,5,41,31,10,3,1,91,22,1,3,13,11,1,3,20,4,11,6,7,20,3,32,1,15,11,31,1,1,39,9,7,1,3,0,0,0,0,0,0,0,0,0,0,0
914,2014,17,2014-11-02,United States Grand Prix,5,24,1,1,1,2,13,1,1,2,3,2,1,16,1,1,3,1,6,1,14,1,1,4,1,3,2,1,1,14,25,4,6,1,27,1,1,2,8,8,2,6,5,14,12,1,1,1,10,2,12,25,10,1,1,10,1,5,1,6,12,2,6,2,7,23,3,51,6,2,2,5,5,41,31,10,3,1,91,22,1,3,13,11,1,3,20,4,11,6,7,20,3,32,1,15,11,32,1,1,39,9,7,1,3,0,0,0,0,0,0,0,0,0,0,0
915,2014,18,2014-11-09,Brazilian Grand Prix,5,24,1,1,1,2,13,1,1,2,3,2,1,16,1,1,3,1,6,1,14,1,1,4,1,3,2,1,1,14,25,4,6,1,27,1,1,2,8,8,2,6,5,14,12,1,1,1,10,2,12,25,10,1,1,10,1,5,1,6,12,2,6,2,7,23,3,51,6,2,2,5,5,41,31,10,3,1,91,22,1,3,13,11,1,3,20,4,11,6,7,20,3,32,1,15,11,32,1,1,39,9,8,1,3,0,0,0,0,0,0,0,0,0,0,0
916,2014,19,2014-11-23,Abu Dhabi Grand Prix,5,24,1,1,1,2,13,1,1,2,3,2,1,16,1,1,3,1,6,1,14,1,1,4,1,3,2,1,1,14,25,4,6,1,27,1,1,2,8,8,2,6,5,14,12,1,1,1,10,2,12,25,10,1,1,10,1,5,1,6,12,2,6,2,7,23,3,51,6,2,2,5,5,41,31,10,3,1,91,22,1,3,13,11,1,3,20,4,11,6,7,20,3,32,1,15,11,33,1,1,39,9,8,1,3,0,0,0,0,0,0,0,0,0,0,0
917,2015,1,2015-03-15,Australian Grand Prix,5,24,1,1,1,2,13,1,1,2,3,2,1,16,1,1,3,1,6,1,14,1,1,4,1,3,2,1,1,14,25,4,6,1,27,1,1,2,8,8,2,6,5,14,12,1,1,1,10,2,12,25,10,1,1,10,1,5,1,6,12,2,6,2,7,23,3,51,6,2,2,5,5,41,31,10,3,1,91,22,1,3,13,11,1,3,20,4,11,6,7,20,3,32,1,15,11,34,1,1,39,9,8,1,3,0,0,0,0,0,0,0,0,0,0,0
918,2015,2,2015-03-29,Malaysian Grand Prix,5,24,1,1,1,2,13,1,1,2,3,2,1,16,1,1,3,1,6,1,14,1,1,4,1,3,2,1,1,14,25,4,6,1,27,1,1,2,8,8,2,6,5,14,12,1,1,1,10,2,12,25,10,1,1,10,1,5,1,6,12,2,6,2,7,23,3,51,6,2,2,5,5,41,31,10,3,1,91,22,1,3,13,11,1,3,20,4,11,6,7,20,3,32,1,15,11,34,1,1,40,9,8,1,3,0,0,0,0,0,0,0,0,0,0,0
919,2015,3,2015-04-12,Chinese Grand Prix,5,24,1,1,1,2,13,1,1,2,3,2,1,16,1,1,3,1,6,1,14,1,1,4,1,3,2,1,1,14,25,4,6,1,27,1,1,2,8,8,2,6,5,14,12,1,1,1,10,2,12,25,10,1,1,10,1,5,1,6,12,2,6,2,7,23,3,51,6,2,2,5,5,41,31,10,3,1,91,22,1,3,13,11,1,3,20,4,11,6,7,20,3,32,1,15,11,35,1,1,40,9,8,1,3,0,0,0,0,0,0,0,0,0,0,0
920,2015,4,2015-04-19,Bahrain Grand Prix,5,24,1,1,1,2,13,1,1,2,3,2,1,16,1,1,3,1,6,1,14,1,1,4,1,3,2,1,1,14,25,4,6,1,27,1,1,2,8,8,2,6,5,14,12,1,1,1,10,2,12,25,10,1,1,10,1,5,1,6,12,2,6,2,7,23,3,51,6,2,2,5,5,41,31,10,3,1,91,22,1,3,13,11,1,3,20,4,11,6,7,20,3,32,1,15,11,36,1,1,40,9,8,1,3,0,0,0,0,0,0,0,0,0,0,0
921,2015,5,2015-05-10,Spanish Grand Prix,5,24,1,1,1,2,13,1,1,2,3,2,1,16,1,1,3,1,6,1,14,1,1,4,1,3,2,1,1,14,25,4,6,1,27,1,1,2,8,8,2,6,5,14,12,1,1,1,10,2,12,25,10,1,1,10,1,5,1,6,12,2,6,2,7,23,3,51,6,2,2,5,5,41,31,10,3,1,91,22,1,3,13,11,1,3,20,4,11,6,7,20,3,32,1,15,11,36,1,1,40,9,9,1,3,0,0,0,0,0,0,0,0,0,0,0
922,2015,6,2015-05-24,Monaco Grand Prix,5,24,1,1,1,2,13,1,1,2,3,2,1,16,1,1,3,1,6,1,14,1,1,4,1,3,2,1,1,14,25,4,6,1,27,1,1,2,8,8,2,6,5,14,12,1,1,1,10,2,12,25,10,1,1,10,1,5,1,6,12,2,6,2,7,23,3,51,6,2,2,5,5,41,31,10,3,1,91,22,1,3,13,11,1,3,20,4,11,6,7,20,3,32,1,15,11,36,1,1,40,9,10,1,3,0,0,0,0,0,0,0,0,0,0,0
923,2015,7,2015-06-07,Canadian Grand Prix,5,24,1,1,1,2,13,1,1,2,3,2,1,16,1,1,3,1,6,1,14,1,1,4,1,3,2,1,1,14,25,4,6,1,27,1,1,2,8,8,2,6,5,14,12,1,1,1,10,2,12,25,10,1,1,10,1,5,1,6,12,2,6,2,7,23,3,51,6,2,2,5,5,41,31,10,3,1,91,22,1,3,13,11,1,3,20,4,11,6,7,20,3,32,1,15,11,37,1,1,40,9,10,1,3,0,0,0,0,0,0,0,0,0,0,0
924,2015,8,2015-06-21,Austrian Grand Prix,5,24,1,1,1,2,13,1,1,2,3,2,1,16,1,1,3,1,6,1,14,1,1,4,1,3,2,1,1,14,25,4,6,1,27,1,1,2,8,8,2,6,5,14,12,1,1,1,10,2,12,25,10,1,1,10,1,5,1,6,12,2,6,2,7,23,3,51,6,2,2,5,5,41,31,10,3,1,91,22,1,3,13,11,1,3,20,4,11,6,7,20,3,32,1,15,11,37,1,1,40,9,11,1,3,0,0,0,0,0,0,0,0,0,0,0
925,2015,9,2015-07-05,British Grand Prix,5,24,1,1,1,2,13,1,1,2,3,2,1,16,1,1,3,1,6,1,14,1,1,4,1,3,2,1,1,14,25,4,6,1,27,1,1,2,8,8,2,6,5,14,12,1,1,1,10,2,12,25,10,1,1,10,1,5,1,6,12,2,6,2,7,23,3,51,6,2,2,5,5,41,31,10,3,1,91,22,1,3,13,11,1,3,20,4,11,6,7,20,3,32,1,15,11,38,1,1,40,9,11,1,3,0,0,0,0,0,0,0,0,0,0,0
926,2015,10,2015-07-26,Hungarian Grand Prix,5,24,1,1,1,2,13,1,1,2,3,2,1,16,1,1,3,1,6,1,14,1,1,4,1,3,2,1,1,14,25,4,6,1,27,1,1,2,8,8,2,6,5,14,12,1,1,1,10,2,12,25,10,1,1,10,1,5,1,6,12,2,6,2,7,23,3,51,6,2,2,5,5,41,31,10,3,1,91,22,1,3,13,11,1,3,20,4,11,6,7,20,3,32,1,15,11,38,1,1,41,9,11,1,3,0,0,0,0,0,0,0,0,0,0,0
927,2015,11,2015-08-23,Belgian Grand Prix,5,24,1,1,1,2,13,1,1,2,3,2,1,16,1,1,3,1,6,1,14,1,1,4,1,3,2,1,1,14,25,4,6,1,27,1,1,2,8,8,2,6,5,14,12,1,1,1,10,2,12,25,10,1,1,10,1,5,1,6,12,2,6,2,7,23,3,51,6,2,2,5,5,41,31,10,3,1,91,22,1,3,13,11,1,3,20,4,11,6,7,20,3,32,1,15,11,39,1,1,41,9,11,1,3,0,0,0,0,0,0,0,0,0,0,0
928,2015,12,2015-09-06,Italian Grand Prix,5,24,1,1,1,2,13,1,1,2,3,2,1,16,1,1,3,1,6,1,14,1,1,4,1,3,2,1,1,14,25,4,6,1,27,1,1,2,8,8,2,6,5,14,12,1,1,1,10,2,12,25,10,1,1,10,1,5,1,6,12,2,6,2,7,23,3,51,6,2,2,5,5,41,31,10,3,1,91,22,1,3,13,11,1,3,20,4,11,6,7,20,3,32,1,15,11,40,1,1,41,9,11,1,3,0,0,0,0,0,0,0,0,0,0,0
929,2015,13,2015-09-20,Singapore Grand Prix,5,24,1,1,1,2,13,1,1,2,3,2,1,16,1,1,3,1,6,1,14,1,1,4,1,3,2,1,1,14,25,4,6,1,27,1,1,2,8,8,2,6,5,14,12,1,1,1,10,2,12,25,10,1,1,10,1,5,1,6,12,2,6,2,7,23,3,51,6,2,2,5,5,41,31,10,3,1,91,22,1,3,13,11,1,3,20,4,11,6,7,20,3,32,1,15,11,40,1,1,42,9,11,1,3,0,0,0,0,0,0,0,0,0,0,0
930,2015,14,2015-09-27,Japanese Grand Prix,5,24,1,1,1,2,13,1,1,2,3,2,1,16,1,1,3,1,6,1,14,1,1,4,1,3,2,1,1,14,25,4,6,1,27,1,1,2,8,8,2,6,5,14,12,1,1,1,10,2,12,25,10,1,1,10,1,5,1,6,12,2,6,2,7,23,3,51,6,2,2,5,5,41,31,10,3,1,91,22,1,3,13,11,1,3,20,4,11,6,7,20,3,32,1,15,11,41,1,1,42,9,11,1,3,0,0,0,0,0,0,0,0,0,0,0
931,2015,15,2015-10-11,Russian Grand Prix,5,24,1,1,1,2,13,1,1,2,3,2,1,16,1,1,3,1,6,1,14,1,1,4,1,3,2,1,1,14,25,4,6,1,27,1,1,2,8,8,2,6,5,14,12,1,1,1,10,2,12,25,10,1,1,10,1,5,1,6,12,2,6,2,7,23,3,51,6,2,2,5,5,41,31,10,3,1,91,22,1,3,13,11,1,3,20,4,11,6,7,20,3,32,1,15,11,42,1,1,42,9,11,1,3,0,0,0,0,0,0,0,0,0,0,0
932,2015,16,2015-10-25,United States Grand Prix,5,24,1,1,1,2,13,1,1,2,3,2,1,16,1,1,3,1,6,1,14,1,1,4,1,3,2,1,1,14,25,4,6,1,27,1,1,2,8,8,2,6,5,14,12,1,1,1,10,2,12,25,10,1,1,10,1,5,1,6,12,2,6,2,7,23,3,51,6,2,2,5,5,41,31,10,3,1,91,22,1,3,13,11,1,3,20,4,11,6,7,20,3,32,1,15,11,43,1,1,42,9,11,1,3,0,0,0,0,0,0,0,0,0,0,0
933,2015,17,2015-11-01,Mexican Grand Prix,5,24,1,1,1,2,13,1,1,2,3,2,1,16,1,1,3,1,6,1,14,1,1,4,1,3,2,1,1,14,25,4,6,1,27,1,1,2,8,8,2,6,5,14,12,1,1,1,10,2,12,25,10,1,1,10,1,5,1,6,12,2,6,2,7,23,3,51,6,2,2,5,5,41,31,10,3,1,91,22,1,3,13,11,1,3,20,4,11,6,7,20,3,32,1,15,11,43,1,1,42,9,12,1,3,0,0,0,0,0,0,0,0,0,0,0
934,2015,18,2015-11-15,Brazilian Grand Prix,5,24,1,1,1,2,13,1,1,2,3,2,1,16,1,1,3,1,6,1,14,1,1,4,1,3,2,1,1,14,25,4,6,1,27,1,1,2,8,8,2,6,5,14,12,1,1,1,10,2,12,25,10,1,1,10,1,5,1,6,12,2,6,2,7,23,3,51,6,2,2,5,5,41,31,10,3,1,91,22,1,3,13,11,1,3,20,4,11,6,7,20,3,32,1,15,11,43,1,1,42,9,13,1,3,0,0,0,0,0,0,0,0,0,0,0
935,2015,19,2015-11-29,Abu Dhabi Grand Prix,5,24,1,1,1,2,13,1,1,2,3,2,1,16,1,1,3,1,6,1,14,1,1,4,1,3,2,1,1,14,25,4,6,1,27,1,1,2,8,8,2,6,5,14,12,1,1,1,10,2,12,25,10,1,1,10,1,5,1,6,12,2,6,2,7,23,3,51,6,2,2,5,5,41,31,10,3,1,91,22,1,3,13,11,1,3,20,4,11,6,7,20,3,32,1,15,11,43,1,1,42,9,14,1,3,0,0,0,0,0,0,0,0,0,0,0
936,2016,1,2016-03-20,Australian Grand Prix,5,24,1,1,1,2,13,1,1,2,3,2,1,16,1,1,3,1,6,1,14,1,1,4,1,3,2,1,1,14,25,4,6,1,27,1,1,2,8,8,2,6,5,14,12,1,1,1,10,2,12,25,10,1,1,10,1,5,1,6,12,2,6,2,7,23,3,51,6,2,2,5,5,41,31,10,3,1,91,22,1,3,13,11,1,3,20,4,11,6,7,20,3,32,1,15,11,43,1,1,42,9,15,1,3,0,0,0,0,0,0,0,0,0,0,0
937,2016,2,2016-04-03,Bahrain Grand Prix,5,24,1,1,1,2,13,1,1,2,3,2,1,16,1,1,3,1,6,1,14,1,1,4,1,3,2,1,1,14,25,4,6,1,27,1,1,2,8,8,2,6,5,14,12,1,1,1,10,2,12,25,10,1,1,10,1,5,1,6,12,2,6,2,7,23,3,51,6,2,2,5,5,41,31,10,3,1,91,22,1,3,13,11,1,3,20,4,11,6,7,20,3,32,1,15,11,43,1,1,42,9,16,1,3,0,0,0,0,0,0,0,0,0,0,0
938,2016,3,2016-04-17,Chinese Grand Prix,5,24,1,1,1,2,13,1,1,2,3,2,1,16,1,1,3,1,6,1,14,1,1,4,1,3,2,1,1,14,25,4,6,1,27,1,1,2,8,8,2,6,5,14,12,1,1,1,10,2,12,25,10,1,1,10,1,5,1,6,12,2,6,2,7,23,3,51,6,2,2,5,5,41,31,10,3,1,91,22,1,3,13,11,1,3,20,4,11,6,7,20,3,32,1,15,11,43,1,1,42,9,17,1,3,0,0,0,0,0,0,0,0,0,0,0
939,2016,4,2016-05-01,Russian Grand Prix,5,24,1,1,1,2,13,1,1,2,3,2,1,16,1,1,3,1,6,1,14,1,1,4,1,3,2,1,1,14,25,4,6,1,27,1,1,2,8,8,2,6,5,14,12,1,1,1,10,2,12,25,10,1,1,10,1,5,1,6,12,2,6,2,7,23,3,51,6,2,2,5,5,41,31,10,3,1,91,22,1,3,13,11,1,3,20,4,11,6,7,20,3,32,1,15,11,43,1,1,42,9,18,1,3,0,0,0,0,0,0,0,0,0,0,0
940,2016,5,2016-05-15,Spanish Grand Prix,5,24,1,1,1,2,13,1,1,2,3,2,1,16,1,1,3,1,6,1,14,1,1,4,1,3,2,1,1,14,25,4,6,1,27,1,1,2,8,8,2,6,5,14,12,1,1,1,10,2,12,25,10,1,1,10,1,5,1,6,12,2,6,2,7,23,3,51,6,2,2,5,5,41,31,10,3,1,91,22,1,3,13,11,1,3,20,4,11,6,7,20,3,32,1,15,11,43,1,1,42,9,18,1,3,1,0,0,0,0,0,0,0,0,0,0
941,2016,6,2016-05-29,Monaco Grand Prix,5,24,1,1,1,2,13,1,1,2,3,2,1,16,1,1,3,1,6,1,14,1,1,4,1,3,2,1,1,14,25,4,6,1,27,1,1,2,8,8,2,6,5,14,12,1,1,1,10,2,12,25,10,1,1,10,1,5,1,6,12,2,6,2,7,23,3,51,6,2,2,5,5,41,31,10,3,1,91,22,1,3,13,11,1,3,20,4,11,6,7,20,3,32,1,15,11,44,1,1,42,9,18,1,3,1,0,0,0,0,0,0,0,0,0,0
942,2016,7,2016-06-12,Canadian Grand Prix,5,24,1,1,1,2,13,1,1,2,3,2,1,16,1,1,3,1,6,1,14,1,1,4,1,3,2,1,1,14,25,4,6,1,27,1,1,2,8,8,2,6,5,14,12,1,1,1,10,2,12,25,10,1,1,10,1,5,1,6,12,2,6,2,7,23,3,51,6,2,2,5,5,41,31,10,3,1,91,22,1,3,13,11,1,3,20,4,11,6,7,20,3,32,1,15,11,45,1,1,42,9,18,1,3,1,0,0,0,0,0,0,0,0,0,0
943,2016,8,2016-06-19,European Grand Prix,5,24,1,1,1,2,13,1,1,2,3,2,1,16,1,1,3,1,6,1,14,1,1,4,1,3,2,1,1,14,25,4,6,1,27,1,1,2,8,8,2,6,5,14,12,1,1,1,10,2,12,25,10,1,1,10,1,5,1,6,12,2,6,2,7,23,3,51,6,2,2,5,5,41,31,10,3,1,91,22,1,3,13,11,1,3,20,4,11,6,7,20,3,32,1,15,11,45,1,1,42,9,19,1,3,1,0,0,0,0,0,0,0,0,0,0
944,2016,9,2016-07-03,Austrian Grand Prix,5,24,1,1,1,2,13,1,1,2,3,2,1,16,1,1,3,1,6,1,14,1,1,4,1,3,2,1,1,14,25,4,6,1,27,1,1,2,8,8,2,6,5,14,12,1,1,1,10,2,12,25,10,1,1,10,1,5,1,6,12,2,6,2,7,23,3,51,6,2,2,5,5,41,31,10,3,1,91,22,1,3,13,11,1,3,20,4,11,6,7,20,3,32,1,15,11,46,1,1,42,9,19,1,3,1,0,0,0,0,0,0,0,0,0,0
945,2016,10,2016-07-10,British Grand Prix,5,24,1,1,1,2,13,1,1,2,3,2,1,16,1,1,3,1,6,1,14,1,1,4,1,3,2,1,1,14,25,4,6,1,27,1,1,2,8,8,2,6,5,14,12,1,1,1,10,2,12,25,10,1,1,10,1,5,1,6,12,2,6,2,7,23,3,51,6,2,2,5,5,41,31,10,3,1,91,22,1,3,13,11,1,3,20,4,11,6,7,20,3,32,1,15,11,47,1,1,42,9,19,1,3,1,0,0,0,0,0,0,0,0,0,0
946,2016,11,2016-07-24,Hungarian Grand Prix,5,24,1,1,1,2,13,1,1,2,3,2,1,16,1,1,3,1,6,1,14,1,1,4,1,3,2,1,1,14,25,4,6,1,27,1,1,2,8,8,2,6,5,14,12,1,1,1,10,2,12,25,10,1,1,10,1,5,1,6,12,2,6,2,7,23,3,51,6,2,2,5,5,41,31,10,3,1,91,22,1,3,13,11,1,3,20,4,11,6,7,20,3,32,1,15,11,48,1,1,42,9,19,1,3,1,0,0,0,0,0,0,0,0,0,0
947,2016,12,2016-07-31,German Grand Prix,5,24,1,1,1,2,13,1,1,2,3,2,1,16,1,1,3,1,6,1,14,1,1,4,1,3,2,1,1,14,25,4,6,1,27,1,1,2,8,8,2,6,5,14,12,1,1,1,10,2,12,25,10,1,1,10,1,5,1,6,12,2,6,2,7,23,3,51,6,2,2,5,5,41,31,10,3,1,91,22,1,3,13,11,1,3,20,4,11,6,7,20,3,32,1,15,11,49,1,1,42,9,19,1,3,1,0,0,0,0,0,0,0,0,0,0
948,2016,13,2016-08-28,Belgian Grand Prix,5,24,1,1,1,2,13,1,1,2,3,2,1,16,1,1,3,1,6,1,14,1,1,4,1,3,2,1,1,14,25,4,6,1,27,1,1,2,8,8,2,6,5,14,12,1,1,1,10,2,12,25,10,1,1,10,1,5,1,6,12,2,6,2,7,23,3,51,6,2,2,5,5,41,31,10,3,1,91,22,1,3,13,11,1,3,20,4,11,6,7,20,3,32,1,15,11,49,1,1,42,9,20,1,3,1,0,0,0,0,0,0,0,0,0,0
949,2016,14,2016-09-04,Italian Grand Prix,5,24,1,1,1,2,13,1,1,2,3,2,1,16,1,1,3,1,6,1,14,1,1,4,1,3,2,1,1,14,25,4,6,1,27,1,1,2,8,8,2,6,5,14,12,1,1,1,10,2,12,25,10,1,1,10,1,5,1,6,12,2,6,2,7,23,3,51,6,2,2,5,5,41,31,10,3,1,91,22,1,3,13,11,1,3,20,4,11,6,7,20,3,32,1,15,11,49,1,1,42,9,21,1,3,1,0,0,0,0,0,0,0,0,0,0
950,2016,15,2016-09-18,Singapore Grand Prix,5,24,1,1,1,2,13,1,1,2,3,2,1,16,1,1,3,1,6,1,14,1,1,4,1,3,2,1,1,14,25,4,6,1,27,1,1,2,8,8,2,6,5,14,12,1,1,1,10,2,12,25,10,1,1,10,1,5,1,6,12,2,6,2,7,23,3,51,6,2,2,5,5,41,31,10,3,1,91,22,1,3,13,11,1,3,20,4,11,6,7,20,3,32,1,15,11,49,1,1,42,9,22,1,3,1,0,0,0,0,0,0,0,0,0,0
951,2016,16,2016-10-02,Malaysian Grand Prix,5,24,1,1,1,2,13,1,1,2,3,2,1,16,1,1,3,1,6,1,14,1,1,4,1,3,2,1,1,14,25,4,6,1,27,1,1,2,8,8,2,6,5,14,12,1,1,1,10,2,12,25,10,1,1,10,1,5,1,6,12,2,6,2,7,23,3,51,6,2,2,5,5,41,31,10,3,1,91,22,1,3,13,11,1,3,20,4,11,6,7,20,3,32,1,15,11,49,1,1,42,9,22,1,4,1,0,0,0,0,0,0,0,0,0,0
952,2016,17,2016-10-09,Japanese Grand Prix,5,24,1,1,1,2,13,1,1,2,3,2,1,16,1,1,3,1,6,1,14,1,1,4,1,3,2,1,1,14,25,4,6,1,27,1,1,2,8,8,2,6,5,14,12,1,1,1,10,2,12,25,10,1,1,10,1,5,1,6,12,2,6,2,7,23,3,51,6,2,2,5,5,41,31,10,3,1,91,22,1,3,13,11,1,3,20,4,11,6,7,20,3,32,1,15,11,49,1,1,42,9,23,1,4,1,0,0,0,0,0,0,0,0,0,0
953,2016,18,2016-10-23,United States Grand Prix,5,24,1,1,1,2,13,1,1,2,3,2,1,16,1,1,3,1,6,1,14,1,1,4,1,3,2,1,1,14,25,4,6,1,27,1,1,2,8,8,2,6,5,14,12,1,1,1,10,2,12,25,10,1,1,10,1,5,1,6,12,2,6,2,7,23,3,51,6,2,2,5,5,41,31,10,3,1,91,22,1,3,13,11,1,3,20,4,11,6,7,20,3,32,1,15,11,50,1,1,42,9,23,1,4,1,0,0,0,0,0,0,0,0,0,0
954,2016,19,2016-10-30,Mexican Grand Prix,5,24,1,1,1,2,13,1,1,2,3,2,1,16,1,1,3,1,6,1,14,1,1,4,1,3,2,1,1,14,25,4,6,1,27,1,1,2,8,8,2,6,5,14,12,1,1,1,10,2,12,25,10,1,1,10,1,5,1,6,12,2,6,2,7,23,3,51,6,2,2,5,5,41,31,10,3,1,91,22,1,3,13,11,1,3,20,4,11,6,7,20,3,32,1,15,11,51,1,1,42,9,23,1,4,1,0,0,0,0,0,0,0,0,0,0
955,2016,20,2016-11-13,Brazilian Grand Prix,5,24,1,1,1,2,13,1,1,2,3,2,1,16,1,1,3,1,6,1,14,1,1,4,1,3,2,1,1,14,25,4,6,1,27,1,1,2,8,8,2,6,5,14,12,1,1,1,10,2,12,25,10,1,1,10,1,5,1,6,12,2,6,2,7,23,3,51,6,2,2,5,5,41,31,10,3,1,91,22,1,3,13,11,1,3,20,4,11,6,7,20,3,32,1,15,11,52,1,1,42,9,23,1,4,1,0,0,0,0,0,0,0,0,0,0
956,2016,21,2016-11-27,Abu Dhabi Grand Prix,5,24,1,1,1,2,13,1,1,2,3,2,1,16,1,1,3,1,6,1,14,1,1,4,1,3,2,1,1,14,25,4,6,1,27,1,1,2,8,8,2,6,5,14,12,1,1,1,10,2,12,25,10,1,1,10,1,5,1,6,12,2,6,2,7,23,3,51,6,2,2,5,5,41,31,10,3,1,91,22,1,3,13,11,1,3,20,4,11,6,7,20,3,32,1,15,11,53,1,1,42,9,23,1,4,1,0,0,0,0,0,0,0,0,0,0
957,2017,1,2017-03-26,Australian Grand Prix,5,24,1,1,1,2,13,1,1,2,3,2,1,16,1,1,3,1,6,1,14,1,1,4,1,3,2,1,1,14,25,4,6,1,27,1,1,2,8,8,2,6,5,14,12,1,1,1,10,2,12,25,10,1,1,10,1,5,1,6,12,2,6,2,7,23,3,51,6,2,2,5,5,41,31,10,3,1,91,22,1,3,13,11,1,3,20,4,11,6,7,20,3,32,1,15,11,53,1,1,43,9,23,1,4,1,0,0,0,0,0,0,0,0,0,0
958,2017,2,2017-04-09,Chinese Grand Prix,5,24,1,1,1,2,13,1,1,2,3,2,1,16,1,1,3,1,6,1,14,1,1,4,1,3,2,1,1,14,25,4,6,1,27,1,1,2,8,8,2,6,5,14,12,1,1,1,10,2,12,25,10,1,1,10,1,5,1,6,12,2,6,2,7,23,3,51,6,2,2,5,5,41,31,10,3,1,91,22,1,3,13,11,1,3,20,4,11,6,7,20,3,32,1,15,11,54,1,1,43,9,23,1,4,1,0,0,0,0,0,0,0,0,0,0
959,2017,3,2017-04-16,Bahrain Grand Prix,5,24,1,1,1,2,13,1,1,2,3,2,1,16,1,1,3,1,6,1,14,1,1,4,1,3,2,1,1,14,25,4,6,1,27,1,1,2,8,8,2,6,5,14,12,1,1,1,10,2,12,25,10,1,1,10,1,5,1,6,12,2,6,2,7,23,3,51,6,2,2,5,5,41,31,10,3,1,91,22,1,3,13,11,1,3,20,4,11,6,7,20,3,32,1,15,11,54,1,1,44,9,23,1,4,1,0,0,0,0,0,0,0,0,0,0
960,2017,4,2017-04-30,Russian Grand Prix,5,24,1,1,1,2,13,1,1,2,3,2,1,16,1,1,3,1,6,1,14,1,1,4,1,3,2,1,1,14,25,4,6,1,27,1,1,2,8,8,2,6,5,14,12,1,1,1,10,2,12,25,10,1,1,10,1,5,1,6,12,2,6,2,7,23,3,51,6,2,2,5,5,41,31,10,3,1,91,22,1,3,13,11,1,3,20,4,11,6,7,20,3,32,1,15,11,54,1,1,44,9,23,1,4,1,1,0,0,0,0,0,0,0,0,0
961,2017,5,2017-05-14,Spanish Grand Prix,5,24,1,1,1,2,13,1,1,2,3,2,1,16,1,1,3,1,6,1,14,1,1,4,1,3,2,1,1,14,25,4,6,1,27,1,1,2,8,8,2,6,5,14,12,1,1,1,10,2,12,25,10,1,1,10,1,5,1,6,12,2,6,2,7,23,3,51,6,2,2,5,5,41,31,10,3,1,91,22,1,3,13,11,1,3,20,4,11,6,7,20,3,32,1,15,11,55,1,1,44,9,23,1,4,1,1,0,0,0,0,0,0,0,0,0
962,2017,6,2017-05-28,Monaco Grand Prix,5,24,1,1,1,2,13,1,1,2,3,2,1,16,1,1,3,1,6,1,14,1,1,4,1,3,2,1,1,14,25,4,6,1,27,1,1,2,8,8,2,6,5,14,12,1,1,1,10,2,12,25,10,1,1,10,1,5,1,6,12,2,6,2,7,23,3,51,6,2,2,5,5,41,31,10,3,1,91,22,1,3,13,11,1,3,20,4,11,6,7,20,3,32,1,15,11,55,1,1,45,9,23,1,4,1,1,0,0,0,0,0,0,0,0,0
963,2017,7,2017-06-11,Canadian Grand Prix,5,24,1,1,1,2,13,1,1,2,3,2,1,16,1,1,3,1,6,1,14,1,1,4,1,3,2,1,1,14,25,4,6,1,27,1,1,2,8,8,2,6,5,14,12,1,1,1,10,2,12,25,10,1,1,10,1,5,1,6,12,2,6,2,7,23,3,51,6,2,2,5,5,41,31,10,3,1,91,22,1,3,13,11,1,3,20,4,11,6,7,20,3,32,1,15,11,56,1,1,45,9,23,1,4,1,1,0,0,0,0,0,0,0,0,0
964,2017,8,2017-06-25,Azerbaijan Grand Prix,5,24,1,1,1,2,13,1,1,2,3,2,1,16,1,1,3,1,6,1,14,1,1,4,1,3,2,1,1,14,25,4,6,1,27,1,1,2,8,8,2,6,5,14,12,1,1,1,10,2,12,25,10,1,1,10,1,5,1,6,12,2,6,2,7,23,3,51,6,2,2,5,5,41,31,10,3,1,91,22,1,3,13,11,1,3,20,4,11,6,7,20,3,32,1,15,11,56,1,1,45,9,23,1,5,1,1,0,0,0,0,0,0,0,0,0
965,2017,9,2017-07-09,Austrian Grand Prix,5,24,1,1,1,2,13,1,1,2,3,2,1,16,1,1,3,1,6,1,14,1,1,4,1,3,2,1,1,14,25,4,6,1,27,1,1,2,8,8,2,6,5,14,12,1,1,1,10,2,12,25,10,1,1,10,1,5,1,6,12,2,6,2,7,23,3,51,6,2,2,5,5,41,31,10,3,1,91,22,1,3,13,11,1,3,20,4,11,6,7,20,3,32,1,15,11,56,1,1,45,9,23,1,5,1,2,0,0,0,0,0,0,0,0,0
966,2017,10,2017-07-16,British Grand Prix,5,24,1,1,1,2,13,1,1,2,3,2,1,16,1,1,3,1,6,1,14,1,1,4,1,3,2,1,1,14,25,4,6,1,27,1,1,2,8,8,2,6,5,14,12,1,1,1,10,2,12,25,10,1,1,10,1,5,1,6,12,2,6,2,7,23,3,51,6,2,2,5,5,41,31,10,3,1,91,22,1,3,13,11,1,3,20,4,11,6,7,20,3,32,1,15,11,57,1,1,45,9,23,1,5,1,2,0,0,0,0,0,0,0,0,0
967,2017,11,2017-07-30,Hungarian Grand Prix,5,24,1,1,1,2,13,1,1,2,3,2,1,16,1,1,3,1,6,1,14,1,1,4,1,3,2,1,1,14,25,4,6,1,27,1,1,2,8,8,2,6,5,14,12,1,1,1,10,2,12,25,10,1,1,10,1,5,1,6,12,2,6,2,7,23,3,51,6,2,2,5,5,41,31,10,3,1,91,22,1,3,13,11,1,3,20,4,11,6,7,20,3,32,1,15,11,57,1,1,46,9,23,1,5,1,2,0,0,0,0,0,0,0,0,0
968,2017,12,2017-08-27,Belgian Grand Prix,5,24,1,1,1,2,13,1,1,2,3,2,1,16,1,1,3,1,6,1,14,1,1,4,1,3,2,1,1,14,25,4,6,1,27,1,1,2,8,8,2,6,5,14,12,1,1,1,10,2,12,25,10,1,1,10,1,5,1,6,12,2,6,2,7,23,3,51,6,2,2,5,5,41,31,10,3,1,91,22,1,3,13,11,1,3,20,4,11,6,7,20,3,32,1,15,11,58,1,1,46,9,23,1,5,1,2,0,0,0,0,0,0,0,0,0
969,2017,13,2017-09-03,Italian Grand Prix,5,24,1,1,1,2,13,1,1,2,3,2,1,16,1,1,3,1,6,1,14,1,1,4,1,3,2,1,1,14,25,4,6,1,27,1,1,2,8,8,2,6,5,14,12,1,1,1,10,2,12,25,10,1,1,10,1,5,1,6,12,2,6,2,7,23,3,51,6,2,2,5,5,41,31,10,3,1,91,22,1,3,13,11,1,3,20,4,11,6,7,20,3,32,1,15,11,59,1,1,46,9,23,1,5,1,2,0,0,0,0,0,0,0,0,0
970,2017,14,2017-09-17,Singapore Grand Prix,5,24,1,1,1,2,13,1,1,2,3,2,1,16,1,1,3,1,6,1,14,1,1,4,1,3,2,1,1,14,25,4,6,1,27,1,1,2,8,8,2,6,5,14,12,1,1,1,10,2,12,25,10,1,1,10,1,5,1,6,12,2,6,2,7,23,3,51,6,2,2,5,5,41,31,10,3,1,91,22,1,3,13,11,1,3,20,4,11,6,7,20,3,32,1,15,11,60,1,1,46,9,23,1,5,1,2,0,0,0,0,0,0,0,0,0
971,2017,15,2017-10-01,Malaysian Grand Prix,5,24,1,1,1,2,13,1,1,2,3,2,1,16,1,1,3,1,6,1,14,1,1,4,1,3,2,1,1,14,25,4,6,1,27,1,1,2,8,8,2,6,5,14,12,1,1,1,10,2,12,25,10,1,1,10,1,5,1,6,12,2,6,2,7,23,3,51,6,2,2,5,5,41,31,10,3,1,91,22,1,3,13,11,1,3,20,4,11,6,7,20,3,32,1,15,11,60,1,1,46,9,23,1,5,2,2,0,0,0,0,0,0,0,0,0
972,2017,16,2017-10-08,Japanese Grand Prix,5,24,1,1,1,2,13,1,1,2,3,2,1,16,1,1,3,1,6,1,14,1,1,4,1,3,2,1,1,14,25,4,6,1,27,1,1,2,8,8,2,6,5,14,12,1,1,1,10,2,12,25,10,1,1,10,1,5,1,6,12,2,6,2,7,23,3,51,6,2,2,5,5,41,31,10,3,1,91,22,1,3,13,11,1,3,20,4,11,6,7,20,3,32,1,15,11,61,1,1,46,9,23,1,5,2,2,0,0,0,0,0,0,0,0,0
973,2017,17,2017-10-22,United States Grand Prix,5,24,1,1,1,2,13,1,1,2,3,2,1,16,1,1,3,1,6,1,14,1,1,4,1,3,2,1,1,14,25,4,6,1,27,1,1,2,8,8,2,6,5,14,12,1,1,1,10,2,12,25,10,1,1,10,1,5,1,6,12,2,6,2,7,23,3,51,6,2,2,5,5,41,31,10,3,1,91,22,1,3,13,11,1,3,20,4,11,6,7,20,3,32,1,15,11,62,1,1,46,9,23,1,5,2,2,0,0,0,0,0,0,0,0,0
974,2017,18,2017-10-29,Mexican Grand Prix,5,24,1,1,1,2,13,1,1,2,3,2,1,16,1,1,3,1,6,1,14,1,1,4,1,3,2,1,1,14,25,4,6,1,27,1,1,2,8,8,2,6,5,14,12,1,1,1,10,2,12,25,10,1,1,10,1,5,1,6,12,2,6,2,7,23,3,51,6,2,2,5,5,41,31,10,3,1,91,22,1,3,13,11,1,3,20,4,11,6,7,20,3,32,1,15,11,62,1,1,46,9,23,1,5,3,2,0,0,0,0,0,0,0,0,0
975,2017,19,2017-11-12,Brazilian Grand Prix,5,24,1,1,1,2,13,1,1,2,3,2,1,16,1,1,3,1,6,1,14,1,1,4,1,3,2,1,1,14,25,4,6,1,27,1,1,2,8,8,2,6,5,14,12,1,1,1,10,2,12,25,10,1,1,10,1,5,1,6,12,2,6,2,7,23,3,51,6,2,2,5,5,41,31,10,3,1,91,22,1,3,13,11,1,3,20,4,11,6,7,20,3,32,1,15,11,62,1,1,47,9,23,1,5,3,2,0,0,0,0,0,0,0,0,0
976,2017,20,2017-11-26,Abu Dhabi Grand Prix,5,24,1,1,1,2,13,1,1,2,3,2,1,16,1,1,3,1,6,1,14,1,1,4,1,3,2,1,1,14,25,4,6,1,27,1,1,2,8,8,2,6,5,14,12,1,1,1,10,2,12,25,10,1,1,10,1,5,1,6,12,2,6,2,7,23,3,51,6,2,2,5,5,41,31,10,3,1,91,22,1,3,13,11,1,3,20,4,11,6,7,20,3,32,1,15,11,62,1,1,47,9,23,1,5,3,3,0,0,0,0,0,0,0,0,0
977,2018,1,2018-03-25,Australian Grand Prix,5,24,1,1,1,2,13,1,1,2,3,2,1,16,1,1,3,1,6,1,14,1,1,4,1,3,2,1,1,14,25,4,6,1,27,1,1,2,8,8,2,6,5,14,12,1,1,1,10,2,12,25,10,1,1,10,1,5,1,6,12,2,6,2,7,23,3,51,6,2,2,5,5,41,31,10,3,1,91,22,1,3,13,11,1,3,20,4,11,6,7,20,3,32,1,15,11,62,1,1,48,9,23,1,5,3,3,0,0,0,0,0,0,0,0,0
978,2018,2,2018-04-08,Bahrain Grand Prix,5,24,1,1,1,2,13,1,1,2,3,2,1,16,1,1,3,1,6,1,14,1,1,4,1,3,2,1,1,14,25,4,6,1,27,1,1,2,8,8,2,6,5,14,12,1,1,1,10,2,12,25,10,1,1,10,1,5,1,6,12,2,6,2,7,23,3,51,6,2,2,5,5,41,31,10,3,1,91,22,1,3,13,11,1,3,20,4,11,6,7,20,3,32,1,15,11,62,1,1,49,9,23,1,5,3,3,0,0,0,0,0,0,0,0,0
979,2018,3,2018-04-15,Chinese Grand Prix,5,24,1,1,1,2,13,1,1,2,3,2,1,16,1,1,3,1,6,1,14,1,1,4,1,3,2,1,1,14,25,4,6,1,27,1,1,2,8,8,2,6,5,14,12,1,1,1,10,2,12,25,10,1,1,10,1,5,1,6,12,2,6,2,7,23,3,51,6,2,2,5,5,41,31,10,3,1,91,22,1,3,13,11,1,3,20,4,11,6,7,20,3,32,1,15,11,62,1,1,49,9,23,1,6,3,3,0,0,0,0,0,0,0,0,0
980,2018,4,2018-04-29,Azerbaijan Grand Prix,5,24,1,1,1,2,13,1,1,2,3,2,1,16,1,1,3,1,6,1,14,1,1,4,1,3,2,1,1,14,25,4,6,1,27,1,1,2,8,8,2,6,5,14,12,1,1,1,10,2,12,25,10,1,1,10,1,5,1,6,12,2,6,2,7,23,3,51,6,2,2,5,5,41,31,10,3,1,91,22,1,3,13,11,1,3,20,4,11,6,7,20,3,32,1,15,11,63,1,1,49,9,23,1,6,3,3,0,0,0,0,0,0,0,0,0
981,2018,5,2018-05-13,Spanish Grand Prix,5,24,1,1,1,2,13,1,1,2,3,2,1,16,1,1,3,1,6,1,14,1,1,4,1,3,2,1,1,14,25,4,6,1,27,1,1,2,8,8,2,6,5,14,12,1,1,1,10,2,12,25,10,1,1,10,1,5,1,6,12,2,6,2,7,23,3,51,6,2,2,5,5,41,31,10,3,1,91,22,1,3,13,11,1,3,20,4,11,6,7,20,3,32,1,15,11,64,1,1,49,9,23,1,6,3,3,0,0,0,0,0,0,0,0,0
982,2018,6,2018-05-27,Monaco Grand Prix,5,24,1,1,1,2,13,1,1,2,3,2,1,16,1,1,3,1,6,1,14,1,1,4,1,3,2,1,1,14,25,4,6,1,27,1,1,2,8,8,2,6,5,14,12,1,1,1,10,2,12,25,10,1,1,10,1,5,1,6,12,2,6,2,7,23,3,51,6,2,2,5,5,41,31,10,3,1,91,22,1,3,13,11,1,3,20,4,11,6,7,20,3,32,1,15,11,64,1,1,49,9,23,1,7,3,3,0,0,0,0,0,0,0,0,0
983,2018,7,2018-06-10,Canadian Grand Prix,5,24,1,1,1,2,13,1,1,2,3,2,1,16,1,1,3,1,6,1,14,1,1,4,1,3,2,1,1,14,25,4,6,1,27,1,1,2,8,8,2,6,5,14,12,1,1,1,10,2,12,25,10,1,1,10,1,5,1,6,12,2,6,2,7,23,3,51,6,2,2,5,5,41,31,10,3,1,91,22,1,3,13,11,1,3,20,4,11,6,7,20,3,32,1,15,11,64,1,1,50,9,23,1,7,3,3,0,0,0,0,0,0,0,0,0
984,2018,8,2018-06-24,French Grand Prix,5,24,1,1,1,2,13,1,1,2,3,2,1,16,1,1,3,1,6,1,14,1,1,4,1,3,2,1,1,14,25,4,6,1,27,1,1,2,8,8,2,6,5,14,12,1,1,1,10,2,12,25,10,1,1,10,1,5,1,6,12,2,6,2,7,23,3,51,6,2,2,5,5,41,31,10,3,1,91,22,1,3,13,11,1,3,20,4,11,6,7,20,3,32,1,15,11,65,1,1,50,9,23,1,7,3,3,0,0,0,0,0,0,0,0,0
985,2018,9,2018-07-01,Austrian Grand Prix,5,24,1,1,1,2,13,1,1,2,3,2,1,16,1,1,3,1,6,1,14,1,1,4,1,3,2,1,1,14,25,4,6,1,27,1,1,2,8,8,2,6,5,14,12,1,1,1,10,2,12,25,10,1,1,10,1,5,1,6,12,2,6,2,7,23,3,51,6,2,2,5,5,41,31,10,3,1,91,22,1,3,13,11,1,3,20,4,11,6,7,20,3,32,1,15,11,65,1,1,50,9,23,1,7,4,3,0,0,0,0,0,0,0,0,0
986,2018,10,2018-07-08,British Grand Prix,5,24,1,1,1,2,13,1,1,2,3,2,1,16,1,1,3,1,6,1,14,1,1,4,1,3,2,1,1,14,25,4,6,1,27,1,1,2,8,8,2,6,5,14,12,1,1,1,10,2,12,25,10,1,1,10,1,5,1,6,12,2,6,2,7,23,3,51,6,2,2,5,5,41,31,10,3,1,91,22,1,3,13,11,1,3,20,4,11,6,7,20,3,32,1,15,11,65,1,1,51,9,23,1,7,4,3,0,0,0,0,0,0,0,0,0
987,2018,11,2018-07-22,German Grand Prix,5,24,1,1,1,2,13,1,1,2,3,2,1,16,1,1,3,1,6,1,14,1,1,4,1,3,2,1,1,14,25,4,6,1,27,1,1,2,8,8,2,6,5,14,12,1,1,1,10,2,12,25,10,1,1,10,1,5,1,6,12,2,6,2,7,23,3,51,6,2,2,5,5,41,31,10,3,1,91,22,1,3,13,11,1,3,20,4,11,6,7,20,3,32,1,15,11,66,1,1,51,9,23,1,7,4,3,0,0,0,0,0,0,0,0,0
988,2018,12,2018-07-29,Hungarian Grand Prix,5,24,1,1,1,2,13,1,1,2,3,2,1,16,1,1,3,1,6,1,14,1,1,4,1,3,2,1,1,14,25,4,6,1,27,1,1,2,8,8,2,6,5,14,12,1,1,1,10,2,12,25,10,1,1,10,1,5,1,6,12,2,6,2,7,23,3,51,6,2,2,5,5,41,31,10,3,1,91,22,1,3,13,11,1,3,20,4,11,6,7,20,3,32,1,15,11,67,1,1,51,9,23,1,7,4,3,0,0,0,0,0,0,0,0,0
989,2018,13,2018-08-26,Belgian Grand Prix,5,24,1,1,1,2,13,1,1,2,3,2,1,16,1,1,3,1,6,1,14,1,1,4,1,3,2,1,1,14,25,4,6,1,27,1,1,2,8,8,2,6,5,14,12,1,1,1,10,2,12,25,10,1,1,10,1,5,1,6,12,2,6,2,7,23,3,51,6,2,2,5,5,41,31,10,3,1,91,22,1,3,13,11,1,3,20,4,11,6,7,20,3,32,1,15,11,67,1,1,52,9,23,1,7,4,3,0,0,0,0,0,0,0,0,0
990,2018,14,2018-09-02,Italian Grand Prix,5,24,1,1,1,2,13,1,1,2,3,2,1,16,1,1,3,1,6,1,14,1,1,4,1,3,2,1,1,14,25,4,6,1,27,1,1,2,8,8,2,6,5,14,12,1,1,1,10,2,12,25,10,1,1,10,1,5,1,6,12,2,6,2,7,23,3,51,6,2,2,5,5,41,31,10,3,1,91,22,1,3,13,11,1,3,20,4,11,6,7,20,3,32,1,15,11,68,1,1,52,9,23,1,7,4,3,0,0,0,0,0,0,0,0,0
991,2018,15,2018-09-16,Singapore Grand Prix,5,24,1,1,1,2,13,1,1,2,3,2,1,16,1,1,3,1,6,1,14,1,1,4,1,3,2,1,1,14,25,4,6,1,27,1,1,2,8,8,2,6,5,14,12,1,1,1,10,2,12,25,10,1,1,10,1,5,1,6,12,2,6,2,7,23,3,51,6,2,2,5,5,41,31,10,3,1,91,22,1,3,13,11,1,3,20,4,11,6,7,20,3,32,1,15,11,69,1,1,52,9,23,1,7,4,3,0,0,0,0,0,0,0,0,0
992,2018,16,2018-09-30,Russian Grand Prix,5,24,1,1,1,2,13,1,1,2,3,2,1,16,1,1,3,1,6,1,14,1,1,4,1,3,2,1,1,14,25,4,6,1,27,1,1,2,8,8,2,6,5,14,12,1,1,1,10,2,12,25,10,1,1,10,1,5,1,6,12,2,6,2,7,23,3,51,6,2,2,5,5,41,31,10,3,1,91,22,1,3,13,11,1,3,20,4,11,6,7,20,3,32,1,15,11,70,1,1,52,9,23,1,7,4,3,0,0,0,0,0,0,0,0,0
993,2018,17,2018-10-07,Japanese Grand Prix,5,24,1,1,1,2,13,1,1,2,3,2,1,16,1,1,3,1,6,1,14,1,1,4,1,3,2,1,1,14,25,4,6,1,27,1,1,2,8,8,2,6,5,14,12,1,1,1,10,2,12,25,10,1,1,10,1,5,1,6,12,2,6,2,7,23,3,51,6,2,2,5,5,41,31,10,3,1,91,22,1,3,13,11,1,3,20,4,11,6,7,20,3,32,1,15,11,71,1,1,52,9,23,1,7,4,3,0,0,0,0,0,0,0,0,0
994,2018,18,2018-10-21,United States Grand Prix,5,24,1,1,1,2,13,1,1,2,3,2,1,16,1,1,3,1,6,1,14,1,1,4,1,3,2,1,1,14,25,4,6,1,27,1,1,2,8,8,2,6,5,14,12,1,1,1,10,2,12,25,10,1,1,10,1,5,1,6,12,2,6,2,7,23,3,51,6,2,2,5,5,41,31,10,3,1,91,22,1,3,13,11,1,3,20,4,11,6,7,21,3,32,1,15,11,71,1,1,52,9,23,1,7,4,3,0,0,0,0,0,0,0,0,0
995,2018,19,2018-10-28,Mexican Grand Prix,5,24,1,1,1,2,13,1,1,2,3,2,1,16,1,1,3,1,6,1,14,1,1,4,1,3,2,1,1,14,25,4,6,1,27,1,1,2,8,8,2,6,5,14,12,1,1,1,10,2,12,25,10,1,1,10,1,5,1,6,12,2,6,2,7,23,3,51,6,2,2,5,5,41,31,10,3,1,91,22,1,3,13,11,1,3,20,4,11,6,7,21,3,32,1,15,11,71,1,1,52,9,23,1,7,5,3,0,0,0,0,0,0,0,0,0
996,2018,20,2018-11-11,Brazilian Grand Prix,5,24,1,1,1,2,13,1,1,2,3,2,1,16,1,1,3,1,6,1,14,1,1,4,1,3,2,1,1,14,25,4,6,1,27,1,1,2,8,8,2,6,5,14,12,1,1,1,10,2,12,25,10,1,1,10,1,5,1,6,12,2,6,2,7,23,3,51,6,2,2,5,5,41,31,10,3,1,91,22,1,3,13,11,1,3,20,4,11,6,7,21,3,32,1,15,11,72,1,1,52,9,23,1,7,5,3,0,0,0,0,0,0,0,0,0
997,2018,21,2018-11-25,Abu Dhabi Grand Prix,5,24,1,1,1,2,13,1,1,2,3,2,1,16,1,1,3,1,6,1,14,1,1,4,1,3,2,1,1,14,25,4,6,1,27,1,1,2,8,8,2,6,5,14,12,1,1,1,10,2,12,25,10,1,1,10,1,5,1,6,12,2,6,2,7,23,3,51,6,2,2,5,5,41,31,10,3,1,91,22,1,3,13,11,1,3,20,4,11,6,7,21,3,32,1,15,11,73,1,1,52,9,23,1,7,5,3,0,0,0,0,0,0,0,0,0
998,2019,1,2019-03-17,Australian Grand Prix,5,24,1,1,1,2,13,1,1,2,3,2,1,16,1,1,3,1,6,1,14,1,1,4,1,3,2,1,1,14,25,4,6,1,27,1,1,2,8,8,2,6,5,14,12,1,1,1,10,2,12,25,10,1,1,10,1,5,1,6,12,2,6,2,7,23,3,51,6,2,2,5,5,41,31,10,3,1,91,22,1,3,13,11,1,3,20,4,11,6,7,21,3,32,1,15,11,73,1,1,52,9,23,1,7,5,4,0,0,0,0,0,0,0,0,0
999,2019,2,2019-03-31,Bahrain Grand Prix,5,24,1,1,1,2,13,1,1,2,3,2,1,16,1,1,3,1,6,1,14,1,1,4,1,3,2,1,1,14,25,4,6,1,27,1,1,2,8,8,2,6,5,14,12,1,1,1,10,2,12,25,10,1,1,10,1,5,1,6,12,2,6,2,7,23,3,51,6,2,2,5,5,41,31,10,3,1,91,22,1,3,13,11,1,3,20,4,11,6,7,21,3,32,1,15,11,74,1,1,52,9,23,1,7,5,4,0,0,0,0,0,0,0,0,0
1000,2019,3,2019-04-14,Chinese Grand Prix,5,24,1,1,1,2,13,1,1,2,3,2,1,16,1,1,3,1,6,1,14,1,1,4,1,3,2,1,1,14,25,4,6,1,27,1,1,2,8,8,2,6,5,14,12,1,1,1,10,2,12,25,10,1,1,10,1,5,1,6,12,2,6,2,7,23,3,51,6,2,2,5,5,41,31,10,3,1,91,22,1,3,13,11,1,3,20,4,11,6,7,21,3,32,1,15,11,75,1,1,52,9,23,1,7,5,4,0,0,0,0,0,0,0,0,0
1001,2019,4,2019-04-28,Azerbaijan Grand Prix,5,24,1,1,1,2,13,1,1,2,3,2,1,16,1,1,3,1,6,1,14,1,1,4,1,3,2,1,1,14,25,4,6,1,27,1,1,2,8,8,2,6,5,14,12,1,1,1,10,2,12,25,10,1,1,10,1,5,1,6,12,2,6,2,7,23,3,51,6,2,2,5,5,41,31,10,3,1,91,22,1,3,13,11,1,3,20,4,11,6,7,21,3,32,1,15,11,75,1,1,52,9,23,1,7,5,5,0,0,0,0,0,0,0,0,0
1002,2019,5,2019-05-12,Spanish Grand Prix,5,24,1,1,1,2,13,1,1,2,3,2,1,16,1,1,3,1,6,1,14,1,1,4,1,3,2,1,1,14,25,4,6,1,27,1,1,2,8,8,2,6,5,14,12,1,1,1,10,2,12,25,10,1,1,10,1,5,1,6,12,2,6,2,7,23,3,51,6,2,2,5,5,41,31,10,3,1,91,22,1,3,13,11,1,3,20,4,11,6,7,21,3,32,1,15,11,76,1,1,52,9,23,1,7,5,5,0,0,0,0,0,0,0,0,0
1003,2019,6,2019-05-26,Monaco Grand Prix,5,24,1,1,1,2,13,1,1,2,3,2,1,16,1,1,3,1,6,1,14,1,1,4,1,3,2,1,1,14,25,4,6,1,27,1,1,2,8,8,2,6,5,14,12,1,1,1,10,2,12,25,10,1,1,10,1,5,1,6,12,2,6,2,7,23,3,51,6,2,2,5,5,41,31,10,3,1,91,22,1,3,13,11,1,3,20,4,11,6,7,21,3,32,1,15,11,77,1,1,52,9,23,1,7,5,5,0,0,0,0,0,0,0,0,0
1004,2019,7,2019-06-09,Canadian Grand Prix,5,24,1,1,1,2,13,1,1,2,3,2,1,16,1,1,3,1,6,1,14,1,1,4,1,3,2,1,1,14,25,4,6,1,27,1,1,2,8,8,2,6,5,14,12,1,1,1,10,2,12,25,10,1,1,10,1,5,1,6,12,2,6,2,7,23,3,51,6,2,2,5,5,41,31,10,3,1,91,22,1,3,13,11,1,3,20,4,11,6,7,21,3,32,1,15,11,78,1,1,52,9,23,1,7,5,5,0,0,0,0,0,0,0,0,0
1005,2019,8,2019-06-23,French Grand Prix,5,24,1,1,1,2,13,1,1,2,3,2,1,16,1,1,3,1,6,1,14,1,1,4,1,3,2,1,1,14,25,4,6,1,27,1,1,2,8,8,2,6,5,14,12,1,1,1,10,2,12,25,10,1,1,10,1,5,1,6,12,2,6,2,7,23,3,51,6,2,2,5,5,41,31,10,3,1,91,22,1,3,13,11,1,3,20,4,11,6,7,21,3,32,1,15,11,79,1,1,52,9,23,1,7,5,5,0,0,0,0,0,0,0,0,0
1006,2019,9,2019-06-30,Austrian Grand Prix,5,24,1,1,1,2,13,1,1,2,3,2,1,16,1,1,3,1,6,1,14,1,1,4,1,3,2,1,1,14,25,4,6,1,27,1,1,2,8,8,2,6,5,14,12,1,1,1,10,2,12,25,10,1,1,10,1,5,1,6,12,2,6,2,7,23,3,51,6,2,2,5,5,41,31,10,3,1,91,22,1,3,13,11,1,3,20,4,11,6,7,21,3,32,1,15,11,79,1,1,52,9,23,1,7,6,5,0,0,0,0,0,0,0,0,0
1007,2019,10,2019-07-14,British Grand Prix,5,24,1,1,1,2,13,1,1,2,3,2,1,16,1,1,3,1,6,1,14,1,1,4,1,3,2,1,1,14,25,4,6,1,27,1,1,2,8,8,2,6,5,14,12,1,1,1,10,2,12,25,10,1,1,10,1,5,1,6,12,2,6,2,7,23,3,51,6,2,2,5,5,41,31,10,3,1,91,22,1,3,13,11,1,3,20,4,11,6,7,21,3,32,1,15,11,80,1,1,52,9,23,1,7,6,5,0,0,0,0,0,0,0,0,0
1008,2019,11,2019-07-28,German Grand Prix,5,24,1,1,1,2,13,1,1,2,3,2,1,16,1,1,3,1,6,1,14,1,1,4,1,3,2,1,1,14,25,4,6,1,27,1,1,2,8,8,2,6,5,14,12,1,1,1,10,2,12,25,10,1,1,10,1,5,1,6,12,2,6,2,7,23,3,51,6,2,2,5,5,41,31,10,3,1,91,22,1,3,13,11,1,3,20,4,11,6,7,21,3,32,1,15,11,80,1,1,52,9,23,1,7,7,5,0,0,0,0,0,0,0,0,0
1009,2019,12,2019-08-04,Hungarian Grand Prix,5,24,1,1,1,2,13,1,1,2,3,2,1,16,1,1,3,1,6,1,14,1,1,4,1,3,2,1,1,14,25,4,6,1,27,1,1,2,8,8,2,6,5,14,12,1,1,1,10,2,12,25,10,1,1,10,1,5,1,6,12,2,6,2,7,23,3,51,6,2,2,5,5,41,31,10,3,1,91,22,1,3,13,11,1,3,20,4,11,6,7,21,3,32,1,15,11,81,1,1,52,9,23,1,7,7,5,0,0,0,0,0,0,0,0,0
1010,2019,13,2019-09-01,Belgian Grand Prix,5,24,1,1,1,2,13,1,1,2,3,2,1,16,1,1,3,1,6,1,14,1,1,4,1,3,2,1,1,14,25,4,6,1,27,1,1,2,8,8,2,6,5,14,12,1,1,1,10,2,12,25,10,1,1,10,1,5,1,6,12,2,6,2,7,23,3,51,6,2,2,5,5,41,31,10,3,1,91,22,1,3,13,11,1,3,20,4,11,6,7,21,3,32,1,15,11,81,1,1,52,9,23,1,7,7,5,1,0,0,0,0,0,0,0,0
1011,2019,14,2019-09-08,Italian Grand Prix,5,24,1,1,1,2,13,1,1,2,3,2,1,16,1,1,3,1,6,1,14,1,1,4,1,3,2,1,1,14,25,4,6,1,27,1,1,2,8,8,2,6,5,14,12,1,1,1,10,2,12,25,10,1,1,10,1,5,1,6,12,2,6,2,7,23,3,51,6,2,2,5,5,41,31,10,3,1,91,22,1,3,13,11,1,3,20,4,11,6,7,21,3,32,1,15,11,81,1,1,52,9,23,1,7,7,5,2,0,0,0,0,0,0,0,0
1012,2019,15,2019-09-22,Singapore Grand Prix,5,24,1,1,1,2,13,1,1,2,3,2,1,16,1,1,3,1,6,1,14,1,1,4,1,3,2,1,1,14,25,4,6,1,27,1,1,2,8,8,2,6,5,14,12,1,1,1,10,2,12,25,10,1,1,10,1,5,1,6,12,2,6,2,7,23,3,51,6,2,2,5,5,41,31,10,3,1,91,22,1,3,13,11,1,3,20,4,11,6,7,21,3,32,1,15,11,81,1,1,53,9,23,1,7,7,5,2,0,0,0,0,0,0,0,0
1013,2019,16,2019-09-29,Russian Grand Prix,5,24,1,1,1,2,13,1,1,2,3,2,1,16,1,1,3,1,6,1,14,1,1,4,1,3,2,1,1,14,25,4,6,1,27,1,1,2,8,8,2,6,5,14,12,1,1,1,10,2,12,25,10,1,1,10,1,5,1,6,12,2,6,2,7,23,3,51,6,2,2,5,5,41,31,10,3,1,91,22,1,3,13,11,1,3,20,4,11,6,7,21,3,32,1,15,11,82,1,1,53,9,23,1,7,7,5,2,0,0,0,0,0,0,0,0
1014,2019,17,2019-10-13,Japanese Grand Prix,5,24,1,1,1,2,13,1,1,2,3,2,1,16,1,1,3,1,6,1,14,1,1,4,1,3,2,1,1,14,25,4,6,1,27,1,1,2,8,8,2,6,5,14,12,1,1,1,10,2,12,25,10,1,1,10,1,5,1,6,12,2,6,2,7,23,3,51,6,2,2,5,5,41,31,10,3,1,91,22,1,3,13,11,1,3,20,4,11,6,7,21,3,32,1,15,11,82,1,1,53,9,23,1,7,7,6,2,0,0,0,0,0,0,0,0
1015,2019,18,2019-10-27,Mexican Grand Prix,5,24,1,1,1,2,13,1,1,2,3,2,1,16,1,1,3,1,6,1,14,1,1,4,1,3,2,1,1,14,25,4,6,1,27,1,1,2,8,8,2,6,5,14,12,1,1,1,10,2,12,25,10,1,1,10,1,5,1,6,12,2,6,2,7,23,3,51,6,2,2,5,5,41,31,10,3,1,91,22,1,3,13,11,1,3,20,4,11,6,7,21,3,32,1,15,11,83,1,1,53,9,23,1,7,7,6,2,0,0,0,0,0,0,0,0
1016,2019,19,2019-11-03,United States Grand Prix,5,24,1,1,1,2,13,1,1,2,3,2,1,16,1,1,3,1,6,1,14,1,1,4,1,3,2,1,1,14,25,4,6,1,27,1,1,2,8,8,2,6,5,14,12,1,1,1,10,2,12,25,10,1,1,10,1,5,1,6,12,2,6,2,7,23,3,51,6,2,2,5,5,41,31,10,3,1,91,22,1,3,13,11,1,3,20,4,11,6,7,21,3,32,1,15,11,83,1,1,53,9,23,1,7,7,7,2,0,0,0,0,0,0,0,0
1017,2019,20,2019-11-17,Brazilian Grand Prix,5,24,1,1,1,2,13,1,1,2,3,2,1,16,1,1,3,1,6,1,14,1,1,4,1,3,2,1,1,14,25,4,6,1,27,1,1,2,8,8,2,6,5,14,12,1,1,1,10,2,12,25,10,1,1,10,1,5,1,6,12,2,6,2,7,23,3,51,6,2,2,5,5,41,31,10,3,1,91,22,1,3,13,11,1,3,20,4,11,6,7,21,3,32,1,15,11,83,1,1,53,9,23,1,7,8,7,2,0,0,0,0,0,0,0,0
1018,2019,21,2019-12-01,Abu Dhabi Grand Prix,5,24,1,1,1,2,13,1,1,2,3,2,1,16,1,1,3,1,6,1,14,1,1,4,1,3,2,1,1,14,25,4,6,1,27,1,1,2,8,8,2,6,5,14,12,1,1,1,10,2,12,25,10,1,1,10,1,5,1,6,12,2,6,2,7,23,3,51,6,2,2,5,5,41,31,10,3,1,91,22,1,3,13,11,1,3,20,4,11,6,7,21,3,32,1,15,11,84,1,1,53,9,23,1,7,8,7,2,0,0,0,0,0,0,0,0
1019,2020,1,2020-07-05,Austrian Grand Prix,5,24,1,1,1,2,13,1,1,2,3,2,1,16,1,1,3,1,6,1,14,1,1,4,1,3,2,1,1,14,25,4,6,1,27,1,1,2,8,8,2,6,5,14,12,1,1,1,10,2,12,25,10,1,1,10,1,5,1,6,12,2,6,2,7,23,3,51,6,2,2,5,5,41,31,10,3,1,91,22,1,3,13,11,1,3,20,4,11,6,7,21,3,32,1,15,11,84,1,1,53,9,23,1,7,8,8,2,0,0,0,0,0,0,0,0
1020,2020,2,2020-07-12,Styrian Grand Prix,5,24,1,1,1,2,13,1,1,2,3,2,1,16,1,1,3,1,6,1,14,1,1,4,1,3,2,1,1,14,25,4,6,1,27,1,1,2,8,8,2,6,5,14,12,1,1,1,10,2,12,25,10,1,1,10,1,5,1,6,12,2,6,2,7,23,3,51,6,2,2,5,5,41,31,10,3,1,91,22,1,3,13,11,1,3,20,4,11,6,7,21,3,32,1,15,11,85,1,1,53,9,23,1,7,8,8,2,0,0,0,0,0,0,0,0
1021,2020,3,2020-07-19,Hungarian Grand Prix,5,24,1,1,1,2,13,1,1,2,3,2,1,16,1,1,3,1,6,1,14,1,1,4,1,3,2,1,1,14,25,4,6,1,27,1,1,2,8,8,2,6,5,14,12,1,1,1,10,2,12,25,10,1,1,10,1,5,1,6,12,2,6,2,7,23,3,51,6,2,2,5,5,41,31,10,3,1,91,22,1,3,13,11,1,3,20,4,11,6,7,21,3,32,1,15,11,86,1,1,53,9,23,1,7,8,8,2,0,0,0,0,0,0,0,0
1022,2020,4,2020-08-02,British Grand Prix,5,24,1,1,1,2,13,1,1,2,3,2,1,16,1,1,3,1,6,1,14,1,1,4,1,3,2,1,1,14,25,4,6,1,27,1,1,2,8,8,2,6,5,14,12,1,1,1,10,2,12,25,10,1,1,10,1,5,1,6,12,2,6,2,7,23,3,51,6,2,2,5,5,41,31,10,3,1,91,22,1,3,13,11,1,3,20,4,11,6,7,21,3,32,1,15,11,87,1,1,53,9,23,1,7,8,8,2,0,0,0,0,0,0,0,0
1023,2020,5,2020-08-09,70th Anniversary Grand Prix,5,24,1,1,1,2,13,1,1,2,3,2,1,16,1,1,3,1,6,1,14,1,1,4,1,3,2,1,1,14,25,4,6,1,27,1,1,2,8,8,2,6,5,14,12,1,1,1,10,2,12,25,10,1,1,10,1,5,1,6,12,2,6,2,7,23,3,51,6,2,2,5,5,41,31,10,3,1,91,22,1,3,13,11,1,3,20,4,11,6,7,21,3,32,1,15,11,87,1,1,53,9,23,1,7,9,8,2,0,0,0,0,0,0,0,0
1024,2020,6,2020-08-16,Spanish Grand Prix,5,24,1,1,1,2,13,1,1,2,3,2,1,16,1,1,3,1,6,1,14,1,1,4,1,3,2,1,1,14,25,4,6,1,27,1,1,2,8,8,2,6,5,14,12,1,1,1,10,2,12,25,10,1,1,10,1,5,1,6,12,2,6,2,7,23,3,51,6,2,2,5,5,41,31,10,3,1,91,22,1,3,13,11,1,3,20,4,11,6,7,21,3,32,1,15,11,88,1,1,53,9,23,1,7,9,8,2,0,0,0,0,0,0,0,0
1025,2020,7,2020-08-30,Belgian Grand Prix,5,24,1,1,1,2,13,1,1,2,3,2,1,16,1,1,3,1,6,1,14,1,1,4,1,3,2,1,1,14,25,4,6,1,27,1,1,2,8,8,2,6,5,14,12,1,1,1,10,2,12,25,10,1,1,10,1,5,1,6,12,2,6,2,7,23,3,51,6,2,2,5,5,41,31,10,3,1,91,22,1,3,13,11,1,3,20,4,11,6,7,21,3,32,1,15,11,89,1,1,53,9,23,1,7,9,8,2,0,0,0,0,0,0,0,0
1026,2020,8,2020-09-06,Italian Grand Prix,5,24,1,1,1,2,13,1,1,2,3,2,1,16,1,1,3,1,6,1,14,1,1,4,1,3,2,1,1,14,25,4,6,1,27,1,1,2,8,8,2,6,5,14,12,1,1,1,10,2,12,25,10,1,1,10,1,5,1,6,12,2,6,2,7,23,3,51,6,2,2,5,5,41,31,10,3,1,91,22,1,3,13,11,1,3,20,4,11,6,7,21,3,32,1,15,11,89,1,1,53,9,23,1,7,9,8,2,1,0,0,0,0,0,0,0
1027,2020,9,2020-09-13,Tuscan Grand Prix,5,24,1,1,1,2,13,1,1,2,3,2,1,16,1,1,3,1,6,1,14,1,1,4,1,3,2,1,1,14,25,4,6,1,27,1,1,2,8,8,2,6,5,14,12,1,1,1,10,2,12,25,10,1,1,10,1,5,1,6,12,2,6,2,7,23,3,51,6,2,2,5,5,41,31,10,3,1,91,22,1,3,13,11,1,3,20,4,11,6,7,21,3,32,1,15,11,90,1,1,53,9,23,1,7,9,8,2,1,0,0,0,0,0,0,0
1028,2020,10,2020-09-27,Russian Grand Prix,5,24,1,1,1,2,13,1,1,2,3,2,1,16,1,1,3,1,6,1,14,1,1,4,1,3,2,1,1,14,25,4,6,1,27,1,1,2,8,8,2,6,5,14,12,1,1,1,10,2,12,25,10,1,1,10,1,5,1,6,12,2,6,2,7,23,3,51,6,2,2,5,5,41,31,10,3,1,91,22,1,3,13,11,1,3,20,4,11,6,7,21,3,32,1,15,11,90,1,1,53,9,23,1,7,9,9,2,1,0,0,0,0,0,0,0
1029,2020,11,2020-10-11,Eifel Grand Prix,5,24,1,1,1,2,13,1,1,2,3,2,1,16,1,1,3,1,6,1,14,1,1,4,1,3,2,1,1,14,25,4,6,1,27,1,1,2,8,8,2,6,5,14,12,1,1,1,10,2,12,25,10,1,1,10,1,5,1,6,12,2,6,2,7,23,3,51,6,2,2,5,5,41,31,10,3,1,91,22,1,3,13,11,1,3,20,4,11,6,7,21,3,32,1,15,11,91,1,1,53,9,23,1,7,9,9,2,1,0,0,0,0,0,0,0
1030,2020,12,2020-10-25,Portuguese Grand Prix,5,24,1,1,1,2,13,1,1,2,3,2,1,16,1,1,3,1,6,1,14,1,1,4,1,3,2,1,1,14,25,4,6,1,27,1,1,2,8,8,2,6,5,14,12,1,1,1,10,2,12,25,10,1,1,10,1,5,1,6,12,2,6,2,7,23,3,51,6,2,2,5,5,41,31,10,3,1,91,22,1,3,13,11,1,3,20,4,11,6,7,21,3,32,1,15,11,92,1,1,53,9,23,1,7,9,9,2,1,0,0,0,0,0,0,0
1031,2020,13,2020-11-01,Emilia Romagna Grand Prix,5,24,1,1,1,2,13,1,1,2,3,2,1,16,1,1,3,1,6,1,14,1,1,4,1,3,2,1,1,14,25,4,6,1,27,1,1,2,8,8,2,6,5,14,12,1,1,1,10,2,12,25,10,1,1,10,1,5,1,6,12,2,6,2,7,23,3,51,6,2,2,5,5,41,31,10,3,1,91,22,1,3,13,11,1,3,20,4,11,6,7,21,3,32,1,15,11,93,1,1,53,9,23,1,7,9,9,2,1,0,0,0,0,0,0,0
1032,2020,14,2020-11-15,Turkish Grand Prix,5,24,1,1,1,2,13,1,1,2,3,2,1,16,1,1,3,1,6,1,14,1,1,4,1,3,2,1,1,14,25,4,6,1,27,1,1,2,8,8,2,6,5,14,12,1,1,1,10,2,12,25,10,1,1,10,1,5,1,6,12,2,6,2,7,23,3,51,6,2,2,5,5,41,31,10,3,1,91,22,1,3,13,11,1,3,20,4,11,6,7,21,3,32,1,15,11,94,1,1,53,9,23,1,7,9,9,2,1,0,0,0,0,0,0,0
1033,2020,15,2020-11-29,Bahrain Grand Prix,5,24,1,1,1,2,13,1,1,2,3,2,1,16,1,1,3,1,6,1,14,1,1,4,1,3,2,1,1,14,25,4,6,1,27,1,1,2,8,8,2,6,5,14,12,1,1,1,10,2,12,25,10,1,1,10,1,5,1,6,12,2,6,2,7,23,3,51,6,2,2,5,5,41,31,10,3,1,91,22,1,3,13,11,1,3,20,4,11,6,7,21,3,32,1,15,11,95,1,1,53,9,23,1,7,9,9,2,1,0,0,0,0,0,0,0
1034,2020,16,2020-12-06,Sakhir Grand Prix,5,24,1,1,1,2,13,1,1,2,3,2,1,16,1,1,3,1,6,1,14,1,1,4,1,3,2,1,1,14,25,4,6,1,27,1,1,2,8,8,2,6,5,14,12,1,1,1,10,2,12,25,10,1,1,10,1,5,1,6,12,2,6,2,7,23,3,51,6,2,2,5,5,41,31,10,3,1,91,22,1,3,13,11,1,3,20,4,11,6,7,21,3,32,1,15,11,95,1,1,53,9,23,1,7,9,9,2,1,1,0,0,0,0,0,0
1035,2020,17,2020-12-13,Abu Dhabi Grand Prix,5,24,1,1,1,2,13,1,1,2,3,2,1,16,1,1,3,1,6,1,14,1,1,4,1,3,2,1,1,14,25,4,6,1,27,1,1,2,8,8,2,6,5,14,12,1,1,1,10,2,12,25,10,1,1,10,1,5,1,6,12,2,6,2,7,23,3,51,6,2,2,5,5,41,31,10,3,1,91,22,1,3,13,11,1,3,20,4,11,6,7,21,3,32,1,15,11,95,1,1,53,9,23,1,7,10,9,2,1,1,0,0,0,0,0,0
1036,2021,1,2021-03-28,Bahrain Grand Prix,5,24,1,1,1,2,13,1,1,2,3,2,1,16,1,1,3,1,6,1,14,1,1,4,1,3,2,1,1,14,25,4,6,1,27,1,1,2,8,8,2,6,5,14,12,1,1,1,10,2,12,25,10,1,1,10,1,5,1,6,12,2,6,2,7,23,3,51,6,2,2,5,5,41,31,10,3,1,91,22,1,3,13,11,1,3,20,4,11,6,7,21,3,32,1,15,11,96,1,1,53,9,23,1,7,10,9,2,1,1,0,0,0,0,0,0
1037,2021,2,2021-04-18,Emilia Romagna Grand Prix,5,24,1,1,1,2,13,1,1,2,3,2,1,16,1,1,3,1,6,1,14,1,1,4,1,3,2,1,1,14,25,4,6,1,27,1,1,2,8,8,2,6,5,14,12,1,1,1,10,2,12,25,10,1,1,10,1,5,1,6,12,2,6,2,7,23,3,51,6,2,2,5,5,41,31,10,3,1,91,22,1,3,13,11,1,3,20,4,11,6,7,21,3,32,1,15,11,96,1,1,53,9,23,1,7,11,9,2,1,1,0,0,0,0,0,0
1038,2021,3,2021-05-02,Portuguese Grand Prix,5,24,1,1,1,2,13,1,1,2,3,2,1,16,1,1,3,1,6,1,14,1,1,4,1,3,2,1,1,14,25,4,6,1,27,1,1,2,8,8,2,6,5,14,12,1,1,1,10,2,12,25,10,1,1,10,1,5,1,6,12,2,6,2,7,23,3,51,6,2,2,5,5,41,31,10,3,1,91,22,1,3,13,11,1,3,20,4,11,6,7,21,3,32,1,15,11,97,1,1,53,9,23,1,7,11,9,2,1,1,0,0,0,0,0,0
1039,2021,4,2021-05-09,Spanish Grand Prix,5,24,1,1,1,2,13,1,1,2,3,2,1,16,1,1,3,1,6,1,14,1,1,4,1,3,2,1,1,14,25,4,6,1,27,1,1,2,8,8,2,6,5,14,12,1,1,1,10,2,12,25,10,1,1,10,1,5,1,6,12,2,6,2,7,23,3,51,6,2,2,5,5,41,31,10,3,1,91,22,1,3,13,11,1,3,20,4,11,6,7,21,3,32,1,15,11,98,1,1,53,9,23,1,7,11,9,2,1,1,0,0,0,0,0,0
1040,2021,5,2021-05-23,Monaco Grand Prix,5,24,1,1,1,2,13,1,1,2,3,2,1,16,1,1,3,1,6,1,14,1,1,4,1,3,2,1,1,14,25,4,6,1,27,1,1,2,8,8,2,6,5,14,12,1,1,1,10,2,12,25,10,1,1,10,1,5,1,6,12,2,6,2,7,23,3,51,6,2,2,5,5,41,31,10,3,1,91,22,1,3,13,11,1,3,20,4,11,6,7,21,3,32,1,15,11,98,1,1,53,9,23,1,7,12,9,2,1,1,0,0,0,0,0,0
1041,2021,6,2021-06-06,Azerbaijan Grand Prix,5,24,1,1,1,2,13,1,1,2,3,2,1,16,1,1,3,1,6,1,14,1,1,4,1,3,2,1,1,14,25,4,6,1,27,1,1,2,8,8,2,6,5,14,12,1,1,1,10,2,12,25,10,1,1,10,1,5,1,6,12,2,6,2,7,23,3,51,6,2,2,5,5,41,31,10,3,1,91,22,1,3,13,11,1,3,20,4,11,6,7,21,3,32,1,15,11,98,1,1,53,9,23,1,7,12,9,2,1,2,0,0,0,0,0,0
1042,2021,7,2021-06-20,French Grand Prix,5,24,1,1,1,2,13,1,1,2,3,2,1,16,1,1,3,1,6,1,14,1,1,4,1,3,2,1,1,14,25,4,6,1,27,1,1,2,8,8,2,6,5,14,12,1,1,1,10,2,12,25,10,1,1,10,1,5,1,6,12,2,6,2,7,23,3,51,6,2,2,5,5,41,31,10,3,1,91,22,1,3,13,11,1,3,20,4,11,6,7,21,3,32,1,15,11,98,1,1,53,9,23,1,7,13,9,2,1,2,0,0,0,0,0,0
1043,2021,8,2021-06-27,Styrian Grand Prix,5,24,1,1,1,2,13,1,1,2,3,2,1,16,1,1,3,1,6,1,14,1,1,4,1,3,2,1,1,14,25,4,6,1,27,1,1,2,8,8,2,6,5,14,12,1,1,1,10,2,12,25,10,1,1,10,1,5,1,6,12,2,6,2,7,23,3,51,6,2,2,5,5,41,31,10,3,1,91,22,1,3,13,11,1,3,20,4,11,6,7,21,3,32,1,15,11,98,1,1,53,9,23,1,7,14,9,2,1,2,0,0,0,0,0,0
1044,2021,9,2021-07-04,Austrian Grand Prix,5,24,1,1,1,2,13,1,1,2,3,2,1,16,1,1,3,1,6,1,14,1,1,4,1,3,2,1,1,14,25,4,6,1,27,1,1,2,8,8,2,6,5,14,12,1,1,1,10,2,12,25,10,1,1,10,1,5,1,6,12,2,6,2,7,23,3,51,6,2,2,5,5,41,31,10,3,1,91,22,1,3,13,11,1,3,20,4,11,6,7,21,3,32,1,15,11,98,1,1,53,9,23,1,7,15,9,2,1,2,0,0,0,0,0,0
1045,2021,10,2021-07-18,British Grand Prix,5,24,1,1,1,2,13,1,1,2,3,2,1,16,1,1,3,1,6,1,14,1,1,4,1,3,2,1,1,14,25,4,6,1,27,1,1,2,8,8,2,6,5,14,12,1,1,1,10,2,12,25,10,1,1,10,1,5,1,6,12,2,6,2,7,23,3,51,6,2,2,5,5,41,31,10,3,1,91,22,1,3,13,11,1,3,20,4,11,6,7,21,3,32,1,15,11,99,1,1,53,9,23,1,7,15,9,2,1,2,0,0,0,0,0,0
1046,2021,11,2021-08-01,Hungarian Grand Prix,5,24,1,1,1,2,13,1,1,2,3,2,1,16,1,1,3,1,6,1,14,1,1,4,1,3,2,1,1,14,25,4,6,1,27,1,1,2,8,8,2,6,5,14,12,1,1,1,10,2,12,25,10,1,1,10,1,5,1,6,12,2,6,2,7,23,3,51,6,2,2,5,5,41,31,10,3,1,91,22,1,3,13,11,1,3,20,4,11,6,7,21,3,32,1,15,11,99,1,1,53,9,23,1,7,15,9,2,1,2,1,0,0,0,0,0
1047,2021,12,2021-08-29,Belgian Grand Prix,5,24,1,1,1,2,13,1,1,2,3,2,1,16,1,1,3,1,6,1,14,1,1,4,1,3,2,1,1,14,25,4,6,1,27,1,1,2,8,8,2,6,5,14,12,1,1,1,10,2,12,25,10,1,1,10,1,5,1,6,12,2,6,2,7,23,3,51,6,2,2,5,5,41,31,10,3,1,91,22,1,3,13,11,1,3,20,4,11,6,7,21,3,32,1,15,11,99,1,1,53,9,23,1,7,16,9,2,1,2,1,0,0,0,0,0
1048,2021,13,2021-09-05,Dutch Grand Prix,5,24,1,1,1,2,13,1,1,2,3,2,1,16,1,1,3,1,6,1,14,1,1,4,1,3,2,1,1,14,25,4,6,1,27,1,1,2,8,8,2,6,5,14,12,1,1,1,10,2,12,25,10,1,1,10,1,5,1,6,12,2,6,2,7,23,3,51,6,2,2,5,5,41,31,10,3,1,91,22,1,3,13,11,1,3,20,4,11,6,7,21,3,32,1,15,11,99,1,1,53,9,23,1,7,17,9,2,1,2,1,0,0,0,0,0
1049,2021,14,2021-09-12,Italian Grand Prix,5,24,1,1,1,2,13,1,1,2,3,2,1,16,1,1,3,1,6,1,14,1,1,4,1,3,2,1,1,14,25,4,6,1,27,1,1,2,8,8,2,6,5,14,12,1,1,1,10,2,12,25,10,1,1,10,1,5,1,6,12,2,6,2,7,23,3,51,6,2,2,5,5,41,31,10,3,1,91,22,1,3,13,11,1,3,20,4,11,6,7,21,3,32,1,15,11,99,1,1,53,9,23,1,8,17,9,2,1,2,1,0,0,0,0,0
1050,2021,15,2021-09-26,Russian Grand Prix,5,24,1,1,1,2,13,1,1,2,3,2,1,16,1,1,3,1,6,1,14,1,1,4,1,3,2,1,1,14,25,4,6,1,27,1,1,2,8,8,2,6,5,14,12,1,1,1,10,2,12,25,10,1,1,10,1,5,1,6,12,2,6,2,7,23,3,51,6,2,2,5,5,41,31,10,3,1,91,22,1,3,13,11,1,3,20,4,11,6,7,21,3,32,1,15,11,100,1,1,53,9,23,1,8,17,9,2,1,2,1,0,0,0,0,0
1051,2021,16,2021-10-10,Turkish Grand Prix,5,24,1,1,1,2,13,1,1,2,3,2,1,16,1,1,3,1,6,1,14,1,1,4,1,3,2,1,1,14,25,4,6,1,27,1,1,2,8,8,2,6,5,14,12,1,1,1,10,2,12,25,10,1,1,10,1,5,1,6,12,2,6,2,7,23,3,51,6,2,2,5,5,41,31,10,3,1,91,22,1,3,13,11,1,3,20,4,11,6,7,21,3,32,1,15,11,100,1,1,53,9,23,1,8,17,10,2,1,2,1,0,0,0,0,0
1052,2021,17,2021-10-24,United States Grand Prix,5,24,1,1,1,2,13,1,1,2,3,2,1,16,1,1,3,1,6,1,14,1,1,4,1,3,2,1,1,14,25,4,6,1,27,1,1,2,8,8,2,6,5,14,12,1,1,1,10,2,12,25,10,1,1,10,1,5,1,6,12,2,6,2,7,23,3,51,6,2,2,5,5,41,31,10,3,1,91,22,1,3,13,11,1,3,20,4,11,6,7,21,3,32,1,15,11,100,1,1,53,9,23,1,8,18,10,2,1,2,1,0,0,0,0,0
1053,2021,18,2021-11-07,Mexico City Grand Prix,5,24,1,1,1,2,13,1,1,2,3,2,1,16,1,1,3,1,6,1,14,1,1,4,1,3,2,1,1,14,25,4,6,1,27,1,1,2,8,8,2,6,5,14,12,1,1,1,10,2,12,25,10,1,1,10,1,5,1,6,12,2,6,2,7,23,3,51,6,2,2,5,5,41,31,10,3,1,91,22,1,3,13,11,1,3,20,4,11,6,7,21,3,32,1,15,11,100,1,1,53,9,23,1,8,19,10,2,1,2,1,0,0,0,0,0
1054,2021,19,2021-11-14,São Paulo Grand Prix,5,24,1,1,1,2,13,1,1,2,3,2,1,16,1,1,3,1,6,1,14,1,1,4,1,3,2,1,1,14,25,4,6,1,27,1,1,2,8,8,2,6,5,14,12,1,1,1,10,2,12,25,10,1,1,10,1,5,1,6,12,2,6,2,7,23,3,51,6,2,2,5,5,41,31,10,3,1,91,22,1,3,13,11,1,3,20,4,11,6,7,21,3,32,1,15,11,101,1,1,53,9,23,1,8,19,10,2,1,2,1,0,0,0,0,0
1055,2021,20,2021-11-21,Qatar Grand Prix,5,24,1,1,1,2,13,1,1,2,3,2,1,16,1,1,3,1,6,1,14,1,1,4,1,3,2,1,1,14,25,4,6,1,27,1,1,2,8,8,2,6,5,14,12,1,1,1,10,2,12,25,10,1,1,10,1,5,1,6,12,2,6,2,7,23,3,51,6,2,2,5,5,41,31,10,3,1,91,22,1,3,13,11,1,3,20,4,11,6,7,21,3,32,1,15,11,102,1,1,53,9,23,1,8,19,10,2,1,2,1,0,0,0,0,0
1056,2021,21,2021-12-05,Saudi Arabian Grand Prix,5,24,1,1,1,2,13,1,1,2,3,2,1,16,1,1,3,1,6,1,14,1,1,4,1,3,2,1,1,14,25,4,6,1,27,1,1,2,8,8,2,6,5,14,12,1,1,1,10,2,12,25,10,1,1,10,1,5,1,6,12,2,6,2,7,23,3,51,6,2,2,5,5,41,31,10,3,1,91,22,1,3,13,11,1,3,20,4,11,6,7,21,3,32,1,15,11,103,1,1,53,9,23,1,8,19,10,2,1,2,1,0,0,0,0,0
1057,2021,22,2021-12-12,Abu Dhabi Grand Prix,5,24,1,1,1,2,13,1,1,2,3,2,1,16,1,1,3,1,6,1,14,1,1,4,1,3,2,1,1,14,25,4,6,1,27,1,1,2,8,8,2,6,5,14,12,1,1,1,10,2,12,25,10,1,1,10,1,5,1,6,12,2,6,2,7,23,3,51,6,2,2,5,5,41,31,10,3,1,91,22,1,3,13,11,1,3,20,4,11,6,7,21,3,32,1,15,11,103,1,1,53,9,23,1,8,20,10,2,1,2,1,0,0,0,0,0
1058,2022,1,2022-03-20,Bahrain Grand Prix,5,24,1,1,1,2,13,1,1,2,3,2,1,16,1,1,3,1,6,1,14,1,1,4,1,3,2,1,1,14,25,4,6,1,27,1,1,2,8,8,2,6,5,14,12,1,1,1,10,2,12,25,10,1,1,10,1,5,1,6,12,2,6,2,7,23,3,51,6,2,2,5,5,41,31,10,3,1,91,22,1,3,13,11,1,3,20,4,11,6,7,21,3,32,1,15,11,103,1,1,53,9,23,1,8,20,10,3,1,2,1,0,0,0,0,0
1059,2022,2,2022-03-27,Saudi Arabian Grand Prix,5,24,1,1,1,2,13,1,1,2,3,2,1,16,1,1,3,1,6,1,14,1,1,4,1,3,2,1,1,14,25,4,6,1,27,1,1,2,8,8,2,6,5,14,12,1,1,1,10,2,12,25,10,1,1,10,1,5,1,6,12,2,6,2,7,23,3,51,6,2,2,5,5,41,31,10,3,1,91,22,1,3,13,11,1,3,20,4,11,6,7,21,3,32,1,15,11,103,1,1,53,9,23,1,8,21,10,3,1,2,1,0,0,0,0,0
1060,2022,3,2022-04-10,Australian Grand Prix,5,24,1,1,1,2,13,1,1,2,3,2,1,16,1,1,3,1,6,1,14,1,1,4,1,3,2,1,1,14,25,4,6,1,27,1,1,2,8,8,2,6,5,14,12,1,1,1,10,2,12,25,10,1,1,10,1,5,1,6,12,2,6,2,7,23,3,51,6,2,2,5,5,41,31,10,3,1,91,22,1,3,13,11,1,3,20,4,11,6,7,21,3,32,1,15,11,103,1,1,53,9,23,1,8,21,10,4,1,2,1,0,0,0,0,0
1061,2022,4,2022-04-24,Emilia Romagna Grand Prix,5,24,1,1,1,2,13,1,1,2,3,2,1,16,1,1,3,1,6,1,14,1,1,4,1,3,2,1,1,14,25,4,6,1,27,1,1,2,8,8,2,6,5,14,12,1,1,1,10,2,12,25,10,1,1,10,1,5,1,6,12,2,6,2,7,23,3,51,6,2,2,5,5,41,31,10,3,1,91,22,1,3,13,11,1,3,20,4,11,6,7,21,3,32,1,15,11,103,1,1,53,9,23,1,8,22,10,4,1,2,1,0,0,0,0,0
1062,2022,5,2022-05-08,Miami Grand Prix,5,24,1,1,1,2,13,1,1,2,3,2,1,16,1,1,3,1,6,1,14,1,1,4,1,3,2,1,1,14,25,4,6,1,27,1,1,2,8,8,2,6,5,14,12,1,1,1,10,2,12,25,10,1,1,10,1,5,1,6,12,2,6,2,7,23,3,51,6,2,2,5,5,41,31,10,3,1,91,22,1,3,13,11,1,3,20,4,11,6,7,21,3,32,1,15,11,103,1,1,53,9,23,1,8,23,10,4,1,2,1,0,0,0,0,0
1063,2022,6,2022-05-22,Spanish Grand Prix,5,24,1,1,1,2,13,1,1,2,3,2,1,16,1,1,3,1,6,1,14,1,1,4,1,3,2,1,1,14,25,4,6,1,27,1,1,2,8,8,2,6,5,14,12,1,1,1,10,2,12,25,10,1,1,10,1,5,1,6,12,2,6,2,7,23,3,51,6,2,2,5,5,41,31,10,3,1,91,22,1,3,13,11,1,3,20,4,11,6,7,21,3,32,1,15,11,103,1,1,53,9,23,1,8,24,10,4,1,2,1,0,0,0,0,0
1064,2022,7,2022-05-29,Monaco Grand Prix,5,24,1,1,1,2,13,1,1,2,3,2,1,16,1,1,3,1,6,1,14,1,1,4,1,3,2,1,1,14,25,4,6,1,27,1,1,2,8,8,2,6,5,14,12,1,1,1,10,2,12,25,10,1,1,10,1,5,1,6,12,2,6,2,7,23,3,51,6,2,2,5,5,41,31,10,3,1,91,22,1,3,13,11,1,3,20,4,11,6,7,21,3,32,1,15,11,103,1,1,53,9,23,1,8,24,10,4,1,3,1,0,0,0,0,0
1065,2022,8,2022-06-12,Azerbaijan Grand Prix,5,24,1,1,1,2,13,1,1,2,3,2,1,16,1,1,3,1,6,1,14,1,1,4,1,3,2,1,1,14,25,4,6,1,27,1,1,2,8,8,2,6,5,14,12,1,1,1,10,2,12,25,10,1,1,10,1,5,1,6,12,2,6,2,7,23,3,51,6,2,2,5,5,41,31,10,3,1,91,22,1,3,13,11,1,3,20,4,11,6,7,21,3,32,1,15,11,103,1,1,53,9,23,1,8,25,10,4,1,3,1,0,0,0,0,0
1066,2022,9,2022-06-19,Canadian Grand Prix,5,24,1,1,1,2,13,1,1,2,3,2,1,16,1,1,3,1,6,1,14,1,1,4,1,3,2,1,1,14,25,4,6,1,27,1,1,2,8,8,2,6,5,14,12,1,1,1,10,2,12,25,10,1,1,10,1,5,1,6,12,2,6,2,7,23,3,51,6,2,2,5,5,41,31,10,3,1,91,22,1,3,13,11,1,3,20,4,11,6,7,21,3,32,1,15,11,103,1,1,53,9,23,1,8,26,10,4,1,3,1,0,0,0,0,0
1067,2022,10,2022-07-03,British Grand Prix,5,24,1,1,1,2,13,1,1,2,3,2,1,16,1,1,3,1,6,1,14,1,1,4,1,3,2,1,1,14,25,4,6,1,27,1,1,2,8,8,2,6,5,14,12,1,1,1,10,2,12,25,10,1,1,10,1,5,1,6,12,2,6,2,7,23,3,51,6,2,2,5,5,41,31,10,3,1,91,22,1,3,13,11,1,3,20,4,11,6,7,21,3,32,1,15,11,103,1,1,53,9,23,1,8,26,10,4,1,3,1,1,0,0,0,0
1068,2022,11,2022-07-10,Austrian Grand Prix,5,24,1,1,1,2,13,1,1,2,3,2,1,16,1,1,3,1,6,1,14,1,1,4,1,3,2,1,1,14,25,4,6,1,27,1,1,2,8,8,2,6,5,14,12,1,1,1,10,2,12,25,10,1,1,10,1,5,1,6,12,2,6,2,7,23,3,51,6,2,2,5,5,41,31,10,3,1,91,22,1,3,13,11,1,3,20,4,11,6,7,21,3,32,1,15,11,103,1,1,53,9,23,1,8,26,10,5,1,3,1,1,0,0,0,0
1069,2022,12,2022-07-24,French Grand Prix,5,24,1,1,1,2,13,1,1,2,3,2,1,16,1,1,3,1,6,1,14,1,1,4,1,3,2,1,1,14,25,4,6,1,27,1,1,2,8,8,2,6,5,14,12,1,1,1,10,2,12,25,10,1,1,10,1,5,1,6,12,2,6,2,7,23,3,51,6,2,2,5,5,41,31,10,3,1,91,22,1,3,13,11,1,3,20,4,11,6,7,21,3,32,1,15,11,103,1,1,53,9,23,1,8,27,10,5,1,3,1,1,0,0,0,0
1070,2022,13,2022-07-31,Hungarian Grand Prix,5,24,1,1,1,2,13,1,1,2,3,2,1,16,1,1,3,1,6,1,14,1,1,4,1,3,2,1,1,14,25,4,6,1,27,1,1,2,8,8,2,6,5,14,12,1,1,1,10,2,12,25,10,1,1,10,1,5,1,6,12,2,6,2,7,23,3,51,6,2,2,5,5,41,31,10,3,1,91,22,1,3,13,11,1,3,20,4,11,6,7,21,3,32,1,15,11,103,1,1,53,9,23,1,8,28,10,5,1,3,1,1,0,0,0,0
1071,2022,14,2022-08-28,Belgian Grand Prix,5,24,1,1,1,2,13,1,1,2,3,2,1,16,1,1,3,1,6,1,14,1,1,4,1,3,2,1,1,14,25,4,6,1,27,1,1,2,8,8,2,6,5,14,12,1,1,1,10,2,12,25,10,1,1,10,1,5,1,6,12,2,6,2,7,23,3,51,6,2,2,5,5,41,31,10,3,1,91,22,1,3,13,11,1,3,20,4,11,6,7,21,3,32,1,15,11,103,1,1,53,9,23,1,8,29,10,5,1,3,1,1,0,0,0,0
1072,2022,15,2022-09-04,Dutch Grand Prix,5,24,1,1,1,2,13,1,1,2,3,2,1,16,1,1,3,1,6,1,14,1,1,4,1,3,2,1,1,14,25,4,6,1,27,1,1,2,8,8,2,6,5,14,12,1,1,1,10,2,12,25,10,1,1,10,1,5,1,6,12,2,6,2,7,23,3,51,6,2,2,5,5,41,31,10,3,1,91,22,1,3,13,11,1,3,20,4,11,6,7,21,3,32,1,15,11,103,1,1,53,9,23,1,8,30,10,5,1,3,1,1,0,0,0,0
1073,2022,16,2022-09-11,Italian Grand Prix,5,24,1,1,1,2,13,1,1,2,3,2,1,16,1,1,3,1,6,1,14,1,1,4,1,3,2,1,1,14,25,4,6,1,27,1,1,2,8,8,2,6,5,14,12,1,1,1,10,2,12,25,10,1,1,10,1,5,1,6,12,2,6,2,7,23,3,51,6,2,2,5,5,41,31,10,3,1,91,22,1,3,13,11,1,3,20,4,11,6,7,21,3,32,1,15,11,103,1,1,53,9,23,1,8,31,10,5,1,3,1,1,0,0,0,0
1074,2022,17,2022-10-02,Singapore Grand Prix,5,24,1,1,1,2,13,1,1,2,3,2,1,16,1,1,3,1,6,1,14,1,1,4,1,3,2,1,1,14,25,4,6,1,27,1,1,2,8,8,2,6,5,14,12,1,1,1,10,2,12,25,10,1,1,10,1,5,1,6,12,2,6,2,7,23,3,51,6,2,2,5,5,41,31,10,3,1,91,22,1,3,13,11,1,3,20,4,11,6,7,21,3,32,1,15,11,103,1,1,53,9,23,1,8,31,10,5,1,4,1,1,0,0,0,0
1075,2022,18,2022-10-09,Japanese Grand Prix,5,24,1,1,1,2,13,1,1,2,3,2,1,16,1,1,3,1,6,1,14,1,1,4,1,3,2,1,1,14,25,4,6,1,27,1,1,2,8,8,2,6,5,14,12,1,1,1,10,2,12,25,10,1,1,10,1,5,1,6,12,2,6,2,7,23,3,51,6,2,2,5,5,41,31,10,3,1,91,22,1,3,13,11,1,3,20,4,11,6,7,21,3,32,1,15,11,103,1,1,53,9,23,1,8,32,10,5,1,4,1,1,0,0,0,0
1076,2022,19,2022-10-23,United States Grand Prix,5,24,1,1,1,2,13,1,1,2,3,2,1,16,1,1,3,1,6,1,14,1,1,4,1,3,2,1,1,14,25,4,6,1,27,1,1,2,8,8,2,6,5,14,12,1,1,1,10,2,12,25,10,1,1,10,1,5,1,6,12,2,6,2,7,23,3,51,6,2,2,5,5,41,31,10,3,1,91,22,1,3,13,11,1,3,20,4,11,6,7,21,3,32,1,15,11,103,1,1,53,9,23,1,8,33,10,5,1,4,1,1,0,0,0,0
1077,2022,20,2022-10-30,Mexico City Grand Prix,5,24,1,1,1,2,13,1,1,2,3,2,1,16,1,1,3,1,6,1,14,1,1,4,1,3,2,1,1,14,25,4,6,1,27,1,1,2,8,8,2,6,5,14,12,1,1,1,10,2,12,25,10,1,1,10,1,5,1,6,12,2,6,2,7,23,3,51,6,2,2,5,5,41,31,10,3,1,91,22,1,3,13,11,1,3,20,4,11,6,7,21,3,32,1,15,11,103,1,1,53,9,23,1,8,34,10,5,1,4,1,1,0,0,0,0
1078,2022,21,2022-11-13,São Paulo Grand Prix,5,24,1,1,1,2,13,1,1,2,3,2,1,16,1,1,3,1,6,1,14,1,1,4,1,3,2,1,1,14,25,4,6,1,27,1,1,2,8,8,2,6,5,14,12,1,1,1,10,2,12,25,10,1,1,10,1,5,1,6,12,2,6,2,7,23,3,51,6,2,2,5,5,41,31,10,3,1,91,22,1,3,13,11,1,3,20,4,11,6,7,21,3,32,1,15,11,103,1,1,53,9,23,1,8,34,10,5,1,4,1,1,1,0,0,0
1079,2022,22,2022-11-20,Abu Dhabi Grand Prix,5,24,1,1,1,2,13,1,1,2,3,2,1,16,1,1,3,1,6,1,14,1,1,4,1,3,2,1,1,14,25,4,6,1,27,1,1,2,8,8,2,6,5,14,12,1,1,1,10,2,12,25,10,1,1,10,1,5,1,6,12,2,6,2,7,23,3,51,6,2,2,5,5,41,31,10,3,1,91,22,1,3,13,11,1,3,20,4,11,6,7,21,3,32,1,15,11,103,1,1,53,9,23,1,8,35,10,5,1,4,1,1,1,0,0,0
1080,2023,1,2023-03-05,Bahrain Grand Prix,5,24,1,1,1,2,13,1,1,2,3,2,1,16,1,1,3,1,6,1,14,1,1,4,1,3,2,1,1,14,25,4,6,1,27,1,1,2,8,8,2,6,5,14,12,1,1,1,10,2,12,25,10,1,1,10,1,5,1,6,12,2,6,2,7,23,3,51,6,2,2,5,5,41,31,10,3,1,91,22,1,3,13,11,1,3,20,4,11,6,7,21,3,32,1,15,11,103,1,1,53,9,23,1,8,36,10,5,1,4,1,1,1,0,0,0
1081,2023,2,2023-03-19,Saudi Arabian Grand Prix,5,24,1,1,1,2,13,1,1,2,3,2,1,16,1,1,3,1,6,1,14,1,1,4,1,3,2,1,1,14,25,4,6,1,27,1,1,2,8,8,2,6,5,14,12,1,1,1,10,2,12,25,10,1,1,10,1,5,1,6,12,2,6,2,7,23,3,51,6,2,2,5,5,41,31,10,3,1,91,22,1,3,13,11,1,3,20,4,11,6,7,21,3,32,1,15,11,103,1,1,53,9,23,1,8,36,10,5,1,5,1,1,1,0,0,0
1082,2023,3,2023-04-02,Australian Grand Prix,5,24,1,1,1,2,13,1,1,2,3,2,1,16,1,1,3,1,6,1,14,1,1,4,1,3,2,1,1,14,25,4,6,1,27,1,1,2,8,8,2,6,5,14,12,1,1,1,10,2,12,25,10,1,1,10,1,5,1,6,12,2,6,2,7,23,3,51,6,2,2,5,5,41,31,10,3,1,91,22,1,3,13,11,1,3,20,4,11,6,7,21,3,32,1,15,11,103,1,1,53,9,23,1,8,37,10,5,1,5,1,1,1,0,0,0
1083,2023,4,2023-04-30,Azerbaijan Grand Prix,5,24,1,1,1,2,13,1,1,2,3,2,1,16,1,1,3,1,6,1,14,1,1,4,1,3,2,1,1,14,25,4,6,1,27,1,1,2,8,8,2,6,5,14,12,1,1,1,10,2,12,25,10,1,1,10,1,5,1,6,12,2,6,2,7,23,3,51,6,2,2,5,5,41,31,10,3,1,91,22,1,3,13,11,1,3,20,4,11,6,7,21,3,32,1,15,11,103,1,1,53,9,23,1,8,37,10,5,1,6,1,1,1,0,0,0
1084,2023,5,2023-05-07,Miami Grand Prix,5,24,1,1,1,2,13,1,1,2,3,2,1,16,1,1,3,1,6,1,14,1,1,4,1,3,2,1,1,14,25,4,6,1,27,1,1,2,8,8,2,6,5,14,12,1,1,1,10,2,12,25,10,1,1,10,1,5,1,6,12,2,6,2,7,23,3,51,6,2,2,5,5,41,31,10,3,1,91,22,1,3,13,11,1,3,20,4,11,6,7,21,3,32,1,15,11,103,1,1,53,9,23,1,8,38,10,5,1,6,1,1,1,0,0,0
1085,2023,6,2023-05-28,Monaco Grand Prix,5,24,1,1,1,2,13,1,1,2,3,2,1,16,1,1,3,1,6,1,14,1,1,4,1,3,2,1,1,14,25,4,6,1,27,1,1,2,8,8,2,6,5,14,12,1,1,1,10,2,12,25,10,1,1,10,1,5,1,6,12,2,6,2,7,23,3,51,6,2,2,5,5,41,31,10,3,1,91,22,1,3,13,11,1,3,20,4,11,6,7,21,3,32,1,15,11,103,1,1,53,9,23,1,8,39,10,5,1,6,1,1,1,0,0,0
1086,2023,7,2023-06-04,Spanish Grand Prix,5,24,1,1,1,2,13,1,1,2,3,2,1,16,1,1,3,1,6,1,14,1,1,4,1,3,2,1,1,14,25,4,6,1,27,1,1,2,8,8,2,6,5,14,12,1,1,1,10,2,12,25,10,1,1,10,1,5,1,6,12,2,6,2,7,23,3,51,6,2,2,5,5,41,31,10,3,1,91,22,1,3,13,11,1,3,20,4,11,6,7,21,3,32,1,15,11,103,1,1,53,9,23,1,8,40,10,5,1,6,1,1,1,0,0,0
1087,2023,8,2023-06-18,Canadian Grand Prix,5,24,1,1,1,2,13,1,1,2,3,2,1,16,1,1,3,1,6,1,14,1,1,4,1,3,2,1,1,14,25,4,6,1,27,1,1,2,8,8,2,6,5,14,12,1,1,1,10,2,12,25,10,1,1,10,1,5,1,6,12,2,6,2,7,23,3,51,6,2,2,5,5,41,31,10,3,1,91,22,1,3,13,11,1,3,20,4,11,6,7,21,3,32,1,15,11,103,1,1,53,9,23,1,8,41,10,5,1,6,1,1,1,0,0,0
1088,2023,9,2023-07-02,Austrian Grand Prix,5,24,1,1,1,2,13,1,1,2,3,2,1,16,1,1,3,1,6,1,14,1,1,4,1,3,2,1,1,14,25,4,6,1,27,1,1,2,8,8,2,6,5,14,12,1,1,1,10,2,12,25,10,1,1,10,1,5,1,6,12,2,6,2,7,23,3,51,6,2,2,5,5,41,31,10,3,1,91,22,1,3,13,11,1,3,20,4,11,6,7,21,3,32,1,15,11,103,1,1,53,9,23,1,8,42,10,5,1,6,1,1,1,0,0,0
1089,2023,10,2023-07-09,British Grand Prix,5,24,1,1,1,2,13,1,1,2,3,2,1,16,1,1,3,1,6,1,14,1,1,4,1,3,2,1,1,14,25,4,6,1,27,1,1,2,8,8,2,6,5,14,12,1,1,1,10,2,12,25,10,1,1,10,1,5,1,6,12,2,6,2,7,23,3,51,6,2,2,5,5,41,31,10,3,1,91,22,1,3,13,11,1,3,20,4,11,6,7,21,3,32,1,15,11,103,1,1,53,9,23,1,8,43,10,5,1,6,1,1,1,0,0,0
1090,2023,11,2023-07-23,Hungarian Grand Prix,5,24,1,1,1,2,13,1,1,2,3,2,1,16,1,1,3,1,6,1,14,1,1,4,1,3,2,1,1,14,25,4,6,1,27,1,1,2,8,8,2,6,5,14,12,1,1,1,10,2,12,25,10,1,1,10,1,5,1,6,12,2,6,2,7,23,3,51,6,2,2,5,5,41,31,10,3,1,91,22,1,3,13,11,1,3,20,4,11,6,7,21,3,32,1,15,11,103,1,1,53,9,23,1,8,44,10,5,1,6,1,1,1,0,0,0
1091,2023,12,2023-07-30,Belgian Grand Prix,5,24,1,1,1,2,13,1,1,2,3,2,1,16,1,1,3,1,6,1,14,1,1,4,1,3,2,1,1,14,25,4,6,1,27,1,1,2,8,8,2,6,5,14,12,1,1,1,10,2,12,25,10,1,1,10,1,5,1,6,12,2,6,2,7,23,3,51,6,2,2,5,5,41,31,10,3,1,91,22,1,3,13,11,1,3,20,4,11,6,7,21,3,32,1,15,11,103,1,1,53,9,23,1,8,45,10,5,1,6,1,1,1,0,0,0
1092,2023,13,2023-08-27,Dutch Grand Prix,5,24,1,1,1,2,13,1,1,2,3,2,1,16,1,1,3,1,6,1,14,1,1,4,1,3,2,1,1,14,25,4,6,1,27,1,1,2,8,8,2,6,5,14,12,1,1,1,10,2,12,25,10,1,1,10,1,5,1,6,12,2,6,2,7,23,3,51,6,2,2,5,5,41,31,10,3,1,91,22,1,3,13,11,1,3,20,4,11,6,7,21,3,32,1,15,11,103,1,1,53,9,23,1,8,46,10,5,1,6,1,1,1,0,0,0
1093,2023,14,2023-09-03,Italian Grand Prix,5,24,1,1,1,2,13,1,1,2,3,2,1,16,1,1,3,1,6,1,14,1,1,4,1,3,2,1,1,14,25,4,6,1,27,1,1,2,8,8,2,6,5,14,12,1,1,1,10,2,12,25,10,1,1,10,1,5,1,6,12,2,6,2,7,23,3,51,6,2,2,5,5,41,31,10,3,1,91,22,1,3,13,11,1,3,20,4,11,6,7,21,3,32,1,15,11,103,1,1,53,9,23,1,8,47,10,5,1,6,1,1,1,0,0,0
1094,2023,15,2023-09-17,Singapore Grand Prix,5,24,1,1,1,2,13,1,1,2,3,2,1,16,1,1,3,1,6,1,14,1,1,4,1,3,2,1,1,14,25,4,6,1,27,1,1,2,8,8,2,6,5,14,12,1,1,1,10,2,12,25,10,1,1,10,1,5,1,6,12,2,6,2,7,23,3,51,6,2,2,5,5,41,31,10,3,1,91,22,1,3,13,11,1,3,20,4,11,6,7,21,3,32,1,15,11,103,1,1,53,9,23,1,8,47,10,5,1,6,1,2,1,0,0,0
1095,2023,16,2023-09-24,Japanese Grand Prix,5,24,1,1,1,2,13,1,1,2,3,2,1,16,1,1,3,1,6,1,14,1,1,4,1,3,2,1,1,14,25,4,6,1,27,1,1,2,8,8,2,6,5,14,12,1,1,1,10,2,12,25,10,1,1,10,1,5,1,6,12,2,6,2,7,23,3,51,6,2,2,5,5,41,31,10,3,1,91,22,1,3,13,11,1,3,20,4,11,6,7,21,3,32,1,15,11,103,1,1,53,9,23,1,8,48,10,5,1,6,1,2,1,0,0,0
1096,2023,17,2023-10-08,Qatar Grand Prix,5,24,1,1,1,2,13,1,1,2,3,2,1,16,1,1,3,1,6,1,14,1,1,4,1,3,2,1,1,14,25,4,6,1,27,1,1,2,8,8,2,6,5,14,12,1,1,1,10,2,12,25,10,1,1,10,1,5,1,6,12,2,6,2,7,23,3,51,6,2,2,5,5,41,31,10,3,1,91,22,1,3,13,11,1,3,20,4,11,6,7,21,3,32,1,15,11,103,1,1,53,9,23,1,8,49,10,5,1,6,1,2,1,0,0,0
1097,2023,18,2023-10-22,United States Grand Prix,5,24,1,1,1,2,13,1,1,2,3,2,1,16,1,1,3,1,6,1,14,1,1,4,1,3,2,1,1,14,25,4,6,1,27,1,1,2,8,8,2,6,5,14,12,1,1,1,10,2,12,25,10,1,1,10,1,5,1,6,12,2,6,2,7,23,3,51,6,2,2,5,5,41,31,10,3,1,91,22,1,3,13,11,1,3,20,4,11,6,7,21,3,32,1,15,11,103,1,1,53,9,23,1,8,50,10,5,1,6,1,2,1,0,0,0
1098,2023,19,2023-10-29,Mexico City Grand Prix,5,24,1,1,1,2,13,1,1,2,3,2,1,16,1,1,3,1,6,1,14,1,1,4,1,3,2,1,1,14,25,4,6,1,27,1,1,2,8,8,2,6,5,14,12,1,1,1,10,2,12,25,10,1,1,10,1,5,1,6,12,2,6,2,7,23,3,51,6,2,2,5,5,41,31,10,3,1,91,22,1,3,13,11,1,3,20,4,11,6,7,21,3,32,1,15,11,103,1,1,53,9,23,1,8,51,10,5,1,6,1,2,1,0,0,0
1099,2023,20,2023-11-05,São Paulo Grand Prix,5,24,1,1,1,2,13,1,1,2,3,2,1,16,1,1,3,1,6,1,14,1,1,4,1,3,2,1,1,14,25,4,6,1,27,1,1,2,8,8,2,6,5,14,12,1,1,1,10,2,12,25,10,1,1,10,1,5,1,6,12,2,6,2,7,23,3,51,6,2,2,5,5,41,31,10,3,1,91,22,1,3,13,11,1,3,20,4,11,6,7,21,3,32,1,15,11,103,1,1,53,9,23,1,8,52,10,5,1,6,1,2,1,0,0,0
1100,2023,21,2023-11-18,Las Vegas Grand Prix,5,24,1,1,1,2,13,1,1,2,3,2,1,16,1,1,3,1,6,1,14,1,1,4,1,3,2,1,1,14,25,4,6,1,27,1,1,2,8,8,2,6,5,14,12,1,1,1,10,2,12,25,10,1,1,10,1,5,1,6,12,2,6,2,7,23,3,51,6,2,2,5,5,41,31,10,3,1,91,22,1,3,13,11,1,3,20,4,11,6,7,21,3,32,1,15,11,103,1,1,53,9,23,1,8,53,10,5,1,6,1,2,1,0,0,0
1101,2023,22,2023-11-26,Abu Dhabi Grand Prix,5,24,1,1,1,2,13,1,1,2,3,2,1,16,1,1,3,1,6,1,14,1,1,4,1,3,2,1,1,14,25,4,6,1,27,1,1,2,8,8,2,6,5,14,12,1,1,1,10,2,12,25,10,1,1,10,1,5,1,6,12,2,6,2,7,23,3,51,6,2,2,5,5,41,31,10,3,1,91,22,1,3,13,11,1,3,20,4,11,6,7,21,3,32,1,15,11,103,1,1,53,9,23,1,8,54,10,5,1,6,1,2,1,0,0,0
1102,2024,1,2024-03-02,Bahrain Grand Prix,5,24,1,1,1,2,13,1,1,2,3,2,1,16,1,1,3,1,6,1,14,1,1,4,1,3,2,1,1,14,25,4,6,1,27,1,1,2,8,8,2,6,5,14,12,1,1,1,10,2,12,25,10,1,1,10,1,5,1,6,12,2,6,2,7,23,3,51,6,2,2,5,5,41,31,10,3,1,91,22,1,3,13,11,1,3,20,4,11,6,7,21,3,32,1,15,11,103,1,1,53,9,23,1,8,55,10,5,1,6,1,2,1,0,0,0
1103,2024,2,2024-03-09,Saudi Arabian Grand Prix,5,24,1,1,1,2,13,1,1,2,3,2,1,16,1,1,3,1,6,1,14,1,1,4,1,3,2,1,1,14,25,4,6,1,27,1,1,2,8,8,2,6,5,14,12,1,1,1,10,2,12,25,10,1,1,10,1,5,1,6,12,2,6,2,7,23,3,51,6,2,2,5,5,41,31,10,3,1,91,22,1,3,13,11,1,3,20,4,11,6,7,21,3,32,1,15,11,103,1,1,53,9,23,1,8,56,10,5,1,6,1,2,1,0,0,0
1104,2024,3,2024-03-24,Australian Grand Prix,5,24,1,1,1,2,13,1,1,2,3,2,1,16,1,1,3,1,6,1,14,1,1,4,1,3,2,1,1,14,25,4,6,1,27,1,1,2,8,8,2,6,5,14,12,1,1,1,10,2,12,25,10,1,1,10,1,5,1,6,12,2,6,2,7,23,3,51,6,2,2,5,5,41,31,10,3,1,91,22,1,3,13,11,1,3,20,4,11,6,7,21,3,32,1,15,11,103,1,1,53,9,23,1,8,56,10,5,1,6,1,3,1,0,0,0
1105,2024,4,2024-04-07,Japanese Grand Prix,5,24,1,1,1,2,13,1,1,2,3,2,1,16,1,1,3,1,6,1,14,1,1,4,1,3,2,1,1,14,25,4,6,1,27,1,1,2,8,8,2,6,5,14,12,1,1,1,10,2,12,25,10,1,1,10,1,5,1,6,12,2,6,2,7,23,3,51,6,2,2,5,5,41,31,10,3,1,91,22,1,3,13,11,1,3,20,4,11,6,7,21,3,32,1,15,11,103,1,1,53,9,23,1,8,57,10,5,1,6,1,3,1,0,0,0
1106,2024,5,2024-04-21,Chinese Grand Prix,5,24,1,1,1,2,13,1,1,2,3,2,1,16,1,1,3,1,6,1,14,1,1,4,1,3,2,1,1,14,25,4,6,1,27,1,1,2,8,8,2,6,5,14,12,1,1,1,10,2,12,25,10,1,1,10,1,5,1,6,12,2,6,2,7,23,3,51,6,2,2,5,5,41,31,10,3,1,91,22,1,3,13,11,1,3,20,4,11,6,7,21,3,32,1,15,11,103,1,1,53,9,23,1,8,58,10,5,1,6,1,3,1,0,0,0
1107,2024,6,2024-05-05,Miami Grand Prix,5,24,1,1,1,2,13,1,1,2,3,2,1,16,1,1,3,1,6,1,14,1,1,4,1,3,2,1,1,14,25,4,6,1,27,1,1,2,8,8,2,6,5,14,12,1,1,1,10,2,12,25,10,1,1,10,1,5,1,6,12,2,6,2,7,23,3,51,6,2,2,5,5,41,31,10,3,1,91,22,1,3,13,11,1,3,20,4,11,6,7,21,3,32,1,15,11,103,1,1,53,9,23,1,8,58,10,5,1,6,1,3,1,1,0,0
1108,2024,7,2024-05-19,Emilia Romagna Grand Prix,5,24,1,1,1,2,13,1,1,2,3,2,1,16,1,1,3,1,6,1,14,1,1,4,1,3,2,1,1,14,25,4,6,1,27,1,1,2,8,8,2,6,5,14,12,1,1,1,10,2,12,25,10,1,1,10,1,5,1,6,12,2,6,2,7,23,3,51,6,2,2,5,5,41,31,10,3,1,91,22,1,3,13,11,1,3,20,4,11,6,7,21,3,32,1,15,11,103,1,1,53,9,23,1,8,59,10,5,1,6,1,3,1,1,0,0
1109,2024,8,2024-05-26,Monaco Grand Prix,5,24,1,1,1,2,13,1,1,2,3,2,1,16,1,1,3,1,6,1,14,1,1,4,1,3,2,1,1,14,25,4,6,1,27,1,1,2,8,8,2,6,5,14,12,1,1,1,10,2,12,25,10,1,1,10,1,5,1,6,12,2,6,2,7,23,3,51,6,2,2,5,5,41,31,10,3,1,91,22,1,3,13,11,1,3,20,4,11,6,7,21,3,32,1,15,11,103,1,1,53,9,23,1,8,59,10,6,1,6,1,3,1,1,0,0
1110,2024,9,2024-06-09,Canadian Grand Prix,5,24,1,1,1,2,13,1,1,2,3,2,1,16,1,1,3,1,6,1,14,1,1,4,1,3,2,1,1,14,25,4,6,1,27,1,1,2,8,8,2,6,5,14,12,1,1,1,10,2,12,25,10,1,1,10,1,5,1,6,12,2,6,2,7,23,3,51,6,2,2,5,5,41,31,10,3,1,91,22,1,3,13,11,1,3,20,4,11,6,7,21,3,32,1,15,11,103,1,1,53,9,23,1,8,60,10,6,1,6,1,3,1,1,0,0
1111,2024,10,2024-06-23,Spanish Grand Prix,5,24,1,1,1,2,13,1,1,2,3,2,1,16,1,1,3,1,6,1,14,1,1,4,1,3,2,1,1,14,25,4,6,1,27,1,1,2,8,8,2,6,5,14,12,1,1,1,10,2,12,25,10,1,1,10,1,5,1,6,12,2,6,2,7,23,3,51,6,2,2,5,5,41,31,10,3,1,91,22,1,3,13,11,1,3,20,4,11,6,7,21,3,32,1,15,11,103,1,1,53,9,23,1,8,61,10,6,1,6,1,3,1,1,0,0
1112,2024,11,2024-06-30,Austrian Grand Prix,5,24,1,1,1,2,13,1,1,2,3,2,1,16,1,1,3,1,6,1,14,1,1,4,1,3,2,1,1,14,25,4,6,1,27,1,1,2,8,8,2,6,5,14,12,1,1,1,10,2,12,25,10,1,1,10,1,5,1,6,12,2,6,2,7,23,3,51,6,2,2,5,5,41,31,10,3,1,91,22,1,3,13,11,1,3,20,4,11,6,7,21,3,32,1,15,11,103,1,1,53,9,23,1,8,61,10,6,1,6,1,3,2,1,0,0
1113,2024,12,2024-07-07,British Grand Prix,5,24,1,1,1,2,13,1,1,2,3,2,1,16,1,1,3,1,6,1,14,1,1,4,1,3,2,1,1,14,25,4,6,1,27,1,1,2,8,8,2,6,5,14,12,1,1,1,10,2,12,25,10,1,1,10,1,5,1,6,12,2,6,2,7,23,3,51,6,2,2,5,5,41,31,10,3,1,91,22,1,3,13,11,1,3,20,4,11,6,7,21,3,32,1,15,11,104,1,1,53,9,23,1,8,61,10,6,1,6,1,3,2,1,0,0
1114,2024,13,2024-07-21,Hungarian Grand Prix,5,24,1,1,1,2,13,1,1,2,3,2,1,16,1,1,3,1,6,1,14,1,1,4,1,3,2,1,1,14,25,4,6,1,27,1,1,2,8,8,2,6,5,14,12,1,1,1,10,2,12,25,10,1,1,10,1,5,1,6,12,2,6,2,7,23,3,51,6,2,2,5,5,41,31,10,3,1,91,22,1,3,13,11,1,3,20,4,11,6,7,21,3,32,1,15,11,104,1,1,53,9,23,1,8,61,10,6,1,6,1,3,2,1,1,0
1115,2024,14,2024-07-28,Belgian Grand Prix,5,24,1,1,1,2,13,1,1,2,3,2,1,16,1,1,3,1,6,1,14,1,1,4,1,3,2,1,1,14,25,4,6,1,27,1,1,2,8,8,2,6,5,14,12,1,1,1,10,2,12,25,10,1,1,10,1,5,1,6,12,2,6,2,7,23,3,51,6,2,2,5,5,41,31,10,3,1,91,22,1,3,13,11,1,3,20,4,11,6,7,21,3,32,1,15,11,105,1,1,53,9,23,1,8,61,10,6,1,6,1,3,2,1,1,0
1116,2024,15,2024-08-25,Dutch Grand Prix,5,24,1,1,1,2,13,1,1,2,3,2,1,16,1,1,3,1,6,1,14,1,1,4,1,3,2,1,1,14,25,4,6,1,27,1,1,2,8,8,2,6,5,14,12,1,1,1,10,2,12,25,10,1,1,10,1,5,1,6,12,2,6,2,7,23,3,51,6,2,2,5,5,41,31,10,3,1,91,22,1,3,13,11,1,3,20,4,11,6,7,21,3,32,1,15,11,105,1,1,53,9,23,1,8,61,10,6,1,6,1,3,2,2,1,0
1117,2024,16,2024-09-01,Italian Grand Prix,5,24,1,1,1,2,13,1,1,2,3,2,1,16,1,1,3,1,6,1,14,1,1,4,1,3,2,1,1,14,25,4,6,1,27,1,1,2,8,8,2,6,5,14,12,1,1,1,10,2,12,25,10,1,1,10,1,5,1,6,12,2,6,2,7,23,3,51,6,2,2,5,5,41,31,10,3,1,91,22,1,3,13,11,1,3,20,4,11,6,7,21,3,32,1,15,11,105,1,1,53,9,23,1,8,61,10,7,1,6,1,3,2,2,1,0
1118,2024,17,2024-09-15,Azerbaijan Grand Prix,5,24,1,1,1,2,13,1,1,2,3,2,1,16,1,1,3,1,6,1,14,1,1,4,1,3,2,1,1,14,25,4,6,1,27,1,1,2,8,8,2,6,5,14,12,1,1,1,10,2,12,25,10,1,1,10,1,5,1,6,12,2,6,2,7,23,3,51,6,2,2,5,5,41,31,10,3,1,91,22,1,3,13,11,1,3,20,4,11,6,7,21,3,32,1,15,11,105,1,1,53,9,23,1,8,61,10,7,1,6,1,3,2,2,2,0
1119,2024,18,2024-09-22,Singapore Grand Prix,5,24,1,1,1,2,13,1,1,2,3,2,1,16,1,1,3,1,6,1,14,1,1,4,1,3,2,1,1,14,25,4,6,1,27,1,1,2,8,8,2,6,5,14,12,1,1,1,10,2,12,25,10,1,1,10,1,5,1,6,12,2,6,2,7,23,3,51,6,2,2,5,5,41,31,10,3,1,91,22,1,3,13,11,1,3,20,4,11,6,7,21,3,32,1,15,11,105,1,1,53,9,23,1,8,61,10,7,1,6,1,3,2,3,2,0
1120,2024,19,2024-10-20,United States Grand Prix,5,24,1,1,1,2,13,1,1,2,3,2,1,16,1,1,3,1,6,1,14,1,1,4,1,3,2,1,1,14,25,4,6,1,27,1,1,2,8,8,2,6,5,14,12,1,1,1,10,2,12,25,10,1,1,10,1,5,1,6,12,2,6,2,7,23,3,51,6,2,2,5,5,41,31,10,3,1,91,22,1,3,13,11,1,3,20,4,11,6,7,21,3,32,1,15,11,105,1,1,53,9,23,1,8,61,10,8,1,6,1,3,2,3,2,0
1121,2024,20,2024-10-27,Mexico City Grand Prix,5,24,1,1,1,2,13,1,1,2,3,2,1,16,1,1,3,1,6,1,14,1,1,4,1,3,2,1,1,14,25,4,6,1,27,1,1,2,8,8,2,6,5,14,12,1,1,1,10,2,12,25,10,1,1,10,1,5,1,6,12,2,6,2,7,23,3,51,6,2,2,5,5,41,31,10,3,1,91,22,1,3,13,11,1,3,20,4,11,6,7,21,3,32,1,15,11,105,1,1,53,9,23,1,8,61,10,8,1,6,1,4,2,3,2,0
1122,2024,21,2024-11-03,São Paulo Grand Prix,5,24,1,1,1,2,13,1,1,2,3,2,1,16,1,1,3,1,6,1,14,1,1,4,1,3,2,1,1,14,25,4,6,1,27,1,1,2,8,8,2,6,5,14,12,1,1,1,10,2,12,25,10,1,1,10,1,5,1,6,12,2,6,2,7,23,3,51,6,2,2,5,5,41,31,10,3,1,91,22,1,3,13,11,1,3,20,4,11,6,7,21,3,32,1,15,11,105,1,1,53,9,23,1,8,62,10,8,1,6,1,4,2,3,2,0
1123,2024,22,2024-11-23,Las Vegas Grand Prix,5,24,1,1,1,2,13,1,1,2,3,2,1,16,1,1,3,1,6,1,14,1,1,4,1,3,2,1,1,14,25,4,6,1,27,1,1,2,8,8,2,6,5,14,12,1,1,1,10,2,12,25,10,1,1,10,1,5,1,6,12,2,6,2,7,23,3,51,6,2,2,5,5,41,31,10,3,1,91,22,1,3,13,11,1,3,20,4,11,6,7,21,3,32,1,15,11,105,1,1,53,9,23,1,8,62,10,8,1,6,1,4,3,3,2,0
1124,2024,23,2024-12-01,Qatar Grand Prix,5,24,1,1,1,2,13,1,1,2,3,2,1,16,1,1,3,1,6,1,14,1,1,4,1,3,2,1,1,14,25,4,6,1,27,1,1,2,8,8,2,6,5,14,12,1,1,1,10,2,12,25,10,1,1,10,1,5,1,6,12,2,6,2,7,23,3,51,6,2,2,5,5,41,31,10,3,1,91,22,1,3,13,11,1,3,20,4,11,6,7,21,3,32,1,15,11,105,1,1,53,9,23,1,8,63,10,8,1,6,1,4,3,3,2,0
1125,2024,24,2024-12-08,Abu Dhabi Grand Prix,5,24,1,1,1,2,13,1,1,2,3,2,1,16,1,1,3,1,6,1,14,1,1,4,1,3,2,1,1,14,25,4,6,1,27,1,1,2,8,8,2,6,5,14,12,1,1,1,10,2,12,25,10,1,1,10,1,5,1,6,12,2,6,2,7,23,3,51,6,2,2,5,5,41,31,10,3,1,91,22,1,3,13,11,1,3,20,4,11,6,7,21,3,32,1,15,11,105,1,1,53,9,23,1,8,63,10,8,1,6,1,4,3,4,2,0
1126,2025,1,2025-03-16,Australian Grand Prix,5,24,1,1,1,2,13,1,1,2,3,2,1,16,1,1,3,1,6,1,14,1,1,4,1,3,2,1,1,14,25,4,6,1,27,1,1,2,8,8,2,6,5,14,12,1,1,1,10,2,12,25,10,1,1,10,1,5,1,6,12,2,6,2,7,23,3,51,6,2,2,5,5,41,31,10,3,1,91,22,1,3,13,11,1,3,20,4,11,6,7,21,3,32,1,15,11,105,1,1,53,9,23,1,8,63,10,8,1,6,1,4,3,5,2,0
1127,2025,2,2025-03-23,Chinese Grand Prix,5,24,1,1,1,2,13,1,1,2,3,2,1,16,1,1,3,1,6,1,14,1,1,4,1,3,2,1,1,14,25,4,6,1,27,1,1,2,8,8,2,6,5,14,12,1,1,1,10,2,12,25,10,1,1,10,1,5,1,6,12,2,6,2,7,23,3,51,6,2,2,5,5,41,31,10,3,1,91,22,1,3,13,11,1,3,20,4,11,6,7,21,3,32,1,15,11,105,1,1,53,9,23,1,8,63,10,8,1,6,1,4,3,5,3,0
1128,2025,3,2025-04-06,Japanese Grand Prix,5,24,1,1,1,2,13,1,1,2,3,2,1,16,1,1,3,1,6,1,14,1,1,4,1,3,2,1,1,14,25,4,6,1,27,1,1,2,8,8,2,6,5,14,12,1,1,1,10,2,12,25,10,1,1,10,1,5,1,6,12,2,6,2,7,23,3,51,6,2,2,5,5,41,31,10,3,1,91,22,1,3,13,11,1,3,20,4,11,6,7,21,3,32,1,15,11,105,1,1,53,9,23,1,8,64,10,8,1,6,1,4,3,5,3,0
1129,2025,4,2025-04-13,Bahrain Grand Prix,5,24,1,1,1,2,13,1,1,2,3,2,1,16,1,1,3,1,6,1,14,1,1,4,1,3,2,1,1,14,25,4,6,1,27,1,1,2,8,8,2,6,5,14,12,1,1,1,10,2,12,25,10,1,1,10,1,5,1,6,12,2,6,2,7,23,3,51,6,2,2,5,5,41,31,10,3,1,91,22,1,3,13,11,1,3,20,4,11,6,7,21,3,32,1,15,11,105,1,1,53,9,23,1,8,64,10,8,1,6,1,4,3,5,4,0
1130,2025,5,2025-04-20,Saudi Arabian Grand Prix,5,24,1,1,1,2,13,1,1,2,3,2,1,16,1,1,3,1,6,1,14,1,1,4,1,3,2,1,1,14,25,4,6,1,27,1,1,2,8,8,2,6,5,14,12,1,1,1,10,2,12,25,10,1,1,10,1,5,1,6,12,2,6,2,7,23,3,51,6,2,2,5,5,41,31,10,3,1,91,22,1,3,13,11,1,3,20,4,11,6,7,21,3,32,1,15,11,105,1,1,53,9,23,1,8,64,10,8,1,6,1,4,3,5,5,0
1131,2025,6,2025-05-04,Miami Grand Prix,5,24,1,1,1,2,13,1,1,2,3,2,1,16,1,1,3,1,6,1,14,1,1,4,1,3,2,1,1,14,25,4,6,1,27,1,1,2,8,8,2,6,5,14,12,1,1,1,10,2,12,25,10,1,1,10,1,5,1,6,12,2,6,2,7,23,3,51,6,2,2,5,5,41,31,10,3,1,91,22,1,3,13,11,1,3,20,4,11,6,7,21,3,32,1,15,11,105,1,1,53,9,23,1,8,64,10,8,1,6,1,4,3,5,6,0
1132,2025,7,2025-05-18,Emilia Romagna Grand Prix,5,24,1,1,1,2,13,1,1,2,3,2,1,16,1,1,3,1,6,1,14,1,1,4,1,3,2,1,1,14,25,4,6,1,27,1,1,2,8,8,2,6,5,14,12,1,1,1,10,2,12,25,10,1,1,10,1,5,1,6,12,2,6,2,7,23,3,51,6,2,2,5,5,41,31,10,3,1,91,22,1,3,13,11,1,3,20,4,11,6,7,21,3,32,1,15,11,105,1,1,53,9,23,1,8,65,10,8,1,6,1,4,3,5,6,0
1133,2025,8,2025-05-25,Monaco Grand Prix,5,24,1,1,1,2,13,1,1,2,3,2,1,16,1,1,3,1,6,1,14,1,1,4,1,3,2,1,1,14,25,4,6,1,27,1,1,2,8,8,2,6,5,14,12,1,1,1,10,2,12,25,10,1,1,10,1,5,1,6,12,2,6,2,7,23,3,51,6,2,2,5,5,41,31,10,3,1,91,22,1,3,13,11,1,3,20,4,11,6,7,21,3,32,1,15,11,105,1,1,53,9,23,1,8,65,10,8,1,6,1,4,3,6,6,0
1134,2025,9,2025-06-01,Spanish Grand Prix,5,24,1,1,1,2,13,1,1,2,3,2,1,16,1,1,3,1,6,1,14,1,1,4,1,3,2,1,1,14,25,4,6,1,27,1,1,2,8,8,2,6,5,14,12,1,1,1,10,2,12,25,10,1,1,10,1,5,1,6,12,2,6,2,7,23,3,51,6,2,2,5,5,41,31,10,3,1,91,22,1,3,13,11,1,3,20,4,11,6,7,21,3,32,1,15,11,105,1,1,53,9,23,1,8,65,10,8,1,6,1,4,3,6,7,0
1135,2025,10,2025-06-15,Canadian Grand Prix,5,24,1,1,1,2,13,1,1,2,3,2,1,16,1,1,3,1,6,1,14,1,1,4,1,3,2,1,1,14,25,4,6,1,27,1,1,2,8,8,2,6,5,14,12,1,1,1,10,2,12,25,10,1,1,10,1,5,1,6,12,2,6,2,7,23,3,51,6,2,2,5,5,41,31,10,3,1,91,22,1,3,13,11,1,3,20,4,11,6,7,21,3,32,1,15,11,105,1,1,53,9,23,1,8,65,10,8,1,6,1,4,4,6,7,0
1136,2025,11,2025-06-29,Austrian Grand Prix,5,24,1,1,1,2,13,1,1,2,3,2,1,16,1,1,3,1,6,1,14,1,1,4,1,3,2,1,1,14,25,4,6,1,27,1,1,2,8,8,2,6,5,14,12,1,1,1,10,2,12,25,10,1,1,10,1,5,1,6,12,2,6,2,7,23,3,51,6,2,2,5,5,41,31,10,3,1,91,22,1,3,13,11,1,3,20,4,11,6,7,21,3,32,1,15,11,105,1,1,53,9,23,1,8,65,10,8,1,6,1,4,4,7,7,0
1137,2025,12,2025-07-06,British Grand Prix,5,24,1,1,1,2,13,1,1,2,3,2,1,16,1,1,3,1,6,1,14,1,1,4,1,3,2,1,1,14,25,4,6,1,27,1,1,2,8,8,2,6,5,14,12,1,1,1,10,2,12,25,10,1,1,10,1,5,1,6,12,2,6,2,7,23,3,51,6,2,2,5,5,41,31,10,3,1,91,22,1,3,13,11,1,3,20,4,11,6,7,21,3,32,1,15,11,105,1,1,53,9,23,1,8,65,10,8,1,6,1,4,4,8,7,0
1138,2025,13,2025-07-27,Belgian Grand Prix,5,24,1,1,1,2,13,1,1,2,3,2,1,16,1,1,3,1,6,1,14,1,1,4,1,3,2,1,1,14,25,4,6,1,27,1,1,2,8,8,2,6,5,14,12,1,1,1,10,2,12,25,10,1,1,10,1,5,1,6,12,2,6,2,7,23,3,51,6,2,2,5,5,41,31,10,3,1,91,22,1,3,13,11,1,3,20,4,11,6,7,21,3,32,1,15,11,105,1,1,53,9,23,1,8,65,10,8,1,6,1,4,4,8,8,0
1139,2025,14,2025-08-03,Hungarian Grand Prix,5,24,1,1,1,2,13,1,1,2,3,2,1,16,1,1,3,1,6,1,14,1,1,4,1,3,2,1,1,14,25,4,6,1,27,1,1,2,8,8,2,6,5,14,12,1,1,1,10,2,12,25,10,1,1,10,1,5,1,6,12,2,6,2,7,23,3,51,6,2,2,5,5,41,31,10,3,1,91,22,1,3,13,11,1,3,20,4,11,6,7,21,3,32,1,15,11,105,1,1,53,9,23,1,8,65,10,8,1,6,1,4,4,9,8,0
1140,2025,15,2025-08-31,Dutch Grand Prix,5,24,1,1,1,2,13,1,1,2,3,2,1,16,1,1,3,1,6,1,14,1,1,4,1,3,2,1,1,14,25,4,6,1,27,1,1,2,8,8,2,6,5,14,12,1,1,1,10,2,12,25,10,1,1,10,1,5,1,6,12,2,6,2,7,23,3,51,6,2,2,5,5,41,31,10,3,1,91,22,1,3,13,11,1,3,20,4,11,6,7,21,3,32,1,15,11,105,1,1,53,9,23,1,8,65,10,8,1,6,1,4,4,9,9,0
1141,2025,16,2025-09-07,Italian Grand Prix,5,24,1,1,1,2,13,1,1,2,3,2,1,16,1,1,3,1,6,1,14,1,1,4,1,3,2,1,1,14,25,4,6,1,27,1,1,2,8,8,2,6,5,14,12,1,1,1,10,2,12,25,10,1,1,10,1,5,1,6,12,2,6,2,7,23,3,51,6,2,2,5,5,41,31,10,3,1,91,22,1,3,13,11,1,3,20,4,11,6,7,21,3,32,1,15,11,105,1,1,53,9,23,1,8,66,10,8,1,6,1,4,4,9,9,0
1142,2025,17,2025-09-21,Azerbaijan Grand Prix,5,24,1,1,1,2,13,1,1,2,3,2,1,16,1,1,3,1,6,1,14,1,1,4,1,3,2,1,1,14,25,4,6,1,27,1,1,2,8,8,2,6,5,14,12,1,1,1,10,2,12,25,10,1,1,10,1,5,1,6,12,2,6,2,7,23,3,51,6,2,2,5,5,41,31,10,3,1,91,22,1,3,13,11,1,3,20,4,11,6,7,21,3,32,1,15,11,105,1,1,53,9,23,1,8,67,10,8,1,6,1,4,4,9,9,0
1143,2025,18,2025-10-05,Singapore Grand Prix,5,24,1,1,1,2,13,1,1,2,3,2,1,16,1,1,3,1,6,1,14,1,1,4,1,3,2,1,1,14,25,4,6,1,27,1,1,2,8,8,2,6,5,14,12,1,1,1,10,2,12,25,10,1,1,10,1,5,1,6,12,2,6,2,7,23,3,51,6,2,2,5,5,41,31,10,3,1,91,22,1,3,13,11,1,3,20,4,11,6,7,21,3,32,1,15,11,105,1,1,53,9,23,1,8,67,10,8,1,6,1,4,5,9,9,0
1144,2025,19,2025-10-19,United States Grand Prix,5,24,1,1,1,2,13,1,1,2,3,2,1,16,1,1,3,1,6,1,14,1,1,4,1,3,2,1,1,14,25,4,6,1,27,1,1,2,8,8,2,6,5,14,12,1,1,1,10,2,12,25,10,1,1,10,1,5,1,6,12,2,6,2,7,23,3,51,6,2,2,5,5,41,31,10,3,1,91,22,1,3,13,11,1,3,20,4,11,6,7,21,3,32,1,15,11,105,1,1,53,9,23,1,8,68,10,8,1,6,1,4,5,9,9,0
1145,2025,20,2025-10-26,Mexico City Grand Prix,5,24,1,1,1,2,13,1,1,2,3,2,1,16,1,1,3,1,6,1,14,1,1,4,1,3,2,1,1,14,25,4,6,1,27,1,1,2,8,8,2,6,5,14,12,1,1,1,10,2,12,25,10,1,1,10,1,5,1,6,12,2,6,2,7,23,3,51,6,2,2,5,5,41,31,10,3,1,91,22,1,3,13,11,1,3,20,4,11,6,7,21,3,32,1,15,11,105,1,1,53,9,23,1,8,68,10,8,1,6,1,4,5,10,9,0
1146,2025,21,2025-11-09,São Paulo Grand Prix,5,24,1,1,1,2,13,1,1,2,3,2,1,16,1,1,3,1,6,1,14,1,1,4,1,3,2,1,1,14,25,4,6,1,27,1,1,2,8,8,2,6,5,14,12,1,1,1,10,2,12,25,10,1,1,10,1,5,1,6,12,2,6,2,7,23,3,51,6,2,2,5,5,41,31,10,3,1,91,22,1,3,13,11,1,3,20,4,11,6,7,21,3,32,1,15,11,105,1,1,53,9,23,1,8,68,10,8,1,6,1,4,5,11,9,0
1147,2025,22,2025-11-22,Las Vegas Grand Prix,5,24,1,1,1,2,13,1,1,2,3,2,1,16,1,1,3,1,6,1,14,1,1,4,1,3,2,1,1,14,25,4,6,1,27,1,1,2,8,8,2,6,5,14,12,1,1,1,10,2,12,25,10,1,1,10,1,5,1,6,12,2,6,2,7,23,3,51,6,2,2,5,5,41,31,10,3,1,91,22,1,3,13,11,1,3,20,4,11,6,7,21,3,32,1,15,11,105,1,1,53,9,23,1,8,69,10,8,1,6,1,4,5,11,9,0
1148,2025,23,2025-11-30,Qatar Grand Prix,5,24,1,1,1,2,13,1,1,2,3,2,1,16,1,1,3,1,6,1,14,1,1,4,1,3,2,1,1,14,25,4,6,1,27,1,1,2,8,8,2,6,5,14,12,1,1,1,10,2,12,25,10,1,1,10,1,5,1,6,12,2,6,2,7,23,3,51,6,2,2,5,5,41,31,10,3,1,91,22,1,3,13,11,1,3,20,4,11,6,7,21,3,32,1,15,11,105,1,1,53,9,23,1,8,70,10,8,1,6,1,4,5,11,9,0
1149,2025,24,2025-12-07,Abu Dhabi Grand Prix,5,24,1,1,1,2,13,1,1,2,3,2,1,16,1,1,3,1,6,1,14,1,1,4,1,3,2,1,1,14,25,4,6,1,27,1,1,2,8,8,2,6,5,14,12,1,1,1,10,2,12,25,10,1,1,10,1,5,1,6,12,2,6,2,7,23,3,51,6,2,2,5,5,41,31,10,3,1,91,22,1,3,13,11,1,3,20,4,11,6,7,21,3,32,1,15,11,105,1,1,53,9,23,1,8,71,10,8,1,6,1,4,5,11,9,0
1150,2026,1,2026-03-08,Australian Grand Prix,5,24,1,1,1,2,13,1,1,2,3,2,1,16,1,1,3,1,6,1,14,1,1,4,1,3,2,1,1,14,25,4,6,1,27,1,1,2,8,8,2,6,5,14,12,1,1,1,10,2,12,25,10,1,1,10,1,5,1,6,12,2,6,2,7,23,3,51,6,2,2,5,5,41,31,10,3,1,91,22,1,3,13,11,1,3,20,4,11,6,7,21,3,32,1,15,11,105,1,1,53,9,23,1,8,71,10,8,1,6,1,4,6,11,9,0
1151,2026,2,2026-03-15,Chinese Grand Prix,5,24,1,1,1,2,13,1,1,2,3,2,1,16,1,1,3,1,6,1,14,1,1,4,1,3,2,1,1,14,25,4,6,1,27,1,1,2,8,8,2,6,5,14,12,1,1,1,10,2,12,25,10,1,1,10,1,5,1,6,12,2,6,2,7,23,3,51,6,2,2,5,5,41,31,10,3,1,91,22,1,3,13,11,1,3,20,4,11,6,7,21,3,32,1,15,11,105,1,1,53,9,23,1,8,71,10,8,1,6,1,4,6,11,9,1
1152,2026,3,2026-03-29,Japanese Grand Prix,5,24,1,1,1,2,13,1,1,2,3,2,1,16,1,1,3,1,6,1,14,1,1,4,1,3,2,1,1,14,25,4,6,1,27,1,1,2,8,8,2,6,5,14,12,1,1,1,10,2,12,25,10,1,1,10,1,5,1,6,12,2,6,2,7,23,3,51,6,2,2,5,5,41,31,10,3,1,91,22,1,3,13,11,1,3,20,4,11,6,7,21,3,32,1,15,11,105,1,1,53,9,23,1,8,71,10,8,1,6,1,4,6,11,9,2
1153,2026,4,2026-05-03,Miami Grand Prix,5,24,1,1,1,2,13,1,1,2,3,2,1,16,1,1,3,1,6,1,14,1,1,4,1,3,2,1,1,14,25,4,6,1,27,1,1,2,8,8,2,6,5,14,12,1,1,1,10,2,12,25,10,1,1,10,1,5,1,6,12,2,6,2,7,23,3,51,6,2,2,5,5,41,31,10,3,1,91,22,1,3,13,11,1,3,20,4,11,6,7,21,3,32,1,15,11,105,1,1,53,9,23,1,8,71,10,8,1,6,1,4,6,11,9,3
1154,2026,5,2026-05-24,Canadian Grand Prix,5,24,1,1,1,2,13,1,1,2,3,2,1,16,1,1,3,1,6,1,14,1,1,4,1,3,2,1,1,14,25,4,6,1,27,1,1,2,8,8,2,6,5,14,12,1,1,1,10,2,12,25,10,1,1,10,1,5,1,6,12,2,6,2,7,23,3,51,6,2,2,5,5,41,31,10,3,1,91,22,1,3,13,11,1,3,20,4,11,6,7,21,3,32,1,15,11,105,1,1,53,9,23,1,8,71,10,8,1,6,1,4,6,11,9,4
1155,2026,6,2026-06-07,Monaco Grand Prix,5,24,1,1,1,2,13,1,1,2,3,2,1,16,1,1,3,1,6,1,14,1,1,4,1,3,2,1,1,14,25,4,6,1,27,1,1,2,8,8,2,6,5,14,12,1,1,1,10,2,12,25,10,1,1,10,1,5,1,6,12,2,6,2,7,23,3,51,6,2,2,5,5,41,31,10,3,1,91,22,1,3,13,11,1,3,20,4,11,6,7,21,3,32,1,15,11,105,1,1,53,9,23,1,8,71,10,8,1,6,1,4,6,11,9,5
1156,2026,7,2026-06-14,Barcelona-Catalunya Grand Prix,5,24,1,1,1,2,13,1,1,2,3,2,1,16,1,1,3,1,6,1,14,1,1,4,1,3,2,1,1,14,25,4,6,1,27,1,1,2,8,8,2,6,5,14,12,1,1,1,10,2,12,25,10,1,1,10,1,5,1,6,12,2,6,2,7,23,3,51,6,2,2,5,5,41,31,10,3,1,91,22,1,3,13,11,1,3,20,4,11,6,7,21,3,32,1,15,11,106,1,1,53,9,23,1,8,71,10,8,1,6,1,4,6,11,9,5
1157,2026,8,2026-06-28,Austrian Grand Prix,5,24,1,1,1,2,13,1,1,2,3,2,1,16,1,1,3,1,6,1,14,1,1,4,1,3,2,1,1,14,25,4,6,1,27,1,1,2,8,8,2,6,5,14,12,1,1,1,10,2,12,25,10,1,1,10,1,5,1,6,12,2,6,2,7,23,3,51,6,2,2,5,5,41,31,10,3,1,91,22,1,3,13,11,1,3,20,4,11,6,7,21,3,32,1,15,11,106,1,1,53,9,23,1,8,71,10,8,1,6,1,4,7,11,9,5
1158,2026,9,2026-07-05,British Grand Prix,5,24,1,1,1,2,13,1,1,2,3,2,1,16,1,1,3,1,6,1,14,1,1,4,1,3,2,1,1,14,25,4,6,1,27,1,1,2,8,8,2,6,5,14,12,1,1,1,10,2,12,25,10,1,1,10,1,5,1,6,12,2,6,2,7,23,3,51,6,2,2,5,5,41,31,10,3,1,91,22,1,3,13,11,1,3,20,4,11,6,7,21,3,32,1,15,11,106,1,1,53,9,23,1,8,71,10,9,1,6,1,4,7,11,9,5
1159,2026,10,2026-07-19,Belgian Grand Prix,5,24,1,1,1,2,13,1,1,2,3,2,1,16,1,1,3,1,6,1,14,1,1,4,1,3,2,1,1,14,25,4,6,1,27,1,1,2,8,8,2,6,5,14,12,1,1,1,10,2,12,25,10,1,1,10,1,5,1,6,12,2,6,2,7,23,3,51,6,2,2,5,5,41,31,10,3,1,91,22,1,3,13,11,1,3,20,4,11,6,7,21,3,32,1,15,11,106,1,1,53,9,23,1,8,71,10,9,1,6,1,4,7,11,9,6
1160,2026,11,2026-07-26,Hungarian Grand Prix,5,24,1,1,1,2,13,1,1,2,3,2,1,16,1,1,3,1,6,1,14,1,1,4,1,3,2,1,1,14,25,4,6,1,27,1,1,2,8,8,2,6,5,14,12,1,1,1,10,2,12,25,10,1,1,10,1,5,1,6,12,2,6,2,7,23,3,51,6,2,2,5,5,41,31,10,3,1,91,22,1,3,13,11,1,3,20,4,11,6,7,21,3,32,1,15,11,106,1,1,53,9,23,1,8,71,10,9,1,6,1,4,7,12,9,6
1161,2026,12,2026-08-23,Dutch Grand Prix,5,24,1,1,1,2,13,1,1,2,3,2,1,16,1,1,3,1,6,1,14,1,1,4,1,3,2,1,1,14,25,4,6,1,27,1,1,2,8,8,2,6,5,14,12,1,1,1,10,2,12,25,10,1,1,10,1,5,1,6,12,2,6,2,7,23,3,51,6,2,2,5,5,41,31,10,3,1,91,22,1,3,13,11,1,3,20,4,11,6,7,21,3,32,1,15,11,106,1,1,53,9,23,1,8,71,10,9,1,6,1,4,7,13,9,6
1162,2026,13,2026-09-06,Italian Grand Prix,5,24,1,1,1,2,13,1,1,2,3,2,1,16,1,1,3,1,6,1,14,1,1,4,1,3,2,1,1,14,25,4,6,1,27,1,1,2,8,8,2,6,5,14,12,1,1,1,10,2,12,25,10,1,1,10,1,5,1,6,12,2,6,2,7,23,3,51,6,2,2,5,5,41,31,10,3,1,91,22,1,3,13,11,1,3,20,4,11,6,7,21,3,32,1,15,11,106,1,1,53,9,23,1,8,71,10,9,1,6,1,4,7,13,9,7
1163,2026,14,2026-09-13,Spanish Grand Prix,5,24,1,1,1,2,13,1,1,2,3,2,1,16,1,1,3,1,6,1,14,1,1,4,1,3,2,1,1,14,25,4,6,1,27,1,1,2,8,8,2,6,5,14,12,1,1,1,10,2,12,25,10,1,1,10,1,5,1,6,12,2,6,2,7,23,3,51,6,2,2,5,5,41,31,10,3,1,91,22,1,3,13,11,1,3,20,4,11,6,7,21,3,32,1,15,11,106,1,1,53,9,23,1,8,71,10,9,1,6,1,4,7,13,9,8
1164,2026,15,2026-09-26,Azerbaijan Grand Prix,5,24,1,1,1,2,13,1,1,2,3,2,1,16,1,1,3,1,6,1,14,1,1,4,1,3,2,1,1,14,25,4,6,1,27,1,1,2,8,8,2,6,5,14,12,1,1,1,10,2,12,25,10,1,1,10,1,5,1,6,12,2,6,2,7,23,3,51,6,2,2,5,5,41,31,10,3,1,91,22,1,3,13,11,1,3,20,4,11,6,7,21,3,32,1,15,11,106,1,1,53,9,23,1,8,71,10,9,1,6,1,4,8,13,9,8
