race_index,season,round,race_date,grand_prix,wikipedia_race_article,winner_driver_ids,winner_names,shared_drive,source_page,source_page_url,source_revision_id,source_permanent_url,retrieved_utc
1,1950,1,1950-05-13,British Grand Prix,1950_British_Grand_Prix,wp342972,Giuseppe Farina,no,1950 Formula One season,https://en.wikipedia.org/wiki/1950_Formula_One_season,1371248309,https://en.wikipedia.org/w/index.php?oldid=1371248309,2026-09-28T09:16:56Z
2,1950,2,1950-05-21,Monaco Grand Prix,1950_Monaco_Grand_Prix,wp48532,Juan Manuel Fangio,no,1950 Formula One season,https://en.wikipedia.org/wiki/1950_Formula_One_season,1371248309,https://en.wikipedia.org/w/index.php?oldid=1371248309,2026-09-28T09:16:56Z
3,1950,3,1950-05-30,Indianapolis 500,1950_Indianapolis_500,wp1252116,Johnnie Parsons,no,1950 Formula One season,https://en.wikipedia.org/wiki/1950_Formula_One_season,1371248309,https://en.wikipedia.org/w/index.php?oldid=1371248309,2026-09-28T09:16:56Z
4,1950,4,1950-06-04,Swiss Grand Prix,1950_Swiss_Grand_Prix,wp342972,Giuseppe Farina,no,1950 Formula One season,https://en.wikipedia.org/wiki/1950_Formula_One_season,1371248309,https://en.wikipedia.org/w/index.php?oldid=1371248309,2026-09-28T09:16:56Z
5,1950,5,1950-06-18,Belgian Grand Prix,1950_Belgian_Grand_Prix,wp48532,Juan Manuel Fangio,no,1950 Formula One season,https://en.wikipedia.org/wiki/1950_Formula_One_season,1371248309,https://en.wikipedia.org/w/index.php?oldid=1371248309,2026-09-28T09:16:56Z
6,1950,6,1950-07-02,French Grand Prix,1950_French_Grand_Prix,wp48532,Juan Manuel Fangio,no,1950 Formula One season,https://en.wikipedia.org/wiki/1950_Formula_One_season,1371248309,https://en.wikipedia.org/w/index.php?oldid=1371248309,2026-09-28T09:16:56Z
7,1950,7,1950-09-03,Italian Grand Prix,1950_Italian_Grand_Prix,wp342972,Giuseppe Farina,no,1950 Formula One season,https://en.wikipedia.org/wiki/1950_Formula_One_season,1371248309,https://en.wikipedia.org/w/index.php?oldid=1371248309,2026-09-28T09:16:56Z
8,1951,1,1951-05-27,Swiss Grand Prix,1951_Swiss_Grand_Prix,wp48532,Juan Manuel Fangio,no,1951 Formula One season,https://en.wikipedia.org/wiki/1951_Formula_One_season,1370951381,https://en.wikipedia.org/w/index.php?oldid=1370951381,2026-09-28T09:16:57Z
9,1951,2,1951-05-30,Indianapolis 500,1951_Indianapolis_500,wp1252126,Lee Wallard,no,1951 Formula One season,https://en.wikipedia.org/wiki/1951_Formula_One_season,1370951381,https://en.wikipedia.org/w/index.php?oldid=1370951381,2026-09-28T09:16:57Z
10,1951,3,1951-06-17,Belgian Grand Prix,1951_Belgian_Grand_Prix,wp342972,Giuseppe Farina,no,1951 Formula One season,https://en.wikipedia.org/wiki/1951_Formula_One_season,1370951381,https://en.wikipedia.org/w/index.php?oldid=1370951381,2026-09-28T09:16:57Z
11,1951,4,1951-07-01,French Grand Prix,1951_French_Grand_Prix,wp48532;wp1212766,Juan Manuel Fangio;Luigi Fagioli,yes,1951 Formula One season,https://en.wikipedia.org/wiki/1951_Formula_One_season,1370951381,https://en.wikipedia.org/w/index.php?oldid=1370951381,2026-09-28T09:16:57Z
12,1951,5,1951-07-14,British Grand Prix,1951_British_Grand_Prix,wp877639,José Froilán González,no,1951 Formula One season,https://en.wikipedia.org/wiki/1951_Formula_One_season,1370951381,https://en.wikipedia.org/w/index.php?oldid=1370951381,2026-09-28T09:16:57Z
13,1951,6,1951-07-29,German Grand Prix,1951_German_Grand_Prix,wp246121,Alberto Ascari,no,1951 Formula One season,https://en.wikipedia.org/wiki/1951_Formula_One_season,1370951381,https://en.wikipedia.org/w/index.php?oldid=1370951381,2026-09-28T09:16:57Z
14,1951,7,1951-09-16,Italian Grand Prix,1951_Italian_Grand_Prix,wp246121,Alberto Ascari,no,1951 Formula One season,https://en.wikipedia.org/wiki/1951_Formula_One_season,1370951381,https://en.wikipedia.org/w/index.php?oldid=1370951381,2026-09-28T09:16:57Z
15,1951,8,1951-10-28,Spanish Grand Prix,1951_Spanish_Grand_Prix,wp48532,Juan Manuel Fangio,no,1951 Formula One season,https://en.wikipedia.org/wiki/1951_Formula_One_season,1370951381,https://en.wikipedia.org/w/index.php?oldid=1370951381,2026-09-28T09:16:57Z
16,1952,1,1952-05-18,Swiss Grand Prix,1952_Swiss_Grand_Prix,wp1235869,Piero Taruffi,no,1952 Formula One season,https://en.wikipedia.org/wiki/1952_Formula_One_season,1376485602,https://en.wikipedia.org/w/index.php?oldid=1376485602,2026-09-28T09:16:58Z
17,1952,2,1952-05-30,Indianapolis 500,1952_Indianapolis_500,wp1235879,Troy Ruttman,no,1952 Formula One season,https://en.wikipedia.org/wiki/1952_Formula_One_season,1376485602,https://en.wikipedia.org/w/index.php?oldid=1376485602,2026-09-28T09:16:58Z
18,1952,3,1952-06-22,Belgian Grand Prix,1952_Belgian_Grand_Prix,wp246121,Alberto Ascari,no,1952 Formula One season,https://en.wikipedia.org/wiki/1952_Formula_One_season,1376485602,https://en.wikipedia.org/w/index.php?oldid=1376485602,2026-09-28T09:16:58Z
19,1952,4,1952-07-06,French Grand Prix,1952_French_Grand_Prix,wp246121,Alberto Ascari,no,1952 Formula One season,https://en.wikipedia.org/wiki/1952_Formula_One_season,1376485602,https://en.wikipedia.org/w/index.php?oldid=1376485602,2026-09-28T09:16:58Z
20,1952,5,1952-07-19,British Grand Prix,1952_British_Grand_Prix,wp246121,Alberto Ascari,no,1952 Formula One season,https://en.wikipedia.org/wiki/1952_Formula_One_season,1376485602,https://en.wikipedia.org/w/index.php?oldid=1376485602,2026-09-28T09:16:58Z
21,1952,6,1952-08-03,German Grand Prix,1952_German_Grand_Prix,wp246121,Alberto Ascari,no,1952 Formula One season,https://en.wikipedia.org/wiki/1952_Formula_One_season,1376485602,https://en.wikipedia.org/w/index.php?oldid=1376485602,2026-09-28T09:16:58Z
22,1952,7,1952-08-17,Dutch Grand Prix,1952_Dutch_Grand_Prix,wp246121,Alberto Ascari,no,1952 Formula One season,https://en.wikipedia.org/wiki/1952_Formula_One_season,1376485602,https://en.wikipedia.org/w/index.php?oldid=1376485602,2026-09-28T09:16:58Z
23,1952,8,1952-09-07,Italian Grand Prix,1952_Italian_Grand_Prix,wp246121,Alberto Ascari,no,1952 Formula One season,https://en.wikipedia.org/wiki/1952_Formula_One_season,1376485602,https://en.wikipedia.org/w/index.php?oldid=1376485602,2026-09-28T09:16:58Z
24,1953,1,1953-01-18,Argentine Grand Prix,1953_Argentine_Grand_Prix,wp246121,Alberto Ascari,no,1953 Formula One season,https://en.wikipedia.org/wiki/1953_Formula_One_season,1370951539,https://en.wikipedia.org/w/index.php?oldid=1370951539,2026-09-28T09:16:59Z
25,1953,2,1953-05-30,Indianapolis 500,1953_Indianapolis_500,wp1251950,Bill Vukovich,no,1953 Formula One season,https://en.wikipedia.org/wiki/1953_Formula_One_season,1370951539,https://en.wikipedia.org/w/index.php?oldid=1370951539,2026-09-28T09:16:59Z
26,1953,3,1953-06-07,Dutch Grand Prix,1953_Dutch_Grand_Prix,wp246121,Alberto Ascari,no,1953 Formula One season,https://en.wikipedia.org/wiki/1953_Formula_One_season,1370951539,https://en.wikipedia.org/w/index.php?oldid=1370951539,2026-09-28T09:16:59Z
27,1953,4,1953-06-21,Belgian Grand Prix,1953_Belgian_Grand_Prix,wp246121,Alberto Ascari,no,1953 Formula One season,https://en.wikipedia.org/wiki/1953_Formula_One_season,1370951539,https://en.wikipedia.org/w/index.php?oldid=1370951539,2026-09-28T09:16:59Z
28,1953,5,1953-07-05,French Grand Prix,1953_French_Grand_Prix,wp128171,Mike Hawthorn,no,1953 Formula One season,https://en.wikipedia.org/wiki/1953_Formula_One_season,1370951539,https://en.wikipedia.org/w/index.php?oldid=1370951539,2026-09-28T09:16:59Z
29,1953,6,1953-07-18,British Grand Prix,1953_British_Grand_Prix,wp246121,Alberto Ascari,no,1953 Formula One season,https://en.wikipedia.org/wiki/1953_Formula_One_season,1370951539,https://en.wikipedia.org/w/index.php?oldid=1370951539,2026-09-28T09:16:59Z
30,1953,7,1953-08-02,German Grand Prix,1953_German_Grand_Prix,wp342972,Giuseppe Farina,no,1953 Formula One season,https://en.wikipedia.org/wiki/1953_Formula_One_season,1370951539,https://en.wikipedia.org/w/index.php?oldid=1370951539,2026-09-28T09:16:59Z
31,1953,8,1953-08-23,Swiss Grand Prix,1953_Swiss_Grand_Prix,wp246121,Alberto Ascari,no,1953 Formula One season,https://en.wikipedia.org/wiki/1953_Formula_One_season,1370951539,https://en.wikipedia.org/w/index.php?oldid=1370951539,2026-09-28T09:16:59Z
32,1953,9,1953-09-13,Italian Grand Prix,1953_Italian_Grand_Prix,wp48532,Juan Manuel Fangio,no,1953 Formula One season,https://en.wikipedia.org/wiki/1953_Formula_One_season,1370951539,https://en.wikipedia.org/w/index.php?oldid=1370951539,2026-09-28T09:16:59Z
33,1954,1,1954-01-17,Argentine Grand Prix,1954_Argentine_Grand_Prix,wp48532,Juan Manuel Fangio,no,1954 Formula One season,https://en.wikipedia.org/wiki/1954_Formula_One_season,1370910293,https://en.wikipedia.org/w/index.php?oldid=1370910293,2026-09-28T09:17:00Z
34,1954,2,1954-05-31,Indianapolis 500,1954_Indianapolis_500,wp1251950,Bill Vukovich,no,1954 Formula One season,https://en.wikipedia.org/wiki/1954_Formula_One_season,1370910293,https://en.wikipedia.org/w/index.php?oldid=1370910293,2026-09-28T09:17:00Z
35,1954,3,1954-06-20,Belgian Grand Prix,1954_Belgian_Grand_Prix,wp48532,Juan Manuel Fangio,no,1954 Formula One season,https://en.wikipedia.org/wiki/1954_Formula_One_season,1370910293,https://en.wikipedia.org/w/index.php?oldid=1370910293,2026-09-28T09:17:00Z
36,1954,4,1954-07-04,French Grand Prix,1954_French_Grand_Prix,wp48532,Juan Manuel Fangio,no,1954 Formula One season,https://en.wikipedia.org/wiki/1954_Formula_One_season,1370910293,https://en.wikipedia.org/w/index.php?oldid=1370910293,2026-09-28T09:17:00Z
37,1954,5,1954-07-17,British Grand Prix,1954_British_Grand_Prix,wp877639,José Froilán González,no,1954 Formula One season,https://en.wikipedia.org/wiki/1954_Formula_One_season,1370910293,https://en.wikipedia.org/w/index.php?oldid=1370910293,2026-09-28T09:17:00Z
38,1954,6,1954-08-01,German Grand Prix,1954_German_Grand_Prix,wp48532,Juan Manuel Fangio,no,1954 Formula One season,https://en.wikipedia.org/wiki/1954_Formula_One_season,1370910293,https://en.wikipedia.org/w/index.php?oldid=1370910293,2026-09-28T09:17:00Z
39,1954,7,1954-08-22,Swiss Grand Prix,1954_Swiss_Grand_Prix,wp48532,Juan Manuel Fangio,no,1954 Formula One season,https://en.wikipedia.org/wiki/1954_Formula_One_season,1370910293,https://en.wikipedia.org/w/index.php?oldid=1370910293,2026-09-28T09:17:00Z
40,1954,8,1954-09-05,Italian Grand Prix,1954_Italian_Grand_Prix,wp48532,Juan Manuel Fangio,no,1954 Formula One season,https://en.wikipedia.org/wiki/1954_Formula_One_season,1370910293,https://en.wikipedia.org/w/index.php?oldid=1370910293,2026-09-28T09:17:00Z
41,1954,9,1954-10-24,Spanish Grand Prix,1954_Spanish_Grand_Prix,wp128171,Mike Hawthorn,no,1954 Formula One season,https://en.wikipedia.org/wiki/1954_Formula_One_season,1370910293,https://en.wikipedia.org/w/index.php?oldid=1370910293,2026-09-28T09:17:00Z
42,1955,1,1955-01-16,Argentine Grand Prix,1955_Argentine_Grand_Prix,wp48532,Juan Manuel Fangio,no,1955 Formula One season,https://en.wikipedia.org/wiki/1955_Formula_One_season,1376998541,https://en.wikipedia.org/w/index.php?oldid=1376998541,2026-09-28T09:17:03Z
43,1955,2,1955-05-22,Monaco Grand Prix,1955_Monaco_Grand_Prix,wp423739,Maurice Trintignant,no,1955 Formula One season,https://en.wikipedia.org/wiki/1955_Formula_One_season,1376998541,https://en.wikipedia.org/w/index.php?oldid=1376998541,2026-09-28T09:17:03Z
44,1955,3,1955-05-30,Indianapolis 500,1955_Indianapolis_500,wp1251973,Bob Sweikert,no,1955 Formula One season,https://en.wikipedia.org/wiki/1955_Formula_One_season,1376998541,https://en.wikipedia.org/w/index.php?oldid=1376998541,2026-09-28T09:17:03Z
45,1955,4,1955-06-05,Belgian Grand Prix,1955_Belgian_Grand_Prix,wp48532,Juan Manuel Fangio,no,1955 Formula One season,https://en.wikipedia.org/wiki/1955_Formula_One_season,1376998541,https://en.wikipedia.org/w/index.php?oldid=1376998541,2026-09-28T09:17:03Z
46,1955,5,1955-06-19,Dutch Grand Prix,1955_Dutch_Grand_Prix,wp48532,Juan Manuel Fangio,no,1955 Formula One season,https://en.wikipedia.org/wiki/1955_Formula_One_season,1376998541,https://en.wikipedia.org/w/index.php?oldid=1376998541,2026-09-28T09:17:03Z
47,1955,6,1955-07-16,British Grand Prix,1955_British_Grand_Prix,wp247310,Stirling Moss,no,1955 Formula One season,https://en.wikipedia.org/wiki/1955_Formula_One_season,1376998541,https://en.wikipedia.org/w/index.php?oldid=1376998541,2026-09-28T09:17:03Z
48,1955,7,1955-09-11,Italian Grand Prix,1955_Italian_Grand_Prix,wp48532,Juan Manuel Fangio,no,1955 Formula One season,https://en.wikipedia.org/wiki/1955_Formula_One_season,1376998541,https://en.wikipedia.org/w/index.php?oldid=1376998541,2026-09-28T09:17:03Z
49,1956,1,1956-01-22,Argentine Grand Prix,1956_Argentine_Grand_Prix,wp1226494;wp48532,Luigi Musso;Juan Manuel Fangio,yes,1956 Formula One season,https://en.wikipedia.org/wiki/1956_Formula_One_season,1373791054,https://en.wikipedia.org/w/index.php?oldid=1373791054,2026-09-28T09:17:04Z
50,1956,2,1956-05-13,Monaco Grand Prix,1956_Monaco_Grand_Prix,wp247310,Stirling Moss,no,1956 Formula One season,https://en.wikipedia.org/wiki/1956_Formula_One_season,1373791054,https://en.wikipedia.org/w/index.php?oldid=1373791054,2026-09-28T09:17:04Z
51,1956,3,1956-05-30,Indianapolis 500,1956_Indianapolis_500,wp1252141,Pat Flaherty,no,1956 Formula One season,https://en.wikipedia.org/wiki/1956_Formula_One_season,1373791054,https://en.wikipedia.org/w/index.php?oldid=1373791054,2026-09-28T09:17:04Z
52,1956,4,1956-06-03,Belgian Grand Prix,1956_Belgian_Grand_Prix,wp1226514,Peter Collins,no,1956 Formula One season,https://en.wikipedia.org/wiki/1956_Formula_One_season,1373791054,https://en.wikipedia.org/w/index.php?oldid=1373791054,2026-09-28T09:17:04Z
53,1956,5,1956-07-01,French Grand Prix,1956_French_Grand_Prix,wp1226514,Peter Collins,no,1956 Formula One season,https://en.wikipedia.org/wiki/1956_Formula_One_season,1373791054,https://en.wikipedia.org/w/index.php?oldid=1373791054,2026-09-28T09:17:04Z
54,1956,6,1956-07-14,British Grand Prix,1956_British_Grand_Prix,wp48532,Juan Manuel Fangio,no,1956 Formula One season,https://en.wikipedia.org/wiki/1956_Formula_One_season,1373791054,https://en.wikipedia.org/w/index.php?oldid=1373791054,2026-09-28T09:17:04Z
55,1956,7,1956-08-05,German Grand Prix,1956_German_Grand_Prix,wp48532,Juan Manuel Fangio,no,1956 Formula One season,https://en.wikipedia.org/wiki/1956_Formula_One_season,1373791054,https://en.wikipedia.org/w/index.php?oldid=1373791054,2026-09-28T09:17:04Z
56,1956,8,1956-09-02,Italian Grand Prix,1956_Italian_Grand_Prix,wp247310,Stirling Moss,no,1956 Formula One season,https://en.wikipedia.org/wiki/1956_Formula_One_season,1373791054,https://en.wikipedia.org/w/index.php?oldid=1373791054,2026-09-28T09:17:04Z
57,1957,1,1957-01-13,Argentine Grand Prix,1957_Argentine_Grand_Prix,wp48532,Juan Manuel Fangio,no,1957 Formula One season,https://en.wikipedia.org/wiki/1957_Formula_One_season,1373794853,https://en.wikipedia.org/w/index.php?oldid=1373794853,2026-09-28T09:17:05Z
58,1957,2,1957-05-19,Monaco Grand Prix,1957_Monaco_Grand_Prix,wp48532,Juan Manuel Fangio,no,1957 Formula One season,https://en.wikipedia.org/wiki/1957_Formula_One_season,1373794853,https://en.wikipedia.org/w/index.php?oldid=1373794853,2026-09-28T09:17:05Z
59,1957,3,1957-05-30,Indianapolis 500,1957_Indianapolis_500,wp1252148,Sam Hanks,no,1957 Formula One season,https://en.wikipedia.org/wiki/1957_Formula_One_season,1373794853,https://en.wikipedia.org/w/index.php?oldid=1373794853,2026-09-28T09:17:05Z
60,1957,4,1957-07-07,French Grand Prix,1957_French_Grand_Prix,wp48532,Juan Manuel Fangio,no,1957 Formula One season,https://en.wikipedia.org/wiki/1957_Formula_One_season,1373794853,https://en.wikipedia.org/w/index.php?oldid=1373794853,2026-09-28T09:17:05Z
61,1957,5,1957-07-20,British Grand Prix,1957_British_Grand_Prix,wp1226571;wp247310,Tony Brooks;Stirling Moss,yes,1957 Formula One season,https://en.wikipedia.org/wiki/1957_Formula_One_season,1373794853,https://en.wikipedia.org/w/index.php?oldid=1373794853,2026-09-28T09:17:05Z
62,1957,6,1957-08-04,German Grand Prix,1957_German_Grand_Prix,wp48532,Juan Manuel Fangio,no,1957 Formula One season,https://en.wikipedia.org/wiki/1957_Formula_One_season,1373794853,https://en.wikipedia.org/w/index.php?oldid=1373794853,2026-09-28T09:17:05Z
63,1957,7,1957-08-18,Pescara Grand Prix,1957_Pescara_Grand_Prix,wp247310,Stirling Moss,no,1957 Formula One season,https://en.wikipedia.org/wiki/1957_Formula_One_season,1373794853,https://en.wikipedia.org/w/index.php?oldid=1373794853,2026-09-28T09:17:05Z
64,1957,8,1957-09-08,Italian Grand Prix,1957_Italian_Grand_Prix,wp247310,Stirling Moss,no,1957 Formula One season,https://en.wikipedia.org/wiki/1957_Formula_One_season,1373794853,https://en.wikipedia.org/w/index.php?oldid=1373794853,2026-09-28T09:17:05Z
65,1958,1,1958-01-19,Argentine Grand Prix,1958_Argentine_Grand_Prix,wp247310,Stirling Moss,no,1958 Formula One season,https://en.wikipedia.org/wiki/1958_Formula_One_season,1373795186,https://en.wikipedia.org/w/index.php?oldid=1373795186,2026-09-28T09:17:05Z
66,1958,2,1958-05-18,Monaco Grand Prix,1958_Monaco_Grand_Prix,wp423739,Maurice Trintignant,no,1958 Formula One season,https://en.wikipedia.org/wiki/1958_Formula_One_season,1373795186,https://en.wikipedia.org/w/index.php?oldid=1373795186,2026-09-28T09:17:05Z
67,1958,3,1958-05-26,Dutch Grand Prix,1958_Dutch_Grand_Prix,wp247310,Stirling Moss,no,1958 Formula One season,https://en.wikipedia.org/wiki/1958_Formula_One_season,1373795186,https://en.wikipedia.org/w/index.php?oldid=1373795186,2026-09-28T09:17:05Z
68,1958,4,1958-05-30,Indianapolis 500,1958_Indianapolis_500,wp1252110,Jimmy Bryan,no,1958 Formula One season,https://en.wikipedia.org/wiki/1958_Formula_One_season,1373795186,https://en.wikipedia.org/w/index.php?oldid=1373795186,2026-09-28T09:17:05Z
69,1958,5,1958-06-15,Belgian Grand Prix,1958_Belgian_Grand_Prix,wp1226571,Tony Brooks,no,1958 Formula One season,https://en.wikipedia.org/wiki/1958_Formula_One_season,1373795186,https://en.wikipedia.org/w/index.php?oldid=1373795186,2026-09-28T09:17:05Z
70,1958,6,1958-07-06,French Grand Prix,1958_French_Grand_Prix,wp128171,Mike Hawthorn,no,1958 Formula One season,https://en.wikipedia.org/wiki/1958_Formula_One_season,1373795186,https://en.wikipedia.org/w/index.php?oldid=1373795186,2026-09-28T09:17:05Z
71,1958,7,1958-07-19,British Grand Prix,1958_British_Grand_Prix,wp1226514,Peter Collins,no,1958 Formula One season,https://en.wikipedia.org/wiki/1958_Formula_One_season,1373795186,https://en.wikipedia.org/w/index.php?oldid=1373795186,2026-09-28T09:17:05Z
72,1958,8,1958-08-03,German Grand Prix,1958_German_Grand_Prix,wp1226571,Tony Brooks,no,1958 Formula One season,https://en.wikipedia.org/wiki/1958_Formula_One_season,1373795186,https://en.wikipedia.org/w/index.php?oldid=1373795186,2026-09-28T09:17:05Z
73,1958,9,1958-08-24,Portuguese Grand Prix,1958_Portuguese_Grand_Prix,wp247310,Stirling Moss,no,1958 Formula One season,https://en.wikipedia.org/wiki/1958_Formula_One_season,1373795186,https://en.wikipedia.org/w/index.php?oldid=1373795186,2026-09-28T09:17:05Z
74,1958,10,1958-09-07,Italian Grand Prix,1958_Italian_Grand_Prix,wp1226571,Tony Brooks,no,1958 Formula One season,https://en.wikipedia.org/wiki/1958_Formula_One_season,1373795186,https://en.wikipedia.org/w/index.php?oldid=1373795186,2026-09-28T09:17:05Z
75,1958,11,1958-10-19,Moroccan Grand Prix,1958_Moroccan_Grand_Prix,wp247310,Stirling Moss,no,1958 Formula One season,https://en.wikipedia.org/wiki/1958_Formula_One_season,1373795186,https://en.wikipedia.org/w/index.php?oldid=1373795186,2026-09-28T09:17:05Z
76,1959,1,1959-05-10,Monaco Grand Prix,1959_Monaco_Grand_Prix,wp16564,Jack Brabham,no,1959 Formula One season,https://en.wikipedia.org/wiki/1959_Formula_One_season,1370910364,https://en.wikipedia.org/w/index.php?oldid=1370910364,2026-09-28T09:17:06Z
77,1959,2,1959-05-30,Indianapolis 500,1959_Indianapolis_500,wp786743,Rodger Ward,no,1959 Formula One season,https://en.wikipedia.org/wiki/1959_Formula_One_season,1370910364,https://en.wikipedia.org/w/index.php?oldid=1370910364,2026-09-28T09:17:06Z
78,1959,3,1959-05-31,Dutch Grand Prix,1959_Dutch_Grand_Prix,wp1152185,Jo Bonnier,no,1959 Formula One season,https://en.wikipedia.org/wiki/1959_Formula_One_season,1370910364,https://en.wikipedia.org/w/index.php?oldid=1370910364,2026-09-28T09:17:06Z
79,1959,4,1959-07-05,French Grand Prix,1959_French_Grand_Prix,wp1226571,Tony Brooks,no,1959 Formula One season,https://en.wikipedia.org/wiki/1959_Formula_One_season,1370910364,https://en.wikipedia.org/w/index.php?oldid=1370910364,2026-09-28T09:17:06Z
80,1959,5,1959-07-18,British Grand Prix,1959_British_Grand_Prix,wp16564,Jack Brabham,no,1959 Formula One season,https://en.wikipedia.org/wiki/1959_Formula_One_season,1370910364,https://en.wikipedia.org/w/index.php?oldid=1370910364,2026-09-28T09:17:06Z
81,1959,6,1959-08-02,German Grand Prix,1959_German_Grand_Prix,wp1226571,Tony Brooks,no,1959 Formula One season,https://en.wikipedia.org/wiki/1959_Formula_One_season,1370910364,https://en.wikipedia.org/w/index.php?oldid=1370910364,2026-09-28T09:17:06Z
82,1959,7,1959-08-23,Portuguese Grand Prix,1959_Portuguese_Grand_Prix,wp247310,Stirling Moss,no,1959 Formula One season,https://en.wikipedia.org/wiki/1959_Formula_One_season,1370910364,https://en.wikipedia.org/w/index.php?oldid=1370910364,2026-09-28T09:17:06Z
83,1959,8,1959-09-13,Italian Grand Prix,1959_Italian_Grand_Prix,wp247310,Stirling Moss,no,1959 Formula One season,https://en.wikipedia.org/wiki/1959_Formula_One_season,1370910364,https://en.wikipedia.org/w/index.php?oldid=1370910364,2026-09-28T09:17:06Z
84,1959,9,1959-12-12,United States Grand Prix,1959_United_States_Grand_Prix,wp475903,Bruce McLaren,no,1959 Formula One season,https://en.wikipedia.org/wiki/1959_Formula_One_season,1370910364,https://en.wikipedia.org/w/index.php?oldid=1370910364,2026-09-28T09:17:06Z
85,1960,1,1960-02-07,Argentine Grand Prix,1960_Argentine_Grand_Prix,wp475903,Bruce McLaren,no,1960 Formula One season,https://en.wikipedia.org/wiki/1960_Formula_One_season,1370951701,https://en.wikipedia.org/w/index.php?oldid=1370951701,2026-09-28T09:17:07Z
86,1960,2,1960-05-29,Monaco Grand Prix,1960_Monaco_Grand_Prix,wp247310,Stirling Moss,no,1960 Formula One season,https://en.wikipedia.org/wiki/1960_Formula_One_season,1370951701,https://en.wikipedia.org/w/index.php?oldid=1370951701,2026-09-28T09:17:07Z
87,1960,3,1960-05-30,Indianapolis 500,1960_Indianapolis_500,wp1252109,Jim Rathmann,no,1960 Formula One season,https://en.wikipedia.org/wiki/1960_Formula_One_season,1370951701,https://en.wikipedia.org/w/index.php?oldid=1370951701,2026-09-28T09:17:07Z
88,1960,4,1960-06-06,Dutch Grand Prix,1960_Dutch_Grand_Prix,wp16564,Jack Brabham,no,1960 Formula One season,https://en.wikipedia.org/wiki/1960_Formula_One_season,1370951701,https://en.wikipedia.org/w/index.php?oldid=1370951701,2026-09-28T09:17:07Z
89,1960,5,1960-06-19,Belgian Grand Prix,1960_Belgian_Grand_Prix,wp16564,Jack Brabham,no,1960 Formula One season,https://en.wikipedia.org/wiki/1960_Formula_One_season,1370951701,https://en.wikipedia.org/w/index.php?oldid=1370951701,2026-09-28T09:17:07Z
90,1960,6,1960-07-03,French Grand Prix,1960_French_Grand_Prix,wp16564,Jack Brabham,no,1960 Formula One season,https://en.wikipedia.org/wiki/1960_Formula_One_season,1370951701,https://en.wikipedia.org/w/index.php?oldid=1370951701,2026-09-28T09:17:07Z
91,1960,7,1960-07-16,British Grand Prix,1960_British_Grand_Prix,wp16564,Jack Brabham,no,1960 Formula One season,https://en.wikipedia.org/wiki/1960_Formula_One_season,1370951701,https://en.wikipedia.org/w/index.php?oldid=1370951701,2026-09-28T09:17:07Z
92,1960,8,1960-08-14,Portuguese Grand Prix,1960_Portuguese_Grand_Prix,wp16564,Jack Brabham,no,1960 Formula One season,https://en.wikipedia.org/wiki/1960_Formula_One_season,1370951701,https://en.wikipedia.org/w/index.php?oldid=1370951701,2026-09-28T09:17:07Z
93,1960,9,1960-09-04,Italian Grand Prix,1960_Italian_Grand_Prix,wp341545,Phil Hill,no,1960 Formula One season,https://en.wikipedia.org/wiki/1960_Formula_One_season,1370951701,https://en.wikipedia.org/w/index.php?oldid=1370951701,2026-09-28T09:17:07Z
94,1960,10,1960-11-20,United States Grand Prix,1960_United_States_Grand_Prix,wp247310,Stirling Moss,no,1960 Formula One season,https://en.wikipedia.org/wiki/1960_Formula_One_season,1370951701,https://en.wikipedia.org/w/index.php?oldid=1370951701,2026-09-28T09:17:07Z
95,1961,1,1961-05-14,Monaco Grand Prix,1961_Monaco_Grand_Prix,wp247310,Stirling Moss,no,1961 Formula One season,https://en.wikipedia.org/wiki/1961_Formula_One_season,1370951708,https://en.wikipedia.org/w/index.php?oldid=1370951708,2026-09-28T09:17:08Z
96,1961,2,1961-05-22,Dutch Grand Prix,1961_Dutch_Grand_Prix,wp1226439,Wolfgang von Trips,no,1961 Formula One season,https://en.wikipedia.org/wiki/1961_Formula_One_season,1370951708,https://en.wikipedia.org/w/index.php?oldid=1370951708,2026-09-28T09:17:08Z
97,1961,3,1961-06-18,Belgian Grand Prix,1961_Belgian_Grand_Prix,wp341545,Phil Hill,no,1961 Formula One season,https://en.wikipedia.org/wiki/1961_Formula_One_season,1370951708,https://en.wikipedia.org/w/index.php?oldid=1370951708,2026-09-28T09:17:08Z
98,1961,4,1961-07-02,French Grand Prix,1961_French_Grand_Prix,wp1228416,Giancarlo Baghetti,no,1961 Formula One season,https://en.wikipedia.org/wiki/1961_Formula_One_season,1370951708,https://en.wikipedia.org/w/index.php?oldid=1370951708,2026-09-28T09:17:08Z
99,1961,5,1961-07-15,British Grand Prix,1961_British_Grand_Prix,wp1226439,Wolfgang von Trips,no,1961 Formula One season,https://en.wikipedia.org/wiki/1961_Formula_One_season,1370951708,https://en.wikipedia.org/w/index.php?oldid=1370951708,2026-09-28T09:17:08Z
100,1961,6,1961-08-06,German Grand Prix,1961_German_Grand_Prix,wp247310,Stirling Moss,no,1961 Formula One season,https://en.wikipedia.org/wiki/1961_Formula_One_season,1370951708,https://en.wikipedia.org/w/index.php?oldid=1370951708,2026-09-28T09:17:08Z
101,1961,7,1961-09-10,Italian Grand Prix,1961_Italian_Grand_Prix,wp341545,Phil Hill,no,1961 Formula One season,https://en.wikipedia.org/wiki/1961_Formula_One_season,1370951708,https://en.wikipedia.org/w/index.php?oldid=1370951708,2026-09-28T09:17:08Z
102,1961,8,1961-10-08,United States Grand Prix,1961_United_States_Grand_Prix,wp602101,Innes Ireland,no,1961 Formula One season,https://en.wikipedia.org/wiki/1961_Formula_One_season,1370951708,https://en.wikipedia.org/w/index.php?oldid=1370951708,2026-09-28T09:17:08Z
103,1962,1,1962-05-20,Dutch Grand Prix,1962_Dutch_Grand_Prix,wp246186,Graham Hill,no,1962 Formula One season,https://en.wikipedia.org/wiki/1962_Formula_One_season,1370951727,https://en.wikipedia.org/w/index.php?oldid=1370951727,2026-09-28T09:17:09Z
104,1962,2,1962-06-03,Monaco Grand Prix,1962_Monaco_Grand_Prix,wp475903,Bruce McLaren,no,1962 Formula One season,https://en.wikipedia.org/wiki/1962_Formula_One_season,1370951727,https://en.wikipedia.org/w/index.php?oldid=1370951727,2026-09-28T09:17:09Z
105,1962,3,1962-06-17,Belgian Grand Prix,1962_Belgian_Grand_Prix,wp181892,Jim Clark,no,1962 Formula One season,https://en.wikipedia.org/wiki/1962_Formula_One_season,1370951727,https://en.wikipedia.org/w/index.php?oldid=1370951727,2026-09-28T09:17:09Z
106,1962,4,1962-07-08,French Grand Prix,1962_French_Grand_Prix,wp554522,Dan Gurney,no,1962 Formula One season,https://en.wikipedia.org/wiki/1962_Formula_One_season,1370951727,https://en.wikipedia.org/w/index.php?oldid=1370951727,2026-09-28T09:17:09Z
107,1962,5,1962-07-21,British Grand Prix,1962_British_Grand_Prix,wp181892,Jim Clark,no,1962 Formula One season,https://en.wikipedia.org/wiki/1962_Formula_One_season,1370951727,https://en.wikipedia.org/w/index.php?oldid=1370951727,2026-09-28T09:17:09Z
108,1962,6,1962-08-05,German Grand Prix,1962_German_Grand_Prix,wp246186,Graham Hill,no,1962 Formula One season,https://en.wikipedia.org/wiki/1962_Formula_One_season,1370951727,https://en.wikipedia.org/w/index.php?oldid=1370951727,2026-09-28T09:17:09Z
109,1962,7,1962-09-16,Italian Grand Prix,1962_Italian_Grand_Prix,wp246186,Graham Hill,no,1962 Formula One season,https://en.wikipedia.org/wiki/1962_Formula_One_season,1370951727,https://en.wikipedia.org/w/index.php?oldid=1370951727,2026-09-28T09:17:09Z
110,1962,8,1962-10-07,United States Grand Prix,1962_United_States_Grand_Prix,wp181892,Jim Clark,no,1962 Formula One season,https://en.wikipedia.org/wiki/1962_Formula_One_season,1370951727,https://en.wikipedia.org/w/index.php?oldid=1370951727,2026-09-28T09:17:09Z
111,1962,9,1962-12-29,South African Grand Prix,1962_South_African_Grand_Prix,wp246186,Graham Hill,no,1962 Formula One season,https://en.wikipedia.org/wiki/1962_Formula_One_season,1370951727,https://en.wikipedia.org/w/index.php?oldid=1370951727,2026-09-28T09:17:09Z
112,1963,1,1963-05-26,Monaco Grand Prix,1963_Monaco_Grand_Prix,wp246186,Graham Hill,no,1963 Formula One season,https://en.wikipedia.org/wiki/1963_Formula_One_season,1370951737,https://en.wikipedia.org/w/index.php?oldid=1370951737,2026-09-28T09:17:10Z
113,1963,2,1963-06-09,Belgian Grand Prix,1963_Belgian_Grand_Prix,wp181892,Jim Clark,no,1963 Formula One season,https://en.wikipedia.org/wiki/1963_Formula_One_season,1370951737,https://en.wikipedia.org/w/index.php?oldid=1370951737,2026-09-28T09:17:10Z
114,1963,3,1963-06-23,Dutch Grand Prix,1963_Dutch_Grand_Prix,wp181892,Jim Clark,no,1963 Formula One season,https://en.wikipedia.org/wiki/1963_Formula_One_season,1370951737,https://en.wikipedia.org/w/index.php?oldid=1370951737,2026-09-28T09:17:10Z
115,1963,4,1963-06-30,French Grand Prix,1963_French_Grand_Prix,wp181892,Jim Clark,no,1963 Formula One season,https://en.wikipedia.org/wiki/1963_Formula_One_season,1370951737,https://en.wikipedia.org/w/index.php?oldid=1370951737,2026-09-28T09:17:10Z
116,1963,5,1963-07-20,British Grand Prix,1963_British_Grand_Prix,wp181892,Jim Clark,no,1963 Formula One season,https://en.wikipedia.org/wiki/1963_Formula_One_season,1370951737,https://en.wikipedia.org/w/index.php?oldid=1370951737,2026-09-28T09:17:10Z
117,1963,6,1963-08-04,German Grand Prix,1963_German_Grand_Prix,wp215196,John Surtees,no,1963 Formula One season,https://en.wikipedia.org/wiki/1963_Formula_One_season,1370951737,https://en.wikipedia.org/w/index.php?oldid=1370951737,2026-09-28T09:17:10Z
118,1963,7,1963-09-08,Italian Grand Prix,1963_Italian_Grand_Prix,wp181892,Jim Clark,no,1963 Formula One season,https://en.wikipedia.org/wiki/1963_Formula_One_season,1370951737,https://en.wikipedia.org/w/index.php?oldid=1370951737,2026-09-28T09:17:10Z
119,1963,8,1963-10-06,United States Grand Prix,1963_United_States_Grand_Prix,wp246186,Graham Hill,no,1963 Formula One season,https://en.wikipedia.org/wiki/1963_Formula_One_season,1370951737,https://en.wikipedia.org/w/index.php?oldid=1370951737,2026-09-28T09:17:10Z
120,1963,9,1963-10-27,Mexican Grand Prix,1963_Mexican_Grand_Prix,wp181892,Jim Clark,no,1963 Formula One season,https://en.wikipedia.org/wiki/1963_Formula_One_season,1370951737,https://en.wikipedia.org/w/index.php?oldid=1370951737,2026-09-28T09:17:10Z
121,1963,10,1963-12-28,South African Grand Prix,1963_South_African_Grand_Prix,wp181892,Jim Clark,no,1963 Formula One season,https://en.wikipedia.org/wiki/1963_Formula_One_season,1370951737,https://en.wikipedia.org/w/index.php?oldid=1370951737,2026-09-28T09:17:10Z
122,1964,1,1964-05-10,Monaco Grand Prix,1964_Monaco_Grand_Prix,wp246186,Graham Hill,no,1964 Formula One season,https://en.wikipedia.org/wiki/1964_Formula_One_season,1370951747,https://en.wikipedia.org/w/index.php?oldid=1370951747,2026-09-28T09:17:11Z
123,1964,2,1964-05-24,Dutch Grand Prix,1964_Dutch_Grand_Prix,wp181892,Jim Clark,no,1964 Formula One season,https://en.wikipedia.org/wiki/1964_Formula_One_season,1370951747,https://en.wikipedia.org/w/index.php?oldid=1370951747,2026-09-28T09:17:11Z
124,1964,3,1964-06-14,Belgian Grand Prix,1964_Belgian_Grand_Prix,wp181892,Jim Clark,no,1964 Formula One season,https://en.wikipedia.org/wiki/1964_Formula_One_season,1370951747,https://en.wikipedia.org/w/index.php?oldid=1370951747,2026-09-28T09:17:11Z
125,1964,4,1964-06-28,French Grand Prix,1964_French_Grand_Prix,wp554522,Dan Gurney,no,1964 Formula One season,https://en.wikipedia.org/wiki/1964_Formula_One_season,1370951747,https://en.wikipedia.org/w/index.php?oldid=1370951747,2026-09-28T09:17:11Z
126,1964,5,1964-07-11,British Grand Prix,1964_British_Grand_Prix,wp181892,Jim Clark,no,1964 Formula One season,https://en.wikipedia.org/wiki/1964_Formula_One_season,1370951747,https://en.wikipedia.org/w/index.php?oldid=1370951747,2026-09-28T09:17:11Z
127,1964,6,1964-08-02,German Grand Prix,1964_German_Grand_Prix,wp215196,John Surtees,no,1964 Formula One season,https://en.wikipedia.org/wiki/1964_Formula_One_season,1370951747,https://en.wikipedia.org/w/index.php?oldid=1370951747,2026-09-28T09:17:11Z
128,1964,7,1964-08-23,Austrian Grand Prix,1964_Austrian_Grand_Prix,wp1226484,Lorenzo Bandini,no,1964 Formula One season,https://en.wikipedia.org/wiki/1964_Formula_One_season,1370951747,https://en.wikipedia.org/w/index.php?oldid=1370951747,2026-09-28T09:17:11Z
129,1964,8,1964-09-06,Italian Grand Prix,1964_Italian_Grand_Prix,wp215196,John Surtees,no,1964 Formula One season,https://en.wikipedia.org/wiki/1964_Formula_One_season,1370951747,https://en.wikipedia.org/w/index.php?oldid=1370951747,2026-09-28T09:17:11Z
130,1964,9,1964-10-04,United States Grand Prix,1964_United_States_Grand_Prix,wp246186,Graham Hill,no,1964 Formula One season,https://en.wikipedia.org/wiki/1964_Formula_One_season,1370951747,https://en.wikipedia.org/w/index.php?oldid=1370951747,2026-09-28T09:17:11Z
131,1964,10,1964-10-25,Mexican Grand Prix,1964_Mexican_Grand_Prix,wp554522,Dan Gurney,no,1964 Formula One season,https://en.wikipedia.org/wiki/1964_Formula_One_season,1370951747,https://en.wikipedia.org/w/index.php?oldid=1370951747,2026-09-28T09:17:11Z
132,1965,1,1965-01-01,South African Grand Prix,1965_South_African_Grand_Prix,wp181892,Jim Clark,no,1965 Formula One season,https://en.wikipedia.org/wiki/1965_Formula_One_season,1370951769,https://en.wikipedia.org/w/index.php?oldid=1370951769,2026-09-28T09:17:12Z
133,1965,2,1965-05-30,Monaco Grand Prix,1965_Monaco_Grand_Prix,wp246186,Graham Hill,no,1965 Formula One season,https://en.wikipedia.org/wiki/1965_Formula_One_season,1370951769,https://en.wikipedia.org/w/index.php?oldid=1370951769,2026-09-28T09:17:12Z
134,1965,3,1965-06-13,Belgian Grand Prix,1965_Belgian_Grand_Prix,wp181892,Jim Clark,no,1965 Formula One season,https://en.wikipedia.org/wiki/1965_Formula_One_season,1370951769,https://en.wikipedia.org/w/index.php?oldid=1370951769,2026-09-28T09:17:12Z
135,1965,4,1965-06-27,French Grand Prix,1965_French_Grand_Prix,wp181892,Jim Clark,no,1965 Formula One season,https://en.wikipedia.org/wiki/1965_Formula_One_season,1370951769,https://en.wikipedia.org/w/index.php?oldid=1370951769,2026-09-28T09:17:12Z
136,1965,5,1965-07-10,British Grand Prix,1965_British_Grand_Prix,wp181892,Jim Clark,no,1965 Formula One season,https://en.wikipedia.org/wiki/1965_Formula_One_season,1370951769,https://en.wikipedia.org/w/index.php?oldid=1370951769,2026-09-28T09:17:12Z
137,1965,6,1965-07-18,Dutch Grand Prix,1965_Dutch_Grand_Prix,wp181892,Jim Clark,no,1965 Formula One season,https://en.wikipedia.org/wiki/1965_Formula_One_season,1370951769,https://en.wikipedia.org/w/index.php?oldid=1370951769,2026-09-28T09:17:12Z
138,1965,7,1965-08-01,German Grand Prix,1965_German_Grand_Prix,wp181892,Jim Clark,no,1965 Formula One season,https://en.wikipedia.org/wiki/1965_Formula_One_season,1370951769,https://en.wikipedia.org/w/index.php?oldid=1370951769,2026-09-28T09:17:12Z
139,1965,8,1965-09-12,Italian Grand Prix,1965_Italian_Grand_Prix,wp294240,Jackie Stewart,no,1965 Formula One season,https://en.wikipedia.org/wiki/1965_Formula_One_season,1370951769,https://en.wikipedia.org/w/index.php?oldid=1370951769,2026-09-28T09:17:12Z
140,1965,9,1965-10-03,United States Grand Prix,1965_United_States_Grand_Prix,wp246186,Graham Hill,no,1965 Formula One season,https://en.wikipedia.org/wiki/1965_Formula_One_season,1370951769,https://en.wikipedia.org/w/index.php?oldid=1370951769,2026-09-28T09:17:12Z
141,1965,10,1965-10-24,Mexican Grand Prix,1965_Mexican_Grand_Prix,wp1226546,Richie Ginther,no,1965 Formula One season,https://en.wikipedia.org/wiki/1965_Formula_One_season,1370951769,https://en.wikipedia.org/w/index.php?oldid=1370951769,2026-09-28T09:17:12Z
142,1966,1,1966-05-22,Monaco Grand Prix,1966_Monaco_Grand_Prix,wp294240,Jackie Stewart,no,1966 Formula One season,https://en.wikipedia.org/wiki/1966_Formula_One_season,1370951785,https://en.wikipedia.org/w/index.php?oldid=1370951785,2026-09-28T09:17:15Z
143,1966,2,1966-06-12,Belgian Grand Prix,1966_Belgian_Grand_Prix,wp215196,John Surtees,no,1966 Formula One season,https://en.wikipedia.org/wiki/1966_Formula_One_season,1370951785,https://en.wikipedia.org/w/index.php?oldid=1370951785,2026-09-28T09:17:15Z
144,1966,3,1966-07-03,French Grand Prix,1966_French_Grand_Prix,wp16564,Jack Brabham,no,1966 Formula One season,https://en.wikipedia.org/wiki/1966_Formula_One_season,1370951785,https://en.wikipedia.org/w/index.php?oldid=1370951785,2026-09-28T09:17:15Z
145,1966,4,1966-07-16,British Grand Prix,1966_British_Grand_Prix,wp16564,Jack Brabham,no,1966 Formula One season,https://en.wikipedia.org/wiki/1966_Formula_One_season,1370951785,https://en.wikipedia.org/w/index.php?oldid=1370951785,2026-09-28T09:17:15Z
146,1966,5,1966-07-24,Dutch Grand Prix,1966_Dutch_Grand_Prix,wp16564,Jack Brabham,no,1966 Formula One season,https://en.wikipedia.org/wiki/1966_Formula_One_season,1370951785,https://en.wikipedia.org/w/index.php?oldid=1370951785,2026-09-28T09:17:15Z
147,1966,6,1966-08-07,German Grand Prix,1966_German_Grand_Prix,wp16564,Jack Brabham,no,1966 Formula One season,https://en.wikipedia.org/wiki/1966_Formula_One_season,1370951785,https://en.wikipedia.org/w/index.php?oldid=1370951785,2026-09-28T09:17:15Z
148,1966,7,1966-09-04,Italian Grand Prix,1966_Italian_Grand_Prix,wp1235774,Ludovico Scarfiotti,no,1966 Formula One season,https://en.wikipedia.org/wiki/1966_Formula_One_season,1370951785,https://en.wikipedia.org/w/index.php?oldid=1370951785,2026-09-28T09:17:15Z
149,1966,8,1966-10-02,United States Grand Prix,1966_United_States_Grand_Prix,wp181892,Jim Clark,no,1966 Formula One season,https://en.wikipedia.org/wiki/1966_Formula_One_season,1370951785,https://en.wikipedia.org/w/index.php?oldid=1370951785,2026-09-28T09:17:15Z
150,1966,9,1966-10-23,Mexican Grand Prix,1966_Mexican_Grand_Prix,wp215196,John Surtees,no,1966 Formula One season,https://en.wikipedia.org/wiki/1966_Formula_One_season,1370951785,https://en.wikipedia.org/w/index.php?oldid=1370951785,2026-09-28T09:17:15Z
151,1967,1,1967-01-02,South African Grand Prix,1967_South_African_Grand_Prix,wp1156744,Pedro Rodríguez,no,1967 Formula One season,https://en.wikipedia.org/wiki/1967_Formula_One_season,1376499876,https://en.wikipedia.org/w/index.php?oldid=1376499876,2026-09-28T09:17:16Z
152,1967,2,1967-05-07,Monaco Grand Prix,1967_Monaco_Grand_Prix,wp262934,Denny Hulme,no,1967 Formula One season,https://en.wikipedia.org/wiki/1967_Formula_One_season,1376499876,https://en.wikipedia.org/w/index.php?oldid=1376499876,2026-09-28T09:17:16Z
153,1967,3,1967-06-04,Dutch Grand Prix,1967_Dutch_Grand_Prix,wp181892,Jim Clark,no,1967 Formula One season,https://en.wikipedia.org/wiki/1967_Formula_One_season,1376499876,https://en.wikipedia.org/w/index.php?oldid=1376499876,2026-09-28T09:17:16Z
154,1967,4,1967-06-18,Belgian Grand Prix,1967_Belgian_Grand_Prix,wp554522,Dan Gurney,no,1967 Formula One season,https://en.wikipedia.org/wiki/1967_Formula_One_season,1376499876,https://en.wikipedia.org/w/index.php?oldid=1376499876,2026-09-28T09:17:16Z
155,1967,5,1967-07-02,French Grand Prix,1967_French_Grand_Prix,wp16564,Jack Brabham,no,1967 Formula One season,https://en.wikipedia.org/wiki/1967_Formula_One_season,1376499876,https://en.wikipedia.org/w/index.php?oldid=1376499876,2026-09-28T09:17:16Z
156,1967,6,1967-07-15,British Grand Prix,1967_British_Grand_Prix,wp181892,Jim Clark,no,1967 Formula One season,https://en.wikipedia.org/wiki/1967_Formula_One_season,1376499876,https://en.wikipedia.org/w/index.php?oldid=1376499876,2026-09-28T09:17:16Z
157,1967,7,1967-08-06,German Grand Prix,1967_German_Grand_Prix,wp262934,Denny Hulme,no,1967 Formula One season,https://en.wikipedia.org/wiki/1967_Formula_One_season,1376499876,https://en.wikipedia.org/w/index.php?oldid=1376499876,2026-09-28T09:17:16Z
158,1967,8,1967-08-27,Canadian Grand Prix,1967_Canadian_Grand_Prix,wp16564,Jack Brabham,no,1967 Formula One season,https://en.wikipedia.org/wiki/1967_Formula_One_season,1376499876,https://en.wikipedia.org/w/index.php?oldid=1376499876,2026-09-28T09:17:16Z
159,1967,9,1967-09-10,Italian Grand Prix,1967_Italian_Grand_Prix,wp215196,John Surtees,no,1967 Formula One season,https://en.wikipedia.org/wiki/1967_Formula_One_season,1376499876,https://en.wikipedia.org/w/index.php?oldid=1376499876,2026-09-28T09:17:16Z
160,1967,10,1967-10-01,United States Grand Prix,1967_United_States_Grand_Prix,wp181892,Jim Clark,no,1967 Formula One season,https://en.wikipedia.org/wiki/1967_Formula_One_season,1376499876,https://en.wikipedia.org/w/index.php?oldid=1376499876,2026-09-28T09:17:16Z
161,1967,11,1967-10-22,Mexican Grand Prix,1967_Mexican_Grand_Prix,wp181892,Jim Clark,no,1967 Formula One season,https://en.wikipedia.org/wiki/1967_Formula_One_season,1376499876,https://en.wikipedia.org/w/index.php?oldid=1376499876,2026-09-28T09:17:16Z
162,1968,1,1968-01-01,South African Grand Prix,1968_South_African_Grand_Prix,wp181892,Jim Clark,no,1968 Formula One season,https://en.wikipedia.org/wiki/1968_Formula_One_season,1370951814,https://en.wikipedia.org/w/index.php?oldid=1370951814,2026-09-28T09:17:17Z
163,1968,2,1968-05-12,Spanish Grand Prix,1968_Spanish_Grand_Prix,wp246186,Graham Hill,no,1968 Formula One season,https://en.wikipedia.org/wiki/1968_Formula_One_season,1370951814,https://en.wikipedia.org/w/index.php?oldid=1370951814,2026-09-28T09:17:17Z
164,1968,3,1968-05-26,Monaco Grand Prix,1968_Monaco_Grand_Prix,wp246186,Graham Hill,no,1968 Formula One season,https://en.wikipedia.org/wiki/1968_Formula_One_season,1370951814,https://en.wikipedia.org/w/index.php?oldid=1370951814,2026-09-28T09:17:17Z
165,1968,4,1968-06-09,Belgian Grand Prix,1968_Belgian_Grand_Prix,wp475903,Bruce McLaren,no,1968 Formula One season,https://en.wikipedia.org/wiki/1968_Formula_One_season,1370951814,https://en.wikipedia.org/w/index.php?oldid=1370951814,2026-09-28T09:17:17Z
166,1968,5,1968-06-23,Dutch Grand Prix,1968_Dutch_Grand_Prix,wp294240,Jackie Stewart,no,1968 Formula One season,https://en.wikipedia.org/wiki/1968_Formula_One_season,1370951814,https://en.wikipedia.org/w/index.php?oldid=1370951814,2026-09-28T09:17:17Z
167,1968,6,1968-07-07,French Grand Prix,1968_French_Grand_Prix,wp159975,Jacky Ickx,no,1968 Formula One season,https://en.wikipedia.org/wiki/1968_Formula_One_season,1370951814,https://en.wikipedia.org/w/index.php?oldid=1370951814,2026-09-28T09:17:17Z
168,1968,7,1968-07-20,British Grand Prix,1968_British_Grand_Prix,wp1202290,Jo Siffert,no,1968 Formula One season,https://en.wikipedia.org/wiki/1968_Formula_One_season,1370951814,https://en.wikipedia.org/w/index.php?oldid=1370951814,2026-09-28T09:17:17Z
169,1968,8,1968-08-04,German Grand Prix,1968_German_Grand_Prix,wp294240,Jackie Stewart,no,1968 Formula One season,https://en.wikipedia.org/wiki/1968_Formula_One_season,1370951814,https://en.wikipedia.org/w/index.php?oldid=1370951814,2026-09-28T09:17:17Z
170,1968,9,1968-09-08,Italian Grand Prix,1968_Italian_Grand_Prix,wp262934,Denny Hulme,no,1968 Formula One season,https://en.wikipedia.org/wiki/1968_Formula_One_season,1370951814,https://en.wikipedia.org/w/index.php?oldid=1370951814,2026-09-28T09:17:17Z
171,1968,10,1968-09-22,Canadian Grand Prix,1968_Canadian_Grand_Prix,wp262934,Denny Hulme,no,1968 Formula One season,https://en.wikipedia.org/wiki/1968_Formula_One_season,1370951814,https://en.wikipedia.org/w/index.php?oldid=1370951814,2026-09-28T09:17:17Z
172,1968,11,1968-10-06,United States Grand Prix,1968_United_States_Grand_Prix,wp294240,Jackie Stewart,no,1968 Formula One season,https://en.wikipedia.org/wiki/1968_Formula_One_season,1370951814,https://en.wikipedia.org/w/index.php?oldid=1370951814,2026-09-28T09:17:17Z
173,1968,12,1968-11-03,Mexican Grand Prix,1968_Mexican_Grand_Prix,wp246186,Graham Hill,no,1968 Formula One season,https://en.wikipedia.org/wiki/1968_Formula_One_season,1370951814,https://en.wikipedia.org/w/index.php?oldid=1370951814,2026-09-28T09:17:17Z
174,1969,1,1969-03-01,South African Grand Prix,1969_South_African_Grand_Prix,wp294240,Jackie Stewart,no,1969 Formula One season,https://en.wikipedia.org/wiki/1969_Formula_One_season,1370910371,https://en.wikipedia.org/w/index.php?oldid=1370910371,2026-09-28T09:17:18Z
175,1969,2,1969-05-04,Spanish Grand Prix,1969_Spanish_Grand_Prix,wp294240,Jackie Stewart,no,1969 Formula One season,https://en.wikipedia.org/wiki/1969_Formula_One_season,1370910371,https://en.wikipedia.org/w/index.php?oldid=1370910371,2026-09-28T09:17:18Z
176,1969,3,1969-05-18,Monaco Grand Prix,1969_Monaco_Grand_Prix,wp246186,Graham Hill,no,1969 Formula One season,https://en.wikipedia.org/wiki/1969_Formula_One_season,1370910371,https://en.wikipedia.org/w/index.php?oldid=1370910371,2026-09-28T09:17:18Z
177,1969,4,1969-06-21,Dutch Grand Prix,1969_Dutch_Grand_Prix,wp294240,Jackie Stewart,no,1969 Formula One season,https://en.wikipedia.org/wiki/1969_Formula_One_season,1370910371,https://en.wikipedia.org/w/index.php?oldid=1370910371,2026-09-28T09:17:18Z
178,1969,5,1969-07-06,French Grand Prix,1969_French_Grand_Prix,wp294240,Jackie Stewart,no,1969 Formula One season,https://en.wikipedia.org/wiki/1969_Formula_One_season,1370910371,https://en.wikipedia.org/w/index.php?oldid=1370910371,2026-09-28T09:17:18Z
179,1969,6,1969-07-19,British Grand Prix,1969_British_Grand_Prix,wp294240,Jackie Stewart,no,1969 Formula One season,https://en.wikipedia.org/wiki/1969_Formula_One_season,1370910371,https://en.wikipedia.org/w/index.php?oldid=1370910371,2026-09-28T09:17:18Z
180,1969,7,1969-08-03,German Grand Prix,1969_German_Grand_Prix,wp159975,Jacky Ickx,no,1969 Formula One season,https://en.wikipedia.org/wiki/1969_Formula_One_season,1370910371,https://en.wikipedia.org/w/index.php?oldid=1370910371,2026-09-28T09:17:18Z
181,1969,8,1969-09-07,Italian Grand Prix,1969_Italian_Grand_Prix,wp294240,Jackie Stewart,no,1969 Formula One season,https://en.wikipedia.org/wiki/1969_Formula_One_season,1370910371,https://en.wikipedia.org/w/index.php?oldid=1370910371,2026-09-28T09:17:18Z
182,1969,9,1969-09-20,Canadian Grand Prix,1969_Canadian_Grand_Prix,wp159975,Jacky Ickx,no,1969 Formula One season,https://en.wikipedia.org/wiki/1969_Formula_One_season,1370910371,https://en.wikipedia.org/w/index.php?oldid=1370910371,2026-09-28T09:17:18Z
183,1969,10,1969-10-05,United States Grand Prix,1969_United_States_Grand_Prix,wp45388,Jochen Rindt,no,1969 Formula One season,https://en.wikipedia.org/wiki/1969_Formula_One_season,1370910371,https://en.wikipedia.org/w/index.php?oldid=1370910371,2026-09-28T09:17:18Z
184,1969,11,1969-10-19,Mexican Grand Prix,1969_Mexican_Grand_Prix,wp262934,Denny Hulme,no,1969 Formula One season,https://en.wikipedia.org/wiki/1969_Formula_One_season,1370910371,https://en.wikipedia.org/w/index.php?oldid=1370910371,2026-09-28T09:17:18Z
185,1970,1,1970-03-07,South African Grand Prix,1970_South_African_Grand_Prix,wp16564,Jack Brabham,no,1970 Formula One season,https://en.wikipedia.org/wiki/1970_Formula_One_season,1370951855,https://en.wikipedia.org/w/index.php?oldid=1370951855,2026-09-28T09:17:19Z
186,1970,2,1970-04-19,Spanish Grand Prix,1970_Spanish_Grand_Prix,wp294240,Jackie Stewart,no,1970 Formula One season,https://en.wikipedia.org/wiki/1970_Formula_One_season,1370951855,https://en.wikipedia.org/w/index.php?oldid=1370951855,2026-09-28T09:17:19Z
187,1970,3,1970-05-10,Monaco Grand Prix,1970_Monaco_Grand_Prix,wp45388,Jochen Rindt,no,1970 Formula One season,https://en.wikipedia.org/wiki/1970_Formula_One_season,1370951855,https://en.wikipedia.org/w/index.php?oldid=1370951855,2026-09-28T09:17:19Z
188,1970,4,1970-06-07,Belgian Grand Prix,1970_Belgian_Grand_Prix,wp1156744,Pedro Rodríguez,no,1970 Formula One season,https://en.wikipedia.org/wiki/1970_Formula_One_season,1370951855,https://en.wikipedia.org/w/index.php?oldid=1370951855,2026-09-28T09:17:19Z
189,1970,5,1970-06-21,Dutch Grand Prix,1970_Dutch_Grand_Prix,wp45388,Jochen Rindt,no,1970 Formula One season,https://en.wikipedia.org/wiki/1970_Formula_One_season,1370951855,https://en.wikipedia.org/w/index.php?oldid=1370951855,2026-09-28T09:17:19Z
190,1970,6,1970-07-05,French Grand Prix,1970_French_Grand_Prix,wp45388,Jochen Rindt,no,1970 Formula One season,https://en.wikipedia.org/wiki/1970_Formula_One_season,1370951855,https://en.wikipedia.org/w/index.php?oldid=1370951855,2026-09-28T09:17:19Z
191,1970,7,1970-07-18,British Grand Prix,1970_British_Grand_Prix,wp45388,Jochen Rindt,no,1970 Formula One season,https://en.wikipedia.org/wiki/1970_Formula_One_season,1370951855,https://en.wikipedia.org/w/index.php?oldid=1370951855,2026-09-28T09:17:19Z
192,1970,8,1970-08-02,German Grand Prix,1970_German_Grand_Prix,wp45388,Jochen Rindt,no,1970 Formula One season,https://en.wikipedia.org/wiki/1970_Formula_One_season,1370951855,https://en.wikipedia.org/w/index.php?oldid=1370951855,2026-09-28T09:17:19Z
193,1970,9,1970-08-16,Austrian Grand Prix,1970_Austrian_Grand_Prix,wp159975,Jacky Ickx,no,1970 Formula One season,https://en.wikipedia.org/wiki/1970_Formula_One_season,1370951855,https://en.wikipedia.org/w/index.php?oldid=1370951855,2026-09-28T09:17:19Z
194,1970,10,1970-09-06,Italian Grand Prix,1970_Italian_Grand_Prix,wp1172362,Clay Regazzoni,no,1970 Formula One season,https://en.wikipedia.org/wiki/1970_Formula_One_season,1370951855,https://en.wikipedia.org/w/index.php?oldid=1370951855,2026-09-28T09:17:19Z
195,1970,11,1970-09-20,Canadian Grand Prix,1970_Canadian_Grand_Prix,wp159975,Jacky Ickx,no,1970 Formula One season,https://en.wikipedia.org/wiki/1970_Formula_One_season,1370951855,https://en.wikipedia.org/w/index.php?oldid=1370951855,2026-09-28T09:17:19Z
196,1970,12,1970-10-04,United States Grand Prix,1970_United_States_Grand_Prix,wp241678,Emerson Fittipaldi,no,1970 Formula One season,https://en.wikipedia.org/wiki/1970_Formula_One_season,1370951855,https://en.wikipedia.org/w/index.php?oldid=1370951855,2026-09-28T09:17:19Z
197,1970,13,1970-10-25,Mexican Grand Prix,1970_Mexican_Grand_Prix,wp159975,Jacky Ickx,no,1970 Formula One season,https://en.wikipedia.org/wiki/1970_Formula_One_season,1370951855,https://en.wikipedia.org/w/index.php?oldid=1370951855,2026-09-28T09:17:19Z
198,1971,1,1971-03-06,South African Grand Prix,1971_South_African_Grand_Prix,wp271425,Mario Andretti,no,1971 Formula One season,https://en.wikipedia.org/wiki/1971_Formula_One_season,1374999515,https://en.wikipedia.org/w/index.php?oldid=1374999515,2026-09-28T09:17:20Z
199,1971,2,1971-04-18,Spanish Grand Prix,1971_Spanish_Grand_Prix,wp294240,Jackie Stewart,no,1971 Formula One season,https://en.wikipedia.org/wiki/1971_Formula_One_season,1374999515,https://en.wikipedia.org/w/index.php?oldid=1374999515,2026-09-28T09:17:20Z
200,1971,3,1971-05-23,Monaco Grand Prix,1971_Monaco_Grand_Prix,wp294240,Jackie Stewart,no,1971 Formula One season,https://en.wikipedia.org/wiki/1971_Formula_One_season,1374999515,https://en.wikipedia.org/w/index.php?oldid=1374999515,2026-09-28T09:17:20Z
201,1971,4,1971-06-20,Dutch Grand Prix,1971_Dutch_Grand_Prix,wp159975,Jacky Ickx,no,1971 Formula One season,https://en.wikipedia.org/wiki/1971_Formula_One_season,1374999515,https://en.wikipedia.org/w/index.php?oldid=1374999515,2026-09-28T09:17:20Z
202,1971,5,1971-07-04,French Grand Prix,1971_French_Grand_Prix,wp294240,Jackie Stewart,no,1971 Formula One season,https://en.wikipedia.org/wiki/1971_Formula_One_season,1374999515,https://en.wikipedia.org/w/index.php?oldid=1374999515,2026-09-28T09:17:20Z
203,1971,6,1971-07-17,British Grand Prix,1971_British_Grand_Prix,wp294240,Jackie Stewart,no,1971 Formula One season,https://en.wikipedia.org/wiki/1971_Formula_One_season,1374999515,https://en.wikipedia.org/w/index.php?oldid=1374999515,2026-09-28T09:17:20Z
204,1971,7,1971-08-01,German Grand Prix,1971_German_Grand_Prix,wp294240,Jackie Stewart,no,1971 Formula One season,https://en.wikipedia.org/wiki/1971_Formula_One_season,1374999515,https://en.wikipedia.org/w/index.php?oldid=1374999515,2026-09-28T09:17:20Z
205,1971,8,1971-08-15,Austrian Grand Prix,1971_Austrian_Grand_Prix,wp1202290,Jo Siffert,no,1971 Formula One season,https://en.wikipedia.org/wiki/1971_Formula_One_season,1374999515,https://en.wikipedia.org/w/index.php?oldid=1374999515,2026-09-28T09:17:20Z
206,1971,9,1971-09-05,Italian Grand Prix,1971_Italian_Grand_Prix,wp1226516,Peter Gethin,no,1971 Formula One season,https://en.wikipedia.org/wiki/1971_Formula_One_season,1374999515,https://en.wikipedia.org/w/index.php?oldid=1374999515,2026-09-28T09:17:20Z
207,1971,10,1971-09-19,Canadian Grand Prix,1971_Canadian_Grand_Prix,wp294240,Jackie Stewart,no,1971 Formula One season,https://en.wikipedia.org/wiki/1971_Formula_One_season,1374999515,https://en.wikipedia.org/w/index.php?oldid=1374999515,2026-09-28T09:17:20Z
208,1971,11,1971-10-03,United States Grand Prix,1971_United_States_Grand_Prix,wp598118,François Cevert,no,1971 Formula One season,https://en.wikipedia.org/wiki/1971_Formula_One_season,1374999515,https://en.wikipedia.org/w/index.php?oldid=1374999515,2026-09-28T09:17:20Z
209,1972,1,1972-01-23,Argentine Grand Prix,1972_Argentine_Grand_Prix,wp294240,Jackie Stewart,no,1972 Formula One season,https://en.wikipedia.org/wiki/1972_Formula_One_season,1370966848,https://en.wikipedia.org/w/index.php?oldid=1370966848,2026-09-28T09:17:21Z
210,1972,2,1972-03-04,South African Grand Prix,1972_South_African_Grand_Prix,wp262934,Denny Hulme,no,1972 Formula One season,https://en.wikipedia.org/wiki/1972_Formula_One_season,1370966848,https://en.wikipedia.org/w/index.php?oldid=1370966848,2026-09-28T09:17:21Z
211,1972,3,1972-05-01,Spanish Grand Prix,1972_Spanish_Grand_Prix,wp241678,Emerson Fittipaldi,no,1972 Formula One season,https://en.wikipedia.org/wiki/1972_Formula_One_season,1370966848,https://en.wikipedia.org/w/index.php?oldid=1370966848,2026-09-28T09:17:21Z
212,1972,4,1972-05-14,Monaco Grand Prix,1972_Monaco_Grand_Prix,wp1226341,Jean-Pierre Beltoise,no,1972 Formula One season,https://en.wikipedia.org/wiki/1972_Formula_One_season,1370966848,https://en.wikipedia.org/w/index.php?oldid=1370966848,2026-09-28T09:17:21Z
213,1972,5,1972-06-04,Belgian Grand Prix,1972_Belgian_Grand_Prix,wp241678,Emerson Fittipaldi,no,1972 Formula One season,https://en.wikipedia.org/wiki/1972_Formula_One_season,1370966848,https://en.wikipedia.org/w/index.php?oldid=1370966848,2026-09-28T09:17:21Z
214,1972,6,1972-07-02,French Grand Prix,1972_French_Grand_Prix,wp294240,Jackie Stewart,no,1972 Formula One season,https://en.wikipedia.org/wiki/1972_Formula_One_season,1370966848,https://en.wikipedia.org/w/index.php?oldid=1370966848,2026-09-28T09:17:21Z
215,1972,7,1972-07-15,British Grand Prix,1972_British_Grand_Prix,wp241678,Emerson Fittipaldi,no,1972 Formula One season,https://en.wikipedia.org/wiki/1972_Formula_One_season,1370966848,https://en.wikipedia.org/w/index.php?oldid=1370966848,2026-09-28T09:17:21Z
216,1972,8,1972-07-30,German Grand Prix,1972_German_Grand_Prix,wp159975,Jacky Ickx,no,1972 Formula One season,https://en.wikipedia.org/wiki/1972_Formula_One_season,1370966848,https://en.wikipedia.org/w/index.php?oldid=1370966848,2026-09-28T09:17:21Z
217,1972,9,1972-08-13,Austrian Grand Prix,1972_Austrian_Grand_Prix,wp241678,Emerson Fittipaldi,no,1972 Formula One season,https://en.wikipedia.org/wiki/1972_Formula_One_season,1370966848,https://en.wikipedia.org/w/index.php?oldid=1370966848,2026-09-28T09:17:21Z
218,1972,10,1972-09-10,Italian Grand Prix,1972_Italian_Grand_Prix,wp241678,Emerson Fittipaldi,no,1972 Formula One season,https://en.wikipedia.org/wiki/1972_Formula_One_season,1370966848,https://en.wikipedia.org/w/index.php?oldid=1370966848,2026-09-28T09:17:21Z
219,1972,11,1972-09-24,Canadian Grand Prix,1972_Canadian_Grand_Prix,wp294240,Jackie Stewart,no,1972 Formula One season,https://en.wikipedia.org/wiki/1972_Formula_One_season,1370966848,https://en.wikipedia.org/w/index.php?oldid=1370966848,2026-09-28T09:17:21Z
220,1972,12,1972-10-08,United States Grand Prix,1972_United_States_Grand_Prix,wp294240,Jackie Stewart,no,1972 Formula One season,https://en.wikipedia.org/wiki/1972_Formula_One_season,1370966848,https://en.wikipedia.org/w/index.php?oldid=1370966848,2026-09-28T09:17:21Z
221,1973,1,1973-01-28,Argentine Grand Prix,1973_Argentine_Grand_Prix,wp241678,Emerson Fittipaldi,no,1973 Formula One season,https://en.wikipedia.org/wiki/1973_Formula_One_season,1373455736,https://en.wikipedia.org/w/index.php?oldid=1373455736,2026-09-28T09:17:21Z
222,1973,2,1973-02-11,Brazilian Grand Prix,1973_Brazilian_Grand_Prix,wp241678,Emerson Fittipaldi,no,1973 Formula One season,https://en.wikipedia.org/wiki/1973_Formula_One_season,1373455736,https://en.wikipedia.org/w/index.php?oldid=1373455736,2026-09-28T09:17:21Z
223,1973,3,1973-03-03,South African Grand Prix,1973_South_African_Grand_Prix,wp294240,Jackie Stewart,no,1973 Formula One season,https://en.wikipedia.org/wiki/1973_Formula_One_season,1373455736,https://en.wikipedia.org/w/index.php?oldid=1373455736,2026-09-28T09:17:21Z
224,1973,4,1973-04-29,Spanish Grand Prix,1973_Spanish_Grand_Prix,wp241678,Emerson Fittipaldi,no,1973 Formula One season,https://en.wikipedia.org/wiki/1973_Formula_One_season,1373455736,https://en.wikipedia.org/w/index.php?oldid=1373455736,2026-09-28T09:17:21Z
225,1973,5,1973-05-20,Belgian Grand Prix,1973_Belgian_Grand_Prix,wp294240,Jackie Stewart,no,1973 Formula One season,https://en.wikipedia.org/wiki/1973_Formula_One_season,1373455736,https://en.wikipedia.org/w/index.php?oldid=1373455736,2026-09-28T09:17:21Z
226,1973,6,1973-06-03,Monaco Grand Prix,1973_Monaco_Grand_Prix,wp294240,Jackie Stewart,no,1973 Formula One season,https://en.wikipedia.org/wiki/1973_Formula_One_season,1373455736,https://en.wikipedia.org/w/index.php?oldid=1373455736,2026-09-28T09:17:21Z
227,1973,7,1973-06-17,Swedish Grand Prix,1973_Swedish_Grand_Prix,wp262934,Denny Hulme,no,1973 Formula One season,https://en.wikipedia.org/wiki/1973_Formula_One_season,1373455736,https://en.wikipedia.org/w/index.php?oldid=1373455736,2026-09-28T09:17:21Z
228,1973,8,1973-07-01,French Grand Prix,1973_French_Grand_Prix,wp387446,Ronnie Peterson,no,1973 Formula One season,https://en.wikipedia.org/wiki/1973_Formula_One_season,1373455736,https://en.wikipedia.org/w/index.php?oldid=1373455736,2026-09-28T09:17:21Z
229,1973,9,1973-07-14,British Grand Prix,1973_British_Grand_Prix,wp767674,Peter Revson,no,1973 Formula One season,https://en.wikipedia.org/wiki/1973_Formula_One_season,1373455736,https://en.wikipedia.org/w/index.php?oldid=1373455736,2026-09-28T09:17:21Z
230,1973,10,1973-07-29,Dutch Grand Prix,1973_Dutch_Grand_Prix,wp294240,Jackie Stewart,no,1973 Formula One season,https://en.wikipedia.org/wiki/1973_Formula_One_season,1373455736,https://en.wikipedia.org/w/index.php?oldid=1373455736,2026-09-28T09:17:21Z
231,1973,11,1973-08-05,German Grand Prix,1973_German_Grand_Prix,wp294240,Jackie Stewart,no,1973 Formula One season,https://en.wikipedia.org/wiki/1973_Formula_One_season,1373455736,https://en.wikipedia.org/w/index.php?oldid=1373455736,2026-09-28T09:17:21Z
232,1973,12,1973-08-19,Austrian Grand Prix,1973_Austrian_Grand_Prix,wp387446,Ronnie Peterson,no,1973 Formula One season,https://en.wikipedia.org/wiki/1973_Formula_One_season,1373455736,https://en.wikipedia.org/w/index.php?oldid=1373455736,2026-09-28T09:17:21Z
233,1973,13,1973-09-09,Italian Grand Prix,1973_Italian_Grand_Prix,wp387446,Ronnie Peterson,no,1973 Formula One season,https://en.wikipedia.org/wiki/1973_Formula_One_season,1373455736,https://en.wikipedia.org/w/index.php?oldid=1373455736,2026-09-28T09:17:21Z
234,1973,14,1973-09-23,Canadian Grand Prix,1973_Canadian_Grand_Prix,wp767674,Peter Revson,no,1973 Formula One season,https://en.wikipedia.org/wiki/1973_Formula_One_season,1373455736,https://en.wikipedia.org/w/index.php?oldid=1373455736,2026-09-28T09:17:21Z
235,1973,15,1973-10-07,United States Grand Prix,1973_United_States_Grand_Prix,wp387446,Ronnie Peterson,no,1973 Formula One season,https://en.wikipedia.org/wiki/1973_Formula_One_season,1373455736,https://en.wikipedia.org/w/index.php?oldid=1373455736,2026-09-28T09:17:21Z
236,1974,1,1974-01-13,Argentine Grand Prix,1974_Argentine_Grand_Prix,wp262934,Denny Hulme,no,1974 Formula One season,https://en.wikipedia.org/wiki/1974_Formula_One_season,1370966877,https://en.wikipedia.org/w/index.php?oldid=1370966877,2026-09-28T09:17:24Z
237,1974,2,1974-01-27,Brazilian Grand Prix,1974_Brazilian_Grand_Prix,wp241678,Emerson Fittipaldi,no,1974 Formula One season,https://en.wikipedia.org/wiki/1974_Formula_One_season,1370966877,https://en.wikipedia.org/w/index.php?oldid=1370966877,2026-09-28T09:17:24Z
238,1974,3,1974-03-30,South African Grand Prix,1974_South_African_Grand_Prix,wp7859379,Carlos Reutemann,no,1974 Formula One season,https://en.wikipedia.org/wiki/1974_Formula_One_season,1370966877,https://en.wikipedia.org/w/index.php?oldid=1370966877,2026-09-28T09:17:24Z
239,1974,4,1974-04-28,Spanish Grand Prix,1974_Spanish_Grand_Prix,wp40486,Niki Lauda,no,1974 Formula One season,https://en.wikipedia.org/wiki/1974_Formula_One_season,1370966877,https://en.wikipedia.org/w/index.php?oldid=1370966877,2026-09-28T09:17:24Z
240,1974,5,1974-05-12,Belgian Grand Prix,1974_Belgian_Grand_Prix,wp241678,Emerson Fittipaldi,no,1974 Formula One season,https://en.wikipedia.org/wiki/1974_Formula_One_season,1370966877,https://en.wikipedia.org/w/index.php?oldid=1370966877,2026-09-28T09:17:24Z
241,1974,6,1974-05-26,Monaco Grand Prix,1974_Monaco_Grand_Prix,wp387446,Ronnie Peterson,no,1974 Formula One season,https://en.wikipedia.org/wiki/1974_Formula_One_season,1370966877,https://en.wikipedia.org/w/index.php?oldid=1370966877,2026-09-28T09:17:24Z
242,1974,7,1974-06-09,Swedish Grand Prix,1974_Swedish_Grand_Prix,wp243054,Jody Scheckter,no,1974 Formula One season,https://en.wikipedia.org/wiki/1974_Formula_One_season,1370966877,https://en.wikipedia.org/w/index.php?oldid=1370966877,2026-09-28T09:17:24Z
243,1974,8,1974-06-23,Dutch Grand Prix,1974_Dutch_Grand_Prix,wp40486,Niki Lauda,no,1974 Formula One season,https://en.wikipedia.org/wiki/1974_Formula_One_season,1370966877,https://en.wikipedia.org/w/index.php?oldid=1370966877,2026-09-28T09:17:24Z
244,1974,9,1974-07-07,French Grand Prix,1974_French_Grand_Prix,wp387446,Ronnie Peterson,no,1974 Formula One season,https://en.wikipedia.org/wiki/1974_Formula_One_season,1370966877,https://en.wikipedia.org/w/index.php?oldid=1370966877,2026-09-28T09:17:24Z
245,1974,10,1974-07-20,British Grand Prix,1974_British_Grand_Prix,wp243054,Jody Scheckter,no,1974 Formula One season,https://en.wikipedia.org/wiki/1974_Formula_One_season,1370966877,https://en.wikipedia.org/w/index.php?oldid=1370966877,2026-09-28T09:17:24Z
246,1974,11,1974-08-04,German Grand Prix,1974_German_Grand_Prix,wp1172362,Clay Regazzoni,no,1974 Formula One season,https://en.wikipedia.org/wiki/1974_Formula_One_season,1370966877,https://en.wikipedia.org/w/index.php?oldid=1370966877,2026-09-28T09:17:24Z
247,1974,12,1974-08-18,Austrian Grand Prix,1974_Austrian_Grand_Prix,wp7859379,Carlos Reutemann,no,1974 Formula One season,https://en.wikipedia.org/wiki/1974_Formula_One_season,1370966877,https://en.wikipedia.org/w/index.php?oldid=1370966877,2026-09-28T09:17:24Z
248,1974,13,1974-09-08,Italian Grand Prix,1974_Italian_Grand_Prix,wp387446,Ronnie Peterson,no,1974 Formula One season,https://en.wikipedia.org/wiki/1974_Formula_One_season,1370966877,https://en.wikipedia.org/w/index.php?oldid=1370966877,2026-09-28T09:17:24Z
249,1974,14,1974-09-22,Canadian Grand Prix,1974_Canadian_Grand_Prix,wp241678,Emerson Fittipaldi,no,1974 Formula One season,https://en.wikipedia.org/wiki/1974_Formula_One_season,1370966877,https://en.wikipedia.org/w/index.php?oldid=1370966877,2026-09-28T09:17:24Z
250,1974,15,1974-10-06,United States Grand Prix,1974_United_States_Grand_Prix,wp7859379,Carlos Reutemann,no,1974 Formula One season,https://en.wikipedia.org/wiki/1974_Formula_One_season,1370966877,https://en.wikipedia.org/w/index.php?oldid=1370966877,2026-09-28T09:17:24Z
251,1975,1,1975-01-12,Argentine Grand Prix,1975_Argentine_Grand_Prix,wp241678,Emerson Fittipaldi,no,1975 Formula One season,https://en.wikipedia.org/wiki/1975_Formula_One_season,1372896265,https://en.wikipedia.org/w/index.php?oldid=1372896265,2026-09-28T09:17:25Z
252,1975,2,1975-01-26,Brazilian Grand Prix,1975_Brazilian_Grand_Prix,wp1219709,Carlos Pace,no,1975 Formula One season,https://en.wikipedia.org/wiki/1975_Formula_One_season,1372896265,https://en.wikipedia.org/w/index.php?oldid=1372896265,2026-09-28T09:17:25Z
253,1975,3,1975-03-01,South African Grand Prix,1975_South_African_Grand_Prix,wp243054,Jody Scheckter,no,1975 Formula One season,https://en.wikipedia.org/wiki/1975_Formula_One_season,1372896265,https://en.wikipedia.org/w/index.php?oldid=1372896265,2026-09-28T09:17:25Z
254,1975,4,1975-04-27,Spanish Grand Prix,1975_Spanish_Grand_Prix,wp1226327,Jochen Mass,no,1975 Formula One season,https://en.wikipedia.org/wiki/1975_Formula_One_season,1372896265,https://en.wikipedia.org/w/index.php?oldid=1372896265,2026-09-28T09:17:25Z
255,1975,5,1975-05-11,Monaco Grand Prix,1975_Monaco_Grand_Prix,wp40486,Niki Lauda,no,1975 Formula One season,https://en.wikipedia.org/wiki/1975_Formula_One_season,1372896265,https://en.wikipedia.org/w/index.php?oldid=1372896265,2026-09-28T09:17:25Z
256,1975,6,1975-05-25,Belgian Grand Prix,1975_Belgian_Grand_Prix,wp40486,Niki Lauda,no,1975 Formula One season,https://en.wikipedia.org/wiki/1975_Formula_One_season,1372896265,https://en.wikipedia.org/w/index.php?oldid=1372896265,2026-09-28T09:17:25Z
257,1975,7,1975-06-08,Swedish Grand Prix,1975_Swedish_Grand_Prix,wp40486,Niki Lauda,no,1975 Formula One season,https://en.wikipedia.org/wiki/1975_Formula_One_season,1372896265,https://en.wikipedia.org/w/index.php?oldid=1372896265,2026-09-28T09:17:25Z
258,1975,8,1975-06-22,Dutch Grand Prix,1975_Dutch_Grand_Prix,wp287740,James Hunt,no,1975 Formula One season,https://en.wikipedia.org/wiki/1975_Formula_One_season,1372896265,https://en.wikipedia.org/w/index.php?oldid=1372896265,2026-09-28T09:17:25Z
259,1975,9,1975-07-06,French Grand Prix,1975_French_Grand_Prix,wp40486,Niki Lauda,no,1975 Formula One season,https://en.wikipedia.org/wiki/1975_Formula_One_season,1372896265,https://en.wikipedia.org/w/index.php?oldid=1372896265,2026-09-28T09:17:25Z
260,1975,10,1975-07-19,British Grand Prix,1975_British_Grand_Prix,wp241678,Emerson Fittipaldi,no,1975 Formula One season,https://en.wikipedia.org/wiki/1975_Formula_One_season,1372896265,https://en.wikipedia.org/w/index.php?oldid=1372896265,2026-09-28T09:17:25Z
261,1975,11,1975-08-03,German Grand Prix,1975_German_Grand_Prix,wp7859379,Carlos Reutemann,no,1975 Formula One season,https://en.wikipedia.org/wiki/1975_Formula_One_season,1372896265,https://en.wikipedia.org/w/index.php?oldid=1372896265,2026-09-28T09:17:25Z
262,1975,12,1975-08-17,Austrian Grand Prix,1975_Austrian_Grand_Prix,wp1226579,Vittorio Brambilla,no,1975 Formula One season,https://en.wikipedia.org/wiki/1975_Formula_One_season,1372896265,https://en.wikipedia.org/w/index.php?oldid=1372896265,2026-09-28T09:17:25Z
263,1975,13,1975-09-07,Italian Grand Prix,1975_Italian_Grand_Prix,wp1172362,Clay Regazzoni,no,1975 Formula One season,https://en.wikipedia.org/wiki/1975_Formula_One_season,1372896265,https://en.wikipedia.org/w/index.php?oldid=1372896265,2026-09-28T09:17:25Z
264,1975,14,1975-10-05,United States Grand Prix,1975_United_States_Grand_Prix,wp40486,Niki Lauda,no,1975 Formula One season,https://en.wikipedia.org/wiki/1975_Formula_One_season,1372896265,https://en.wikipedia.org/w/index.php?oldid=1372896265,2026-09-28T09:17:25Z
265,1976,1,1976-01-25,Brazilian Grand Prix,1976_Brazilian_Grand_Prix,wp40486,Niki Lauda,no,1976 Formula One season,https://en.wikipedia.org/wiki/1976_Formula_One_season,1370951938,https://en.wikipedia.org/w/index.php?oldid=1370951938,2026-09-28T09:17:25Z
266,1976,2,1976-03-06,South African Grand Prix,1976_South_African_Grand_Prix,wp40486,Niki Lauda,no,1976 Formula One season,https://en.wikipedia.org/wiki/1976_Formula_One_season,1370951938,https://en.wikipedia.org/w/index.php?oldid=1370951938,2026-09-28T09:17:25Z
267,1976,3,1976-03-28,United States Grand Prix West,1976_United_States_Grand_Prix_West,wp1172362,Clay Regazzoni,no,1976 Formula One season,https://en.wikipedia.org/wiki/1976_Formula_One_season,1370951938,https://en.wikipedia.org/w/index.php?oldid=1370951938,2026-09-28T09:17:25Z
268,1976,4,1976-05-02,Spanish Grand Prix,1976_Spanish_Grand_Prix,wp287740,James Hunt,no,1976 Formula One season,https://en.wikipedia.org/wiki/1976_Formula_One_season,1370951938,https://en.wikipedia.org/w/index.php?oldid=1370951938,2026-09-28T09:17:25Z
269,1976,5,1976-05-16,Belgian Grand Prix,1976_Belgian_Grand_Prix,wp40486,Niki Lauda,no,1976 Formula One season,https://en.wikipedia.org/wiki/1976_Formula_One_season,1370951938,https://en.wikipedia.org/w/index.php?oldid=1370951938,2026-09-28T09:17:25Z
270,1976,6,1976-05-30,Monaco Grand Prix,1976_Monaco_Grand_Prix,wp40486,Niki Lauda,no,1976 Formula One season,https://en.wikipedia.org/wiki/1976_Formula_One_season,1370951938,https://en.wikipedia.org/w/index.php?oldid=1370951938,2026-09-28T09:17:25Z
271,1976,7,1976-06-13,Swedish Grand Prix,1976_Swedish_Grand_Prix,wp243054,Jody Scheckter,no,1976 Formula One season,https://en.wikipedia.org/wiki/1976_Formula_One_season,1370951938,https://en.wikipedia.org/w/index.php?oldid=1370951938,2026-09-28T09:17:25Z
272,1976,8,1976-07-04,French Grand Prix,1976_French_Grand_Prix,wp287740,James Hunt,no,1976 Formula One season,https://en.wikipedia.org/wiki/1976_Formula_One_season,1370951938,https://en.wikipedia.org/w/index.php?oldid=1370951938,2026-09-28T09:17:25Z
273,1976,9,1976-07-18,British Grand Prix,1976_British_Grand_Prix,wp40486,Niki Lauda,no,1976 Formula One season,https://en.wikipedia.org/wiki/1976_Formula_One_season,1370951938,https://en.wikipedia.org/w/index.php?oldid=1370951938,2026-09-28T09:17:25Z
274,1976,10,1976-08-01,German Grand Prix,1976_German_Grand_Prix,wp287740,James Hunt,no,1976 Formula One season,https://en.wikipedia.org/wiki/1976_Formula_One_season,1370951938,https://en.wikipedia.org/w/index.php?oldid=1370951938,2026-09-28T09:17:25Z
275,1976,11,1976-08-15,Austrian Grand Prix,1976_Austrian_Grand_Prix,wp30874971,John Watson,no,1976 Formula One season,https://en.wikipedia.org/wiki/1976_Formula_One_season,1370951938,https://en.wikipedia.org/w/index.php?oldid=1370951938,2026-09-28T09:17:25Z
276,1976,12,1976-08-29,Dutch Grand Prix,1976_Dutch_Grand_Prix,wp287740,James Hunt,no,1976 Formula One season,https://en.wikipedia.org/wiki/1976_Formula_One_season,1370951938,https://en.wikipedia.org/w/index.php?oldid=1370951938,2026-09-28T09:17:25Z
277,1976,13,1976-09-12,Italian Grand Prix,1976_Italian_Grand_Prix,wp387446,Ronnie Peterson,no,1976 Formula One season,https://en.wikipedia.org/wiki/1976_Formula_One_season,1370951938,https://en.wikipedia.org/w/index.php?oldid=1370951938,2026-09-28T09:17:25Z
278,1976,14,1976-10-03,Canadian Grand Prix,1976_Canadian_Grand_Prix,wp287740,James Hunt,no,1976 Formula One season,https://en.wikipedia.org/wiki/1976_Formula_One_season,1370951938,https://en.wikipedia.org/w/index.php?oldid=1370951938,2026-09-28T09:17:25Z
279,1976,15,1976-10-10,United States Grand Prix,1976_United_States_Grand_Prix,wp287740,James Hunt,no,1976 Formula One season,https://en.wikipedia.org/wiki/1976_Formula_One_season,1370951938,https://en.wikipedia.org/w/index.php?oldid=1370951938,2026-09-28T09:17:25Z
280,1976,16,1976-10-24,Japanese Grand Prix,1976_Japanese_Grand_Prix,wp271425,Mario Andretti,no,1976 Formula One season,https://en.wikipedia.org/wiki/1976_Formula_One_season,1370951938,https://en.wikipedia.org/w/index.php?oldid=1370951938,2026-09-28T09:17:25Z
281,1977,1,1977-01-09,Argentine Grand Prix,1977_Argentine_Grand_Prix,wp243054,Jody Scheckter,no,1977 Formula One season,https://en.wikipedia.org/wiki/1977_Formula_One_season,1375372664,https://en.wikipedia.org/w/index.php?oldid=1375372664,2026-09-28T09:17:27Z
282,1977,2,1977-01-23,Brazilian Grand Prix,1977_Brazilian_Grand_Prix,wp7859379,Carlos Reutemann,no,1977 Formula One season,https://en.wikipedia.org/wiki/1977_Formula_One_season,1375372664,https://en.wikipedia.org/w/index.php?oldid=1375372664,2026-09-28T09:17:27Z
283,1977,3,1977-03-05,South African Grand Prix,1977_South_African_Grand_Prix,wp40486,Niki Lauda,no,1977 Formula One season,https://en.wikipedia.org/wiki/1977_Formula_One_season,1375372664,https://en.wikipedia.org/w/index.php?oldid=1375372664,2026-09-28T09:17:27Z
284,1977,4,1977-04-03,United States Grand Prix West,1977_United_States_Grand_Prix_West,wp271425,Mario Andretti,no,1977 Formula One season,https://en.wikipedia.org/wiki/1977_Formula_One_season,1375372664,https://en.wikipedia.org/w/index.php?oldid=1375372664,2026-09-28T09:17:27Z
285,1977,5,1977-05-08,Spanish Grand Prix,1977_Spanish_Grand_Prix,wp271425,Mario Andretti,no,1977 Formula One season,https://en.wikipedia.org/wiki/1977_Formula_One_season,1375372664,https://en.wikipedia.org/w/index.php?oldid=1375372664,2026-09-28T09:17:27Z
286,1977,6,1977-05-22,Monaco Grand Prix,1977_Monaco_Grand_Prix,wp243054,Jody Scheckter,no,1977 Formula One season,https://en.wikipedia.org/wiki/1977_Formula_One_season,1375372664,https://en.wikipedia.org/w/index.php?oldid=1375372664,2026-09-28T09:17:27Z
287,1977,7,1977-06-05,Belgian Grand Prix,1977_Belgian_Grand_Prix,wp1213859,Gunnar Nilsson,no,1977 Formula One season,https://en.wikipedia.org/wiki/1977_Formula_One_season,1375372664,https://en.wikipedia.org/w/index.php?oldid=1375372664,2026-09-28T09:17:27Z
288,1977,8,1977-06-19,Swedish Grand Prix,1977_Swedish_Grand_Prix,wp701324,Jacques Laffite,no,1977 Formula One season,https://en.wikipedia.org/wiki/1977_Formula_One_season,1375372664,https://en.wikipedia.org/w/index.php?oldid=1375372664,2026-09-28T09:17:27Z
289,1977,9,1977-07-03,French Grand Prix,1977_French_Grand_Prix,wp271425,Mario Andretti,no,1977 Formula One season,https://en.wikipedia.org/wiki/1977_Formula_One_season,1375372664,https://en.wikipedia.org/w/index.php?oldid=1375372664,2026-09-28T09:17:27Z
290,1977,10,1977-07-16,British Grand Prix,1977_British_Grand_Prix,wp287740,James Hunt,no,1977 Formula One season,https://en.wikipedia.org/wiki/1977_Formula_One_season,1375372664,https://en.wikipedia.org/w/index.php?oldid=1375372664,2026-09-28T09:17:27Z
291,1977,11,1977-07-31,German Grand Prix,1977_German_Grand_Prix,wp40486,Niki Lauda,no,1977 Formula One season,https://en.wikipedia.org/wiki/1977_Formula_One_season,1375372664,https://en.wikipedia.org/w/index.php?oldid=1375372664,2026-09-28T09:17:27Z
292,1977,12,1977-08-14,Austrian Grand Prix,1977_Austrian_Grand_Prix,wp255129,Alan Jones,no,1977 Formula One season,https://en.wikipedia.org/wiki/1977_Formula_One_season,1375372664,https://en.wikipedia.org/w/index.php?oldid=1375372664,2026-09-28T09:17:27Z
293,1977,13,1977-08-28,Dutch Grand Prix,1977_Dutch_Grand_Prix,wp40486,Niki Lauda,no,1977 Formula One season,https://en.wikipedia.org/wiki/1977_Formula_One_season,1375372664,https://en.wikipedia.org/w/index.php?oldid=1375372664,2026-09-28T09:17:27Z
294,1977,14,1977-09-11,Italian Grand Prix,1977_Italian_Grand_Prix,wp271425,Mario Andretti,no,1977 Formula One season,https://en.wikipedia.org/wiki/1977_Formula_One_season,1375372664,https://en.wikipedia.org/w/index.php?oldid=1375372664,2026-09-28T09:17:27Z
295,1977,15,1977-10-02,United States Grand Prix,1977_United_States_Grand_Prix,wp287740,James Hunt,no,1977 Formula One season,https://en.wikipedia.org/wiki/1977_Formula_One_season,1375372664,https://en.wikipedia.org/w/index.php?oldid=1375372664,2026-09-28T09:17:27Z
296,1977,16,1977-10-09,Canadian Grand Prix,1977_Canadian_Grand_Prix,wp243054,Jody Scheckter,no,1977 Formula One season,https://en.wikipedia.org/wiki/1977_Formula_One_season,1375372664,https://en.wikipedia.org/w/index.php?oldid=1375372664,2026-09-28T09:17:27Z
297,1977,17,1977-10-23,Japanese Grand Prix,1977_Japanese_Grand_Prix,wp287740,James Hunt,no,1977 Formula One season,https://en.wikipedia.org/wiki/1977_Formula_One_season,1375372664,https://en.wikipedia.org/w/index.php?oldid=1375372664,2026-09-28T09:17:27Z
298,1978,1,1978-01-15,Argentine Grand Prix,1978_Argentine_Grand_Prix,wp271425,Mario Andretti,no,1978 Formula One season,https://en.wikipedia.org/wiki/1978_Formula_One_season,1370964821,https://en.wikipedia.org/w/index.php?oldid=1370964821,2026-09-28T09:17:29Z
299,1978,2,1978-01-29,Brazilian Grand Prix,1978_Brazilian_Grand_Prix,wp7859379,Carlos Reutemann,no,1978 Formula One season,https://en.wikipedia.org/wiki/1978_Formula_One_season,1370964821,https://en.wikipedia.org/w/index.php?oldid=1370964821,2026-09-28T09:17:29Z
300,1978,3,1978-03-04,South African Grand Prix,1978_South_African_Grand_Prix,wp387446,Ronnie Peterson,no,1978 Formula One season,https://en.wikipedia.org/wiki/1978_Formula_One_season,1370964821,https://en.wikipedia.org/w/index.php?oldid=1370964821,2026-09-28T09:17:29Z
301,1978,4,1978-04-02,United States Grand Prix West,1978_United_States_Grand_Prix_West,wp7859379,Carlos Reutemann,no,1978 Formula One season,https://en.wikipedia.org/wiki/1978_Formula_One_season,1370964821,https://en.wikipedia.org/w/index.php?oldid=1370964821,2026-09-28T09:17:29Z
302,1978,5,1978-05-07,Monaco Grand Prix,1978_Monaco_Grand_Prix,wp1226335,Patrick Depailler,no,1978 Formula One season,https://en.wikipedia.org/wiki/1978_Formula_One_season,1370964821,https://en.wikipedia.org/w/index.php?oldid=1370964821,2026-09-28T09:17:29Z
303,1978,6,1978-05-21,Belgian Grand Prix,1978_Belgian_Grand_Prix,wp271425,Mario Andretti,no,1978 Formula One season,https://en.wikipedia.org/wiki/1978_Formula_One_season,1370964821,https://en.wikipedia.org/w/index.php?oldid=1370964821,2026-09-28T09:17:29Z
304,1978,7,1978-06-04,Spanish Grand Prix,1978_Spanish_Grand_Prix,wp271425,Mario Andretti,no,1978 Formula One season,https://en.wikipedia.org/wiki/1978_Formula_One_season,1370964821,https://en.wikipedia.org/w/index.php?oldid=1370964821,2026-09-28T09:17:29Z
305,1978,8,1978-06-17,Swedish Grand Prix,1978_Swedish_Grand_Prix,wp40486,Niki Lauda,no,1978 Formula One season,https://en.wikipedia.org/wiki/1978_Formula_One_season,1370964821,https://en.wikipedia.org/w/index.php?oldid=1370964821,2026-09-28T09:17:29Z
306,1978,9,1978-07-02,French Grand Prix,1978_French_Grand_Prix,wp271425,Mario Andretti,no,1978 Formula One season,https://en.wikipedia.org/wiki/1978_Formula_One_season,1370964821,https://en.wikipedia.org/w/index.php?oldid=1370964821,2026-09-28T09:17:29Z
307,1978,10,1978-07-16,British Grand Prix,1978_British_Grand_Prix,wp7859379,Carlos Reutemann,no,1978 Formula One season,https://en.wikipedia.org/wiki/1978_Formula_One_season,1370964821,https://en.wikipedia.org/w/index.php?oldid=1370964821,2026-09-28T09:17:29Z
308,1978,11,1978-07-30,German Grand Prix,1978_German_Grand_Prix,wp271425,Mario Andretti,no,1978 Formula One season,https://en.wikipedia.org/wiki/1978_Formula_One_season,1370964821,https://en.wikipedia.org/w/index.php?oldid=1370964821,2026-09-28T09:17:29Z
309,1978,12,1978-08-13,Austrian Grand Prix,1978_Austrian_Grand_Prix,wp387446,Ronnie Peterson,no,1978 Formula One season,https://en.wikipedia.org/wiki/1978_Formula_One_season,1370964821,https://en.wikipedia.org/w/index.php?oldid=1370964821,2026-09-28T09:17:29Z
310,1978,13,1978-08-27,Dutch Grand Prix,1978_Dutch_Grand_Prix,wp271425,Mario Andretti,no,1978 Formula One season,https://en.wikipedia.org/wiki/1978_Formula_One_season,1370964821,https://en.wikipedia.org/w/index.php?oldid=1370964821,2026-09-28T09:17:29Z
311,1978,14,1978-09-10,Italian Grand Prix,1978_Italian_Grand_Prix,wp40486,Niki Lauda,no,1978 Formula One season,https://en.wikipedia.org/wiki/1978_Formula_One_season,1370964821,https://en.wikipedia.org/w/index.php?oldid=1370964821,2026-09-28T09:17:29Z
312,1978,15,1978-10-01,United States Grand Prix,1978_United_States_Grand_Prix,wp7859379,Carlos Reutemann,no,1978 Formula One season,https://en.wikipedia.org/wiki/1978_Formula_One_season,1370964821,https://en.wikipedia.org/w/index.php?oldid=1370964821,2026-09-28T09:17:29Z
313,1978,16,1978-10-08,Canadian Grand Prix,1978_Canadian_Grand_Prix,wp86632,Gilles Villeneuve,no,1978 Formula One season,https://en.wikipedia.org/wiki/1978_Formula_One_season,1370964821,https://en.wikipedia.org/w/index.php?oldid=1370964821,2026-09-28T09:17:29Z
314,1979,1,1979-01-21,Argentine Grand Prix,1979_Argentine_Grand_Prix,wp701324,Jacques Laffite,no,1979 Formula One season,https://en.wikipedia.org/wiki/1979_Formula_One_season,1370964929,https://en.wikipedia.org/w/index.php?oldid=1370964929,2026-09-28T09:17:30Z
315,1979,2,1979-02-04,Brazilian Grand Prix,1979_Brazilian_Grand_Prix,wp701324,Jacques Laffite,no,1979 Formula One season,https://en.wikipedia.org/wiki/1979_Formula_One_season,1370964929,https://en.wikipedia.org/w/index.php?oldid=1370964929,2026-09-28T09:17:30Z
316,1979,3,1979-03-03,South African Grand Prix,1979_South_African_Grand_Prix,wp86632,Gilles Villeneuve,no,1979 Formula One season,https://en.wikipedia.org/wiki/1979_Formula_One_season,1370964929,https://en.wikipedia.org/w/index.php?oldid=1370964929,2026-09-28T09:17:30Z
317,1979,4,1979-04-08,United States Grand Prix West,1979_United_States_Grand_Prix_West,wp86632,Gilles Villeneuve,no,1979 Formula One season,https://en.wikipedia.org/wiki/1979_Formula_One_season,1370964929,https://en.wikipedia.org/w/index.php?oldid=1370964929,2026-09-28T09:17:30Z
318,1979,5,1979-04-29,Spanish Grand Prix,1979_Spanish_Grand_Prix,wp1226335,Patrick Depailler,no,1979 Formula One season,https://en.wikipedia.org/wiki/1979_Formula_One_season,1370964929,https://en.wikipedia.org/w/index.php?oldid=1370964929,2026-09-28T09:17:30Z
319,1979,6,1979-05-13,Belgian Grand Prix,1979_Belgian_Grand_Prix,wp243054,Jody Scheckter,no,1979 Formula One season,https://en.wikipedia.org/wiki/1979_Formula_One_season,1370964929,https://en.wikipedia.org/w/index.php?oldid=1370964929,2026-09-28T09:17:30Z
320,1979,7,1979-05-27,Monaco Grand Prix,1979_Monaco_Grand_Prix,wp243054,Jody Scheckter,no,1979 Formula One season,https://en.wikipedia.org/wiki/1979_Formula_One_season,1370964929,https://en.wikipedia.org/w/index.php?oldid=1370964929,2026-09-28T09:17:30Z
321,1979,8,1979-07-01,French Grand Prix,1979_French_Grand_Prix,wp1226470,Jean-Pierre Jabouille,no,1979 Formula One season,https://en.wikipedia.org/wiki/1979_Formula_One_season,1370964929,https://en.wikipedia.org/w/index.php?oldid=1370964929,2026-09-28T09:17:30Z
322,1979,9,1979-07-14,British Grand Prix,1979_British_Grand_Prix,wp1172362,Clay Regazzoni,no,1979 Formula One season,https://en.wikipedia.org/wiki/1979_Formula_One_season,1370964929,https://en.wikipedia.org/w/index.php?oldid=1370964929,2026-09-28T09:17:30Z
323,1979,10,1979-07-29,German Grand Prix,1979_German_Grand_Prix,wp255129,Alan Jones,no,1979 Formula One season,https://en.wikipedia.org/wiki/1979_Formula_One_season,1370964929,https://en.wikipedia.org/w/index.php?oldid=1370964929,2026-09-28T09:17:30Z
324,1979,11,1979-08-12,Austrian Grand Prix,1979_Austrian_Grand_Prix,wp255129,Alan Jones,no,1979 Formula One season,https://en.wikipedia.org/wiki/1979_Formula_One_season,1370964929,https://en.wikipedia.org/w/index.php?oldid=1370964929,2026-09-28T09:17:30Z
325,1979,12,1979-08-26,Dutch Grand Prix,1979_Dutch_Grand_Prix,wp255129,Alan Jones,no,1979 Formula One season,https://en.wikipedia.org/wiki/1979_Formula_One_season,1370964929,https://en.wikipedia.org/w/index.php?oldid=1370964929,2026-09-28T09:17:30Z
326,1979,13,1979-09-09,Italian Grand Prix,1979_Italian_Grand_Prix,wp243054,Jody Scheckter,no,1979 Formula One season,https://en.wikipedia.org/wiki/1979_Formula_One_season,1370964929,https://en.wikipedia.org/w/index.php?oldid=1370964929,2026-09-28T09:17:30Z
327,1979,14,1979-09-30,Canadian Grand Prix,1979_Canadian_Grand_Prix,wp255129,Alan Jones,no,1979 Formula One season,https://en.wikipedia.org/wiki/1979_Formula_One_season,1370964929,https://en.wikipedia.org/w/index.php?oldid=1370964929,2026-09-28T09:17:30Z
328,1979,15,1979-10-07,United States Grand Prix,1979_United_States_Grand_Prix,wp86632,Gilles Villeneuve,no,1979 Formula One season,https://en.wikipedia.org/wiki/1979_Formula_One_season,1370964929,https://en.wikipedia.org/w/index.php?oldid=1370964929,2026-09-28T09:17:30Z
329,1980,1,1980-01-13,Argentine Grand Prix,1980_Argentine_Grand_Prix,wp255129,Alan Jones,no,1980 Formula One season,https://en.wikipedia.org/wiki/1980_Formula_One_season,1372906835,https://en.wikipedia.org/w/index.php?oldid=1372906835,2026-09-28T09:17:31Z
330,1980,2,1980-01-27,Brazilian Grand Prix,1980_Brazilian_Grand_Prix,wp763767,René Arnoux,no,1980 Formula One season,https://en.wikipedia.org/wiki/1980_Formula_One_season,1372906835,https://en.wikipedia.org/w/index.php?oldid=1372906835,2026-09-28T09:17:31Z
331,1980,3,1980-03-01,South African Grand Prix,1980_South_African_Grand_Prix,wp763767,René Arnoux,no,1980 Formula One season,https://en.wikipedia.org/wiki/1980_Formula_One_season,1372906835,https://en.wikipedia.org/w/index.php?oldid=1372906835,2026-09-28T09:17:31Z
332,1980,4,1980-03-30,United States Grand Prix West,1980_United_States_Grand_Prix_West,wp204645,Nelson Piquet,no,1980 Formula One season,https://en.wikipedia.org/wiki/1980_Formula_One_season,1372906835,https://en.wikipedia.org/w/index.php?oldid=1372906835,2026-09-28T09:17:31Z
333,1980,5,1980-05-04,Belgian Grand Prix,1980_Belgian_Grand_Prix,wp1219767,Didier Pironi,no,1980 Formula One season,https://en.wikipedia.org/wiki/1980_Formula_One_season,1372906835,https://en.wikipedia.org/w/index.php?oldid=1372906835,2026-09-28T09:17:31Z
334,1980,6,1980-05-18,Monaco Grand Prix,1980_Monaco_Grand_Prix,wp7859379,Carlos Reutemann,no,1980 Formula One season,https://en.wikipedia.org/wiki/1980_Formula_One_season,1372906835,https://en.wikipedia.org/w/index.php?oldid=1372906835,2026-09-28T09:17:31Z
335,1980,7,1980-06-29,French Grand Prix,1980_French_Grand_Prix,wp255129,Alan Jones,no,1980 Formula One season,https://en.wikipedia.org/wiki/1980_Formula_One_season,1372906835,https://en.wikipedia.org/w/index.php?oldid=1372906835,2026-09-28T09:17:31Z
336,1980,8,1980-07-13,British Grand Prix,1980_British_Grand_Prix,wp255129,Alan Jones,no,1980 Formula One season,https://en.wikipedia.org/wiki/1980_Formula_One_season,1372906835,https://en.wikipedia.org/w/index.php?oldid=1372906835,2026-09-28T09:17:31Z
337,1980,9,1980-08-10,German Grand Prix,1980_German_Grand_Prix,wp701324,Jacques Laffite,no,1980 Formula One season,https://en.wikipedia.org/wiki/1980_Formula_One_season,1372906835,https://en.wikipedia.org/w/index.php?oldid=1372906835,2026-09-28T09:17:31Z
338,1980,10,1980-08-17,Austrian Grand Prix,1980_Austrian_Grand_Prix,wp1226470,Jean-Pierre Jabouille,no,1980 Formula One season,https://en.wikipedia.org/wiki/1980_Formula_One_season,1372906835,https://en.wikipedia.org/w/index.php?oldid=1372906835,2026-09-28T09:17:31Z
339,1980,11,1980-08-31,Dutch Grand Prix,1980_Dutch_Grand_Prix,wp204645,Nelson Piquet,no,1980 Formula One season,https://en.wikipedia.org/wiki/1980_Formula_One_season,1372906835,https://en.wikipedia.org/w/index.php?oldid=1372906835,2026-09-28T09:17:31Z
340,1980,12,1980-09-14,Italian Grand Prix,1980_Italian_Grand_Prix,wp204645,Nelson Piquet,no,1980 Formula One season,https://en.wikipedia.org/wiki/1980_Formula_One_season,1372906835,https://en.wikipedia.org/w/index.php?oldid=1372906835,2026-09-28T09:17:31Z
341,1980,13,1980-09-28,Canadian Grand Prix,1980_Canadian_Grand_Prix,wp255129,Alan Jones,no,1980 Formula One season,https://en.wikipedia.org/wiki/1980_Formula_One_season,1372906835,https://en.wikipedia.org/w/index.php?oldid=1372906835,2026-09-28T09:17:31Z
342,1980,14,1980-10-05,United States Grand Prix,1980_United_States_Grand_Prix,wp255129,Alan Jones,no,1980 Formula One season,https://en.wikipedia.org/wiki/1980_Formula_One_season,1372906835,https://en.wikipedia.org/w/index.php?oldid=1372906835,2026-09-28T09:17:31Z
343,1981,1,1981-03-15,United States Grand Prix West,1981_United_States_Grand_Prix_West,wp255129,Alan Jones,no,1981 Formula One World Championship,https://en.wikipedia.org/wiki/1981_Formula_One_World_Championship,1370911255,https://en.wikipedia.org/w/index.php?oldid=1370911255,2026-09-28T09:17:32Z
344,1981,2,1981-03-29,Brazilian Grand Prix,1981_Brazilian_Grand_Prix,wp7859379,Carlos Reutemann,no,1981 Formula One World Championship,https://en.wikipedia.org/wiki/1981_Formula_One_World_Championship,1370911255,https://en.wikipedia.org/w/index.php?oldid=1370911255,2026-09-28T09:17:32Z
345,1981,3,1981-04-12,Argentine Grand Prix,1981_Argentine_Grand_Prix,wp204645,Nelson Piquet,no,1981 Formula One World Championship,https://en.wikipedia.org/wiki/1981_Formula_One_World_Championship,1370911255,https://en.wikipedia.org/w/index.php?oldid=1370911255,2026-09-28T09:17:32Z
346,1981,4,1981-05-03,San Marino Grand Prix,1981_San_Marino_Grand_Prix,wp204645,Nelson Piquet,no,1981 Formula One World Championship,https://en.wikipedia.org/wiki/1981_Formula_One_World_Championship,1370911255,https://en.wikipedia.org/w/index.php?oldid=1370911255,2026-09-28T09:17:32Z
347,1981,5,1981-05-17,Belgian Grand Prix,1981_Belgian_Grand_Prix,wp7859379,Carlos Reutemann,no,1981 Formula One World Championship,https://en.wikipedia.org/wiki/1981_Formula_One_World_Championship,1370911255,https://en.wikipedia.org/w/index.php?oldid=1370911255,2026-09-28T09:17:32Z
348,1981,6,1981-05-31,Monaco Grand Prix,1981_Monaco_Grand_Prix,wp86632,Gilles Villeneuve,no,1981 Formula One World Championship,https://en.wikipedia.org/wiki/1981_Formula_One_World_Championship,1370911255,https://en.wikipedia.org/w/index.php?oldid=1370911255,2026-09-28T09:17:32Z
349,1981,7,1981-06-21,Spanish Grand Prix,1981_Spanish_Grand_Prix,wp86632,Gilles Villeneuve,no,1981 Formula One World Championship,https://en.wikipedia.org/wiki/1981_Formula_One_World_Championship,1370911255,https://en.wikipedia.org/w/index.php?oldid=1370911255,2026-09-28T09:17:32Z
350,1981,8,1981-07-05,French Grand Prix,1981_French_Grand_Prix,wp36917,Alain Prost,no,1981 Formula One World Championship,https://en.wikipedia.org/wiki/1981_Formula_One_World_Championship,1370911255,https://en.wikipedia.org/w/index.php?oldid=1370911255,2026-09-28T09:17:32Z
351,1981,9,1981-07-18,British Grand Prix,1981_British_Grand_Prix,wp30874971,John Watson,no,1981 Formula One World Championship,https://en.wikipedia.org/wiki/1981_Formula_One_World_Championship,1370911255,https://en.wikipedia.org/w/index.php?oldid=1370911255,2026-09-28T09:17:32Z
352,1981,10,1981-08-02,German Grand Prix,1981_German_Grand_Prix,wp204645,Nelson Piquet,no,1981 Formula One World Championship,https://en.wikipedia.org/wiki/1981_Formula_One_World_Championship,1370911255,https://en.wikipedia.org/w/index.php?oldid=1370911255,2026-09-28T09:17:32Z
353,1981,11,1981-08-16,Austrian Grand Prix,1981_Austrian_Grand_Prix,wp701324,Jacques Laffite,no,1981 Formula One World Championship,https://en.wikipedia.org/wiki/1981_Formula_One_World_Championship,1370911255,https://en.wikipedia.org/w/index.php?oldid=1370911255,2026-09-28T09:17:32Z
354,1981,12,1981-08-30,Dutch Grand Prix,1981_Dutch_Grand_Prix,wp36917,Alain Prost,no,1981 Formula One World Championship,https://en.wikipedia.org/wiki/1981_Formula_One_World_Championship,1370911255,https://en.wikipedia.org/w/index.php?oldid=1370911255,2026-09-28T09:17:32Z
355,1981,13,1981-09-13,Italian Grand Prix,1981_Italian_Grand_Prix,wp36917,Alain Prost,no,1981 Formula One World Championship,https://en.wikipedia.org/wiki/1981_Formula_One_World_Championship,1370911255,https://en.wikipedia.org/w/index.php?oldid=1370911255,2026-09-28T09:17:32Z
356,1981,14,1981-09-27,Canadian Grand Prix,1981_Canadian_Grand_Prix,wp701324,Jacques Laffite,no,1981 Formula One World Championship,https://en.wikipedia.org/wiki/1981_Formula_One_World_Championship,1370911255,https://en.wikipedia.org/w/index.php?oldid=1370911255,2026-09-28T09:17:32Z
357,1981,15,1981-10-17,Caesars Palace Grand Prix,1981_Caesars_Palace_Grand_Prix,wp255129,Alan Jones,no,1981 Formula One World Championship,https://en.wikipedia.org/wiki/1981_Formula_One_World_Championship,1370911255,https://en.wikipedia.org/w/index.php?oldid=1370911255,2026-09-28T09:17:32Z
358,1982,1,1982-01-23,South African Grand Prix,1982_South_African_Grand_Prix,wp36917,Alain Prost,no,1982 Formula One World Championship,https://en.wikipedia.org/wiki/1982_Formula_One_World_Championship,1373508906,https://en.wikipedia.org/w/index.php?oldid=1373508906,2026-09-28T09:17:33Z
359,1982,2,1982-03-21,Brazilian Grand Prix,1982_Brazilian_Grand_Prix,wp36917,Alain Prost,no,1982 Formula One World Championship,https://en.wikipedia.org/wiki/1982_Formula_One_World_Championship,1373508906,https://en.wikipedia.org/w/index.php?oldid=1373508906,2026-09-28T09:17:33Z
360,1982,3,1982-04-04,United States Grand Prix West,1982_United_States_Grand_Prix_West,wp40486,Niki Lauda,no,1982 Formula One World Championship,https://en.wikipedia.org/wiki/1982_Formula_One_World_Championship,1373508906,https://en.wikipedia.org/w/index.php?oldid=1373508906,2026-09-28T09:17:33Z
361,1982,4,1982-04-25,San Marino Grand Prix,1982_San_Marino_Grand_Prix,wp1219767,Didier Pironi,no,1982 Formula One World Championship,https://en.wikipedia.org/wiki/1982_Formula_One_World_Championship,1373508906,https://en.wikipedia.org/w/index.php?oldid=1373508906,2026-09-28T09:17:33Z
362,1982,5,1982-05-09,Belgian Grand Prix,1982_Belgian_Grand_Prix,wp30874971,John Watson,no,1982 Formula One World Championship,https://en.wikipedia.org/wiki/1982_Formula_One_World_Championship,1373508906,https://en.wikipedia.org/w/index.php?oldid=1373508906,2026-09-28T09:17:33Z
363,1982,6,1982-05-23,Monaco Grand Prix,1982_Monaco_Grand_Prix,wp38875,Riccardo Patrese,no,1982 Formula One World Championship,https://en.wikipedia.org/wiki/1982_Formula_One_World_Championship,1373508906,https://en.wikipedia.org/w/index.php?oldid=1373508906,2026-09-28T09:17:33Z
364,1982,7,1982-06-06,Detroit Grand Prix,1982_Detroit_Grand_Prix,wp30874971,John Watson,no,1982 Formula One World Championship,https://en.wikipedia.org/wiki/1982_Formula_One_World_Championship,1373508906,https://en.wikipedia.org/w/index.php?oldid=1373508906,2026-09-28T09:17:33Z
365,1982,8,1982-06-13,Canadian Grand Prix,1982_Canadian_Grand_Prix,wp204645,Nelson Piquet,no,1982 Formula One World Championship,https://en.wikipedia.org/wiki/1982_Formula_One_World_Championship,1373508906,https://en.wikipedia.org/w/index.php?oldid=1373508906,2026-09-28T09:17:33Z
366,1982,9,1982-07-03,Dutch Grand Prix,1982_Dutch_Grand_Prix,wp1219767,Didier Pironi,no,1982 Formula One World Championship,https://en.wikipedia.org/wiki/1982_Formula_One_World_Championship,1373508906,https://en.wikipedia.org/w/index.php?oldid=1373508906,2026-09-28T09:17:33Z
367,1982,10,1982-07-18,British Grand Prix,1982_British_Grand_Prix,wp40486,Niki Lauda,no,1982 Formula One World Championship,https://en.wikipedia.org/wiki/1982_Formula_One_World_Championship,1373508906,https://en.wikipedia.org/w/index.php?oldid=1373508906,2026-09-28T09:17:33Z
368,1982,11,1982-07-25,French Grand Prix,1982_French_Grand_Prix,wp763767,René Arnoux,no,1982 Formula One World Championship,https://en.wikipedia.org/wiki/1982_Formula_One_World_Championship,1373508906,https://en.wikipedia.org/w/index.php?oldid=1373508906,2026-09-28T09:17:33Z
369,1982,12,1982-08-08,German Grand Prix,1982_German_Grand_Prix,wp1223181,Patrick Tambay,no,1982 Formula One World Championship,https://en.wikipedia.org/wiki/1982_Formula_One_World_Championship,1373508906,https://en.wikipedia.org/w/index.php?oldid=1373508906,2026-09-28T09:17:33Z
370,1982,13,1982-08-15,Austrian Grand Prix,1982_Austrian_Grand_Prix,wp1048978,Elio de Angelis,no,1982 Formula One World Championship,https://en.wikipedia.org/wiki/1982_Formula_One_World_Championship,1373508906,https://en.wikipedia.org/w/index.php?oldid=1373508906,2026-09-28T09:17:33Z
371,1982,14,1982-08-29,Swiss Grand Prix,1982_Swiss_Grand_Prix,wp230197,Keke Rosberg,no,1982 Formula One World Championship,https://en.wikipedia.org/wiki/1982_Formula_One_World_Championship,1373508906,https://en.wikipedia.org/w/index.php?oldid=1373508906,2026-09-28T09:17:33Z
372,1982,15,1982-09-12,Italian Grand Prix,1982_Italian_Grand_Prix,wp763767,René Arnoux,no,1982 Formula One World Championship,https://en.wikipedia.org/wiki/1982_Formula_One_World_Championship,1373508906,https://en.wikipedia.org/w/index.php?oldid=1373508906,2026-09-28T09:17:33Z
373,1982,16,1982-09-25,Caesars Palace Grand Prix,1982_Caesars_Palace_Grand_Prix,wp1018650,Michele Alboreto,no,1982 Formula One World Championship,https://en.wikipedia.org/wiki/1982_Formula_One_World_Championship,1373508906,https://en.wikipedia.org/w/index.php?oldid=1373508906,2026-09-28T09:17:33Z
374,1983,1,1983-03-13,Brazilian Grand Prix,1983_Brazilian_Grand_Prix,wp204645,Nelson Piquet,no,1983 Formula One World Championship,https://en.wikipedia.org/wiki/1983_Formula_One_World_Championship,1370965369,https://en.wikipedia.org/w/index.php?oldid=1370965369,2026-09-28T09:17:34Z
375,1983,2,1983-03-27,United States Grand Prix West,1983_United_States_Grand_Prix_West,wp30874971,John Watson,no,1983 Formula One World Championship,https://en.wikipedia.org/wiki/1983_Formula_One_World_Championship,1370965369,https://en.wikipedia.org/w/index.php?oldid=1370965369,2026-09-28T09:17:34Z
376,1983,3,1983-04-17,French Grand Prix,1983_French_Grand_Prix,wp36917,Alain Prost,no,1983 Formula One World Championship,https://en.wikipedia.org/wiki/1983_Formula_One_World_Championship,1370965369,https://en.wikipedia.org/w/index.php?oldid=1370965369,2026-09-28T09:17:34Z
377,1983,4,1983-05-01,San Marino Grand Prix,1983_San_Marino_Grand_Prix,wp1223181,Patrick Tambay,no,1983 Formula One World Championship,https://en.wikipedia.org/wiki/1983_Formula_One_World_Championship,1370965369,https://en.wikipedia.org/w/index.php?oldid=1370965369,2026-09-28T09:17:34Z
378,1983,5,1983-05-15,Monaco Grand Prix,1983_Monaco_Grand_Prix,wp230197,Keke Rosberg,no,1983 Formula One World Championship,https://en.wikipedia.org/wiki/1983_Formula_One_World_Championship,1370965369,https://en.wikipedia.org/w/index.php?oldid=1370965369,2026-09-28T09:17:34Z
379,1983,6,1983-05-22,Belgian Grand Prix,1983_Belgian_Grand_Prix,wp36917,Alain Prost,no,1983 Formula One World Championship,https://en.wikipedia.org/wiki/1983_Formula_One_World_Championship,1370965369,https://en.wikipedia.org/w/index.php?oldid=1370965369,2026-09-28T09:17:34Z
380,1983,7,1983-06-05,Detroit Grand Prix,1983_Detroit_Grand_Prix,wp1018650,Michele Alboreto,no,1983 Formula One World Championship,https://en.wikipedia.org/wiki/1983_Formula_One_World_Championship,1370965369,https://en.wikipedia.org/w/index.php?oldid=1370965369,2026-09-28T09:17:34Z
381,1983,8,1983-06-12,Canadian Grand Prix,1983_Canadian_Grand_Prix,wp763767,René Arnoux,no,1983 Formula One World Championship,https://en.wikipedia.org/wiki/1983_Formula_One_World_Championship,1370965369,https://en.wikipedia.org/w/index.php?oldid=1370965369,2026-09-28T09:17:34Z
382,1983,9,1983-07-16,British Grand Prix,1983_British_Grand_Prix,wp36917,Alain Prost,no,1983 Formula One World Championship,https://en.wikipedia.org/wiki/1983_Formula_One_World_Championship,1370965369,https://en.wikipedia.org/w/index.php?oldid=1370965369,2026-09-28T09:17:34Z
383,1983,10,1983-08-07,German Grand Prix,1983_German_Grand_Prix,wp763767,René Arnoux,no,1983 Formula One World Championship,https://en.wikipedia.org/wiki/1983_Formula_One_World_Championship,1370965369,https://en.wikipedia.org/w/index.php?oldid=1370965369,2026-09-28T09:17:34Z
384,1983,11,1983-08-14,Austrian Grand Prix,1983_Austrian_Grand_Prix,wp36917,Alain Prost,no,1983 Formula One World Championship,https://en.wikipedia.org/wiki/1983_Formula_One_World_Championship,1370965369,https://en.wikipedia.org/w/index.php?oldid=1370965369,2026-09-28T09:17:34Z
385,1983,12,1983-08-28,Dutch Grand Prix,1983_Dutch_Grand_Prix,wp763767,René Arnoux,no,1983 Formula One World Championship,https://en.wikipedia.org/wiki/1983_Formula_One_World_Championship,1370965369,https://en.wikipedia.org/w/index.php?oldid=1370965369,2026-09-28T09:17:34Z
386,1983,13,1983-09-11,Italian Grand Prix,1983_Italian_Grand_Prix,wp204645,Nelson Piquet,no,1983 Formula One World Championship,https://en.wikipedia.org/wiki/1983_Formula_One_World_Championship,1370965369,https://en.wikipedia.org/w/index.php?oldid=1370965369,2026-09-28T09:17:34Z
387,1983,14,1983-09-25,European Grand Prix,1983_European_Grand_Prix,wp204645,Nelson Piquet,no,1983 Formula One World Championship,https://en.wikipedia.org/wiki/1983_Formula_One_World_Championship,1370965369,https://en.wikipedia.org/w/index.php?oldid=1370965369,2026-09-28T09:17:34Z
388,1983,15,1983-10-15,South African Grand Prix,1983_South_African_Grand_Prix,wp38875,Riccardo Patrese,no,1983 Formula One World Championship,https://en.wikipedia.org/wiki/1983_Formula_One_World_Championship,1370965369,https://en.wikipedia.org/w/index.php?oldid=1370965369,2026-09-28T09:17:34Z
389,1984,1,1984-03-25,Brazilian Grand Prix,1984_Brazilian_Grand_Prix,wp36917,Alain Prost,no,1984 Formula One World Championship,https://en.wikipedia.org/wiki/1984_Formula_One_World_Championship,1372986620,https://en.wikipedia.org/w/index.php?oldid=1372986620,2026-09-28T09:17:34Z
390,1984,2,1984-04-07,South African Grand Prix,1984_South_African_Grand_Prix,wp40486,Niki Lauda,no,1984 Formula One World Championship,https://en.wikipedia.org/wiki/1984_Formula_One_World_Championship,1372986620,https://en.wikipedia.org/w/index.php?oldid=1372986620,2026-09-28T09:17:34Z
391,1984,3,1984-04-29,Belgian Grand Prix,1984_Belgian_Grand_Prix,wp1018650,Michele Alboreto,no,1984 Formula One World Championship,https://en.wikipedia.org/wiki/1984_Formula_One_World_Championship,1372986620,https://en.wikipedia.org/w/index.php?oldid=1372986620,2026-09-28T09:17:34Z
392,1984,4,1984-05-06,San Marino Grand Prix,1984_San_Marino_Grand_Prix,wp36917,Alain Prost,no,1984 Formula One World Championship,https://en.wikipedia.org/wiki/1984_Formula_One_World_Championship,1372986620,https://en.wikipedia.org/w/index.php?oldid=1372986620,2026-09-28T09:17:34Z
393,1984,5,1984-05-20,French Grand Prix,1984_French_Grand_Prix,wp40486,Niki Lauda,no,1984 Formula One World Championship,https://en.wikipedia.org/wiki/1984_Formula_One_World_Championship,1372986620,https://en.wikipedia.org/w/index.php?oldid=1372986620,2026-09-28T09:17:34Z
394,1984,6,1984-06-03,Monaco Grand Prix,1984_Monaco_Grand_Prix,wp36917,Alain Prost,no,1984 Formula One World Championship,https://en.wikipedia.org/wiki/1984_Formula_One_World_Championship,1372986620,https://en.wikipedia.org/w/index.php?oldid=1372986620,2026-09-28T09:17:34Z
395,1984,7,1984-06-17,Canadian Grand Prix,1984_Canadian_Grand_Prix,wp204645,Nelson Piquet,no,1984 Formula One World Championship,https://en.wikipedia.org/wiki/1984_Formula_One_World_Championship,1372986620,https://en.wikipedia.org/w/index.php?oldid=1372986620,2026-09-28T09:17:34Z
396,1984,8,1984-06-24,Detroit Grand Prix,1984_Detroit_Grand_Prix,wp204645,Nelson Piquet,no,1984 Formula One World Championship,https://en.wikipedia.org/wiki/1984_Formula_One_World_Championship,1372986620,https://en.wikipedia.org/w/index.php?oldid=1372986620,2026-09-28T09:17:34Z
397,1984,9,1984-07-08,Dallas Grand Prix,1984_Dallas_Grand_Prix,wp230197,Keke Rosberg,no,1984 Formula One World Championship,https://en.wikipedia.org/wiki/1984_Formula_One_World_Championship,1372986620,https://en.wikipedia.org/w/index.php?oldid=1372986620,2026-09-28T09:17:34Z
398,1984,10,1984-07-22,British Grand Prix,1984_British_Grand_Prix,wp40486,Niki Lauda,no,1984 Formula One World Championship,https://en.wikipedia.org/wiki/1984_Formula_One_World_Championship,1372986620,https://en.wikipedia.org/w/index.php?oldid=1372986620,2026-09-28T09:17:34Z
399,1984,11,1984-08-05,German Grand Prix,1984_German_Grand_Prix,wp36917,Alain Prost,no,1984 Formula One World Championship,https://en.wikipedia.org/wiki/1984_Formula_One_World_Championship,1372986620,https://en.wikipedia.org/w/index.php?oldid=1372986620,2026-09-28T09:17:34Z
400,1984,12,1984-08-19,Austrian Grand Prix,1984_Austrian_Grand_Prix,wp40486,Niki Lauda,no,1984 Formula One World Championship,https://en.wikipedia.org/wiki/1984_Formula_One_World_Championship,1372986620,https://en.wikipedia.org/w/index.php?oldid=1372986620,2026-09-28T09:17:34Z
401,1984,13,1984-08-26,Dutch Grand Prix,1984_Dutch_Grand_Prix,wp36917,Alain Prost,no,1984 Formula One World Championship,https://en.wikipedia.org/wiki/1984_Formula_One_World_Championship,1372986620,https://en.wikipedia.org/w/index.php?oldid=1372986620,2026-09-28T09:17:34Z
402,1984,14,1984-09-09,Italian Grand Prix,1984_Italian_Grand_Prix,wp40486,Niki Lauda,no,1984 Formula One World Championship,https://en.wikipedia.org/wiki/1984_Formula_One_World_Championship,1372986620,https://en.wikipedia.org/w/index.php?oldid=1372986620,2026-09-28T09:17:34Z
403,1984,15,1984-10-07,European Grand Prix,1984_European_Grand_Prix,wp36917,Alain Prost,no,1984 Formula One World Championship,https://en.wikipedia.org/wiki/1984_Formula_One_World_Championship,1372986620,https://en.wikipedia.org/w/index.php?oldid=1372986620,2026-09-28T09:17:34Z
404,1984,16,1984-10-21,Portuguese Grand Prix,1984_Portuguese_Grand_Prix,wp36917,Alain Prost,no,1984 Formula One World Championship,https://en.wikipedia.org/wiki/1984_Formula_One_World_Championship,1372986620,https://en.wikipedia.org/w/index.php?oldid=1372986620,2026-09-28T09:17:34Z
405,1985,1,1985-04-07,Brazilian Grand Prix,1985_Brazilian_Grand_Prix,wp36917,Alain Prost,no,1985 Formula One World Championship,https://en.wikipedia.org/wiki/1985_Formula_One_World_Championship,1371261644,https://en.wikipedia.org/w/index.php?oldid=1371261644,2026-09-28T09:17:36Z
406,1985,2,1985-04-21,Portuguese Grand Prix,1985_Portuguese_Grand_Prix,wp146638,Ayrton Senna,no,1985 Formula One World Championship,https://en.wikipedia.org/wiki/1985_Formula_One_World_Championship,1371261644,https://en.wikipedia.org/w/index.php?oldid=1371261644,2026-09-28T09:17:36Z
407,1985,3,1985-05-05,San Marino Grand Prix,1985_San_Marino_Grand_Prix,wp1048978,Elio de Angelis,no,1985 Formula One World Championship,https://en.wikipedia.org/wiki/1985_Formula_One_World_Championship,1371261644,https://en.wikipedia.org/w/index.php?oldid=1371261644,2026-09-28T09:17:36Z
408,1985,4,1985-05-19,Monaco Grand Prix,1985_Monaco_Grand_Prix,wp36917,Alain Prost,no,1985 Formula One World Championship,https://en.wikipedia.org/wiki/1985_Formula_One_World_Championship,1371261644,https://en.wikipedia.org/w/index.php?oldid=1371261644,2026-09-28T09:17:36Z
409,1985,5,1985-06-16,Canadian Grand Prix,1985_Canadian_Grand_Prix,wp1018650,Michele Alboreto,no,1985 Formula One World Championship,https://en.wikipedia.org/wiki/1985_Formula_One_World_Championship,1371261644,https://en.wikipedia.org/w/index.php?oldid=1371261644,2026-09-28T09:17:36Z
410,1985,6,1985-06-23,Detroit Grand Prix,1985_Detroit_Grand_Prix,wp230197,Keke Rosberg,no,1985 Formula One World Championship,https://en.wikipedia.org/wiki/1985_Formula_One_World_Championship,1371261644,https://en.wikipedia.org/w/index.php?oldid=1371261644,2026-09-28T09:17:36Z
411,1985,7,1985-07-07,French Grand Prix,1985_French_Grand_Prix,wp204645,Nelson Piquet,no,1985 Formula One World Championship,https://en.wikipedia.org/wiki/1985_Formula_One_World_Championship,1371261644,https://en.wikipedia.org/w/index.php?oldid=1371261644,2026-09-28T09:17:36Z
412,1985,8,1985-07-21,British Grand Prix,1985_British_Grand_Prix,wp36917,Alain Prost,no,1985 Formula One World Championship,https://en.wikipedia.org/wiki/1985_Formula_One_World_Championship,1371261644,https://en.wikipedia.org/w/index.php?oldid=1371261644,2026-09-28T09:17:36Z
413,1985,9,1985-08-04,German Grand Prix,1985_German_Grand_Prix,wp1018650,Michele Alboreto,no,1985 Formula One World Championship,https://en.wikipedia.org/wiki/1985_Formula_One_World_Championship,1371261644,https://en.wikipedia.org/w/index.php?oldid=1371261644,2026-09-28T09:17:36Z
414,1985,10,1985-08-18,Austrian Grand Prix,1985_Austrian_Grand_Prix,wp36917,Alain Prost,no,1985 Formula One World Championship,https://en.wikipedia.org/wiki/1985_Formula_One_World_Championship,1371261644,https://en.wikipedia.org/w/index.php?oldid=1371261644,2026-09-28T09:17:36Z
415,1985,11,1985-08-25,Dutch Grand Prix,1985_Dutch_Grand_Prix,wp40486,Niki Lauda,no,1985 Formula One World Championship,https://en.wikipedia.org/wiki/1985_Formula_One_World_Championship,1371261644,https://en.wikipedia.org/w/index.php?oldid=1371261644,2026-09-28T09:17:36Z
416,1985,12,1985-09-08,Italian Grand Prix,1985_Italian_Grand_Prix,wp36917,Alain Prost,no,1985 Formula One World Championship,https://en.wikipedia.org/wiki/1985_Formula_One_World_Championship,1371261644,https://en.wikipedia.org/w/index.php?oldid=1371261644,2026-09-28T09:17:36Z
417,1985,13,1985-09-15,Belgian Grand Prix,1985_Belgian_Grand_Prix,wp146638,Ayrton Senna,no,1985 Formula One World Championship,https://en.wikipedia.org/wiki/1985_Formula_One_World_Championship,1371261644,https://en.wikipedia.org/w/index.php?oldid=1371261644,2026-09-28T09:17:36Z
418,1985,14,1985-10-06,European Grand Prix,1985_European_Grand_Prix,wp228615,Nigel Mansell,no,1985 Formula One World Championship,https://en.wikipedia.org/wiki/1985_Formula_One_World_Championship,1371261644,https://en.wikipedia.org/w/index.php?oldid=1371261644,2026-09-28T09:17:36Z
419,1985,15,1985-10-19,South African Grand Prix,1985_South_African_Grand_Prix,wp228615,Nigel Mansell,no,1985 Formula One World Championship,https://en.wikipedia.org/wiki/1985_Formula_One_World_Championship,1371261644,https://en.wikipedia.org/w/index.php?oldid=1371261644,2026-09-28T09:17:36Z
420,1985,16,1985-11-03,Australian Grand Prix,1985_Australian_Grand_Prix,wp230197,Keke Rosberg,no,1985 Formula One World Championship,https://en.wikipedia.org/wiki/1985_Formula_One_World_Championship,1371261644,https://en.wikipedia.org/w/index.php?oldid=1371261644,2026-09-28T09:17:36Z
421,1986,1,1986-03-23,Brazilian Grand Prix,1986_Brazilian_Grand_Prix,wp204645,Nelson Piquet,no,1986 Formula One World Championship,https://en.wikipedia.org/wiki/1986_Formula_One_World_Championship,1371098877,https://en.wikipedia.org/w/index.php?oldid=1371098877,2026-09-28T09:17:37Z
422,1986,2,1986-04-13,Spanish Grand Prix,1986_Spanish_Grand_Prix,wp146638,Ayrton Senna,no,1986 Formula One World Championship,https://en.wikipedia.org/wiki/1986_Formula_One_World_Championship,1371098877,https://en.wikipedia.org/w/index.php?oldid=1371098877,2026-09-28T09:17:37Z
423,1986,3,1986-04-27,San Marino Grand Prix,1986_San_Marino_Grand_Prix,wp36917,Alain Prost,no,1986 Formula One World Championship,https://en.wikipedia.org/wiki/1986_Formula_One_World_Championship,1371098877,https://en.wikipedia.org/w/index.php?oldid=1371098877,2026-09-28T09:17:37Z
424,1986,4,1986-05-11,Monaco Grand Prix,1986_Monaco_Grand_Prix,wp36917,Alain Prost,no,1986 Formula One World Championship,https://en.wikipedia.org/wiki/1986_Formula_One_World_Championship,1371098877,https://en.wikipedia.org/w/index.php?oldid=1371098877,2026-09-28T09:17:37Z
425,1986,5,1986-05-25,Belgian Grand Prix,1986_Belgian_Grand_Prix,wp228615,Nigel Mansell,no,1986 Formula One World Championship,https://en.wikipedia.org/wiki/1986_Formula_One_World_Championship,1371098877,https://en.wikipedia.org/w/index.php?oldid=1371098877,2026-09-28T09:17:37Z
426,1986,6,1986-06-15,Canadian Grand Prix,1986_Canadian_Grand_Prix,wp228615,Nigel Mansell,no,1986 Formula One World Championship,https://en.wikipedia.org/wiki/1986_Formula_One_World_Championship,1371098877,https://en.wikipedia.org/w/index.php?oldid=1371098877,2026-09-28T09:17:37Z
427,1986,7,1986-06-22,Detroit Grand Prix,1986_Detroit_Grand_Prix,wp146638,Ayrton Senna,no,1986 Formula One World Championship,https://en.wikipedia.org/wiki/1986_Formula_One_World_Championship,1371098877,https://en.wikipedia.org/w/index.php?oldid=1371098877,2026-09-28T09:17:37Z
428,1986,8,1986-07-06,French Grand Prix,1986_French_Grand_Prix,wp228615,Nigel Mansell,no,1986 Formula One World Championship,https://en.wikipedia.org/wiki/1986_Formula_One_World_Championship,1371098877,https://en.wikipedia.org/w/index.php?oldid=1371098877,2026-09-28T09:17:37Z
429,1986,9,1986-07-13,British Grand Prix,1986_British_Grand_Prix,wp228615,Nigel Mansell,no,1986 Formula One World Championship,https://en.wikipedia.org/wiki/1986_Formula_One_World_Championship,1371098877,https://en.wikipedia.org/w/index.php?oldid=1371098877,2026-09-28T09:17:37Z
430,1986,10,1986-07-27,German Grand Prix,1986_German_Grand_Prix,wp204645,Nelson Piquet,no,1986 Formula One World Championship,https://en.wikipedia.org/wiki/1986_Formula_One_World_Championship,1371098877,https://en.wikipedia.org/w/index.php?oldid=1371098877,2026-09-28T09:17:37Z
431,1986,11,1986-08-10,Hungarian Grand Prix,1986_Hungarian_Grand_Prix,wp204645,Nelson Piquet,no,1986 Formula One World Championship,https://en.wikipedia.org/wiki/1986_Formula_One_World_Championship,1371098877,https://en.wikipedia.org/w/index.php?oldid=1371098877,2026-09-28T09:17:37Z
432,1986,12,1986-08-17,Austrian Grand Prix,1986_Austrian_Grand_Prix,wp36917,Alain Prost,no,1986 Formula One World Championship,https://en.wikipedia.org/wiki/1986_Formula_One_World_Championship,1371098877,https://en.wikipedia.org/w/index.php?oldid=1371098877,2026-09-28T09:17:37Z
433,1986,13,1986-09-07,Italian Grand Prix,1986_Italian_Grand_Prix,wp204645,Nelson Piquet,no,1986 Formula One World Championship,https://en.wikipedia.org/wiki/1986_Formula_One_World_Championship,1371098877,https://en.wikipedia.org/w/index.php?oldid=1371098877,2026-09-28T09:17:37Z
434,1986,14,1986-09-21,Portuguese Grand Prix,1986_Portuguese_Grand_Prix,wp228615,Nigel Mansell,no,1986 Formula One World Championship,https://en.wikipedia.org/wiki/1986_Formula_One_World_Championship,1371098877,https://en.wikipedia.org/w/index.php?oldid=1371098877,2026-09-28T09:17:37Z
435,1986,15,1986-10-12,Mexican Grand Prix,1986_Mexican_Grand_Prix,wp343833,Gerhard Berger,no,1986 Formula One World Championship,https://en.wikipedia.org/wiki/1986_Formula_One_World_Championship,1371098877,https://en.wikipedia.org/w/index.php?oldid=1371098877,2026-09-28T09:17:37Z
436,1986,16,1986-10-26,Australian Grand Prix,1986_Australian_Grand_Prix,wp36917,Alain Prost,no,1986 Formula One World Championship,https://en.wikipedia.org/wiki/1986_Formula_One_World_Championship,1371098877,https://en.wikipedia.org/w/index.php?oldid=1371098877,2026-09-28T09:17:37Z
437,1987,1,1987-04-12,Brazilian Grand Prix,1987_Brazilian_Grand_Prix,wp36917,Alain Prost,no,1987 Formula One World Championship,https://en.wikipedia.org/wiki/1987_Formula_One_World_Championship,1374543474,https://en.wikipedia.org/w/index.php?oldid=1374543474,2026-09-28T09:17:38Z
438,1987,2,1987-05-03,San Marino Grand Prix,1987_San_Marino_Grand_Prix,wp228615,Nigel Mansell,no,1987 Formula One World Championship,https://en.wikipedia.org/wiki/1987_Formula_One_World_Championship,1374543474,https://en.wikipedia.org/w/index.php?oldid=1374543474,2026-09-28T09:17:38Z
439,1987,3,1987-05-17,Belgian Grand Prix,1987_Belgian_Grand_Prix,wp36917,Alain Prost,no,1987 Formula One World Championship,https://en.wikipedia.org/wiki/1987_Formula_One_World_Championship,1374543474,https://en.wikipedia.org/w/index.php?oldid=1374543474,2026-09-28T09:17:38Z
440,1987,4,1987-05-31,Monaco Grand Prix,1987_Monaco_Grand_Prix,wp146638,Ayrton Senna,no,1987 Formula One World Championship,https://en.wikipedia.org/wiki/1987_Formula_One_World_Championship,1374543474,https://en.wikipedia.org/w/index.php?oldid=1374543474,2026-09-28T09:17:38Z
441,1987,5,1987-06-21,Detroit Grand Prix,1987_Detroit_Grand_Prix,wp146638,Ayrton Senna,no,1987 Formula One World Championship,https://en.wikipedia.org/wiki/1987_Formula_One_World_Championship,1374543474,https://en.wikipedia.org/w/index.php?oldid=1374543474,2026-09-28T09:17:38Z
442,1987,6,1987-07-05,French Grand Prix,1987_French_Grand_Prix,wp228615,Nigel Mansell,no,1987 Formula One World Championship,https://en.wikipedia.org/wiki/1987_Formula_One_World_Championship,1374543474,https://en.wikipedia.org/w/index.php?oldid=1374543474,2026-09-28T09:17:38Z
443,1987,7,1987-07-12,British Grand Prix,1987_British_Grand_Prix,wp228615,Nigel Mansell,no,1987 Formula One World Championship,https://en.wikipedia.org/wiki/1987_Formula_One_World_Championship,1374543474,https://en.wikipedia.org/w/index.php?oldid=1374543474,2026-09-28T09:17:38Z
444,1987,8,1987-07-26,German Grand Prix,1987_German_Grand_Prix,wp204645,Nelson Piquet,no,1987 Formula One World Championship,https://en.wikipedia.org/wiki/1987_Formula_One_World_Championship,1374543474,https://en.wikipedia.org/w/index.php?oldid=1374543474,2026-09-28T09:17:38Z
445,1987,9,1987-08-09,Hungarian Grand Prix,1987_Hungarian_Grand_Prix,wp204645,Nelson Piquet,no,1987 Formula One World Championship,https://en.wikipedia.org/wiki/1987_Formula_One_World_Championship,1374543474,https://en.wikipedia.org/w/index.php?oldid=1374543474,2026-09-28T09:17:38Z
446,1987,10,1987-08-16,Austrian Grand Prix,1987_Austrian_Grand_Prix,wp228615,Nigel Mansell,no,1987 Formula One World Championship,https://en.wikipedia.org/wiki/1987_Formula_One_World_Championship,1374543474,https://en.wikipedia.org/w/index.php?oldid=1374543474,2026-09-28T09:17:38Z
447,1987,11,1987-09-06,Italian Grand Prix,1987_Italian_Grand_Prix,wp204645,Nelson Piquet,no,1987 Formula One World Championship,https://en.wikipedia.org/wiki/1987_Formula_One_World_Championship,1374543474,https://en.wikipedia.org/w/index.php?oldid=1374543474,2026-09-28T09:17:38Z
448,1987,12,1987-09-20,Portuguese Grand Prix,1987_Portuguese_Grand_Prix,wp36917,Alain Prost,no,1987 Formula One World Championship,https://en.wikipedia.org/wiki/1987_Formula_One_World_Championship,1374543474,https://en.wikipedia.org/w/index.php?oldid=1374543474,2026-09-28T09:17:38Z
449,1987,13,1987-09-27,Spanish Grand Prix,1987_Spanish_Grand_Prix,wp228615,Nigel Mansell,no,1987 Formula One World Championship,https://en.wikipedia.org/wiki/1987_Formula_One_World_Championship,1374543474,https://en.wikipedia.org/w/index.php?oldid=1374543474,2026-09-28T09:17:38Z
450,1987,14,1987-10-18,Mexican Grand Prix,1987_Mexican_Grand_Prix,wp228615,Nigel Mansell,no,1987 Formula One World Championship,https://en.wikipedia.org/wiki/1987_Formula_One_World_Championship,1374543474,https://en.wikipedia.org/w/index.php?oldid=1374543474,2026-09-28T09:17:38Z
451,1987,15,1987-11-01,Japanese Grand Prix,1987_Japanese_Grand_Prix,wp343833,Gerhard Berger,no,1987 Formula One World Championship,https://en.wikipedia.org/wiki/1987_Formula_One_World_Championship,1374543474,https://en.wikipedia.org/w/index.php?oldid=1374543474,2026-09-28T09:17:38Z
452,1987,16,1987-11-15,Australian Grand Prix,1987_Australian_Grand_Prix,wp343833,Gerhard Berger,no,1987 Formula One World Championship,https://en.wikipedia.org/wiki/1987_Formula_One_World_Championship,1374543474,https://en.wikipedia.org/w/index.php?oldid=1374543474,2026-09-28T09:17:38Z
453,1988,1,1988-04-03,Brazilian Grand Prix,1988_Brazilian_Grand_Prix,wp36917,Alain Prost,no,1988 Formula One World Championship,https://en.wikipedia.org/wiki/1988_Formula_One_World_Championship,1371162986,https://en.wikipedia.org/w/index.php?oldid=1371162986,2026-09-28T09:17:39Z
454,1988,2,1988-05-01,San Marino Grand Prix,1988_San_Marino_Grand_Prix,wp146638,Ayrton Senna,no,1988 Formula One World Championship,https://en.wikipedia.org/wiki/1988_Formula_One_World_Championship,1371162986,https://en.wikipedia.org/w/index.php?oldid=1371162986,2026-09-28T09:17:39Z
455,1988,3,1988-05-15,Monaco Grand Prix,1988_Monaco_Grand_Prix,wp36917,Alain Prost,no,1988 Formula One World Championship,https://en.wikipedia.org/wiki/1988_Formula_One_World_Championship,1371162986,https://en.wikipedia.org/w/index.php?oldid=1371162986,2026-09-28T09:17:39Z
456,1988,4,1988-05-29,Mexican Grand Prix,1988_Mexican_Grand_Prix,wp36917,Alain Prost,no,1988 Formula One World Championship,https://en.wikipedia.org/wiki/1988_Formula_One_World_Championship,1371162986,https://en.wikipedia.org/w/index.php?oldid=1371162986,2026-09-28T09:17:39Z
457,1988,5,1988-06-12,Canadian Grand Prix,1988_Canadian_Grand_Prix,wp146638,Ayrton Senna,no,1988 Formula One World Championship,https://en.wikipedia.org/wiki/1988_Formula_One_World_Championship,1371162986,https://en.wikipedia.org/w/index.php?oldid=1371162986,2026-09-28T09:17:39Z
458,1988,6,1988-06-19,Detroit Grand Prix,1988_Detroit_Grand_Prix,wp146638,Ayrton Senna,no,1988 Formula One World Championship,https://en.wikipedia.org/wiki/1988_Formula_One_World_Championship,1371162986,https://en.wikipedia.org/w/index.php?oldid=1371162986,2026-09-28T09:17:39Z
459,1988,7,1988-07-03,French Grand Prix,1988_French_Grand_Prix,wp36917,Alain Prost,no,1988 Formula One World Championship,https://en.wikipedia.org/wiki/1988_Formula_One_World_Championship,1371162986,https://en.wikipedia.org/w/index.php?oldid=1371162986,2026-09-28T09:17:39Z
460,1988,8,1988-07-10,British Grand Prix,1988_British_Grand_Prix,wp146638,Ayrton Senna,no,1988 Formula One World Championship,https://en.wikipedia.org/wiki/1988_Formula_One_World_Championship,1371162986,https://en.wikipedia.org/w/index.php?oldid=1371162986,2026-09-28T09:17:39Z
461,1988,9,1988-07-24,German Grand Prix,1988_German_Grand_Prix,wp146638,Ayrton Senna,no,1988 Formula One World Championship,https://en.wikipedia.org/wiki/1988_Formula_One_World_Championship,1371162986,https://en.wikipedia.org/w/index.php?oldid=1371162986,2026-09-28T09:17:39Z
462,1988,10,1988-08-07,Hungarian Grand Prix,1988_Hungarian_Grand_Prix,wp146638,Ayrton Senna,no,1988 Formula One World Championship,https://en.wikipedia.org/wiki/1988_Formula_One_World_Championship,1371162986,https://en.wikipedia.org/w/index.php?oldid=1371162986,2026-09-28T09:17:39Z
463,1988,11,1988-08-28,Belgian Grand Prix,1988_Belgian_Grand_Prix,wp146638,Ayrton Senna,no,1988 Formula One World Championship,https://en.wikipedia.org/wiki/1988_Formula_One_World_Championship,1371162986,https://en.wikipedia.org/w/index.php?oldid=1371162986,2026-09-28T09:17:39Z
464,1988,12,1988-09-11,Italian Grand Prix,1988_Italian_Grand_Prix,wp343833,Gerhard Berger,no,1988 Formula One World Championship,https://en.wikipedia.org/wiki/1988_Formula_One_World_Championship,1371162986,https://en.wikipedia.org/w/index.php?oldid=1371162986,2026-09-28T09:17:39Z
465,1988,13,1988-09-25,Portuguese Grand Prix,1988_Portuguese_Grand_Prix,wp36917,Alain Prost,no,1988 Formula One World Championship,https://en.wikipedia.org/wiki/1988_Formula_One_World_Championship,1371162986,https://en.wikipedia.org/w/index.php?oldid=1371162986,2026-09-28T09:17:39Z
466,1988,14,1988-10-02,Spanish Grand Prix,1988_Spanish_Grand_Prix,wp36917,Alain Prost,no,1988 Formula One World Championship,https://en.wikipedia.org/wiki/1988_Formula_One_World_Championship,1371162986,https://en.wikipedia.org/w/index.php?oldid=1371162986,2026-09-28T09:17:39Z
467,1988,15,1988-10-30,Japanese Grand Prix,1988_Japanese_Grand_Prix,wp146638,Ayrton Senna,no,1988 Formula One World Championship,https://en.wikipedia.org/wiki/1988_Formula_One_World_Championship,1371162986,https://en.wikipedia.org/w/index.php?oldid=1371162986,2026-09-28T09:17:39Z
468,1988,16,1988-11-13,Australian Grand Prix,1988_Australian_Grand_Prix,wp36917,Alain Prost,no,1988 Formula One World Championship,https://en.wikipedia.org/wiki/1988_Formula_One_World_Championship,1371162986,https://en.wikipedia.org/w/index.php?oldid=1371162986,2026-09-28T09:17:39Z
469,1989,1,1989-03-26,Brazilian Grand Prix,1989_Brazilian_Grand_Prix,wp228615,Nigel Mansell,no,1989 Formula One World Championship,https://en.wikipedia.org/wiki/1989_Formula_One_World_Championship,1376825078,https://en.wikipedia.org/w/index.php?oldid=1376825078,2026-09-28T09:17:40Z
470,1989,2,1989-04-23,San Marino Grand Prix,1989_San_Marino_Grand_Prix,wp146638,Ayrton Senna,no,1989 Formula One World Championship,https://en.wikipedia.org/wiki/1989_Formula_One_World_Championship,1376825078,https://en.wikipedia.org/w/index.php?oldid=1376825078,2026-09-28T09:17:40Z
471,1989,3,1989-05-07,Monaco Grand Prix,1989_Monaco_Grand_Prix,wp146638,Ayrton Senna,no,1989 Formula One World Championship,https://en.wikipedia.org/wiki/1989_Formula_One_World_Championship,1376825078,https://en.wikipedia.org/w/index.php?oldid=1376825078,2026-09-28T09:17:40Z
472,1989,4,1989-05-28,Mexican Grand Prix,1989_Mexican_Grand_Prix,wp146638,Ayrton Senna,no,1989 Formula One World Championship,https://en.wikipedia.org/wiki/1989_Formula_One_World_Championship,1376825078,https://en.wikipedia.org/w/index.php?oldid=1376825078,2026-09-28T09:17:40Z
473,1989,5,1989-06-04,United States Grand Prix,1989_United_States_Grand_Prix,wp36917,Alain Prost,no,1989 Formula One World Championship,https://en.wikipedia.org/wiki/1989_Formula_One_World_Championship,1376825078,https://en.wikipedia.org/w/index.php?oldid=1376825078,2026-09-28T09:17:40Z
474,1989,6,1989-06-18,Canadian Grand Prix,1989_Canadian_Grand_Prix,wp1114709,Thierry Boutsen,no,1989 Formula One World Championship,https://en.wikipedia.org/wiki/1989_Formula_One_World_Championship,1376825078,https://en.wikipedia.org/w/index.php?oldid=1376825078,2026-09-28T09:17:40Z
475,1989,7,1989-07-09,French Grand Prix,1989_French_Grand_Prix,wp36917,Alain Prost,no,1989 Formula One World Championship,https://en.wikipedia.org/wiki/1989_Formula_One_World_Championship,1376825078,https://en.wikipedia.org/w/index.php?oldid=1376825078,2026-09-28T09:17:40Z
476,1989,8,1989-07-16,British Grand Prix,1989_British_Grand_Prix,wp36917,Alain Prost,no,1989 Formula One World Championship,https://en.wikipedia.org/wiki/1989_Formula_One_World_Championship,1376825078,https://en.wikipedia.org/w/index.php?oldid=1376825078,2026-09-28T09:17:40Z
477,1989,9,1989-07-30,German Grand Prix,1989_German_Grand_Prix,wp146638,Ayrton Senna,no,1989 Formula One World Championship,https://en.wikipedia.org/wiki/1989_Formula_One_World_Championship,1376825078,https://en.wikipedia.org/w/index.php?oldid=1376825078,2026-09-28T09:17:40Z
478,1989,10,1989-08-13,Hungarian Grand Prix,1989_Hungarian_Grand_Prix,wp228615,Nigel Mansell,no,1989 Formula One World Championship,https://en.wikipedia.org/wiki/1989_Formula_One_World_Championship,1376825078,https://en.wikipedia.org/w/index.php?oldid=1376825078,2026-09-28T09:17:40Z
479,1989,11,1989-08-27,Belgian Grand Prix,1989_Belgian_Grand_Prix,wp146638,Ayrton Senna,no,1989 Formula One World Championship,https://en.wikipedia.org/wiki/1989_Formula_One_World_Championship,1376825078,https://en.wikipedia.org/w/index.php?oldid=1376825078,2026-09-28T09:17:40Z
480,1989,12,1989-09-10,Italian Grand Prix,1989_Italian_Grand_Prix,wp36917,Alain Prost,no,1989 Formula One World Championship,https://en.wikipedia.org/wiki/1989_Formula_One_World_Championship,1376825078,https://en.wikipedia.org/w/index.php?oldid=1376825078,2026-09-28T09:17:40Z
481,1989,13,1989-09-24,Portuguese Grand Prix,1989_Portuguese_Grand_Prix,wp343833,Gerhard Berger,no,1989 Formula One World Championship,https://en.wikipedia.org/wiki/1989_Formula_One_World_Championship,1376825078,https://en.wikipedia.org/w/index.php?oldid=1376825078,2026-09-28T09:17:40Z
482,1989,14,1989-10-01,Spanish Grand Prix,1989_Spanish_Grand_Prix,wp146638,Ayrton Senna,no,1989 Formula One World Championship,https://en.wikipedia.org/wiki/1989_Formula_One_World_Championship,1376825078,https://en.wikipedia.org/w/index.php?oldid=1376825078,2026-09-28T09:17:40Z
483,1989,15,1989-10-22,Japanese Grand Prix,1989_Japanese_Grand_Prix,wp1218385,Alessandro Nannini,no,1989 Formula One World Championship,https://en.wikipedia.org/wiki/1989_Formula_One_World_Championship,1376825078,https://en.wikipedia.org/w/index.php?oldid=1376825078,2026-09-28T09:17:40Z
484,1989,16,1989-11-05,Australian Grand Prix,1989_Australian_Grand_Prix,wp1114709,Thierry Boutsen,no,1989 Formula One World Championship,https://en.wikipedia.org/wiki/1989_Formula_One_World_Championship,1376825078,https://en.wikipedia.org/w/index.php?oldid=1376825078,2026-09-28T09:17:40Z
485,1990,1,1990-03-11,United States Grand Prix,1990_United_States_Grand_Prix,wp146638,Ayrton Senna,no,1990 Formula One World Championship,https://en.wikipedia.org/wiki/1990_Formula_One_World_Championship,1371101301,https://en.wikipedia.org/w/index.php?oldid=1371101301,2026-09-28T09:17:41Z
486,1990,2,1990-03-25,Brazilian Grand Prix,1990_Brazilian_Grand_Prix,wp36917,Alain Prost,no,1990 Formula One World Championship,https://en.wikipedia.org/wiki/1990_Formula_One_World_Championship,1371101301,https://en.wikipedia.org/w/index.php?oldid=1371101301,2026-09-28T09:17:41Z
487,1990,3,1990-05-13,San Marino Grand Prix,1990_San_Marino_Grand_Prix,wp38875,Riccardo Patrese,no,1990 Formula One World Championship,https://en.wikipedia.org/wiki/1990_Formula_One_World_Championship,1371101301,https://en.wikipedia.org/w/index.php?oldid=1371101301,2026-09-28T09:17:41Z
488,1990,4,1990-05-27,Monaco Grand Prix,1990_Monaco_Grand_Prix,wp146638,Ayrton Senna,no,1990 Formula One World Championship,https://en.wikipedia.org/wiki/1990_Formula_One_World_Championship,1371101301,https://en.wikipedia.org/w/index.php?oldid=1371101301,2026-09-28T09:17:41Z
489,1990,5,1990-06-10,Canadian Grand Prix,1990_Canadian_Grand_Prix,wp146638,Ayrton Senna,no,1990 Formula One World Championship,https://en.wikipedia.org/wiki/1990_Formula_One_World_Championship,1371101301,https://en.wikipedia.org/w/index.php?oldid=1371101301,2026-09-28T09:17:41Z
490,1990,6,1990-06-24,Mexican Grand Prix,1990_Mexican_Grand_Prix,wp36917,Alain Prost,no,1990 Formula One World Championship,https://en.wikipedia.org/wiki/1990_Formula_One_World_Championship,1371101301,https://en.wikipedia.org/w/index.php?oldid=1371101301,2026-09-28T09:17:41Z
491,1990,7,1990-07-08,French Grand Prix,1990_French_Grand_Prix,wp36917,Alain Prost,no,1990 Formula One World Championship,https://en.wikipedia.org/wiki/1990_Formula_One_World_Championship,1371101301,https://en.wikipedia.org/w/index.php?oldid=1371101301,2026-09-28T09:17:41Z
492,1990,8,1990-07-15,British Grand Prix,1990_British_Grand_Prix,wp36917,Alain Prost,no,1990 Formula One World Championship,https://en.wikipedia.org/wiki/1990_Formula_One_World_Championship,1371101301,https://en.wikipedia.org/w/index.php?oldid=1371101301,2026-09-28T09:17:41Z
493,1990,9,1990-07-29,German Grand Prix,1990_German_Grand_Prix,wp146638,Ayrton Senna,no,1990 Formula One World Championship,https://en.wikipedia.org/wiki/1990_Formula_One_World_Championship,1371101301,https://en.wikipedia.org/w/index.php?oldid=1371101301,2026-09-28T09:17:41Z
494,1990,10,1990-08-12,Hungarian Grand Prix,1990_Hungarian_Grand_Prix,wp1114709,Thierry Boutsen,no,1990 Formula One World Championship,https://en.wikipedia.org/wiki/1990_Formula_One_World_Championship,1371101301,https://en.wikipedia.org/w/index.php?oldid=1371101301,2026-09-28T09:17:41Z
495,1990,11,1990-08-26,Belgian Grand Prix,1990_Belgian_Grand_Prix,wp146638,Ayrton Senna,no,1990 Formula One World Championship,https://en.wikipedia.org/wiki/1990_Formula_One_World_Championship,1371101301,https://en.wikipedia.org/w/index.php?oldid=1371101301,2026-09-28T09:17:41Z
496,1990,12,1990-09-09,Italian Grand Prix,1990_Italian_Grand_Prix,wp146638,Ayrton Senna,no,1990 Formula One World Championship,https://en.wikipedia.org/wiki/1990_Formula_One_World_Championship,1371101301,https://en.wikipedia.org/w/index.php?oldid=1371101301,2026-09-28T09:17:41Z
497,1990,13,1990-09-23,Portuguese Grand Prix,1990_Portuguese_Grand_Prix,wp228615,Nigel Mansell,no,1990 Formula One World Championship,https://en.wikipedia.org/wiki/1990_Formula_One_World_Championship,1371101301,https://en.wikipedia.org/w/index.php?oldid=1371101301,2026-09-28T09:17:41Z
498,1990,14,1990-09-30,Spanish Grand Prix,1990_Spanish_Grand_Prix,wp36917,Alain Prost,no,1990 Formula One World Championship,https://en.wikipedia.org/wiki/1990_Formula_One_World_Championship,1371101301,https://en.wikipedia.org/w/index.php?oldid=1371101301,2026-09-28T09:17:41Z
499,1990,15,1990-10-21,Japanese Grand Prix,1990_Japanese_Grand_Prix,wp204645,Nelson Piquet,no,1990 Formula One World Championship,https://en.wikipedia.org/wiki/1990_Formula_One_World_Championship,1371101301,https://en.wikipedia.org/w/index.php?oldid=1371101301,2026-09-28T09:17:41Z
500,1990,16,1990-11-04,Australian Grand Prix,1990_Australian_Grand_Prix,wp204645,Nelson Piquet,no,1990 Formula One World Championship,https://en.wikipedia.org/wiki/1990_Formula_One_World_Championship,1371101301,https://en.wikipedia.org/w/index.php?oldid=1371101301,2026-09-28T09:17:41Z
501,1991,1,1991-03-10,United States Grand Prix,1991_United_States_Grand_Prix,wp146638,Ayrton Senna,no,1991 Formula One World Championship,https://en.wikipedia.org/wiki/1991_Formula_One_World_Championship,1376394398,https://en.wikipedia.org/w/index.php?oldid=1376394398,2026-09-28T09:17:42Z
502,1991,2,1991-03-24,Brazilian Grand Prix,1991_Brazilian_Grand_Prix,wp146638,Ayrton Senna,no,1991 Formula One World Championship,https://en.wikipedia.org/wiki/1991_Formula_One_World_Championship,1376394398,https://en.wikipedia.org/w/index.php?oldid=1376394398,2026-09-28T09:17:42Z
503,1991,3,1991-04-28,San Marino Grand Prix,1991_San_Marino_Grand_Prix,wp146638,Ayrton Senna,no,1991 Formula One World Championship,https://en.wikipedia.org/wiki/1991_Formula_One_World_Championship,1376394398,https://en.wikipedia.org/w/index.php?oldid=1376394398,2026-09-28T09:17:42Z
504,1991,4,1991-05-12,Monaco Grand Prix,1991_Monaco_Grand_Prix,wp146638,Ayrton Senna,no,1991 Formula One World Championship,https://en.wikipedia.org/wiki/1991_Formula_One_World_Championship,1376394398,https://en.wikipedia.org/w/index.php?oldid=1376394398,2026-09-28T09:17:42Z
505,1991,5,1991-06-02,Canadian Grand Prix,1991_Canadian_Grand_Prix,wp204645,Nelson Piquet,no,1991 Formula One World Championship,https://en.wikipedia.org/wiki/1991_Formula_One_World_Championship,1376394398,https://en.wikipedia.org/w/index.php?oldid=1376394398,2026-09-28T09:17:42Z
506,1991,6,1991-06-16,Mexican Grand Prix,1991_Mexican_Grand_Prix,wp38875,Riccardo Patrese,no,1991 Formula One World Championship,https://en.wikipedia.org/wiki/1991_Formula_One_World_Championship,1376394398,https://en.wikipedia.org/w/index.php?oldid=1376394398,2026-09-28T09:17:42Z
507,1991,7,1991-07-07,French Grand Prix,1991_French_Grand_Prix,wp228615,Nigel Mansell,no,1991 Formula One World Championship,https://en.wikipedia.org/wiki/1991_Formula_One_World_Championship,1376394398,https://en.wikipedia.org/w/index.php?oldid=1376394398,2026-09-28T09:17:42Z
508,1991,8,1991-07-14,British Grand Prix,1991_British_Grand_Prix,wp228615,Nigel Mansell,no,1991 Formula One World Championship,https://en.wikipedia.org/wiki/1991_Formula_One_World_Championship,1376394398,https://en.wikipedia.org/w/index.php?oldid=1376394398,2026-09-28T09:17:42Z
509,1991,9,1991-07-28,German Grand Prix,1991_German_Grand_Prix,wp228615,Nigel Mansell,no,1991 Formula One World Championship,https://en.wikipedia.org/wiki/1991_Formula_One_World_Championship,1376394398,https://en.wikipedia.org/w/index.php?oldid=1376394398,2026-09-28T09:17:42Z
510,1991,10,1991-08-11,Hungarian Grand Prix,1991_Hungarian_Grand_Prix,wp146638,Ayrton Senna,no,1991 Formula One World Championship,https://en.wikipedia.org/wiki/1991_Formula_One_World_Championship,1376394398,https://en.wikipedia.org/w/index.php?oldid=1376394398,2026-09-28T09:17:42Z
511,1991,11,1991-08-25,Belgian Grand Prix,1991_Belgian_Grand_Prix,wp146638,Ayrton Senna,no,1991 Formula One World Championship,https://en.wikipedia.org/wiki/1991_Formula_One_World_Championship,1376394398,https://en.wikipedia.org/w/index.php?oldid=1376394398,2026-09-28T09:17:42Z
512,1991,12,1991-09-08,Italian Grand Prix,1991_Italian_Grand_Prix,wp228615,Nigel Mansell,no,1991 Formula One World Championship,https://en.wikipedia.org/wiki/1991_Formula_One_World_Championship,1376394398,https://en.wikipedia.org/w/index.php?oldid=1376394398,2026-09-28T09:17:42Z
513,1991,13,1991-09-22,Portuguese Grand Prix,1991_Portuguese_Grand_Prix,wp38875,Riccardo Patrese,no,1991 Formula One World Championship,https://en.wikipedia.org/wiki/1991_Formula_One_World_Championship,1376394398,https://en.wikipedia.org/w/index.php?oldid=1376394398,2026-09-28T09:17:42Z
514,1991,14,1991-09-29,Spanish Grand Prix,1991_Spanish_Grand_Prix,wp228615,Nigel Mansell,no,1991 Formula One World Championship,https://en.wikipedia.org/wiki/1991_Formula_One_World_Championship,1376394398,https://en.wikipedia.org/w/index.php?oldid=1376394398,2026-09-28T09:17:42Z
515,1991,15,1991-10-20,Japanese Grand Prix,1991_Japanese_Grand_Prix,wp343833,Gerhard Berger,no,1991 Formula One World Championship,https://en.wikipedia.org/wiki/1991_Formula_One_World_Championship,1376394398,https://en.wikipedia.org/w/index.php?oldid=1376394398,2026-09-28T09:17:42Z
516,1991,16,1991-11-03,Australian Grand Prix,1991_Australian_Grand_Prix,wp146638,Ayrton Senna,no,1991 Formula One World Championship,https://en.wikipedia.org/wiki/1991_Formula_One_World_Championship,1376394398,https://en.wikipedia.org/w/index.php?oldid=1376394398,2026-09-28T09:17:42Z
517,1992,1,1992-03-01,South African Grand Prix,1992_South_African_Grand_Prix,wp228615,Nigel Mansell,no,1992 Formula One World Championship,https://en.wikipedia.org/wiki/1992_Formula_One_World_Championship,1369228178,https://en.wikipedia.org/w/index.php?oldid=1369228178,2026-09-28T09:17:43Z
518,1992,2,1992-03-22,Mexican Grand Prix,1992_Mexican_Grand_Prix,wp228615,Nigel Mansell,no,1992 Formula One World Championship,https://en.wikipedia.org/wiki/1992_Formula_One_World_Championship,1369228178,https://en.wikipedia.org/w/index.php?oldid=1369228178,2026-09-28T09:17:43Z
519,1992,3,1992-04-05,Brazilian Grand Prix,1992_Brazilian_Grand_Prix,wp228615,Nigel Mansell,no,1992 Formula One World Championship,https://en.wikipedia.org/wiki/1992_Formula_One_World_Championship,1369228178,https://en.wikipedia.org/w/index.php?oldid=1369228178,2026-09-28T09:17:43Z
520,1992,4,1992-05-03,Spanish Grand Prix,1992_Spanish_Grand_Prix,wp228615,Nigel Mansell,no,1992 Formula One World Championship,https://en.wikipedia.org/wiki/1992_Formula_One_World_Championship,1369228178,https://en.wikipedia.org/w/index.php?oldid=1369228178,2026-09-28T09:17:43Z
521,1992,5,1992-05-17,San Marino Grand Prix,1992_San_Marino_Grand_Prix,wp228615,Nigel Mansell,no,1992 Formula One World Championship,https://en.wikipedia.org/wiki/1992_Formula_One_World_Championship,1369228178,https://en.wikipedia.org/w/index.php?oldid=1369228178,2026-09-28T09:17:43Z
522,1992,6,1992-05-31,Monaco Grand Prix,1992_Monaco_Grand_Prix,wp146638,Ayrton Senna,no,1992 Formula One World Championship,https://en.wikipedia.org/wiki/1992_Formula_One_World_Championship,1369228178,https://en.wikipedia.org/w/index.php?oldid=1369228178,2026-09-28T09:17:43Z
523,1992,7,1992-06-14,Canadian Grand Prix,1992_Canadian_Grand_Prix,wp343833,Gerhard Berger,no,1992 Formula One World Championship,https://en.wikipedia.org/wiki/1992_Formula_One_World_Championship,1369228178,https://en.wikipedia.org/w/index.php?oldid=1369228178,2026-09-28T09:17:43Z
524,1992,8,1992-07-05,French Grand Prix,1992_French_Grand_Prix,wp228615,Nigel Mansell,no,1992 Formula One World Championship,https://en.wikipedia.org/wiki/1992_Formula_One_World_Championship,1369228178,https://en.wikipedia.org/w/index.php?oldid=1369228178,2026-09-28T09:17:43Z
525,1992,9,1992-07-12,British Grand Prix,1992_British_Grand_Prix,wp228615,Nigel Mansell,no,1992 Formula One World Championship,https://en.wikipedia.org/wiki/1992_Formula_One_World_Championship,1369228178,https://en.wikipedia.org/w/index.php?oldid=1369228178,2026-09-28T09:17:43Z
526,1992,10,1992-07-26,German Grand Prix,1992_German_Grand_Prix,wp228615,Nigel Mansell,no,1992 Formula One World Championship,https://en.wikipedia.org/wiki/1992_Formula_One_World_Championship,1369228178,https://en.wikipedia.org/w/index.php?oldid=1369228178,2026-09-28T09:17:43Z
527,1992,11,1992-08-16,Hungarian Grand Prix,1992_Hungarian_Grand_Prix,wp146638,Ayrton Senna,no,1992 Formula One World Championship,https://en.wikipedia.org/wiki/1992_Formula_One_World_Championship,1369228178,https://en.wikipedia.org/w/index.php?oldid=1369228178,2026-09-28T09:17:43Z
528,1992,12,1992-08-30,Belgian Grand Prix,1992_Belgian_Grand_Prix,wp20396,Michael Schumacher,no,1992 Formula One World Championship,https://en.wikipedia.org/wiki/1992_Formula_One_World_Championship,1369228178,https://en.wikipedia.org/w/index.php?oldid=1369228178,2026-09-28T09:17:43Z
529,1992,13,1992-09-13,Italian Grand Prix,1992_Italian_Grand_Prix,wp146638,Ayrton Senna,no,1992 Formula One World Championship,https://en.wikipedia.org/wiki/1992_Formula_One_World_Championship,1369228178,https://en.wikipedia.org/w/index.php?oldid=1369228178,2026-09-28T09:17:43Z
530,1992,14,1992-09-27,Portuguese Grand Prix,1992_Portuguese_Grand_Prix,wp228615,Nigel Mansell,no,1992 Formula One World Championship,https://en.wikipedia.org/wiki/1992_Formula_One_World_Championship,1369228178,https://en.wikipedia.org/w/index.php?oldid=1369228178,2026-09-28T09:17:43Z
531,1992,15,1992-10-25,Japanese Grand Prix,1992_Japanese_Grand_Prix,wp38875,Riccardo Patrese,no,1992 Formula One World Championship,https://en.wikipedia.org/wiki/1992_Formula_One_World_Championship,1369228178,https://en.wikipedia.org/w/index.php?oldid=1369228178,2026-09-28T09:17:43Z
532,1992,16,1992-11-08,Australian Grand Prix,1992_Australian_Grand_Prix,wp343833,Gerhard Berger,no,1992 Formula One World Championship,https://en.wikipedia.org/wiki/1992_Formula_One_World_Championship,1369228178,https://en.wikipedia.org/w/index.php?oldid=1369228178,2026-09-28T09:17:43Z
533,1993,1,1993-03-14,South African Grand Prix,1993_South_African_Grand_Prix,wp36917,Alain Prost,no,1993 Formula One World Championship,https://en.wikipedia.org/wiki/1993_Formula_One_World_Championship,1375412761,https://en.wikipedia.org/w/index.php?oldid=1375412761,2026-09-28T09:17:46Z
534,1993,2,1993-03-28,Brazilian Grand Prix,1993_Brazilian_Grand_Prix,wp146638,Ayrton Senna,no,1993 Formula One World Championship,https://en.wikipedia.org/wiki/1993_Formula_One_World_Championship,1375412761,https://en.wikipedia.org/w/index.php?oldid=1375412761,2026-09-28T09:17:46Z
535,1993,3,1993-04-11,European Grand Prix,1993_European_Grand_Prix,wp146638,Ayrton Senna,no,1993 Formula One World Championship,https://en.wikipedia.org/wiki/1993_Formula_One_World_Championship,1375412761,https://en.wikipedia.org/w/index.php?oldid=1375412761,2026-09-28T09:17:46Z
536,1993,4,1993-04-25,San Marino Grand Prix,1993_San_Marino_Grand_Prix,wp36917,Alain Prost,no,1993 Formula One World Championship,https://en.wikipedia.org/wiki/1993_Formula_One_World_Championship,1375412761,https://en.wikipedia.org/w/index.php?oldid=1375412761,2026-09-28T09:17:46Z
537,1993,5,1993-05-09,Spanish Grand Prix,1993_Spanish_Grand_Prix,wp36917,Alain Prost,no,1993 Formula One World Championship,https://en.wikipedia.org/wiki/1993_Formula_One_World_Championship,1375412761,https://en.wikipedia.org/w/index.php?oldid=1375412761,2026-09-28T09:17:46Z
538,1993,6,1993-05-23,Monaco Grand Prix,1993_Monaco_Grand_Prix,wp146638,Ayrton Senna,no,1993 Formula One World Championship,https://en.wikipedia.org/wiki/1993_Formula_One_World_Championship,1375412761,https://en.wikipedia.org/w/index.php?oldid=1375412761,2026-09-28T09:17:46Z
539,1993,7,1993-06-13,Canadian Grand Prix,1993_Canadian_Grand_Prix,wp36917,Alain Prost,no,1993 Formula One World Championship,https://en.wikipedia.org/wiki/1993_Formula_One_World_Championship,1375412761,https://en.wikipedia.org/w/index.php?oldid=1375412761,2026-09-28T09:17:46Z
540,1993,8,1993-07-04,French Grand Prix,1993_French_Grand_Prix,wp36917,Alain Prost,no,1993 Formula One World Championship,https://en.wikipedia.org/wiki/1993_Formula_One_World_Championship,1375412761,https://en.wikipedia.org/w/index.php?oldid=1375412761,2026-09-28T09:17:46Z
541,1993,9,1993-07-11,British Grand Prix,1993_British_Grand_Prix,wp36917,Alain Prost,no,1993 Formula One World Championship,https://en.wikipedia.org/wiki/1993_Formula_One_World_Championship,1375412761,https://en.wikipedia.org/w/index.php?oldid=1375412761,2026-09-28T09:17:46Z
542,1993,10,1993-07-25,German Grand Prix,1993_German_Grand_Prix,wp36917,Alain Prost,no,1993 Formula One World Championship,https://en.wikipedia.org/wiki/1993_Formula_One_World_Championship,1375412761,https://en.wikipedia.org/w/index.php?oldid=1375412761,2026-09-28T09:17:46Z
543,1993,11,1993-08-15,Hungarian Grand Prix,1993_Hungarian_Grand_Prix,wp78249,Damon Hill,no,1993 Formula One World Championship,https://en.wikipedia.org/wiki/1993_Formula_One_World_Championship,1375412761,https://en.wikipedia.org/w/index.php?oldid=1375412761,2026-09-28T09:17:46Z
544,1993,12,1993-08-29,Belgian Grand Prix,1993_Belgian_Grand_Prix,wp78249,Damon Hill,no,1993 Formula One World Championship,https://en.wikipedia.org/wiki/1993_Formula_One_World_Championship,1375412761,https://en.wikipedia.org/w/index.php?oldid=1375412761,2026-09-28T09:17:46Z
545,1993,13,1993-09-12,Italian Grand Prix,1993_Italian_Grand_Prix,wp78249,Damon Hill,no,1993 Formula One World Championship,https://en.wikipedia.org/wiki/1993_Formula_One_World_Championship,1375412761,https://en.wikipedia.org/w/index.php?oldid=1375412761,2026-09-28T09:17:46Z
546,1993,14,1993-09-26,Portuguese Grand Prix,1993_Portuguese_Grand_Prix,wp20396,Michael Schumacher,no,1993 Formula One World Championship,https://en.wikipedia.org/wiki/1993_Formula_One_World_Championship,1375412761,https://en.wikipedia.org/w/index.php?oldid=1375412761,2026-09-28T09:17:46Z
547,1993,15,1993-10-24,Japanese Grand Prix,1993_Japanese_Grand_Prix,wp146638,Ayrton Senna,no,1993 Formula One World Championship,https://en.wikipedia.org/wiki/1993_Formula_One_World_Championship,1375412761,https://en.wikipedia.org/w/index.php?oldid=1375412761,2026-09-28T09:17:46Z
548,1993,16,1993-11-07,Australian Grand Prix,1993_Australian_Grand_Prix,wp146638,Ayrton Senna,no,1993 Formula One World Championship,https://en.wikipedia.org/wiki/1993_Formula_One_World_Championship,1375412761,https://en.wikipedia.org/w/index.php?oldid=1375412761,2026-09-28T09:17:46Z
549,1994,1,1994-03-27,Brazilian Grand Prix,1994_Brazilian_Grand_Prix,wp20396,Michael Schumacher,no,1994 Formula One World Championship,https://en.wikipedia.org/wiki/1994_Formula_One_World_Championship,1373068999,https://en.wikipedia.org/w/index.php?oldid=1373068999,2026-09-28T09:17:47Z
550,1994,2,1994-04-17,Pacific Grand Prix,1994_Pacific_Grand_Prix,wp20396,Michael Schumacher,no,1994 Formula One World Championship,https://en.wikipedia.org/wiki/1994_Formula_One_World_Championship,1373068999,https://en.wikipedia.org/w/index.php?oldid=1373068999,2026-09-28T09:17:47Z
551,1994,3,1994-05-01,San Marino Grand Prix,1994_San_Marino_Grand_Prix,wp20396,Michael Schumacher,no,1994 Formula One World Championship,https://en.wikipedia.org/wiki/1994_Formula_One_World_Championship,1373068999,https://en.wikipedia.org/w/index.php?oldid=1373068999,2026-09-28T09:17:47Z
552,1994,4,1994-05-15,Monaco Grand Prix,1994_Monaco_Grand_Prix,wp20396,Michael Schumacher,no,1994 Formula One World Championship,https://en.wikipedia.org/wiki/1994_Formula_One_World_Championship,1373068999,https://en.wikipedia.org/w/index.php?oldid=1373068999,2026-09-28T09:17:47Z
553,1994,5,1994-05-29,Spanish Grand Prix,1994_Spanish_Grand_Prix,wp78249,Damon Hill,no,1994 Formula One World Championship,https://en.wikipedia.org/wiki/1994_Formula_One_World_Championship,1373068999,https://en.wikipedia.org/w/index.php?oldid=1373068999,2026-09-28T09:17:47Z
554,1994,6,1994-06-12,Canadian Grand Prix,1994_Canadian_Grand_Prix,wp20396,Michael Schumacher,no,1994 Formula One World Championship,https://en.wikipedia.org/wiki/1994_Formula_One_World_Championship,1373068999,https://en.wikipedia.org/w/index.php?oldid=1373068999,2026-09-28T09:17:47Z
555,1994,7,1994-07-03,French Grand Prix,1994_French_Grand_Prix,wp20396,Michael Schumacher,no,1994 Formula One World Championship,https://en.wikipedia.org/wiki/1994_Formula_One_World_Championship,1373068999,https://en.wikipedia.org/w/index.php?oldid=1373068999,2026-09-28T09:17:47Z
556,1994,8,1994-07-10,British Grand Prix,1994_British_Grand_Prix,wp78249,Damon Hill,no,1994 Formula One World Championship,https://en.wikipedia.org/wiki/1994_Formula_One_World_Championship,1373068999,https://en.wikipedia.org/w/index.php?oldid=1373068999,2026-09-28T09:17:47Z
557,1994,9,1994-07-31,German Grand Prix,1994_German_Grand_Prix,wp343833,Gerhard Berger,no,1994 Formula One World Championship,https://en.wikipedia.org/wiki/1994_Formula_One_World_Championship,1373068999,https://en.wikipedia.org/w/index.php?oldid=1373068999,2026-09-28T09:17:47Z
558,1994,10,1994-08-14,Hungarian Grand Prix,1994_Hungarian_Grand_Prix,wp20396,Michael Schumacher,no,1994 Formula One World Championship,https://en.wikipedia.org/wiki/1994_Formula_One_World_Championship,1373068999,https://en.wikipedia.org/w/index.php?oldid=1373068999,2026-09-28T09:17:47Z
559,1994,11,1994-08-28,Belgian Grand Prix,1994_Belgian_Grand_Prix,wp78249,Damon Hill,no,1994 Formula One World Championship,https://en.wikipedia.org/wiki/1994_Formula_One_World_Championship,1373068999,https://en.wikipedia.org/w/index.php?oldid=1373068999,2026-09-28T09:17:47Z
560,1994,12,1994-09-11,Italian Grand Prix,1994_Italian_Grand_Prix,wp78249,Damon Hill,no,1994 Formula One World Championship,https://en.wikipedia.org/wiki/1994_Formula_One_World_Championship,1373068999,https://en.wikipedia.org/w/index.php?oldid=1373068999,2026-09-28T09:17:47Z
561,1994,13,1994-09-25,Portuguese Grand Prix,1994_Portuguese_Grand_Prix,wp78249,Damon Hill,no,1994 Formula One World Championship,https://en.wikipedia.org/wiki/1994_Formula_One_World_Championship,1373068999,https://en.wikipedia.org/w/index.php?oldid=1373068999,2026-09-28T09:17:47Z
562,1994,14,1994-10-16,European Grand Prix,1994_European_Grand_Prix,wp20396,Michael Schumacher,no,1994 Formula One World Championship,https://en.wikipedia.org/wiki/1994_Formula_One_World_Championship,1373068999,https://en.wikipedia.org/w/index.php?oldid=1373068999,2026-09-28T09:17:47Z
563,1994,15,1994-11-06,Japanese Grand Prix,1994_Japanese_Grand_Prix,wp78249,Damon Hill,no,1994 Formula One World Championship,https://en.wikipedia.org/wiki/1994_Formula_One_World_Championship,1373068999,https://en.wikipedia.org/w/index.php?oldid=1373068999,2026-09-28T09:17:47Z
564,1994,16,1994-11-13,Australian Grand Prix,1994_Australian_Grand_Prix,wp228615,Nigel Mansell,no,1994 Formula One World Championship,https://en.wikipedia.org/wiki/1994_Formula_One_World_Championship,1373068999,https://en.wikipedia.org/w/index.php?oldid=1373068999,2026-09-28T09:17:47Z
565,1995,1,1995-03-26,Brazilian Grand Prix,1995_Brazilian_Grand_Prix,wp20396,Michael Schumacher,no,1995 Formula One World Championship,https://en.wikipedia.org/wiki/1995_Formula_One_World_Championship,1375309886,https://en.wikipedia.org/w/index.php?oldid=1375309886,2026-09-28T09:17:48Z
566,1995,2,1995-04-09,Argentine Grand Prix,1995_Argentine_Grand_Prix,wp78249,Damon Hill,no,1995 Formula One World Championship,https://en.wikipedia.org/wiki/1995_Formula_One_World_Championship,1375309886,https://en.wikipedia.org/w/index.php?oldid=1375309886,2026-09-28T09:17:48Z
567,1995,3,1995-04-30,San Marino Grand Prix,1995_San_Marino_Grand_Prix,wp78249,Damon Hill,no,1995 Formula One World Championship,https://en.wikipedia.org/wiki/1995_Formula_One_World_Championship,1375309886,https://en.wikipedia.org/w/index.php?oldid=1375309886,2026-09-28T09:17:48Z
568,1995,4,1995-05-14,Spanish Grand Prix,1995_Spanish_Grand_Prix,wp20396,Michael Schumacher,no,1995 Formula One World Championship,https://en.wikipedia.org/wiki/1995_Formula_One_World_Championship,1375309886,https://en.wikipedia.org/w/index.php?oldid=1375309886,2026-09-28T09:17:48Z
569,1995,5,1995-05-28,Monaco Grand Prix,1995_Monaco_Grand_Prix,wp20396,Michael Schumacher,no,1995 Formula One World Championship,https://en.wikipedia.org/wiki/1995_Formula_One_World_Championship,1375309886,https://en.wikipedia.org/w/index.php?oldid=1375309886,2026-09-28T09:17:48Z
570,1995,6,1995-06-11,Canadian Grand Prix,1995_Canadian_Grand_Prix,wp341553,Jean Alesi,no,1995 Formula One World Championship,https://en.wikipedia.org/wiki/1995_Formula_One_World_Championship,1375309886,https://en.wikipedia.org/w/index.php?oldid=1375309886,2026-09-28T09:17:48Z
571,1995,7,1995-07-02,French Grand Prix,1995_French_Grand_Prix,wp20396,Michael Schumacher,no,1995 Formula One World Championship,https://en.wikipedia.org/wiki/1995_Formula_One_World_Championship,1375309886,https://en.wikipedia.org/w/index.php?oldid=1375309886,2026-09-28T09:17:48Z
572,1995,8,1995-07-16,British Grand Prix,1995_British_Grand_Prix,wp342991,Johnny Herbert,no,1995 Formula One World Championship,https://en.wikipedia.org/wiki/1995_Formula_One_World_Championship,1375309886,https://en.wikipedia.org/w/index.php?oldid=1375309886,2026-09-28T09:17:48Z
573,1995,9,1995-07-30,German Grand Prix,1995_German_Grand_Prix,wp20396,Michael Schumacher,no,1995 Formula One World Championship,https://en.wikipedia.org/wiki/1995_Formula_One_World_Championship,1375309886,https://en.wikipedia.org/w/index.php?oldid=1375309886,2026-09-28T09:17:48Z
574,1995,10,1995-08-13,Hungarian Grand Prix,1995_Hungarian_Grand_Prix,wp78249,Damon Hill,no,1995 Formula One World Championship,https://en.wikipedia.org/wiki/1995_Formula_One_World_Championship,1375309886,https://en.wikipedia.org/w/index.php?oldid=1375309886,2026-09-28T09:17:48Z
575,1995,11,1995-08-27,Belgian Grand Prix,1995_Belgian_Grand_Prix,wp20396,Michael Schumacher,no,1995 Formula One World Championship,https://en.wikipedia.org/wiki/1995_Formula_One_World_Championship,1375309886,https://en.wikipedia.org/w/index.php?oldid=1375309886,2026-09-28T09:17:48Z
576,1995,12,1995-09-10,Italian Grand Prix,1995_Italian_Grand_Prix,wp342991,Johnny Herbert,no,1995 Formula One World Championship,https://en.wikipedia.org/wiki/1995_Formula_One_World_Championship,1375309886,https://en.wikipedia.org/w/index.php?oldid=1375309886,2026-09-28T09:17:48Z
577,1995,13,1995-09-24,Portuguese Grand Prix,1995_Portuguese_Grand_Prix,wp19636733,David Coulthard,no,1995 Formula One World Championship,https://en.wikipedia.org/wiki/1995_Formula_One_World_Championship,1375309886,https://en.wikipedia.org/w/index.php?oldid=1375309886,2026-09-28T09:17:48Z
578,1995,14,1995-10-01,European Grand Prix,1995_European_Grand_Prix,wp20396,Michael Schumacher,no,1995 Formula One World Championship,https://en.wikipedia.org/wiki/1995_Formula_One_World_Championship,1375309886,https://en.wikipedia.org/w/index.php?oldid=1375309886,2026-09-28T09:17:48Z
579,1995,15,1995-10-22,Pacific Grand Prix,1995_Pacific_Grand_Prix,wp20396,Michael Schumacher,no,1995 Formula One World Championship,https://en.wikipedia.org/wiki/1995_Formula_One_World_Championship,1375309886,https://en.wikipedia.org/w/index.php?oldid=1375309886,2026-09-28T09:17:48Z
580,1995,16,1995-10-29,Japanese Grand Prix,1995_Japanese_Grand_Prix,wp20396,Michael Schumacher,no,1995 Formula One World Championship,https://en.wikipedia.org/wiki/1995_Formula_One_World_Championship,1375309886,https://en.wikipedia.org/w/index.php?oldid=1375309886,2026-09-28T09:17:48Z
581,1995,17,1995-11-12,Australian Grand Prix,1995_Australian_Grand_Prix,wp78249,Damon Hill,no,1995 Formula One World Championship,https://en.wikipedia.org/wiki/1995_Formula_One_World_Championship,1375309886,https://en.wikipedia.org/w/index.php?oldid=1375309886,2026-09-28T09:17:48Z
582,1996,1,1996-03-10,Australian Grand Prix,1996_Australian_Grand_Prix,wp78249,Damon Hill,no,1996 Formula One World Championship,https://en.wikipedia.org/wiki/1996_Formula_One_World_Championship,1376170380,https://en.wikipedia.org/w/index.php?oldid=1376170380,2026-09-28T09:17:50Z
583,1996,2,1996-03-31,Brazilian Grand Prix,1996_Brazilian_Grand_Prix,wp78249,Damon Hill,no,1996 Formula One World Championship,https://en.wikipedia.org/wiki/1996_Formula_One_World_Championship,1376170380,https://en.wikipedia.org/w/index.php?oldid=1376170380,2026-09-28T09:17:50Z
584,1996,3,1996-04-07,Argentine Grand Prix,1996_Argentine_Grand_Prix,wp78249,Damon Hill,no,1996 Formula One World Championship,https://en.wikipedia.org/wiki/1996_Formula_One_World_Championship,1376170380,https://en.wikipedia.org/w/index.php?oldid=1376170380,2026-09-28T09:17:50Z
585,1996,4,1996-04-28,European Grand Prix,1996_European_Grand_Prix,wp64258,Jacques Villeneuve,no,1996 Formula One World Championship,https://en.wikipedia.org/wiki/1996_Formula_One_World_Championship,1376170380,https://en.wikipedia.org/w/index.php?oldid=1376170380,2026-09-28T09:17:50Z
586,1996,5,1996-05-05,San Marino Grand Prix,1996_San_Marino_Grand_Prix,wp78249,Damon Hill,no,1996 Formula One World Championship,https://en.wikipedia.org/wiki/1996_Formula_One_World_Championship,1376170380,https://en.wikipedia.org/w/index.php?oldid=1376170380,2026-09-28T09:17:50Z
587,1996,6,1996-05-19,Monaco Grand Prix,1996_Monaco_Grand_Prix,wp414513,Olivier Panis,no,1996 Formula One World Championship,https://en.wikipedia.org/wiki/1996_Formula_One_World_Championship,1376170380,https://en.wikipedia.org/w/index.php?oldid=1376170380,2026-09-28T09:17:50Z
588,1996,7,1996-06-02,Spanish Grand Prix,1996_Spanish_Grand_Prix,wp20396,Michael Schumacher,no,1996 Formula One World Championship,https://en.wikipedia.org/wiki/1996_Formula_One_World_Championship,1376170380,https://en.wikipedia.org/w/index.php?oldid=1376170380,2026-09-28T09:17:50Z
589,1996,8,1996-06-16,Canadian Grand Prix,1996_Canadian_Grand_Prix,wp78249,Damon Hill,no,1996 Formula One World Championship,https://en.wikipedia.org/wiki/1996_Formula_One_World_Championship,1376170380,https://en.wikipedia.org/w/index.php?oldid=1376170380,2026-09-28T09:17:50Z
590,1996,9,1996-06-30,French Grand Prix,1996_French_Grand_Prix,wp78249,Damon Hill,no,1996 Formula One World Championship,https://en.wikipedia.org/wiki/1996_Formula_One_World_Championship,1376170380,https://en.wikipedia.org/w/index.php?oldid=1376170380,2026-09-28T09:17:50Z
591,1996,10,1996-07-14,British Grand Prix,1996_British_Grand_Prix,wp64258,Jacques Villeneuve,no,1996 Formula One World Championship,https://en.wikipedia.org/wiki/1996_Formula_One_World_Championship,1376170380,https://en.wikipedia.org/w/index.php?oldid=1376170380,2026-09-28T09:17:50Z
592,1996,11,1996-07-28,German Grand Prix,1996_German_Grand_Prix,wp78249,Damon Hill,no,1996 Formula One World Championship,https://en.wikipedia.org/wiki/1996_Formula_One_World_Championship,1376170380,https://en.wikipedia.org/w/index.php?oldid=1376170380,2026-09-28T09:17:50Z
593,1996,12,1996-08-11,Hungarian Grand Prix,1996_Hungarian_Grand_Prix,wp64258,Jacques Villeneuve,no,1996 Formula One World Championship,https://en.wikipedia.org/wiki/1996_Formula_One_World_Championship,1376170380,https://en.wikipedia.org/w/index.php?oldid=1376170380,2026-09-28T09:17:50Z
594,1996,13,1996-08-25,Belgian Grand Prix,1996_Belgian_Grand_Prix,wp20396,Michael Schumacher,no,1996 Formula One World Championship,https://en.wikipedia.org/wiki/1996_Formula_One_World_Championship,1376170380,https://en.wikipedia.org/w/index.php?oldid=1376170380,2026-09-28T09:17:50Z
595,1996,14,1996-09-08,Italian Grand Prix,1996_Italian_Grand_Prix,wp20396,Michael Schumacher,no,1996 Formula One World Championship,https://en.wikipedia.org/wiki/1996_Formula_One_World_Championship,1376170380,https://en.wikipedia.org/w/index.php?oldid=1376170380,2026-09-28T09:17:50Z
596,1996,15,1996-09-22,Portuguese Grand Prix,1996_Portuguese_Grand_Prix,wp64258,Jacques Villeneuve,no,1996 Formula One World Championship,https://en.wikipedia.org/wiki/1996_Formula_One_World_Championship,1376170380,https://en.wikipedia.org/w/index.php?oldid=1376170380,2026-09-28T09:17:50Z
597,1996,16,1996-10-13,Japanese Grand Prix,1996_Japanese_Grand_Prix,wp78249,Damon Hill,no,1996 Formula One World Championship,https://en.wikipedia.org/wiki/1996_Formula_One_World_Championship,1376170380,https://en.wikipedia.org/w/index.php?oldid=1376170380,2026-09-28T09:17:50Z
598,1997,1,1997-03-09,Australian Grand Prix,1997_Australian_Grand_Prix,wp19636733,David Coulthard,no,1997 Formula One World Championship,https://en.wikipedia.org/wiki/1997_Formula_One_World_Championship,1371597287,https://en.wikipedia.org/w/index.php?oldid=1371597287,2026-09-28T09:17:51Z
599,1997,2,1997-03-30,Brazilian Grand Prix,1997_Brazilian_Grand_Prix,wp64258,Jacques Villeneuve,no,1997 Formula One World Championship,https://en.wikipedia.org/wiki/1997_Formula_One_World_Championship,1371597287,https://en.wikipedia.org/w/index.php?oldid=1371597287,2026-09-28T09:17:51Z
600,1997,3,1997-04-13,Argentine Grand Prix,1997_Argentine_Grand_Prix,wp64258,Jacques Villeneuve,no,1997 Formula One World Championship,https://en.wikipedia.org/wiki/1997_Formula_One_World_Championship,1371597287,https://en.wikipedia.org/w/index.php?oldid=1371597287,2026-09-28T09:17:51Z
601,1997,4,1997-04-27,San Marino Grand Prix,1997_San_Marino_Grand_Prix,wp756775,Heinz-Harald Frentzen,no,1997 Formula One World Championship,https://en.wikipedia.org/wiki/1997_Formula_One_World_Championship,1371597287,https://en.wikipedia.org/w/index.php?oldid=1371597287,2026-09-28T09:17:51Z
602,1997,5,1997-05-11,Monaco Grand Prix,1997_Monaco_Grand_Prix,wp20396,Michael Schumacher,no,1997 Formula One World Championship,https://en.wikipedia.org/wiki/1997_Formula_One_World_Championship,1371597287,https://en.wikipedia.org/w/index.php?oldid=1371597287,2026-09-28T09:17:51Z
603,1997,6,1997-05-25,Spanish Grand Prix,1997_Spanish_Grand_Prix,wp64258,Jacques Villeneuve,no,1997 Formula One World Championship,https://en.wikipedia.org/wiki/1997_Formula_One_World_Championship,1371597287,https://en.wikipedia.org/w/index.php?oldid=1371597287,2026-09-28T09:17:51Z
604,1997,7,1997-06-15,Canadian Grand Prix,1997_Canadian_Grand_Prix,wp20396,Michael Schumacher,no,1997 Formula One World Championship,https://en.wikipedia.org/wiki/1997_Formula_One_World_Championship,1371597287,https://en.wikipedia.org/w/index.php?oldid=1371597287,2026-09-28T09:17:51Z
605,1997,8,1997-06-29,French Grand Prix,1997_French_Grand_Prix,wp20396,Michael Schumacher,no,1997 Formula One World Championship,https://en.wikipedia.org/wiki/1997_Formula_One_World_Championship,1371597287,https://en.wikipedia.org/w/index.php?oldid=1371597287,2026-09-28T09:17:51Z
606,1997,9,1997-07-13,British Grand Prix,1997_British_Grand_Prix,wp64258,Jacques Villeneuve,no,1997 Formula One World Championship,https://en.wikipedia.org/wiki/1997_Formula_One_World_Championship,1371597287,https://en.wikipedia.org/w/index.php?oldid=1371597287,2026-09-28T09:17:51Z
607,1997,10,1997-07-27,German Grand Prix,1997_German_Grand_Prix,wp343833,Gerhard Berger,no,1997 Formula One World Championship,https://en.wikipedia.org/wiki/1997_Formula_One_World_Championship,1371597287,https://en.wikipedia.org/w/index.php?oldid=1371597287,2026-09-28T09:17:51Z
608,1997,11,1997-08-10,Hungarian Grand Prix,1997_Hungarian_Grand_Prix,wp64258,Jacques Villeneuve,no,1997 Formula One World Championship,https://en.wikipedia.org/wiki/1997_Formula_One_World_Championship,1371597287,https://en.wikipedia.org/w/index.php?oldid=1371597287,2026-09-28T09:17:51Z
609,1997,12,1997-08-24,Belgian Grand Prix,1997_Belgian_Grand_Prix,wp20396,Michael Schumacher,no,1997 Formula One World Championship,https://en.wikipedia.org/wiki/1997_Formula_One_World_Championship,1371597287,https://en.wikipedia.org/w/index.php?oldid=1371597287,2026-09-28T09:17:51Z
610,1997,13,1997-09-07,Italian Grand Prix,1997_Italian_Grand_Prix,wp19636733,David Coulthard,no,1997 Formula One World Championship,https://en.wikipedia.org/wiki/1997_Formula_One_World_Championship,1371597287,https://en.wikipedia.org/w/index.php?oldid=1371597287,2026-09-28T09:17:51Z
611,1997,14,1997-09-21,Austrian Grand Prix,1997_Austrian_Grand_Prix,wp64258,Jacques Villeneuve,no,1997 Formula One World Championship,https://en.wikipedia.org/wiki/1997_Formula_One_World_Championship,1371597287,https://en.wikipedia.org/w/index.php?oldid=1371597287,2026-09-28T09:17:51Z
612,1997,15,1997-09-28,Luxembourg Grand Prix,1997_Luxembourg_Grand_Prix,wp64258,Jacques Villeneuve,no,1997 Formula One World Championship,https://en.wikipedia.org/wiki/1997_Formula_One_World_Championship,1371597287,https://en.wikipedia.org/w/index.php?oldid=1371597287,2026-09-28T09:17:51Z
613,1997,16,1997-10-12,Japanese Grand Prix,1997_Japanese_Grand_Prix,wp20396,Michael Schumacher,no,1997 Formula One World Championship,https://en.wikipedia.org/wiki/1997_Formula_One_World_Championship,1371597287,https://en.wikipedia.org/w/index.php?oldid=1371597287,2026-09-28T09:17:51Z
614,1997,17,1997-10-26,European Grand Prix,1997_European_Grand_Prix,wp63073,Mika Häkkinen,no,1997 Formula One World Championship,https://en.wikipedia.org/wiki/1997_Formula_One_World_Championship,1371597287,https://en.wikipedia.org/w/index.php?oldid=1371597287,2026-09-28T09:17:51Z
615,1998,1,1998-03-08,Australian Grand Prix,1998_Australian_Grand_Prix,wp63073,Mika Häkkinen,no,1998 Formula One World Championship,https://en.wikipedia.org/wiki/1998_Formula_One_World_Championship,1372421349,https://en.wikipedia.org/w/index.php?oldid=1372421349,2026-09-28T09:17:52Z
616,1998,2,1998-03-29,Brazilian Grand Prix,1998_Brazilian_Grand_Prix,wp63073,Mika Häkkinen,no,1998 Formula One World Championship,https://en.wikipedia.org/wiki/1998_Formula_One_World_Championship,1372421349,https://en.wikipedia.org/w/index.php?oldid=1372421349,2026-09-28T09:17:52Z
617,1998,3,1998-04-12,Argentine Grand Prix,1998_Argentine_Grand_Prix,wp20396,Michael Schumacher,no,1998 Formula One World Championship,https://en.wikipedia.org/wiki/1998_Formula_One_World_Championship,1372421349,https://en.wikipedia.org/w/index.php?oldid=1372421349,2026-09-28T09:17:52Z
618,1998,4,1998-04-26,San Marino Grand Prix,1998_San_Marino_Grand_Prix,wp19636733,David Coulthard,no,1998 Formula One World Championship,https://en.wikipedia.org/wiki/1998_Formula_One_World_Championship,1372421349,https://en.wikipedia.org/w/index.php?oldid=1372421349,2026-09-28T09:17:52Z
619,1998,5,1998-05-10,Spanish Grand Prix,1998_Spanish_Grand_Prix,wp63073,Mika Häkkinen,no,1998 Formula One World Championship,https://en.wikipedia.org/wiki/1998_Formula_One_World_Championship,1372421349,https://en.wikipedia.org/w/index.php?oldid=1372421349,2026-09-28T09:17:52Z
620,1998,6,1998-05-24,Monaco Grand Prix,1998_Monaco_Grand_Prix,wp63073,Mika Häkkinen,no,1998 Formula One World Championship,https://en.wikipedia.org/wiki/1998_Formula_One_World_Championship,1372421349,https://en.wikipedia.org/w/index.php?oldid=1372421349,2026-09-28T09:17:52Z
621,1998,7,1998-06-07,Canadian Grand Prix,1998_Canadian_Grand_Prix,wp20396,Michael Schumacher,no,1998 Formula One World Championship,https://en.wikipedia.org/wiki/1998_Formula_One_World_Championship,1372421349,https://en.wikipedia.org/w/index.php?oldid=1372421349,2026-09-28T09:17:52Z
622,1998,8,1998-06-28,French Grand Prix,1998_French_Grand_Prix,wp20396,Michael Schumacher,no,1998 Formula One World Championship,https://en.wikipedia.org/wiki/1998_Formula_One_World_Championship,1372421349,https://en.wikipedia.org/w/index.php?oldid=1372421349,2026-09-28T09:17:52Z
623,1998,9,1998-07-12,British Grand Prix,1998_British_Grand_Prix,wp20396,Michael Schumacher,no,1998 Formula One World Championship,https://en.wikipedia.org/wiki/1998_Formula_One_World_Championship,1372421349,https://en.wikipedia.org/w/index.php?oldid=1372421349,2026-09-28T09:17:52Z
624,1998,10,1998-07-26,Austrian Grand Prix,1998_Austrian_Grand_Prix,wp63073,Mika Häkkinen,no,1998 Formula One World Championship,https://en.wikipedia.org/wiki/1998_Formula_One_World_Championship,1372421349,https://en.wikipedia.org/w/index.php?oldid=1372421349,2026-09-28T09:17:52Z
625,1998,11,1998-08-02,German Grand Prix,1998_German_Grand_Prix,wp63073,Mika Häkkinen,no,1998 Formula One World Championship,https://en.wikipedia.org/wiki/1998_Formula_One_World_Championship,1372421349,https://en.wikipedia.org/w/index.php?oldid=1372421349,2026-09-28T09:17:52Z
626,1998,12,1998-08-16,Hungarian Grand Prix,1998_Hungarian_Grand_Prix,wp20396,Michael Schumacher,no,1998 Formula One World Championship,https://en.wikipedia.org/wiki/1998_Formula_One_World_Championship,1372421349,https://en.wikipedia.org/w/index.php?oldid=1372421349,2026-09-28T09:17:52Z
627,1998,13,1998-08-30,Belgian Grand Prix,1998_Belgian_Grand_Prix,wp78249,Damon Hill,no,1998 Formula One World Championship,https://en.wikipedia.org/wiki/1998_Formula_One_World_Championship,1372421349,https://en.wikipedia.org/w/index.php?oldid=1372421349,2026-09-28T09:17:52Z
628,1998,14,1998-09-13,Italian Grand Prix,1998_Italian_Grand_Prix,wp20396,Michael Schumacher,no,1998 Formula One World Championship,https://en.wikipedia.org/wiki/1998_Formula_One_World_Championship,1372421349,https://en.wikipedia.org/w/index.php?oldid=1372421349,2026-09-28T09:17:52Z
629,1998,15,1998-09-27,Luxembourg Grand Prix,1998_Luxembourg_Grand_Prix,wp63073,Mika Häkkinen,no,1998 Formula One World Championship,https://en.wikipedia.org/wiki/1998_Formula_One_World_Championship,1372421349,https://en.wikipedia.org/w/index.php?oldid=1372421349,2026-09-28T09:17:52Z
630,1998,16,1998-11-01,Japanese Grand Prix,1998_Japanese_Grand_Prix,wp63073,Mika Häkkinen,no,1998 Formula One World Championship,https://en.wikipedia.org/wiki/1998_Formula_One_World_Championship,1372421349,https://en.wikipedia.org/w/index.php?oldid=1372421349,2026-09-28T09:17:52Z
631,1999,1,1999-03-07,Australian Grand Prix,1999_Australian_Grand_Prix,wp424417,Eddie Irvine,no,1999 Formula One World Championship,https://en.wikipedia.org/wiki/1999_Formula_One_World_Championship,1369387987,https://en.wikipedia.org/w/index.php?oldid=1369387987,2026-09-28T09:17:52Z
632,1999,2,1999-04-11,Brazilian Grand Prix,1999_Brazilian_Grand_Prix,wp63073,Mika Häkkinen,no,1999 Formula One World Championship,https://en.wikipedia.org/wiki/1999_Formula_One_World_Championship,1369387987,https://en.wikipedia.org/w/index.php?oldid=1369387987,2026-09-28T09:17:52Z
633,1999,3,1999-05-02,San Marino Grand Prix,1999_San_Marino_Grand_Prix,wp20396,Michael Schumacher,no,1999 Formula One World Championship,https://en.wikipedia.org/wiki/1999_Formula_One_World_Championship,1369387987,https://en.wikipedia.org/w/index.php?oldid=1369387987,2026-09-28T09:17:52Z
634,1999,4,1999-05-16,Monaco Grand Prix,1999_Monaco_Grand_Prix,wp20396,Michael Schumacher,no,1999 Formula One World Championship,https://en.wikipedia.org/wiki/1999_Formula_One_World_Championship,1369387987,https://en.wikipedia.org/w/index.php?oldid=1369387987,2026-09-28T09:17:52Z
635,1999,5,1999-05-30,Spanish Grand Prix,1999_Spanish_Grand_Prix,wp63073,Mika Häkkinen,no,1999 Formula One World Championship,https://en.wikipedia.org/wiki/1999_Formula_One_World_Championship,1369387987,https://en.wikipedia.org/w/index.php?oldid=1369387987,2026-09-28T09:17:52Z
636,1999,6,1999-06-13,Canadian Grand Prix,1999_Canadian_Grand_Prix,wp63073,Mika Häkkinen,no,1999 Formula One World Championship,https://en.wikipedia.org/wiki/1999_Formula_One_World_Championship,1369387987,https://en.wikipedia.org/w/index.php?oldid=1369387987,2026-09-28T09:17:52Z
637,1999,7,1999-06-27,French Grand Prix,1999_French_Grand_Prix,wp756775,Heinz-Harald Frentzen,no,1999 Formula One World Championship,https://en.wikipedia.org/wiki/1999_Formula_One_World_Championship,1369387987,https://en.wikipedia.org/w/index.php?oldid=1369387987,2026-09-28T09:17:52Z
638,1999,8,1999-07-11,British Grand Prix,1999_British_Grand_Prix,wp19636733,David Coulthard,no,1999 Formula One World Championship,https://en.wikipedia.org/wiki/1999_Formula_One_World_Championship,1369387987,https://en.wikipedia.org/w/index.php?oldid=1369387987,2026-09-28T09:17:52Z
639,1999,9,1999-07-25,Austrian Grand Prix,1999_Austrian_Grand_Prix,wp424417,Eddie Irvine,no,1999 Formula One World Championship,https://en.wikipedia.org/wiki/1999_Formula_One_World_Championship,1369387987,https://en.wikipedia.org/w/index.php?oldid=1369387987,2026-09-28T09:17:52Z
640,1999,10,1999-08-01,German Grand Prix,1999_German_Grand_Prix,wp424417,Eddie Irvine,no,1999 Formula One World Championship,https://en.wikipedia.org/wiki/1999_Formula_One_World_Championship,1369387987,https://en.wikipedia.org/w/index.php?oldid=1369387987,2026-09-28T09:17:52Z
641,1999,11,1999-08-15,Hungarian Grand Prix,1999_Hungarian_Grand_Prix,wp63073,Mika Häkkinen,no,1999 Formula One World Championship,https://en.wikipedia.org/wiki/1999_Formula_One_World_Championship,1369387987,https://en.wikipedia.org/w/index.php?oldid=1369387987,2026-09-28T09:17:52Z
642,1999,12,1999-08-29,Belgian Grand Prix,1999_Belgian_Grand_Prix,wp19636733,David Coulthard,no,1999 Formula One World Championship,https://en.wikipedia.org/wiki/1999_Formula_One_World_Championship,1369387987,https://en.wikipedia.org/w/index.php?oldid=1369387987,2026-09-28T09:17:52Z
643,1999,13,1999-09-12,Italian Grand Prix,1999_Italian_Grand_Prix,wp756775,Heinz-Harald Frentzen,no,1999 Formula One World Championship,https://en.wikipedia.org/wiki/1999_Formula_One_World_Championship,1369387987,https://en.wikipedia.org/w/index.php?oldid=1369387987,2026-09-28T09:17:52Z
644,1999,14,1999-09-26,European Grand Prix,1999_European_Grand_Prix,wp342991,Johnny Herbert,no,1999 Formula One World Championship,https://en.wikipedia.org/wiki/1999_Formula_One_World_Championship,1369387987,https://en.wikipedia.org/w/index.php?oldid=1369387987,2026-09-28T09:17:52Z
645,1999,15,1999-10-17,Malaysian Grand Prix,1999_Malaysian_Grand_Prix,wp424417,Eddie Irvine,no,1999 Formula One World Championship,https://en.wikipedia.org/wiki/1999_Formula_One_World_Championship,1369387987,https://en.wikipedia.org/w/index.php?oldid=1369387987,2026-09-28T09:17:52Z
646,1999,16,1999-10-31,Japanese Grand Prix,1999_Japanese_Grand_Prix,wp63073,Mika Häkkinen,no,1999 Formula One World Championship,https://en.wikipedia.org/wiki/1999_Formula_One_World_Championship,1369387987,https://en.wikipedia.org/w/index.php?oldid=1369387987,2026-09-28T09:17:52Z
647,2000,1,2000-03-12,Australian Grand Prix,2000_Australian_Grand_Prix,wp20396,Michael Schumacher,no,2000 Formula One World Championship,https://en.wikipedia.org/wiki/2000_Formula_One_World_Championship,1371597275,https://en.wikipedia.org/w/index.php?oldid=1371597275,2026-09-28T09:17:53Z
648,2000,2,2000-03-26,Brazilian Grand Prix,2000_Brazilian_Grand_Prix,wp20396,Michael Schumacher,no,2000 Formula One World Championship,https://en.wikipedia.org/wiki/2000_Formula_One_World_Championship,1371597275,https://en.wikipedia.org/w/index.php?oldid=1371597275,2026-09-28T09:17:53Z
649,2000,3,2000-04-09,San Marino Grand Prix,2000_San_Marino_Grand_Prix,wp20396,Michael Schumacher,no,2000 Formula One World Championship,https://en.wikipedia.org/wiki/2000_Formula_One_World_Championship,1371597275,https://en.wikipedia.org/w/index.php?oldid=1371597275,2026-09-28T09:17:53Z
650,2000,4,2000-04-23,British Grand Prix,2000_British_Grand_Prix,wp19636733,David Coulthard,no,2000 Formula One World Championship,https://en.wikipedia.org/wiki/2000_Formula_One_World_Championship,1371597275,https://en.wikipedia.org/w/index.php?oldid=1371597275,2026-09-28T09:17:53Z
651,2000,5,2000-05-07,Spanish Grand Prix,2000_Spanish_Grand_Prix,wp63073,Mika Häkkinen,no,2000 Formula One World Championship,https://en.wikipedia.org/wiki/2000_Formula_One_World_Championship,1371597275,https://en.wikipedia.org/w/index.php?oldid=1371597275,2026-09-28T09:17:53Z
652,2000,6,2000-05-21,European Grand Prix,2000_European_Grand_Prix,wp20396,Michael Schumacher,no,2000 Formula One World Championship,https://en.wikipedia.org/wiki/2000_Formula_One_World_Championship,1371597275,https://en.wikipedia.org/w/index.php?oldid=1371597275,2026-09-28T09:17:53Z
653,2000,7,2000-06-04,Monaco Grand Prix,2000_Monaco_Grand_Prix,wp19636733,David Coulthard,no,2000 Formula One World Championship,https://en.wikipedia.org/wiki/2000_Formula_One_World_Championship,1371597275,https://en.wikipedia.org/w/index.php?oldid=1371597275,2026-09-28T09:17:53Z
654,2000,8,2000-06-18,Canadian Grand Prix,2000_Canadian_Grand_Prix,wp20396,Michael Schumacher,no,2000 Formula One World Championship,https://en.wikipedia.org/wiki/2000_Formula_One_World_Championship,1371597275,https://en.wikipedia.org/w/index.php?oldid=1371597275,2026-09-28T09:17:53Z
655,2000,9,2000-07-02,French Grand Prix,2000_French_Grand_Prix,wp19636733,David Coulthard,no,2000 Formula One World Championship,https://en.wikipedia.org/wiki/2000_Formula_One_World_Championship,1371597275,https://en.wikipedia.org/w/index.php?oldid=1371597275,2026-09-28T09:17:53Z
656,2000,10,2000-07-16,Austrian Grand Prix,2000_Austrian_Grand_Prix,wp63073,Mika Häkkinen,no,2000 Formula One World Championship,https://en.wikipedia.org/wiki/2000_Formula_One_World_Championship,1371597275,https://en.wikipedia.org/w/index.php?oldid=1371597275,2026-09-28T09:17:53Z
657,2000,11,2000-07-30,German Grand Prix,2000_German_Grand_Prix,wp252989,Rubens Barrichello,no,2000 Formula One World Championship,https://en.wikipedia.org/wiki/2000_Formula_One_World_Championship,1371597275,https://en.wikipedia.org/w/index.php?oldid=1371597275,2026-09-28T09:17:53Z
658,2000,12,2000-08-13,Hungarian Grand Prix,2000_Hungarian_Grand_Prix,wp63073,Mika Häkkinen,no,2000 Formula One World Championship,https://en.wikipedia.org/wiki/2000_Formula_One_World_Championship,1371597275,https://en.wikipedia.org/w/index.php?oldid=1371597275,2026-09-28T09:17:53Z
659,2000,13,2000-08-27,Belgian Grand Prix,2000_Belgian_Grand_Prix,wp63073,Mika Häkkinen,no,2000 Formula One World Championship,https://en.wikipedia.org/wiki/2000_Formula_One_World_Championship,1371597275,https://en.wikipedia.org/w/index.php?oldid=1371597275,2026-09-28T09:17:53Z
660,2000,14,2000-09-10,Italian Grand Prix,2000_Italian_Grand_Prix,wp20396,Michael Schumacher,no,2000 Formula One World Championship,https://en.wikipedia.org/wiki/2000_Formula_One_World_Championship,1371597275,https://en.wikipedia.org/w/index.php?oldid=1371597275,2026-09-28T09:17:53Z
661,2000,15,2000-09-24,United States Grand Prix,2000_United_States_Grand_Prix,wp20396,Michael Schumacher,no,2000 Formula One World Championship,https://en.wikipedia.org/wiki/2000_Formula_One_World_Championship,1371597275,https://en.wikipedia.org/w/index.php?oldid=1371597275,2026-09-28T09:17:53Z
662,2000,16,2000-10-08,Japanese Grand Prix,2000_Japanese_Grand_Prix,wp20396,Michael Schumacher,no,2000 Formula One World Championship,https://en.wikipedia.org/wiki/2000_Formula_One_World_Championship,1371597275,https://en.wikipedia.org/w/index.php?oldid=1371597275,2026-09-28T09:17:53Z
663,2000,17,2000-10-22,Malaysian Grand Prix,2000_Malaysian_Grand_Prix,wp20396,Michael Schumacher,no,2000 Formula One World Championship,https://en.wikipedia.org/wiki/2000_Formula_One_World_Championship,1371597275,https://en.wikipedia.org/w/index.php?oldid=1371597275,2026-09-28T09:17:53Z
664,2001,1,2001-03-04,Australian Grand Prix,2001_Australian_Grand_Prix,wp20396,Michael Schumacher,no,2001 Formula One World Championship,https://en.wikipedia.org/wiki/2001_Formula_One_World_Championship,1375812110,https://en.wikipedia.org/w/index.php?oldid=1375812110,2026-09-28T09:17:54Z
665,2001,2,2001-03-18,Malaysian Grand Prix,2001_Malaysian_Grand_Prix,wp20396,Michael Schumacher,no,2001 Formula One World Championship,https://en.wikipedia.org/wiki/2001_Formula_One_World_Championship,1375812110,https://en.wikipedia.org/w/index.php?oldid=1375812110,2026-09-28T09:17:54Z
666,2001,3,2001-04-01,Brazilian Grand Prix,2001_Brazilian_Grand_Prix,wp19636733,David Coulthard,no,2001 Formula One World Championship,https://en.wikipedia.org/wiki/2001_Formula_One_World_Championship,1375812110,https://en.wikipedia.org/w/index.php?oldid=1375812110,2026-09-28T09:17:54Z
667,2001,4,2001-04-15,San Marino Grand Prix,2001_San_Marino_Grand_Prix,wp315472,Ralf Schumacher,no,2001 Formula One World Championship,https://en.wikipedia.org/wiki/2001_Formula_One_World_Championship,1375812110,https://en.wikipedia.org/w/index.php?oldid=1375812110,2026-09-28T09:17:54Z
668,2001,5,2001-04-29,Spanish Grand Prix,2001_Spanish_Grand_Prix,wp20396,Michael Schumacher,no,2001 Formula One World Championship,https://en.wikipedia.org/wiki/2001_Formula_One_World_Championship,1375812110,https://en.wikipedia.org/w/index.php?oldid=1375812110,2026-09-28T09:17:54Z
669,2001,6,2001-05-13,Austrian Grand Prix,2001_Austrian_Grand_Prix,wp19636733,David Coulthard,no,2001 Formula One World Championship,https://en.wikipedia.org/wiki/2001_Formula_One_World_Championship,1375812110,https://en.wikipedia.org/w/index.php?oldid=1375812110,2026-09-28T09:17:54Z
670,2001,7,2001-05-27,Monaco Grand Prix,2001_Monaco_Grand_Prix,wp20396,Michael Schumacher,no,2001 Formula One World Championship,https://en.wikipedia.org/wiki/2001_Formula_One_World_Championship,1375812110,https://en.wikipedia.org/w/index.php?oldid=1375812110,2026-09-28T09:17:54Z
671,2001,8,2001-06-10,Canadian Grand Prix,2001_Canadian_Grand_Prix,wp315472,Ralf Schumacher,no,2001 Formula One World Championship,https://en.wikipedia.org/wiki/2001_Formula_One_World_Championship,1375812110,https://en.wikipedia.org/w/index.php?oldid=1375812110,2026-09-28T09:17:54Z
672,2001,9,2001-06-24,European Grand Prix,2001_European_Grand_Prix,wp20396,Michael Schumacher,no,2001 Formula One World Championship,https://en.wikipedia.org/wiki/2001_Formula_One_World_Championship,1375812110,https://en.wikipedia.org/w/index.php?oldid=1375812110,2026-09-28T09:17:54Z
673,2001,10,2001-07-01,French Grand Prix,2001_French_Grand_Prix,wp20396,Michael Schumacher,no,2001 Formula One World Championship,https://en.wikipedia.org/wiki/2001_Formula_One_World_Championship,1375812110,https://en.wikipedia.org/w/index.php?oldid=1375812110,2026-09-28T09:17:54Z
674,2001,11,2001-07-15,British Grand Prix,2001_British_Grand_Prix,wp63073,Mika Häkkinen,no,2001 Formula One World Championship,https://en.wikipedia.org/wiki/2001_Formula_One_World_Championship,1375812110,https://en.wikipedia.org/w/index.php?oldid=1375812110,2026-09-28T09:17:54Z
675,2001,12,2001-07-29,German Grand Prix,2001_German_Grand_Prix,wp315472,Ralf Schumacher,no,2001 Formula One World Championship,https://en.wikipedia.org/wiki/2001_Formula_One_World_Championship,1375812110,https://en.wikipedia.org/w/index.php?oldid=1375812110,2026-09-28T09:17:54Z
676,2001,13,2001-08-19,Hungarian Grand Prix,2001_Hungarian_Grand_Prix,wp20396,Michael Schumacher,no,2001 Formula One World Championship,https://en.wikipedia.org/wiki/2001_Formula_One_World_Championship,1375812110,https://en.wikipedia.org/w/index.php?oldid=1375812110,2026-09-28T09:17:54Z
677,2001,14,2001-09-02,Belgian Grand Prix,2001_Belgian_Grand_Prix,wp20396,Michael Schumacher,no,2001 Formula One World Championship,https://en.wikipedia.org/wiki/2001_Formula_One_World_Championship,1375812110,https://en.wikipedia.org/w/index.php?oldid=1375812110,2026-09-28T09:17:54Z
678,2001,15,2001-09-16,Italian Grand Prix,2001_Italian_Grand_Prix,wp164992,Juan Pablo Montoya,no,2001 Formula One World Championship,https://en.wikipedia.org/wiki/2001_Formula_One_World_Championship,1375812110,https://en.wikipedia.org/w/index.php?oldid=1375812110,2026-09-28T09:17:54Z
679,2001,16,2001-09-30,United States Grand Prix,2001_United_States_Grand_Prix,wp63073,Mika Häkkinen,no,2001 Formula One World Championship,https://en.wikipedia.org/wiki/2001_Formula_One_World_Championship,1375812110,https://en.wikipedia.org/w/index.php?oldid=1375812110,2026-09-28T09:17:54Z
680,2001,17,2001-10-14,Japanese Grand Prix,2001_Japanese_Grand_Prix,wp20396,Michael Schumacher,no,2001 Formula One World Championship,https://en.wikipedia.org/wiki/2001_Formula_One_World_Championship,1375812110,https://en.wikipedia.org/w/index.php?oldid=1375812110,2026-09-28T09:17:54Z
681,2002,1,2002-03-03,Australian Grand Prix,2002_Australian_Grand_Prix,wp20396,Michael Schumacher,no,2002 Formula One World Championship,https://en.wikipedia.org/wiki/2002_Formula_One_World_Championship,1371249242,https://en.wikipedia.org/w/index.php?oldid=1371249242,2026-09-28T09:17:55Z
682,2002,2,2002-03-17,Malaysian Grand Prix,2002_Malaysian_Grand_Prix,wp315472,Ralf Schumacher,no,2002 Formula One World Championship,https://en.wikipedia.org/wiki/2002_Formula_One_World_Championship,1371249242,https://en.wikipedia.org/w/index.php?oldid=1371249242,2026-09-28T09:17:55Z
683,2002,3,2002-03-31,Brazilian Grand Prix,2002_Brazilian_Grand_Prix,wp20396,Michael Schumacher,no,2002 Formula One World Championship,https://en.wikipedia.org/wiki/2002_Formula_One_World_Championship,1371249242,https://en.wikipedia.org/w/index.php?oldid=1371249242,2026-09-28T09:17:55Z
684,2002,4,2002-04-14,San Marino Grand Prix,2002_San_Marino_Grand_Prix,wp20396,Michael Schumacher,no,2002 Formula One World Championship,https://en.wikipedia.org/wiki/2002_Formula_One_World_Championship,1371249242,https://en.wikipedia.org/w/index.php?oldid=1371249242,2026-09-28T09:17:55Z
685,2002,5,2002-04-28,Spanish Grand Prix,2002_Spanish_Grand_Prix,wp20396,Michael Schumacher,no,2002 Formula One World Championship,https://en.wikipedia.org/wiki/2002_Formula_One_World_Championship,1371249242,https://en.wikipedia.org/w/index.php?oldid=1371249242,2026-09-28T09:17:55Z
686,2002,6,2002-05-12,Austrian Grand Prix,2002_Austrian_Grand_Prix,wp20396,Michael Schumacher,no,2002 Formula One World Championship,https://en.wikipedia.org/wiki/2002_Formula_One_World_Championship,1371249242,https://en.wikipedia.org/w/index.php?oldid=1371249242,2026-09-28T09:17:55Z
687,2002,7,2002-05-26,Monaco Grand Prix,2002_Monaco_Grand_Prix,wp19636733,David Coulthard,no,2002 Formula One World Championship,https://en.wikipedia.org/wiki/2002_Formula_One_World_Championship,1371249242,https://en.wikipedia.org/w/index.php?oldid=1371249242,2026-09-28T09:17:55Z
688,2002,8,2002-06-09,Canadian Grand Prix,2002_Canadian_Grand_Prix,wp20396,Michael Schumacher,no,2002 Formula One World Championship,https://en.wikipedia.org/wiki/2002_Formula_One_World_Championship,1371249242,https://en.wikipedia.org/w/index.php?oldid=1371249242,2026-09-28T09:17:55Z
689,2002,9,2002-06-23,European Grand Prix,2002_European_Grand_Prix,wp252989,Rubens Barrichello,no,2002 Formula One World Championship,https://en.wikipedia.org/wiki/2002_Formula_One_World_Championship,1371249242,https://en.wikipedia.org/w/index.php?oldid=1371249242,2026-09-28T09:17:55Z
690,2002,10,2002-07-07,British Grand Prix,2002_British_Grand_Prix,wp20396,Michael Schumacher,no,2002 Formula One World Championship,https://en.wikipedia.org/wiki/2002_Formula_One_World_Championship,1371249242,https://en.wikipedia.org/w/index.php?oldid=1371249242,2026-09-28T09:17:55Z
691,2002,11,2002-07-21,French Grand Prix,2002_French_Grand_Prix,wp20396,Michael Schumacher,no,2002 Formula One World Championship,https://en.wikipedia.org/wiki/2002_Formula_One_World_Championship,1371249242,https://en.wikipedia.org/w/index.php?oldid=1371249242,2026-09-28T09:17:55Z
692,2002,12,2002-07-28,German Grand Prix,2002_German_Grand_Prix,wp20396,Michael Schumacher,no,2002 Formula One World Championship,https://en.wikipedia.org/wiki/2002_Formula_One_World_Championship,1371249242,https://en.wikipedia.org/w/index.php?oldid=1371249242,2026-09-28T09:17:55Z
693,2002,13,2002-08-18,Hungarian Grand Prix,2002_Hungarian_Grand_Prix,wp252989,Rubens Barrichello,no,2002 Formula One World Championship,https://en.wikipedia.org/wiki/2002_Formula_One_World_Championship,1371249242,https://en.wikipedia.org/w/index.php?oldid=1371249242,2026-09-28T09:17:55Z
694,2002,14,2002-09-01,Belgian Grand Prix,2002_Belgian_Grand_Prix,wp20396,Michael Schumacher,no,2002 Formula One World Championship,https://en.wikipedia.org/wiki/2002_Formula_One_World_Championship,1371249242,https://en.wikipedia.org/w/index.php?oldid=1371249242,2026-09-28T09:17:55Z
695,2002,15,2002-09-15,Italian Grand Prix,2002_Italian_Grand_Prix,wp252989,Rubens Barrichello,no,2002 Formula One World Championship,https://en.wikipedia.org/wiki/2002_Formula_One_World_Championship,1371249242,https://en.wikipedia.org/w/index.php?oldid=1371249242,2026-09-28T09:17:55Z
696,2002,16,2002-09-29,United States Grand Prix,2002_United_States_Grand_Prix,wp252989,Rubens Barrichello,no,2002 Formula One World Championship,https://en.wikipedia.org/wiki/2002_Formula_One_World_Championship,1371249242,https://en.wikipedia.org/w/index.php?oldid=1371249242,2026-09-28T09:17:55Z
697,2002,17,2002-10-13,Japanese Grand Prix,2002_Japanese_Grand_Prix,wp20396,Michael Schumacher,no,2002 Formula One World Championship,https://en.wikipedia.org/wiki/2002_Formula_One_World_Championship,1371249242,https://en.wikipedia.org/w/index.php?oldid=1371249242,2026-09-28T09:17:55Z
698,2003,1,2003-03-09,Australian Grand Prix,2003_Australian_Grand_Prix,wp19636733,David Coulthard,no,2003 Formula One World Championship,https://en.wikipedia.org/wiki/2003_Formula_One_World_Championship,1371597264,https://en.wikipedia.org/w/index.php?oldid=1371597264,2026-09-28T09:17:56Z
699,2003,2,2003-03-23,Malaysian Grand Prix,2003_Malaysian_Grand_Prix,wp234756,Kimi Räikkönen,no,2003 Formula One World Championship,https://en.wikipedia.org/wiki/2003_Formula_One_World_Championship,1371597264,https://en.wikipedia.org/w/index.php?oldid=1371597264,2026-09-28T09:17:56Z
700,2003,3,2003-04-06,Brazilian Grand Prix,2003_Brazilian_Grand_Prix,wp636954,Giancarlo Fisichella,no,2003 Formula One World Championship,https://en.wikipedia.org/wiki/2003_Formula_One_World_Championship,1371597264,https://en.wikipedia.org/w/index.php?oldid=1371597264,2026-09-28T09:17:56Z
701,2003,4,2003-04-20,San Marino Grand Prix,2003_San_Marino_Grand_Prix,wp20396,Michael Schumacher,no,2003 Formula One World Championship,https://en.wikipedia.org/wiki/2003_Formula_One_World_Championship,1371597264,https://en.wikipedia.org/w/index.php?oldid=1371597264,2026-09-28T09:17:56Z
702,2003,5,2003-05-04,Spanish Grand Prix,2003_Spanish_Grand_Prix,wp20396,Michael Schumacher,no,2003 Formula One World Championship,https://en.wikipedia.org/wiki/2003_Formula_One_World_Championship,1371597264,https://en.wikipedia.org/w/index.php?oldid=1371597264,2026-09-28T09:17:56Z
703,2003,6,2003-05-18,Austrian Grand Prix,2003_Austrian_Grand_Prix,wp20396,Michael Schumacher,no,2003 Formula One World Championship,https://en.wikipedia.org/wiki/2003_Formula_One_World_Championship,1371597264,https://en.wikipedia.org/w/index.php?oldid=1371597264,2026-09-28T09:17:56Z
704,2003,7,2003-06-01,Monaco Grand Prix,2003_Monaco_Grand_Prix,wp164992,Juan Pablo Montoya,no,2003 Formula One World Championship,https://en.wikipedia.org/wiki/2003_Formula_One_World_Championship,1371597264,https://en.wikipedia.org/w/index.php?oldid=1371597264,2026-09-28T09:17:56Z
705,2003,8,2003-06-15,Canadian Grand Prix,2003_Canadian_Grand_Prix,wp20396,Michael Schumacher,no,2003 Formula One World Championship,https://en.wikipedia.org/wiki/2003_Formula_One_World_Championship,1371597264,https://en.wikipedia.org/w/index.php?oldid=1371597264,2026-09-28T09:17:56Z
706,2003,9,2003-06-29,European Grand Prix,2003_European_Grand_Prix,wp315472,Ralf Schumacher,no,2003 Formula One World Championship,https://en.wikipedia.org/wiki/2003_Formula_One_World_Championship,1371597264,https://en.wikipedia.org/w/index.php?oldid=1371597264,2026-09-28T09:17:56Z
707,2003,10,2003-07-06,French Grand Prix,2003_French_Grand_Prix,wp315472,Ralf Schumacher,no,2003 Formula One World Championship,https://en.wikipedia.org/wiki/2003_Formula_One_World_Championship,1371597264,https://en.wikipedia.org/w/index.php?oldid=1371597264,2026-09-28T09:17:56Z
708,2003,11,2003-07-20,British Grand Prix,2003_British_Grand_Prix,wp252989,Rubens Barrichello,no,2003 Formula One World Championship,https://en.wikipedia.org/wiki/2003_Formula_One_World_Championship,1371597264,https://en.wikipedia.org/w/index.php?oldid=1371597264,2026-09-28T09:17:56Z
709,2003,12,2003-08-03,German Grand Prix,2003_German_Grand_Prix,wp164992,Juan Pablo Montoya,no,2003 Formula One World Championship,https://en.wikipedia.org/wiki/2003_Formula_One_World_Championship,1371597264,https://en.wikipedia.org/w/index.php?oldid=1371597264,2026-09-28T09:17:56Z
710,2003,13,2003-08-24,Hungarian Grand Prix,2003_Hungarian_Grand_Prix,wp240390,Fernando Alonso,no,2003 Formula One World Championship,https://en.wikipedia.org/wiki/2003_Formula_One_World_Championship,1371597264,https://en.wikipedia.org/w/index.php?oldid=1371597264,2026-09-28T09:17:56Z
711,2003,14,2003-09-14,Italian Grand Prix,2003_Italian_Grand_Prix,wp20396,Michael Schumacher,no,2003 Formula One World Championship,https://en.wikipedia.org/wiki/2003_Formula_One_World_Championship,1371597264,https://en.wikipedia.org/w/index.php?oldid=1371597264,2026-09-28T09:17:56Z
712,2003,15,2003-09-28,United States Grand Prix,2003_United_States_Grand_Prix,wp20396,Michael Schumacher,no,2003 Formula One World Championship,https://en.wikipedia.org/wiki/2003_Formula_One_World_Championship,1371597264,https://en.wikipedia.org/w/index.php?oldid=1371597264,2026-09-28T09:17:56Z
713,2003,16,2003-10-12,Japanese Grand Prix,2003_Japanese_Grand_Prix,wp252989,Rubens Barrichello,no,2003 Formula One World Championship,https://en.wikipedia.org/wiki/2003_Formula_One_World_Championship,1371597264,https://en.wikipedia.org/w/index.php?oldid=1371597264,2026-09-28T09:17:56Z
714,2004,1,2004-03-07,Australian Grand Prix,2004_Australian_Grand_Prix,wp20396,Michael Schumacher,no,2004 Formula One World Championship,https://en.wikipedia.org/wiki/2004_Formula_One_World_Championship,1371252745,https://en.wikipedia.org/w/index.php?oldid=1371252745,2026-09-28T09:17:58Z
715,2004,2,2004-03-21,Malaysian Grand Prix,2004_Malaysian_Grand_Prix,wp20396,Michael Schumacher,no,2004 Formula One World Championship,https://en.wikipedia.org/wiki/2004_Formula_One_World_Championship,1371252745,https://en.wikipedia.org/w/index.php?oldid=1371252745,2026-09-28T09:17:58Z
716,2004,3,2004-04-04,Bahrain Grand Prix,2004_Bahrain_Grand_Prix,wp20396,Michael Schumacher,no,2004 Formula One World Championship,https://en.wikipedia.org/wiki/2004_Formula_One_World_Championship,1371252745,https://en.wikipedia.org/w/index.php?oldid=1371252745,2026-09-28T09:17:58Z
717,2004,4,2004-04-25,San Marino Grand Prix,2004_San_Marino_Grand_Prix,wp20396,Michael Schumacher,no,2004 Formula One World Championship,https://en.wikipedia.org/wiki/2004_Formula_One_World_Championship,1371252745,https://en.wikipedia.org/w/index.php?oldid=1371252745,2026-09-28T09:17:58Z
718,2004,5,2004-05-09,Spanish Grand Prix,2004_Spanish_Grand_Prix,wp20396,Michael Schumacher,no,2004 Formula One World Championship,https://en.wikipedia.org/wiki/2004_Formula_One_World_Championship,1371252745,https://en.wikipedia.org/w/index.php?oldid=1371252745,2026-09-28T09:17:58Z
719,2004,6,2004-05-23,Monaco Grand Prix,2004_Monaco_Grand_Prix,wp647260,Jarno Trulli,no,2004 Formula One World Championship,https://en.wikipedia.org/wiki/2004_Formula_One_World_Championship,1371252745,https://en.wikipedia.org/w/index.php?oldid=1371252745,2026-09-28T09:17:58Z
720,2004,7,2004-05-30,European Grand Prix,2004_European_Grand_Prix,wp20396,Michael Schumacher,no,2004 Formula One World Championship,https://en.wikipedia.org/wiki/2004_Formula_One_World_Championship,1371252745,https://en.wikipedia.org/w/index.php?oldid=1371252745,2026-09-28T09:17:58Z
721,2004,8,2004-06-13,Canadian Grand Prix,2004_Canadian_Grand_Prix,wp20396,Michael Schumacher,no,2004 Formula One World Championship,https://en.wikipedia.org/wiki/2004_Formula_One_World_Championship,1371252745,https://en.wikipedia.org/w/index.php?oldid=1371252745,2026-09-28T09:17:58Z
722,2004,9,2004-06-20,United States Grand Prix,2004_United_States_Grand_Prix,wp20396,Michael Schumacher,no,2004 Formula One World Championship,https://en.wikipedia.org/wiki/2004_Formula_One_World_Championship,1371252745,https://en.wikipedia.org/w/index.php?oldid=1371252745,2026-09-28T09:17:58Z
723,2004,10,2004-07-04,French Grand Prix,2004_French_Grand_Prix,wp20396,Michael Schumacher,no,2004 Formula One World Championship,https://en.wikipedia.org/wiki/2004_Formula_One_World_Championship,1371252745,https://en.wikipedia.org/w/index.php?oldid=1371252745,2026-09-28T09:17:58Z
724,2004,11,2004-07-11,British Grand Prix,2004_British_Grand_Prix,wp20396,Michael Schumacher,no,2004 Formula One World Championship,https://en.wikipedia.org/wiki/2004_Formula_One_World_Championship,1371252745,https://en.wikipedia.org/w/index.php?oldid=1371252745,2026-09-28T09:17:58Z
725,2004,12,2004-07-25,German Grand Prix,2004_German_Grand_Prix,wp20396,Michael Schumacher,no,2004 Formula One World Championship,https://en.wikipedia.org/wiki/2004_Formula_One_World_Championship,1371252745,https://en.wikipedia.org/w/index.php?oldid=1371252745,2026-09-28T09:17:58Z
726,2004,13,2004-08-15,Hungarian Grand Prix,2004_Hungarian_Grand_Prix,wp20396,Michael Schumacher,no,2004 Formula One World Championship,https://en.wikipedia.org/wiki/2004_Formula_One_World_Championship,1371252745,https://en.wikipedia.org/w/index.php?oldid=1371252745,2026-09-28T09:17:58Z
727,2004,14,2004-08-29,Belgian Grand Prix,2004_Belgian_Grand_Prix,wp234756,Kimi Räikkönen,no,2004 Formula One World Championship,https://en.wikipedia.org/wiki/2004_Formula_One_World_Championship,1371252745,https://en.wikipedia.org/w/index.php?oldid=1371252745,2026-09-28T09:17:58Z
728,2004,15,2004-09-12,Italian Grand Prix,2004_Italian_Grand_Prix,wp252989,Rubens Barrichello,no,2004 Formula One World Championship,https://en.wikipedia.org/wiki/2004_Formula_One_World_Championship,1371252745,https://en.wikipedia.org/w/index.php?oldid=1371252745,2026-09-28T09:17:58Z
729,2004,16,2004-09-26,Chinese Grand Prix,2004_Chinese_Grand_Prix,wp252989,Rubens Barrichello,no,2004 Formula One World Championship,https://en.wikipedia.org/wiki/2004_Formula_One_World_Championship,1371252745,https://en.wikipedia.org/w/index.php?oldid=1371252745,2026-09-28T09:17:58Z
730,2004,17,2004-10-10,Japanese Grand Prix,2004_Japanese_Grand_Prix,wp20396,Michael Schumacher,no,2004 Formula One World Championship,https://en.wikipedia.org/wiki/2004_Formula_One_World_Championship,1371252745,https://en.wikipedia.org/w/index.php?oldid=1371252745,2026-09-28T09:17:58Z
731,2004,18,2004-10-24,Brazilian Grand Prix,2004_Brazilian_Grand_Prix,wp164992,Juan Pablo Montoya,no,2004 Formula One World Championship,https://en.wikipedia.org/wiki/2004_Formula_One_World_Championship,1371252745,https://en.wikipedia.org/w/index.php?oldid=1371252745,2026-09-28T09:17:58Z
732,2005,1,2005-03-06,Australian Grand Prix,2005_Australian_Grand_Prix,wp636954,Giancarlo Fisichella,no,2005 Formula One World Championship,https://en.wikipedia.org/wiki/2005_Formula_One_World_Championship,1371249561,https://en.wikipedia.org/w/index.php?oldid=1371249561,2026-09-28T09:17:59Z
733,2005,2,2005-03-20,Malaysian Grand Prix,2005_Malaysian_Grand_Prix,wp240390,Fernando Alonso,no,2005 Formula One World Championship,https://en.wikipedia.org/wiki/2005_Formula_One_World_Championship,1371249561,https://en.wikipedia.org/w/index.php?oldid=1371249561,2026-09-28T09:17:59Z
734,2005,3,2005-04-03,Bahrain Grand Prix,2005_Bahrain_Grand_Prix,wp240390,Fernando Alonso,no,2005 Formula One World Championship,https://en.wikipedia.org/wiki/2005_Formula_One_World_Championship,1371249561,https://en.wikipedia.org/w/index.php?oldid=1371249561,2026-09-28T09:17:59Z
735,2005,4,2005-04-24,San Marino Grand Prix,2005_San_Marino_Grand_Prix,wp240390,Fernando Alonso,no,2005 Formula One World Championship,https://en.wikipedia.org/wiki/2005_Formula_One_World_Championship,1371249561,https://en.wikipedia.org/w/index.php?oldid=1371249561,2026-09-28T09:17:59Z
736,2005,5,2005-05-08,Spanish Grand Prix,2005_Spanish_Grand_Prix,wp234756,Kimi Räikkönen,no,2005 Formula One World Championship,https://en.wikipedia.org/wiki/2005_Formula_One_World_Championship,1371249561,https://en.wikipedia.org/w/index.php?oldid=1371249561,2026-09-28T09:17:59Z
737,2005,6,2005-05-22,Monaco Grand Prix,2005_Monaco_Grand_Prix,wp234756,Kimi Räikkönen,no,2005 Formula One World Championship,https://en.wikipedia.org/wiki/2005_Formula_One_World_Championship,1371249561,https://en.wikipedia.org/w/index.php?oldid=1371249561,2026-09-28T09:17:59Z
738,2005,7,2005-05-29,European Grand Prix,2005_European_Grand_Prix,wp240390,Fernando Alonso,no,2005 Formula One World Championship,https://en.wikipedia.org/wiki/2005_Formula_One_World_Championship,1371249561,https://en.wikipedia.org/w/index.php?oldid=1371249561,2026-09-28T09:17:59Z
739,2005,8,2005-06-12,Canadian Grand Prix,2005_Canadian_Grand_Prix,wp234756,Kimi Räikkönen,no,2005 Formula One World Championship,https://en.wikipedia.org/wiki/2005_Formula_One_World_Championship,1371249561,https://en.wikipedia.org/w/index.php?oldid=1371249561,2026-09-28T09:17:59Z
740,2005,9,2005-06-19,United States Grand Prix,2005_United_States_Grand_Prix,wp20396,Michael Schumacher,no,2005 Formula One World Championship,https://en.wikipedia.org/wiki/2005_Formula_One_World_Championship,1371249561,https://en.wikipedia.org/w/index.php?oldid=1371249561,2026-09-28T09:17:59Z
741,2005,10,2005-07-03,French Grand Prix,2005_French_Grand_Prix,wp240390,Fernando Alonso,no,2005 Formula One World Championship,https://en.wikipedia.org/wiki/2005_Formula_One_World_Championship,1371249561,https://en.wikipedia.org/w/index.php?oldid=1371249561,2026-09-28T09:17:59Z
742,2005,11,2005-07-10,British Grand Prix,2005_British_Grand_Prix,wp164992,Juan Pablo Montoya,no,2005 Formula One World Championship,https://en.wikipedia.org/wiki/2005_Formula_One_World_Championship,1371249561,https://en.wikipedia.org/w/index.php?oldid=1371249561,2026-09-28T09:17:59Z
743,2005,12,2005-07-24,German Grand Prix,2005_German_Grand_Prix,wp240390,Fernando Alonso,no,2005 Formula One World Championship,https://en.wikipedia.org/wiki/2005_Formula_One_World_Championship,1371249561,https://en.wikipedia.org/w/index.php?oldid=1371249561,2026-09-28T09:17:59Z
744,2005,13,2005-07-31,Hungarian Grand Prix,2005_Hungarian_Grand_Prix,wp234756,Kimi Räikkönen,no,2005 Formula One World Championship,https://en.wikipedia.org/wiki/2005_Formula_One_World_Championship,1371249561,https://en.wikipedia.org/w/index.php?oldid=1371249561,2026-09-28T09:17:59Z
745,2005,14,2005-08-21,Turkish Grand Prix,2005_Turkish_Grand_Prix,wp234756,Kimi Räikkönen,no,2005 Formula One World Championship,https://en.wikipedia.org/wiki/2005_Formula_One_World_Championship,1371249561,https://en.wikipedia.org/w/index.php?oldid=1371249561,2026-09-28T09:17:59Z
746,2005,15,2005-09-04,Italian Grand Prix,2005_Italian_Grand_Prix,wp164992,Juan Pablo Montoya,no,2005 Formula One World Championship,https://en.wikipedia.org/wiki/2005_Formula_One_World_Championship,1371249561,https://en.wikipedia.org/w/index.php?oldid=1371249561,2026-09-28T09:17:59Z
747,2005,16,2005-09-11,Belgian Grand Prix,2005_Belgian_Grand_Prix,wp234756,Kimi Räikkönen,no,2005 Formula One World Championship,https://en.wikipedia.org/wiki/2005_Formula_One_World_Championship,1371249561,https://en.wikipedia.org/w/index.php?oldid=1371249561,2026-09-28T09:17:59Z
748,2005,17,2005-09-25,Brazilian Grand Prix,2005_Brazilian_Grand_Prix,wp164992,Juan Pablo Montoya,no,2005 Formula One World Championship,https://en.wikipedia.org/wiki/2005_Formula_One_World_Championship,1371249561,https://en.wikipedia.org/w/index.php?oldid=1371249561,2026-09-28T09:17:59Z
749,2005,18,2005-10-09,Japanese Grand Prix,2005_Japanese_Grand_Prix,wp234756,Kimi Räikkönen,no,2005 Formula One World Championship,https://en.wikipedia.org/wiki/2005_Formula_One_World_Championship,1371249561,https://en.wikipedia.org/w/index.php?oldid=1371249561,2026-09-28T09:17:59Z
750,2005,19,2005-10-16,Chinese Grand Prix,2005_Chinese_Grand_Prix,wp240390,Fernando Alonso,no,2005 Formula One World Championship,https://en.wikipedia.org/wiki/2005_Formula_One_World_Championship,1371249561,https://en.wikipedia.org/w/index.php?oldid=1371249561,2026-09-28T09:17:59Z
751,2006,1,2006-03-12,Bahrain Grand Prix,2006_Bahrain_Grand_Prix,wp240390,Fernando Alonso,no,2006 Formula One World Championship,https://en.wikipedia.org/wiki/2006_Formula_One_World_Championship,1370957708,https://en.wikipedia.org/w/index.php?oldid=1370957708,2026-09-28T09:18:00Z
752,2006,2,2006-03-19,Malaysian Grand Prix,2006_Malaysian_Grand_Prix,wp636954,Giancarlo Fisichella,no,2006 Formula One World Championship,https://en.wikipedia.org/wiki/2006_Formula_One_World_Championship,1370957708,https://en.wikipedia.org/w/index.php?oldid=1370957708,2026-09-28T09:18:00Z
753,2006,3,2006-04-02,Australian Grand Prix,2006_Australian_Grand_Prix,wp240390,Fernando Alonso,no,2006 Formula One World Championship,https://en.wikipedia.org/wiki/2006_Formula_One_World_Championship,1370957708,https://en.wikipedia.org/w/index.php?oldid=1370957708,2026-09-28T09:18:00Z
754,2006,4,2006-04-23,San Marino Grand Prix,2006_San_Marino_Grand_Prix,wp20396,Michael Schumacher,no,2006 Formula One World Championship,https://en.wikipedia.org/wiki/2006_Formula_One_World_Championship,1370957708,https://en.wikipedia.org/w/index.php?oldid=1370957708,2026-09-28T09:18:00Z
755,2006,5,2006-05-07,European Grand Prix,2006_European_Grand_Prix,wp20396,Michael Schumacher,no,2006 Formula One World Championship,https://en.wikipedia.org/wiki/2006_Formula_One_World_Championship,1370957708,https://en.wikipedia.org/w/index.php?oldid=1370957708,2026-09-28T09:18:00Z
756,2006,6,2006-05-14,Spanish Grand Prix,2006_Spanish_Grand_Prix,wp240390,Fernando Alonso,no,2006 Formula One World Championship,https://en.wikipedia.org/wiki/2006_Formula_One_World_Championship,1370957708,https://en.wikipedia.org/w/index.php?oldid=1370957708,2026-09-28T09:18:00Z
757,2006,7,2006-05-28,Monaco Grand Prix,2006_Monaco_Grand_Prix,wp240390,Fernando Alonso,no,2006 Formula One World Championship,https://en.wikipedia.org/wiki/2006_Formula_One_World_Championship,1370957708,https://en.wikipedia.org/w/index.php?oldid=1370957708,2026-09-28T09:18:00Z
758,2006,8,2006-06-11,British Grand Prix,2006_British_Grand_Prix,wp240390,Fernando Alonso,no,2006 Formula One World Championship,https://en.wikipedia.org/wiki/2006_Formula_One_World_Championship,1370957708,https://en.wikipedia.org/w/index.php?oldid=1370957708,2026-09-28T09:18:00Z
759,2006,9,2006-06-25,Canadian Grand Prix,2006_Canadian_Grand_Prix,wp240390,Fernando Alonso,no,2006 Formula One World Championship,https://en.wikipedia.org/wiki/2006_Formula_One_World_Championship,1370957708,https://en.wikipedia.org/w/index.php?oldid=1370957708,2026-09-28T09:18:00Z
760,2006,10,2006-07-02,United States Grand Prix,2006_United_States_Grand_Prix,wp20396,Michael Schumacher,no,2006 Formula One World Championship,https://en.wikipedia.org/wiki/2006_Formula_One_World_Championship,1370957708,https://en.wikipedia.org/w/index.php?oldid=1370957708,2026-09-28T09:18:00Z
761,2006,11,2006-07-16,French Grand Prix,2006_French_Grand_Prix,wp20396,Michael Schumacher,no,2006 Formula One World Championship,https://en.wikipedia.org/wiki/2006_Formula_One_World_Championship,1370957708,https://en.wikipedia.org/w/index.php?oldid=1370957708,2026-09-28T09:18:00Z
762,2006,12,2006-07-30,German Grand Prix,2006_German_Grand_Prix,wp20396,Michael Schumacher,no,2006 Formula One World Championship,https://en.wikipedia.org/wiki/2006_Formula_One_World_Championship,1370957708,https://en.wikipedia.org/w/index.php?oldid=1370957708,2026-09-28T09:18:00Z
763,2006,13,2006-08-06,Hungarian Grand Prix,2006_Hungarian_Grand_Prix,wp548212,Jenson Button,no,2006 Formula One World Championship,https://en.wikipedia.org/wiki/2006_Formula_One_World_Championship,1370957708,https://en.wikipedia.org/w/index.php?oldid=1370957708,2026-09-28T09:18:00Z
764,2006,14,2006-08-27,Turkish Grand Prix,2006_Turkish_Grand_Prix,wp647263,Felipe Massa,no,2006 Formula One World Championship,https://en.wikipedia.org/wiki/2006_Formula_One_World_Championship,1370957708,https://en.wikipedia.org/w/index.php?oldid=1370957708,2026-09-28T09:18:00Z
765,2006,15,2006-09-10,Italian Grand Prix,2006_Italian_Grand_Prix,wp20396,Michael Schumacher,no,2006 Formula One World Championship,https://en.wikipedia.org/wiki/2006_Formula_One_World_Championship,1370957708,https://en.wikipedia.org/w/index.php?oldid=1370957708,2026-09-28T09:18:00Z
766,2006,16,2006-10-01,Chinese Grand Prix,2006_Chinese_Grand_Prix,wp20396,Michael Schumacher,no,2006 Formula One World Championship,https://en.wikipedia.org/wiki/2006_Formula_One_World_Championship,1370957708,https://en.wikipedia.org/w/index.php?oldid=1370957708,2026-09-28T09:18:00Z
767,2006,17,2006-10-08,Japanese Grand Prix,2006_Japanese_Grand_Prix,wp240390,Fernando Alonso,no,2006 Formula One World Championship,https://en.wikipedia.org/wiki/2006_Formula_One_World_Championship,1370957708,https://en.wikipedia.org/w/index.php?oldid=1370957708,2026-09-28T09:18:00Z
768,2006,18,2006-10-22,Brazilian Grand Prix,2006_Brazilian_Grand_Prix,wp647263,Felipe Massa,no,2006 Formula One World Championship,https://en.wikipedia.org/wiki/2006_Formula_One_World_Championship,1370957708,https://en.wikipedia.org/w/index.php?oldid=1370957708,2026-09-28T09:18:00Z
769,2007,1,2007-03-18,Australian Grand Prix,2007_Australian_Grand_Prix,wp234756,Kimi Räikkönen,no,2007 Formula One World Championship,https://en.wikipedia.org/wiki/2007_Formula_One_World_Championship,1368924967,https://en.wikipedia.org/w/index.php?oldid=1368924967,2026-09-28T09:18:00Z
770,2007,2,2007-04-08,Malaysian Grand Prix,2007_Malaysian_Grand_Prix,wp240390,Fernando Alonso,no,2007 Formula One World Championship,https://en.wikipedia.org/wiki/2007_Formula_One_World_Championship,1368924967,https://en.wikipedia.org/w/index.php?oldid=1368924967,2026-09-28T09:18:00Z
771,2007,3,2007-04-15,Bahrain Grand Prix,2007_Bahrain_Grand_Prix,wp647263,Felipe Massa,no,2007 Formula One World Championship,https://en.wikipedia.org/wiki/2007_Formula_One_World_Championship,1368924967,https://en.wikipedia.org/w/index.php?oldid=1368924967,2026-09-28T09:18:00Z
772,2007,4,2007-05-13,Spanish Grand Prix,2007_Spanish_Grand_Prix,wp647263,Felipe Massa,no,2007 Formula One World Championship,https://en.wikipedia.org/wiki/2007_Formula_One_World_Championship,1368924967,https://en.wikipedia.org/w/index.php?oldid=1368924967,2026-09-28T09:18:00Z
773,2007,5,2007-05-27,Monaco Grand Prix,2007_Monaco_Grand_Prix,wp240390,Fernando Alonso,no,2007 Formula One World Championship,https://en.wikipedia.org/wiki/2007_Formula_One_World_Championship,1368924967,https://en.wikipedia.org/w/index.php?oldid=1368924967,2026-09-28T09:18:00Z
774,2007,6,2007-06-10,Canadian Grand Prix,2007_Canadian_Grand_Prix,wp675561,Lewis Hamilton,no,2007 Formula One World Championship,https://en.wikipedia.org/wiki/2007_Formula_One_World_Championship,1368924967,https://en.wikipedia.org/w/index.php?oldid=1368924967,2026-09-28T09:18:00Z
775,2007,7,2007-06-17,United States Grand Prix,2007_United_States_Grand_Prix,wp675561,Lewis Hamilton,no,2007 Formula One World Championship,https://en.wikipedia.org/wiki/2007_Formula_One_World_Championship,1368924967,https://en.wikipedia.org/w/index.php?oldid=1368924967,2026-09-28T09:18:00Z
776,2007,8,2007-07-01,French Grand Prix,2007_French_Grand_Prix,wp234756,Kimi Räikkönen,no,2007 Formula One World Championship,https://en.wikipedia.org/wiki/2007_Formula_One_World_Championship,1368924967,https://en.wikipedia.org/w/index.php?oldid=1368924967,2026-09-28T09:18:00Z
777,2007,9,2007-07-08,British Grand Prix,2007_British_Grand_Prix,wp234756,Kimi Räikkönen,no,2007 Formula One World Championship,https://en.wikipedia.org/wiki/2007_Formula_One_World_Championship,1368924967,https://en.wikipedia.org/w/index.php?oldid=1368924967,2026-09-28T09:18:00Z
778,2007,10,2007-07-22,European Grand Prix,2007_European_Grand_Prix,wp240390,Fernando Alonso,no,2007 Formula One World Championship,https://en.wikipedia.org/wiki/2007_Formula_One_World_Championship,1368924967,https://en.wikipedia.org/w/index.php?oldid=1368924967,2026-09-28T09:18:00Z
779,2007,11,2007-08-05,Hungarian Grand Prix,2007_Hungarian_Grand_Prix,wp675561,Lewis Hamilton,no,2007 Formula One World Championship,https://en.wikipedia.org/wiki/2007_Formula_One_World_Championship,1368924967,https://en.wikipedia.org/w/index.php?oldid=1368924967,2026-09-28T09:18:00Z
780,2007,12,2007-08-26,Turkish Grand Prix,2007_Turkish_Grand_Prix,wp647263,Felipe Massa,no,2007 Formula One World Championship,https://en.wikipedia.org/wiki/2007_Formula_One_World_Championship,1368924967,https://en.wikipedia.org/w/index.php?oldid=1368924967,2026-09-28T09:18:00Z
781,2007,13,2007-09-09,Italian Grand Prix,2007_Italian_Grand_Prix,wp240390,Fernando Alonso,no,2007 Formula One World Championship,https://en.wikipedia.org/wiki/2007_Formula_One_World_Championship,1368924967,https://en.wikipedia.org/w/index.php?oldid=1368924967,2026-09-28T09:18:00Z
782,2007,14,2007-09-16,Belgian Grand Prix,2007_Belgian_Grand_Prix,wp234756,Kimi Räikkönen,no,2007 Formula One World Championship,https://en.wikipedia.org/wiki/2007_Formula_One_World_Championship,1368924967,https://en.wikipedia.org/w/index.php?oldid=1368924967,2026-09-28T09:18:00Z
783,2007,15,2007-09-30,Japanese Grand Prix,2007_Japanese_Grand_Prix,wp675561,Lewis Hamilton,no,2007 Formula One World Championship,https://en.wikipedia.org/wiki/2007_Formula_One_World_Championship,1368924967,https://en.wikipedia.org/w/index.php?oldid=1368924967,2026-09-28T09:18:00Z
784,2007,16,2007-10-07,Chinese Grand Prix,2007_Chinese_Grand_Prix,wp234756,Kimi Räikkönen,no,2007 Formula One World Championship,https://en.wikipedia.org/wiki/2007_Formula_One_World_Championship,1368924967,https://en.wikipedia.org/w/index.php?oldid=1368924967,2026-09-28T09:18:00Z
785,2007,17,2007-10-21,Brazilian Grand Prix,2007_Brazilian_Grand_Prix,wp234756,Kimi Räikkönen,no,2007 Formula One World Championship,https://en.wikipedia.org/wiki/2007_Formula_One_World_Championship,1368924967,https://en.wikipedia.org/w/index.php?oldid=1368924967,2026-09-28T09:18:00Z
786,2008,1,2008-03-16,Australian Grand Prix,2008_Australian_Grand_Prix,wp675561,Lewis Hamilton,no,2008 Formula One World Championship,https://en.wikipedia.org/wiki/2008_Formula_One_World_Championship,1373003249,https://en.wikipedia.org/w/index.php?oldid=1373003249,2026-09-28T09:18:01Z
787,2008,2,2008-03-23,Malaysian Grand Prix,2008_Malaysian_Grand_Prix,wp234756,Kimi Räikkönen,no,2008 Formula One World Championship,https://en.wikipedia.org/wiki/2008_Formula_One_World_Championship,1373003249,https://en.wikipedia.org/w/index.php?oldid=1373003249,2026-09-28T09:18:01Z
788,2008,3,2008-04-06,Bahrain Grand Prix,2008_Bahrain_Grand_Prix,wp647263,Felipe Massa,no,2008 Formula One World Championship,https://en.wikipedia.org/wiki/2008_Formula_One_World_Championship,1373003249,https://en.wikipedia.org/w/index.php?oldid=1373003249,2026-09-28T09:18:01Z
789,2008,4,2008-04-27,Spanish Grand Prix,2008_Spanish_Grand_Prix,wp234756,Kimi Räikkönen,no,2008 Formula One World Championship,https://en.wikipedia.org/wiki/2008_Formula_One_World_Championship,1373003249,https://en.wikipedia.org/w/index.php?oldid=1373003249,2026-09-28T09:18:01Z
790,2008,5,2008-05-11,Turkish Grand Prix,2008_Turkish_Grand_Prix,wp647263,Felipe Massa,no,2008 Formula One World Championship,https://en.wikipedia.org/wiki/2008_Formula_One_World_Championship,1373003249,https://en.wikipedia.org/w/index.php?oldid=1373003249,2026-09-28T09:18:01Z
791,2008,6,2008-05-25,Monaco Grand Prix,2008_Monaco_Grand_Prix,wp675561,Lewis Hamilton,no,2008 Formula One World Championship,https://en.wikipedia.org/wiki/2008_Formula_One_World_Championship,1373003249,https://en.wikipedia.org/w/index.php?oldid=1373003249,2026-09-28T09:18:01Z
792,2008,7,2008-06-08,Canadian Grand Prix,2008_Canadian_Grand_Prix,wp1841727,Robert Kubica,no,2008 Formula One World Championship,https://en.wikipedia.org/wiki/2008_Formula_One_World_Championship,1373003249,https://en.wikipedia.org/w/index.php?oldid=1373003249,2026-09-28T09:18:01Z
793,2008,8,2008-06-22,French Grand Prix,2008_French_Grand_Prix,wp647263,Felipe Massa,no,2008 Formula One World Championship,https://en.wikipedia.org/wiki/2008_Formula_One_World_Championship,1373003249,https://en.wikipedia.org/w/index.php?oldid=1373003249,2026-09-28T09:18:01Z
794,2008,9,2008-07-06,British Grand Prix,2008_British_Grand_Prix,wp675561,Lewis Hamilton,no,2008 Formula One World Championship,https://en.wikipedia.org/wiki/2008_Formula_One_World_Championship,1373003249,https://en.wikipedia.org/w/index.php?oldid=1373003249,2026-09-28T09:18:01Z
795,2008,10,2008-07-20,German Grand Prix,2008_German_Grand_Prix,wp675561,Lewis Hamilton,no,2008 Formula One World Championship,https://en.wikipedia.org/wiki/2008_Formula_One_World_Championship,1373003249,https://en.wikipedia.org/w/index.php?oldid=1373003249,2026-09-28T09:18:01Z
796,2008,11,2008-08-03,Hungarian Grand Prix,2008_Hungarian_Grand_Prix,wp1527343,Heikki Kovalainen,no,2008 Formula One World Championship,https://en.wikipedia.org/wiki/2008_Formula_One_World_Championship,1373003249,https://en.wikipedia.org/w/index.php?oldid=1373003249,2026-09-28T09:18:01Z
797,2008,12,2008-08-24,European Grand Prix,2008_European_Grand_Prix,wp647263,Felipe Massa,no,2008 Formula One World Championship,https://en.wikipedia.org/wiki/2008_Formula_One_World_Championship,1373003249,https://en.wikipedia.org/w/index.php?oldid=1373003249,2026-09-28T09:18:01Z
798,2008,13,2008-09-07,Belgian Grand Prix,2008_Belgian_Grand_Prix,wp647263,Felipe Massa,no,2008 Formula One World Championship,https://en.wikipedia.org/wiki/2008_Formula_One_World_Championship,1373003249,https://en.wikipedia.org/w/index.php?oldid=1373003249,2026-09-28T09:18:01Z
799,2008,14,2008-09-14,Italian Grand Prix,2008_Italian_Grand_Prix,wp6437759,Sebastian Vettel,no,2008 Formula One World Championship,https://en.wikipedia.org/wiki/2008_Formula_One_World_Championship,1373003249,https://en.wikipedia.org/w/index.php?oldid=1373003249,2026-09-28T09:18:01Z
800,2008,15,2008-09-28,Singapore Grand Prix,2008_Singapore_Grand_Prix,wp240390,Fernando Alonso,no,2008 Formula One World Championship,https://en.wikipedia.org/wiki/2008_Formula_One_World_Championship,1373003249,https://en.wikipedia.org/w/index.php?oldid=1373003249,2026-09-28T09:18:01Z
801,2008,16,2008-10-12,Japanese Grand Prix,2008_Japanese_Grand_Prix,wp240390,Fernando Alonso,no,2008 Formula One World Championship,https://en.wikipedia.org/wiki/2008_Formula_One_World_Championship,1373003249,https://en.wikipedia.org/w/index.php?oldid=1373003249,2026-09-28T09:18:01Z
802,2008,17,2008-10-19,Chinese Grand Prix,2008_Chinese_Grand_Prix,wp675561,Lewis Hamilton,no,2008 Formula One World Championship,https://en.wikipedia.org/wiki/2008_Formula_One_World_Championship,1373003249,https://en.wikipedia.org/w/index.php?oldid=1373003249,2026-09-28T09:18:01Z
803,2008,18,2008-11-02,Brazilian Grand Prix,2008_Brazilian_Grand_Prix,wp647263,Felipe Massa,no,2008 Formula One World Championship,https://en.wikipedia.org/wiki/2008_Formula_One_World_Championship,1373003249,https://en.wikipedia.org/w/index.php?oldid=1373003249,2026-09-28T09:18:01Z
804,2009,1,2009-03-29,Australian Grand Prix,2009_Australian_Grand_Prix,wp548212,Jenson Button,no,2009 Formula One World Championship,https://en.wikipedia.org/wiki/2009_Formula_One_World_Championship,1365999807,https://en.wikipedia.org/w/index.php?oldid=1365999807,2026-09-28T09:18:02Z
805,2009,2,2009-04-05,Malaysian Grand Prix,2009_Malaysian_Grand_Prix,wp548212,Jenson Button,no,2009 Formula One World Championship,https://en.wikipedia.org/wiki/2009_Formula_One_World_Championship,1365999807,https://en.wikipedia.org/w/index.php?oldid=1365999807,2026-09-28T09:18:02Z
806,2009,3,2009-04-19,Chinese Grand Prix,2009_Chinese_Grand_Prix,wp6437759,Sebastian Vettel,no,2009 Formula One World Championship,https://en.wikipedia.org/wiki/2009_Formula_One_World_Championship,1365999807,https://en.wikipedia.org/w/index.php?oldid=1365999807,2026-09-28T09:18:02Z
807,2009,4,2009-04-26,Bahrain Grand Prix,2009_Bahrain_Grand_Prix,wp548212,Jenson Button,no,2009 Formula One World Championship,https://en.wikipedia.org/wiki/2009_Formula_One_World_Championship,1365999807,https://en.wikipedia.org/w/index.php?oldid=1365999807,2026-09-28T09:18:02Z
808,2009,5,2009-05-10,Spanish Grand Prix,2009_Spanish_Grand_Prix,wp548212,Jenson Button,no,2009 Formula One World Championship,https://en.wikipedia.org/wiki/2009_Formula_One_World_Championship,1365999807,https://en.wikipedia.org/w/index.php?oldid=1365999807,2026-09-28T09:18:02Z
809,2009,6,2009-05-24,Monaco Grand Prix,2009_Monaco_Grand_Prix,wp548212,Jenson Button,no,2009 Formula One World Championship,https://en.wikipedia.org/wiki/2009_Formula_One_World_Championship,1365999807,https://en.wikipedia.org/w/index.php?oldid=1365999807,2026-09-28T09:18:02Z
810,2009,7,2009-06-07,Turkish Grand Prix,2009_Turkish_Grand_Prix,wp548212,Jenson Button,no,2009 Formula One World Championship,https://en.wikipedia.org/wiki/2009_Formula_One_World_Championship,1365999807,https://en.wikipedia.org/w/index.php?oldid=1365999807,2026-09-28T09:18:02Z
811,2009,8,2009-06-21,British Grand Prix,2009_British_Grand_Prix,wp6437759,Sebastian Vettel,no,2009 Formula One World Championship,https://en.wikipedia.org/wiki/2009_Formula_One_World_Championship,1365999807,https://en.wikipedia.org/w/index.php?oldid=1365999807,2026-09-28T09:18:02Z
812,2009,9,2009-07-12,German Grand Prix,2009_German_Grand_Prix,wp564161,Mark Webber,no,2009 Formula One World Championship,https://en.wikipedia.org/wiki/2009_Formula_One_World_Championship,1365999807,https://en.wikipedia.org/w/index.php?oldid=1365999807,2026-09-28T09:18:02Z
813,2009,10,2009-07-26,Hungarian Grand Prix,2009_Hungarian_Grand_Prix,wp675561,Lewis Hamilton,no,2009 Formula One World Championship,https://en.wikipedia.org/wiki/2009_Formula_One_World_Championship,1365999807,https://en.wikipedia.org/w/index.php?oldid=1365999807,2026-09-28T09:18:02Z
814,2009,11,2009-08-23,European Grand Prix,2009_European_Grand_Prix,wp252989,Rubens Barrichello,no,2009 Formula One World Championship,https://en.wikipedia.org/wiki/2009_Formula_One_World_Championship,1365999807,https://en.wikipedia.org/w/index.php?oldid=1365999807,2026-09-28T09:18:02Z
815,2009,12,2009-08-30,Belgian Grand Prix,2009_Belgian_Grand_Prix,wp234756,Kimi Räikkönen,no,2009 Formula One World Championship,https://en.wikipedia.org/wiki/2009_Formula_One_World_Championship,1365999807,https://en.wikipedia.org/w/index.php?oldid=1365999807,2026-09-28T09:18:02Z
816,2009,13,2009-09-13,Italian Grand Prix,2009_Italian_Grand_Prix,wp252989,Rubens Barrichello,no,2009 Formula One World Championship,https://en.wikipedia.org/wiki/2009_Formula_One_World_Championship,1365999807,https://en.wikipedia.org/w/index.php?oldid=1365999807,2026-09-28T09:18:02Z
817,2009,14,2009-09-27,Singapore Grand Prix,2009_Singapore_Grand_Prix,wp675561,Lewis Hamilton,no,2009 Formula One World Championship,https://en.wikipedia.org/wiki/2009_Formula_One_World_Championship,1365999807,https://en.wikipedia.org/w/index.php?oldid=1365999807,2026-09-28T09:18:02Z
818,2009,15,2009-10-04,Japanese Grand Prix,2009_Japanese_Grand_Prix,wp6437759,Sebastian Vettel,no,2009 Formula One World Championship,https://en.wikipedia.org/wiki/2009_Formula_One_World_Championship,1365999807,https://en.wikipedia.org/w/index.php?oldid=1365999807,2026-09-28T09:18:02Z
819,2009,16,2009-10-18,Brazilian Grand Prix,2009_Brazilian_Grand_Prix,wp564161,Mark Webber,no,2009 Formula One World Championship,https://en.wikipedia.org/wiki/2009_Formula_One_World_Championship,1365999807,https://en.wikipedia.org/w/index.php?oldid=1365999807,2026-09-28T09:18:02Z
820,2009,17,2009-11-01,Abu Dhabi Grand Prix,2009_Abu_Dhabi_Grand_Prix,wp6437759,Sebastian Vettel,no,2009 Formula One World Championship,https://en.wikipedia.org/wiki/2009_Formula_One_World_Championship,1365999807,https://en.wikipedia.org/w/index.php?oldid=1365999807,2026-09-28T09:18:02Z
821,2010,1,2010-03-14,Bahrain Grand Prix,2010_Bahrain_Grand_Prix,wp240390,Fernando Alonso,no,2010 Formula One World Championship,https://en.wikipedia.org/wiki/2010_Formula_One_World_Championship,1368835756,https://en.wikipedia.org/w/index.php?oldid=1368835756,2026-09-28T09:18:03Z
822,2010,2,2010-03-28,Australian Grand Prix,2010_Australian_Grand_Prix,wp548212,Jenson Button,no,2010 Formula One World Championship,https://en.wikipedia.org/wiki/2010_Formula_One_World_Championship,1368835756,https://en.wikipedia.org/w/index.php?oldid=1368835756,2026-09-28T09:18:03Z
823,2010,3,2010-04-04,Malaysian Grand Prix,2010_Malaysian_Grand_Prix,wp6437759,Sebastian Vettel,no,2010 Formula One World Championship,https://en.wikipedia.org/wiki/2010_Formula_One_World_Championship,1368835756,https://en.wikipedia.org/w/index.php?oldid=1368835756,2026-09-28T09:18:03Z
824,2010,4,2010-04-18,Chinese Grand Prix,2010_Chinese_Grand_Prix,wp548212,Jenson Button,no,2010 Formula One World Championship,https://en.wikipedia.org/wiki/2010_Formula_One_World_Championship,1368835756,https://en.wikipedia.org/w/index.php?oldid=1368835756,2026-09-28T09:18:03Z
825,2010,5,2010-05-09,Spanish Grand Prix,2010_Spanish_Grand_Prix,wp564161,Mark Webber,no,2010 Formula One World Championship,https://en.wikipedia.org/wiki/2010_Formula_One_World_Championship,1368835756,https://en.wikipedia.org/w/index.php?oldid=1368835756,2026-09-28T09:18:03Z
826,2010,6,2010-05-16,Monaco Grand Prix,2010_Monaco_Grand_Prix,wp564161,Mark Webber,no,2010 Formula One World Championship,https://en.wikipedia.org/wiki/2010_Formula_One_World_Championship,1368835756,https://en.wikipedia.org/w/index.php?oldid=1368835756,2026-09-28T09:18:03Z
827,2010,7,2010-05-30,Turkish Grand Prix,2010_Turkish_Grand_Prix,wp675561,Lewis Hamilton,no,2010 Formula One World Championship,https://en.wikipedia.org/wiki/2010_Formula_One_World_Championship,1368835756,https://en.wikipedia.org/w/index.php?oldid=1368835756,2026-09-28T09:18:03Z
828,2010,8,2010-06-13,Canadian Grand Prix,2010_Canadian_Grand_Prix,wp675561,Lewis Hamilton,no,2010 Formula One World Championship,https://en.wikipedia.org/wiki/2010_Formula_One_World_Championship,1368835756,https://en.wikipedia.org/w/index.php?oldid=1368835756,2026-09-28T09:18:03Z
829,2010,9,2010-06-27,European Grand Prix,2010_European_Grand_Prix,wp6437759,Sebastian Vettel,no,2010 Formula One World Championship,https://en.wikipedia.org/wiki/2010_Formula_One_World_Championship,1368835756,https://en.wikipedia.org/w/index.php?oldid=1368835756,2026-09-28T09:18:03Z
830,2010,10,2010-07-11,British Grand Prix,2010_British_Grand_Prix,wp564161,Mark Webber,no,2010 Formula One World Championship,https://en.wikipedia.org/wiki/2010_Formula_One_World_Championship,1368835756,https://en.wikipedia.org/w/index.php?oldid=1368835756,2026-09-28T09:18:03Z
831,2010,11,2010-07-25,German Grand Prix,2010_German_Grand_Prix,wp240390,Fernando Alonso,no,2010 Formula One World Championship,https://en.wikipedia.org/wiki/2010_Formula_One_World_Championship,1368835756,https://en.wikipedia.org/w/index.php?oldid=1368835756,2026-09-28T09:18:03Z
832,2010,12,2010-08-01,Hungarian Grand Prix,2010_Hungarian_Grand_Prix,wp564161,Mark Webber,no,2010 Formula One World Championship,https://en.wikipedia.org/wiki/2010_Formula_One_World_Championship,1368835756,https://en.wikipedia.org/w/index.php?oldid=1368835756,2026-09-28T09:18:03Z
833,2010,13,2010-08-29,Belgian Grand Prix,2010_Belgian_Grand_Prix,wp675561,Lewis Hamilton,no,2010 Formula One World Championship,https://en.wikipedia.org/wiki/2010_Formula_One_World_Championship,1368835756,https://en.wikipedia.org/w/index.php?oldid=1368835756,2026-09-28T09:18:03Z
834,2010,14,2010-09-12,Italian Grand Prix,2010_Italian_Grand_Prix,wp240390,Fernando Alonso,no,2010 Formula One World Championship,https://en.wikipedia.org/wiki/2010_Formula_One_World_Championship,1368835756,https://en.wikipedia.org/w/index.php?oldid=1368835756,2026-09-28T09:18:03Z
835,2010,15,2010-09-26,Singapore Grand Prix,2010_Singapore_Grand_Prix,wp240390,Fernando Alonso,no,2010 Formula One World Championship,https://en.wikipedia.org/wiki/2010_Formula_One_World_Championship,1368835756,https://en.wikipedia.org/w/index.php?oldid=1368835756,2026-09-28T09:18:03Z
836,2010,16,2010-10-10,Japanese Grand Prix,2010_Japanese_Grand_Prix,wp6437759,Sebastian Vettel,no,2010 Formula One World Championship,https://en.wikipedia.org/wiki/2010_Formula_One_World_Championship,1368835756,https://en.wikipedia.org/w/index.php?oldid=1368835756,2026-09-28T09:18:03Z
837,2010,17,2010-10-24,Korean Grand Prix,2010_Korean_Grand_Prix,wp240390,Fernando Alonso,no,2010 Formula One World Championship,https://en.wikipedia.org/wiki/2010_Formula_One_World_Championship,1368835756,https://en.wikipedia.org/w/index.php?oldid=1368835756,2026-09-28T09:18:03Z
838,2010,18,2010-11-07,Brazilian Grand Prix,2010_Brazilian_Grand_Prix,wp6437759,Sebastian Vettel,no,2010 Formula One World Championship,https://en.wikipedia.org/wiki/2010_Formula_One_World_Championship,1368835756,https://en.wikipedia.org/w/index.php?oldid=1368835756,2026-09-28T09:18:03Z
839,2010,19,2010-11-14,Abu Dhabi Grand Prix,2010_Abu_Dhabi_Grand_Prix,wp6437759,Sebastian Vettel,no,2010 Formula One World Championship,https://en.wikipedia.org/wiki/2010_Formula_One_World_Championship,1368835756,https://en.wikipedia.org/w/index.php?oldid=1368835756,2026-09-28T09:18:03Z
840,2011,1,2011-03-27,Australian Grand Prix,2011_Australian_Grand_Prix,wp6437759,Sebastian Vettel,no,2011 Formula One World Championship,https://en.wikipedia.org/wiki/2011_Formula_One_World_Championship,1376563046,https://en.wikipedia.org/w/index.php?oldid=1376563046,2026-09-28T09:18:04Z
841,2011,2,2011-04-10,Malaysian Grand Prix,2011_Malaysian_Grand_Prix,wp6437759,Sebastian Vettel,no,2011 Formula One World Championship,https://en.wikipedia.org/wiki/2011_Formula_One_World_Championship,1376563046,https://en.wikipedia.org/w/index.php?oldid=1376563046,2026-09-28T09:18:04Z
842,2011,3,2011-04-17,Chinese Grand Prix,2011_Chinese_Grand_Prix,wp675561,Lewis Hamilton,no,2011 Formula One World Championship,https://en.wikipedia.org/wiki/2011_Formula_One_World_Championship,1376563046,https://en.wikipedia.org/w/index.php?oldid=1376563046,2026-09-28T09:18:04Z
843,2011,4,2011-05-08,Turkish Grand Prix,2011_Turkish_Grand_Prix,wp6437759,Sebastian Vettel,no,2011 Formula One World Championship,https://en.wikipedia.org/wiki/2011_Formula_One_World_Championship,1376563046,https://en.wikipedia.org/w/index.php?oldid=1376563046,2026-09-28T09:18:04Z
844,2011,5,2011-05-22,Spanish Grand Prix,2011_Spanish_Grand_Prix,wp6437759,Sebastian Vettel,no,2011 Formula One World Championship,https://en.wikipedia.org/wiki/2011_Formula_One_World_Championship,1376563046,https://en.wikipedia.org/w/index.php?oldid=1376563046,2026-09-28T09:18:04Z
845,2011,6,2011-05-29,Monaco Grand Prix,2011_Monaco_Grand_Prix,wp6437759,Sebastian Vettel,no,2011 Formula One World Championship,https://en.wikipedia.org/wiki/2011_Formula_One_World_Championship,1376563046,https://en.wikipedia.org/w/index.php?oldid=1376563046,2026-09-28T09:18:04Z
846,2011,7,2011-06-12,Canadian Grand Prix,2011_Canadian_Grand_Prix,wp548212,Jenson Button,no,2011 Formula One World Championship,https://en.wikipedia.org/wiki/2011_Formula_One_World_Championship,1376563046,https://en.wikipedia.org/w/index.php?oldid=1376563046,2026-09-28T09:18:04Z
847,2011,8,2011-06-26,European Grand Prix,2011_European_Grand_Prix,wp6437759,Sebastian Vettel,no,2011 Formula One World Championship,https://en.wikipedia.org/wiki/2011_Formula_One_World_Championship,1376563046,https://en.wikipedia.org/w/index.php?oldid=1376563046,2026-09-28T09:18:04Z
848,2011,9,2011-07-10,British Grand Prix,2011_British_Grand_Prix,wp240390,Fernando Alonso,no,2011 Formula One World Championship,https://en.wikipedia.org/wiki/2011_Formula_One_World_Championship,1376563046,https://en.wikipedia.org/w/index.php?oldid=1376563046,2026-09-28T09:18:04Z
849,2011,10,2011-07-24,German Grand Prix,2011_German_Grand_Prix,wp675561,Lewis Hamilton,no,2011 Formula One World Championship,https://en.wikipedia.org/wiki/2011_Formula_One_World_Championship,1376563046,https://en.wikipedia.org/w/index.php?oldid=1376563046,2026-09-28T09:18:04Z
850,2011,11,2011-07-31,Hungarian Grand Prix,2011_Hungarian_Grand_Prix,wp548212,Jenson Button,no,2011 Formula One World Championship,https://en.wikipedia.org/wiki/2011_Formula_One_World_Championship,1376563046,https://en.wikipedia.org/w/index.php?oldid=1376563046,2026-09-28T09:18:04Z
851,2011,12,2011-08-28,Belgian Grand Prix,2011_Belgian_Grand_Prix,wp6437759,Sebastian Vettel,no,2011 Formula One World Championship,https://en.wikipedia.org/wiki/2011_Formula_One_World_Championship,1376563046,https://en.wikipedia.org/w/index.php?oldid=1376563046,2026-09-28T09:18:04Z
852,2011,13,2011-09-11,Italian Grand Prix,2011_Italian_Grand_Prix,wp6437759,Sebastian Vettel,no,2011 Formula One World Championship,https://en.wikipedia.org/wiki/2011_Formula_One_World_Championship,1376563046,https://en.wikipedia.org/w/index.php?oldid=1376563046,2026-09-28T09:18:04Z
853,2011,14,2011-09-25,Singapore Grand Prix,2011_Singapore_Grand_Prix,wp6437759,Sebastian Vettel,no,2011 Formula One World Championship,https://en.wikipedia.org/wiki/2011_Formula_One_World_Championship,1376563046,https://en.wikipedia.org/w/index.php?oldid=1376563046,2026-09-28T09:18:04Z
854,2011,15,2011-10-09,Japanese Grand Prix,2011_Japanese_Grand_Prix,wp548212,Jenson Button,no,2011 Formula One World Championship,https://en.wikipedia.org/wiki/2011_Formula_One_World_Championship,1376563046,https://en.wikipedia.org/w/index.php?oldid=1376563046,2026-09-28T09:18:04Z
855,2011,16,2011-10-16,Korean Grand Prix,2011_Korean_Grand_Prix,wp6437759,Sebastian Vettel,no,2011 Formula One World Championship,https://en.wikipedia.org/wiki/2011_Formula_One_World_Championship,1376563046,https://en.wikipedia.org/w/index.php?oldid=1376563046,2026-09-28T09:18:04Z
856,2011,17,2011-10-30,Indian Grand Prix,2011_Indian_Grand_Prix,wp6437759,Sebastian Vettel,no,2011 Formula One World Championship,https://en.wikipedia.org/wiki/2011_Formula_One_World_Championship,1376563046,https://en.wikipedia.org/w/index.php?oldid=1376563046,2026-09-28T09:18:04Z
857,2011,18,2011-11-13,Abu Dhabi Grand Prix,2011_Abu_Dhabi_Grand_Prix,wp675561,Lewis Hamilton,no,2011 Formula One World Championship,https://en.wikipedia.org/wiki/2011_Formula_One_World_Championship,1376563046,https://en.wikipedia.org/w/index.php?oldid=1376563046,2026-09-28T09:18:04Z
858,2011,19,2011-11-27,Brazilian Grand Prix,2011_Brazilian_Grand_Prix,wp564161,Mark Webber,no,2011 Formula One World Championship,https://en.wikipedia.org/wiki/2011_Formula_One_World_Championship,1376563046,https://en.wikipedia.org/w/index.php?oldid=1376563046,2026-09-28T09:18:04Z
859,2012,1,2012-03-18,Australian Grand Prix,2012_Australian_Grand_Prix,wp548212,Jenson Button,no,2012 Formula One World Championship,https://en.wikipedia.org/wiki/2012_Formula_One_World_Championship,1376317031,https://en.wikipedia.org/w/index.php?oldid=1376317031,2026-09-28T09:18:05Z
860,2012,2,2012-03-25,Malaysian Grand Prix,2012_Malaysian_Grand_Prix,wp240390,Fernando Alonso,no,2012 Formula One World Championship,https://en.wikipedia.org/wiki/2012_Formula_One_World_Championship,1376317031,https://en.wikipedia.org/w/index.php?oldid=1376317031,2026-09-28T09:18:05Z
861,2012,3,2012-04-15,Chinese Grand Prix,2012_Chinese_Grand_Prix,wp1628331,Nico Rosberg,no,2012 Formula One World Championship,https://en.wikipedia.org/wiki/2012_Formula_One_World_Championship,1376317031,https://en.wikipedia.org/w/index.php?oldid=1376317031,2026-09-28T09:18:05Z
862,2012,4,2012-04-22,Bahrain Grand Prix,2012_Bahrain_Grand_Prix,wp6437759,Sebastian Vettel,no,2012 Formula One World Championship,https://en.wikipedia.org/wiki/2012_Formula_One_World_Championship,1376317031,https://en.wikipedia.org/w/index.php?oldid=1376317031,2026-09-28T09:18:05Z
863,2012,5,2012-05-13,Spanish Grand Prix,2012_Spanish_Grand_Prix,wp9255765,Pastor Maldonado,no,2012 Formula One World Championship,https://en.wikipedia.org/wiki/2012_Formula_One_World_Championship,1376317031,https://en.wikipedia.org/w/index.php?oldid=1376317031,2026-09-28T09:18:05Z
864,2012,6,2012-05-27,Monaco Grand Prix,2012_Monaco_Grand_Prix,wp564161,Mark Webber,no,2012 Formula One World Championship,https://en.wikipedia.org/wiki/2012_Formula_One_World_Championship,1376317031,https://en.wikipedia.org/w/index.php?oldid=1376317031,2026-09-28T09:18:05Z
865,2012,7,2012-06-10,Canadian Grand Prix,2012_Canadian_Grand_Prix,wp675561,Lewis Hamilton,no,2012 Formula One World Championship,https://en.wikipedia.org/wiki/2012_Formula_One_World_Championship,1376317031,https://en.wikipedia.org/w/index.php?oldid=1376317031,2026-09-28T09:18:05Z
866,2012,8,2012-06-24,European Grand Prix,2012_European_Grand_Prix,wp240390,Fernando Alonso,no,2012 Formula One World Championship,https://en.wikipedia.org/wiki/2012_Formula_One_World_Championship,1376317031,https://en.wikipedia.org/w/index.php?oldid=1376317031,2026-09-28T09:18:05Z
867,2012,9,2012-07-08,British Grand Prix,2012_British_Grand_Prix,wp564161,Mark Webber,no,2012 Formula One World Championship,https://en.wikipedia.org/wiki/2012_Formula_One_World_Championship,1376317031,https://en.wikipedia.org/w/index.php?oldid=1376317031,2026-09-28T09:18:05Z
868,2012,10,2012-07-22,German Grand Prix,2012_German_Grand_Prix,wp240390,Fernando Alonso,no,2012 Formula One World Championship,https://en.wikipedia.org/wiki/2012_Formula_One_World_Championship,1376317031,https://en.wikipedia.org/w/index.php?oldid=1376317031,2026-09-28T09:18:05Z
869,2012,11,2012-07-29,Hungarian Grand Prix,2012_Hungarian_Grand_Prix,wp675561,Lewis Hamilton,no,2012 Formula One World Championship,https://en.wikipedia.org/wiki/2012_Formula_One_World_Championship,1376317031,https://en.wikipedia.org/w/index.php?oldid=1376317031,2026-09-28T09:18:05Z
870,2012,12,2012-09-02,Belgian Grand Prix,2012_Belgian_Grand_Prix,wp548212,Jenson Button,no,2012 Formula One World Championship,https://en.wikipedia.org/wiki/2012_Formula_One_World_Championship,1376317031,https://en.wikipedia.org/w/index.php?oldid=1376317031,2026-09-28T09:18:05Z
871,2012,13,2012-09-09,Italian Grand Prix,2012_Italian_Grand_Prix,wp675561,Lewis Hamilton,no,2012 Formula One World Championship,https://en.wikipedia.org/wiki/2012_Formula_One_World_Championship,1376317031,https://en.wikipedia.org/w/index.php?oldid=1376317031,2026-09-28T09:18:05Z
872,2012,14,2012-09-23,Singapore Grand Prix,2012_Singapore_Grand_Prix,wp6437759,Sebastian Vettel,no,2012 Formula One World Championship,https://en.wikipedia.org/wiki/2012_Formula_One_World_Championship,1376317031,https://en.wikipedia.org/w/index.php?oldid=1376317031,2026-09-28T09:18:05Z
873,2012,15,2012-10-07,Japanese Grand Prix,2012_Japanese_Grand_Prix,wp6437759,Sebastian Vettel,no,2012 Formula One World Championship,https://en.wikipedia.org/wiki/2012_Formula_One_World_Championship,1376317031,https://en.wikipedia.org/w/index.php?oldid=1376317031,2026-09-28T09:18:05Z
874,2012,16,2012-10-14,Korean Grand Prix,2012_Korean_Grand_Prix,wp6437759,Sebastian Vettel,no,2012 Formula One World Championship,https://en.wikipedia.org/wiki/2012_Formula_One_World_Championship,1376317031,https://en.wikipedia.org/w/index.php?oldid=1376317031,2026-09-28T09:18:05Z
875,2012,17,2012-10-28,Indian Grand Prix,2012_Indian_Grand_Prix,wp6437759,Sebastian Vettel,no,2012 Formula One World Championship,https://en.wikipedia.org/wiki/2012_Formula_One_World_Championship,1376317031,https://en.wikipedia.org/w/index.php?oldid=1376317031,2026-09-28T09:18:05Z
876,2012,18,2012-11-04,Abu Dhabi Grand Prix,2012_Abu_Dhabi_Grand_Prix,wp234756,Kimi Räikkönen,no,2012 Formula One World Championship,https://en.wikipedia.org/wiki/2012_Formula_One_World_Championship,1376317031,https://en.wikipedia.org/w/index.php?oldid=1376317031,2026-09-28T09:18:05Z
877,2012,19,2012-11-18,United States Grand Prix,2012_United_States_Grand_Prix,wp675561,Lewis Hamilton,no,2012 Formula One World Championship,https://en.wikipedia.org/wiki/2012_Formula_One_World_Championship,1376317031,https://en.wikipedia.org/w/index.php?oldid=1376317031,2026-09-28T09:18:05Z
878,2012,20,2012-11-25,Brazilian Grand Prix,2012_Brazilian_Grand_Prix,wp548212,Jenson Button,no,2012 Formula One World Championship,https://en.wikipedia.org/wiki/2012_Formula_One_World_Championship,1376317031,https://en.wikipedia.org/w/index.php?oldid=1376317031,2026-09-28T09:18:05Z
879,2013,1,2013-03-17,Australian Grand Prix,2013_Australian_Grand_Prix,wp234756,Kimi Räikkönen,no,2013 Formula One World Championship,https://en.wikipedia.org/wiki/2013_Formula_One_World_Championship,1371491585,https://en.wikipedia.org/w/index.php?oldid=1371491585,2026-09-28T09:18:08Z
880,2013,2,2013-03-24,Malaysian Grand Prix,2013_Malaysian_Grand_Prix,wp6437759,Sebastian Vettel,no,2013 Formula One World Championship,https://en.wikipedia.org/wiki/2013_Formula_One_World_Championship,1371491585,https://en.wikipedia.org/w/index.php?oldid=1371491585,2026-09-28T09:18:08Z
881,2013,3,2013-04-14,Chinese Grand Prix,2013_Chinese_Grand_Prix,wp240390,Fernando Alonso,no,2013 Formula One World Championship,https://en.wikipedia.org/wiki/2013_Formula_One_World_Championship,1371491585,https://en.wikipedia.org/w/index.php?oldid=1371491585,2026-09-28T09:18:08Z
882,2013,4,2013-04-21,Bahrain Grand Prix,2013_Bahrain_Grand_Prix,wp6437759,Sebastian Vettel,no,2013 Formula One World Championship,https://en.wikipedia.org/wiki/2013_Formula_One_World_Championship,1371491585,https://en.wikipedia.org/w/index.php?oldid=1371491585,2026-09-28T09:18:08Z
883,2013,5,2013-05-12,Spanish Grand Prix,2013_Spanish_Grand_Prix,wp240390,Fernando Alonso,no,2013 Formula One World Championship,https://en.wikipedia.org/wiki/2013_Formula_One_World_Championship,1371491585,https://en.wikipedia.org/w/index.php?oldid=1371491585,2026-09-28T09:18:08Z
884,2013,6,2013-05-26,Monaco Grand Prix,2013_Monaco_Grand_Prix,wp1628331,Nico Rosberg,no,2013 Formula One World Championship,https://en.wikipedia.org/wiki/2013_Formula_One_World_Championship,1371491585,https://en.wikipedia.org/w/index.php?oldid=1371491585,2026-09-28T09:18:08Z
885,2013,7,2013-06-09,Canadian Grand Prix,2013_Canadian_Grand_Prix,wp6437759,Sebastian Vettel,no,2013 Formula One World Championship,https://en.wikipedia.org/wiki/2013_Formula_One_World_Championship,1371491585,https://en.wikipedia.org/w/index.php?oldid=1371491585,2026-09-28T09:18:08Z
886,2013,8,2013-06-30,British Grand Prix,2013_British_Grand_Prix,wp1628331,Nico Rosberg,no,2013 Formula One World Championship,https://en.wikipedia.org/wiki/2013_Formula_One_World_Championship,1371491585,https://en.wikipedia.org/w/index.php?oldid=1371491585,2026-09-28T09:18:08Z
887,2013,9,2013-07-07,German Grand Prix,2013_German_Grand_Prix,wp6437759,Sebastian Vettel,no,2013 Formula One World Championship,https://en.wikipedia.org/wiki/2013_Formula_One_World_Championship,1371491585,https://en.wikipedia.org/w/index.php?oldid=1371491585,2026-09-28T09:18:08Z
888,2013,10,2013-07-28,Hungarian Grand Prix,2013_Hungarian_Grand_Prix,wp675561,Lewis Hamilton,no,2013 Formula One World Championship,https://en.wikipedia.org/wiki/2013_Formula_One_World_Championship,1371491585,https://en.wikipedia.org/w/index.php?oldid=1371491585,2026-09-28T09:18:08Z
889,2013,11,2013-08-25,Belgian Grand Prix,2013_Belgian_Grand_Prix,wp6437759,Sebastian Vettel,no,2013 Formula One World Championship,https://en.wikipedia.org/wiki/2013_Formula_One_World_Championship,1371491585,https://en.wikipedia.org/w/index.php?oldid=1371491585,2026-09-28T09:18:08Z
890,2013,12,2013-09-08,Italian Grand Prix,2013_Italian_Grand_Prix,wp6437759,Sebastian Vettel,no,2013 Formula One World Championship,https://en.wikipedia.org/wiki/2013_Formula_One_World_Championship,1371491585,https://en.wikipedia.org/w/index.php?oldid=1371491585,2026-09-28T09:18:08Z
891,2013,13,2013-09-22,Singapore Grand Prix,2013_Singapore_Grand_Prix,wp6437759,Sebastian Vettel,no,2013 Formula One World Championship,https://en.wikipedia.org/wiki/2013_Formula_One_World_Championship,1371491585,https://en.wikipedia.org/w/index.php?oldid=1371491585,2026-09-28T09:18:08Z
892,2013,14,2013-10-06,Korean Grand Prix,2013_Korean_Grand_Prix,wp6437759,Sebastian Vettel,no,2013 Formula One World Championship,https://en.wikipedia.org/wiki/2013_Formula_One_World_Championship,1371491585,https://en.wikipedia.org/w/index.php?oldid=1371491585,2026-09-28T09:18:08Z
893,2013,15,2013-10-13,Japanese Grand Prix,2013_Japanese_Grand_Prix,wp6437759,Sebastian Vettel,no,2013 Formula One World Championship,https://en.wikipedia.org/wiki/2013_Formula_One_World_Championship,1371491585,https://en.wikipedia.org/w/index.php?oldid=1371491585,2026-09-28T09:18:08Z
894,2013,16,2013-10-27,Indian Grand Prix,2013_Indian_Grand_Prix,wp6437759,Sebastian Vettel,no,2013 Formula One World Championship,https://en.wikipedia.org/wiki/2013_Formula_One_World_Championship,1371491585,https://en.wikipedia.org/w/index.php?oldid=1371491585,2026-09-28T09:18:08Z
895,2013,17,2013-11-03,Abu Dhabi Grand Prix,2013_Abu_Dhabi_Grand_Prix,wp6437759,Sebastian Vettel,no,2013 Formula One World Championship,https://en.wikipedia.org/wiki/2013_Formula_One_World_Championship,1371491585,https://en.wikipedia.org/w/index.php?oldid=1371491585,2026-09-28T09:18:08Z
896,2013,18,2013-11-17,United States Grand Prix,2013_United_States_Grand_Prix,wp6437759,Sebastian Vettel,no,2013 Formula One World Championship,https://en.wikipedia.org/wiki/2013_Formula_One_World_Championship,1371491585,https://en.wikipedia.org/w/index.php?oldid=1371491585,2026-09-28T09:18:08Z
897,2013,19,2013-11-24,Brazilian Grand Prix,2013_Brazilian_Grand_Prix,wp6437759,Sebastian Vettel,no,2013 Formula One World Championship,https://en.wikipedia.org/wiki/2013_Formula_One_World_Championship,1371491585,https://en.wikipedia.org/w/index.php?oldid=1371491585,2026-09-28T09:18:08Z
898,2014,1,2014-03-16,Australian Grand Prix,2014_Australian_Grand_Prix,wp1628331,Nico Rosberg,no,2014 Formula One World Championship,https://en.wikipedia.org/wiki/2014_Formula_One_World_Championship,1375076453,https://en.wikipedia.org/w/index.php?oldid=1375076453,2026-09-28T09:18:09Z
899,2014,2,2014-03-30,Malaysian Grand Prix,2014_Malaysian_Grand_Prix,wp675561,Lewis Hamilton,no,2014 Formula One World Championship,https://en.wikipedia.org/wiki/2014_Formula_One_World_Championship,1375076453,https://en.wikipedia.org/w/index.php?oldid=1375076453,2026-09-28T09:18:09Z
900,2014,3,2014-04-06,Bahrain Grand Prix,2014_Bahrain_Grand_Prix,wp675561,Lewis Hamilton,no,2014 Formula One World Championship,https://en.wikipedia.org/wiki/2014_Formula_One_World_Championship,1375076453,https://en.wikipedia.org/w/index.php?oldid=1375076453,2026-09-28T09:18:09Z
901,2014,4,2014-04-20,Chinese Grand Prix,2014_Chinese_Grand_Prix,wp675561,Lewis Hamilton,no,2014 Formula One World Championship,https://en.wikipedia.org/wiki/2014_Formula_One_World_Championship,1375076453,https://en.wikipedia.org/w/index.php?oldid=1375076453,2026-09-28T09:18:09Z
902,2014,5,2014-05-11,Spanish Grand Prix,2014_Spanish_Grand_Prix,wp675561,Lewis Hamilton,no,2014 Formula One World Championship,https://en.wikipedia.org/wiki/2014_Formula_One_World_Championship,1375076453,https://en.wikipedia.org/w/index.php?oldid=1375076453,2026-09-28T09:18:09Z
903,2014,6,2014-05-25,Monaco Grand Prix,2014_Monaco_Grand_Prix,wp1628331,Nico Rosberg,no,2014 Formula One World Championship,https://en.wikipedia.org/wiki/2014_Formula_One_World_Championship,1375076453,https://en.wikipedia.org/w/index.php?oldid=1375076453,2026-09-28T09:18:09Z
904,2014,7,2014-06-08,Canadian Grand Prix,2014_Canadian_Grand_Prix,wp18334077,Daniel Ricciardo,no,2014 Formula One World Championship,https://en.wikipedia.org/wiki/2014_Formula_One_World_Championship,1375076453,https://en.wikipedia.org/w/index.php?oldid=1375076453,2026-09-28T09:18:09Z
905,2014,8,2014-06-22,Austrian Grand Prix,2014_Austrian_Grand_Prix,wp1628331,Nico Rosberg,no,2014 Formula One World Championship,https://en.wikipedia.org/wiki/2014_Formula_One_World_Championship,1375076453,https://en.wikipedia.org/w/index.php?oldid=1375076453,2026-09-28T09:18:09Z
906,2014,9,2014-07-06,British Grand Prix,2014_British_Grand_Prix,wp675561,Lewis Hamilton,no,2014 Formula One World Championship,https://en.wikipedia.org/wiki/2014_Formula_One_World_Championship,1375076453,https://en.wikipedia.org/w/index.php?oldid=1375076453,2026-09-28T09:18:09Z
907,2014,10,2014-07-20,German Grand Prix,2014_German_Grand_Prix,wp1628331,Nico Rosberg,no,2014 Formula One World Championship,https://en.wikipedia.org/wiki/2014_Formula_One_World_Championship,1375076453,https://en.wikipedia.org/w/index.php?oldid=1375076453,2026-09-28T09:18:09Z
908,2014,11,2014-07-27,Hungarian Grand Prix,2014_Hungarian_Grand_Prix,wp18334077,Daniel Ricciardo,no,2014 Formula One World Championship,https://en.wikipedia.org/wiki/2014_Formula_One_World_Championship,1375076453,https://en.wikipedia.org/w/index.php?oldid=1375076453,2026-09-28T09:18:09Z
909,2014,12,2014-08-24,Belgian Grand Prix,2014_Belgian_Grand_Prix,wp18334077,Daniel Ricciardo,no,2014 Formula One World Championship,https://en.wikipedia.org/wiki/2014_Formula_One_World_Championship,1375076453,https://en.wikipedia.org/w/index.php?oldid=1375076453,2026-09-28T09:18:09Z
910,2014,13,2014-09-07,Italian Grand Prix,2014_Italian_Grand_Prix,wp675561,Lewis Hamilton,no,2014 Formula One World Championship,https://en.wikipedia.org/wiki/2014_Formula_One_World_Championship,1375076453,https://en.wikipedia.org/w/index.php?oldid=1375076453,2026-09-28T09:18:09Z
911,2014,14,2014-09-21,Singapore Grand Prix,2014_Singapore_Grand_Prix,wp675561,Lewis Hamilton,no,2014 Formula One World Championship,https://en.wikipedia.org/wiki/2014_Formula_One_World_Championship,1375076453,https://en.wikipedia.org/w/index.php?oldid=1375076453,2026-09-28T09:18:09Z
912,2014,15,2014-10-05,Japanese Grand Prix,2014_Japanese_Grand_Prix,wp675561,Lewis Hamilton,no,2014 Formula One World Championship,https://en.wikipedia.org/wiki/2014_Formula_One_World_Championship,1375076453,https://en.wikipedia.org/w/index.php?oldid=1375076453,2026-09-28T09:18:09Z
913,2014,16,2014-10-12,Russian Grand Prix,2014_Russian_Grand_Prix,wp675561,Lewis Hamilton,no,2014 Formula One World Championship,https://en.wikipedia.org/wiki/2014_Formula_One_World_Championship,1375076453,https://en.wikipedia.org/w/index.php?oldid=1375076453,2026-09-28T09:18:09Z
914,2014,17,2014-11-02,United States Grand Prix,2014_United_States_Grand_Prix,wp675561,Lewis Hamilton,no,2014 Formula One World Championship,https://en.wikipedia.org/wiki/2014_Formula_One_World_Championship,1375076453,https://en.wikipedia.org/w/index.php?oldid=1375076453,2026-09-28T09:18:09Z
915,2014,18,2014-11-09,Brazilian Grand Prix,2014_Brazilian_Grand_Prix,wp1628331,Nico Rosberg,no,2014 Formula One World Championship,https://en.wikipedia.org/wiki/2014_Formula_One_World_Championship,1375076453,https://en.wikipedia.org/w/index.php?oldid=1375076453,2026-09-28T09:18:09Z
916,2014,19,2014-11-23,Abu Dhabi Grand Prix,2014_Abu_Dhabi_Grand_Prix,wp675561,Lewis Hamilton,no,2014 Formula One World Championship,https://en.wikipedia.org/wiki/2014_Formula_One_World_Championship,1375076453,https://en.wikipedia.org/w/index.php?oldid=1375076453,2026-09-28T09:18:09Z
917,2015,1,2015-03-15,Australian Grand Prix,2015_Australian_Grand_Prix,wp675561,Lewis Hamilton,no,2015 Formula One World Championship,https://en.wikipedia.org/wiki/2015_Formula_One_World_Championship,1356326694,https://en.wikipedia.org/w/index.php?oldid=1356326694,2026-09-28T09:18:10Z
918,2015,2,2015-03-29,Malaysian Grand Prix,2015_Malaysian_Grand_Prix,wp6437759,Sebastian Vettel,no,2015 Formula One World Championship,https://en.wikipedia.org/wiki/2015_Formula_One_World_Championship,1356326694,https://en.wikipedia.org/w/index.php?oldid=1356326694,2026-09-28T09:18:10Z
919,2015,3,2015-04-12,Chinese Grand Prix,2015_Chinese_Grand_Prix,wp675561,Lewis Hamilton,no,2015 Formula One World Championship,https://en.wikipedia.org/wiki/2015_Formula_One_World_Championship,1356326694,https://en.wikipedia.org/w/index.php?oldid=1356326694,2026-09-28T09:18:10Z
920,2015,4,2015-04-19,Bahrain Grand Prix,2015_Bahrain_Grand_Prix,wp675561,Lewis Hamilton,no,2015 Formula One World Championship,https://en.wikipedia.org/wiki/2015_Formula_One_World_Championship,1356326694,https://en.wikipedia.org/w/index.php?oldid=1356326694,2026-09-28T09:18:10Z
921,2015,5,2015-05-10,Spanish Grand Prix,2015_Spanish_Grand_Prix,wp1628331,Nico Rosberg,no,2015 Formula One World Championship,https://en.wikipedia.org/wiki/2015_Formula_One_World_Championship,1356326694,https://en.wikipedia.org/w/index.php?oldid=1356326694,2026-09-28T09:18:10Z
922,2015,6,2015-05-24,Monaco Grand Prix,2015_Monaco_Grand_Prix,wp1628331,Nico Rosberg,no,2015 Formula One World Championship,https://en.wikipedia.org/wiki/2015_Formula_One_World_Championship,1356326694,https://en.wikipedia.org/w/index.php?oldid=1356326694,2026-09-28T09:18:10Z
923,2015,7,2015-06-07,Canadian Grand Prix,2015_Canadian_Grand_Prix,wp675561,Lewis Hamilton,no,2015 Formula One World Championship,https://en.wikipedia.org/wiki/2015_Formula_One_World_Championship,1356326694,https://en.wikipedia.org/w/index.php?oldid=1356326694,2026-09-28T09:18:10Z
924,2015,8,2015-06-21,Austrian Grand Prix,2015_Austrian_Grand_Prix,wp1628331,Nico Rosberg,no,2015 Formula One World Championship,https://en.wikipedia.org/wiki/2015_Formula_One_World_Championship,1356326694,https://en.wikipedia.org/w/index.php?oldid=1356326694,2026-09-28T09:18:10Z
925,2015,9,2015-07-05,British Grand Prix,2015_British_Grand_Prix,wp675561,Lewis Hamilton,no,2015 Formula One World Championship,https://en.wikipedia.org/wiki/2015_Formula_One_World_Championship,1356326694,https://en.wikipedia.org/w/index.php?oldid=1356326694,2026-09-28T09:18:10Z
926,2015,10,2015-07-26,Hungarian Grand Prix,2015_Hungarian_Grand_Prix,wp6437759,Sebastian Vettel,no,2015 Formula One World Championship,https://en.wikipedia.org/wiki/2015_Formula_One_World_Championship,1356326694,https://en.wikipedia.org/w/index.php?oldid=1356326694,2026-09-28T09:18:10Z
927,2015,11,2015-08-23,Belgian Grand Prix,2015_Belgian_Grand_Prix,wp675561,Lewis Hamilton,no,2015 Formula One World Championship,https://en.wikipedia.org/wiki/2015_Formula_One_World_Championship,1356326694,https://en.wikipedia.org/w/index.php?oldid=1356326694,2026-09-28T09:18:10Z
928,2015,12,2015-09-06,Italian Grand Prix,2015_Italian_Grand_Prix,wp675561,Lewis Hamilton,no,2015 Formula One World Championship,https://en.wikipedia.org/wiki/2015_Formula_One_World_Championship,1356326694,https://en.wikipedia.org/w/index.php?oldid=1356326694,2026-09-28T09:18:10Z
929,2015,13,2015-09-20,Singapore Grand Prix,2015_Singapore_Grand_Prix,wp6437759,Sebastian Vettel,no,2015 Formula One World Championship,https://en.wikipedia.org/wiki/2015_Formula_One_World_Championship,1356326694,https://en.wikipedia.org/w/index.php?oldid=1356326694,2026-09-28T09:18:10Z
930,2015,14,2015-09-27,Japanese Grand Prix,2015_Japanese_Grand_Prix,wp675561,Lewis Hamilton,no,2015 Formula One World Championship,https://en.wikipedia.org/wiki/2015_Formula_One_World_Championship,1356326694,https://en.wikipedia.org/w/index.php?oldid=1356326694,2026-09-28T09:18:10Z
931,2015,15,2015-10-11,Russian Grand Prix,2015_Russian_Grand_Prix,wp675561,Lewis Hamilton,no,2015 Formula One World Championship,https://en.wikipedia.org/wiki/2015_Formula_One_World_Championship,1356326694,https://en.wikipedia.org/w/index.php?oldid=1356326694,2026-09-28T09:18:10Z
932,2015,16,2015-10-25,United States Grand Prix,2015_United_States_Grand_Prix,wp675561,Lewis Hamilton,no,2015 Formula One World Championship,https://en.wikipedia.org/wiki/2015_Formula_One_World_Championship,1356326694,https://en.wikipedia.org/w/index.php?oldid=1356326694,2026-09-28T09:18:10Z
933,2015,17,2015-11-01,Mexican Grand Prix,2015_Mexican_Grand_Prix,wp1628331,Nico Rosberg,no,2015 Formula One World Championship,https://en.wikipedia.org/wiki/2015_Formula_One_World_Championship,1356326694,https://en.wikipedia.org/w/index.php?oldid=1356326694,2026-09-28T09:18:10Z
934,2015,18,2015-11-15,Brazilian Grand Prix,2015_Brazilian_Grand_Prix,wp1628331,Nico Rosberg,no,2015 Formula One World Championship,https://en.wikipedia.org/wiki/2015_Formula_One_World_Championship,1356326694,https://en.wikipedia.org/w/index.php?oldid=1356326694,2026-09-28T09:18:10Z
935,2015,19,2015-11-29,Abu Dhabi Grand Prix,2015_Abu_Dhabi_Grand_Prix,wp1628331,Nico Rosberg,no,2015 Formula One World Championship,https://en.wikipedia.org/wiki/2015_Formula_One_World_Championship,1356326694,https://en.wikipedia.org/w/index.php?oldid=1356326694,2026-09-28T09:18:10Z
936,2016,1,2016-03-20,Australian Grand Prix,2016_Australian_Grand_Prix,wp1628331,Nico Rosberg,no,2016 Formula One World Championship,https://en.wikipedia.org/wiki/2016_Formula_One_World_Championship,1364682451,https://en.wikipedia.org/w/index.php?oldid=1364682451,2026-09-28T09:18:11Z
937,2016,2,2016-04-03,Bahrain Grand Prix,2016_Bahrain_Grand_Prix,wp1628331,Nico Rosberg,no,2016 Formula One World Championship,https://en.wikipedia.org/wiki/2016_Formula_One_World_Championship,1364682451,https://en.wikipedia.org/w/index.php?oldid=1364682451,2026-09-28T09:18:11Z
938,2016,3,2016-04-17,Chinese Grand Prix,2016_Chinese_Grand_Prix,wp1628331,Nico Rosberg,no,2016 Formula One World Championship,https://en.wikipedia.org/wiki/2016_Formula_One_World_Championship,1364682451,https://en.wikipedia.org/w/index.php?oldid=1364682451,2026-09-28T09:18:11Z
939,2016,4,2016-05-01,Russian Grand Prix,2016_Russian_Grand_Prix,wp1628331,Nico Rosberg,no,2016 Formula One World Championship,https://en.wikipedia.org/wiki/2016_Formula_One_World_Championship,1364682451,https://en.wikipedia.org/w/index.php?oldid=1364682451,2026-09-28T09:18:11Z
940,2016,5,2016-05-15,Spanish Grand Prix,2016_Spanish_Grand_Prix,wp41758713,Max Verstappen,no,2016 Formula One World Championship,https://en.wikipedia.org/wiki/2016_Formula_One_World_Championship,1364682451,https://en.wikipedia.org/w/index.php?oldid=1364682451,2026-09-28T09:18:11Z
941,2016,6,2016-05-29,Monaco Grand Prix,2016_Monaco_Grand_Prix,wp675561,Lewis Hamilton,no,2016 Formula One World Championship,https://en.wikipedia.org/wiki/2016_Formula_One_World_Championship,1364682451,https://en.wikipedia.org/w/index.php?oldid=1364682451,2026-09-28T09:18:11Z
942,2016,7,2016-06-12,Canadian Grand Prix,2016_Canadian_Grand_Prix,wp675561,Lewis Hamilton,no,2016 Formula One World Championship,https://en.wikipedia.org/wiki/2016_Formula_One_World_Championship,1364682451,https://en.wikipedia.org/w/index.php?oldid=1364682451,2026-09-28T09:18:11Z
943,2016,8,2016-06-19,European Grand Prix,2016_European_Grand_Prix,wp1628331,Nico Rosberg,no,2016 Formula One World Championship,https://en.wikipedia.org/wiki/2016_Formula_One_World_Championship,1364682451,https://en.wikipedia.org/w/index.php?oldid=1364682451,2026-09-28T09:18:11Z
944,2016,9,2016-07-03,Austrian Grand Prix,2016_Austrian_Grand_Prix,wp675561,Lewis Hamilton,no,2016 Formula One World Championship,https://en.wikipedia.org/wiki/2016_Formula_One_World_Championship,1364682451,https://en.wikipedia.org/w/index.php?oldid=1364682451,2026-09-28T09:18:11Z
945,2016,10,2016-07-10,British Grand Prix,2016_British_Grand_Prix,wp675561,Lewis Hamilton,no,2016 Formula One World Championship,https://en.wikipedia.org/wiki/2016_Formula_One_World_Championship,1364682451,https://en.wikipedia.org/w/index.php?oldid=1364682451,2026-09-28T09:18:11Z
946,2016,11,2016-07-24,Hungarian Grand Prix,2016_Hungarian_Grand_Prix,wp675561,Lewis Hamilton,no,2016 Formula One World Championship,https://en.wikipedia.org/wiki/2016_Formula_One_World_Championship,1364682451,https://en.wikipedia.org/w/index.php?oldid=1364682451,2026-09-28T09:18:11Z
947,2016,12,2016-07-31,German Grand Prix,2016_German_Grand_Prix,wp675561,Lewis Hamilton,no,2016 Formula One World Championship,https://en.wikipedia.org/wiki/2016_Formula_One_World_Championship,1364682451,https://en.wikipedia.org/w/index.php?oldid=1364682451,2026-09-28T09:18:11Z
948,2016,13,2016-08-28,Belgian Grand Prix,2016_Belgian_Grand_Prix,wp1628331,Nico Rosberg,no,2016 Formula One World Championship,https://en.wikipedia.org/wiki/2016_Formula_One_World_Championship,1364682451,https://en.wikipedia.org/w/index.php?oldid=1364682451,2026-09-28T09:18:11Z
949,2016,14,2016-09-04,Italian Grand Prix,2016_Italian_Grand_Prix,wp1628331,Nico Rosberg,no,2016 Formula One World Championship,https://en.wikipedia.org/wiki/2016_Formula_One_World_Championship,1364682451,https://en.wikipedia.org/w/index.php?oldid=1364682451,2026-09-28T09:18:11Z
950,2016,15,2016-09-18,Singapore Grand Prix,2016_Singapore_Grand_Prix,wp1628331,Nico Rosberg,no,2016 Formula One World Championship,https://en.wikipedia.org/wiki/2016_Formula_One_World_Championship,1364682451,https://en.wikipedia.org/w/index.php?oldid=1364682451,2026-09-28T09:18:11Z
951,2016,16,2016-10-02,Malaysian Grand Prix,2016_Malaysian_Grand_Prix,wp18334077,Daniel Ricciardo,no,2016 Formula One World Championship,https://en.wikipedia.org/wiki/2016_Formula_One_World_Championship,1364682451,https://en.wikipedia.org/w/index.php?oldid=1364682451,2026-09-28T09:18:11Z
952,2016,17,2016-10-09,Japanese Grand Prix,2016_Japanese_Grand_Prix,wp1628331,Nico Rosberg,no,2016 Formula One World Championship,https://en.wikipedia.org/wiki/2016_Formula_One_World_Championship,1364682451,https://en.wikipedia.org/w/index.php?oldid=1364682451,2026-09-28T09:18:11Z
953,2016,18,2016-10-23,United States Grand Prix,2016_United_States_Grand_Prix,wp675561,Lewis Hamilton,no,2016 Formula One World Championship,https://en.wikipedia.org/wiki/2016_Formula_One_World_Championship,1364682451,https://en.wikipedia.org/w/index.php?oldid=1364682451,2026-09-28T09:18:11Z
954,2016,19,2016-10-30,Mexican Grand Prix,2016_Mexican_Grand_Prix,wp675561,Lewis Hamilton,no,2016 Formula One World Championship,https://en.wikipedia.org/wiki/2016_Formula_One_World_Championship,1364682451,https://en.wikipedia.org/w/index.php?oldid=1364682451,2026-09-28T09:18:11Z
955,2016,20,2016-11-13,Brazilian Grand Prix,2016_Brazilian_Grand_Prix,wp675561,Lewis Hamilton,no,2016 Formula One World Championship,https://en.wikipedia.org/wiki/2016_Formula_One_World_Championship,1364682451,https://en.wikipedia.org/w/index.php?oldid=1364682451,2026-09-28T09:18:11Z
956,2016,21,2016-11-27,Abu Dhabi Grand Prix,2016_Abu_Dhabi_Grand_Prix,wp675561,Lewis Hamilton,no,2016 Formula One World Championship,https://en.wikipedia.org/wiki/2016_Formula_One_World_Championship,1364682451,https://en.wikipedia.org/w/index.php?oldid=1364682451,2026-09-28T09:18:11Z
957,2017,1,2017-03-26,Australian Grand Prix,2017_Australian_Grand_Prix,wp6437759,Sebastian Vettel,no,2017 Formula One World Championship,https://en.wikipedia.org/wiki/2017_Formula_One_World_Championship,1369222157,https://en.wikipedia.org/w/index.php?oldid=1369222157,2026-09-28T09:18:12Z
958,2017,2,2017-04-09,Chinese Grand Prix,2017_Chinese_Grand_Prix,wp675561,Lewis Hamilton,no,2017 Formula One World Championship,https://en.wikipedia.org/wiki/2017_Formula_One_World_Championship,1369222157,https://en.wikipedia.org/w/index.php?oldid=1369222157,2026-09-28T09:18:12Z
959,2017,3,2017-04-16,Bahrain Grand Prix,2017_Bahrain_Grand_Prix,wp6437759,Sebastian Vettel,no,2017 Formula One World Championship,https://en.wikipedia.org/wiki/2017_Formula_One_World_Championship,1369222157,https://en.wikipedia.org/w/index.php?oldid=1369222157,2026-09-28T09:18:12Z
960,2017,4,2017-04-30,Russian Grand Prix,2017_Russian_Grand_Prix,wp19846772,Valtteri Bottas,no,2017 Formula One World Championship,https://en.wikipedia.org/wiki/2017_Formula_One_World_Championship,1369222157,https://en.wikipedia.org/w/index.php?oldid=1369222157,2026-09-28T09:18:12Z
961,2017,5,2017-05-14,Spanish Grand Prix,2017_Spanish_Grand_Prix,wp675561,Lewis Hamilton,no,2017 Formula One World Championship,https://en.wikipedia.org/wiki/2017_Formula_One_World_Championship,1369222157,https://en.wikipedia.org/w/index.php?oldid=1369222157,2026-09-28T09:18:12Z
962,2017,6,2017-05-28,Monaco Grand Prix,2017_Monaco_Grand_Prix,wp6437759,Sebastian Vettel,no,2017 Formula One World Championship,https://en.wikipedia.org/wiki/2017_Formula_One_World_Championship,1369222157,https://en.wikipedia.org/w/index.php?oldid=1369222157,2026-09-28T09:18:12Z
963,2017,7,2017-06-11,Canadian Grand Prix,2017_Canadian_Grand_Prix,wp675561,Lewis Hamilton,no,2017 Formula One World Championship,https://en.wikipedia.org/wiki/2017_Formula_One_World_Championship,1369222157,https://en.wikipedia.org/w/index.php?oldid=1369222157,2026-09-28T09:18:12Z
964,2017,8,2017-06-25,Azerbaijan Grand Prix,2017_Azerbaijan_Grand_Prix,wp18334077,Daniel Ricciardo,no,2017 Formula One World Championship,https://en.wikipedia.org/wiki/2017_Formula_One_World_Championship,1369222157,https://en.wikipedia.org/w/index.php?oldid=1369222157,2026-09-28T09:18:12Z
965,2017,9,2017-07-09,Austrian Grand Prix,2017_Austrian_Grand_Prix,wp19846772,Valtteri Bottas,no,2017 Formula One World Championship,https://en.wikipedia.org/wiki/2017_Formula_One_World_Championship,1369222157,https://en.wikipedia.org/w/index.php?oldid=1369222157,2026-09-28T09:18:12Z
966,2017,10,2017-07-16,British Grand Prix,2017_British_Grand_Prix,wp675561,Lewis Hamilton,no,2017 Formula One World Championship,https://en.wikipedia.org/wiki/2017_Formula_One_World_Championship,1369222157,https://en.wikipedia.org/w/index.php?oldid=1369222157,2026-09-28T09:18:12Z
967,2017,11,2017-07-30,Hungarian Grand Prix,2017_Hungarian_Grand_Prix,wp6437759,Sebastian Vettel,no,2017 Formula One World Championship,https://en.wikipedia.org/wiki/2017_Formula_One_World_Championship,1369222157,https://en.wikipedia.org/w/index.php?oldid=1369222157,2026-09-28T09:18:12Z
968,2017,12,2017-08-27,Belgian Grand Prix,2017_Belgian_Grand_Prix,wp675561,Lewis Hamilton,no,2017 Formula One World Championship,https://en.wikipedia.org/wiki/2017_Formula_One_World_Championship,1369222157,https://en.wikipedia.org/w/index.php?oldid=1369222157,2026-09-28T09:18:12Z
969,2017,13,2017-09-03,Italian Grand Prix,2017_Italian_Grand_Prix,wp675561,Lewis Hamilton,no,2017 Formula One World Championship,https://en.wikipedia.org/wiki/2017_Formula_One_World_Championship,1369222157,https://en.wikipedia.org/w/index.php?oldid=1369222157,2026-09-28T09:18:12Z
970,2017,14,2017-09-17,Singapore Grand Prix,2017_Singapore_Grand_Prix,wp675561,Lewis Hamilton,no,2017 Formula One World Championship,https://en.wikipedia.org/wiki/2017_Formula_One_World_Championship,1369222157,https://en.wikipedia.org/w/index.php?oldid=1369222157,2026-09-28T09:18:12Z
971,2017,15,2017-10-01,Malaysian Grand Prix,2017_Malaysian_Grand_Prix,wp41758713,Max Verstappen,no,2017 Formula One World Championship,https://en.wikipedia.org/wiki/2017_Formula_One_World_Championship,1369222157,https://en.wikipedia.org/w/index.php?oldid=1369222157,2026-09-28T09:18:12Z
972,2017,16,2017-10-08,Japanese Grand Prix,2017_Japanese_Grand_Prix,wp675561,Lewis Hamilton,no,2017 Formula One World Championship,https://en.wikipedia.org/wiki/2017_Formula_One_World_Championship,1369222157,https://en.wikipedia.org/w/index.php?oldid=1369222157,2026-09-28T09:18:12Z
973,2017,17,2017-10-22,United States Grand Prix,2017_United_States_Grand_Prix,wp675561,Lewis Hamilton,no,2017 Formula One World Championship,https://en.wikipedia.org/wiki/2017_Formula_One_World_Championship,1369222157,https://en.wikipedia.org/w/index.php?oldid=1369222157,2026-09-28T09:18:12Z
974,2017,18,2017-10-29,Mexican Grand Prix,2017_Mexican_Grand_Prix,wp41758713,Max Verstappen,no,2017 Formula One World Championship,https://en.wikipedia.org/wiki/2017_Formula_One_World_Championship,1369222157,https://en.wikipedia.org/w/index.php?oldid=1369222157,2026-09-28T09:18:12Z
975,2017,19,2017-11-12,Brazilian Grand Prix,2017_Brazilian_Grand_Prix,wp6437759,Sebastian Vettel,no,2017 Formula One World Championship,https://en.wikipedia.org/wiki/2017_Formula_One_World_Championship,1369222157,https://en.wikipedia.org/w/index.php?oldid=1369222157,2026-09-28T09:18:12Z
976,2017,20,2017-11-26,Abu Dhabi Grand Prix,2017_Abu_Dhabi_Grand_Prix,wp19846772,Valtteri Bottas,no,2017 Formula One World Championship,https://en.wikipedia.org/wiki/2017_Formula_One_World_Championship,1369222157,https://en.wikipedia.org/w/index.php?oldid=1369222157,2026-09-28T09:18:12Z
977,2018,1,2018-03-25,Australian Grand Prix,2018_Australian_Grand_Prix,wp6437759,Sebastian Vettel,no,2018 Formula One World Championship,https://en.wikipedia.org/wiki/2018_Formula_One_World_Championship,1373884867,https://en.wikipedia.org/w/index.php?oldid=1373884867,2026-09-28T09:18:14Z
978,2018,2,2018-04-08,Bahrain Grand Prix,2018_Bahrain_Grand_Prix,wp6437759,Sebastian Vettel,no,2018 Formula One World Championship,https://en.wikipedia.org/wiki/2018_Formula_One_World_Championship,1373884867,https://en.wikipedia.org/w/index.php?oldid=1373884867,2026-09-28T09:18:14Z
979,2018,3,2018-04-15,Chinese Grand Prix,2018_Chinese_Grand_Prix,wp18334077,Daniel Ricciardo,no,2018 Formula One World Championship,https://en.wikipedia.org/wiki/2018_Formula_One_World_Championship,1373884867,https://en.wikipedia.org/w/index.php?oldid=1373884867,2026-09-28T09:18:14Z
980,2018,4,2018-04-29,Azerbaijan Grand Prix,2018_Azerbaijan_Grand_Prix,wp675561,Lewis Hamilton,no,2018 Formula One World Championship,https://en.wikipedia.org/wiki/2018_Formula_One_World_Championship,1373884867,https://en.wikipedia.org/w/index.php?oldid=1373884867,2026-09-28T09:18:14Z
981,2018,5,2018-05-13,Spanish Grand Prix,2018_Spanish_Grand_Prix,wp675561,Lewis Hamilton,no,2018 Formula One World Championship,https://en.wikipedia.org/wiki/2018_Formula_One_World_Championship,1373884867,https://en.wikipedia.org/w/index.php?oldid=1373884867,2026-09-28T09:18:14Z
982,2018,6,2018-05-27,Monaco Grand Prix,2018_Monaco_Grand_Prix,wp18334077,Daniel Ricciardo,no,2018 Formula One World Championship,https://en.wikipedia.org/wiki/2018_Formula_One_World_Championship,1373884867,https://en.wikipedia.org/w/index.php?oldid=1373884867,2026-09-28T09:18:14Z
983,2018,7,2018-06-10,Canadian Grand Prix,2018_Canadian_Grand_Prix,wp6437759,Sebastian Vettel,no,2018 Formula One World Championship,https://en.wikipedia.org/wiki/2018_Formula_One_World_Championship,1373884867,https://en.wikipedia.org/w/index.php?oldid=1373884867,2026-09-28T09:18:14Z
984,2018,8,2018-06-24,French Grand Prix,2018_French_Grand_Prix,wp675561,Lewis Hamilton,no,2018 Formula One World Championship,https://en.wikipedia.org/wiki/2018_Formula_One_World_Championship,1373884867,https://en.wikipedia.org/w/index.php?oldid=1373884867,2026-09-28T09:18:14Z
985,2018,9,2018-07-01,Austrian Grand Prix,2018_Austrian_Grand_Prix,wp41758713,Max Verstappen,no,2018 Formula One World Championship,https://en.wikipedia.org/wiki/2018_Formula_One_World_Championship,1373884867,https://en.wikipedia.org/w/index.php?oldid=1373884867,2026-09-28T09:18:14Z
986,2018,10,2018-07-08,British Grand Prix,2018_British_Grand_Prix,wp6437759,Sebastian Vettel,no,2018 Formula One World Championship,https://en.wikipedia.org/wiki/2018_Formula_One_World_Championship,1373884867,https://en.wikipedia.org/w/index.php?oldid=1373884867,2026-09-28T09:18:14Z
987,2018,11,2018-07-22,German Grand Prix,2018_German_Grand_Prix,wp675561,Lewis Hamilton,no,2018 Formula One World Championship,https://en.wikipedia.org/wiki/2018_Formula_One_World_Championship,1373884867,https://en.wikipedia.org/w/index.php?oldid=1373884867,2026-09-28T09:18:14Z
988,2018,12,2018-07-29,Hungarian Grand Prix,2018_Hungarian_Grand_Prix,wp675561,Lewis Hamilton,no,2018 Formula One World Championship,https://en.wikipedia.org/wiki/2018_Formula_One_World_Championship,1373884867,https://en.wikipedia.org/w/index.php?oldid=1373884867,2026-09-28T09:18:14Z
989,2018,13,2018-08-26,Belgian Grand Prix,2018_Belgian_Grand_Prix,wp6437759,Sebastian Vettel,no,2018 Formula One World Championship,https://en.wikipedia.org/wiki/2018_Formula_One_World_Championship,1373884867,https://en.wikipedia.org/w/index.php?oldid=1373884867,2026-09-28T09:18:14Z
990,2018,14,2018-09-02,Italian Grand Prix,2018_Italian_Grand_Prix,wp675561,Lewis Hamilton,no,2018 Formula One World Championship,https://en.wikipedia.org/wiki/2018_Formula_One_World_Championship,1373884867,https://en.wikipedia.org/w/index.php?oldid=1373884867,2026-09-28T09:18:14Z
991,2018,15,2018-09-16,Singapore Grand Prix,2018_Singapore_Grand_Prix,wp675561,Lewis Hamilton,no,2018 Formula One World Championship,https://en.wikipedia.org/wiki/2018_Formula_One_World_Championship,1373884867,https://en.wikipedia.org/w/index.php?oldid=1373884867,2026-09-28T09:18:14Z
992,2018,16,2018-09-30,Russian Grand Prix,2018_Russian_Grand_Prix,wp675561,Lewis Hamilton,no,2018 Formula One World Championship,https://en.wikipedia.org/wiki/2018_Formula_One_World_Championship,1373884867,https://en.wikipedia.org/w/index.php?oldid=1373884867,2026-09-28T09:18:14Z
993,2018,17,2018-10-07,Japanese Grand Prix,2018_Japanese_Grand_Prix,wp675561,Lewis Hamilton,no,2018 Formula One World Championship,https://en.wikipedia.org/wiki/2018_Formula_One_World_Championship,1373884867,https://en.wikipedia.org/w/index.php?oldid=1373884867,2026-09-28T09:18:14Z
994,2018,18,2018-10-21,United States Grand Prix,2018_United_States_Grand_Prix,wp234756,Kimi Räikkönen,no,2018 Formula One World Championship,https://en.wikipedia.org/wiki/2018_Formula_One_World_Championship,1373884867,https://en.wikipedia.org/w/index.php?oldid=1373884867,2026-09-28T09:18:14Z
995,2018,19,2018-10-28,Mexican Grand Prix,2018_Mexican_Grand_Prix,wp41758713,Max Verstappen,no,2018 Formula One World Championship,https://en.wikipedia.org/wiki/2018_Formula_One_World_Championship,1373884867,https://en.wikipedia.org/w/index.php?oldid=1373884867,2026-09-28T09:18:14Z
996,2018,20,2018-11-11,Brazilian Grand Prix,2018_Brazilian_Grand_Prix,wp675561,Lewis Hamilton,no,2018 Formula One World Championship,https://en.wikipedia.org/wiki/2018_Formula_One_World_Championship,1373884867,https://en.wikipedia.org/w/index.php?oldid=1373884867,2026-09-28T09:18:14Z
997,2018,21,2018-11-25,Abu Dhabi Grand Prix,2018_Abu_Dhabi_Grand_Prix,wp675561,Lewis Hamilton,no,2018 Formula One World Championship,https://en.wikipedia.org/wiki/2018_Formula_One_World_Championship,1373884867,https://en.wikipedia.org/w/index.php?oldid=1373884867,2026-09-28T09:18:14Z
998,2019,1,2019-03-17,Australian Grand Prix,2019_Australian_Grand_Prix,wp19846772,Valtteri Bottas,no,2019 Formula One World Championship,https://en.wikipedia.org/wiki/2019_Formula_One_World_Championship,1373925222,https://en.wikipedia.org/w/index.php?oldid=1373925222,2026-09-28T09:18:15Z
999,2019,2,2019-03-31,Bahrain Grand Prix,2019_Bahrain_Grand_Prix,wp675561,Lewis Hamilton,no,2019 Formula One World Championship,https://en.wikipedia.org/wiki/2019_Formula_One_World_Championship,1373925222,https://en.wikipedia.org/w/index.php?oldid=1373925222,2026-09-28T09:18:15Z
1000,2019,3,2019-04-14,Chinese Grand Prix,2019_Chinese_Grand_Prix,wp675561,Lewis Hamilton,no,2019 Formula One World Championship,https://en.wikipedia.org/wiki/2019_Formula_One_World_Championship,1373925222,https://en.wikipedia.org/w/index.php?oldid=1373925222,2026-09-28T09:18:15Z
1001,2019,4,2019-04-28,Azerbaijan Grand Prix,2019_Azerbaijan_Grand_Prix,wp19846772,Valtteri Bottas,no,2019 Formula One World Championship,https://en.wikipedia.org/wiki/2019_Formula_One_World_Championship,1373925222,https://en.wikipedia.org/w/index.php?oldid=1373925222,2026-09-28T09:18:15Z
1002,2019,5,2019-05-12,Spanish Grand Prix,2019_Spanish_Grand_Prix,wp675561,Lewis Hamilton,no,2019 Formula One World Championship,https://en.wikipedia.org/wiki/2019_Formula_One_World_Championship,1373925222,https://en.wikipedia.org/w/index.php?oldid=1373925222,2026-09-28T09:18:15Z
1003,2019,6,2019-05-26,Monaco Grand Prix,2019_Monaco_Grand_Prix,wp675561,Lewis Hamilton,no,2019 Formula One World Championship,https://en.wikipedia.org/wiki/2019_Formula_One_World_Championship,1373925222,https://en.wikipedia.org/w/index.php?oldid=1373925222,2026-09-28T09:18:15Z
1004,2019,7,2019-06-09,Canadian Grand Prix,2019_Canadian_Grand_Prix,wp675561,Lewis Hamilton,no,2019 Formula One World Championship,https://en.wikipedia.org/wiki/2019_Formula_One_World_Championship,1373925222,https://en.wikipedia.org/w/index.php?oldid=1373925222,2026-09-28T09:18:15Z
1005,2019,8,2019-06-23,French Grand Prix,2019_French_Grand_Prix,wp675561,Lewis Hamilton,no,2019 Formula One World Championship,https://en.wikipedia.org/wiki/2019_Formula_One_World_Championship,1373925222,https://en.wikipedia.org/w/index.php?oldid=1373925222,2026-09-28T09:18:15Z
1006,2019,9,2019-06-30,Austrian Grand Prix,2019_Austrian_Grand_Prix,wp41758713,Max Verstappen,no,2019 Formula One World Championship,https://en.wikipedia.org/wiki/2019_Formula_One_World_Championship,1373925222,https://en.wikipedia.org/w/index.php?oldid=1373925222,2026-09-28T09:18:15Z
1007,2019,10,2019-07-14,British Grand Prix,2019_British_Grand_Prix,wp675561,Lewis Hamilton,no,2019 Formula One World Championship,https://en.wikipedia.org/wiki/2019_Formula_One_World_Championship,1373925222,https://en.wikipedia.org/w/index.php?oldid=1373925222,2026-09-28T09:18:15Z
1008,2019,11,2019-07-28,German Grand Prix,2019_German_Grand_Prix,wp41758713,Max Verstappen,no,2019 Formula One World Championship,https://en.wikipedia.org/wiki/2019_Formula_One_World_Championship,1373925222,https://en.wikipedia.org/w/index.php?oldid=1373925222,2026-09-28T09:18:15Z
1009,2019,12,2019-08-04,Hungarian Grand Prix,2019_Hungarian_Grand_Prix,wp675561,Lewis Hamilton,no,2019 Formula One World Championship,https://en.wikipedia.org/wiki/2019_Formula_One_World_Championship,1373925222,https://en.wikipedia.org/w/index.php?oldid=1373925222,2026-09-28T09:18:15Z
1010,2019,13,2019-09-01,Belgian Grand Prix,2019_Belgian_Grand_Prix,wp44924226,Charles Leclerc,no,2019 Formula One World Championship,https://en.wikipedia.org/wiki/2019_Formula_One_World_Championship,1373925222,https://en.wikipedia.org/w/index.php?oldid=1373925222,2026-09-28T09:18:15Z
1011,2019,14,2019-09-08,Italian Grand Prix,2019_Italian_Grand_Prix,wp44924226,Charles Leclerc,no,2019 Formula One World Championship,https://en.wikipedia.org/wiki/2019_Formula_One_World_Championship,1373925222,https://en.wikipedia.org/w/index.php?oldid=1373925222,2026-09-28T09:18:15Z
1012,2019,15,2019-09-22,Singapore Grand Prix,2019_Singapore_Grand_Prix,wp6437759,Sebastian Vettel,no,2019 Formula One World Championship,https://en.wikipedia.org/wiki/2019_Formula_One_World_Championship,1373925222,https://en.wikipedia.org/w/index.php?oldid=1373925222,2026-09-28T09:18:15Z
1013,2019,16,2019-09-29,Russian Grand Prix,2019_Russian_Grand_Prix,wp675561,Lewis Hamilton,no,2019 Formula One World Championship,https://en.wikipedia.org/wiki/2019_Formula_One_World_Championship,1373925222,https://en.wikipedia.org/w/index.php?oldid=1373925222,2026-09-28T09:18:15Z
1014,2019,17,2019-10-13,Japanese Grand Prix,2019_Japanese_Grand_Prix,wp19846772,Valtteri Bottas,no,2019 Formula One World Championship,https://en.wikipedia.org/wiki/2019_Formula_One_World_Championship,1373925222,https://en.wikipedia.org/w/index.php?oldid=1373925222,2026-09-28T09:18:15Z
1015,2019,18,2019-10-27,Mexican Grand Prix,2019_Mexican_Grand_Prix,wp675561,Lewis Hamilton,no,2019 Formula One World Championship,https://en.wikipedia.org/wiki/2019_Formula_One_World_Championship,1373925222,https://en.wikipedia.org/w/index.php?oldid=1373925222,2026-09-28T09:18:15Z
1016,2019,19,2019-11-03,United States Grand Prix,2019_United_States_Grand_Prix,wp19846772,Valtteri Bottas,no,2019 Formula One World Championship,https://en.wikipedia.org/wiki/2019_Formula_One_World_Championship,1373925222,https://en.wikipedia.org/w/index.php?oldid=1373925222,2026-09-28T09:18:15Z
1017,2019,20,2019-11-17,Brazilian Grand Prix,2019_Brazilian_Grand_Prix,wp41758713,Max Verstappen,no,2019 Formula One World Championship,https://en.wikipedia.org/wiki/2019_Formula_One_World_Championship,1373925222,https://en.wikipedia.org/w/index.php?oldid=1373925222,2026-09-28T09:18:15Z
1018,2019,21,2019-12-01,Abu Dhabi Grand Prix,2019_Abu_Dhabi_Grand_Prix,wp675561,Lewis Hamilton,no,2019 Formula One World Championship,https://en.wikipedia.org/wiki/2019_Formula_One_World_Championship,1373925222,https://en.wikipedia.org/w/index.php?oldid=1373925222,2026-09-28T09:18:15Z
1019,2020,1,2020-07-05,Austrian Grand Prix,2020_Austrian_Grand_Prix,wp19846772,Valtteri Bottas,no,2020 Formula One World Championship,https://en.wikipedia.org/wiki/2020_Formula_One_World_Championship,1371601816,https://en.wikipedia.org/w/index.php?oldid=1371601816,2026-09-28T09:18:16Z
1020,2020,2,2020-07-12,Styrian Grand Prix,2020_Styrian_Grand_Prix,wp675561,Lewis Hamilton,no,2020 Formula One World Championship,https://en.wikipedia.org/wiki/2020_Formula_One_World_Championship,1371601816,https://en.wikipedia.org/w/index.php?oldid=1371601816,2026-09-28T09:18:16Z
1021,2020,3,2020-07-19,Hungarian Grand Prix,2020_Hungarian_Grand_Prix,wp675561,Lewis Hamilton,no,2020 Formula One World Championship,https://en.wikipedia.org/wiki/2020_Formula_One_World_Championship,1371601816,https://en.wikipedia.org/w/index.php?oldid=1371601816,2026-09-28T09:18:16Z
1022,2020,4,2020-08-02,British Grand Prix,2020_British_Grand_Prix,wp675561,Lewis Hamilton,no,2020 Formula One World Championship,https://en.wikipedia.org/wiki/2020_Formula_One_World_Championship,1371601816,https://en.wikipedia.org/w/index.php?oldid=1371601816,2026-09-28T09:18:16Z
1023,2020,5,2020-08-09,70th Anniversary Grand Prix,70th_Anniversary_Grand_Prix,wp41758713,Max Verstappen,no,2020 Formula One World Championship,https://en.wikipedia.org/wiki/2020_Formula_One_World_Championship,1371601816,https://en.wikipedia.org/w/index.php?oldid=1371601816,2026-09-28T09:18:16Z
1024,2020,6,2020-08-16,Spanish Grand Prix,2020_Spanish_Grand_Prix,wp675561,Lewis Hamilton,no,2020 Formula One World Championship,https://en.wikipedia.org/wiki/2020_Formula_One_World_Championship,1371601816,https://en.wikipedia.org/w/index.php?oldid=1371601816,2026-09-28T09:18:16Z
1025,2020,7,2020-08-30,Belgian Grand Prix,2020_Belgian_Grand_Prix,wp675561,Lewis Hamilton,no,2020 Formula One World Championship,https://en.wikipedia.org/wiki/2020_Formula_One_World_Championship,1371601816,https://en.wikipedia.org/w/index.php?oldid=1371601816,2026-09-28T09:18:16Z
1026,2020,8,2020-09-06,Italian Grand Prix,2020_Italian_Grand_Prix,wp40843850,Pierre Gasly,no,2020 Formula One World Championship,https://en.wikipedia.org/wiki/2020_Formula_One_World_Championship,1371601816,https://en.wikipedia.org/w/index.php?oldid=1371601816,2026-09-28T09:18:16Z
1027,2020,9,2020-09-13,Tuscan Grand Prix,2020_Tuscan_Grand_Prix,wp675561,Lewis Hamilton,no,2020 Formula One World Championship,https://en.wikipedia.org/wiki/2020_Formula_One_World_Championship,1371601816,https://en.wikipedia.org/w/index.php?oldid=1371601816,2026-09-28T09:18:16Z
1028,2020,10,2020-09-27,Russian Grand Prix,2020_Russian_Grand_Prix,wp19846772,Valtteri Bottas,no,2020 Formula One World Championship,https://en.wikipedia.org/wiki/2020_Formula_One_World_Championship,1371601816,https://en.wikipedia.org/w/index.php?oldid=1371601816,2026-09-28T09:18:16Z
1029,2020,11,2020-10-11,Eifel Grand Prix,2020_Eifel_Grand_Prix,wp675561,Lewis Hamilton,no,2020 Formula One World Championship,https://en.wikipedia.org/wiki/2020_Formula_One_World_Championship,1371601816,https://en.wikipedia.org/w/index.php?oldid=1371601816,2026-09-28T09:18:16Z
1030,2020,12,2020-10-25,Portuguese Grand Prix,2020_Portuguese_Grand_Prix,wp675561,Lewis Hamilton,no,2020 Formula One World Championship,https://en.wikipedia.org/wiki/2020_Formula_One_World_Championship,1371601816,https://en.wikipedia.org/w/index.php?oldid=1371601816,2026-09-28T09:18:16Z
1031,2020,13,2020-11-01,Emilia Romagna Grand Prix,2020_Emilia_Romagna_Grand_Prix,wp675561,Lewis Hamilton,no,2020 Formula One World Championship,https://en.wikipedia.org/wiki/2020_Formula_One_World_Championship,1371601816,https://en.wikipedia.org/w/index.php?oldid=1371601816,2026-09-28T09:18:16Z
1032,2020,14,2020-11-15,Turkish Grand Prix,2020_Turkish_Grand_Prix,wp675561,Lewis Hamilton,no,2020 Formula One World Championship,https://en.wikipedia.org/wiki/2020_Formula_One_World_Championship,1371601816,https://en.wikipedia.org/w/index.php?oldid=1371601816,2026-09-28T09:18:16Z
1033,2020,15,2020-11-29,Bahrain Grand Prix,2020_Bahrain_Grand_Prix,wp675561,Lewis Hamilton,no,2020 Formula One World Championship,https://en.wikipedia.org/wiki/2020_Formula_One_World_Championship,1371601816,https://en.wikipedia.org/w/index.php?oldid=1371601816,2026-09-28T09:18:16Z
1034,2020,16,2020-12-06,Sakhir Grand Prix,2020_Sakhir_Grand_Prix,wp19801645,Sergio Pérez,no,2020 Formula One World Championship,https://en.wikipedia.org/wiki/2020_Formula_One_World_Championship,1371601816,https://en.wikipedia.org/w/index.php?oldid=1371601816,2026-09-28T09:18:16Z
1035,2020,17,2020-12-13,Abu Dhabi Grand Prix,2020_Abu_Dhabi_Grand_Prix,wp41758713,Max Verstappen,no,2020 Formula One World Championship,https://en.wikipedia.org/wiki/2020_Formula_One_World_Championship,1371601816,https://en.wikipedia.org/w/index.php?oldid=1371601816,2026-09-28T09:18:16Z
1036,2021,1,2021-03-28,Bahrain Grand Prix,2021_Bahrain_Grand_Prix,wp675561,Lewis Hamilton,no,2021 Formula One World Championship,https://en.wikipedia.org/wiki/2021_Formula_One_World_Championship,1371413806,https://en.wikipedia.org/w/index.php?oldid=1371413806,2026-09-28T09:18:17Z
1037,2021,2,2021-04-18,Emilia Romagna Grand Prix,2021_Emilia_Romagna_Grand_Prix,wp41758713,Max Verstappen,no,2021 Formula One World Championship,https://en.wikipedia.org/wiki/2021_Formula_One_World_Championship,1371413806,https://en.wikipedia.org/w/index.php?oldid=1371413806,2026-09-28T09:18:17Z
1038,2021,3,2021-05-02,Portuguese Grand Prix,2021_Portuguese_Grand_Prix,wp675561,Lewis Hamilton,no,2021 Formula One World Championship,https://en.wikipedia.org/wiki/2021_Formula_One_World_Championship,1371413806,https://en.wikipedia.org/w/index.php?oldid=1371413806,2026-09-28T09:18:17Z
1039,2021,4,2021-05-09,Spanish Grand Prix,2021_Spanish_Grand_Prix,wp675561,Lewis Hamilton,no,2021 Formula One World Championship,https://en.wikipedia.org/wiki/2021_Formula_One_World_Championship,1371413806,https://en.wikipedia.org/w/index.php?oldid=1371413806,2026-09-28T09:18:17Z
1040,2021,5,2021-05-23,Monaco Grand Prix,2021_Monaco_Grand_Prix,wp41758713,Max Verstappen,no,2021 Formula One World Championship,https://en.wikipedia.org/wiki/2021_Formula_One_World_Championship,1371413806,https://en.wikipedia.org/w/index.php?oldid=1371413806,2026-09-28T09:18:17Z
1041,2021,6,2021-06-06,Azerbaijan Grand Prix,2021_Azerbaijan_Grand_Prix,wp19801645,Sergio Pérez,no,2021 Formula One World Championship,https://en.wikipedia.org/wiki/2021_Formula_One_World_Championship,1371413806,https://en.wikipedia.org/w/index.php?oldid=1371413806,2026-09-28T09:18:17Z
1042,2021,7,2021-06-20,French Grand Prix,2021_French_Grand_Prix,wp41758713,Max Verstappen,no,2021 Formula One World Championship,https://en.wikipedia.org/wiki/2021_Formula_One_World_Championship,1371413806,https://en.wikipedia.org/w/index.php?oldid=1371413806,2026-09-28T09:18:17Z
1043,2021,8,2021-06-27,Styrian Grand Prix,2021_Styrian_Grand_Prix,wp41758713,Max Verstappen,no,2021 Formula One World Championship,https://en.wikipedia.org/wiki/2021_Formula_One_World_Championship,1371413806,https://en.wikipedia.org/w/index.php?oldid=1371413806,2026-09-28T09:18:17Z
1044,2021,9,2021-07-04,Austrian Grand Prix,2021_Austrian_Grand_Prix,wp41758713,Max Verstappen,no,2021 Formula One World Championship,https://en.wikipedia.org/wiki/2021_Formula_One_World_Championship,1371413806,https://en.wikipedia.org/w/index.php?oldid=1371413806,2026-09-28T09:18:17Z
1045,2021,10,2021-07-18,British Grand Prix,2021_British_Grand_Prix,wp675561,Lewis Hamilton,no,2021 Formula One World Championship,https://en.wikipedia.org/wiki/2021_Formula_One_World_Championship,1371413806,https://en.wikipedia.org/w/index.php?oldid=1371413806,2026-09-28T09:18:17Z
1046,2021,11,2021-08-01,Hungarian Grand Prix,2021_Hungarian_Grand_Prix,wp40826055,Esteban Ocon,no,2021 Formula One World Championship,https://en.wikipedia.org/wiki/2021_Formula_One_World_Championship,1371413806,https://en.wikipedia.org/w/index.php?oldid=1371413806,2026-09-28T09:18:17Z
1047,2021,12,2021-08-29,Belgian Grand Prix,2021_Belgian_Grand_Prix,wp41758713,Max Verstappen,no,2021 Formula One World Championship,https://en.wikipedia.org/wiki/2021_Formula_One_World_Championship,1371413806,https://en.wikipedia.org/w/index.php?oldid=1371413806,2026-09-28T09:18:17Z
1048,2021,13,2021-09-05,Dutch Grand Prix,2021_Dutch_Grand_Prix,wp41758713,Max Verstappen,no,2021 Formula One World Championship,https://en.wikipedia.org/wiki/2021_Formula_One_World_Championship,1371413806,https://en.wikipedia.org/w/index.php?oldid=1371413806,2026-09-28T09:18:17Z
1049,2021,14,2021-09-12,Italian Grand Prix,2021_Italian_Grand_Prix,wp18334077,Daniel Ricciardo,no,2021 Formula One World Championship,https://en.wikipedia.org/wiki/2021_Formula_One_World_Championship,1371413806,https://en.wikipedia.org/w/index.php?oldid=1371413806,2026-09-28T09:18:17Z
1050,2021,15,2021-09-26,Russian Grand Prix,2021_Russian_Grand_Prix,wp675561,Lewis Hamilton,no,2021 Formula One World Championship,https://en.wikipedia.org/wiki/2021_Formula_One_World_Championship,1371413806,https://en.wikipedia.org/w/index.php?oldid=1371413806,2026-09-28T09:18:17Z
1051,2021,16,2021-10-10,Turkish Grand Prix,2021_Turkish_Grand_Prix,wp19846772,Valtteri Bottas,no,2021 Formula One World Championship,https://en.wikipedia.org/wiki/2021_Formula_One_World_Championship,1371413806,https://en.wikipedia.org/w/index.php?oldid=1371413806,2026-09-28T09:18:17Z
1052,2021,17,2021-10-24,United States Grand Prix,2021_United_States_Grand_Prix,wp41758713,Max Verstappen,no,2021 Formula One World Championship,https://en.wikipedia.org/wiki/2021_Formula_One_World_Championship,1371413806,https://en.wikipedia.org/w/index.php?oldid=1371413806,2026-09-28T09:18:17Z
1053,2021,18,2021-11-07,Mexico City Grand Prix,2021_Mexico_City_Grand_Prix,wp41758713,Max Verstappen,no,2021 Formula One World Championship,https://en.wikipedia.org/wiki/2021_Formula_One_World_Championship,1371413806,https://en.wikipedia.org/w/index.php?oldid=1371413806,2026-09-28T09:18:17Z
1054,2021,19,2021-11-14,São Paulo Grand Prix,2021_São_Paulo_Grand_Prix,wp675561,Lewis Hamilton,no,2021 Formula One World Championship,https://en.wikipedia.org/wiki/2021_Formula_One_World_Championship,1371413806,https://en.wikipedia.org/w/index.php?oldid=1371413806,2026-09-28T09:18:17Z
1055,2021,20,2021-11-21,Qatar Grand Prix,2021_Qatar_Grand_Prix,wp675561,Lewis Hamilton,no,2021 Formula One World Championship,https://en.wikipedia.org/wiki/2021_Formula_One_World_Championship,1371413806,https://en.wikipedia.org/w/index.php?oldid=1371413806,2026-09-28T09:18:17Z
1056,2021,21,2021-12-05,Saudi Arabian Grand Prix,2021_Saudi_Arabian_Grand_Prix,wp675561,Lewis Hamilton,no,2021 Formula One World Championship,https://en.wikipedia.org/wiki/2021_Formula_One_World_Championship,1371413806,https://en.wikipedia.org/w/index.php?oldid=1371413806,2026-09-28T09:18:17Z
1057,2021,22,2021-12-12,Abu Dhabi Grand Prix,2021_Abu_Dhabi_Grand_Prix,wp41758713,Max Verstappen,no,2021 Formula One World Championship,https://en.wikipedia.org/wiki/2021_Formula_One_World_Championship,1371413806,https://en.wikipedia.org/w/index.php?oldid=1371413806,2026-09-28T09:18:17Z
1058,2022,1,2022-03-20,Bahrain Grand Prix,2022_Bahrain_Grand_Prix,wp44924226,Charles Leclerc,no,2022 Formula One World Championship,https://en.wikipedia.org/wiki/2022_Formula_One_World_Championship,1373708129,https://en.wikipedia.org/w/index.php?oldid=1373708129,2026-09-28T09:18:18Z
1059,2022,2,2022-03-27,Saudi Arabian Grand Prix,2022_Saudi_Arabian_Grand_Prix,wp41758713,Max Verstappen,no,2022 Formula One World Championship,https://en.wikipedia.org/wiki/2022_Formula_One_World_Championship,1373708129,https://en.wikipedia.org/w/index.php?oldid=1373708129,2026-09-28T09:18:18Z
1060,2022,3,2022-04-10,Australian Grand Prix,2022_Australian_Grand_Prix,wp44924226,Charles Leclerc,no,2022 Formula One World Championship,https://en.wikipedia.org/wiki/2022_Formula_One_World_Championship,1373708129,https://en.wikipedia.org/w/index.php?oldid=1373708129,2026-09-28T09:18:18Z
1061,2022,4,2022-04-24,Emilia Romagna Grand Prix,2022_Emilia_Romagna_Grand_Prix,wp41758713,Max Verstappen,no,2022 Formula One World Championship,https://en.wikipedia.org/wiki/2022_Formula_One_World_Championship,1373708129,https://en.wikipedia.org/w/index.php?oldid=1373708129,2026-09-28T09:18:18Z
1062,2022,5,2022-05-08,Miami Grand Prix,2022_Miami_Grand_Prix,wp41758713,Max Verstappen,no,2022 Formula One World Championship,https://en.wikipedia.org/wiki/2022_Formula_One_World_Championship,1373708129,https://en.wikipedia.org/w/index.php?oldid=1373708129,2026-09-28T09:18:18Z
1063,2022,6,2022-05-22,Spanish Grand Prix,2022_Spanish_Grand_Prix,wp41758713,Max Verstappen,no,2022 Formula One World Championship,https://en.wikipedia.org/wiki/2022_Formula_One_World_Championship,1373708129,https://en.wikipedia.org/w/index.php?oldid=1373708129,2026-09-28T09:18:18Z
1064,2022,7,2022-05-29,Monaco Grand Prix,2022_Monaco_Grand_Prix,wp19801645,Sergio Pérez,no,2022 Formula One World Championship,https://en.wikipedia.org/wiki/2022_Formula_One_World_Championship,1373708129,https://en.wikipedia.org/w/index.php?oldid=1373708129,2026-09-28T09:18:18Z
1065,2022,8,2022-06-12,Azerbaijan Grand Prix,2022_Azerbaijan_Grand_Prix,wp41758713,Max Verstappen,no,2022 Formula One World Championship,https://en.wikipedia.org/wiki/2022_Formula_One_World_Championship,1373708129,https://en.wikipedia.org/w/index.php?oldid=1373708129,2026-09-28T09:18:18Z
1066,2022,9,2022-06-19,Canadian Grand Prix,2022_Canadian_Grand_Prix,wp41758713,Max Verstappen,no,2022 Formula One World Championship,https://en.wikipedia.org/wiki/2022_Formula_One_World_Championship,1373708129,https://en.wikipedia.org/w/index.php?oldid=1373708129,2026-09-28T09:18:18Z
1067,2022,10,2022-07-03,British Grand Prix,2022_British_Grand_Prix,wp25537408,Carlos Sainz Jr.,no,2022 Formula One World Championship,https://en.wikipedia.org/wiki/2022_Formula_One_World_Championship,1373708129,https://en.wikipedia.org/w/index.php?oldid=1373708129,2026-09-28T09:18:18Z
1068,2022,11,2022-07-10,Austrian Grand Prix,2022_Austrian_Grand_Prix,wp44924226,Charles Leclerc,no,2022 Formula One World Championship,https://en.wikipedia.org/wiki/2022_Formula_One_World_Championship,1373708129,https://en.wikipedia.org/w/index.php?oldid=1373708129,2026-09-28T09:18:18Z
1069,2022,12,2022-07-24,French Grand Prix,2022_French_Grand_Prix,wp41758713,Max Verstappen,no,2022 Formula One World Championship,https://en.wikipedia.org/wiki/2022_Formula_One_World_Championship,1373708129,https://en.wikipedia.org/w/index.php?oldid=1373708129,2026-09-28T09:18:18Z
1070,2022,13,2022-07-31,Hungarian Grand Prix,2022_Hungarian_Grand_Prix,wp41758713,Max Verstappen,no,2022 Formula One World Championship,https://en.wikipedia.org/wiki/2022_Formula_One_World_Championship,1373708129,https://en.wikipedia.org/w/index.php?oldid=1373708129,2026-09-28T09:18:18Z
1071,2022,14,2022-08-28,Belgian Grand Prix,2022_Belgian_Grand_Prix,wp41758713,Max Verstappen,no,2022 Formula One World Championship,https://en.wikipedia.org/wiki/2022_Formula_One_World_Championship,1373708129,https://en.wikipedia.org/w/index.php?oldid=1373708129,2026-09-28T09:18:18Z
1072,2022,15,2022-09-04,Dutch Grand Prix,2022_Dutch_Grand_Prix,wp41758713,Max Verstappen,no,2022 Formula One World Championship,https://en.wikipedia.org/wiki/2022_Formula_One_World_Championship,1373708129,https://en.wikipedia.org/w/index.php?oldid=1373708129,2026-09-28T09:18:18Z
1073,2022,16,2022-09-11,Italian Grand Prix,2022_Italian_Grand_Prix,wp41758713,Max Verstappen,no,2022 Formula One World Championship,https://en.wikipedia.org/wiki/2022_Formula_One_World_Championship,1373708129,https://en.wikipedia.org/w/index.php?oldid=1373708129,2026-09-28T09:18:18Z
1074,2022,17,2022-10-02,Singapore Grand Prix,2022_Singapore_Grand_Prix,wp19801645,Sergio Pérez,no,2022 Formula One World Championship,https://en.wikipedia.org/wiki/2022_Formula_One_World_Championship,1373708129,https://en.wikipedia.org/w/index.php?oldid=1373708129,2026-09-28T09:18:18Z
1075,2022,18,2022-10-09,Japanese Grand Prix,2022_Japanese_Grand_Prix,wp41758713,Max Verstappen,no,2022 Formula One World Championship,https://en.wikipedia.org/wiki/2022_Formula_One_World_Championship,1373708129,https://en.wikipedia.org/w/index.php?oldid=1373708129,2026-09-28T09:18:18Z
1076,2022,19,2022-10-23,United States Grand Prix,2022_United_States_Grand_Prix,wp41758713,Max Verstappen,no,2022 Formula One World Championship,https://en.wikipedia.org/wiki/2022_Formula_One_World_Championship,1373708129,https://en.wikipedia.org/w/index.php?oldid=1373708129,2026-09-28T09:18:18Z
1077,2022,20,2022-10-30,Mexico City Grand Prix,2022_Mexico_City_Grand_Prix,wp41758713,Max Verstappen,no,2022 Formula One World Championship,https://en.wikipedia.org/wiki/2022_Formula_One_World_Championship,1373708129,https://en.wikipedia.org/w/index.php?oldid=1373708129,2026-09-28T09:18:18Z
1078,2022,21,2022-11-13,São Paulo Grand Prix,2022_São_Paulo_Grand_Prix,wp44641054,George Russell,no,2022 Formula One World Championship,https://en.wikipedia.org/wiki/2022_Formula_One_World_Championship,1373708129,https://en.wikipedia.org/w/index.php?oldid=1373708129,2026-09-28T09:18:18Z
1079,2022,22,2022-11-20,Abu Dhabi Grand Prix,2022_Abu_Dhabi_Grand_Prix,wp41758713,Max Verstappen,no,2022 Formula One World Championship,https://en.wikipedia.org/wiki/2022_Formula_One_World_Championship,1373708129,https://en.wikipedia.org/w/index.php?oldid=1373708129,2026-09-28T09:18:18Z
1080,2023,1,2023-03-05,Bahrain Grand Prix,2023_Bahrain_Grand_Prix,wp41758713,Max Verstappen,no,2023 Formula One World Championship,https://en.wikipedia.org/wiki/2023_Formula_One_World_Championship,1376472167,https://en.wikipedia.org/w/index.php?oldid=1376472167,2026-09-28T09:18:19Z
1081,2023,2,2023-03-19,Saudi Arabian Grand Prix,2023_Saudi_Arabian_Grand_Prix,wp19801645,Sergio Pérez,no,2023 Formula One World Championship,https://en.wikipedia.org/wiki/2023_Formula_One_World_Championship,1376472167,https://en.wikipedia.org/w/index.php?oldid=1376472167,2026-09-28T09:18:19Z
1082,2023,3,2023-04-02,Australian Grand Prix,2023_Australian_Grand_Prix,wp41758713,Max Verstappen,no,2023 Formula One World Championship,https://en.wikipedia.org/wiki/2023_Formula_One_World_Championship,1376472167,https://en.wikipedia.org/w/index.php?oldid=1376472167,2026-09-28T09:18:19Z
1083,2023,4,2023-04-30,Azerbaijan Grand Prix,2023_Azerbaijan_Grand_Prix,wp19801645,Sergio Pérez,no,2023 Formula One World Championship,https://en.wikipedia.org/wiki/2023_Formula_One_World_Championship,1376472167,https://en.wikipedia.org/w/index.php?oldid=1376472167,2026-09-28T09:18:19Z
1084,2023,5,2023-05-07,Miami Grand Prix,2023_Miami_Grand_Prix,wp41758713,Max Verstappen,no,2023 Formula One World Championship,https://en.wikipedia.org/wiki/2023_Formula_One_World_Championship,1376472167,https://en.wikipedia.org/w/index.php?oldid=1376472167,2026-09-28T09:18:19Z
1085,2023,6,2023-05-28,Monaco Grand Prix,2023_Monaco_Grand_Prix,wp41758713,Max Verstappen,no,2023 Formula One World Championship,https://en.wikipedia.org/wiki/2023_Formula_One_World_Championship,1376472167,https://en.wikipedia.org/w/index.php?oldid=1376472167,2026-09-28T09:18:19Z
1086,2023,7,2023-06-04,Spanish Grand Prix,2023_Spanish_Grand_Prix,wp41758713,Max Verstappen,no,2023 Formula One World Championship,https://en.wikipedia.org/wiki/2023_Formula_One_World_Championship,1376472167,https://en.wikipedia.org/w/index.php?oldid=1376472167,2026-09-28T09:18:19Z
1087,2023,8,2023-06-18,Canadian Grand Prix,2023_Canadian_Grand_Prix,wp41758713,Max Verstappen,no,2023 Formula One World Championship,https://en.wikipedia.org/wiki/2023_Formula_One_World_Championship,1376472167,https://en.wikipedia.org/w/index.php?oldid=1376472167,2026-09-28T09:18:19Z
1088,2023,9,2023-07-02,Austrian Grand Prix,2023_Austrian_Grand_Prix,wp41758713,Max Verstappen,no,2023 Formula One World Championship,https://en.wikipedia.org/wiki/2023_Formula_One_World_Championship,1376472167,https://en.wikipedia.org/w/index.php?oldid=1376472167,2026-09-28T09:18:19Z
1089,2023,10,2023-07-09,British Grand Prix,2023_British_Grand_Prix,wp41758713,Max Verstappen,no,2023 Formula One World Championship,https://en.wikipedia.org/wiki/2023_Formula_One_World_Championship,1376472167,https://en.wikipedia.org/w/index.php?oldid=1376472167,2026-09-28T09:18:19Z
1090,2023,11,2023-07-23,Hungarian Grand Prix,2023_Hungarian_Grand_Prix,wp41758713,Max Verstappen,no,2023 Formula One World Championship,https://en.wikipedia.org/wiki/2023_Formula_One_World_Championship,1376472167,https://en.wikipedia.org/w/index.php?oldid=1376472167,2026-09-28T09:18:19Z
1091,2023,12,2023-07-30,Belgian Grand Prix,2023_Belgian_Grand_Prix,wp41758713,Max Verstappen,no,2023 Formula One World Championship,https://en.wikipedia.org/wiki/2023_Formula_One_World_Championship,1376472167,https://en.wikipedia.org/w/index.php?oldid=1376472167,2026-09-28T09:18:19Z
1092,2023,13,2023-08-27,Dutch Grand Prix,2023_Dutch_Grand_Prix,wp41758713,Max Verstappen,no,2023 Formula One World Championship,https://en.wikipedia.org/wiki/2023_Formula_One_World_Championship,1376472167,https://en.wikipedia.org/w/index.php?oldid=1376472167,2026-09-28T09:18:19Z
1093,2023,14,2023-09-03,Italian Grand Prix,2023_Italian_Grand_Prix,wp41758713,Max Verstappen,no,2023 Formula One World Championship,https://en.wikipedia.org/wiki/2023_Formula_One_World_Championship,1376472167,https://en.wikipedia.org/w/index.php?oldid=1376472167,2026-09-28T09:18:19Z
1094,2023,15,2023-09-17,Singapore Grand Prix,2023_Singapore_Grand_Prix,wp25537408,Carlos Sainz Jr.,no,2023 Formula One World Championship,https://en.wikipedia.org/wiki/2023_Formula_One_World_Championship,1376472167,https://en.wikipedia.org/w/index.php?oldid=1376472167,2026-09-28T09:18:19Z
1095,2023,16,2023-09-24,Japanese Grand Prix,2023_Japanese_Grand_Prix,wp41758713,Max Verstappen,no,2023 Formula One World Championship,https://en.wikipedia.org/wiki/2023_Formula_One_World_Championship,1376472167,https://en.wikipedia.org/w/index.php?oldid=1376472167,2026-09-28T09:18:19Z
1096,2023,17,2023-10-08,Qatar Grand Prix,2023_Qatar_Grand_Prix,wp41758713,Max Verstappen,no,2023 Formula One World Championship,https://en.wikipedia.org/wiki/2023_Formula_One_World_Championship,1376472167,https://en.wikipedia.org/w/index.php?oldid=1376472167,2026-09-28T09:18:19Z
1097,2023,18,2023-10-22,United States Grand Prix,2023_United_States_Grand_Prix,wp41758713,Max Verstappen,no,2023 Formula One World Championship,https://en.wikipedia.org/wiki/2023_Formula_One_World_Championship,1376472167,https://en.wikipedia.org/w/index.php?oldid=1376472167,2026-09-28T09:18:19Z
1098,2023,19,2023-10-29,Mexico City Grand Prix,2023_Mexico_City_Grand_Prix,wp41758713,Max Verstappen,no,2023 Formula One World Championship,https://en.wikipedia.org/wiki/2023_Formula_One_World_Championship,1376472167,https://en.wikipedia.org/w/index.php?oldid=1376472167,2026-09-28T09:18:19Z
1099,2023,20,2023-11-05,São Paulo Grand Prix,2023_São_Paulo_Grand_Prix,wp41758713,Max Verstappen,no,2023 Formula One World Championship,https://en.wikipedia.org/wiki/2023_Formula_One_World_Championship,1376472167,https://en.wikipedia.org/w/index.php?oldid=1376472167,2026-09-28T09:18:19Z
1100,2023,21,2023-11-18,Las Vegas Grand Prix,2023_Las_Vegas_Grand_Prix,wp41758713,Max Verstappen,no,2023 Formula One World Championship,https://en.wikipedia.org/wiki/2023_Formula_One_World_Championship,1376472167,https://en.wikipedia.org/w/index.php?oldid=1376472167,2026-09-28T09:18:19Z
1101,2023,22,2023-11-26,Abu Dhabi Grand Prix,2023_Abu_Dhabi_Grand_Prix,wp41758713,Max Verstappen,no,2023 Formula One World Championship,https://en.wikipedia.org/wiki/2023_Formula_One_World_Championship,1376472167,https://en.wikipedia.org/w/index.php?oldid=1376472167,2026-09-28T09:18:19Z
1102,2024,1,2024-03-02,Bahrain Grand Prix,2024_Bahrain_Grand_Prix,wp41758713,Max Verstappen,no,2024 Formula One World Championship,https://en.wikipedia.org/wiki/2024_Formula_One_World_Championship,1376189329,https://en.wikipedia.org/w/index.php?oldid=1376189329,2026-09-28T09:18:20Z
1103,2024,2,2024-03-09,Saudi Arabian Grand Prix,2024_Saudi_Arabian_Grand_Prix,wp41758713,Max Verstappen,no,2024 Formula One World Championship,https://en.wikipedia.org/wiki/2024_Formula_One_World_Championship,1376189329,https://en.wikipedia.org/w/index.php?oldid=1376189329,2026-09-28T09:18:20Z
1104,2024,3,2024-03-24,Australian Grand Prix,2024_Australian_Grand_Prix,wp25537408,Carlos Sainz Jr.,no,2024 Formula One World Championship,https://en.wikipedia.org/wiki/2024_Formula_One_World_Championship,1376189329,https://en.wikipedia.org/w/index.php?oldid=1376189329,2026-09-28T09:18:20Z
1105,2024,4,2024-04-07,Japanese Grand Prix,2024_Japanese_Grand_Prix,wp41758713,Max Verstappen,no,2024 Formula One World Championship,https://en.wikipedia.org/wiki/2024_Formula_One_World_Championship,1376189329,https://en.wikipedia.org/w/index.php?oldid=1376189329,2026-09-28T09:18:20Z
1106,2024,5,2024-04-21,Chinese Grand Prix,2024_Chinese_Grand_Prix,wp41758713,Max Verstappen,no,2024 Formula One World Championship,https://en.wikipedia.org/wiki/2024_Formula_One_World_Championship,1376189329,https://en.wikipedia.org/w/index.php?oldid=1376189329,2026-09-28T09:18:20Z
1107,2024,6,2024-05-05,Miami Grand Prix,2024_Miami_Grand_Prix,wp48978813,Lando Norris,no,2024 Formula One World Championship,https://en.wikipedia.org/wiki/2024_Formula_One_World_Championship,1376189329,https://en.wikipedia.org/w/index.php?oldid=1376189329,2026-09-28T09:18:20Z
1108,2024,7,2024-05-19,Emilia Romagna Grand Prix,2024_Emilia_Romagna_Grand_Prix,wp41758713,Max Verstappen,no,2024 Formula One World Championship,https://en.wikipedia.org/wiki/2024_Formula_One_World_Championship,1376189329,https://en.wikipedia.org/w/index.php?oldid=1376189329,2026-09-28T09:18:20Z
1109,2024,8,2024-05-26,Monaco Grand Prix,2024_Monaco_Grand_Prix,wp44924226,Charles Leclerc,no,2024 Formula One World Championship,https://en.wikipedia.org/wiki/2024_Formula_One_World_Championship,1376189329,https://en.wikipedia.org/w/index.php?oldid=1376189329,2026-09-28T09:18:20Z
1110,2024,9,2024-06-09,Canadian Grand Prix,2024_Canadian_Grand_Prix,wp41758713,Max Verstappen,no,2024 Formula One World Championship,https://en.wikipedia.org/wiki/2024_Formula_One_World_Championship,1376189329,https://en.wikipedia.org/w/index.php?oldid=1376189329,2026-09-28T09:18:20Z
1111,2024,10,2024-06-23,Spanish Grand Prix,2024_Spanish_Grand_Prix,wp41758713,Max Verstappen,no,2024 Formula One World Championship,https://en.wikipedia.org/wiki/2024_Formula_One_World_Championship,1376189329,https://en.wikipedia.org/w/index.php?oldid=1376189329,2026-09-28T09:18:20Z
1112,2024,11,2024-06-30,Austrian Grand Prix,2024_Austrian_Grand_Prix,wp44641054,George Russell,no,2024 Formula One World Championship,https://en.wikipedia.org/wiki/2024_Formula_One_World_Championship,1376189329,https://en.wikipedia.org/w/index.php?oldid=1376189329,2026-09-28T09:18:20Z
1113,2024,12,2024-07-07,British Grand Prix,2024_British_Grand_Prix,wp675561,Lewis Hamilton,no,2024 Formula One World Championship,https://en.wikipedia.org/wiki/2024_Formula_One_World_Championship,1376189329,https://en.wikipedia.org/w/index.php?oldid=1376189329,2026-09-28T09:18:20Z
1114,2024,13,2024-07-21,Hungarian Grand Prix,2024_Hungarian_Grand_Prix,wp59449712,Oscar Piastri,no,2024 Formula One World Championship,https://en.wikipedia.org/wiki/2024_Formula_One_World_Championship,1376189329,https://en.wikipedia.org/w/index.php?oldid=1376189329,2026-09-28T09:18:20Z
1115,2024,14,2024-07-28,Belgian Grand Prix,2024_Belgian_Grand_Prix,wp675561,Lewis Hamilton,no,2024 Formula One World Championship,https://en.wikipedia.org/wiki/2024_Formula_One_World_Championship,1376189329,https://en.wikipedia.org/w/index.php?oldid=1376189329,2026-09-28T09:18:20Z
1116,2024,15,2024-08-25,Dutch Grand Prix,2024_Dutch_Grand_Prix,wp48978813,Lando Norris,no,2024 Formula One World Championship,https://en.wikipedia.org/wiki/2024_Formula_One_World_Championship,1376189329,https://en.wikipedia.org/w/index.php?oldid=1376189329,2026-09-28T09:18:20Z
1117,2024,16,2024-09-01,Italian Grand Prix,2024_Italian_Grand_Prix,wp44924226,Charles Leclerc,no,2024 Formula One World Championship,https://en.wikipedia.org/wiki/2024_Formula_One_World_Championship,1376189329,https://en.wikipedia.org/w/index.php?oldid=1376189329,2026-09-28T09:18:20Z
1118,2024,17,2024-09-15,Azerbaijan Grand Prix,2024_Azerbaijan_Grand_Prix,wp59449712,Oscar Piastri,no,2024 Formula One World Championship,https://en.wikipedia.org/wiki/2024_Formula_One_World_Championship,1376189329,https://en.wikipedia.org/w/index.php?oldid=1376189329,2026-09-28T09:18:20Z
1119,2024,18,2024-09-22,Singapore Grand Prix,2024_Singapore_Grand_Prix,wp48978813,Lando Norris,no,2024 Formula One World Championship,https://en.wikipedia.org/wiki/2024_Formula_One_World_Championship,1376189329,https://en.wikipedia.org/w/index.php?oldid=1376189329,2026-09-28T09:18:20Z
1120,2024,19,2024-10-20,United States Grand Prix,2024_United_States_Grand_Prix,wp44924226,Charles Leclerc,no,2024 Formula One World Championship,https://en.wikipedia.org/wiki/2024_Formula_One_World_Championship,1376189329,https://en.wikipedia.org/w/index.php?oldid=1376189329,2026-09-28T09:18:20Z
1121,2024,20,2024-10-27,Mexico City Grand Prix,2024_Mexico_City_Grand_Prix,wp25537408,Carlos Sainz Jr.,no,2024 Formula One World Championship,https://en.wikipedia.org/wiki/2024_Formula_One_World_Championship,1376189329,https://en.wikipedia.org/w/index.php?oldid=1376189329,2026-09-28T09:18:20Z
1122,2024,21,2024-11-03,São Paulo Grand Prix,2024_São_Paulo_Grand_Prix,wp41758713,Max Verstappen,no,2024 Formula One World Championship,https://en.wikipedia.org/wiki/2024_Formula_One_World_Championship,1376189329,https://en.wikipedia.org/w/index.php?oldid=1376189329,2026-09-28T09:18:20Z
1123,2024,22,2024-11-23,Las Vegas Grand Prix,2024_Las_Vegas_Grand_Prix,wp44641054,George Russell,no,2024 Formula One World Championship,https://en.wikipedia.org/wiki/2024_Formula_One_World_Championship,1376189329,https://en.wikipedia.org/w/index.php?oldid=1376189329,2026-09-28T09:18:20Z
1124,2024,23,2024-12-01,Qatar Grand Prix,2024_Qatar_Grand_Prix,wp41758713,Max Verstappen,no,2024 Formula One World Championship,https://en.wikipedia.org/wiki/2024_Formula_One_World_Championship,1376189329,https://en.wikipedia.org/w/index.php?oldid=1376189329,2026-09-28T09:18:20Z
1125,2024,24,2024-12-08,Abu Dhabi Grand Prix,2024_Abu_Dhabi_Grand_Prix,wp48978813,Lando Norris,no,2024 Formula One World Championship,https://en.wikipedia.org/wiki/2024_Formula_One_World_Championship,1376189329,https://en.wikipedia.org/w/index.php?oldid=1376189329,2026-09-28T09:18:20Z
1126,2025,1,2025-03-16,Australian Grand Prix,2025_Australian_Grand_Prix,wp48978813,Lando Norris,no,2025 Formula One World Championship,https://en.wikipedia.org/wiki/2025_Formula_One_World_Championship,1370436518,https://en.wikipedia.org/w/index.php?oldid=1370436518,2026-09-28T09:18:21Z
1127,2025,2,2025-03-23,Chinese Grand Prix,2025_Chinese_Grand_Prix,wp59449712,Oscar Piastri,no,2025 Formula One World Championship,https://en.wikipedia.org/wiki/2025_Formula_One_World_Championship,1370436518,https://en.wikipedia.org/w/index.php?oldid=1370436518,2026-09-28T09:18:21Z
1128,2025,3,2025-04-06,Japanese Grand Prix,2025_Japanese_Grand_Prix,wp41758713,Max Verstappen,no,2025 Formula One World Championship,https://en.wikipedia.org/wiki/2025_Formula_One_World_Championship,1370436518,https://en.wikipedia.org/w/index.php?oldid=1370436518,2026-09-28T09:18:21Z
1129,2025,4,2025-04-13,Bahrain Grand Prix,2025_Bahrain_Grand_Prix,wp59449712,Oscar Piastri,no,2025 Formula One World Championship,https://en.wikipedia.org/wiki/2025_Formula_One_World_Championship,1370436518,https://en.wikipedia.org/w/index.php?oldid=1370436518,2026-09-28T09:18:21Z
1130,2025,5,2025-04-20,Saudi Arabian Grand Prix,2025_Saudi_Arabian_Grand_Prix,wp59449712,Oscar Piastri,no,2025 Formula One World Championship,https://en.wikipedia.org/wiki/2025_Formula_One_World_Championship,1370436518,https://en.wikipedia.org/w/index.php?oldid=1370436518,2026-09-28T09:18:21Z
1131,2025,6,2025-05-04,Miami Grand Prix,2025_Miami_Grand_Prix,wp59449712,Oscar Piastri,no,2025 Formula One World Championship,https://en.wikipedia.org/wiki/2025_Formula_One_World_Championship,1370436518,https://en.wikipedia.org/w/index.php?oldid=1370436518,2026-09-28T09:18:21Z
1132,2025,7,2025-05-18,Emilia Romagna Grand Prix,2025_Emilia_Romagna_Grand_Prix,wp41758713,Max Verstappen,no,2025 Formula One World Championship,https://en.wikipedia.org/wiki/2025_Formula_One_World_Championship,1370436518,https://en.wikipedia.org/w/index.php?oldid=1370436518,2026-09-28T09:18:21Z
1133,2025,8,2025-05-25,Monaco Grand Prix,2025_Monaco_Grand_Prix,wp48978813,Lando Norris,no,2025 Formula One World Championship,https://en.wikipedia.org/wiki/2025_Formula_One_World_Championship,1370436518,https://en.wikipedia.org/w/index.php?oldid=1370436518,2026-09-28T09:18:21Z
1134,2025,9,2025-06-01,Spanish Grand Prix,2025_Spanish_Grand_Prix,wp59449712,Oscar Piastri,no,2025 Formula One World Championship,https://en.wikipedia.org/wiki/2025_Formula_One_World_Championship,1370436518,https://en.wikipedia.org/w/index.php?oldid=1370436518,2026-09-28T09:18:21Z
1135,2025,10,2025-06-15,Canadian Grand Prix,2025_Canadian_Grand_Prix,wp44641054,George Russell,no,2025 Formula One World Championship,https://en.wikipedia.org/wiki/2025_Formula_One_World_Championship,1370436518,https://en.wikipedia.org/w/index.php?oldid=1370436518,2026-09-28T09:18:21Z
1136,2025,11,2025-06-29,Austrian Grand Prix,2025_Austrian_Grand_Prix,wp48978813,Lando Norris,no,2025 Formula One World Championship,https://en.wikipedia.org/wiki/2025_Formula_One_World_Championship,1370436518,https://en.wikipedia.org/w/index.php?oldid=1370436518,2026-09-28T09:18:21Z
1137,2025,12,2025-07-06,British Grand Prix,2025_British_Grand_Prix,wp48978813,Lando Norris,no,2025 Formula One World Championship,https://en.wikipedia.org/wiki/2025_Formula_One_World_Championship,1370436518,https://en.wikipedia.org/w/index.php?oldid=1370436518,2026-09-28T09:18:21Z
1138,2025,13,2025-07-27,Belgian Grand Prix,2025_Belgian_Grand_Prix,wp59449712,Oscar Piastri,no,2025 Formula One World Championship,https://en.wikipedia.org/wiki/2025_Formula_One_World_Championship,1370436518,https://en.wikipedia.org/w/index.php?oldid=1370436518,2026-09-28T09:18:21Z
1139,2025,14,2025-08-03,Hungarian Grand Prix,2025_Hungarian_Grand_Prix,wp48978813,Lando Norris,no,2025 Formula One World Championship,https://en.wikipedia.org/wiki/2025_Formula_One_World_Championship,1370436518,https://en.wikipedia.org/w/index.php?oldid=1370436518,2026-09-28T09:18:21Z
1140,2025,15,2025-08-31,Dutch Grand Prix,2025_Dutch_Grand_Prix,wp59449712,Oscar Piastri,no,2025 Formula One World Championship,https://en.wikipedia.org/wiki/2025_Formula_One_World_Championship,1370436518,https://en.wikipedia.org/w/index.php?oldid=1370436518,2026-09-28T09:18:21Z
1141,2025,16,2025-09-07,Italian Grand Prix,2025_Italian_Grand_Prix,wp41758713,Max Verstappen,no,2025 Formula One World Championship,https://en.wikipedia.org/wiki/2025_Formula_One_World_Championship,1370436518,https://en.wikipedia.org/w/index.php?oldid=1370436518,2026-09-28T09:18:21Z
1142,2025,17,2025-09-21,Azerbaijan Grand Prix,2025_Azerbaijan_Grand_Prix,wp41758713,Max Verstappen,no,2025 Formula One World Championship,https://en.wikipedia.org/wiki/2025_Formula_One_World_Championship,1370436518,https://en.wikipedia.org/w/index.php?oldid=1370436518,2026-09-28T09:18:21Z
1143,2025,18,2025-10-05,Singapore Grand Prix,2025_Singapore_Grand_Prix,wp44641054,George Russell,no,2025 Formula One World Championship,https://en.wikipedia.org/wiki/2025_Formula_One_World_Championship,1370436518,https://en.wikipedia.org/w/index.php?oldid=1370436518,2026-09-28T09:18:21Z
1144,2025,19,2025-10-19,United States Grand Prix,2025_United_States_Grand_Prix,wp41758713,Max Verstappen,no,2025 Formula One World Championship,https://en.wikipedia.org/wiki/2025_Formula_One_World_Championship,1370436518,https://en.wikipedia.org/w/index.php?oldid=1370436518,2026-09-28T09:18:21Z
1145,2025,20,2025-10-26,Mexico City Grand Prix,2025_Mexico_City_Grand_Prix,wp48978813,Lando Norris,no,2025 Formula One World Championship,https://en.wikipedia.org/wiki/2025_Formula_One_World_Championship,1370436518,https://en.wikipedia.org/w/index.php?oldid=1370436518,2026-09-28T09:18:21Z
1146,2025,21,2025-11-09,São Paulo Grand Prix,2025_São_Paulo_Grand_Prix,wp48978813,Lando Norris,no,2025 Formula One World Championship,https://en.wikipedia.org/wiki/2025_Formula_One_World_Championship,1370436518,https://en.wikipedia.org/w/index.php?oldid=1370436518,2026-09-28T09:18:21Z
1147,2025,22,2025-11-22,Las Vegas Grand Prix,2025_Las_Vegas_Grand_Prix,wp41758713,Max Verstappen,no,2025 Formula One World Championship,https://en.wikipedia.org/wiki/2025_Formula_One_World_Championship,1370436518,https://en.wikipedia.org/w/index.php?oldid=1370436518,2026-09-28T09:18:21Z
1148,2025,23,2025-11-30,Qatar Grand Prix,2025_Qatar_Grand_Prix,wp41758713,Max Verstappen,no,2025 Formula One World Championship,https://en.wikipedia.org/wiki/2025_Formula_One_World_Championship,1370436518,https://en.wikipedia.org/w/index.php?oldid=1370436518,2026-09-28T09:18:21Z
1149,2025,24,2025-12-07,Abu Dhabi Grand Prix,2025_Abu_Dhabi_Grand_Prix,wp41758713,Max Verstappen,no,2025 Formula One World Championship,https://en.wikipedia.org/wiki/2025_Formula_One_World_Championship,1370436518,https://en.wikipedia.org/w/index.php?oldid=1370436518,2026-09-28T09:18:21Z
1150,2026,1,2026-03-08,Australian Grand Prix,2026_Australian_Grand_Prix,wp44641054,George Russell,no,2026 Formula One World Championship,https://en.wikipedia.org/wiki/2026_Formula_One_World_Championship,1376997788,https://en.wikipedia.org/w/index.php?oldid=1376997788,2026-09-28T09:18:23Z
1151,2026,2,2026-03-15,Chinese Grand Prix,2026_Chinese_Grand_Prix,wp70530918,Kimi Antonelli,no,2026 Formula One World Championship,https://en.wikipedia.org/wiki/2026_Formula_One_World_Championship,1376997788,https://en.wikipedia.org/w/index.php?oldid=1376997788,2026-09-28T09:18:23Z
1152,2026,3,2026-03-29,Japanese Grand Prix,2026_Japanese_Grand_Prix,wp70530918,Kimi Antonelli,no,2026 Formula One World Championship,https://en.wikipedia.org/wiki/2026_Formula_One_World_Championship,1376997788,https://en.wikipedia.org/w/index.php?oldid=1376997788,2026-09-28T09:18:23Z
1153,2026,4,2026-05-03,Miami Grand Prix,2026_Miami_Grand_Prix,wp70530918,Kimi Antonelli,no,2026 Formula One World Championship,https://en.wikipedia.org/wiki/2026_Formula_One_World_Championship,1376997788,https://en.wikipedia.org/w/index.php?oldid=1376997788,2026-09-28T09:18:23Z
1154,2026,5,2026-05-24,Canadian Grand Prix,2026_Canadian_Grand_Prix,wp70530918,Kimi Antonelli,no,2026 Formula One World Championship,https://en.wikipedia.org/wiki/2026_Formula_One_World_Championship,1376997788,https://en.wikipedia.org/w/index.php?oldid=1376997788,2026-09-28T09:18:23Z
1155,2026,6,2026-06-07,Monaco Grand Prix,2026_Monaco_Grand_Prix,wp70530918,Kimi Antonelli,no,2026 Formula One World Championship,https://en.wikipedia.org/wiki/2026_Formula_One_World_Championship,1376997788,https://en.wikipedia.org/w/index.php?oldid=1376997788,2026-09-28T09:18:23Z
1156,2026,7,2026-06-14,Barcelona-Catalunya Grand Prix,2026_Barcelona-Catalunya_Grand_Prix,wp675561,Lewis Hamilton,no,2026 Formula One World Championship,https://en.wikipedia.org/wiki/2026_Formula_One_World_Championship,1376997788,https://en.wikipedia.org/w/index.php?oldid=1376997788,2026-09-28T09:18:23Z
1157,2026,8,2026-06-28,Austrian Grand Prix,2026_Austrian_Grand_Prix,wp44641054,George Russell,no,2026 Formula One World Championship,https://en.wikipedia.org/wiki/2026_Formula_One_World_Championship,1376997788,https://en.wikipedia.org/w/index.php?oldid=1376997788,2026-09-28T09:18:23Z
1158,2026,9,2026-07-05,British Grand Prix,2026_British_Grand_Prix,wp44924226,Charles Leclerc,no,2026 Formula One World Championship,https://en.wikipedia.org/wiki/2026_Formula_One_World_Championship,1376997788,https://en.wikipedia.org/w/index.php?oldid=1376997788,2026-09-28T09:18:23Z
1159,2026,10,2026-07-19,Belgian Grand Prix,2026_Belgian_Grand_Prix,wp70530918,Kimi Antonelli,no,2026 Formula One World Championship,https://en.wikipedia.org/wiki/2026_Formula_One_World_Championship,1376997788,https://en.wikipedia.org/w/index.php?oldid=1376997788,2026-09-28T09:18:23Z
1160,2026,11,2026-07-26,Hungarian Grand Prix,2026_Hungarian_Grand_Prix,wp48978813,Lando Norris,no,2026 Formula One World Championship,https://en.wikipedia.org/wiki/2026_Formula_One_World_Championship,1376997788,https://en.wikipedia.org/w/index.php?oldid=1376997788,2026-09-28T09:18:23Z
1161,2026,12,2026-08-23,Dutch Grand Prix,2026_Dutch_Grand_Prix,wp48978813,Lando Norris,no,2026 Formula One World Championship,https://en.wikipedia.org/wiki/2026_Formula_One_World_Championship,1376997788,https://en.wikipedia.org/w/index.php?oldid=1376997788,2026-09-28T09:18:23Z
1162,2026,13,2026-09-06,Italian Grand Prix,2026_Italian_Grand_Prix,wp70530918,Kimi Antonelli,no,2026 Formula One World Championship,https://en.wikipedia.org/wiki/2026_Formula_One_World_Championship,1376997788,https://en.wikipedia.org/w/index.php?oldid=1376997788,2026-09-28T09:18:23Z
1163,2026,14,2026-09-13,Spanish Grand Prix,2026_Spanish_Grand_Prix,wp70530918,Kimi Antonelli,no,2026 Formula One World Championship,https://en.wikipedia.org/wiki/2026_Formula_One_World_Championship,1376997788,https://en.wikipedia.org/w/index.php?oldid=1376997788,2026-09-28T09:18:23Z
1164,2026,15,2026-09-26,Azerbaijan Grand Prix,2026_Azerbaijan_Grand_Prix,wp44641054,George Russell,no,2026 Formula One World Championship,https://en.wikipedia.org/wiki/2026_Formula_One_World_Championship,1376997788,https://en.wikipedia.org/w/index.php?oldid=1376997788,2026-09-28T09:18:23Z
