credit_index,race_index,season,round,race_date,grand_prix,driver_id,driver_name,shared_drive,career_wins_after,source_page,source_page_url,source_revision_id,source_permanent_url,retrieved_utc
1,1,1950,1,1950-05-13,British Grand Prix,wp342972,Giuseppe Farina,no,1,1950 Formula One season,https://en.wikipedia.org/wiki/1950_Formula_One_season,1371248309,https://en.wikipedia.org/w/index.php?oldid=1371248309,2026-09-28T09:16:56Z
2,2,1950,2,1950-05-21,Monaco Grand Prix,wp48532,Juan Manuel Fangio,no,1,1950 Formula One season,https://en.wikipedia.org/wiki/1950_Formula_One_season,1371248309,https://en.wikipedia.org/w/index.php?oldid=1371248309,2026-09-28T09:16:56Z
3,3,1950,3,1950-05-30,Indianapolis 500,wp1252116,Johnnie Parsons,no,1,1950 Formula One season,https://en.wikipedia.org/wiki/1950_Formula_One_season,1371248309,https://en.wikipedia.org/w/index.php?oldid=1371248309,2026-09-28T09:16:56Z
4,4,1950,4,1950-06-04,Swiss Grand Prix,wp342972,Giuseppe Farina,no,2,1950 Formula One season,https://en.wikipedia.org/wiki/1950_Formula_One_season,1371248309,https://en.wikipedia.org/w/index.php?oldid=1371248309,2026-09-28T09:16:56Z
5,5,1950,5,1950-06-18,Belgian Grand Prix,wp48532,Juan Manuel Fangio,no,2,1950 Formula One season,https://en.wikipedia.org/wiki/1950_Formula_One_season,1371248309,https://en.wikipedia.org/w/index.php?oldid=1371248309,2026-09-28T09:16:56Z
6,6,1950,6,1950-07-02,French Grand Prix,wp48532,Juan Manuel Fangio,no,3,1950 Formula One season,https://en.wikipedia.org/wiki/1950_Formula_One_season,1371248309,https://en.wikipedia.org/w/index.php?oldid=1371248309,2026-09-28T09:16:56Z
7,7,1950,7,1950-09-03,Italian Grand Prix,wp342972,Giuseppe Farina,no,3,1950 Formula One season,https://en.wikipedia.org/wiki/1950_Formula_One_season,1371248309,https://en.wikipedia.org/w/index.php?oldid=1371248309,2026-09-28T09:16:56Z
8,8,1951,1,1951-05-27,Swiss Grand Prix,wp48532,Juan Manuel Fangio,no,4,1951 Formula One season,https://en.wikipedia.org/wiki/1951_Formula_One_season,1370951381,https://en.wikipedia.org/w/index.php?oldid=1370951381,2026-09-28T09:16:57Z
9,9,1951,2,1951-05-30,Indianapolis 500,wp1252126,Lee Wallard,no,1,1951 Formula One season,https://en.wikipedia.org/wiki/1951_Formula_One_season,1370951381,https://en.wikipedia.org/w/index.php?oldid=1370951381,2026-09-28T09:16:57Z
10,10,1951,3,1951-06-17,Belgian Grand Prix,wp342972,Giuseppe Farina,no,4,1951 Formula One season,https://en.wikipedia.org/wiki/1951_Formula_One_season,1370951381,https://en.wikipedia.org/w/index.php?oldid=1370951381,2026-09-28T09:16:57Z
11,11,1951,4,1951-07-01,French Grand Prix,wp48532,Juan Manuel Fangio,yes,5,1951 Formula One season,https://en.wikipedia.org/wiki/1951_Formula_One_season,1370951381,https://en.wikipedia.org/w/index.php?oldid=1370951381,2026-09-28T09:16:57Z
12,11,1951,4,1951-07-01,French Grand Prix,wp1212766,Luigi Fagioli,yes,1,1951 Formula One season,https://en.wikipedia.org/wiki/1951_Formula_One_season,1370951381,https://en.wikipedia.org/w/index.php?oldid=1370951381,2026-09-28T09:16:57Z
13,12,1951,5,1951-07-14,British Grand Prix,wp877639,José Froilán González,no,1,1951 Formula One season,https://en.wikipedia.org/wiki/1951_Formula_One_season,1370951381,https://en.wikipedia.org/w/index.php?oldid=1370951381,2026-09-28T09:16:57Z
14,13,1951,6,1951-07-29,German Grand Prix,wp246121,Alberto Ascari,no,1,1951 Formula One season,https://en.wikipedia.org/wiki/1951_Formula_One_season,1370951381,https://en.wikipedia.org/w/index.php?oldid=1370951381,2026-09-28T09:16:57Z
15,14,1951,7,1951-09-16,Italian Grand Prix,wp246121,Alberto Ascari,no,2,1951 Formula One season,https://en.wikipedia.org/wiki/1951_Formula_One_season,1370951381,https://en.wikipedia.org/w/index.php?oldid=1370951381,2026-09-28T09:16:57Z
16,15,1951,8,1951-10-28,Spanish Grand Prix,wp48532,Juan Manuel Fangio,no,6,1951 Formula One season,https://en.wikipedia.org/wiki/1951_Formula_One_season,1370951381,https://en.wikipedia.org/w/index.php?oldid=1370951381,2026-09-28T09:16:57Z
17,16,1952,1,1952-05-18,Swiss Grand Prix,wp1235869,Piero Taruffi,no,1,1952 Formula One season,https://en.wikipedia.org/wiki/1952_Formula_One_season,1376485602,https://en.wikipedia.org/w/index.php?oldid=1376485602,2026-09-28T09:16:58Z
18,17,1952,2,1952-05-30,Indianapolis 500,wp1235879,Troy Ruttman,no,1,1952 Formula One season,https://en.wikipedia.org/wiki/1952_Formula_One_season,1376485602,https://en.wikipedia.org/w/index.php?oldid=1376485602,2026-09-28T09:16:58Z
19,18,1952,3,1952-06-22,Belgian Grand Prix,wp246121,Alberto Ascari,no,3,1952 Formula One season,https://en.wikipedia.org/wiki/1952_Formula_One_season,1376485602,https://en.wikipedia.org/w/index.php?oldid=1376485602,2026-09-28T09:16:58Z
20,19,1952,4,1952-07-06,French Grand Prix,wp246121,Alberto Ascari,no,4,1952 Formula One season,https://en.wikipedia.org/wiki/1952_Formula_One_season,1376485602,https://en.wikipedia.org/w/index.php?oldid=1376485602,2026-09-28T09:16:58Z
21,20,1952,5,1952-07-19,British Grand Prix,wp246121,Alberto Ascari,no,5,1952 Formula One season,https://en.wikipedia.org/wiki/1952_Formula_One_season,1376485602,https://en.wikipedia.org/w/index.php?oldid=1376485602,2026-09-28T09:16:58Z
22,21,1952,6,1952-08-03,German Grand Prix,wp246121,Alberto Ascari,no,6,1952 Formula One season,https://en.wikipedia.org/wiki/1952_Formula_One_season,1376485602,https://en.wikipedia.org/w/index.php?oldid=1376485602,2026-09-28T09:16:58Z
23,22,1952,7,1952-08-17,Dutch Grand Prix,wp246121,Alberto Ascari,no,7,1952 Formula One season,https://en.wikipedia.org/wiki/1952_Formula_One_season,1376485602,https://en.wikipedia.org/w/index.php?oldid=1376485602,2026-09-28T09:16:58Z
24,23,1952,8,1952-09-07,Italian Grand Prix,wp246121,Alberto Ascari,no,8,1952 Formula One season,https://en.wikipedia.org/wiki/1952_Formula_One_season,1376485602,https://en.wikipedia.org/w/index.php?oldid=1376485602,2026-09-28T09:16:58Z
25,24,1953,1,1953-01-18,Argentine Grand Prix,wp246121,Alberto Ascari,no,9,1953 Formula One season,https://en.wikipedia.org/wiki/1953_Formula_One_season,1370951539,https://en.wikipedia.org/w/index.php?oldid=1370951539,2026-09-28T09:16:59Z
26,25,1953,2,1953-05-30,Indianapolis 500,wp1251950,Bill Vukovich,no,1,1953 Formula One season,https://en.wikipedia.org/wiki/1953_Formula_One_season,1370951539,https://en.wikipedia.org/w/index.php?oldid=1370951539,2026-09-28T09:16:59Z
27,26,1953,3,1953-06-07,Dutch Grand Prix,wp246121,Alberto Ascari,no,10,1953 Formula One season,https://en.wikipedia.org/wiki/1953_Formula_One_season,1370951539,https://en.wikipedia.org/w/index.php?oldid=1370951539,2026-09-28T09:16:59Z
28,27,1953,4,1953-06-21,Belgian Grand Prix,wp246121,Alberto Ascari,no,11,1953 Formula One season,https://en.wikipedia.org/wiki/1953_Formula_One_season,1370951539,https://en.wikipedia.org/w/index.php?oldid=1370951539,2026-09-28T09:16:59Z
29,28,1953,5,1953-07-05,French Grand Prix,wp128171,Mike Hawthorn,no,1,1953 Formula One season,https://en.wikipedia.org/wiki/1953_Formula_One_season,1370951539,https://en.wikipedia.org/w/index.php?oldid=1370951539,2026-09-28T09:16:59Z
30,29,1953,6,1953-07-18,British Grand Prix,wp246121,Alberto Ascari,no,12,1953 Formula One season,https://en.wikipedia.org/wiki/1953_Formula_One_season,1370951539,https://en.wikipedia.org/w/index.php?oldid=1370951539,2026-09-28T09:16:59Z
31,30,1953,7,1953-08-02,German Grand Prix,wp342972,Giuseppe Farina,no,5,1953 Formula One season,https://en.wikipedia.org/wiki/1953_Formula_One_season,1370951539,https://en.wikipedia.org/w/index.php?oldid=1370951539,2026-09-28T09:16:59Z
32,31,1953,8,1953-08-23,Swiss Grand Prix,wp246121,Alberto Ascari,no,13,1953 Formula One season,https://en.wikipedia.org/wiki/1953_Formula_One_season,1370951539,https://en.wikipedia.org/w/index.php?oldid=1370951539,2026-09-28T09:16:59Z
33,32,1953,9,1953-09-13,Italian Grand Prix,wp48532,Juan Manuel Fangio,no,7,1953 Formula One season,https://en.wikipedia.org/wiki/1953_Formula_One_season,1370951539,https://en.wikipedia.org/w/index.php?oldid=1370951539,2026-09-28T09:16:59Z
34,33,1954,1,1954-01-17,Argentine Grand Prix,wp48532,Juan Manuel Fangio,no,8,1954 Formula One season,https://en.wikipedia.org/wiki/1954_Formula_One_season,1370910293,https://en.wikipedia.org/w/index.php?oldid=1370910293,2026-09-28T09:17:00Z
35,34,1954,2,1954-05-31,Indianapolis 500,wp1251950,Bill Vukovich,no,2,1954 Formula One season,https://en.wikipedia.org/wiki/1954_Formula_One_season,1370910293,https://en.wikipedia.org/w/index.php?oldid=1370910293,2026-09-28T09:17:00Z
36,35,1954,3,1954-06-20,Belgian Grand Prix,wp48532,Juan Manuel Fangio,no,9,1954 Formula One season,https://en.wikipedia.org/wiki/1954_Formula_One_season,1370910293,https://en.wikipedia.org/w/index.php?oldid=1370910293,2026-09-28T09:17:00Z
37,36,1954,4,1954-07-04,French Grand Prix,wp48532,Juan Manuel Fangio,no,10,1954 Formula One season,https://en.wikipedia.org/wiki/1954_Formula_One_season,1370910293,https://en.wikipedia.org/w/index.php?oldid=1370910293,2026-09-28T09:17:00Z
38,37,1954,5,1954-07-17,British Grand Prix,wp877639,José Froilán González,no,2,1954 Formula One season,https://en.wikipedia.org/wiki/1954_Formula_One_season,1370910293,https://en.wikipedia.org/w/index.php?oldid=1370910293,2026-09-28T09:17:00Z
39,38,1954,6,1954-08-01,German Grand Prix,wp48532,Juan Manuel Fangio,no,11,1954 Formula One season,https://en.wikipedia.org/wiki/1954_Formula_One_season,1370910293,https://en.wikipedia.org/w/index.php?oldid=1370910293,2026-09-28T09:17:00Z
40,39,1954,7,1954-08-22,Swiss Grand Prix,wp48532,Juan Manuel Fangio,no,12,1954 Formula One season,https://en.wikipedia.org/wiki/1954_Formula_One_season,1370910293,https://en.wikipedia.org/w/index.php?oldid=1370910293,2026-09-28T09:17:00Z
41,40,1954,8,1954-09-05,Italian Grand Prix,wp48532,Juan Manuel Fangio,no,13,1954 Formula One season,https://en.wikipedia.org/wiki/1954_Formula_One_season,1370910293,https://en.wikipedia.org/w/index.php?oldid=1370910293,2026-09-28T09:17:00Z
42,41,1954,9,1954-10-24,Spanish Grand Prix,wp128171,Mike Hawthorn,no,2,1954 Formula One season,https://en.wikipedia.org/wiki/1954_Formula_One_season,1370910293,https://en.wikipedia.org/w/index.php?oldid=1370910293,2026-09-28T09:17:00Z
43,42,1955,1,1955-01-16,Argentine Grand Prix,wp48532,Juan Manuel Fangio,no,14,1955 Formula One season,https://en.wikipedia.org/wiki/1955_Formula_One_season,1376998541,https://en.wikipedia.org/w/index.php?oldid=1376998541,2026-09-28T09:17:03Z
44,43,1955,2,1955-05-22,Monaco Grand Prix,wp423739,Maurice Trintignant,no,1,1955 Formula One season,https://en.wikipedia.org/wiki/1955_Formula_One_season,1376998541,https://en.wikipedia.org/w/index.php?oldid=1376998541,2026-09-28T09:17:03Z
45,44,1955,3,1955-05-30,Indianapolis 500,wp1251973,Bob Sweikert,no,1,1955 Formula One season,https://en.wikipedia.org/wiki/1955_Formula_One_season,1376998541,https://en.wikipedia.org/w/index.php?oldid=1376998541,2026-09-28T09:17:03Z
46,45,1955,4,1955-06-05,Belgian Grand Prix,wp48532,Juan Manuel Fangio,no,15,1955 Formula One season,https://en.wikipedia.org/wiki/1955_Formula_One_season,1376998541,https://en.wikipedia.org/w/index.php?oldid=1376998541,2026-09-28T09:17:03Z
47,46,1955,5,1955-06-19,Dutch Grand Prix,wp48532,Juan Manuel Fangio,no,16,1955 Formula One season,https://en.wikipedia.org/wiki/1955_Formula_One_season,1376998541,https://en.wikipedia.org/w/index.php?oldid=1376998541,2026-09-28T09:17:03Z
48,47,1955,6,1955-07-16,British Grand Prix,wp247310,Stirling Moss,no,1,1955 Formula One season,https://en.wikipedia.org/wiki/1955_Formula_One_season,1376998541,https://en.wikipedia.org/w/index.php?oldid=1376998541,2026-09-28T09:17:03Z
49,48,1955,7,1955-09-11,Italian Grand Prix,wp48532,Juan Manuel Fangio,no,17,1955 Formula One season,https://en.wikipedia.org/wiki/1955_Formula_One_season,1376998541,https://en.wikipedia.org/w/index.php?oldid=1376998541,2026-09-28T09:17:03Z
50,49,1956,1,1956-01-22,Argentine Grand Prix,wp1226494,Luigi Musso,yes,1,1956 Formula One season,https://en.wikipedia.org/wiki/1956_Formula_One_season,1373791054,https://en.wikipedia.org/w/index.php?oldid=1373791054,2026-09-28T09:17:04Z
51,49,1956,1,1956-01-22,Argentine Grand Prix,wp48532,Juan Manuel Fangio,yes,18,1956 Formula One season,https://en.wikipedia.org/wiki/1956_Formula_One_season,1373791054,https://en.wikipedia.org/w/index.php?oldid=1373791054,2026-09-28T09:17:04Z
52,50,1956,2,1956-05-13,Monaco Grand Prix,wp247310,Stirling Moss,no,2,1956 Formula One season,https://en.wikipedia.org/wiki/1956_Formula_One_season,1373791054,https://en.wikipedia.org/w/index.php?oldid=1373791054,2026-09-28T09:17:04Z
53,51,1956,3,1956-05-30,Indianapolis 500,wp1252141,Pat Flaherty,no,1,1956 Formula One season,https://en.wikipedia.org/wiki/1956_Formula_One_season,1373791054,https://en.wikipedia.org/w/index.php?oldid=1373791054,2026-09-28T09:17:04Z
54,52,1956,4,1956-06-03,Belgian Grand Prix,wp1226514,Peter Collins,no,1,1956 Formula One season,https://en.wikipedia.org/wiki/1956_Formula_One_season,1373791054,https://en.wikipedia.org/w/index.php?oldid=1373791054,2026-09-28T09:17:04Z
55,53,1956,5,1956-07-01,French Grand Prix,wp1226514,Peter Collins,no,2,1956 Formula One season,https://en.wikipedia.org/wiki/1956_Formula_One_season,1373791054,https://en.wikipedia.org/w/index.php?oldid=1373791054,2026-09-28T09:17:04Z
56,54,1956,6,1956-07-14,British Grand Prix,wp48532,Juan Manuel Fangio,no,19,1956 Formula One season,https://en.wikipedia.org/wiki/1956_Formula_One_season,1373791054,https://en.wikipedia.org/w/index.php?oldid=1373791054,2026-09-28T09:17:04Z
57,55,1956,7,1956-08-05,German Grand Prix,wp48532,Juan Manuel Fangio,no,20,1956 Formula One season,https://en.wikipedia.org/wiki/1956_Formula_One_season,1373791054,https://en.wikipedia.org/w/index.php?oldid=1373791054,2026-09-28T09:17:04Z
58,56,1956,8,1956-09-02,Italian Grand Prix,wp247310,Stirling Moss,no,3,1956 Formula One season,https://en.wikipedia.org/wiki/1956_Formula_One_season,1373791054,https://en.wikipedia.org/w/index.php?oldid=1373791054,2026-09-28T09:17:04Z
59,57,1957,1,1957-01-13,Argentine Grand Prix,wp48532,Juan Manuel Fangio,no,21,1957 Formula One season,https://en.wikipedia.org/wiki/1957_Formula_One_season,1373794853,https://en.wikipedia.org/w/index.php?oldid=1373794853,2026-09-28T09:17:05Z
60,58,1957,2,1957-05-19,Monaco Grand Prix,wp48532,Juan Manuel Fangio,no,22,1957 Formula One season,https://en.wikipedia.org/wiki/1957_Formula_One_season,1373794853,https://en.wikipedia.org/w/index.php?oldid=1373794853,2026-09-28T09:17:05Z
61,59,1957,3,1957-05-30,Indianapolis 500,wp1252148,Sam Hanks,no,1,1957 Formula One season,https://en.wikipedia.org/wiki/1957_Formula_One_season,1373794853,https://en.wikipedia.org/w/index.php?oldid=1373794853,2026-09-28T09:17:05Z
62,60,1957,4,1957-07-07,French Grand Prix,wp48532,Juan Manuel Fangio,no,23,1957 Formula One season,https://en.wikipedia.org/wiki/1957_Formula_One_season,1373794853,https://en.wikipedia.org/w/index.php?oldid=1373794853,2026-09-28T09:17:05Z
63,61,1957,5,1957-07-20,British Grand Prix,wp1226571,Tony Brooks,yes,1,1957 Formula One season,https://en.wikipedia.org/wiki/1957_Formula_One_season,1373794853,https://en.wikipedia.org/w/index.php?oldid=1373794853,2026-09-28T09:17:05Z
64,61,1957,5,1957-07-20,British Grand Prix,wp247310,Stirling Moss,yes,4,1957 Formula One season,https://en.wikipedia.org/wiki/1957_Formula_One_season,1373794853,https://en.wikipedia.org/w/index.php?oldid=1373794853,2026-09-28T09:17:05Z
65,62,1957,6,1957-08-04,German Grand Prix,wp48532,Juan Manuel Fangio,no,24,1957 Formula One season,https://en.wikipedia.org/wiki/1957_Formula_One_season,1373794853,https://en.wikipedia.org/w/index.php?oldid=1373794853,2026-09-28T09:17:05Z
66,63,1957,7,1957-08-18,Pescara Grand Prix,wp247310,Stirling Moss,no,5,1957 Formula One season,https://en.wikipedia.org/wiki/1957_Formula_One_season,1373794853,https://en.wikipedia.org/w/index.php?oldid=1373794853,2026-09-28T09:17:05Z
67,64,1957,8,1957-09-08,Italian Grand Prix,wp247310,Stirling Moss,no,6,1957 Formula One season,https://en.wikipedia.org/wiki/1957_Formula_One_season,1373794853,https://en.wikipedia.org/w/index.php?oldid=1373794853,2026-09-28T09:17:05Z
68,65,1958,1,1958-01-19,Argentine Grand Prix,wp247310,Stirling Moss,no,7,1958 Formula One season,https://en.wikipedia.org/wiki/1958_Formula_One_season,1373795186,https://en.wikipedia.org/w/index.php?oldid=1373795186,2026-09-28T09:17:05Z
69,66,1958,2,1958-05-18,Monaco Grand Prix,wp423739,Maurice Trintignant,no,2,1958 Formula One season,https://en.wikipedia.org/wiki/1958_Formula_One_season,1373795186,https://en.wikipedia.org/w/index.php?oldid=1373795186,2026-09-28T09:17:05Z
70,67,1958,3,1958-05-26,Dutch Grand Prix,wp247310,Stirling Moss,no,8,1958 Formula One season,https://en.wikipedia.org/wiki/1958_Formula_One_season,1373795186,https://en.wikipedia.org/w/index.php?oldid=1373795186,2026-09-28T09:17:05Z
71,68,1958,4,1958-05-30,Indianapolis 500,wp1252110,Jimmy Bryan,no,1,1958 Formula One season,https://en.wikipedia.org/wiki/1958_Formula_One_season,1373795186,https://en.wikipedia.org/w/index.php?oldid=1373795186,2026-09-28T09:17:05Z
72,69,1958,5,1958-06-15,Belgian Grand Prix,wp1226571,Tony Brooks,no,2,1958 Formula One season,https://en.wikipedia.org/wiki/1958_Formula_One_season,1373795186,https://en.wikipedia.org/w/index.php?oldid=1373795186,2026-09-28T09:17:05Z
73,70,1958,6,1958-07-06,French Grand Prix,wp128171,Mike Hawthorn,no,3,1958 Formula One season,https://en.wikipedia.org/wiki/1958_Formula_One_season,1373795186,https://en.wikipedia.org/w/index.php?oldid=1373795186,2026-09-28T09:17:05Z
74,71,1958,7,1958-07-19,British Grand Prix,wp1226514,Peter Collins,no,3,1958 Formula One season,https://en.wikipedia.org/wiki/1958_Formula_One_season,1373795186,https://en.wikipedia.org/w/index.php?oldid=1373795186,2026-09-28T09:17:05Z
75,72,1958,8,1958-08-03,German Grand Prix,wp1226571,Tony Brooks,no,3,1958 Formula One season,https://en.wikipedia.org/wiki/1958_Formula_One_season,1373795186,https://en.wikipedia.org/w/index.php?oldid=1373795186,2026-09-28T09:17:05Z
76,73,1958,9,1958-08-24,Portuguese Grand Prix,wp247310,Stirling Moss,no,9,1958 Formula One season,https://en.wikipedia.org/wiki/1958_Formula_One_season,1373795186,https://en.wikipedia.org/w/index.php?oldid=1373795186,2026-09-28T09:17:05Z
77,74,1958,10,1958-09-07,Italian Grand Prix,wp1226571,Tony Brooks,no,4,1958 Formula One season,https://en.wikipedia.org/wiki/1958_Formula_One_season,1373795186,https://en.wikipedia.org/w/index.php?oldid=1373795186,2026-09-28T09:17:05Z
78,75,1958,11,1958-10-19,Moroccan Grand Prix,wp247310,Stirling Moss,no,10,1958 Formula One season,https://en.wikipedia.org/wiki/1958_Formula_One_season,1373795186,https://en.wikipedia.org/w/index.php?oldid=1373795186,2026-09-28T09:17:05Z
79,76,1959,1,1959-05-10,Monaco Grand Prix,wp16564,Jack Brabham,no,1,1959 Formula One season,https://en.wikipedia.org/wiki/1959_Formula_One_season,1370910364,https://en.wikipedia.org/w/index.php?oldid=1370910364,2026-09-28T09:17:06Z
80,77,1959,2,1959-05-30,Indianapolis 500,wp786743,Rodger Ward,no,1,1959 Formula One season,https://en.wikipedia.org/wiki/1959_Formula_One_season,1370910364,https://en.wikipedia.org/w/index.php?oldid=1370910364,2026-09-28T09:17:06Z
81,78,1959,3,1959-05-31,Dutch Grand Prix,wp1152185,Jo Bonnier,no,1,1959 Formula One season,https://en.wikipedia.org/wiki/1959_Formula_One_season,1370910364,https://en.wikipedia.org/w/index.php?oldid=1370910364,2026-09-28T09:17:06Z
82,79,1959,4,1959-07-05,French Grand Prix,wp1226571,Tony Brooks,no,5,1959 Formula One season,https://en.wikipedia.org/wiki/1959_Formula_One_season,1370910364,https://en.wikipedia.org/w/index.php?oldid=1370910364,2026-09-28T09:17:06Z
83,80,1959,5,1959-07-18,British Grand Prix,wp16564,Jack Brabham,no,2,1959 Formula One season,https://en.wikipedia.org/wiki/1959_Formula_One_season,1370910364,https://en.wikipedia.org/w/index.php?oldid=1370910364,2026-09-28T09:17:06Z
84,81,1959,6,1959-08-02,German Grand Prix,wp1226571,Tony Brooks,no,6,1959 Formula One season,https://en.wikipedia.org/wiki/1959_Formula_One_season,1370910364,https://en.wikipedia.org/w/index.php?oldid=1370910364,2026-09-28T09:17:06Z
85,82,1959,7,1959-08-23,Portuguese Grand Prix,wp247310,Stirling Moss,no,11,1959 Formula One season,https://en.wikipedia.org/wiki/1959_Formula_One_season,1370910364,https://en.wikipedia.org/w/index.php?oldid=1370910364,2026-09-28T09:17:06Z
86,83,1959,8,1959-09-13,Italian Grand Prix,wp247310,Stirling Moss,no,12,1959 Formula One season,https://en.wikipedia.org/wiki/1959_Formula_One_season,1370910364,https://en.wikipedia.org/w/index.php?oldid=1370910364,2026-09-28T09:17:06Z
87,84,1959,9,1959-12-12,United States Grand Prix,wp475903,Bruce McLaren,no,1,1959 Formula One season,https://en.wikipedia.org/wiki/1959_Formula_One_season,1370910364,https://en.wikipedia.org/w/index.php?oldid=1370910364,2026-09-28T09:17:06Z
88,85,1960,1,1960-02-07,Argentine Grand Prix,wp475903,Bruce McLaren,no,2,1960 Formula One season,https://en.wikipedia.org/wiki/1960_Formula_One_season,1370951701,https://en.wikipedia.org/w/index.php?oldid=1370951701,2026-09-28T09:17:07Z
89,86,1960,2,1960-05-29,Monaco Grand Prix,wp247310,Stirling Moss,no,13,1960 Formula One season,https://en.wikipedia.org/wiki/1960_Formula_One_season,1370951701,https://en.wikipedia.org/w/index.php?oldid=1370951701,2026-09-28T09:17:07Z
90,87,1960,3,1960-05-30,Indianapolis 500,wp1252109,Jim Rathmann,no,1,1960 Formula One season,https://en.wikipedia.org/wiki/1960_Formula_One_season,1370951701,https://en.wikipedia.org/w/index.php?oldid=1370951701,2026-09-28T09:17:07Z
91,88,1960,4,1960-06-06,Dutch Grand Prix,wp16564,Jack Brabham,no,3,1960 Formula One season,https://en.wikipedia.org/wiki/1960_Formula_One_season,1370951701,https://en.wikipedia.org/w/index.php?oldid=1370951701,2026-09-28T09:17:07Z
92,89,1960,5,1960-06-19,Belgian Grand Prix,wp16564,Jack Brabham,no,4,1960 Formula One season,https://en.wikipedia.org/wiki/1960_Formula_One_season,1370951701,https://en.wikipedia.org/w/index.php?oldid=1370951701,2026-09-28T09:17:07Z
93,90,1960,6,1960-07-03,French Grand Prix,wp16564,Jack Brabham,no,5,1960 Formula One season,https://en.wikipedia.org/wiki/1960_Formula_One_season,1370951701,https://en.wikipedia.org/w/index.php?oldid=1370951701,2026-09-28T09:17:07Z
94,91,1960,7,1960-07-16,British Grand Prix,wp16564,Jack Brabham,no,6,1960 Formula One season,https://en.wikipedia.org/wiki/1960_Formula_One_season,1370951701,https://en.wikipedia.org/w/index.php?oldid=1370951701,2026-09-28T09:17:07Z
95,92,1960,8,1960-08-14,Portuguese Grand Prix,wp16564,Jack Brabham,no,7,1960 Formula One season,https://en.wikipedia.org/wiki/1960_Formula_One_season,1370951701,https://en.wikipedia.org/w/index.php?oldid=1370951701,2026-09-28T09:17:07Z
96,93,1960,9,1960-09-04,Italian Grand Prix,wp341545,Phil Hill,no,1,1960 Formula One season,https://en.wikipedia.org/wiki/1960_Formula_One_season,1370951701,https://en.wikipedia.org/w/index.php?oldid=1370951701,2026-09-28T09:17:07Z
97,94,1960,10,1960-11-20,United States Grand Prix,wp247310,Stirling Moss,no,14,1960 Formula One season,https://en.wikipedia.org/wiki/1960_Formula_One_season,1370951701,https://en.wikipedia.org/w/index.php?oldid=1370951701,2026-09-28T09:17:07Z
98,95,1961,1,1961-05-14,Monaco Grand Prix,wp247310,Stirling Moss,no,15,1961 Formula One season,https://en.wikipedia.org/wiki/1961_Formula_One_season,1370951708,https://en.wikipedia.org/w/index.php?oldid=1370951708,2026-09-28T09:17:08Z
99,96,1961,2,1961-05-22,Dutch Grand Prix,wp1226439,Wolfgang von Trips,no,1,1961 Formula One season,https://en.wikipedia.org/wiki/1961_Formula_One_season,1370951708,https://en.wikipedia.org/w/index.php?oldid=1370951708,2026-09-28T09:17:08Z
100,97,1961,3,1961-06-18,Belgian Grand Prix,wp341545,Phil Hill,no,2,1961 Formula One season,https://en.wikipedia.org/wiki/1961_Formula_One_season,1370951708,https://en.wikipedia.org/w/index.php?oldid=1370951708,2026-09-28T09:17:08Z
101,98,1961,4,1961-07-02,French Grand Prix,wp1228416,Giancarlo Baghetti,no,1,1961 Formula One season,https://en.wikipedia.org/wiki/1961_Formula_One_season,1370951708,https://en.wikipedia.org/w/index.php?oldid=1370951708,2026-09-28T09:17:08Z
102,99,1961,5,1961-07-15,British Grand Prix,wp1226439,Wolfgang von Trips,no,2,1961 Formula One season,https://en.wikipedia.org/wiki/1961_Formula_One_season,1370951708,https://en.wikipedia.org/w/index.php?oldid=1370951708,2026-09-28T09:17:08Z
103,100,1961,6,1961-08-06,German Grand Prix,wp247310,Stirling Moss,no,16,1961 Formula One season,https://en.wikipedia.org/wiki/1961_Formula_One_season,1370951708,https://en.wikipedia.org/w/index.php?oldid=1370951708,2026-09-28T09:17:08Z
104,101,1961,7,1961-09-10,Italian Grand Prix,wp341545,Phil Hill,no,3,1961 Formula One season,https://en.wikipedia.org/wiki/1961_Formula_One_season,1370951708,https://en.wikipedia.org/w/index.php?oldid=1370951708,2026-09-28T09:17:08Z
105,102,1961,8,1961-10-08,United States Grand Prix,wp602101,Innes Ireland,no,1,1961 Formula One season,https://en.wikipedia.org/wiki/1961_Formula_One_season,1370951708,https://en.wikipedia.org/w/index.php?oldid=1370951708,2026-09-28T09:17:08Z
106,103,1962,1,1962-05-20,Dutch Grand Prix,wp246186,Graham Hill,no,1,1962 Formula One season,https://en.wikipedia.org/wiki/1962_Formula_One_season,1370951727,https://en.wikipedia.org/w/index.php?oldid=1370951727,2026-09-28T09:17:09Z
107,104,1962,2,1962-06-03,Monaco Grand Prix,wp475903,Bruce McLaren,no,3,1962 Formula One season,https://en.wikipedia.org/wiki/1962_Formula_One_season,1370951727,https://en.wikipedia.org/w/index.php?oldid=1370951727,2026-09-28T09:17:09Z
108,105,1962,3,1962-06-17,Belgian Grand Prix,wp181892,Jim Clark,no,1,1962 Formula One season,https://en.wikipedia.org/wiki/1962_Formula_One_season,1370951727,https://en.wikipedia.org/w/index.php?oldid=1370951727,2026-09-28T09:17:09Z
109,106,1962,4,1962-07-08,French Grand Prix,wp554522,Dan Gurney,no,1,1962 Formula One season,https://en.wikipedia.org/wiki/1962_Formula_One_season,1370951727,https://en.wikipedia.org/w/index.php?oldid=1370951727,2026-09-28T09:17:09Z
110,107,1962,5,1962-07-21,British Grand Prix,wp181892,Jim Clark,no,2,1962 Formula One season,https://en.wikipedia.org/wiki/1962_Formula_One_season,1370951727,https://en.wikipedia.org/w/index.php?oldid=1370951727,2026-09-28T09:17:09Z
111,108,1962,6,1962-08-05,German Grand Prix,wp246186,Graham Hill,no,2,1962 Formula One season,https://en.wikipedia.org/wiki/1962_Formula_One_season,1370951727,https://en.wikipedia.org/w/index.php?oldid=1370951727,2026-09-28T09:17:09Z
112,109,1962,7,1962-09-16,Italian Grand Prix,wp246186,Graham Hill,no,3,1962 Formula One season,https://en.wikipedia.org/wiki/1962_Formula_One_season,1370951727,https://en.wikipedia.org/w/index.php?oldid=1370951727,2026-09-28T09:17:09Z
113,110,1962,8,1962-10-07,United States Grand Prix,wp181892,Jim Clark,no,3,1962 Formula One season,https://en.wikipedia.org/wiki/1962_Formula_One_season,1370951727,https://en.wikipedia.org/w/index.php?oldid=1370951727,2026-09-28T09:17:09Z
114,111,1962,9,1962-12-29,South African Grand Prix,wp246186,Graham Hill,no,4,1962 Formula One season,https://en.wikipedia.org/wiki/1962_Formula_One_season,1370951727,https://en.wikipedia.org/w/index.php?oldid=1370951727,2026-09-28T09:17:09Z
115,112,1963,1,1963-05-26,Monaco Grand Prix,wp246186,Graham Hill,no,5,1963 Formula One season,https://en.wikipedia.org/wiki/1963_Formula_One_season,1370951737,https://en.wikipedia.org/w/index.php?oldid=1370951737,2026-09-28T09:17:10Z
116,113,1963,2,1963-06-09,Belgian Grand Prix,wp181892,Jim Clark,no,4,1963 Formula One season,https://en.wikipedia.org/wiki/1963_Formula_One_season,1370951737,https://en.wikipedia.org/w/index.php?oldid=1370951737,2026-09-28T09:17:10Z
117,114,1963,3,1963-06-23,Dutch Grand Prix,wp181892,Jim Clark,no,5,1963 Formula One season,https://en.wikipedia.org/wiki/1963_Formula_One_season,1370951737,https://en.wikipedia.org/w/index.php?oldid=1370951737,2026-09-28T09:17:10Z
118,115,1963,4,1963-06-30,French Grand Prix,wp181892,Jim Clark,no,6,1963 Formula One season,https://en.wikipedia.org/wiki/1963_Formula_One_season,1370951737,https://en.wikipedia.org/w/index.php?oldid=1370951737,2026-09-28T09:17:10Z
119,116,1963,5,1963-07-20,British Grand Prix,wp181892,Jim Clark,no,7,1963 Formula One season,https://en.wikipedia.org/wiki/1963_Formula_One_season,1370951737,https://en.wikipedia.org/w/index.php?oldid=1370951737,2026-09-28T09:17:10Z
120,117,1963,6,1963-08-04,German Grand Prix,wp215196,John Surtees,no,1,1963 Formula One season,https://en.wikipedia.org/wiki/1963_Formula_One_season,1370951737,https://en.wikipedia.org/w/index.php?oldid=1370951737,2026-09-28T09:17:10Z
121,118,1963,7,1963-09-08,Italian Grand Prix,wp181892,Jim Clark,no,8,1963 Formula One season,https://en.wikipedia.org/wiki/1963_Formula_One_season,1370951737,https://en.wikipedia.org/w/index.php?oldid=1370951737,2026-09-28T09:17:10Z
122,119,1963,8,1963-10-06,United States Grand Prix,wp246186,Graham Hill,no,6,1963 Formula One season,https://en.wikipedia.org/wiki/1963_Formula_One_season,1370951737,https://en.wikipedia.org/w/index.php?oldid=1370951737,2026-09-28T09:17:10Z
123,120,1963,9,1963-10-27,Mexican Grand Prix,wp181892,Jim Clark,no,9,1963 Formula One season,https://en.wikipedia.org/wiki/1963_Formula_One_season,1370951737,https://en.wikipedia.org/w/index.php?oldid=1370951737,2026-09-28T09:17:10Z
124,121,1963,10,1963-12-28,South African Grand Prix,wp181892,Jim Clark,no,10,1963 Formula One season,https://en.wikipedia.org/wiki/1963_Formula_One_season,1370951737,https://en.wikipedia.org/w/index.php?oldid=1370951737,2026-09-28T09:17:10Z
125,122,1964,1,1964-05-10,Monaco Grand Prix,wp246186,Graham Hill,no,7,1964 Formula One season,https://en.wikipedia.org/wiki/1964_Formula_One_season,1370951747,https://en.wikipedia.org/w/index.php?oldid=1370951747,2026-09-28T09:17:11Z
126,123,1964,2,1964-05-24,Dutch Grand Prix,wp181892,Jim Clark,no,11,1964 Formula One season,https://en.wikipedia.org/wiki/1964_Formula_One_season,1370951747,https://en.wikipedia.org/w/index.php?oldid=1370951747,2026-09-28T09:17:11Z
127,124,1964,3,1964-06-14,Belgian Grand Prix,wp181892,Jim Clark,no,12,1964 Formula One season,https://en.wikipedia.org/wiki/1964_Formula_One_season,1370951747,https://en.wikipedia.org/w/index.php?oldid=1370951747,2026-09-28T09:17:11Z
128,125,1964,4,1964-06-28,French Grand Prix,wp554522,Dan Gurney,no,2,1964 Formula One season,https://en.wikipedia.org/wiki/1964_Formula_One_season,1370951747,https://en.wikipedia.org/w/index.php?oldid=1370951747,2026-09-28T09:17:11Z
129,126,1964,5,1964-07-11,British Grand Prix,wp181892,Jim Clark,no,13,1964 Formula One season,https://en.wikipedia.org/wiki/1964_Formula_One_season,1370951747,https://en.wikipedia.org/w/index.php?oldid=1370951747,2026-09-28T09:17:11Z
130,127,1964,6,1964-08-02,German Grand Prix,wp215196,John Surtees,no,2,1964 Formula One season,https://en.wikipedia.org/wiki/1964_Formula_One_season,1370951747,https://en.wikipedia.org/w/index.php?oldid=1370951747,2026-09-28T09:17:11Z
131,128,1964,7,1964-08-23,Austrian Grand Prix,wp1226484,Lorenzo Bandini,no,1,1964 Formula One season,https://en.wikipedia.org/wiki/1964_Formula_One_season,1370951747,https://en.wikipedia.org/w/index.php?oldid=1370951747,2026-09-28T09:17:11Z
132,129,1964,8,1964-09-06,Italian Grand Prix,wp215196,John Surtees,no,3,1964 Formula One season,https://en.wikipedia.org/wiki/1964_Formula_One_season,1370951747,https://en.wikipedia.org/w/index.php?oldid=1370951747,2026-09-28T09:17:11Z
133,130,1964,9,1964-10-04,United States Grand Prix,wp246186,Graham Hill,no,8,1964 Formula One season,https://en.wikipedia.org/wiki/1964_Formula_One_season,1370951747,https://en.wikipedia.org/w/index.php?oldid=1370951747,2026-09-28T09:17:11Z
134,131,1964,10,1964-10-25,Mexican Grand Prix,wp554522,Dan Gurney,no,3,1964 Formula One season,https://en.wikipedia.org/wiki/1964_Formula_One_season,1370951747,https://en.wikipedia.org/w/index.php?oldid=1370951747,2026-09-28T09:17:11Z
135,132,1965,1,1965-01-01,South African Grand Prix,wp181892,Jim Clark,no,14,1965 Formula One season,https://en.wikipedia.org/wiki/1965_Formula_One_season,1370951769,https://en.wikipedia.org/w/index.php?oldid=1370951769,2026-09-28T09:17:12Z
136,133,1965,2,1965-05-30,Monaco Grand Prix,wp246186,Graham Hill,no,9,1965 Formula One season,https://en.wikipedia.org/wiki/1965_Formula_One_season,1370951769,https://en.wikipedia.org/w/index.php?oldid=1370951769,2026-09-28T09:17:12Z
137,134,1965,3,1965-06-13,Belgian Grand Prix,wp181892,Jim Clark,no,15,1965 Formula One season,https://en.wikipedia.org/wiki/1965_Formula_One_season,1370951769,https://en.wikipedia.org/w/index.php?oldid=1370951769,2026-09-28T09:17:12Z
138,135,1965,4,1965-06-27,French Grand Prix,wp181892,Jim Clark,no,16,1965 Formula One season,https://en.wikipedia.org/wiki/1965_Formula_One_season,1370951769,https://en.wikipedia.org/w/index.php?oldid=1370951769,2026-09-28T09:17:12Z
139,136,1965,5,1965-07-10,British Grand Prix,wp181892,Jim Clark,no,17,1965 Formula One season,https://en.wikipedia.org/wiki/1965_Formula_One_season,1370951769,https://en.wikipedia.org/w/index.php?oldid=1370951769,2026-09-28T09:17:12Z
140,137,1965,6,1965-07-18,Dutch Grand Prix,wp181892,Jim Clark,no,18,1965 Formula One season,https://en.wikipedia.org/wiki/1965_Formula_One_season,1370951769,https://en.wikipedia.org/w/index.php?oldid=1370951769,2026-09-28T09:17:12Z
141,138,1965,7,1965-08-01,German Grand Prix,wp181892,Jim Clark,no,19,1965 Formula One season,https://en.wikipedia.org/wiki/1965_Formula_One_season,1370951769,https://en.wikipedia.org/w/index.php?oldid=1370951769,2026-09-28T09:17:12Z
142,139,1965,8,1965-09-12,Italian Grand Prix,wp294240,Jackie Stewart,no,1,1965 Formula One season,https://en.wikipedia.org/wiki/1965_Formula_One_season,1370951769,https://en.wikipedia.org/w/index.php?oldid=1370951769,2026-09-28T09:17:12Z
143,140,1965,9,1965-10-03,United States Grand Prix,wp246186,Graham Hill,no,10,1965 Formula One season,https://en.wikipedia.org/wiki/1965_Formula_One_season,1370951769,https://en.wikipedia.org/w/index.php?oldid=1370951769,2026-09-28T09:17:12Z
144,141,1965,10,1965-10-24,Mexican Grand Prix,wp1226546,Richie Ginther,no,1,1965 Formula One season,https://en.wikipedia.org/wiki/1965_Formula_One_season,1370951769,https://en.wikipedia.org/w/index.php?oldid=1370951769,2026-09-28T09:17:12Z
145,142,1966,1,1966-05-22,Monaco Grand Prix,wp294240,Jackie Stewart,no,2,1966 Formula One season,https://en.wikipedia.org/wiki/1966_Formula_One_season,1370951785,https://en.wikipedia.org/w/index.php?oldid=1370951785,2026-09-28T09:17:15Z
146,143,1966,2,1966-06-12,Belgian Grand Prix,wp215196,John Surtees,no,4,1966 Formula One season,https://en.wikipedia.org/wiki/1966_Formula_One_season,1370951785,https://en.wikipedia.org/w/index.php?oldid=1370951785,2026-09-28T09:17:15Z
147,144,1966,3,1966-07-03,French Grand Prix,wp16564,Jack Brabham,no,8,1966 Formula One season,https://en.wikipedia.org/wiki/1966_Formula_One_season,1370951785,https://en.wikipedia.org/w/index.php?oldid=1370951785,2026-09-28T09:17:15Z
148,145,1966,4,1966-07-16,British Grand Prix,wp16564,Jack Brabham,no,9,1966 Formula One season,https://en.wikipedia.org/wiki/1966_Formula_One_season,1370951785,https://en.wikipedia.org/w/index.php?oldid=1370951785,2026-09-28T09:17:15Z
149,146,1966,5,1966-07-24,Dutch Grand Prix,wp16564,Jack Brabham,no,10,1966 Formula One season,https://en.wikipedia.org/wiki/1966_Formula_One_season,1370951785,https://en.wikipedia.org/w/index.php?oldid=1370951785,2026-09-28T09:17:15Z
150,147,1966,6,1966-08-07,German Grand Prix,wp16564,Jack Brabham,no,11,1966 Formula One season,https://en.wikipedia.org/wiki/1966_Formula_One_season,1370951785,https://en.wikipedia.org/w/index.php?oldid=1370951785,2026-09-28T09:17:15Z
151,148,1966,7,1966-09-04,Italian Grand Prix,wp1235774,Ludovico Scarfiotti,no,1,1966 Formula One season,https://en.wikipedia.org/wiki/1966_Formula_One_season,1370951785,https://en.wikipedia.org/w/index.php?oldid=1370951785,2026-09-28T09:17:15Z
152,149,1966,8,1966-10-02,United States Grand Prix,wp181892,Jim Clark,no,20,1966 Formula One season,https://en.wikipedia.org/wiki/1966_Formula_One_season,1370951785,https://en.wikipedia.org/w/index.php?oldid=1370951785,2026-09-28T09:17:15Z
153,150,1966,9,1966-10-23,Mexican Grand Prix,wp215196,John Surtees,no,5,1966 Formula One season,https://en.wikipedia.org/wiki/1966_Formula_One_season,1370951785,https://en.wikipedia.org/w/index.php?oldid=1370951785,2026-09-28T09:17:15Z
154,151,1967,1,1967-01-02,South African Grand Prix,wp1156744,Pedro Rodríguez,no,1,1967 Formula One season,https://en.wikipedia.org/wiki/1967_Formula_One_season,1376499876,https://en.wikipedia.org/w/index.php?oldid=1376499876,2026-09-28T09:17:16Z
155,152,1967,2,1967-05-07,Monaco Grand Prix,wp262934,Denny Hulme,no,1,1967 Formula One season,https://en.wikipedia.org/wiki/1967_Formula_One_season,1376499876,https://en.wikipedia.org/w/index.php?oldid=1376499876,2026-09-28T09:17:16Z
156,153,1967,3,1967-06-04,Dutch Grand Prix,wp181892,Jim Clark,no,21,1967 Formula One season,https://en.wikipedia.org/wiki/1967_Formula_One_season,1376499876,https://en.wikipedia.org/w/index.php?oldid=1376499876,2026-09-28T09:17:16Z
157,154,1967,4,1967-06-18,Belgian Grand Prix,wp554522,Dan Gurney,no,4,1967 Formula One season,https://en.wikipedia.org/wiki/1967_Formula_One_season,1376499876,https://en.wikipedia.org/w/index.php?oldid=1376499876,2026-09-28T09:17:16Z
158,155,1967,5,1967-07-02,French Grand Prix,wp16564,Jack Brabham,no,12,1967 Formula One season,https://en.wikipedia.org/wiki/1967_Formula_One_season,1376499876,https://en.wikipedia.org/w/index.php?oldid=1376499876,2026-09-28T09:17:16Z
159,156,1967,6,1967-07-15,British Grand Prix,wp181892,Jim Clark,no,22,1967 Formula One season,https://en.wikipedia.org/wiki/1967_Formula_One_season,1376499876,https://en.wikipedia.org/w/index.php?oldid=1376499876,2026-09-28T09:17:16Z
160,157,1967,7,1967-08-06,German Grand Prix,wp262934,Denny Hulme,no,2,1967 Formula One season,https://en.wikipedia.org/wiki/1967_Formula_One_season,1376499876,https://en.wikipedia.org/w/index.php?oldid=1376499876,2026-09-28T09:17:16Z
161,158,1967,8,1967-08-27,Canadian Grand Prix,wp16564,Jack Brabham,no,13,1967 Formula One season,https://en.wikipedia.org/wiki/1967_Formula_One_season,1376499876,https://en.wikipedia.org/w/index.php?oldid=1376499876,2026-09-28T09:17:16Z
162,159,1967,9,1967-09-10,Italian Grand Prix,wp215196,John Surtees,no,6,1967 Formula One season,https://en.wikipedia.org/wiki/1967_Formula_One_season,1376499876,https://en.wikipedia.org/w/index.php?oldid=1376499876,2026-09-28T09:17:16Z
163,160,1967,10,1967-10-01,United States Grand Prix,wp181892,Jim Clark,no,23,1967 Formula One season,https://en.wikipedia.org/wiki/1967_Formula_One_season,1376499876,https://en.wikipedia.org/w/index.php?oldid=1376499876,2026-09-28T09:17:16Z
164,161,1967,11,1967-10-22,Mexican Grand Prix,wp181892,Jim Clark,no,24,1967 Formula One season,https://en.wikipedia.org/wiki/1967_Formula_One_season,1376499876,https://en.wikipedia.org/w/index.php?oldid=1376499876,2026-09-28T09:17:16Z
165,162,1968,1,1968-01-01,South African Grand Prix,wp181892,Jim Clark,no,25,1968 Formula One season,https://en.wikipedia.org/wiki/1968_Formula_One_season,1370951814,https://en.wikipedia.org/w/index.php?oldid=1370951814,2026-09-28T09:17:17Z
166,163,1968,2,1968-05-12,Spanish Grand Prix,wp246186,Graham Hill,no,11,1968 Formula One season,https://en.wikipedia.org/wiki/1968_Formula_One_season,1370951814,https://en.wikipedia.org/w/index.php?oldid=1370951814,2026-09-28T09:17:17Z
167,164,1968,3,1968-05-26,Monaco Grand Prix,wp246186,Graham Hill,no,12,1968 Formula One season,https://en.wikipedia.org/wiki/1968_Formula_One_season,1370951814,https://en.wikipedia.org/w/index.php?oldid=1370951814,2026-09-28T09:17:17Z
168,165,1968,4,1968-06-09,Belgian Grand Prix,wp475903,Bruce McLaren,no,4,1968 Formula One season,https://en.wikipedia.org/wiki/1968_Formula_One_season,1370951814,https://en.wikipedia.org/w/index.php?oldid=1370951814,2026-09-28T09:17:17Z
169,166,1968,5,1968-06-23,Dutch Grand Prix,wp294240,Jackie Stewart,no,3,1968 Formula One season,https://en.wikipedia.org/wiki/1968_Formula_One_season,1370951814,https://en.wikipedia.org/w/index.php?oldid=1370951814,2026-09-28T09:17:17Z
170,167,1968,6,1968-07-07,French Grand Prix,wp159975,Jacky Ickx,no,1,1968 Formula One season,https://en.wikipedia.org/wiki/1968_Formula_One_season,1370951814,https://en.wikipedia.org/w/index.php?oldid=1370951814,2026-09-28T09:17:17Z
171,168,1968,7,1968-07-20,British Grand Prix,wp1202290,Jo Siffert,no,1,1968 Formula One season,https://en.wikipedia.org/wiki/1968_Formula_One_season,1370951814,https://en.wikipedia.org/w/index.php?oldid=1370951814,2026-09-28T09:17:17Z
172,169,1968,8,1968-08-04,German Grand Prix,wp294240,Jackie Stewart,no,4,1968 Formula One season,https://en.wikipedia.org/wiki/1968_Formula_One_season,1370951814,https://en.wikipedia.org/w/index.php?oldid=1370951814,2026-09-28T09:17:17Z
173,170,1968,9,1968-09-08,Italian Grand Prix,wp262934,Denny Hulme,no,3,1968 Formula One season,https://en.wikipedia.org/wiki/1968_Formula_One_season,1370951814,https://en.wikipedia.org/w/index.php?oldid=1370951814,2026-09-28T09:17:17Z
174,171,1968,10,1968-09-22,Canadian Grand Prix,wp262934,Denny Hulme,no,4,1968 Formula One season,https://en.wikipedia.org/wiki/1968_Formula_One_season,1370951814,https://en.wikipedia.org/w/index.php?oldid=1370951814,2026-09-28T09:17:17Z
175,172,1968,11,1968-10-06,United States Grand Prix,wp294240,Jackie Stewart,no,5,1968 Formula One season,https://en.wikipedia.org/wiki/1968_Formula_One_season,1370951814,https://en.wikipedia.org/w/index.php?oldid=1370951814,2026-09-28T09:17:17Z
176,173,1968,12,1968-11-03,Mexican Grand Prix,wp246186,Graham Hill,no,13,1968 Formula One season,https://en.wikipedia.org/wiki/1968_Formula_One_season,1370951814,https://en.wikipedia.org/w/index.php?oldid=1370951814,2026-09-28T09:17:17Z
177,174,1969,1,1969-03-01,South African Grand Prix,wp294240,Jackie Stewart,no,6,1969 Formula One season,https://en.wikipedia.org/wiki/1969_Formula_One_season,1370910371,https://en.wikipedia.org/w/index.php?oldid=1370910371,2026-09-28T09:17:18Z
178,175,1969,2,1969-05-04,Spanish Grand Prix,wp294240,Jackie Stewart,no,7,1969 Formula One season,https://en.wikipedia.org/wiki/1969_Formula_One_season,1370910371,https://en.wikipedia.org/w/index.php?oldid=1370910371,2026-09-28T09:17:18Z
179,176,1969,3,1969-05-18,Monaco Grand Prix,wp246186,Graham Hill,no,14,1969 Formula One season,https://en.wikipedia.org/wiki/1969_Formula_One_season,1370910371,https://en.wikipedia.org/w/index.php?oldid=1370910371,2026-09-28T09:17:18Z
180,177,1969,4,1969-06-21,Dutch Grand Prix,wp294240,Jackie Stewart,no,8,1969 Formula One season,https://en.wikipedia.org/wiki/1969_Formula_One_season,1370910371,https://en.wikipedia.org/w/index.php?oldid=1370910371,2026-09-28T09:17:18Z
181,178,1969,5,1969-07-06,French Grand Prix,wp294240,Jackie Stewart,no,9,1969 Formula One season,https://en.wikipedia.org/wiki/1969_Formula_One_season,1370910371,https://en.wikipedia.org/w/index.php?oldid=1370910371,2026-09-28T09:17:18Z
182,179,1969,6,1969-07-19,British Grand Prix,wp294240,Jackie Stewart,no,10,1969 Formula One season,https://en.wikipedia.org/wiki/1969_Formula_One_season,1370910371,https://en.wikipedia.org/w/index.php?oldid=1370910371,2026-09-28T09:17:18Z
183,180,1969,7,1969-08-03,German Grand Prix,wp159975,Jacky Ickx,no,2,1969 Formula One season,https://en.wikipedia.org/wiki/1969_Formula_One_season,1370910371,https://en.wikipedia.org/w/index.php?oldid=1370910371,2026-09-28T09:17:18Z
184,181,1969,8,1969-09-07,Italian Grand Prix,wp294240,Jackie Stewart,no,11,1969 Formula One season,https://en.wikipedia.org/wiki/1969_Formula_One_season,1370910371,https://en.wikipedia.org/w/index.php?oldid=1370910371,2026-09-28T09:17:18Z
185,182,1969,9,1969-09-20,Canadian Grand Prix,wp159975,Jacky Ickx,no,3,1969 Formula One season,https://en.wikipedia.org/wiki/1969_Formula_One_season,1370910371,https://en.wikipedia.org/w/index.php?oldid=1370910371,2026-09-28T09:17:18Z
186,183,1969,10,1969-10-05,United States Grand Prix,wp45388,Jochen Rindt,no,1,1969 Formula One season,https://en.wikipedia.org/wiki/1969_Formula_One_season,1370910371,https://en.wikipedia.org/w/index.php?oldid=1370910371,2026-09-28T09:17:18Z
187,184,1969,11,1969-10-19,Mexican Grand Prix,wp262934,Denny Hulme,no,5,1969 Formula One season,https://en.wikipedia.org/wiki/1969_Formula_One_season,1370910371,https://en.wikipedia.org/w/index.php?oldid=1370910371,2026-09-28T09:17:18Z
188,185,1970,1,1970-03-07,South African Grand Prix,wp16564,Jack Brabham,no,14,1970 Formula One season,https://en.wikipedia.org/wiki/1970_Formula_One_season,1370951855,https://en.wikipedia.org/w/index.php?oldid=1370951855,2026-09-28T09:17:19Z
189,186,1970,2,1970-04-19,Spanish Grand Prix,wp294240,Jackie Stewart,no,12,1970 Formula One season,https://en.wikipedia.org/wiki/1970_Formula_One_season,1370951855,https://en.wikipedia.org/w/index.php?oldid=1370951855,2026-09-28T09:17:19Z
190,187,1970,3,1970-05-10,Monaco Grand Prix,wp45388,Jochen Rindt,no,2,1970 Formula One season,https://en.wikipedia.org/wiki/1970_Formula_One_season,1370951855,https://en.wikipedia.org/w/index.php?oldid=1370951855,2026-09-28T09:17:19Z
191,188,1970,4,1970-06-07,Belgian Grand Prix,wp1156744,Pedro Rodríguez,no,2,1970 Formula One season,https://en.wikipedia.org/wiki/1970_Formula_One_season,1370951855,https://en.wikipedia.org/w/index.php?oldid=1370951855,2026-09-28T09:17:19Z
192,189,1970,5,1970-06-21,Dutch Grand Prix,wp45388,Jochen Rindt,no,3,1970 Formula One season,https://en.wikipedia.org/wiki/1970_Formula_One_season,1370951855,https://en.wikipedia.org/w/index.php?oldid=1370951855,2026-09-28T09:17:19Z
193,190,1970,6,1970-07-05,French Grand Prix,wp45388,Jochen Rindt,no,4,1970 Formula One season,https://en.wikipedia.org/wiki/1970_Formula_One_season,1370951855,https://en.wikipedia.org/w/index.php?oldid=1370951855,2026-09-28T09:17:19Z
194,191,1970,7,1970-07-18,British Grand Prix,wp45388,Jochen Rindt,no,5,1970 Formula One season,https://en.wikipedia.org/wiki/1970_Formula_One_season,1370951855,https://en.wikipedia.org/w/index.php?oldid=1370951855,2026-09-28T09:17:19Z
195,192,1970,8,1970-08-02,German Grand Prix,wp45388,Jochen Rindt,no,6,1970 Formula One season,https://en.wikipedia.org/wiki/1970_Formula_One_season,1370951855,https://en.wikipedia.org/w/index.php?oldid=1370951855,2026-09-28T09:17:19Z
196,193,1970,9,1970-08-16,Austrian Grand Prix,wp159975,Jacky Ickx,no,4,1970 Formula One season,https://en.wikipedia.org/wiki/1970_Formula_One_season,1370951855,https://en.wikipedia.org/w/index.php?oldid=1370951855,2026-09-28T09:17:19Z
197,194,1970,10,1970-09-06,Italian Grand Prix,wp1172362,Clay Regazzoni,no,1,1970 Formula One season,https://en.wikipedia.org/wiki/1970_Formula_One_season,1370951855,https://en.wikipedia.org/w/index.php?oldid=1370951855,2026-09-28T09:17:19Z
198,195,1970,11,1970-09-20,Canadian Grand Prix,wp159975,Jacky Ickx,no,5,1970 Formula One season,https://en.wikipedia.org/wiki/1970_Formula_One_season,1370951855,https://en.wikipedia.org/w/index.php?oldid=1370951855,2026-09-28T09:17:19Z
199,196,1970,12,1970-10-04,United States Grand Prix,wp241678,Emerson Fittipaldi,no,1,1970 Formula One season,https://en.wikipedia.org/wiki/1970_Formula_One_season,1370951855,https://en.wikipedia.org/w/index.php?oldid=1370951855,2026-09-28T09:17:19Z
200,197,1970,13,1970-10-25,Mexican Grand Prix,wp159975,Jacky Ickx,no,6,1970 Formula One season,https://en.wikipedia.org/wiki/1970_Formula_One_season,1370951855,https://en.wikipedia.org/w/index.php?oldid=1370951855,2026-09-28T09:17:19Z
201,198,1971,1,1971-03-06,South African Grand Prix,wp271425,Mario Andretti,no,1,1971 Formula One season,https://en.wikipedia.org/wiki/1971_Formula_One_season,1374999515,https://en.wikipedia.org/w/index.php?oldid=1374999515,2026-09-28T09:17:20Z
202,199,1971,2,1971-04-18,Spanish Grand Prix,wp294240,Jackie Stewart,no,13,1971 Formula One season,https://en.wikipedia.org/wiki/1971_Formula_One_season,1374999515,https://en.wikipedia.org/w/index.php?oldid=1374999515,2026-09-28T09:17:20Z
203,200,1971,3,1971-05-23,Monaco Grand Prix,wp294240,Jackie Stewart,no,14,1971 Formula One season,https://en.wikipedia.org/wiki/1971_Formula_One_season,1374999515,https://en.wikipedia.org/w/index.php?oldid=1374999515,2026-09-28T09:17:20Z
204,201,1971,4,1971-06-20,Dutch Grand Prix,wp159975,Jacky Ickx,no,7,1971 Formula One season,https://en.wikipedia.org/wiki/1971_Formula_One_season,1374999515,https://en.wikipedia.org/w/index.php?oldid=1374999515,2026-09-28T09:17:20Z
205,202,1971,5,1971-07-04,French Grand Prix,wp294240,Jackie Stewart,no,15,1971 Formula One season,https://en.wikipedia.org/wiki/1971_Formula_One_season,1374999515,https://en.wikipedia.org/w/index.php?oldid=1374999515,2026-09-28T09:17:20Z
206,203,1971,6,1971-07-17,British Grand Prix,wp294240,Jackie Stewart,no,16,1971 Formula One season,https://en.wikipedia.org/wiki/1971_Formula_One_season,1374999515,https://en.wikipedia.org/w/index.php?oldid=1374999515,2026-09-28T09:17:20Z
207,204,1971,7,1971-08-01,German Grand Prix,wp294240,Jackie Stewart,no,17,1971 Formula One season,https://en.wikipedia.org/wiki/1971_Formula_One_season,1374999515,https://en.wikipedia.org/w/index.php?oldid=1374999515,2026-09-28T09:17:20Z
208,205,1971,8,1971-08-15,Austrian Grand Prix,wp1202290,Jo Siffert,no,2,1971 Formula One season,https://en.wikipedia.org/wiki/1971_Formula_One_season,1374999515,https://en.wikipedia.org/w/index.php?oldid=1374999515,2026-09-28T09:17:20Z
209,206,1971,9,1971-09-05,Italian Grand Prix,wp1226516,Peter Gethin,no,1,1971 Formula One season,https://en.wikipedia.org/wiki/1971_Formula_One_season,1374999515,https://en.wikipedia.org/w/index.php?oldid=1374999515,2026-09-28T09:17:20Z
210,207,1971,10,1971-09-19,Canadian Grand Prix,wp294240,Jackie Stewart,no,18,1971 Formula One season,https://en.wikipedia.org/wiki/1971_Formula_One_season,1374999515,https://en.wikipedia.org/w/index.php?oldid=1374999515,2026-09-28T09:17:20Z
211,208,1971,11,1971-10-03,United States Grand Prix,wp598118,François Cevert,no,1,1971 Formula One season,https://en.wikipedia.org/wiki/1971_Formula_One_season,1374999515,https://en.wikipedia.org/w/index.php?oldid=1374999515,2026-09-28T09:17:20Z
212,209,1972,1,1972-01-23,Argentine Grand Prix,wp294240,Jackie Stewart,no,19,1972 Formula One season,https://en.wikipedia.org/wiki/1972_Formula_One_season,1370966848,https://en.wikipedia.org/w/index.php?oldid=1370966848,2026-09-28T09:17:21Z
213,210,1972,2,1972-03-04,South African Grand Prix,wp262934,Denny Hulme,no,6,1972 Formula One season,https://en.wikipedia.org/wiki/1972_Formula_One_season,1370966848,https://en.wikipedia.org/w/index.php?oldid=1370966848,2026-09-28T09:17:21Z
214,211,1972,3,1972-05-01,Spanish Grand Prix,wp241678,Emerson Fittipaldi,no,2,1972 Formula One season,https://en.wikipedia.org/wiki/1972_Formula_One_season,1370966848,https://en.wikipedia.org/w/index.php?oldid=1370966848,2026-09-28T09:17:21Z
215,212,1972,4,1972-05-14,Monaco Grand Prix,wp1226341,Jean-Pierre Beltoise,no,1,1972 Formula One season,https://en.wikipedia.org/wiki/1972_Formula_One_season,1370966848,https://en.wikipedia.org/w/index.php?oldid=1370966848,2026-09-28T09:17:21Z
216,213,1972,5,1972-06-04,Belgian Grand Prix,wp241678,Emerson Fittipaldi,no,3,1972 Formula One season,https://en.wikipedia.org/wiki/1972_Formula_One_season,1370966848,https://en.wikipedia.org/w/index.php?oldid=1370966848,2026-09-28T09:17:21Z
217,214,1972,6,1972-07-02,French Grand Prix,wp294240,Jackie Stewart,no,20,1972 Formula One season,https://en.wikipedia.org/wiki/1972_Formula_One_season,1370966848,https://en.wikipedia.org/w/index.php?oldid=1370966848,2026-09-28T09:17:21Z
218,215,1972,7,1972-07-15,British Grand Prix,wp241678,Emerson Fittipaldi,no,4,1972 Formula One season,https://en.wikipedia.org/wiki/1972_Formula_One_season,1370966848,https://en.wikipedia.org/w/index.php?oldid=1370966848,2026-09-28T09:17:21Z
219,216,1972,8,1972-07-30,German Grand Prix,wp159975,Jacky Ickx,no,8,1972 Formula One season,https://en.wikipedia.org/wiki/1972_Formula_One_season,1370966848,https://en.wikipedia.org/w/index.php?oldid=1370966848,2026-09-28T09:17:21Z
220,217,1972,9,1972-08-13,Austrian Grand Prix,wp241678,Emerson Fittipaldi,no,5,1972 Formula One season,https://en.wikipedia.org/wiki/1972_Formula_One_season,1370966848,https://en.wikipedia.org/w/index.php?oldid=1370966848,2026-09-28T09:17:21Z
221,218,1972,10,1972-09-10,Italian Grand Prix,wp241678,Emerson Fittipaldi,no,6,1972 Formula One season,https://en.wikipedia.org/wiki/1972_Formula_One_season,1370966848,https://en.wikipedia.org/w/index.php?oldid=1370966848,2026-09-28T09:17:21Z
222,219,1972,11,1972-09-24,Canadian Grand Prix,wp294240,Jackie Stewart,no,21,1972 Formula One season,https://en.wikipedia.org/wiki/1972_Formula_One_season,1370966848,https://en.wikipedia.org/w/index.php?oldid=1370966848,2026-09-28T09:17:21Z
223,220,1972,12,1972-10-08,United States Grand Prix,wp294240,Jackie Stewart,no,22,1972 Formula One season,https://en.wikipedia.org/wiki/1972_Formula_One_season,1370966848,https://en.wikipedia.org/w/index.php?oldid=1370966848,2026-09-28T09:17:21Z
224,221,1973,1,1973-01-28,Argentine Grand Prix,wp241678,Emerson Fittipaldi,no,7,1973 Formula One season,https://en.wikipedia.org/wiki/1973_Formula_One_season,1373455736,https://en.wikipedia.org/w/index.php?oldid=1373455736,2026-09-28T09:17:21Z
225,222,1973,2,1973-02-11,Brazilian Grand Prix,wp241678,Emerson Fittipaldi,no,8,1973 Formula One season,https://en.wikipedia.org/wiki/1973_Formula_One_season,1373455736,https://en.wikipedia.org/w/index.php?oldid=1373455736,2026-09-28T09:17:21Z
226,223,1973,3,1973-03-03,South African Grand Prix,wp294240,Jackie Stewart,no,23,1973 Formula One season,https://en.wikipedia.org/wiki/1973_Formula_One_season,1373455736,https://en.wikipedia.org/w/index.php?oldid=1373455736,2026-09-28T09:17:21Z
227,224,1973,4,1973-04-29,Spanish Grand Prix,wp241678,Emerson Fittipaldi,no,9,1973 Formula One season,https://en.wikipedia.org/wiki/1973_Formula_One_season,1373455736,https://en.wikipedia.org/w/index.php?oldid=1373455736,2026-09-28T09:17:21Z
228,225,1973,5,1973-05-20,Belgian Grand Prix,wp294240,Jackie Stewart,no,24,1973 Formula One season,https://en.wikipedia.org/wiki/1973_Formula_One_season,1373455736,https://en.wikipedia.org/w/index.php?oldid=1373455736,2026-09-28T09:17:21Z
229,226,1973,6,1973-06-03,Monaco Grand Prix,wp294240,Jackie Stewart,no,25,1973 Formula One season,https://en.wikipedia.org/wiki/1973_Formula_One_season,1373455736,https://en.wikipedia.org/w/index.php?oldid=1373455736,2026-09-28T09:17:21Z
230,227,1973,7,1973-06-17,Swedish Grand Prix,wp262934,Denny Hulme,no,7,1973 Formula One season,https://en.wikipedia.org/wiki/1973_Formula_One_season,1373455736,https://en.wikipedia.org/w/index.php?oldid=1373455736,2026-09-28T09:17:21Z
231,228,1973,8,1973-07-01,French Grand Prix,wp387446,Ronnie Peterson,no,1,1973 Formula One season,https://en.wikipedia.org/wiki/1973_Formula_One_season,1373455736,https://en.wikipedia.org/w/index.php?oldid=1373455736,2026-09-28T09:17:21Z
232,229,1973,9,1973-07-14,British Grand Prix,wp767674,Peter Revson,no,1,1973 Formula One season,https://en.wikipedia.org/wiki/1973_Formula_One_season,1373455736,https://en.wikipedia.org/w/index.php?oldid=1373455736,2026-09-28T09:17:21Z
233,230,1973,10,1973-07-29,Dutch Grand Prix,wp294240,Jackie Stewart,no,26,1973 Formula One season,https://en.wikipedia.org/wiki/1973_Formula_One_season,1373455736,https://en.wikipedia.org/w/index.php?oldid=1373455736,2026-09-28T09:17:21Z
234,231,1973,11,1973-08-05,German Grand Prix,wp294240,Jackie Stewart,no,27,1973 Formula One season,https://en.wikipedia.org/wiki/1973_Formula_One_season,1373455736,https://en.wikipedia.org/w/index.php?oldid=1373455736,2026-09-28T09:17:21Z
235,232,1973,12,1973-08-19,Austrian Grand Prix,wp387446,Ronnie Peterson,no,2,1973 Formula One season,https://en.wikipedia.org/wiki/1973_Formula_One_season,1373455736,https://en.wikipedia.org/w/index.php?oldid=1373455736,2026-09-28T09:17:21Z
236,233,1973,13,1973-09-09,Italian Grand Prix,wp387446,Ronnie Peterson,no,3,1973 Formula One season,https://en.wikipedia.org/wiki/1973_Formula_One_season,1373455736,https://en.wikipedia.org/w/index.php?oldid=1373455736,2026-09-28T09:17:21Z
237,234,1973,14,1973-09-23,Canadian Grand Prix,wp767674,Peter Revson,no,2,1973 Formula One season,https://en.wikipedia.org/wiki/1973_Formula_One_season,1373455736,https://en.wikipedia.org/w/index.php?oldid=1373455736,2026-09-28T09:17:21Z
238,235,1973,15,1973-10-07,United States Grand Prix,wp387446,Ronnie Peterson,no,4,1973 Formula One season,https://en.wikipedia.org/wiki/1973_Formula_One_season,1373455736,https://en.wikipedia.org/w/index.php?oldid=1373455736,2026-09-28T09:17:21Z
239,236,1974,1,1974-01-13,Argentine Grand Prix,wp262934,Denny Hulme,no,8,1974 Formula One season,https://en.wikipedia.org/wiki/1974_Formula_One_season,1370966877,https://en.wikipedia.org/w/index.php?oldid=1370966877,2026-09-28T09:17:24Z
240,237,1974,2,1974-01-27,Brazilian Grand Prix,wp241678,Emerson Fittipaldi,no,10,1974 Formula One season,https://en.wikipedia.org/wiki/1974_Formula_One_season,1370966877,https://en.wikipedia.org/w/index.php?oldid=1370966877,2026-09-28T09:17:24Z
241,238,1974,3,1974-03-30,South African Grand Prix,wp7859379,Carlos Reutemann,no,1,1974 Formula One season,https://en.wikipedia.org/wiki/1974_Formula_One_season,1370966877,https://en.wikipedia.org/w/index.php?oldid=1370966877,2026-09-28T09:17:24Z
242,239,1974,4,1974-04-28,Spanish Grand Prix,wp40486,Niki Lauda,no,1,1974 Formula One season,https://en.wikipedia.org/wiki/1974_Formula_One_season,1370966877,https://en.wikipedia.org/w/index.php?oldid=1370966877,2026-09-28T09:17:24Z
243,240,1974,5,1974-05-12,Belgian Grand Prix,wp241678,Emerson Fittipaldi,no,11,1974 Formula One season,https://en.wikipedia.org/wiki/1974_Formula_One_season,1370966877,https://en.wikipedia.org/w/index.php?oldid=1370966877,2026-09-28T09:17:24Z
244,241,1974,6,1974-05-26,Monaco Grand Prix,wp387446,Ronnie Peterson,no,5,1974 Formula One season,https://en.wikipedia.org/wiki/1974_Formula_One_season,1370966877,https://en.wikipedia.org/w/index.php?oldid=1370966877,2026-09-28T09:17:24Z
245,242,1974,7,1974-06-09,Swedish Grand Prix,wp243054,Jody Scheckter,no,1,1974 Formula One season,https://en.wikipedia.org/wiki/1974_Formula_One_season,1370966877,https://en.wikipedia.org/w/index.php?oldid=1370966877,2026-09-28T09:17:24Z
246,243,1974,8,1974-06-23,Dutch Grand Prix,wp40486,Niki Lauda,no,2,1974 Formula One season,https://en.wikipedia.org/wiki/1974_Formula_One_season,1370966877,https://en.wikipedia.org/w/index.php?oldid=1370966877,2026-09-28T09:17:24Z
247,244,1974,9,1974-07-07,French Grand Prix,wp387446,Ronnie Peterson,no,6,1974 Formula One season,https://en.wikipedia.org/wiki/1974_Formula_One_season,1370966877,https://en.wikipedia.org/w/index.php?oldid=1370966877,2026-09-28T09:17:24Z
248,245,1974,10,1974-07-20,British Grand Prix,wp243054,Jody Scheckter,no,2,1974 Formula One season,https://en.wikipedia.org/wiki/1974_Formula_One_season,1370966877,https://en.wikipedia.org/w/index.php?oldid=1370966877,2026-09-28T09:17:24Z
249,246,1974,11,1974-08-04,German Grand Prix,wp1172362,Clay Regazzoni,no,2,1974 Formula One season,https://en.wikipedia.org/wiki/1974_Formula_One_season,1370966877,https://en.wikipedia.org/w/index.php?oldid=1370966877,2026-09-28T09:17:24Z
250,247,1974,12,1974-08-18,Austrian Grand Prix,wp7859379,Carlos Reutemann,no,2,1974 Formula One season,https://en.wikipedia.org/wiki/1974_Formula_One_season,1370966877,https://en.wikipedia.org/w/index.php?oldid=1370966877,2026-09-28T09:17:24Z
251,248,1974,13,1974-09-08,Italian Grand Prix,wp387446,Ronnie Peterson,no,7,1974 Formula One season,https://en.wikipedia.org/wiki/1974_Formula_One_season,1370966877,https://en.wikipedia.org/w/index.php?oldid=1370966877,2026-09-28T09:17:24Z
252,249,1974,14,1974-09-22,Canadian Grand Prix,wp241678,Emerson Fittipaldi,no,12,1974 Formula One season,https://en.wikipedia.org/wiki/1974_Formula_One_season,1370966877,https://en.wikipedia.org/w/index.php?oldid=1370966877,2026-09-28T09:17:24Z
253,250,1974,15,1974-10-06,United States Grand Prix,wp7859379,Carlos Reutemann,no,3,1974 Formula One season,https://en.wikipedia.org/wiki/1974_Formula_One_season,1370966877,https://en.wikipedia.org/w/index.php?oldid=1370966877,2026-09-28T09:17:24Z
254,251,1975,1,1975-01-12,Argentine Grand Prix,wp241678,Emerson Fittipaldi,no,13,1975 Formula One season,https://en.wikipedia.org/wiki/1975_Formula_One_season,1372896265,https://en.wikipedia.org/w/index.php?oldid=1372896265,2026-09-28T09:17:25Z
255,252,1975,2,1975-01-26,Brazilian Grand Prix,wp1219709,Carlos Pace,no,1,1975 Formula One season,https://en.wikipedia.org/wiki/1975_Formula_One_season,1372896265,https://en.wikipedia.org/w/index.php?oldid=1372896265,2026-09-28T09:17:25Z
256,253,1975,3,1975-03-01,South African Grand Prix,wp243054,Jody Scheckter,no,3,1975 Formula One season,https://en.wikipedia.org/wiki/1975_Formula_One_season,1372896265,https://en.wikipedia.org/w/index.php?oldid=1372896265,2026-09-28T09:17:25Z
257,254,1975,4,1975-04-27,Spanish Grand Prix,wp1226327,Jochen Mass,no,1,1975 Formula One season,https://en.wikipedia.org/wiki/1975_Formula_One_season,1372896265,https://en.wikipedia.org/w/index.php?oldid=1372896265,2026-09-28T09:17:25Z
258,255,1975,5,1975-05-11,Monaco Grand Prix,wp40486,Niki Lauda,no,3,1975 Formula One season,https://en.wikipedia.org/wiki/1975_Formula_One_season,1372896265,https://en.wikipedia.org/w/index.php?oldid=1372896265,2026-09-28T09:17:25Z
259,256,1975,6,1975-05-25,Belgian Grand Prix,wp40486,Niki Lauda,no,4,1975 Formula One season,https://en.wikipedia.org/wiki/1975_Formula_One_season,1372896265,https://en.wikipedia.org/w/index.php?oldid=1372896265,2026-09-28T09:17:25Z
260,257,1975,7,1975-06-08,Swedish Grand Prix,wp40486,Niki Lauda,no,5,1975 Formula One season,https://en.wikipedia.org/wiki/1975_Formula_One_season,1372896265,https://en.wikipedia.org/w/index.php?oldid=1372896265,2026-09-28T09:17:25Z
261,258,1975,8,1975-06-22,Dutch Grand Prix,wp287740,James Hunt,no,1,1975 Formula One season,https://en.wikipedia.org/wiki/1975_Formula_One_season,1372896265,https://en.wikipedia.org/w/index.php?oldid=1372896265,2026-09-28T09:17:25Z
262,259,1975,9,1975-07-06,French Grand Prix,wp40486,Niki Lauda,no,6,1975 Formula One season,https://en.wikipedia.org/wiki/1975_Formula_One_season,1372896265,https://en.wikipedia.org/w/index.php?oldid=1372896265,2026-09-28T09:17:25Z
263,260,1975,10,1975-07-19,British Grand Prix,wp241678,Emerson Fittipaldi,no,14,1975 Formula One season,https://en.wikipedia.org/wiki/1975_Formula_One_season,1372896265,https://en.wikipedia.org/w/index.php?oldid=1372896265,2026-09-28T09:17:25Z
264,261,1975,11,1975-08-03,German Grand Prix,wp7859379,Carlos Reutemann,no,4,1975 Formula One season,https://en.wikipedia.org/wiki/1975_Formula_One_season,1372896265,https://en.wikipedia.org/w/index.php?oldid=1372896265,2026-09-28T09:17:25Z
265,262,1975,12,1975-08-17,Austrian Grand Prix,wp1226579,Vittorio Brambilla,no,1,1975 Formula One season,https://en.wikipedia.org/wiki/1975_Formula_One_season,1372896265,https://en.wikipedia.org/w/index.php?oldid=1372896265,2026-09-28T09:17:25Z
266,263,1975,13,1975-09-07,Italian Grand Prix,wp1172362,Clay Regazzoni,no,3,1975 Formula One season,https://en.wikipedia.org/wiki/1975_Formula_One_season,1372896265,https://en.wikipedia.org/w/index.php?oldid=1372896265,2026-09-28T09:17:25Z
267,264,1975,14,1975-10-05,United States Grand Prix,wp40486,Niki Lauda,no,7,1975 Formula One season,https://en.wikipedia.org/wiki/1975_Formula_One_season,1372896265,https://en.wikipedia.org/w/index.php?oldid=1372896265,2026-09-28T09:17:25Z
268,265,1976,1,1976-01-25,Brazilian Grand Prix,wp40486,Niki Lauda,no,8,1976 Formula One season,https://en.wikipedia.org/wiki/1976_Formula_One_season,1370951938,https://en.wikipedia.org/w/index.php?oldid=1370951938,2026-09-28T09:17:25Z
269,266,1976,2,1976-03-06,South African Grand Prix,wp40486,Niki Lauda,no,9,1976 Formula One season,https://en.wikipedia.org/wiki/1976_Formula_One_season,1370951938,https://en.wikipedia.org/w/index.php?oldid=1370951938,2026-09-28T09:17:25Z
270,267,1976,3,1976-03-28,United States Grand Prix West,wp1172362,Clay Regazzoni,no,4,1976 Formula One season,https://en.wikipedia.org/wiki/1976_Formula_One_season,1370951938,https://en.wikipedia.org/w/index.php?oldid=1370951938,2026-09-28T09:17:25Z
271,268,1976,4,1976-05-02,Spanish Grand Prix,wp287740,James Hunt,no,2,1976 Formula One season,https://en.wikipedia.org/wiki/1976_Formula_One_season,1370951938,https://en.wikipedia.org/w/index.php?oldid=1370951938,2026-09-28T09:17:25Z
272,269,1976,5,1976-05-16,Belgian Grand Prix,wp40486,Niki Lauda,no,10,1976 Formula One season,https://en.wikipedia.org/wiki/1976_Formula_One_season,1370951938,https://en.wikipedia.org/w/index.php?oldid=1370951938,2026-09-28T09:17:25Z
273,270,1976,6,1976-05-30,Monaco Grand Prix,wp40486,Niki Lauda,no,11,1976 Formula One season,https://en.wikipedia.org/wiki/1976_Formula_One_season,1370951938,https://en.wikipedia.org/w/index.php?oldid=1370951938,2026-09-28T09:17:25Z
274,271,1976,7,1976-06-13,Swedish Grand Prix,wp243054,Jody Scheckter,no,4,1976 Formula One season,https://en.wikipedia.org/wiki/1976_Formula_One_season,1370951938,https://en.wikipedia.org/w/index.php?oldid=1370951938,2026-09-28T09:17:25Z
275,272,1976,8,1976-07-04,French Grand Prix,wp287740,James Hunt,no,3,1976 Formula One season,https://en.wikipedia.org/wiki/1976_Formula_One_season,1370951938,https://en.wikipedia.org/w/index.php?oldid=1370951938,2026-09-28T09:17:25Z
276,273,1976,9,1976-07-18,British Grand Prix,wp40486,Niki Lauda,no,12,1976 Formula One season,https://en.wikipedia.org/wiki/1976_Formula_One_season,1370951938,https://en.wikipedia.org/w/index.php?oldid=1370951938,2026-09-28T09:17:25Z
277,274,1976,10,1976-08-01,German Grand Prix,wp287740,James Hunt,no,4,1976 Formula One season,https://en.wikipedia.org/wiki/1976_Formula_One_season,1370951938,https://en.wikipedia.org/w/index.php?oldid=1370951938,2026-09-28T09:17:25Z
278,275,1976,11,1976-08-15,Austrian Grand Prix,wp30874971,John Watson,no,1,1976 Formula One season,https://en.wikipedia.org/wiki/1976_Formula_One_season,1370951938,https://en.wikipedia.org/w/index.php?oldid=1370951938,2026-09-28T09:17:25Z
279,276,1976,12,1976-08-29,Dutch Grand Prix,wp287740,James Hunt,no,5,1976 Formula One season,https://en.wikipedia.org/wiki/1976_Formula_One_season,1370951938,https://en.wikipedia.org/w/index.php?oldid=1370951938,2026-09-28T09:17:25Z
280,277,1976,13,1976-09-12,Italian Grand Prix,wp387446,Ronnie Peterson,no,8,1976 Formula One season,https://en.wikipedia.org/wiki/1976_Formula_One_season,1370951938,https://en.wikipedia.org/w/index.php?oldid=1370951938,2026-09-28T09:17:25Z
281,278,1976,14,1976-10-03,Canadian Grand Prix,wp287740,James Hunt,no,6,1976 Formula One season,https://en.wikipedia.org/wiki/1976_Formula_One_season,1370951938,https://en.wikipedia.org/w/index.php?oldid=1370951938,2026-09-28T09:17:25Z
282,279,1976,15,1976-10-10,United States Grand Prix,wp287740,James Hunt,no,7,1976 Formula One season,https://en.wikipedia.org/wiki/1976_Formula_One_season,1370951938,https://en.wikipedia.org/w/index.php?oldid=1370951938,2026-09-28T09:17:25Z
283,280,1976,16,1976-10-24,Japanese Grand Prix,wp271425,Mario Andretti,no,2,1976 Formula One season,https://en.wikipedia.org/wiki/1976_Formula_One_season,1370951938,https://en.wikipedia.org/w/index.php?oldid=1370951938,2026-09-28T09:17:25Z
284,281,1977,1,1977-01-09,Argentine Grand Prix,wp243054,Jody Scheckter,no,5,1977 Formula One season,https://en.wikipedia.org/wiki/1977_Formula_One_season,1375372664,https://en.wikipedia.org/w/index.php?oldid=1375372664,2026-09-28T09:17:27Z
285,282,1977,2,1977-01-23,Brazilian Grand Prix,wp7859379,Carlos Reutemann,no,5,1977 Formula One season,https://en.wikipedia.org/wiki/1977_Formula_One_season,1375372664,https://en.wikipedia.org/w/index.php?oldid=1375372664,2026-09-28T09:17:27Z
286,283,1977,3,1977-03-05,South African Grand Prix,wp40486,Niki Lauda,no,13,1977 Formula One season,https://en.wikipedia.org/wiki/1977_Formula_One_season,1375372664,https://en.wikipedia.org/w/index.php?oldid=1375372664,2026-09-28T09:17:27Z
287,284,1977,4,1977-04-03,United States Grand Prix West,wp271425,Mario Andretti,no,3,1977 Formula One season,https://en.wikipedia.org/wiki/1977_Formula_One_season,1375372664,https://en.wikipedia.org/w/index.php?oldid=1375372664,2026-09-28T09:17:27Z
288,285,1977,5,1977-05-08,Spanish Grand Prix,wp271425,Mario Andretti,no,4,1977 Formula One season,https://en.wikipedia.org/wiki/1977_Formula_One_season,1375372664,https://en.wikipedia.org/w/index.php?oldid=1375372664,2026-09-28T09:17:27Z
289,286,1977,6,1977-05-22,Monaco Grand Prix,wp243054,Jody Scheckter,no,6,1977 Formula One season,https://en.wikipedia.org/wiki/1977_Formula_One_season,1375372664,https://en.wikipedia.org/w/index.php?oldid=1375372664,2026-09-28T09:17:27Z
290,287,1977,7,1977-06-05,Belgian Grand Prix,wp1213859,Gunnar Nilsson,no,1,1977 Formula One season,https://en.wikipedia.org/wiki/1977_Formula_One_season,1375372664,https://en.wikipedia.org/w/index.php?oldid=1375372664,2026-09-28T09:17:27Z
291,288,1977,8,1977-06-19,Swedish Grand Prix,wp701324,Jacques Laffite,no,1,1977 Formula One season,https://en.wikipedia.org/wiki/1977_Formula_One_season,1375372664,https://en.wikipedia.org/w/index.php?oldid=1375372664,2026-09-28T09:17:27Z
292,289,1977,9,1977-07-03,French Grand Prix,wp271425,Mario Andretti,no,5,1977 Formula One season,https://en.wikipedia.org/wiki/1977_Formula_One_season,1375372664,https://en.wikipedia.org/w/index.php?oldid=1375372664,2026-09-28T09:17:27Z
293,290,1977,10,1977-07-16,British Grand Prix,wp287740,James Hunt,no,8,1977 Formula One season,https://en.wikipedia.org/wiki/1977_Formula_One_season,1375372664,https://en.wikipedia.org/w/index.php?oldid=1375372664,2026-09-28T09:17:27Z
294,291,1977,11,1977-07-31,German Grand Prix,wp40486,Niki Lauda,no,14,1977 Formula One season,https://en.wikipedia.org/wiki/1977_Formula_One_season,1375372664,https://en.wikipedia.org/w/index.php?oldid=1375372664,2026-09-28T09:17:27Z
295,292,1977,12,1977-08-14,Austrian Grand Prix,wp255129,Alan Jones,no,1,1977 Formula One season,https://en.wikipedia.org/wiki/1977_Formula_One_season,1375372664,https://en.wikipedia.org/w/index.php?oldid=1375372664,2026-09-28T09:17:27Z
296,293,1977,13,1977-08-28,Dutch Grand Prix,wp40486,Niki Lauda,no,15,1977 Formula One season,https://en.wikipedia.org/wiki/1977_Formula_One_season,1375372664,https://en.wikipedia.org/w/index.php?oldid=1375372664,2026-09-28T09:17:27Z
297,294,1977,14,1977-09-11,Italian Grand Prix,wp271425,Mario Andretti,no,6,1977 Formula One season,https://en.wikipedia.org/wiki/1977_Formula_One_season,1375372664,https://en.wikipedia.org/w/index.php?oldid=1375372664,2026-09-28T09:17:27Z
298,295,1977,15,1977-10-02,United States Grand Prix,wp287740,James Hunt,no,9,1977 Formula One season,https://en.wikipedia.org/wiki/1977_Formula_One_season,1375372664,https://en.wikipedia.org/w/index.php?oldid=1375372664,2026-09-28T09:17:27Z
299,296,1977,16,1977-10-09,Canadian Grand Prix,wp243054,Jody Scheckter,no,7,1977 Formula One season,https://en.wikipedia.org/wiki/1977_Formula_One_season,1375372664,https://en.wikipedia.org/w/index.php?oldid=1375372664,2026-09-28T09:17:27Z
300,297,1977,17,1977-10-23,Japanese Grand Prix,wp287740,James Hunt,no,10,1977 Formula One season,https://en.wikipedia.org/wiki/1977_Formula_One_season,1375372664,https://en.wikipedia.org/w/index.php?oldid=1375372664,2026-09-28T09:17:27Z
301,298,1978,1,1978-01-15,Argentine Grand Prix,wp271425,Mario Andretti,no,7,1978 Formula One season,https://en.wikipedia.org/wiki/1978_Formula_One_season,1370964821,https://en.wikipedia.org/w/index.php?oldid=1370964821,2026-09-28T09:17:29Z
302,299,1978,2,1978-01-29,Brazilian Grand Prix,wp7859379,Carlos Reutemann,no,6,1978 Formula One season,https://en.wikipedia.org/wiki/1978_Formula_One_season,1370964821,https://en.wikipedia.org/w/index.php?oldid=1370964821,2026-09-28T09:17:29Z
303,300,1978,3,1978-03-04,South African Grand Prix,wp387446,Ronnie Peterson,no,9,1978 Formula One season,https://en.wikipedia.org/wiki/1978_Formula_One_season,1370964821,https://en.wikipedia.org/w/index.php?oldid=1370964821,2026-09-28T09:17:29Z
304,301,1978,4,1978-04-02,United States Grand Prix West,wp7859379,Carlos Reutemann,no,7,1978 Formula One season,https://en.wikipedia.org/wiki/1978_Formula_One_season,1370964821,https://en.wikipedia.org/w/index.php?oldid=1370964821,2026-09-28T09:17:29Z
305,302,1978,5,1978-05-07,Monaco Grand Prix,wp1226335,Patrick Depailler,no,1,1978 Formula One season,https://en.wikipedia.org/wiki/1978_Formula_One_season,1370964821,https://en.wikipedia.org/w/index.php?oldid=1370964821,2026-09-28T09:17:29Z
306,303,1978,6,1978-05-21,Belgian Grand Prix,wp271425,Mario Andretti,no,8,1978 Formula One season,https://en.wikipedia.org/wiki/1978_Formula_One_season,1370964821,https://en.wikipedia.org/w/index.php?oldid=1370964821,2026-09-28T09:17:29Z
307,304,1978,7,1978-06-04,Spanish Grand Prix,wp271425,Mario Andretti,no,9,1978 Formula One season,https://en.wikipedia.org/wiki/1978_Formula_One_season,1370964821,https://en.wikipedia.org/w/index.php?oldid=1370964821,2026-09-28T09:17:29Z
308,305,1978,8,1978-06-17,Swedish Grand Prix,wp40486,Niki Lauda,no,16,1978 Formula One season,https://en.wikipedia.org/wiki/1978_Formula_One_season,1370964821,https://en.wikipedia.org/w/index.php?oldid=1370964821,2026-09-28T09:17:29Z
309,306,1978,9,1978-07-02,French Grand Prix,wp271425,Mario Andretti,no,10,1978 Formula One season,https://en.wikipedia.org/wiki/1978_Formula_One_season,1370964821,https://en.wikipedia.org/w/index.php?oldid=1370964821,2026-09-28T09:17:29Z
310,307,1978,10,1978-07-16,British Grand Prix,wp7859379,Carlos Reutemann,no,8,1978 Formula One season,https://en.wikipedia.org/wiki/1978_Formula_One_season,1370964821,https://en.wikipedia.org/w/index.php?oldid=1370964821,2026-09-28T09:17:29Z
311,308,1978,11,1978-07-30,German Grand Prix,wp271425,Mario Andretti,no,11,1978 Formula One season,https://en.wikipedia.org/wiki/1978_Formula_One_season,1370964821,https://en.wikipedia.org/w/index.php?oldid=1370964821,2026-09-28T09:17:29Z
312,309,1978,12,1978-08-13,Austrian Grand Prix,wp387446,Ronnie Peterson,no,10,1978 Formula One season,https://en.wikipedia.org/wiki/1978_Formula_One_season,1370964821,https://en.wikipedia.org/w/index.php?oldid=1370964821,2026-09-28T09:17:29Z
313,310,1978,13,1978-08-27,Dutch Grand Prix,wp271425,Mario Andretti,no,12,1978 Formula One season,https://en.wikipedia.org/wiki/1978_Formula_One_season,1370964821,https://en.wikipedia.org/w/index.php?oldid=1370964821,2026-09-28T09:17:29Z
314,311,1978,14,1978-09-10,Italian Grand Prix,wp40486,Niki Lauda,no,17,1978 Formula One season,https://en.wikipedia.org/wiki/1978_Formula_One_season,1370964821,https://en.wikipedia.org/w/index.php?oldid=1370964821,2026-09-28T09:17:29Z
315,312,1978,15,1978-10-01,United States Grand Prix,wp7859379,Carlos Reutemann,no,9,1978 Formula One season,https://en.wikipedia.org/wiki/1978_Formula_One_season,1370964821,https://en.wikipedia.org/w/index.php?oldid=1370964821,2026-09-28T09:17:29Z
316,313,1978,16,1978-10-08,Canadian Grand Prix,wp86632,Gilles Villeneuve,no,1,1978 Formula One season,https://en.wikipedia.org/wiki/1978_Formula_One_season,1370964821,https://en.wikipedia.org/w/index.php?oldid=1370964821,2026-09-28T09:17:29Z
317,314,1979,1,1979-01-21,Argentine Grand Prix,wp701324,Jacques Laffite,no,2,1979 Formula One season,https://en.wikipedia.org/wiki/1979_Formula_One_season,1370964929,https://en.wikipedia.org/w/index.php?oldid=1370964929,2026-09-28T09:17:30Z
318,315,1979,2,1979-02-04,Brazilian Grand Prix,wp701324,Jacques Laffite,no,3,1979 Formula One season,https://en.wikipedia.org/wiki/1979_Formula_One_season,1370964929,https://en.wikipedia.org/w/index.php?oldid=1370964929,2026-09-28T09:17:30Z
319,316,1979,3,1979-03-03,South African Grand Prix,wp86632,Gilles Villeneuve,no,2,1979 Formula One season,https://en.wikipedia.org/wiki/1979_Formula_One_season,1370964929,https://en.wikipedia.org/w/index.php?oldid=1370964929,2026-09-28T09:17:30Z
320,317,1979,4,1979-04-08,United States Grand Prix West,wp86632,Gilles Villeneuve,no,3,1979 Formula One season,https://en.wikipedia.org/wiki/1979_Formula_One_season,1370964929,https://en.wikipedia.org/w/index.php?oldid=1370964929,2026-09-28T09:17:30Z
321,318,1979,5,1979-04-29,Spanish Grand Prix,wp1226335,Patrick Depailler,no,2,1979 Formula One season,https://en.wikipedia.org/wiki/1979_Formula_One_season,1370964929,https://en.wikipedia.org/w/index.php?oldid=1370964929,2026-09-28T09:17:30Z
322,319,1979,6,1979-05-13,Belgian Grand Prix,wp243054,Jody Scheckter,no,8,1979 Formula One season,https://en.wikipedia.org/wiki/1979_Formula_One_season,1370964929,https://en.wikipedia.org/w/index.php?oldid=1370964929,2026-09-28T09:17:30Z
323,320,1979,7,1979-05-27,Monaco Grand Prix,wp243054,Jody Scheckter,no,9,1979 Formula One season,https://en.wikipedia.org/wiki/1979_Formula_One_season,1370964929,https://en.wikipedia.org/w/index.php?oldid=1370964929,2026-09-28T09:17:30Z
324,321,1979,8,1979-07-01,French Grand Prix,wp1226470,Jean-Pierre Jabouille,no,1,1979 Formula One season,https://en.wikipedia.org/wiki/1979_Formula_One_season,1370964929,https://en.wikipedia.org/w/index.php?oldid=1370964929,2026-09-28T09:17:30Z
325,322,1979,9,1979-07-14,British Grand Prix,wp1172362,Clay Regazzoni,no,5,1979 Formula One season,https://en.wikipedia.org/wiki/1979_Formula_One_season,1370964929,https://en.wikipedia.org/w/index.php?oldid=1370964929,2026-09-28T09:17:30Z
326,323,1979,10,1979-07-29,German Grand Prix,wp255129,Alan Jones,no,2,1979 Formula One season,https://en.wikipedia.org/wiki/1979_Formula_One_season,1370964929,https://en.wikipedia.org/w/index.php?oldid=1370964929,2026-09-28T09:17:30Z
327,324,1979,11,1979-08-12,Austrian Grand Prix,wp255129,Alan Jones,no,3,1979 Formula One season,https://en.wikipedia.org/wiki/1979_Formula_One_season,1370964929,https://en.wikipedia.org/w/index.php?oldid=1370964929,2026-09-28T09:17:30Z
328,325,1979,12,1979-08-26,Dutch Grand Prix,wp255129,Alan Jones,no,4,1979 Formula One season,https://en.wikipedia.org/wiki/1979_Formula_One_season,1370964929,https://en.wikipedia.org/w/index.php?oldid=1370964929,2026-09-28T09:17:30Z
329,326,1979,13,1979-09-09,Italian Grand Prix,wp243054,Jody Scheckter,no,10,1979 Formula One season,https://en.wikipedia.org/wiki/1979_Formula_One_season,1370964929,https://en.wikipedia.org/w/index.php?oldid=1370964929,2026-09-28T09:17:30Z
330,327,1979,14,1979-09-30,Canadian Grand Prix,wp255129,Alan Jones,no,5,1979 Formula One season,https://en.wikipedia.org/wiki/1979_Formula_One_season,1370964929,https://en.wikipedia.org/w/index.php?oldid=1370964929,2026-09-28T09:17:30Z
331,328,1979,15,1979-10-07,United States Grand Prix,wp86632,Gilles Villeneuve,no,4,1979 Formula One season,https://en.wikipedia.org/wiki/1979_Formula_One_season,1370964929,https://en.wikipedia.org/w/index.php?oldid=1370964929,2026-09-28T09:17:30Z
332,329,1980,1,1980-01-13,Argentine Grand Prix,wp255129,Alan Jones,no,6,1980 Formula One season,https://en.wikipedia.org/wiki/1980_Formula_One_season,1372906835,https://en.wikipedia.org/w/index.php?oldid=1372906835,2026-09-28T09:17:31Z
333,330,1980,2,1980-01-27,Brazilian Grand Prix,wp763767,René Arnoux,no,1,1980 Formula One season,https://en.wikipedia.org/wiki/1980_Formula_One_season,1372906835,https://en.wikipedia.org/w/index.php?oldid=1372906835,2026-09-28T09:17:31Z
334,331,1980,3,1980-03-01,South African Grand Prix,wp763767,René Arnoux,no,2,1980 Formula One season,https://en.wikipedia.org/wiki/1980_Formula_One_season,1372906835,https://en.wikipedia.org/w/index.php?oldid=1372906835,2026-09-28T09:17:31Z
335,332,1980,4,1980-03-30,United States Grand Prix West,wp204645,Nelson Piquet,no,1,1980 Formula One season,https://en.wikipedia.org/wiki/1980_Formula_One_season,1372906835,https://en.wikipedia.org/w/index.php?oldid=1372906835,2026-09-28T09:17:31Z
336,333,1980,5,1980-05-04,Belgian Grand Prix,wp1219767,Didier Pironi,no,1,1980 Formula One season,https://en.wikipedia.org/wiki/1980_Formula_One_season,1372906835,https://en.wikipedia.org/w/index.php?oldid=1372906835,2026-09-28T09:17:31Z
337,334,1980,6,1980-05-18,Monaco Grand Prix,wp7859379,Carlos Reutemann,no,10,1980 Formula One season,https://en.wikipedia.org/wiki/1980_Formula_One_season,1372906835,https://en.wikipedia.org/w/index.php?oldid=1372906835,2026-09-28T09:17:31Z
338,335,1980,7,1980-06-29,French Grand Prix,wp255129,Alan Jones,no,7,1980 Formula One season,https://en.wikipedia.org/wiki/1980_Formula_One_season,1372906835,https://en.wikipedia.org/w/index.php?oldid=1372906835,2026-09-28T09:17:31Z
339,336,1980,8,1980-07-13,British Grand Prix,wp255129,Alan Jones,no,8,1980 Formula One season,https://en.wikipedia.org/wiki/1980_Formula_One_season,1372906835,https://en.wikipedia.org/w/index.php?oldid=1372906835,2026-09-28T09:17:31Z
340,337,1980,9,1980-08-10,German Grand Prix,wp701324,Jacques Laffite,no,4,1980 Formula One season,https://en.wikipedia.org/wiki/1980_Formula_One_season,1372906835,https://en.wikipedia.org/w/index.php?oldid=1372906835,2026-09-28T09:17:31Z
341,338,1980,10,1980-08-17,Austrian Grand Prix,wp1226470,Jean-Pierre Jabouille,no,2,1980 Formula One season,https://en.wikipedia.org/wiki/1980_Formula_One_season,1372906835,https://en.wikipedia.org/w/index.php?oldid=1372906835,2026-09-28T09:17:31Z
342,339,1980,11,1980-08-31,Dutch Grand Prix,wp204645,Nelson Piquet,no,2,1980 Formula One season,https://en.wikipedia.org/wiki/1980_Formula_One_season,1372906835,https://en.wikipedia.org/w/index.php?oldid=1372906835,2026-09-28T09:17:31Z
343,340,1980,12,1980-09-14,Italian Grand Prix,wp204645,Nelson Piquet,no,3,1980 Formula One season,https://en.wikipedia.org/wiki/1980_Formula_One_season,1372906835,https://en.wikipedia.org/w/index.php?oldid=1372906835,2026-09-28T09:17:31Z
344,341,1980,13,1980-09-28,Canadian Grand Prix,wp255129,Alan Jones,no,9,1980 Formula One season,https://en.wikipedia.org/wiki/1980_Formula_One_season,1372906835,https://en.wikipedia.org/w/index.php?oldid=1372906835,2026-09-28T09:17:31Z
345,342,1980,14,1980-10-05,United States Grand Prix,wp255129,Alan Jones,no,10,1980 Formula One season,https://en.wikipedia.org/wiki/1980_Formula_One_season,1372906835,https://en.wikipedia.org/w/index.php?oldid=1372906835,2026-09-28T09:17:31Z
346,343,1981,1,1981-03-15,United States Grand Prix West,wp255129,Alan Jones,no,11,1981 Formula One World Championship,https://en.wikipedia.org/wiki/1981_Formula_One_World_Championship,1370911255,https://en.wikipedia.org/w/index.php?oldid=1370911255,2026-09-28T09:17:32Z
347,344,1981,2,1981-03-29,Brazilian Grand Prix,wp7859379,Carlos Reutemann,no,11,1981 Formula One World Championship,https://en.wikipedia.org/wiki/1981_Formula_One_World_Championship,1370911255,https://en.wikipedia.org/w/index.php?oldid=1370911255,2026-09-28T09:17:32Z
348,345,1981,3,1981-04-12,Argentine Grand Prix,wp204645,Nelson Piquet,no,4,1981 Formula One World Championship,https://en.wikipedia.org/wiki/1981_Formula_One_World_Championship,1370911255,https://en.wikipedia.org/w/index.php?oldid=1370911255,2026-09-28T09:17:32Z
349,346,1981,4,1981-05-03,San Marino Grand Prix,wp204645,Nelson Piquet,no,5,1981 Formula One World Championship,https://en.wikipedia.org/wiki/1981_Formula_One_World_Championship,1370911255,https://en.wikipedia.org/w/index.php?oldid=1370911255,2026-09-28T09:17:32Z
350,347,1981,5,1981-05-17,Belgian Grand Prix,wp7859379,Carlos Reutemann,no,12,1981 Formula One World Championship,https://en.wikipedia.org/wiki/1981_Formula_One_World_Championship,1370911255,https://en.wikipedia.org/w/index.php?oldid=1370911255,2026-09-28T09:17:32Z
351,348,1981,6,1981-05-31,Monaco Grand Prix,wp86632,Gilles Villeneuve,no,5,1981 Formula One World Championship,https://en.wikipedia.org/wiki/1981_Formula_One_World_Championship,1370911255,https://en.wikipedia.org/w/index.php?oldid=1370911255,2026-09-28T09:17:32Z
352,349,1981,7,1981-06-21,Spanish Grand Prix,wp86632,Gilles Villeneuve,no,6,1981 Formula One World Championship,https://en.wikipedia.org/wiki/1981_Formula_One_World_Championship,1370911255,https://en.wikipedia.org/w/index.php?oldid=1370911255,2026-09-28T09:17:32Z
353,350,1981,8,1981-07-05,French Grand Prix,wp36917,Alain Prost,no,1,1981 Formula One World Championship,https://en.wikipedia.org/wiki/1981_Formula_One_World_Championship,1370911255,https://en.wikipedia.org/w/index.php?oldid=1370911255,2026-09-28T09:17:32Z
354,351,1981,9,1981-07-18,British Grand Prix,wp30874971,John Watson,no,2,1981 Formula One World Championship,https://en.wikipedia.org/wiki/1981_Formula_One_World_Championship,1370911255,https://en.wikipedia.org/w/index.php?oldid=1370911255,2026-09-28T09:17:32Z
355,352,1981,10,1981-08-02,German Grand Prix,wp204645,Nelson Piquet,no,6,1981 Formula One World Championship,https://en.wikipedia.org/wiki/1981_Formula_One_World_Championship,1370911255,https://en.wikipedia.org/w/index.php?oldid=1370911255,2026-09-28T09:17:32Z
356,353,1981,11,1981-08-16,Austrian Grand Prix,wp701324,Jacques Laffite,no,5,1981 Formula One World Championship,https://en.wikipedia.org/wiki/1981_Formula_One_World_Championship,1370911255,https://en.wikipedia.org/w/index.php?oldid=1370911255,2026-09-28T09:17:32Z
357,354,1981,12,1981-08-30,Dutch Grand Prix,wp36917,Alain Prost,no,2,1981 Formula One World Championship,https://en.wikipedia.org/wiki/1981_Formula_One_World_Championship,1370911255,https://en.wikipedia.org/w/index.php?oldid=1370911255,2026-09-28T09:17:32Z
358,355,1981,13,1981-09-13,Italian Grand Prix,wp36917,Alain Prost,no,3,1981 Formula One World Championship,https://en.wikipedia.org/wiki/1981_Formula_One_World_Championship,1370911255,https://en.wikipedia.org/w/index.php?oldid=1370911255,2026-09-28T09:17:32Z
359,356,1981,14,1981-09-27,Canadian Grand Prix,wp701324,Jacques Laffite,no,6,1981 Formula One World Championship,https://en.wikipedia.org/wiki/1981_Formula_One_World_Championship,1370911255,https://en.wikipedia.org/w/index.php?oldid=1370911255,2026-09-28T09:17:32Z
360,357,1981,15,1981-10-17,Caesars Palace Grand Prix,wp255129,Alan Jones,no,12,1981 Formula One World Championship,https://en.wikipedia.org/wiki/1981_Formula_One_World_Championship,1370911255,https://en.wikipedia.org/w/index.php?oldid=1370911255,2026-09-28T09:17:32Z
361,358,1982,1,1982-01-23,South African Grand Prix,wp36917,Alain Prost,no,4,1982 Formula One World Championship,https://en.wikipedia.org/wiki/1982_Formula_One_World_Championship,1373508906,https://en.wikipedia.org/w/index.php?oldid=1373508906,2026-09-28T09:17:33Z
362,359,1982,2,1982-03-21,Brazilian Grand Prix,wp36917,Alain Prost,no,5,1982 Formula One World Championship,https://en.wikipedia.org/wiki/1982_Formula_One_World_Championship,1373508906,https://en.wikipedia.org/w/index.php?oldid=1373508906,2026-09-28T09:17:33Z
363,360,1982,3,1982-04-04,United States Grand Prix West,wp40486,Niki Lauda,no,18,1982 Formula One World Championship,https://en.wikipedia.org/wiki/1982_Formula_One_World_Championship,1373508906,https://en.wikipedia.org/w/index.php?oldid=1373508906,2026-09-28T09:17:33Z
364,361,1982,4,1982-04-25,San Marino Grand Prix,wp1219767,Didier Pironi,no,2,1982 Formula One World Championship,https://en.wikipedia.org/wiki/1982_Formula_One_World_Championship,1373508906,https://en.wikipedia.org/w/index.php?oldid=1373508906,2026-09-28T09:17:33Z
365,362,1982,5,1982-05-09,Belgian Grand Prix,wp30874971,John Watson,no,3,1982 Formula One World Championship,https://en.wikipedia.org/wiki/1982_Formula_One_World_Championship,1373508906,https://en.wikipedia.org/w/index.php?oldid=1373508906,2026-09-28T09:17:33Z
366,363,1982,6,1982-05-23,Monaco Grand Prix,wp38875,Riccardo Patrese,no,1,1982 Formula One World Championship,https://en.wikipedia.org/wiki/1982_Formula_One_World_Championship,1373508906,https://en.wikipedia.org/w/index.php?oldid=1373508906,2026-09-28T09:17:33Z
367,364,1982,7,1982-06-06,Detroit Grand Prix,wp30874971,John Watson,no,4,1982 Formula One World Championship,https://en.wikipedia.org/wiki/1982_Formula_One_World_Championship,1373508906,https://en.wikipedia.org/w/index.php?oldid=1373508906,2026-09-28T09:17:33Z
368,365,1982,8,1982-06-13,Canadian Grand Prix,wp204645,Nelson Piquet,no,7,1982 Formula One World Championship,https://en.wikipedia.org/wiki/1982_Formula_One_World_Championship,1373508906,https://en.wikipedia.org/w/index.php?oldid=1373508906,2026-09-28T09:17:33Z
369,366,1982,9,1982-07-03,Dutch Grand Prix,wp1219767,Didier Pironi,no,3,1982 Formula One World Championship,https://en.wikipedia.org/wiki/1982_Formula_One_World_Championship,1373508906,https://en.wikipedia.org/w/index.php?oldid=1373508906,2026-09-28T09:17:33Z
370,367,1982,10,1982-07-18,British Grand Prix,wp40486,Niki Lauda,no,19,1982 Formula One World Championship,https://en.wikipedia.org/wiki/1982_Formula_One_World_Championship,1373508906,https://en.wikipedia.org/w/index.php?oldid=1373508906,2026-09-28T09:17:33Z
371,368,1982,11,1982-07-25,French Grand Prix,wp763767,René Arnoux,no,3,1982 Formula One World Championship,https://en.wikipedia.org/wiki/1982_Formula_One_World_Championship,1373508906,https://en.wikipedia.org/w/index.php?oldid=1373508906,2026-09-28T09:17:33Z
372,369,1982,12,1982-08-08,German Grand Prix,wp1223181,Patrick Tambay,no,1,1982 Formula One World Championship,https://en.wikipedia.org/wiki/1982_Formula_One_World_Championship,1373508906,https://en.wikipedia.org/w/index.php?oldid=1373508906,2026-09-28T09:17:33Z
373,370,1982,13,1982-08-15,Austrian Grand Prix,wp1048978,Elio de Angelis,no,1,1982 Formula One World Championship,https://en.wikipedia.org/wiki/1982_Formula_One_World_Championship,1373508906,https://en.wikipedia.org/w/index.php?oldid=1373508906,2026-09-28T09:17:33Z
374,371,1982,14,1982-08-29,Swiss Grand Prix,wp230197,Keke Rosberg,no,1,1982 Formula One World Championship,https://en.wikipedia.org/wiki/1982_Formula_One_World_Championship,1373508906,https://en.wikipedia.org/w/index.php?oldid=1373508906,2026-09-28T09:17:33Z
375,372,1982,15,1982-09-12,Italian Grand Prix,wp763767,René Arnoux,no,4,1982 Formula One World Championship,https://en.wikipedia.org/wiki/1982_Formula_One_World_Championship,1373508906,https://en.wikipedia.org/w/index.php?oldid=1373508906,2026-09-28T09:17:33Z
376,373,1982,16,1982-09-25,Caesars Palace Grand Prix,wp1018650,Michele Alboreto,no,1,1982 Formula One World Championship,https://en.wikipedia.org/wiki/1982_Formula_One_World_Championship,1373508906,https://en.wikipedia.org/w/index.php?oldid=1373508906,2026-09-28T09:17:33Z
377,374,1983,1,1983-03-13,Brazilian Grand Prix,wp204645,Nelson Piquet,no,8,1983 Formula One World Championship,https://en.wikipedia.org/wiki/1983_Formula_One_World_Championship,1370965369,https://en.wikipedia.org/w/index.php?oldid=1370965369,2026-09-28T09:17:34Z
378,375,1983,2,1983-03-27,United States Grand Prix West,wp30874971,John Watson,no,5,1983 Formula One World Championship,https://en.wikipedia.org/wiki/1983_Formula_One_World_Championship,1370965369,https://en.wikipedia.org/w/index.php?oldid=1370965369,2026-09-28T09:17:34Z
379,376,1983,3,1983-04-17,French Grand Prix,wp36917,Alain Prost,no,6,1983 Formula One World Championship,https://en.wikipedia.org/wiki/1983_Formula_One_World_Championship,1370965369,https://en.wikipedia.org/w/index.php?oldid=1370965369,2026-09-28T09:17:34Z
380,377,1983,4,1983-05-01,San Marino Grand Prix,wp1223181,Patrick Tambay,no,2,1983 Formula One World Championship,https://en.wikipedia.org/wiki/1983_Formula_One_World_Championship,1370965369,https://en.wikipedia.org/w/index.php?oldid=1370965369,2026-09-28T09:17:34Z
381,378,1983,5,1983-05-15,Monaco Grand Prix,wp230197,Keke Rosberg,no,2,1983 Formula One World Championship,https://en.wikipedia.org/wiki/1983_Formula_One_World_Championship,1370965369,https://en.wikipedia.org/w/index.php?oldid=1370965369,2026-09-28T09:17:34Z
382,379,1983,6,1983-05-22,Belgian Grand Prix,wp36917,Alain Prost,no,7,1983 Formula One World Championship,https://en.wikipedia.org/wiki/1983_Formula_One_World_Championship,1370965369,https://en.wikipedia.org/w/index.php?oldid=1370965369,2026-09-28T09:17:34Z
383,380,1983,7,1983-06-05,Detroit Grand Prix,wp1018650,Michele Alboreto,no,2,1983 Formula One World Championship,https://en.wikipedia.org/wiki/1983_Formula_One_World_Championship,1370965369,https://en.wikipedia.org/w/index.php?oldid=1370965369,2026-09-28T09:17:34Z
384,381,1983,8,1983-06-12,Canadian Grand Prix,wp763767,René Arnoux,no,5,1983 Formula One World Championship,https://en.wikipedia.org/wiki/1983_Formula_One_World_Championship,1370965369,https://en.wikipedia.org/w/index.php?oldid=1370965369,2026-09-28T09:17:34Z
385,382,1983,9,1983-07-16,British Grand Prix,wp36917,Alain Prost,no,8,1983 Formula One World Championship,https://en.wikipedia.org/wiki/1983_Formula_One_World_Championship,1370965369,https://en.wikipedia.org/w/index.php?oldid=1370965369,2026-09-28T09:17:34Z
386,383,1983,10,1983-08-07,German Grand Prix,wp763767,René Arnoux,no,6,1983 Formula One World Championship,https://en.wikipedia.org/wiki/1983_Formula_One_World_Championship,1370965369,https://en.wikipedia.org/w/index.php?oldid=1370965369,2026-09-28T09:17:34Z
387,384,1983,11,1983-08-14,Austrian Grand Prix,wp36917,Alain Prost,no,9,1983 Formula One World Championship,https://en.wikipedia.org/wiki/1983_Formula_One_World_Championship,1370965369,https://en.wikipedia.org/w/index.php?oldid=1370965369,2026-09-28T09:17:34Z
388,385,1983,12,1983-08-28,Dutch Grand Prix,wp763767,René Arnoux,no,7,1983 Formula One World Championship,https://en.wikipedia.org/wiki/1983_Formula_One_World_Championship,1370965369,https://en.wikipedia.org/w/index.php?oldid=1370965369,2026-09-28T09:17:34Z
389,386,1983,13,1983-09-11,Italian Grand Prix,wp204645,Nelson Piquet,no,9,1983 Formula One World Championship,https://en.wikipedia.org/wiki/1983_Formula_One_World_Championship,1370965369,https://en.wikipedia.org/w/index.php?oldid=1370965369,2026-09-28T09:17:34Z
390,387,1983,14,1983-09-25,European Grand Prix,wp204645,Nelson Piquet,no,10,1983 Formula One World Championship,https://en.wikipedia.org/wiki/1983_Formula_One_World_Championship,1370965369,https://en.wikipedia.org/w/index.php?oldid=1370965369,2026-09-28T09:17:34Z
391,388,1983,15,1983-10-15,South African Grand Prix,wp38875,Riccardo Patrese,no,2,1983 Formula One World Championship,https://en.wikipedia.org/wiki/1983_Formula_One_World_Championship,1370965369,https://en.wikipedia.org/w/index.php?oldid=1370965369,2026-09-28T09:17:34Z
392,389,1984,1,1984-03-25,Brazilian Grand Prix,wp36917,Alain Prost,no,10,1984 Formula One World Championship,https://en.wikipedia.org/wiki/1984_Formula_One_World_Championship,1372986620,https://en.wikipedia.org/w/index.php?oldid=1372986620,2026-09-28T09:17:34Z
393,390,1984,2,1984-04-07,South African Grand Prix,wp40486,Niki Lauda,no,20,1984 Formula One World Championship,https://en.wikipedia.org/wiki/1984_Formula_One_World_Championship,1372986620,https://en.wikipedia.org/w/index.php?oldid=1372986620,2026-09-28T09:17:34Z
394,391,1984,3,1984-04-29,Belgian Grand Prix,wp1018650,Michele Alboreto,no,3,1984 Formula One World Championship,https://en.wikipedia.org/wiki/1984_Formula_One_World_Championship,1372986620,https://en.wikipedia.org/w/index.php?oldid=1372986620,2026-09-28T09:17:34Z
395,392,1984,4,1984-05-06,San Marino Grand Prix,wp36917,Alain Prost,no,11,1984 Formula One World Championship,https://en.wikipedia.org/wiki/1984_Formula_One_World_Championship,1372986620,https://en.wikipedia.org/w/index.php?oldid=1372986620,2026-09-28T09:17:34Z
396,393,1984,5,1984-05-20,French Grand Prix,wp40486,Niki Lauda,no,21,1984 Formula One World Championship,https://en.wikipedia.org/wiki/1984_Formula_One_World_Championship,1372986620,https://en.wikipedia.org/w/index.php?oldid=1372986620,2026-09-28T09:17:34Z
397,394,1984,6,1984-06-03,Monaco Grand Prix,wp36917,Alain Prost,no,12,1984 Formula One World Championship,https://en.wikipedia.org/wiki/1984_Formula_One_World_Championship,1372986620,https://en.wikipedia.org/w/index.php?oldid=1372986620,2026-09-28T09:17:34Z
398,395,1984,7,1984-06-17,Canadian Grand Prix,wp204645,Nelson Piquet,no,11,1984 Formula One World Championship,https://en.wikipedia.org/wiki/1984_Formula_One_World_Championship,1372986620,https://en.wikipedia.org/w/index.php?oldid=1372986620,2026-09-28T09:17:34Z
399,396,1984,8,1984-06-24,Detroit Grand Prix,wp204645,Nelson Piquet,no,12,1984 Formula One World Championship,https://en.wikipedia.org/wiki/1984_Formula_One_World_Championship,1372986620,https://en.wikipedia.org/w/index.php?oldid=1372986620,2026-09-28T09:17:34Z
400,397,1984,9,1984-07-08,Dallas Grand Prix,wp230197,Keke Rosberg,no,3,1984 Formula One World Championship,https://en.wikipedia.org/wiki/1984_Formula_One_World_Championship,1372986620,https://en.wikipedia.org/w/index.php?oldid=1372986620,2026-09-28T09:17:34Z
401,398,1984,10,1984-07-22,British Grand Prix,wp40486,Niki Lauda,no,22,1984 Formula One World Championship,https://en.wikipedia.org/wiki/1984_Formula_One_World_Championship,1372986620,https://en.wikipedia.org/w/index.php?oldid=1372986620,2026-09-28T09:17:34Z
402,399,1984,11,1984-08-05,German Grand Prix,wp36917,Alain Prost,no,13,1984 Formula One World Championship,https://en.wikipedia.org/wiki/1984_Formula_One_World_Championship,1372986620,https://en.wikipedia.org/w/index.php?oldid=1372986620,2026-09-28T09:17:34Z
403,400,1984,12,1984-08-19,Austrian Grand Prix,wp40486,Niki Lauda,no,23,1984 Formula One World Championship,https://en.wikipedia.org/wiki/1984_Formula_One_World_Championship,1372986620,https://en.wikipedia.org/w/index.php?oldid=1372986620,2026-09-28T09:17:34Z
404,401,1984,13,1984-08-26,Dutch Grand Prix,wp36917,Alain Prost,no,14,1984 Formula One World Championship,https://en.wikipedia.org/wiki/1984_Formula_One_World_Championship,1372986620,https://en.wikipedia.org/w/index.php?oldid=1372986620,2026-09-28T09:17:34Z
405,402,1984,14,1984-09-09,Italian Grand Prix,wp40486,Niki Lauda,no,24,1984 Formula One World Championship,https://en.wikipedia.org/wiki/1984_Formula_One_World_Championship,1372986620,https://en.wikipedia.org/w/index.php?oldid=1372986620,2026-09-28T09:17:34Z
406,403,1984,15,1984-10-07,European Grand Prix,wp36917,Alain Prost,no,15,1984 Formula One World Championship,https://en.wikipedia.org/wiki/1984_Formula_One_World_Championship,1372986620,https://en.wikipedia.org/w/index.php?oldid=1372986620,2026-09-28T09:17:34Z
407,404,1984,16,1984-10-21,Portuguese Grand Prix,wp36917,Alain Prost,no,16,1984 Formula One World Championship,https://en.wikipedia.org/wiki/1984_Formula_One_World_Championship,1372986620,https://en.wikipedia.org/w/index.php?oldid=1372986620,2026-09-28T09:17:34Z
408,405,1985,1,1985-04-07,Brazilian Grand Prix,wp36917,Alain Prost,no,17,1985 Formula One World Championship,https://en.wikipedia.org/wiki/1985_Formula_One_World_Championship,1371261644,https://en.wikipedia.org/w/index.php?oldid=1371261644,2026-09-28T09:17:36Z
409,406,1985,2,1985-04-21,Portuguese Grand Prix,wp146638,Ayrton Senna,no,1,1985 Formula One World Championship,https://en.wikipedia.org/wiki/1985_Formula_One_World_Championship,1371261644,https://en.wikipedia.org/w/index.php?oldid=1371261644,2026-09-28T09:17:36Z
410,407,1985,3,1985-05-05,San Marino Grand Prix,wp1048978,Elio de Angelis,no,2,1985 Formula One World Championship,https://en.wikipedia.org/wiki/1985_Formula_One_World_Championship,1371261644,https://en.wikipedia.org/w/index.php?oldid=1371261644,2026-09-28T09:17:36Z
411,408,1985,4,1985-05-19,Monaco Grand Prix,wp36917,Alain Prost,no,18,1985 Formula One World Championship,https://en.wikipedia.org/wiki/1985_Formula_One_World_Championship,1371261644,https://en.wikipedia.org/w/index.php?oldid=1371261644,2026-09-28T09:17:36Z
412,409,1985,5,1985-06-16,Canadian Grand Prix,wp1018650,Michele Alboreto,no,4,1985 Formula One World Championship,https://en.wikipedia.org/wiki/1985_Formula_One_World_Championship,1371261644,https://en.wikipedia.org/w/index.php?oldid=1371261644,2026-09-28T09:17:36Z
413,410,1985,6,1985-06-23,Detroit Grand Prix,wp230197,Keke Rosberg,no,4,1985 Formula One World Championship,https://en.wikipedia.org/wiki/1985_Formula_One_World_Championship,1371261644,https://en.wikipedia.org/w/index.php?oldid=1371261644,2026-09-28T09:17:36Z
414,411,1985,7,1985-07-07,French Grand Prix,wp204645,Nelson Piquet,no,13,1985 Formula One World Championship,https://en.wikipedia.org/wiki/1985_Formula_One_World_Championship,1371261644,https://en.wikipedia.org/w/index.php?oldid=1371261644,2026-09-28T09:17:36Z
415,412,1985,8,1985-07-21,British Grand Prix,wp36917,Alain Prost,no,19,1985 Formula One World Championship,https://en.wikipedia.org/wiki/1985_Formula_One_World_Championship,1371261644,https://en.wikipedia.org/w/index.php?oldid=1371261644,2026-09-28T09:17:36Z
416,413,1985,9,1985-08-04,German Grand Prix,wp1018650,Michele Alboreto,no,5,1985 Formula One World Championship,https://en.wikipedia.org/wiki/1985_Formula_One_World_Championship,1371261644,https://en.wikipedia.org/w/index.php?oldid=1371261644,2026-09-28T09:17:36Z
417,414,1985,10,1985-08-18,Austrian Grand Prix,wp36917,Alain Prost,no,20,1985 Formula One World Championship,https://en.wikipedia.org/wiki/1985_Formula_One_World_Championship,1371261644,https://en.wikipedia.org/w/index.php?oldid=1371261644,2026-09-28T09:17:36Z
418,415,1985,11,1985-08-25,Dutch Grand Prix,wp40486,Niki Lauda,no,25,1985 Formula One World Championship,https://en.wikipedia.org/wiki/1985_Formula_One_World_Championship,1371261644,https://en.wikipedia.org/w/index.php?oldid=1371261644,2026-09-28T09:17:36Z
419,416,1985,12,1985-09-08,Italian Grand Prix,wp36917,Alain Prost,no,21,1985 Formula One World Championship,https://en.wikipedia.org/wiki/1985_Formula_One_World_Championship,1371261644,https://en.wikipedia.org/w/index.php?oldid=1371261644,2026-09-28T09:17:36Z
420,417,1985,13,1985-09-15,Belgian Grand Prix,wp146638,Ayrton Senna,no,2,1985 Formula One World Championship,https://en.wikipedia.org/wiki/1985_Formula_One_World_Championship,1371261644,https://en.wikipedia.org/w/index.php?oldid=1371261644,2026-09-28T09:17:36Z
421,418,1985,14,1985-10-06,European Grand Prix,wp228615,Nigel Mansell,no,1,1985 Formula One World Championship,https://en.wikipedia.org/wiki/1985_Formula_One_World_Championship,1371261644,https://en.wikipedia.org/w/index.php?oldid=1371261644,2026-09-28T09:17:36Z
422,419,1985,15,1985-10-19,South African Grand Prix,wp228615,Nigel Mansell,no,2,1985 Formula One World Championship,https://en.wikipedia.org/wiki/1985_Formula_One_World_Championship,1371261644,https://en.wikipedia.org/w/index.php?oldid=1371261644,2026-09-28T09:17:36Z
423,420,1985,16,1985-11-03,Australian Grand Prix,wp230197,Keke Rosberg,no,5,1985 Formula One World Championship,https://en.wikipedia.org/wiki/1985_Formula_One_World_Championship,1371261644,https://en.wikipedia.org/w/index.php?oldid=1371261644,2026-09-28T09:17:36Z
424,421,1986,1,1986-03-23,Brazilian Grand Prix,wp204645,Nelson Piquet,no,14,1986 Formula One World Championship,https://en.wikipedia.org/wiki/1986_Formula_One_World_Championship,1371098877,https://en.wikipedia.org/w/index.php?oldid=1371098877,2026-09-28T09:17:37Z
425,422,1986,2,1986-04-13,Spanish Grand Prix,wp146638,Ayrton Senna,no,3,1986 Formula One World Championship,https://en.wikipedia.org/wiki/1986_Formula_One_World_Championship,1371098877,https://en.wikipedia.org/w/index.php?oldid=1371098877,2026-09-28T09:17:37Z
426,423,1986,3,1986-04-27,San Marino Grand Prix,wp36917,Alain Prost,no,22,1986 Formula One World Championship,https://en.wikipedia.org/wiki/1986_Formula_One_World_Championship,1371098877,https://en.wikipedia.org/w/index.php?oldid=1371098877,2026-09-28T09:17:37Z
427,424,1986,4,1986-05-11,Monaco Grand Prix,wp36917,Alain Prost,no,23,1986 Formula One World Championship,https://en.wikipedia.org/wiki/1986_Formula_One_World_Championship,1371098877,https://en.wikipedia.org/w/index.php?oldid=1371098877,2026-09-28T09:17:37Z
428,425,1986,5,1986-05-25,Belgian Grand Prix,wp228615,Nigel Mansell,no,3,1986 Formula One World Championship,https://en.wikipedia.org/wiki/1986_Formula_One_World_Championship,1371098877,https://en.wikipedia.org/w/index.php?oldid=1371098877,2026-09-28T09:17:37Z
429,426,1986,6,1986-06-15,Canadian Grand Prix,wp228615,Nigel Mansell,no,4,1986 Formula One World Championship,https://en.wikipedia.org/wiki/1986_Formula_One_World_Championship,1371098877,https://en.wikipedia.org/w/index.php?oldid=1371098877,2026-09-28T09:17:37Z
430,427,1986,7,1986-06-22,Detroit Grand Prix,wp146638,Ayrton Senna,no,4,1986 Formula One World Championship,https://en.wikipedia.org/wiki/1986_Formula_One_World_Championship,1371098877,https://en.wikipedia.org/w/index.php?oldid=1371098877,2026-09-28T09:17:37Z
431,428,1986,8,1986-07-06,French Grand Prix,wp228615,Nigel Mansell,no,5,1986 Formula One World Championship,https://en.wikipedia.org/wiki/1986_Formula_One_World_Championship,1371098877,https://en.wikipedia.org/w/index.php?oldid=1371098877,2026-09-28T09:17:37Z
432,429,1986,9,1986-07-13,British Grand Prix,wp228615,Nigel Mansell,no,6,1986 Formula One World Championship,https://en.wikipedia.org/wiki/1986_Formula_One_World_Championship,1371098877,https://en.wikipedia.org/w/index.php?oldid=1371098877,2026-09-28T09:17:37Z
433,430,1986,10,1986-07-27,German Grand Prix,wp204645,Nelson Piquet,no,15,1986 Formula One World Championship,https://en.wikipedia.org/wiki/1986_Formula_One_World_Championship,1371098877,https://en.wikipedia.org/w/index.php?oldid=1371098877,2026-09-28T09:17:37Z
434,431,1986,11,1986-08-10,Hungarian Grand Prix,wp204645,Nelson Piquet,no,16,1986 Formula One World Championship,https://en.wikipedia.org/wiki/1986_Formula_One_World_Championship,1371098877,https://en.wikipedia.org/w/index.php?oldid=1371098877,2026-09-28T09:17:37Z
435,432,1986,12,1986-08-17,Austrian Grand Prix,wp36917,Alain Prost,no,24,1986 Formula One World Championship,https://en.wikipedia.org/wiki/1986_Formula_One_World_Championship,1371098877,https://en.wikipedia.org/w/index.php?oldid=1371098877,2026-09-28T09:17:37Z
436,433,1986,13,1986-09-07,Italian Grand Prix,wp204645,Nelson Piquet,no,17,1986 Formula One World Championship,https://en.wikipedia.org/wiki/1986_Formula_One_World_Championship,1371098877,https://en.wikipedia.org/w/index.php?oldid=1371098877,2026-09-28T09:17:37Z
437,434,1986,14,1986-09-21,Portuguese Grand Prix,wp228615,Nigel Mansell,no,7,1986 Formula One World Championship,https://en.wikipedia.org/wiki/1986_Formula_One_World_Championship,1371098877,https://en.wikipedia.org/w/index.php?oldid=1371098877,2026-09-28T09:17:37Z
438,435,1986,15,1986-10-12,Mexican Grand Prix,wp343833,Gerhard Berger,no,1,1986 Formula One World Championship,https://en.wikipedia.org/wiki/1986_Formula_One_World_Championship,1371098877,https://en.wikipedia.org/w/index.php?oldid=1371098877,2026-09-28T09:17:37Z
439,436,1986,16,1986-10-26,Australian Grand Prix,wp36917,Alain Prost,no,25,1986 Formula One World Championship,https://en.wikipedia.org/wiki/1986_Formula_One_World_Championship,1371098877,https://en.wikipedia.org/w/index.php?oldid=1371098877,2026-09-28T09:17:37Z
440,437,1987,1,1987-04-12,Brazilian Grand Prix,wp36917,Alain Prost,no,26,1987 Formula One World Championship,https://en.wikipedia.org/wiki/1987_Formula_One_World_Championship,1374543474,https://en.wikipedia.org/w/index.php?oldid=1374543474,2026-09-28T09:17:38Z
441,438,1987,2,1987-05-03,San Marino Grand Prix,wp228615,Nigel Mansell,no,8,1987 Formula One World Championship,https://en.wikipedia.org/wiki/1987_Formula_One_World_Championship,1374543474,https://en.wikipedia.org/w/index.php?oldid=1374543474,2026-09-28T09:17:38Z
442,439,1987,3,1987-05-17,Belgian Grand Prix,wp36917,Alain Prost,no,27,1987 Formula One World Championship,https://en.wikipedia.org/wiki/1987_Formula_One_World_Championship,1374543474,https://en.wikipedia.org/w/index.php?oldid=1374543474,2026-09-28T09:17:38Z
443,440,1987,4,1987-05-31,Monaco Grand Prix,wp146638,Ayrton Senna,no,5,1987 Formula One World Championship,https://en.wikipedia.org/wiki/1987_Formula_One_World_Championship,1374543474,https://en.wikipedia.org/w/index.php?oldid=1374543474,2026-09-28T09:17:38Z
444,441,1987,5,1987-06-21,Detroit Grand Prix,wp146638,Ayrton Senna,no,6,1987 Formula One World Championship,https://en.wikipedia.org/wiki/1987_Formula_One_World_Championship,1374543474,https://en.wikipedia.org/w/index.php?oldid=1374543474,2026-09-28T09:17:38Z
445,442,1987,6,1987-07-05,French Grand Prix,wp228615,Nigel Mansell,no,9,1987 Formula One World Championship,https://en.wikipedia.org/wiki/1987_Formula_One_World_Championship,1374543474,https://en.wikipedia.org/w/index.php?oldid=1374543474,2026-09-28T09:17:38Z
446,443,1987,7,1987-07-12,British Grand Prix,wp228615,Nigel Mansell,no,10,1987 Formula One World Championship,https://en.wikipedia.org/wiki/1987_Formula_One_World_Championship,1374543474,https://en.wikipedia.org/w/index.php?oldid=1374543474,2026-09-28T09:17:38Z
447,444,1987,8,1987-07-26,German Grand Prix,wp204645,Nelson Piquet,no,18,1987 Formula One World Championship,https://en.wikipedia.org/wiki/1987_Formula_One_World_Championship,1374543474,https://en.wikipedia.org/w/index.php?oldid=1374543474,2026-09-28T09:17:38Z
448,445,1987,9,1987-08-09,Hungarian Grand Prix,wp204645,Nelson Piquet,no,19,1987 Formula One World Championship,https://en.wikipedia.org/wiki/1987_Formula_One_World_Championship,1374543474,https://en.wikipedia.org/w/index.php?oldid=1374543474,2026-09-28T09:17:38Z
449,446,1987,10,1987-08-16,Austrian Grand Prix,wp228615,Nigel Mansell,no,11,1987 Formula One World Championship,https://en.wikipedia.org/wiki/1987_Formula_One_World_Championship,1374543474,https://en.wikipedia.org/w/index.php?oldid=1374543474,2026-09-28T09:17:38Z
450,447,1987,11,1987-09-06,Italian Grand Prix,wp204645,Nelson Piquet,no,20,1987 Formula One World Championship,https://en.wikipedia.org/wiki/1987_Formula_One_World_Championship,1374543474,https://en.wikipedia.org/w/index.php?oldid=1374543474,2026-09-28T09:17:38Z
451,448,1987,12,1987-09-20,Portuguese Grand Prix,wp36917,Alain Prost,no,28,1987 Formula One World Championship,https://en.wikipedia.org/wiki/1987_Formula_One_World_Championship,1374543474,https://en.wikipedia.org/w/index.php?oldid=1374543474,2026-09-28T09:17:38Z
452,449,1987,13,1987-09-27,Spanish Grand Prix,wp228615,Nigel Mansell,no,12,1987 Formula One World Championship,https://en.wikipedia.org/wiki/1987_Formula_One_World_Championship,1374543474,https://en.wikipedia.org/w/index.php?oldid=1374543474,2026-09-28T09:17:38Z
453,450,1987,14,1987-10-18,Mexican Grand Prix,wp228615,Nigel Mansell,no,13,1987 Formula One World Championship,https://en.wikipedia.org/wiki/1987_Formula_One_World_Championship,1374543474,https://en.wikipedia.org/w/index.php?oldid=1374543474,2026-09-28T09:17:38Z
454,451,1987,15,1987-11-01,Japanese Grand Prix,wp343833,Gerhard Berger,no,2,1987 Formula One World Championship,https://en.wikipedia.org/wiki/1987_Formula_One_World_Championship,1374543474,https://en.wikipedia.org/w/index.php?oldid=1374543474,2026-09-28T09:17:38Z
455,452,1987,16,1987-11-15,Australian Grand Prix,wp343833,Gerhard Berger,no,3,1987 Formula One World Championship,https://en.wikipedia.org/wiki/1987_Formula_One_World_Championship,1374543474,https://en.wikipedia.org/w/index.php?oldid=1374543474,2026-09-28T09:17:38Z
456,453,1988,1,1988-04-03,Brazilian Grand Prix,wp36917,Alain Prost,no,29,1988 Formula One World Championship,https://en.wikipedia.org/wiki/1988_Formula_One_World_Championship,1371162986,https://en.wikipedia.org/w/index.php?oldid=1371162986,2026-09-28T09:17:39Z
457,454,1988,2,1988-05-01,San Marino Grand Prix,wp146638,Ayrton Senna,no,7,1988 Formula One World Championship,https://en.wikipedia.org/wiki/1988_Formula_One_World_Championship,1371162986,https://en.wikipedia.org/w/index.php?oldid=1371162986,2026-09-28T09:17:39Z
458,455,1988,3,1988-05-15,Monaco Grand Prix,wp36917,Alain Prost,no,30,1988 Formula One World Championship,https://en.wikipedia.org/wiki/1988_Formula_One_World_Championship,1371162986,https://en.wikipedia.org/w/index.php?oldid=1371162986,2026-09-28T09:17:39Z
459,456,1988,4,1988-05-29,Mexican Grand Prix,wp36917,Alain Prost,no,31,1988 Formula One World Championship,https://en.wikipedia.org/wiki/1988_Formula_One_World_Championship,1371162986,https://en.wikipedia.org/w/index.php?oldid=1371162986,2026-09-28T09:17:39Z
460,457,1988,5,1988-06-12,Canadian Grand Prix,wp146638,Ayrton Senna,no,8,1988 Formula One World Championship,https://en.wikipedia.org/wiki/1988_Formula_One_World_Championship,1371162986,https://en.wikipedia.org/w/index.php?oldid=1371162986,2026-09-28T09:17:39Z
461,458,1988,6,1988-06-19,Detroit Grand Prix,wp146638,Ayrton Senna,no,9,1988 Formula One World Championship,https://en.wikipedia.org/wiki/1988_Formula_One_World_Championship,1371162986,https://en.wikipedia.org/w/index.php?oldid=1371162986,2026-09-28T09:17:39Z
462,459,1988,7,1988-07-03,French Grand Prix,wp36917,Alain Prost,no,32,1988 Formula One World Championship,https://en.wikipedia.org/wiki/1988_Formula_One_World_Championship,1371162986,https://en.wikipedia.org/w/index.php?oldid=1371162986,2026-09-28T09:17:39Z
463,460,1988,8,1988-07-10,British Grand Prix,wp146638,Ayrton Senna,no,10,1988 Formula One World Championship,https://en.wikipedia.org/wiki/1988_Formula_One_World_Championship,1371162986,https://en.wikipedia.org/w/index.php?oldid=1371162986,2026-09-28T09:17:39Z
464,461,1988,9,1988-07-24,German Grand Prix,wp146638,Ayrton Senna,no,11,1988 Formula One World Championship,https://en.wikipedia.org/wiki/1988_Formula_One_World_Championship,1371162986,https://en.wikipedia.org/w/index.php?oldid=1371162986,2026-09-28T09:17:39Z
465,462,1988,10,1988-08-07,Hungarian Grand Prix,wp146638,Ayrton Senna,no,12,1988 Formula One World Championship,https://en.wikipedia.org/wiki/1988_Formula_One_World_Championship,1371162986,https://en.wikipedia.org/w/index.php?oldid=1371162986,2026-09-28T09:17:39Z
466,463,1988,11,1988-08-28,Belgian Grand Prix,wp146638,Ayrton Senna,no,13,1988 Formula One World Championship,https://en.wikipedia.org/wiki/1988_Formula_One_World_Championship,1371162986,https://en.wikipedia.org/w/index.php?oldid=1371162986,2026-09-28T09:17:39Z
467,464,1988,12,1988-09-11,Italian Grand Prix,wp343833,Gerhard Berger,no,4,1988 Formula One World Championship,https://en.wikipedia.org/wiki/1988_Formula_One_World_Championship,1371162986,https://en.wikipedia.org/w/index.php?oldid=1371162986,2026-09-28T09:17:39Z
468,465,1988,13,1988-09-25,Portuguese Grand Prix,wp36917,Alain Prost,no,33,1988 Formula One World Championship,https://en.wikipedia.org/wiki/1988_Formula_One_World_Championship,1371162986,https://en.wikipedia.org/w/index.php?oldid=1371162986,2026-09-28T09:17:39Z
469,466,1988,14,1988-10-02,Spanish Grand Prix,wp36917,Alain Prost,no,34,1988 Formula One World Championship,https://en.wikipedia.org/wiki/1988_Formula_One_World_Championship,1371162986,https://en.wikipedia.org/w/index.php?oldid=1371162986,2026-09-28T09:17:39Z
470,467,1988,15,1988-10-30,Japanese Grand Prix,wp146638,Ayrton Senna,no,14,1988 Formula One World Championship,https://en.wikipedia.org/wiki/1988_Formula_One_World_Championship,1371162986,https://en.wikipedia.org/w/index.php?oldid=1371162986,2026-09-28T09:17:39Z
471,468,1988,16,1988-11-13,Australian Grand Prix,wp36917,Alain Prost,no,35,1988 Formula One World Championship,https://en.wikipedia.org/wiki/1988_Formula_One_World_Championship,1371162986,https://en.wikipedia.org/w/index.php?oldid=1371162986,2026-09-28T09:17:39Z
472,469,1989,1,1989-03-26,Brazilian Grand Prix,wp228615,Nigel Mansell,no,14,1989 Formula One World Championship,https://en.wikipedia.org/wiki/1989_Formula_One_World_Championship,1376825078,https://en.wikipedia.org/w/index.php?oldid=1376825078,2026-09-28T09:17:40Z
473,470,1989,2,1989-04-23,San Marino Grand Prix,wp146638,Ayrton Senna,no,15,1989 Formula One World Championship,https://en.wikipedia.org/wiki/1989_Formula_One_World_Championship,1376825078,https://en.wikipedia.org/w/index.php?oldid=1376825078,2026-09-28T09:17:40Z
474,471,1989,3,1989-05-07,Monaco Grand Prix,wp146638,Ayrton Senna,no,16,1989 Formula One World Championship,https://en.wikipedia.org/wiki/1989_Formula_One_World_Championship,1376825078,https://en.wikipedia.org/w/index.php?oldid=1376825078,2026-09-28T09:17:40Z
475,472,1989,4,1989-05-28,Mexican Grand Prix,wp146638,Ayrton Senna,no,17,1989 Formula One World Championship,https://en.wikipedia.org/wiki/1989_Formula_One_World_Championship,1376825078,https://en.wikipedia.org/w/index.php?oldid=1376825078,2026-09-28T09:17:40Z
476,473,1989,5,1989-06-04,United States Grand Prix,wp36917,Alain Prost,no,36,1989 Formula One World Championship,https://en.wikipedia.org/wiki/1989_Formula_One_World_Championship,1376825078,https://en.wikipedia.org/w/index.php?oldid=1376825078,2026-09-28T09:17:40Z
477,474,1989,6,1989-06-18,Canadian Grand Prix,wp1114709,Thierry Boutsen,no,1,1989 Formula One World Championship,https://en.wikipedia.org/wiki/1989_Formula_One_World_Championship,1376825078,https://en.wikipedia.org/w/index.php?oldid=1376825078,2026-09-28T09:17:40Z
478,475,1989,7,1989-07-09,French Grand Prix,wp36917,Alain Prost,no,37,1989 Formula One World Championship,https://en.wikipedia.org/wiki/1989_Formula_One_World_Championship,1376825078,https://en.wikipedia.org/w/index.php?oldid=1376825078,2026-09-28T09:17:40Z
479,476,1989,8,1989-07-16,British Grand Prix,wp36917,Alain Prost,no,38,1989 Formula One World Championship,https://en.wikipedia.org/wiki/1989_Formula_One_World_Championship,1376825078,https://en.wikipedia.org/w/index.php?oldid=1376825078,2026-09-28T09:17:40Z
480,477,1989,9,1989-07-30,German Grand Prix,wp146638,Ayrton Senna,no,18,1989 Formula One World Championship,https://en.wikipedia.org/wiki/1989_Formula_One_World_Championship,1376825078,https://en.wikipedia.org/w/index.php?oldid=1376825078,2026-09-28T09:17:40Z
481,478,1989,10,1989-08-13,Hungarian Grand Prix,wp228615,Nigel Mansell,no,15,1989 Formula One World Championship,https://en.wikipedia.org/wiki/1989_Formula_One_World_Championship,1376825078,https://en.wikipedia.org/w/index.php?oldid=1376825078,2026-09-28T09:17:40Z
482,479,1989,11,1989-08-27,Belgian Grand Prix,wp146638,Ayrton Senna,no,19,1989 Formula One World Championship,https://en.wikipedia.org/wiki/1989_Formula_One_World_Championship,1376825078,https://en.wikipedia.org/w/index.php?oldid=1376825078,2026-09-28T09:17:40Z
483,480,1989,12,1989-09-10,Italian Grand Prix,wp36917,Alain Prost,no,39,1989 Formula One World Championship,https://en.wikipedia.org/wiki/1989_Formula_One_World_Championship,1376825078,https://en.wikipedia.org/w/index.php?oldid=1376825078,2026-09-28T09:17:40Z
484,481,1989,13,1989-09-24,Portuguese Grand Prix,wp343833,Gerhard Berger,no,5,1989 Formula One World Championship,https://en.wikipedia.org/wiki/1989_Formula_One_World_Championship,1376825078,https://en.wikipedia.org/w/index.php?oldid=1376825078,2026-09-28T09:17:40Z
485,482,1989,14,1989-10-01,Spanish Grand Prix,wp146638,Ayrton Senna,no,20,1989 Formula One World Championship,https://en.wikipedia.org/wiki/1989_Formula_One_World_Championship,1376825078,https://en.wikipedia.org/w/index.php?oldid=1376825078,2026-09-28T09:17:40Z
486,483,1989,15,1989-10-22,Japanese Grand Prix,wp1218385,Alessandro Nannini,no,1,1989 Formula One World Championship,https://en.wikipedia.org/wiki/1989_Formula_One_World_Championship,1376825078,https://en.wikipedia.org/w/index.php?oldid=1376825078,2026-09-28T09:17:40Z
487,484,1989,16,1989-11-05,Australian Grand Prix,wp1114709,Thierry Boutsen,no,2,1989 Formula One World Championship,https://en.wikipedia.org/wiki/1989_Formula_One_World_Championship,1376825078,https://en.wikipedia.org/w/index.php?oldid=1376825078,2026-09-28T09:17:40Z
488,485,1990,1,1990-03-11,United States Grand Prix,wp146638,Ayrton Senna,no,21,1990 Formula One World Championship,https://en.wikipedia.org/wiki/1990_Formula_One_World_Championship,1371101301,https://en.wikipedia.org/w/index.php?oldid=1371101301,2026-09-28T09:17:41Z
489,486,1990,2,1990-03-25,Brazilian Grand Prix,wp36917,Alain Prost,no,40,1990 Formula One World Championship,https://en.wikipedia.org/wiki/1990_Formula_One_World_Championship,1371101301,https://en.wikipedia.org/w/index.php?oldid=1371101301,2026-09-28T09:17:41Z
490,487,1990,3,1990-05-13,San Marino Grand Prix,wp38875,Riccardo Patrese,no,3,1990 Formula One World Championship,https://en.wikipedia.org/wiki/1990_Formula_One_World_Championship,1371101301,https://en.wikipedia.org/w/index.php?oldid=1371101301,2026-09-28T09:17:41Z
491,488,1990,4,1990-05-27,Monaco Grand Prix,wp146638,Ayrton Senna,no,22,1990 Formula One World Championship,https://en.wikipedia.org/wiki/1990_Formula_One_World_Championship,1371101301,https://en.wikipedia.org/w/index.php?oldid=1371101301,2026-09-28T09:17:41Z
492,489,1990,5,1990-06-10,Canadian Grand Prix,wp146638,Ayrton Senna,no,23,1990 Formula One World Championship,https://en.wikipedia.org/wiki/1990_Formula_One_World_Championship,1371101301,https://en.wikipedia.org/w/index.php?oldid=1371101301,2026-09-28T09:17:41Z
493,490,1990,6,1990-06-24,Mexican Grand Prix,wp36917,Alain Prost,no,41,1990 Formula One World Championship,https://en.wikipedia.org/wiki/1990_Formula_One_World_Championship,1371101301,https://en.wikipedia.org/w/index.php?oldid=1371101301,2026-09-28T09:17:41Z
494,491,1990,7,1990-07-08,French Grand Prix,wp36917,Alain Prost,no,42,1990 Formula One World Championship,https://en.wikipedia.org/wiki/1990_Formula_One_World_Championship,1371101301,https://en.wikipedia.org/w/index.php?oldid=1371101301,2026-09-28T09:17:41Z
495,492,1990,8,1990-07-15,British Grand Prix,wp36917,Alain Prost,no,43,1990 Formula One World Championship,https://en.wikipedia.org/wiki/1990_Formula_One_World_Championship,1371101301,https://en.wikipedia.org/w/index.php?oldid=1371101301,2026-09-28T09:17:41Z
496,493,1990,9,1990-07-29,German Grand Prix,wp146638,Ayrton Senna,no,24,1990 Formula One World Championship,https://en.wikipedia.org/wiki/1990_Formula_One_World_Championship,1371101301,https://en.wikipedia.org/w/index.php?oldid=1371101301,2026-09-28T09:17:41Z
497,494,1990,10,1990-08-12,Hungarian Grand Prix,wp1114709,Thierry Boutsen,no,3,1990 Formula One World Championship,https://en.wikipedia.org/wiki/1990_Formula_One_World_Championship,1371101301,https://en.wikipedia.org/w/index.php?oldid=1371101301,2026-09-28T09:17:41Z
498,495,1990,11,1990-08-26,Belgian Grand Prix,wp146638,Ayrton Senna,no,25,1990 Formula One World Championship,https://en.wikipedia.org/wiki/1990_Formula_One_World_Championship,1371101301,https://en.wikipedia.org/w/index.php?oldid=1371101301,2026-09-28T09:17:41Z
499,496,1990,12,1990-09-09,Italian Grand Prix,wp146638,Ayrton Senna,no,26,1990 Formula One World Championship,https://en.wikipedia.org/wiki/1990_Formula_One_World_Championship,1371101301,https://en.wikipedia.org/w/index.php?oldid=1371101301,2026-09-28T09:17:41Z
500,497,1990,13,1990-09-23,Portuguese Grand Prix,wp228615,Nigel Mansell,no,16,1990 Formula One World Championship,https://en.wikipedia.org/wiki/1990_Formula_One_World_Championship,1371101301,https://en.wikipedia.org/w/index.php?oldid=1371101301,2026-09-28T09:17:41Z
501,498,1990,14,1990-09-30,Spanish Grand Prix,wp36917,Alain Prost,no,44,1990 Formula One World Championship,https://en.wikipedia.org/wiki/1990_Formula_One_World_Championship,1371101301,https://en.wikipedia.org/w/index.php?oldid=1371101301,2026-09-28T09:17:41Z
502,499,1990,15,1990-10-21,Japanese Grand Prix,wp204645,Nelson Piquet,no,21,1990 Formula One World Championship,https://en.wikipedia.org/wiki/1990_Formula_One_World_Championship,1371101301,https://en.wikipedia.org/w/index.php?oldid=1371101301,2026-09-28T09:17:41Z
503,500,1990,16,1990-11-04,Australian Grand Prix,wp204645,Nelson Piquet,no,22,1990 Formula One World Championship,https://en.wikipedia.org/wiki/1990_Formula_One_World_Championship,1371101301,https://en.wikipedia.org/w/index.php?oldid=1371101301,2026-09-28T09:17:41Z
504,501,1991,1,1991-03-10,United States Grand Prix,wp146638,Ayrton Senna,no,27,1991 Formula One World Championship,https://en.wikipedia.org/wiki/1991_Formula_One_World_Championship,1376394398,https://en.wikipedia.org/w/index.php?oldid=1376394398,2026-09-28T09:17:42Z
505,502,1991,2,1991-03-24,Brazilian Grand Prix,wp146638,Ayrton Senna,no,28,1991 Formula One World Championship,https://en.wikipedia.org/wiki/1991_Formula_One_World_Championship,1376394398,https://en.wikipedia.org/w/index.php?oldid=1376394398,2026-09-28T09:17:42Z
506,503,1991,3,1991-04-28,San Marino Grand Prix,wp146638,Ayrton Senna,no,29,1991 Formula One World Championship,https://en.wikipedia.org/wiki/1991_Formula_One_World_Championship,1376394398,https://en.wikipedia.org/w/index.php?oldid=1376394398,2026-09-28T09:17:42Z
507,504,1991,4,1991-05-12,Monaco Grand Prix,wp146638,Ayrton Senna,no,30,1991 Formula One World Championship,https://en.wikipedia.org/wiki/1991_Formula_One_World_Championship,1376394398,https://en.wikipedia.org/w/index.php?oldid=1376394398,2026-09-28T09:17:42Z
508,505,1991,5,1991-06-02,Canadian Grand Prix,wp204645,Nelson Piquet,no,23,1991 Formula One World Championship,https://en.wikipedia.org/wiki/1991_Formula_One_World_Championship,1376394398,https://en.wikipedia.org/w/index.php?oldid=1376394398,2026-09-28T09:17:42Z
509,506,1991,6,1991-06-16,Mexican Grand Prix,wp38875,Riccardo Patrese,no,4,1991 Formula One World Championship,https://en.wikipedia.org/wiki/1991_Formula_One_World_Championship,1376394398,https://en.wikipedia.org/w/index.php?oldid=1376394398,2026-09-28T09:17:42Z
510,507,1991,7,1991-07-07,French Grand Prix,wp228615,Nigel Mansell,no,17,1991 Formula One World Championship,https://en.wikipedia.org/wiki/1991_Formula_One_World_Championship,1376394398,https://en.wikipedia.org/w/index.php?oldid=1376394398,2026-09-28T09:17:42Z
511,508,1991,8,1991-07-14,British Grand Prix,wp228615,Nigel Mansell,no,18,1991 Formula One World Championship,https://en.wikipedia.org/wiki/1991_Formula_One_World_Championship,1376394398,https://en.wikipedia.org/w/index.php?oldid=1376394398,2026-09-28T09:17:42Z
512,509,1991,9,1991-07-28,German Grand Prix,wp228615,Nigel Mansell,no,19,1991 Formula One World Championship,https://en.wikipedia.org/wiki/1991_Formula_One_World_Championship,1376394398,https://en.wikipedia.org/w/index.php?oldid=1376394398,2026-09-28T09:17:42Z
513,510,1991,10,1991-08-11,Hungarian Grand Prix,wp146638,Ayrton Senna,no,31,1991 Formula One World Championship,https://en.wikipedia.org/wiki/1991_Formula_One_World_Championship,1376394398,https://en.wikipedia.org/w/index.php?oldid=1376394398,2026-09-28T09:17:42Z
514,511,1991,11,1991-08-25,Belgian Grand Prix,wp146638,Ayrton Senna,no,32,1991 Formula One World Championship,https://en.wikipedia.org/wiki/1991_Formula_One_World_Championship,1376394398,https://en.wikipedia.org/w/index.php?oldid=1376394398,2026-09-28T09:17:42Z
515,512,1991,12,1991-09-08,Italian Grand Prix,wp228615,Nigel Mansell,no,20,1991 Formula One World Championship,https://en.wikipedia.org/wiki/1991_Formula_One_World_Championship,1376394398,https://en.wikipedia.org/w/index.php?oldid=1376394398,2026-09-28T09:17:42Z
516,513,1991,13,1991-09-22,Portuguese Grand Prix,wp38875,Riccardo Patrese,no,5,1991 Formula One World Championship,https://en.wikipedia.org/wiki/1991_Formula_One_World_Championship,1376394398,https://en.wikipedia.org/w/index.php?oldid=1376394398,2026-09-28T09:17:42Z
517,514,1991,14,1991-09-29,Spanish Grand Prix,wp228615,Nigel Mansell,no,21,1991 Formula One World Championship,https://en.wikipedia.org/wiki/1991_Formula_One_World_Championship,1376394398,https://en.wikipedia.org/w/index.php?oldid=1376394398,2026-09-28T09:17:42Z
518,515,1991,15,1991-10-20,Japanese Grand Prix,wp343833,Gerhard Berger,no,6,1991 Formula One World Championship,https://en.wikipedia.org/wiki/1991_Formula_One_World_Championship,1376394398,https://en.wikipedia.org/w/index.php?oldid=1376394398,2026-09-28T09:17:42Z
519,516,1991,16,1991-11-03,Australian Grand Prix,wp146638,Ayrton Senna,no,33,1991 Formula One World Championship,https://en.wikipedia.org/wiki/1991_Formula_One_World_Championship,1376394398,https://en.wikipedia.org/w/index.php?oldid=1376394398,2026-09-28T09:17:42Z
520,517,1992,1,1992-03-01,South African Grand Prix,wp228615,Nigel Mansell,no,22,1992 Formula One World Championship,https://en.wikipedia.org/wiki/1992_Formula_One_World_Championship,1369228178,https://en.wikipedia.org/w/index.php?oldid=1369228178,2026-09-28T09:17:43Z
521,518,1992,2,1992-03-22,Mexican Grand Prix,wp228615,Nigel Mansell,no,23,1992 Formula One World Championship,https://en.wikipedia.org/wiki/1992_Formula_One_World_Championship,1369228178,https://en.wikipedia.org/w/index.php?oldid=1369228178,2026-09-28T09:17:43Z
522,519,1992,3,1992-04-05,Brazilian Grand Prix,wp228615,Nigel Mansell,no,24,1992 Formula One World Championship,https://en.wikipedia.org/wiki/1992_Formula_One_World_Championship,1369228178,https://en.wikipedia.org/w/index.php?oldid=1369228178,2026-09-28T09:17:43Z
523,520,1992,4,1992-05-03,Spanish Grand Prix,wp228615,Nigel Mansell,no,25,1992 Formula One World Championship,https://en.wikipedia.org/wiki/1992_Formula_One_World_Championship,1369228178,https://en.wikipedia.org/w/index.php?oldid=1369228178,2026-09-28T09:17:43Z
524,521,1992,5,1992-05-17,San Marino Grand Prix,wp228615,Nigel Mansell,no,26,1992 Formula One World Championship,https://en.wikipedia.org/wiki/1992_Formula_One_World_Championship,1369228178,https://en.wikipedia.org/w/index.php?oldid=1369228178,2026-09-28T09:17:43Z
525,522,1992,6,1992-05-31,Monaco Grand Prix,wp146638,Ayrton Senna,no,34,1992 Formula One World Championship,https://en.wikipedia.org/wiki/1992_Formula_One_World_Championship,1369228178,https://en.wikipedia.org/w/index.php?oldid=1369228178,2026-09-28T09:17:43Z
526,523,1992,7,1992-06-14,Canadian Grand Prix,wp343833,Gerhard Berger,no,7,1992 Formula One World Championship,https://en.wikipedia.org/wiki/1992_Formula_One_World_Championship,1369228178,https://en.wikipedia.org/w/index.php?oldid=1369228178,2026-09-28T09:17:43Z
527,524,1992,8,1992-07-05,French Grand Prix,wp228615,Nigel Mansell,no,27,1992 Formula One World Championship,https://en.wikipedia.org/wiki/1992_Formula_One_World_Championship,1369228178,https://en.wikipedia.org/w/index.php?oldid=1369228178,2026-09-28T09:17:43Z
528,525,1992,9,1992-07-12,British Grand Prix,wp228615,Nigel Mansell,no,28,1992 Formula One World Championship,https://en.wikipedia.org/wiki/1992_Formula_One_World_Championship,1369228178,https://en.wikipedia.org/w/index.php?oldid=1369228178,2026-09-28T09:17:43Z
529,526,1992,10,1992-07-26,German Grand Prix,wp228615,Nigel Mansell,no,29,1992 Formula One World Championship,https://en.wikipedia.org/wiki/1992_Formula_One_World_Championship,1369228178,https://en.wikipedia.org/w/index.php?oldid=1369228178,2026-09-28T09:17:43Z
530,527,1992,11,1992-08-16,Hungarian Grand Prix,wp146638,Ayrton Senna,no,35,1992 Formula One World Championship,https://en.wikipedia.org/wiki/1992_Formula_One_World_Championship,1369228178,https://en.wikipedia.org/w/index.php?oldid=1369228178,2026-09-28T09:17:43Z
531,528,1992,12,1992-08-30,Belgian Grand Prix,wp20396,Michael Schumacher,no,1,1992 Formula One World Championship,https://en.wikipedia.org/wiki/1992_Formula_One_World_Championship,1369228178,https://en.wikipedia.org/w/index.php?oldid=1369228178,2026-09-28T09:17:43Z
532,529,1992,13,1992-09-13,Italian Grand Prix,wp146638,Ayrton Senna,no,36,1992 Formula One World Championship,https://en.wikipedia.org/wiki/1992_Formula_One_World_Championship,1369228178,https://en.wikipedia.org/w/index.php?oldid=1369228178,2026-09-28T09:17:43Z
533,530,1992,14,1992-09-27,Portuguese Grand Prix,wp228615,Nigel Mansell,no,30,1992 Formula One World Championship,https://en.wikipedia.org/wiki/1992_Formula_One_World_Championship,1369228178,https://en.wikipedia.org/w/index.php?oldid=1369228178,2026-09-28T09:17:43Z
534,531,1992,15,1992-10-25,Japanese Grand Prix,wp38875,Riccardo Patrese,no,6,1992 Formula One World Championship,https://en.wikipedia.org/wiki/1992_Formula_One_World_Championship,1369228178,https://en.wikipedia.org/w/index.php?oldid=1369228178,2026-09-28T09:17:43Z
535,532,1992,16,1992-11-08,Australian Grand Prix,wp343833,Gerhard Berger,no,8,1992 Formula One World Championship,https://en.wikipedia.org/wiki/1992_Formula_One_World_Championship,1369228178,https://en.wikipedia.org/w/index.php?oldid=1369228178,2026-09-28T09:17:43Z
536,533,1993,1,1993-03-14,South African Grand Prix,wp36917,Alain Prost,no,45,1993 Formula One World Championship,https://en.wikipedia.org/wiki/1993_Formula_One_World_Championship,1375412761,https://en.wikipedia.org/w/index.php?oldid=1375412761,2026-09-28T09:17:46Z
537,534,1993,2,1993-03-28,Brazilian Grand Prix,wp146638,Ayrton Senna,no,37,1993 Formula One World Championship,https://en.wikipedia.org/wiki/1993_Formula_One_World_Championship,1375412761,https://en.wikipedia.org/w/index.php?oldid=1375412761,2026-09-28T09:17:46Z
538,535,1993,3,1993-04-11,European Grand Prix,wp146638,Ayrton Senna,no,38,1993 Formula One World Championship,https://en.wikipedia.org/wiki/1993_Formula_One_World_Championship,1375412761,https://en.wikipedia.org/w/index.php?oldid=1375412761,2026-09-28T09:17:46Z
539,536,1993,4,1993-04-25,San Marino Grand Prix,wp36917,Alain Prost,no,46,1993 Formula One World Championship,https://en.wikipedia.org/wiki/1993_Formula_One_World_Championship,1375412761,https://en.wikipedia.org/w/index.php?oldid=1375412761,2026-09-28T09:17:46Z
540,537,1993,5,1993-05-09,Spanish Grand Prix,wp36917,Alain Prost,no,47,1993 Formula One World Championship,https://en.wikipedia.org/wiki/1993_Formula_One_World_Championship,1375412761,https://en.wikipedia.org/w/index.php?oldid=1375412761,2026-09-28T09:17:46Z
541,538,1993,6,1993-05-23,Monaco Grand Prix,wp146638,Ayrton Senna,no,39,1993 Formula One World Championship,https://en.wikipedia.org/wiki/1993_Formula_One_World_Championship,1375412761,https://en.wikipedia.org/w/index.php?oldid=1375412761,2026-09-28T09:17:46Z
542,539,1993,7,1993-06-13,Canadian Grand Prix,wp36917,Alain Prost,no,48,1993 Formula One World Championship,https://en.wikipedia.org/wiki/1993_Formula_One_World_Championship,1375412761,https://en.wikipedia.org/w/index.php?oldid=1375412761,2026-09-28T09:17:46Z
543,540,1993,8,1993-07-04,French Grand Prix,wp36917,Alain Prost,no,49,1993 Formula One World Championship,https://en.wikipedia.org/wiki/1993_Formula_One_World_Championship,1375412761,https://en.wikipedia.org/w/index.php?oldid=1375412761,2026-09-28T09:17:46Z
544,541,1993,9,1993-07-11,British Grand Prix,wp36917,Alain Prost,no,50,1993 Formula One World Championship,https://en.wikipedia.org/wiki/1993_Formula_One_World_Championship,1375412761,https://en.wikipedia.org/w/index.php?oldid=1375412761,2026-09-28T09:17:46Z
545,542,1993,10,1993-07-25,German Grand Prix,wp36917,Alain Prost,no,51,1993 Formula One World Championship,https://en.wikipedia.org/wiki/1993_Formula_One_World_Championship,1375412761,https://en.wikipedia.org/w/index.php?oldid=1375412761,2026-09-28T09:17:46Z
546,543,1993,11,1993-08-15,Hungarian Grand Prix,wp78249,Damon Hill,no,1,1993 Formula One World Championship,https://en.wikipedia.org/wiki/1993_Formula_One_World_Championship,1375412761,https://en.wikipedia.org/w/index.php?oldid=1375412761,2026-09-28T09:17:46Z
547,544,1993,12,1993-08-29,Belgian Grand Prix,wp78249,Damon Hill,no,2,1993 Formula One World Championship,https://en.wikipedia.org/wiki/1993_Formula_One_World_Championship,1375412761,https://en.wikipedia.org/w/index.php?oldid=1375412761,2026-09-28T09:17:46Z
548,545,1993,13,1993-09-12,Italian Grand Prix,wp78249,Damon Hill,no,3,1993 Formula One World Championship,https://en.wikipedia.org/wiki/1993_Formula_One_World_Championship,1375412761,https://en.wikipedia.org/w/index.php?oldid=1375412761,2026-09-28T09:17:46Z
549,546,1993,14,1993-09-26,Portuguese Grand Prix,wp20396,Michael Schumacher,no,2,1993 Formula One World Championship,https://en.wikipedia.org/wiki/1993_Formula_One_World_Championship,1375412761,https://en.wikipedia.org/w/index.php?oldid=1375412761,2026-09-28T09:17:46Z
550,547,1993,15,1993-10-24,Japanese Grand Prix,wp146638,Ayrton Senna,no,40,1993 Formula One World Championship,https://en.wikipedia.org/wiki/1993_Formula_One_World_Championship,1375412761,https://en.wikipedia.org/w/index.php?oldid=1375412761,2026-09-28T09:17:46Z
551,548,1993,16,1993-11-07,Australian Grand Prix,wp146638,Ayrton Senna,no,41,1993 Formula One World Championship,https://en.wikipedia.org/wiki/1993_Formula_One_World_Championship,1375412761,https://en.wikipedia.org/w/index.php?oldid=1375412761,2026-09-28T09:17:46Z
552,549,1994,1,1994-03-27,Brazilian Grand Prix,wp20396,Michael Schumacher,no,3,1994 Formula One World Championship,https://en.wikipedia.org/wiki/1994_Formula_One_World_Championship,1373068999,https://en.wikipedia.org/w/index.php?oldid=1373068999,2026-09-28T09:17:47Z
553,550,1994,2,1994-04-17,Pacific Grand Prix,wp20396,Michael Schumacher,no,4,1994 Formula One World Championship,https://en.wikipedia.org/wiki/1994_Formula_One_World_Championship,1373068999,https://en.wikipedia.org/w/index.php?oldid=1373068999,2026-09-28T09:17:47Z
554,551,1994,3,1994-05-01,San Marino Grand Prix,wp20396,Michael Schumacher,no,5,1994 Formula One World Championship,https://en.wikipedia.org/wiki/1994_Formula_One_World_Championship,1373068999,https://en.wikipedia.org/w/index.php?oldid=1373068999,2026-09-28T09:17:47Z
555,552,1994,4,1994-05-15,Monaco Grand Prix,wp20396,Michael Schumacher,no,6,1994 Formula One World Championship,https://en.wikipedia.org/wiki/1994_Formula_One_World_Championship,1373068999,https://en.wikipedia.org/w/index.php?oldid=1373068999,2026-09-28T09:17:47Z
556,553,1994,5,1994-05-29,Spanish Grand Prix,wp78249,Damon Hill,no,4,1994 Formula One World Championship,https://en.wikipedia.org/wiki/1994_Formula_One_World_Championship,1373068999,https://en.wikipedia.org/w/index.php?oldid=1373068999,2026-09-28T09:17:47Z
557,554,1994,6,1994-06-12,Canadian Grand Prix,wp20396,Michael Schumacher,no,7,1994 Formula One World Championship,https://en.wikipedia.org/wiki/1994_Formula_One_World_Championship,1373068999,https://en.wikipedia.org/w/index.php?oldid=1373068999,2026-09-28T09:17:47Z
558,555,1994,7,1994-07-03,French Grand Prix,wp20396,Michael Schumacher,no,8,1994 Formula One World Championship,https://en.wikipedia.org/wiki/1994_Formula_One_World_Championship,1373068999,https://en.wikipedia.org/w/index.php?oldid=1373068999,2026-09-28T09:17:47Z
559,556,1994,8,1994-07-10,British Grand Prix,wp78249,Damon Hill,no,5,1994 Formula One World Championship,https://en.wikipedia.org/wiki/1994_Formula_One_World_Championship,1373068999,https://en.wikipedia.org/w/index.php?oldid=1373068999,2026-09-28T09:17:47Z
560,557,1994,9,1994-07-31,German Grand Prix,wp343833,Gerhard Berger,no,9,1994 Formula One World Championship,https://en.wikipedia.org/wiki/1994_Formula_One_World_Championship,1373068999,https://en.wikipedia.org/w/index.php?oldid=1373068999,2026-09-28T09:17:47Z
561,558,1994,10,1994-08-14,Hungarian Grand Prix,wp20396,Michael Schumacher,no,9,1994 Formula One World Championship,https://en.wikipedia.org/wiki/1994_Formula_One_World_Championship,1373068999,https://en.wikipedia.org/w/index.php?oldid=1373068999,2026-09-28T09:17:47Z
562,559,1994,11,1994-08-28,Belgian Grand Prix,wp78249,Damon Hill,no,6,1994 Formula One World Championship,https://en.wikipedia.org/wiki/1994_Formula_One_World_Championship,1373068999,https://en.wikipedia.org/w/index.php?oldid=1373068999,2026-09-28T09:17:47Z
563,560,1994,12,1994-09-11,Italian Grand Prix,wp78249,Damon Hill,no,7,1994 Formula One World Championship,https://en.wikipedia.org/wiki/1994_Formula_One_World_Championship,1373068999,https://en.wikipedia.org/w/index.php?oldid=1373068999,2026-09-28T09:17:47Z
564,561,1994,13,1994-09-25,Portuguese Grand Prix,wp78249,Damon Hill,no,8,1994 Formula One World Championship,https://en.wikipedia.org/wiki/1994_Formula_One_World_Championship,1373068999,https://en.wikipedia.org/w/index.php?oldid=1373068999,2026-09-28T09:17:47Z
565,562,1994,14,1994-10-16,European Grand Prix,wp20396,Michael Schumacher,no,10,1994 Formula One World Championship,https://en.wikipedia.org/wiki/1994_Formula_One_World_Championship,1373068999,https://en.wikipedia.org/w/index.php?oldid=1373068999,2026-09-28T09:17:47Z
566,563,1994,15,1994-11-06,Japanese Grand Prix,wp78249,Damon Hill,no,9,1994 Formula One World Championship,https://en.wikipedia.org/wiki/1994_Formula_One_World_Championship,1373068999,https://en.wikipedia.org/w/index.php?oldid=1373068999,2026-09-28T09:17:47Z
567,564,1994,16,1994-11-13,Australian Grand Prix,wp228615,Nigel Mansell,no,31,1994 Formula One World Championship,https://en.wikipedia.org/wiki/1994_Formula_One_World_Championship,1373068999,https://en.wikipedia.org/w/index.php?oldid=1373068999,2026-09-28T09:17:47Z
568,565,1995,1,1995-03-26,Brazilian Grand Prix,wp20396,Michael Schumacher,no,11,1995 Formula One World Championship,https://en.wikipedia.org/wiki/1995_Formula_One_World_Championship,1375309886,https://en.wikipedia.org/w/index.php?oldid=1375309886,2026-09-28T09:17:48Z
569,566,1995,2,1995-04-09,Argentine Grand Prix,wp78249,Damon Hill,no,10,1995 Formula One World Championship,https://en.wikipedia.org/wiki/1995_Formula_One_World_Championship,1375309886,https://en.wikipedia.org/w/index.php?oldid=1375309886,2026-09-28T09:17:48Z
570,567,1995,3,1995-04-30,San Marino Grand Prix,wp78249,Damon Hill,no,11,1995 Formula One World Championship,https://en.wikipedia.org/wiki/1995_Formula_One_World_Championship,1375309886,https://en.wikipedia.org/w/index.php?oldid=1375309886,2026-09-28T09:17:48Z
571,568,1995,4,1995-05-14,Spanish Grand Prix,wp20396,Michael Schumacher,no,12,1995 Formula One World Championship,https://en.wikipedia.org/wiki/1995_Formula_One_World_Championship,1375309886,https://en.wikipedia.org/w/index.php?oldid=1375309886,2026-09-28T09:17:48Z
572,569,1995,5,1995-05-28,Monaco Grand Prix,wp20396,Michael Schumacher,no,13,1995 Formula One World Championship,https://en.wikipedia.org/wiki/1995_Formula_One_World_Championship,1375309886,https://en.wikipedia.org/w/index.php?oldid=1375309886,2026-09-28T09:17:48Z
573,570,1995,6,1995-06-11,Canadian Grand Prix,wp341553,Jean Alesi,no,1,1995 Formula One World Championship,https://en.wikipedia.org/wiki/1995_Formula_One_World_Championship,1375309886,https://en.wikipedia.org/w/index.php?oldid=1375309886,2026-09-28T09:17:48Z
574,571,1995,7,1995-07-02,French Grand Prix,wp20396,Michael Schumacher,no,14,1995 Formula One World Championship,https://en.wikipedia.org/wiki/1995_Formula_One_World_Championship,1375309886,https://en.wikipedia.org/w/index.php?oldid=1375309886,2026-09-28T09:17:48Z
575,572,1995,8,1995-07-16,British Grand Prix,wp342991,Johnny Herbert,no,1,1995 Formula One World Championship,https://en.wikipedia.org/wiki/1995_Formula_One_World_Championship,1375309886,https://en.wikipedia.org/w/index.php?oldid=1375309886,2026-09-28T09:17:48Z
576,573,1995,9,1995-07-30,German Grand Prix,wp20396,Michael Schumacher,no,15,1995 Formula One World Championship,https://en.wikipedia.org/wiki/1995_Formula_One_World_Championship,1375309886,https://en.wikipedia.org/w/index.php?oldid=1375309886,2026-09-28T09:17:48Z
577,574,1995,10,1995-08-13,Hungarian Grand Prix,wp78249,Damon Hill,no,12,1995 Formula One World Championship,https://en.wikipedia.org/wiki/1995_Formula_One_World_Championship,1375309886,https://en.wikipedia.org/w/index.php?oldid=1375309886,2026-09-28T09:17:48Z
578,575,1995,11,1995-08-27,Belgian Grand Prix,wp20396,Michael Schumacher,no,16,1995 Formula One World Championship,https://en.wikipedia.org/wiki/1995_Formula_One_World_Championship,1375309886,https://en.wikipedia.org/w/index.php?oldid=1375309886,2026-09-28T09:17:48Z
579,576,1995,12,1995-09-10,Italian Grand Prix,wp342991,Johnny Herbert,no,2,1995 Formula One World Championship,https://en.wikipedia.org/wiki/1995_Formula_One_World_Championship,1375309886,https://en.wikipedia.org/w/index.php?oldid=1375309886,2026-09-28T09:17:48Z
580,577,1995,13,1995-09-24,Portuguese Grand Prix,wp19636733,David Coulthard,no,1,1995 Formula One World Championship,https://en.wikipedia.org/wiki/1995_Formula_One_World_Championship,1375309886,https://en.wikipedia.org/w/index.php?oldid=1375309886,2026-09-28T09:17:48Z
581,578,1995,14,1995-10-01,European Grand Prix,wp20396,Michael Schumacher,no,17,1995 Formula One World Championship,https://en.wikipedia.org/wiki/1995_Formula_One_World_Championship,1375309886,https://en.wikipedia.org/w/index.php?oldid=1375309886,2026-09-28T09:17:48Z
582,579,1995,15,1995-10-22,Pacific Grand Prix,wp20396,Michael Schumacher,no,18,1995 Formula One World Championship,https://en.wikipedia.org/wiki/1995_Formula_One_World_Championship,1375309886,https://en.wikipedia.org/w/index.php?oldid=1375309886,2026-09-28T09:17:48Z
583,580,1995,16,1995-10-29,Japanese Grand Prix,wp20396,Michael Schumacher,no,19,1995 Formula One World Championship,https://en.wikipedia.org/wiki/1995_Formula_One_World_Championship,1375309886,https://en.wikipedia.org/w/index.php?oldid=1375309886,2026-09-28T09:17:48Z
584,581,1995,17,1995-11-12,Australian Grand Prix,wp78249,Damon Hill,no,13,1995 Formula One World Championship,https://en.wikipedia.org/wiki/1995_Formula_One_World_Championship,1375309886,https://en.wikipedia.org/w/index.php?oldid=1375309886,2026-09-28T09:17:48Z
585,582,1996,1,1996-03-10,Australian Grand Prix,wp78249,Damon Hill,no,14,1996 Formula One World Championship,https://en.wikipedia.org/wiki/1996_Formula_One_World_Championship,1376170380,https://en.wikipedia.org/w/index.php?oldid=1376170380,2026-09-28T09:17:50Z
586,583,1996,2,1996-03-31,Brazilian Grand Prix,wp78249,Damon Hill,no,15,1996 Formula One World Championship,https://en.wikipedia.org/wiki/1996_Formula_One_World_Championship,1376170380,https://en.wikipedia.org/w/index.php?oldid=1376170380,2026-09-28T09:17:50Z
587,584,1996,3,1996-04-07,Argentine Grand Prix,wp78249,Damon Hill,no,16,1996 Formula One World Championship,https://en.wikipedia.org/wiki/1996_Formula_One_World_Championship,1376170380,https://en.wikipedia.org/w/index.php?oldid=1376170380,2026-09-28T09:17:50Z
588,585,1996,4,1996-04-28,European Grand Prix,wp64258,Jacques Villeneuve,no,1,1996 Formula One World Championship,https://en.wikipedia.org/wiki/1996_Formula_One_World_Championship,1376170380,https://en.wikipedia.org/w/index.php?oldid=1376170380,2026-09-28T09:17:50Z
589,586,1996,5,1996-05-05,San Marino Grand Prix,wp78249,Damon Hill,no,17,1996 Formula One World Championship,https://en.wikipedia.org/wiki/1996_Formula_One_World_Championship,1376170380,https://en.wikipedia.org/w/index.php?oldid=1376170380,2026-09-28T09:17:50Z
590,587,1996,6,1996-05-19,Monaco Grand Prix,wp414513,Olivier Panis,no,1,1996 Formula One World Championship,https://en.wikipedia.org/wiki/1996_Formula_One_World_Championship,1376170380,https://en.wikipedia.org/w/index.php?oldid=1376170380,2026-09-28T09:17:50Z
591,588,1996,7,1996-06-02,Spanish Grand Prix,wp20396,Michael Schumacher,no,20,1996 Formula One World Championship,https://en.wikipedia.org/wiki/1996_Formula_One_World_Championship,1376170380,https://en.wikipedia.org/w/index.php?oldid=1376170380,2026-09-28T09:17:50Z
592,589,1996,8,1996-06-16,Canadian Grand Prix,wp78249,Damon Hill,no,18,1996 Formula One World Championship,https://en.wikipedia.org/wiki/1996_Formula_One_World_Championship,1376170380,https://en.wikipedia.org/w/index.php?oldid=1376170380,2026-09-28T09:17:50Z
593,590,1996,9,1996-06-30,French Grand Prix,wp78249,Damon Hill,no,19,1996 Formula One World Championship,https://en.wikipedia.org/wiki/1996_Formula_One_World_Championship,1376170380,https://en.wikipedia.org/w/index.php?oldid=1376170380,2026-09-28T09:17:50Z
594,591,1996,10,1996-07-14,British Grand Prix,wp64258,Jacques Villeneuve,no,2,1996 Formula One World Championship,https://en.wikipedia.org/wiki/1996_Formula_One_World_Championship,1376170380,https://en.wikipedia.org/w/index.php?oldid=1376170380,2026-09-28T09:17:50Z
595,592,1996,11,1996-07-28,German Grand Prix,wp78249,Damon Hill,no,20,1996 Formula One World Championship,https://en.wikipedia.org/wiki/1996_Formula_One_World_Championship,1376170380,https://en.wikipedia.org/w/index.php?oldid=1376170380,2026-09-28T09:17:50Z
596,593,1996,12,1996-08-11,Hungarian Grand Prix,wp64258,Jacques Villeneuve,no,3,1996 Formula One World Championship,https://en.wikipedia.org/wiki/1996_Formula_One_World_Championship,1376170380,https://en.wikipedia.org/w/index.php?oldid=1376170380,2026-09-28T09:17:50Z
597,594,1996,13,1996-08-25,Belgian Grand Prix,wp20396,Michael Schumacher,no,21,1996 Formula One World Championship,https://en.wikipedia.org/wiki/1996_Formula_One_World_Championship,1376170380,https://en.wikipedia.org/w/index.php?oldid=1376170380,2026-09-28T09:17:50Z
598,595,1996,14,1996-09-08,Italian Grand Prix,wp20396,Michael Schumacher,no,22,1996 Formula One World Championship,https://en.wikipedia.org/wiki/1996_Formula_One_World_Championship,1376170380,https://en.wikipedia.org/w/index.php?oldid=1376170380,2026-09-28T09:17:50Z
599,596,1996,15,1996-09-22,Portuguese Grand Prix,wp64258,Jacques Villeneuve,no,4,1996 Formula One World Championship,https://en.wikipedia.org/wiki/1996_Formula_One_World_Championship,1376170380,https://en.wikipedia.org/w/index.php?oldid=1376170380,2026-09-28T09:17:50Z
600,597,1996,16,1996-10-13,Japanese Grand Prix,wp78249,Damon Hill,no,21,1996 Formula One World Championship,https://en.wikipedia.org/wiki/1996_Formula_One_World_Championship,1376170380,https://en.wikipedia.org/w/index.php?oldid=1376170380,2026-09-28T09:17:50Z
601,598,1997,1,1997-03-09,Australian Grand Prix,wp19636733,David Coulthard,no,2,1997 Formula One World Championship,https://en.wikipedia.org/wiki/1997_Formula_One_World_Championship,1371597287,https://en.wikipedia.org/w/index.php?oldid=1371597287,2026-09-28T09:17:51Z
602,599,1997,2,1997-03-30,Brazilian Grand Prix,wp64258,Jacques Villeneuve,no,5,1997 Formula One World Championship,https://en.wikipedia.org/wiki/1997_Formula_One_World_Championship,1371597287,https://en.wikipedia.org/w/index.php?oldid=1371597287,2026-09-28T09:17:51Z
603,600,1997,3,1997-04-13,Argentine Grand Prix,wp64258,Jacques Villeneuve,no,6,1997 Formula One World Championship,https://en.wikipedia.org/wiki/1997_Formula_One_World_Championship,1371597287,https://en.wikipedia.org/w/index.php?oldid=1371597287,2026-09-28T09:17:51Z
604,601,1997,4,1997-04-27,San Marino Grand Prix,wp756775,Heinz-Harald Frentzen,no,1,1997 Formula One World Championship,https://en.wikipedia.org/wiki/1997_Formula_One_World_Championship,1371597287,https://en.wikipedia.org/w/index.php?oldid=1371597287,2026-09-28T09:17:51Z
605,602,1997,5,1997-05-11,Monaco Grand Prix,wp20396,Michael Schumacher,no,23,1997 Formula One World Championship,https://en.wikipedia.org/wiki/1997_Formula_One_World_Championship,1371597287,https://en.wikipedia.org/w/index.php?oldid=1371597287,2026-09-28T09:17:51Z
606,603,1997,6,1997-05-25,Spanish Grand Prix,wp64258,Jacques Villeneuve,no,7,1997 Formula One World Championship,https://en.wikipedia.org/wiki/1997_Formula_One_World_Championship,1371597287,https://en.wikipedia.org/w/index.php?oldid=1371597287,2026-09-28T09:17:51Z
607,604,1997,7,1997-06-15,Canadian Grand Prix,wp20396,Michael Schumacher,no,24,1997 Formula One World Championship,https://en.wikipedia.org/wiki/1997_Formula_One_World_Championship,1371597287,https://en.wikipedia.org/w/index.php?oldid=1371597287,2026-09-28T09:17:51Z
608,605,1997,8,1997-06-29,French Grand Prix,wp20396,Michael Schumacher,no,25,1997 Formula One World Championship,https://en.wikipedia.org/wiki/1997_Formula_One_World_Championship,1371597287,https://en.wikipedia.org/w/index.php?oldid=1371597287,2026-09-28T09:17:51Z
609,606,1997,9,1997-07-13,British Grand Prix,wp64258,Jacques Villeneuve,no,8,1997 Formula One World Championship,https://en.wikipedia.org/wiki/1997_Formula_One_World_Championship,1371597287,https://en.wikipedia.org/w/index.php?oldid=1371597287,2026-09-28T09:17:51Z
610,607,1997,10,1997-07-27,German Grand Prix,wp343833,Gerhard Berger,no,10,1997 Formula One World Championship,https://en.wikipedia.org/wiki/1997_Formula_One_World_Championship,1371597287,https://en.wikipedia.org/w/index.php?oldid=1371597287,2026-09-28T09:17:51Z
611,608,1997,11,1997-08-10,Hungarian Grand Prix,wp64258,Jacques Villeneuve,no,9,1997 Formula One World Championship,https://en.wikipedia.org/wiki/1997_Formula_One_World_Championship,1371597287,https://en.wikipedia.org/w/index.php?oldid=1371597287,2026-09-28T09:17:51Z
612,609,1997,12,1997-08-24,Belgian Grand Prix,wp20396,Michael Schumacher,no,26,1997 Formula One World Championship,https://en.wikipedia.org/wiki/1997_Formula_One_World_Championship,1371597287,https://en.wikipedia.org/w/index.php?oldid=1371597287,2026-09-28T09:17:51Z
613,610,1997,13,1997-09-07,Italian Grand Prix,wp19636733,David Coulthard,no,3,1997 Formula One World Championship,https://en.wikipedia.org/wiki/1997_Formula_One_World_Championship,1371597287,https://en.wikipedia.org/w/index.php?oldid=1371597287,2026-09-28T09:17:51Z
614,611,1997,14,1997-09-21,Austrian Grand Prix,wp64258,Jacques Villeneuve,no,10,1997 Formula One World Championship,https://en.wikipedia.org/wiki/1997_Formula_One_World_Championship,1371597287,https://en.wikipedia.org/w/index.php?oldid=1371597287,2026-09-28T09:17:51Z
615,612,1997,15,1997-09-28,Luxembourg Grand Prix,wp64258,Jacques Villeneuve,no,11,1997 Formula One World Championship,https://en.wikipedia.org/wiki/1997_Formula_One_World_Championship,1371597287,https://en.wikipedia.org/w/index.php?oldid=1371597287,2026-09-28T09:17:51Z
616,613,1997,16,1997-10-12,Japanese Grand Prix,wp20396,Michael Schumacher,no,27,1997 Formula One World Championship,https://en.wikipedia.org/wiki/1997_Formula_One_World_Championship,1371597287,https://en.wikipedia.org/w/index.php?oldid=1371597287,2026-09-28T09:17:51Z
617,614,1997,17,1997-10-26,European Grand Prix,wp63073,Mika Häkkinen,no,1,1997 Formula One World Championship,https://en.wikipedia.org/wiki/1997_Formula_One_World_Championship,1371597287,https://en.wikipedia.org/w/index.php?oldid=1371597287,2026-09-28T09:17:51Z
618,615,1998,1,1998-03-08,Australian Grand Prix,wp63073,Mika Häkkinen,no,2,1998 Formula One World Championship,https://en.wikipedia.org/wiki/1998_Formula_One_World_Championship,1372421349,https://en.wikipedia.org/w/index.php?oldid=1372421349,2026-09-28T09:17:52Z
619,616,1998,2,1998-03-29,Brazilian Grand Prix,wp63073,Mika Häkkinen,no,3,1998 Formula One World Championship,https://en.wikipedia.org/wiki/1998_Formula_One_World_Championship,1372421349,https://en.wikipedia.org/w/index.php?oldid=1372421349,2026-09-28T09:17:52Z
620,617,1998,3,1998-04-12,Argentine Grand Prix,wp20396,Michael Schumacher,no,28,1998 Formula One World Championship,https://en.wikipedia.org/wiki/1998_Formula_One_World_Championship,1372421349,https://en.wikipedia.org/w/index.php?oldid=1372421349,2026-09-28T09:17:52Z
621,618,1998,4,1998-04-26,San Marino Grand Prix,wp19636733,David Coulthard,no,4,1998 Formula One World Championship,https://en.wikipedia.org/wiki/1998_Formula_One_World_Championship,1372421349,https://en.wikipedia.org/w/index.php?oldid=1372421349,2026-09-28T09:17:52Z
622,619,1998,5,1998-05-10,Spanish Grand Prix,wp63073,Mika Häkkinen,no,4,1998 Formula One World Championship,https://en.wikipedia.org/wiki/1998_Formula_One_World_Championship,1372421349,https://en.wikipedia.org/w/index.php?oldid=1372421349,2026-09-28T09:17:52Z
623,620,1998,6,1998-05-24,Monaco Grand Prix,wp63073,Mika Häkkinen,no,5,1998 Formula One World Championship,https://en.wikipedia.org/wiki/1998_Formula_One_World_Championship,1372421349,https://en.wikipedia.org/w/index.php?oldid=1372421349,2026-09-28T09:17:52Z
624,621,1998,7,1998-06-07,Canadian Grand Prix,wp20396,Michael Schumacher,no,29,1998 Formula One World Championship,https://en.wikipedia.org/wiki/1998_Formula_One_World_Championship,1372421349,https://en.wikipedia.org/w/index.php?oldid=1372421349,2026-09-28T09:17:52Z
625,622,1998,8,1998-06-28,French Grand Prix,wp20396,Michael Schumacher,no,30,1998 Formula One World Championship,https://en.wikipedia.org/wiki/1998_Formula_One_World_Championship,1372421349,https://en.wikipedia.org/w/index.php?oldid=1372421349,2026-09-28T09:17:52Z
626,623,1998,9,1998-07-12,British Grand Prix,wp20396,Michael Schumacher,no,31,1998 Formula One World Championship,https://en.wikipedia.org/wiki/1998_Formula_One_World_Championship,1372421349,https://en.wikipedia.org/w/index.php?oldid=1372421349,2026-09-28T09:17:52Z
627,624,1998,10,1998-07-26,Austrian Grand Prix,wp63073,Mika Häkkinen,no,6,1998 Formula One World Championship,https://en.wikipedia.org/wiki/1998_Formula_One_World_Championship,1372421349,https://en.wikipedia.org/w/index.php?oldid=1372421349,2026-09-28T09:17:52Z
628,625,1998,11,1998-08-02,German Grand Prix,wp63073,Mika Häkkinen,no,7,1998 Formula One World Championship,https://en.wikipedia.org/wiki/1998_Formula_One_World_Championship,1372421349,https://en.wikipedia.org/w/index.php?oldid=1372421349,2026-09-28T09:17:52Z
629,626,1998,12,1998-08-16,Hungarian Grand Prix,wp20396,Michael Schumacher,no,32,1998 Formula One World Championship,https://en.wikipedia.org/wiki/1998_Formula_One_World_Championship,1372421349,https://en.wikipedia.org/w/index.php?oldid=1372421349,2026-09-28T09:17:52Z
630,627,1998,13,1998-08-30,Belgian Grand Prix,wp78249,Damon Hill,no,22,1998 Formula One World Championship,https://en.wikipedia.org/wiki/1998_Formula_One_World_Championship,1372421349,https://en.wikipedia.org/w/index.php?oldid=1372421349,2026-09-28T09:17:52Z
631,628,1998,14,1998-09-13,Italian Grand Prix,wp20396,Michael Schumacher,no,33,1998 Formula One World Championship,https://en.wikipedia.org/wiki/1998_Formula_One_World_Championship,1372421349,https://en.wikipedia.org/w/index.php?oldid=1372421349,2026-09-28T09:17:52Z
632,629,1998,15,1998-09-27,Luxembourg Grand Prix,wp63073,Mika Häkkinen,no,8,1998 Formula One World Championship,https://en.wikipedia.org/wiki/1998_Formula_One_World_Championship,1372421349,https://en.wikipedia.org/w/index.php?oldid=1372421349,2026-09-28T09:17:52Z
633,630,1998,16,1998-11-01,Japanese Grand Prix,wp63073,Mika Häkkinen,no,9,1998 Formula One World Championship,https://en.wikipedia.org/wiki/1998_Formula_One_World_Championship,1372421349,https://en.wikipedia.org/w/index.php?oldid=1372421349,2026-09-28T09:17:52Z
634,631,1999,1,1999-03-07,Australian Grand Prix,wp424417,Eddie Irvine,no,1,1999 Formula One World Championship,https://en.wikipedia.org/wiki/1999_Formula_One_World_Championship,1369387987,https://en.wikipedia.org/w/index.php?oldid=1369387987,2026-09-28T09:17:52Z
635,632,1999,2,1999-04-11,Brazilian Grand Prix,wp63073,Mika Häkkinen,no,10,1999 Formula One World Championship,https://en.wikipedia.org/wiki/1999_Formula_One_World_Championship,1369387987,https://en.wikipedia.org/w/index.php?oldid=1369387987,2026-09-28T09:17:52Z
636,633,1999,3,1999-05-02,San Marino Grand Prix,wp20396,Michael Schumacher,no,34,1999 Formula One World Championship,https://en.wikipedia.org/wiki/1999_Formula_One_World_Championship,1369387987,https://en.wikipedia.org/w/index.php?oldid=1369387987,2026-09-28T09:17:52Z
637,634,1999,4,1999-05-16,Monaco Grand Prix,wp20396,Michael Schumacher,no,35,1999 Formula One World Championship,https://en.wikipedia.org/wiki/1999_Formula_One_World_Championship,1369387987,https://en.wikipedia.org/w/index.php?oldid=1369387987,2026-09-28T09:17:52Z
638,635,1999,5,1999-05-30,Spanish Grand Prix,wp63073,Mika Häkkinen,no,11,1999 Formula One World Championship,https://en.wikipedia.org/wiki/1999_Formula_One_World_Championship,1369387987,https://en.wikipedia.org/w/index.php?oldid=1369387987,2026-09-28T09:17:52Z
639,636,1999,6,1999-06-13,Canadian Grand Prix,wp63073,Mika Häkkinen,no,12,1999 Formula One World Championship,https://en.wikipedia.org/wiki/1999_Formula_One_World_Championship,1369387987,https://en.wikipedia.org/w/index.php?oldid=1369387987,2026-09-28T09:17:52Z
640,637,1999,7,1999-06-27,French Grand Prix,wp756775,Heinz-Harald Frentzen,no,2,1999 Formula One World Championship,https://en.wikipedia.org/wiki/1999_Formula_One_World_Championship,1369387987,https://en.wikipedia.org/w/index.php?oldid=1369387987,2026-09-28T09:17:52Z
641,638,1999,8,1999-07-11,British Grand Prix,wp19636733,David Coulthard,no,5,1999 Formula One World Championship,https://en.wikipedia.org/wiki/1999_Formula_One_World_Championship,1369387987,https://en.wikipedia.org/w/index.php?oldid=1369387987,2026-09-28T09:17:52Z
642,639,1999,9,1999-07-25,Austrian Grand Prix,wp424417,Eddie Irvine,no,2,1999 Formula One World Championship,https://en.wikipedia.org/wiki/1999_Formula_One_World_Championship,1369387987,https://en.wikipedia.org/w/index.php?oldid=1369387987,2026-09-28T09:17:52Z
643,640,1999,10,1999-08-01,German Grand Prix,wp424417,Eddie Irvine,no,3,1999 Formula One World Championship,https://en.wikipedia.org/wiki/1999_Formula_One_World_Championship,1369387987,https://en.wikipedia.org/w/index.php?oldid=1369387987,2026-09-28T09:17:52Z
644,641,1999,11,1999-08-15,Hungarian Grand Prix,wp63073,Mika Häkkinen,no,13,1999 Formula One World Championship,https://en.wikipedia.org/wiki/1999_Formula_One_World_Championship,1369387987,https://en.wikipedia.org/w/index.php?oldid=1369387987,2026-09-28T09:17:52Z
645,642,1999,12,1999-08-29,Belgian Grand Prix,wp19636733,David Coulthard,no,6,1999 Formula One World Championship,https://en.wikipedia.org/wiki/1999_Formula_One_World_Championship,1369387987,https://en.wikipedia.org/w/index.php?oldid=1369387987,2026-09-28T09:17:52Z
646,643,1999,13,1999-09-12,Italian Grand Prix,wp756775,Heinz-Harald Frentzen,no,3,1999 Formula One World Championship,https://en.wikipedia.org/wiki/1999_Formula_One_World_Championship,1369387987,https://en.wikipedia.org/w/index.php?oldid=1369387987,2026-09-28T09:17:52Z
647,644,1999,14,1999-09-26,European Grand Prix,wp342991,Johnny Herbert,no,3,1999 Formula One World Championship,https://en.wikipedia.org/wiki/1999_Formula_One_World_Championship,1369387987,https://en.wikipedia.org/w/index.php?oldid=1369387987,2026-09-28T09:17:52Z
648,645,1999,15,1999-10-17,Malaysian Grand Prix,wp424417,Eddie Irvine,no,4,1999 Formula One World Championship,https://en.wikipedia.org/wiki/1999_Formula_One_World_Championship,1369387987,https://en.wikipedia.org/w/index.php?oldid=1369387987,2026-09-28T09:17:52Z
649,646,1999,16,1999-10-31,Japanese Grand Prix,wp63073,Mika Häkkinen,no,14,1999 Formula One World Championship,https://en.wikipedia.org/wiki/1999_Formula_One_World_Championship,1369387987,https://en.wikipedia.org/w/index.php?oldid=1369387987,2026-09-28T09:17:52Z
650,647,2000,1,2000-03-12,Australian Grand Prix,wp20396,Michael Schumacher,no,36,2000 Formula One World Championship,https://en.wikipedia.org/wiki/2000_Formula_One_World_Championship,1371597275,https://en.wikipedia.org/w/index.php?oldid=1371597275,2026-09-28T09:17:53Z
651,648,2000,2,2000-03-26,Brazilian Grand Prix,wp20396,Michael Schumacher,no,37,2000 Formula One World Championship,https://en.wikipedia.org/wiki/2000_Formula_One_World_Championship,1371597275,https://en.wikipedia.org/w/index.php?oldid=1371597275,2026-09-28T09:17:53Z
652,649,2000,3,2000-04-09,San Marino Grand Prix,wp20396,Michael Schumacher,no,38,2000 Formula One World Championship,https://en.wikipedia.org/wiki/2000_Formula_One_World_Championship,1371597275,https://en.wikipedia.org/w/index.php?oldid=1371597275,2026-09-28T09:17:53Z
653,650,2000,4,2000-04-23,British Grand Prix,wp19636733,David Coulthard,no,7,2000 Formula One World Championship,https://en.wikipedia.org/wiki/2000_Formula_One_World_Championship,1371597275,https://en.wikipedia.org/w/index.php?oldid=1371597275,2026-09-28T09:17:53Z
654,651,2000,5,2000-05-07,Spanish Grand Prix,wp63073,Mika Häkkinen,no,15,2000 Formula One World Championship,https://en.wikipedia.org/wiki/2000_Formula_One_World_Championship,1371597275,https://en.wikipedia.org/w/index.php?oldid=1371597275,2026-09-28T09:17:53Z
655,652,2000,6,2000-05-21,European Grand Prix,wp20396,Michael Schumacher,no,39,2000 Formula One World Championship,https://en.wikipedia.org/wiki/2000_Formula_One_World_Championship,1371597275,https://en.wikipedia.org/w/index.php?oldid=1371597275,2026-09-28T09:17:53Z
656,653,2000,7,2000-06-04,Monaco Grand Prix,wp19636733,David Coulthard,no,8,2000 Formula One World Championship,https://en.wikipedia.org/wiki/2000_Formula_One_World_Championship,1371597275,https://en.wikipedia.org/w/index.php?oldid=1371597275,2026-09-28T09:17:53Z
657,654,2000,8,2000-06-18,Canadian Grand Prix,wp20396,Michael Schumacher,no,40,2000 Formula One World Championship,https://en.wikipedia.org/wiki/2000_Formula_One_World_Championship,1371597275,https://en.wikipedia.org/w/index.php?oldid=1371597275,2026-09-28T09:17:53Z
658,655,2000,9,2000-07-02,French Grand Prix,wp19636733,David Coulthard,no,9,2000 Formula One World Championship,https://en.wikipedia.org/wiki/2000_Formula_One_World_Championship,1371597275,https://en.wikipedia.org/w/index.php?oldid=1371597275,2026-09-28T09:17:53Z
659,656,2000,10,2000-07-16,Austrian Grand Prix,wp63073,Mika Häkkinen,no,16,2000 Formula One World Championship,https://en.wikipedia.org/wiki/2000_Formula_One_World_Championship,1371597275,https://en.wikipedia.org/w/index.php?oldid=1371597275,2026-09-28T09:17:53Z
660,657,2000,11,2000-07-30,German Grand Prix,wp252989,Rubens Barrichello,no,1,2000 Formula One World Championship,https://en.wikipedia.org/wiki/2000_Formula_One_World_Championship,1371597275,https://en.wikipedia.org/w/index.php?oldid=1371597275,2026-09-28T09:17:53Z
661,658,2000,12,2000-08-13,Hungarian Grand Prix,wp63073,Mika Häkkinen,no,17,2000 Formula One World Championship,https://en.wikipedia.org/wiki/2000_Formula_One_World_Championship,1371597275,https://en.wikipedia.org/w/index.php?oldid=1371597275,2026-09-28T09:17:53Z
662,659,2000,13,2000-08-27,Belgian Grand Prix,wp63073,Mika Häkkinen,no,18,2000 Formula One World Championship,https://en.wikipedia.org/wiki/2000_Formula_One_World_Championship,1371597275,https://en.wikipedia.org/w/index.php?oldid=1371597275,2026-09-28T09:17:53Z
663,660,2000,14,2000-09-10,Italian Grand Prix,wp20396,Michael Schumacher,no,41,2000 Formula One World Championship,https://en.wikipedia.org/wiki/2000_Formula_One_World_Championship,1371597275,https://en.wikipedia.org/w/index.php?oldid=1371597275,2026-09-28T09:17:53Z
664,661,2000,15,2000-09-24,United States Grand Prix,wp20396,Michael Schumacher,no,42,2000 Formula One World Championship,https://en.wikipedia.org/wiki/2000_Formula_One_World_Championship,1371597275,https://en.wikipedia.org/w/index.php?oldid=1371597275,2026-09-28T09:17:53Z
665,662,2000,16,2000-10-08,Japanese Grand Prix,wp20396,Michael Schumacher,no,43,2000 Formula One World Championship,https://en.wikipedia.org/wiki/2000_Formula_One_World_Championship,1371597275,https://en.wikipedia.org/w/index.php?oldid=1371597275,2026-09-28T09:17:53Z
666,663,2000,17,2000-10-22,Malaysian Grand Prix,wp20396,Michael Schumacher,no,44,2000 Formula One World Championship,https://en.wikipedia.org/wiki/2000_Formula_One_World_Championship,1371597275,https://en.wikipedia.org/w/index.php?oldid=1371597275,2026-09-28T09:17:53Z
667,664,2001,1,2001-03-04,Australian Grand Prix,wp20396,Michael Schumacher,no,45,2001 Formula One World Championship,https://en.wikipedia.org/wiki/2001_Formula_One_World_Championship,1375812110,https://en.wikipedia.org/w/index.php?oldid=1375812110,2026-09-28T09:17:54Z
668,665,2001,2,2001-03-18,Malaysian Grand Prix,wp20396,Michael Schumacher,no,46,2001 Formula One World Championship,https://en.wikipedia.org/wiki/2001_Formula_One_World_Championship,1375812110,https://en.wikipedia.org/w/index.php?oldid=1375812110,2026-09-28T09:17:54Z
669,666,2001,3,2001-04-01,Brazilian Grand Prix,wp19636733,David Coulthard,no,10,2001 Formula One World Championship,https://en.wikipedia.org/wiki/2001_Formula_One_World_Championship,1375812110,https://en.wikipedia.org/w/index.php?oldid=1375812110,2026-09-28T09:17:54Z
670,667,2001,4,2001-04-15,San Marino Grand Prix,wp315472,Ralf Schumacher,no,1,2001 Formula One World Championship,https://en.wikipedia.org/wiki/2001_Formula_One_World_Championship,1375812110,https://en.wikipedia.org/w/index.php?oldid=1375812110,2026-09-28T09:17:54Z
671,668,2001,5,2001-04-29,Spanish Grand Prix,wp20396,Michael Schumacher,no,47,2001 Formula One World Championship,https://en.wikipedia.org/wiki/2001_Formula_One_World_Championship,1375812110,https://en.wikipedia.org/w/index.php?oldid=1375812110,2026-09-28T09:17:54Z
672,669,2001,6,2001-05-13,Austrian Grand Prix,wp19636733,David Coulthard,no,11,2001 Formula One World Championship,https://en.wikipedia.org/wiki/2001_Formula_One_World_Championship,1375812110,https://en.wikipedia.org/w/index.php?oldid=1375812110,2026-09-28T09:17:54Z
673,670,2001,7,2001-05-27,Monaco Grand Prix,wp20396,Michael Schumacher,no,48,2001 Formula One World Championship,https://en.wikipedia.org/wiki/2001_Formula_One_World_Championship,1375812110,https://en.wikipedia.org/w/index.php?oldid=1375812110,2026-09-28T09:17:54Z
674,671,2001,8,2001-06-10,Canadian Grand Prix,wp315472,Ralf Schumacher,no,2,2001 Formula One World Championship,https://en.wikipedia.org/wiki/2001_Formula_One_World_Championship,1375812110,https://en.wikipedia.org/w/index.php?oldid=1375812110,2026-09-28T09:17:54Z
675,672,2001,9,2001-06-24,European Grand Prix,wp20396,Michael Schumacher,no,49,2001 Formula One World Championship,https://en.wikipedia.org/wiki/2001_Formula_One_World_Championship,1375812110,https://en.wikipedia.org/w/index.php?oldid=1375812110,2026-09-28T09:17:54Z
676,673,2001,10,2001-07-01,French Grand Prix,wp20396,Michael Schumacher,no,50,2001 Formula One World Championship,https://en.wikipedia.org/wiki/2001_Formula_One_World_Championship,1375812110,https://en.wikipedia.org/w/index.php?oldid=1375812110,2026-09-28T09:17:54Z
677,674,2001,11,2001-07-15,British Grand Prix,wp63073,Mika Häkkinen,no,19,2001 Formula One World Championship,https://en.wikipedia.org/wiki/2001_Formula_One_World_Championship,1375812110,https://en.wikipedia.org/w/index.php?oldid=1375812110,2026-09-28T09:17:54Z
678,675,2001,12,2001-07-29,German Grand Prix,wp315472,Ralf Schumacher,no,3,2001 Formula One World Championship,https://en.wikipedia.org/wiki/2001_Formula_One_World_Championship,1375812110,https://en.wikipedia.org/w/index.php?oldid=1375812110,2026-09-28T09:17:54Z
679,676,2001,13,2001-08-19,Hungarian Grand Prix,wp20396,Michael Schumacher,no,51,2001 Formula One World Championship,https://en.wikipedia.org/wiki/2001_Formula_One_World_Championship,1375812110,https://en.wikipedia.org/w/index.php?oldid=1375812110,2026-09-28T09:17:54Z
680,677,2001,14,2001-09-02,Belgian Grand Prix,wp20396,Michael Schumacher,no,52,2001 Formula One World Championship,https://en.wikipedia.org/wiki/2001_Formula_One_World_Championship,1375812110,https://en.wikipedia.org/w/index.php?oldid=1375812110,2026-09-28T09:17:54Z
681,678,2001,15,2001-09-16,Italian Grand Prix,wp164992,Juan Pablo Montoya,no,1,2001 Formula One World Championship,https://en.wikipedia.org/wiki/2001_Formula_One_World_Championship,1375812110,https://en.wikipedia.org/w/index.php?oldid=1375812110,2026-09-28T09:17:54Z
682,679,2001,16,2001-09-30,United States Grand Prix,wp63073,Mika Häkkinen,no,20,2001 Formula One World Championship,https://en.wikipedia.org/wiki/2001_Formula_One_World_Championship,1375812110,https://en.wikipedia.org/w/index.php?oldid=1375812110,2026-09-28T09:17:54Z
683,680,2001,17,2001-10-14,Japanese Grand Prix,wp20396,Michael Schumacher,no,53,2001 Formula One World Championship,https://en.wikipedia.org/wiki/2001_Formula_One_World_Championship,1375812110,https://en.wikipedia.org/w/index.php?oldid=1375812110,2026-09-28T09:17:54Z
684,681,2002,1,2002-03-03,Australian Grand Prix,wp20396,Michael Schumacher,no,54,2002 Formula One World Championship,https://en.wikipedia.org/wiki/2002_Formula_One_World_Championship,1371249242,https://en.wikipedia.org/w/index.php?oldid=1371249242,2026-09-28T09:17:55Z
685,682,2002,2,2002-03-17,Malaysian Grand Prix,wp315472,Ralf Schumacher,no,4,2002 Formula One World Championship,https://en.wikipedia.org/wiki/2002_Formula_One_World_Championship,1371249242,https://en.wikipedia.org/w/index.php?oldid=1371249242,2026-09-28T09:17:55Z
686,683,2002,3,2002-03-31,Brazilian Grand Prix,wp20396,Michael Schumacher,no,55,2002 Formula One World Championship,https://en.wikipedia.org/wiki/2002_Formula_One_World_Championship,1371249242,https://en.wikipedia.org/w/index.php?oldid=1371249242,2026-09-28T09:17:55Z
687,684,2002,4,2002-04-14,San Marino Grand Prix,wp20396,Michael Schumacher,no,56,2002 Formula One World Championship,https://en.wikipedia.org/wiki/2002_Formula_One_World_Championship,1371249242,https://en.wikipedia.org/w/index.php?oldid=1371249242,2026-09-28T09:17:55Z
688,685,2002,5,2002-04-28,Spanish Grand Prix,wp20396,Michael Schumacher,no,57,2002 Formula One World Championship,https://en.wikipedia.org/wiki/2002_Formula_One_World_Championship,1371249242,https://en.wikipedia.org/w/index.php?oldid=1371249242,2026-09-28T09:17:55Z
689,686,2002,6,2002-05-12,Austrian Grand Prix,wp20396,Michael Schumacher,no,58,2002 Formula One World Championship,https://en.wikipedia.org/wiki/2002_Formula_One_World_Championship,1371249242,https://en.wikipedia.org/w/index.php?oldid=1371249242,2026-09-28T09:17:55Z
690,687,2002,7,2002-05-26,Monaco Grand Prix,wp19636733,David Coulthard,no,12,2002 Formula One World Championship,https://en.wikipedia.org/wiki/2002_Formula_One_World_Championship,1371249242,https://en.wikipedia.org/w/index.php?oldid=1371249242,2026-09-28T09:17:55Z
691,688,2002,8,2002-06-09,Canadian Grand Prix,wp20396,Michael Schumacher,no,59,2002 Formula One World Championship,https://en.wikipedia.org/wiki/2002_Formula_One_World_Championship,1371249242,https://en.wikipedia.org/w/index.php?oldid=1371249242,2026-09-28T09:17:55Z
692,689,2002,9,2002-06-23,European Grand Prix,wp252989,Rubens Barrichello,no,2,2002 Formula One World Championship,https://en.wikipedia.org/wiki/2002_Formula_One_World_Championship,1371249242,https://en.wikipedia.org/w/index.php?oldid=1371249242,2026-09-28T09:17:55Z
693,690,2002,10,2002-07-07,British Grand Prix,wp20396,Michael Schumacher,no,60,2002 Formula One World Championship,https://en.wikipedia.org/wiki/2002_Formula_One_World_Championship,1371249242,https://en.wikipedia.org/w/index.php?oldid=1371249242,2026-09-28T09:17:55Z
694,691,2002,11,2002-07-21,French Grand Prix,wp20396,Michael Schumacher,no,61,2002 Formula One World Championship,https://en.wikipedia.org/wiki/2002_Formula_One_World_Championship,1371249242,https://en.wikipedia.org/w/index.php?oldid=1371249242,2026-09-28T09:17:55Z
695,692,2002,12,2002-07-28,German Grand Prix,wp20396,Michael Schumacher,no,62,2002 Formula One World Championship,https://en.wikipedia.org/wiki/2002_Formula_One_World_Championship,1371249242,https://en.wikipedia.org/w/index.php?oldid=1371249242,2026-09-28T09:17:55Z
696,693,2002,13,2002-08-18,Hungarian Grand Prix,wp252989,Rubens Barrichello,no,3,2002 Formula One World Championship,https://en.wikipedia.org/wiki/2002_Formula_One_World_Championship,1371249242,https://en.wikipedia.org/w/index.php?oldid=1371249242,2026-09-28T09:17:55Z
697,694,2002,14,2002-09-01,Belgian Grand Prix,wp20396,Michael Schumacher,no,63,2002 Formula One World Championship,https://en.wikipedia.org/wiki/2002_Formula_One_World_Championship,1371249242,https://en.wikipedia.org/w/index.php?oldid=1371249242,2026-09-28T09:17:55Z
698,695,2002,15,2002-09-15,Italian Grand Prix,wp252989,Rubens Barrichello,no,4,2002 Formula One World Championship,https://en.wikipedia.org/wiki/2002_Formula_One_World_Championship,1371249242,https://en.wikipedia.org/w/index.php?oldid=1371249242,2026-09-28T09:17:55Z
699,696,2002,16,2002-09-29,United States Grand Prix,wp252989,Rubens Barrichello,no,5,2002 Formula One World Championship,https://en.wikipedia.org/wiki/2002_Formula_One_World_Championship,1371249242,https://en.wikipedia.org/w/index.php?oldid=1371249242,2026-09-28T09:17:55Z
700,697,2002,17,2002-10-13,Japanese Grand Prix,wp20396,Michael Schumacher,no,64,2002 Formula One World Championship,https://en.wikipedia.org/wiki/2002_Formula_One_World_Championship,1371249242,https://en.wikipedia.org/w/index.php?oldid=1371249242,2026-09-28T09:17:55Z
701,698,2003,1,2003-03-09,Australian Grand Prix,wp19636733,David Coulthard,no,13,2003 Formula One World Championship,https://en.wikipedia.org/wiki/2003_Formula_One_World_Championship,1371597264,https://en.wikipedia.org/w/index.php?oldid=1371597264,2026-09-28T09:17:56Z
702,699,2003,2,2003-03-23,Malaysian Grand Prix,wp234756,Kimi Räikkönen,no,1,2003 Formula One World Championship,https://en.wikipedia.org/wiki/2003_Formula_One_World_Championship,1371597264,https://en.wikipedia.org/w/index.php?oldid=1371597264,2026-09-28T09:17:56Z
703,700,2003,3,2003-04-06,Brazilian Grand Prix,wp636954,Giancarlo Fisichella,no,1,2003 Formula One World Championship,https://en.wikipedia.org/wiki/2003_Formula_One_World_Championship,1371597264,https://en.wikipedia.org/w/index.php?oldid=1371597264,2026-09-28T09:17:56Z
704,701,2003,4,2003-04-20,San Marino Grand Prix,wp20396,Michael Schumacher,no,65,2003 Formula One World Championship,https://en.wikipedia.org/wiki/2003_Formula_One_World_Championship,1371597264,https://en.wikipedia.org/w/index.php?oldid=1371597264,2026-09-28T09:17:56Z
705,702,2003,5,2003-05-04,Spanish Grand Prix,wp20396,Michael Schumacher,no,66,2003 Formula One World Championship,https://en.wikipedia.org/wiki/2003_Formula_One_World_Championship,1371597264,https://en.wikipedia.org/w/index.php?oldid=1371597264,2026-09-28T09:17:56Z
706,703,2003,6,2003-05-18,Austrian Grand Prix,wp20396,Michael Schumacher,no,67,2003 Formula One World Championship,https://en.wikipedia.org/wiki/2003_Formula_One_World_Championship,1371597264,https://en.wikipedia.org/w/index.php?oldid=1371597264,2026-09-28T09:17:56Z
707,704,2003,7,2003-06-01,Monaco Grand Prix,wp164992,Juan Pablo Montoya,no,2,2003 Formula One World Championship,https://en.wikipedia.org/wiki/2003_Formula_One_World_Championship,1371597264,https://en.wikipedia.org/w/index.php?oldid=1371597264,2026-09-28T09:17:56Z
708,705,2003,8,2003-06-15,Canadian Grand Prix,wp20396,Michael Schumacher,no,68,2003 Formula One World Championship,https://en.wikipedia.org/wiki/2003_Formula_One_World_Championship,1371597264,https://en.wikipedia.org/w/index.php?oldid=1371597264,2026-09-28T09:17:56Z
709,706,2003,9,2003-06-29,European Grand Prix,wp315472,Ralf Schumacher,no,5,2003 Formula One World Championship,https://en.wikipedia.org/wiki/2003_Formula_One_World_Championship,1371597264,https://en.wikipedia.org/w/index.php?oldid=1371597264,2026-09-28T09:17:56Z
710,707,2003,10,2003-07-06,French Grand Prix,wp315472,Ralf Schumacher,no,6,2003 Formula One World Championship,https://en.wikipedia.org/wiki/2003_Formula_One_World_Championship,1371597264,https://en.wikipedia.org/w/index.php?oldid=1371597264,2026-09-28T09:17:56Z
711,708,2003,11,2003-07-20,British Grand Prix,wp252989,Rubens Barrichello,no,6,2003 Formula One World Championship,https://en.wikipedia.org/wiki/2003_Formula_One_World_Championship,1371597264,https://en.wikipedia.org/w/index.php?oldid=1371597264,2026-09-28T09:17:56Z
712,709,2003,12,2003-08-03,German Grand Prix,wp164992,Juan Pablo Montoya,no,3,2003 Formula One World Championship,https://en.wikipedia.org/wiki/2003_Formula_One_World_Championship,1371597264,https://en.wikipedia.org/w/index.php?oldid=1371597264,2026-09-28T09:17:56Z
713,710,2003,13,2003-08-24,Hungarian Grand Prix,wp240390,Fernando Alonso,no,1,2003 Formula One World Championship,https://en.wikipedia.org/wiki/2003_Formula_One_World_Championship,1371597264,https://en.wikipedia.org/w/index.php?oldid=1371597264,2026-09-28T09:17:56Z
714,711,2003,14,2003-09-14,Italian Grand Prix,wp20396,Michael Schumacher,no,69,2003 Formula One World Championship,https://en.wikipedia.org/wiki/2003_Formula_One_World_Championship,1371597264,https://en.wikipedia.org/w/index.php?oldid=1371597264,2026-09-28T09:17:56Z
715,712,2003,15,2003-09-28,United States Grand Prix,wp20396,Michael Schumacher,no,70,2003 Formula One World Championship,https://en.wikipedia.org/wiki/2003_Formula_One_World_Championship,1371597264,https://en.wikipedia.org/w/index.php?oldid=1371597264,2026-09-28T09:17:56Z
716,713,2003,16,2003-10-12,Japanese Grand Prix,wp252989,Rubens Barrichello,no,7,2003 Formula One World Championship,https://en.wikipedia.org/wiki/2003_Formula_One_World_Championship,1371597264,https://en.wikipedia.org/w/index.php?oldid=1371597264,2026-09-28T09:17:56Z
717,714,2004,1,2004-03-07,Australian Grand Prix,wp20396,Michael Schumacher,no,71,2004 Formula One World Championship,https://en.wikipedia.org/wiki/2004_Formula_One_World_Championship,1371252745,https://en.wikipedia.org/w/index.php?oldid=1371252745,2026-09-28T09:17:58Z
718,715,2004,2,2004-03-21,Malaysian Grand Prix,wp20396,Michael Schumacher,no,72,2004 Formula One World Championship,https://en.wikipedia.org/wiki/2004_Formula_One_World_Championship,1371252745,https://en.wikipedia.org/w/index.php?oldid=1371252745,2026-09-28T09:17:58Z
719,716,2004,3,2004-04-04,Bahrain Grand Prix,wp20396,Michael Schumacher,no,73,2004 Formula One World Championship,https://en.wikipedia.org/wiki/2004_Formula_One_World_Championship,1371252745,https://en.wikipedia.org/w/index.php?oldid=1371252745,2026-09-28T09:17:58Z
720,717,2004,4,2004-04-25,San Marino Grand Prix,wp20396,Michael Schumacher,no,74,2004 Formula One World Championship,https://en.wikipedia.org/wiki/2004_Formula_One_World_Championship,1371252745,https://en.wikipedia.org/w/index.php?oldid=1371252745,2026-09-28T09:17:58Z
721,718,2004,5,2004-05-09,Spanish Grand Prix,wp20396,Michael Schumacher,no,75,2004 Formula One World Championship,https://en.wikipedia.org/wiki/2004_Formula_One_World_Championship,1371252745,https://en.wikipedia.org/w/index.php?oldid=1371252745,2026-09-28T09:17:58Z
722,719,2004,6,2004-05-23,Monaco Grand Prix,wp647260,Jarno Trulli,no,1,2004 Formula One World Championship,https://en.wikipedia.org/wiki/2004_Formula_One_World_Championship,1371252745,https://en.wikipedia.org/w/index.php?oldid=1371252745,2026-09-28T09:17:58Z
723,720,2004,7,2004-05-30,European Grand Prix,wp20396,Michael Schumacher,no,76,2004 Formula One World Championship,https://en.wikipedia.org/wiki/2004_Formula_One_World_Championship,1371252745,https://en.wikipedia.org/w/index.php?oldid=1371252745,2026-09-28T09:17:58Z
724,721,2004,8,2004-06-13,Canadian Grand Prix,wp20396,Michael Schumacher,no,77,2004 Formula One World Championship,https://en.wikipedia.org/wiki/2004_Formula_One_World_Championship,1371252745,https://en.wikipedia.org/w/index.php?oldid=1371252745,2026-09-28T09:17:58Z
725,722,2004,9,2004-06-20,United States Grand Prix,wp20396,Michael Schumacher,no,78,2004 Formula One World Championship,https://en.wikipedia.org/wiki/2004_Formula_One_World_Championship,1371252745,https://en.wikipedia.org/w/index.php?oldid=1371252745,2026-09-28T09:17:58Z
726,723,2004,10,2004-07-04,French Grand Prix,wp20396,Michael Schumacher,no,79,2004 Formula One World Championship,https://en.wikipedia.org/wiki/2004_Formula_One_World_Championship,1371252745,https://en.wikipedia.org/w/index.php?oldid=1371252745,2026-09-28T09:17:58Z
727,724,2004,11,2004-07-11,British Grand Prix,wp20396,Michael Schumacher,no,80,2004 Formula One World Championship,https://en.wikipedia.org/wiki/2004_Formula_One_World_Championship,1371252745,https://en.wikipedia.org/w/index.php?oldid=1371252745,2026-09-28T09:17:58Z
728,725,2004,12,2004-07-25,German Grand Prix,wp20396,Michael Schumacher,no,81,2004 Formula One World Championship,https://en.wikipedia.org/wiki/2004_Formula_One_World_Championship,1371252745,https://en.wikipedia.org/w/index.php?oldid=1371252745,2026-09-28T09:17:58Z
729,726,2004,13,2004-08-15,Hungarian Grand Prix,wp20396,Michael Schumacher,no,82,2004 Formula One World Championship,https://en.wikipedia.org/wiki/2004_Formula_One_World_Championship,1371252745,https://en.wikipedia.org/w/index.php?oldid=1371252745,2026-09-28T09:17:58Z
730,727,2004,14,2004-08-29,Belgian Grand Prix,wp234756,Kimi Räikkönen,no,2,2004 Formula One World Championship,https://en.wikipedia.org/wiki/2004_Formula_One_World_Championship,1371252745,https://en.wikipedia.org/w/index.php?oldid=1371252745,2026-09-28T09:17:58Z
731,728,2004,15,2004-09-12,Italian Grand Prix,wp252989,Rubens Barrichello,no,8,2004 Formula One World Championship,https://en.wikipedia.org/wiki/2004_Formula_One_World_Championship,1371252745,https://en.wikipedia.org/w/index.php?oldid=1371252745,2026-09-28T09:17:58Z
732,729,2004,16,2004-09-26,Chinese Grand Prix,wp252989,Rubens Barrichello,no,9,2004 Formula One World Championship,https://en.wikipedia.org/wiki/2004_Formula_One_World_Championship,1371252745,https://en.wikipedia.org/w/index.php?oldid=1371252745,2026-09-28T09:17:58Z
733,730,2004,17,2004-10-10,Japanese Grand Prix,wp20396,Michael Schumacher,no,83,2004 Formula One World Championship,https://en.wikipedia.org/wiki/2004_Formula_One_World_Championship,1371252745,https://en.wikipedia.org/w/index.php?oldid=1371252745,2026-09-28T09:17:58Z
734,731,2004,18,2004-10-24,Brazilian Grand Prix,wp164992,Juan Pablo Montoya,no,4,2004 Formula One World Championship,https://en.wikipedia.org/wiki/2004_Formula_One_World_Championship,1371252745,https://en.wikipedia.org/w/index.php?oldid=1371252745,2026-09-28T09:17:58Z
735,732,2005,1,2005-03-06,Australian Grand Prix,wp636954,Giancarlo Fisichella,no,2,2005 Formula One World Championship,https://en.wikipedia.org/wiki/2005_Formula_One_World_Championship,1371249561,https://en.wikipedia.org/w/index.php?oldid=1371249561,2026-09-28T09:17:59Z
736,733,2005,2,2005-03-20,Malaysian Grand Prix,wp240390,Fernando Alonso,no,2,2005 Formula One World Championship,https://en.wikipedia.org/wiki/2005_Formula_One_World_Championship,1371249561,https://en.wikipedia.org/w/index.php?oldid=1371249561,2026-09-28T09:17:59Z
737,734,2005,3,2005-04-03,Bahrain Grand Prix,wp240390,Fernando Alonso,no,3,2005 Formula One World Championship,https://en.wikipedia.org/wiki/2005_Formula_One_World_Championship,1371249561,https://en.wikipedia.org/w/index.php?oldid=1371249561,2026-09-28T09:17:59Z
738,735,2005,4,2005-04-24,San Marino Grand Prix,wp240390,Fernando Alonso,no,4,2005 Formula One World Championship,https://en.wikipedia.org/wiki/2005_Formula_One_World_Championship,1371249561,https://en.wikipedia.org/w/index.php?oldid=1371249561,2026-09-28T09:17:59Z
739,736,2005,5,2005-05-08,Spanish Grand Prix,wp234756,Kimi Räikkönen,no,3,2005 Formula One World Championship,https://en.wikipedia.org/wiki/2005_Formula_One_World_Championship,1371249561,https://en.wikipedia.org/w/index.php?oldid=1371249561,2026-09-28T09:17:59Z
740,737,2005,6,2005-05-22,Monaco Grand Prix,wp234756,Kimi Räikkönen,no,4,2005 Formula One World Championship,https://en.wikipedia.org/wiki/2005_Formula_One_World_Championship,1371249561,https://en.wikipedia.org/w/index.php?oldid=1371249561,2026-09-28T09:17:59Z
741,738,2005,7,2005-05-29,European Grand Prix,wp240390,Fernando Alonso,no,5,2005 Formula One World Championship,https://en.wikipedia.org/wiki/2005_Formula_One_World_Championship,1371249561,https://en.wikipedia.org/w/index.php?oldid=1371249561,2026-09-28T09:17:59Z
742,739,2005,8,2005-06-12,Canadian Grand Prix,wp234756,Kimi Räikkönen,no,5,2005 Formula One World Championship,https://en.wikipedia.org/wiki/2005_Formula_One_World_Championship,1371249561,https://en.wikipedia.org/w/index.php?oldid=1371249561,2026-09-28T09:17:59Z
743,740,2005,9,2005-06-19,United States Grand Prix,wp20396,Michael Schumacher,no,84,2005 Formula One World Championship,https://en.wikipedia.org/wiki/2005_Formula_One_World_Championship,1371249561,https://en.wikipedia.org/w/index.php?oldid=1371249561,2026-09-28T09:17:59Z
744,741,2005,10,2005-07-03,French Grand Prix,wp240390,Fernando Alonso,no,6,2005 Formula One World Championship,https://en.wikipedia.org/wiki/2005_Formula_One_World_Championship,1371249561,https://en.wikipedia.org/w/index.php?oldid=1371249561,2026-09-28T09:17:59Z
745,742,2005,11,2005-07-10,British Grand Prix,wp164992,Juan Pablo Montoya,no,5,2005 Formula One World Championship,https://en.wikipedia.org/wiki/2005_Formula_One_World_Championship,1371249561,https://en.wikipedia.org/w/index.php?oldid=1371249561,2026-09-28T09:17:59Z
746,743,2005,12,2005-07-24,German Grand Prix,wp240390,Fernando Alonso,no,7,2005 Formula One World Championship,https://en.wikipedia.org/wiki/2005_Formula_One_World_Championship,1371249561,https://en.wikipedia.org/w/index.php?oldid=1371249561,2026-09-28T09:17:59Z
747,744,2005,13,2005-07-31,Hungarian Grand Prix,wp234756,Kimi Räikkönen,no,6,2005 Formula One World Championship,https://en.wikipedia.org/wiki/2005_Formula_One_World_Championship,1371249561,https://en.wikipedia.org/w/index.php?oldid=1371249561,2026-09-28T09:17:59Z
748,745,2005,14,2005-08-21,Turkish Grand Prix,wp234756,Kimi Räikkönen,no,7,2005 Formula One World Championship,https://en.wikipedia.org/wiki/2005_Formula_One_World_Championship,1371249561,https://en.wikipedia.org/w/index.php?oldid=1371249561,2026-09-28T09:17:59Z
749,746,2005,15,2005-09-04,Italian Grand Prix,wp164992,Juan Pablo Montoya,no,6,2005 Formula One World Championship,https://en.wikipedia.org/wiki/2005_Formula_One_World_Championship,1371249561,https://en.wikipedia.org/w/index.php?oldid=1371249561,2026-09-28T09:17:59Z
750,747,2005,16,2005-09-11,Belgian Grand Prix,wp234756,Kimi Räikkönen,no,8,2005 Formula One World Championship,https://en.wikipedia.org/wiki/2005_Formula_One_World_Championship,1371249561,https://en.wikipedia.org/w/index.php?oldid=1371249561,2026-09-28T09:17:59Z
751,748,2005,17,2005-09-25,Brazilian Grand Prix,wp164992,Juan Pablo Montoya,no,7,2005 Formula One World Championship,https://en.wikipedia.org/wiki/2005_Formula_One_World_Championship,1371249561,https://en.wikipedia.org/w/index.php?oldid=1371249561,2026-09-28T09:17:59Z
752,749,2005,18,2005-10-09,Japanese Grand Prix,wp234756,Kimi Räikkönen,no,9,2005 Formula One World Championship,https://en.wikipedia.org/wiki/2005_Formula_One_World_Championship,1371249561,https://en.wikipedia.org/w/index.php?oldid=1371249561,2026-09-28T09:17:59Z
753,750,2005,19,2005-10-16,Chinese Grand Prix,wp240390,Fernando Alonso,no,8,2005 Formula One World Championship,https://en.wikipedia.org/wiki/2005_Formula_One_World_Championship,1371249561,https://en.wikipedia.org/w/index.php?oldid=1371249561,2026-09-28T09:17:59Z
754,751,2006,1,2006-03-12,Bahrain Grand Prix,wp240390,Fernando Alonso,no,9,2006 Formula One World Championship,https://en.wikipedia.org/wiki/2006_Formula_One_World_Championship,1370957708,https://en.wikipedia.org/w/index.php?oldid=1370957708,2026-09-28T09:18:00Z
755,752,2006,2,2006-03-19,Malaysian Grand Prix,wp636954,Giancarlo Fisichella,no,3,2006 Formula One World Championship,https://en.wikipedia.org/wiki/2006_Formula_One_World_Championship,1370957708,https://en.wikipedia.org/w/index.php?oldid=1370957708,2026-09-28T09:18:00Z
756,753,2006,3,2006-04-02,Australian Grand Prix,wp240390,Fernando Alonso,no,10,2006 Formula One World Championship,https://en.wikipedia.org/wiki/2006_Formula_One_World_Championship,1370957708,https://en.wikipedia.org/w/index.php?oldid=1370957708,2026-09-28T09:18:00Z
757,754,2006,4,2006-04-23,San Marino Grand Prix,wp20396,Michael Schumacher,no,85,2006 Formula One World Championship,https://en.wikipedia.org/wiki/2006_Formula_One_World_Championship,1370957708,https://en.wikipedia.org/w/index.php?oldid=1370957708,2026-09-28T09:18:00Z
758,755,2006,5,2006-05-07,European Grand Prix,wp20396,Michael Schumacher,no,86,2006 Formula One World Championship,https://en.wikipedia.org/wiki/2006_Formula_One_World_Championship,1370957708,https://en.wikipedia.org/w/index.php?oldid=1370957708,2026-09-28T09:18:00Z
759,756,2006,6,2006-05-14,Spanish Grand Prix,wp240390,Fernando Alonso,no,11,2006 Formula One World Championship,https://en.wikipedia.org/wiki/2006_Formula_One_World_Championship,1370957708,https://en.wikipedia.org/w/index.php?oldid=1370957708,2026-09-28T09:18:00Z
760,757,2006,7,2006-05-28,Monaco Grand Prix,wp240390,Fernando Alonso,no,12,2006 Formula One World Championship,https://en.wikipedia.org/wiki/2006_Formula_One_World_Championship,1370957708,https://en.wikipedia.org/w/index.php?oldid=1370957708,2026-09-28T09:18:00Z
761,758,2006,8,2006-06-11,British Grand Prix,wp240390,Fernando Alonso,no,13,2006 Formula One World Championship,https://en.wikipedia.org/wiki/2006_Formula_One_World_Championship,1370957708,https://en.wikipedia.org/w/index.php?oldid=1370957708,2026-09-28T09:18:00Z
762,759,2006,9,2006-06-25,Canadian Grand Prix,wp240390,Fernando Alonso,no,14,2006 Formula One World Championship,https://en.wikipedia.org/wiki/2006_Formula_One_World_Championship,1370957708,https://en.wikipedia.org/w/index.php?oldid=1370957708,2026-09-28T09:18:00Z
763,760,2006,10,2006-07-02,United States Grand Prix,wp20396,Michael Schumacher,no,87,2006 Formula One World Championship,https://en.wikipedia.org/wiki/2006_Formula_One_World_Championship,1370957708,https://en.wikipedia.org/w/index.php?oldid=1370957708,2026-09-28T09:18:00Z
764,761,2006,11,2006-07-16,French Grand Prix,wp20396,Michael Schumacher,no,88,2006 Formula One World Championship,https://en.wikipedia.org/wiki/2006_Formula_One_World_Championship,1370957708,https://en.wikipedia.org/w/index.php?oldid=1370957708,2026-09-28T09:18:00Z
765,762,2006,12,2006-07-30,German Grand Prix,wp20396,Michael Schumacher,no,89,2006 Formula One World Championship,https://en.wikipedia.org/wiki/2006_Formula_One_World_Championship,1370957708,https://en.wikipedia.org/w/index.php?oldid=1370957708,2026-09-28T09:18:00Z
766,763,2006,13,2006-08-06,Hungarian Grand Prix,wp548212,Jenson Button,no,1,2006 Formula One World Championship,https://en.wikipedia.org/wiki/2006_Formula_One_World_Championship,1370957708,https://en.wikipedia.org/w/index.php?oldid=1370957708,2026-09-28T09:18:00Z
767,764,2006,14,2006-08-27,Turkish Grand Prix,wp647263,Felipe Massa,no,1,2006 Formula One World Championship,https://en.wikipedia.org/wiki/2006_Formula_One_World_Championship,1370957708,https://en.wikipedia.org/w/index.php?oldid=1370957708,2026-09-28T09:18:00Z
768,765,2006,15,2006-09-10,Italian Grand Prix,wp20396,Michael Schumacher,no,90,2006 Formula One World Championship,https://en.wikipedia.org/wiki/2006_Formula_One_World_Championship,1370957708,https://en.wikipedia.org/w/index.php?oldid=1370957708,2026-09-28T09:18:00Z
769,766,2006,16,2006-10-01,Chinese Grand Prix,wp20396,Michael Schumacher,no,91,2006 Formula One World Championship,https://en.wikipedia.org/wiki/2006_Formula_One_World_Championship,1370957708,https://en.wikipedia.org/w/index.php?oldid=1370957708,2026-09-28T09:18:00Z
770,767,2006,17,2006-10-08,Japanese Grand Prix,wp240390,Fernando Alonso,no,15,2006 Formula One World Championship,https://en.wikipedia.org/wiki/2006_Formula_One_World_Championship,1370957708,https://en.wikipedia.org/w/index.php?oldid=1370957708,2026-09-28T09:18:00Z
771,768,2006,18,2006-10-22,Brazilian Grand Prix,wp647263,Felipe Massa,no,2,2006 Formula One World Championship,https://en.wikipedia.org/wiki/2006_Formula_One_World_Championship,1370957708,https://en.wikipedia.org/w/index.php?oldid=1370957708,2026-09-28T09:18:00Z
772,769,2007,1,2007-03-18,Australian Grand Prix,wp234756,Kimi Räikkönen,no,10,2007 Formula One World Championship,https://en.wikipedia.org/wiki/2007_Formula_One_World_Championship,1368924967,https://en.wikipedia.org/w/index.php?oldid=1368924967,2026-09-28T09:18:00Z
773,770,2007,2,2007-04-08,Malaysian Grand Prix,wp240390,Fernando Alonso,no,16,2007 Formula One World Championship,https://en.wikipedia.org/wiki/2007_Formula_One_World_Championship,1368924967,https://en.wikipedia.org/w/index.php?oldid=1368924967,2026-09-28T09:18:00Z
774,771,2007,3,2007-04-15,Bahrain Grand Prix,wp647263,Felipe Massa,no,3,2007 Formula One World Championship,https://en.wikipedia.org/wiki/2007_Formula_One_World_Championship,1368924967,https://en.wikipedia.org/w/index.php?oldid=1368924967,2026-09-28T09:18:00Z
775,772,2007,4,2007-05-13,Spanish Grand Prix,wp647263,Felipe Massa,no,4,2007 Formula One World Championship,https://en.wikipedia.org/wiki/2007_Formula_One_World_Championship,1368924967,https://en.wikipedia.org/w/index.php?oldid=1368924967,2026-09-28T09:18:00Z
776,773,2007,5,2007-05-27,Monaco Grand Prix,wp240390,Fernando Alonso,no,17,2007 Formula One World Championship,https://en.wikipedia.org/wiki/2007_Formula_One_World_Championship,1368924967,https://en.wikipedia.org/w/index.php?oldid=1368924967,2026-09-28T09:18:00Z
777,774,2007,6,2007-06-10,Canadian Grand Prix,wp675561,Lewis Hamilton,no,1,2007 Formula One World Championship,https://en.wikipedia.org/wiki/2007_Formula_One_World_Championship,1368924967,https://en.wikipedia.org/w/index.php?oldid=1368924967,2026-09-28T09:18:00Z
778,775,2007,7,2007-06-17,United States Grand Prix,wp675561,Lewis Hamilton,no,2,2007 Formula One World Championship,https://en.wikipedia.org/wiki/2007_Formula_One_World_Championship,1368924967,https://en.wikipedia.org/w/index.php?oldid=1368924967,2026-09-28T09:18:00Z
779,776,2007,8,2007-07-01,French Grand Prix,wp234756,Kimi Räikkönen,no,11,2007 Formula One World Championship,https://en.wikipedia.org/wiki/2007_Formula_One_World_Championship,1368924967,https://en.wikipedia.org/w/index.php?oldid=1368924967,2026-09-28T09:18:00Z
780,777,2007,9,2007-07-08,British Grand Prix,wp234756,Kimi Räikkönen,no,12,2007 Formula One World Championship,https://en.wikipedia.org/wiki/2007_Formula_One_World_Championship,1368924967,https://en.wikipedia.org/w/index.php?oldid=1368924967,2026-09-28T09:18:00Z
781,778,2007,10,2007-07-22,European Grand Prix,wp240390,Fernando Alonso,no,18,2007 Formula One World Championship,https://en.wikipedia.org/wiki/2007_Formula_One_World_Championship,1368924967,https://en.wikipedia.org/w/index.php?oldid=1368924967,2026-09-28T09:18:00Z
782,779,2007,11,2007-08-05,Hungarian Grand Prix,wp675561,Lewis Hamilton,no,3,2007 Formula One World Championship,https://en.wikipedia.org/wiki/2007_Formula_One_World_Championship,1368924967,https://en.wikipedia.org/w/index.php?oldid=1368924967,2026-09-28T09:18:00Z
783,780,2007,12,2007-08-26,Turkish Grand Prix,wp647263,Felipe Massa,no,5,2007 Formula One World Championship,https://en.wikipedia.org/wiki/2007_Formula_One_World_Championship,1368924967,https://en.wikipedia.org/w/index.php?oldid=1368924967,2026-09-28T09:18:00Z
784,781,2007,13,2007-09-09,Italian Grand Prix,wp240390,Fernando Alonso,no,19,2007 Formula One World Championship,https://en.wikipedia.org/wiki/2007_Formula_One_World_Championship,1368924967,https://en.wikipedia.org/w/index.php?oldid=1368924967,2026-09-28T09:18:00Z
785,782,2007,14,2007-09-16,Belgian Grand Prix,wp234756,Kimi Räikkönen,no,13,2007 Formula One World Championship,https://en.wikipedia.org/wiki/2007_Formula_One_World_Championship,1368924967,https://en.wikipedia.org/w/index.php?oldid=1368924967,2026-09-28T09:18:00Z
786,783,2007,15,2007-09-30,Japanese Grand Prix,wp675561,Lewis Hamilton,no,4,2007 Formula One World Championship,https://en.wikipedia.org/wiki/2007_Formula_One_World_Championship,1368924967,https://en.wikipedia.org/w/index.php?oldid=1368924967,2026-09-28T09:18:00Z
787,784,2007,16,2007-10-07,Chinese Grand Prix,wp234756,Kimi Räikkönen,no,14,2007 Formula One World Championship,https://en.wikipedia.org/wiki/2007_Formula_One_World_Championship,1368924967,https://en.wikipedia.org/w/index.php?oldid=1368924967,2026-09-28T09:18:00Z
788,785,2007,17,2007-10-21,Brazilian Grand Prix,wp234756,Kimi Räikkönen,no,15,2007 Formula One World Championship,https://en.wikipedia.org/wiki/2007_Formula_One_World_Championship,1368924967,https://en.wikipedia.org/w/index.php?oldid=1368924967,2026-09-28T09:18:00Z
789,786,2008,1,2008-03-16,Australian Grand Prix,wp675561,Lewis Hamilton,no,5,2008 Formula One World Championship,https://en.wikipedia.org/wiki/2008_Formula_One_World_Championship,1373003249,https://en.wikipedia.org/w/index.php?oldid=1373003249,2026-09-28T09:18:01Z
790,787,2008,2,2008-03-23,Malaysian Grand Prix,wp234756,Kimi Räikkönen,no,16,2008 Formula One World Championship,https://en.wikipedia.org/wiki/2008_Formula_One_World_Championship,1373003249,https://en.wikipedia.org/w/index.php?oldid=1373003249,2026-09-28T09:18:01Z
791,788,2008,3,2008-04-06,Bahrain Grand Prix,wp647263,Felipe Massa,no,6,2008 Formula One World Championship,https://en.wikipedia.org/wiki/2008_Formula_One_World_Championship,1373003249,https://en.wikipedia.org/w/index.php?oldid=1373003249,2026-09-28T09:18:01Z
792,789,2008,4,2008-04-27,Spanish Grand Prix,wp234756,Kimi Räikkönen,no,17,2008 Formula One World Championship,https://en.wikipedia.org/wiki/2008_Formula_One_World_Championship,1373003249,https://en.wikipedia.org/w/index.php?oldid=1373003249,2026-09-28T09:18:01Z
793,790,2008,5,2008-05-11,Turkish Grand Prix,wp647263,Felipe Massa,no,7,2008 Formula One World Championship,https://en.wikipedia.org/wiki/2008_Formula_One_World_Championship,1373003249,https://en.wikipedia.org/w/index.php?oldid=1373003249,2026-09-28T09:18:01Z
794,791,2008,6,2008-05-25,Monaco Grand Prix,wp675561,Lewis Hamilton,no,6,2008 Formula One World Championship,https://en.wikipedia.org/wiki/2008_Formula_One_World_Championship,1373003249,https://en.wikipedia.org/w/index.php?oldid=1373003249,2026-09-28T09:18:01Z
795,792,2008,7,2008-06-08,Canadian Grand Prix,wp1841727,Robert Kubica,no,1,2008 Formula One World Championship,https://en.wikipedia.org/wiki/2008_Formula_One_World_Championship,1373003249,https://en.wikipedia.org/w/index.php?oldid=1373003249,2026-09-28T09:18:01Z
796,793,2008,8,2008-06-22,French Grand Prix,wp647263,Felipe Massa,no,8,2008 Formula One World Championship,https://en.wikipedia.org/wiki/2008_Formula_One_World_Championship,1373003249,https://en.wikipedia.org/w/index.php?oldid=1373003249,2026-09-28T09:18:01Z
797,794,2008,9,2008-07-06,British Grand Prix,wp675561,Lewis Hamilton,no,7,2008 Formula One World Championship,https://en.wikipedia.org/wiki/2008_Formula_One_World_Championship,1373003249,https://en.wikipedia.org/w/index.php?oldid=1373003249,2026-09-28T09:18:01Z
798,795,2008,10,2008-07-20,German Grand Prix,wp675561,Lewis Hamilton,no,8,2008 Formula One World Championship,https://en.wikipedia.org/wiki/2008_Formula_One_World_Championship,1373003249,https://en.wikipedia.org/w/index.php?oldid=1373003249,2026-09-28T09:18:01Z
799,796,2008,11,2008-08-03,Hungarian Grand Prix,wp1527343,Heikki Kovalainen,no,1,2008 Formula One World Championship,https://en.wikipedia.org/wiki/2008_Formula_One_World_Championship,1373003249,https://en.wikipedia.org/w/index.php?oldid=1373003249,2026-09-28T09:18:01Z
800,797,2008,12,2008-08-24,European Grand Prix,wp647263,Felipe Massa,no,9,2008 Formula One World Championship,https://en.wikipedia.org/wiki/2008_Formula_One_World_Championship,1373003249,https://en.wikipedia.org/w/index.php?oldid=1373003249,2026-09-28T09:18:01Z
801,798,2008,13,2008-09-07,Belgian Grand Prix,wp647263,Felipe Massa,no,10,2008 Formula One World Championship,https://en.wikipedia.org/wiki/2008_Formula_One_World_Championship,1373003249,https://en.wikipedia.org/w/index.php?oldid=1373003249,2026-09-28T09:18:01Z
802,799,2008,14,2008-09-14,Italian Grand Prix,wp6437759,Sebastian Vettel,no,1,2008 Formula One World Championship,https://en.wikipedia.org/wiki/2008_Formula_One_World_Championship,1373003249,https://en.wikipedia.org/w/index.php?oldid=1373003249,2026-09-28T09:18:01Z
803,800,2008,15,2008-09-28,Singapore Grand Prix,wp240390,Fernando Alonso,no,20,2008 Formula One World Championship,https://en.wikipedia.org/wiki/2008_Formula_One_World_Championship,1373003249,https://en.wikipedia.org/w/index.php?oldid=1373003249,2026-09-28T09:18:01Z
804,801,2008,16,2008-10-12,Japanese Grand Prix,wp240390,Fernando Alonso,no,21,2008 Formula One World Championship,https://en.wikipedia.org/wiki/2008_Formula_One_World_Championship,1373003249,https://en.wikipedia.org/w/index.php?oldid=1373003249,2026-09-28T09:18:01Z
805,802,2008,17,2008-10-19,Chinese Grand Prix,wp675561,Lewis Hamilton,no,9,2008 Formula One World Championship,https://en.wikipedia.org/wiki/2008_Formula_One_World_Championship,1373003249,https://en.wikipedia.org/w/index.php?oldid=1373003249,2026-09-28T09:18:01Z
806,803,2008,18,2008-11-02,Brazilian Grand Prix,wp647263,Felipe Massa,no,11,2008 Formula One World Championship,https://en.wikipedia.org/wiki/2008_Formula_One_World_Championship,1373003249,https://en.wikipedia.org/w/index.php?oldid=1373003249,2026-09-28T09:18:01Z
807,804,2009,1,2009-03-29,Australian Grand Prix,wp548212,Jenson Button,no,2,2009 Formula One World Championship,https://en.wikipedia.org/wiki/2009_Formula_One_World_Championship,1365999807,https://en.wikipedia.org/w/index.php?oldid=1365999807,2026-09-28T09:18:02Z
808,805,2009,2,2009-04-05,Malaysian Grand Prix,wp548212,Jenson Button,no,3,2009 Formula One World Championship,https://en.wikipedia.org/wiki/2009_Formula_One_World_Championship,1365999807,https://en.wikipedia.org/w/index.php?oldid=1365999807,2026-09-28T09:18:02Z
809,806,2009,3,2009-04-19,Chinese Grand Prix,wp6437759,Sebastian Vettel,no,2,2009 Formula One World Championship,https://en.wikipedia.org/wiki/2009_Formula_One_World_Championship,1365999807,https://en.wikipedia.org/w/index.php?oldid=1365999807,2026-09-28T09:18:02Z
810,807,2009,4,2009-04-26,Bahrain Grand Prix,wp548212,Jenson Button,no,4,2009 Formula One World Championship,https://en.wikipedia.org/wiki/2009_Formula_One_World_Championship,1365999807,https://en.wikipedia.org/w/index.php?oldid=1365999807,2026-09-28T09:18:02Z
811,808,2009,5,2009-05-10,Spanish Grand Prix,wp548212,Jenson Button,no,5,2009 Formula One World Championship,https://en.wikipedia.org/wiki/2009_Formula_One_World_Championship,1365999807,https://en.wikipedia.org/w/index.php?oldid=1365999807,2026-09-28T09:18:02Z
812,809,2009,6,2009-05-24,Monaco Grand Prix,wp548212,Jenson Button,no,6,2009 Formula One World Championship,https://en.wikipedia.org/wiki/2009_Formula_One_World_Championship,1365999807,https://en.wikipedia.org/w/index.php?oldid=1365999807,2026-09-28T09:18:02Z
813,810,2009,7,2009-06-07,Turkish Grand Prix,wp548212,Jenson Button,no,7,2009 Formula One World Championship,https://en.wikipedia.org/wiki/2009_Formula_One_World_Championship,1365999807,https://en.wikipedia.org/w/index.php?oldid=1365999807,2026-09-28T09:18:02Z
814,811,2009,8,2009-06-21,British Grand Prix,wp6437759,Sebastian Vettel,no,3,2009 Formula One World Championship,https://en.wikipedia.org/wiki/2009_Formula_One_World_Championship,1365999807,https://en.wikipedia.org/w/index.php?oldid=1365999807,2026-09-28T09:18:02Z
815,812,2009,9,2009-07-12,German Grand Prix,wp564161,Mark Webber,no,1,2009 Formula One World Championship,https://en.wikipedia.org/wiki/2009_Formula_One_World_Championship,1365999807,https://en.wikipedia.org/w/index.php?oldid=1365999807,2026-09-28T09:18:02Z
816,813,2009,10,2009-07-26,Hungarian Grand Prix,wp675561,Lewis Hamilton,no,10,2009 Formula One World Championship,https://en.wikipedia.org/wiki/2009_Formula_One_World_Championship,1365999807,https://en.wikipedia.org/w/index.php?oldid=1365999807,2026-09-28T09:18:02Z
817,814,2009,11,2009-08-23,European Grand Prix,wp252989,Rubens Barrichello,no,10,2009 Formula One World Championship,https://en.wikipedia.org/wiki/2009_Formula_One_World_Championship,1365999807,https://en.wikipedia.org/w/index.php?oldid=1365999807,2026-09-28T09:18:02Z
818,815,2009,12,2009-08-30,Belgian Grand Prix,wp234756,Kimi Räikkönen,no,18,2009 Formula One World Championship,https://en.wikipedia.org/wiki/2009_Formula_One_World_Championship,1365999807,https://en.wikipedia.org/w/index.php?oldid=1365999807,2026-09-28T09:18:02Z
819,816,2009,13,2009-09-13,Italian Grand Prix,wp252989,Rubens Barrichello,no,11,2009 Formula One World Championship,https://en.wikipedia.org/wiki/2009_Formula_One_World_Championship,1365999807,https://en.wikipedia.org/w/index.php?oldid=1365999807,2026-09-28T09:18:02Z
820,817,2009,14,2009-09-27,Singapore Grand Prix,wp675561,Lewis Hamilton,no,11,2009 Formula One World Championship,https://en.wikipedia.org/wiki/2009_Formula_One_World_Championship,1365999807,https://en.wikipedia.org/w/index.php?oldid=1365999807,2026-09-28T09:18:02Z
821,818,2009,15,2009-10-04,Japanese Grand Prix,wp6437759,Sebastian Vettel,no,4,2009 Formula One World Championship,https://en.wikipedia.org/wiki/2009_Formula_One_World_Championship,1365999807,https://en.wikipedia.org/w/index.php?oldid=1365999807,2026-09-28T09:18:02Z
822,819,2009,16,2009-10-18,Brazilian Grand Prix,wp564161,Mark Webber,no,2,2009 Formula One World Championship,https://en.wikipedia.org/wiki/2009_Formula_One_World_Championship,1365999807,https://en.wikipedia.org/w/index.php?oldid=1365999807,2026-09-28T09:18:02Z
823,820,2009,17,2009-11-01,Abu Dhabi Grand Prix,wp6437759,Sebastian Vettel,no,5,2009 Formula One World Championship,https://en.wikipedia.org/wiki/2009_Formula_One_World_Championship,1365999807,https://en.wikipedia.org/w/index.php?oldid=1365999807,2026-09-28T09:18:02Z
824,821,2010,1,2010-03-14,Bahrain Grand Prix,wp240390,Fernando Alonso,no,22,2010 Formula One World Championship,https://en.wikipedia.org/wiki/2010_Formula_One_World_Championship,1368835756,https://en.wikipedia.org/w/index.php?oldid=1368835756,2026-09-28T09:18:03Z
825,822,2010,2,2010-03-28,Australian Grand Prix,wp548212,Jenson Button,no,8,2010 Formula One World Championship,https://en.wikipedia.org/wiki/2010_Formula_One_World_Championship,1368835756,https://en.wikipedia.org/w/index.php?oldid=1368835756,2026-09-28T09:18:03Z
826,823,2010,3,2010-04-04,Malaysian Grand Prix,wp6437759,Sebastian Vettel,no,6,2010 Formula One World Championship,https://en.wikipedia.org/wiki/2010_Formula_One_World_Championship,1368835756,https://en.wikipedia.org/w/index.php?oldid=1368835756,2026-09-28T09:18:03Z
827,824,2010,4,2010-04-18,Chinese Grand Prix,wp548212,Jenson Button,no,9,2010 Formula One World Championship,https://en.wikipedia.org/wiki/2010_Formula_One_World_Championship,1368835756,https://en.wikipedia.org/w/index.php?oldid=1368835756,2026-09-28T09:18:03Z
828,825,2010,5,2010-05-09,Spanish Grand Prix,wp564161,Mark Webber,no,3,2010 Formula One World Championship,https://en.wikipedia.org/wiki/2010_Formula_One_World_Championship,1368835756,https://en.wikipedia.org/w/index.php?oldid=1368835756,2026-09-28T09:18:03Z
829,826,2010,6,2010-05-16,Monaco Grand Prix,wp564161,Mark Webber,no,4,2010 Formula One World Championship,https://en.wikipedia.org/wiki/2010_Formula_One_World_Championship,1368835756,https://en.wikipedia.org/w/index.php?oldid=1368835756,2026-09-28T09:18:03Z
830,827,2010,7,2010-05-30,Turkish Grand Prix,wp675561,Lewis Hamilton,no,12,2010 Formula One World Championship,https://en.wikipedia.org/wiki/2010_Formula_One_World_Championship,1368835756,https://en.wikipedia.org/w/index.php?oldid=1368835756,2026-09-28T09:18:03Z
831,828,2010,8,2010-06-13,Canadian Grand Prix,wp675561,Lewis Hamilton,no,13,2010 Formula One World Championship,https://en.wikipedia.org/wiki/2010_Formula_One_World_Championship,1368835756,https://en.wikipedia.org/w/index.php?oldid=1368835756,2026-09-28T09:18:03Z
832,829,2010,9,2010-06-27,European Grand Prix,wp6437759,Sebastian Vettel,no,7,2010 Formula One World Championship,https://en.wikipedia.org/wiki/2010_Formula_One_World_Championship,1368835756,https://en.wikipedia.org/w/index.php?oldid=1368835756,2026-09-28T09:18:03Z
833,830,2010,10,2010-07-11,British Grand Prix,wp564161,Mark Webber,no,5,2010 Formula One World Championship,https://en.wikipedia.org/wiki/2010_Formula_One_World_Championship,1368835756,https://en.wikipedia.org/w/index.php?oldid=1368835756,2026-09-28T09:18:03Z
834,831,2010,11,2010-07-25,German Grand Prix,wp240390,Fernando Alonso,no,23,2010 Formula One World Championship,https://en.wikipedia.org/wiki/2010_Formula_One_World_Championship,1368835756,https://en.wikipedia.org/w/index.php?oldid=1368835756,2026-09-28T09:18:03Z
835,832,2010,12,2010-08-01,Hungarian Grand Prix,wp564161,Mark Webber,no,6,2010 Formula One World Championship,https://en.wikipedia.org/wiki/2010_Formula_One_World_Championship,1368835756,https://en.wikipedia.org/w/index.php?oldid=1368835756,2026-09-28T09:18:03Z
836,833,2010,13,2010-08-29,Belgian Grand Prix,wp675561,Lewis Hamilton,no,14,2010 Formula One World Championship,https://en.wikipedia.org/wiki/2010_Formula_One_World_Championship,1368835756,https://en.wikipedia.org/w/index.php?oldid=1368835756,2026-09-28T09:18:03Z
837,834,2010,14,2010-09-12,Italian Grand Prix,wp240390,Fernando Alonso,no,24,2010 Formula One World Championship,https://en.wikipedia.org/wiki/2010_Formula_One_World_Championship,1368835756,https://en.wikipedia.org/w/index.php?oldid=1368835756,2026-09-28T09:18:03Z
838,835,2010,15,2010-09-26,Singapore Grand Prix,wp240390,Fernando Alonso,no,25,2010 Formula One World Championship,https://en.wikipedia.org/wiki/2010_Formula_One_World_Championship,1368835756,https://en.wikipedia.org/w/index.php?oldid=1368835756,2026-09-28T09:18:03Z
839,836,2010,16,2010-10-10,Japanese Grand Prix,wp6437759,Sebastian Vettel,no,8,2010 Formula One World Championship,https://en.wikipedia.org/wiki/2010_Formula_One_World_Championship,1368835756,https://en.wikipedia.org/w/index.php?oldid=1368835756,2026-09-28T09:18:03Z
840,837,2010,17,2010-10-24,Korean Grand Prix,wp240390,Fernando Alonso,no,26,2010 Formula One World Championship,https://en.wikipedia.org/wiki/2010_Formula_One_World_Championship,1368835756,https://en.wikipedia.org/w/index.php?oldid=1368835756,2026-09-28T09:18:03Z
841,838,2010,18,2010-11-07,Brazilian Grand Prix,wp6437759,Sebastian Vettel,no,9,2010 Formula One World Championship,https://en.wikipedia.org/wiki/2010_Formula_One_World_Championship,1368835756,https://en.wikipedia.org/w/index.php?oldid=1368835756,2026-09-28T09:18:03Z
842,839,2010,19,2010-11-14,Abu Dhabi Grand Prix,wp6437759,Sebastian Vettel,no,10,2010 Formula One World Championship,https://en.wikipedia.org/wiki/2010_Formula_One_World_Championship,1368835756,https://en.wikipedia.org/w/index.php?oldid=1368835756,2026-09-28T09:18:03Z
843,840,2011,1,2011-03-27,Australian Grand Prix,wp6437759,Sebastian Vettel,no,11,2011 Formula One World Championship,https://en.wikipedia.org/wiki/2011_Formula_One_World_Championship,1376563046,https://en.wikipedia.org/w/index.php?oldid=1376563046,2026-09-28T09:18:04Z
844,841,2011,2,2011-04-10,Malaysian Grand Prix,wp6437759,Sebastian Vettel,no,12,2011 Formula One World Championship,https://en.wikipedia.org/wiki/2011_Formula_One_World_Championship,1376563046,https://en.wikipedia.org/w/index.php?oldid=1376563046,2026-09-28T09:18:04Z
845,842,2011,3,2011-04-17,Chinese Grand Prix,wp675561,Lewis Hamilton,no,15,2011 Formula One World Championship,https://en.wikipedia.org/wiki/2011_Formula_One_World_Championship,1376563046,https://en.wikipedia.org/w/index.php?oldid=1376563046,2026-09-28T09:18:04Z
846,843,2011,4,2011-05-08,Turkish Grand Prix,wp6437759,Sebastian Vettel,no,13,2011 Formula One World Championship,https://en.wikipedia.org/wiki/2011_Formula_One_World_Championship,1376563046,https://en.wikipedia.org/w/index.php?oldid=1376563046,2026-09-28T09:18:04Z
847,844,2011,5,2011-05-22,Spanish Grand Prix,wp6437759,Sebastian Vettel,no,14,2011 Formula One World Championship,https://en.wikipedia.org/wiki/2011_Formula_One_World_Championship,1376563046,https://en.wikipedia.org/w/index.php?oldid=1376563046,2026-09-28T09:18:04Z
848,845,2011,6,2011-05-29,Monaco Grand Prix,wp6437759,Sebastian Vettel,no,15,2011 Formula One World Championship,https://en.wikipedia.org/wiki/2011_Formula_One_World_Championship,1376563046,https://en.wikipedia.org/w/index.php?oldid=1376563046,2026-09-28T09:18:04Z
849,846,2011,7,2011-06-12,Canadian Grand Prix,wp548212,Jenson Button,no,10,2011 Formula One World Championship,https://en.wikipedia.org/wiki/2011_Formula_One_World_Championship,1376563046,https://en.wikipedia.org/w/index.php?oldid=1376563046,2026-09-28T09:18:04Z
850,847,2011,8,2011-06-26,European Grand Prix,wp6437759,Sebastian Vettel,no,16,2011 Formula One World Championship,https://en.wikipedia.org/wiki/2011_Formula_One_World_Championship,1376563046,https://en.wikipedia.org/w/index.php?oldid=1376563046,2026-09-28T09:18:04Z
851,848,2011,9,2011-07-10,British Grand Prix,wp240390,Fernando Alonso,no,27,2011 Formula One World Championship,https://en.wikipedia.org/wiki/2011_Formula_One_World_Championship,1376563046,https://en.wikipedia.org/w/index.php?oldid=1376563046,2026-09-28T09:18:04Z
852,849,2011,10,2011-07-24,German Grand Prix,wp675561,Lewis Hamilton,no,16,2011 Formula One World Championship,https://en.wikipedia.org/wiki/2011_Formula_One_World_Championship,1376563046,https://en.wikipedia.org/w/index.php?oldid=1376563046,2026-09-28T09:18:04Z
853,850,2011,11,2011-07-31,Hungarian Grand Prix,wp548212,Jenson Button,no,11,2011 Formula One World Championship,https://en.wikipedia.org/wiki/2011_Formula_One_World_Championship,1376563046,https://en.wikipedia.org/w/index.php?oldid=1376563046,2026-09-28T09:18:04Z
854,851,2011,12,2011-08-28,Belgian Grand Prix,wp6437759,Sebastian Vettel,no,17,2011 Formula One World Championship,https://en.wikipedia.org/wiki/2011_Formula_One_World_Championship,1376563046,https://en.wikipedia.org/w/index.php?oldid=1376563046,2026-09-28T09:18:04Z
855,852,2011,13,2011-09-11,Italian Grand Prix,wp6437759,Sebastian Vettel,no,18,2011 Formula One World Championship,https://en.wikipedia.org/wiki/2011_Formula_One_World_Championship,1376563046,https://en.wikipedia.org/w/index.php?oldid=1376563046,2026-09-28T09:18:04Z
856,853,2011,14,2011-09-25,Singapore Grand Prix,wp6437759,Sebastian Vettel,no,19,2011 Formula One World Championship,https://en.wikipedia.org/wiki/2011_Formula_One_World_Championship,1376563046,https://en.wikipedia.org/w/index.php?oldid=1376563046,2026-09-28T09:18:04Z
857,854,2011,15,2011-10-09,Japanese Grand Prix,wp548212,Jenson Button,no,12,2011 Formula One World Championship,https://en.wikipedia.org/wiki/2011_Formula_One_World_Championship,1376563046,https://en.wikipedia.org/w/index.php?oldid=1376563046,2026-09-28T09:18:04Z
858,855,2011,16,2011-10-16,Korean Grand Prix,wp6437759,Sebastian Vettel,no,20,2011 Formula One World Championship,https://en.wikipedia.org/wiki/2011_Formula_One_World_Championship,1376563046,https://en.wikipedia.org/w/index.php?oldid=1376563046,2026-09-28T09:18:04Z
859,856,2011,17,2011-10-30,Indian Grand Prix,wp6437759,Sebastian Vettel,no,21,2011 Formula One World Championship,https://en.wikipedia.org/wiki/2011_Formula_One_World_Championship,1376563046,https://en.wikipedia.org/w/index.php?oldid=1376563046,2026-09-28T09:18:04Z
860,857,2011,18,2011-11-13,Abu Dhabi Grand Prix,wp675561,Lewis Hamilton,no,17,2011 Formula One World Championship,https://en.wikipedia.org/wiki/2011_Formula_One_World_Championship,1376563046,https://en.wikipedia.org/w/index.php?oldid=1376563046,2026-09-28T09:18:04Z
861,858,2011,19,2011-11-27,Brazilian Grand Prix,wp564161,Mark Webber,no,7,2011 Formula One World Championship,https://en.wikipedia.org/wiki/2011_Formula_One_World_Championship,1376563046,https://en.wikipedia.org/w/index.php?oldid=1376563046,2026-09-28T09:18:04Z
862,859,2012,1,2012-03-18,Australian Grand Prix,wp548212,Jenson Button,no,13,2012 Formula One World Championship,https://en.wikipedia.org/wiki/2012_Formula_One_World_Championship,1376317031,https://en.wikipedia.org/w/index.php?oldid=1376317031,2026-09-28T09:18:05Z
863,860,2012,2,2012-03-25,Malaysian Grand Prix,wp240390,Fernando Alonso,no,28,2012 Formula One World Championship,https://en.wikipedia.org/wiki/2012_Formula_One_World_Championship,1376317031,https://en.wikipedia.org/w/index.php?oldid=1376317031,2026-09-28T09:18:05Z
864,861,2012,3,2012-04-15,Chinese Grand Prix,wp1628331,Nico Rosberg,no,1,2012 Formula One World Championship,https://en.wikipedia.org/wiki/2012_Formula_One_World_Championship,1376317031,https://en.wikipedia.org/w/index.php?oldid=1376317031,2026-09-28T09:18:05Z
865,862,2012,4,2012-04-22,Bahrain Grand Prix,wp6437759,Sebastian Vettel,no,22,2012 Formula One World Championship,https://en.wikipedia.org/wiki/2012_Formula_One_World_Championship,1376317031,https://en.wikipedia.org/w/index.php?oldid=1376317031,2026-09-28T09:18:05Z
866,863,2012,5,2012-05-13,Spanish Grand Prix,wp9255765,Pastor Maldonado,no,1,2012 Formula One World Championship,https://en.wikipedia.org/wiki/2012_Formula_One_World_Championship,1376317031,https://en.wikipedia.org/w/index.php?oldid=1376317031,2026-09-28T09:18:05Z
867,864,2012,6,2012-05-27,Monaco Grand Prix,wp564161,Mark Webber,no,8,2012 Formula One World Championship,https://en.wikipedia.org/wiki/2012_Formula_One_World_Championship,1376317031,https://en.wikipedia.org/w/index.php?oldid=1376317031,2026-09-28T09:18:05Z
868,865,2012,7,2012-06-10,Canadian Grand Prix,wp675561,Lewis Hamilton,no,18,2012 Formula One World Championship,https://en.wikipedia.org/wiki/2012_Formula_One_World_Championship,1376317031,https://en.wikipedia.org/w/index.php?oldid=1376317031,2026-09-28T09:18:05Z
869,866,2012,8,2012-06-24,European Grand Prix,wp240390,Fernando Alonso,no,29,2012 Formula One World Championship,https://en.wikipedia.org/wiki/2012_Formula_One_World_Championship,1376317031,https://en.wikipedia.org/w/index.php?oldid=1376317031,2026-09-28T09:18:05Z
870,867,2012,9,2012-07-08,British Grand Prix,wp564161,Mark Webber,no,9,2012 Formula One World Championship,https://en.wikipedia.org/wiki/2012_Formula_One_World_Championship,1376317031,https://en.wikipedia.org/w/index.php?oldid=1376317031,2026-09-28T09:18:05Z
871,868,2012,10,2012-07-22,German Grand Prix,wp240390,Fernando Alonso,no,30,2012 Formula One World Championship,https://en.wikipedia.org/wiki/2012_Formula_One_World_Championship,1376317031,https://en.wikipedia.org/w/index.php?oldid=1376317031,2026-09-28T09:18:05Z
872,869,2012,11,2012-07-29,Hungarian Grand Prix,wp675561,Lewis Hamilton,no,19,2012 Formula One World Championship,https://en.wikipedia.org/wiki/2012_Formula_One_World_Championship,1376317031,https://en.wikipedia.org/w/index.php?oldid=1376317031,2026-09-28T09:18:05Z
873,870,2012,12,2012-09-02,Belgian Grand Prix,wp548212,Jenson Button,no,14,2012 Formula One World Championship,https://en.wikipedia.org/wiki/2012_Formula_One_World_Championship,1376317031,https://en.wikipedia.org/w/index.php?oldid=1376317031,2026-09-28T09:18:05Z
874,871,2012,13,2012-09-09,Italian Grand Prix,wp675561,Lewis Hamilton,no,20,2012 Formula One World Championship,https://en.wikipedia.org/wiki/2012_Formula_One_World_Championship,1376317031,https://en.wikipedia.org/w/index.php?oldid=1376317031,2026-09-28T09:18:05Z
875,872,2012,14,2012-09-23,Singapore Grand Prix,wp6437759,Sebastian Vettel,no,23,2012 Formula One World Championship,https://en.wikipedia.org/wiki/2012_Formula_One_World_Championship,1376317031,https://en.wikipedia.org/w/index.php?oldid=1376317031,2026-09-28T09:18:05Z
876,873,2012,15,2012-10-07,Japanese Grand Prix,wp6437759,Sebastian Vettel,no,24,2012 Formula One World Championship,https://en.wikipedia.org/wiki/2012_Formula_One_World_Championship,1376317031,https://en.wikipedia.org/w/index.php?oldid=1376317031,2026-09-28T09:18:05Z
877,874,2012,16,2012-10-14,Korean Grand Prix,wp6437759,Sebastian Vettel,no,25,2012 Formula One World Championship,https://en.wikipedia.org/wiki/2012_Formula_One_World_Championship,1376317031,https://en.wikipedia.org/w/index.php?oldid=1376317031,2026-09-28T09:18:05Z
878,875,2012,17,2012-10-28,Indian Grand Prix,wp6437759,Sebastian Vettel,no,26,2012 Formula One World Championship,https://en.wikipedia.org/wiki/2012_Formula_One_World_Championship,1376317031,https://en.wikipedia.org/w/index.php?oldid=1376317031,2026-09-28T09:18:05Z
879,876,2012,18,2012-11-04,Abu Dhabi Grand Prix,wp234756,Kimi Räikkönen,no,19,2012 Formula One World Championship,https://en.wikipedia.org/wiki/2012_Formula_One_World_Championship,1376317031,https://en.wikipedia.org/w/index.php?oldid=1376317031,2026-09-28T09:18:05Z
880,877,2012,19,2012-11-18,United States Grand Prix,wp675561,Lewis Hamilton,no,21,2012 Formula One World Championship,https://en.wikipedia.org/wiki/2012_Formula_One_World_Championship,1376317031,https://en.wikipedia.org/w/index.php?oldid=1376317031,2026-09-28T09:18:05Z
881,878,2012,20,2012-11-25,Brazilian Grand Prix,wp548212,Jenson Button,no,15,2012 Formula One World Championship,https://en.wikipedia.org/wiki/2012_Formula_One_World_Championship,1376317031,https://en.wikipedia.org/w/index.php?oldid=1376317031,2026-09-28T09:18:05Z
882,879,2013,1,2013-03-17,Australian Grand Prix,wp234756,Kimi Räikkönen,no,20,2013 Formula One World Championship,https://en.wikipedia.org/wiki/2013_Formula_One_World_Championship,1371491585,https://en.wikipedia.org/w/index.php?oldid=1371491585,2026-09-28T09:18:08Z
883,880,2013,2,2013-03-24,Malaysian Grand Prix,wp6437759,Sebastian Vettel,no,27,2013 Formula One World Championship,https://en.wikipedia.org/wiki/2013_Formula_One_World_Championship,1371491585,https://en.wikipedia.org/w/index.php?oldid=1371491585,2026-09-28T09:18:08Z
884,881,2013,3,2013-04-14,Chinese Grand Prix,wp240390,Fernando Alonso,no,31,2013 Formula One World Championship,https://en.wikipedia.org/wiki/2013_Formula_One_World_Championship,1371491585,https://en.wikipedia.org/w/index.php?oldid=1371491585,2026-09-28T09:18:08Z
885,882,2013,4,2013-04-21,Bahrain Grand Prix,wp6437759,Sebastian Vettel,no,28,2013 Formula One World Championship,https://en.wikipedia.org/wiki/2013_Formula_One_World_Championship,1371491585,https://en.wikipedia.org/w/index.php?oldid=1371491585,2026-09-28T09:18:08Z
886,883,2013,5,2013-05-12,Spanish Grand Prix,wp240390,Fernando Alonso,no,32,2013 Formula One World Championship,https://en.wikipedia.org/wiki/2013_Formula_One_World_Championship,1371491585,https://en.wikipedia.org/w/index.php?oldid=1371491585,2026-09-28T09:18:08Z
887,884,2013,6,2013-05-26,Monaco Grand Prix,wp1628331,Nico Rosberg,no,2,2013 Formula One World Championship,https://en.wikipedia.org/wiki/2013_Formula_One_World_Championship,1371491585,https://en.wikipedia.org/w/index.php?oldid=1371491585,2026-09-28T09:18:08Z
888,885,2013,7,2013-06-09,Canadian Grand Prix,wp6437759,Sebastian Vettel,no,29,2013 Formula One World Championship,https://en.wikipedia.org/wiki/2013_Formula_One_World_Championship,1371491585,https://en.wikipedia.org/w/index.php?oldid=1371491585,2026-09-28T09:18:08Z
889,886,2013,8,2013-06-30,British Grand Prix,wp1628331,Nico Rosberg,no,3,2013 Formula One World Championship,https://en.wikipedia.org/wiki/2013_Formula_One_World_Championship,1371491585,https://en.wikipedia.org/w/index.php?oldid=1371491585,2026-09-28T09:18:08Z
890,887,2013,9,2013-07-07,German Grand Prix,wp6437759,Sebastian Vettel,no,30,2013 Formula One World Championship,https://en.wikipedia.org/wiki/2013_Formula_One_World_Championship,1371491585,https://en.wikipedia.org/w/index.php?oldid=1371491585,2026-09-28T09:18:08Z
891,888,2013,10,2013-07-28,Hungarian Grand Prix,wp675561,Lewis Hamilton,no,22,2013 Formula One World Championship,https://en.wikipedia.org/wiki/2013_Formula_One_World_Championship,1371491585,https://en.wikipedia.org/w/index.php?oldid=1371491585,2026-09-28T09:18:08Z
892,889,2013,11,2013-08-25,Belgian Grand Prix,wp6437759,Sebastian Vettel,no,31,2013 Formula One World Championship,https://en.wikipedia.org/wiki/2013_Formula_One_World_Championship,1371491585,https://en.wikipedia.org/w/index.php?oldid=1371491585,2026-09-28T09:18:08Z
893,890,2013,12,2013-09-08,Italian Grand Prix,wp6437759,Sebastian Vettel,no,32,2013 Formula One World Championship,https://en.wikipedia.org/wiki/2013_Formula_One_World_Championship,1371491585,https://en.wikipedia.org/w/index.php?oldid=1371491585,2026-09-28T09:18:08Z
894,891,2013,13,2013-09-22,Singapore Grand Prix,wp6437759,Sebastian Vettel,no,33,2013 Formula One World Championship,https://en.wikipedia.org/wiki/2013_Formula_One_World_Championship,1371491585,https://en.wikipedia.org/w/index.php?oldid=1371491585,2026-09-28T09:18:08Z
895,892,2013,14,2013-10-06,Korean Grand Prix,wp6437759,Sebastian Vettel,no,34,2013 Formula One World Championship,https://en.wikipedia.org/wiki/2013_Formula_One_World_Championship,1371491585,https://en.wikipedia.org/w/index.php?oldid=1371491585,2026-09-28T09:18:08Z
896,893,2013,15,2013-10-13,Japanese Grand Prix,wp6437759,Sebastian Vettel,no,35,2013 Formula One World Championship,https://en.wikipedia.org/wiki/2013_Formula_One_World_Championship,1371491585,https://en.wikipedia.org/w/index.php?oldid=1371491585,2026-09-28T09:18:08Z
897,894,2013,16,2013-10-27,Indian Grand Prix,wp6437759,Sebastian Vettel,no,36,2013 Formula One World Championship,https://en.wikipedia.org/wiki/2013_Formula_One_World_Championship,1371491585,https://en.wikipedia.org/w/index.php?oldid=1371491585,2026-09-28T09:18:08Z
898,895,2013,17,2013-11-03,Abu Dhabi Grand Prix,wp6437759,Sebastian Vettel,no,37,2013 Formula One World Championship,https://en.wikipedia.org/wiki/2013_Formula_One_World_Championship,1371491585,https://en.wikipedia.org/w/index.php?oldid=1371491585,2026-09-28T09:18:08Z
899,896,2013,18,2013-11-17,United States Grand Prix,wp6437759,Sebastian Vettel,no,38,2013 Formula One World Championship,https://en.wikipedia.org/wiki/2013_Formula_One_World_Championship,1371491585,https://en.wikipedia.org/w/index.php?oldid=1371491585,2026-09-28T09:18:08Z
900,897,2013,19,2013-11-24,Brazilian Grand Prix,wp6437759,Sebastian Vettel,no,39,2013 Formula One World Championship,https://en.wikipedia.org/wiki/2013_Formula_One_World_Championship,1371491585,https://en.wikipedia.org/w/index.php?oldid=1371491585,2026-09-28T09:18:08Z
901,898,2014,1,2014-03-16,Australian Grand Prix,wp1628331,Nico Rosberg,no,4,2014 Formula One World Championship,https://en.wikipedia.org/wiki/2014_Formula_One_World_Championship,1375076453,https://en.wikipedia.org/w/index.php?oldid=1375076453,2026-09-28T09:18:09Z
902,899,2014,2,2014-03-30,Malaysian Grand Prix,wp675561,Lewis Hamilton,no,23,2014 Formula One World Championship,https://en.wikipedia.org/wiki/2014_Formula_One_World_Championship,1375076453,https://en.wikipedia.org/w/index.php?oldid=1375076453,2026-09-28T09:18:09Z
903,900,2014,3,2014-04-06,Bahrain Grand Prix,wp675561,Lewis Hamilton,no,24,2014 Formula One World Championship,https://en.wikipedia.org/wiki/2014_Formula_One_World_Championship,1375076453,https://en.wikipedia.org/w/index.php?oldid=1375076453,2026-09-28T09:18:09Z
904,901,2014,4,2014-04-20,Chinese Grand Prix,wp675561,Lewis Hamilton,no,25,2014 Formula One World Championship,https://en.wikipedia.org/wiki/2014_Formula_One_World_Championship,1375076453,https://en.wikipedia.org/w/index.php?oldid=1375076453,2026-09-28T09:18:09Z
905,902,2014,5,2014-05-11,Spanish Grand Prix,wp675561,Lewis Hamilton,no,26,2014 Formula One World Championship,https://en.wikipedia.org/wiki/2014_Formula_One_World_Championship,1375076453,https://en.wikipedia.org/w/index.php?oldid=1375076453,2026-09-28T09:18:09Z
906,903,2014,6,2014-05-25,Monaco Grand Prix,wp1628331,Nico Rosberg,no,5,2014 Formula One World Championship,https://en.wikipedia.org/wiki/2014_Formula_One_World_Championship,1375076453,https://en.wikipedia.org/w/index.php?oldid=1375076453,2026-09-28T09:18:09Z
907,904,2014,7,2014-06-08,Canadian Grand Prix,wp18334077,Daniel Ricciardo,no,1,2014 Formula One World Championship,https://en.wikipedia.org/wiki/2014_Formula_One_World_Championship,1375076453,https://en.wikipedia.org/w/index.php?oldid=1375076453,2026-09-28T09:18:09Z
908,905,2014,8,2014-06-22,Austrian Grand Prix,wp1628331,Nico Rosberg,no,6,2014 Formula One World Championship,https://en.wikipedia.org/wiki/2014_Formula_One_World_Championship,1375076453,https://en.wikipedia.org/w/index.php?oldid=1375076453,2026-09-28T09:18:09Z
909,906,2014,9,2014-07-06,British Grand Prix,wp675561,Lewis Hamilton,no,27,2014 Formula One World Championship,https://en.wikipedia.org/wiki/2014_Formula_One_World_Championship,1375076453,https://en.wikipedia.org/w/index.php?oldid=1375076453,2026-09-28T09:18:09Z
910,907,2014,10,2014-07-20,German Grand Prix,wp1628331,Nico Rosberg,no,7,2014 Formula One World Championship,https://en.wikipedia.org/wiki/2014_Formula_One_World_Championship,1375076453,https://en.wikipedia.org/w/index.php?oldid=1375076453,2026-09-28T09:18:09Z
911,908,2014,11,2014-07-27,Hungarian Grand Prix,wp18334077,Daniel Ricciardo,no,2,2014 Formula One World Championship,https://en.wikipedia.org/wiki/2014_Formula_One_World_Championship,1375076453,https://en.wikipedia.org/w/index.php?oldid=1375076453,2026-09-28T09:18:09Z
912,909,2014,12,2014-08-24,Belgian Grand Prix,wp18334077,Daniel Ricciardo,no,3,2014 Formula One World Championship,https://en.wikipedia.org/wiki/2014_Formula_One_World_Championship,1375076453,https://en.wikipedia.org/w/index.php?oldid=1375076453,2026-09-28T09:18:09Z
913,910,2014,13,2014-09-07,Italian Grand Prix,wp675561,Lewis Hamilton,no,28,2014 Formula One World Championship,https://en.wikipedia.org/wiki/2014_Formula_One_World_Championship,1375076453,https://en.wikipedia.org/w/index.php?oldid=1375076453,2026-09-28T09:18:09Z
914,911,2014,14,2014-09-21,Singapore Grand Prix,wp675561,Lewis Hamilton,no,29,2014 Formula One World Championship,https://en.wikipedia.org/wiki/2014_Formula_One_World_Championship,1375076453,https://en.wikipedia.org/w/index.php?oldid=1375076453,2026-09-28T09:18:09Z
915,912,2014,15,2014-10-05,Japanese Grand Prix,wp675561,Lewis Hamilton,no,30,2014 Formula One World Championship,https://en.wikipedia.org/wiki/2014_Formula_One_World_Championship,1375076453,https://en.wikipedia.org/w/index.php?oldid=1375076453,2026-09-28T09:18:09Z
916,913,2014,16,2014-10-12,Russian Grand Prix,wp675561,Lewis Hamilton,no,31,2014 Formula One World Championship,https://en.wikipedia.org/wiki/2014_Formula_One_World_Championship,1375076453,https://en.wikipedia.org/w/index.php?oldid=1375076453,2026-09-28T09:18:09Z
917,914,2014,17,2014-11-02,United States Grand Prix,wp675561,Lewis Hamilton,no,32,2014 Formula One World Championship,https://en.wikipedia.org/wiki/2014_Formula_One_World_Championship,1375076453,https://en.wikipedia.org/w/index.php?oldid=1375076453,2026-09-28T09:18:09Z
918,915,2014,18,2014-11-09,Brazilian Grand Prix,wp1628331,Nico Rosberg,no,8,2014 Formula One World Championship,https://en.wikipedia.org/wiki/2014_Formula_One_World_Championship,1375076453,https://en.wikipedia.org/w/index.php?oldid=1375076453,2026-09-28T09:18:09Z
919,916,2014,19,2014-11-23,Abu Dhabi Grand Prix,wp675561,Lewis Hamilton,no,33,2014 Formula One World Championship,https://en.wikipedia.org/wiki/2014_Formula_One_World_Championship,1375076453,https://en.wikipedia.org/w/index.php?oldid=1375076453,2026-09-28T09:18:09Z
920,917,2015,1,2015-03-15,Australian Grand Prix,wp675561,Lewis Hamilton,no,34,2015 Formula One World Championship,https://en.wikipedia.org/wiki/2015_Formula_One_World_Championship,1356326694,https://en.wikipedia.org/w/index.php?oldid=1356326694,2026-09-28T09:18:10Z
921,918,2015,2,2015-03-29,Malaysian Grand Prix,wp6437759,Sebastian Vettel,no,40,2015 Formula One World Championship,https://en.wikipedia.org/wiki/2015_Formula_One_World_Championship,1356326694,https://en.wikipedia.org/w/index.php?oldid=1356326694,2026-09-28T09:18:10Z
922,919,2015,3,2015-04-12,Chinese Grand Prix,wp675561,Lewis Hamilton,no,35,2015 Formula One World Championship,https://en.wikipedia.org/wiki/2015_Formula_One_World_Championship,1356326694,https://en.wikipedia.org/w/index.php?oldid=1356326694,2026-09-28T09:18:10Z
923,920,2015,4,2015-04-19,Bahrain Grand Prix,wp675561,Lewis Hamilton,no,36,2015 Formula One World Championship,https://en.wikipedia.org/wiki/2015_Formula_One_World_Championship,1356326694,https://en.wikipedia.org/w/index.php?oldid=1356326694,2026-09-28T09:18:10Z
924,921,2015,5,2015-05-10,Spanish Grand Prix,wp1628331,Nico Rosberg,no,9,2015 Formula One World Championship,https://en.wikipedia.org/wiki/2015_Formula_One_World_Championship,1356326694,https://en.wikipedia.org/w/index.php?oldid=1356326694,2026-09-28T09:18:10Z
925,922,2015,6,2015-05-24,Monaco Grand Prix,wp1628331,Nico Rosberg,no,10,2015 Formula One World Championship,https://en.wikipedia.org/wiki/2015_Formula_One_World_Championship,1356326694,https://en.wikipedia.org/w/index.php?oldid=1356326694,2026-09-28T09:18:10Z
926,923,2015,7,2015-06-07,Canadian Grand Prix,wp675561,Lewis Hamilton,no,37,2015 Formula One World Championship,https://en.wikipedia.org/wiki/2015_Formula_One_World_Championship,1356326694,https://en.wikipedia.org/w/index.php?oldid=1356326694,2026-09-28T09:18:10Z
927,924,2015,8,2015-06-21,Austrian Grand Prix,wp1628331,Nico Rosberg,no,11,2015 Formula One World Championship,https://en.wikipedia.org/wiki/2015_Formula_One_World_Championship,1356326694,https://en.wikipedia.org/w/index.php?oldid=1356326694,2026-09-28T09:18:10Z
928,925,2015,9,2015-07-05,British Grand Prix,wp675561,Lewis Hamilton,no,38,2015 Formula One World Championship,https://en.wikipedia.org/wiki/2015_Formula_One_World_Championship,1356326694,https://en.wikipedia.org/w/index.php?oldid=1356326694,2026-09-28T09:18:10Z
929,926,2015,10,2015-07-26,Hungarian Grand Prix,wp6437759,Sebastian Vettel,no,41,2015 Formula One World Championship,https://en.wikipedia.org/wiki/2015_Formula_One_World_Championship,1356326694,https://en.wikipedia.org/w/index.php?oldid=1356326694,2026-09-28T09:18:10Z
930,927,2015,11,2015-08-23,Belgian Grand Prix,wp675561,Lewis Hamilton,no,39,2015 Formula One World Championship,https://en.wikipedia.org/wiki/2015_Formula_One_World_Championship,1356326694,https://en.wikipedia.org/w/index.php?oldid=1356326694,2026-09-28T09:18:10Z
931,928,2015,12,2015-09-06,Italian Grand Prix,wp675561,Lewis Hamilton,no,40,2015 Formula One World Championship,https://en.wikipedia.org/wiki/2015_Formula_One_World_Championship,1356326694,https://en.wikipedia.org/w/index.php?oldid=1356326694,2026-09-28T09:18:10Z
932,929,2015,13,2015-09-20,Singapore Grand Prix,wp6437759,Sebastian Vettel,no,42,2015 Formula One World Championship,https://en.wikipedia.org/wiki/2015_Formula_One_World_Championship,1356326694,https://en.wikipedia.org/w/index.php?oldid=1356326694,2026-09-28T09:18:10Z
933,930,2015,14,2015-09-27,Japanese Grand Prix,wp675561,Lewis Hamilton,no,41,2015 Formula One World Championship,https://en.wikipedia.org/wiki/2015_Formula_One_World_Championship,1356326694,https://en.wikipedia.org/w/index.php?oldid=1356326694,2026-09-28T09:18:10Z
934,931,2015,15,2015-10-11,Russian Grand Prix,wp675561,Lewis Hamilton,no,42,2015 Formula One World Championship,https://en.wikipedia.org/wiki/2015_Formula_One_World_Championship,1356326694,https://en.wikipedia.org/w/index.php?oldid=1356326694,2026-09-28T09:18:10Z
935,932,2015,16,2015-10-25,United States Grand Prix,wp675561,Lewis Hamilton,no,43,2015 Formula One World Championship,https://en.wikipedia.org/wiki/2015_Formula_One_World_Championship,1356326694,https://en.wikipedia.org/w/index.php?oldid=1356326694,2026-09-28T09:18:10Z
936,933,2015,17,2015-11-01,Mexican Grand Prix,wp1628331,Nico Rosberg,no,12,2015 Formula One World Championship,https://en.wikipedia.org/wiki/2015_Formula_One_World_Championship,1356326694,https://en.wikipedia.org/w/index.php?oldid=1356326694,2026-09-28T09:18:10Z
937,934,2015,18,2015-11-15,Brazilian Grand Prix,wp1628331,Nico Rosberg,no,13,2015 Formula One World Championship,https://en.wikipedia.org/wiki/2015_Formula_One_World_Championship,1356326694,https://en.wikipedia.org/w/index.php?oldid=1356326694,2026-09-28T09:18:10Z
938,935,2015,19,2015-11-29,Abu Dhabi Grand Prix,wp1628331,Nico Rosberg,no,14,2015 Formula One World Championship,https://en.wikipedia.org/wiki/2015_Formula_One_World_Championship,1356326694,https://en.wikipedia.org/w/index.php?oldid=1356326694,2026-09-28T09:18:10Z
939,936,2016,1,2016-03-20,Australian Grand Prix,wp1628331,Nico Rosberg,no,15,2016 Formula One World Championship,https://en.wikipedia.org/wiki/2016_Formula_One_World_Championship,1364682451,https://en.wikipedia.org/w/index.php?oldid=1364682451,2026-09-28T09:18:11Z
940,937,2016,2,2016-04-03,Bahrain Grand Prix,wp1628331,Nico Rosberg,no,16,2016 Formula One World Championship,https://en.wikipedia.org/wiki/2016_Formula_One_World_Championship,1364682451,https://en.wikipedia.org/w/index.php?oldid=1364682451,2026-09-28T09:18:11Z
941,938,2016,3,2016-04-17,Chinese Grand Prix,wp1628331,Nico Rosberg,no,17,2016 Formula One World Championship,https://en.wikipedia.org/wiki/2016_Formula_One_World_Championship,1364682451,https://en.wikipedia.org/w/index.php?oldid=1364682451,2026-09-28T09:18:11Z
942,939,2016,4,2016-05-01,Russian Grand Prix,wp1628331,Nico Rosberg,no,18,2016 Formula One World Championship,https://en.wikipedia.org/wiki/2016_Formula_One_World_Championship,1364682451,https://en.wikipedia.org/w/index.php?oldid=1364682451,2026-09-28T09:18:11Z
943,940,2016,5,2016-05-15,Spanish Grand Prix,wp41758713,Max Verstappen,no,1,2016 Formula One World Championship,https://en.wikipedia.org/wiki/2016_Formula_One_World_Championship,1364682451,https://en.wikipedia.org/w/index.php?oldid=1364682451,2026-09-28T09:18:11Z
944,941,2016,6,2016-05-29,Monaco Grand Prix,wp675561,Lewis Hamilton,no,44,2016 Formula One World Championship,https://en.wikipedia.org/wiki/2016_Formula_One_World_Championship,1364682451,https://en.wikipedia.org/w/index.php?oldid=1364682451,2026-09-28T09:18:11Z
945,942,2016,7,2016-06-12,Canadian Grand Prix,wp675561,Lewis Hamilton,no,45,2016 Formula One World Championship,https://en.wikipedia.org/wiki/2016_Formula_One_World_Championship,1364682451,https://en.wikipedia.org/w/index.php?oldid=1364682451,2026-09-28T09:18:11Z
946,943,2016,8,2016-06-19,European Grand Prix,wp1628331,Nico Rosberg,no,19,2016 Formula One World Championship,https://en.wikipedia.org/wiki/2016_Formula_One_World_Championship,1364682451,https://en.wikipedia.org/w/index.php?oldid=1364682451,2026-09-28T09:18:11Z
947,944,2016,9,2016-07-03,Austrian Grand Prix,wp675561,Lewis Hamilton,no,46,2016 Formula One World Championship,https://en.wikipedia.org/wiki/2016_Formula_One_World_Championship,1364682451,https://en.wikipedia.org/w/index.php?oldid=1364682451,2026-09-28T09:18:11Z
948,945,2016,10,2016-07-10,British Grand Prix,wp675561,Lewis Hamilton,no,47,2016 Formula One World Championship,https://en.wikipedia.org/wiki/2016_Formula_One_World_Championship,1364682451,https://en.wikipedia.org/w/index.php?oldid=1364682451,2026-09-28T09:18:11Z
949,946,2016,11,2016-07-24,Hungarian Grand Prix,wp675561,Lewis Hamilton,no,48,2016 Formula One World Championship,https://en.wikipedia.org/wiki/2016_Formula_One_World_Championship,1364682451,https://en.wikipedia.org/w/index.php?oldid=1364682451,2026-09-28T09:18:11Z
950,947,2016,12,2016-07-31,German Grand Prix,wp675561,Lewis Hamilton,no,49,2016 Formula One World Championship,https://en.wikipedia.org/wiki/2016_Formula_One_World_Championship,1364682451,https://en.wikipedia.org/w/index.php?oldid=1364682451,2026-09-28T09:18:11Z
951,948,2016,13,2016-08-28,Belgian Grand Prix,wp1628331,Nico Rosberg,no,20,2016 Formula One World Championship,https://en.wikipedia.org/wiki/2016_Formula_One_World_Championship,1364682451,https://en.wikipedia.org/w/index.php?oldid=1364682451,2026-09-28T09:18:11Z
952,949,2016,14,2016-09-04,Italian Grand Prix,wp1628331,Nico Rosberg,no,21,2016 Formula One World Championship,https://en.wikipedia.org/wiki/2016_Formula_One_World_Championship,1364682451,https://en.wikipedia.org/w/index.php?oldid=1364682451,2026-09-28T09:18:11Z
953,950,2016,15,2016-09-18,Singapore Grand Prix,wp1628331,Nico Rosberg,no,22,2016 Formula One World Championship,https://en.wikipedia.org/wiki/2016_Formula_One_World_Championship,1364682451,https://en.wikipedia.org/w/index.php?oldid=1364682451,2026-09-28T09:18:11Z
954,951,2016,16,2016-10-02,Malaysian Grand Prix,wp18334077,Daniel Ricciardo,no,4,2016 Formula One World Championship,https://en.wikipedia.org/wiki/2016_Formula_One_World_Championship,1364682451,https://en.wikipedia.org/w/index.php?oldid=1364682451,2026-09-28T09:18:11Z
955,952,2016,17,2016-10-09,Japanese Grand Prix,wp1628331,Nico Rosberg,no,23,2016 Formula One World Championship,https://en.wikipedia.org/wiki/2016_Formula_One_World_Championship,1364682451,https://en.wikipedia.org/w/index.php?oldid=1364682451,2026-09-28T09:18:11Z
956,953,2016,18,2016-10-23,United States Grand Prix,wp675561,Lewis Hamilton,no,50,2016 Formula One World Championship,https://en.wikipedia.org/wiki/2016_Formula_One_World_Championship,1364682451,https://en.wikipedia.org/w/index.php?oldid=1364682451,2026-09-28T09:18:11Z
957,954,2016,19,2016-10-30,Mexican Grand Prix,wp675561,Lewis Hamilton,no,51,2016 Formula One World Championship,https://en.wikipedia.org/wiki/2016_Formula_One_World_Championship,1364682451,https://en.wikipedia.org/w/index.php?oldid=1364682451,2026-09-28T09:18:11Z
958,955,2016,20,2016-11-13,Brazilian Grand Prix,wp675561,Lewis Hamilton,no,52,2016 Formula One World Championship,https://en.wikipedia.org/wiki/2016_Formula_One_World_Championship,1364682451,https://en.wikipedia.org/w/index.php?oldid=1364682451,2026-09-28T09:18:11Z
959,956,2016,21,2016-11-27,Abu Dhabi Grand Prix,wp675561,Lewis Hamilton,no,53,2016 Formula One World Championship,https://en.wikipedia.org/wiki/2016_Formula_One_World_Championship,1364682451,https://en.wikipedia.org/w/index.php?oldid=1364682451,2026-09-28T09:18:11Z
960,957,2017,1,2017-03-26,Australian Grand Prix,wp6437759,Sebastian Vettel,no,43,2017 Formula One World Championship,https://en.wikipedia.org/wiki/2017_Formula_One_World_Championship,1369222157,https://en.wikipedia.org/w/index.php?oldid=1369222157,2026-09-28T09:18:12Z
961,958,2017,2,2017-04-09,Chinese Grand Prix,wp675561,Lewis Hamilton,no,54,2017 Formula One World Championship,https://en.wikipedia.org/wiki/2017_Formula_One_World_Championship,1369222157,https://en.wikipedia.org/w/index.php?oldid=1369222157,2026-09-28T09:18:12Z
962,959,2017,3,2017-04-16,Bahrain Grand Prix,wp6437759,Sebastian Vettel,no,44,2017 Formula One World Championship,https://en.wikipedia.org/wiki/2017_Formula_One_World_Championship,1369222157,https://en.wikipedia.org/w/index.php?oldid=1369222157,2026-09-28T09:18:12Z
963,960,2017,4,2017-04-30,Russian Grand Prix,wp19846772,Valtteri Bottas,no,1,2017 Formula One World Championship,https://en.wikipedia.org/wiki/2017_Formula_One_World_Championship,1369222157,https://en.wikipedia.org/w/index.php?oldid=1369222157,2026-09-28T09:18:12Z
964,961,2017,5,2017-05-14,Spanish Grand Prix,wp675561,Lewis Hamilton,no,55,2017 Formula One World Championship,https://en.wikipedia.org/wiki/2017_Formula_One_World_Championship,1369222157,https://en.wikipedia.org/w/index.php?oldid=1369222157,2026-09-28T09:18:12Z
965,962,2017,6,2017-05-28,Monaco Grand Prix,wp6437759,Sebastian Vettel,no,45,2017 Formula One World Championship,https://en.wikipedia.org/wiki/2017_Formula_One_World_Championship,1369222157,https://en.wikipedia.org/w/index.php?oldid=1369222157,2026-09-28T09:18:12Z
966,963,2017,7,2017-06-11,Canadian Grand Prix,wp675561,Lewis Hamilton,no,56,2017 Formula One World Championship,https://en.wikipedia.org/wiki/2017_Formula_One_World_Championship,1369222157,https://en.wikipedia.org/w/index.php?oldid=1369222157,2026-09-28T09:18:12Z
967,964,2017,8,2017-06-25,Azerbaijan Grand Prix,wp18334077,Daniel Ricciardo,no,5,2017 Formula One World Championship,https://en.wikipedia.org/wiki/2017_Formula_One_World_Championship,1369222157,https://en.wikipedia.org/w/index.php?oldid=1369222157,2026-09-28T09:18:12Z
968,965,2017,9,2017-07-09,Austrian Grand Prix,wp19846772,Valtteri Bottas,no,2,2017 Formula One World Championship,https://en.wikipedia.org/wiki/2017_Formula_One_World_Championship,1369222157,https://en.wikipedia.org/w/index.php?oldid=1369222157,2026-09-28T09:18:12Z
969,966,2017,10,2017-07-16,British Grand Prix,wp675561,Lewis Hamilton,no,57,2017 Formula One World Championship,https://en.wikipedia.org/wiki/2017_Formula_One_World_Championship,1369222157,https://en.wikipedia.org/w/index.php?oldid=1369222157,2026-09-28T09:18:12Z
970,967,2017,11,2017-07-30,Hungarian Grand Prix,wp6437759,Sebastian Vettel,no,46,2017 Formula One World Championship,https://en.wikipedia.org/wiki/2017_Formula_One_World_Championship,1369222157,https://en.wikipedia.org/w/index.php?oldid=1369222157,2026-09-28T09:18:12Z
971,968,2017,12,2017-08-27,Belgian Grand Prix,wp675561,Lewis Hamilton,no,58,2017 Formula One World Championship,https://en.wikipedia.org/wiki/2017_Formula_One_World_Championship,1369222157,https://en.wikipedia.org/w/index.php?oldid=1369222157,2026-09-28T09:18:12Z
972,969,2017,13,2017-09-03,Italian Grand Prix,wp675561,Lewis Hamilton,no,59,2017 Formula One World Championship,https://en.wikipedia.org/wiki/2017_Formula_One_World_Championship,1369222157,https://en.wikipedia.org/w/index.php?oldid=1369222157,2026-09-28T09:18:12Z
973,970,2017,14,2017-09-17,Singapore Grand Prix,wp675561,Lewis Hamilton,no,60,2017 Formula One World Championship,https://en.wikipedia.org/wiki/2017_Formula_One_World_Championship,1369222157,https://en.wikipedia.org/w/index.php?oldid=1369222157,2026-09-28T09:18:12Z
974,971,2017,15,2017-10-01,Malaysian Grand Prix,wp41758713,Max Verstappen,no,2,2017 Formula One World Championship,https://en.wikipedia.org/wiki/2017_Formula_One_World_Championship,1369222157,https://en.wikipedia.org/w/index.php?oldid=1369222157,2026-09-28T09:18:12Z
975,972,2017,16,2017-10-08,Japanese Grand Prix,wp675561,Lewis Hamilton,no,61,2017 Formula One World Championship,https://en.wikipedia.org/wiki/2017_Formula_One_World_Championship,1369222157,https://en.wikipedia.org/w/index.php?oldid=1369222157,2026-09-28T09:18:12Z
976,973,2017,17,2017-10-22,United States Grand Prix,wp675561,Lewis Hamilton,no,62,2017 Formula One World Championship,https://en.wikipedia.org/wiki/2017_Formula_One_World_Championship,1369222157,https://en.wikipedia.org/w/index.php?oldid=1369222157,2026-09-28T09:18:12Z
977,974,2017,18,2017-10-29,Mexican Grand Prix,wp41758713,Max Verstappen,no,3,2017 Formula One World Championship,https://en.wikipedia.org/wiki/2017_Formula_One_World_Championship,1369222157,https://en.wikipedia.org/w/index.php?oldid=1369222157,2026-09-28T09:18:12Z
978,975,2017,19,2017-11-12,Brazilian Grand Prix,wp6437759,Sebastian Vettel,no,47,2017 Formula One World Championship,https://en.wikipedia.org/wiki/2017_Formula_One_World_Championship,1369222157,https://en.wikipedia.org/w/index.php?oldid=1369222157,2026-09-28T09:18:12Z
979,976,2017,20,2017-11-26,Abu Dhabi Grand Prix,wp19846772,Valtteri Bottas,no,3,2017 Formula One World Championship,https://en.wikipedia.org/wiki/2017_Formula_One_World_Championship,1369222157,https://en.wikipedia.org/w/index.php?oldid=1369222157,2026-09-28T09:18:12Z
980,977,2018,1,2018-03-25,Australian Grand Prix,wp6437759,Sebastian Vettel,no,48,2018 Formula One World Championship,https://en.wikipedia.org/wiki/2018_Formula_One_World_Championship,1373884867,https://en.wikipedia.org/w/index.php?oldid=1373884867,2026-09-28T09:18:14Z
981,978,2018,2,2018-04-08,Bahrain Grand Prix,wp6437759,Sebastian Vettel,no,49,2018 Formula One World Championship,https://en.wikipedia.org/wiki/2018_Formula_One_World_Championship,1373884867,https://en.wikipedia.org/w/index.php?oldid=1373884867,2026-09-28T09:18:14Z
982,979,2018,3,2018-04-15,Chinese Grand Prix,wp18334077,Daniel Ricciardo,no,6,2018 Formula One World Championship,https://en.wikipedia.org/wiki/2018_Formula_One_World_Championship,1373884867,https://en.wikipedia.org/w/index.php?oldid=1373884867,2026-09-28T09:18:14Z
983,980,2018,4,2018-04-29,Azerbaijan Grand Prix,wp675561,Lewis Hamilton,no,63,2018 Formula One World Championship,https://en.wikipedia.org/wiki/2018_Formula_One_World_Championship,1373884867,https://en.wikipedia.org/w/index.php?oldid=1373884867,2026-09-28T09:18:14Z
984,981,2018,5,2018-05-13,Spanish Grand Prix,wp675561,Lewis Hamilton,no,64,2018 Formula One World Championship,https://en.wikipedia.org/wiki/2018_Formula_One_World_Championship,1373884867,https://en.wikipedia.org/w/index.php?oldid=1373884867,2026-09-28T09:18:14Z
985,982,2018,6,2018-05-27,Monaco Grand Prix,wp18334077,Daniel Ricciardo,no,7,2018 Formula One World Championship,https://en.wikipedia.org/wiki/2018_Formula_One_World_Championship,1373884867,https://en.wikipedia.org/w/index.php?oldid=1373884867,2026-09-28T09:18:14Z
986,983,2018,7,2018-06-10,Canadian Grand Prix,wp6437759,Sebastian Vettel,no,50,2018 Formula One World Championship,https://en.wikipedia.org/wiki/2018_Formula_One_World_Championship,1373884867,https://en.wikipedia.org/w/index.php?oldid=1373884867,2026-09-28T09:18:14Z
987,984,2018,8,2018-06-24,French Grand Prix,wp675561,Lewis Hamilton,no,65,2018 Formula One World Championship,https://en.wikipedia.org/wiki/2018_Formula_One_World_Championship,1373884867,https://en.wikipedia.org/w/index.php?oldid=1373884867,2026-09-28T09:18:14Z
988,985,2018,9,2018-07-01,Austrian Grand Prix,wp41758713,Max Verstappen,no,4,2018 Formula One World Championship,https://en.wikipedia.org/wiki/2018_Formula_One_World_Championship,1373884867,https://en.wikipedia.org/w/index.php?oldid=1373884867,2026-09-28T09:18:14Z
989,986,2018,10,2018-07-08,British Grand Prix,wp6437759,Sebastian Vettel,no,51,2018 Formula One World Championship,https://en.wikipedia.org/wiki/2018_Formula_One_World_Championship,1373884867,https://en.wikipedia.org/w/index.php?oldid=1373884867,2026-09-28T09:18:14Z
990,987,2018,11,2018-07-22,German Grand Prix,wp675561,Lewis Hamilton,no,66,2018 Formula One World Championship,https://en.wikipedia.org/wiki/2018_Formula_One_World_Championship,1373884867,https://en.wikipedia.org/w/index.php?oldid=1373884867,2026-09-28T09:18:14Z
991,988,2018,12,2018-07-29,Hungarian Grand Prix,wp675561,Lewis Hamilton,no,67,2018 Formula One World Championship,https://en.wikipedia.org/wiki/2018_Formula_One_World_Championship,1373884867,https://en.wikipedia.org/w/index.php?oldid=1373884867,2026-09-28T09:18:14Z
992,989,2018,13,2018-08-26,Belgian Grand Prix,wp6437759,Sebastian Vettel,no,52,2018 Formula One World Championship,https://en.wikipedia.org/wiki/2018_Formula_One_World_Championship,1373884867,https://en.wikipedia.org/w/index.php?oldid=1373884867,2026-09-28T09:18:14Z
993,990,2018,14,2018-09-02,Italian Grand Prix,wp675561,Lewis Hamilton,no,68,2018 Formula One World Championship,https://en.wikipedia.org/wiki/2018_Formula_One_World_Championship,1373884867,https://en.wikipedia.org/w/index.php?oldid=1373884867,2026-09-28T09:18:14Z
994,991,2018,15,2018-09-16,Singapore Grand Prix,wp675561,Lewis Hamilton,no,69,2018 Formula One World Championship,https://en.wikipedia.org/wiki/2018_Formula_One_World_Championship,1373884867,https://en.wikipedia.org/w/index.php?oldid=1373884867,2026-09-28T09:18:14Z
995,992,2018,16,2018-09-30,Russian Grand Prix,wp675561,Lewis Hamilton,no,70,2018 Formula One World Championship,https://en.wikipedia.org/wiki/2018_Formula_One_World_Championship,1373884867,https://en.wikipedia.org/w/index.php?oldid=1373884867,2026-09-28T09:18:14Z
996,993,2018,17,2018-10-07,Japanese Grand Prix,wp675561,Lewis Hamilton,no,71,2018 Formula One World Championship,https://en.wikipedia.org/wiki/2018_Formula_One_World_Championship,1373884867,https://en.wikipedia.org/w/index.php?oldid=1373884867,2026-09-28T09:18:14Z
997,994,2018,18,2018-10-21,United States Grand Prix,wp234756,Kimi Räikkönen,no,21,2018 Formula One World Championship,https://en.wikipedia.org/wiki/2018_Formula_One_World_Championship,1373884867,https://en.wikipedia.org/w/index.php?oldid=1373884867,2026-09-28T09:18:14Z
998,995,2018,19,2018-10-28,Mexican Grand Prix,wp41758713,Max Verstappen,no,5,2018 Formula One World Championship,https://en.wikipedia.org/wiki/2018_Formula_One_World_Championship,1373884867,https://en.wikipedia.org/w/index.php?oldid=1373884867,2026-09-28T09:18:14Z
999,996,2018,20,2018-11-11,Brazilian Grand Prix,wp675561,Lewis Hamilton,no,72,2018 Formula One World Championship,https://en.wikipedia.org/wiki/2018_Formula_One_World_Championship,1373884867,https://en.wikipedia.org/w/index.php?oldid=1373884867,2026-09-28T09:18:14Z
1000,997,2018,21,2018-11-25,Abu Dhabi Grand Prix,wp675561,Lewis Hamilton,no,73,2018 Formula One World Championship,https://en.wikipedia.org/wiki/2018_Formula_One_World_Championship,1373884867,https://en.wikipedia.org/w/index.php?oldid=1373884867,2026-09-28T09:18:14Z
1001,998,2019,1,2019-03-17,Australian Grand Prix,wp19846772,Valtteri Bottas,no,4,2019 Formula One World Championship,https://en.wikipedia.org/wiki/2019_Formula_One_World_Championship,1373925222,https://en.wikipedia.org/w/index.php?oldid=1373925222,2026-09-28T09:18:15Z
1002,999,2019,2,2019-03-31,Bahrain Grand Prix,wp675561,Lewis Hamilton,no,74,2019 Formula One World Championship,https://en.wikipedia.org/wiki/2019_Formula_One_World_Championship,1373925222,https://en.wikipedia.org/w/index.php?oldid=1373925222,2026-09-28T09:18:15Z
1003,1000,2019,3,2019-04-14,Chinese Grand Prix,wp675561,Lewis Hamilton,no,75,2019 Formula One World Championship,https://en.wikipedia.org/wiki/2019_Formula_One_World_Championship,1373925222,https://en.wikipedia.org/w/index.php?oldid=1373925222,2026-09-28T09:18:15Z
1004,1001,2019,4,2019-04-28,Azerbaijan Grand Prix,wp19846772,Valtteri Bottas,no,5,2019 Formula One World Championship,https://en.wikipedia.org/wiki/2019_Formula_One_World_Championship,1373925222,https://en.wikipedia.org/w/index.php?oldid=1373925222,2026-09-28T09:18:15Z
1005,1002,2019,5,2019-05-12,Spanish Grand Prix,wp675561,Lewis Hamilton,no,76,2019 Formula One World Championship,https://en.wikipedia.org/wiki/2019_Formula_One_World_Championship,1373925222,https://en.wikipedia.org/w/index.php?oldid=1373925222,2026-09-28T09:18:15Z
1006,1003,2019,6,2019-05-26,Monaco Grand Prix,wp675561,Lewis Hamilton,no,77,2019 Formula One World Championship,https://en.wikipedia.org/wiki/2019_Formula_One_World_Championship,1373925222,https://en.wikipedia.org/w/index.php?oldid=1373925222,2026-09-28T09:18:15Z
1007,1004,2019,7,2019-06-09,Canadian Grand Prix,wp675561,Lewis Hamilton,no,78,2019 Formula One World Championship,https://en.wikipedia.org/wiki/2019_Formula_One_World_Championship,1373925222,https://en.wikipedia.org/w/index.php?oldid=1373925222,2026-09-28T09:18:15Z
1008,1005,2019,8,2019-06-23,French Grand Prix,wp675561,Lewis Hamilton,no,79,2019 Formula One World Championship,https://en.wikipedia.org/wiki/2019_Formula_One_World_Championship,1373925222,https://en.wikipedia.org/w/index.php?oldid=1373925222,2026-09-28T09:18:15Z
1009,1006,2019,9,2019-06-30,Austrian Grand Prix,wp41758713,Max Verstappen,no,6,2019 Formula One World Championship,https://en.wikipedia.org/wiki/2019_Formula_One_World_Championship,1373925222,https://en.wikipedia.org/w/index.php?oldid=1373925222,2026-09-28T09:18:15Z
1010,1007,2019,10,2019-07-14,British Grand Prix,wp675561,Lewis Hamilton,no,80,2019 Formula One World Championship,https://en.wikipedia.org/wiki/2019_Formula_One_World_Championship,1373925222,https://en.wikipedia.org/w/index.php?oldid=1373925222,2026-09-28T09:18:15Z
1011,1008,2019,11,2019-07-28,German Grand Prix,wp41758713,Max Verstappen,no,7,2019 Formula One World Championship,https://en.wikipedia.org/wiki/2019_Formula_One_World_Championship,1373925222,https://en.wikipedia.org/w/index.php?oldid=1373925222,2026-09-28T09:18:15Z
1012,1009,2019,12,2019-08-04,Hungarian Grand Prix,wp675561,Lewis Hamilton,no,81,2019 Formula One World Championship,https://en.wikipedia.org/wiki/2019_Formula_One_World_Championship,1373925222,https://en.wikipedia.org/w/index.php?oldid=1373925222,2026-09-28T09:18:15Z
1013,1010,2019,13,2019-09-01,Belgian Grand Prix,wp44924226,Charles Leclerc,no,1,2019 Formula One World Championship,https://en.wikipedia.org/wiki/2019_Formula_One_World_Championship,1373925222,https://en.wikipedia.org/w/index.php?oldid=1373925222,2026-09-28T09:18:15Z
1014,1011,2019,14,2019-09-08,Italian Grand Prix,wp44924226,Charles Leclerc,no,2,2019 Formula One World Championship,https://en.wikipedia.org/wiki/2019_Formula_One_World_Championship,1373925222,https://en.wikipedia.org/w/index.php?oldid=1373925222,2026-09-28T09:18:15Z
1015,1012,2019,15,2019-09-22,Singapore Grand Prix,wp6437759,Sebastian Vettel,no,53,2019 Formula One World Championship,https://en.wikipedia.org/wiki/2019_Formula_One_World_Championship,1373925222,https://en.wikipedia.org/w/index.php?oldid=1373925222,2026-09-28T09:18:15Z
1016,1013,2019,16,2019-09-29,Russian Grand Prix,wp675561,Lewis Hamilton,no,82,2019 Formula One World Championship,https://en.wikipedia.org/wiki/2019_Formula_One_World_Championship,1373925222,https://en.wikipedia.org/w/index.php?oldid=1373925222,2026-09-28T09:18:15Z
1017,1014,2019,17,2019-10-13,Japanese Grand Prix,wp19846772,Valtteri Bottas,no,6,2019 Formula One World Championship,https://en.wikipedia.org/wiki/2019_Formula_One_World_Championship,1373925222,https://en.wikipedia.org/w/index.php?oldid=1373925222,2026-09-28T09:18:15Z
1018,1015,2019,18,2019-10-27,Mexican Grand Prix,wp675561,Lewis Hamilton,no,83,2019 Formula One World Championship,https://en.wikipedia.org/wiki/2019_Formula_One_World_Championship,1373925222,https://en.wikipedia.org/w/index.php?oldid=1373925222,2026-09-28T09:18:15Z
1019,1016,2019,19,2019-11-03,United States Grand Prix,wp19846772,Valtteri Bottas,no,7,2019 Formula One World Championship,https://en.wikipedia.org/wiki/2019_Formula_One_World_Championship,1373925222,https://en.wikipedia.org/w/index.php?oldid=1373925222,2026-09-28T09:18:15Z
1020,1017,2019,20,2019-11-17,Brazilian Grand Prix,wp41758713,Max Verstappen,no,8,2019 Formula One World Championship,https://en.wikipedia.org/wiki/2019_Formula_One_World_Championship,1373925222,https://en.wikipedia.org/w/index.php?oldid=1373925222,2026-09-28T09:18:15Z
1021,1018,2019,21,2019-12-01,Abu Dhabi Grand Prix,wp675561,Lewis Hamilton,no,84,2019 Formula One World Championship,https://en.wikipedia.org/wiki/2019_Formula_One_World_Championship,1373925222,https://en.wikipedia.org/w/index.php?oldid=1373925222,2026-09-28T09:18:15Z
1022,1019,2020,1,2020-07-05,Austrian Grand Prix,wp19846772,Valtteri Bottas,no,8,2020 Formula One World Championship,https://en.wikipedia.org/wiki/2020_Formula_One_World_Championship,1371601816,https://en.wikipedia.org/w/index.php?oldid=1371601816,2026-09-28T09:18:16Z
1023,1020,2020,2,2020-07-12,Styrian Grand Prix,wp675561,Lewis Hamilton,no,85,2020 Formula One World Championship,https://en.wikipedia.org/wiki/2020_Formula_One_World_Championship,1371601816,https://en.wikipedia.org/w/index.php?oldid=1371601816,2026-09-28T09:18:16Z
1024,1021,2020,3,2020-07-19,Hungarian Grand Prix,wp675561,Lewis Hamilton,no,86,2020 Formula One World Championship,https://en.wikipedia.org/wiki/2020_Formula_One_World_Championship,1371601816,https://en.wikipedia.org/w/index.php?oldid=1371601816,2026-09-28T09:18:16Z
1025,1022,2020,4,2020-08-02,British Grand Prix,wp675561,Lewis Hamilton,no,87,2020 Formula One World Championship,https://en.wikipedia.org/wiki/2020_Formula_One_World_Championship,1371601816,https://en.wikipedia.org/w/index.php?oldid=1371601816,2026-09-28T09:18:16Z
1026,1023,2020,5,2020-08-09,70th Anniversary Grand Prix,wp41758713,Max Verstappen,no,9,2020 Formula One World Championship,https://en.wikipedia.org/wiki/2020_Formula_One_World_Championship,1371601816,https://en.wikipedia.org/w/index.php?oldid=1371601816,2026-09-28T09:18:16Z
1027,1024,2020,6,2020-08-16,Spanish Grand Prix,wp675561,Lewis Hamilton,no,88,2020 Formula One World Championship,https://en.wikipedia.org/wiki/2020_Formula_One_World_Championship,1371601816,https://en.wikipedia.org/w/index.php?oldid=1371601816,2026-09-28T09:18:16Z
1028,1025,2020,7,2020-08-30,Belgian Grand Prix,wp675561,Lewis Hamilton,no,89,2020 Formula One World Championship,https://en.wikipedia.org/wiki/2020_Formula_One_World_Championship,1371601816,https://en.wikipedia.org/w/index.php?oldid=1371601816,2026-09-28T09:18:16Z
1029,1026,2020,8,2020-09-06,Italian Grand Prix,wp40843850,Pierre Gasly,no,1,2020 Formula One World Championship,https://en.wikipedia.org/wiki/2020_Formula_One_World_Championship,1371601816,https://en.wikipedia.org/w/index.php?oldid=1371601816,2026-09-28T09:18:16Z
1030,1027,2020,9,2020-09-13,Tuscan Grand Prix,wp675561,Lewis Hamilton,no,90,2020 Formula One World Championship,https://en.wikipedia.org/wiki/2020_Formula_One_World_Championship,1371601816,https://en.wikipedia.org/w/index.php?oldid=1371601816,2026-09-28T09:18:16Z
1031,1028,2020,10,2020-09-27,Russian Grand Prix,wp19846772,Valtteri Bottas,no,9,2020 Formula One World Championship,https://en.wikipedia.org/wiki/2020_Formula_One_World_Championship,1371601816,https://en.wikipedia.org/w/index.php?oldid=1371601816,2026-09-28T09:18:16Z
1032,1029,2020,11,2020-10-11,Eifel Grand Prix,wp675561,Lewis Hamilton,no,91,2020 Formula One World Championship,https://en.wikipedia.org/wiki/2020_Formula_One_World_Championship,1371601816,https://en.wikipedia.org/w/index.php?oldid=1371601816,2026-09-28T09:18:16Z
1033,1030,2020,12,2020-10-25,Portuguese Grand Prix,wp675561,Lewis Hamilton,no,92,2020 Formula One World Championship,https://en.wikipedia.org/wiki/2020_Formula_One_World_Championship,1371601816,https://en.wikipedia.org/w/index.php?oldid=1371601816,2026-09-28T09:18:16Z
1034,1031,2020,13,2020-11-01,Emilia Romagna Grand Prix,wp675561,Lewis Hamilton,no,93,2020 Formula One World Championship,https://en.wikipedia.org/wiki/2020_Formula_One_World_Championship,1371601816,https://en.wikipedia.org/w/index.php?oldid=1371601816,2026-09-28T09:18:16Z
1035,1032,2020,14,2020-11-15,Turkish Grand Prix,wp675561,Lewis Hamilton,no,94,2020 Formula One World Championship,https://en.wikipedia.org/wiki/2020_Formula_One_World_Championship,1371601816,https://en.wikipedia.org/w/index.php?oldid=1371601816,2026-09-28T09:18:16Z
1036,1033,2020,15,2020-11-29,Bahrain Grand Prix,wp675561,Lewis Hamilton,no,95,2020 Formula One World Championship,https://en.wikipedia.org/wiki/2020_Formula_One_World_Championship,1371601816,https://en.wikipedia.org/w/index.php?oldid=1371601816,2026-09-28T09:18:16Z
1037,1034,2020,16,2020-12-06,Sakhir Grand Prix,wp19801645,Sergio Pérez,no,1,2020 Formula One World Championship,https://en.wikipedia.org/wiki/2020_Formula_One_World_Championship,1371601816,https://en.wikipedia.org/w/index.php?oldid=1371601816,2026-09-28T09:18:16Z
1038,1035,2020,17,2020-12-13,Abu Dhabi Grand Prix,wp41758713,Max Verstappen,no,10,2020 Formula One World Championship,https://en.wikipedia.org/wiki/2020_Formula_One_World_Championship,1371601816,https://en.wikipedia.org/w/index.php?oldid=1371601816,2026-09-28T09:18:16Z
1039,1036,2021,1,2021-03-28,Bahrain Grand Prix,wp675561,Lewis Hamilton,no,96,2021 Formula One World Championship,https://en.wikipedia.org/wiki/2021_Formula_One_World_Championship,1371413806,https://en.wikipedia.org/w/index.php?oldid=1371413806,2026-09-28T09:18:17Z
1040,1037,2021,2,2021-04-18,Emilia Romagna Grand Prix,wp41758713,Max Verstappen,no,11,2021 Formula One World Championship,https://en.wikipedia.org/wiki/2021_Formula_One_World_Championship,1371413806,https://en.wikipedia.org/w/index.php?oldid=1371413806,2026-09-28T09:18:17Z
1041,1038,2021,3,2021-05-02,Portuguese Grand Prix,wp675561,Lewis Hamilton,no,97,2021 Formula One World Championship,https://en.wikipedia.org/wiki/2021_Formula_One_World_Championship,1371413806,https://en.wikipedia.org/w/index.php?oldid=1371413806,2026-09-28T09:18:17Z
1042,1039,2021,4,2021-05-09,Spanish Grand Prix,wp675561,Lewis Hamilton,no,98,2021 Formula One World Championship,https://en.wikipedia.org/wiki/2021_Formula_One_World_Championship,1371413806,https://en.wikipedia.org/w/index.php?oldid=1371413806,2026-09-28T09:18:17Z
1043,1040,2021,5,2021-05-23,Monaco Grand Prix,wp41758713,Max Verstappen,no,12,2021 Formula One World Championship,https://en.wikipedia.org/wiki/2021_Formula_One_World_Championship,1371413806,https://en.wikipedia.org/w/index.php?oldid=1371413806,2026-09-28T09:18:17Z
1044,1041,2021,6,2021-06-06,Azerbaijan Grand Prix,wp19801645,Sergio Pérez,no,2,2021 Formula One World Championship,https://en.wikipedia.org/wiki/2021_Formula_One_World_Championship,1371413806,https://en.wikipedia.org/w/index.php?oldid=1371413806,2026-09-28T09:18:17Z
1045,1042,2021,7,2021-06-20,French Grand Prix,wp41758713,Max Verstappen,no,13,2021 Formula One World Championship,https://en.wikipedia.org/wiki/2021_Formula_One_World_Championship,1371413806,https://en.wikipedia.org/w/index.php?oldid=1371413806,2026-09-28T09:18:17Z
1046,1043,2021,8,2021-06-27,Styrian Grand Prix,wp41758713,Max Verstappen,no,14,2021 Formula One World Championship,https://en.wikipedia.org/wiki/2021_Formula_One_World_Championship,1371413806,https://en.wikipedia.org/w/index.php?oldid=1371413806,2026-09-28T09:18:17Z
1047,1044,2021,9,2021-07-04,Austrian Grand Prix,wp41758713,Max Verstappen,no,15,2021 Formula One World Championship,https://en.wikipedia.org/wiki/2021_Formula_One_World_Championship,1371413806,https://en.wikipedia.org/w/index.php?oldid=1371413806,2026-09-28T09:18:17Z
1048,1045,2021,10,2021-07-18,British Grand Prix,wp675561,Lewis Hamilton,no,99,2021 Formula One World Championship,https://en.wikipedia.org/wiki/2021_Formula_One_World_Championship,1371413806,https://en.wikipedia.org/w/index.php?oldid=1371413806,2026-09-28T09:18:17Z
1049,1046,2021,11,2021-08-01,Hungarian Grand Prix,wp40826055,Esteban Ocon,no,1,2021 Formula One World Championship,https://en.wikipedia.org/wiki/2021_Formula_One_World_Championship,1371413806,https://en.wikipedia.org/w/index.php?oldid=1371413806,2026-09-28T09:18:17Z
1050,1047,2021,12,2021-08-29,Belgian Grand Prix,wp41758713,Max Verstappen,no,16,2021 Formula One World Championship,https://en.wikipedia.org/wiki/2021_Formula_One_World_Championship,1371413806,https://en.wikipedia.org/w/index.php?oldid=1371413806,2026-09-28T09:18:17Z
1051,1048,2021,13,2021-09-05,Dutch Grand Prix,wp41758713,Max Verstappen,no,17,2021 Formula One World Championship,https://en.wikipedia.org/wiki/2021_Formula_One_World_Championship,1371413806,https://en.wikipedia.org/w/index.php?oldid=1371413806,2026-09-28T09:18:17Z
1052,1049,2021,14,2021-09-12,Italian Grand Prix,wp18334077,Daniel Ricciardo,no,8,2021 Formula One World Championship,https://en.wikipedia.org/wiki/2021_Formula_One_World_Championship,1371413806,https://en.wikipedia.org/w/index.php?oldid=1371413806,2026-09-28T09:18:17Z
1053,1050,2021,15,2021-09-26,Russian Grand Prix,wp675561,Lewis Hamilton,no,100,2021 Formula One World Championship,https://en.wikipedia.org/wiki/2021_Formula_One_World_Championship,1371413806,https://en.wikipedia.org/w/index.php?oldid=1371413806,2026-09-28T09:18:17Z
1054,1051,2021,16,2021-10-10,Turkish Grand Prix,wp19846772,Valtteri Bottas,no,10,2021 Formula One World Championship,https://en.wikipedia.org/wiki/2021_Formula_One_World_Championship,1371413806,https://en.wikipedia.org/w/index.php?oldid=1371413806,2026-09-28T09:18:17Z
1055,1052,2021,17,2021-10-24,United States Grand Prix,wp41758713,Max Verstappen,no,18,2021 Formula One World Championship,https://en.wikipedia.org/wiki/2021_Formula_One_World_Championship,1371413806,https://en.wikipedia.org/w/index.php?oldid=1371413806,2026-09-28T09:18:17Z
1056,1053,2021,18,2021-11-07,Mexico City Grand Prix,wp41758713,Max Verstappen,no,19,2021 Formula One World Championship,https://en.wikipedia.org/wiki/2021_Formula_One_World_Championship,1371413806,https://en.wikipedia.org/w/index.php?oldid=1371413806,2026-09-28T09:18:17Z
1057,1054,2021,19,2021-11-14,São Paulo Grand Prix,wp675561,Lewis Hamilton,no,101,2021 Formula One World Championship,https://en.wikipedia.org/wiki/2021_Formula_One_World_Championship,1371413806,https://en.wikipedia.org/w/index.php?oldid=1371413806,2026-09-28T09:18:17Z
1058,1055,2021,20,2021-11-21,Qatar Grand Prix,wp675561,Lewis Hamilton,no,102,2021 Formula One World Championship,https://en.wikipedia.org/wiki/2021_Formula_One_World_Championship,1371413806,https://en.wikipedia.org/w/index.php?oldid=1371413806,2026-09-28T09:18:17Z
1059,1056,2021,21,2021-12-05,Saudi Arabian Grand Prix,wp675561,Lewis Hamilton,no,103,2021 Formula One World Championship,https://en.wikipedia.org/wiki/2021_Formula_One_World_Championship,1371413806,https://en.wikipedia.org/w/index.php?oldid=1371413806,2026-09-28T09:18:17Z
1060,1057,2021,22,2021-12-12,Abu Dhabi Grand Prix,wp41758713,Max Verstappen,no,20,2021 Formula One World Championship,https://en.wikipedia.org/wiki/2021_Formula_One_World_Championship,1371413806,https://en.wikipedia.org/w/index.php?oldid=1371413806,2026-09-28T09:18:17Z
1061,1058,2022,1,2022-03-20,Bahrain Grand Prix,wp44924226,Charles Leclerc,no,3,2022 Formula One World Championship,https://en.wikipedia.org/wiki/2022_Formula_One_World_Championship,1373708129,https://en.wikipedia.org/w/index.php?oldid=1373708129,2026-09-28T09:18:18Z
1062,1059,2022,2,2022-03-27,Saudi Arabian Grand Prix,wp41758713,Max Verstappen,no,21,2022 Formula One World Championship,https://en.wikipedia.org/wiki/2022_Formula_One_World_Championship,1373708129,https://en.wikipedia.org/w/index.php?oldid=1373708129,2026-09-28T09:18:18Z
1063,1060,2022,3,2022-04-10,Australian Grand Prix,wp44924226,Charles Leclerc,no,4,2022 Formula One World Championship,https://en.wikipedia.org/wiki/2022_Formula_One_World_Championship,1373708129,https://en.wikipedia.org/w/index.php?oldid=1373708129,2026-09-28T09:18:18Z
1064,1061,2022,4,2022-04-24,Emilia Romagna Grand Prix,wp41758713,Max Verstappen,no,22,2022 Formula One World Championship,https://en.wikipedia.org/wiki/2022_Formula_One_World_Championship,1373708129,https://en.wikipedia.org/w/index.php?oldid=1373708129,2026-09-28T09:18:18Z
1065,1062,2022,5,2022-05-08,Miami Grand Prix,wp41758713,Max Verstappen,no,23,2022 Formula One World Championship,https://en.wikipedia.org/wiki/2022_Formula_One_World_Championship,1373708129,https://en.wikipedia.org/w/index.php?oldid=1373708129,2026-09-28T09:18:18Z
1066,1063,2022,6,2022-05-22,Spanish Grand Prix,wp41758713,Max Verstappen,no,24,2022 Formula One World Championship,https://en.wikipedia.org/wiki/2022_Formula_One_World_Championship,1373708129,https://en.wikipedia.org/w/index.php?oldid=1373708129,2026-09-28T09:18:18Z
1067,1064,2022,7,2022-05-29,Monaco Grand Prix,wp19801645,Sergio Pérez,no,3,2022 Formula One World Championship,https://en.wikipedia.org/wiki/2022_Formula_One_World_Championship,1373708129,https://en.wikipedia.org/w/index.php?oldid=1373708129,2026-09-28T09:18:18Z
1068,1065,2022,8,2022-06-12,Azerbaijan Grand Prix,wp41758713,Max Verstappen,no,25,2022 Formula One World Championship,https://en.wikipedia.org/wiki/2022_Formula_One_World_Championship,1373708129,https://en.wikipedia.org/w/index.php?oldid=1373708129,2026-09-28T09:18:18Z
1069,1066,2022,9,2022-06-19,Canadian Grand Prix,wp41758713,Max Verstappen,no,26,2022 Formula One World Championship,https://en.wikipedia.org/wiki/2022_Formula_One_World_Championship,1373708129,https://en.wikipedia.org/w/index.php?oldid=1373708129,2026-09-28T09:18:18Z
1070,1067,2022,10,2022-07-03,British Grand Prix,wp25537408,Carlos Sainz Jr.,no,1,2022 Formula One World Championship,https://en.wikipedia.org/wiki/2022_Formula_One_World_Championship,1373708129,https://en.wikipedia.org/w/index.php?oldid=1373708129,2026-09-28T09:18:18Z
1071,1068,2022,11,2022-07-10,Austrian Grand Prix,wp44924226,Charles Leclerc,no,5,2022 Formula One World Championship,https://en.wikipedia.org/wiki/2022_Formula_One_World_Championship,1373708129,https://en.wikipedia.org/w/index.php?oldid=1373708129,2026-09-28T09:18:18Z
1072,1069,2022,12,2022-07-24,French Grand Prix,wp41758713,Max Verstappen,no,27,2022 Formula One World Championship,https://en.wikipedia.org/wiki/2022_Formula_One_World_Championship,1373708129,https://en.wikipedia.org/w/index.php?oldid=1373708129,2026-09-28T09:18:18Z
1073,1070,2022,13,2022-07-31,Hungarian Grand Prix,wp41758713,Max Verstappen,no,28,2022 Formula One World Championship,https://en.wikipedia.org/wiki/2022_Formula_One_World_Championship,1373708129,https://en.wikipedia.org/w/index.php?oldid=1373708129,2026-09-28T09:18:18Z
1074,1071,2022,14,2022-08-28,Belgian Grand Prix,wp41758713,Max Verstappen,no,29,2022 Formula One World Championship,https://en.wikipedia.org/wiki/2022_Formula_One_World_Championship,1373708129,https://en.wikipedia.org/w/index.php?oldid=1373708129,2026-09-28T09:18:18Z
1075,1072,2022,15,2022-09-04,Dutch Grand Prix,wp41758713,Max Verstappen,no,30,2022 Formula One World Championship,https://en.wikipedia.org/wiki/2022_Formula_One_World_Championship,1373708129,https://en.wikipedia.org/w/index.php?oldid=1373708129,2026-09-28T09:18:18Z
1076,1073,2022,16,2022-09-11,Italian Grand Prix,wp41758713,Max Verstappen,no,31,2022 Formula One World Championship,https://en.wikipedia.org/wiki/2022_Formula_One_World_Championship,1373708129,https://en.wikipedia.org/w/index.php?oldid=1373708129,2026-09-28T09:18:18Z
1077,1074,2022,17,2022-10-02,Singapore Grand Prix,wp19801645,Sergio Pérez,no,4,2022 Formula One World Championship,https://en.wikipedia.org/wiki/2022_Formula_One_World_Championship,1373708129,https://en.wikipedia.org/w/index.php?oldid=1373708129,2026-09-28T09:18:18Z
1078,1075,2022,18,2022-10-09,Japanese Grand Prix,wp41758713,Max Verstappen,no,32,2022 Formula One World Championship,https://en.wikipedia.org/wiki/2022_Formula_One_World_Championship,1373708129,https://en.wikipedia.org/w/index.php?oldid=1373708129,2026-09-28T09:18:18Z
1079,1076,2022,19,2022-10-23,United States Grand Prix,wp41758713,Max Verstappen,no,33,2022 Formula One World Championship,https://en.wikipedia.org/wiki/2022_Formula_One_World_Championship,1373708129,https://en.wikipedia.org/w/index.php?oldid=1373708129,2026-09-28T09:18:18Z
1080,1077,2022,20,2022-10-30,Mexico City Grand Prix,wp41758713,Max Verstappen,no,34,2022 Formula One World Championship,https://en.wikipedia.org/wiki/2022_Formula_One_World_Championship,1373708129,https://en.wikipedia.org/w/index.php?oldid=1373708129,2026-09-28T09:18:18Z
1081,1078,2022,21,2022-11-13,São Paulo Grand Prix,wp44641054,George Russell,no,1,2022 Formula One World Championship,https://en.wikipedia.org/wiki/2022_Formula_One_World_Championship,1373708129,https://en.wikipedia.org/w/index.php?oldid=1373708129,2026-09-28T09:18:18Z
1082,1079,2022,22,2022-11-20,Abu Dhabi Grand Prix,wp41758713,Max Verstappen,no,35,2022 Formula One World Championship,https://en.wikipedia.org/wiki/2022_Formula_One_World_Championship,1373708129,https://en.wikipedia.org/w/index.php?oldid=1373708129,2026-09-28T09:18:18Z
1083,1080,2023,1,2023-03-05,Bahrain Grand Prix,wp41758713,Max Verstappen,no,36,2023 Formula One World Championship,https://en.wikipedia.org/wiki/2023_Formula_One_World_Championship,1376472167,https://en.wikipedia.org/w/index.php?oldid=1376472167,2026-09-28T09:18:19Z
1084,1081,2023,2,2023-03-19,Saudi Arabian Grand Prix,wp19801645,Sergio Pérez,no,5,2023 Formula One World Championship,https://en.wikipedia.org/wiki/2023_Formula_One_World_Championship,1376472167,https://en.wikipedia.org/w/index.php?oldid=1376472167,2026-09-28T09:18:19Z
1085,1082,2023,3,2023-04-02,Australian Grand Prix,wp41758713,Max Verstappen,no,37,2023 Formula One World Championship,https://en.wikipedia.org/wiki/2023_Formula_One_World_Championship,1376472167,https://en.wikipedia.org/w/index.php?oldid=1376472167,2026-09-28T09:18:19Z
1086,1083,2023,4,2023-04-30,Azerbaijan Grand Prix,wp19801645,Sergio Pérez,no,6,2023 Formula One World Championship,https://en.wikipedia.org/wiki/2023_Formula_One_World_Championship,1376472167,https://en.wikipedia.org/w/index.php?oldid=1376472167,2026-09-28T09:18:19Z
1087,1084,2023,5,2023-05-07,Miami Grand Prix,wp41758713,Max Verstappen,no,38,2023 Formula One World Championship,https://en.wikipedia.org/wiki/2023_Formula_One_World_Championship,1376472167,https://en.wikipedia.org/w/index.php?oldid=1376472167,2026-09-28T09:18:19Z
1088,1085,2023,6,2023-05-28,Monaco Grand Prix,wp41758713,Max Verstappen,no,39,2023 Formula One World Championship,https://en.wikipedia.org/wiki/2023_Formula_One_World_Championship,1376472167,https://en.wikipedia.org/w/index.php?oldid=1376472167,2026-09-28T09:18:19Z
1089,1086,2023,7,2023-06-04,Spanish Grand Prix,wp41758713,Max Verstappen,no,40,2023 Formula One World Championship,https://en.wikipedia.org/wiki/2023_Formula_One_World_Championship,1376472167,https://en.wikipedia.org/w/index.php?oldid=1376472167,2026-09-28T09:18:19Z
1090,1087,2023,8,2023-06-18,Canadian Grand Prix,wp41758713,Max Verstappen,no,41,2023 Formula One World Championship,https://en.wikipedia.org/wiki/2023_Formula_One_World_Championship,1376472167,https://en.wikipedia.org/w/index.php?oldid=1376472167,2026-09-28T09:18:19Z
1091,1088,2023,9,2023-07-02,Austrian Grand Prix,wp41758713,Max Verstappen,no,42,2023 Formula One World Championship,https://en.wikipedia.org/wiki/2023_Formula_One_World_Championship,1376472167,https://en.wikipedia.org/w/index.php?oldid=1376472167,2026-09-28T09:18:19Z
1092,1089,2023,10,2023-07-09,British Grand Prix,wp41758713,Max Verstappen,no,43,2023 Formula One World Championship,https://en.wikipedia.org/wiki/2023_Formula_One_World_Championship,1376472167,https://en.wikipedia.org/w/index.php?oldid=1376472167,2026-09-28T09:18:19Z
1093,1090,2023,11,2023-07-23,Hungarian Grand Prix,wp41758713,Max Verstappen,no,44,2023 Formula One World Championship,https://en.wikipedia.org/wiki/2023_Formula_One_World_Championship,1376472167,https://en.wikipedia.org/w/index.php?oldid=1376472167,2026-09-28T09:18:19Z
1094,1091,2023,12,2023-07-30,Belgian Grand Prix,wp41758713,Max Verstappen,no,45,2023 Formula One World Championship,https://en.wikipedia.org/wiki/2023_Formula_One_World_Championship,1376472167,https://en.wikipedia.org/w/index.php?oldid=1376472167,2026-09-28T09:18:19Z
1095,1092,2023,13,2023-08-27,Dutch Grand Prix,wp41758713,Max Verstappen,no,46,2023 Formula One World Championship,https://en.wikipedia.org/wiki/2023_Formula_One_World_Championship,1376472167,https://en.wikipedia.org/w/index.php?oldid=1376472167,2026-09-28T09:18:19Z
1096,1093,2023,14,2023-09-03,Italian Grand Prix,wp41758713,Max Verstappen,no,47,2023 Formula One World Championship,https://en.wikipedia.org/wiki/2023_Formula_One_World_Championship,1376472167,https://en.wikipedia.org/w/index.php?oldid=1376472167,2026-09-28T09:18:19Z
1097,1094,2023,15,2023-09-17,Singapore Grand Prix,wp25537408,Carlos Sainz Jr.,no,2,2023 Formula One World Championship,https://en.wikipedia.org/wiki/2023_Formula_One_World_Championship,1376472167,https://en.wikipedia.org/w/index.php?oldid=1376472167,2026-09-28T09:18:19Z
1098,1095,2023,16,2023-09-24,Japanese Grand Prix,wp41758713,Max Verstappen,no,48,2023 Formula One World Championship,https://en.wikipedia.org/wiki/2023_Formula_One_World_Championship,1376472167,https://en.wikipedia.org/w/index.php?oldid=1376472167,2026-09-28T09:18:19Z
1099,1096,2023,17,2023-10-08,Qatar Grand Prix,wp41758713,Max Verstappen,no,49,2023 Formula One World Championship,https://en.wikipedia.org/wiki/2023_Formula_One_World_Championship,1376472167,https://en.wikipedia.org/w/index.php?oldid=1376472167,2026-09-28T09:18:19Z
1100,1097,2023,18,2023-10-22,United States Grand Prix,wp41758713,Max Verstappen,no,50,2023 Formula One World Championship,https://en.wikipedia.org/wiki/2023_Formula_One_World_Championship,1376472167,https://en.wikipedia.org/w/index.php?oldid=1376472167,2026-09-28T09:18:19Z
1101,1098,2023,19,2023-10-29,Mexico City Grand Prix,wp41758713,Max Verstappen,no,51,2023 Formula One World Championship,https://en.wikipedia.org/wiki/2023_Formula_One_World_Championship,1376472167,https://en.wikipedia.org/w/index.php?oldid=1376472167,2026-09-28T09:18:19Z
1102,1099,2023,20,2023-11-05,São Paulo Grand Prix,wp41758713,Max Verstappen,no,52,2023 Formula One World Championship,https://en.wikipedia.org/wiki/2023_Formula_One_World_Championship,1376472167,https://en.wikipedia.org/w/index.php?oldid=1376472167,2026-09-28T09:18:19Z
1103,1100,2023,21,2023-11-18,Las Vegas Grand Prix,wp41758713,Max Verstappen,no,53,2023 Formula One World Championship,https://en.wikipedia.org/wiki/2023_Formula_One_World_Championship,1376472167,https://en.wikipedia.org/w/index.php?oldid=1376472167,2026-09-28T09:18:19Z
1104,1101,2023,22,2023-11-26,Abu Dhabi Grand Prix,wp41758713,Max Verstappen,no,54,2023 Formula One World Championship,https://en.wikipedia.org/wiki/2023_Formula_One_World_Championship,1376472167,https://en.wikipedia.org/w/index.php?oldid=1376472167,2026-09-28T09:18:19Z
1105,1102,2024,1,2024-03-02,Bahrain Grand Prix,wp41758713,Max Verstappen,no,55,2024 Formula One World Championship,https://en.wikipedia.org/wiki/2024_Formula_One_World_Championship,1376189329,https://en.wikipedia.org/w/index.php?oldid=1376189329,2026-09-28T09:18:20Z
1106,1103,2024,2,2024-03-09,Saudi Arabian Grand Prix,wp41758713,Max Verstappen,no,56,2024 Formula One World Championship,https://en.wikipedia.org/wiki/2024_Formula_One_World_Championship,1376189329,https://en.wikipedia.org/w/index.php?oldid=1376189329,2026-09-28T09:18:20Z
1107,1104,2024,3,2024-03-24,Australian Grand Prix,wp25537408,Carlos Sainz Jr.,no,3,2024 Formula One World Championship,https://en.wikipedia.org/wiki/2024_Formula_One_World_Championship,1376189329,https://en.wikipedia.org/w/index.php?oldid=1376189329,2026-09-28T09:18:20Z
1108,1105,2024,4,2024-04-07,Japanese Grand Prix,wp41758713,Max Verstappen,no,57,2024 Formula One World Championship,https://en.wikipedia.org/wiki/2024_Formula_One_World_Championship,1376189329,https://en.wikipedia.org/w/index.php?oldid=1376189329,2026-09-28T09:18:20Z
1109,1106,2024,5,2024-04-21,Chinese Grand Prix,wp41758713,Max Verstappen,no,58,2024 Formula One World Championship,https://en.wikipedia.org/wiki/2024_Formula_One_World_Championship,1376189329,https://en.wikipedia.org/w/index.php?oldid=1376189329,2026-09-28T09:18:20Z
1110,1107,2024,6,2024-05-05,Miami Grand Prix,wp48978813,Lando Norris,no,1,2024 Formula One World Championship,https://en.wikipedia.org/wiki/2024_Formula_One_World_Championship,1376189329,https://en.wikipedia.org/w/index.php?oldid=1376189329,2026-09-28T09:18:20Z
1111,1108,2024,7,2024-05-19,Emilia Romagna Grand Prix,wp41758713,Max Verstappen,no,59,2024 Formula One World Championship,https://en.wikipedia.org/wiki/2024_Formula_One_World_Championship,1376189329,https://en.wikipedia.org/w/index.php?oldid=1376189329,2026-09-28T09:18:20Z
1112,1109,2024,8,2024-05-26,Monaco Grand Prix,wp44924226,Charles Leclerc,no,6,2024 Formula One World Championship,https://en.wikipedia.org/wiki/2024_Formula_One_World_Championship,1376189329,https://en.wikipedia.org/w/index.php?oldid=1376189329,2026-09-28T09:18:20Z
1113,1110,2024,9,2024-06-09,Canadian Grand Prix,wp41758713,Max Verstappen,no,60,2024 Formula One World Championship,https://en.wikipedia.org/wiki/2024_Formula_One_World_Championship,1376189329,https://en.wikipedia.org/w/index.php?oldid=1376189329,2026-09-28T09:18:20Z
1114,1111,2024,10,2024-06-23,Spanish Grand Prix,wp41758713,Max Verstappen,no,61,2024 Formula One World Championship,https://en.wikipedia.org/wiki/2024_Formula_One_World_Championship,1376189329,https://en.wikipedia.org/w/index.php?oldid=1376189329,2026-09-28T09:18:20Z
1115,1112,2024,11,2024-06-30,Austrian Grand Prix,wp44641054,George Russell,no,2,2024 Formula One World Championship,https://en.wikipedia.org/wiki/2024_Formula_One_World_Championship,1376189329,https://en.wikipedia.org/w/index.php?oldid=1376189329,2026-09-28T09:18:20Z
1116,1113,2024,12,2024-07-07,British Grand Prix,wp675561,Lewis Hamilton,no,104,2024 Formula One World Championship,https://en.wikipedia.org/wiki/2024_Formula_One_World_Championship,1376189329,https://en.wikipedia.org/w/index.php?oldid=1376189329,2026-09-28T09:18:20Z
1117,1114,2024,13,2024-07-21,Hungarian Grand Prix,wp59449712,Oscar Piastri,no,1,2024 Formula One World Championship,https://en.wikipedia.org/wiki/2024_Formula_One_World_Championship,1376189329,https://en.wikipedia.org/w/index.php?oldid=1376189329,2026-09-28T09:18:20Z
1118,1115,2024,14,2024-07-28,Belgian Grand Prix,wp675561,Lewis Hamilton,no,105,2024 Formula One World Championship,https://en.wikipedia.org/wiki/2024_Formula_One_World_Championship,1376189329,https://en.wikipedia.org/w/index.php?oldid=1376189329,2026-09-28T09:18:20Z
1119,1116,2024,15,2024-08-25,Dutch Grand Prix,wp48978813,Lando Norris,no,2,2024 Formula One World Championship,https://en.wikipedia.org/wiki/2024_Formula_One_World_Championship,1376189329,https://en.wikipedia.org/w/index.php?oldid=1376189329,2026-09-28T09:18:20Z
1120,1117,2024,16,2024-09-01,Italian Grand Prix,wp44924226,Charles Leclerc,no,7,2024 Formula One World Championship,https://en.wikipedia.org/wiki/2024_Formula_One_World_Championship,1376189329,https://en.wikipedia.org/w/index.php?oldid=1376189329,2026-09-28T09:18:20Z
1121,1118,2024,17,2024-09-15,Azerbaijan Grand Prix,wp59449712,Oscar Piastri,no,2,2024 Formula One World Championship,https://en.wikipedia.org/wiki/2024_Formula_One_World_Championship,1376189329,https://en.wikipedia.org/w/index.php?oldid=1376189329,2026-09-28T09:18:20Z
1122,1119,2024,18,2024-09-22,Singapore Grand Prix,wp48978813,Lando Norris,no,3,2024 Formula One World Championship,https://en.wikipedia.org/wiki/2024_Formula_One_World_Championship,1376189329,https://en.wikipedia.org/w/index.php?oldid=1376189329,2026-09-28T09:18:20Z
1123,1120,2024,19,2024-10-20,United States Grand Prix,wp44924226,Charles Leclerc,no,8,2024 Formula One World Championship,https://en.wikipedia.org/wiki/2024_Formula_One_World_Championship,1376189329,https://en.wikipedia.org/w/index.php?oldid=1376189329,2026-09-28T09:18:20Z
1124,1121,2024,20,2024-10-27,Mexico City Grand Prix,wp25537408,Carlos Sainz Jr.,no,4,2024 Formula One World Championship,https://en.wikipedia.org/wiki/2024_Formula_One_World_Championship,1376189329,https://en.wikipedia.org/w/index.php?oldid=1376189329,2026-09-28T09:18:20Z
1125,1122,2024,21,2024-11-03,São Paulo Grand Prix,wp41758713,Max Verstappen,no,62,2024 Formula One World Championship,https://en.wikipedia.org/wiki/2024_Formula_One_World_Championship,1376189329,https://en.wikipedia.org/w/index.php?oldid=1376189329,2026-09-28T09:18:20Z
1126,1123,2024,22,2024-11-23,Las Vegas Grand Prix,wp44641054,George Russell,no,3,2024 Formula One World Championship,https://en.wikipedia.org/wiki/2024_Formula_One_World_Championship,1376189329,https://en.wikipedia.org/w/index.php?oldid=1376189329,2026-09-28T09:18:20Z
1127,1124,2024,23,2024-12-01,Qatar Grand Prix,wp41758713,Max Verstappen,no,63,2024 Formula One World Championship,https://en.wikipedia.org/wiki/2024_Formula_One_World_Championship,1376189329,https://en.wikipedia.org/w/index.php?oldid=1376189329,2026-09-28T09:18:20Z
1128,1125,2024,24,2024-12-08,Abu Dhabi Grand Prix,wp48978813,Lando Norris,no,4,2024 Formula One World Championship,https://en.wikipedia.org/wiki/2024_Formula_One_World_Championship,1376189329,https://en.wikipedia.org/w/index.php?oldid=1376189329,2026-09-28T09:18:20Z
1129,1126,2025,1,2025-03-16,Australian Grand Prix,wp48978813,Lando Norris,no,5,2025 Formula One World Championship,https://en.wikipedia.org/wiki/2025_Formula_One_World_Championship,1370436518,https://en.wikipedia.org/w/index.php?oldid=1370436518,2026-09-28T09:18:21Z
1130,1127,2025,2,2025-03-23,Chinese Grand Prix,wp59449712,Oscar Piastri,no,3,2025 Formula One World Championship,https://en.wikipedia.org/wiki/2025_Formula_One_World_Championship,1370436518,https://en.wikipedia.org/w/index.php?oldid=1370436518,2026-09-28T09:18:21Z
1131,1128,2025,3,2025-04-06,Japanese Grand Prix,wp41758713,Max Verstappen,no,64,2025 Formula One World Championship,https://en.wikipedia.org/wiki/2025_Formula_One_World_Championship,1370436518,https://en.wikipedia.org/w/index.php?oldid=1370436518,2026-09-28T09:18:21Z
1132,1129,2025,4,2025-04-13,Bahrain Grand Prix,wp59449712,Oscar Piastri,no,4,2025 Formula One World Championship,https://en.wikipedia.org/wiki/2025_Formula_One_World_Championship,1370436518,https://en.wikipedia.org/w/index.php?oldid=1370436518,2026-09-28T09:18:21Z
1133,1130,2025,5,2025-04-20,Saudi Arabian Grand Prix,wp59449712,Oscar Piastri,no,5,2025 Formula One World Championship,https://en.wikipedia.org/wiki/2025_Formula_One_World_Championship,1370436518,https://en.wikipedia.org/w/index.php?oldid=1370436518,2026-09-28T09:18:21Z
1134,1131,2025,6,2025-05-04,Miami Grand Prix,wp59449712,Oscar Piastri,no,6,2025 Formula One World Championship,https://en.wikipedia.org/wiki/2025_Formula_One_World_Championship,1370436518,https://en.wikipedia.org/w/index.php?oldid=1370436518,2026-09-28T09:18:21Z
1135,1132,2025,7,2025-05-18,Emilia Romagna Grand Prix,wp41758713,Max Verstappen,no,65,2025 Formula One World Championship,https://en.wikipedia.org/wiki/2025_Formula_One_World_Championship,1370436518,https://en.wikipedia.org/w/index.php?oldid=1370436518,2026-09-28T09:18:21Z
1136,1133,2025,8,2025-05-25,Monaco Grand Prix,wp48978813,Lando Norris,no,6,2025 Formula One World Championship,https://en.wikipedia.org/wiki/2025_Formula_One_World_Championship,1370436518,https://en.wikipedia.org/w/index.php?oldid=1370436518,2026-09-28T09:18:21Z
1137,1134,2025,9,2025-06-01,Spanish Grand Prix,wp59449712,Oscar Piastri,no,7,2025 Formula One World Championship,https://en.wikipedia.org/wiki/2025_Formula_One_World_Championship,1370436518,https://en.wikipedia.org/w/index.php?oldid=1370436518,2026-09-28T09:18:21Z
1138,1135,2025,10,2025-06-15,Canadian Grand Prix,wp44641054,George Russell,no,4,2025 Formula One World Championship,https://en.wikipedia.org/wiki/2025_Formula_One_World_Championship,1370436518,https://en.wikipedia.org/w/index.php?oldid=1370436518,2026-09-28T09:18:21Z
1139,1136,2025,11,2025-06-29,Austrian Grand Prix,wp48978813,Lando Norris,no,7,2025 Formula One World Championship,https://en.wikipedia.org/wiki/2025_Formula_One_World_Championship,1370436518,https://en.wikipedia.org/w/index.php?oldid=1370436518,2026-09-28T09:18:21Z
1140,1137,2025,12,2025-07-06,British Grand Prix,wp48978813,Lando Norris,no,8,2025 Formula One World Championship,https://en.wikipedia.org/wiki/2025_Formula_One_World_Championship,1370436518,https://en.wikipedia.org/w/index.php?oldid=1370436518,2026-09-28T09:18:21Z
1141,1138,2025,13,2025-07-27,Belgian Grand Prix,wp59449712,Oscar Piastri,no,8,2025 Formula One World Championship,https://en.wikipedia.org/wiki/2025_Formula_One_World_Championship,1370436518,https://en.wikipedia.org/w/index.php?oldid=1370436518,2026-09-28T09:18:21Z
1142,1139,2025,14,2025-08-03,Hungarian Grand Prix,wp48978813,Lando Norris,no,9,2025 Formula One World Championship,https://en.wikipedia.org/wiki/2025_Formula_One_World_Championship,1370436518,https://en.wikipedia.org/w/index.php?oldid=1370436518,2026-09-28T09:18:21Z
1143,1140,2025,15,2025-08-31,Dutch Grand Prix,wp59449712,Oscar Piastri,no,9,2025 Formula One World Championship,https://en.wikipedia.org/wiki/2025_Formula_One_World_Championship,1370436518,https://en.wikipedia.org/w/index.php?oldid=1370436518,2026-09-28T09:18:21Z
1144,1141,2025,16,2025-09-07,Italian Grand Prix,wp41758713,Max Verstappen,no,66,2025 Formula One World Championship,https://en.wikipedia.org/wiki/2025_Formula_One_World_Championship,1370436518,https://en.wikipedia.org/w/index.php?oldid=1370436518,2026-09-28T09:18:21Z
1145,1142,2025,17,2025-09-21,Azerbaijan Grand Prix,wp41758713,Max Verstappen,no,67,2025 Formula One World Championship,https://en.wikipedia.org/wiki/2025_Formula_One_World_Championship,1370436518,https://en.wikipedia.org/w/index.php?oldid=1370436518,2026-09-28T09:18:21Z
1146,1143,2025,18,2025-10-05,Singapore Grand Prix,wp44641054,George Russell,no,5,2025 Formula One World Championship,https://en.wikipedia.org/wiki/2025_Formula_One_World_Championship,1370436518,https://en.wikipedia.org/w/index.php?oldid=1370436518,2026-09-28T09:18:21Z
1147,1144,2025,19,2025-10-19,United States Grand Prix,wp41758713,Max Verstappen,no,68,2025 Formula One World Championship,https://en.wikipedia.org/wiki/2025_Formula_One_World_Championship,1370436518,https://en.wikipedia.org/w/index.php?oldid=1370436518,2026-09-28T09:18:21Z
1148,1145,2025,20,2025-10-26,Mexico City Grand Prix,wp48978813,Lando Norris,no,10,2025 Formula One World Championship,https://en.wikipedia.org/wiki/2025_Formula_One_World_Championship,1370436518,https://en.wikipedia.org/w/index.php?oldid=1370436518,2026-09-28T09:18:21Z
1149,1146,2025,21,2025-11-09,São Paulo Grand Prix,wp48978813,Lando Norris,no,11,2025 Formula One World Championship,https://en.wikipedia.org/wiki/2025_Formula_One_World_Championship,1370436518,https://en.wikipedia.org/w/index.php?oldid=1370436518,2026-09-28T09:18:21Z
1150,1147,2025,22,2025-11-22,Las Vegas Grand Prix,wp41758713,Max Verstappen,no,69,2025 Formula One World Championship,https://en.wikipedia.org/wiki/2025_Formula_One_World_Championship,1370436518,https://en.wikipedia.org/w/index.php?oldid=1370436518,2026-09-28T09:18:21Z
1151,1148,2025,23,2025-11-30,Qatar Grand Prix,wp41758713,Max Verstappen,no,70,2025 Formula One World Championship,https://en.wikipedia.org/wiki/2025_Formula_One_World_Championship,1370436518,https://en.wikipedia.org/w/index.php?oldid=1370436518,2026-09-28T09:18:21Z
1152,1149,2025,24,2025-12-07,Abu Dhabi Grand Prix,wp41758713,Max Verstappen,no,71,2025 Formula One World Championship,https://en.wikipedia.org/wiki/2025_Formula_One_World_Championship,1370436518,https://en.wikipedia.org/w/index.php?oldid=1370436518,2026-09-28T09:18:21Z
1153,1150,2026,1,2026-03-08,Australian Grand Prix,wp44641054,George Russell,no,6,2026 Formula One World Championship,https://en.wikipedia.org/wiki/2026_Formula_One_World_Championship,1376997788,https://en.wikipedia.org/w/index.php?oldid=1376997788,2026-09-28T09:18:23Z
1154,1151,2026,2,2026-03-15,Chinese Grand Prix,wp70530918,Kimi Antonelli,no,1,2026 Formula One World Championship,https://en.wikipedia.org/wiki/2026_Formula_One_World_Championship,1376997788,https://en.wikipedia.org/w/index.php?oldid=1376997788,2026-09-28T09:18:23Z
1155,1152,2026,3,2026-03-29,Japanese Grand Prix,wp70530918,Kimi Antonelli,no,2,2026 Formula One World Championship,https://en.wikipedia.org/wiki/2026_Formula_One_World_Championship,1376997788,https://en.wikipedia.org/w/index.php?oldid=1376997788,2026-09-28T09:18:23Z
1156,1153,2026,4,2026-05-03,Miami Grand Prix,wp70530918,Kimi Antonelli,no,3,2026 Formula One World Championship,https://en.wikipedia.org/wiki/2026_Formula_One_World_Championship,1376997788,https://en.wikipedia.org/w/index.php?oldid=1376997788,2026-09-28T09:18:23Z
1157,1154,2026,5,2026-05-24,Canadian Grand Prix,wp70530918,Kimi Antonelli,no,4,2026 Formula One World Championship,https://en.wikipedia.org/wiki/2026_Formula_One_World_Championship,1376997788,https://en.wikipedia.org/w/index.php?oldid=1376997788,2026-09-28T09:18:23Z
1158,1155,2026,6,2026-06-07,Monaco Grand Prix,wp70530918,Kimi Antonelli,no,5,2026 Formula One World Championship,https://en.wikipedia.org/wiki/2026_Formula_One_World_Championship,1376997788,https://en.wikipedia.org/w/index.php?oldid=1376997788,2026-09-28T09:18:23Z
1159,1156,2026,7,2026-06-14,Barcelona-Catalunya Grand Prix,wp675561,Lewis Hamilton,no,106,2026 Formula One World Championship,https://en.wikipedia.org/wiki/2026_Formula_One_World_Championship,1376997788,https://en.wikipedia.org/w/index.php?oldid=1376997788,2026-09-28T09:18:23Z
1160,1157,2026,8,2026-06-28,Austrian Grand Prix,wp44641054,George Russell,no,7,2026 Formula One World Championship,https://en.wikipedia.org/wiki/2026_Formula_One_World_Championship,1376997788,https://en.wikipedia.org/w/index.php?oldid=1376997788,2026-09-28T09:18:23Z
1161,1158,2026,9,2026-07-05,British Grand Prix,wp44924226,Charles Leclerc,no,9,2026 Formula One World Championship,https://en.wikipedia.org/wiki/2026_Formula_One_World_Championship,1376997788,https://en.wikipedia.org/w/index.php?oldid=1376997788,2026-09-28T09:18:23Z
1162,1159,2026,10,2026-07-19,Belgian Grand Prix,wp70530918,Kimi Antonelli,no,6,2026 Formula One World Championship,https://en.wikipedia.org/wiki/2026_Formula_One_World_Championship,1376997788,https://en.wikipedia.org/w/index.php?oldid=1376997788,2026-09-28T09:18:23Z
1163,1160,2026,11,2026-07-26,Hungarian Grand Prix,wp48978813,Lando Norris,no,12,2026 Formula One World Championship,https://en.wikipedia.org/wiki/2026_Formula_One_World_Championship,1376997788,https://en.wikipedia.org/w/index.php?oldid=1376997788,2026-09-28T09:18:23Z
1164,1161,2026,12,2026-08-23,Dutch Grand Prix,wp48978813,Lando Norris,no,13,2026 Formula One World Championship,https://en.wikipedia.org/wiki/2026_Formula_One_World_Championship,1376997788,https://en.wikipedia.org/w/index.php?oldid=1376997788,2026-09-28T09:18:23Z
1165,1162,2026,13,2026-09-06,Italian Grand Prix,wp70530918,Kimi Antonelli,no,7,2026 Formula One World Championship,https://en.wikipedia.org/wiki/2026_Formula_One_World_Championship,1376997788,https://en.wikipedia.org/w/index.php?oldid=1376997788,2026-09-28T09:18:23Z
1166,1163,2026,14,2026-09-13,Spanish Grand Prix,wp70530918,Kimi Antonelli,no,8,2026 Formula One World Championship,https://en.wikipedia.org/wiki/2026_Formula_One_World_Championship,1376997788,https://en.wikipedia.org/w/index.php?oldid=1376997788,2026-09-28T09:18:23Z
1167,1164,2026,15,2026-09-26,Azerbaijan Grand Prix,wp44641054,George Russell,no,8,2026 Formula One World Championship,https://en.wikipedia.org/wiki/2026_Formula_One_World_Championship,1376997788,https://en.wikipedia.org/w/index.php?oldid=1376997788,2026-09-28T09:18:23Z
