season,club_id,club_name_on_page,final_position,relegated,source,revid,grade,crosscheck
1992-93,manchester_united,Manchester United F.C.,1,no,Wikipedia '1992–93 FA Premier League' league table,1371793412,C,matches research file part03b (see CHECKS.md)
1992-93,aston_villa,Aston Villa F.C.,2,no,Wikipedia '1992–93 FA Premier League' league table,1371793412,C,matches research file part03b (see CHECKS.md)
1992-93,norwich_city,Norwich City F.C.,3,no,Wikipedia '1992–93 FA Premier League' league table,1371793412,C,matches research file part03b (see CHECKS.md)
1992-93,blackburn_rovers,Blackburn Rovers F.C.,4,no,Wikipedia '1992–93 FA Premier League' league table,1371793412,C,matches research file part03b (see CHECKS.md)
1992-93,qpr,Queens Park Rangers F.C.,5,no,Wikipedia '1992–93 FA Premier League' league table,1371793412,C,matches research file part03b (see CHECKS.md)
1992-93,liverpool,Liverpool F.C.,6,no,Wikipedia '1992–93 FA Premier League' league table,1371793412,C,matches research file part03b (see CHECKS.md)
1992-93,sheffield_wednesday,Sheffield Wednesday F.C.,7,no,Wikipedia '1992–93 FA Premier League' league table,1371793412,C,matches research file part03b (see CHECKS.md)
1992-93,tottenham_hotspur,Tottenham Hotspur F.C.,8,no,Wikipedia '1992–93 FA Premier League' league table,1371793412,C,matches research file part03b (see CHECKS.md)
1992-93,manchester_city,Manchester City F.C.,9,no,Wikipedia '1992–93 FA Premier League' league table,1371793412,C,matches research file part03b (see CHECKS.md)
1992-93,arsenal,Arsenal F.C.,10,no,Wikipedia '1992–93 FA Premier League' league table,1371793412,C,matches research file part03b (see CHECKS.md)
1992-93,chelsea,Chelsea F.C.,11,no,Wikipedia '1992–93 FA Premier League' league table,1371793412,C,matches research file part03b (see CHECKS.md)
1992-93,wimbledon_fc,Wimbledon F.C.,12,no,Wikipedia '1992–93 FA Premier League' league table,1371793412,C,matches research file part03b (see CHECKS.md)
1992-93,everton,Everton F.C.,13,no,Wikipedia '1992–93 FA Premier League' league table,1371793412,C,matches research file part03b (see CHECKS.md)
1992-93,sheffield_united,Sheffield United F.C.,14,no,Wikipedia '1992–93 FA Premier League' league table,1371793412,C,matches research file part03b (see CHECKS.md)
1992-93,coventry_city,Coventry City F.C.,15,no,Wikipedia '1992–93 FA Premier League' league table,1371793412,C,matches research file part03b (see CHECKS.md)
1992-93,ipswich_town,Ipswich Town F.C.,16,no,Wikipedia '1992–93 FA Premier League' league table,1371793412,C,matches research file part03b (see CHECKS.md)
1992-93,leeds_united,Leeds United F.C.,17,no,Wikipedia '1992–93 FA Premier League' league table,1371793412,C,matches research file part03b (see CHECKS.md)
1992-93,southampton,Southampton F.C.,18,no,Wikipedia '1992–93 FA Premier League' league table,1371793412,C,matches research file part03b (see CHECKS.md)
1992-93,oldham_athletic,Oldham Athletic A.F.C.,19,no,Wikipedia '1992–93 FA Premier League' league table,1371793412,C,matches research file part03b (see CHECKS.md)
1992-93,crystal_palace,Crystal Palace F.C.,20,yes,Wikipedia '1992–93 FA Premier League' league table,1371793412,C,matches research file part03b (see CHECKS.md)
1992-93,middlesbrough,Middlesbrough F.C.,21,yes,Wikipedia '1992–93 FA Premier League' league table,1371793412,C,matches research file part03b (see CHECKS.md)
1992-93,nottingham_forest,Nottingham Forest F.C.,22,yes,Wikipedia '1992–93 FA Premier League' league table,1371793412,C,matches research file part03b (see CHECKS.md)
1993-94,manchester_united,Manchester United F.C.,1,no,Wikipedia '1993–94 FA Premier League' league table,1371793527,C,matches research file part03b (see CHECKS.md)
1993-94,blackburn_rovers,Blackburn Rovers F.C.,2,no,Wikipedia '1993–94 FA Premier League' league table,1371793527,C,matches research file part03b (see CHECKS.md)
1993-94,newcastle_united,Newcastle United F.C.,3,no,Wikipedia '1993–94 FA Premier League' league table,1371793527,C,matches research file part03b (see CHECKS.md)
1993-94,arsenal,Arsenal F.C.,4,no,Wikipedia '1993–94 FA Premier League' league table,1371793527,C,matches research file part03b (see CHECKS.md)
1993-94,leeds_united,Leeds United F.C.,5,no,Wikipedia '1993–94 FA Premier League' league table,1371793527,C,matches research file part03b (see CHECKS.md)
1993-94,wimbledon_fc,Wimbledon F.C.,6,no,Wikipedia '1993–94 FA Premier League' league table,1371793527,C,matches research file part03b (see CHECKS.md)
1993-94,sheffield_wednesday,Sheffield Wednesday F.C.,7,no,Wikipedia '1993–94 FA Premier League' league table,1371793527,C,matches research file part03b (see CHECKS.md)
1993-94,liverpool,Liverpool F.C.,8,no,Wikipedia '1993–94 FA Premier League' league table,1371793527,C,matches research file part03b (see CHECKS.md)
1993-94,qpr,Queens Park Rangers F.C.,9,no,Wikipedia '1993–94 FA Premier League' league table,1371793527,C,matches research file part03b (see CHECKS.md)
1993-94,aston_villa,Aston Villa F.C.,10,no,Wikipedia '1993–94 FA Premier League' league table,1371793527,C,matches research file part03b (see CHECKS.md)
1993-94,coventry_city,Coventry City F.C.,11,no,Wikipedia '1993–94 FA Premier League' league table,1371793527,C,matches research file part03b (see CHECKS.md)
1993-94,norwich_city,Norwich City F.C.,12,no,Wikipedia '1993–94 FA Premier League' league table,1371793527,C,matches research file part03b (see CHECKS.md)
1993-94,west_ham,West Ham United F.C.,13,no,Wikipedia '1993–94 FA Premier League' league table,1371793527,C,matches research file part03b (see CHECKS.md)
1993-94,chelsea,Chelsea F.C.,14,no,Wikipedia '1993–94 FA Premier League' league table,1371793527,C,matches research file part03b (see CHECKS.md)
1993-94,tottenham_hotspur,Tottenham Hotspur F.C.,15,no,Wikipedia '1993–94 FA Premier League' league table,1371793527,C,matches research file part03b (see CHECKS.md)
1993-94,manchester_city,Manchester City F.C.,16,no,Wikipedia '1993–94 FA Premier League' league table,1371793527,C,matches research file part03b (see CHECKS.md)
1993-94,everton,Everton F.C.,17,no,Wikipedia '1993–94 FA Premier League' league table,1371793527,C,matches research file part03b (see CHECKS.md)
1993-94,southampton,Southampton F.C.,18,no,Wikipedia '1993–94 FA Premier League' league table,1371793527,C,matches research file part03b (see CHECKS.md)
1993-94,ipswich_town,Ipswich Town F.C.,19,no,Wikipedia '1993–94 FA Premier League' league table,1371793527,C,matches research file part03b (see CHECKS.md)
1993-94,sheffield_united,Sheffield United F.C.,20,yes,Wikipedia '1993–94 FA Premier League' league table,1371793527,C,matches research file part03b (see CHECKS.md)
1993-94,oldham_athletic,Oldham Athletic A.F.C.,21,yes,Wikipedia '1993–94 FA Premier League' league table,1371793527,C,matches research file part03b (see CHECKS.md)
1993-94,swindon_town,Swindon Town F.C.,22,yes,Wikipedia '1993–94 FA Premier League' league table,1371793527,C,matches research file part03b (see CHECKS.md)
1994-95,blackburn_rovers,Blackburn Rovers F.C.,1,no,Wikipedia '1994–95 FA Premier League' league table,1371793541,C,matches research file part03b (see CHECKS.md)
1994-95,manchester_united,Manchester United F.C.,2,no,Wikipedia '1994–95 FA Premier League' league table,1371793541,C,matches research file part03b (see CHECKS.md)
1994-95,nottingham_forest,Nottingham Forest F.C.,3,no,Wikipedia '1994–95 FA Premier League' league table,1371793541,C,matches research file part03b (see CHECKS.md)
1994-95,liverpool,Liverpool F.C.,4,no,Wikipedia '1994–95 FA Premier League' league table,1371793541,C,matches research file part03b (see CHECKS.md)
1994-95,leeds_united,Leeds United F.C.,5,no,Wikipedia '1994–95 FA Premier League' league table,1371793541,C,matches research file part03b (see CHECKS.md)
1994-95,newcastle_united,Newcastle United F.C.,6,no,Wikipedia '1994–95 FA Premier League' league table,1371793541,C,matches research file part03b (see CHECKS.md)
1994-95,tottenham_hotspur,Tottenham Hotspur F.C.,7,no,Wikipedia '1994–95 FA Premier League' league table,1371793541,C,matches research file part03b (see CHECKS.md)
1994-95,qpr,Queens Park Rangers F.C.,8,no,Wikipedia '1994–95 FA Premier League' league table,1371793541,C,matches research file part03b (see CHECKS.md)
1994-95,wimbledon_fc,Wimbledon F.C.,9,no,Wikipedia '1994–95 FA Premier League' league table,1371793541,C,matches research file part03b (see CHECKS.md)
1994-95,southampton,Southampton F.C.,10,no,Wikipedia '1994–95 FA Premier League' league table,1371793541,C,matches research file part03b (see CHECKS.md)
1994-95,chelsea,Chelsea F.C.,11,no,Wikipedia '1994–95 FA Premier League' league table,1371793541,C,matches research file part03b (see CHECKS.md)
1994-95,arsenal,Arsenal F.C.,12,no,Wikipedia '1994–95 FA Premier League' league table,1371793541,C,matches research file part03b (see CHECKS.md)
1994-95,sheffield_wednesday,Sheffield Wednesday F.C.,13,no,Wikipedia '1994–95 FA Premier League' league table,1371793541,C,matches research file part03b (see CHECKS.md)
1994-95,west_ham,West Ham United F.C.,14,no,Wikipedia '1994–95 FA Premier League' league table,1371793541,C,matches research file part03b (see CHECKS.md)
1994-95,everton,Everton F.C.,15,no,Wikipedia '1994–95 FA Premier League' league table,1371793541,C,matches research file part03b (see CHECKS.md)
1994-95,coventry_city,Coventry City F.C.,16,no,Wikipedia '1994–95 FA Premier League' league table,1371793541,C,matches research file part03b (see CHECKS.md)
1994-95,manchester_city,Manchester City F.C.,17,no,Wikipedia '1994–95 FA Premier League' league table,1371793541,C,matches research file part03b (see CHECKS.md)
1994-95,aston_villa,Aston Villa F.C.,18,no,Wikipedia '1994–95 FA Premier League' league table,1371793541,C,matches research file part03b (see CHECKS.md)
1994-95,crystal_palace,Crystal Palace F.C.,19,yes,Wikipedia '1994–95 FA Premier League' league table,1371793541,C,matches research file part03b (see CHECKS.md)
1994-95,norwich_city,Norwich City F.C.,20,yes,Wikipedia '1994–95 FA Premier League' league table,1371793541,C,matches research file part03b (see CHECKS.md)
1994-95,leicester_city,Leicester City F.C.,21,yes,Wikipedia '1994–95 FA Premier League' league table,1371793541,C,matches research file part03b (see CHECKS.md)
1994-95,ipswich_town,Ipswich Town F.C.,22,yes,Wikipedia '1994–95 FA Premier League' league table,1371793541,C,matches research file part03b (see CHECKS.md)
1995-96,manchester_united,Manchester United F.C.,1,no,Wikipedia '1995–96 FA Premier League' league table,1371813190,C,matches research file part03b (see CHECKS.md)
1995-96,newcastle_united,Newcastle United F.C.,2,no,Wikipedia '1995–96 FA Premier League' league table,1371813190,C,matches research file part03b (see CHECKS.md)
1995-96,liverpool,Liverpool F.C.,3,no,Wikipedia '1995–96 FA Premier League' league table,1371813190,C,matches research file part03b (see CHECKS.md)
1995-96,aston_villa,Aston Villa F.C.,4,no,Wikipedia '1995–96 FA Premier League' league table,1371813190,C,matches research file part03b (see CHECKS.md)
1995-96,arsenal,Arsenal F.C.,5,no,Wikipedia '1995–96 FA Premier League' league table,1371813190,C,matches research file part03b (see CHECKS.md)
1995-96,everton,Everton F.C.,6,no,Wikipedia '1995–96 FA Premier League' league table,1371813190,C,matches research file part03b (see CHECKS.md)
1995-96,blackburn_rovers,Blackburn Rovers F.C.,7,no,Wikipedia '1995–96 FA Premier League' league table,1371813190,C,matches research file part03b (see CHECKS.md)
1995-96,tottenham_hotspur,Tottenham Hotspur F.C.,8,no,Wikipedia '1995–96 FA Premier League' league table,1371813190,C,matches research file part03b (see CHECKS.md)
1995-96,nottingham_forest,Nottingham Forest F.C.,9,no,Wikipedia '1995–96 FA Premier League' league table,1371813190,C,matches research file part03b (see CHECKS.md)
1995-96,west_ham,West Ham United F.C.,10,no,Wikipedia '1995–96 FA Premier League' league table,1371813190,C,matches research file part03b (see CHECKS.md)
1995-96,chelsea,Chelsea F.C.,11,no,Wikipedia '1995–96 FA Premier League' league table,1371813190,C,matches research file part03b (see CHECKS.md)
1995-96,middlesbrough,Middlesbrough F.C.,12,no,Wikipedia '1995–96 FA Premier League' league table,1371813190,C,matches research file part03b (see CHECKS.md)
1995-96,leeds_united,Leeds United F.C.,13,no,Wikipedia '1995–96 FA Premier League' league table,1371813190,C,matches research file part03b (see CHECKS.md)
1995-96,wimbledon_fc,Wimbledon F.C.,14,no,Wikipedia '1995–96 FA Premier League' league table,1371813190,C,matches research file part03b (see CHECKS.md)
1995-96,sheffield_wednesday,Sheffield Wednesday F.C.,15,no,Wikipedia '1995–96 FA Premier League' league table,1371813190,C,matches research file part03b (see CHECKS.md)
1995-96,coventry_city,Coventry City F.C.,16,no,Wikipedia '1995–96 FA Premier League' league table,1371813190,C,matches research file part03b (see CHECKS.md)
1995-96,southampton,Southampton F.C.,17,no,Wikipedia '1995–96 FA Premier League' league table,1371813190,C,matches research file part03b (see CHECKS.md)
1995-96,manchester_city,Manchester City F.C.,18,yes,Wikipedia '1995–96 FA Premier League' league table,1371813190,C,matches research file part03b (see CHECKS.md)
1995-96,qpr,Queens Park Rangers F.C.,19,yes,Wikipedia '1995–96 FA Premier League' league table,1371813190,C,matches research file part03b (see CHECKS.md)
1995-96,bolton_wanderers,Bolton Wanderers F.C.,20,yes,Wikipedia '1995–96 FA Premier League' league table,1371813190,C,matches research file part03b (see CHECKS.md)
1996-97,manchester_united,Manchester United F.C.,1,no,Wikipedia '1996–97 FA Premier League' league table,1371812927,C,matches research file part03b (see CHECKS.md)
1996-97,newcastle_united,Newcastle United F.C.,2,no,Wikipedia '1996–97 FA Premier League' league table,1371812927,C,matches research file part03b (see CHECKS.md)
1996-97,arsenal,Arsenal F.C.,3,no,Wikipedia '1996–97 FA Premier League' league table,1371812927,C,matches research file part03b (see CHECKS.md)
1996-97,liverpool,Liverpool F.C.,4,no,Wikipedia '1996–97 FA Premier League' league table,1371812927,C,matches research file part03b (see CHECKS.md)
1996-97,aston_villa,Aston Villa F.C.,5,no,Wikipedia '1996–97 FA Premier League' league table,1371812927,C,matches research file part03b (see CHECKS.md)
1996-97,chelsea,Chelsea F.C.,6,no,Wikipedia '1996–97 FA Premier League' league table,1371812927,C,matches research file part03b (see CHECKS.md)
1996-97,sheffield_wednesday,Sheffield Wednesday F.C.,7,no,Wikipedia '1996–97 FA Premier League' league table,1371812927,C,matches research file part03b (see CHECKS.md)
1996-97,wimbledon_fc,Wimbledon F.C.,8,no,Wikipedia '1996–97 FA Premier League' league table,1371812927,C,matches research file part03b (see CHECKS.md)
1996-97,leicester_city,Leicester City F.C.,9,no,Wikipedia '1996–97 FA Premier League' league table,1371812927,C,matches research file part03b (see CHECKS.md)
1996-97,tottenham_hotspur,Tottenham Hotspur F.C.,10,no,Wikipedia '1996–97 FA Premier League' league table,1371812927,C,matches research file part03b (see CHECKS.md)
1996-97,leeds_united,Leeds United F.C.,11,no,Wikipedia '1996–97 FA Premier League' league table,1371812927,C,matches research file part03b (see CHECKS.md)
1996-97,derby_county,Derby County F.C.,12,no,Wikipedia '1996–97 FA Premier League' league table,1371812927,C,matches research file part03b (see CHECKS.md)
1996-97,blackburn_rovers,Blackburn Rovers F.C.,13,no,Wikipedia '1996–97 FA Premier League' league table,1371812927,C,matches research file part03b (see CHECKS.md)
1996-97,west_ham,West Ham United F.C.,14,no,Wikipedia '1996–97 FA Premier League' league table,1371812927,C,matches research file part03b (see CHECKS.md)
1996-97,everton,Everton F.C.,15,no,Wikipedia '1996–97 FA Premier League' league table,1371812927,C,matches research file part03b (see CHECKS.md)
1996-97,southampton,Southampton F.C.,16,no,Wikipedia '1996–97 FA Premier League' league table,1371812927,C,matches research file part03b (see CHECKS.md)
1996-97,coventry_city,Coventry City F.C.,17,no,Wikipedia '1996–97 FA Premier League' league table,1371812927,C,matches research file part03b (see CHECKS.md)
1996-97,sunderland,Sunderland A.F.C.,18,yes,Wikipedia '1996–97 FA Premier League' league table,1371812927,C,matches research file part03b (see CHECKS.md)
1996-97,middlesbrough,Middlesbrough F.C.,19,yes,Wikipedia '1996–97 FA Premier League' league table,1371812927,C,matches research file part03b (see CHECKS.md)
1996-97,nottingham_forest,Nottingham Forest F.C.,20,yes,Wikipedia '1996–97 FA Premier League' league table,1371812927,C,matches research file part03b (see CHECKS.md)
1997-98,arsenal,Arsenal F.C.,1,no,Wikipedia '1997–98 FA Premier League' league table,1371973163,C,matches research file part03b (see CHECKS.md)
1997-98,manchester_united,Manchester United F.C.,2,no,Wikipedia '1997–98 FA Premier League' league table,1371973163,C,matches research file part03b (see CHECKS.md)
1997-98,liverpool,Liverpool F.C.,3,no,Wikipedia '1997–98 FA Premier League' league table,1371973163,C,matches research file part03b (see CHECKS.md)
1997-98,chelsea,Chelsea F.C.,4,no,Wikipedia '1997–98 FA Premier League' league table,1371973163,C,matches research file part03b (see CHECKS.md)
1997-98,leeds_united,Leeds United F.C.,5,no,Wikipedia '1997–98 FA Premier League' league table,1371973163,C,matches research file part03b (see CHECKS.md)
1997-98,blackburn_rovers,Blackburn Rovers F.C.,6,no,Wikipedia '1997–98 FA Premier League' league table,1371973163,C,matches research file part03b (see CHECKS.md)
1997-98,aston_villa,Aston Villa F.C.,7,no,Wikipedia '1997–98 FA Premier League' league table,1371973163,C,matches research file part03b (see CHECKS.md)
1997-98,west_ham,West Ham United F.C.,8,no,Wikipedia '1997–98 FA Premier League' league table,1371973163,C,matches research file part03b (see CHECKS.md)
1997-98,derby_county,Derby County F.C.,9,no,Wikipedia '1997–98 FA Premier League' league table,1371973163,C,matches research file part03b (see CHECKS.md)
1997-98,leicester_city,Leicester City F.C.,10,no,Wikipedia '1997–98 FA Premier League' league table,1371973163,C,matches research file part03b (see CHECKS.md)
1997-98,coventry_city,Coventry City F.C.,11,no,Wikipedia '1997–98 FA Premier League' league table,1371973163,C,matches research file part03b (see CHECKS.md)
1997-98,southampton,Southampton F.C.,12,no,Wikipedia '1997–98 FA Premier League' league table,1371973163,C,matches research file part03b (see CHECKS.md)
1997-98,newcastle_united,Newcastle United F.C.,13,no,Wikipedia '1997–98 FA Premier League' league table,1371973163,C,matches research file part03b (see CHECKS.md)
1997-98,tottenham_hotspur,Tottenham Hotspur F.C.,14,no,Wikipedia '1997–98 FA Premier League' league table,1371973163,C,matches research file part03b (see CHECKS.md)
1997-98,wimbledon_fc,Wimbledon F.C.,15,no,Wikipedia '1997–98 FA Premier League' league table,1371973163,C,matches research file part03b (see CHECKS.md)
1997-98,sheffield_wednesday,Sheffield Wednesday F.C.,16,no,Wikipedia '1997–98 FA Premier League' league table,1371973163,C,matches research file part03b (see CHECKS.md)
1997-98,everton,Everton F.C.,17,no,Wikipedia '1997–98 FA Premier League' league table,1371973163,C,matches research file part03b (see CHECKS.md)
1997-98,bolton_wanderers,Bolton Wanderers F.C.,18,yes,Wikipedia '1997–98 FA Premier League' league table,1371973163,C,matches research file part03b (see CHECKS.md)
1997-98,barnsley,Barnsley F.C.,19,yes,Wikipedia '1997–98 FA Premier League' league table,1371973163,C,matches research file part03b (see CHECKS.md)
1997-98,crystal_palace,Crystal Palace F.C.,20,yes,Wikipedia '1997–98 FA Premier League' league table,1371973163,C,matches research file part03b (see CHECKS.md)
1998-99,manchester_united,Manchester United F.C.,1,no,Wikipedia '1998–99 FA Premier League' league table,1371813002,C,matches research file part03b (see CHECKS.md)
1998-99,arsenal,Arsenal F.C.,2,no,Wikipedia '1998–99 FA Premier League' league table,1371813002,C,matches research file part03b (see CHECKS.md)
1998-99,chelsea,Chelsea F.C.,3,no,Wikipedia '1998–99 FA Premier League' league table,1371813002,C,matches research file part03b (see CHECKS.md)
1998-99,leeds_united,Leeds United F.C.,4,no,Wikipedia '1998–99 FA Premier League' league table,1371813002,C,matches research file part03b (see CHECKS.md)
1998-99,west_ham,West Ham United F.C.,5,no,Wikipedia '1998–99 FA Premier League' league table,1371813002,C,matches research file part03b (see CHECKS.md)
1998-99,aston_villa,Aston Villa F.C.,6,no,Wikipedia '1998–99 FA Premier League' league table,1371813002,C,matches research file part03b (see CHECKS.md)
1998-99,liverpool,Liverpool F.C.,7,no,Wikipedia '1998–99 FA Premier League' league table,1371813002,C,matches research file part03b (see CHECKS.md)
1998-99,derby_county,Derby County F.C.,8,no,Wikipedia '1998–99 FA Premier League' league table,1371813002,C,matches research file part03b (see CHECKS.md)
1998-99,middlesbrough,Middlesbrough F.C.,9,no,Wikipedia '1998–99 FA Premier League' league table,1371813002,C,matches research file part03b (see CHECKS.md)
1998-99,leicester_city,Leicester City F.C.,10,no,Wikipedia '1998–99 FA Premier League' league table,1371813002,C,matches research file part03b (see CHECKS.md)
1998-99,tottenham_hotspur,Tottenham Hotspur F.C.,11,no,Wikipedia '1998–99 FA Premier League' league table,1371813002,C,matches research file part03b (see CHECKS.md)
1998-99,sheffield_wednesday,Sheffield Wednesday F.C.,12,no,Wikipedia '1998–99 FA Premier League' league table,1371813002,C,matches research file part03b (see CHECKS.md)
1998-99,newcastle_united,Newcastle United F.C.,13,no,Wikipedia '1998–99 FA Premier League' league table,1371813002,C,matches research file part03b (see CHECKS.md)
1998-99,everton,Everton F.C.,14,no,Wikipedia '1998–99 FA Premier League' league table,1371813002,C,matches research file part03b (see CHECKS.md)
1998-99,coventry_city,Coventry City F.C.,15,no,Wikipedia '1998–99 FA Premier League' league table,1371813002,C,matches research file part03b (see CHECKS.md)
1998-99,wimbledon_fc,Wimbledon F.C.,16,no,Wikipedia '1998–99 FA Premier League' league table,1371813002,C,matches research file part03b (see CHECKS.md)
1998-99,southampton,Southampton F.C.,17,no,Wikipedia '1998–99 FA Premier League' league table,1371813002,C,matches research file part03b (see CHECKS.md)
1998-99,charlton_athletic,Charlton Athletic F.C.,18,yes,Wikipedia '1998–99 FA Premier League' league table,1371813002,C,matches research file part03b (see CHECKS.md)
1998-99,blackburn_rovers,Blackburn Rovers F.C.,19,yes,Wikipedia '1998–99 FA Premier League' league table,1371813002,C,matches research file part03b (see CHECKS.md)
1998-99,nottingham_forest,Nottingham Forest F.C.,20,yes,Wikipedia '1998–99 FA Premier League' league table,1371813002,C,matches research file part03b (see CHECKS.md)
1999-00,manchester_united,Manchester United F.C.,1,no,Wikipedia '1999–2000 FA Premier League' league table,1373401087,C,matches research file part03b (see CHECKS.md)
1999-00,arsenal,Arsenal F.C.,2,no,Wikipedia '1999–2000 FA Premier League' league table,1373401087,C,matches research file part03b (see CHECKS.md)
1999-00,leeds_united,Leeds United F.C.,3,no,Wikipedia '1999–2000 FA Premier League' league table,1373401087,C,matches research file part03b (see CHECKS.md)
1999-00,liverpool,Liverpool F.C.,4,no,Wikipedia '1999–2000 FA Premier League' league table,1373401087,C,matches research file part03b (see CHECKS.md)
1999-00,chelsea,Chelsea F.C.,5,no,Wikipedia '1999–2000 FA Premier League' league table,1373401087,C,matches research file part03b (see CHECKS.md)
1999-00,aston_villa,Aston Villa,6,no,Wikipedia '1999–2000 FA Premier League' league table,1373401087,C,matches research file part03b (see CHECKS.md)
1999-00,sunderland,Sunderland A.F.C.,7,no,Wikipedia '1999–2000 FA Premier League' league table,1373401087,C,matches research file part03b (see CHECKS.md)
1999-00,leicester_city,Leicester City F.C.,8,no,Wikipedia '1999–2000 FA Premier League' league table,1373401087,C,matches research file part03b (see CHECKS.md)
1999-00,west_ham,West Ham United F.C.,9,no,Wikipedia '1999–2000 FA Premier League' league table,1373401087,C,matches research file part03b (see CHECKS.md)
1999-00,tottenham_hotspur,Tottenham Hotspur F.C.,10,no,Wikipedia '1999–2000 FA Premier League' league table,1373401087,C,matches research file part03b (see CHECKS.md)
1999-00,newcastle_united,Newcastle United F.C.,11,no,Wikipedia '1999–2000 FA Premier League' league table,1373401087,C,matches research file part03b (see CHECKS.md)
1999-00,middlesbrough,Middlesbrough F.C.,12,no,Wikipedia '1999–2000 FA Premier League' league table,1373401087,C,matches research file part03b (see CHECKS.md)
1999-00,everton,Everton F.C.,13,no,Wikipedia '1999–2000 FA Premier League' league table,1373401087,C,matches research file part03b (see CHECKS.md)
1999-00,coventry_city,Coventry City F.C.,14,no,Wikipedia '1999–2000 FA Premier League' league table,1373401087,C,matches research file part03b (see CHECKS.md)
1999-00,southampton,Southampton F.C.,15,no,Wikipedia '1999–2000 FA Premier League' league table,1373401087,C,matches research file part03b (see CHECKS.md)
1999-00,derby_county,Derby County F.C.,16,no,Wikipedia '1999–2000 FA Premier League' league table,1373401087,C,matches research file part03b (see CHECKS.md)
1999-00,bradford_city,Bradford City A.F.C.,17,no,Wikipedia '1999–2000 FA Premier League' league table,1373401087,C,matches research file part03b (see CHECKS.md)
1999-00,wimbledon_fc,Wimbledon F.C.,18,yes,Wikipedia '1999–2000 FA Premier League' league table,1373401087,C,matches research file part03b (see CHECKS.md)
1999-00,sheffield_wednesday,Sheffield Wednesday F.C.,19,yes,Wikipedia '1999–2000 FA Premier League' league table,1373401087,C,matches research file part03b (see CHECKS.md)
1999-00,watford,Watford F.C.,20,yes,Wikipedia '1999–2000 FA Premier League' league table,1373401087,C,matches research file part03b (see CHECKS.md)
2000-01,manchester_united,Manchester United F.C.,1,no,Wikipedia '2000–01 FA Premier League' league table,1371813087,C,matches research file part03b (see CHECKS.md)
2000-01,arsenal,Arsenal F.C.,2,no,Wikipedia '2000–01 FA Premier League' league table,1371813087,C,matches research file part03b (see CHECKS.md)
2000-01,liverpool,Liverpool F.C.,3,no,Wikipedia '2000–01 FA Premier League' league table,1371813087,C,matches research file part03b (see CHECKS.md)
2000-01,leeds_united,Leeds United F.C.,4,no,Wikipedia '2000–01 FA Premier League' league table,1371813087,C,matches research file part03b (see CHECKS.md)
2000-01,ipswich_town,Ipswich Town F.C.,5,no,Wikipedia '2000–01 FA Premier League' league table,1371813087,C,matches research file part03b (see CHECKS.md)
2000-01,chelsea,Chelsea F.C.,6,no,Wikipedia '2000–01 FA Premier League' league table,1371813087,C,matches research file part03b (see CHECKS.md)
2000-01,sunderland,Sunderland A.F.C.,7,no,Wikipedia '2000–01 FA Premier League' league table,1371813087,C,matches research file part03b (see CHECKS.md)
2000-01,aston_villa,Aston Villa F.C.,8,no,Wikipedia '2000–01 FA Premier League' league table,1371813087,C,matches research file part03b (see CHECKS.md)
2000-01,charlton_athletic,Charlton Athletic F.C.,9,no,Wikipedia '2000–01 FA Premier League' league table,1371813087,C,matches research file part03b (see CHECKS.md)
2000-01,southampton,Southampton F.C.,10,no,Wikipedia '2000–01 FA Premier League' league table,1371813087,C,matches research file part03b (see CHECKS.md)
2000-01,newcastle_united,Newcastle United F.C.,11,no,Wikipedia '2000–01 FA Premier League' league table,1371813087,C,matches research file part03b (see CHECKS.md)
2000-01,tottenham_hotspur,Tottenham Hotspur F.C.,12,no,Wikipedia '2000–01 FA Premier League' league table,1371813087,C,matches research file part03b (see CHECKS.md)
2000-01,leicester_city,Leicester City F.C.,13,no,Wikipedia '2000–01 FA Premier League' league table,1371813087,C,matches research file part03b (see CHECKS.md)
2000-01,middlesbrough,Middlesbrough F.C.,14,no,Wikipedia '2000–01 FA Premier League' league table,1371813087,C,matches research file part03b (see CHECKS.md)
2000-01,west_ham,West Ham United F.C.,15,no,Wikipedia '2000–01 FA Premier League' league table,1371813087,C,matches research file part03b (see CHECKS.md)
2000-01,everton,Everton F.C.,16,no,Wikipedia '2000–01 FA Premier League' league table,1371813087,C,matches research file part03b (see CHECKS.md)
2000-01,derby_county,Derby County F.C.,17,no,Wikipedia '2000–01 FA Premier League' league table,1371813087,C,matches research file part03b (see CHECKS.md)
2000-01,manchester_city,Manchester City F.C.,18,yes,Wikipedia '2000–01 FA Premier League' league table,1371813087,C,matches research file part03b (see CHECKS.md)
2000-01,coventry_city,Coventry City F.C.,19,yes,Wikipedia '2000–01 FA Premier League' league table,1371813087,C,matches research file part03b (see CHECKS.md)
2000-01,bradford_city,Bradford City A.F.C.,20,yes,Wikipedia '2000–01 FA Premier League' league table,1371813087,C,matches research file part03b (see CHECKS.md)
2001-02,arsenal,Arsenal F.C.,1,no,Wikipedia '2001–02 FA Premier League' league table,1377477843,C,matches research file part03b (see CHECKS.md)
2001-02,liverpool,Liverpool F.C.,2,no,Wikipedia '2001–02 FA Premier League' league table,1377477843,C,matches research file part03b (see CHECKS.md)
2001-02,manchester_united,Manchester United F.C.,3,no,Wikipedia '2001–02 FA Premier League' league table,1377477843,C,matches research file part03b (see CHECKS.md)
2001-02,newcastle_united,Newcastle United F.C.,4,no,Wikipedia '2001–02 FA Premier League' league table,1377477843,C,matches research file part03b (see CHECKS.md)
2001-02,leeds_united,Leeds United F.C.,5,no,Wikipedia '2001–02 FA Premier League' league table,1377477843,C,matches research file part03b (see CHECKS.md)
2001-02,chelsea,Chelsea F.C.,6,no,Wikipedia '2001–02 FA Premier League' league table,1377477843,C,matches research file part03b (see CHECKS.md)
2001-02,west_ham,West Ham United F.C.,7,no,Wikipedia '2001–02 FA Premier League' league table,1377477843,C,matches research file part03b (see CHECKS.md)
2001-02,aston_villa,Aston Villa F.C.,8,no,Wikipedia '2001–02 FA Premier League' league table,1377477843,C,matches research file part03b (see CHECKS.md)
2001-02,tottenham_hotspur,Tottenham Hotspur F.C.,9,no,Wikipedia '2001–02 FA Premier League' league table,1377477843,C,matches research file part03b (see CHECKS.md)
2001-02,blackburn_rovers,Blackburn Rovers F.C.,10,no,Wikipedia '2001–02 FA Premier League' league table,1377477843,C,matches research file part03b (see CHECKS.md)
2001-02,southampton,Southampton F.C.,11,no,Wikipedia '2001–02 FA Premier League' league table,1377477843,C,matches research file part03b (see CHECKS.md)
2001-02,middlesbrough,Middlesbrough F.C.,12,no,Wikipedia '2001–02 FA Premier League' league table,1377477843,C,matches research file part03b (see CHECKS.md)
2001-02,fulham,Fulham F.C.,13,no,Wikipedia '2001–02 FA Premier League' league table,1377477843,C,matches research file part03b (see CHECKS.md)
2001-02,charlton_athletic,Charlton Athletic F.C.,14,no,Wikipedia '2001–02 FA Premier League' league table,1377477843,C,matches research file part03b (see CHECKS.md)
2001-02,everton,Everton F.C.,15,no,Wikipedia '2001–02 FA Premier League' league table,1377477843,C,matches research file part03b (see CHECKS.md)
2001-02,bolton_wanderers,Bolton Wanderers F.C.,16,no,Wikipedia '2001–02 FA Premier League' league table,1377477843,C,matches research file part03b (see CHECKS.md)
2001-02,sunderland,Sunderland A.F.C.,17,no,Wikipedia '2001–02 FA Premier League' league table,1377477843,C,matches research file part03b (see CHECKS.md)
2001-02,ipswich_town,Ipswich Town F.C.,18,yes,Wikipedia '2001–02 FA Premier League' league table,1377477843,C,matches research file part03b (see CHECKS.md)
2001-02,derby_county,Derby County F.C.,19,yes,Wikipedia '2001–02 FA Premier League' league table,1377477843,C,matches research file part03b (see CHECKS.md)
2001-02,leicester_city,Leicester City F.C.,20,yes,Wikipedia '2001–02 FA Premier League' league table,1377477843,C,matches research file part03b (see CHECKS.md)
2002-03,manchester_united,Manchester United F.C.,1,no,Wikipedia '2002–03 FA Premier League' league table,1377477229,C,matches research file part03b (see CHECKS.md)
2002-03,arsenal,Arsenal F.C.,2,no,Wikipedia '2002–03 FA Premier League' league table,1377477229,C,matches research file part03b (see CHECKS.md)
2002-03,newcastle_united,Newcastle United F.C.,3,no,Wikipedia '2002–03 FA Premier League' league table,1377477229,C,matches research file part03b (see CHECKS.md)
2002-03,chelsea,Chelsea F.C.,4,no,Wikipedia '2002–03 FA Premier League' league table,1377477229,C,matches research file part03b (see CHECKS.md)
2002-03,liverpool,Liverpool F.C.,5,no,Wikipedia '2002–03 FA Premier League' league table,1377477229,C,matches research file part03b (see CHECKS.md)
2002-03,blackburn_rovers,Blackburn Rovers F.C.,6,no,Wikipedia '2002–03 FA Premier League' league table,1377477229,C,matches research file part03b (see CHECKS.md)
2002-03,everton,Everton F.C.,7,no,Wikipedia '2002–03 FA Premier League' league table,1377477229,C,matches research file part03b (see CHECKS.md)
2002-03,southampton,Southampton F.C.,8,no,Wikipedia '2002–03 FA Premier League' league table,1377477229,C,matches research file part03b (see CHECKS.md)
2002-03,manchester_city,Manchester City F.C.,9,no,Wikipedia '2002–03 FA Premier League' league table,1377477229,C,matches research file part03b (see CHECKS.md)
2002-03,tottenham_hotspur,Tottenham Hotspur F.C.,10,no,Wikipedia '2002–03 FA Premier League' league table,1377477229,C,matches research file part03b (see CHECKS.md)
2002-03,middlesbrough,Middlesbrough F.C.,11,no,Wikipedia '2002–03 FA Premier League' league table,1377477229,C,matches research file part03b (see CHECKS.md)
2002-03,charlton_athletic,Charlton Athletic F.C.,12,no,Wikipedia '2002–03 FA Premier League' league table,1377477229,C,matches research file part03b (see CHECKS.md)
2002-03,birmingham_city,Birmingham City F.C.,13,no,Wikipedia '2002–03 FA Premier League' league table,1377477229,C,matches research file part03b (see CHECKS.md)
2002-03,fulham,Fulham F.C.,14,no,Wikipedia '2002–03 FA Premier League' league table,1377477229,C,matches research file part03b (see CHECKS.md)
2002-03,leeds_united,Leeds United F.C.,15,no,Wikipedia '2002–03 FA Premier League' league table,1377477229,C,matches research file part03b (see CHECKS.md)
2002-03,aston_villa,Aston Villa F.C.,16,no,Wikipedia '2002–03 FA Premier League' league table,1377477229,C,matches research file part03b (see CHECKS.md)
2002-03,bolton_wanderers,Bolton Wanderers F.C.,17,no,Wikipedia '2002–03 FA Premier League' league table,1377477229,C,matches research file part03b (see CHECKS.md)
2002-03,west_ham,West Ham United F.C.,18,yes,Wikipedia '2002–03 FA Premier League' league table,1377477229,C,matches research file part03b (see CHECKS.md)
2002-03,west_brom,West Bromwich Albion F.C.,19,yes,Wikipedia '2002–03 FA Premier League' league table,1377477229,C,matches research file part03b (see CHECKS.md)
2002-03,sunderland,Sunderland A.F.C.,20,yes,Wikipedia '2002–03 FA Premier League' league table,1377477229,C,matches research file part03b (see CHECKS.md)
2003-04,arsenal,Arsenal F.C.,1,no,Wikipedia '2003–04 FA Premier League' league table,1377475949,C,matches research file part03b (see CHECKS.md)
2003-04,chelsea,Chelsea F.C.,2,no,Wikipedia '2003–04 FA Premier League' league table,1377475949,C,matches research file part03b (see CHECKS.md)
2003-04,manchester_united,Manchester United F.C.,3,no,Wikipedia '2003–04 FA Premier League' league table,1377475949,C,matches research file part03b (see CHECKS.md)
2003-04,liverpool,Liverpool F.C.,4,no,Wikipedia '2003–04 FA Premier League' league table,1377475949,C,matches research file part03b (see CHECKS.md)
2003-04,newcastle_united,Newcastle United F.C.,5,no,Wikipedia '2003–04 FA Premier League' league table,1377475949,C,matches research file part03b (see CHECKS.md)
2003-04,aston_villa,Aston Villa F.C.,6,no,Wikipedia '2003–04 FA Premier League' league table,1377475949,C,matches research file part03b (see CHECKS.md)
2003-04,charlton_athletic,Charlton Athletic F.C.,7,no,Wikipedia '2003–04 FA Premier League' league table,1377475949,C,matches research file part03b (see CHECKS.md)
2003-04,bolton_wanderers,Bolton Wanderers F.C.,8,no,Wikipedia '2003–04 FA Premier League' league table,1377475949,C,matches research file part03b (see CHECKS.md)
2003-04,fulham,Fulham F.C.,9,no,Wikipedia '2003–04 FA Premier League' league table,1377475949,C,matches research file part03b (see CHECKS.md)
2003-04,birmingham_city,Birmingham City F.C.,10,no,Wikipedia '2003–04 FA Premier League' league table,1377475949,C,matches research file part03b (see CHECKS.md)
2003-04,middlesbrough,Middlesbrough F.C.,11,no,Wikipedia '2003–04 FA Premier League' league table,1377475949,C,matches research file part03b (see CHECKS.md)
2003-04,southampton,Southampton F.C.,12,no,Wikipedia '2003–04 FA Premier League' league table,1377475949,C,matches research file part03b (see CHECKS.md)
2003-04,portsmouth,Portsmouth F.C.,13,no,Wikipedia '2003–04 FA Premier League' league table,1377475949,C,matches research file part03b (see CHECKS.md)
2003-04,tottenham_hotspur,Tottenham Hotspur F.C.,14,no,Wikipedia '2003–04 FA Premier League' league table,1377475949,C,matches research file part03b (see CHECKS.md)
2003-04,blackburn_rovers,Blackburn Rovers F.C.,15,no,Wikipedia '2003–04 FA Premier League' league table,1377475949,C,matches research file part03b (see CHECKS.md)
2003-04,manchester_city,Manchester City F.C.,16,no,Wikipedia '2003–04 FA Premier League' league table,1377475949,C,matches research file part03b (see CHECKS.md)
2003-04,everton,Everton F.C.,17,no,Wikipedia '2003–04 FA Premier League' league table,1377475949,C,matches research file part03b (see CHECKS.md)
2003-04,leicester_city,Leicester City F.C.,18,yes,Wikipedia '2003–04 FA Premier League' league table,1377475949,C,matches research file part03b (see CHECKS.md)
2003-04,leeds_united,Leeds United F.C.,19,yes,Wikipedia '2003–04 FA Premier League' league table,1377475949,C,matches research file part03b (see CHECKS.md)
2003-04,wolves,Wolverhampton Wanderers F.C.,20,yes,Wikipedia '2003–04 FA Premier League' league table,1377475949,C,matches research file part03b (see CHECKS.md)
2004-05,chelsea,Chelsea F.C.,1,no,Wikipedia '2004–05 FA Premier League' league table,1377460135,C,matches research file part03b (see CHECKS.md)
2004-05,arsenal,Arsenal F.C.,2,no,Wikipedia '2004–05 FA Premier League' league table,1377460135,C,matches research file part03b (see CHECKS.md)
2004-05,manchester_united,Manchester United F.C.,3,no,Wikipedia '2004–05 FA Premier League' league table,1377460135,C,matches research file part03b (see CHECKS.md)
2004-05,everton,Everton F.C.,4,no,Wikipedia '2004–05 FA Premier League' league table,1377460135,C,matches research file part03b (see CHECKS.md)
2004-05,liverpool,Liverpool F.C.,5,no,Wikipedia '2004–05 FA Premier League' league table,1377460135,C,matches research file part03b (see CHECKS.md)
2004-05,bolton_wanderers,Bolton Wanderers F.C.,6,no,Wikipedia '2004–05 FA Premier League' league table,1377460135,C,matches research file part03b (see CHECKS.md)
2004-05,middlesbrough,Middlesbrough F.C.,7,no,Wikipedia '2004–05 FA Premier League' league table,1377460135,C,matches research file part03b (see CHECKS.md)
2004-05,manchester_city,Manchester City F.C.,8,no,Wikipedia '2004–05 FA Premier League' league table,1377460135,C,matches research file part03b (see CHECKS.md)
2004-05,tottenham_hotspur,Tottenham Hotspur F.C.,9,no,Wikipedia '2004–05 FA Premier League' league table,1377460135,C,matches research file part03b (see CHECKS.md)
2004-05,aston_villa,Aston Villa F.C.,10,no,Wikipedia '2004–05 FA Premier League' league table,1377460135,C,matches research file part03b (see CHECKS.md)
2004-05,charlton_athletic,Charlton Athletic F.C.,11,no,Wikipedia '2004–05 FA Premier League' league table,1377460135,C,matches research file part03b (see CHECKS.md)
2004-05,birmingham_city,Birmingham City F.C.,12,no,Wikipedia '2004–05 FA Premier League' league table,1377460135,C,matches research file part03b (see CHECKS.md)
2004-05,fulham,Fulham F.C.,13,no,Wikipedia '2004–05 FA Premier League' league table,1377460135,C,matches research file part03b (see CHECKS.md)
2004-05,newcastle_united,Newcastle United F.C.,14,no,Wikipedia '2004–05 FA Premier League' league table,1377460135,C,matches research file part03b (see CHECKS.md)
2004-05,blackburn_rovers,Blackburn Rovers F.C.,15,no,Wikipedia '2004–05 FA Premier League' league table,1377460135,C,matches research file part03b (see CHECKS.md)
2004-05,portsmouth,Portsmouth F.C.,16,no,Wikipedia '2004–05 FA Premier League' league table,1377460135,C,matches research file part03b (see CHECKS.md)
2004-05,west_brom,West Bromwich Albion F.C.,17,no,Wikipedia '2004–05 FA Premier League' league table,1377460135,C,matches research file part03b (see CHECKS.md)
2004-05,crystal_palace,Crystal Palace F.C.,18,yes,Wikipedia '2004–05 FA Premier League' league table,1377460135,C,matches research file part03b (see CHECKS.md)
2004-05,norwich_city,Norwich City F.C.,19,yes,Wikipedia '2004–05 FA Premier League' league table,1377460135,C,matches research file part03b (see CHECKS.md)
2004-05,southampton,Southampton F.C.,20,yes,Wikipedia '2004–05 FA Premier League' league table,1377460135,C,matches research file part03b (see CHECKS.md)
2005-06,chelsea,Chelsea F.C.,1,no,Wikipedia '2005–06 FA Premier League' league table,1378809483,C,matches research file part03b (see CHECKS.md)
2005-06,manchester_united,Manchester United F.C.,2,no,Wikipedia '2005–06 FA Premier League' league table,1378809483,C,matches research file part03b (see CHECKS.md)
2005-06,liverpool,Liverpool F.C.,3,no,Wikipedia '2005–06 FA Premier League' league table,1378809483,C,matches research file part03b (see CHECKS.md)
2005-06,arsenal,Arsenal F.C.,4,no,Wikipedia '2005–06 FA Premier League' league table,1378809483,C,matches research file part03b (see CHECKS.md)
2005-06,tottenham_hotspur,Tottenham Hotspur F.C.,5,no,Wikipedia '2005–06 FA Premier League' league table,1378809483,C,matches research file part03b (see CHECKS.md)
2005-06,blackburn_rovers,Blackburn Rovers F.C.,6,no,Wikipedia '2005–06 FA Premier League' league table,1378809483,C,matches research file part03b (see CHECKS.md)
2005-06,newcastle_united,Newcastle United F.C.,7,no,Wikipedia '2005–06 FA Premier League' league table,1378809483,C,matches research file part03b (see CHECKS.md)
2005-06,bolton_wanderers,Bolton Wanderers F.C.,8,no,Wikipedia '2005–06 FA Premier League' league table,1378809483,C,matches research file part03b (see CHECKS.md)
2005-06,west_ham,West Ham United F.C.,9,no,Wikipedia '2005–06 FA Premier League' league table,1378809483,C,matches research file part03b (see CHECKS.md)
2005-06,wigan_athletic,Wigan Athletic F.C.,10,no,Wikipedia '2005–06 FA Premier League' league table,1378809483,C,matches research file part03b (see CHECKS.md)
2005-06,everton,Everton F.C.,11,no,Wikipedia '2005–06 FA Premier League' league table,1378809483,C,matches research file part03b (see CHECKS.md)
2005-06,fulham,Fulham F.C.,12,no,Wikipedia '2005–06 FA Premier League' league table,1378809483,C,matches research file part03b (see CHECKS.md)
2005-06,charlton_athletic,Charlton Athletic F.C.,13,no,Wikipedia '2005–06 FA Premier League' league table,1378809483,C,matches research file part03b (see CHECKS.md)
2005-06,middlesbrough,Middlesbrough F.C.,14,no,Wikipedia '2005–06 FA Premier League' league table,1378809483,C,matches research file part03b (see CHECKS.md)
2005-06,manchester_city,Manchester City F.C.,15,no,Wikipedia '2005–06 FA Premier League' league table,1378809483,C,matches research file part03b (see CHECKS.md)
2005-06,aston_villa,Aston Villa F.C.,16,no,Wikipedia '2005–06 FA Premier League' league table,1378809483,C,matches research file part03b (see CHECKS.md)
2005-06,portsmouth,Portsmouth F.C.,17,no,Wikipedia '2005–06 FA Premier League' league table,1378809483,C,matches research file part03b (see CHECKS.md)
2005-06,birmingham_city,Birmingham City F.C.,18,yes,Wikipedia '2005–06 FA Premier League' league table,1378809483,C,matches research file part03b (see CHECKS.md)
2005-06,west_brom,West Bromwich Albion F.C.,19,yes,Wikipedia '2005–06 FA Premier League' league table,1378809483,C,matches research file part03b (see CHECKS.md)
2005-06,sunderland,Sunderland A.F.C.,20,yes,Wikipedia '2005–06 FA Premier League' league table,1378809483,C,matches research file part03b (see CHECKS.md)
2006-07,manchester_united,Manchester United F.C.,1,no,Wikipedia '2006–07 FA Premier League' league table,1377459064,C,matches research file part03b (see CHECKS.md)
2006-07,chelsea,Chelsea F.C.,2,no,Wikipedia '2006–07 FA Premier League' league table,1377459064,C,matches research file part03b (see CHECKS.md)
2006-07,liverpool,Liverpool F.C.,3,no,Wikipedia '2006–07 FA Premier League' league table,1377459064,C,matches research file part03b (see CHECKS.md)
2006-07,arsenal,Arsenal F.C.,4,no,Wikipedia '2006–07 FA Premier League' league table,1377459064,C,matches research file part03b (see CHECKS.md)
2006-07,tottenham_hotspur,Tottenham Hotspur F.C.,5,no,Wikipedia '2006–07 FA Premier League' league table,1377459064,C,matches research file part03b (see CHECKS.md)
2006-07,everton,Everton F.C.,6,no,Wikipedia '2006–07 FA Premier League' league table,1377459064,C,matches research file part03b (see CHECKS.md)
2006-07,bolton_wanderers,Bolton Wanderers F.C.,7,no,Wikipedia '2006–07 FA Premier League' league table,1377459064,C,matches research file part03b (see CHECKS.md)
2006-07,reading,Reading F.C.,8,no,Wikipedia '2006–07 FA Premier League' league table,1377459064,C,matches research file part03b (see CHECKS.md)
2006-07,portsmouth,Portsmouth F.C.,9,no,Wikipedia '2006–07 FA Premier League' league table,1377459064,C,matches research file part03b (see CHECKS.md)
2006-07,blackburn_rovers,Blackburn Rovers F.C.,10,no,Wikipedia '2006–07 FA Premier League' league table,1377459064,C,matches research file part03b (see CHECKS.md)
2006-07,aston_villa,Aston Villa F.C.,11,no,Wikipedia '2006–07 FA Premier League' league table,1377459064,C,matches research file part03b (see CHECKS.md)
2006-07,middlesbrough,Middlesbrough F.C.,12,no,Wikipedia '2006–07 FA Premier League' league table,1377459064,C,matches research file part03b (see CHECKS.md)
2006-07,newcastle_united,Newcastle United F.C.,13,no,Wikipedia '2006–07 FA Premier League' league table,1377459064,C,matches research file part03b (see CHECKS.md)
2006-07,manchester_city,Manchester City F.C.,14,no,Wikipedia '2006–07 FA Premier League' league table,1377459064,C,matches research file part03b (see CHECKS.md)
2006-07,west_ham,West Ham United F.C.,15,no,Wikipedia '2006–07 FA Premier League' league table,1377459064,C,matches research file part03b (see CHECKS.md)
2006-07,fulham,Fulham F.C.,16,no,Wikipedia '2006–07 FA Premier League' league table,1377459064,C,matches research file part03b (see CHECKS.md)
2006-07,wigan_athletic,Wigan Athletic F.C.,17,no,Wikipedia '2006–07 FA Premier League' league table,1377459064,C,matches research file part03b (see CHECKS.md)
2006-07,sheffield_united,Sheffield United F.C.,18,yes,Wikipedia '2006–07 FA Premier League' league table,1377459064,C,matches research file part03b (see CHECKS.md)
2006-07,charlton_athletic,Charlton Athletic F.C.,19,yes,Wikipedia '2006–07 FA Premier League' league table,1377459064,C,matches research file part03b (see CHECKS.md)
2006-07,watford,Watford F.C.,20,yes,Wikipedia '2006–07 FA Premier League' league table,1377459064,C,matches research file part03b (see CHECKS.md)
2007-08,manchester_united,Manchester United F.C.,1,no,Wikipedia '2007–08 Premier League' league table,1377457101,C,matches research file part03b (see CHECKS.md)
2007-08,chelsea,Chelsea F.C.,2,no,Wikipedia '2007–08 Premier League' league table,1377457101,C,matches research file part03b (see CHECKS.md)
2007-08,arsenal,Arsenal F.C.,3,no,Wikipedia '2007–08 Premier League' league table,1377457101,C,matches research file part03b (see CHECKS.md)
2007-08,liverpool,Liverpool F.C.,4,no,Wikipedia '2007–08 Premier League' league table,1377457101,C,matches research file part03b (see CHECKS.md)
2007-08,everton,Everton F.C.,5,no,Wikipedia '2007–08 Premier League' league table,1377457101,C,matches research file part03b (see CHECKS.md)
2007-08,aston_villa,Aston Villa F.C.,6,no,Wikipedia '2007–08 Premier League' league table,1377457101,C,matches research file part03b (see CHECKS.md)
2007-08,blackburn_rovers,Blackburn Rovers F.C.,7,no,Wikipedia '2007–08 Premier League' league table,1377457101,C,matches research file part03b (see CHECKS.md)
2007-08,portsmouth,Portsmouth F.C.,8,no,Wikipedia '2007–08 Premier League' league table,1377457101,C,matches research file part03b (see CHECKS.md)
2007-08,manchester_city,Manchester City F.C.,9,no,Wikipedia '2007–08 Premier League' league table,1377457101,C,matches research file part03b (see CHECKS.md)
2007-08,west_ham,West Ham United F.C.,10,no,Wikipedia '2007–08 Premier League' league table,1377457101,C,matches research file part03b (see CHECKS.md)
2007-08,tottenham_hotspur,Tottenham Hotspur F.C.,11,no,Wikipedia '2007–08 Premier League' league table,1377457101,C,matches research file part03b (see CHECKS.md)
2007-08,newcastle_united,Newcastle United F.C.,12,no,Wikipedia '2007–08 Premier League' league table,1377457101,C,matches research file part03b (see CHECKS.md)
2007-08,middlesbrough,Middlesbrough F.C.,13,no,Wikipedia '2007–08 Premier League' league table,1377457101,C,matches research file part03b (see CHECKS.md)
2007-08,wigan_athletic,Wigan Athletic F.C.,14,no,Wikipedia '2007–08 Premier League' league table,1377457101,C,matches research file part03b (see CHECKS.md)
2007-08,sunderland,Sunderland A.F.C.,15,no,Wikipedia '2007–08 Premier League' league table,1377457101,C,matches research file part03b (see CHECKS.md)
2007-08,bolton_wanderers,Bolton Wanderers F.C.,16,no,Wikipedia '2007–08 Premier League' league table,1377457101,C,matches research file part03b (see CHECKS.md)
2007-08,fulham,Fulham F.C.,17,no,Wikipedia '2007–08 Premier League' league table,1377457101,C,matches research file part03b (see CHECKS.md)
2007-08,reading,Reading F.C.,18,yes,Wikipedia '2007–08 Premier League' league table,1377457101,C,matches research file part03b (see CHECKS.md)
2007-08,birmingham_city,Birmingham City F.C.,19,yes,Wikipedia '2007–08 Premier League' league table,1377457101,C,matches research file part03b (see CHECKS.md)
2007-08,derby_county,Derby County F.C.,20,yes,Wikipedia '2007–08 Premier League' league table,1377457101,C,matches research file part03b (see CHECKS.md)
2008-09,manchester_united,Manchester United F.C.,1,no,Wikipedia '2008–09 Premier League' league table,1377454716,C,matches research file part03b (see CHECKS.md)
2008-09,liverpool,Liverpool F.C.,2,no,Wikipedia '2008–09 Premier League' league table,1377454716,C,matches research file part03b (see CHECKS.md)
2008-09,chelsea,Chelsea F.C.,3,no,Wikipedia '2008–09 Premier League' league table,1377454716,C,matches research file part03b (see CHECKS.md)
2008-09,arsenal,Arsenal F.C.,4,no,Wikipedia '2008–09 Premier League' league table,1377454716,C,matches research file part03b (see CHECKS.md)
2008-09,everton,Everton F.C.,5,no,Wikipedia '2008–09 Premier League' league table,1377454716,C,matches research file part03b (see CHECKS.md)
2008-09,aston_villa,Aston Villa F.C.,6,no,Wikipedia '2008–09 Premier League' league table,1377454716,C,matches research file part03b (see CHECKS.md)
2008-09,fulham,Fulham F.C.,7,no,Wikipedia '2008–09 Premier League' league table,1377454716,C,matches research file part03b (see CHECKS.md)
2008-09,tottenham_hotspur,Tottenham Hotspur F.C.,8,no,Wikipedia '2008–09 Premier League' league table,1377454716,C,matches research file part03b (see CHECKS.md)
2008-09,west_ham,West Ham United F.C.,9,no,Wikipedia '2008–09 Premier League' league table,1377454716,C,matches research file part03b (see CHECKS.md)
2008-09,manchester_city,Manchester City F.C.,10,no,Wikipedia '2008–09 Premier League' league table,1377454716,C,matches research file part03b (see CHECKS.md)
2008-09,wigan_athletic,Wigan Athletic F.C.,11,no,Wikipedia '2008–09 Premier League' league table,1377454716,C,matches research file part03b (see CHECKS.md)
2008-09,stoke_city,Stoke City F.C.,12,no,Wikipedia '2008–09 Premier League' league table,1377454716,C,matches research file part03b (see CHECKS.md)
2008-09,bolton_wanderers,Bolton Wanderers F.C.,13,no,Wikipedia '2008–09 Premier League' league table,1377454716,C,matches research file part03b (see CHECKS.md)
2008-09,portsmouth,Portsmouth F.C.,14,no,Wikipedia '2008–09 Premier League' league table,1377454716,C,matches research file part03b (see CHECKS.md)
2008-09,blackburn_rovers,Blackburn Rovers F.C.,15,no,Wikipedia '2008–09 Premier League' league table,1377454716,C,matches research file part03b (see CHECKS.md)
2008-09,sunderland,Sunderland A.F.C.,16,no,Wikipedia '2008–09 Premier League' league table,1377454716,C,matches research file part03b (see CHECKS.md)
2008-09,hull_city,Hull City A.F.C.,17,no,Wikipedia '2008–09 Premier League' league table,1377454716,C,matches research file part03b (see CHECKS.md)
2008-09,newcastle_united,Newcastle United F.C.,18,yes,Wikipedia '2008–09 Premier League' league table,1377454716,C,matches research file part03b (see CHECKS.md)
2008-09,middlesbrough,Middlesbrough F.C.,19,yes,Wikipedia '2008–09 Premier League' league table,1377454716,C,matches research file part03b (see CHECKS.md)
2008-09,west_brom,West Bromwich Albion F.C.,20,yes,Wikipedia '2008–09 Premier League' league table,1377454716,C,matches research file part03b (see CHECKS.md)
2009-10,chelsea,Chelsea F.C.,1,no,Wikipedia '2009–10 Premier League' league table,1378398479,C,matches research file part03b (see CHECKS.md)
2009-10,manchester_united,Manchester United F.C.,2,no,Wikipedia '2009–10 Premier League' league table,1378398479,C,matches research file part03b (see CHECKS.md)
2009-10,arsenal,Arsenal F.C.,3,no,Wikipedia '2009–10 Premier League' league table,1378398479,C,matches research file part03b (see CHECKS.md)
2009-10,tottenham_hotspur,Tottenham Hotspur F.C.,4,no,Wikipedia '2009–10 Premier League' league table,1378398479,C,matches research file part03b (see CHECKS.md)
2009-10,manchester_city,Manchester City F.C.,5,no,Wikipedia '2009–10 Premier League' league table,1378398479,C,matches research file part03b (see CHECKS.md)
2009-10,aston_villa,Aston Villa F.C.,6,no,Wikipedia '2009–10 Premier League' league table,1378398479,C,matches research file part03b (see CHECKS.md)
2009-10,liverpool,Liverpool F.C.,7,no,Wikipedia '2009–10 Premier League' league table,1378398479,C,matches research file part03b (see CHECKS.md)
2009-10,everton,Everton F.C.,8,no,Wikipedia '2009–10 Premier League' league table,1378398479,C,matches research file part03b (see CHECKS.md)
2009-10,birmingham_city,Birmingham City F.C.,9,no,Wikipedia '2009–10 Premier League' league table,1378398479,C,matches research file part03b (see CHECKS.md)
2009-10,blackburn_rovers,Blackburn Rovers F.C.,10,no,Wikipedia '2009–10 Premier League' league table,1378398479,C,matches research file part03b (see CHECKS.md)
2009-10,stoke_city,Stoke City F.C.,11,no,Wikipedia '2009–10 Premier League' league table,1378398479,C,matches research file part03b (see CHECKS.md)
2009-10,fulham,Fulham F.C.,12,no,Wikipedia '2009–10 Premier League' league table,1378398479,C,matches research file part03b (see CHECKS.md)
2009-10,sunderland,Sunderland A.F.C.,13,no,Wikipedia '2009–10 Premier League' league table,1378398479,C,matches research file part03b (see CHECKS.md)
2009-10,bolton_wanderers,Bolton Wanderers F.C.,14,no,Wikipedia '2009–10 Premier League' league table,1378398479,C,matches research file part03b (see CHECKS.md)
2009-10,wolves,Wolverhampton Wanderers F.C.,15,no,Wikipedia '2009–10 Premier League' league table,1378398479,C,matches research file part03b (see CHECKS.md)
2009-10,wigan_athletic,Wigan Athletic F.C.,16,no,Wikipedia '2009–10 Premier League' league table,1378398479,C,matches research file part03b (see CHECKS.md)
2009-10,west_ham,West Ham United F.C.,17,no,Wikipedia '2009–10 Premier League' league table,1378398479,C,matches research file part03b (see CHECKS.md)
2009-10,burnley,Burnley F.C.,18,yes,Wikipedia '2009–10 Premier League' league table,1378398479,C,matches research file part03b (see CHECKS.md)
2009-10,hull_city,Hull City A.F.C.,19,yes,Wikipedia '2009–10 Premier League' league table,1378398479,C,matches research file part03b (see CHECKS.md)
2009-10,portsmouth,Portsmouth F.C.,20,yes,Wikipedia '2009–10 Premier League' league table,1378398479,C,matches research file part03b (see CHECKS.md)
2010-11,manchester_united,Manchester United F.C.,1,no,Wikipedia '2010–11 Premier League' league table,1378398336,C,matches research file part03b (see CHECKS.md)
2010-11,chelsea,Chelsea F.C.,2,no,Wikipedia '2010–11 Premier League' league table,1378398336,C,matches research file part03b (see CHECKS.md)
2010-11,manchester_city,Manchester City F.C.,3,no,Wikipedia '2010–11 Premier League' league table,1378398336,C,matches research file part03b (see CHECKS.md)
2010-11,arsenal,Arsenal F.C.,4,no,Wikipedia '2010–11 Premier League' league table,1378398336,C,matches research file part03b (see CHECKS.md)
2010-11,tottenham_hotspur,Tottenham Hotspur F.C.,5,no,Wikipedia '2010–11 Premier League' league table,1378398336,C,matches research file part03b (see CHECKS.md)
2010-11,liverpool,Liverpool F.C.,6,no,Wikipedia '2010–11 Premier League' league table,1378398336,C,matches research file part03b (see CHECKS.md)
2010-11,everton,Everton F.C.,7,no,Wikipedia '2010–11 Premier League' league table,1378398336,C,matches research file part03b (see CHECKS.md)
2010-11,fulham,Fulham F.C.,8,no,Wikipedia '2010–11 Premier League' league table,1378398336,C,matches research file part03b (see CHECKS.md)
2010-11,aston_villa,Aston Villa F.C.,9,no,Wikipedia '2010–11 Premier League' league table,1378398336,C,matches research file part03b (see CHECKS.md)
2010-11,sunderland,Sunderland A.F.C.,10,no,Wikipedia '2010–11 Premier League' league table,1378398336,C,matches research file part03b (see CHECKS.md)
2010-11,west_brom,West Bromwich Albion F.C.,11,no,Wikipedia '2010–11 Premier League' league table,1378398336,C,matches research file part03b (see CHECKS.md)
2010-11,newcastle_united,Newcastle United F.C.,12,no,Wikipedia '2010–11 Premier League' league table,1378398336,C,matches research file part03b (see CHECKS.md)
2010-11,stoke_city,Stoke City F.C.,13,no,Wikipedia '2010–11 Premier League' league table,1378398336,C,matches research file part03b (see CHECKS.md)
2010-11,bolton_wanderers,Bolton Wanderers F.C.,14,no,Wikipedia '2010–11 Premier League' league table,1378398336,C,matches research file part03b (see CHECKS.md)
2010-11,blackburn_rovers,Blackburn Rovers F.C.,15,no,Wikipedia '2010–11 Premier League' league table,1378398336,C,matches research file part03b (see CHECKS.md)
2010-11,wigan_athletic,Wigan Athletic F.C.,16,no,Wikipedia '2010–11 Premier League' league table,1378398336,C,matches research file part03b (see CHECKS.md)
2010-11,wolves,Wolverhampton Wanderers F.C.,17,no,Wikipedia '2010–11 Premier League' league table,1378398336,C,matches research file part03b (see CHECKS.md)
2010-11,birmingham_city,Birmingham City F.C.,18,yes,Wikipedia '2010–11 Premier League' league table,1378398336,C,matches research file part03b (see CHECKS.md)
2010-11,blackpool,Blackpool F.C.,19,yes,Wikipedia '2010–11 Premier League' league table,1378398336,C,matches research file part03b (see CHECKS.md)
2010-11,west_ham,West Ham United F.C.,20,yes,Wikipedia '2010–11 Premier League' league table,1378398336,C,matches research file part03b (see CHECKS.md)
2011-12,manchester_city,Manchester City F.C.,1,no,Wikipedia '2011–12 Premier League' league table,1378398216,C,matches research file part03b (see CHECKS.md)
2011-12,manchester_united,Manchester United F.C.,2,no,Wikipedia '2011–12 Premier League' league table,1378398216,C,matches research file part03b (see CHECKS.md)
2011-12,arsenal,Arsenal F.C.,3,no,Wikipedia '2011–12 Premier League' league table,1378398216,C,matches research file part03b (see CHECKS.md)
2011-12,tottenham_hotspur,Tottenham Hotspur F.C.,4,no,Wikipedia '2011–12 Premier League' league table,1378398216,C,matches research file part03b (see CHECKS.md)
2011-12,newcastle_united,Newcastle United F.C.,5,no,Wikipedia '2011–12 Premier League' league table,1378398216,C,matches research file part03b (see CHECKS.md)
2011-12,chelsea,Chelsea F.C.,6,no,Wikipedia '2011–12 Premier League' league table,1378398216,C,matches research file part03b (see CHECKS.md)
2011-12,everton,Everton F.C.,7,no,Wikipedia '2011–12 Premier League' league table,1378398216,C,matches research file part03b (see CHECKS.md)
2011-12,liverpool,Liverpool F.C.,8,no,Wikipedia '2011–12 Premier League' league table,1378398216,C,matches research file part03b (see CHECKS.md)
2011-12,fulham,Fulham F.C.,9,no,Wikipedia '2011–12 Premier League' league table,1378398216,C,matches research file part03b (see CHECKS.md)
2011-12,west_brom,West Bromwich Albion F.C.,10,no,Wikipedia '2011–12 Premier League' league table,1378398216,C,matches research file part03b (see CHECKS.md)
2011-12,swansea_city,Swansea City A.F.C.,11,no,Wikipedia '2011–12 Premier League' league table,1378398216,C,matches research file part03b (see CHECKS.md)
2011-12,norwich_city,Norwich City F.C.,12,no,Wikipedia '2011–12 Premier League' league table,1378398216,C,matches research file part03b (see CHECKS.md)
2011-12,sunderland,Sunderland A.F.C.,13,no,Wikipedia '2011–12 Premier League' league table,1378398216,C,matches research file part03b (see CHECKS.md)
2011-12,stoke_city,Stoke City F.C.,14,no,Wikipedia '2011–12 Premier League' league table,1378398216,C,matches research file part03b (see CHECKS.md)
2011-12,wigan_athletic,Wigan Athletic F.C.,15,no,Wikipedia '2011–12 Premier League' league table,1378398216,C,matches research file part03b (see CHECKS.md)
2011-12,aston_villa,Aston Villa F.C.,16,no,Wikipedia '2011–12 Premier League' league table,1378398216,C,matches research file part03b (see CHECKS.md)
2011-12,qpr,Queens Park Rangers F.C.,17,no,Wikipedia '2011–12 Premier League' league table,1378398216,C,matches research file part03b (see CHECKS.md)
2011-12,bolton_wanderers,Bolton Wanderers F.C.,18,yes,Wikipedia '2011–12 Premier League' league table,1378398216,C,matches research file part03b (see CHECKS.md)
2011-12,blackburn_rovers,Blackburn Rovers F.C.,19,yes,Wikipedia '2011–12 Premier League' league table,1378398216,C,matches research file part03b (see CHECKS.md)
2011-12,wolves,Wolverhampton Wanderers F.C.,20,yes,Wikipedia '2011–12 Premier League' league table,1378398216,C,matches research file part03b (see CHECKS.md)
2012-13,manchester_united,Manchester United F.C.,1,no,Wikipedia '2012–13 Premier League' league table,1378398117,C,matches research file part03b (see CHECKS.md)
2012-13,manchester_city,Manchester City F.C.,2,no,Wikipedia '2012–13 Premier League' league table,1378398117,C,matches research file part03b (see CHECKS.md)
2012-13,chelsea,Chelsea F.C.,3,no,Wikipedia '2012–13 Premier League' league table,1378398117,C,matches research file part03b (see CHECKS.md)
2012-13,arsenal,Arsenal F.C.,4,no,Wikipedia '2012–13 Premier League' league table,1378398117,C,matches research file part03b (see CHECKS.md)
2012-13,tottenham_hotspur,Tottenham Hotspur F.C.,5,no,Wikipedia '2012–13 Premier League' league table,1378398117,C,matches research file part03b (see CHECKS.md)
2012-13,everton,Everton F.C.,6,no,Wikipedia '2012–13 Premier League' league table,1378398117,C,matches research file part03b (see CHECKS.md)
2012-13,liverpool,Liverpool F.C.,7,no,Wikipedia '2012–13 Premier League' league table,1378398117,C,matches research file part03b (see CHECKS.md)
2012-13,west_brom,West Bromwich Albion F.C.,8,no,Wikipedia '2012–13 Premier League' league table,1378398117,C,matches research file part03b (see CHECKS.md)
2012-13,swansea_city,Swansea City A.F.C.,9,no,Wikipedia '2012–13 Premier League' league table,1378398117,C,matches research file part03b (see CHECKS.md)
2012-13,west_ham,West Ham United F.C.,10,no,Wikipedia '2012–13 Premier League' league table,1378398117,C,matches research file part03b (see CHECKS.md)
2012-13,norwich_city,Norwich City F.C.,11,no,Wikipedia '2012–13 Premier League' league table,1378398117,C,matches research file part03b (see CHECKS.md)
2012-13,fulham,Fulham F.C.,12,no,Wikipedia '2012–13 Premier League' league table,1378398117,C,matches research file part03b (see CHECKS.md)
2012-13,stoke_city,Stoke City F.C.,13,no,Wikipedia '2012–13 Premier League' league table,1378398117,C,matches research file part03b (see CHECKS.md)
2012-13,southampton,Southampton F.C.,14,no,Wikipedia '2012–13 Premier League' league table,1378398117,C,matches research file part03b (see CHECKS.md)
2012-13,aston_villa,Aston Villa F.C.,15,no,Wikipedia '2012–13 Premier League' league table,1378398117,C,matches research file part03b (see CHECKS.md)
2012-13,newcastle_united,Newcastle United F.C.,16,no,Wikipedia '2012–13 Premier League' league table,1378398117,C,matches research file part03b (see CHECKS.md)
2012-13,sunderland,Sunderland A.F.C.,17,no,Wikipedia '2012–13 Premier League' league table,1378398117,C,matches research file part03b (see CHECKS.md)
2012-13,wigan_athletic,Wigan Athletic F.C.,18,yes,Wikipedia '2012–13 Premier League' league table,1378398117,C,matches research file part03b (see CHECKS.md)
2012-13,reading,Reading F.C.,19,yes,Wikipedia '2012–13 Premier League' league table,1378398117,C,matches research file part03b (see CHECKS.md)
2012-13,qpr,Queens Park Rangers F.C.,20,yes,Wikipedia '2012–13 Premier League' league table,1378398117,C,matches research file part03b (see CHECKS.md)
2013-14,manchester_city,Manchester City F.C.,1,no,Wikipedia '2013–14 Premier League' league table,1378398003,C,matches research file part03b (see CHECKS.md)
2013-14,liverpool,Liverpool F.C.,2,no,Wikipedia '2013–14 Premier League' league table,1378398003,C,matches research file part03b (see CHECKS.md)
2013-14,chelsea,Chelsea F.C.,3,no,Wikipedia '2013–14 Premier League' league table,1378398003,C,matches research file part03b (see CHECKS.md)
2013-14,arsenal,Arsenal F.C.,4,no,Wikipedia '2013–14 Premier League' league table,1378398003,C,matches research file part03b (see CHECKS.md)
2013-14,everton,Everton F.C.,5,no,Wikipedia '2013–14 Premier League' league table,1378398003,C,matches research file part03b (see CHECKS.md)
2013-14,tottenham_hotspur,Tottenham Hotspur F.C.,6,no,Wikipedia '2013–14 Premier League' league table,1378398003,C,matches research file part03b (see CHECKS.md)
2013-14,manchester_united,Manchester United F.C.,7,no,Wikipedia '2013–14 Premier League' league table,1378398003,C,matches research file part03b (see CHECKS.md)
2013-14,southampton,Southampton F.C.,8,no,Wikipedia '2013–14 Premier League' league table,1378398003,C,matches research file part03b (see CHECKS.md)
2013-14,stoke_city,Stoke City F.C.,9,no,Wikipedia '2013–14 Premier League' league table,1378398003,C,matches research file part03b (see CHECKS.md)
2013-14,newcastle_united,Newcastle United F.C.,10,no,Wikipedia '2013–14 Premier League' league table,1378398003,C,matches research file part03b (see CHECKS.md)
2013-14,crystal_palace,Crystal Palace F.C.,11,no,Wikipedia '2013–14 Premier League' league table,1378398003,C,matches research file part03b (see CHECKS.md)
2013-14,swansea_city,Swansea City A.F.C.,12,no,Wikipedia '2013–14 Premier League' league table,1378398003,C,matches research file part03b (see CHECKS.md)
2013-14,west_ham,West Ham United F.C.,13,no,Wikipedia '2013–14 Premier League' league table,1378398003,C,matches research file part03b (see CHECKS.md)
2013-14,sunderland,Sunderland A.F.C.,14,no,Wikipedia '2013–14 Premier League' league table,1378398003,C,matches research file part03b (see CHECKS.md)
2013-14,aston_villa,Aston Villa F.C.,15,no,Wikipedia '2013–14 Premier League' league table,1378398003,C,matches research file part03b (see CHECKS.md)
2013-14,hull_city,Hull City A.F.C.,16,no,Wikipedia '2013–14 Premier League' league table,1378398003,C,matches research file part03b (see CHECKS.md)
2013-14,west_brom,West Bromwich Albion F.C.,17,no,Wikipedia '2013–14 Premier League' league table,1378398003,C,matches research file part03b (see CHECKS.md)
2013-14,norwich_city,Norwich City F.C.,18,yes,Wikipedia '2013–14 Premier League' league table,1378398003,C,matches research file part03b (see CHECKS.md)
2013-14,fulham,Fulham F.C.,19,yes,Wikipedia '2013–14 Premier League' league table,1378398003,C,matches research file part03b (see CHECKS.md)
2013-14,cardiff_city,Cardiff City F.C.,20,yes,Wikipedia '2013–14 Premier League' league table,1378398003,C,matches research file part03b (see CHECKS.md)
2014-15,chelsea,Chelsea F.C.,1,no,Wikipedia '2014–15 Premier League' league table,1378397879,C,matches research file part03b (see CHECKS.md)
2014-15,manchester_city,Manchester City F.C.,2,no,Wikipedia '2014–15 Premier League' league table,1378397879,C,matches research file part03b (see CHECKS.md)
2014-15,arsenal,Arsenal F.C.,3,no,Wikipedia '2014–15 Premier League' league table,1378397879,C,matches research file part03b (see CHECKS.md)
2014-15,manchester_united,Manchester United F.C.,4,no,Wikipedia '2014–15 Premier League' league table,1378397879,C,matches research file part03b (see CHECKS.md)
2014-15,tottenham_hotspur,Tottenham Hotspur F.C.,5,no,Wikipedia '2014–15 Premier League' league table,1378397879,C,matches research file part03b (see CHECKS.md)
2014-15,liverpool,Liverpool F.C.,6,no,Wikipedia '2014–15 Premier League' league table,1378397879,C,matches research file part03b (see CHECKS.md)
2014-15,southampton,Southampton F.C.,7,no,Wikipedia '2014–15 Premier League' league table,1378397879,C,matches research file part03b (see CHECKS.md)
2014-15,swansea_city,Swansea City A.F.C.,8,no,Wikipedia '2014–15 Premier League' league table,1378397879,C,matches research file part03b (see CHECKS.md)
2014-15,stoke_city,Stoke City F.C.,9,no,Wikipedia '2014–15 Premier League' league table,1378397879,C,matches research file part03b (see CHECKS.md)
2014-15,crystal_palace,Crystal Palace F.C.,10,no,Wikipedia '2014–15 Premier League' league table,1378397879,C,matches research file part03b (see CHECKS.md)
2014-15,everton,Everton F.C.,11,no,Wikipedia '2014–15 Premier League' league table,1378397879,C,matches research file part03b (see CHECKS.md)
2014-15,west_ham,West Ham United F.C.,12,no,Wikipedia '2014–15 Premier League' league table,1378397879,C,matches research file part03b (see CHECKS.md)
2014-15,west_brom,West Bromwich Albion F.C.,13,no,Wikipedia '2014–15 Premier League' league table,1378397879,C,matches research file part03b (see CHECKS.md)
2014-15,leicester_city,Leicester City F.C.,14,no,Wikipedia '2014–15 Premier League' league table,1378397879,C,matches research file part03b (see CHECKS.md)
2014-15,newcastle_united,Newcastle United F.C.,15,no,Wikipedia '2014–15 Premier League' league table,1378397879,C,matches research file part03b (see CHECKS.md)
2014-15,sunderland,Sunderland A.F.C.,16,no,Wikipedia '2014–15 Premier League' league table,1378397879,C,matches research file part03b (see CHECKS.md)
2014-15,aston_villa,Aston Villa F.C.,17,no,Wikipedia '2014–15 Premier League' league table,1378397879,C,matches research file part03b (see CHECKS.md)
2014-15,hull_city,Hull City A.F.C.,18,yes,Wikipedia '2014–15 Premier League' league table,1378397879,C,matches research file part03b (see CHECKS.md)
2014-15,burnley,Burnley F.C.,19,yes,Wikipedia '2014–15 Premier League' league table,1378397879,C,matches research file part03b (see CHECKS.md)
2014-15,qpr,Queens Park Rangers F.C.,20,yes,Wikipedia '2014–15 Premier League' league table,1378397879,C,matches research file part03b (see CHECKS.md)
2015-16,leicester_city,Leicester City F.C.,1,no,Wikipedia '2015–16 Premier League' league table,1378687161,C,matches research file part03b (see CHECKS.md)
2015-16,arsenal,Arsenal F.C.,2,no,Wikipedia '2015–16 Premier League' league table,1378687161,C,matches research file part03b (see CHECKS.md)
2015-16,tottenham_hotspur,Tottenham Hotspur F.C.,3,no,Wikipedia '2015–16 Premier League' league table,1378687161,C,matches research file part03b (see CHECKS.md)
2015-16,manchester_city,Manchester City F.C.,4,no,Wikipedia '2015–16 Premier League' league table,1378687161,C,matches research file part03b (see CHECKS.md)
2015-16,manchester_united,Manchester United F.C.,5,no,Wikipedia '2015–16 Premier League' league table,1378687161,C,matches research file part03b (see CHECKS.md)
2015-16,southampton,Southampton F.C.,6,no,Wikipedia '2015–16 Premier League' league table,1378687161,C,matches research file part03b (see CHECKS.md)
2015-16,west_ham,West Ham United F.C.,7,no,Wikipedia '2015–16 Premier League' league table,1378687161,C,matches research file part03b (see CHECKS.md)
2015-16,liverpool,Liverpool F.C.,8,no,Wikipedia '2015–16 Premier League' league table,1378687161,C,matches research file part03b (see CHECKS.md)
2015-16,stoke_city,Stoke City F.C.,9,no,Wikipedia '2015–16 Premier League' league table,1378687161,C,matches research file part03b (see CHECKS.md)
2015-16,chelsea,Chelsea F.C.,10,no,Wikipedia '2015–16 Premier League' league table,1378687161,C,matches research file part03b (see CHECKS.md)
2015-16,everton,Everton F.C.,11,no,Wikipedia '2015–16 Premier League' league table,1378687161,C,matches research file part03b (see CHECKS.md)
2015-16,swansea_city,Swansea City A.F.C.,12,no,Wikipedia '2015–16 Premier League' league table,1378687161,C,matches research file part03b (see CHECKS.md)
2015-16,watford,Watford F.C.,13,no,Wikipedia '2015–16 Premier League' league table,1378687161,C,matches research file part03b (see CHECKS.md)
2015-16,west_brom,West Bromwich Albion F.C.,14,no,Wikipedia '2015–16 Premier League' league table,1378687161,C,matches research file part03b (see CHECKS.md)
2015-16,crystal_palace,Crystal Palace F.C.,15,no,Wikipedia '2015–16 Premier League' league table,1378687161,C,matches research file part03b (see CHECKS.md)
2015-16,bournemouth,AFC Bournemouth,16,no,Wikipedia '2015–16 Premier League' league table,1378687161,C,matches research file part03b (see CHECKS.md)
2015-16,sunderland,Sunderland A.F.C.,17,no,Wikipedia '2015–16 Premier League' league table,1378687161,C,matches research file part03b (see CHECKS.md)
2015-16,newcastle_united,Newcastle United F.C.,18,yes,Wikipedia '2015–16 Premier League' league table,1378687161,C,matches research file part03b (see CHECKS.md)
2015-16,norwich_city,Norwich City F.C.,19,yes,Wikipedia '2015–16 Premier League' league table,1378687161,C,matches research file part03b (see CHECKS.md)
2015-16,aston_villa,Aston Villa F.C.,20,yes,Wikipedia '2015–16 Premier League' league table,1378687161,C,matches research file part03b (see CHECKS.md)
2016-17,chelsea,Chelsea F.C.,1,no,Wikipedia '2016–17 Premier League' league table,1378797326,C,matches research file part03b (see CHECKS.md)
2016-17,tottenham_hotspur,Tottenham Hotspur F.C.,2,no,Wikipedia '2016–17 Premier League' league table,1378797326,C,matches research file part03b (see CHECKS.md)
2016-17,manchester_city,Manchester City F.C.,3,no,Wikipedia '2016–17 Premier League' league table,1378797326,C,matches research file part03b (see CHECKS.md)
2016-17,liverpool,Liverpool F.C.,4,no,Wikipedia '2016–17 Premier League' league table,1378797326,C,matches research file part03b (see CHECKS.md)
2016-17,arsenal,Arsenal F.C.,5,no,Wikipedia '2016–17 Premier League' league table,1378797326,C,matches research file part03b (see CHECKS.md)
2016-17,manchester_united,Manchester United F.C.,6,no,Wikipedia '2016–17 Premier League' league table,1378797326,C,matches research file part03b (see CHECKS.md)
2016-17,everton,Everton F.C.,7,no,Wikipedia '2016–17 Premier League' league table,1378797326,C,matches research file part03b (see CHECKS.md)
2016-17,southampton,Southampton F.C.,8,no,Wikipedia '2016–17 Premier League' league table,1378797326,C,matches research file part03b (see CHECKS.md)
2016-17,bournemouth,AFC Bournemouth,9,no,Wikipedia '2016–17 Premier League' league table,1378797326,C,matches research file part03b (see CHECKS.md)
2016-17,west_brom,West Bromwich Albion F.C.,10,no,Wikipedia '2016–17 Premier League' league table,1378797326,C,matches research file part03b (see CHECKS.md)
2016-17,west_ham,West Ham United F.C.,11,no,Wikipedia '2016–17 Premier League' league table,1378797326,C,matches research file part03b (see CHECKS.md)
2016-17,leicester_city,Leicester City F.C.,12,no,Wikipedia '2016–17 Premier League' league table,1378797326,C,matches research file part03b (see CHECKS.md)
2016-17,stoke_city,Stoke City F.C.,13,no,Wikipedia '2016–17 Premier League' league table,1378797326,C,matches research file part03b (see CHECKS.md)
2016-17,crystal_palace,Crystal Palace F.C.,14,no,Wikipedia '2016–17 Premier League' league table,1378797326,C,matches research file part03b (see CHECKS.md)
2016-17,swansea_city,Swansea City A.F.C.,15,no,Wikipedia '2016–17 Premier League' league table,1378797326,C,matches research file part03b (see CHECKS.md)
2016-17,burnley,Burnley F.C.,16,no,Wikipedia '2016–17 Premier League' league table,1378797326,C,matches research file part03b (see CHECKS.md)
2016-17,watford,Watford F.C.,17,no,Wikipedia '2016–17 Premier League' league table,1378797326,C,matches research file part03b (see CHECKS.md)
2016-17,hull_city,Hull City A.F.C.,18,yes,Wikipedia '2016–17 Premier League' league table,1378797326,C,matches research file part03b (see CHECKS.md)
2016-17,middlesbrough,Middlesbrough F.C.,19,yes,Wikipedia '2016–17 Premier League' league table,1378797326,C,matches research file part03b (see CHECKS.md)
2016-17,sunderland,Sunderland A.F.C.,20,yes,Wikipedia '2016–17 Premier League' league table,1378797326,C,matches research file part03b (see CHECKS.md)
2017-18,manchester_city,Manchester City F.C.,1,no,Wikipedia '2017–18 Premier League' league table,1378397285,C,matches research file part03b (see CHECKS.md)
2017-18,manchester_united,Manchester United F.C.,2,no,Wikipedia '2017–18 Premier League' league table,1378397285,C,matches research file part03b (see CHECKS.md)
2017-18,tottenham_hotspur,Tottenham Hotspur F.C.,3,no,Wikipedia '2017–18 Premier League' league table,1378397285,C,matches research file part03b (see CHECKS.md)
2017-18,liverpool,Liverpool F.C.,4,no,Wikipedia '2017–18 Premier League' league table,1378397285,C,matches research file part03b (see CHECKS.md)
2017-18,chelsea,Chelsea F.C.,5,no,Wikipedia '2017–18 Premier League' league table,1378397285,C,matches research file part03b (see CHECKS.md)
2017-18,arsenal,Arsenal F.C.,6,no,Wikipedia '2017–18 Premier League' league table,1378397285,C,matches research file part03b (see CHECKS.md)
2017-18,burnley,Burnley F.C.,7,no,Wikipedia '2017–18 Premier League' league table,1378397285,C,matches research file part03b (see CHECKS.md)
2017-18,everton,Everton F.C.,8,no,Wikipedia '2017–18 Premier League' league table,1378397285,C,matches research file part03b (see CHECKS.md)
2017-18,leicester_city,Leicester City F.C.,9,no,Wikipedia '2017–18 Premier League' league table,1378397285,C,matches research file part03b (see CHECKS.md)
2017-18,newcastle_united,Newcastle United F.C.,10,no,Wikipedia '2017–18 Premier League' league table,1378397285,C,matches research file part03b (see CHECKS.md)
2017-18,crystal_palace,Crystal Palace F.C.,11,no,Wikipedia '2017–18 Premier League' league table,1378397285,C,matches research file part03b (see CHECKS.md)
2017-18,bournemouth,AFC Bournemouth,12,no,Wikipedia '2017–18 Premier League' league table,1378397285,C,matches research file part03b (see CHECKS.md)
2017-18,west_ham,West Ham United F.C.,13,no,Wikipedia '2017–18 Premier League' league table,1378397285,C,matches research file part03b (see CHECKS.md)
2017-18,watford,Watford F.C.,14,no,Wikipedia '2017–18 Premier League' league table,1378397285,C,matches research file part03b (see CHECKS.md)
2017-18,brighton,Brighton & Hove Albion F.C.,15,no,Wikipedia '2017–18 Premier League' league table,1378397285,C,matches research file part03b (see CHECKS.md)
2017-18,huddersfield_town,Huddersfield Town A.F.C.,16,no,Wikipedia '2017–18 Premier League' league table,1378397285,C,matches research file part03b (see CHECKS.md)
2017-18,southampton,Southampton F.C.,17,no,Wikipedia '2017–18 Premier League' league table,1378397285,C,matches research file part03b (see CHECKS.md)
2017-18,swansea_city,Swansea City A.F.C.,18,yes,Wikipedia '2017–18 Premier League' league table,1378397285,C,matches research file part03b (see CHECKS.md)
2017-18,stoke_city,Stoke City F.C.,19,yes,Wikipedia '2017–18 Premier League' league table,1378397285,C,matches research file part03b (see CHECKS.md)
2017-18,west_brom,West Bromwich Albion F.C.,20,yes,Wikipedia '2017–18 Premier League' league table,1378397285,C,matches research file part03b (see CHECKS.md)
2018-19,manchester_city,Manchester City F.C.,1,no,Wikipedia '2018–19 Premier League' league table,1376994818,C,matches research file part03b (see CHECKS.md)
2018-19,liverpool,Liverpool F.C.,2,no,Wikipedia '2018–19 Premier League' league table,1376994818,C,matches research file part03b (see CHECKS.md)
2018-19,chelsea,Chelsea F.C.,3,no,Wikipedia '2018–19 Premier League' league table,1376994818,C,matches research file part03b (see CHECKS.md)
2018-19,tottenham_hotspur,Tottenham Hotspur F.C.,4,no,Wikipedia '2018–19 Premier League' league table,1376994818,C,matches research file part03b (see CHECKS.md)
2018-19,arsenal,Arsenal F.C.,5,no,Wikipedia '2018–19 Premier League' league table,1376994818,C,matches research file part03b (see CHECKS.md)
2018-19,manchester_united,Manchester United F.C.,6,no,Wikipedia '2018–19 Premier League' league table,1376994818,C,matches research file part03b (see CHECKS.md)
2018-19,wolves,Wolverhampton Wanderers F.C.,7,no,Wikipedia '2018–19 Premier League' league table,1376994818,C,matches research file part03b (see CHECKS.md)
2018-19,everton,Everton F.C.,8,no,Wikipedia '2018–19 Premier League' league table,1376994818,C,matches research file part03b (see CHECKS.md)
2018-19,leicester_city,Leicester City F.C.,9,no,Wikipedia '2018–19 Premier League' league table,1376994818,C,matches research file part03b (see CHECKS.md)
2018-19,west_ham,West Ham United F.C.,10,no,Wikipedia '2018–19 Premier League' league table,1376994818,C,matches research file part03b (see CHECKS.md)
2018-19,watford,Watford F.C.,11,no,Wikipedia '2018–19 Premier League' league table,1376994818,C,matches research file part03b (see CHECKS.md)
2018-19,crystal_palace,Crystal Palace F.C.,12,no,Wikipedia '2018–19 Premier League' league table,1376994818,C,matches research file part03b (see CHECKS.md)
2018-19,newcastle_united,Newcastle United F.C.,13,no,Wikipedia '2018–19 Premier League' league table,1376994818,C,matches research file part03b (see CHECKS.md)
2018-19,bournemouth,AFC Bournemouth,14,no,Wikipedia '2018–19 Premier League' league table,1376994818,C,matches research file part03b (see CHECKS.md)
2018-19,burnley,Burnley F.C.,15,no,Wikipedia '2018–19 Premier League' league table,1376994818,C,matches research file part03b (see CHECKS.md)
2018-19,southampton,Southampton F.C.,16,no,Wikipedia '2018–19 Premier League' league table,1376994818,C,matches research file part03b (see CHECKS.md)
2018-19,brighton,Brighton & Hove Albion F.C.,17,no,Wikipedia '2018–19 Premier League' league table,1376994818,C,matches research file part03b (see CHECKS.md)
2018-19,cardiff_city,Cardiff City F.C.,18,yes,Wikipedia '2018–19 Premier League' league table,1376994818,C,matches research file part03b (see CHECKS.md)
2018-19,fulham,Fulham F.C.,19,yes,Wikipedia '2018–19 Premier League' league table,1376994818,C,matches research file part03b (see CHECKS.md)
2018-19,huddersfield_town,Huddersfield Town A.F.C.,20,yes,Wikipedia '2018–19 Premier League' league table,1376994818,C,matches research file part03b (see CHECKS.md)
2019-20,liverpool,Liverpool F.C.,1,no,Wikipedia '2019–20 Premier League' league table,1378847413,C,matches research file part03b (see CHECKS.md)
2019-20,manchester_city,Manchester City F.C.,2,no,Wikipedia '2019–20 Premier League' league table,1378847413,C,matches research file part03b (see CHECKS.md)
2019-20,manchester_united,Manchester United F.C.,3,no,Wikipedia '2019–20 Premier League' league table,1378847413,C,matches research file part03b (see CHECKS.md)
2019-20,chelsea,Chelsea F.C.,4,no,Wikipedia '2019–20 Premier League' league table,1378847413,C,matches research file part03b (see CHECKS.md)
2019-20,leicester_city,Leicester City F.C.,5,no,Wikipedia '2019–20 Premier League' league table,1378847413,C,matches research file part03b (see CHECKS.md)
2019-20,tottenham_hotspur,Tottenham Hotspur F.C.,6,no,Wikipedia '2019–20 Premier League' league table,1378847413,C,matches research file part03b (see CHECKS.md)
2019-20,wolves,Wolverhampton Wanderers F.C.,7,no,Wikipedia '2019–20 Premier League' league table,1378847413,C,matches research file part03b (see CHECKS.md)
2019-20,arsenal,Arsenal F.C.,8,no,Wikipedia '2019–20 Premier League' league table,1378847413,C,matches research file part03b (see CHECKS.md)
2019-20,sheffield_united,Sheffield United F.C.,9,no,Wikipedia '2019–20 Premier League' league table,1378847413,C,matches research file part03b (see CHECKS.md)
2019-20,burnley,Burnley F.C.,10,no,Wikipedia '2019–20 Premier League' league table,1378847413,C,matches research file part03b (see CHECKS.md)
2019-20,southampton,Southampton F.C.,11,no,Wikipedia '2019–20 Premier League' league table,1378847413,C,matches research file part03b (see CHECKS.md)
2019-20,everton,Everton F.C.,12,no,Wikipedia '2019–20 Premier League' league table,1378847413,C,matches research file part03b (see CHECKS.md)
2019-20,newcastle_united,Newcastle United F.C.,13,no,Wikipedia '2019–20 Premier League' league table,1378847413,C,matches research file part03b (see CHECKS.md)
2019-20,crystal_palace,Crystal Palace F.C.,14,no,Wikipedia '2019–20 Premier League' league table,1378847413,C,matches research file part03b (see CHECKS.md)
2019-20,brighton,Brighton & Hove Albion F.C.,15,no,Wikipedia '2019–20 Premier League' league table,1378847413,C,matches research file part03b (see CHECKS.md)
2019-20,west_ham,West Ham United F.C.,16,no,Wikipedia '2019–20 Premier League' league table,1378847413,C,matches research file part03b (see CHECKS.md)
2019-20,aston_villa,Aston Villa F.C.,17,no,Wikipedia '2019–20 Premier League' league table,1378847413,C,matches research file part03b (see CHECKS.md)
2019-20,bournemouth,AFC Bournemouth,18,yes,Wikipedia '2019–20 Premier League' league table,1378847413,C,matches research file part03b (see CHECKS.md)
2019-20,watford,Watford F.C.,19,yes,Wikipedia '2019–20 Premier League' league table,1378847413,C,matches research file part03b (see CHECKS.md)
2019-20,norwich_city,Norwich City F.C.,20,yes,Wikipedia '2019–20 Premier League' league table,1378847413,C,matches research file part03b (see CHECKS.md)
2020-21,manchester_city,Manchester City F.C.,1,no,Wikipedia '2020–21 Premier League' league table,1376692557,C,matches research file part03b (see CHECKS.md)
2020-21,manchester_united,Manchester United F.C.,2,no,Wikipedia '2020–21 Premier League' league table,1376692557,C,matches research file part03b (see CHECKS.md)
2020-21,liverpool,Liverpool F.C.,3,no,Wikipedia '2020–21 Premier League' league table,1376692557,C,matches research file part03b (see CHECKS.md)
2020-21,chelsea,Chelsea F.C.,4,no,Wikipedia '2020–21 Premier League' league table,1376692557,C,matches research file part03b (see CHECKS.md)
2020-21,leicester_city,Leicester City F.C.,5,no,Wikipedia '2020–21 Premier League' league table,1376692557,C,matches research file part03b (see CHECKS.md)
2020-21,west_ham,West Ham United F.C.,6,no,Wikipedia '2020–21 Premier League' league table,1376692557,C,matches research file part03b (see CHECKS.md)
2020-21,tottenham_hotspur,Tottenham Hotspur F.C.,7,no,Wikipedia '2020–21 Premier League' league table,1376692557,C,matches research file part03b (see CHECKS.md)
2020-21,arsenal,Arsenal F.C.,8,no,Wikipedia '2020–21 Premier League' league table,1376692557,C,matches research file part03b (see CHECKS.md)
2020-21,leeds_united,Leeds United F.C.,9,no,Wikipedia '2020–21 Premier League' league table,1376692557,C,matches research file part03b (see CHECKS.md)
2020-21,everton,Everton F.C.,10,no,Wikipedia '2020–21 Premier League' league table,1376692557,C,matches research file part03b (see CHECKS.md)
2020-21,aston_villa,Aston Villa F.C.,11,no,Wikipedia '2020–21 Premier League' league table,1376692557,C,matches research file part03b (see CHECKS.md)
2020-21,newcastle_united,Newcastle United F.C.,12,no,Wikipedia '2020–21 Premier League' league table,1376692557,C,matches research file part03b (see CHECKS.md)
2020-21,wolves,Wolverhampton Wanderers F.C.,13,no,Wikipedia '2020–21 Premier League' league table,1376692557,C,matches research file part03b (see CHECKS.md)
2020-21,crystal_palace,Crystal Palace F.C.,14,no,Wikipedia '2020–21 Premier League' league table,1376692557,C,matches research file part03b (see CHECKS.md)
2020-21,southampton,Southampton F.C.,15,no,Wikipedia '2020–21 Premier League' league table,1376692557,C,matches research file part03b (see CHECKS.md)
2020-21,brighton,Brighton & Hove Albion F.C.,16,no,Wikipedia '2020–21 Premier League' league table,1376692557,C,matches research file part03b (see CHECKS.md)
2020-21,burnley,Burnley F.C.,17,no,Wikipedia '2020–21 Premier League' league table,1376692557,C,matches research file part03b (see CHECKS.md)
2020-21,fulham,Fulham F.C.,18,yes,Wikipedia '2020–21 Premier League' league table,1376692557,C,matches research file part03b (see CHECKS.md)
2020-21,west_brom,West Bromwich Albion F.C.,19,yes,Wikipedia '2020–21 Premier League' league table,1376692557,C,matches research file part03b (see CHECKS.md)
2020-21,sheffield_united,Sheffield United F.C.,20,yes,Wikipedia '2020–21 Premier League' league table,1376692557,C,matches research file part03b (see CHECKS.md)
2021-22,manchester_city,Manchester City F.C.,1,no,Wikipedia '2021–22 Premier League' league table,1376972129,C,matches research file part03b (see CHECKS.md)
2021-22,liverpool,Liverpool F.C.,2,no,Wikipedia '2021–22 Premier League' league table,1376972129,C,matches research file part03b (see CHECKS.md)
2021-22,chelsea,Chelsea F.C.,3,no,Wikipedia '2021–22 Premier League' league table,1376972129,C,matches research file part03b (see CHECKS.md)
2021-22,tottenham_hotspur,Tottenham Hotspur F.C.,4,no,Wikipedia '2021–22 Premier League' league table,1376972129,C,matches research file part03b (see CHECKS.md)
2021-22,arsenal,Arsenal F.C.,5,no,Wikipedia '2021–22 Premier League' league table,1376972129,C,matches research file part03b (see CHECKS.md)
2021-22,manchester_united,Manchester United F.C.,6,no,Wikipedia '2021–22 Premier League' league table,1376972129,C,matches research file part03b (see CHECKS.md)
2021-22,west_ham,West Ham United F.C.,7,no,Wikipedia '2021–22 Premier League' league table,1376972129,C,matches research file part03b (see CHECKS.md)
2021-22,leicester_city,Leicester City F.C.,8,no,Wikipedia '2021–22 Premier League' league table,1376972129,C,matches research file part03b (see CHECKS.md)
2021-22,brighton,Brighton & Hove Albion F.C.,9,no,Wikipedia '2021–22 Premier League' league table,1376972129,C,matches research file part03b (see CHECKS.md)
2021-22,wolves,Wolverhampton Wanderers F.C.,10,no,Wikipedia '2021–22 Premier League' league table,1376972129,C,matches research file part03b (see CHECKS.md)
2021-22,newcastle_united,Newcastle United F.C.,11,no,Wikipedia '2021–22 Premier League' league table,1376972129,C,matches research file part03b (see CHECKS.md)
2021-22,crystal_palace,Crystal Palace F.C.,12,no,Wikipedia '2021–22 Premier League' league table,1376972129,C,matches research file part03b (see CHECKS.md)
2021-22,brentford,Brentford F.C.,13,no,Wikipedia '2021–22 Premier League' league table,1376972129,C,matches research file part03b (see CHECKS.md)
2021-22,aston_villa,Aston Villa F.C.,14,no,Wikipedia '2021–22 Premier League' league table,1376972129,C,matches research file part03b (see CHECKS.md)
2021-22,southampton,Southampton F.C.,15,no,Wikipedia '2021–22 Premier League' league table,1376972129,C,matches research file part03b (see CHECKS.md)
2021-22,everton,Everton F.C.,16,no,Wikipedia '2021–22 Premier League' league table,1376972129,C,matches research file part03b (see CHECKS.md)
2021-22,leeds_united,Leeds United F.C.,17,no,Wikipedia '2021–22 Premier League' league table,1376972129,C,matches research file part03b (see CHECKS.md)
2021-22,burnley,Burnley F.C.,18,yes,Wikipedia '2021–22 Premier League' league table,1376972129,C,matches research file part03b (see CHECKS.md)
2021-22,watford,Watford F.C.,19,yes,Wikipedia '2021–22 Premier League' league table,1376972129,C,matches research file part03b (see CHECKS.md)
2021-22,norwich_city,Norwich City F.C.,20,yes,Wikipedia '2021–22 Premier League' league table,1376972129,C,matches research file part03b (see CHECKS.md)
2022-23,manchester_city,Manchester City F.C.,1,no,Wikipedia '2022–23 Premier League' league table,1376677138,C,matches research file part03b (see CHECKS.md)
2022-23,arsenal,Arsenal F.C.,2,no,Wikipedia '2022–23 Premier League' league table,1376677138,C,matches research file part03b (see CHECKS.md)
2022-23,manchester_united,Manchester United F.C.,3,no,Wikipedia '2022–23 Premier League' league table,1376677138,C,matches research file part03b (see CHECKS.md)
2022-23,newcastle_united,Newcastle United F.C.,4,no,Wikipedia '2022–23 Premier League' league table,1376677138,C,matches research file part03b (see CHECKS.md)
2022-23,liverpool,Liverpool F.C.,5,no,Wikipedia '2022–23 Premier League' league table,1376677138,C,matches research file part03b (see CHECKS.md)
2022-23,brighton,Brighton & Hove Albion F.C.,6,no,Wikipedia '2022–23 Premier League' league table,1376677138,C,matches research file part03b (see CHECKS.md)
2022-23,aston_villa,Aston Villa F.C.,7,no,Wikipedia '2022–23 Premier League' league table,1376677138,C,matches research file part03b (see CHECKS.md)
2022-23,tottenham_hotspur,Tottenham Hotspur F.C.,8,no,Wikipedia '2022–23 Premier League' league table,1376677138,C,matches research file part03b (see CHECKS.md)
2022-23,brentford,Brentford F.C.,9,no,Wikipedia '2022–23 Premier League' league table,1376677138,C,matches research file part03b (see CHECKS.md)
2022-23,fulham,Fulham F.C.,10,no,Wikipedia '2022–23 Premier League' league table,1376677138,C,matches research file part03b (see CHECKS.md)
2022-23,crystal_palace,Crystal Palace F.C.,11,no,Wikipedia '2022–23 Premier League' league table,1376677138,C,matches research file part03b (see CHECKS.md)
2022-23,chelsea,Chelsea F.C.,12,no,Wikipedia '2022–23 Premier League' league table,1376677138,C,matches research file part03b (see CHECKS.md)
2022-23,wolves,Wolverhampton Wanderers F.C.,13,no,Wikipedia '2022–23 Premier League' league table,1376677138,C,matches research file part03b (see CHECKS.md)
2022-23,west_ham,West Ham United F.C.,14,no,Wikipedia '2022–23 Premier League' league table,1376677138,C,matches research file part03b (see CHECKS.md)
2022-23,bournemouth,AFC Bournemouth,15,no,Wikipedia '2022–23 Premier League' league table,1376677138,C,matches research file part03b (see CHECKS.md)
2022-23,nottingham_forest,Nottingham Forest F.C.,16,no,Wikipedia '2022–23 Premier League' league table,1376677138,C,matches research file part03b (see CHECKS.md)
2022-23,everton,Everton F.C.,17,no,Wikipedia '2022–23 Premier League' league table,1376677138,C,matches research file part03b (see CHECKS.md)
2022-23,leicester_city,Leicester City F.C.,18,yes,Wikipedia '2022–23 Premier League' league table,1376677138,C,matches research file part03b (see CHECKS.md)
2022-23,leeds_united,Leeds United F.C.,19,yes,Wikipedia '2022–23 Premier League' league table,1376677138,C,matches research file part03b (see CHECKS.md)
2022-23,southampton,Southampton F.C.,20,yes,Wikipedia '2022–23 Premier League' league table,1376677138,C,matches research file part03b (see CHECKS.md)
2023-24,manchester_city,Manchester City F.C.,1,no,Wikipedia '2023–24 Premier League' league table,1377546063,C,matches research file part03b (see CHECKS.md)
2023-24,arsenal,Arsenal F.C.,2,no,Wikipedia '2023–24 Premier League' league table,1377546063,C,matches research file part03b (see CHECKS.md)
2023-24,liverpool,Liverpool F.C.,3,no,Wikipedia '2023–24 Premier League' league table,1377546063,C,matches research file part03b (see CHECKS.md)
2023-24,aston_villa,Aston Villa F.C.,4,no,Wikipedia '2023–24 Premier League' league table,1377546063,C,matches research file part03b (see CHECKS.md)
2023-24,tottenham_hotspur,Tottenham Hotspur F.C.,5,no,Wikipedia '2023–24 Premier League' league table,1377546063,C,matches research file part03b (see CHECKS.md)
2023-24,chelsea,Chelsea F.C.,6,no,Wikipedia '2023–24 Premier League' league table,1377546063,C,matches research file part03b (see CHECKS.md)
2023-24,newcastle_united,Newcastle United F.C.,7,no,Wikipedia '2023–24 Premier League' league table,1377546063,C,matches research file part03b (see CHECKS.md)
2023-24,manchester_united,Manchester United F.C.,8,no,Wikipedia '2023–24 Premier League' league table,1377546063,C,matches research file part03b (see CHECKS.md)
2023-24,west_ham,West Ham United F.C.,9,no,Wikipedia '2023–24 Premier League' league table,1377546063,C,matches research file part03b (see CHECKS.md)
2023-24,crystal_palace,Crystal Palace F.C.,10,no,Wikipedia '2023–24 Premier League' league table,1377546063,C,matches research file part03b (see CHECKS.md)
2023-24,brighton,Brighton & Hove Albion F.C.,11,no,Wikipedia '2023–24 Premier League' league table,1377546063,C,matches research file part03b (see CHECKS.md)
2023-24,bournemouth,AFC Bournemouth,12,no,Wikipedia '2023–24 Premier League' league table,1377546063,C,matches research file part03b (see CHECKS.md)
2023-24,fulham,Fulham F.C.,13,no,Wikipedia '2023–24 Premier League' league table,1377546063,C,matches research file part03b (see CHECKS.md)
2023-24,wolves,Wolverhampton Wanderers F.C.,14,no,Wikipedia '2023–24 Premier League' league table,1377546063,C,matches research file part03b (see CHECKS.md)
2023-24,everton,Everton F.C.,15,no,Wikipedia '2023–24 Premier League' league table,1377546063,C,matches research file part03b (see CHECKS.md)
2023-24,brentford,Brentford F.C.,16,no,Wikipedia '2023–24 Premier League' league table,1377546063,C,matches research file part03b (see CHECKS.md)
2023-24,nottingham_forest,Nottingham Forest F.C.,17,no,Wikipedia '2023–24 Premier League' league table,1377546063,C,matches research file part03b (see CHECKS.md)
2023-24,luton_town,Luton Town F.C.,18,yes,Wikipedia '2023–24 Premier League' league table,1377546063,C,matches research file part03b (see CHECKS.md)
2023-24,burnley,Burnley F.C.,19,yes,Wikipedia '2023–24 Premier League' league table,1377546063,C,matches research file part03b (see CHECKS.md)
2023-24,sheffield_united,Sheffield United F.C.,20,yes,Wikipedia '2023–24 Premier League' league table,1377546063,C,matches research file part03b (see CHECKS.md)
2024-25,liverpool,Liverpool F.C.,1,no,Wikipedia '2024–25 Premier League' league table,1372807257,C,matches research file part03b (see CHECKS.md)
2024-25,arsenal,Arsenal F.C.,2,no,Wikipedia '2024–25 Premier League' league table,1372807257,C,matches research file part03b (see CHECKS.md)
2024-25,manchester_city,Manchester City F.C.,3,no,Wikipedia '2024–25 Premier League' league table,1372807257,C,matches research file part03b (see CHECKS.md)
2024-25,chelsea,Chelsea F.C.,4,no,Wikipedia '2024–25 Premier League' league table,1372807257,C,matches research file part03b (see CHECKS.md)
2024-25,newcastle_united,Newcastle United F.C.,5,no,Wikipedia '2024–25 Premier League' league table,1372807257,C,matches research file part03b (see CHECKS.md)
2024-25,aston_villa,Aston Villa F.C.,6,no,Wikipedia '2024–25 Premier League' league table,1372807257,C,matches research file part03b (see CHECKS.md)
2024-25,nottingham_forest,Nottingham Forest F.C.,7,no,Wikipedia '2024–25 Premier League' league table,1372807257,C,matches research file part03b (see CHECKS.md)
2024-25,brighton,Brighton & Hove Albion F.C.,8,no,Wikipedia '2024–25 Premier League' league table,1372807257,C,matches research file part03b (see CHECKS.md)
2024-25,bournemouth,AFC Bournemouth,9,no,Wikipedia '2024–25 Premier League' league table,1372807257,C,matches research file part03b (see CHECKS.md)
2024-25,brentford,Brentford F.C.,10,no,Wikipedia '2024–25 Premier League' league table,1372807257,C,matches research file part03b (see CHECKS.md)
2024-25,fulham,Fulham F.C.,11,no,Wikipedia '2024–25 Premier League' league table,1372807257,C,matches research file part03b (see CHECKS.md)
2024-25,crystal_palace,Crystal Palace F.C.,12,no,Wikipedia '2024–25 Premier League' league table,1372807257,C,matches research file part03b (see CHECKS.md)
2024-25,everton,Everton F.C.,13,no,Wikipedia '2024–25 Premier League' league table,1372807257,C,matches research file part03b (see CHECKS.md)
2024-25,west_ham,West Ham United F.C.,14,no,Wikipedia '2024–25 Premier League' league table,1372807257,C,matches research file part03b (see CHECKS.md)
2024-25,manchester_united,Manchester United F.C.,15,no,Wikipedia '2024–25 Premier League' league table,1372807257,C,matches research file part03b (see CHECKS.md)
2024-25,wolves,Wolverhampton Wanderers F.C.,16,no,Wikipedia '2024–25 Premier League' league table,1372807257,C,matches research file part03b (see CHECKS.md)
2024-25,tottenham_hotspur,Tottenham Hotspur F.C.,17,no,Wikipedia '2024–25 Premier League' league table,1372807257,C,matches research file part03b (see CHECKS.md)
2024-25,leicester_city,Leicester City F.C.,18,yes,Wikipedia '2024–25 Premier League' league table,1372807257,C,matches research file part03b (see CHECKS.md)
2024-25,ipswich_town,Ipswich Town F.C.,19,yes,Wikipedia '2024–25 Premier League' league table,1372807257,C,matches research file part03b (see CHECKS.md)
2024-25,southampton,Southampton F.C.,20,yes,Wikipedia '2024–25 Premier League' league table,1372807257,C,matches research file part03b (see CHECKS.md)
2025-26,arsenal,Arsenal F.C.,1,no,Wikipedia '2025–26 Premier League' league table,1377997846,C,matches research file part03b (see CHECKS.md)
2025-26,manchester_city,Manchester City F.C.,2,no,Wikipedia '2025–26 Premier League' league table,1377997846,C,matches research file part03b (see CHECKS.md)
2025-26,manchester_united,Manchester United F.C.,3,no,Wikipedia '2025–26 Premier League' league table,1377997846,C,matches research file part03b (see CHECKS.md)
2025-26,aston_villa,Aston Villa F.C.,4,no,Wikipedia '2025–26 Premier League' league table,1377997846,C,matches research file part03b (see CHECKS.md)
2025-26,liverpool,Liverpool F.C.,5,no,Wikipedia '2025–26 Premier League' league table,1377997846,C,matches research file part03b (see CHECKS.md)
2025-26,bournemouth,AFC Bournemouth,6,no,Wikipedia '2025–26 Premier League' league table,1377997846,C,matches research file part03b (see CHECKS.md)
2025-26,sunderland,Sunderland A.F.C.,7,no,Wikipedia '2025–26 Premier League' league table,1377997846,C,matches research file part03b (see CHECKS.md)
2025-26,brighton,Brighton & Hove Albion F.C.,8,no,Wikipedia '2025–26 Premier League' league table,1377997846,C,matches research file part03b (see CHECKS.md)
2025-26,brentford,Brentford F.C.,9,no,Wikipedia '2025–26 Premier League' league table,1377997846,C,matches research file part03b (see CHECKS.md)
2025-26,chelsea,Chelsea F.C.,10,no,Wikipedia '2025–26 Premier League' league table,1377997846,C,matches research file part03b (see CHECKS.md)
2025-26,fulham,Fulham F.C.,11,no,Wikipedia '2025–26 Premier League' league table,1377997846,C,matches research file part03b (see CHECKS.md)
2025-26,newcastle_united,Newcastle United F.C.,12,no,Wikipedia '2025–26 Premier League' league table,1377997846,C,matches research file part03b (see CHECKS.md)
2025-26,everton,Everton F.C.,13,no,Wikipedia '2025–26 Premier League' league table,1377997846,C,matches research file part03b (see CHECKS.md)
2025-26,leeds_united,Leeds United F.C.,14,no,Wikipedia '2025–26 Premier League' league table,1377997846,C,matches research file part03b (see CHECKS.md)
2025-26,crystal_palace,Crystal Palace F.C.,15,no,Wikipedia '2025–26 Premier League' league table,1377997846,C,matches research file part03b (see CHECKS.md)
2025-26,nottingham_forest,Nottingham Forest F.C.,16,no,Wikipedia '2025–26 Premier League' league table,1377997846,C,matches research file part03b (see CHECKS.md)
2025-26,tottenham_hotspur,Tottenham Hotspur F.C.,17,no,Wikipedia '2025–26 Premier League' league table,1377997846,C,matches research file part03b (see CHECKS.md)
2025-26,west_ham,West Ham United F.C.,18,yes,Wikipedia '2025–26 Premier League' league table,1377997846,C,matches research file part03b (see CHECKS.md)
2025-26,burnley,Burnley F.C.,19,yes,Wikipedia '2025–26 Premier League' league table,1377997846,C,matches research file part03b (see CHECKS.md)
2025-26,wolves,Wolverhampton Wanderers F.C.,20,yes,Wikipedia '2025–26 Premier League' league table,1377997846,C,matches research file part03b (see CHECKS.md)
2026-27,arsenal,Arsenal F.C.,,,Wikipedia '2026–27 Premier League' league table,1378614663,C,matches research file part03b (see CHECKS.md)
2026-27,aston_villa,Aston Villa F.C.,,,Wikipedia '2026–27 Premier League' league table,1378614663,C,matches research file part03b (see CHECKS.md)
2026-27,bournemouth,AFC Bournemouth,,,Wikipedia '2026–27 Premier League' league table,1378614663,C,matches research file part03b (see CHECKS.md)
2026-27,brentford,Brentford F.C.,,,Wikipedia '2026–27 Premier League' league table,1378614663,C,matches research file part03b (see CHECKS.md)
2026-27,brighton,Brighton & Hove Albion F.C.,,,Wikipedia '2026–27 Premier League' league table,1378614663,C,matches research file part03b (see CHECKS.md)
2026-27,chelsea,Chelsea F.C.,,,Wikipedia '2026–27 Premier League' league table,1378614663,C,matches research file part03b (see CHECKS.md)
2026-27,coventry_city,Coventry City F.C.,,,Wikipedia '2026–27 Premier League' league table,1378614663,C,matches research file part03b (see CHECKS.md)
2026-27,crystal_palace,Crystal Palace F.C.,,,Wikipedia '2026–27 Premier League' league table,1378614663,C,matches research file part03b (see CHECKS.md)
2026-27,everton,Everton F.C.,,,Wikipedia '2026–27 Premier League' league table,1378614663,C,matches research file part03b (see CHECKS.md)
2026-27,fulham,Fulham F.C.,,,Wikipedia '2026–27 Premier League' league table,1378614663,C,matches research file part03b (see CHECKS.md)
2026-27,hull_city,Hull City A.F.C.,,,Wikipedia '2026–27 Premier League' league table,1378614663,C,matches research file part03b (see CHECKS.md)
2026-27,ipswich_town,Ipswich Town F.C.,,,Wikipedia '2026–27 Premier League' league table,1378614663,C,matches research file part03b (see CHECKS.md)
2026-27,leeds_united,Leeds United F.C.,,,Wikipedia '2026–27 Premier League' league table,1378614663,C,matches research file part03b (see CHECKS.md)
2026-27,liverpool,Liverpool F.C.,,,Wikipedia '2026–27 Premier League' league table,1378614663,C,matches research file part03b (see CHECKS.md)
2026-27,manchester_city,Manchester City F.C.,,,Wikipedia '2026–27 Premier League' league table,1378614663,C,matches research file part03b (see CHECKS.md)
2026-27,manchester_united,Manchester United F.C.,,,Wikipedia '2026–27 Premier League' league table,1378614663,C,matches research file part03b (see CHECKS.md)
2026-27,newcastle_united,Newcastle United F.C.,,,Wikipedia '2026–27 Premier League' league table,1378614663,C,matches research file part03b (see CHECKS.md)
2026-27,nottingham_forest,Nottingham Forest F.C.,,,Wikipedia '2026–27 Premier League' league table,1378614663,C,matches research file part03b (see CHECKS.md)
2026-27,sunderland,Sunderland A.F.C.,,,Wikipedia '2026–27 Premier League' league table,1378614663,C,matches research file part03b (see CHECKS.md)
2026-27,tottenham_hotspur,Tottenham Hotspur F.C.,,,Wikipedia '2026–27 Premier League' league table,1378614663,C,matches research file part03b (see CHECKS.md)
